"","TRACE",1,2,3,4,5,6,7,8,9,10,11,12,13,14,15,16,17,18,19,20,21,22,23,24,25,26,27,28,29,30,31,32,33,34,35,36,37,38,39,40,41,42,43,44,45,46,47,48,49,50,51,52,53,54,55,56,57,58,59,60,61,62,63,64,65,66,67,68,69,70,71,72,73,74,75,76,77,78,79,80,81,82,83,84,85,86,87,88,89,90,91,92,93,94,95,96,97,98,99,100,101,102,103,104,105,106,107,108,109,110,111,112,113,114,115,116,117,118,119,120,121,122,123,124,125,126,127,128,129,130,131,132,133,134,135,136,137,138,139,140,141,142,143,144,145,146,147,148,149,150,151,152,153,154,155,156,157,158,159,160,161,162,163,164,165,166,167,168,169,170,171,172,173,174,175,176,177,178,179,180,181,182,183,184,185,186,187,188,189,190,191,192,193,194,195,196,197,198,199,200,201,202,203,204,205,206,207,208,209,210,211,212,213,214,215,216,217,218,219,220,221,222,223,224,225,226,227,228,229,230,231,232,233,234,235,236,237,238,239,240,241,242,243,244,245,246,247,248,249,250,251,252,253,254,255,256,257,258,259,260,261,262,263,264,265,266,267,268,269,270,271,272,273,274,275,276,277,278,279,280,281,282,283,284,285,286,287,288,289,290,291,292,293,294,295,296,297,298,299,300,301,302,303,304,305,306,307,308,309,310,311,312,313,314,315,316,317,318,319
"","Position (m)",0,0.02000000000000000042,0.04000000000000000083,0.05999999999999999778,0.08000000000000000167,0.1000000000000000056,0.1200000000000000094,0.1400000000000000133,0.1600000000000000033,0.1799999999999999933,0.1999999999999999833,0.2199999999999999734,0.2399999999999999634,0.2599999999999999534,0.2799999999999999711,0.2999999999999999889,0.3200000000000000067,0.3400000000000000244,0.3600000000000000422,0.38000000000000006,0.4000000000000000777,0.4200000000000000955,0.4400000000000001132,0.460000000000000131,0.4800000000000001488,0.500000000000000111,0.5200000000000001288,0.5400000000000001465,0.5600000000000001643,0.5800000000000001821,0.6000000000000001998,0.6200000000000002176,0.6400000000000002354,0.6600000000000002531,0.6800000000000002709,0.7000000000000002887,0.7200000000000003064,0.7400000000000003242,0.7600000000000003419,0.7800000000000003597,0.8000000000000003775,0.8200000000000003952,0.840000000000000413,0.8600000000000004308,0.8800000000000004485,0.9000000000000004663,0.9200000000000004841,0.9400000000000005018,0.9600000000000005196,0.9800000000000005373,1.000000000000000444,1.020000000000000462,1.04000000000000048,1.060000000000000497,1.080000000000000515,1.100000000000000533,1.120000000000000551,1.140000000000000568,1.160000000000000586,1.180000000000000604,1.200000000000000622,1.220000000000000639,1.240000000000000657,1.260000000000000675,1.280000000000000693,1.300000000000000711,1.320000000000000728,1.340000000000000746,1.360000000000000764,1.380000000000000782,1.400000000000000799,1.420000000000000817,1.440000000000000835,1.460000000000000853,1.48000000000000087,1.500000000000000888,1.520000000000000906,1.540000000000000924,1.560000000000000941,1.580000000000000959,1.600000000000000977,1.620000000000000995,1.640000000000001013,1.66000000000000103,1.680000000000001048,1.700000000000001066,1.720000000000001084,1.740000000000001101,1.760000000000001119,1.780000000000001137,1.800000000000001155,1.820000000000001172,1.84000000000000119,1.860000000000001208,1.880000000000001226,1.900000000000001243,1.920000000000001261,1.940000000000001279,1.960000000000001297,1.980000000000001315,2.000000000000001332,2.02000000000000135,2.040000000000001368,2.060000000000001386,2.080000000000001403,2.100000000000001421,2.120000000000001439,2.140000000000001457,2.160000000000001474,2.180000000000001492,2.20000000000000151,2.220000000000001528,2.240000000000001545,2.260000000000001563,2.280000000000001581,2.300000000000001599,2.320000000000001616,2.340000000000001634,2.360000000000001652,2.38000000000000167,2.400000000000001688,2.420000000000001705,2.440000000000001723,2.460000000000001741,2.480000000000001759,2.500000000000001776,2.520000000000001794,2.540000000000001812,2.56000000000000183,2.580000000000001847,2.600000000000001865,2.620000000000001883,2.640000000000001901,2.660000000000001918,2.680000000000001936,2.700000000000001954,2.720000000000001972,2.74000000000000199,2.760000000000002007,2.780000000000002025,2.800000000000002043,2.820000000000002061,2.840000000000002078,2.860000000000002096,2.880000000000002114,2.900000000000002132,2.920000000000002149,2.940000000000002167,2.960000000000002185,2.980000000000002203,3.00000000000000222,3.020000000000002238,3.040000000000002256,3.060000000000002274,3.080000000000002292,3.100000000000002309,3.120000000000002327,3.140000000000002345,3.160000000000002363,3.18000000000000238,3.200000000000002398,3.220000000000002416,3.240000000000002434,3.260000000000002451,3.280000000000002469,3.300000000000002487,3.320000000000002505,3.340000000000002522,3.36000000000000254,3.380000000000002558,3.400000000000002576,3.420000000000002593,3.440000000000002611,3.460000000000002629,3.480000000000002647,3.500000000000002665,3.520000000000002682,3.5400000000000027,3.560000000000002718,3.580000000000002736,3.600000000000002753,3.620000000000002771,3.640000000000002789,3.660000000000002807,3.680000000000002824,3.700000000000002842,3.72000000000000286,3.740000000000002878,3.760000000000002895,3.780000000000002913,3.800000000000002931,3.820000000000002949,3.840000000000002967,3.860000000000002984,3.880000000000003002,3.90000000000000302,3.920000000000003038,3.940000000000003055,3.960000000000003073,3.980000000000003091,4.000000000000002665,4.020000000000002238,4.040000000000001812,4.060000000000001386,4.080000000000000959,4.100000000000000533,4.120000000000000107,4.13999999999999968,4.159999999999999254,4.179999999999998828,4.199999999999998401,4.219999999999997975,4.239999999999997549,4.259999999999997122,4.279999999999996696,4.29999999999999627,4.319999999999995843,4.339999999999995417,4.359999999999994991,4.379999999999994564,4.399999999999994138,4.419999999999993712,4.439999999999993285,4.459999999999992859,4.479999999999992433,4.499999999999992006,4.51999999999999158,4.539999999999991154,4.559999999999990727,4.579999999999990301,4.599999999999989875,4.619999999999989448,4.639999999999989022,4.659999999999988596,4.679999999999988169,4.699999999999987743,4.719999999999987317,4.73999999999998689,4.759999999999986464,4.779999999999986038,4.799999999999985612,4.819999999999985185,4.839999999999984759,4.859999999999984333,4.879999999999983906,4.89999999999998348,4.919999999999983054,4.939999999999982627,4.959999999999982201,4.979999999999981775,4.999999999999981348,5.019999999999980922,5.039999999999980496,5.059999999999980069,5.079999999999979643,5.099999999999979217,5.11999999999997879,5.139999999999978364,5.159999999999977938,5.179999999999977511,5.199999999999977085,5.219999999999976659,5.239999999999976232,5.259999999999975806,5.27999999999997538,5.299999999999974953,5.319999999999974527,5.339999999999974101,5.359999999999973674,5.379999999999973248,5.399999999999972822,5.419999999999972395,5.439999999999971969,5.459999999999971543,5.479999999999971116,5.49999999999997069,5.519999999999970264,5.539999999999969837,5.559999999999969411,5.579999999999968985,5.599999999999968558,5.619999999999968132,5.639999999999967706,5.65999999999996728,5.679999999999966853,5.699999999999966427,5.719999999999966001,5.739999999999965574,5.759999999999965148,5.779999999999964722,5.799999999999964295,5.819999999999963869,5.839999999999963443,5.859999999999963016,5.87999999999996259,5.899999999999962164,5.919999999999961737,5.939999999999961311,5.959999999999960885,5.979999999999960458,5.999999999999960032,6.019999999999959606,6.039999999999959179,6.059999999999958753,6.079999999999958327,6.0999999999999579,6.119999999999957474,6.139999999999957048,6.159999999999956621,6.179999999999956195,6.199999999999955769,6.219999999999955342,6.239999999999954916,6.25999999999995449,6.279999999999954063,6.299999999999953637,6.319999999999953211,6.339999999999952784,6.359999999999952358
"Point","Time (ns)"
1,-4.868000000000000327,18,1,15,15,47,10,24,-1,20,20,13,20,20,-1,24,24,18,11,11,6,6,40,40,29,14,14,8,8,-1,-1,25,25,-3,-3,22,22,3,3,42,22,22,18,18,15,15,8,8,15,15,25,25,10,10,7,7,9,9,11,5,51,15,15,26,26,8,8,13,13,20,20,9,9,17,5,9,21,-5,15,23,23,6,8,15,-5,29,-3,20,15,15,1,1,8,8,9,9,-1,-1,17,17,3,3,-19,-19,20,20,-14,-14,-9,-9,-14,-14,-9,-9,33,33,20,20,-5,-5,40,40,1,1,14,12,12,6,6,7,7,21,21,42,42,-9,-9,9,9,32,32,40,40,22,22,15,15,18,18,39,39,-2,-2,23,23,11,11,44,44,18,18,6,6,11,11,19,19,4,4,1,1,35,35,15,-11,-11,33,33,0,0,8,8,13,13,46,46,17,17,47,47,19,19,-24,-24,-24,20,20,20,18,18,15,15,-2,-2,12,12,14,14,20,20,9,9,0,0,20,20,18,18,13,13,2,2,-3,-3,20,20,35,35,-12,-12,10,10,7,7,5,5,-5,-5,13,13,19,19,19,12,12,21,21,-14,-14,23,23,49,49,-2,-2,51,51,51,3,3,-11,-11,26,26,3,3,12,12,8,8,26,26,26,26,13,13,9,9,12,12,48,48,17,17,32,32,17,17,8,8,42,42,2,2,7,7,32,32,13,13,-6,15,15,22,22,38,38,6,6,6,6,6,6,11,11,23,23,16,16,10
2,-4.668000000000000149,8,15,31,31,-3,2,15,10,23,23,11,11,11,12,31,31,20,10,10,20,20,14,14,17,-3,-3,36,36,7,7,17,17,14,14,33,33,24,24,13,34,34,26,26,5,5,20,20,11,11,4,4,5,5,7,7,18,18,12,20,23,3,3,12,12,15,15,17,17,20,20,27,27,1,28,7,26,21,9,0,0,-4,-8,14,0,36,37,22,19,19,4,4,26,26,1,1,2,2,26,26,25,25,22,22,5,5,60,60,5,5,4,4,27,27,7,7,-6,-6,13,13,11,11,26,26,23,36,36,20,20,17,17,7,7,35,35,21,21,14,14,24,24,5,5,-12,-12,13,13,30,30,21,21,43,43,10,10,9,9,17,17,40,40,11,11,5,5,26,26,35,35,32,32,12,12,11,17,17,17,17,15,15,-1,-1,18,18,33,33,35,35,11,11,22,22,53,53,53,20,20,20,1,1,16,16,6,6,12,12,23,23,-2,-2,13,13,-2,-2,-13,-13,25,25,28,28,1,1,6,6,23,23,26,26,20,20,31,31,50,50,10,10,16,16,31,31,15,15,15,17,17,17,17,19,19,5,5,14,14,3,3,-4,-4,-4,1,1,-8,-8,13,13,38,38,11,11,26,26,15,15,22,22,16,16,13,13,-5,-5,15,15,-10,-10,5,5,-6,-6,14,14,9,9,26,26,10,10,26,26,29,29,16,8,8,-4,-4,35,35,4,4,42,42,8,8,0,0,37,37,-15,-15,21
3,-4.467999999999999972,34,-1,28,28,26,24,14,21,22,22,23,4,4,24,4,4,19,22,22,21,21,-3,-3,27,8,8,14,14,-11,-11,7,7,14,14,11,11,30,30,9,21,21,8,8,18,18,8,8,10,10,7,7,5,5,9,9,14,14,20,39,37,4,4,28,28,16,16,4,4,0,0,-5,-5,6,26,30,11,26,10,35,35,37,39,2,9,19,2,-2,17,17,22,22,-11,-11,23,23,18,18,30,30,14,14,48,48,29,29,54,54,13,13,30,30,1,1,18,18,35,35,11,11,0,0,24,24,32,19,19,12,12,2,2,8,8,30,30,26,26,38,38,16,16,0,0,4,4,24,24,9,9,26,26,15,15,8,8,-16,-16,47,47,1,1,24,24,18,18,13,13,23,23,6,6,10,10,27,24,24,-6,-6,28,28,31,31,-9,-9,18,18,8,8,9,9,23,23,24,24,24,48,48,48,24,24,-1,-1,26,26,24,24,15,15,14,14,14,14,2,2,23,23,18,18,17,17,-5,-5,23,23,16,16,38,38,40,40,44,44,41,41,46,46,23,23,-2,-2,21,21,21,-18,-18,28,28,55,55,3,3,34,34,-2,-2,-1,-1,-1,24,24,40,40,36,36,-11,-11,26,26,33,33,15,15,12,12,14,14,21,21,35,35,31,31,-6,-6,34,34,53,53,-12,-12,10,10,35,35,21,21,31,31,14,14,32,13,13,26,26,14,14,33,33,21,21,41,41,26,26,33,33,11,11,28
4,-4.267999999999999794,25,28,34,34,14,11,30,31,24,24,35,44,44,43,8,8,26,51,51,23,23,47,47,33,41,41,27,27,23,23,34,34,21,21,-9,-9,31,31,30,2,2,42,42,58,58,33,33,34,34,2,2,35,35,13,13,10,10,37,37,33,30,30,35,35,30,30,8,8,5,5,13,13,31,21,20,-5,34,22,22,22,45,34,39,9,21,30,5,10,10,-2,-2,34,34,39,39,31,31,0,0,22,22,-8,-8,44,44,40,40,54,54,38,38,7,7,14,14,3,3,39,39,23,23,47,47,4,9,9,3,3,38,38,27,27,40,40,27,27,13,13,9,9,37,37,40,40,21,21,36,36,29,29,41,41,30,30,5,5,15,15,15,15,11,11,20,20,19,19,33,33,41,41,16,16,-9,33,33,35,35,13,13,24,24,18,18,28,28,11,11,24,24,27,27,20,20,20,32,32,32,29,29,50,50,26,26,51,51,16,16,13,13,15,15,50,50,66,66,12,12,10,10,48,48,0,0,-12,-12,34,34,29,29,22,22,20,20,25,25,32,32,39,39,23,23,23,8,8,34,34,6,6,45,45,19,19,6,6,28,28,28,8,8,38,38,21,21,19,19,23,23,9,9,28,28,26,26,21,21,15,15,20,20,37,37,14,14,15,15,14,14,17,17,57,57,37,37,15,15,41,41,28,28,27,20,20,28,28,29,29,21,21,43,43,5,5,34,34,23,23,26,26,21
5,-4.068000000000000504,34,45,36,36,31,52,28,60,33,33,33,48,48,44,53,53,42,74,74,47,47,70,70,43,62,62,40,40,60,60,39,39,32,32,43,43,41,41,35,44,44,36,36,25,25,40,40,39,39,28,28,34,34,47,47,59,59,19,21,23,40,40,22,22,44,44,55,55,56,56,39,39,45,14,4,51,-3,38,48,48,54,29,41,57,39,29,41,34,34,21,21,22,22,35,35,19,19,33,33,32,32,15,15,10,10,40,40,39,39,41,41,27,27,36,36,44,44,25,25,17,17,56,56,31,27,27,55,55,17,17,13,13,44,44,51,51,27,27,35,35,42,42,34,34,23,23,73,73,32,32,23,23,36,36,11,11,47,47,15,15,51,51,12,12,47,47,55,55,44,44,10,10,4,40,40,38,38,26,26,53,53,57,57,17,17,15,15,21,21,17,17,42,42,42,47,47,47,35,35,30,30,37,37,49,49,48,48,27,27,37,37,36,36,36,36,48,48,36,36,62,62,21,21,52,52,22,22,52,52,24,24,28,28,22,22,57,57,34,34,46,46,46,43,43,44,44,62,62,46,46,41,41,63,63,32,32,32,50,50,19,19,38,38,44,44,34,34,37,37,38,38,56,56,31,31,60,60,49,49,50,50,47,47,45,45,37,37,39,39,22,22,40,40,26,26,44,44,22,22,50,44,44,55,55,38,38,9,9,46,46,36,36,48,48,40,40,40,40,63
6,-3.868000000000000327,46,48,67,67,80,64,78,92,71,71,78,74,74,25,40,40,77,81,81,69,69,65,65,66,43,43,60,60,38,38,34,34,40,40,46,46,57,57,45,45,45,41,41,58,58,58,58,53,53,80,80,91,91,70,70,56,56,76,43,35,55,55,72,72,72,72,62,62,88,88,67,67,69,55,58,52,67,67,69,69,56,71,75,46,62,33,89,45,45,67,67,77,77,53,53,52,52,33,33,62,62,80,80,99,99,48,48,58,58,28,28,22,22,52,52,55,55,62,62,59,59,76,76,63,64,64,73,73,43,43,63,63,43,43,70,70,84,84,61,61,47,47,67,67,31,31,48,48,75,75,61,61,60,60,67,67,50,50,57,57,58,58,57,57,84,84,58,58,61,61,42,42,73,41,41,67,67,61,61,75,75,72,72,96,96,59,59,52,52,49,49,34,34,34,64,64,64,69,69,72,72,60,60,68,68,65,65,73,73,83,83,99,99,53,53,76,76,50,50,81,81,68,68,90,90,58,58,79,79,65,65,71,71,64,64,66,66,58,58,81,81,81,71,71,88,88,76,76,87,87,55,55,66,66,62,62,62,56,56,50,50,56,56,53,53,71,71,65,65,80,80,71,71,55,55,55,55,64,64,80,80,85,85,81,81,78,78,71,71,56,56,42,42,61,61,75,75,73,73,65,76,76,94,94,72,72,51,51,52,52,81,81,57,57,74,74,59,59,57
7,-3.668000000000000149,60,83,108,108,99,77,91,93,101,101,122,81,81,90,98,98,112,125,125,104,104,85,85,90,83,83,60,60,61,61,61,61,65,65,45,45,92,92,72,83,83,74,74,109,109,92,92,84,84,91,91,91,91,100,100,108,108,93,67,84,90,90,100,100,95,95,93,93,101,101,89,89,102,83,80,81,84,108,95,95,117,90,107,81,83,74,55,96,96,49,49,73,73,72,72,92,92,65,65,88,88,85,85,104,104,97,97,77,77,86,86,40,40,48,48,80,80,93,93,76,76,104,104,89,86,86,86,86,56,56,58,58,58,58,94,94,118,118,53,53,98,98,93,93,79,79,76,76,92,92,86,86,90,90,99,99,108,108,73,73,89,89,39,39,69,69,82,82,95,95,68,68,83,99,99,71,71,109,109,93,93,84,84,75,75,62,62,78,78,84,84,77,77,77,71,71,71,75,75,104,104,94,94,108,108,64,64,105,105,128,128,79,79,77,77,89,89,68,68,81,81,124,124,96,96,109,109,116,116,109,109,92,92,118,118,107,107,98,98,93,93,93,115,115,96,96,140,140,130,130,104,104,106,106,94,94,94,112,112,66,66,76,76,74,74,89,89,81,81,101,101,83,83,82,82,96,96,117,117,93,93,78,78,80,80,109,109,103,103,95,95,102,102,108,108,86,86,77,77,65,96,96,119,119,74,74,103,103,65,65,99,99,124,124,114,114,99,99,81
8,-3.467999999999999972,89,108,149,149,125,143,131,118,154,154,134,133,133,114,133,133,124,166,166,154,154,99,99,120,111,111,66,66,69,69,87,87,55,55,75,75,91,91,102,99,99,82,82,119,119,96,96,131,131,120,120,132,132,116,116,135,135,118,112,122,131,131,145,145,143,143,111,111,142,142,148,148,127,105,89,117,80,120,164,164,158,106,145,117,133,130,96,93,93,70,70,104,104,118,118,91,91,123,123,86,86,126,126,155,155,149,149,113,113,44,44,47,47,77,77,104,104,100,100,131,131,133,133,121,99,99,115,115,64,64,79,79,69,69,144,144,119,119,136,136,133,133,146,146,152,152,119,119,134,134,126,126,130,130,139,139,92,92,131,131,101,101,91,91,121,121,88,88,85,85,97,97,97,127,127,113,113,103,103,101,101,96,96,96,96,101,101,85,85,101,101,105,105,105,94,94,94,86,86,102,102,109,109,117,117,106,106,153,153,149,149,134,134,144,144,116,116,93,93,148,148,124,124,130,130,119,119,172,172,126,126,116,116,154,154,168,168,144,144,126,126,126,140,140,128,128,158,158,176,176,152,152,141,141,132,132,132,119,119,118,118,111,111,112,112,122,122,141,141,140,140,100,100,117,117,135,135,149,149,143,143,139,139,163,163,130,130,178,178,162,162,152,152,141,141,129,129,91,91,136,164,164,166,166,104,104,121,121,111,111,112,112,130,130,86,86,88,88,84
9,-3.268000000000000238,97,139,155,155,160,132,124,154,158,158,151,149,149,156,114,114,157,233,233,180,180,138,138,138,105,105,61,61,70,70,102,102,68,68,88,88,121,121,113,123,123,108,108,116,116,140,140,144,144,147,147,138,138,165,165,171,171,163,154,133,162,162,177,177,156,156,147,147,169,169,152,152,144,132,109,141,137,146,189,189,199,165,153,159,192,140,130,87,87,92,92,118,118,121,121,98,98,114,114,121,121,180,180,204,204,160,160,132,132,33,33,39,39,85,85,127,127,147,147,126,126,189,189,148,121,121,115,115,107,107,95,95,128,128,170,170,192,192,176,176,184,184,203,203,169,169,152,152,154,154,135,135,124,124,180,180,187,187,167,167,122,122,87,87,91,91,92,92,105,105,108,108,120,121,121,103,103,132,132,116,116,137,137,143,143,121,121,108,108,105,105,132,132,132,116,116,116,95,95,146,146,147,147,147,147,161,161,187,187,208,208,167,167,155,155,112,112,100,100,134,134,168,168,193,193,170,170,218,218,163,163,143,143,170,170,187,187,153,153,177,177,177,173,173,158,158,193,193,209,209,201,201,195,195,184,184,184,155,155,138,138,113,113,145,145,146,146,169,169,170,170,158,158,148,148,177,177,172,172,159,159,187,187,206,206,178,178,189,189,199,199,164,164,190,190,161,161,118,118,130,192,192,160,160,139,139,148,148,133,133,122,122,150,150,150,150,112,112,128
10,-3.06800000000000006,146,154,154,154,148,152,131,137,148,148,170,173,173,164,159,159,166,201,201,178,178,137,137,140,93,93,64,64,76,76,77,77,43,43,47,47,129,129,115,106,106,87,87,87,87,138,138,133,133,160,160,155,155,182,182,207,207,161,143,119,163,163,170,170,185,185,153,153,205,205,201,201,163,125,139,134,134,182,221,221,183,174,169,195,178,153,116,81,81,76,76,121,121,94,94,135,135,141,141,128,128,183,183,202,202,199,199,89,89,13,13,10,10,79,79,159,159,165,165,155,155,191,191,167,96,96,118,118,107,107,83,83,99,99,202,202,171,171,204,204,204,204,207,207,196,196,155,155,151,151,121,121,142,142,170,170,173,173,150,150,113,113,76,76,112,112,112,112,75,75,102,102,92,127,127,113,113,112,112,110,110,152,152,131,131,105,105,98,98,93,93,159,159,159,80,80,80,107,107,136,136,123,123,146,146,133,133,161,161,192,192,159,159,161,161,98,98,116,116,153,153,188,188,193,193,190,190,233,233,173,173,145,145,185,185,215,215,197,197,168,168,168,179,179,160,160,206,206,255,255,209,209,180,180,201,201,201,147,147,118,118,120,120,146,146,156,156,183,183,169,169,146,146,198,198,207,207,172,172,174,174,195,195,206,206,189,189,204,204,211,211,168,168,182,182,167,167,114,114,152,197,197,170,170,155,155,148,148,131,131,173,173,169,169,161,161,100,100,115
11,-2.868000000000000327,125,140,151,151,152,136,129,122,162,162,180,186,186,164,154,154,172,216,216,177,177,163,163,158,106,106,72,72,136,136,98,98,76,76,84,84,123,123,138,112,112,99,99,131,131,151,151,150,150,150,150,130,130,176,176,195,195,145,146,138,187,187,214,214,187,187,165,165,213,213,187,187,164,136,154,133,129,171,200,200,179,164,156,150,137,126,102,106,106,91,91,116,116,111,111,109,109,118,118,133,133,179,179,233,233,188,188,124,124,-39,-39,5,5,98,98,154,154,142,142,128,128,162,162,143,89,89,129,129,110,110,76,76,120,120,176,176,190,190,170,170,179,179,240,240,179,179,171,171,158,158,151,151,156,156,157,157,154,154,148,148,95,95,84,84,130,130,107,107,119,119,109,109,90,116,116,118,118,106,106,119,119,145,145,145,145,107,107,89,89,137,137,146,146,146,72,72,72,113,113,129,129,143,143,145,145,169,169,197,197,206,206,208,208,152,152,131,131,142,142,171,171,191,191,198,198,198,198,215,215,151,151,166,166,197,197,179,179,176,176,182,182,182,199,199,190,190,193,193,228,228,231,231,207,207,196,196,196,162,162,109,109,105,105,130,130,158,158,174,174,160,160,153,153,163,163,161,161,183,183,153,153,191,191,212,212,237,237,241,241,200,200,166,166,196,196,159,159,131,131,151,199,199,194,194,149,149,125,125,111,111,171,171,135,135,128,128,85,85,91
12,-2.668000000000000149,179,216,285,285,320,272,300,290,356,356,392,375,375,371,394,394,378,422,422,369,369,361,361,380,356,356,380,380,351,351,226,226,239,239,231,231,343,343,287,289,289,260,260,286,286,304,304,309,309,347,347,352,352,376,376,391,391,300,303,325,406,406,470,470,440,440,380,380,381,381,329,329,321,357,325,355,360,393,352,352,341,329,311,295,249,279,268,295,295,259,259,283,283,280,280,272,272,273,273,303,303,349,349,394,394,384,384,250,250,126,126,136,136,193,193,275,275,302,302,303,303,282,282,243,258,258,295,295,257,257,217,217,231,231,332,332,296,296,307,307,339,339,337,337,286,286,274,274,336,336,416,416,354,354,324,324,320,320,288,288,230,230,247,247,311,311,301,301,328,328,272,272,241,350,350,305,305,281,281,311,311,317,317,297,297,303,303,300,300,330,330,362,362,362,234,234,234,233,233,304,304,316,316,308,308,326,326,391,391,345,345,370,370,363,363,357,357,310,310,481,481,522,522,418,418,311,311,357,357,334,334,369,369,392,392,399,399,366,366,303,303,303,353,353,356,356,441,441,477,477,435,435,418,418,375,375,375,326,326,301,301,274,274,265,265,349,349,356,356,370,370,294,294,303,303,325,325,377,377,367,367,394,394,372,372,368,368,427,427,389,389,356,356,303,303,316,316,313,313,333,378,378,404,404,318,318,268,268,275,275,331,331,384,384,312,312,244,244,253
13,-2.467999999999999972,426,511,594,594,541,533,554,597,690,690,763,761,761,771,741,741,723,793,793,764,764,720,720,737,744,744,783,783,653,653,510,510,488,488,424,424,573,573,621,547,547,484,484,616,616,702,702,670,670,636,636,655,655,745,745,677,677,669,631,644,799,799,1031,1031,889,889,786,786,770,770,699,699,684,703,660,675,692,715,731,731,674,634,641,587,544,578,573,580,580,554,554,591,591,679,679,570,570,604,604,592,592,699,699,855,855,738,738,607,607,393,393,410,410,515,515,604,604,579,579,542,542,601,601,601,605,605,682,682,621,621,548,548,524,524,646,646,727,727,683,683,661,661,681,681,661,661,690,690,758,758,814,814,847,847,771,771,601,601,587,587,555,555,595,595,712,712,695,695,599,599,585,585,613,685,685,658,658,618,618,635,635,694,694,647,647,611,611,587,587,694,694,742,742,742,573,573,573,565,565,632,632,731,731,716,716,689,689,692,692,770,770,786,786,796,796,725,725,757,757,973,973,1101,1101,830,830,712,712,746,746,711,711,775,775,841,841,883,883,803,803,698,698,698,782,782,844,844,928,928,963,963,1023,1023,988,988,851,851,851,788,788,730,730,698,698,654,654,727,727,754,754,787,787,643,643,661,661,736,736,851,851,845,845,861,861,859,859,847,847,901,901,856,856,836,836,761,761,687,687,697,697,764,928,928,902,902,685,685,591,591,655,655,801,801,835,835,728,728,588,588,597
14,-2.268000000000000238,699,747,621,621,452,407,397,500,734,734,825,910,910,872,737,737,750,894,894,906,906,870,870,781,682,682,676,676,724,724,586,586,393,393,259,259,499,499,638,516,516,363,363,481,481,708,708,762,762,668,668,605,605,796,796,971,971,802,680,763,1045,1045,1328,1328,1103,1103,944,944,1000,1000,881,881,814,866,822,691,701,735,907,907,760,654,552,461,460,475,523,685,685,606,606,706,706,744,744,736,736,611,611,634,634,836,836,1038,1038,943,943,641,641,395,395,426,426,708,708,872,872,713,713,355,355,489,489,601,765,765,843,843,829,829,750,750,635,635,821,821,996,996,954,954,810,810,996,996,1068,1068,1061,1061,1032,1032,935,935,1165,1165,979,979,944,944,819,819,670,670,712,712,898,898,778,778,607,607,523,523,584,664,664,705,705,598,598,613,613,730,730,764,764,680,680,565,565,684,684,797,797,797,669,669,669,596,596,596,596,796,796,818,818,690,690,828,828,995,995,975,975,900,900,805,805,951,951,1178,1178,1418,1418,1129,1129,880,880,968,968,948,948,832,832,1004,1004,1265,1265,1179,1179,919,919,919,1113,1113,1234,1234,1293,1293,1230,1230,1517,1517,1496,1496,1250,1250,1250,1141,1141,1125,1125,1077,1077,989,989,941,941,1090,1090,952,952,884,884,897,897,1000,1000,1187,1187,1186,1186,1168,1168,1228,1228,1176,1176,1249,1249,1254,1254,1220,1220,1041,1041,983,983,954,954,985,1211,1211,1183,1183,836,836,785,785,831,831,1096,1096,1046,1046,753,753,594,594,536
15,-2.06800000000000006,664,665,402,402,117,-56,-16,67,422,422,588,673,673,566,528,528,557,736,736,728,728,733,733,595,384,384,256,256,428,428,315,315,127,127,22,22,165,165,259,212,212,56,56,82,82,346,346,445,445,528,528,315,315,533,533,895,895,575,495,721,1182,1182,1250,1250,969,969,670,670,914,914,745,745,559,659,662,533,530,601,835,835,630,363,206,211,177,123,35,362,362,407,407,433,433,428,428,416,416,307,307,315,315,504,504,584,584,637,637,225,225,-61,-61,-5,-5,516,516,775,775,503,503,-48,-48,-119,-119,40,352,352,481,481,481,481,509,509,541,541,551,551,749,749,772,772,627,627,863,863,1114,1114,1038,1038,927,927,776,776,940,940,803,803,724,724,694,694,389,389,420,420,576,576,381,381,350,350,104,104,20,169,169,299,299,224,224,295,295,338,338,422,422,408,408,253,253,214,214,496,496,496,386,386,386,283,283,267,267,453,453,418,418,371,371,571,571,818,818,856,856,592,592,445,445,714,714,920,920,1203,1203,1183,1183,823,823,869,869,775,775,623,623,565,565,903,903,978,978,693,693,693,826,826,952,952,1196,1196,1121,1121,1370,1370,1619,1619,1180,1180,1180,1027,1027,1005,1005,964,964,816,816,801,801,906,906,707,707,719,719,736,736,798,798,1001,1001,905,905,902,902,1115,1115,995,995,1076,1076,1178,1178,1066,1066,1052,1052,841,841,724,724,698,815,815,717,717,585,585,407,407,368,368,810,810,701,701,311,311,162,162,136
16,-1.868000000000000105,555,694,755,755,597,463,416,481,683,683,867,785,785,646,615,615,787,1007,1007,810,810,734,734,752,526,526,404,404,668,668,583,583,507,507,554,554,560,560,700,753,753,561,561,490,490,502,502,740,740,848,848,827,827,958,958,1012,1012,848,731,1011,1605,1605,1359,1359,1178,1178,768,768,1132,1132,989,989,775,807,1005,1007,999,971,1121,1121,1045,900,785,687,666,489,330,401,401,518,518,551,551,506,506,391,391,483,483,527,527,631,631,661,661,699,699,356,356,-51,-51,-83,-83,458,458,891,891,881,881,504,504,124,124,88,271,271,450,450,347,347,354,354,688,688,754,754,881,881,763,763,908,908,900,900,1052,1052,970,970,1007,1007,1052,1052,986,986,864,864,677,677,682,682,512,512,458,458,710,710,397,397,697,697,468,468,268,281,281,359,359,317,317,524,524,555,555,456,456,572,572,522,522,489,489,755,755,755,587,587,587,596,596,682,682,586,586,698,698,796,796,789,789,898,898,1103,1103,807,807,591,591,778,778,1041,1041,1278,1278,1349,1349,1139,1139,1072,1072,927,927,956,956,705,705,562,562,775,775,663,663,663,559,559,635,635,980,980,1195,1195,1138,1138,1491,1491,1193,1193,1193,1012,1012,888,888,904,904,822,822,996,996,976,976,898,898,856,856,861,861,872,872,985,985,900,900,1021,1021,1172,1172,1137,1137,1040,1040,1125,1125,969,969,1212,1212,906,906,703,703,733,617,617,323,323,574,574,414,414,191,191,616,616,737,737,424,424,247,247,388
17,-1.668000000000000149,934,1238,1547,1547,1390,1229,1074,1006,1266,1266,1313,1344,1344,1151,1005,1005,1062,1360,1360,1156,1156,1037,1037,876,871,871,853,853,1182,1182,1219,1219,1270,1270,1073,1073,1258,1258,1364,1543,1543,1148,1148,1153,1153,1182,1182,1374,1374,1237,1237,1356,1356,1566,1566,1519,1519,1197,1107,1260,1782,1782,1673,1673,1368,1368,1248,1248,1547,1547,1399,1399,1246,1412,1483,1431,1439,1388,1534,1534,1532,1539,1423,1323,1209,1192,1079,973,973,1078,1078,1099,1099,1110,1110,978,978,1059,1059,1118,1118,1292,1292,1411,1411,1187,1187,882,882,584,584,539,539,895,895,1249,1249,1272,1272,1124,1124,960,960,868,801,801,1012,1012,827,827,642,642,1116,1116,1342,1342,1346,1346,1280,1280,1303,1303,1276,1276,1262,1262,1182,1182,1210,1210,1358,1358,1561,1561,1169,1169,1008,1008,957,957,877,877,728,728,1035,1035,981,981,1229,1229,1267,1267,1170,1095,1095,1092,1092,1106,1106,1107,1107,1318,1318,1268,1268,1139,1139,1090,1090,1252,1252,1317,1317,1317,1196,1196,1196,1161,1161,1336,1336,1234,1234,1438,1438,1384,1384,1339,1339,1429,1429,1539,1539,1299,1299,1013,1013,1041,1041,1276,1276,1552,1552,1654,1654,1494,1494,1485,1485,1324,1324,1289,1289,1318,1318,964,964,895,895,950,950,950,775,775,889,889,1014,1014,1379,1379,1272,1272,1341,1341,1496,1496,1496,1321,1321,1126,1126,1209,1209,1215,1215,1417,1417,1439,1439,1337,1337,1322,1322,1112,1112,1209,1209,1372,1372,1423,1423,1409,1409,1485,1485,1481,1481,1292,1292,1315,1315,1123,1123,1324,1324,1186,1186,1092,1092,1247,1190,1190,829,829,881,881,957,957,780,780,940,940,1215,1215,1103,1103,752,752,701
18,-1.467999999999999972,1711,1988,1940,1940,1446,1065,883,807,1302,1302,1284,1497,1497,1247,1388,1388,1120,1408,1408,1419,1419,1247,1247,954,1055,1055,1251,1251,1503,1503,1647,1647,1588,1588,1284,1284,1452,1452,1587,1948,1948,1605,1605,1132,1132,1310,1310,1458,1458,1215,1215,1109,1109,1523,1523,1661,1661,1109,1002,1057,1291,1291,1326,1326,1442,1442,1387,1387,1722,1722,1278,1278,1114,1514,1482,1291,1299,1156,1548,1548,1389,1389,1305,1365,1231,1139,986,1413,1413,1437,1437,1324,1324,1426,1426,1502,1502,1347,1347,1253,1253,1412,1412,1316,1316,1225,1225,983,983,969,969,1004,1004,1380,1380,1468,1468,1366,1366,1050,1050,1036,1036,945,1206,1206,1121,1121,984,984,874,874,1284,1284,1350,1350,1479,1479,1410,1410,1085,1085,1018,1018,1011,1011,1028,1028,975,975,1130,1130,1694,1694,1074,1074,839,839,776,776,653,653,664,664,882,882,1293,1293,1492,1492,1462,1462,1262,1298,1298,1407,1407,1378,1378,1209,1209,1393,1393,1562,1562,1358,1358,1053,1053,1152,1152,1324,1324,1324,1280,1280,1280,1176,1176,1070,1070,1242,1242,1440,1440,1333,1333,1073,1073,1230,1230,1327,1327,1008,1008,713,713,531,531,570,570,1087,1087,1206,1206,1012,1012,1047,1047,1015,1015,875,875,984,984,733,733,760,760,669,669,669,388,388,640,640,680,680,814,814,333,333,613,613,925,925,925,871,871,746,746,751,751,809,809,1016,1016,1081,1081,858,858,942,942,741,741,829,829,1054,1054,1033,1033,829,829,890,890,725,725,566,566,753,753,566,566,791,791,748,748,1067,1067,963,1134,1134,1149,1149,703,703,625,625,740,740,794,794,997,997,910,910,419,419,91
19,-1.268000000000000016,2540,2462,2129,2129,1473,1084,903,875,1406,1406,1501,1450,1450,1236,1664,1664,1559,1643,1643,1488,1488,1454,1454,1248,1156,1156,1488,1488,1935,1935,1988,1988,1676,1676,1250,1250,1512,1512,1850,2233,2233,1821,1821,1425,1425,1220,1220,1324,1324,1271,1271,1430,1430,1621,1621,1654,1654,1265,1066,736,663,663,819,819,1494,1494,1274,1274,1316,1316,955,955,904,1048,1207,1322,1401,1276,1436,1436,1557,1719,1733,1736,1549,1324,1102,1455,1455,1778,1778,1662,1662,1570,1570,1706,1706,1458,1458,1244,1244,1451,1451,1206,1206,1044,1044,679,679,1036,1036,1111,1111,1485,1485,1572,1572,1473,1473,1088,1088,1089,1089,1092,1459,1459,1141,1141,843,843,914,914,1580,1580,1444,1444,1362,1362,1242,1242,1013,1013,331,331,437,437,601,601,656,656,817,817,1103,1103,972,972,398,398,346,346,542,542,846,846,1088,1088,1309,1309,1552,1552,1301,1301,1123,1068,1068,1230,1230,1130,1130,1073,1073,1258,1258,1336,1336,1253,1253,851,851,813,813,1244,1244,1244,1096,1096,1096,953,953,823,823,951,951,1206,1206,1192,1192,710,710,540,540,815,815,312,312,-145,-145,-240,-240,-280,-280,70,70,176,176,279,279,-34,-34,132,132,305,305,163,163,-94,-94,16,16,-100,-100,-100,-351,-351,-249,-249,34,34,-139,-139,-894,-894,-476,-476,-214,-214,-214,21,21,-220,-220,-117,-117,-117,-117,-34,-34,6,6,-3,-3,102,102,145,145,76,76,343,343,175,175,-101,-101,-351,-351,-385,-385,-442,-442,-33,-33,-32,-32,272,272,24,24,475,475,324,517,517,395,395,176,176,-94,-94,-187,-187,78,78,164,164,144,144,-111,-111,-166
20,-1.06800000000000006,2766,2303,1986,1986,1428,1171,1069,1288,1760,1760,1869,1573,1573,1418,1594,1594,1769,1821,1821,1701,1701,1755,1755,1614,1269,1269,1395,1395,2064,2064,2265,2265,1555,1555,823,823,1200,1200,1871,2220,2220,1737,1737,1689,1689,1363,1363,1027,1027,1233,1233,2037,2037,2303,2303,1748,1748,1394,980,168,-52,-52,441,441,1034,1034,963,963,533,533,568,568,769,728,836,1227,1358,1155,1163,1163,1803,2282,2352,2113,1982,1786,1630,1455,1455,1836,1836,2134,2134,1933,1933,1838,1838,1436,1436,1288,1288,1611,1611,1524,1524,1061,1061,683,683,1054,1054,1532,1532,1647,1647,1768,1768,1385,1385,812,812,1193,1193,1441,1701,1701,1371,1371,1025,1025,1080,1080,1797,1797,1778,1778,1248,1248,1119,1119,961,961,187,187,211,211,308,308,127,127,462,462,749,749,856,856,375,375,113,113,536,536,1038,1038,1693,1693,1288,1288,1042,1042,1156,1156,1171,931,931,868,868,635,635,948,948,1217,1217,1047,1047,797,797,549,549,658,658,932,932,932,763,763,763,634,634,788,788,982,982,1313,1313,1083,1083,504,504,-35,-35,433,433,-58,-58,-410,-410,-550,-550,-767,-767,-642,-642,-586,-586,-567,-567,-809,-809,-618,-618,-421,-421,-255,-255,-461,-461,-730,-730,-786,-786,-786,-722,-722,-622,-622,-579,-579,-592,-592,-1168,-1168,-1261,-1261,-680,-680,-680,-654,-654,-614,-614,-247,-247,-462,-462,-446,-446,-432,-432,-60,-60,39,39,-193,-193,-382,-382,-242,-242,-63,-63,-379,-379,-1173,-1173,-900,-900,-1018,-1018,-334,-334,-99,-99,-158,-158,-226,-226,-66,-66,-120,-105,-105,-406,-406,-378,-378,-499,-499,-797,-797,-780,-780,-501,-501,-245,-245,-242,-242,-36
21,-0.8679999999999999938,2077,1700,1597,1597,1156,1089,1241,1508,2326,2326,2067,1956,1956,1480,1905,1905,1668,2003,2003,2278,2278,2282,2282,1886,1560,1560,1463,1463,2075,2075,2195,2195,1606,1606,1083,1083,1175,1175,1515,1999,1999,2025,2025,2021,2021,1611,1611,979,979,1366,1366,2409,2409,2581,2581,2076,2076,1466,837,-407,-626,-626,37,37,541,541,511,511,154,154,211,211,486,606,693,832,798,538,1084,1084,1534,1865,1996,1958,1872,1843,1672,1424,1424,1846,1846,2415,2415,2267,2267,2045,2045,1316,1316,1168,1168,1588,1588,1572,1572,1226,1226,1056,1056,1412,1412,2067,2067,2115,2115,2277,2277,1386,1386,264,264,966,966,1528,2193,2193,1906,1906,1713,1713,1630,1630,1795,1795,1733,1733,1003,1003,1095,1095,1113,1113,614,614,622,622,421,421,-97,-97,43,43,497,497,497,497,589,589,212,212,313,313,887,887,1433,1433,856,856,500,500,895,895,922,906,906,479,479,272,272,758,758,1029,1029,710,710,293,293,182,182,171,171,437,437,437,347,347,347,198,198,519,519,1058,1058,1355,1355,890,890,-2,-2,-438,-438,227,227,131,131,185,185,-173,-173,-580,-580,-938,-938,-1057,-1057,-1078,-1078,-1203,-1203,-777,-777,-620,-620,-523,-523,-489,-489,-1043,-1043,-708,-708,-708,-479,-479,-575,-575,-759,-759,-908,-908,-829,-829,-1260,-1260,-794,-794,-794,-1034,-1034,-673,-673,-268,-268,-341,-341,-511,-511,-353,-353,-105,-105,269,269,-222,-222,-817,-817,-758,-758,-226,-226,-572,-572,-1326,-1326,-1162,-1162,-1259,-1259,-496,-496,27,27,-685,-685,-380,-380,-339,-339,-574,-373,-373,-344,-344,-765,-765,-926,-926,-1004,-1004,-996,-996,-935,-935,-684,-684,-275,-275,-244
22,-0.6680000000000000382,2074,1630,2235,2235,1886,2086,2380,2728,3475,3475,2943,3084,3084,2142,3157,3157,2646,3340,3340,3554,3554,3532,3532,2998,2520,2520,2550,2550,3059,3059,3056,3056,2494,2494,2669,2669,2558,2558,2102,2412,2412,3177,3177,3263,3263,2783,2783,2254,2254,2714,2714,3604,3604,3449,3449,3065,3065,2381,1730,678,95,95,215,215,972,972,759,759,656,656,751,751,923,1210,1325,1239,1176,1042,2084,2084,2051,2146,2206,2512,2781,2629,2337,2021,2021,2583,2583,3566,3566,3412,3412,3062,3062,2217,2217,1650,1650,2308,2308,2389,2389,2553,2553,2381,2381,2476,2476,3152,3152,3490,3490,3660,3660,3089,3089,1798,1798,1783,1783,2019,3193,3193,3146,3146,3041,3041,2869,2869,2576,2576,2252,2252,1435,1435,1819,1819,2488,2488,2474,2474,2092,2092,1476,1476,596,596,322,322,658,658,1206,1206,1370,1370,1227,1227,736,736,903,903,1154,1154,699,699,1042,1042,1378,1378,1289,1389,1389,1024,1024,872,872,1202,1202,1408,1408,1040,1040,944,944,988,988,729,729,924,924,924,1034,1034,1034,657,657,832,832,1528,1528,1867,1867,1444,1444,289,289,-212,-212,406,406,932,932,1378,1378,1206,1206,430,430,-366,-366,-380,-380,-300,-300,-352,-352,230,230,796,796,424,424,321,321,-19,-19,751,751,751,460,460,16,16,-132,-132,-211,-211,-123,-123,-400,-400,-444,-444,-444,-754,-754,-130,-130,214,214,178,178,40,40,168,168,382,382,719,719,295,295,-668,-668,-677,-677,1,1,166,166,-315,-315,-474,-474,-477,-477,27,27,541,541,-99,-99,26,26,383,383,-438,-4,-4,267,267,46,46,-256,-256,-405,-405,-129,-129,-133,-133,-202,-202,478,478,508
23,-0.4679999999999999716,3131,2401,3185,3185,3295,3734,4189,4451,4760,4760,4025,4485,4485,3624,4236,4236,4127,4780,4780,4819,4819,4606,4606,4024,3342,3342,3410,3410,3926,3926,3672,3672,2972,2972,3898,3898,4124,4124,2849,2596,2596,3818,3818,4674,4674,4094,4094,3749,3749,4534,4534,5154,5154,4726,4726,4233,4233,3682,3048,2273,1798,1798,1299,1299,1833,1833,2034,2034,1472,1472,1798,1798,2090,2357,2318,2310,2441,2626,3249,3249,3195,3209,3407,3789,4054,4231,3863,3137,3137,3569,3569,4640,4640,4674,4674,4313,4313,3510,3510,2789,2789,3762,3762,3975,3975,4312,4312,4130,4130,3888,3888,4371,4371,4890,4890,5234,5234,5078,5078,4388,4388,3823,3823,3381,4431,4431,4823,4823,4770,4770,4657,4657,4060,4060,3260,3260,2714,2714,3453,3453,4678,4678,5136,5136,3755,3755,2918,2918,2001,2001,1707,1707,1643,1643,2335,2335,3156,3156,2778,2778,1992,1992,1496,1496,1729,1729,1579,1579,2166,2166,2749,2749,2573,2555,2555,2264,2264,2154,2154,2202,2202,2506,2506,2293,2293,2185,2185,2726,2726,2360,2360,2335,2335,2335,2567,2567,2567,1936,1936,2007,2007,2450,2450,2719,2719,2542,2542,1621,1621,1227,1227,1513,1513,2404,2404,2809,2809,2785,2785,2166,2166,1311,1311,1223,1223,1311,1311,1414,1414,2177,2177,2905,2905,2950,2950,2147,2147,2288,2288,3029,3029,3029,2301,2301,1585,1585,1409,1409,1683,1683,1914,1914,1753,1753,1318,1318,1318,1016,1016,1604,1604,1917,1917,1947,1947,1530,1530,1617,1617,1914,1914,2055,2055,1618,1618,804,804,639,639,1438,1438,2108,2108,2050,2050,1821,1821,1717,1717,1488,1488,1937,1937,1744,1744,1816,1816,1983,1983,1473,1532,1532,1378,1378,1958,1958,1898,1898,1484,1484,1701,1701,1882,1882,1765,1765,2561,2561,2612
24,-0.2679999999999999605,3607,2189,1835,1835,2735,3810,4524,4600,3942,3942,3432,4166,4166,4036,4078,4078,4079,4706,4706,4945,4945,4291,4291,3601,3018,3018,3326,3326,3247,3247,1969,1969,1536,1536,3476,3476,3469,3469,2145,1166,1166,2799,2799,4146,4146,3677,3677,3223,3223,4490,4490,4647,4647,4243,4243,3470,3470,3171,3113,2678,1683,1683,1527,1527,1963,1963,2433,2433,1399,1399,1931,1931,2275,2444,2305,2217,2482,2929,3273,3273,2886,2630,2842,3304,3870,4313,4463,3514,3514,3275,3275,4023,4023,4465,4465,4154,4154,3379,3379,3075,3075,3875,3875,4116,4116,4417,4417,4600,4600,4226,4226,4823,4823,5198,5198,4594,4594,5217,5217,5997,5997,4781,4781,4112,4348,4348,5055,5055,5677,5677,5432,5432,4139,4139,3236,3236,3366,3366,4127,4127,5309,5309,6048,6048,4344,4344,3047,3047,2923,2923,2841,2841,2262,2262,2630,2630,3824,3824,3526,3526,2588,2588,1999,1999,2031,2031,2409,2409,2349,2349,2941,2941,3189,2990,2990,2631,2631,2652,2652,2615,2615,2475,2475,2422,2422,2528,2528,3197,3197,3022,3022,2726,2726,2726,2723,2723,2723,2255,2255,2263,2263,2438,2438,2360,2360,2472,2472,2504,2504,2302,2302,2057,2057,2918,2918,3263,3263,2943,2943,2834,2834,2594,2594,2257,2257,2152,2152,2537,2537,3522,3522,4091,4091,4441,4441,4157,4157,4301,4301,4355,4355,4355,3623,3623,3352,3352,2975,2975,2972,2972,3817,3817,3360,3360,2811,2811,2811,2809,2809,3324,3324,3175,3175,3304,3304,3000,3000,3010,3010,3107,3107,3167,3167,2701,2701,2303,2303,1887,1887,2284,2284,3100,3100,3614,3614,3667,3667,3493,3493,2703,2703,2942,2942,3055,3055,3296,3296,3113,3113,3159,2739,2739,2859,2859,3337,3337,3373,3373,3020,3020,2900,2900,3217,3217,3408,3408,3979,3979,4076
25,-0.06799999999999997713,1600,-215,-1430,-1430,-249,1172,1665,1407,333,333,-70,1244,1244,1702,2144,2144,2006,2334,2334,2366,2366,1091,1091,323,841,841,1905,1905,1072,1072,-1662,-1662,-1374,-1374,996,996,453,453,-1020,-1590,-1590,96,96,1276,1276,710,710,629,629,2233,2233,1399,1399,426,426,-145,-145,38,337,205,-906,-906,-1033,-1033,-179,-179,48,48,-497,-497,230,230,252,59,3,11,556,666,944,944,-199,-910,-741,-38,684,1209,1998,1541,1541,1148,1148,1120,1120,1865,1865,1409,1409,1405,1405,1360,1360,1544,1544,941,941,1779,1779,2593,2593,2837,2837,3068,3068,2688,2688,541,541,2153,2153,4820,4820,3480,3480,2432,2193,2193,3261,3261,4200,4200,3957,3957,2180,2180,1362,1362,1909,1909,2621,2621,3341,3341,3701,3701,2025,2025,1146,1146,1871,1871,2027,2027,1101,1101,1300,1300,1952,1952,1989,1989,1491,1491,1257,1257,965,965,1649,1649,1053,1053,1304,1304,1614,1620,1620,1353,1353,1646,1646,1291,1291,545,545,720,720,1507,1507,1592,1592,1341,1341,1064,1064,1064,1218,1218,1218,599,599,501,501,567,567,255,255,817,817,1287,1287,1217,1217,779,779,1629,1629,1818,1818,1421,1421,1768,1768,1788,1788,1510,1510,1195,1195,1547,1547,2467,2467,3151,3151,3369,3369,3384,3384,3394,3394,3035,3035,3035,2442,2442,2439,2439,2141,2141,2132,2132,2633,2633,2195,2195,2213,2213,2213,2511,2511,2610,2610,1812,1812,2191,2191,2269,2269,2386,2386,2129,2129,2146,2146,1918,1918,1796,1796,1518,1518,1464,1464,1692,1692,2495,2495,2776,2776,2763,2763,1782,1782,1804,1804,2114,2114,2352,2352,2574,2574,2637,2341,2341,2796,2796,3117,3117,3081,3081,3066,3066,2856,2856,2787,2787,2996,2996,3800,3800,3757
26,0.132000000000000034,-2550,-4517,-5490,-5490,-4706,-3883,-3855,-4296,-5197,-5197,-5920,-3594,-3594,-3367,-2579,-2579,-3025,-2393,-2393,-2649,-2649,-4670,-4670,-5020,-3298,-3298,-1226,-1226,-3196,-3196,-5901,-5901,-5006,-5006,-3324,-3324,-4415,-4415,-5665,-5374,-5374,-4341,-4341,-3797,-3797,-4138,-4138,-3208,-3208,-2473,-2473,-4001,-4001,-4841,-4841,-5372,-5372,-4865,-3826,-3668,-4483,-4483,-5263,-5263,-4618,-4618,-4096,-4096,-4022,-4022,-2830,-2830,-3629,-4189,-3857,-3742,-3266,-3306,-3269,-3269,-5048,-5742,-5559,-5138,-4799,-4074,-3478,-2437,-2437,-3190,-3190,-4082,-4082,-3568,-3568,-4486,-4486,-3187,-3187,-2025,-2025,-3781,-3781,-4389,-4389,-3221,-3221,-1981,-1981,-849,-849,-1064,-1064,-2699,-2699,-5164,-5164,-3664,-3664,417,417,196,196,-1857,-2450,-2450,-1499,-1499,-607,-607,-356,-356,-1920,-1920,-2426,-2426,-1549,-1549,-1471,-1471,-1593,-1593,-1769,-1769,-2264,-2264,-2141,-2141,-889,-889,-596,-596,-1720,-1720,-1603,-1603,-1705,-1705,-1347,-1347,-727,-727,-627,-627,-1171,-1171,-734,-734,-1315,-1315,-1496,-1496,-1826,-1811,-1811,-1081,-1081,-754,-754,-1441,-1441,-2713,-2713,-2373,-2373,-1297,-1297,-1662,-1662,-2193,-2193,-2089,-2089,-2089,-1669,-1669,-1669,-1905,-1905,-2065,-2065,-2863,-2863,-3279,-3279,-1664,-1664,-1045,-1045,-1125,-1125,-1343,-1343,-1192,-1192,-1343,-1343,-1079,-1079,-495,-495,-610,-610,-415,-415,-678,-678,-833,-833,-624,-624,-131,-131,215,215,149,149,433,433,12,12,12,-580,-580,-222,-222,-491,-491,-289,-289,-407,-407,-971,-971,-276,-276,-276,311,311,-109,-109,-717,-717,-307,-307,355,355,221,221,104,104,-389,-389,54,54,390,390,11,11,-393,-393,-386,-386,209,209,712,712,825,825,-69,-69,-580,-580,-569,-569,-242,-242,663,663,459,745,745,1021,1021,1682,1682,1830,1830,2125,2125,1875,1875,1798,1798,1944,1944,2575,2575,2459
27,0.3320000000000000728,-7326,-8724,-9530,-9530,-9123,-9244,-9592,-10028,-11126,-11126,-11215,-9489,-9489,-8749,-8671,-8671,-9431,-8981,-8981,-9078,-9078,-10828,-10828,-11130,-8095,-8095,-6339,-6339,-9139,-9139,-10146,-10146,-8265,-8265,-8103,-8103,-9363,-9363,-9789,-8814,-8814,-8900,-8900,-9451,-9451,-9408,-9408,-7984,-7984,-8119,-8119,-9778,-9778,-10534,-10534,-10432,-10432,-9782,-8236,-7173,-7493,-7493,-8653,-8653,-9302,-9302,-8327,-8327,-7075,-7075,-6326,-6326,-7145,-7831,-8033,-7726,-7584,-7691,-8120,-8120,-9713,-10236,-10673,-10584,-10950,-10338,-8962,-7466,-7466,-8502,-8502,-10162,-10162,-9974,-9974,-10399,-10399,-8362,-8362,-6405,-6405,-9139,-9139,-10561,-10561,-8719,-8719,-7059,-7059,-5451,-5451,-6063,-6063,-9067,-9067,-10940,-10940,-10214,-10214,-6019,-6019,-4214,-4214,-6740,-7695,-7695,-7271,-7271,-7064,-7064,-6786,-6786,-7415,-7415,-6939,-6939,-6142,-6142,-6862,-6862,-8046,-8046,-8471,-8471,-7346,-7346,-6063,-6063,-4481,-4481,-3932,-3932,-4782,-4782,-5051,-5051,-5885,-5885,-4986,-4986,-3490,-3490,-3037,-3037,-4395,-4395,-4290,-4290,-4898,-4898,-5206,-5206,-5908,-5416,-5416,-4679,-4679,-3784,-3784,-4709,-4709,-6195,-6195,-5742,-5742,-4856,-4856,-5525,-5525,-5844,-5844,-5702,-5702,-5702,-4696,-4696,-4696,-4434,-4434,-4427,-4427,-6042,-6042,-6590,-6590,-5365,-5365,-3973,-3973,-3203,-3203,-3692,-3692,-4220,-4220,-4196,-4196,-3306,-3306,-2688,-2688,-3145,-3145,-2890,-2890,-2783,-2783,-3058,-3058,-3847,-3847,-3951,-3951,-3647,-3647,-3215,-3215,-3063,-3063,-3075,-3075,-3075,-2850,-2850,-2533,-2533,-3078,-3078,-3109,-3109,-2938,-2938,-4052,-4052,-2945,-2945,-2945,-2213,-2213,-3049,-3049,-3148,-3148,-2765,-2765,-2006,-2006,-2077,-2077,-2384,-2384,-2771,-2771,-2161,-2161,-1479,-1479,-1700,-1700,-2301,-2301,-2738,-2738,-2152,-2152,-1827,-1827,-1713,-1713,-2071,-2071,-3150,-3150,-3492,-3492,-2778,-2778,-1482,-1482,-1756,-1370,-1370,-1089,-1089,-462,-462,-81,-81,707,707,441,441,-168,-168,102,102,555,555,529
28,0.5320000000000000284,-12243,-12497,-12487,-12487,-12758,-13624,-14392,-14988,-15781,-15781,-15635,-14818,-14818,-14268,-14212,-14212,-15362,-15299,-15299,-15986,-15986,-16262,-16262,-15391,-12120,-12120,-11527,-11527,-13982,-13982,-12051,-12051,-9481,-9481,-11411,-11411,-13042,-13042,-11883,-10487,-10487,-12401,-12401,-14649,-14649,-13484,-13484,-11748,-11748,-13914,-13914,-15643,-15643,-15702,-15702,-14542,-14542,-13049,-11346,-9055,-8057,-8057,-9986,-9986,-12026,-12026,-10600,-10600,-8182,-8182,-8270,-8270,-8985,-9744,-10145,-10192,-10581,-11128,-12469,-12469,-13572,-13958,-14205,-15102,-15615,-15535,-14526,-12465,-12465,-13268,-13268,-15591,-15591,-15749,-15749,-15592,-15592,-13207,-13207,-10465,-10465,-14396,-14396,-14907,-14907,-13979,-13979,-12027,-12027,-9937,-9937,-11639,-11639,-14814,-14814,-15694,-15694,-15552,-15552,-12967,-12967,-9828,-9828,-10931,-12865,-12865,-13140,-13140,-12600,-12600,-12731,-12731,-12642,-12642,-11364,-11364,-11066,-11066,-11854,-11854,-13779,-13779,-14608,-14608,-11402,-11402,-8861,-8861,-7895,-7895,-7676,-7676,-7700,-7700,-8439,-8439,-9402,-9402,-7931,-7931,-5677,-5677,-5597,-5597,-7832,-7832,-7369,-7369,-7839,-7839,-8746,-8746,-9324,-8806,-8806,-7625,-7625,-6727,-6727,-7539,-7539,-8925,-8925,-8251,-8251,-7937,-7937,-8379,-8379,-8083,-8083,-8569,-8569,-8569,-7364,-7364,-7364,-6384,-6384,-6604,-6604,-8347,-8347,-9324,-9324,-8529,-8529,-6960,-6960,-5446,-5446,-5877,-5877,-6502,-6502,-5930,-5930,-4981,-4981,-4635,-4635,-5360,-5360,-4964,-4964,-4227,-4227,-4586,-4586,-6157,-6157,-7057,-7057,-7234,-7234,-6198,-6198,-5590,-5590,-5676,-5676,-5676,-4761,-4761,-4925,-4925,-5234,-5234,-5636,-5636,-5990,-5990,-6304,-6304,-5444,-5444,-5444,-4838,-4838,-5337,-5337,-5653,-5653,-4971,-4971,-4555,-4555,-4567,-4567,-5144,-5144,-5508,-5508,-4701,-4701,-3827,-3827,-3794,-3794,-4342,-4342,-4856,-4856,-4586,-4586,-4330,-4330,-3824,-3824,-4361,-4361,-5403,-5403,-5738,-5738,-5174,-5174,-4097,-4097,-3987,-3919,-3919,-3465,-3465,-3140,-3140,-2581,-2581,-1588,-1588,-1912,-1912,-2789,-2789,-2566,-2566,-2366,-2366,-2431
29,0.732000000000000095,-14283,-11528,-10869,-10869,-11560,-13575,-14560,-14896,-15392,-15392,-14659,-16456,-16456,-15338,-16278,-16278,-16879,-18180,-18180,-18779,-18779,-17408,-17408,-14217,-12434,-12434,-13993,-13993,-14963,-14963,-8707,-8707,-7421,-7421,-10520,-10520,-11211,-11211,-9212,-8735,-8735,-11550,-11550,-15189,-15189,-12703,-12703,-11558,-11558,-15672,-15672,-16964,-16964,-16081,-16081,-13857,-13857,-11588,-10009,-7234,-5034,-5034,-6989,-6989,-9782,-9782,-8511,-8511,-6551,-6551,-7438,-7438,-7452,-7912,-8215,-8952,-10107,-10745,-13308,-13308,-12609,-11977,-12280,-13996,-15454,-15911,-15620,-14053,-14053,-14403,-14403,-17120,-17120,-17619,-17619,-16262,-16262,-13490,-13490,-11776,-11776,-15440,-15440,-14788,-14788,-15284,-15284,-13876,-13876,-12517,-12517,-15120,-15120,-17280,-17280,-15210,-15210,-15754,-15754,-16278,-16278,-13170,-13170,-12315,-15028,-15028,-16317,-16317,-16545,-16545,-15970,-15970,-13738,-13738,-12692,-12692,-12994,-12994,-13730,-13730,-16217,-16217,-16809,-16809,-12627,-12627,-8610,-8610,-8742,-8742,-8914,-8914,-8159,-8159,-8968,-8968,-10206,-10206,-8348,-8348,-5875,-5875,-6496,-6496,-8960,-8960,-8389,-8389,-7828,-7828,-9255,-9255,-9171,-9019,-9019,-7972,-7972,-7601,-7601,-8159,-8159,-8305,-8305,-7998,-7998,-8422,-8422,-7990,-7990,-6881,-6881,-8552,-8552,-8552,-7325,-7325,-7325,-5675,-5675,-6426,-6426,-7621,-7621,-8743,-8743,-9027,-9027,-7712,-7712,-6017,-6017,-6523,-6523,-6560,-6560,-5793,-5793,-4961,-4961,-4935,-4935,-5533,-5533,-4945,-4945,-4050,-4050,-4326,-4326,-6403,-6403,-8165,-8165,-8595,-8595,-7521,-7521,-6081,-6081,-6222,-6222,-6222,-5504,-5504,-5670,-5670,-5928,-5928,-6458,-6458,-7162,-7162,-6427,-6427,-6114,-6114,-6114,-5630,-5630,-5988,-5988,-6124,-6124,-5664,-5664,-5710,-5710,-6107,-6107,-6225,-6225,-6675,-6675,-5822,-5822,-4625,-4625,-4473,-4473,-4911,-4911,-5270,-5270,-5372,-5372,-5356,-5356,-4541,-4541,-5291,-5291,-5995,-5995,-5710,-5710,-5698,-5698,-5313,-5313,-4799,-4892,-4892,-4809,-4809,-4230,-4230,-3604,-3604,-2748,-2748,-3212,-3212,-3747,-3747,-3659,-3659,-4106,-4106,-4139
30,0.9320000000000000506,-11229,-6417,-6167,-6167,-6585,-8406,-8818,-9215,-9483,-9483,-8807,-11931,-11931,-11029,-13386,-13386,-12748,-16724,-16724,-16497,-16497,-12225,-12225,-7745,-8512,-8512,-11629,-11629,-10776,-10776,-3778,-3778,-3744,-3744,-6178,-6178,-5892,-5892,-4172,-5390,-5390,-7179,-7179,-10333,-10333,-7523,-7523,-7840,-7840,-12213,-12213,-12857,-12857,-10950,-10950,-8727,-8727,-6429,-5590,-3422,-1618,-1618,-2014,-2014,-4509,-4509,-3890,-3890,-3829,-3829,-4991,-4991,-3875,-3904,-4339,-5447,-6937,-7400,-9493,-9493,-7192,-5975,-5789,-7515,-8997,-10424,-10719,-10421,-10421,-10524,-10524,-12543,-12543,-12785,-12785,-10646,-10646,-8823,-8823,-9294,-9294,-10713,-10713,-9563,-9563,-11539,-11539,-10500,-10500,-11274,-11274,-14046,-14046,-14302,-14302,-10020,-10020,-10608,-10608,-14626,-14626,-13270,-13270,-9800,-12609,-12609,-14839,-14839,-15035,-15035,-13943,-13943,-10369,-10369,-9979,-9979,-10023,-10023,-11032,-11032,-13605,-13605,-12842,-12842,-9328,-9328,-5833,-5833,-6742,-6742,-7381,-7381,-6776,-6776,-7302,-7302,-7611,-7611,-6187,-6187,-4610,-4610,-5811,-5811,-7734,-7734,-6806,-6806,-5710,-5710,-6620,-6620,-6188,-6316,-6316,-6245,-6245,-6395,-6395,-6528,-6528,-5159,-5159,-5196,-5196,-6594,-6594,-5325,-5325,-4438,-4438,-6502,-6502,-6502,-5669,-5669,-5669,-3885,-3885,-4877,-4877,-4931,-4931,-5692,-5692,-7017,-7017,-6002,-6002,-5207,-5207,-5688,-5688,-5416,-5416,-4532,-4532,-4106,-4106,-4268,-4268,-4445,-4445,-4230,-4230,-3351,-3351,-3478,-3478,-5296,-5296,-7628,-7628,-8387,-8387,-7549,-7549,-5864,-5864,-6041,-6041,-6041,-5418,-5418,-5490,-5490,-5846,-5846,-6281,-6281,-6555,-6555,-5202,-5202,-5129,-5129,-5129,-5003,-5003,-5177,-5177,-5233,-5233,-5152,-5152,-5664,-5664,-6161,-6161,-6045,-6045,-6298,-6298,-5666,-5666,-4442,-4442,-4273,-4273,-5032,-5032,-5126,-5126,-5171,-5171,-5508,-5508,-4892,-4892,-5021,-5021,-5173,-5173,-4704,-4704,-4975,-4975,-5533,-5533,-4664,-5207,-5207,-5137,-5137,-4659,-4659,-3901,-3901,-3306,-3306,-4047,-4047,-4252,-4252,-4257,-4257,-5346,-5346,-5659
31,1.132000000000000117,-6048,-1106,-1605,-1605,-981,-1330,-1580,-1284,-2610,-2610,-1999,-4785,-4785,-4211,-6905,-6905,-5093,-10273,-10273,-8936,-8936,-3362,-3362,-304,-2998,-2998,-6580,-6580,-4033,-4033,7,7,-831,-831,-1668,-1668,-871,-871,-224,-2244,-2244,-2474,-2474,-3255,-3255,-2057,-2057,-3728,-3728,-5619,-5619,-5995,-5995,-4565,-4565,-2689,-2689,-1558,-1754,-937,-198,-198,995,995,52,52,-416,-416,-2195,-2195,-2604,-2604,-1318,-982,-1475,-2167,-3261,-3389,-4125,-4125,-996,-184,122,366,-655,-1990,-2852,-5036,-5036,-4515,-4515,-4415,-4415,-4751,-4751,-2698,-2698,-2938,-2938,-5366,-5366,-3591,-3591,-3467,-3467,-5503,-5503,-4841,-4841,-6930,-6930,-8383,-8383,-6811,-6811,-4045,-4045,-3388,-3388,-8837,-8837,-10589,-10589,-6294,-6944,-6944,-9088,-9088,-9173,-9173,-8025,-8025,-5510,-5510,-5708,-5708,-5639,-5639,-6185,-6185,-7815,-7815,-6089,-6089,-4435,-4435,-3087,-3087,-4122,-4122,-5260,-5260,-5424,-5424,-5217,-5217,-4250,-4250,-3828,-3828,-3822,-3822,-4855,-4855,-5627,-5627,-4897,-4897,-3659,-3659,-3264,-3264,-2682,-3282,-3282,-3892,-3892,-4759,-4759,-4296,-4296,-2637,-2637,-3037,-3037,-4096,-4096,-3104,-3104,-2817,-2817,-4416,-4416,-4416,-4223,-4223,-4223,-3026,-3026,-3797,-3797,-2731,-2731,-2715,-2715,-4579,-4579,-4449,-4449,-4795,-4795,-5058,-5058,-4478,-4478,-3803,-3803,-3932,-3932,-4258,-4258,-4228,-4228,-4057,-4057,-3703,-3703,-3848,-3848,-4730,-4730,-6703,-6703,-8089,-8089,-7929,-7929,-6617,-6617,-6563,-6563,-6563,-5930,-5930,-5851,-5851,-6213,-6213,-6285,-6285,-6138,-6138,-4398,-4398,-4179,-4179,-4179,-4580,-4580,-4769,-4769,-5062,-5062,-5252,-5252,-5893,-5893,-6190,-6190,-6076,-6076,-6023,-6023,-5765,-5765,-4776,-4776,-4704,-4704,-5705,-5705,-5972,-5972,-5985,-5985,-6619,-6619,-6256,-6256,-5470,-5470,-4849,-4849,-4518,-4518,-5031,-5031,-5918,-5918,-5476,-6130,-6130,-5805,-5805,-5584,-5584,-5015,-5015,-4540,-4540,-5465,-5465,-5893,-5893,-5735,-5735,-7065,-7065,-7417
32,1.332000000000000073,-44,2131,2253,2253,3602,4744,4828,4893,3822,3822,3748,2827,2827,3115,1010,1010,3369,492,492,2323,2323,5587,5587,5949,2396,2396,813,813,2282,2282,1895,1895,902,902,1738,1738,2396,2396,1931,-60,-60,1483,1483,3627,3627,2439,2439,712,712,1908,1908,1701,1701,1430,1430,1721,1721,2621,1872,1002,293,293,2578,2578,3173,3173,1905,1905,-775,-775,-312,-312,625,611,387,387,110,590,1380,1380,3433,3788,4612,6384,6244,5246,4151,1008,1008,1953,1953,4238,4238,4217,4217,4434,4434,3057,3057,-648,-648,2832,2832,2172,2172,1310,1310,1160,1160,-1514,-1514,-738,-738,1905,1905,1698,1698,2815,2815,-516,-516,-5399,-5399,-2074,14,14,-375,-375,-960,-960,-84,-84,-140,-140,-895,-895,-286,-286,-1135,-1135,-321,-321,1991,1991,520,520,-776,-776,-1847,-1847,-3131,-3131,-3678,-3678,-2238,-2238,-736,-736,-1183,-1183,-2798,-2798,-3233,-3233,-2456,-2456,-2198,-2198,-1347,-1347,-94,-94,561,-662,-662,-1798,-1798,-2699,-2699,-2047,-2047,-931,-931,-1318,-1318,-1346,-1346,-1143,-1143,-1563,-1563,-2043,-2043,-2043,-2514,-2514,-2514,-2117,-2117,-2376,-2376,-1316,-1316,-380,-380,-1675,-1675,-2693,-2693,-3684,-3684,-4029,-4029,-3377,-3377,-3066,-3066,-3654,-3654,-4068,-4068,-3896,-3896,-3563,-3563,-3697,-3697,-3921,-3921,-3921,-3921,-4740,-4740,-6512,-6512,-7179,-7179,-6871,-6871,-6197,-6197,-6197,-5681,-5681,-5424,-5424,-5630,-5630,-5188,-5188,-5006,-5006,-3495,-3495,-3363,-3363,-3363,-3929,-3929,-4139,-4139,-4387,-4387,-4794,-4794,-5432,-5432,-5820,-5820,-5316,-5316,-5097,-5097,-5150,-5150,-4571,-4571,-4756,-4756,-5868,-5868,-6163,-6163,-6281,-6281,-6836,-6836,-6932,-6932,-5570,-5570,-4519,-4519,-4171,-4171,-4748,-4748,-6139,-6139,-6022,-6704,-6704,-6462,-6462,-6295,-6295,-5936,-5936,-5795,-5795,-6703,-6703,-6981,-6981,-7021,-7021,-8061,-8061,-8327
33,1.532000000000000028,3478,3515,4083,4083,5791,7313,7730,7654,6954,6954,6845,6979,6979,7064,6420,6420,7904,8192,8192,10307,10307,9643,9643,8019,5429,5429,5112,5112,5557,5557,1963,1963,1581,1581,2956,2956,3451,3451,2547,1191,1191,3367,3367,6792,6792,4660,4660,3592,3592,6152,6152,6481,6481,5139,5139,4255,4255,4378,3722,2497,924,924,3071,3071,4582,4582,3074,3074,747,747,1456,1456,1873,1599,1656,2185,2859,3395,4838,4838,5601,5442,6175,7611,8758,8660,8158,5186,5186,5525,5525,8121,8121,8900,8900,7631,7631,5486,5486,2971,2971,6051,6051,5228,5228,5923,5923,5324,5324,3502,3502,6470,6470,7804,7804,4789,4789,5308,5308,5613,5613,225,225,1735,4521,4521,5341,5341,5313,5313,5397,5397,2868,2868,2482,2482,3165,3165,2565,2565,4651,4651,6653,6653,3856,3856,920,920,286,286,-711,-711,-1651,-1651,172,172,2020,2020,618,618,-1323,-1323,-1007,-1007,229,229,86,86,194,194,1564,1564,2242,1067,1067,-19,-19,-677,-677,-211,-211,26,26,124,124,879,879,304,304,-382,-382,-54,-54,-54,-756,-756,-756,-1017,-1017,-820,-820,-323,-323,905,905,379,379,-508,-508,-1631,-1631,-2273,-2273,-1659,-1659,-1579,-1579,-2486,-2486,-2847,-2847,-2593,-2593,-2672,-2672,-2857,-2857,-2736,-2736,-2164,-2164,-1770,-1770,-3034,-3034,-4164,-4164,-4914,-4914,-3905,-3905,-3905,-3441,-3441,-3262,-3262,-3126,-3126,-2953,-2953,-2294,-2294,-1558,-1558,-1896,-1896,-1896,-2411,-2411,-2482,-2482,-2475,-2475,-3041,-3041,-3545,-3545,-3824,-3824,-3379,-3379,-2880,-2880,-3230,-3230,-3284,-3284,-3636,-3636,-4708,-4708,-4542,-4542,-4356,-4356,-4833,-4833,-5614,-5614,-4417,-4417,-3546,-3546,-3083,-3083,-3544,-3544,-5332,-5332,-5396,-5979,-5979,-5780,-5780,-5956,-5956,-5790,-5790,-6080,-6080,-6810,-6810,-7079,-7079,-7077,-7077,-7779,-7779,-7696
34,1.732000000000000206,5249,3837,4557,4557,5626,6648,6823,6769,7447,7447,7306,7872,7872,7587,8646,8646,8686,11383,11383,12115,12115,9484,9484,6970,6067,6067,6511,6511,5965,5965,1978,1978,1901,1901,2876,2876,3285,3285,2620,2190,2190,3658,3658,6620,6620,4592,4592,4548,4548,7203,7203,7527,7527,6034,6034,4820,4820,4561,4099,3169,1911,1911,2779,2779,4284,4284,3151,3151,2295,2295,2768,2768,2734,2591,2748,3415,4165,4722,5650,5650,5256,4857,5062,5673,7072,8445,8518,6952,6952,7132,7132,8405,8405,9323,9323,7321,7321,5812,5812,5232,5232,6045,6045,6302,6302,7694,7694,6302,6302,5979,5979,9121,9121,8995,8995,6113,6113,5423,5423,8019,8019,5117,5117,3780,6184,6184,7995,7995,7478,7478,7151,7151,4069,4069,4263,4263,4266,4266,4342,4342,6958,6958,7766,7766,4984,4984,1973,1973,1773,1773,1188,1188,414,414,1944,1944,3107,3107,1691,1691,141,141,896,896,2144,2144,1484,1484,1000,1000,1920,1920,2422,1971,1971,1235,1235,971,971,1337,1337,962,962,1295,1295,2370,2370,1492,1492,1040,1040,1749,1749,1749,926,926,926,251,251,537,537,427,427,1279,1279,1921,1921,1221,1221,240,240,-301,-301,301,301,-120,-120,-1017,-1017,-1359,-1359,-1057,-1057,-1284,-1284,-1608,-1608,-1076,-1076,-127,-127,1125,1125,620,620,-161,-161,-1604,-1604,-873,-873,-873,-835,-835,-646,-646,91,91,-283,-283,557,557,555,555,-279,-279,-279,-612,-612,-513,-513,-318,-318,-882,-882,-1168,-1168,-1420,-1420,-888,-888,-549,-549,-1041,-1041,-1625,-1625,-2260,-2260,-2571,-2571,-1997,-1997,-1635,-1635,-2116,-2116,-3250,-3250,-2782,-2782,-2025,-2025,-1689,-1689,-1857,-1857,-3625,-3625,-3861,-4195,-4195,-4159,-4159,-4638,-4638,-4825,-4825,-5496,-5496,-5944,-5944,-6128,-6128,-6207,-6207,-6718,-6718,-6334
35,1.932000000000000162,5444,4005,4608,4608,4480,4406,4274,4641,6239,6239,6359,6420,6420,6176,7909,7909,6964,10610,10610,9847,9847,6404,6404,4382,5028,5028,5712,5712,5089,5089,2843,2843,2619,2619,2744,2744,3206,3206,3100,3262,3262,3275,3275,4610,4610,3809,3809,4374,4374,5818,5818,6425,6425,5859,5859,4861,4861,4156,3744,3272,2861,2861,2568,2568,3562,3562,3125,3125,3662,3662,3557,3557,3346,3479,3818,4221,4763,5020,4786,4786,3898,3799,3380,2981,4033,5748,6570,7194,7194,6828,6828,6723,6723,7107,7107,5691,5691,5108,5108,6240,6240,4710,4710,6452,6452,7711,7711,5565,5565,6558,6558,8113,8113,7365,7365,6464,6464,4772,4772,7762,7762,7553,7553,5217,5535,5535,7347,7347,7005,7005,6080,6080,4375,4375,4893,4893,4296,4296,4986,4986,7115,7115,6365,6365,4760,4760,2832,2832,3143,3143,3139,3139,2739,2739,3314,3314,3392,3392,2324,2324,1783,1783,2574,2574,3737,3737,2627,2627,1834,1834,1998,1998,2017,2470,2470,2378,2378,2505,2505,2871,2871,2470,2470,2679,2679,3379,3379,2950,2950,2629,2629,3323,3323,3323,2506,2506,2506,1900,1900,2025,2025,1678,1678,1777,1777,2909,2909,2760,2760,2035,2035,1659,1659,2021,2021,1418,1418,558,558,328,328,787,787,402,402,88,88,991,991,1926,1926,3399,3399,4431,4431,3936,3936,1654,1654,2251,2251,2251,2039,2039,2125,2125,2911,2911,2867,2867,3407,3407,2759,2759,1776,1776,1776,1690,1690,1865,1865,2221,2221,1455,1455,1568,1568,1244,1244,1670,1670,1866,1866,1638,1638,677,677,-187,-187,329,329,1190,1190,1276,1276,1118,1118,-160,-160,-552,-552,128,128,292,292,310,310,-1294,-1294,-1185,-1168,-1168,-1591,-1591,-2335,-2335,-2617,-2617,-3677,-3677,-3874,-3874,-3743,-3743,-3794,-3794,-4241,-4241,-3854
36,2.132000000000000117,4878,4119,4235,4235,3344,2570,2442,2931,4433,4433,4639,4162,4162,4060,5510,5510,4424,7068,7068,5127,5127,3106,3106,1851,3265,3265,4083,4083,4147,4147,3785,3785,3161,3161,3017,3017,3440,3440,3608,4012,4012,3066,3066,2332,2332,3075,3075,3482,3482,3518,3518,4752,4752,5307,5307,4730,4730,3695,3191,2769,2856,2856,2249,2249,2541,2541,2923,2923,4058,4058,3755,3755,3532,3814,4047,4308,4606,4641,3328,3328,2703,2753,2072,1183,1519,3115,4322,6446,6446,5565,5565,4709,4709,4355,4355,4129,4129,4430,4430,6258,6258,3989,3989,6111,6111,6433,6433,4529,4529,5851,5851,5203,5203,4700,4700,6092,6092,4220,4220,5693,5693,8170,8170,6015,4194,4194,5085,5085,5271,5271,4106,4106,4176,4176,4873,4873,4009,4009,4929,4929,6040,6040,4384,4384,3929,3929,3280,3280,4089,4089,4440,4440,4365,4365,3773,3773,3073,3073,2692,2692,2858,2858,3451,3451,4341,4341,3355,3355,2398,2398,1768,1768,1620,2809,2809,3050,3050,3507,3507,3730,3730,3784,3784,3842,3842,3800,3800,3782,3782,3791,3791,4334,4334,4334,3576,3576,3576,3011,3011,3175,3175,2903,2903,2306,2306,3446,3446,3685,3685,3263,3263,3023,3023,2940,2940,2341,2341,1720,1720,1615,1615,2224,2224,1653,1653,1337,1337,2297,2297,3087,3087,4363,4363,6124,6124,6164,6164,4075,4075,3923,3923,3923,3934,3934,3905,3905,4876,4876,4844,4844,4887,4887,3958,3958,3282,3282,3282,3224,3224,3569,3569,3647,3647,3172,3172,3413,3413,3306,3306,3326,3326,3774,3774,3717,3717,2475,2475,1711,1711,2848,2848,3243,3243,3395,3395,3192,3192,2538,2538,1673,1673,1961,1961,1994,1994,2082,2082,1018,1018,989,1416,1416,871,871,202,202,-425,-425,-1486,-1486,-1328,-1328,-1109,-1109,-1065,-1065,-1397,-1397,-1364
37,2.332000000000000295,4093,3809,3783,3783,2789,1993,2066,2330,2979,2979,2996,2701,2701,2193,2912,2912,2578,3296,3296,1040,1040,424,424,452,1618,1618,3003,3003,3774,3774,4236,4236,3537,3537,3420,3420,3594,3594,3922,4431,4431,3223,3223,1341,1341,2617,2617,2846,2846,2367,2367,3617,3617,4810,4810,4577,4577,3452,2752,2088,2133,2133,1753,1753,1911,1911,2556,2556,3744,3744,3477,3477,3120,3204,3407,3686,3977,3910,2397,2397,2086,2280,1825,1203,1051,1606,2627,4903,4903,4372,4372,3509,3509,2490,2490,3400,3400,4391,4391,5379,5379,4402,4402,5428,5428,4781,4781,3821,3821,4585,4585,2144,2144,2938,2938,5218,5218,4032,4032,3907,3907,7305,7305,6040,3554,3554,3116,3116,3909,3909,2918,2918,3883,3883,4140,4140,3605,3605,4473,4473,4648,4648,2893,2893,2968,2968,3192,3192,4013,4013,4758,4758,4853,4853,3708,3708,2479,2479,2715,2715,3249,3249,3389,3389,4013,4013,3392,3392,2557,2557,1644,1644,1539,2882,2882,3312,3312,3728,3728,3825,3825,4274,4274,4209,4209,3658,3658,3840,3840,4120,4120,4612,4612,4612,3940,3940,3940,3480,3480,3684,3684,3748,3748,2736,2736,3408,3408,3855,3855,3717,3717,3788,3788,3119,3119,2726,2726,2533,2533,2484,2484,2863,2863,2358,2358,1979,1979,2797,2797,3369,3369,4280,4280,6128,6128,6507,6507,5332,5332,4418,4418,4418,4790,4790,4751,4751,5418,5418,5611,5611,4995,4995,4002,4002,3808,3808,3808,3881,3881,4167,4167,4135,4135,3979,3979,4291,4291,4262,4262,3990,3990,4285,4285,4599,4599,3521,3521,2994,2994,4201,4201,4260,4260,4069,4069,4124,4124,4136,4136,3213,3213,3241,3241,3162,3162,3212,3212,2816,2816,2734,3171,3171,2578,2578,2076,2076,1609,1609,759,759,1160,1160,1263,1263,1785,1785,1754,1754,1618
38,2.532000000000000028,3280,3253,3387,3387,2824,2654,2795,2743,2489,2489,2245,2019,2019,1454,1599,1599,2159,1057,1057,-909,-909,-167,-167,276,936,936,2680,2680,3580,3580,3884,3884,3633,3633,3661,3661,3726,3726,4109,4655,4655,3575,3575,1770,1770,2632,2632,2951,2951,2780,2780,3716,3716,4729,4729,4336,4336,3432,2807,2041,1830,1830,1707,1707,1743,1743,2483,2483,3264,3264,3056,3056,2573,2352,2431,2896,3384,3347,2613,2613,2625,2651,2691,2615,2358,1645,2104,3354,3354,3551,3551,2974,2974,1871,1871,3353,3353,4430,4430,4262,4262,5354,5354,4528,4528,3280,3280,3791,3791,3875,3875,1525,1525,2635,2635,4299,4299,4270,4270,3378,3378,6107,6107,5964,4241,4241,2829,2829,3503,3503,3146,3146,3889,3889,3466,3466,3368,3368,4085,4085,3771,3771,2448,2448,2275,2275,2865,2865,3311,3311,4476,4476,4731,4731,3624,3624,2390,2390,2860,2860,3343,3343,2955,2955,3320,3320,3248,3248,2767,2767,1983,1983,1970,2864,2864,3264,3264,3475,3475,3438,3438,3902,3902,3881,3881,3326,3326,3353,3353,3956,3956,4432,4432,4432,4087,4087,4087,3612,3612,3903,3903,4082,4082,3311,3311,3352,3352,3683,3683,3961,3961,4173,4173,3182,3182,2900,2900,3044,3044,3159,3159,3273,3273,3085,3085,2717,2717,3120,3120,3499,3499,3995,3995,5193,5193,5776,5776,5773,5773,4359,4359,4359,4898,4898,4927,4927,5126,5126,5399,5399,4305,4305,3473,3473,3632,3632,3632,3736,3736,3962,3962,4056,4056,4249,4249,4331,4331,4394,4394,3981,3981,4040,4040,4476,4476,3838,3838,3952,3952,4873,4873,4605,4605,4203,4203,4440,4440,5184,5184,4418,4418,3985,3985,3942,3942,4006,4006,4262,4262,4272,4382,4382,3793,3793,3725,3725,3344,3344,2759,2759,3301,3301,3676,3676,4312,4312,4686,4686,4395
39,2.732000000000000206,2536,2563,2681,2681,2687,3141,3351,3164,2598,2598,2128,2088,2088,1536,1416,1416,2354,557,557,-564,-564,461,461,960,1072,1072,2527,2527,2712,2712,2752,2752,3201,3201,3248,3248,3529,3529,4001,4572,4572,3966,3966,2806,2806,2748,2748,3260,3260,3882,3882,4341,4341,4627,4627,3849,3849,3265,2864,2371,2014,2014,1869,1869,1821,1821,2550,2550,2846,2846,2623,2623,2145,1804,1909,2295,2812,3036,3345,3345,3475,3313,3506,3791,3455,2512,2239,2080,2080,2835,2835,2514,2514,1900,1900,3171,3171,3616,3616,3262,3262,5632,5632,3588,3588,2214,2214,3587,3587,3481,3481,2548,2548,2898,2898,3283,3283,4201,4201,3659,3659,4889,4889,5650,5019,5019,3523,3523,3595,3595,3955,3955,3941,3941,3030,3030,3201,3201,3802,3802,3266,3266,2521,2521,2172,2172,2529,2529,2614,2614,3960,3960,4202,4202,3400,3400,2692,2692,2970,2970,3233,3233,2574,2574,2570,2570,2970,2970,2857,2857,2532,2532,2620,2844,2844,3056,3056,2918,2918,2784,2784,2872,2872,3001,3001,2756,2756,2575,2575,3324,3324,3769,3769,3769,3868,3868,3868,3395,3395,3664,3664,3908,3908,3689,3689,3240,3240,3380,3380,4032,4032,4440,4440,3296,3296,3084,3084,3384,3384,3665,3665,3758,3758,3695,3695,3584,3584,3538,3538,3692,3692,3829,3829,4025,4025,4796,4796,5637,5637,4247,4247,4247,4537,4537,4617,4617,4375,4375,4503,4503,3397,3397,2790,2790,3063,3063,3063,3162,3162,3398,3398,3669,3669,4177,4177,3880,3880,4147,4147,3770,3770,3573,3573,3911,3911,3809,3809,4686,4686,5051,5051,4698,4698,4223,4223,4643,4643,5721,5721,5315,5315,4433,4433,4317,4317,4583,4583,5395,5395,5585,5452,5452,4884,4884,4984,4984,4819,4819,4567,4567,5138,5138,5663,5663,6508,6508,7239,7239,7010
40,2.932000000000000384,1981,1901,1567,1567,1886,2500,2882,2902,2768,2768,2312,2222,2222,1751,1762,1762,2533,1074,1074,662,662,1421,1421,1826,1649,1649,1989,1989,1421,1421,1355,1355,2402,2402,2175,2175,2751,2751,3324,4174,4174,4041,4041,3513,3513,2791,2791,3329,3329,4372,4372,4567,4567,3918,3918,2971,2971,2760,2604,2407,2175,2175,1893,1893,1792,1792,2199,2199,2335,2335,2046,2046,1680,1584,1704,1870,2193,2411,3640,3640,3592,3344,3605,3793,3515,2799,2002,892,892,1580,1580,1823,1823,1906,1906,2322,2322,1950,1950,2038,2038,4124,4124,2014,2014,1137,1137,2468,2468,2752,2752,3396,3396,2692,2692,1978,1978,3431,3431,3273,3273,3628,3628,4288,4774,4774,3771,3771,3103,3103,3899,3899,3804,3804,2772,2772,2874,2874,3288,3288,2706,2706,2302,2302,2145,2145,2226,2226,2050,2050,3078,3078,3490,3490,3128,3128,2856,2856,2731,2731,2779,2779,2356,2356,1915,1915,2364,2364,2770,2770,3037,3037,2949,2671,2671,2660,2660,2449,2449,2202,2202,1911,1911,2011,2011,1928,1928,1660,1660,2279,2279,2707,2707,2707,3156,3156,3156,2768,2768,2954,2954,3275,3275,3611,3611,3097,3097,2846,2846,3686,3686,4359,4359,3380,3380,3041,3041,3360,3360,3773,3773,3919,3919,4037,4037,4142,4142,3733,3733,3579,3579,3473,3473,2984,2984,3563,3563,4686,4686,3858,3858,3858,3595,3595,3638,3638,3106,3106,3033,3033,2474,2474,2138,2138,2256,2256,2256,2494,2494,2585,2585,3070,3070,3530,3530,3096,3096,3631,3631,3404,3404,2973,2973,2950,2950,3450,3450,4851,4851,4735,4735,4420,4420,3947,3947,4531,4531,5388,5388,5484,5484,4380,4380,4134,4134,4539,4539,6080,6080,6245,5997,5997,5621,5621,5661,5661,5604,5604,5809,5809,6422,6422,6974,6974,7521,7521,8437,8437,8532
41,3.132000000000000117,1602,1114,377,377,497,996,1629,2092,2546,2546,2438,2368,2368,2133,2160,2160,2329,1552,1552,1889,1889,2288,2288,2328,1945,1945,1138,1138,41,41,452,452,1305,1305,927,927,1344,1344,2017,3276,3276,3550,3550,3435,3435,2546,2546,2691,2691,3618,3618,3768,3768,2699,2699,1632,1632,1800,1927,1867,1753,1753,1652,1652,1522,1522,1509,1509,1498,1498,1275,1275,1193,1380,1505,1352,1212,1495,2908,2908,2683,2596,2782,2452,2411,2116,1006,-202,-202,46,46,851,851,1671,1671,967,967,-362,-362,460,460,1418,1418,365,365,-226,-226,504,504,1190,1190,2974,2974,1748,1748,559,559,1840,1840,1950,1950,1397,1397,1909,2953,2953,2809,2809,1927,1927,2708,2708,3070,3070,2417,2417,2268,2268,2396,2396,1679,1679,1630,1630,1934,1934,1822,1822,1453,1453,1836,1836,2516,2516,2591,2591,2701,2701,2137,2137,2083,2083,2127,2127,1585,1585,1856,1856,2495,2495,3243,3243,2901,2142,2142,2039,2039,1885,1885,1736,1736,1189,1189,924,924,907,907,841,841,995,995,1214,1214,1214,1821,1821,1821,1868,1868,1965,1965,2235,2235,3101,3101,2573,2573,2092,2092,2746,2746,3659,3659,3105,3105,2585,2585,2850,2850,3263,3263,3447,3447,3820,3820,4186,4186,3528,3528,3025,3025,2681,2681,1862,1862,2288,2288,3203,3203,3119,3119,3119,2386,2386,2171,2171,1583,1583,1654,1654,1555,1555,1560,1560,1453,1453,1453,1680,1680,1855,1855,2271,2271,2568,2568,2158,2158,2694,2694,2754,2754,2313,2313,2050,2050,2954,2954,4334,4334,3967,3967,3709,3709,3323,3323,3968,3968,4376,4376,4852,4852,3911,3911,3438,3438,3980,3980,5806,5806,5890,5829,5829,5634,5634,5556,5556,5631,5631,6141,6141,6633,6633,7225,7225,7349,7349,8083,8083,8459
42,3.332000000000000295,1124,341,-714,-714,-898,-668,82,892,1746,1746,2170,2430,2430,2406,2289,2289,1862,1798,1798,2721,2721,2610,2610,2385,1864,1864,370,370,-383,-383,67,67,204,204,-165,-165,-64,-64,528,1955,1955,2600,2600,2786,2786,2072,2072,1444,1444,2050,2050,2080,2080,800,800,369,369,570,816,922,953,953,1114,1114,1035,1035,529,529,342,342,412,412,656,972,941,701,205,375,1047,1047,1121,1028,722,497,408,520,-436,-1274,-1274,-1505,-1505,-232,-232,1021,1021,-666,-666,-2070,-2070,-1213,-1213,-1192,-1192,-1118,-1118,-1353,-1353,-1789,-1789,-932,-932,1216,1216,474,474,-766,-766,-250,-250,-197,-197,-833,-833,-831,265,265,1063,1063,404,404,773,773,1801,1801,1883,1883,1480,1480,1134,1134,611,611,852,852,1476,1476,1232,1232,923,923,733,733,1545,1545,1825,1825,2104,2104,1489,1489,1193,1193,1814,1814,1514,1514,1405,1405,2067,2067,2832,2832,2312,1398,1398,1151,1151,1308,1308,1307,1307,702,702,46,46,-40,-40,158,158,-110,-110,-6,-6,-6,499,499,499,776,776,1016,1016,1425,1425,2175,2175,1690,1690,1239,1239,1762,1762,2480,2480,2312,2312,1944,1944,2139,2139,2361,2361,2588,2588,2959,2959,3496,3496,2787,2787,2219,2219,1635,1635,1004,1004,1247,1247,1631,1631,2129,2129,2129,1164,1164,920,920,457,457,353,353,932,932,1078,1078,864,864,864,1084,1084,1317,1317,1556,1556,1484,1484,1354,1354,1752,1752,2015,2015,1662,1662,1321,1321,2369,2369,3262,3262,2993,2993,2731,2731,2609,2609,2984,2984,3112,3112,3683,3683,3181,3181,2592,2592,3117,3117,4623,4623,4485,4849,4849,5016,5016,4713,4713,4826,4826,5418,5418,5828,5828,6215,6215,5982,5982,6439,6439,6830
43,3.532000000000000028,681,-76,-1024,-1024,-1483,-1618,-1050,-83,730,730,1483,2164,2164,2278,2208,2208,1331,1708,1708,3024,3024,2602,2602,2106,1650,1650,329,329,367,367,259,259,-365,-365,-457,-457,-759,-759,-489,478,478,1422,1422,2043,2043,1492,1492,480,480,51,51,-16,-16,-733,-733,-593,-593,-480,-161,33,304,304,752,752,755,755,-186,-186,-625,-625,-297,-297,95,387,402,-25,-482,-586,-580,-580,-754,-614,-885,-1210,-1175,-1319,-1664,-1827,-1827,-2205,-2205,-986,-986,153,153,-1871,-1871,-2855,-2855,-2504,-2504,-3168,-3168,-2026,-2026,-1877,-1877,-3099,-3099,-2908,-2908,-1356,-1356,-535,-535,-1493,-1493,-1860,-1860,-1729,-1729,-2841,-2841,-3177,-1882,-1882,-562,-562,-573,-573,-703,-703,551,551,1235,1235,694,694,101,101,-190,-190,505,505,968,968,738,738,510,510,-92,-92,628,628,927,927,1231,1231,895,895,531,531,1466,1466,1454,1454,1132,1132,1521,1521,1979,1979,1518,666,666,425,425,802,802,972,972,521,521,-384,-384,-404,-404,-7,-7,-640,-640,-705,-705,-705,-572,-572,-572,-7,-7,468,468,866,866,1241,1241,896,896,556,556,681,681,1034,1034,1299,1299,1272,1272,1480,1480,1469,1469,1503,1503,1743,1743,2380,2380,1911,1911,1338,1338,896,896,481,481,455,455,562,562,1202,1202,1202,386,386,-6,-6,-192,-192,-309,-309,533,533,840,840,603,603,603,712,712,977,977,929,929,713,713,848,848,1005,1005,1215,1215,1185,1185,905,905,1701,1701,1989,1989,1929,1929,1733,1733,1767,1767,1922,1922,1818,1818,2536,2536,2331,2331,1954,1954,2151,2151,2747,2747,2531,3173,3173,3742,3742,3358,3358,3464,3464,4048,4048,4338,4338,4630,4630,3761,3761,4151,4151,4306
44,3.732000000000000206,486,-7,-570,-570,-1125,-1472,-1351,-895,-294,-294,430,1499,1499,1699,1750,1750,730,1391,1391,2736,2736,2184,2184,1648,1360,1360,800,800,1540,1540,847,847,-438,-438,-163,-163,-557,-557,-783,-646,-646,234,234,1194,1194,816,816,-366,-366,-1289,-1289,-1712,-1712,-1584,-1584,-990,-990,-1013,-798,-393,105,105,623,623,784,784,-260,-260,-951,-951,-571,-571,-222,26,-59,-348,-722,-1029,-1722,-1722,-1681,-1546,-1770,-2031,-2086,-2192,-2114,-1808,-1808,-1896,-1896,-1143,-1143,-803,-803,-2247,-2247,-2367,-2367,-2836,-2836,-3576,-3576,-2206,-2206,-1679,-1679,-3074,-3074,-3715,-3715,-2926,-2926,-1100,-1100,-1466,-1466,-2496,-2496,-2291,-2291,-3670,-3670,-3899,-2698,-2698,-1380,-1380,-920,-920,-1316,-1316,-533,-533,671,671,282,282,-447,-447,-279,-279,392,392,291,291,454,454,327,327,-274,-274,69,69,239,239,542,542,473,473,284,284,1120,1120,1401,1401,1063,1063,1106,1106,992,992,732,248,248,107,107,447,447,713,713,538,538,-317,-317,-155,-155,164,164,-422,-422,-624,-624,-624,-817,-817,-817,-265,-265,327,327,528,528,556,556,429,429,180,180,-21,-21,-44,-44,559,559,862,862,1044,1044,859,859,749,749,931,931,1327,1327,1164,1164,879,879,532,532,379,379,109,109,114,114,558,558,558,39,39,-239,-239,-288,-288,-309,-309,469,469,794,794,654,654,654,705,705,833,833,600,600,398,398,760,760,677,677,771,771,935,935,775,775,1142,1142,958,958,1095,1095,1006,1006,1255,1255,1091,1091,1054,1054,1547,1547,1743,1743,1562,1562,1335,1335,1160,1160,875,1649,1649,2475,2475,2226,2226,2187,2187,2602,2602,2799,2799,2703,2703,2000,2000,1866,1866,1885
45,3.932000000000000384,413,191,10,10,-325,-768,-1196,-1490,-1237,-1237,-717,381,381,583,766,766,-76,906,906,1859,1859,1319,1319,909,772,772,1211,1211,2301,2301,1243,1243,-259,-259,283,283,104,104,-674,-1664,-1664,-883,-883,215,215,25,25,-959,-959,-2092,-2092,-2503,-2503,-1701,-1701,-1009,-1009,-1152,-1117,-741,66,66,515,515,713,713,-76,-76,-786,-786,-644,-644,-362,-191,-243,-492,-698,-1166,-1869,-1869,-1895,-1839,-1909,-2070,-2146,-2239,-1807,-1294,-1294,-969,-969,-1008,-1008,-1665,-1665,-2073,-2073,-1264,-1264,-2280,-2280,-3000,-3000,-1886,-1886,-941,-941,-2034,-2034,-3228,-3228,-3268,-3268,-1392,-1392,-1064,-1064,-2269,-2269,-2123,-2123,-3118,-3118,-3138,-2411,-2411,-1505,-1505,-839,-839,-1388,-1388,-1275,-1275,-49,-49,-1,-1,-457,-457,-3,-3,329,329,-142,-142,207,207,193,193,-202,-202,-359,-359,-486,-486,-98,-98,197,197,246,246,654,654,1057,1057,788,788,472,472,-3,-3,-22,65,65,-50,-50,165,165,289,289,420,420,69,69,156,156,408,408,148,148,-150,-150,-150,-539,-539,-539,-213,-213,97,97,91,91,-29,-29,225,225,16,16,-560,-560,-775,-775,25,25,521,521,669,669,538,538,358,358,124,124,346,346,430,430,487,487,239,239,350,350,-59,-59,-195,-195,64,64,64,-154,-154,-291,-291,-178,-178,-106,-106,441,441,720,720,745,745,745,689,689,635,635,303,303,269,269,704,704,544,544,507,507,689,689,660,660,521,521,-26,-26,268,268,349,349,612,612,329,329,320,320,627,627,1018,1018,1100,1100,482,482,-173,-173,-299,182,182,976,976,1076,1076,1007,1007,1033,1033,1193,1193,874,874,94,94,-192,-192,-358
46,4.132000000000000561,253,146,386,386,319,-174,-969,-1838,-1960,-1960,-1853,-981,-981,-793,-566,-566,-1026,31,31,440,440,83,83,-185,29,29,1255,1255,2190,2190,1056,1056,-198,-198,330,330,513,513,-570,-2266,-2266,-1931,-1931,-906,-906,-1004,-1004,-1335,-1335,-2241,-2241,-2604,-2604,-1426,-1426,-750,-750,-1075,-1282,-1070,-145,-145,82,82,289,289,-26,-26,-502,-502,-611,-611,-450,-326,-426,-561,-697,-1007,-1421,-1421,-1575,-1536,-1554,-1504,-1647,-1714,-1224,-680,-680,-68,-68,-712,-712,-2318,-2318,-1492,-1492,-125,-125,-1264,-1264,-1973,-1973,-1450,-1450,-144,-144,-674,-674,-1843,-1843,-2573,-2573,-1398,-1398,-637,-637,-1502,-1502,-1676,-1676,-1904,-1904,-1808,-1618,-1618,-1267,-1267,-666,-666,-1182,-1182,-1769,-1769,-918,-918,-329,-329,-392,-392,180,180,-109,-109,-598,-598,-145,-145,-115,-115,-248,-248,-790,-790,-1038,-1038,-877,-877,-166,-166,86,86,-101,-101,299,299,283,283,-225,-225,-759,-759,-640,-119,-119,-99,-99,-168,-168,-194,-194,60,60,258,258,287,287,413,413,541,541,277,277,277,-51,-51,-51,-55,-55,-334,-334,-596,-596,-588,-588,49,49,-173,-173,-926,-926,-1075,-1075,-288,-288,229,229,362,362,318,318,139,139,-166,-166,-480,-480,-321,-321,-67,-67,-134,-134,55,55,-356,-356,-555,-555,-386,-386,-386,-361,-361,-445,-445,-203,-203,-49,-49,196,196,337,337,559,559,559,465,465,143,143,-108,-108,31,31,453,453,389,389,211,211,332,332,318,318,-225,-225,-741,-741,-543,-543,-328,-328,-102,-102,-393,-393,-526,-526,-366,-366,255,255,289,289,-398,-398,-1024,-1024,-1154,-916,-916,-290,-290,3,3,-102,-102,-258,-258,-213,-213,-681,-681,-1364,-1364,-1659,-1659,-2026
47,4.331999999999999851,-164,-228,298,298,500,136,-754,-1879,-2327,-2327,-2535,-2124,-2124,-2021,-1901,-1901,-1849,-775,-775,-1125,-1125,-1181,-1181,-1214,-930,-930,609,609,946,946,258,258,-259,-259,-7,-7,314,314,-745,-2482,-2482,-2629,-2629,-1897,-1897,-1682,-1682,-1576,-1576,-1925,-1925,-2056,-2056,-976,-976,-509,-509,-803,-1186,-1338,-636,-636,-469,-469,-437,-437,-226,-226,-253,-253,-469,-469,-483,-442,-531,-554,-507,-585,-583,-583,-743,-926,-889,-768,-884,-793,-492,-39,-39,530,530,-459,-459,-2201,-2201,-553,-553,701,701,-73,-73,-704,-704,-796,-796,502,502,731,731,-188,-188,-893,-893,-1122,-1122,-318,-318,-553,-553,-939,-939,-361,-361,-264,-713,-713,-914,-914,-566,-566,-905,-905,-1966,-1966,-1882,-1882,-704,-704,-351,-351,34,34,-584,-584,-863,-863,-553,-553,-472,-472,-403,-403,-998,-998,-1373,-1373,-1328,-1328,-539,-539,-225,-225,-934,-934,-528,-528,-343,-343,-907,-907,-1123,-1123,-933,-386,-386,-272,-272,-575,-575,-799,-799,-494,-494,198,198,157,157,142,142,704,704,570,570,570,428,428,428,4,4,-852,-852,-1298,-1298,-1065,-1065,-145,-145,-303,-303,-1045,-1045,-1086,-1086,-497,-497,10,10,129,129,93,93,-4,-4,-256,-256,-1023,-1023,-1097,-1097,-789,-789,-701,-701,-497,-497,-819,-819,-1015,-1015,-767,-767,-767,-585,-585,-594,-594,-380,-380,-169,-169,-329,-329,-239,-239,110,110,110,-43,-43,-459,-459,-586,-586,-288,-288,-14,-14,105,105,-182,-182,-152,-152,-157,-157,-909,-909,-1359,-1359,-1179,-1179,-960,-960,-895,-895,-1055,-1055,-1320,-1320,-1274,-1274,-608,-608,-494,-494,-1167,-1167,-1509,-1509,-1552,-1624,-1624,-1449,-1449,-1007,-1007,-1036,-1036,-1157,-1157,-1275,-1275,-1864,-1864,-2249,-2249,-2566,-2566,-2772
48,4.532000000000000028,-817,-739,-129,-129,93,-70,-736,-1533,-2272,-2272,-2649,-2715,-2715,-2788,-2803,-2803,-2217,-1570,-1570,-2322,-2322,-2231,-2231,-2170,-1787,-1787,-477,-477,-790,-790,-849,-849,-516,-516,-601,-601,-516,-516,-1137,-2320,-2320,-2992,-2992,-2592,-2592,-2082,-2082,-1587,-1587,-1420,-1420,-1484,-1484,-722,-722,-431,-431,-544,-1019,-1414,-1184,-1184,-1147,-1147,-1227,-1227,-695,-695,-163,-163,-368,-368,-537,-602,-645,-530,-392,-203,191,191,-8,-296,-258,-21,4,21,16,301,301,613,613,-408,-408,-1480,-1480,163,163,971,971,691,691,330,330,-128,-128,629,629,1471,1471,1184,1184,526,526,-642,-642,-194,-194,227,227,-234,-234,451,451,553,-72,-72,-587,-587,-570,-570,-651,-651,-1933,-1933,-2490,-2490,-1137,-1137,-535,-535,-495,-495,-1074,-1074,-946,-946,-904,-904,-685,-685,-644,-644,-1069,-1069,-1316,-1316,-1456,-1456,-792,-792,-605,-605,-1515,-1515,-1267,-1267,-883,-883,-1260,-1260,-1187,-1187,-1019,-677,-677,-436,-436,-905,-905,-1287,-1287,-997,-997,-52,-52,-75,-75,-198,-198,466,466,456,456,456,746,746,746,24,24,-1093,-1093,-1580,-1580,-1361,-1361,-590,-590,-449,-449,-786,-786,-775,-775,-531,-531,-45,-45,-51,-51,-113,-113,-151,-151,-239,-239,-1306,-1306,-1646,-1646,-1404,-1404,-1184,-1184,-997,-997,-1275,-1275,-1387,-1387,-1045,-1045,-1045,-746,-746,-737,-737,-590,-590,-486,-486,-817,-817,-784,-784,-500,-500,-500,-652,-652,-1002,-1002,-938,-938,-692,-692,-501,-501,-394,-394,-687,-687,-655,-655,-709,-709,-1506,-1506,-1747,-1747,-1669,-1669,-1394,-1394,-1450,-1450,-1513,-1513,-1844,-1844,-1969,-1969,-1329,-1329,-1224,-1224,-1614,-1614,-1671,-1671,-1642,-1921,-1921,-2224,-2224,-1745,-1745,-1785,-1785,-1762,-1762,-2000,-2000,-2604,-2604,-2803,-2803,-2929,-2929,-3008
49,4.732000000000000206,-1376,-1102,-710,-710,-676,-638,-803,-1029,-1785,-1785,-2262,-2717,-2717,-2975,-2952,-2952,-2135,-1981,-1981,-2766,-2766,-2762,-2762,-2717,-2251,-2251,-1637,-1637,-2525,-2525,-1869,-1869,-771,-771,-1064,-1064,-1371,-1371,-1460,-1765,-1765,-2758,-2758,-2785,-2785,-2020,-2020,-1332,-1332,-788,-788,-831,-831,-636,-636,-438,-438,-516,-757,-1186,-1436,-1436,-1625,-1625,-1879,-1879,-1235,-1235,-353,-353,-345,-345,-646,-760,-697,-569,-332,-25,650,650,459,265,288,492,665,680,404,468,468,365,365,-439,-439,-246,-246,769,769,757,757,955,955,1072,1072,470,470,525,525,1676,1676,1839,1839,1444,1444,20,20,-163,-163,617,617,594,594,952,952,871,462,462,-218,-218,-499,-499,-288,-288,-1483,-1483,-2685,-2685,-1498,-1498,-880,-880,-1166,-1166,-1231,-1231,-887,-887,-967,-967,-616,-616,-675,-675,-692,-692,-781,-781,-1035,-1035,-753,-753,-904,-904,-1703,-1703,-1622,-1622,-1175,-1175,-1247,-1247,-983,-983,-936,-797,-797,-553,-553,-1037,-1037,-1456,-1456,-1249,-1249,-302,-302,-190,-190,-396,-396,54,54,280,280,280,856,856,856,87,87,-746,-746,-1178,-1178,-1214,-1214,-922,-922,-356,-356,-236,-236,-318,-318,-268,-268,61,61,-90,-90,-284,-284,-449,-449,-350,-350,-1339,-1339,-1762,-1762,-1750,-1750,-1492,-1492,-1344,-1344,-1576,-1576,-1611,-1611,-1240,-1240,-1240,-939,-939,-740,-740,-728,-728,-844,-844,-1229,-1229,-1205,-1205,-1030,-1030,-1030,-1195,-1195,-1395,-1395,-1231,-1231,-1013,-1013,-1003,-1003,-934,-934,-1129,-1129,-1084,-1084,-1219,-1219,-1811,-1811,-1911,-1911,-1834,-1834,-1644,-1644,-1649,-1649,-1730,-1730,-2019,-2019,-2266,-2266,-1772,-1772,-1740,-1740,-1812,-1812,-1642,-1642,-1594,-1977,-1977,-2535,-2535,-2313,-2313,-2240,-2240,-2011,-2011,-2355,-2355,-2869,-2869,-2868,-2868,-2902,-2902,-2914
50,4.932000000000000384,-1540,-1195,-1094,-1094,-1180,-1001,-686,-518,-1099,-1099,-1560,-2208,-2208,-2578,-2417,-2417,-1760,-2028,-2028,-2549,-2549,-2580,-2580,-2524,-2110,-2110,-2434,-2434,-3320,-3320,-2385,-2385,-881,-881,-1195,-1195,-1756,-1756,-1574,-1117,-1117,-2023,-2023,-2409,-2409,-1660,-1660,-915,-915,-389,-389,-344,-344,-653,-653,-567,-567,-564,-513,-615,-1266,-1266,-1728,-1728,-1947,-1947,-1382,-1382,-525,-525,-396,-396,-657,-777,-673,-508,-287,-54,556,556,506,492,583,877,1028,1090,774,624,624,167,167,-200,-200,998,998,1129,1129,451,451,951,951,1454,1454,1007,1007,417,417,1358,1358,1947,1947,1735,1735,521,521,49,49,773,773,1209,1209,1041,1041,873,764,764,241,241,-237,-237,66,66,-617,-617,-1976,-1976,-1576,-1576,-1088,-1088,-1559,-1559,-1088,-1088,-694,-694,-617,-617,-203,-203,-264,-264,-193,-193,-110,-110,-235,-235,-490,-490,-837,-837,-1189,-1189,-1442,-1442,-1101,-1101,-845,-845,-537,-537,-612,-571,-571,-430,-430,-779,-779,-1155,-1155,-872,-872,-315,-315,-75,-75,-242,-242,-205,-205,186,186,186,802,802,802,248,248,79,79,61,61,-550,-550,-909,-909,-207,-207,339,339,233,233,165,165,178,178,-194,-194,-605,-605,-981,-981,-821,-821,-1188,-1188,-1502,-1502,-1614,-1614,-1401,-1401,-1358,-1358,-1482,-1482,-1528,-1528,-1262,-1262,-1262,-969,-969,-659,-659,-741,-741,-1028,-1028,-1285,-1285,-1256,-1256,-1229,-1229,-1229,-1398,-1398,-1350,-1350,-1202,-1202,-1151,-1151,-1224,-1224,-1249,-1249,-1236,-1236,-1248,-1248,-1339,-1339,-1694,-1694,-1689,-1689,-1711,-1711,-1506,-1506,-1509,-1509,-1586,-1586,-1781,-1781,-2095,-2095,-1878,-1878,-1831,-1831,-1687,-1687,-1398,-1398,-1333,-1737,-1737,-2405,-2405,-2310,-2310,-2174,-2174,-1955,-1955,-2287,-2287,-2573,-2573,-2393,-2393,-2365,-2365,-2419
51,5.132000000000000561,-1355,-1179,-1341,-1341,-1338,-998,-499,-83,-474,-474,-890,-1634,-1634,-1881,-1551,-1551,-1323,-1868,-1868,-1853,-1853,-1912,-1912,-1694,-1560,-1560,-2621,-2621,-3127,-3127,-2149,-2149,-929,-929,-1072,-1072,-1679,-1679,-1377,-610,-610,-1056,-1056,-1743,-1743,-1184,-1184,-640,-640,-163,-163,-147,-147,-719,-719,-875,-875,-732,-314,-99,-850,-850,-1443,-1443,-1530,-1530,-1132,-1132,-648,-648,-470,-470,-657,-741,-668,-512,-387,-321,-53,-53,6,322,448,717,1026,1208,1086,743,743,46,46,263,263,1889,1889,1194,1194,226,226,805,805,1435,1435,1228,1228,272,272,743,743,1570,1570,1458,1458,794,794,330,330,727,727,1419,1419,939,939,730,909,909,607,607,72,72,393,393,389,389,-556,-556,-1318,-1318,-1043,-1043,-1399,-1399,-701,-701,-385,-385,-206,-206,163,163,81,81,253,253,317,317,444,444,-138,-138,-486,-486,-317,-317,-872,-872,-800,-800,-290,-290,-98,-98,-96,-38,-38,-199,-199,-328,-328,-440,-440,-152,-152,-42,-42,180,180,-43,-43,-447,-447,-60,-60,-60,338,338,338,283,283,897,897,1128,1128,345,345,-638,-638,-132,-132,512,512,408,408,340,340,-40,-40,-595,-595,-1289,-1289,-1883,-1883,-1787,-1787,-1342,-1342,-1216,-1216,-1185,-1185,-1144,-1144,-1138,-1138,-1259,-1259,-1336,-1336,-1236,-1236,-1236,-998,-998,-592,-592,-705,-705,-993,-993,-1019,-1019,-1105,-1105,-1168,-1168,-1168,-1254,-1254,-1048,-1048,-1031,-1031,-1117,-1117,-1262,-1262,-1352,-1352,-1147,-1147,-1189,-1189,-1225,-1225,-1348,-1348,-1330,-1330,-1404,-1404,-1307,-1307,-1297,-1297,-1350,-1350,-1382,-1382,-1686,-1686,-1742,-1742,-1696,-1696,-1460,-1460,-1209,-1209,-1186,-1480,-1480,-2025,-2025,-2007,-2007,-1872,-1872,-1767,-1767,-2107,-2107,-2043,-2043,-1727,-1727,-1759,-1759,-1768
52,5.332000000000000739,-1005,-1086,-1304,-1304,-1095,-768,-283,28,-31,-31,-390,-999,-999,-1055,-786,-786,-908,-1446,-1446,-1035,-1035,-996,-996,-776,-783,-783,-1980,-1980,-2064,-2064,-1413,-1413,-839,-839,-788,-788,-1261,-1261,-966,-256,-256,-166,-166,-991,-991,-833,-833,-433,-433,-144,-144,-97,-97,-815,-815,-1115,-1115,-805,-309,78,-498,-498,-1063,-1063,-935,-935,-702,-702,-716,-716,-624,-624,-680,-713,-727,-613,-607,-781,-950,-950,-773,-367,-98,179,505,874,1060,766,766,84,84,758,758,1920,1920,1024,1024,274,274,692,692,1219,1219,1126,1126,281,281,98,98,1077,1077,964,964,801,801,598,598,692,692,1035,1035,768,768,619,811,811,823,823,480,480,588,588,1171,1171,803,803,-694,-694,-760,-760,-733,-733,-418,-418,-257,-257,-54,-54,117,117,42,42,126,126,205,205,410,410,-225,-225,-276,-276,429,429,-209,-209,-355,-355,87,87,211,211,288,300,300,-7,-7,26,26,238,238,460,460,365,365,399,399,11,11,-841,-841,-498,-498,-498,-535,-535,-535,-142,-142,869,869,1323,1323,681,681,-469,-469,-475,-475,40,40,-6,-6,-203,-203,-861,-861,-1418,-1418,-2209,-2209,-2844,-2844,-2822,-2822,-1711,-1711,-1035,-1035,-815,-815,-898,-898,-957,-957,-960,-960,-1065,-1065,-1255,-1255,-1255,-1018,-1018,-612,-612,-710,-710,-855,-855,-828,-828,-926,-926,-934,-934,-934,-939,-939,-707,-707,-786,-786,-1028,-1028,-1195,-1195,-1260,-1260,-991,-991,-1020,-1020,-1114,-1114,-942,-942,-960,-960,-1076,-1076,-1141,-1141,-1106,-1106,-1077,-1077,-1081,-1081,-1207,-1207,-1582,-1582,-1481,-1481,-1211,-1211,-1106,-1106,-1130,-1243,-1243,-1496,-1496,-1583,-1583,-1462,-1462,-1469,-1469,-1803,-1803,-1523,-1523,-1003,-1003,-1143,-1143,-1235
53,5.532000000000000028,-667,-908,-941,-941,-611,-366,-43,139,348,348,95,-294,-294,-191,-110,-110,-495,-714,-714,-202,-202,11,11,187,18,18,-758,-758,-513,-513,-386,-386,-723,-723,-485,-485,-687,-687,-550,3,3,509,509,-226,-226,-454,-454,-244,-244,-125,-125,-115,-115,-714,-714,-1083,-1083,-712,-268,39,-243,-243,-477,-477,-259,-259,-271,-271,-631,-631,-668,-668,-643,-739,-751,-757,-836,-1153,-1596,-1596,-1425,-1144,-892,-678,-460,45,474,480,480,1,1,913,913,1348,1348,595,595,381,381,573,573,776,776,681,681,74,74,-435,-435,509,509,523,523,612,612,646,646,527,527,435,435,482,482,372,542,542,879,879,814,814,682,682,1610,1610,1748,1748,195,195,-400,-400,-71,-71,-174,-174,-361,-361,-290,-290,-490,-490,-461,-461,-550,-550,-463,-463,-408,-408,-806,-806,-451,-451,698,698,476,476,99,99,223,223,295,295,329,256,256,-41,-41,146,146,657,657,873,873,660,660,389,389,-298,-298,-1335,-1335,-1331,-1331,-1331,-1768,-1768,-1768,-1145,-1145,-140,-140,417,417,173,173,-573,-573,-1208,-1208,-928,-928,-996,-996,-1476,-1476,-2184,-2184,-2380,-2380,-2903,-2903,-3375,-3375,-3312,-3312,-2056,-2056,-1066,-1066,-549,-549,-614,-614,-699,-699,-709,-709,-737,-737,-1162,-1162,-1162,-961,-961,-620,-620,-629,-629,-646,-646,-586,-586,-691,-691,-627,-627,-627,-534,-534,-421,-421,-605,-605,-864,-864,-956,-956,-1035,-1035,-774,-774,-763,-763,-798,-798,-555,-555,-618,-618,-785,-785,-966,-966,-924,-924,-892,-892,-853,-853,-938,-938,-1294,-1294,-1115,-1115,-912,-912,-971,-971,-959,-1020,-1020,-997,-997,-1085,-1085,-1103,-1103,-1176,-1176,-1352,-1352,-992,-992,-380,-380,-557,-557,-656
54,5.732000000000000206,-423,-555,-434,-434,-130,50,67,150,544,544,418,309,309,480,236,236,-98,5,5,415,415,654,654,769,545,545,233,233,536,536,305,305,-553,-553,-375,-375,-229,-229,-193,130,130,745,745,327,327,-255,-255,-119,-119,-80,-80,-157,-157,-567,-567,-815,-815,-476,-227,-124,-121,-121,-56,-56,168,168,46,46,-449,-449,-635,-635,-593,-671,-724,-768,-917,-1252,-1714,-1714,-1689,-1669,-1593,-1504,-1525,-1174,-481,-170,-170,-387,-387,333,333,279,279,-141,-141,15,15,192,192,85,85,-218,-218,-397,-397,-876,-876,-221,-221,-35,-35,224,224,281,281,56,56,-336,-336,-14,-14,-42,107,107,626,626,846,846,558,558,1419,1419,1873,1873,838,838,-138,-138,173,173,-299,-299,-709,-709,-1000,-1000,-1393,-1393,-1297,-1297,-1380,-1380,-1354,-1354,-1473,-1473,-1505,-1505,-948,-948,279,279,587,587,192,192,-55,-55,-146,-146,-257,-420,-420,-496,-496,-68,-68,575,575,588,588,337,337,-86,-86,-914,-914,-1886,-1886,-2347,-2347,-2347,-2968,-2968,-2968,-2400,-2400,-1839,-1839,-1349,-1349,-1134,-1134,-1136,-1136,-2092,-2092,-2211,-2211,-2388,-2388,-3254,-3254,-3587,-3587,-3198,-3198,-2998,-2998,-2844,-2844,-2816,-2816,-1921,-1921,-1122,-1122,-457,-457,-377,-377,-497,-497,-426,-426,-439,-439,-870,-870,-870,-744,-744,-531,-531,-519,-519,-467,-467,-411,-411,-450,-450,-361,-361,-361,-271,-271,-234,-234,-402,-402,-535,-535,-611,-611,-690,-690,-533,-533,-496,-496,-537,-537,-230,-230,-297,-297,-479,-479,-726,-726,-669,-669,-617,-617,-556,-556,-609,-609,-931,-931,-746,-746,-567,-567,-687,-687,-728,-778,-778,-463,-463,-616,-616,-711,-711,-823,-823,-818,-818,-444,-444,-18,-18,-61,-61,-212
55,5.932000000000000384,-220,-193,126,126,232,224,106,139,559,559,497,729,729,790,489,489,338,577,577,694,694,827,827,853,659,659,803,803,1030,1030,478,478,-394,-394,-367,-367,14,14,45,163,163,688,688,642,642,-125,-125,-39,-39,-32,-32,-198,-198,-441,-441,-467,-467,-223,-165,-215,-53,-53,226,226,352,352,127,127,-296,-296,-553,-553,-496,-466,-497,-625,-821,-1007,-1267,-1267,-1450,-1703,-1863,-2140,-2379,-2303,-1775,-1329,-1329,-1126,-1126,-693,-693,-1132,-1132,-1169,-1169,-847,-847,-645,-645,-958,-958,-1375,-1375,-1248,-1248,-1456,-1456,-1202,-1202,-819,-819,-757,-757,-606,-606,-944,-944,-1260,-1260,-790,-790,-827,-694,-694,-79,-79,301,301,82,82,542,542,1130,1130,854,854,-231,-231,-115,-115,-733,-733,-1273,-1273,-1832,-1832,-2284,-2284,-1969,-1969,-1954,-1954,-2031,-2031,-2355,-2355,-2185,-2185,-1531,-1531,-738,-738,119,119,-165,-165,-675,-675,-1041,-1041,-1356,-1510,-1510,-1230,-1230,-548,-548,-49,-49,-435,-435,-772,-772,-1075,-1075,-1712,-1712,-2205,-2205,-3059,-3059,-3059,-3636,-3636,-3636,-3327,-3327,-3550,-3550,-3365,-3365,-2645,-2645,-1966,-1966,-2653,-2653,-3201,-3201,-3419,-3419,-4478,-4478,-4291,-4291,-3428,-3428,-2395,-2395,-1625,-1625,-1250,-1250,-1271,-1271,-923,-923,-447,-447,-225,-225,-348,-348,-211,-211,-119,-119,-494,-494,-494,-488,-488,-520,-520,-401,-401,-292,-292,-280,-280,-286,-286,-167,-167,-167,-85,-85,-125,-125,-208,-208,-281,-281,-320,-320,-442,-442,-369,-369,-280,-280,-296,-296,-108,-108,-63,-63,-226,-226,-444,-444,-397,-397,-378,-378,-222,-222,-311,-311,-536,-536,-393,-393,-284,-284,-368,-368,-491,-480,-480,-44,-44,-156,-156,-406,-406,-511,-511,-343,-343,-68,-68,143,143,199,199,115
56,6.132000000000000561,-86,132,405,405,386,286,122,121,353,353,456,829,829,839,558,558,594,776,776,626,626,638,638,571,404,404,796,796,942,942,344,344,-273,-273,-428,-428,34,34,74,92,92,476,476,698,698,-15,-15,-68,-68,2,2,-113,-113,-223,-223,-53,-53,10,-124,-201,15,15,298,298,345,345,122,122,-203,-203,-395,-395,-275,-168,-195,-397,-533,-518,-577,-577,-840,-1212,-1544,-2033,-2481,-2871,-2814,-2368,-2368,-1855,-1855,-1896,-1896,-2229,-2229,-2078,-2078,-1911,-1911,-1717,-1717,-2019,-2019,-2295,-2295,-2049,-2049,-1999,-1999,-2274,-2274,-1809,-1809,-1787,-1787,-1655,-1655,-1990,-1990,-2033,-2033,-1598,-1598,-1579,-1570,-1570,-1104,-1104,-593,-593,-645,-645,-821,-821,-184,-184,124,124,-612,-612,-790,-790,-1297,-1297,-1665,-1665,-2227,-2227,-2550,-2550,-2200,-2200,-1945,-1945,-1979,-1979,-2348,-2348,-2120,-2120,-1738,-1738,-1707,-1707,-901,-901,-936,-936,-1343,-1343,-1976,-1976,-2507,-2568,-2568,-1963,-1963,-1112,-1112,-1019,-1019,-1590,-1590,-2207,-2207,-2239,-2239,-2222,-2222,-1970,-1970,-3156,-3156,-3156,-3345,-3345,-3345,-3339,-3339,-4294,-4294,-4394,-4394,-3535,-3535,-2513,-2513,-2531,-2531,-3126,-3126,-3510,-3510,-4214,-4214,-3785,-3785,-2785,-2785,-1204,-1204,183,183,371,371,-156,-156,-564,-564,-585,-585,-232,-232,-152,-152,-20,-20,75,75,-25,-25,-25,-216,-216,-479,-479,-321,-321,-159,-159,-186,-186,-96,-96,-51,-51,-51,-16,-16,-41,-41,-75,-75,-34,-34,-121,-121,-204,-204,-180,-180,-154,-154,-164,-164,-39,-39,94,94,-24,-24,-124,-124,-97,-97,-57,-57,15,15,-38,-38,-194,-194,-79,-79,-32,-32,-89,-89,-199,-130,-130,233,233,140,140,-93,-93,-213,-213,-36,-36,257,257,151,151,364,364,376
57,6.332000000000000739,-30,213,429,429,398,228,123,73,96,96,289,734,734,732,548,548,614,626,626,328,328,302,302,136,15,15,375,375,389,389,54,54,-137,-137,-370,-370,-32,-32,39,-61,-61,166,166,559,559,165,165,-63,-63,18,18,-98,-98,-61,-61,186,186,122,-102,-154,5,5,222,222,212,212,72,72,-176,-176,-215,-215,-34,57,32,-155,-244,-84,65,65,-163,-519,-845,-1314,-1788,-2522,-3117,-3023,-3023,-2218,-2218,-2423,-2423,-2640,-2640,-2460,-2460,-2564,-2564,-2692,-2692,-2790,-2790,-2668,-2668,-2279,-2279,-2096,-2096,-2819,-2819,-2582,-2582,-2479,-2479,-2394,-2394,-2616,-2616,-2494,-2494,-2273,-2273,-2150,-2257,-2257,-2135,-2135,-1781,-1781,-1563,-1563,-2166,-2166,-1875,-1875,-1065,-1065,-920,-920,-1316,-1316,-1453,-1453,-1521,-1521,-1818,-1818,-1931,-1931,-1733,-1733,-1399,-1399,-1356,-1356,-1420,-1420,-1282,-1282,-1389,-1389,-2392,-2392,-2096,-2096,-1748,-1748,-1875,-1875,-2457,-2457,-2857,-2842,-2842,-2079,-2079,-1418,-1418,-1747,-1747,-2653,-2653,-3188,-3188,-3048,-3048,-2114,-2114,-1210,-1210,-2272,-2272,-2272,-2150,-2150,-2150,-2264,-2264,-3544,-3544,-3981,-3981,-3219,-3219,-2343,-2343,-1700,-1700,-2238,-2238,-2412,-2412,-2437,-2437,-2004,-2004,-1479,-1479,95,95,1281,1281,1423,1423,618,618,-109,-109,-635,-635,-332,-332,-52,-52,138,138,173,173,312,312,312,26,26,-409,-409,-259,-259,-109,-109,-111,-111,-31,-31,-26,-26,-26,33,33,-25,-25,14,14,52,52,-27,-27,-77,-77,-157,-157,-152,-152,-104,-104,-18,-18,147,147,85,85,92,92,52,52,99,99,167,167,115,115,78,78,35,35,102,102,64,64,-18,118,118,409,409,372,372,134,134,9,9,148,148,341,341,121,121,420,420,528
58,6.532000000000000028,104,281,359,359,315,193,139,59,-124,-124,171,560,560,585,519,519,520,361,361,181,181,22,22,-190,-336,-336,31,31,5,5,-68,-68,77,77,-137,-137,-30,-30,65,-119,-119,-16,-16,441,441,366,366,44,44,98,98,-12,-12,196,196,392,392,216,-8,-64,67,67,174,174,116,116,26,26,-187,-187,11,11,227,260,168,51,75,293,453,453,446,258,105,-118,-533,-1258,-2319,-2816,-2816,-1850,-1850,-2011,-2011,-2250,-2250,-2045,-2045,-2306,-2306,-2783,-2783,-2703,-2703,-2126,-2126,-1628,-1628,-1549,-1549,-2547,-2547,-2620,-2620,-2355,-2355,-2177,-2177,-2290,-2290,-2294,-2294,-2311,-2311,-2012,-2343,-2343,-2616,-2616,-2541,-2541,-2277,-2277,-2984,-2984,-2895,-2895,-1927,-1927,-993,-993,-1131,-1131,-898,-898,-566,-566,-480,-480,-553,-553,-730,-730,-446,-446,-291,-291,9,9,47,47,-624,-624,-2238,-2238,-2737,-2737,-2043,-2043,-1856,-1856,-1984,-1984,-1985,-1935,-1935,-1374,-1374,-1266,-1266,-1873,-1873,-2591,-2591,-3044,-3044,-2789,-2789,-1292,-1292,-119,-119,-517,-517,-517,-140,-140,-140,-414,-414,-1421,-1421,-2178,-2178,-1725,-1725,-1301,-1301,-447,-447,-553,-553,-589,-589,499,499,502,502,258,258,1164,1164,1826,1826,1763,1763,1089,1089,309,309,-477,-477,-440,-440,3,3,210,210,199,199,560,560,560,277,277,-208,-208,-144,-144,-7,-7,-29,-29,-18,-18,-6,-6,-6,27,27,-24,-24,2,2,99,99,71,71,36,36,-76,-76,-185,-185,-88,-88,-11,-11,142,142,169,169,220,220,162,162,233,233,224,224,223,223,267,267,144,144,180,180,161,161,151,331,331,494,494,444,444,348,348,255,255,333,333,386,386,139,139,430,430,581
59,6.731999999999999318,282,353,280,280,238,184,168,38,-132,-132,151,445,445,483,502,502,423,175,175,139,139,-47,-47,-293,-417,-417,-210,-210,-218,-218,2,2,346,346,233,233,93,93,174,-14,-14,-8,-8,391,391,564,564,193,193,145,145,131,131,469,469,534,534,316,122,64,171,171,205,205,87,87,-29,-29,-82,-82,223,223,392,338,246,243,351,536,703,703,879,920,981,1002,991,452,-499,-1597,-1597,-804,-804,-855,-855,-1192,-1192,-1025,-1025,-1226,-1226,-1932,-1932,-1768,-1768,-891,-891,-465,-465,-523,-523,-1423,-1423,-1615,-1615,-1310,-1310,-1152,-1152,-1183,-1183,-1306,-1306,-1578,-1578,-1266,-1662,-1662,-2304,-2304,-2493,-2493,-2382,-2382,-2906,-2906,-2947,-2947,-1950,-1950,-641,-641,-362,-362,251,251,650,650,1042,1042,966,966,372,372,499,499,853,853,1281,1281,1232,1232,347,347,-1431,-1431,-2488,-2488,-1703,-1703,-1283,-1283,-940,-940,-418,-231,-231,-135,-135,-745,-745,-1265,-1265,-1443,-1443,-1648,-1648,-1511,-1511,-71,-71,934,934,1236,1236,1236,1494,1494,1494,1288,1288,1105,1105,157,157,143,143,99,99,744,744,974,974,1271,1271,2585,2585,2242,2242,1597,1597,1793,1793,1651,1651,1403,1403,1186,1186,720,720,-66,-66,-352,-352,86,86,294,294,290,290,648,648,648,461,461,105,105,54,54,148,148,139,139,46,46,-7,-7,-7,-8,-8,-39,-39,58,58,123,123,155,155,109,109,-90,-90,-185,-185,-6,-6,100,100,173,173,270,270,317,317,237,237,299,299,291,291,338,338,395,395,257,257,249,249,224,224,252,475,475,477,477,448,448,503,503,451,451,445,445,451,451,318,318,431,431,586
60,6.931999999999999496,469,380,237,237,202,198,214,114,-9,-9,230,315,315,406,438,438,388,168,168,229,229,-24,-24,-193,-252,-252,-176,-176,-194,-194,148,148,510,510,578,578,367,367,329,152,152,59,59,386,386,776,776,382,382,175,175,303,303,682,682,607,607,413,289,245,248,248,217,217,86,86,-40,-40,70,70,469,469,501,347,327,401,555,680,832,832,1118,1381,1543,1786,1959,1849,1424,111,111,358,358,381,381,-31,-31,101,101,142,142,-454,-454,-358,-358,463,463,905,905,726,726,69,69,-148,-148,102,102,117,117,320,320,100,100,-341,-341,-117,-552,-552,-1265,-1265,-1711,-1711,-1855,-1855,-1979,-1979,-1877,-1877,-1061,-1061,24,24,610,610,1459,1459,1804,1804,2164,2164,2081,2081,1339,1339,1151,1151,1556,1556,2021,2021,1921,1921,1026,1026,-239,-239,-1403,-1403,-816,-816,-480,-480,392,392,1280,1499,1499,1000,1000,35,35,-194,-194,266,266,410,410,329,329,999,999,1471,1471,2568,2568,2568,2630,2630,2630,2465,2465,2925,2925,2493,2493,1823,1823,1432,1432,1673,1673,2052,2052,2526,2526,3616,3616,3273,3273,2560,2560,2010,2010,1244,1244,926,926,1058,1058,1011,1011,449,449,6,6,249,249,495,495,402,402,665,665,665,615,615,407,407,240,240,276,276,328,328,169,169,42,42,42,10,10,46,46,175,175,183,183,213,213,202,202,1,1,-34,-34,168,168,266,266,227,227,349,349,424,424,361,361,386,386,399,399,419,419,492,492,348,348,329,329,306,306,390,520,520,404,404,406,406,582,582,620,620,596,596,460,460,414,414,404,404,531
61,7.131999999999999673,565,456,249,249,237,241,217,201,161,161,267,171,171,311,367,367,366,299,299,317,317,92,92,51,61,61,30,30,-35,-35,250,250,582,582,787,787,633,633,524,282,282,144,144,414,414,824,824,472,472,220,220,463,463,816,816,629,629,527,454,398,323,323,257,257,112,112,9,9,299,299,584,584,467,372,378,540,697,753,901,901,1176,1462,1749,2099,2399,2623,2633,1760,1760,1289,1289,1355,1355,964,964,960,960,1236,1236,960,960,939,939,1399,1399,1618,1618,1504,1504,1314,1314,1154,1154,1223,1223,1208,1208,1413,1413,1364,1364,786,786,894,561,561,-74,-74,-531,-531,-729,-729,-612,-612,-536,-536,63,63,626,626,1323,1323,2022,2022,2136,2136,2447,2447,2401,2401,1768,1768,1374,1374,1718,1718,2086,2086,1843,1843,1234,1234,854,854,22,22,92,92,328,328,1328,1328,2217,2487,2487,1693,1693,655,655,761,761,1547,1547,1887,1887,1847,1847,1602,1602,1569,1569,3092,3092,3092,2943,2943,2943,2935,2935,3790,3790,3543,3543,2624,2624,2260,2260,2015,2015,2484,2484,2831,2831,3328,3328,3281,3281,2878,2878,1841,1841,758,758,525,525,901,901,1160,1160,953,953,409,409,411,411,626,626,565,565,576,576,576,643,643,628,628,413,413,398,398,466,466,295,295,104,104,104,49,49,144,144,264,264,255,255,236,236,252,252,179,179,173,173,392,392,449,449,343,343,428,428,519,519,491,491,477,477,481,481,516,516,538,538,455,455,452,452,400,400,464,513,513,372,372,388,388,609,609,696,696,678,678,453,453,485,485,378,378,409
62,7.331999999999999851,551,496,241,241,232,264,213,248,310,310,304,101,101,221,238,238,310,385,385,371,371,195,195,289,374,374,242,242,149,149,294,294,566,566,857,857,768,768,624,386,386,206,206,395,395,721,721,507,507,262,262,604,604,782,782,563,563,547,514,488,378,378,258,258,145,145,145,145,483,483,548,548,382,348,413,574,677,697,784,784,1033,1286,1500,1797,2175,2645,3108,2805,2805,1742,1742,1680,1680,1513,1513,1542,1542,1916,1916,1983,1983,1792,1792,1736,1736,1777,1777,1731,1731,2027,2027,1994,1994,1843,1843,1641,1641,1876,1876,2075,2075,1668,1668,1511,1394,1394,1075,1075,744,744,524,524,953,953,1046,1046,1066,1066,1025,1025,1417,1417,1721,1721,1687,1687,1839,1839,1948,1948,1688,1688,1182,1182,1311,1311,1520,1520,1171,1171,1081,1081,1570,1570,1397,1397,796,796,960,960,1727,1727,2300,2400,2400,1637,1637,971,971,1243,1243,1881,1881,2381,2381,2501,2501,1659,1659,1282,1282,2664,2664,2664,2592,2592,2592,2689,2689,3491,3491,3602,3602,2767,2767,2473,2473,1943,1943,2307,2307,2349,2349,2128,2128,2548,2548,2598,2598,1466,1466,465,465,292,292,707,707,1057,1057,1226,1226,745,745,491,491,655,655,616,616,416,416,416,515,515,665,665,468,468,419,419,505,505,341,341,160,160,160,149,149,263,263,317,317,292,292,232,232,271,271,314,314,370,370,505,505,551,551,399,399,431,431,519,519,522,522,490,490,523,523,491,491,510,510,482,482,455,455,475,475,515,450,450,326,326,400,400,587,587,695,695,657,657,435,435,521,521,359,359,325
63,7.532000000000000028,484,395,173,173,173,193,196,270,401,401,290,37,37,87,108,108,199,429,429,360,360,298,298,436,589,589,345,345,281,281,310,310,509,509,723,723,778,778,588,443,443,193,193,253,253,508,508,465,465,268,268,586,586,576,576,428,428,470,433,433,323,323,213,213,133,133,274,274,520,520,409,409,272,250,398,461,477,499,610,610,729,834,949,1191,1455,1986,2798,3109,3109,1773,1773,1472,1472,1632,1632,1658,1658,2000,2000,2323,2323,1970,1970,1485,1485,1311,1311,1468,1468,2008,2008,2055,2055,1748,1748,1572,1572,1737,1737,2099,2099,1955,1955,1621,1703,1703,1715,1715,1716,1716,1663,1663,2015,2015,1959,1959,1601,1601,1033,1033,1001,1001,836,836,743,743,711,711,1007,1007,1187,1187,713,713,484,484,585,585,335,335,707,707,1793,1793,2061,2061,1270,1270,1277,1277,1608,1608,1657,1594,1594,1055,1055,885,885,1135,1135,1282,1282,1773,1773,2186,2186,1225,1225,808,808,1642,1642,1642,1783,1783,1783,1856,1856,2514,2514,2891,2891,2336,2336,2078,2078,1551,1551,1633,1633,1456,1456,864,864,1566,1566,1945,1945,994,994,279,279,145,145,422,422,729,729,1124,1124,886,886,440,440,475,475,546,546,225,225,225,272,272,505,505,456,456,340,340,382,382,289,289,152,152,152,163,163,253,253,263,263,228,228,168,168,210,210,407,407,475,475,522,522,517,517,375,375,375,375,450,450,453,453,378,378,392,392,402,402,421,421,423,423,392,392,451,451,467,319,319,227,227,324,324,472,472,557,557,555,555,449,449,434,434,314,314,272
64,7.731999999999999318,315,242,56,56,112,164,206,302,394,394,295,51,51,13,12,12,134,373,373,261,261,348,348,518,614,614,422,422,382,382,285,285,369,369,500,500,646,646,561,445,445,194,194,100,100,261,261,325,325,279,279,453,453,345,345,257,257,260,294,319,266,266,168,168,135,135,342,342,476,476,225,225,110,152,250,259,240,200,346,346,304,320,304,432,658,1067,1803,2655,2655,1481,1481,985,985,1414,1414,1481,1481,1664,1664,2095,2095,1727,1727,931,931,564,564,872,872,1497,1497,1565,1565,1336,1336,1274,1274,1284,1284,1564,1564,1643,1643,1310,1619,1619,1937,1937,2232,2232,2427,2427,2496,2496,2302,2302,1608,1608,891,891,385,385,-311,-311,-361,-361,-481,-481,-26,-26,456,456,120,120,-271,-271,-380,-380,-292,-292,394,394,1620,1620,2148,2148,1523,1523,1421,1421,1153,1153,639,406,406,227,227,548,548,494,494,146,146,635,635,1188,1188,633,633,261,261,376,376,376,718,718,718,878,878,989,989,1562,1562,1473,1473,1221,1221,1053,1053,812,812,397,397,-171,-171,658,658,930,930,467,467,133,133,33,33,133,133,335,335,752,752,838,838,337,337,246,246,349,349,83,83,83,38,38,327,327,395,395,264,264,174,174,206,206,181,181,181,210,210,172,172,63,63,124,124,142,142,202,202,422,422,484,484,392,392,331,331,311,311,236,236,261,261,315,315,288,288,244,244,274,274,291,291,283,283,288,288,377,377,379,151,151,130,130,258,258,276,276,375,375,406,406,355,355,362,362,260,260,234
65,7.931999999999999496,168,98,77,77,101,177,259,355,431,431,352,156,156,38,22,22,145,376,376,246,246,411,411,513,583,583,433,433,331,331,290,290,214,214,274,274,475,475,491,443,443,228,228,21,21,69,69,206,206,290,290,303,303,174,174,141,141,168,194,257,208,208,170,170,182,182,357,357,375,375,130,130,45,78,63,63,41,50,131,131,3,-76,-131,-135,-22,244,852,1753,1753,1093,1093,468,468,1010,1010,1142,1142,1172,1172,1510,1510,1254,1254,494,494,7,7,402,402,766,766,771,771,745,745,875,875,860,860,985,985,1185,1185,899,1200,1200,1780,1780,2164,2164,2473,2473,2409,2409,2139,2139,1288,1288,631,631,-63,-63,-846,-846,-969,-969,-1209,-1209,-810,-810,-107,-107,-172,-172,-665,-665,-873,-873,-520,-520,316,316,1300,1300,1727,1727,1520,1520,1366,1366,669,669,-30,-447,-447,-262,-262,227,227,-167,-167,-678,-678,-238,-238,250,250,190,190,-87,-87,-645,-645,-645,-83,-83,-83,-83,-83,-322,-322,163,163,495,495,366,366,574,574,204,204,-317,-317,-502,-502,-2,-2,98,98,10,10,156,156,29,29,-17,-17,40,40,361,361,648,648,288,288,74,74,217,217,30,30,30,-4,-4,226,226,350,350,187,187,11,11,118,118,230,230,230,229,229,30,30,-55,-55,63,63,173,173,238,238,428,428,425,425,287,287,164,164,228,228,127,127,78,78,148,148,191,191,159,159,252,252,229,229,211,211,182,182,290,290,280,141,141,110,110,180,180,162,162,233,233,331,331,339,339,299,299,258,258,242
66,8.131999999999999673,69,1,93,93,175,273,312,373,397,397,327,226,226,71,128,128,230,325,325,261,261,386,386,469,433,433,283,283,284,284,206,206,97,97,88,88,267,267,334,399,399,249,249,14,14,-100,-100,111,111,325,325,147,147,-10,-10,17,17,32,113,154,113,113,147,147,201,201,287,287,229,229,86,86,28,24,-36,-74,-12,52,-41,-41,-190,-331,-416,-463,-487,-324,-72,661,661,622,622,93,93,472,472,623,623,505,505,712,712,681,681,163,163,-235,-235,-7,-7,33,33,97,97,219,219,417,417,439,439,400,400,590,590,439,634,634,1288,1288,1615,1615,1926,1926,1807,1807,1547,1547,745,745,360,360,-136,-136,-806,-806,-1089,-1089,-1404,-1404,-1155,-1155,-495,-495,-179,-179,-575,-575,-828,-828,-357,-357,340,340,770,770,1067,1067,1263,1263,1073,1073,300,300,-445,-820,-820,-422,-422,-38,-38,-502,-502,-881,-881,-653,-653,-411,-411,-27,-27,-247,-247,-1159,-1159,-1159,-778,-778,-778,-856,-856,-1332,-1332,-991,-991,-345,-345,-410,-410,106,106,-257,-257,-577,-577,-348,-348,-355,-355,-540,-540,-290,-290,91,91,81,81,-97,-97,-107,-107,20,20,356,356,262,262,26,26,147,147,47,47,47,81,81,145,145,278,278,139,139,-78,-78,101,101,284,284,284,212,212,15,15,-69,-69,33,33,212,212,298,298,389,389,339,339,183,183,38,38,108,108,101,101,-7,-7,73,73,105,105,150,150,176,176,179,179,183,183,115,115,159,159,193,91,91,93,93,96,96,37,37,79,79,234,234,248,248,228,228,228,228,209
67,8.331999999999998963,-46,-64,163,163,253,313,358,349,321,321,303,227,227,116,233,233,262,256,256,245,245,304,304,335,232,232,191,191,251,251,101,101,-22,-22,-85,-85,60,60,185,303,303,291,291,25,25,-141,-141,55,55,311,311,61,61,-75,-75,-61,-61,-30,39,40,10,10,82,82,195,195,191,191,104,104,65,65,45,-17,-44,-32,34,83,-190,-190,-320,-403,-489,-540,-614,-650,-729,-362,-362,269,269,-111,-111,24,24,143,143,-42,-42,-14,-14,259,259,120,120,-127,-127,-254,-254,-382,-382,-339,-339,-213,-213,15,15,95,95,21,21,67,67,58,131,131,656,656,778,778,956,956,1016,1016,772,772,228,228,96,96,-31,-31,-289,-289,-783,-783,-1041,-1041,-1042,-1042,-563,-563,-29,-29,-177,-177,-423,-423,-21,-21,362,362,342,342,471,471,852,852,648,648,41,41,-412,-704,-704,-243,-243,-83,-83,-378,-378,-400,-400,-437,-437,-459,-459,9,9,-222,-222,-1205,-1205,-1205,-1105,-1105,-1105,-1244,-1244,-1715,-1715,-1552,-1552,-891,-891,-772,-772,-285,-285,-495,-495,-473,-473,21,21,-483,-483,-846,-846,-405,-405,99,99,129,129,-66,-66,-162,-162,-197,-197,114,114,193,193,21,21,59,59,117,117,117,155,155,84,84,145,145,101,101,-59,-59,106,106,323,323,323,236,236,62,62,11,11,51,51,240,240,351,351,308,308,245,245,139,139,17,17,34,34,77,77,-14,-14,-34,-34,50,50,98,98,140,140,123,123,117,117,60,60,43,43,95,53,53,50,50,36,36,27,27,4,4,121,121,146,146,159,159,205,205,194
68,8.532000000000000028,-9,11,233,233,290,305,317,303,244,244,277,252,252,216,319,319,302,214,214,241,241,286,286,176,101,101,121,121,146,146,101,101,-12,-12,-142,-142,-120,-120,76,215,215,296,296,112,112,-136,-136,60,60,268,268,65,65,-75,-75,-60,-60,-2,-21,-84,-102,-102,6,6,195,195,142,142,-16,-16,53,53,23,17,-12,33,98,42,-281,-281,-361,-368,-424,-470,-513,-715,-997,-1052,-1052,-97,-97,-77,-77,-328,-328,-256,-256,-459,-459,-614,-614,-88,-88,189,189,115,115,-281,-281,-461,-461,-505,-505,-448,-448,-368,-368,-145,-145,-215,-215,-238,-238,-192,-203,-203,-48,-48,-41,-41,-104,-104,44,44,-71,-71,-236,-236,-192,-192,113,113,275,275,-165,-165,-304,-304,-520,-520,-346,-346,199,199,307,307,128,128,320,320,344,344,14,14,96,96,418,418,242,242,-29,-29,-151,-295,-295,51,51,31,31,196,196,428,428,166,166,-123,-123,196,196,4,4,-801,-801,-801,-1146,-1146,-1146,-1148,-1148,-1440,-1440,-1517,-1517,-1001,-1001,-715,-715,-560,-560,-517,-517,-124,-124,298,298,-439,-439,-817,-817,-414,-414,94,94,138,138,0,0,-65,-65,-249,-249,-135,-135,141,141,47,47,-18,-18,138,138,138,212,212,59,59,14,14,65,65,92,92,164,164,294,294,294,228,228,164,164,125,125,72,72,231,231,333,333,202,202,131,131,111,111,18,18,7,7,49,49,-3,-3,-47,-47,12,12,52,52,78,78,96,96,60,60,24,24,-18,-18,18,74,74,62,62,5,5,26,26,-11,-11,101,101,85,85,103,103,157,157,189
69,8.731999999999999318,59,116,274,274,241,233,227,176,148,148,182,280,280,290,323,323,253,170,170,224,224,169,169,43,-18,-18,55,55,108,108,81,81,-35,-35,-169,-169,-191,-191,-44,112,112,201,201,134,134,-55,-55,82,82,199,199,59,59,-33,-33,-18,-18,-13,-41,-128,-106,-106,31,31,197,197,115,115,7,7,61,61,73,75,110,117,110,28,-216,-216,-245,-261,-245,-300,-335,-562,-939,-1288,-1288,-292,-292,72,72,-416,-416,-463,-463,-594,-594,-768,-768,-272,-272,221,221,333,333,-169,-169,-201,-201,-323,-323,-394,-394,-446,-446,-301,-301,-279,-279,-365,-365,-233,-330,-330,-517,-517,-562,-562,-785,-785,-628,-628,-629,-629,-462,-462,-315,-315,140,140,571,571,449,449,478,478,201,201,3,3,387,387,638,638,566,566,532,532,334,334,-153,-153,-42,-42,84,84,-26,-26,-30,-30,117,214,214,348,348,320,320,765,765,1146,1146,725,725,321,321,335,335,332,332,-237,-237,-237,-779,-779,-779,-693,-693,-699,-699,-1024,-1024,-718,-718,-420,-420,-668,-668,-413,-413,253,253,319,319,-410,-410,-597,-597,-315,-315,81,81,150,150,28,28,-76,-76,-224,-224,-194,-194,39,39,26,26,-51,-51,133,133,133,151,151,27,27,-42,-42,50,50,234,234,231,231,222,222,222,203,203,286,286,248,248,118,118,129,129,245,245,71,71,69,69,91,91,42,42,-13,-13,53,53,75,75,-23,-23,-15,-15,-7,-7,17,17,20,20,34,34,10,10,-34,-34,3,79,79,61,61,-30,-30,12,12,-34,-34,48,48,60,60,7,7,91,91,149
70,8.932000000000000384,159,223,188,188,135,97,84,64,82,82,135,259,259,300,343,343,233,117,117,186,186,80,80,-46,-81,-81,38,38,77,77,89,89,-24,-24,-164,-164,-166,-166,-129,16,16,140,140,162,162,41,41,127,127,153,153,52,52,37,37,61,61,37,-19,-91,-7,-7,105,105,204,204,93,93,-19,-19,3,3,88,124,145,166,101,14,-90,-90,-30,-17,-20,-23,-80,-268,-631,-1108,-1108,-286,-286,290,290,-283,-283,-466,-466,-540,-540,-603,-603,-307,-307,242,242,331,331,-37,-37,33,33,-34,-34,-176,-176,-316,-316,-257,-257,-248,-248,-306,-306,-110,-248,-248,-678,-678,-776,-776,-1112,-1112,-1017,-1017,-902,-902,-454,-454,-287,-287,94,94,608,608,876,876,1139,1139,829,829,370,370,495,495,747,747,783,783,548,548,235,235,-102,-102,32,32,-40,-40,-160,-160,27,27,323,582,582,487,487,564,564,1170,1170,1542,1542,1073,1073,596,596,386,386,534,534,287,287,287,-237,-237,-237,-43,-43,129,129,-202,-202,-254,-254,-35,-35,-592,-592,-285,-285,380,380,55,55,-398,-398,-414,-414,-204,-204,-61,-61,102,102,31,31,-60,-60,-93,-93,-136,-136,6,6,35,35,-102,-102,94,94,94,106,106,22,22,-57,-57,119,119,369,369,248,248,160,160,160,166,166,310,310,275,275,156,156,80,80,102,102,-18,-18,10,10,74,74,72,72,9,9,69,69,116,116,20,20,-24,-24,-6,-6,-7,-7,39,39,42,42,37,37,-25,-25,-3,84,84,30,30,-70,-70,-19,-19,-25,-25,-3,-3,56,56,-67,-67,22,22,28
71,9.131999999999999673,162,255,163,163,33,-12,-23,7,-18,-18,58,235,235,308,292,292,181,124,124,96,96,56,56,-31,-96,-96,40,40,92,92,118,118,-5,-5,-100,-100,-124,-124,-115,-16,-16,83,83,130,130,97,97,107,107,49,49,139,139,159,159,140,140,62,26,27,84,84,154,154,180,180,61,61,-7,-7,10,10,71,190,163,158,90,18,118,118,163,148,192,203,166,-16,-250,-672,-672,-163,-163,481,481,18,18,-296,-296,-364,-364,-291,-291,-194,-194,121,121,258,258,70,70,304,304,303,303,133,133,-44,-44,-165,-165,-90,-90,-86,-86,54,-53,-53,-541,-541,-683,-683,-977,-977,-938,-938,-748,-748,-235,-235,-108,-108,57,57,522,522,1045,1045,1366,1366,1244,1244,635,635,445,445,602,602,730,730,435,435,102,102,8,8,162,162,-59,-59,-165,-165,-1,-1,343,682,682,526,526,685,685,1211,1211,1441,1441,1082,1082,644,644,344,344,566,566,610,610,610,286,286,286,466,466,867,867,466,466,137,137,181,181,-413,-413,-125,-125,354,354,-324,-324,-430,-430,-247,-247,-159,-159,-123,-123,56,56,54,54,53,53,86,86,-17,-17,38,38,70,70,-59,-59,72,72,72,35,35,18,18,-4,-4,183,183,363,363,286,286,45,45,45,115,115,299,299,276,276,211,211,72,72,-37,-37,-77,-77,-17,-17,51,51,72,72,57,57,51,51,103,103,67,67,13,13,36,36,4,4,17,17,60,60,66,66,23,23,17,54,54,14,14,-55,-55,-39,-39,-49,-49,-51,-51,43,43,-50,-50,-71,-71,-11
72,9.331999999999998963,135,187,28,28,-49,-86,-130,-88,-100,-100,-55,112,112,177,231,231,113,75,75,68,68,11,11,-31,-83,-83,27,27,85,85,86,86,20,20,-44,-44,-68,-68,-83,-31,-31,54,54,118,118,145,145,40,40,18,18,133,133,149,149,141,141,97,68,83,137,137,143,143,82,82,17,17,-12,-12,21,21,44,143,125,80,48,75,258,258,328,337,346,330,286,212,130,-115,-115,-11,-11,526,526,354,354,-54,-54,-65,-65,110,110,-30,-30,74,74,154,154,234,234,443,443,509,509,432,432,227,227,-33,-33,38,38,196,196,215,135,135,-176,-176,-379,-379,-536,-536,-603,-603,-462,-462,-4,-4,118,118,133,133,428,428,981,981,1233,1233,1152,1152,698,698,289,289,341,341,451,451,193,193,-82,-82,58,58,180,180,-76,-76,-156,-156,-25,-25,229,562,562,409,409,665,665,961,961,1026,1026,731,731,489,489,192,192,417,417,675,675,675,683,683,683,782,782,1151,1151,888,888,349,349,214,214,-192,-192,42,42,158,158,-595,-595,-454,-454,-178,-178,-127,-127,-167,-167,23,23,79,79,138,138,197,197,184,184,53,53,106,106,-10,-10,30,30,30,8,8,-6,-6,46,46,198,198,243,243,160,160,-13,-13,-13,79,79,239,239,260,260,246,246,73,73,-96,-96,-112,-112,-47,-47,-14,-14,73,73,102,102,61,61,98,98,91,91,60,60,65,65,41,41,23,23,68,68,103,103,83,83,74,74,74,6,6,12,12,16,16,-36,-36,-50,-50,8,8,-47,-47,-78,-78,-92
73,9.532000000000000028,33,76,-60,-60,-87,-125,-144,-110,-134,-134,-147,-44,-44,-3,73,73,20,41,41,42,42,29,29,-18,-78,-78,-2,-2,91,91,39,39,55,55,57,57,0,0,-71,-82,-82,-13,-13,98,98,122,122,-7,-7,-43,-43,74,74,128,128,94,94,51,41,93,145,145,29,29,-37,-37,-20,-20,-25,-25,14,14,67,112,88,44,26,121,309,309,359,328,339,295,270,259,339,326,326,88,88,472,472,569,569,170,170,162,162,357,357,175,175,24,24,115,115,297,297,407,407,552,552,542,542,395,395,111,111,114,114,304,304,303,270,270,162,162,-5,-5,-35,-35,-215,-215,2,2,181,181,317,317,263,263,233,233,650,650,755,755,830,830,572,572,94,94,80,80,173,173,-100,-100,-280,-280,11,11,51,51,-142,-142,-162,-162,-57,-57,52,309,309,194,194,443,443,521,521,447,447,328,328,212,212,35,35,141,141,528,528,528,752,752,752,733,733,1011,1011,899,899,389,389,157,157,126,126,164,164,-21,-21,-691,-691,-465,-465,-114,-114,-111,-111,-179,-179,32,32,94,94,141,141,220,220,264,264,142,142,94,94,12,12,-14,-14,-14,-15,-15,-47,-47,26,26,113,113,75,75,37,37,-52,-52,-52,60,60,145,145,157,157,235,235,128,128,-117,-117,-77,-77,-75,-75,-61,-61,89,89,123,123,58,58,42,42,64,64,56,56,60,60,26,26,25,25,47,47,119,119,130,130,116,98,98,51,51,103,103,55,55,20,20,-89,-89,-37,-37,-21,-21,-65,-65,-91
74,9.731999999999999318,2,-19,-116,-116,-147,-146,-152,-182,-212,-212,-231,-163,-163,-118,-75,-75,-100,-28,-28,-29,-29,16,16,0,-16,-16,-12,-12,38,38,10,10,37,37,104,104,34,34,-42,-87,-87,-34,-34,19,19,95,95,-68,-68,-85,-85,11,11,48,48,25,25,11,1,70,71,71,-41,-41,-75,-75,-26,-26,-61,-61,11,11,47,65,7,-24,56,140,264,264,309,281,276,215,182,237,390,536,536,186,186,302,302,654,654,269,269,357,357,476,476,323,323,71,71,159,159,366,366,283,283,448,448,574,574,402,402,151,151,175,175,368,368,284,378,378,420,420,284,284,374,374,210,210,288,288,312,312,486,486,396,396,171,171,232,232,212,212,345,345,351,351,-45,-45,-133,-133,-62,-62,-306,-306,-401,-401,-130,-130,-126,-126,-236,-236,-179,-179,-133,-133,-111,-62,-62,-23,-23,117,117,39,39,-243,-243,-167,-167,-103,-103,-164,-164,-188,-188,292,292,292,518,518,518,423,423,540,540,662,662,343,343,86,86,289,289,293,293,-175,-175,-540,-540,-410,-410,-116,-116,-85,-85,-137,-137,-27,-27,123,123,125,125,203,203,220,220,141,141,68,68,20,20,-42,-42,-42,-37,-37,-56,-56,-1,-1,20,20,-35,-35,-103,-103,-75,-75,-75,2,2,29,29,73,73,152,152,83,83,-64,-64,-68,-68,-69,-69,-96,-96,31,31,109,109,58,58,13,13,55,55,39,39,56,56,18,18,12,12,55,55,91,91,149,149,161,129,129,146,146,168,168,119,119,20,20,-96,-96,-50,-50,9,9,-56,-56,-45
75,9.932000000000000384,-63,-87,-153,-153,-152,-131,-157,-239,-256,-256,-231,-236,-236,-276,-234,-234,-173,-75,-75,-32,-32,-26,-26,-33,6,6,-6,-6,-15,-15,-42,-42,31,31,62,62,8,8,-46,-110,-110,-101,-101,-53,-53,0,0,-98,-98,-105,-105,-18,-18,-22,-22,-40,-40,-41,-42,-40,-35,-35,-93,-93,-135,-135,-54,-54,-17,-17,15,15,3,9,-41,-34,18,113,197,197,195,228,97,40,44,89,251,488,488,140,140,75,75,520,520,345,345,351,351,364,364,384,384,158,158,210,210,290,290,84,84,219,219,449,449,338,338,147,147,125,125,296,296,261,386,386,566,566,512,512,604,604,540,540,491,491,433,433,559,559,446,446,36,36,-180,-180,-259,-259,-101,-101,128,128,-72,-72,-169,-169,-185,-185,-363,-363,-421,-421,-271,-271,-343,-343,-332,-332,-156,-156,-83,-83,-209,-302,-302,-202,-202,-274,-274,-455,-455,-673,-673,-550,-550,-312,-312,-347,-347,-418,-418,54,54,54,241,241,241,-48,-48,-103,-103,296,296,269,269,90,90,442,442,305,305,-221,-221,-200,-200,-227,-227,-111,-111,-12,-12,-88,-88,-43,-43,1,1,7,7,77,77,108,108,79,79,53,53,42,42,-119,-119,-119,-113,-113,-57,-57,7,7,-57,-57,-124,-124,-161,-161,-100,-100,-100,-42,-42,-79,-79,-37,-37,24,24,44,44,6,6,-27,-27,-67,-67,-98,-98,-54,-54,66,66,74,74,-44,-44,24,24,70,70,49,49,3,3,30,30,53,53,59,59,114,114,121,105,105,129,129,147,147,85,85,-11,-11,-122,-122,-49,-49,60,60,31,31,-24
76,10.13199999999999967,-165,-170,-176,-176,-178,-147,-192,-235,-217,-217,-168,-300,-300,-364,-323,-323,-260,-122,-122,-52,-52,-81,-81,-94,9,9,13,13,-44,-44,-122,-122,-12,-12,7,7,-27,-27,-30,-99,-99,-108,-108,-87,-87,-94,-94,-156,-156,-151,-151,-106,-106,-90,-90,-69,-69,-109,-120,-95,-98,-98,-103,-103,-136,-136,-98,-98,-51,-51,-26,-26,-36,-48,-61,-8,46,46,71,71,68,32,-53,-119,-105,-37,44,329,329,46,46,-125,-125,275,275,318,318,288,288,158,158,307,307,154,154,210,210,174,174,-86,-86,-20,-20,210,210,188,188,100,100,42,42,185,185,226,339,339,586,586,540,540,619,619,635,635,543,543,490,490,541,541,439,439,-61,-61,-466,-466,-555,-555,-412,-412,-54,-54,-45,-45,-178,-178,-282,-282,-375,-375,-342,-342,-362,-362,-433,-433,-320,-320,-121,-121,-83,-83,-210,-372,-372,-314,-314,-548,-548,-832,-832,-989,-989,-762,-762,-421,-421,-452,-452,-621,-621,-137,-137,-137,-145,-145,-145,-417,-417,-588,-588,-164,-164,148,148,75,75,426,426,206,206,-240,-240,142,142,55,55,-15,-15,38,38,-75,-75,-166,-166,-134,-134,-101,-101,-72,-72,-39,-39,-12,-12,-29,-29,-13,-13,-175,-175,-175,-130,-130,-46,-46,-6,-6,-135,-135,-171,-171,-188,-188,-108,-108,-108,-96,-96,-159,-159,-163,-163,-129,-129,-45,-45,9,9,-15,-15,-57,-57,-124,-124,-130,-130,-3,-3,11,11,-76,-76,-6,-6,47,47,22,22,4,4,-15,-15,13,13,-8,-8,47,47,50,54,54,102,102,90,90,31,31,-15,-15,-90,-90,-87,-87,2,2,49,49,15
77,10.33200000000000074,-165,-199,-171,-171,-145,-149,-168,-138,-108,-108,-135,-251,-251,-319,-332,-332,-289,-118,-118,-84,-84,-138,-138,-118,24,24,49,49,-60,-60,-119,-119,-38,-38,-36,-36,-23,-23,-27,-37,-37,-99,-99,-80,-80,-146,-146,-142,-142,-136,-136,-71,-71,-49,-49,-77,-77,-102,-114,-116,-103,-103,-84,-84,-105,-105,-120,-120,-56,-56,-49,-49,-59,-97,-56,-3,26,-18,-4,-4,-25,-66,-157,-219,-194,-120,-48,129,129,-36,-36,-243,-243,50,50,303,303,211,211,32,32,152,152,88,88,135,135,10,10,-180,-180,-235,-235,-18,-18,3,3,-11,-11,37,37,81,81,97,275,275,449,449,470,470,460,460,550,550,454,454,444,444,458,458,320,320,-70,-70,-490,-490,-639,-639,-571,-571,-235,-235,-57,-57,-177,-177,-315,-315,-239,-239,-185,-185,-355,-355,-366,-366,-238,-238,-77,-77,-21,-21,-172,-339,-339,-370,-370,-633,-633,-972,-972,-1049,-1049,-754,-754,-404,-404,-445,-445,-554,-554,-204,-204,-204,-347,-347,-347,-585,-585,-802,-802,-414,-414,32,32,144,144,337,337,79,79,-139,-139,476,476,432,432,230,230,127,127,-7,-7,-229,-229,-216,-216,-200,-200,-157,-157,-106,-106,-77,-77,-66,-66,-35,-35,-144,-144,-144,-145,-145,-40,-40,-27,-27,-128,-128,-148,-148,-173,-173,-72,-72,-72,-141,-141,-209,-209,-211,-211,-200,-200,-75,-75,2,2,-26,-26,-26,-26,-89,-89,-166,-166,-96,-96,-12,-12,-95,-95,-65,-65,10,10,8,8,-43,-43,-9,-9,-31,-31,-87,-87,-63,-63,-38,2,2,58,58,13,13,-50,-50,-23,-23,0,0,-75,-75,7,7,83,83,82
78,10.53200000000000003,-142,-198,-64,-64,-111,-33,-25,16,31,31,18,-80,-80,-163,-235,-235,-177,-47,-47,-88,-88,-84,-84,-86,27,27,96,96,-51,-51,-49,-49,-29,-29,-17,-17,13,13,9,7,7,-9,-9,-15,-15,-103,-103,-67,-67,-61,-61,-58,-58,-29,-29,-22,-22,-26,-47,-52,-21,-21,-56,-56,-67,-67,-88,-88,-8,-8,-12,-12,-23,-45,-3,68,40,0,-59,-59,-136,-163,-207,-156,-123,-102,-97,-31,-31,-43,-43,-281,-281,-63,-63,332,332,164,164,-68,-68,-61,-61,-32,-32,-64,-64,-132,-132,-177,-177,-265,-265,-186,-186,-162,-162,-89,-89,-51,-51,-55,-55,0,126,126,261,261,289,289,217,217,339,339,262,262,328,328,237,237,125,125,-26,-26,-395,-395,-641,-641,-628,-628,-381,-381,-51,-51,-190,-190,-278,-278,-117,-117,-19,-19,-205,-205,-169,-169,-78,-78,-7,-7,36,36,-14,-179,-179,-289,-289,-534,-534,-870,-870,-794,-794,-491,-491,-243,-243,-297,-297,-319,-319,-171,-171,-171,-328,-328,-328,-471,-471,-687,-687,-486,-486,-89,-89,138,138,238,238,22,22,-55,-55,601,601,744,744,461,461,253,253,67,67,-158,-158,-225,-225,-192,-192,-164,-164,-111,-111,-40,-40,-1,-1,-9,-9,-90,-90,-90,-111,-111,12,12,-53,-53,-99,-99,-113,-113,-120,-120,-45,-45,-45,-124,-124,-134,-134,-129,-129,-192,-192,-101,-101,-16,-16,1,1,15,15,-44,-44,-145,-145,-103,-103,-33,-33,-45,-45,-30,-30,8,8,-13,-13,-23,-23,-35,-35,-63,-63,-82,-82,-86,-86,-81,-68,-68,-8,-8,-17,-17,-52,-52,-24,-24,13,13,-46,-46,20,20,142,142,123
79,10.73199999999999932,-46,-82,31,31,85,93,109,156,246,246,195,96,96,4,-72,-72,-38,-6,-6,6,6,-8,-8,36,117,117,120,120,98,98,-4,-4,-1,-1,34,34,76,76,58,84,84,65,65,54,54,37,37,27,27,35,35,50,50,48,48,68,68,50,98,73,72,72,42,42,44,44,33,33,87,87,75,75,30,16,82,98,97,63,-65,-65,-127,-157,-143,-76,-8,-20,-4,-50,-50,-56,-56,-203,-203,-96,-96,307,307,124,124,-119,-119,-280,-280,-160,-160,-178,-178,-153,-153,-59,-59,-206,-206,-276,-276,-150,-150,-49,-49,-20,-20,-128,-128,-120,-59,-59,22,22,38,38,-73,-73,39,39,-44,-44,70,70,-57,-57,-108,-108,-60,-60,-272,-272,-484,-484,-573,-573,-437,-437,-115,-115,-119,-119,-188,-188,51,51,160,160,3,3,12,12,104,104,105,105,154,154,179,103,103,-67,-67,-232,-232,-517,-517,-393,-393,-161,-161,-31,-31,-113,-113,33,33,-42,-42,-42,-150,-150,-150,-196,-196,-346,-346,-400,-400,-149,-149,179,179,152,152,2,2,63,63,514,514,843,843,565,565,298,298,165,165,-4,-4,-120,-120,-109,-109,-108,-108,-65,-65,-21,-21,83,83,56,56,60,60,60,59,59,71,71,-23,-23,-21,-21,-26,-26,-38,-38,19,19,19,-48,-48,-41,-41,-63,-63,-109,-109,-86,-86,-16,-16,61,61,76,76,51,51,-32,-32,-79,-79,13,13,77,77,24,24,53,53,16,16,12,12,-12,-12,-62,-62,-36,-36,-51,-51,-58,-47,-47,17,17,-6,-6,-4,-4,15,15,87,87,45,45,50,50,124,124,134
80,10.93200000000000038,63,50,129,129,159,167,217,254,333,333,305,218,218,214,92,92,119,74,74,72,72,81,81,94,106,106,132,132,98,98,51,51,-6,-6,76,76,99,99,80,77,77,105,105,69,69,115,115,138,138,148,148,96,96,74,74,56,56,91,133,134,105,105,64,64,96,96,136,136,142,142,131,131,120,104,100,129,125,108,-13,-13,-89,-82,-24,70,129,124,69,-32,-32,-60,-60,-173,-173,-179,-179,146,146,27,27,-127,-127,-352,-352,-314,-314,-244,-244,-169,-169,3,3,-106,-106,-238,-238,-108,-108,54,54,4,4,-232,-232,-200,-195,-195,-231,-231,-206,-206,-256,-256,-230,-230,-257,-257,-304,-304,-292,-292,-335,-335,-132,-132,-213,-213,-337,-337,-433,-433,-429,-429,-100,-100,-40,-40,-28,-28,184,184,278,278,195,195,219,219,266,266,216,216,259,259,356,300,300,135,135,36,36,-30,-30,55,55,152,152,96,96,102,102,235,235,64,64,64,41,41,41,74,74,50,50,-146,-146,-146,-146,138,138,65,65,38,38,122,122,313,313,631,631,467,467,240,240,184,184,90,90,-23,-23,-47,-47,-42,-42,-38,-38,20,20,122,122,113,113,101,101,101,110,110,103,103,38,38,14,14,62,62,100,100,31,31,31,21,21,33,33,24,24,-37,-37,-42,-42,9,9,108,108,115,115,107,107,37,37,-19,-19,59,59,136,136,77,77,64,64,3,3,2,2,-2,-2,-10,-10,-12,-12,-33,-33,-37,-35,-35,12,12,7,7,15,15,40,40,117,117,92,92,50,50,91,91,101
81,11.13199999999999967,161,111,145,145,122,140,205,260,282,282,224,236,236,216,194,194,182,120,120,93,93,85,85,60,45,45,85,85,70,70,54,54,-23,-23,-18,-18,57,57,25,15,15,76,76,90,90,95,95,121,121,145,145,97,97,43,43,30,30,45,40,48,5,5,10,10,79,79,96,96,83,83,66,66,73,48,88,39,41,-11,-98,-98,-114,-80,5,94,151,114,52,-159,-159,-148,-148,-176,-176,-216,-216,-104,-104,-116,-116,-167,-167,-367,-367,-364,-364,-286,-286,-156,-156,56,56,37,37,-176,-176,-107,-107,49,49,-32,-32,-229,-229,-256,-363,-363,-431,-431,-362,-362,-387,-387,-417,-417,-423,-423,-573,-573,-552,-552,-490,-490,-338,-338,-241,-241,-268,-268,-283,-283,-354,-354,-113,-113,71,71,65,65,266,266,275,275,294,294,300,300,289,289,242,242,313,313,413,375,375,332,332,317,317,421,421,399,399,305,305,31,31,156,156,298,298,85,85,85,142,142,142,263,263,310,310,21,21,-121,-121,21,21,-104,-104,18,18,131,131,13,13,171,171,179,179,39,39,46,46,92,92,10,10,-45,-45,-70,-70,-84,-84,-13,-13,45,45,43,43,31,31,31,68,68,45,45,11,11,-2,-2,16,16,66,66,8,8,8,7,7,-5,-5,22,22,3,3,-66,-66,-18,-18,60,60,74,74,54,54,39,39,2,2,15,15,91,91,89,89,23,23,23,23,18,18,-25,-25,-47,-47,-43,-43,-45,-45,-68,-61,-61,-11,-11,3,3,-10,-10,3,3,68,68,39,39,16,16,57,57,66
82,11.33200000000000074,158,84,26,26,50,73,112,122,86,86,76,96,96,126,172,172,105,86,86,47,47,4,4,-20,-65,-65,-35,-35,-3,-3,-36,-36,-71,-71,-31,-31,-72,-72,-64,-49,-49,-28,-28,-8,-8,-14,-14,25,25,61,61,33,33,1,1,-62,-62,-52,-66,-141,-153,-153,-104,-104,-37,-37,-78,-78,-78,-78,-55,-55,-67,-63,-77,-79,-111,-155,-129,-129,-129,-99,8,61,76,39,-82,-286,-286,-289,-289,-236,-236,-339,-339,-440,-440,-308,-308,-201,-201,-363,-363,-339,-339,-295,-295,-161,-161,51,51,41,41,-154,-154,-162,-162,-66,-66,-61,-61,-216,-216,-286,-404,-404,-441,-441,-390,-390,-377,-377,-459,-459,-449,-449,-634,-634,-655,-655,-556,-556,-462,-462,-259,-259,-173,-173,-150,-150,-228,-228,-112,-112,126,126,118,118,182,182,182,182,268,268,223,223,176,176,172,172,247,247,260,312,312,376,376,448,448,582,582,521,521,242,242,-72,-72,110,110,224,224,42,42,42,133,133,133,241,241,392,392,177,177,-75,-75,-92,-92,-220,-220,-23,-23,111,111,-206,-206,-255,-255,-145,-145,-158,-158,-112,-112,-33,-33,-66,-66,-135,-135,-154,-154,-160,-160,-150,-150,-125,-125,-69,-69,-41,-41,-41,-4,-4,-65,-65,-100,-100,-87,-87,-108,-108,-56,-56,-99,-99,-99,-81,-81,-61,-61,-30,-30,-47,-47,-75,-75,-79,-79,-31,-31,-32,-32,-10,-10,-15,-15,-78,-78,-77,-77,-4,-4,-13,-13,-98,-98,-82,-82,-57,-57,-98,-98,-135,-135,-98,-98,-96,-96,-110,-116,-116,-104,-104,-79,-79,-43,-43,-58,-58,-10,-10,-34,-34,-42,-42,-49,-49,-49
83,11.53200000000000003,48,-21,-56,-56,2,-11,28,-25,-62,-62,-86,-14,-14,31,118,118,50,-11,-11,-48,-48,-71,-71,-85,-139,-139,-68,-68,-42,-42,-27,-27,-69,-69,-40,-40,-123,-123,-152,-95,-95,-53,-53,-70,-70,-98,-98,-95,-95,-34,-34,-50,-50,-94,-94,-99,-99,-88,-130,-205,-264,-264,-216,-216,-153,-153,-199,-199,-195,-195,-133,-133,-155,-156,-180,-190,-217,-227,-227,-227,-143,-67,-28,-30,-33,-96,-198,-366,-366,-331,-331,-246,-246,-414,-414,-613,-613,-350,-350,-196,-196,-180,-180,-287,-287,-266,-266,-104,-104,40,40,11,11,-187,-187,-249,-249,-136,-136,-85,-85,-162,-162,-208,-305,-305,-337,-337,-329,-329,-246,-246,-317,-317,-289,-289,-498,-498,-549,-549,-465,-465,-381,-381,-171,-171,-46,-46,-11,-11,-77,-77,-64,-64,88,88,97,97,90,90,37,37,78,78,61,61,-23,-23,-11,-11,36,36,21,199,199,324,324,419,419,609,609,411,411,23,23,-178,-178,70,70,117,117,-48,-48,-48,38,38,38,183,183,364,364,219,219,15,15,-194,-194,-304,-304,-49,-49,38,38,-298,-298,-492,-492,-310,-310,-243,-243,-245,-245,-162,-162,-151,-151,-176,-176,-182,-182,-196,-196,-205,-205,-222,-222,-176,-176,-108,-108,-108,-128,-128,-194,-194,-175,-175,-154,-154,-220,-220,-191,-191,-177,-177,-177,-139,-139,-130,-130,-81,-81,-74,-74,-101,-101,-131,-131,-83,-83,-104,-104,-77,-77,-106,-106,-130,-130,-155,-155,-128,-128,-143,-143,-167,-167,-122,-122,-93,-93,-134,-134,-186,-186,-171,-171,-159,-159,-176,-162,-162,-143,-143,-139,-139,-93,-93,-94,-94,-137,-137,-121,-121,-83,-83,-80,-80,-88
84,11.73199999999999932,-21,-69,-60,-60,19,-11,-20,-61,-133,-133,-164,-53,-53,21,71,71,32,-68,-68,-7,-7,-39,-39,-82,-85,-85,-44,-44,-20,-20,-15,-15,48,48,16,16,-74,-74,-96,-77,-77,-25,-25,-67,-67,-80,-80,-76,-76,-62,-62,-32,-32,-91,-91,-64,-64,-32,-79,-122,-217,-217,-165,-165,-130,-130,-140,-140,-119,-119,-119,-119,-125,-172,-167,-213,-219,-220,-147,-147,-76,-19,24,-18,-51,-70,-159,-272,-272,-252,-252,-128,-128,-308,-308,-495,-495,-206,-206,26,26,103,103,-73,-73,-122,-122,-18,-18,56,56,27,27,-114,-114,-165,-165,-107,-107,-32,-32,-23,-23,-69,-114,-114,-109,-109,-119,-119,-30,-30,-96,-96,-26,-26,-148,-148,-284,-284,-187,-187,-150,-150,67,67,211,211,201,201,151,151,1,1,59,59,56,56,-21,-21,-88,-88,-77,-77,-147,-147,-170,-170,-193,-193,-193,-193,-207,0,0,186,186,288,288,441,441,253,253,-145,-145,-149,-149,112,112,73,73,-55,-55,-55,5,5,5,151,151,248,248,193,193,87,87,-214,-214,-195,-195,-24,-24,40,40,-225,-225,-404,-404,-269,-269,-173,-173,-181,-181,-114,-114,-62,-62,-23,-23,-82,-82,-123,-123,-131,-131,-153,-153,-131,-131,-36,-36,-36,-63,-63,-145,-145,-150,-150,-132,-132,-162,-162,-230,-230,-163,-163,-163,-95,-95,-57,-57,-51,-51,-53,-53,-46,-46,-93,-93,-63,-63,-84,-84,-76,-76,-45,-45,-102,-102,-99,-99,-149,-149,-149,-149,-109,-109,-71,-71,-44,-44,-79,-79,-131,-131,-122,-122,-79,-79,-137,-93,-93,-98,-98,-127,-127,-49,-49,-31,-31,-115,-115,-146,-146,-51,-51,-53,-53,0
85,11.93200000000000038,-16,-3,36,36,83,72,18,-7,-81,-81,-72,-22,-22,88,114,114,125,62,62,89,89,69,69,84,61,61,-14,-14,22,22,115,115,133,133,122,122,70,70,49,26,26,46,46,39,39,51,51,60,60,44,44,27,27,48,48,54,54,124,123,106,41,41,28,28,44,44,74,74,17,17,31,31,30,-25,-12,-61,-41,-45,18,18,72,105,133,97,47,40,19,-26,-26,-21,-21,86,86,-4,-4,-177,-177,75,75,251,251,409,409,247,247,169,169,139,139,102,102,69,69,30,30,-19,-19,18,18,120,120,134,134,132,99,99,114,114,104,104,205,205,225,225,255,255,290,290,167,167,189,189,246,246,393,393,510,510,453,453,366,366,72,72,42,42,17,17,-84,-84,-112,-112,-184,-184,-287,-287,-261,-261,-289,-289,-327,-327,-340,-125,-125,29,29,54,54,156,156,39,39,-182,-182,-20,-20,203,203,116,116,6,6,6,94,94,94,149,149,165,165,204,204,111,111,-68,-68,-28,-28,90,90,117,117,6,6,-116,-116,-43,-43,-30,-30,35,35,51,51,111,111,120,120,104,104,50,50,60,60,57,57,43,43,80,80,80,85,85,51,51,-5,-5,28,28,12,12,-23,-23,29,29,29,51,51,62,62,57,57,70,70,66,66,24,24,5,5,37,37,56,56,75,75,26,26,-24,-24,16,16,5,5,29,29,103,103,75,75,59,59,54,54,77,77,31,31,49,71,71,-17,-17,-15,-15,81,81,73,73,-3,-3,-6,-6,47,47,47,47,70
86,12.13199999999999967,77,153,159,159,146,142,91,58,-35,-35,21,76,76,168,128,128,195,163,163,198,198,212,212,240,155,155,94,94,87,87,166,166,184,184,192,192,137,137,138,112,112,97,97,154,154,172,172,168,168,165,165,87,87,142,142,203,203,210,242,291,270,270,268,268,197,197,231,231,199,199,150,150,158,173,168,132,140,200,193,193,233,224,197,192,164,145,171,224,224,188,188,246,246,276,276,193,193,299,299,374,374,577,577,504,504,402,402,232,232,119,119,97,97,125,125,135,135,153,153,223,223,263,263,276,244,244,205,205,234,234,328,328,367,367,407,407,445,445,430,430,471,471,500,500,602,602,635,635,555,555,471,471,128,128,8,8,40,40,-59,-59,-71,-71,-165,-165,-326,-326,-303,-303,-314,-314,-405,-405,-334,-168,-168,-167,-167,-180,-180,-111,-111,-142,-142,-92,-92,138,138,266,266,145,145,50,50,50,144,144,144,180,180,99,99,123,123,119,119,66,66,150,150,138,138,165,165,204,204,103,103,158,158,223,223,217,217,242,242,295,295,338,338,305,305,227,227,216,216,252,252,245,245,312,312,312,227,227,213,213,200,200,185,185,242,242,227,227,196,196,196,189,189,221,221,195,195,168,168,170,170,132,132,122,122,139,139,170,170,205,205,188,188,162,162,164,164,195,195,206,206,228,228,177,177,212,212,207,207,228,228,239,239,250,235,235,171,171,134,134,198,198,203,203,168,168,153,153,131,131,134,134,134
87,12.33200000000000074,122,215,130,130,121,110,51,48,32,32,51,69,69,108,91,91,173,172,172,163,163,192,192,223,175,175,86,86,57,57,125,125,125,125,94,94,141,141,116,82,82,81,81,138,138,167,167,151,151,143,143,99,99,144,144,173,173,186,208,283,306,306,285,285,232,232,223,223,207,207,171,171,187,255,245,220,202,208,242,242,250,199,227,198,179,197,259,309,309,278,278,327,327,359,359,349,349,310,310,313,313,467,467,573,573,462,462,217,217,20,20,42,42,184,184,175,175,152,152,165,165,243,243,216,202,202,160,160,213,213,288,288,311,311,243,243,350,350,460,460,515,515,540,540,428,428,453,453,401,401,354,354,58,58,-67,-67,-29,-29,-108,-108,-71,-71,-158,-158,-314,-314,-277,-277,-256,-256,-345,-345,-253,-219,-219,-339,-339,-391,-391,-371,-371,-273,-273,-87,-87,193,193,152,152,55,55,49,49,49,107,107,107,108,108,21,21,5,5,19,19,107,107,154,154,73,73,147,147,272,272,216,216,214,214,287,287,295,295,308,308,329,329,363,363,320,320,264,264,242,242,257,257,284,284,307,307,307,271,271,268,268,277,277,293,293,322,322,289,289,297,297,297,246,246,207,207,221,221,214,214,232,232,190,190,177,177,196,196,214,214,256,256,238,238,226,226,222,222,299,299,262,262,250,250,203,203,223,223,279,279,273,273,265,265,315,274,274,233,233,201,201,222,222,213,213,214,214,277,277,192,192,123,123,141
88,12.53200000000000003,79,98,4,4,18,18,-12,2,-10,-10,7,-33,-33,-29,-50,-50,7,55,55,37,37,89,89,68,72,72,-28,-28,-7,-7,-11,-11,-37,-37,-37,-37,1,1,31,-10,-10,-13,-13,18,18,39,39,47,47,45,45,28,28,69,69,72,72,42,50,85,126,126,146,146,107,107,70,70,63,63,83,83,76,135,142,138,108,106,128,128,104,67,77,60,98,105,171,273,273,226,226,170,170,245,245,240,240,126,126,45,45,190,190,398,398,270,270,114,114,-81,-81,-55,-55,71,71,100,100,-11,-11,11,11,69,69,102,45,45,23,23,61,61,97,97,80,80,-66,-66,1,1,146,146,204,204,227,227,157,157,103,103,56,56,47,47,-92,-92,-207,-207,-114,-114,-155,-155,-160,-160,-152,-152,-281,-281,-222,-222,-191,-191,-203,-203,-163,-274,-274,-475,-475,-510,-510,-555,-555,-357,-357,-60,-60,110,110,19,19,-84,-84,-30,-30,-30,13,13,13,-22,-22,-115,-115,-151,-151,-95,-95,31,31,13,13,-131,-131,-32,-32,160,160,150,150,71,71,168,168,189,189,200,200,217,217,213,213,183,183,109,109,98,98,113,113,134,134,206,206,206,124,124,157,157,202,202,210,210,195,195,235,235,207,207,207,162,162,141,141,107,107,142,142,164,164,152,152,109,109,115,115,138,138,164,164,174,174,183,183,174,174,196,196,179,179,110,110,129,129,125,125,180,180,172,172,184,184,211,182,182,105,105,130,130,129,129,93,93,193,193,176,176,114,114,67,67,64
89,12.73199999999999932,-57,-79,-100,-100,-58,-72,-73,-38,-77,-77,-42,-67,-67,-127,-141,-141,-109,-68,-68,-75,-75,-77,-77,-86,-91,-91,-77,-77,-88,-88,-128,-128,-120,-120,-120,-120,-106,-106,-88,-39,-39,-78,-78,-109,-109,-103,-103,-118,-118,-75,-75,-92,-92,-70,-70,-42,-42,-111,-121,-106,-37,-37,-38,-38,-46,-46,-71,-71,-61,-61,-31,-31,-42,-25,-33,-43,-65,-59,-54,-54,-49,-50,-45,-57,-37,-33,26,85,85,60,60,-62,-62,-49,-49,18,18,-132,-132,-209,-209,-158,-158,59,59,54,54,-44,-44,-146,-146,-134,-134,-9,-9,1,1,-140,-140,-200,-200,-126,-126,-108,-105,-105,-144,-144,-80,-80,-137,-137,-178,-178,-374,-374,-344,-344,-232,-232,-230,-230,-164,-164,-228,-228,-287,-287,-288,-288,-257,-257,-228,-228,-272,-272,-219,-219,-174,-174,-182,-182,-158,-158,-171,-171,-94,-94,-49,-49,-8,-8,13,-274,-274,-488,-488,-487,-487,-521,-521,-330,-330,-25,-25,43,43,-132,-132,-179,-179,-131,-131,-131,-148,-148,-148,-199,-199,-200,-200,-315,-315,-184,-184,-72,-72,-157,-157,-282,-282,-187,-187,-61,-61,-9,-9,-79,-79,12,12,41,41,-6,-6,58,58,40,40,15,15,-8,-8,-49,-49,-76,-76,-44,-44,-21,-21,-21,-16,-16,2,2,58,58,86,86,85,85,62,62,47,47,47,32,32,-14,-14,-5,-5,10,10,37,37,59,59,-2,-2,-9,-9,19,19,32,32,83,83,47,47,16,16,20,20,6,6,-32,-32,-32,-32,-4,-4,-2,-2,46,46,60,60,66,46,46,8,8,-11,-11,16,16,-1,-1,39,39,88,88,28,28,18,18,14
90,12.93200000000000038,-133,-139,-103,-103,-84,-82,-80,-47,-29,-29,36,-43,-43,-124,-145,-145,-160,-146,-146,-97,-97,-125,-125,-145,-154,-154,-91,-91,-69,-69,-130,-130,-115,-115,-105,-105,-90,-90,-50,-43,-43,-43,-43,-101,-101,-124,-124,-82,-82,-88,-88,-88,-88,-63,-63,-102,-102,-122,-146,-105,-64,-64,-95,-95,-94,-94,-113,-113,-94,-94,-70,-70,-108,-91,-106,-139,-139,-85,-105,-105,-93,-67,-66,-93,-94,-82,-67,-17,-17,-57,-57,-202,-202,-262,-262,-216,-216,-280,-280,-325,-325,-319,-319,-186,-186,-80,-80,-128,-128,-81,-81,-94,-94,2,2,56,56,-77,-77,-213,-213,-200,-200,-182,-171,-171,-165,-165,-113,-113,-178,-178,-254,-254,-361,-361,-369,-369,-408,-408,-386,-386,-356,-356,-411,-411,-418,-418,-397,-397,-357,-357,-218,-218,-155,-155,-104,-104,-91,-91,-111,-111,-85,-85,38,38,127,127,155,155,210,210,165,-123,-123,-275,-275,-266,-266,-309,-309,-155,-155,133,133,78,78,-100,-100,-151,-151,-110,-110,-110,-203,-203,-203,-235,-235,-245,-245,-275,-275,-161,-161,-136,-136,-226,-226,-276,-276,-261,-261,-144,-144,-127,-127,-151,-151,-87,-87,-28,-28,-41,-41,-36,-36,-53,-53,-72,-72,-36,-36,-71,-71,-120,-120,-89,-89,-86,-86,-86,-97,-97,-108,-108,-35,-35,-37,-37,-33,-33,-16,-16,-17,-17,-17,-46,-46,-94,-94,-81,-81,-56,-56,-13,-13,5,5,-32,-32,-65,-65,-57,-57,-21,-21,14,14,-29,-29,-77,-77,-88,-88,-70,-70,-80,-80,-91,-91,-70,-70,-52,-52,-33,-33,-30,-30,-52,-38,-38,-40,-40,-55,-55,-53,-53,-43,-43,34,34,25,25,-43,-43,-17,-17,-4
91,13.13199999999999967,-48,-60,24,24,7,23,20,33,117,117,110,50,50,28,-30,-30,-46,-50,-50,-21,-21,-49,-49,-68,-90,-90,-17,-17,-48,-48,-31,-31,-30,-30,28,28,61,61,22,47,47,9,9,-57,-57,-27,-27,25,25,13,13,7,7,15,15,-8,-8,-28,-54,7,13,13,10,10,-19,-19,13,13,8,8,-27,-27,1,-56,-83,-122,-32,-3,22,22,44,23,5,-36,-38,-71,-85,-38,-38,-64,-64,-233,-233,-310,-310,-276,-276,-267,-267,-287,-287,-328,-328,-201,-201,-93,-93,-139,-139,-66,-66,-49,-49,121,121,180,180,128,128,-10,-10,-120,-120,-86,-51,-51,20,20,-38,-38,-84,-84,-115,-115,-111,-111,-54,-54,-188,-188,-245,-245,-277,-277,-273,-273,-294,-294,-202,-202,-224,-224,-49,-49,69,69,84,84,130,130,57,57,92,92,311,311,390,390,366,366,406,406,335,60,60,62,62,85,85,17,17,144,144,305,305,181,181,12,12,-2,-2,12,12,12,-172,-172,-172,-208,-208,-188,-188,-149,-149,-12,-12,-72,-72,-176,-176,-138,-138,-177,-177,-98,-98,-98,-98,-110,-110,-63,-63,-32,-32,-21,-21,-22,-22,-78,-78,-27,-27,23,23,-2,-2,-3,-3,-22,-22,-39,-39,-39,-65,-65,-49,-49,-20,-20,12,12,-32,-32,-5,-5,-4,-4,-4,-32,-32,-55,-55,-49,-49,-53,-53,-8,-8,13,13,-10,-10,-29,-29,-7,-7,-1,-1,22,22,7,7,-33,-33,-58,-58,-13,-13,-2,-2,-23,-23,-22,-22,13,13,-19,-19,-43,-43,-45,-42,-42,-35,-35,-39,-39,-52,-52,-40,-40,26,26,61,61,20,20,16,16,29
92,13.33200000000000074,96,89,158,158,147,126,116,128,184,184,214,190,190,191,102,102,121,113,113,85,85,83,83,84,50,50,58,58,100,100,87,87,88,88,79,79,107,107,134,126,126,114,114,106,106,96,96,118,118,135,135,144,144,140,140,115,115,113,121,127,136,136,157,157,131,131,107,107,102,102,60,60,53,60,37,78,109,129,195,195,158,136,83,47,37,13,-2,11,11,5,5,-74,-74,-192,-192,-196,-196,-119,-119,-110,-110,-168,-168,-138,-138,-64,-64,-68,-68,-39,-39,62,62,239,239,294,294,329,329,226,226,108,108,88,136,136,185,185,143,143,110,110,130,130,268,268,316,316,237,237,50,50,93,93,11,11,51,51,114,114,73,73,212,212,317,317,304,304,312,312,218,218,276,276,532,532,519,519,480,480,479,479,367,318,318,388,388,419,419,353,353,381,381,407,407,240,240,145,145,113,113,64,64,64,-114,-114,-114,-180,-180,-118,-118,70,70,126,126,10,10,75,75,112,112,83,83,72,72,56,56,35,35,30,30,43,43,-10,-10,39,39,20,20,73,73,109,109,121,121,146,146,125,125,85,85,85,70,70,74,74,85,85,75,75,114,114,106,106,73,73,73,40,40,47,47,32,32,19,19,47,47,41,41,67,67,74,74,60,60,74,74,74,74,55,55,64,64,50,50,106,106,97,97,40,40,28,28,63,63,40,40,22,22,13,54,54,41,41,42,42,37,37,41,41,112,112,127,127,52,52,56,56,96
93,13.53200000000000003,218,224,241,241,218,170,162,185,238,238,220,213,213,296,236,236,245,202,202,197,197,198,198,159,152,152,132,132,94,94,142,142,110,110,104,104,157,157,169,146,146,137,137,146,146,134,134,171,171,206,206,219,219,205,205,172,172,175,176,169,181,181,212,212,182,182,173,173,171,171,147,147,120,143,109,152,176,229,226,226,204,174,121,101,101,116,111,91,91,130,130,130,130,45,45,-23,-23,76,76,85,85,29,29,-53,-53,-11,-11,-3,-3,-12,-12,111,111,237,237,285,285,351,351,372,372,246,246,204,281,281,341,341,283,283,294,294,326,326,569,569,650,650,549,549,451,451,330,330,259,259,315,315,356,356,294,294,365,365,448,448,403,403,366,366,322,322,364,364,541,541,508,508,416,416,393,393,275,373,373,557,557,561,561,535,535,502,502,356,356,221,221,140,140,126,126,50,50,50,-78,-78,-78,-71,-71,6,6,264,264,237,237,140,140,287,287,374,374,320,320,302,302,254,254,171,171,112,112,121,121,72,72,124,124,103,103,105,105,160,160,203,203,207,207,188,188,138,138,138,147,147,150,150,131,131,141,141,127,127,115,115,135,135,135,143,143,123,123,92,92,60,60,63,63,139,139,103,103,106,106,99,99,83,83,105,105,128,128,134,134,135,135,123,123,97,97,124,124,78,78,99,99,79,79,42,42,65,83,83,122,122,88,88,77,77,77,77,87,87,112,112,72,72,47,47,86
94,13.73199999999999932,267,243,229,229,227,189,175,195,209,209,224,266,266,280,284,284,241,249,249,206,206,174,174,211,159,159,152,152,120,120,106,106,126,126,107,107,134,134,98,165,165,118,118,154,154,149,149,161,161,179,179,207,207,184,184,164,164,171,132,125,151,151,173,173,185,185,146,146,170,170,141,141,122,142,143,148,197,193,192,192,138,100,85,67,73,135,167,160,160,252,252,304,304,286,286,193,193,198,198,182,182,106,106,-26,-26,21,21,63,63,13,13,107,107,183,183,193,193,239,239,292,292,282,282,221,327,327,386,386,355,355,356,356,363,363,604,604,655,655,681,681,610,610,442,442,457,457,455,455,471,471,392,392,403,403,455,455,318,318,325,325,305,305,319,319,402,402,268,268,188,188,114,114,86,306,306,492,492,483,483,498,498,443,443,207,207,76,76,39,39,-39,-39,16,16,16,-1,-1,-1,21,21,172,172,346,346,283,283,288,288,499,499,576,576,550,550,487,487,411,411,273,273,157,157,122,122,112,112,90,90,114,114,120,120,142,142,174,174,156,156,129,129,117,117,117,129,129,155,155,152,152,165,165,150,150,118,118,134,134,134,121,121,126,126,96,96,76,76,79,79,93,93,102,102,107,107,85,85,51,51,94,94,93,93,121,121,134,134,98,98,66,66,107,107,101,101,76,76,72,72,54,54,76,98,98,109,109,66,66,53,53,52,52,92,92,97,97,70,70,65,65,28
95,13.93200000000000038,238,176,187,187,187,166,171,183,170,170,160,205,205,245,254,254,247,261,261,199,199,191,191,120,161,161,142,142,115,115,124,124,106,106,107,107,103,103,86,87,87,133,133,121,121,158,158,131,131,149,149,142,142,154,154,139,139,85,66,60,99,99,108,108,125,125,106,106,119,119,64,64,63,87,133,116,132,130,133,133,69,47,4,100,94,190,254,272,272,324,324,437,437,435,435,347,347,286,286,240,240,238,238,19,19,-5,-5,64,64,111,111,123,123,119,119,121,121,49,49,136,136,199,199,208,259,259,349,349,319,319,332,332,295,295,389,389,441,441,526,526,521,521,420,420,511,511,470,470,425,425,368,368,323,323,307,307,236,236,211,211,183,183,164,164,137,137,-23,-23,-13,-13,-109,-109,-113,145,145,314,314,325,325,362,362,259,259,32,32,-81,-81,-130,-130,-143,-143,-37,-37,-37,38,38,38,147,147,321,321,412,412,347,347,469,469,632,632,679,679,592,592,497,497,427,427,318,318,224,224,111,111,104,104,73,73,79,79,47,47,82,82,88,88,117,117,44,44,65,65,65,83,83,79,79,104,104,124,124,99,99,129,129,94,94,94,114,114,89,89,81,81,81,81,94,94,103,103,88,88,72,72,59,59,25,25,43,43,103,103,75,75,64,64,86,86,56,56,84,84,70,70,39,39,61,61,82,82,61,75,75,111,111,85,85,42,42,43,43,82,82,41,41,54,54,25,25,33
96,14.13199999999999967,185,144,147,147,129,142,120,127,137,137,116,205,205,164,235,235,207,245,245,213,213,176,176,135,150,150,128,128,150,150,105,105,97,97,78,78,79,79,61,81,81,81,81,98,98,153,153,121,121,86,86,126,126,114,114,145,145,110,66,67,75,75,89,89,59,59,72,72,84,84,59,59,40,78,50,62,73,75,57,57,24,7,39,100,184,207,280,310,310,317,317,474,474,505,505,399,399,292,292,226,226,246,246,114,114,-14,-14,87,87,152,152,154,154,86,86,44,44,-8,-8,-33,-33,121,121,133,178,178,206,206,206,206,151,151,164,164,106,106,115,115,219,219,317,317,296,296,382,382,392,392,326,326,288,288,211,211,108,108,128,128,105,105,78,78,47,47,-100,-100,-200,-200,-261,-261,-268,-268,-176,-22,-22,58,58,131,131,190,190,117,117,-69,-69,-205,-205,-217,-217,-177,-177,46,46,46,203,203,203,311,311,488,488,450,450,438,438,583,583,677,677,595,595,434,434,340,340,260,260,254,254,124,124,133,133,123,123,64,64,33,33,56,56,48,48,75,75,45,45,27,27,26,26,26,68,68,93,93,93,93,90,90,111,111,91,91,73,73,73,82,82,63,63,92,92,111,111,96,96,84,84,88,88,59,59,46,46,6,6,45,45,68,68,99,99,70,70,71,71,70,70,89,89,94,94,68,68,72,72,99,99,65,79,79,88,88,80,80,50,50,58,58,55,55,38,38,29,29,41,41,39
97,14.33200000000000074,142,127,120,120,61,77,82,78,71,71,80,131,131,92,172,172,186,191,191,174,174,138,138,87,72,72,110,110,104,104,85,85,74,74,76,76,90,90,88,57,57,62,62,112,112,125,125,84,84,104,104,61,61,111,111,123,123,92,68,80,87,87,103,103,57,57,49,49,53,53,30,30,41,48,75,55,43,42,70,70,19,38,45,135,172,202,259,286,286,253,253,353,353,429,429,383,383,238,238,199,199,250,250,147,147,44,44,79,79,167,167,171,171,61,61,-7,-7,-19,-19,-38,-38,-12,-12,20,50,50,106,106,47,47,-12,-12,70,70,-96,-96,-157,-157,-12,-12,70,70,129,129,198,198,193,193,214,214,170,170,104,104,-13,-13,31,31,29,29,-2,-2,-58,-58,-218,-218,-294,-294,-328,-328,-332,-332,-200,-108,-108,-139,-139,-72,-72,1,1,-29,-29,-191,-191,-247,-247,-249,-249,-88,-88,217,217,217,355,355,355,431,431,539,539,481,481,491,491,579,579,450,450,288,288,140,140,-2,-2,42,42,92,92,68,68,128,128,101,101,64,64,22,22,20,20,44,44,66,66,57,57,24,24,3,3,3,40,40,67,67,75,75,61,61,65,65,118,118,69,69,69,41,41,74,74,94,94,93,93,64,64,88,88,70,70,48,48,37,37,38,38,56,56,73,73,57,57,71,71,52,52,100,100,70,70,101,101,106,106,67,67,72,72,74,85,85,65,65,63,63,50,50,22,22,63,63,59,59,62,62,53,53,58
98,14.53200000000000003,108,115,35,35,-21,-24,12,-10,13,13,-27,6,6,3,93,93,68,129,129,113,113,91,91,34,25,25,47,47,96,96,45,45,1,1,35,35,33,33,44,40,40,40,40,33,33,68,68,17,17,42,42,32,32,74,74,86,86,51,20,6,51,51,48,48,14,14,13,13,-10,-10,20,20,-1,4,32,48,31,-18,13,13,56,48,65,93,164,164,114,99,99,81,81,143,143,242,242,259,259,173,173,148,148,222,222,193,193,5,5,16,16,128,128,83,83,-30,-30,-54,-54,-108,-108,-115,-115,-104,-104,-69,-70,-70,-101,-101,-148,-148,-178,-178,-127,-127,-251,-251,-340,-340,-308,-308,-192,-192,-125,-125,-73,-73,-85,-85,-57,-57,23,23,-65,-65,-132,-132,-109,-109,-72,-72,-76,-76,-115,-115,-240,-240,-267,-267,-290,-290,-254,-254,-165,-163,-163,-321,-321,-258,-258,-186,-186,-186,-186,-226,-226,-277,-277,-129,-129,81,81,325,325,325,396,396,396,395,395,424,424,344,344,413,413,391,391,36,36,-165,-165,-309,-309,-362,-362,-273,-273,-128,-128,-50,-50,46,46,30,30,-11,-11,15,15,28,28,8,8,47,47,24,24,14,14,-4,-4,-4,8,8,26,26,-7,-7,-5,-5,34,34,63,63,5,5,5,9,9,25,25,54,54,61,61,21,21,32,32,35,35,19,19,-9,-9,28,28,30,30,1,1,5,5,15,15,28,28,47,47,78,78,72,72,72,72,45,45,65,65,53,73,73,52,52,58,58,26,26,36,36,61,61,85,85,67,67,51,51,18
99,14.73199999999999932,14,23,-79,-79,-101,-100,-79,-61,-107,-107,-95,-114,-114,-145,-71,-71,-64,12,12,19,19,-7,-7,-43,-57,-57,12,12,26,26,-15,-15,-67,-67,-35,-35,-39,-39,-36,-34,-34,-34,-34,-17,-17,-46,-46,-45,-45,-40,-40,-8,-8,-31,-31,-29,-29,-42,-74,-116,-68,-68,-42,-42,-44,-44,-43,-43,-57,-57,-44,-44,-44,-67,-41,-59,-52,-97,-60,-60,-14,-2,58,24,70,9,-37,-75,-75,-98,-98,-65,-65,22,22,88,88,59,59,40,40,83,83,113,113,22,22,-11,-11,55,55,2,2,-96,-96,-139,-139,-154,-154,-221,-221,-145,-145,-162,-185,-185,-243,-243,-263,-263,-281,-281,-209,-209,-310,-310,-442,-442,-421,-421,-391,-391,-354,-354,-341,-341,-344,-344,-305,-305,-185,-185,-186,-186,-256,-256,-254,-254,-207,-207,-186,-186,-171,-171,-200,-200,-193,-193,-204,-204,-155,-155,-127,-231,-231,-382,-382,-358,-358,-298,-298,-252,-252,-224,-224,-168,-168,51,51,275,275,306,306,306,291,291,291,287,287,214,214,176,176,206,206,-62,-62,-456,-456,-701,-701,-646,-646,-634,-634,-502,-502,-264,-264,-150,-150,-44,-44,-47,-47,-75,-75,-77,-77,-16,-16,-56,-56,-26,-26,-36,-36,-42,-42,-59,-59,-59,-83,-83,-55,-55,-50,-50,-62,-62,-58,-58,-74,-74,-49,-49,-49,-38,-38,-12,-12,-21,-21,-23,-23,-26,-26,-10,-10,-19,-19,-13,-13,-53,-53,-51,-51,-33,-33,-46,-46,-67,-67,-63,-63,-72,-72,-42,-42,-3,-3,-21,-21,-46,-46,-18,-18,-6,-6,-6,12,12,14,14,3,3,3,3,-19,-19,17,17,21,21,6,6,16,16,-26
100,14.93200000000000038,-48,-66,-161,-161,-140,-101,-64,-62,-99,-99,-121,-96,-96,-147,-135,-135,-175,-31,-31,-33,-33,-81,-81,-82,-59,-59,7,7,11,11,-48,-48,-34,-34,-38,-38,-64,-64,-93,-49,-49,-19,-19,-61,-61,-83,-83,-58,-58,-61,-61,-60,-60,-79,-79,-77,-77,-89,-110,-131,-103,-103,-95,-95,-60,-60,-104,-104,-82,-82,-85,-85,-70,-85,-61,-79,-116,-121,-66,-66,-32,-9,-6,-6,-63,-86,-115,-204,-204,-210,-210,-192,-192,-89,-89,-41,-41,3,3,-25,-25,-30,-30,59,59,52,52,-4,-4,-9,-9,-49,-49,-151,-151,-174,-174,-169,-169,-192,-192,-235,-235,-203,-223,-223,-262,-262,-293,-293,-271,-271,-242,-242,-314,-314,-379,-379,-488,-488,-464,-464,-447,-447,-503,-503,-553,-553,-500,-500,-326,-326,-268,-268,-282,-282,-340,-340,-288,-288,-206,-206,-152,-152,-82,-82,-29,-29,17,17,3,3,-35,-175,-175,-280,-280,-299,-299,-336,-336,-252,-252,-115,-115,55,55,332,332,425,425,260,260,260,132,132,132,118,118,-1,-1,-18,-18,-69,-69,-446,-446,-819,-819,-876,-876,-780,-780,-649,-649,-481,-481,-311,-311,-92,-92,-65,-65,-106,-106,-123,-123,-113,-113,-56,-56,-45,-45,-44,-44,-67,-67,-35,-35,-86,-86,-86,-111,-111,-88,-88,-92,-92,-111,-111,-104,-104,-111,-111,-87,-87,-87,-60,-60,-61,-61,-70,-70,-57,-57,-49,-49,-46,-46,-23,-23,-48,-48,-87,-87,-94,-94,-52,-52,-82,-82,-116,-116,-112,-112,-89,-89,-93,-93,-21,-21,-46,-46,-91,-91,-54,-54,-29,-29,-30,3,3,-35,-35,-9,-9,-36,-36,-4,-4,-43,-43,-28,-28,-8,-8,19,19,-2
101,15.13199999999999967,-81,-105,-53,-53,-57,-27,-41,-34,-4,-4,-11,-47,-47,-49,-78,-78,-109,-59,-59,-43,-43,-54,-54,-13,14,14,8,8,5,5,8,8,42,42,10,10,15,15,-2,12,12,10,10,-13,-13,2,2,-6,-6,-13,-13,-41,-41,-24,-24,-39,-39,-19,-40,-32,-8,-8,-21,-21,-17,-17,-17,-17,-60,-60,-31,-31,-9,5,-20,-66,-39,-74,-12,-12,14,26,29,-8,-71,-77,-138,-202,-202,-160,-160,-155,-155,-85,-85,-46,-46,36,36,31,31,15,15,84,84,182,182,101,101,18,18,-46,-46,-38,-38,-32,-32,-28,-28,-91,-91,-121,-121,-96,-149,-149,-169,-169,-141,-141,-111,-111,-137,-137,-177,-177,-189,-189,-281,-281,-342,-342,-399,-399,-471,-471,-530,-530,-475,-475,-319,-319,-222,-222,-233,-233,-269,-269,-205,-205,-105,-105,-19,-19,74,74,207,207,240,240,240,240,141,-45,-45,-24,-24,-119,-119,-198,-198,-118,-118,118,118,411,411,593,593,506,506,199,199,199,56,56,56,-12,-12,-127,-127,-176,-176,-297,-297,-691,-691,-798,-798,-743,-743,-580,-580,-415,-415,-255,-255,-152,-152,-9,-9,14,14,4,4,-100,-100,-45,-45,33,33,-3,-3,1,1,42,42,-7,-7,2,2,2,1,1,29,29,-4,-4,-29,-29,-27,-27,-82,-82,-48,-48,-48,-17,-17,-31,-31,-27,-27,-37,-37,-10,-10,-3,-3,-12,-12,-16,-16,-19,-19,-60,-60,-30,-30,-60,-60,-58,-58,-31,-31,-32,-32,-46,-46,14,14,7,7,-37,-37,-26,-26,-8,-8,2,53,53,19,19,20,20,-3,-3,12,12,11,11,9,9,14,14,43,43,51
102,15.33200000000000074,-42,-18,42,42,67,69,71,60,88,88,129,115,115,70,25,25,3,-13,-13,19,19,39,39,93,94,94,84,84,74,74,83,83,76,76,72,72,55,55,59,63,63,33,33,37,37,65,65,98,98,61,61,45,45,32,32,68,68,59,103,114,112,112,104,104,69,69,71,71,51,51,82,82,89,102,96,49,48,86,157,157,114,128,85,56,29,-11,-25,-38,-38,-28,-28,-12,-12,-34,-34,31,31,123,123,143,143,174,174,241,241,327,327,253,253,86,86,55,55,106,106,185,185,236,236,135,135,97,97,100,73,73,19,19,84,84,124,124,82,82,72,72,64,64,-29,-29,-108,-108,-150,-150,-240,-240,-306,-306,-306,-306,-194,-194,-90,-90,-22,-22,-69,-69,-13,-13,90,90,172,172,294,294,431,431,493,493,414,414,324,182,182,217,217,164,164,73,73,175,175,432,432,672,672,689,689,438,438,117,117,117,-7,-7,-7,-61,-61,-173,-173,-223,-223,-452,-452,-673,-673,-538,-538,-306,-306,-162,-162,-16,-16,11,11,54,54,77,77,126,126,84,84,26,26,75,75,108,108,89,89,100,100,103,103,129,129,86,86,86,90,90,102,102,90,90,44,44,74,74,91,91,72,72,72,74,74,45,45,34,34,67,67,64,64,60,60,46,46,69,69,43,43,51,51,72,72,65,65,64,64,93,93,80,80,60,60,76,76,92,92,79,79,90,90,85,85,84,61,61,80,80,77,77,74,74,95,95,77,77,68,68,84,84,76,76,88
103,15.53200000000000003,32,74,112,112,93,75,88,94,145,145,133,166,166,151,124,124,77,72,72,79,79,69,69,93,114,114,100,100,102,102,59,59,54,54,61,61,133,133,118,81,81,47,47,93,93,117,117,98,98,107,107,83,83,88,88,134,134,104,105,147,144,144,132,132,102,102,130,130,84,84,106,106,133,134,137,119,110,153,189,189,186,143,91,82,69,35,57,60,60,86,86,98,98,78,78,78,78,118,118,214,214,221,221,305,305,385,385,290,290,76,76,117,117,224,224,338,338,343,343,328,328,260,260,291,241,241,262,262,295,295,297,297,280,280,247,247,263,263,155,155,90,90,51,51,-54,-54,-97,-97,-88,-88,-50,-50,69,69,119,119,167,167,176,176,226,226,319,319,373,373,470,470,544,544,443,443,381,338,338,401,401,360,360,338,338,412,412,571,571,674,674,470,470,196,196,-13,-13,-13,-29,-29,-29,-83,-83,-166,-166,-292,-292,-497,-497,-458,-458,-172,-172,53,53,180,180,232,232,230,230,168,168,117,117,127,127,117,117,104,104,116,116,131,131,112,112,94,94,137,137,147,147,140,140,140,108,108,142,142,134,134,103,103,121,121,141,141,116,116,116,120,120,126,126,100,100,103,103,79,79,81,81,84,84,95,95,93,93,111,111,81,81,119,119,117,117,150,150,127,127,121,121,103,103,131,131,122,122,132,132,136,136,114,72,72,69,69,122,122,86,86,107,107,121,121,114,114,93,93,101,101,96
104,15.73199999999999932,84,69,71,71,12,9,5,41,48,48,41,64,64,71,59,59,45,47,47,-5,-5,37,37,20,65,65,54,54,66,66,29,29,-21,-21,-22,-22,60,60,14,16,16,44,44,18,18,43,43,53,53,55,55,77,77,54,54,56,56,27,9,-6,10,10,23,23,17,17,25,25,36,36,22,22,21,75,41,70,85,51,114,114,103,35,34,9,-4,11,35,70,70,118,118,98,98,106,106,62,62,32,32,90,90,197,197,253,253,278,278,215,215,66,66,106,106,204,204,228,228,306,306,292,292,340,340,281,308,308,330,330,363,363,375,375,326,326,283,283,246,246,283,283,192,192,205,205,149,149,114,114,91,91,79,79,176,176,214,214,224,224,233,233,224,224,315,315,306,306,326,326,380,380,355,355,272,335,335,432,432,424,424,447,447,445,445,466,466,398,398,98,98,-180,-180,-165,-165,-165,-51,-51,-51,-160,-160,-225,-225,-378,-378,-463,-463,-244,-244,58,58,275,275,354,354,324,324,242,242,110,110,73,73,55,55,67,67,1,1,24,24,60,60,49,49,-24,-24,12,12,31,31,32,32,32,8,8,24,24,9,9,37,37,35,35,60,60,60,60,60,38,38,52,52,44,44,46,46,27,27,28,28,34,34,22,22,9,9,12,12,35,35,45,45,31,31,62,62,34,34,36,36,49,49,38,38,62,62,68,68,64,64,52,16,16,8,8,53,53,36,36,31,31,31,31,58,58,60,60,40,40,54
105,15.93200000000000038,30,-54,-55,-55,-107,-84,-85,-92,-66,-66,-45,-12,-12,-55,25,25,-29,-47,-47,-45,-45,-62,-62,-114,-79,-79,-35,-35,-2,-2,-44,-44,-89,-89,-104,-104,-76,-76,-56,-3,-3,-25,-25,-63,-63,-71,-71,-72,-72,-17,-17,-9,-9,-42,-42,-56,-56,-84,-126,-159,-165,-165,-125,-125,-96,-96,-109,-109,-111,-111,-50,-50,-92,-67,-51,-72,-55,-80,-48,-48,-38,-62,-78,-74,-54,-36,-43,43,43,65,65,46,46,23,23,-48,-48,-110,-110,1,1,86,86,60,60,81,81,89,89,93,93,70,70,93,93,87,87,80,80,149,149,210,210,236,258,258,316,316,332,332,301,301,246,246,192,192,206,206,227,227,257,257,276,276,282,282,281,281,239,239,141,141,187,187,198,198,164,164,146,146,154,154,171,171,104,104,106,106,115,115,137,137,121,235,235,368,368,388,388,393,393,322,322,163,163,-31,-31,-330,-330,-443,-443,-234,-234,-234,-92,-92,-92,-184,-184,-289,-289,-390,-390,-280,-280,-34,-34,177,177,295,295,310,310,264,264,156,156,47,47,-24,-24,-66,-66,-95,-95,-145,-145,-148,-148,-78,-78,-106,-106,-160,-160,-148,-148,-130,-130,-120,-120,-120,-126,-126,-109,-109,-134,-134,-128,-128,-115,-115,-120,-120,-89,-89,-89,-65,-65,-75,-75,-52,-52,-79,-79,-68,-68,-74,-74,-43,-43,-65,-65,-85,-85,-93,-93,-96,-96,-96,-96,-97,-97,-107,-107,-93,-93,-85,-85,-50,-50,-56,-56,-56,-56,-68,-68,-55,-55,-61,-99,-99,-95,-95,-64,-64,-77,-77,-97,-97,-59,-59,-59,-59,-22,-22,-27,-27,-26
106,16.13200000000000145,-38,-138,-94,-94,-119,-124,-104,-106,-125,-125,-132,-69,-69,-86,-24,-24,-73,-34,-34,-61,-61,-106,-106,-117,-118,-118,-27,-27,2,2,-24,-24,-37,-37,-47,-47,-75,-75,-93,-11,-11,2,2,-106,-106,-84,-84,-90,-90,-50,-50,-16,-16,-97,-97,-104,-104,-134,-143,-210,-215,-215,-193,-193,-138,-138,-170,-170,-134,-134,-112,-112,-134,-123,-117,-144,-129,-135,-130,-130,-109,-90,-97,-118,-89,-42,-49,-27,-27,4,4,-35,-35,-58,-58,-98,-98,-186,-186,-126,-126,-41,-41,-106,-106,-128,-128,9,9,96,96,47,47,17,17,-24,-24,-25,-25,6,6,125,125,138,187,187,215,215,202,202,140,140,100,100,85,85,122,122,218,218,339,339,354,354,467,467,474,474,370,370,231,231,163,163,163,163,103,103,68,68,33,33,19,19,-35,-35,-120,-120,-132,-132,-74,-74,4,155,155,217,217,224,224,215,215,113,113,-96,-96,-374,-374,-571,-571,-540,-540,-148,-148,-148,-25,-25,-25,-172,-172,-260,-260,-268,-268,-93,-93,188,188,247,247,228,228,204,204,149,149,62,62,-9,-9,-69,-69,-123,-123,-160,-160,-231,-231,-143,-143,-135,-135,-128,-128,-189,-189,-192,-192,-189,-189,-169,-169,-169,-181,-181,-204,-204,-167,-167,-157,-157,-195,-195,-197,-197,-127,-127,-127,-147,-147,-129,-129,-123,-123,-125,-125,-101,-101,-121,-121,-124,-124,-121,-121,-138,-138,-159,-159,-143,-143,-150,-150,-203,-203,-162,-162,-165,-165,-151,-151,-121,-121,-100,-100,-122,-122,-126,-126,-133,-133,-143,-153,-153,-123,-123,-96,-96,-113,-113,-115,-115,-90,-90,-85,-85,-59,-59,-39,-39,-20
107,16.33200000000000074,-40,-81,8,8,-13,-62,-53,-54,-61,-61,-43,11,11,-9,35,35,-11,3,3,6,6,-13,-13,-21,-5,-5,47,47,37,37,35,35,47,47,12,12,18,18,-17,44,44,40,40,21,21,-7,-7,17,17,18,18,8,8,-31,-31,-59,-59,-40,-41,-77,-70,-70,-86,-86,-74,-74,-50,-50,-56,-56,-71,-71,-44,-52,-48,-56,-47,-69,-64,-64,-20,-58,-12,-48,2,-4,-1,18,18,22,22,-57,-57,-71,-71,-66,-66,-103,-103,-158,-158,-51,-51,-119,-119,-131,-131,2,2,133,133,73,73,60,60,18,18,-73,-73,-19,-19,28,28,40,98,98,106,106,90,90,50,50,66,66,56,56,181,181,332,332,429,429,500,500,657,657,656,656,560,560,374,374,218,218,154,154,77,77,27,27,-21,-21,-74,-74,-152,-152,-212,-212,-243,-243,-142,-142,-48,124,124,98,98,117,117,30,30,-36,-36,-263,-263,-510,-510,-541,-541,-376,-376,4,4,4,49,49,49,-47,-47,-118,-118,-138,-138,92,92,308,308,294,294,214,214,102,102,61,61,26,26,26,26,-37,-37,-73,-73,-110,-110,-93,-93,-85,-85,-26,-26,-24,-24,-89,-89,-95,-95,-73,-73,-123,-123,-123,-68,-68,-91,-91,-111,-111,-104,-104,-111,-111,-107,-107,-54,-54,-54,-71,-71,-90,-90,-95,-95,-78,-78,-78,-78,-71,-71,-76,-76,-85,-85,-77,-77,-60,-60,-66,-66,-106,-106,-119,-119,-92,-92,-54,-54,-70,-70,-73,-73,-48,-48,-94,-94,-60,-60,-56,-56,-87,-72,-72,-75,-75,-61,-61,-53,-53,-48,-48,-46,-46,-56,-56,-54,-54,3,3,-8
108,16.53200000000000003,91,82,98,98,99,82,51,42,63,63,67,96,96,125,120,120,119,123,123,125,125,113,113,108,108,108,114,114,78,78,133,133,151,151,165,165,125,125,101,127,127,123,123,127,127,121,121,126,126,106,106,86,86,95,95,92,92,115,154,169,132,132,88,88,56,56,70,70,104,104,80,80,97,62,86,90,77,118,82,82,65,61,106,99,79,82,79,78,78,14,14,-8,-8,-39,-39,-16,-16,-54,-54,-94,-94,-2,-2,-14,-14,-71,-71,0,0,170,170,164,164,121,121,97,97,59,59,24,24,22,22,-9,23,23,5,5,8,8,-26,-26,-7,-7,98,98,294,294,436,436,559,559,623,623,715,715,742,742,651,651,485,485,278,278,179,179,114,114,39,39,-7,-7,-57,-57,-92,-92,-172,-172,-200,-200,-164,-164,-76,33,33,10,10,10,10,-73,-73,-164,-164,-292,-292,-421,-421,-326,-326,-55,-55,220,220,220,137,137,137,30,30,-5,-5,96,96,243,243,377,377,298,298,202,202,114,114,47,47,39,39,73,73,49,49,78,78,41,41,114,114,93,93,105,105,128,128,83,83,94,94,83,83,100,100,100,95,95,113,113,87,87,32,32,46,46,70,70,63,63,63,82,82,22,22,46,46,55,55,26,26,33,33,25,25,54,54,55,55,72,72,39,39,51,51,48,48,90,90,74,74,59,59,45,45,82,82,76,76,50,50,63,63,63,48,48,52,52,64,64,80,80,109,109,86,86,56,56,68,68,103,103,99
109,16.73199999999999932,180,190,182,182,145,141,106,99,112,112,109,116,116,141,161,161,165,184,184,183,183,172,172,153,165,165,109,109,65,65,102,102,117,117,144,144,147,147,125,140,140,132,132,136,136,188,188,158,158,155,155,130,130,115,115,163,163,197,228,241,225,225,201,201,143,143,172,172,193,193,153,153,158,158,153,172,193,204,151,151,130,115,95,135,97,102,93,91,91,71,71,33,33,-12,-12,15,15,-19,-19,-59,-59,-59,-59,-56,-56,-10,-10,13,13,106,106,151,151,155,155,113,113,82,82,17,17,-15,-15,-36,-24,-24,-56,-56,-53,-53,-96,-96,-17,-17,128,128,335,335,462,462,484,484,499,499,517,517,553,553,550,550,402,402,258,258,148,148,110,110,60,60,-16,-16,-56,-56,-86,-86,-110,-110,-177,-177,-76,-76,-20,-62,-62,-101,-101,-125,-125,-188,-188,-223,-223,-306,-306,-276,-276,-68,-68,171,171,268,268,268,77,77,77,50,50,71,71,167,167,251,251,300,300,244,244,156,156,90,90,55,55,57,57,62,62,89,89,122,122,170,170,219,219,225,225,178,178,180,180,219,219,193,193,182,182,217,217,217,192,192,156,156,144,144,180,180,115,115,182,182,156,156,156,127,127,143,143,144,144,126,126,117,117,99,99,83,83,107,107,144,144,162,162,112,112,131,131,176,176,154,154,166,166,166,166,99,99,123,123,152,152,144,144,155,155,166,126,126,148,148,165,165,152,152,181,181,167,167,126,126,163,163,108,108,142
110,16.93199999999999861,184,192,90,90,115,79,57,57,23,23,10,22,22,44,98,98,103,140,140,109,109,93,93,105,109,109,55,55,8,8,30,30,35,35,30,30,53,53,49,38,38,35,35,66,66,44,44,79,79,110,110,100,100,82,82,103,103,56,108,126,118,118,96,96,89,89,114,114,111,111,60,60,76,109,84,89,103,115,66,66,54,62,32,22,-2,-6,10,1,1,12,12,11,11,-25,-25,-63,-63,-49,-49,-102,-102,-175,-175,-133,-133,-61,-61,-57,-57,-8,-8,40,40,31,31,1,1,-39,-39,-13,-13,-112,-112,-144,-151,-151,-166,-166,-207,-207,-166,-166,-85,-85,59,59,125,125,242,242,143,143,49,49,37,37,113,113,134,134,155,155,116,116,24,24,8,8,-92,-92,-132,-132,-105,-105,-100,-100,-109,-109,-104,-104,-67,-67,-76,-198,-198,-270,-270,-256,-256,-246,-246,-258,-258,-289,-289,-156,-156,66,66,215,215,129,129,129,-109,-109,-109,-66,-66,50,50,101,101,144,144,149,149,64,64,34,34,-10,-10,18,18,24,24,13,13,85,85,76,76,109,109,154,154,125,125,107,107,87,87,88,88,136,136,103,103,125,125,125,124,124,102,102,90,90,153,153,128,128,145,145,120,120,120,128,128,116,116,95,95,111,111,77,77,65,65,61,61,86,86,96,96,116,116,94,94,114,114,151,151,142,142,94,94,85,85,83,83,76,76,106,106,115,115,147,147,123,129,129,103,103,107,107,122,122,137,137,120,120,111,111,120,120,65,65,30
111,17.13200000000000145,78,66,-51,-51,-35,-38,-51,-43,-68,-68,-128,-128,-128,-129,-63,-63,-57,-10,-10,-32,-32,-31,-31,-38,-68,-68,-70,-70,-86,-86,-74,-74,-68,-68,-107,-107,-69,-69,-92,-82,-82,-78,-78,-72,-72,-82,-82,-74,-74,-9,-9,-13,-13,-57,-57,-63,-63,-80,-85,-98,-73,-73,-91,-91,-71,-71,-65,-65,-62,-62,-52,-52,-64,-43,-17,-10,-16,-63,-53,-53,-97,-71,-97,-91,-105,-98,-96,-92,-92,-69,-69,-64,-64,-73,-73,-129,-129,-165,-165,-160,-160,-303,-303,-288,-288,-147,-147,-101,-101,-94,-94,-71,-71,-139,-139,-175,-175,-187,-187,-195,-195,-228,-228,-227,-223,-223,-211,-211,-247,-247,-213,-213,-165,-165,-115,-115,-100,-100,-120,-120,-266,-266,-409,-409,-453,-453,-392,-392,-268,-268,-152,-152,-110,-110,-163,-163,-135,-135,-177,-177,-230,-230,-186,-186,-132,-132,-117,-117,-63,-63,-70,-70,-163,-300,-300,-351,-351,-341,-341,-278,-278,-291,-291,-252,-252,-50,-50,41,41,129,129,-55,-55,-55,-283,-283,-283,-164,-164,-49,-49,40,40,-10,-10,-66,-66,-132,-132,-122,-122,-92,-92,-76,-76,-58,-58,-81,-81,-78,-78,-86,-86,-22,-22,-25,-25,-44,-44,-49,-49,-72,-72,-57,-57,-66,-66,-65,-65,-41,-41,-41,-52,-52,-45,-45,-52,-52,-73,-73,-15,-15,-14,-14,-24,-24,-24,-30,-30,-12,-12,-22,-22,-6,-6,-17,-17,-8,-8,-7,-7,-13,-13,-34,-34,-44,-44,0,0,4,4,1,1,14,14,17,17,-42,-42,-33,-33,-19,-19,-33,-33,-31,-31,26,26,16,14,14,1,1,0,0,-5,-5,-10,-10,5,5,-5,-5,-7,-7,-70,-70,-19
112,17.33200000000000074,-84,-123,-140,-140,-129,-109,-93,-97,-112,-112,-130,-178,-178,-172,-175,-175,-186,-156,-156,-126,-126,-83,-83,-120,-130,-130,-136,-136,-147,-147,-137,-137,-124,-124,-133,-133,-130,-130,-141,-114,-114,-109,-109,-124,-124,-135,-135,-131,-131,-101,-101,-108,-108,-150,-150,-157,-157,-159,-183,-204,-172,-172,-155,-155,-143,-143,-141,-141,-166,-166,-150,-150,-106,-128,-133,-147,-160,-178,-166,-166,-179,-142,-151,-154,-126,-131,-135,-104,-104,-96,-96,-28,-28,-82,-82,-105,-105,-113,-113,-198,-198,-309,-309,-284,-284,-225,-225,-119,-119,-105,-105,-117,-117,-183,-183,-255,-255,-216,-216,-227,-227,-200,-200,-222,-221,-221,-173,-173,-194,-194,-205,-205,-189,-189,-237,-237,-337,-337,-451,-451,-588,-588,-738,-738,-767,-767,-721,-721,-580,-580,-436,-436,-294,-294,-243,-243,-243,-243,-217,-217,-206,-206,-191,-191,-120,-120,-84,-84,-12,-12,-48,-48,-154,-301,-301,-328,-328,-325,-325,-240,-240,-171,-171,-92,-92,35,35,77,77,66,66,-211,-211,-211,-337,-337,-337,-215,-215,-71,-71,8,8,-111,-111,-175,-175,-224,-224,-192,-192,-162,-162,-119,-119,-81,-81,-136,-136,-102,-102,-121,-121,-129,-129,-138,-138,-166,-166,-165,-165,-171,-171,-148,-148,-194,-194,-193,-193,-155,-155,-155,-150,-150,-122,-122,-130,-130,-134,-134,-119,-119,-163,-163,-108,-108,-108,-132,-132,-116,-116,-104,-104,-101,-101,-84,-84,-77,-77,-101,-101,-91,-91,-102,-102,-122,-122,-127,-127,-80,-80,-85,-85,-102,-102,-77,-77,-98,-98,-107,-107,-87,-87,-114,-114,-123,-123,-96,-96,-100,-85,-85,-93,-93,-109,-109,-111,-111,-120,-120,-77,-77,-90,-90,-81,-81,-98,-98,-86
113,17.53200000000000003,-148,-158,-112,-112,-65,-44,-56,11,-36,-36,-26,-83,-83,-93,-132,-132,-120,-154,-154,-86,-86,-75,-75,-83,-90,-90,-107,-107,-52,-52,-72,-72,-37,-37,-47,-47,-81,-81,-52,-77,-77,-82,-82,-53,-53,-57,-57,-80,-80,-86,-86,-94,-94,-64,-64,-98,-98,-86,-63,-91,-92,-92,-111,-111,-96,-96,-89,-89,-89,-89,-74,-74,-72,-104,-111,-75,-126,-126,-141,-141,-107,-116,-114,-77,-74,22,-29,-62,-62,-71,-71,0,0,3,3,1,1,-17,-17,-100,-100,-187,-187,-137,-137,-113,-113,-48,-48,-51,-51,-70,-70,-69,-69,-124,-124,-69,-69,-56,-56,-66,-66,-64,-97,-97,-58,-58,-48,-48,-56,-56,-74,-74,-160,-160,-355,-355,-544,-544,-651,-651,-689,-689,-735,-735,-710,-710,-617,-617,-457,-457,-321,-321,-197,-197,-105,-105,-100,-100,-80,-80,-99,-99,-45,-45,-13,-13,32,32,6,6,-27,-99,-99,-198,-198,-196,-196,-86,-86,-20,-20,72,72,181,181,114,114,59,59,-240,-240,-240,-232,-232,-232,-117,-117,-20,-20,15,15,-39,-39,-174,-174,-166,-166,-136,-136,-82,-82,-54,-54,-81,-81,-76,-76,-114,-114,-119,-119,-127,-127,-111,-111,-133,-133,-135,-135,-113,-113,-136,-136,-107,-107,-135,-135,-87,-87,-87,-87,-87,-86,-86,-111,-111,-66,-66,-101,-101,-113,-113,-108,-108,-108,-116,-116,-111,-111,-100,-100,-90,-90,-78,-78,-45,-45,-55,-55,-77,-77,-77,-77,-52,-52,-59,-59,-73,-73,-66,-66,-99,-99,-47,-47,-53,-53,-74,-74,-71,-71,-62,-62,-87,-87,-111,-111,-91,-70,-70,-71,-71,-94,-94,-92,-92,-88,-88,-69,-69,-92,-92,-90,-90,-20,-20,-38
114,17.73199999999999932,-117,-79,8,8,50,38,70,75,117,117,124,83,83,57,-12,-12,-3,-3,-3,-11,-11,47,47,62,-1,-1,-20,-20,-41,-41,8,8,29,29,52,52,47,47,32,52,52,18,18,21,21,69,69,53,53,26,26,24,24,20,20,11,11,53,83,75,71,71,57,57,9,9,40,40,54,54,51,51,35,28,36,19,14,41,-9,-9,-25,-11,50,63,111,107,108,105,105,79,79,66,66,89,89,98,98,195,195,110,110,59,59,111,111,33,33,42,42,29,29,80,80,102,102,84,84,154,154,206,206,152,152,173,121,121,189,189,146,146,143,143,110,110,19,19,-223,-223,-403,-403,-353,-353,-373,-373,-432,-432,-454,-454,-403,-403,-311,-311,-216,-216,-119,-119,64,64,79,79,136,136,78,78,38,38,105,105,138,138,69,69,87,79,79,66,66,36,36,83,83,157,157,285,285,283,283,222,222,110,110,-126,-126,-126,-64,-64,-64,67,67,86,86,75,75,-2,-2,-20,-20,-14,-14,40,40,33,33,48,48,-6,-6,38,38,-12,-12,36,36,21,21,44,44,62,62,17,17,24,24,56,56,62,62,44,44,72,72,72,59,59,56,56,33,33,33,33,19,19,30,30,16,16,16,-4,-4,11,11,5,5,-1,-1,27,27,8,8,10,10,23,23,32,32,61,61,42,42,30,30,64,64,40,40,54,54,53,53,32,32,32,32,50,50,17,17,-3,-3,0,-19,-19,29,29,-5,-5,8,8,5,5,23,23,-13,-13,-5,-5,2,2,16
115,17.93199999999999861,-45,60,83,83,105,120,135,210,175,175,232,184,184,190,83,83,126,102,102,110,110,138,138,131,92,92,37,37,37,37,32,32,81,81,119,119,137,137,67,57,57,89,89,112,112,146,146,135,135,125,125,108,108,131,131,162,162,142,183,216,191,191,161,161,138,138,129,129,180,180,147,147,158,108,112,142,119,186,83,83,150,120,149,170,197,197,198,160,160,79,79,106,106,169,169,179,179,288,288,257,257,271,271,197,197,129,129,68,68,60,60,126,126,190,190,217,217,273,273,366,366,339,339,299,265,265,266,266,276,276,252,252,220,220,167,167,-29,-29,-124,-124,-69,-69,25,25,-4,-4,-39,-39,-112,-112,-86,-86,-61,-61,42,42,185,185,230,230,224,224,196,196,136,136,133,133,148,148,101,101,146,220,220,217,217,165,165,201,201,247,247,305,305,272,272,253,253,116,116,-35,-35,-35,113,113,113,181,181,163,163,120,120,89,89,77,77,114,114,166,166,160,160,126,126,99,99,106,106,117,117,122,122,130,130,166,166,178,178,173,173,148,148,189,189,195,195,168,168,192,192,192,181,181,153,153,148,148,184,184,147,147,174,174,108,108,108,110,110,108,108,90,90,119,119,118,118,122,122,110,110,117,117,149,149,156,156,119,119,138,138,163,163,142,142,150,150,151,151,94,94,113,113,139,139,92,92,96,96,116,126,126,106,106,102,102,123,123,115,115,84,84,99,99,82,82,51,51,90
116,18.13200000000000145,56,96,99,99,137,127,127,133,158,158,196,183,183,197,145,145,155,151,151,113,113,103,103,131,92,92,12,12,20,20,56,56,36,36,84,84,66,66,97,65,65,69,69,86,86,110,110,103,103,111,111,83,83,135,135,109,109,149,146,170,155,155,174,174,145,145,112,112,169,169,129,129,130,140,142,133,155,127,129,129,133,153,157,160,200,160,185,147,147,101,101,110,110,140,140,176,176,236,236,300,300,319,319,245,245,151,151,19,19,19,19,104,104,203,203,224,224,243,243,314,314,355,355,283,255,255,267,267,255,255,249,249,220,220,207,207,128,128,125,125,247,247,357,357,278,278,187,187,131,131,44,44,49,49,114,114,177,177,189,189,228,228,164,164,86,86,92,92,73,73,66,66,128,204,204,225,225,200,200,172,172,195,195,224,224,161,161,167,167,38,38,-41,-41,-41,153,153,153,172,172,141,141,97,97,84,84,123,123,173,173,200,200,178,178,177,177,135,135,120,120,117,117,168,168,191,191,196,196,221,221,169,169,181,181,196,196,212,212,211,211,161,161,161,190,190,166,166,181,181,190,190,201,201,192,192,147,147,147,157,157,149,149,144,144,128,128,117,117,130,130,128,128,137,137,161,161,167,167,161,161,179,179,219,219,182,182,140,140,155,155,97,97,114,114,120,120,128,128,122,122,150,162,162,147,147,125,125,126,126,136,136,82,82,90,90,82,82,57,57,60
117,18.33200000000000074,44,45,52,52,78,75,80,99,70,70,117,107,107,110,106,106,142,80,80,75,75,53,53,33,0,0,13,13,-8,-8,17,17,-1,-1,12,12,13,13,19,9,9,18,18,32,32,20,20,46,46,66,66,75,75,53,53,50,50,43,17,37,59,59,100,100,86,86,72,72,85,85,51,51,36,52,38,51,69,71,88,88,89,65,76,133,94,67,81,28,28,29,29,35,35,69,69,118,118,99,99,189,189,239,239,143,143,77,77,-78,-78,-51,-51,-3,-3,105,105,109,109,85,85,110,110,149,149,135,131,131,122,122,163,163,137,137,95,95,112,112,124,124,232,232,354,354,382,382,398,398,293,293,184,184,110,110,85,85,96,96,50,50,65,65,86,86,46,46,28,28,15,15,-52,-52,-33,-33,20,93,93,110,110,117,117,78,78,45,45,0,0,29,29,36,36,-91,-91,-56,-56,-56,93,93,93,108,108,48,48,51,51,41,41,111,111,122,122,128,128,142,142,143,143,100,100,87,87,111,111,122,122,116,116,99,99,126,126,90,90,94,94,133,133,128,128,52,52,68,68,68,93,93,65,65,101,101,111,111,113,113,104,104,104,104,104,93,93,76,76,77,77,68,68,88,88,88,88,105,105,99,99,101,101,102,102,81,81,124,124,143,143,111,111,92,92,80,80,69,69,69,69,84,84,59,59,80,80,101,124,124,74,74,91,91,61,61,48,48,88,88,45,45,58,58,23,23,66
118,18.53200000000000003,-8,-25,9,9,-1,9,23,-10,26,26,41,74,74,60,75,75,73,43,43,21,21,-12,-12,-22,-16,-16,20,20,12,12,-51,-51,-33,-33,-49,-49,-30,-30,-11,-18,-18,-33,-33,-16,-16,-30,-30,-16,-16,13,13,-5,-5,-2,-2,1,1,-25,-50,-52,-29,-29,9,9,2,2,-12,-12,7,7,-31,-31,-14,-38,-18,-35,-38,-23,-4,-4,11,22,10,36,1,29,-19,-32,-32,-68,-68,-34,-34,-12,-12,-10,-10,-8,-8,50,50,93,93,45,45,-28,-28,-100,-100,-106,-106,-58,-58,4,4,-38,-38,-77,-77,-78,-78,-25,-25,19,-17,-17,5,5,0,0,2,2,-8,-8,24,24,106,106,228,228,293,293,334,334,341,341,271,271,172,172,108,108,78,78,21,21,-44,-44,-63,-63,1,1,-30,-30,-35,-35,-36,-36,-48,-48,-56,-56,-8,-1,-1,30,30,24,24,12,12,-87,-87,-135,-135,-26,-26,-71,-71,-129,-129,-57,-57,-57,18,18,18,13,13,-14,-14,35,35,65,65,76,76,57,57,59,59,82,82,73,73,89,89,42,42,26,26,-16,-16,7,7,-4,-4,22,22,-5,-5,-6,-6,23,23,6,6,8,8,-17,-17,-17,-22,-22,7,7,20,20,34,34,32,32,19,19,22,22,22,17,17,15,15,9,9,-3,-3,27,27,63,63,55,55,15,15,33,33,18,18,27,27,42,42,57,57,32,32,57,57,51,51,28,28,10,10,0,0,0,0,4,4,29,56,56,14,14,-2,-2,-18,-18,-21,-21,-26,-26,-1,-1,13,13,1,1,9
119,18.73199999999999932,-22,-44,4,4,2,2,13,-3,-19,-19,-15,28,28,41,56,56,70,72,72,33,33,10,10,-16,-10,-10,33,33,36,36,-7,-7,9,9,-14,-14,18,18,31,28,28,24,24,-18,-18,27,27,-19,-19,14,14,15,15,41,41,-13,-13,12,-32,-33,-32,-32,-13,-13,-5,-5,-1,-1,-36,-36,-16,-16,-39,-10,-16,-56,-38,-35,21,21,28,25,18,-14,-10,10,-22,-39,-39,-77,-77,-38,-38,-32,-32,-45,-45,-60,-60,-30,-30,40,40,22,22,19,19,-49,-49,-71,-71,-51,-51,-14,-14,-25,-25,-66,-66,-150,-150,-94,-94,-83,-87,-87,-116,-116,-74,-74,-45,-45,-60,-60,-50,-50,83,83,156,156,168,168,212,212,197,197,187,187,141,141,86,86,98,98,39,39,-37,-37,-57,-57,-45,-45,-74,-74,-22,-22,-7,-7,-18,-18,-6,-6,-8,-18,-18,-2,-2,9,9,-34,-34,-116,-116,-129,-129,-25,-25,-103,-103,-103,-103,-1,-1,-1,-4,-4,-4,-19,-19,1,1,24,24,27,27,61,61,52,52,43,43,35,35,44,44,53,53,52,52,15,15,-24,-24,-30,-30,-21,-21,-40,-40,-17,-17,-32,-32,-25,-25,-19,-19,-12,-12,-23,-23,-23,-16,-16,-1,-1,-7,-7,-9,-9,10,10,-51,-51,-24,-24,-24,-3,-3,-1,-1,-9,-9,-2,-2,-7,-7,36,36,26,26,30,30,9,9,-23,-23,2,2,47,47,16,16,-13,-13,3,3,27,27,-15,-15,-16,-16,-13,-13,-31,-31,-27,-27,-17,-27,-27,-9,-9,-33,-33,-29,-29,-41,-41,-23,-23,-23,-23,-10,-10,18,18,14
120,18.93199999999999861,53,24,88,88,64,62,48,49,45,45,44,29,29,56,79,79,72,107,107,83,83,89,89,68,63,63,70,70,77,77,65,65,48,48,60,60,99,99,112,101,101,83,83,69,69,74,74,49,49,54,54,51,51,81,81,87,87,66,42,29,8,8,-1,-1,31,31,33,33,31,31,35,35,39,5,40,36,16,64,51,51,61,54,52,7,51,87,0,-22,-22,-19,-19,14,14,-2,-2,-25,-25,-56,-56,21,21,13,13,23,23,30,30,46,46,2,2,-10,-10,14,14,23,23,-20,-20,-50,-50,-87,-87,-71,-116,-116,-83,-83,-59,-59,-50,-50,-47,-47,42,42,125,125,116,116,118,118,85,85,92,92,116,116,129,129,99,99,103,103,96,96,42,42,17,17,-1,-1,-35,-35,41,41,41,41,24,24,19,19,22,42,42,26,26,15,15,13,13,-54,-54,-36,-36,11,11,-52,-52,-26,-26,45,45,45,47,47,47,25,25,62,62,75,75,70,70,98,98,105,105,72,72,79,79,48,48,63,63,53,53,-15,-15,-24,-24,29,29,-12,-12,-19,-19,-24,-24,2,2,1,1,7,7,19,19,13,13,13,49,49,59,59,30,30,-14,-14,16,16,5,5,-2,-2,-2,3,3,30,30,21,21,30,30,43,43,39,39,40,40,29,29,28,28,0,0,28,28,34,34,30,30,46,46,33,33,52,52,40,40,10,10,25,25,5,5,0,0,6,18,18,20,20,-2,-2,16,16,-16,-16,23,23,37,37,42,42,57,57,66
121,19.13200000000000145,123,133,118,118,91,120,131,89,58,58,85,74,74,57,73,73,107,125,125,157,157,138,138,111,132,132,156,156,166,166,112,112,136,136,118,118,137,137,121,116,116,95,95,167,167,116,116,92,92,93,93,92,92,117,117,122,122,97,89,76,43,43,71,71,89,89,81,81,99,99,96,96,107,86,116,70,108,86,100,100,98,63,79,66,92,65,75,69,69,87,87,59,59,86,86,11,11,59,59,47,47,48,48,67,67,125,125,118,118,70,70,15,15,36,36,97,97,65,65,-1,-1,-23,-23,-7,-51,-51,-34,-34,-28,-28,-24,-24,32,32,66,66,132,132,55,55,5,5,41,41,32,32,66,66,125,125,113,113,107,107,102,102,125,125,51,51,47,47,88,88,101,101,91,91,53,53,83,83,97,31,31,26,26,38,38,65,65,29,29,94,94,86,86,-4,-4,62,62,124,124,124,105,105,105,59,59,120,120,106,106,80,80,79,79,78,78,78,78,78,78,43,43,60,60,68,68,20,20,37,37,52,52,60,60,32,32,62,62,88,88,67,67,83,83,99,99,92,92,92,104,104,105,105,51,51,48,48,53,53,36,36,32,32,32,60,60,75,75,108,108,90,90,71,71,55,55,72,72,64,64,79,79,67,67,39,39,71,71,45,45,57,57,55,55,61,61,77,77,87,87,53,53,50,50,47,47,44,27,27,69,69,67,67,66,66,71,71,60,60,81,81,100,100,82,82,79
122,19.33200000000000074,147,172,132,132,117,149,114,114,95,95,50,84,84,48,66,66,98,128,128,175,175,145,145,141,123,123,153,153,160,160,101,101,115,115,110,110,116,116,115,100,100,120,120,132,132,107,107,104,104,102,102,136,136,104,104,119,119,88,91,71,69,69,97,97,94,94,109,109,93,93,123,123,87,88,123,106,112,108,107,107,117,83,72,81,78,89,92,78,78,105,105,96,96,117,117,64,64,61,61,67,67,45,45,46,46,161,161,162,162,85,85,50,50,50,50,63,63,41,41,82,82,1,1,-32,-34,-34,-8,-8,-15,-15,43,43,71,71,83,83,60,60,21,21,-15,-15,-27,-27,-12,-12,24,24,94,94,103,103,105,105,122,122,118,118,71,71,42,42,64,64,109,109,91,91,87,87,61,61,77,25,25,64,64,16,16,43,43,134,134,138,138,78,78,12,12,81,81,135,135,135,91,91,91,82,82,100,100,113,113,88,88,76,76,94,94,72,72,88,88,60,60,72,72,73,73,61,61,79,79,116,116,77,77,58,58,69,69,94,94,113,113,116,116,114,114,69,69,69,98,98,92,92,53,53,55,55,38,38,36,36,77,77,77,95,95,95,95,112,112,108,108,82,82,75,75,92,92,98,98,73,73,84,84,71,71,109,109,82,82,61,61,28,28,61,61,81,81,78,78,72,72,89,89,76,76,69,76,76,103,103,95,95,99,99,91,91,114,114,122,122,124,124,96,96,86
123,19.53200000000000003,182,148,158,158,114,106,97,110,87,87,43,57,57,54,73,73,39,70,70,141,141,84,84,78,122,122,144,144,132,132,105,105,72,72,73,73,91,91,89,101,101,115,115,73,73,59,59,56,56,103,103,65,65,57,57,56,56,63,45,24,44,44,78,78,91,91,78,78,76,76,81,81,75,121,97,109,65,64,77,77,52,56,59,79,93,62,71,117,117,129,129,126,126,78,78,80,80,61,61,56,56,20,20,67,67,112,112,157,157,94,94,-7,-7,16,16,40,40,78,78,66,66,13,13,-5,1,1,50,50,45,45,47,47,101,101,64,64,38,38,-31,-31,-72,-72,-70,-70,-38,-38,16,16,56,56,54,54,45,45,53,53,64,64,34,34,37,37,63,63,89,89,80,80,49,49,65,65,75,21,21,30,30,6,6,24,24,88,88,146,146,28,28,-11,-11,15,15,107,107,107,92,92,92,79,79,75,75,93,93,86,86,38,38,8,8,41,41,43,43,45,45,75,75,90,90,90,90,83,83,106,106,66,66,74,74,78,78,59,59,99,99,59,59,102,102,56,56,56,59,59,46,46,75,75,56,56,73,73,44,44,74,74,74,81,81,113,113,105,105,59,59,71,71,74,74,82,82,53,53,40,40,51,51,83,83,65,65,72,72,69,69,29,29,45,45,63,63,81,81,73,73,80,80,83,83,53,71,71,89,89,99,99,83,83,83,83,69,69,103,103,88,88,74,74,88
124,19.73199999999999932,136,122,80,80,53,54,51,54,47,47,45,40,40,10,29,29,-19,28,28,53,53,32,32,19,56,56,87,87,81,81,15,15,34,34,56,56,62,62,30,37,37,25,25,2,2,14,14,41,41,12,12,17,17,-10,-10,54,54,10,-3,13,15,15,25,25,49,49,55,55,51,51,14,14,39,39,5,41,49,31,47,47,56,17,25,25,45,24,59,98,98,107,107,117,117,82,82,73,73,31,31,0,0,21,21,52,52,39,39,102,102,29,29,-8,-8,-52,-52,-40,-40,21,21,19,19,-13,-13,-11,33,33,67,67,36,36,23,23,59,59,-19,-19,-39,-39,-50,-50,-87,-87,-72,-72,-40,-40,-22,-22,19,19,2,2,4,4,-10,-10,-11,-11,-11,-11,-24,-24,29,29,47,47,6,6,17,17,-7,-7,16,-27,-27,-3,-3,-25,-25,4,4,53,53,103,103,-16,-16,-63,-63,11,11,85,85,85,100,100,100,27,27,30,30,74,74,62,62,-9,-9,0,0,-22,-22,12,12,38,38,27,27,46,46,65,65,63,63,49,49,-2,-2,27,27,35,35,49,49,34,34,10,10,47,47,17,17,17,11,11,13,13,35,35,40,40,12,12,51,51,69,69,69,44,44,45,45,49,49,31,31,28,28,47,47,59,59,52,52,16,16,2,2,20,20,29,29,15,15,3,3,3,3,21,21,38,38,41,41,47,47,75,75,44,44,32,56,56,46,46,67,67,70,70,70,70,65,65,79,79,68,68,50,50,74
125,19.93200000000000216,73,54,6,6,-3,-1,-6,26,13,13,22,10,10,-10,3,3,-53,-22,-22,-3,-3,-5,-5,-43,-2,-2,22,22,41,41,14,14,9,9,20,20,5,5,3,5,5,17,17,-24,-24,-19,-19,-1,-1,-29,-29,-32,-32,-7,-7,-21,-21,-26,-19,-31,-19,-19,-31,-31,10,10,-10,-10,-20,-20,-11,-11,-40,11,0,-28,-8,-31,25,25,-13,-4,-6,13,-4,8,5,52,52,83,83,66,66,43,43,60,60,26,26,-44,-44,-10,-10,44,44,-15,-15,1,1,17,17,-51,-51,-104,-104,-40,-40,1,1,16,16,-45,-45,21,65,65,57,57,17,17,-7,-7,33,33,-90,-90,-52,-52,-39,-39,-29,-29,-82,-82,-32,-32,-33,-33,-38,-38,-19,-19,-52,-52,-55,-55,-89,-89,-65,-65,-37,-37,5,5,-22,-22,-8,-8,2,2,-22,-22,-27,-54,-54,-28,-28,-31,-31,1,1,42,42,22,22,-91,-91,-73,-73,-3,-3,87,87,87,83,83,83,20,20,-14,-14,25,25,41,41,-20,-20,-64,-64,-51,-51,-47,-47,-8,-8,2,2,14,14,38,38,17,17,17,17,-11,-11,-9,-9,-8,-8,-5,-5,-40,-40,-20,-20,-25,-25,-28,-28,-28,-17,-17,-5,-5,-9,-9,-8,-8,1,1,6,6,-8,-8,-8,-8,-8,10,10,-22,-22,16,16,-4,-4,9,9,12,12,-4,-4,-23,-23,-19,-19,-5,-5,-3,-3,-19,-19,-55,-55,-17,-17,-31,-31,12,12,18,18,14,14,35,35,9,9,-16,12,12,-11,-11,16,16,11,11,15,15,41,41,12,12,14,14,30,30,16
126,20.13200000000000145,10,-14,-31,-31,-48,-51,-40,-49,7,7,-32,8,8,-13,-41,-41,-94,-52,-52,-36,-36,-66,-66,-55,-34,-34,-22,-22,-20,-20,-31,-31,-46,-46,-50,-50,-29,-29,-24,-45,-45,-13,-13,-64,-64,-28,-28,-58,-58,-31,-31,-56,-56,-69,-69,-40,-40,-61,-45,-72,-63,-63,-59,-59,-43,-43,-68,-68,-75,-75,-66,-66,-98,-43,-30,-39,-62,-58,-6,-6,-58,-15,-52,-46,-38,-20,-26,22,22,36,36,22,22,13,13,40,40,-53,-53,-78,-78,-34,-34,-27,-27,-43,-43,-44,-44,7,7,-56,-56,-92,-92,-96,-96,-71,-71,-13,-13,-11,-11,-7,72,72,39,39,20,20,-21,-21,-56,-56,-123,-123,-105,-105,-59,-59,-55,-55,-47,-47,-46,-46,-23,-23,-63,-63,-48,-48,-70,-70,-102,-102,-109,-109,-117,-117,-57,-57,-29,-29,-31,-31,-20,-20,-14,-14,-23,-23,-20,-54,-54,-64,-64,-23,-23,7,7,27,27,-44,-44,-102,-102,-59,-59,8,8,46,46,46,62,62,62,22,22,-22,-22,-14,-14,45,45,-59,-59,-59,-59,-98,-98,-90,-90,-51,-51,-34,-34,-6,-6,-45,-45,-42,-42,-60,-60,-117,-117,-71,-71,-24,-24,-91,-91,-86,-86,-88,-88,-66,-66,-53,-53,-53,-43,-43,-9,-9,-33,-33,-54,-54,-61,-61,-43,-43,-31,-31,-31,-51,-51,-54,-54,-52,-52,-24,-24,-23,-23,-27,-27,-42,-42,-32,-32,-43,-43,-71,-71,-48,-48,-62,-62,-58,-58,-33,-33,-47,-47,-87,-87,-32,-32,-25,-25,-35,-35,-31,-31,-17,-17,-32,-53,-53,-63,-63,-53,-53,-27,-27,-11,-11,-2,-2,-19,-19,2,2,-17,-17,-24
127,20.33200000000000074,-61,-51,-94,-94,-102,-99,-60,-70,-39,-39,-30,-38,-38,-46,-41,-41,-75,-73,-73,-63,-63,-57,-57,-75,-78,-78,-82,-82,-47,-47,-31,-31,-49,-49,-52,-52,-56,-56,-79,-14,-14,-60,-60,-77,-77,-61,-61,-79,-79,-41,-41,-72,-72,-76,-76,-41,-41,-71,-62,-79,-90,-90,-99,-99,-104,-104,-97,-97,-117,-117,-90,-90,-108,-82,-79,-79,-61,-63,-60,-60,-41,-52,-95,-67,-75,-52,-53,-26,-26,-19,-19,-26,-26,2,2,-55,-55,-50,-50,-56,-56,-27,-27,-17,-17,-57,-57,-17,-17,-1,-1,-27,-27,-119,-119,-128,-128,-80,-80,-33,-33,37,37,-19,51,51,17,17,-11,-11,-49,-49,-94,-94,-102,-102,-70,-70,-47,-47,-26,-26,-36,-36,-50,-50,-46,-46,-79,-79,-74,-74,-64,-64,-96,-96,-157,-157,-103,-103,-45,-45,-20,-20,-31,-31,-15,-15,-13,-13,-13,-13,-33,-59,-59,-41,-41,-10,-10,10,10,1,1,-84,-84,-85,-85,-44,-44,13,13,46,46,46,35,35,35,-35,-35,-52,-52,-54,-54,-32,-32,-86,-86,-102,-102,-105,-105,-113,-113,-76,-76,-37,-37,-61,-61,-66,-66,-74,-74,-73,-73,-167,-167,-89,-89,-25,-25,-107,-107,-85,-85,-120,-120,-86,-86,-65,-65,-65,-66,-66,-57,-57,-79,-79,-130,-130,-90,-90,-90,-90,-102,-102,-102,-89,-89,-67,-67,-64,-64,-57,-57,-67,-67,-86,-86,-96,-96,-78,-78,-79,-79,-83,-83,-73,-73,-54,-54,-73,-73,-75,-75,-82,-82,-130,-130,-48,-48,-71,-71,-66,-66,-66,-66,-46,-46,-69,-85,-85,-74,-74,-52,-52,-46,-46,-56,-56,-46,-46,-54,-54,-28,-28,-47,-47,-31
128,20.53200000000000003,-81,-82,-83,-83,-106,-109,-81,-71,-78,-78,-80,-33,-33,-83,-49,-49,-45,-101,-101,-69,-69,-80,-80,-72,-67,-67,-64,-64,-26,-26,-67,-67,-16,-16,-70,-70,-77,-77,-89,-75,-75,-36,-36,-58,-58,-89,-89,-61,-61,-65,-65,-58,-58,-83,-83,-103,-103,-65,-93,-103,-121,-121,-114,-114,-95,-95,-118,-118,-112,-112,-92,-92,-85,-99,-82,-73,-96,-92,-99,-99,-92,-83,-100,-54,-46,-50,-63,-56,-56,-39,-39,-41,-41,-26,-26,-18,-18,-43,-43,-49,-49,-42,-42,-76,-76,-73,-73,-37,-37,40,40,9,9,-128,-128,-151,-151,-139,-139,-56,-56,36,36,39,7,7,-7,-7,-30,-30,-42,-42,-84,-84,-111,-111,-76,-76,-37,-37,-12,-12,-72,-72,-44,-44,-53,-53,-100,-100,-81,-81,-77,-77,-77,-77,-97,-97,-97,-97,-53,-53,-20,-20,-5,-5,-21,-21,16,16,2,2,-30,-65,-65,-50,-50,-2,-2,15,15,11,11,-107,-107,-45,-45,-17,-17,1,1,-32,-32,-32,5,5,5,-30,-30,-53,-53,-67,-67,-53,-53,-79,-79,-104,-104,-101,-101,-112,-112,-67,-67,-82,-82,-75,-75,-96,-96,-106,-106,-123,-123,-143,-143,-103,-103,-78,-78,-48,-48,-75,-75,-109,-109,-98,-98,-59,-59,-59,-73,-73,-96,-96,-91,-91,-122,-122,-125,-125,-156,-156,-107,-107,-107,-79,-79,-94,-94,-63,-63,-78,-78,-66,-66,-100,-100,-79,-79,-67,-67,-78,-78,-82,-82,-92,-92,-83,-83,-103,-103,-116,-116,-91,-91,-103,-103,-106,-106,-74,-74,-95,-95,-76,-76,-43,-43,-72,-70,-70,-75,-75,-53,-53,-48,-48,-43,-43,-54,-54,-54,-54,-34,-34,-55,-55,-28
129,20.73199999999999932,-99,-121,-89,-89,-96,-79,-74,-81,-38,-38,-87,-55,-55,-64,-19,-19,-54,-63,-63,-34,-34,-56,-56,-73,-65,-65,-43,-43,-39,-39,-14,-14,-5,-5,-40,-40,-73,-73,-82,-57,-57,-7,-7,-43,-43,-76,-76,-65,-65,-73,-73,-86,-86,-118,-118,-60,-60,-57,-63,-59,-104,-104,-99,-99,-99,-99,-114,-114,-117,-117,-91,-91,-80,-70,-82,-86,-108,-111,-104,-104,-109,-108,-77,-81,-52,-38,-49,-56,-56,-33,-33,-10,-10,-22,-22,-36,-36,-29,-29,-37,-37,-61,-61,-59,-59,-41,-41,-15,-15,43,43,50,50,-78,-78,-121,-121,-122,-122,-36,-36,15,15,-10,-3,-3,-4,-4,-9,-9,-30,-30,-70,-70,-77,-77,-78,-78,-59,-59,-66,-66,-68,-68,-54,-54,-58,-58,-86,-86,-89,-89,-82,-82,-65,-65,-60,-60,-39,-39,-28,-28,-46,-46,-16,-16,-32,-32,-43,-43,27,27,-53,-72,-72,-24,-24,21,21,30,30,-46,-46,-107,-107,-25,-25,33,33,15,15,-53,-53,-53,-31,-31,-31,-54,-54,-77,-77,-61,-61,-61,-61,-70,-70,-114,-114,-116,-116,-102,-102,-107,-107,-74,-74,-86,-86,-118,-118,-100,-100,-83,-83,-111,-111,-117,-117,-49,-49,-78,-78,-74,-74,-76,-76,-87,-87,-88,-88,-88,-92,-92,-86,-86,-99,-99,-116,-116,-146,-146,-120,-120,-101,-101,-101,-57,-57,-78,-78,-92,-92,-75,-75,-78,-78,-121,-121,-95,-95,-81,-81,-90,-90,-89,-89,-88,-88,-87,-87,-119,-119,-94,-94,-105,-105,-129,-129,-84,-84,-65,-65,-110,-110,-61,-61,-64,-64,-88,-76,-76,-56,-56,-39,-39,-30,-30,-38,-38,-53,-53,-69,-69,-63,-63,-29,-29,-43
130,20.93200000000000216,-97,-104,-60,-60,-55,-62,-77,-81,-79,-79,-59,-74,-74,-60,-53,-53,-43,-95,-95,-58,-58,-37,-37,-41,-28,-28,-53,-53,-51,-51,-16,-16,-7,-7,-24,-24,-37,-37,-66,-30,-30,-37,-37,-43,-43,-82,-82,-49,-49,-52,-52,-47,-47,-77,-77,-54,-54,-51,-54,-48,-76,-76,-79,-79,-62,-62,-84,-84,-106,-106,-57,-57,-45,-60,-66,-76,-85,-86,-119,-119,-98,-111,-75,-24,-57,-37,-48,-38,-38,-28,-28,-42,-42,-9,-9,-30,-30,-41,-41,14,14,-72,-72,-73,-73,-52,-52,18,18,70,70,74,74,20,20,-87,-87,-98,-98,-34,-34,18,18,-9,-42,-42,-59,-59,-33,-33,-24,-24,-50,-50,-59,-59,-44,-44,-43,-43,-17,-17,-30,-30,-60,-60,-56,-56,-58,-58,-40,-40,-56,-56,-8,-8,-12,-12,-28,-28,-27,-27,-30,-30,-49,-49,-47,-47,-27,-27,-17,-17,-26,-35,-35,-6,-6,32,32,15,15,-51,-51,-58,-58,-20,-20,50,50,13,13,-74,-74,-74,-58,-58,-58,-47,-47,-57,-57,-66,-66,-52,-52,-57,-57,-53,-53,-84,-84,-100,-100,-81,-81,-64,-64,-55,-55,-89,-89,-112,-112,-63,-63,-92,-92,-72,-72,-76,-76,-111,-111,-73,-73,-79,-79,-75,-75,-52,-52,-52,-71,-71,-106,-106,-91,-91,-113,-113,-96,-96,-108,-108,-81,-81,-81,-49,-49,-89,-89,-59,-59,-78,-78,-102,-102,-94,-94,-96,-96,-70,-70,-87,-87,-63,-63,-79,-79,-77,-77,-99,-99,-107,-107,-100,-100,-98,-98,-78,-78,-93,-93,-77,-77,-46,-46,-47,-47,-58,-79,-79,-61,-61,-47,-47,-31,-31,-55,-55,-96,-96,-98,-98,-50,-50,-41,-41,-53
131,21.13200000000000145,-62,-98,-46,-46,-32,-38,-30,-23,-76,-76,-95,-57,-57,-77,-73,-73,-52,-66,-66,-56,-56,-38,-38,-34,-43,-43,-57,-57,-24,-24,-38,-38,-34,-34,-20,-20,-26,-26,-53,-78,-78,-50,-50,-22,-22,-44,-44,-82,-82,-58,-58,-29,-29,-73,-73,-37,-37,-48,-43,-20,-64,-64,-58,-58,-42,-42,-94,-94,-76,-76,-40,-40,-34,-62,-105,-72,-79,-86,-101,-101,-69,-46,-33,-31,-69,-71,-32,-51,-51,-59,-59,-6,-6,-10,-10,-50,-50,0,0,-28,-28,-47,-47,-68,-68,-28,-28,6,6,38,38,71,71,44,44,-30,-30,-104,-104,-49,-49,-14,-14,4,-68,-68,-57,-57,-68,-68,-19,-19,-61,-61,-64,-64,-52,-52,-57,-57,-44,-44,-41,-41,-40,-40,-50,-50,-47,-47,-32,-32,-61,-61,-13,-13,-5,-5,-18,-18,-5,-5,-37,-37,-81,-81,-72,-72,-47,-47,-61,-61,-49,-53,-53,13,13,9,9,-19,-19,-85,-85,-122,-122,1,1,13,13,-13,-13,-102,-102,-102,-90,-90,-90,-48,-48,-49,-49,-60,-60,-42,-42,-61,-61,-63,-63,-76,-76,-102,-102,-102,-102,-76,-76,-65,-65,-94,-94,-99,-99,-43,-43,-37,-37,-54,-54,-69,-69,-72,-72,-64,-64,-79,-79,-60,-60,-66,-66,-66,-87,-87,-83,-83,-65,-65,-81,-81,-102,-102,-63,-63,-58,-58,-58,-58,-58,-80,-80,-92,-92,-66,-66,-62,-62,-78,-78,-80,-80,-54,-54,-59,-59,-93,-93,-70,-70,-48,-48,-65,-65,-68,-68,-96,-96,-72,-72,-86,-86,-74,-74,-64,-64,-61,-61,-53,-53,-52,-64,-64,-49,-49,-66,-66,-62,-62,-45,-45,-65,-65,-73,-73,-67,-67,-48,-48,-39
132,21.33200000000000074,-48,-63,-58,-58,-25,-3,-9,-54,-68,-68,-83,-80,-80,-90,-74,-74,-76,-75,-75,-66,-66,-42,-42,-29,-39,-39,-31,-31,-62,-62,-16,-16,-66,-66,-24,-24,-42,-42,-57,-40,-40,-21,-21,-53,-53,-61,-61,-71,-71,-64,-64,-39,-39,-55,-55,-66,-66,-36,-35,-34,-39,-39,-72,-72,-56,-56,-67,-67,-88,-88,-75,-75,-65,-74,-90,-53,-61,-49,-55,-55,-86,-47,-33,-45,-46,-13,2,-56,-56,-57,-57,-77,-77,-49,-49,-71,-71,-14,-14,-35,-35,-90,-90,-90,-90,-85,-85,-16,-16,44,44,20,20,11,11,-30,-30,-90,-90,-37,-37,-21,-21,-21,-75,-75,-69,-69,-55,-55,-30,-30,-60,-60,-50,-50,-67,-67,-50,-50,-23,-23,-79,-79,-75,-75,-43,-43,-25,-25,-24,-24,-57,-57,-39,-39,-15,-15,-18,-18,-40,-40,-52,-52,-97,-97,-99,-99,-93,-93,-67,-67,-31,-38,-38,-34,-34,3,3,-57,-57,-119,-119,-61,-61,-5,-5,-8,-8,-54,-54,-115,-115,-115,-91,-91,-91,-72,-72,-13,-13,-55,-55,-65,-65,-100,-100,-71,-71,-78,-78,-66,-66,-91,-91,-60,-60,-53,-53,-38,-38,-91,-91,-57,-57,-64,-64,-38,-38,-104,-104,-93,-93,-72,-72,-101,-101,-62,-62,-68,-68,-68,-89,-89,-82,-82,-63,-63,-74,-74,-71,-71,-58,-58,-72,-72,-72,-64,-64,-59,-59,-72,-72,-81,-81,-66,-66,-63,-63,-52,-52,-63,-63,-62,-62,-73,-73,-59,-59,-52,-52,-54,-54,-60,-60,-72,-72,-91,-91,-78,-78,-79,-79,-53,-53,-39,-39,-54,-54,-42,-73,-73,-47,-47,-60,-60,-78,-78,-62,-62,-80,-80,-92,-92,-40,-40,-47,-47,-35
133,21.53200000000000003,-29,-54,-38,-38,-29,-6,-4,-34,-76,-76,-97,-116,-116,-81,-70,-70,-80,-60,-60,-44,-44,-44,-44,-22,-41,-41,-23,-23,-41,-41,-49,-49,-29,-29,-25,-25,-45,-45,-48,-44,-44,-10,-10,-5,-5,-78,-78,-60,-60,-12,-12,-18,-18,-29,-29,-76,-76,-23,-39,-32,-61,-61,-71,-71,-60,-60,-37,-37,-36,-36,-25,-25,-41,-50,-75,-25,-49,-53,-44,-44,-42,-19,-23,-25,-11,-16,-52,-55,-55,-56,-56,-98,-98,-46,-46,-38,-38,-40,-40,-36,-36,-83,-83,-84,-84,-53,-53,1,1,11,11,24,24,-7,-7,-25,-25,-70,-70,-72,-72,-28,-28,-29,-69,-69,-62,-62,-70,-70,-58,-58,-64,-64,-89,-89,-72,-72,-76,-76,-31,-31,-42,-42,-76,-76,-50,-50,-40,-40,-32,-32,-42,-42,-49,-49,-26,-26,-34,-34,-59,-59,-64,-64,-81,-81,-83,-83,-94,-94,-72,-72,-67,-29,-29,-26,-26,-7,-7,-76,-76,-76,-76,-49,-49,-11,-11,-28,-28,-48,-48,-95,-95,-95,-71,-71,-71,-31,-31,-15,-15,-54,-54,-63,-63,-86,-86,-67,-67,-76,-76,-65,-65,-50,-50,-30,-30,-35,-35,-92,-92,-67,-67,-47,-47,-65,-65,-52,-52,-48,-48,-44,-44,-49,-49,-55,-55,-73,-73,-75,-75,-75,-57,-57,-56,-56,-69,-69,-43,-43,-40,-40,-43,-43,-75,-75,-75,-64,-64,-63,-63,-51,-51,-57,-57,-51,-51,-52,-52,-47,-47,-62,-62,-72,-72,-74,-74,-67,-67,-69,-69,-84,-84,-70,-70,-64,-64,-25,-25,-71,-71,-50,-50,-52,-52,-61,-61,-55,-55,-38,-54,-54,-65,-65,-80,-80,-60,-60,-65,-65,-57,-57,-56,-56,-40,-40,-32,-32,-31
134,21.73199999999999932,-17,-25,-3,-3,9,24,37,-8,-4,-4,-26,-31,-31,-54,-46,-46,-1,7,7,-18,-18,-14,-14,0,-8,-8,-26,-26,12,12,-48,-48,-4,-4,-20,-20,-34,-34,-19,-5,-5,21,21,-1,-1,-18,-18,-50,-50,-13,-13,30,30,-38,-38,-28,-28,-2,24,-7,-29,-29,-31,-31,-24,-24,-29,-29,-8,-8,-22,-22,11,4,-25,-1,-3,5,-23,-23,14,4,12,44,26,26,29,-17,-17,-44,-44,-23,-23,-50,-50,-6,-6,0,0,5,5,-51,-51,-29,-29,-20,-20,20,20,27,27,15,15,-26,-26,10,10,-52,-52,-42,-42,-25,-25,8,1,1,-34,-34,-12,-12,-34,-34,-50,-50,-51,-51,-48,-48,-19,-19,-26,-26,-65,-65,-41,-41,-51,-51,-5,-5,-18,-18,-36,-36,-38,-38,14,14,-6,-6,-19,-19,-53,-53,-60,-60,-77,-77,-68,-68,-16,-16,-3,31,31,4,4,-17,-17,-66,-66,-86,-86,-4,-4,26,26,-14,-14,-29,-29,-44,-44,-44,-10,-10,-10,-2,-2,31,31,2,2,-34,-34,-44,-44,-38,-38,-64,-64,-26,-26,0,0,3,3,-18,-18,-27,-27,-53,-53,-26,-26,0,0,-21,-21,-18,-18,-25,-25,-3,-3,-32,-32,-20,-20,-15,-15,-15,-21,-21,-25,-25,-33,-33,-19,-19,-30,-30,-35,-35,-47,-47,-47,-35,-35,-53,-53,-25,-25,-38,-38,-16,-16,-69,-69,-37,-37,-30,-30,-43,-43,-33,-33,-54,-54,-42,-42,-30,-30,-30,-30,-7,-7,-8,-8,-46,-46,-41,-41,-37,-37,-48,-48,-37,-37,-28,-51,-51,-48,-48,-35,-35,-29,-29,-31,-31,-50,-50,-36,-36,-6,-6,-21,-21,-38
135,21.93200000000000216,26,11,38,38,79,115,97,84,41,41,49,33,33,14,20,20,48,14,14,38,38,51,51,94,60,60,17,17,-4,-4,25,25,31,31,57,57,35,35,55,1,1,45,45,57,57,40,40,30,30,45,45,57,57,40,40,-6,-6,46,59,57,31,31,7,7,33,33,66,66,37,37,57,57,58,60,45,32,69,83,79,79,25,55,79,64,49,71,106,47,47,44,44,12,12,6,6,21,21,43,43,23,23,16,16,10,10,-19,-19,51,51,36,36,36,36,32,32,52,52,57,57,10,10,-7,-7,30,52,52,26,26,19,19,30,30,3,3,20,20,-13,-13,20,20,-14,-14,7,7,4,4,24,24,44,44,27,27,1,1,9,9,28,28,61,61,53,53,11,11,-6,-6,1,1,-12,-12,23,23,64,34,34,35,35,0,0,-19,-19,-19,-19,94,94,75,75,47,47,44,44,21,21,21,29,29,29,28,28,70,70,28,28,16,16,30,30,26,26,35,35,37,37,38,38,27,27,37,37,24,24,8,8,57,57,78,78,50,50,44,44,55,55,52,52,27,27,70,70,35,35,35,28,28,43,43,21,21,48,48,16,16,18,18,22,22,22,29,29,28,28,47,47,38,38,15,15,30,30,-6,-6,10,10,16,16,29,29,-20,-20,19,19,6,6,26,26,63,63,48,48,30,30,36,36,26,26,31,31,16,16,1,-7,-7,18,18,-13,-13,18,18,11,11,14,14,14,14,20,20,21,21,16
136,22.13200000000000145,32,87,83,83,77,87,102,100,95,95,106,63,63,94,80,80,72,65,65,74,74,81,81,109,80,80,35,35,28,28,43,43,78,78,73,73,62,62,74,68,68,52,52,116,116,92,92,78,78,61,61,85,85,24,24,69,69,102,123,114,104,104,95,95,88,88,73,73,75,75,87,87,105,98,90,141,101,118,79,79,59,92,91,124,141,108,134,111,111,77,77,36,36,48,48,62,62,69,69,85,85,53,53,48,48,61,61,53,53,57,57,64,64,80,80,121,121,115,115,69,69,12,12,41,64,64,66,66,74,74,63,63,40,40,81,81,71,71,73,73,36,36,67,67,73,73,85,85,85,85,67,67,42,42,83,83,95,95,104,104,93,93,72,72,35,35,29,29,54,54,68,68,65,61,61,65,65,27,27,14,14,46,46,101,101,111,111,95,95,80,80,92,92,92,76,76,76,59,59,80,80,63,63,48,48,90,90,70,70,61,61,52,52,54,54,49,49,49,49,53,53,66,66,77,77,85,85,99,99,83,83,74,74,51,51,97,97,78,78,81,81,81,89,89,88,88,65,65,98,98,96,96,102,102,104,104,104,80,80,57,57,63,63,71,71,52,52,56,56,34,34,63,63,58,58,57,57,38,38,39,39,50,50,93,93,68,68,91,91,73,73,51,51,90,90,71,71,44,44,60,58,58,50,50,51,51,54,54,59,59,25,25,29,29,41,41,69,69,55
137,22.33200000000000074,67,103,76,76,90,49,65,73,74,74,86,85,85,61,44,44,81,85,85,36,36,64,64,74,68,68,23,23,28,28,31,31,40,40,64,64,68,68,57,32,32,43,43,79,79,64,64,43,43,70,70,73,73,77,77,47,47,81,90,111,101,101,116,116,80,80,87,87,82,82,102,102,107,108,115,124,109,149,91,91,102,110,97,128,106,105,103,97,97,61,61,96,96,65,65,84,84,76,76,44,44,52,52,91,91,77,77,52,52,6,6,23,23,77,77,136,136,139,139,85,85,21,21,-8,79,79,103,103,83,83,100,100,82,82,81,81,43,43,36,36,89,89,94,94,113,113,108,108,83,83,87,87,69,69,93,93,83,83,86,86,74,74,78,78,73,73,48,48,58,58,61,61,87,118,118,52,52,15,15,37,37,94,94,144,144,102,102,89,89,93,93,96,96,96,60,60,60,69,69,28,28,69,69,43,43,104,104,102,102,107,107,76,76,61,61,70,70,66,66,46,46,121,121,90,90,140,140,113,113,86,86,74,74,87,87,71,71,93,93,110,110,110,85,85,104,104,114,114,103,103,95,95,118,118,87,87,87,89,89,100,100,89,89,76,76,54,54,82,82,76,76,75,75,77,77,90,90,62,62,64,64,84,84,100,100,76,76,92,92,89,89,74,74,97,97,80,80,45,45,61,44,44,65,65,49,49,78,78,83,83,42,42,69,69,53,53,46,46,72
138,22.53200000000000003,11,31,-8,-8,17,18,8,78,73,73,75,51,51,64,27,27,71,53,53,52,52,29,29,6,-13,-13,40,40,16,16,-10,-10,11,11,32,32,57,57,25,-2,-2,16,16,50,50,23,23,32,32,60,60,92,92,64,64,38,38,7,49,58,52,52,66,66,54,54,57,57,58,58,43,43,54,69,85,98,84,90,78,78,67,46,64,56,75,50,24,61,61,64,64,60,60,52,52,47,47,32,32,46,46,68,68,45,45,35,35,-10,-10,-29,-29,-4,-4,19,19,77,77,96,96,72,72,2,2,-5,29,29,94,94,81,81,70,70,57,57,69,69,41,41,45,45,47,47,84,84,72,72,65,65,53,53,52,52,59,59,105,105,105,105,69,69,55,55,91,91,56,56,45,45,33,33,67,67,67,71,71,13,13,-22,-22,24,24,49,49,76,76,40,40,55,55,60,60,67,67,67,50,50,50,37,37,29,29,71,71,72,72,101,101,99,99,50,50,75,75,74,74,39,39,40,40,42,42,104,104,64,64,106,106,66,66,45,45,53,53,70,70,67,67,56,56,49,49,49,58,58,57,57,82,82,97,97,99,99,121,121,85,85,85,77,77,43,43,71,71,73,73,39,39,82,82,68,68,74,74,42,42,76,76,59,59,29,29,80,80,68,68,39,39,96,96,87,87,57,57,69,69,55,55,42,42,44,43,43,54,54,32,32,52,52,25,25,30,30,27,27,47,47,67,67,55
139,22.73199999999999932,-45,-18,-57,-57,-2,11,4,53,13,13,36,47,47,54,34,34,67,52,52,14,14,17,17,-4,-13,-13,-6,-6,-3,-3,17,17,2,2,-2,-2,19,19,30,-1,-1,6,6,50,50,-21,-21,18,18,42,42,45,45,25,25,35,35,39,18,-10,20,20,27,27,34,34,57,57,31,31,27,27,20,27,49,49,58,65,49,49,32,46,44,44,49,31,34,8,8,39,39,76,76,47,47,31,31,27,27,70,70,57,57,52,52,43,43,-7,-7,-23,-23,-21,-21,-22,-22,2,2,37,37,73,73,48,48,-23,16,16,65,65,66,66,53,53,43,43,42,42,35,35,-13,-13,81,81,75,75,19,19,-7,-7,2,2,-2,-2,44,44,60,60,46,46,7,7,21,21,48,48,47,47,45,45,47,47,80,80,28,30,30,-2,-2,-13,-13,9,9,67,67,54,54,32,32,25,25,51,51,53,53,53,37,37,37,40,40,71,71,59,59,67,67,41,41,49,49,57,57,56,56,52,52,53,53,50,50,39,39,84,84,38,38,47,47,30,30,56,56,44,44,77,77,53,53,37,37,40,40,40,31,31,22,22,57,57,88,88,59,59,73,73,64,64,64,37,37,51,51,75,75,51,51,31,31,59,59,52,52,41,41,53,53,28,28,53,53,40,40,56,56,37,37,26,26,61,61,60,60,10,10,42,42,30,30,16,16,56,27,27,33,33,27,27,51,51,10,10,13,13,10,10,48,48,56,56,82
140,22.93200000000000216,-60,-48,5,5,18,11,57,37,44,44,66,81,81,44,55,55,80,50,50,45,45,37,37,27,11,11,37,37,71,71,48,48,24,24,52,52,48,48,61,70,70,41,41,30,30,21,21,41,41,54,54,93,93,71,71,79,79,77,42,61,58,58,46,46,66,66,67,67,59,59,42,42,35,47,55,52,33,65,34,34,39,72,72,50,51,53,28,60,60,23,23,77,77,78,78,75,75,74,74,81,81,87,87,102,102,56,56,25,25,42,42,26,26,19,19,24,24,41,41,112,112,91,91,26,18,18,99,99,98,98,49,49,68,68,50,50,56,56,55,55,57,57,47,47,37,37,11,11,0,0,26,26,63,63,36,36,23,23,31,31,30,30,43,43,81,81,74,74,86,86,81,81,83,75,75,26,26,21,21,112,112,89,89,53,53,55,55,66,66,62,62,60,60,60,92,92,92,66,66,59,59,44,44,67,67,75,75,64,64,82,82,68,68,68,68,63,63,31,31,65,65,75,75,23,23,50,50,38,38,54,54,65,65,71,71,85,85,52,52,41,41,41,63,63,72,72,64,64,71,71,58,58,49,49,34,34,34,41,41,52,52,42,42,69,69,74,74,72,72,52,52,42,42,59,59,64,64,62,62,52,52,56,56,18,18,61,61,78,78,69,69,47,47,36,36,46,46,53,53,42,48,48,32,32,34,34,68,68,42,42,57,57,51,51,68,68,44,44,58
141,23.13200000000000145,-3,17,64,64,117,81,89,74,98,98,129,123,123,127,124,124,122,125,125,127,127,113,113,87,98,98,93,93,108,108,83,83,94,94,97,97,95,95,106,110,110,106,106,68,68,118,118,117,117,103,103,98,98,111,111,102,102,107,134,137,139,139,132,132,132,132,124,124,123,123,113,113,93,103,112,113,94,101,90,90,131,135,116,81,109,97,93,82,82,120,120,108,108,119,119,111,111,156,156,168,168,143,143,162,162,144,144,99,99,96,96,133,133,144,144,110,110,155,155,192,192,133,133,137,92,92,122,122,135,135,97,97,107,107,149,149,141,141,108,108,127,127,94,94,91,91,89,89,70,70,83,83,104,104,89,89,113,113,95,95,115,115,103,103,134,134,114,114,107,107,113,113,130,143,143,101,101,86,86,132,132,141,141,134,134,89,89,102,102,127,127,124,124,124,81,81,81,130,130,91,91,66,66,90,90,116,116,90,90,101,101,106,106,94,94,69,69,110,110,120,120,116,116,82,82,100,100,92,92,76,76,114,114,114,114,106,106,100,100,147,147,147,161,161,125,125,118,118,87,87,105,105,104,104,96,96,96,99,99,99,99,77,77,84,84,92,92,78,78,79,79,85,85,123,123,116,116,114,114,105,105,129,129,97,97,105,105,110,110,100,100,93,93,86,86,87,87,91,91,104,108,108,93,93,81,81,90,90,114,114,93,93,72,72,109,109,101,101,112
142,23.33200000000000074,78,130,150,150,137,126,123,140,138,138,142,124,124,182,161,161,189,188,188,169,169,118,118,132,109,109,133,133,122,122,124,124,91,91,98,98,154,154,149,118,118,109,109,157,157,178,178,179,179,145,145,153,153,154,154,164,164,148,158,191,198,198,189,189,150,150,126,126,174,174,136,136,129,146,142,129,153,143,140,140,165,141,122,130,110,119,119,135,135,144,144,147,147,178,178,144,144,170,170,194,194,196,196,230,230,187,187,129,129,109,109,148,148,201,201,229,229,166,166,228,228,176,176,172,133,133,136,136,149,149,149,149,173,173,205,205,219,219,178,178,154,154,152,152,111,111,118,118,129,129,146,146,148,148,108,108,149,149,137,137,123,123,169,169,148,148,165,165,133,133,134,134,168,154,154,114,114,140,140,154,154,166,166,147,147,91,91,107,107,143,143,127,127,127,121,121,121,131,131,70,70,111,111,76,76,110,110,122,122,149,149,119,119,96,96,74,74,142,142,159,159,169,169,195,195,153,153,149,149,162,162,178,178,179,179,180,180,158,158,188,188,188,163,163,158,158,168,168,156,156,147,147,141,141,129,129,129,141,141,140,140,109,109,116,116,113,113,115,115,111,111,119,119,129,129,146,146,145,145,140,140,155,155,145,145,121,121,150,150,145,145,131,131,104,104,127,127,138,138,144,103,103,141,141,110,110,119,119,122,122,135,135,156,156,111,111,103,103,123
143,23.53200000000000003,162,176,126,126,135,119,90,127,134,134,134,141,141,126,139,139,168,159,159,136,136,147,147,114,98,98,109,109,85,85,68,68,71,71,51,51,96,96,102,91,91,68,68,115,115,136,136,124,124,145,145,109,109,153,153,169,169,97,114,147,148,148,157,157,121,121,110,110,134,134,111,111,87,113,117,127,134,150,123,123,123,141,102,109,99,57,88,99,99,124,124,93,93,102,102,143,143,122,122,171,171,151,151,190,190,176,176,84,84,41,41,126,126,150,150,185,185,168,168,188,188,190,190,145,124,124,92,92,97,97,143,143,178,178,198,198,203,203,179,179,170,170,145,145,143,143,152,152,147,147,121,121,110,110,85,85,125,125,95,95,98,98,130,130,159,159,116,116,134,134,111,111,103,124,124,91,91,108,108,95,95,113,113,130,130,85,85,92,92,121,121,107,107,107,74,74,74,62,62,80,80,67,67,62,62,64,64,86,86,128,128,103,103,50,50,66,66,128,128,111,111,146,146,159,159,165,165,131,131,136,136,149,149,144,144,158,158,172,172,161,161,161,155,155,124,124,158,158,143,143,149,149,165,165,118,118,118,125,125,125,125,116,116,115,115,117,117,134,134,109,109,122,122,107,107,123,123,130,130,163,163,146,146,127,127,141,141,153,153,127,127,130,130,134,134,135,135,149,149,156,136,136,129,129,122,122,101,101,121,121,141,141,155,155,110,110,93,93,103
144,23.73199999999999932,131,123,88,88,55,64,47,50,45,45,56,58,58,60,71,71,68,96,96,88,88,74,74,42,54,54,59,59,75,75,45,45,37,37,4,4,54,54,51,32,32,36,36,25,25,60,60,57,57,77,77,75,75,54,54,70,70,30,9,17,64,64,75,75,42,42,30,30,53,53,19,19,28,33,23,65,39,58,107,107,73,46,21,69,17,-4,18,46,46,49,49,60,60,51,51,55,55,21,21,50,50,93,93,76,76,81,81,8,8,-18,-18,12,12,81,81,54,54,76,76,107,107,108,108,121,64,64,21,21,27,27,79,79,101,101,134,134,121,121,121,121,109,109,76,76,93,93,74,74,81,81,94,94,92,92,35,35,38,38,7,7,1,1,28,28,66,66,69,69,53,53,66,66,47,19,19,12,12,54,54,35,35,21,21,19,19,14,14,13,13,19,19,44,44,44,26,26,26,11,11,16,16,41,41,-3,-3,54,54,29,29,57,57,46,46,44,44,63,63,90,90,59,59,72,72,68,68,67,67,47,47,63,63,52,52,89,89,70,70,52,52,54,54,54,40,40,77,77,82,82,85,85,76,76,70,70,88,88,88,73,73,75,75,51,51,70,70,55,55,62,62,81,81,57,57,43,43,62,62,84,84,88,88,90,90,99,99,72,72,59,59,60,60,87,87,78,78,71,71,98,98,88,62,62,55,55,85,85,43,43,50,50,105,105,111,111,60,60,78,78,53
145,23.93200000000000216,70,19,39,39,28,2,27,-13,15,15,-22,29,29,-20,21,21,-3,59,59,27,27,37,37,-26,-26,-26,42,42,18,18,2,2,-24,-24,-33,-33,4,4,-16,19,19,23,23,25,25,25,25,-16,-16,27,27,39,39,-2,-2,31,31,-23,-55,-81,-8,-8,11,11,20,20,-7,-7,2,2,-22,-22,-17,-23,-31,-9,-14,-36,-18,-18,4,-1,-13,-23,-23,-65,-44,-18,-18,1,1,6,6,26,26,-1,-1,-15,-15,-18,-18,47,47,9,9,-3,-3,-4,-4,-29,-29,-15,-15,-2,-2,9,9,-1,-1,-35,-35,43,43,35,10,10,-3,-3,1,1,29,29,76,76,44,44,30,30,35,35,24,24,41,41,24,24,35,35,36,36,28,28,68,68,12,12,-27,-27,-48,-48,-32,-32,-8,-8,26,26,21,21,22,22,32,32,-38,-16,-16,-7,-7,12,12,-2,-2,-28,-28,-45,-45,-21,-21,-26,-26,-39,-39,1,1,1,-18,-18,-18,-28,-28,11,11,9,9,17,17,-3,-3,3,3,29,29,37,37,21,21,41,41,30,30,31,31,28,28,20,20,-15,-15,-7,-7,-12,-12,33,33,27,27,8,8,2,2,-13,-13,-13,-38,-38,-28,-28,-21,-21,16,16,29,29,11,11,9,9,9,5,5,-18,-18,19,19,5,5,18,18,23,23,42,42,11,11,14,14,10,10,25,25,35,35,29,29,14,14,12,12,34,34,12,12,36,36,38,38,24,24,23,23,35,47,47,47,47,22,22,11,11,19,19,44,44,62,62,46,46,57,57,28
146,24.13200000000000145,36,24,17,17,7,32,-4,30,-1,-1,-18,1,1,-5,-2,-2,3,11,11,23,23,19,19,-2,-23,-23,44,44,18,18,7,7,31,31,33,33,52,52,13,-17,-17,48,48,8,8,30,30,6,6,-11,-11,19,19,11,11,8,8,-2,-63,-62,-7,-7,-12,-12,8,8,-9,-9,-17,-17,-21,-21,-51,-23,-20,-72,-30,-37,8,8,-21,-1,-16,7,-35,-21,-18,0,0,-22,-22,19,19,-1,-1,-47,-47,-15,-15,-39,-39,17,17,-9,-9,-13,-13,22,22,9,9,30,30,37,37,-22,-22,6,6,-36,-36,2,2,29,16,16,-30,-30,-41,-41,20,20,28,28,-11,-11,-11,-11,26,26,7,7,-29,-29,20,20,36,36,-3,-3,2,2,14,14,11,11,-19,-19,-26,-26,-42,-42,4,4,24,24,15,15,41,41,18,18,-9,15,15,20,20,1,1,1,1,-38,-38,-23,-23,-9,-9,-24,-24,-36,-36,20,20,20,-7,-7,-7,-11,-11,-6,-6,9,9,56,56,28,28,4,4,13,13,46,46,25,25,33,33,-3,-3,-2,-2,-10,-10,-4,-4,-10,-10,-52,-52,8,8,-19,-19,-16,-16,-13,-13,-28,-28,-20,-20,-20,-17,-17,-31,-31,-4,-4,25,25,14,14,-6,-6,-38,-38,-38,-3,-3,3,3,-7,-7,-1,-1,35,35,29,29,22,22,20,20,-5,-5,7,7,30,30,24,24,7,7,12,12,-7,-7,15,15,17,17,19,19,28,28,4,4,2,2,7,34,34,35,35,35,35,15,15,-4,-4,29,29,22,22,11,11,36,36,71
147,24.33200000000000074,56,58,82,82,67,39,30,33,40,40,36,37,37,12,45,45,2,48,48,58,58,47,47,28,45,45,66,66,79,79,59,59,77,77,58,58,48,48,61,43,43,48,48,50,50,37,37,57,57,18,18,29,29,60,60,45,45,49,19,15,3,3,44,44,29,29,9,9,20,20,26,26,-10,-12,14,31,-21,9,11,11,19,28,31,30,9,34,14,32,32,32,32,40,40,46,46,7,7,35,35,25,25,58,58,65,65,84,84,67,67,84,84,53,53,71,71,46,46,41,41,11,11,30,30,23,80,80,50,50,-6,-6,42,42,60,60,39,39,15,15,39,39,22,22,14,14,30,30,57,57,54,54,43,43,43,43,25,25,22,22,32,32,33,33,19,19,35,35,74,74,68,68,37,37,33,30,30,60,60,55,55,12,12,13,13,34,34,41,41,25,25,33,33,33,33,33,31,31,31,31,31,6,6,12,12,72,72,25,25,28,28,27,27,51,51,31,31,67,67,49,49,44,44,16,16,13,13,6,6,-5,-5,17,17,19,19,42,42,31,31,52,52,6,6,6,35,35,-5,-5,27,27,15,15,-6,-6,10,10,19,19,19,16,16,9,9,8,8,22,22,34,34,42,42,18,18,26,26,29,29,26,26,15,15,31,31,24,24,20,20,26,26,11,11,45,45,17,17,36,36,14,14,17,17,28,58,58,24,24,29,29,46,46,25,25,57,57,49,49,22,22,67,67,46
148,24.53200000000000003,115,108,97,97,50,39,28,59,62,62,76,94,94,63,87,87,47,65,65,76,76,76,76,76,72,72,95,95,71,71,80,80,80,80,61,61,88,88,59,79,79,76,76,64,64,62,62,53,53,51,51,64,64,68,68,79,79,67,78,63,64,64,44,44,50,50,57,57,67,67,9,9,59,45,58,30,37,25,47,47,28,36,40,23,55,57,31,71,71,67,67,51,51,59,59,64,64,66,66,58,58,65,65,76,76,90,90,106,106,93,93,95,95,96,96,83,83,79,79,33,33,42,42,66,82,82,70,70,31,31,53,53,86,86,61,61,77,77,74,74,62,62,43,43,76,76,79,79,90,90,58,58,50,50,50,50,48,48,46,46,54,54,20,20,81,81,83,83,81,81,50,50,56,55,55,72,72,59,59,15,15,44,44,71,71,71,71,36,36,65,65,43,43,43,55,55,55,65,65,51,51,34,34,30,30,31,31,39,39,59,59,76,76,43,43,30,30,45,45,29,29,57,57,73,73,37,37,40,40,63,63,63,63,57,57,53,53,61,61,35,35,35,55,55,40,40,37,37,33,33,46,46,37,37,38,38,38,35,35,43,43,55,55,20,20,37,37,56,56,42,42,41,41,42,42,59,59,57,57,48,48,47,47,41,41,63,63,48,48,19,19,21,21,35,35,52,52,60,60,34,46,46,54,54,64,64,51,51,69,69,96,96,59,59,65,65,67,67,56
149,24.73199999999999932,132,128,85,85,33,37,29,27,64,64,23,92,92,80,86,86,105,42,42,66,66,73,73,59,74,74,64,64,47,47,44,44,33,33,39,39,59,59,32,47,47,16,16,45,45,60,60,56,56,38,38,34,34,66,66,51,51,36,66,71,64,64,56,56,45,45,47,47,44,44,43,43,46,70,78,65,30,46,61,61,59,8,48,44,54,53,39,33,33,46,46,34,34,43,43,26,26,41,41,27,27,46,46,69,69,99,99,95,95,90,90,48,48,103,103,90,90,121,121,26,26,72,72,60,80,80,91,91,40,40,37,37,79,79,71,71,82,82,95,95,30,30,57,57,67,67,87,87,79,79,64,64,45,45,34,34,37,37,58,58,50,50,71,71,52,52,51,51,32,32,-7,-7,1,30,30,67,67,43,43,41,41,59,59,68,68,56,56,39,39,35,35,13,13,13,53,53,53,16,16,21,21,46,46,61,61,38,38,40,40,51,51,43,43,26,26,15,15,52,52,54,54,63,63,70,70,26,26,41,41,41,41,41,41,31,31,84,84,72,72,57,57,57,32,32,56,56,34,34,24,24,35,35,43,43,30,30,30,38,38,55,55,31,31,49,49,31,31,41,41,38,38,57,57,30,30,38,38,56,56,76,76,37,37,55,55,58,58,56,56,24,24,58,58,38,38,38,38,71,71,75,47,47,59,59,59,59,61,61,53,53,91,91,109,109,58,58,38,38,20
150,24.93200000000000216,111,69,21,21,-21,-67,-33,-23,-1,-1,14,8,8,16,43,43,-4,48,48,-12,-12,17,17,-2,29,29,-7,-7,-5,-5,7,7,-32,-32,-30,-30,-13,-13,-15,-31,-31,-42,-42,-23,-23,16,16,-1,-1,6,6,-7,-7,-7,-7,-14,-14,-19,-5,-12,10,10,-2,-2,-9,-9,-3,-3,-18,-18,-20,-20,-11,-4,-10,30,-19,-53,-6,-6,9,-15,-22,0,-12,-4,5,-6,-6,9,9,1,1,-7,-7,-22,-22,10,10,-20,-20,-45,-45,-16,-16,24,24,46,46,31,31,27,27,16,16,-7,-7,-3,-3,-8,-8,4,4,-28,45,45,44,44,-4,-4,-2,-2,15,15,14,14,10,10,-12,-12,53,53,17,17,38,38,40,40,23,23,20,20,8,8,-23,-23,-15,-15,-18,-18,1,1,6,6,-11,-11,3,3,-13,-13,-37,-37,-47,-56,-56,-9,-9,-4,-4,-16,-16,3,3,9,9,-24,-24,-17,-17,-27,-27,-39,-39,-39,-23,-23,-23,-14,-14,-18,-18,-10,-10,38,38,20,20,22,22,9,9,10,10,22,22,-6,-6,15,15,43,43,-46,-46,33,33,8,8,-15,-15,12,12,2,2,34,34,-1,-1,-11,-11,-11,-11,-11,-3,-3,1,1,8,8,-15,-15,-8,-8,8,8,22,22,22,17,17,20,20,12,12,8,8,18,18,-5,-5,9,9,13,13,20,20,14,14,20,20,24,24,20,20,-4,-4,-13,-13,8,8,-12,-12,10,10,32,32,19,19,42,42,8,7,7,9,9,24,24,16,16,33,33,80,80,44,44,36,36,-8,-8,-19
151,25.13200000000000145,24,10,-62,-62,-100,-104,-95,-74,-57,-57,-51,-41,-41,-49,-41,-41,-55,-35,-35,-54,-54,-32,-32,-74,-73,-73,-54,-54,-18,-18,-66,-66,-84,-84,-102,-102,-81,-81,-80,-51,-51,-73,-73,-72,-72,-62,-62,-71,-71,-35,-35,-68,-68,-85,-85,-68,-68,-92,-89,-56,-48,-48,-51,-51,-61,-61,-54,-54,-67,-67,-54,-54,-59,-66,-42,-68,-80,-72,-16,-16,-19,-36,-44,-103,-55,-55,-64,-40,-40,-50,-50,-68,-68,-38,-38,-43,-43,-72,-72,-72,-72,-69,-69,-61,-61,-88,-88,-46,-46,7,7,-67,-67,-52,-52,-84,-84,-67,-67,-75,-75,-120,-120,-103,-33,-33,-7,-7,-39,-39,-72,-72,-38,-38,-53,-53,-43,-43,-65,-65,-44,-44,-26,-26,-36,-36,-20,-20,-37,-37,-38,-38,-37,-37,-33,-33,-104,-104,-88,-88,-70,-70,-72,-72,-33,-33,-59,-59,-72,-72,-68,-68,-83,-78,-78,-54,-54,-68,-68,-42,-42,-40,-40,-47,-47,-73,-73,-86,-86,-70,-70,-69,-69,-69,-87,-87,-87,-52,-52,-61,-61,-2,-2,-20,-20,-41,-41,-50,-50,-62,-62,-45,-45,-25,-25,-11,-11,-29,-29,-44,-44,-71,-71,-55,-55,-61,-61,-50,-50,-37,-37,-61,-61,-68,-68,-73,-73,-72,-72,-51,-51,-51,-87,-87,-58,-58,-63,-63,-34,-34,-47,-47,-14,-14,-6,-6,-6,-25,-25,-40,-40,-31,-31,-31,-31,-29,-29,-34,-34,-30,-30,-39,-39,-30,-30,-41,-41,-29,-29,-42,-42,-56,-56,-50,-50,-59,-59,-48,-48,-46,-46,-40,-40,-49,-49,-32,-32,-20,-20,-24,-42,-42,-31,-31,-40,-40,-37,-37,-42,-42,-7,-7,6,6,-32,-32,-37,-37,-45
152,25.33200000000000074,-67,-96,-115,-115,-114,-123,-96,-134,-85,-85,-78,-95,-95,-71,-61,-61,-84,-62,-62,-71,-71,-89,-89,-89,-107,-107,-68,-68,-89,-89,-86,-86,-88,-88,-130,-130,-84,-84,-79,-79,-79,-84,-84,-88,-88,-90,-90,-82,-82,-94,-94,-75,-75,-93,-93,-94,-94,-113,-90,-88,-101,-101,-88,-88,-93,-93,-84,-84,-115,-115,-106,-106,-110,-81,-101,-86,-97,-107,-85,-85,-109,-61,-93,-107,-55,-87,-99,-78,-78,-61,-61,-54,-54,-77,-77,-99,-99,-84,-84,-82,-82,-112,-112,-134,-134,-134,-134,-95,-95,-57,-57,-49,-49,-85,-85,-109,-109,-109,-109,-139,-139,-151,-151,-104,-97,-97,-64,-64,-60,-60,-89,-89,-74,-74,-118,-118,-105,-105,-98,-98,-59,-59,-86,-86,-90,-90,-96,-96,-120,-120,-93,-93,-89,-89,-108,-108,-82,-82,-93,-93,-97,-97,-92,-92,-111,-111,-97,-97,-72,-72,-105,-105,-111,-85,-85,-122,-122,-85,-85,-79,-79,-75,-75,-99,-99,-75,-75,-93,-93,-91,-91,-98,-98,-98,-75,-75,-75,-70,-70,-74,-74,-56,-56,-32,-32,-41,-41,-68,-68,-99,-99,-67,-67,-53,-53,-69,-69,-63,-63,-63,-63,-86,-86,-95,-95,-122,-122,-98,-98,-86,-86,-123,-123,-128,-128,-105,-105,-98,-98,-115,-115,-115,-102,-102,-102,-102,-92,-92,-78,-78,-87,-87,-92,-92,-70,-70,-70,-61,-61,-85,-85,-87,-87,-90,-90,-72,-72,-59,-59,-59,-59,-61,-61,-86,-86,-81,-81,-83,-83,-95,-95,-92,-92,-74,-74,-71,-71,-92,-92,-75,-75,-85,-85,-73,-73,-69,-69,-60,-60,-68,-54,-54,-68,-68,-67,-67,-65,-65,-100,-100,-89,-89,-55,-55,-69,-69,-89,-89,-90
153,25.53200000000000003,-93,-130,-118,-118,-111,-69,-91,-115,-93,-93,-100,-88,-88,-102,-61,-61,-104,-101,-101,-80,-80,-69,-69,-76,-99,-99,-69,-69,-55,-55,-54,-54,-90,-90,-58,-58,-68,-68,-68,-84,-84,-63,-63,-82,-82,-86,-86,-84,-84,-79,-79,-75,-75,-96,-96,-86,-86,-96,-102,-92,-110,-110,-84,-84,-93,-93,-76,-76,-102,-102,-110,-110,-78,-57,-71,-81,-93,-82,-82,-82,-85,-72,-80,-87,-60,-56,-77,-80,-80,-78,-78,-78,-78,-87,-87,-93,-93,-96,-96,-91,-91,-95,-95,-113,-113,-132,-132,-98,-98,-57,-57,-30,-30,-50,-50,-100,-100,-101,-101,-142,-142,-122,-122,-98,-77,-77,-57,-57,-24,-24,-88,-88,-109,-109,-150,-150,-104,-104,-110,-110,-81,-81,-107,-107,-106,-106,-112,-112,-135,-135,-100,-100,-80,-80,-103,-103,-94,-94,-100,-100,-92,-92,-86,-86,-82,-82,-49,-49,-67,-67,-82,-82,-63,-72,-72,-86,-86,-76,-76,-41,-41,-60,-60,-59,-59,-45,-45,-79,-79,-59,-59,-52,-52,-52,-37,-37,-37,-91,-91,-85,-85,-50,-50,-64,-64,-37,-37,-89,-89,-71,-71,-78,-78,-74,-74,-73,-73,-87,-87,-98,-98,-111,-111,-151,-151,-117,-117,-129,-129,-106,-106,-125,-125,-141,-141,-110,-110,-114,-114,-74,-74,-74,-115,-115,-79,-79,-97,-97,-114,-114,-91,-91,-117,-117,-89,-89,-89,-102,-102,-93,-93,-79,-79,-62,-62,-78,-78,-80,-80,-66,-66,-60,-60,-86,-86,-87,-87,-96,-96,-120,-120,-112,-112,-104,-104,-97,-97,-125,-125,-76,-76,-85,-85,-121,-121,-98,-98,-93,-93,-75,-94,-94,-68,-68,-87,-87,-105,-105,-104,-104,-97,-97,-84,-84,-90,-90,-79,-79,-77
154,25.73199999999999932,-88,-123,-72,-72,-33,-16,-18,-25,-45,-45,-53,-76,-76,-45,-70,-70,-77,-77,-77,-54,-54,-57,-57,-45,-46,-46,-28,-28,-49,-49,-38,-38,-8,-8,-45,-45,-14,-14,-49,-18,-18,-43,-43,-59,-59,-69,-69,-63,-63,-49,-49,-11,-11,-29,-29,-54,-54,-29,-71,-47,-78,-78,-76,-76,-31,-31,-55,-55,-75,-75,-32,-32,-47,-48,-70,-65,-75,-64,-58,-58,-45,-70,-37,-25,-29,-43,-43,-9,-9,-24,-24,-42,-42,-38,-38,-43,-43,-17,-17,-43,-43,-50,-50,-94,-94,-45,-45,-20,-20,-7,-7,-41,-41,-51,-51,-95,-95,-53,-53,-79,-79,-42,-42,-24,-52,-52,-7,-7,-15,-15,-30,-30,-99,-99,-114,-114,-77,-77,-69,-69,-60,-60,-46,-46,-82,-82,-97,-97,-83,-83,-63,-63,-77,-77,-67,-67,-69,-69,-72,-72,-53,-53,-34,-34,-35,-35,-61,-61,-46,-46,-20,-20,0,-37,-37,-46,-46,-27,-27,-31,-31,-25,-25,-55,-55,-17,-17,-19,-19,-32,-32,3,3,3,-40,-40,-40,-72,-72,-39,-39,-47,-47,-28,-28,-39,-39,-59,-59,-67,-67,-74,-74,-75,-75,-87,-87,-73,-73,-77,-77,-113,-113,-94,-94,-118,-118,-96,-96,-52,-52,-78,-78,-93,-93,-88,-88,-64,-64,-63,-63,-63,-72,-72,-89,-89,-102,-102,-105,-105,-121,-121,-92,-92,-96,-96,-96,-70,-70,-73,-73,-64,-64,-60,-60,-60,-60,-77,-77,-67,-67,-69,-69,-59,-59,-72,-72,-86,-86,-65,-65,-98,-98,-69,-69,-91,-91,-100,-100,-81,-81,-85,-85,-91,-91,-98,-98,-66,-66,-65,-85,-85,-77,-77,-71,-71,-59,-59,-72,-72,-93,-93,-84,-84,-63,-63,-43,-43,-84
155,25.93200000000000216,-58,-63,-17,-17,15,39,36,16,24,24,-40,-26,-26,-40,-38,-38,-41,1,1,3,3,-18,-18,-3,6,6,20,20,-10,-10,43,43,31,31,24,24,7,7,11,10,10,28,28,10,10,14,14,-10,-10,-10,-10,-11,-11,-31,-31,-20,-20,-2,3,-39,5,5,-24,-24,-12,-12,6,6,-15,-15,6,6,-22,-12,-6,-9,-48,-66,-42,-42,-65,-37,29,45,14,32,22,-5,-5,14,14,4,4,20,20,-10,-10,-24,-24,-28,-28,-43,-43,-25,-25,-23,-23,36,36,41,41,4,4,-15,-15,-26,-26,6,6,-38,-38,-22,-22,14,17,17,4,4,4,4,-24,-24,-33,-33,0,0,-22,-22,-20,-20,-34,-34,-55,-55,-50,-50,-59,-59,-56,-56,-39,-39,-47,-47,-32,-32,-37,-37,9,9,14,14,8,8,-3,-3,-52,-52,-30,-30,24,24,25,7,7,14,14,16,16,-17,-17,-13,-13,-21,-21,-18,-18,14,14,10,10,0,0,0,18,18,18,-10,-10,-7,-7,-27,-27,-31,-31,-29,-29,-35,-35,-67,-67,-61,-61,-54,-54,-40,-40,-32,-32,-65,-65,-81,-81,-52,-52,-87,-87,-48,-48,-40,-40,-62,-62,-50,-50,-34,-34,-39,-39,-32,-32,-32,-47,-47,-35,-35,-34,-34,-82,-82,-71,-71,-90,-90,-44,-44,-44,-25,-25,-29,-29,-16,-16,-14,-14,-40,-40,-48,-48,-33,-33,-34,-34,-48,-48,-59,-59,-66,-66,-58,-58,-52,-52,-50,-50,-75,-75,-86,-86,-59,-59,-14,-14,-44,-44,-38,-38,-34,-34,-70,-41,-41,-44,-44,-46,-46,-37,-37,-35,-35,-36,-36,-41,-41,-10,-10,-19,-19,-12
156,26.13200000000000145,28,-9,65,65,85,90,95,74,48,48,32,33,33,67,15,15,29,8,8,52,52,19,19,60,42,42,21,21,34,34,44,44,48,48,66,66,47,47,67,28,28,87,87,42,42,37,37,64,64,52,52,12,12,13,13,7,7,44,46,46,14,14,6,6,38,38,27,27,38,38,9,9,6,52,21,16,16,9,17,17,16,1,54,69,83,96,99,81,81,38,38,31,31,30,30,35,35,52,52,14,14,-6,-6,17,17,66,66,56,56,30,30,46,46,18,18,32,32,55,55,64,64,24,24,42,28,28,42,42,47,47,49,49,23,23,-5,-5,11,11,20,20,-23,-23,-31,-31,-8,-8,28,28,52,52,12,12,12,12,22,22,18,18,33,33,55,55,35,35,4,4,-14,-14,29,29,34,34,50,27,27,34,34,21,21,42,42,8,8,39,39,38,38,54,54,28,28,0,0,0,11,11,11,16,16,7,7,-16,-16,12,12,-11,-11,15,15,-3,-3,-13,-13,9,9,1,1,-20,-20,-37,-37,4,4,30,30,-11,-11,16,16,-9,-9,7,7,26,26,-13,-13,-7,-7,32,32,32,18,18,-15,-15,1,1,-33,-33,-1,-1,-44,-44,-4,-4,-4,18,18,-6,-6,9,9,15,15,5,5,-9,-9,19,19,7,7,7,7,-3,-3,-17,-17,-33,-33,-5,-5,-36,-36,-28,-28,-15,-15,10,10,2,2,10,10,19,19,8,8,8,-19,-19,14,14,8,8,17,17,1,1,-12,-12,16,16,0,0,39,39,5
157,26.33200000000000074,69,56,99,99,111,92,73,78,75,75,81,84,84,76,43,43,59,34,34,42,42,70,70,81,60,60,30,30,49,49,3,3,27,27,52,52,59,59,61,43,43,82,82,24,24,41,41,50,50,31,31,61,61,20,20,32,32,60,70,82,38,38,21,21,48,48,38,38,47,47,53,53,39,67,31,57,60,58,51,51,17,35,47,72,73,91,67,64,64,69,69,55,55,62,62,52,52,68,68,34,34,30,30,21,21,72,72,68,68,32,32,63,63,24,24,59,59,55,55,4,4,41,41,51,43,43,28,28,80,80,59,59,43,43,39,39,66,66,28,28,34,34,28,28,32,32,55,55,64,64,38,38,36,36,39,39,37,37,56,56,66,66,56,56,22,22,34,34,13,13,47,47,21,20,20,56,56,29,29,35,35,32,32,45,45,24,24,39,39,37,37,36,36,36,41,41,41,23,23,34,34,32,32,-10,-10,-3,-3,42,42,10,10,-14,-14,25,25,26,26,-3,-3,22,22,-24,-24,36,36,33,33,65,65,40,40,79,79,45,45,23,23,30,30,23,23,23,39,39,42,42,45,45,29,29,28,28,22,22,23,23,23,14,14,38,38,17,17,53,53,34,34,13,13,19,19,26,26,15,15,20,20,-10,-10,-20,-20,-7,-7,12,12,25,25,16,16,50,50,28,28,30,30,42,42,9,9,-1,36,36,16,16,8,8,46,46,28,28,13,13,15,15,20,20,21,21,14
158,26.53200000000000003,80,75,37,37,68,68,32,56,65,65,59,83,83,48,47,47,46,42,42,64,64,51,51,46,55,55,27,27,-2,-2,19,19,14,14,26,26,63,63,40,14,14,36,36,32,32,26,26,32,32,23,23,38,38,6,6,30,30,29,46,41,23,23,17,17,42,42,31,31,21,21,30,30,7,40,43,37,57,50,42,42,34,45,32,18,89,83,33,56,56,30,30,41,41,42,42,30,30,42,42,25,25,30,30,37,37,62,62,-1,-1,-4,-4,24,24,3,3,50,50,49,49,69,69,44,44,23,-2,-2,11,11,23,23,46,46,74,74,53,53,53,53,39,39,35,35,43,43,33,33,48,48,55,55,46,46,17,17,43,43,58,58,10,10,50,50,31,31,-5,-5,4,4,-5,-5,54,54,32,27,27,15,15,24,24,11,11,9,9,-6,-6,12,12,4,4,0,0,6,6,6,16,16,16,25,25,32,32,0,0,22,22,-7,-7,13,13,7,7,18,18,36,36,40,40,19,19,19,19,7,7,25,25,33,33,41,41,40,40,26,26,45,45,33,33,33,33,45,45,45,40,40,46,46,49,49,18,18,16,16,40,40,29,29,29,29,29,44,44,45,45,31,31,30,30,35,35,24,24,35,35,-1,-1,-11,-11,-18,-18,-6,-6,29,29,38,38,67,67,52,52,23,23,29,29,40,40,47,47,0,0,0,-6,-6,16,16,10,10,23,23,4,4,-35,-35,22,22,2,2,12,12,37
159,26.73199999999999932,27,30,3,3,4,12,22,15,7,7,32,38,38,22,38,38,27,7,7,20,20,8,8,0,23,23,11,11,-3,-3,-28,-28,6,6,-18,-18,-13,-13,7,23,23,13,13,55,55,8,8,7,7,10,10,31,31,-5,-5,-14,-14,2,7,5,-34,-34,-15,-15,-5,-5,-19,-19,-14,-14,2,2,18,8,32,9,-16,34,-4,-4,14,17,-7,-5,42,-3,17,18,18,8,8,42,42,-10,-10,-14,-14,4,4,8,8,-40,-40,13,13,22,22,-32,-32,-6,-6,-1,-1,-7,-7,-28,-28,-25,-25,-18,-18,25,25,12,0,0,19,19,23,23,7,7,24,24,-22,-22,4,4,-6,-6,-20,-20,-8,-8,-3,-3,0,0,-3,-3,24,24,9,9,28,28,-1,-1,3,3,-8,-8,-5,-5,-27,-27,2,2,-18,-18,-11,-11,10,-27,-27,-7,-7,-6,-6,-17,-17,-10,-10,-9,-9,-31,-31,-1,-1,14,14,0,0,0,-10,-10,-10,-11,-11,-10,-10,-20,-20,21,21,-8,-8,-14,-14,-13,-13,-7,-7,12,12,16,16,2,2,-24,-24,15,15,10,10,26,26,20,20,5,5,-23,-23,-16,-16,-13,-13,-5,-5,0,0,0,4,4,42,42,-3,-3,32,32,12,12,22,22,15,15,15,6,6,7,7,1,1,27,27,7,7,24,24,3,3,-10,-10,-3,-3,-21,-21,-20,-20,-5,-5,11,11,52,52,14,14,6,6,-14,-14,10,10,6,6,0,0,-14,-14,-39,-19,-19,-9,-9,-5,-5,-22,-22,4,4,-2,-2,-20,-20,-22,-22,-9,-9,6
160,26.93200000000000216,-9,-10,-38,-38,-19,-35,7,-16,-28,-28,-23,-19,-19,4,27,27,-13,-7,-7,-17,-17,-36,-36,-23,-29,-29,-39,-39,-20,-20,-1,-1,7,7,3,3,-13,-13,-7,-3,-3,14,14,1,1,21,21,-15,-15,-29,-29,-3,-3,-11,-11,-13,-13,-2,-6,-31,-42,-42,-30,-30,-34,-34,-26,-26,-19,-19,7,7,-2,-9,-35,3,-17,-13,-8,-8,-24,-29,8,10,16,32,1,-24,-24,2,2,1,1,0,0,-7,-7,-28,-28,-24,-24,0,0,-51,-51,-31,-31,13,13,13,13,-15,-15,-51,-51,-49,-49,-71,-71,-16,-16,-23,-23,-1,-10,-10,11,11,-2,-2,-1,-1,10,10,-13,-13,-47,-47,-32,-32,-14,-14,-20,-20,-54,-54,-27,-27,-29,-29,-17,-17,-6,-6,11,11,-18,-18,-18,-18,-5,-5,-2,-2,-19,-19,-2,-2,-8,-8,-3,-3,-19,-23,-23,-16,-16,-2,-2,-11,-11,-42,-42,-23,-23,-22,-22,-7,-7,33,33,8,8,8,1,1,1,8,8,41,41,26,26,-2,-2,3,3,-9,-9,-30,-30,13,13,14,14,-1,-1,-24,-24,38,38,-12,-12,-30,-30,-5,-5,20,20,-21,-21,-31,-31,-13,-13,-9,-9,-1,-1,1,1,1,-10,-10,-33,-33,-13,-13,-9,-9,1,1,-14,-14,-13,-13,-13,5,5,-7,-7,2,2,-11,-11,-7,-7,-7,-7,-13,-13,2,2,-7,-7,5,5,-14,-14,-12,-12,-1,-1,0,0,-43,-43,-3,-3,-15,-15,-33,-33,11,11,-9,-9,-38,-38,-28,-11,-11,-2,-2,-7,-7,4,4,-1,-1,-18,-18,-17,-17,-26,-26,-1,-1,-1
161,27.13200000000000145,-45,-36,-15,-15,-21,-5,-13,-3,6,6,-43,-33,-33,-2,-12,-12,-6,26,26,6,6,-10,-10,-9,0,0,2,2,35,35,48,48,61,61,26,26,24,24,48,38,38,40,40,23,23,-8,-8,-8,-8,-23,-23,3,3,22,22,12,12,15,-2,-19,-6,-6,-39,-39,-7,-7,-16,-16,2,2,42,42,14,17,9,12,-13,-5,-23,-23,15,-3,35,8,3,-3,16,11,11,28,28,2,2,35,35,35,35,14,14,37,37,24,24,7,7,-3,-3,52,52,34,34,5,5,-22,-22,-49,-49,-18,-18,24,24,40,40,36,18,18,18,18,6,6,-10,-10,0,0,-3,-3,-39,-39,-20,-20,34,34,-44,-44,-20,-20,-9,-9,-29,-29,-2,-2,-11,-11,8,8,31,31,31,31,19,19,-16,-16,-16,-16,31,31,-4,-4,13,13,32,26,26,15,15,2,2,31,31,-20,-20,28,28,4,4,18,18,64,64,44,44,44,40,40,40,58,58,37,37,33,33,24,24,-2,-2,57,57,33,33,-5,-5,30,30,20,20,-7,-7,2,2,17,17,60,60,12,12,47,47,33,33,27,27,4,4,27,27,26,26,18,18,18,38,38,-16,-16,-17,-17,37,37,-3,-3,-23,-23,2,2,2,8,8,25,25,31,31,7,7,9,9,10,10,28,28,42,42,32,32,19,19,8,8,46,46,-5,-5,15,15,-23,-23,14,14,-4,-4,18,18,40,40,12,12,-6,-6,3,-2,-2,22,22,12,12,10,10,32,32,18,18,16,16,21,21,20,20,34
162,27.33200000000000074,-27,19,31,31,-3,11,-1,30,-10,-10,7,11,11,36,35,35,41,35,35,34,34,32,32,26,3,3,28,28,6,6,54,54,95,95,78,78,60,60,52,51,51,89,89,51,51,46,46,39,39,49,49,29,29,18,18,50,50,45,63,38,32,32,40,40,27,27,42,42,63,63,65,65,33,35,42,59,46,38,44,44,30,42,51,49,58,53,54,48,48,52,52,21,21,-2,-2,52,52,69,69,42,42,63,63,71,71,49,49,67,67,70,70,48,48,60,60,6,6,37,37,49,49,74,74,80,46,46,58,58,53,53,28,28,37,37,16,16,21,21,49,49,62,62,46,46,34,34,40,40,33,33,21,21,29,29,34,34,34,34,79,79,82,82,33,33,26,26,43,43,23,23,47,47,80,65,65,56,56,44,44,40,40,35,35,60,60,56,56,77,77,74,74,62,62,62,52,52,52,78,78,84,84,61,61,55,55,56,56,34,34,65,65,33,33,75,75,51,51,41,41,3,3,54,54,62,62,49,49,64,64,50,50,48,48,50,50,65,65,73,73,90,90,90,50,50,35,35,34,34,65,65,35,35,57,57,71,71,71,45,45,29,29,53,53,58,58,44,44,46,46,57,57,76,76,73,73,66,66,56,56,56,56,30,30,21,21,48,48,80,80,38,38,67,67,72,72,54,54,40,40,20,70,70,49,49,50,50,65,65,97,97,50,50,51,51,40,40,64,64,87
163,27.53200000000000003,15,41,39,39,31,36,49,46,48,48,42,28,28,52,53,53,47,46,46,74,74,73,73,56,50,50,61,61,68,68,68,68,68,68,87,87,71,71,63,81,81,93,93,88,88,56,56,66,66,88,88,54,54,61,61,91,91,70,66,73,91,91,59,59,91,91,68,68,69,69,87,87,66,54,65,99,79,100,84,84,91,88,83,65,85,67,65,50,50,78,78,54,54,66,66,67,67,99,99,74,74,85,85,68,68,90,90,98,98,70,70,94,94,79,79,77,77,63,63,129,129,89,89,83,62,62,83,83,57,57,53,53,88,88,71,71,101,101,84,84,84,84,59,59,109,109,94,94,68,68,46,46,56,56,66,66,79,79,69,69,59,59,51,51,33,33,56,56,63,63,43,43,84,95,95,91,91,71,71,74,74,52,52,72,72,118,118,101,101,88,88,75,75,75,81,81,81,69,69,73,73,84,84,83,83,69,69,84,84,81,81,83,83,75,75,78,78,61,61,87,87,81,81,52,52,96,96,101,101,101,101,104,104,109,109,98,98,73,73,86,86,86,100,100,75,75,76,76,71,71,63,63,78,78,67,67,67,72,72,70,70,41,41,94,94,51,51,74,74,50,50,93,93,97,97,111,111,58,58,120,120,98,98,77,77,82,82,57,57,72,72,94,94,66,66,80,80,75,75,66,78,78,90,90,69,69,98,98,84,84,78,78,66,66,98,98,70,70,66
164,27.73199999999999932,16,60,48,48,23,24,51,58,37,37,44,27,27,16,66,66,74,56,56,45,45,49,49,66,36,36,60,60,60,60,48,48,20,20,55,55,42,42,34,28,28,82,82,78,78,69,69,91,91,55,55,80,80,70,70,48,48,62,65,74,67,67,55,55,62,62,66,66,57,57,69,69,60,67,61,92,106,91,61,61,79,102,60,63,69,47,48,55,55,47,47,64,64,60,60,48,48,100,100,95,95,89,89,98,98,92,92,56,56,37,37,35,35,92,92,103,103,90,90,108,108,89,89,86,63,63,71,71,52,52,63,63,54,54,77,77,76,76,79,79,83,83,115,115,72,72,80,80,68,68,51,51,47,47,26,26,70,70,49,49,73,73,49,49,48,48,53,53,30,30,46,46,48,91,91,75,75,61,61,39,39,41,41,81,81,61,61,76,76,84,84,34,34,34,48,48,48,51,51,66,66,48,48,72,72,71,71,74,74,89,89,70,70,80,80,77,77,67,67,76,76,82,82,83,83,122,122,102,102,71,71,94,94,64,64,94,94,68,68,88,88,88,92,92,97,97,78,78,71,71,84,84,94,94,88,88,88,55,55,61,61,59,59,67,67,71,71,69,69,78,78,87,87,78,78,99,99,86,86,80,80,91,91,85,85,111,111,94,94,85,85,62,62,78,78,75,75,90,90,84,95,95,83,83,96,96,69,69,72,72,70,70,83,83,61,61,67,67,73
165,27.93200000000000216,27,17,8,8,20,19,20,57,28,28,30,21,21,13,-1,-1,33,36,36,35,35,42,42,26,27,27,28,28,35,35,-8,-8,-3,-3,-10,-10,-4,-4,14,29,29,4,4,29,29,10,10,50,50,61,61,36,36,15,15,45,45,36,9,27,42,42,40,40,16,16,38,38,34,34,47,47,45,31,49,51,48,61,32,32,38,54,15,12,2,22,47,15,15,68,68,43,43,35,35,35,35,39,39,29,29,51,51,62,62,-11,-11,6,6,20,20,29,29,36,36,41,41,23,23,47,47,29,29,41,56,56,43,43,19,19,58,58,52,52,69,69,65,65,24,24,45,45,72,72,67,67,11,11,12,12,13,13,22,22,28,28,31,31,29,29,19,19,17,17,71,71,19,19,17,17,31,31,0,44,44,14,14,17,17,12,12,18,18,28,28,6,6,41,41,28,28,21,21,21,36,36,36,35,35,26,26,22,22,47,47,50,50,67,67,21,21,65,65,55,55,36,36,51,51,46,46,72,72,23,23,59,59,56,56,39,39,61,61,29,29,47,47,29,29,46,46,46,42,42,63,63,63,63,59,59,62,62,61,61,37,37,37,45,45,38,38,31,31,35,35,29,29,40,40,19,19,52,52,50,50,40,40,43,43,86,86,65,65,93,93,64,64,42,42,67,67,30,30,38,38,49,49,31,31,48,34,34,53,53,48,48,42,42,27,27,68,68,38,38,18,18,20,20,49
166,28.13200000000000145,24,-19,15,15,31,33,28,36,42,42,11,-6,-6,1,16,16,4,19,19,22,22,-9,-9,-17,-2,-2,-7,-7,-12,-12,-22,-22,-19,-19,-17,-17,-7,-7,12,9,9,8,8,34,34,-4,-4,2,2,14,14,29,29,16,16,3,3,11,-3,20,8,8,11,11,3,3,-11,-11,16,16,16,16,1,10,26,-13,6,-7,14,14,-7,-1,-6,-3,8,-16,11,-19,-19,-13,-13,28,28,-26,-26,-2,-2,7,7,-9,-9,16,16,5,5,-13,-13,-24,-24,-5,-5,-7,-7,-15,-15,-8,-8,-1,-1,0,0,3,3,-9,12,12,7,7,-9,-9,4,4,-6,-6,0,0,28,28,8,8,35,35,6,6,-12,-12,-3,-3,1,1,17,17,-13,-13,-1,-1,7,7,-4,-4,-14,-14,2,2,14,14,18,18,15,15,23,23,15,-32,-32,12,12,-30,-30,-18,-18,-18,-18,-1,-1,-27,-27,-11,-11,-15,-15,-23,-23,-23,-6,-6,-6,30,30,-2,-2,-5,-5,13,13,38,38,7,7,3,3,21,21,39,39,16,16,20,20,15,15,13,13,33,33,10,10,-4,-4,21,21,3,3,22,22,-19,-19,3,3,-12,-12,-12,2,2,22,22,23,23,27,27,15,15,19,19,3,3,3,0,0,-25,-25,-8,-8,4,4,19,19,14,14,7,7,9,9,9,9,2,2,26,26,24,24,38,38,24,24,35,35,-4,-4,21,21,19,19,5,5,-3,-3,20,20,26,14,14,22,22,-9,-9,-5,-5,-7,-7,44,44,-2,-2,3,3,8,8,26
167,28.33200000000000074,-22,0,47,47,54,60,54,42,35,35,23,18,18,43,13,13,21,26,26,21,21,3,3,15,-5,-5,7,7,-11,-11,-15,-15,-36,-36,-12,-12,17,17,6,20,20,-1,-1,20,20,-12,-12,26,26,10,10,11,11,7,7,4,4,-20,-26,13,-5,-5,3,3,-6,-6,4,4,-6,-6,-1,-1,-16,-19,-41,-14,21,-18,14,14,-13,10,-3,-10,23,6,-28,11,11,18,18,-11,-11,-12,-12,-5,-5,-17,-17,-11,-11,10,10,48,48,23,23,-15,-15,12,12,-2,-2,41,41,-1,-1,-32,-32,-26,-26,3,3,20,27,27,16,16,21,21,-13,-13,4,4,-20,-20,26,26,25,25,2,2,20,20,8,8,0,0,-23,-23,-24,-24,-15,-15,4,4,5,5,-4,-4,-11,-11,10,10,10,10,-13,-13,-3,-3,-3,-3,5,-2,-2,8,8,-11,-11,-2,-2,28,28,18,18,10,10,-5,-5,-19,-19,-18,-18,-18,6,6,6,4,4,9,9,26,26,20,20,33,33,21,21,11,11,33,33,10,10,28,28,8,8,-4,-4,23,23,-19,-19,-11,-11,-20,-20,-9,-9,40,40,11,11,-13,-13,-9,-9,-1,-1,-1,29,29,9,9,25,25,11,11,-3,-3,-13,-13,-13,-13,-13,-16,-16,-19,-19,-29,-29,-22,-22,7,7,-14,-14,-2,-2,-10,-10,-6,-6,-10,-10,26,26,0,0,-6,-6,9,9,-18,-18,-9,-9,-1,-1,8,8,9,9,-13,-13,5,5,-11,5,5,13,13,-10,-10,16,16,13,13,24,24,21,21,-2,-2,-1,-1,18
168,28.53200000000000003,10,8,52,52,68,64,50,58,63,63,41,28,28,40,6,6,43,48,48,38,38,28,28,34,13,13,17,17,32,32,37,37,37,37,20,20,56,56,43,45,45,26,26,15,15,22,22,30,30,43,43,26,26,29,29,39,39,6,26,33,20,20,28,28,26,26,11,11,32,32,-1,-1,1,12,31,19,-3,1,12,12,-8,48,40,25,17,13,41,27,27,38,38,43,43,46,46,18,18,-1,-1,12,12,18,18,2,2,57,57,34,34,-7,-7,55,55,56,56,21,21,24,24,31,31,31,31,30,-4,-4,21,21,31,31,-7,-7,23,23,19,19,23,23,24,24,21,21,25,25,12,12,-5,-5,2,2,21,21,22,22,16,16,0,0,31,31,13,13,17,17,29,29,22,22,20,20,50,50,18,17,17,16,16,0,0,46,46,20,20,47,47,23,23,13,13,11,11,26,26,26,2,2,2,-16,-16,16,16,25,25,36,36,50,50,11,11,28,28,16,16,-1,-1,5,5,5,5,-6,-6,-7,-7,24,24,-3,-3,-4,-4,31,31,23,23,48,48,31,31,21,21,5,5,5,-6,-6,20,20,30,30,3,3,0,0,-22,-22,2,2,2,13,13,0,0,-9,-9,2,2,-8,-8,-6,-6,14,14,0,0,15,15,2,2,7,7,-2,-2,28,28,12,12,22,22,31,31,-1,-1,25,25,15,15,19,19,-2,-2,11,43,43,26,26,7,7,21,21,24,24,16,16,53,53,29,29,45,45,26
169,28.73199999999999932,53,101,97,97,92,91,47,46,83,83,73,60,60,71,84,84,54,71,71,71,71,60,60,17,56,56,79,79,24,24,29,29,57,57,51,51,44,44,57,50,50,59,59,33,33,28,28,50,50,33,33,59,59,104,104,58,58,29,49,31,63,63,47,47,32,32,66,66,60,60,15,15,33,43,43,16,37,31,61,61,41,30,44,64,49,30,56,56,56,32,32,47,47,76,76,39,39,39,39,52,52,56,56,43,43,63,63,32,32,11,11,70,70,55,55,34,34,83,83,53,53,30,30,30,20,20,28,28,55,55,45,45,48,48,71,71,50,50,52,52,61,61,35,35,22,22,63,63,37,37,51,51,76,76,61,61,42,42,40,40,47,47,43,43,33,33,50,50,38,38,47,47,38,46,46,26,26,16,16,35,35,66,66,58,58,48,48,46,46,62,62,58,58,58,44,44,44,47,47,25,25,39,39,34,34,43,43,32,32,7,7,32,32,35,35,25,25,16,16,26,26,2,2,44,44,25,25,15,15,40,40,70,70,45,45,65,65,63,63,46,46,46,19,19,56,56,58,58,43,43,13,13,36,36,30,30,30,17,17,16,16,-17,-17,16,16,42,42,3,3,23,23,23,23,10,10,33,33,16,16,15,15,26,26,32,32,20,20,34,34,18,18,49,49,31,31,22,22,12,12,36,47,47,51,51,23,23,58,58,48,48,49,49,28,28,34,34,47,47,39
170,28.93200000000000216,88,102,103,103,57,89,85,59,75,75,82,68,68,64,83,83,69,68,68,108,108,88,88,72,62,62,45,45,48,48,35,35,82,82,52,52,91,91,21,40,40,61,61,29,29,36,36,53,53,62,62,74,74,65,65,71,71,56,79,69,68,68,84,84,62,62,80,80,46,46,49,49,13,36,46,56,34,68,51,51,73,97,87,69,49,46,59,49,49,69,69,74,74,59,59,58,58,34,34,32,32,73,73,78,78,70,70,43,43,34,34,38,38,88,88,79,79,76,76,90,90,49,49,64,58,58,77,77,50,50,76,76,75,75,68,68,84,84,82,82,70,70,78,78,58,58,84,84,63,63,83,83,61,61,64,64,55,55,33,33,57,57,55,55,82,82,55,55,43,43,58,58,43,32,32,30,30,58,58,52,52,35,35,39,39,46,46,51,51,45,45,40,40,40,41,41,41,68,68,50,50,58,58,26,26,47,47,41,41,66,66,49,49,41,41,27,27,59,59,73,73,50,50,62,62,57,57,64,64,59,59,89,89,60,60,49,49,65,65,48,48,48,63,63,52,52,62,62,70,70,66,66,56,56,62,62,62,54,54,47,47,38,38,34,34,40,40,37,37,28,28,45,45,46,46,47,47,56,56,64,64,68,68,43,43,56,56,75,75,54,54,64,64,62,62,57,57,33,33,58,42,42,60,60,49,49,72,72,66,66,49,49,45,45,54,54,74,74,43
171,29.13200000000000145,73,96,60,60,48,34,48,42,50,50,59,62,62,60,74,74,78,83,83,68,68,70,70,59,53,53,74,74,30,30,35,35,49,49,22,22,56,56,23,25,25,16,16,70,70,37,37,46,46,46,46,40,40,48,48,74,74,44,68,48,42,42,68,68,53,53,58,58,54,54,17,17,50,61,37,53,39,54,23,23,47,66,66,46,52,55,74,50,50,42,42,54,54,40,40,57,57,41,41,64,64,43,43,65,65,43,43,19,19,11,11,48,48,47,47,91,91,111,111,68,68,47,47,47,48,48,64,64,77,77,55,55,58,58,52,52,96,96,87,87,70,70,86,86,67,67,83,83,70,70,88,88,44,44,52,52,70,70,28,28,43,43,26,26,65,65,28,28,37,37,59,59,50,50,50,35,35,33,33,72,72,76,76,62,62,3,3,35,35,41,41,24,24,24,32,32,32,35,35,7,7,18,18,31,31,45,45,40,40,46,46,-3,-3,17,17,51,51,71,71,61,61,88,88,92,92,53,53,68,68,49,49,56,56,73,73,61,61,39,39,58,58,58,77,77,48,48,98,98,72,72,68,68,52,52,86,86,86,59,59,44,44,35,35,45,45,61,61,54,54,31,31,34,34,60,60,54,54,49,49,72,72,75,75,60,60,92,92,74,74,74,74,52,52,54,54,67,67,67,67,72,62,62,48,48,50,50,38,38,54,54,81,81,54,54,41,41,46,46,72
172,29.33200000000000074,77,65,34,34,13,10,24,29,10,10,20,50,50,35,57,57,50,70,70,46,46,59,59,57,34,34,65,65,44,44,19,19,5,5,36,36,25,25,12,7,7,37,37,46,46,27,27,12,12,18,18,67,67,32,32,48,48,44,24,22,37,37,59,59,34,34,27,27,32,32,26,26,28,42,46,38,59,66,52,52,41,55,53,38,47,20,50,8,8,23,23,33,33,29,29,41,41,44,44,39,39,15,15,67,67,46,46,13,13,21,21,8,8,48,48,59,59,57,57,58,58,37,37,19,46,46,39,39,38,38,65,65,51,51,56,56,35,35,64,64,68,68,51,51,28,28,56,56,52,52,82,82,71,71,56,56,47,47,6,6,3,3,9,9,38,38,30,30,30,30,22,22,37,37,37,24,24,20,20,42,42,49,49,5,5,7,7,11,11,-2,-2,22,22,22,34,34,34,26,26,16,16,19,19,26,26,16,16,32,32,45,45,56,56,32,32,40,40,48,48,87,87,75,75,80,80,43,43,65,65,65,65,32,32,36,36,56,56,24,24,73,73,73,43,43,63,63,97,97,85,85,55,55,41,41,55,55,55,54,54,52,52,31,31,46,46,51,51,34,34,43,43,42,42,35,35,43,43,38,38,58,58,51,51,59,59,68,68,113,113,50,50,46,46,54,54,50,50,62,62,72,54,54,48,48,40,40,32,32,44,44,58,58,49,49,36,36,16,16,50
173,29.53200000000000003,55,54,29,29,-15,14,18,4,28,28,20,12,12,-5,26,26,43,44,44,51,51,21,21,47,11,11,27,27,9,9,-4,-4,-35,-35,1,1,29,29,8,11,11,42,42,19,19,22,22,33,33,26,26,23,23,33,33,32,32,15,32,10,14,14,34,34,21,21,20,20,29,29,27,27,13,50,20,15,19,64,66,66,31,37,37,14,18,20,19,19,19,13,13,40,40,23,23,37,37,19,19,32,32,31,31,24,24,43,43,23,23,18,18,7,7,26,26,37,37,-3,-3,17,17,35,35,64,54,54,6,6,39,39,42,42,30,30,9,9,20,20,44,44,53,53,59,59,33,33,43,43,12,12,41,41,28,28,9,9,18,18,10,10,10,10,31,31,7,7,45,45,16,16,14,14,10,-1,-1,12,12,38,38,24,24,34,34,6,6,0,0,-4,-4,42,42,24,24,24,19,19,19,23,23,33,33,34,34,22,22,6,6,31,31,37,37,24,24,-9,-9,-19,-19,38,38,37,37,39,39,23,23,39,39,36,36,30,30,40,40,23,23,22,22,32,32,23,23,23,14,14,29,29,32,32,65,65,55,55,43,43,33,33,33,33,33,28,28,24,24,39,39,43,43,22,22,35,35,14,14,2,2,23,23,9,9,30,30,29,29,30,30,55,55,73,73,47,47,25,25,44,44,13,13,37,37,18,36,36,40,40,27,27,22,22,18,18,38,38,13,13,20,20,49,49,7
174,29.73199999999999932,13,34,-17,-17,-2,-4,-28,-13,4,4,-18,2,2,-23,28,28,-13,47,47,4,4,15,15,-12,-6,-6,26,26,34,34,3,3,-1,-1,4,4,27,27,12,15,15,30,30,12,12,26,26,-1,-1,-3,-3,21,21,16,16,32,32,23,-5,-20,9,9,10,10,36,36,-7,-7,22,22,45,45,9,17,7,20,9,8,44,44,25,3,-3,8,23,8,2,24,24,-19,-19,13,13,30,30,15,15,30,30,5,5,40,40,41,41,38,38,49,49,46,46,21,21,64,64,24,24,28,28,15,15,39,39,19,21,21,38,38,47,47,23,23,17,17,21,21,16,16,5,5,-1,-1,1,1,-11,-11,8,8,7,7,38,38,47,47,9,9,37,37,19,19,5,5,22,22,46,46,59,59,12,12,7,7,-3,29,29,15,15,6,6,31,31,12,12,18,18,18,18,16,16,27,27,0,0,0,4,4,4,-2,-2,15,15,13,13,6,6,-12,-12,12,12,-13,-13,28,28,12,12,-15,-15,35,35,55,55,44,44,27,27,20,20,2,2,10,10,-2,-2,-4,-4,11,11,25,25,27,27,27,30,30,34,34,33,33,22,22,35,35,1,1,2,2,2,2,2,42,42,15,15,22,22,31,31,31,31,13,13,19,19,-9,-9,11,11,26,26,31,31,43,43,8,8,51,51,47,47,35,35,41,41,42,42,17,17,3,3,20,38,38,41,41,14,14,15,15,48,48,34,34,32,32,21,21,33,33,24
175,29.93200000000000216,10,-18,0,0,10,18,21,20,21,21,18,4,4,13,3,3,-18,27,27,52,52,3,3,23,7,7,33,33,23,23,27,27,9,9,18,18,6,6,17,28,28,7,7,40,40,6,6,12,12,17,17,0,0,18,18,20,20,22,9,-17,-10,-10,24,24,-6,-6,7,7,0,0,5,5,18,1,16,5,6,-4,30,30,2,8,3,13,14,6,-15,-7,-7,53,53,33,33,21,21,7,7,7,7,50,50,13,13,22,22,59,59,47,47,61,61,33,33,30,30,38,38,36,36,17,17,23,23,60,27,27,24,24,28,28,15,15,-10,-10,-9,-9,-9,-9,17,17,24,24,-15,-15,19,19,23,23,31,31,15,15,16,16,11,11,23,23,38,38,13,13,31,31,51,51,27,27,35,35,-13,-13,6,2,2,6,6,22,22,16,16,27,27,16,16,31,31,17,17,16,16,22,22,22,23,23,23,6,6,35,35,16,16,14,14,12,12,4,4,24,24,1,1,8,8,-3,-3,12,12,26,26,10,10,-2,-2,6,6,33,33,15,15,-2,-2,9,9,21,21,17,17,4,4,4,22,22,4,4,13,13,38,38,39,39,6,6,3,3,3,38,38,36,36,5,5,13,13,30,30,13,13,27,27,25,25,10,10,27,27,41,41,38,38,63,63,27,27,16,16,22,22,47,47,19,19,24,24,6,6,10,10,30,15,15,20,20,18,18,2,2,12,12,25,25,44,44,17,17,34,34,19
176,30.13200000000000145,-2,20,-2,-2,25,13,27,28,2,2,24,15,15,-15,19,19,-6,53,53,14,14,56,56,29,28,28,26,26,12,12,35,35,21,21,37,37,19,19,8,4,4,9,9,23,23,30,30,23,23,7,7,-12,-12,25,25,38,38,33,20,23,14,14,54,54,26,26,3,3,29,29,34,34,7,19,45,27,37,-13,37,37,8,32,5,16,21,21,9,19,19,50,50,34,34,5,5,8,8,20,20,30,30,9,9,27,27,32,32,79,79,71,71,40,40,50,50,28,28,34,34,23,23,34,34,22,24,24,9,9,26,26,9,9,22,22,7,7,16,16,4,4,16,16,-1,-1,37,37,12,12,24,24,17,17,6,6,26,26,67,67,18,18,27,27,8,8,13,13,33,33,15,15,42,42,-9,13,13,2,2,38,38,19,19,12,12,19,19,34,34,37,37,19,19,39,39,39,22,22,22,19,19,-8,-8,36,36,32,32,38,38,7,7,18,18,38,38,-12,-12,14,14,20,20,36,36,11,11,24,24,-13,-13,11,11,33,33,55,55,53,53,38,38,26,26,28,28,28,20,20,29,29,5,5,26,26,19,19,32,32,35,35,35,-2,-2,36,36,28,28,43,43,38,38,35,35,19,19,39,39,19,19,25,25,38,38,24,24,6,6,31,31,35,35,49,49,9,9,53,53,24,24,42,42,45,45,23,30,30,18,18,23,23,35,35,18,18,38,38,48,48,41,41,48,48,34
177,30.33200000000000074,13,13,25,25,47,23,44,51,37,37,21,38,38,31,28,28,16,9,9,16,16,31,31,50,37,37,53,53,67,67,23,23,45,45,23,23,20,20,7,17,17,-2,-2,40,40,35,35,17,17,36,36,22,22,20,20,25,25,14,40,27,35,35,24,24,54,54,23,23,34,34,23,23,31,21,44,20,49,41,30,30,-6,33,14,31,34,22,19,45,45,28,28,40,40,59,59,42,42,37,37,61,61,36,36,38,38,31,31,51,51,49,49,32,32,54,54,20,20,30,30,32,32,16,16,33,44,44,44,44,19,19,40,40,21,21,3,3,38,38,18,18,41,41,20,20,51,51,35,35,44,44,7,7,17,17,-8,-8,36,36,14,14,12,12,7,7,25,25,8,8,11,11,16,16,23,27,27,52,52,30,30,22,22,25,25,17,17,29,29,34,34,5,5,28,28,28,12,12,12,12,12,22,22,39,39,51,51,16,16,38,38,11,11,29,29,17,17,10,10,24,24,76,76,13,13,55,55,35,35,48,48,40,40,42,42,43,43,38,38,45,45,8,8,8,22,22,20,20,28,28,13,13,48,48,54,54,48,48,48,20,20,35,35,56,56,34,34,48,48,50,50,57,57,49,49,36,36,36,36,53,53,31,31,33,33,14,14,24,24,41,41,37,37,63,63,18,18,33,33,52,52,30,44,44,39,39,38,38,34,34,31,31,33,33,33,33,38,38,72,72,32
178,30.53200000000000003,38,52,46,46,53,48,61,69,31,31,53,49,49,23,27,27,26,31,31,47,47,44,44,26,33,33,34,34,18,18,31,31,31,31,28,28,47,47,18,33,33,5,5,39,39,30,30,61,61,46,46,48,48,42,42,49,49,18,29,36,60,60,73,73,45,45,44,44,23,23,44,44,20,38,40,19,22,28,56,56,43,31,26,24,2,39,-5,36,36,31,31,40,40,50,50,32,32,28,28,27,27,19,19,42,42,31,31,24,24,20,20,23,23,37,37,30,30,19,19,15,15,23,23,38,15,15,3,3,40,40,33,33,34,34,62,62,49,49,39,39,29,29,45,45,30,30,26,26,54,54,34,34,47,47,23,23,11,11,15,15,35,35,16,16,34,34,19,19,42,42,16,16,27,46,46,21,21,48,48,41,41,17,17,17,17,42,42,34,34,15,15,8,8,8,41,41,41,4,4,16,16,47,47,45,45,50,50,27,27,31,31,44,44,33,33,39,39,44,44,47,47,60,60,50,50,51,51,22,22,43,43,24,24,39,39,20,20,49,49,45,45,45,56,56,47,47,26,26,42,42,42,42,56,56,45,45,45,54,54,37,37,45,45,40,40,28,28,41,41,53,53,47,47,26,26,54,54,49,49,44,44,38,38,43,43,22,22,30,30,63,63,30,30,28,28,45,45,54,54,44,45,45,29,29,34,34,12,12,33,33,59,59,61,61,53,53,44,44,34
179,30.73199999999999932,54,33,72,72,65,42,52,31,60,60,42,53,53,54,58,58,31,30,30,17,17,31,31,38,29,29,26,26,54,54,17,17,1,1,28,28,29,29,48,19,19,46,46,49,49,47,47,43,43,28,28,50,50,29,29,18,18,27,51,63,51,51,74,74,28,28,47,47,22,22,22,22,40,47,24,37,32,41,53,53,36,32,45,39,91,26,24,46,46,28,28,37,37,45,45,39,39,37,37,17,17,61,61,54,54,6,6,8,8,29,29,22,22,30,30,21,21,2,2,30,30,-9,-9,22,43,43,1,1,26,26,24,24,25,25,9,9,33,33,19,19,60,60,35,35,22,22,47,47,11,11,27,27,52,52,14,14,-8,-8,22,22,7,7,20,20,14,14,29,29,34,34,5,5,17,14,14,35,35,11,11,18,18,12,12,37,37,18,18,38,38,18,18,3,3,3,20,20,20,63,63,43,43,18,18,34,34,49,49,49,49,56,56,27,27,34,34,24,24,34,34,49,49,54,54,27,27,42,42,26,26,28,28,29,29,29,29,25,25,24,24,47,47,47,60,60,44,44,50,50,59,59,62,62,62,62,46,46,46,39,39,34,34,18,18,47,47,34,34,37,37,37,37,41,41,57,57,35,35,88,88,43,43,35,35,50,50,62,62,43,43,47,47,9,9,36,36,18,18,38,38,39,13,13,21,21,27,27,-3,-3,-12,-12,59,59,51,51,32,32,27,27,27
180,30.93200000000000216,76,63,50,50,44,31,47,36,60,60,66,72,72,54,47,47,80,83,83,71,71,36,36,29,34,34,11,11,25,25,33,33,17,17,27,27,36,36,51,15,15,22,22,43,43,45,45,17,17,40,40,7,7,54,54,56,56,36,44,53,56,56,35,35,24,24,25,25,36,36,3,3,16,32,26,47,52,27,45,45,61,28,25,30,63,25,-2,32,32,11,11,25,25,6,6,27,27,21,21,9,9,16,16,17,17,28,28,29,29,13,13,39,39,30,30,25,25,36,36,-43,-43,15,15,12,3,3,37,37,29,29,23,23,14,14,15,15,44,44,53,53,52,52,54,54,33,33,1,1,28,28,28,28,17,17,-9,-9,25,25,19,19,16,16,32,32,37,37,39,39,-6,-6,11,11,7,20,20,29,29,1,1,11,11,-5,-5,6,6,8,8,3,3,26,26,18,18,18,33,33,33,30,30,29,29,-6,-6,5,5,20,20,16,16,25,25,16,16,23,23,29,29,29,29,46,46,42,42,21,21,26,26,12,12,26,26,-2,-2,19,19,30,30,12,12,41,41,41,38,38,40,40,33,33,42,42,20,20,50,50,45,45,45,30,30,53,53,40,40,30,30,47,47,62,62,36,36,40,40,20,20,29,29,40,40,32,32,30,30,39,39,44,44,-9,-9,26,26,23,23,54,54,17,17,56,56,23,14,14,30,30,9,9,29,29,21,21,33,33,34,34,3,3,8,8,25
181,31.13200000000000145,38,65,8,8,21,12,25,26,49,49,32,14,14,27,55,55,70,41,41,69,69,51,51,22,31,31,41,41,66,66,15,15,45,45,18,18,37,37,-23,27,27,18,18,18,18,43,43,33,33,17,17,17,17,14,14,33,33,28,41,41,32,32,20,20,41,41,30,30,15,15,23,23,13,47,20,28,53,51,40,40,27,11,8,26,-15,35,27,35,35,-11,-11,4,4,29,29,28,28,10,10,-2,-2,32,32,31,31,10,10,-24,-24,0,0,16,16,25,25,22,22,8,8,3,3,3,3,-16,18,18,55,55,18,18,2,2,25,25,31,31,34,34,22,22,10,10,20,20,18,18,2,2,8,8,18,18,5,5,-10,-10,-8,-8,3,3,20,20,12,12,22,22,32,32,16,16,20,20,-10,28,28,19,19,11,11,13,13,-4,-4,17,17,14,14,21,21,24,24,15,15,15,28,28,28,13,13,8,8,-10,-10,18,18,-3,-3,26,26,21,21,42,42,30,30,28,28,21,21,20,20,49,49,19,19,7,7,-14,-14,15,15,32,32,-20,-20,45,45,32,32,-4,-4,-4,22,22,27,27,18,18,36,36,44,44,38,38,13,13,13,27,27,14,14,30,30,30,30,33,33,24,24,26,26,25,25,19,19,28,28,7,7,37,37,-9,-9,29,29,22,22,15,15,13,13,29,29,14,14,-8,-8,52,52,28,12,12,-6,-6,16,16,22,22,43,43,14,14,54,54,6,6,-6,-6,-8
182,31.33200000000000074,27,31,13,13,15,8,-13,12,25,25,1,58,58,47,33,33,38,43,43,47,47,52,52,41,4,4,11,11,30,30,24,24,-21,-21,55,55,5,5,-14,6,6,41,41,21,21,15,15,27,27,20,20,43,43,11,11,31,31,14,19,31,-2,-2,8,8,24,24,4,4,-2,-2,29,29,13,18,22,-6,7,24,31,31,23,17,-1,17,-6,12,-10,-2,-2,9,9,16,16,38,38,19,19,16,16,-2,-2,-27,-27,-5,-5,30,30,-20,-20,8,8,20,20,17,17,20,20,17,17,11,11,14,14,-2,36,36,35,35,6,6,7,7,2,2,14,14,16,16,18,18,-4,-4,11,11,19,19,16,16,12,12,0,0,-8,-8,3,3,13,13,21,21,-4,-4,30,30,21,21,26,26,8,8,22,22,-19,6,6,14,14,-14,-14,11,11,-13,-13,15,15,23,23,16,16,17,17,20,20,20,-7,-7,-7,32,32,-6,-6,3,3,30,30,9,9,19,19,49,49,18,18,30,30,33,33,10,10,-2,-2,6,6,20,20,30,30,8,8,10,10,11,11,6,6,38,38,12,12,28,28,28,-6,-6,37,37,12,12,-2,-2,18,18,3,3,30,30,30,18,18,30,30,9,9,19,19,34,34,21,21,11,11,20,20,8,8,18,18,1,1,30,30,-5,-5,10,10,-30,-30,-7,-7,4,4,-20,-20,23,23,11,11,20,20,-5,18,18,5,5,27,27,13,13,26,26,-2,-2,16,16,4,4,13,13,29
183,31.53200000000000003,48,25,10,10,-26,-11,-16,-20,15,15,0,20,20,4,42,42,34,27,27,18,18,8,8,11,20,20,26,26,32,32,17,17,1,1,7,7,2,2,2,34,34,-10,-10,11,11,8,8,19,19,17,17,23,23,14,14,22,22,11,11,-25,21,21,14,14,18,18,29,29,11,11,-3,-3,1,20,5,1,-6,-5,-4,-4,26,-9,5,16,-4,6,-22,8,8,15,15,3,3,3,3,29,29,1,1,3,3,9,9,-18,-18,-6,-6,-26,-26,-10,-10,-6,-6,6,6,46,46,7,7,-7,-7,9,9,-2,25,25,39,39,30,30,1,1,19,19,19,19,9,9,14,14,1,1,0,0,27,27,3,3,4,4,1,1,-10,-10,-2,-2,12,12,-3,-3,9,9,-5,-5,4,4,10,10,10,10,0,0,0,16,16,-3,-3,-4,-4,-16,-16,1,1,0,0,2,2,12,12,9,9,19,19,19,8,8,8,6,6,19,19,16,16,-10,-10,11,11,11,11,32,32,25,25,20,20,3,3,12,12,1,1,-30,-30,-19,-19,34,34,49,49,1,1,3,3,23,23,11,11,23,23,0,0,0,-12,-12,8,8,7,7,21,21,3,3,-8,-8,18,18,18,11,11,25,25,2,2,9,9,-13,-13,24,24,18,18,21,21,-22,-22,14,14,30,30,27,27,-6,-6,26,26,10,10,-47,-47,-17,-17,11,11,-6,-6,-4,-4,15,15,-4,1,1,9,9,-12,-12,-4,-4,10,10,-1,-1,13,13,-10,-10,28,28,-3
184,31.73199999999999932,19,33,-18,-18,-21,-2,-3,-12,3,3,8,-15,-15,10,-12,-12,2,18,18,39,39,-1,-1,26,-5,-5,22,22,21,21,-24,-24,1,1,-11,-11,-13,-13,21,8,8,14,14,-3,-3,0,0,13,13,1,1,38,38,23,23,4,4,6,-8,-16,4,4,3,3,11,11,1,1,-5,-5,13,13,4,20,24,-15,-22,21,3,3,13,19,26,-8,10,36,14,-4,-4,-1,-1,12,12,25,25,3,3,3,3,-1,-1,25,25,10,10,-17,-17,-8,-8,-33,-33,3,3,1,1,-4,-4,23,23,32,32,-6,-6,18,33,33,20,20,30,30,29,29,4,4,6,6,9,9,31,31,6,6,0,0,4,4,6,6,8,8,-6,-6,-13,-13,24,24,-12,-12,-2,-2,-4,-4,0,0,-10,-10,-16,-16,-4,-4,4,4,6,18,18,-21,-21,9,9,10,10,18,18,22,22,3,3,7,7,6,6,-7,-7,-7,4,4,4,-14,-14,-9,-9,4,4,1,1,-7,-7,0,0,25,25,25,25,29,29,-5,-5,-2,-2,3,3,-37,-37,12,12,27,27,-15,-15,-7,-7,24,24,-2,-2,-3,-3,3,3,8,8,8,7,7,-16,-16,-22,-22,-17,-17,5,5,-3,-3,14,14,14,13,13,17,17,-9,-9,13,13,16,16,7,7,7,7,3,3,-12,-12,0,0,-7,-7,-2,-2,0,0,10,10,-19,-19,-31,-31,-2,-2,-6,-6,6,6,0,0,4,4,18,-11,-11,-3,-3,-19,-19,-14,-14,-9,-9,-3,-3,10,10,-6,-6,15,15,6
185,31.93200000000000216,3,2,3,3,-17,15,-3,22,14,14,31,-6,-6,20,28,28,19,15,15,24,24,3,3,18,16,16,11,11,43,43,8,8,10,10,47,47,19,19,9,-16,-16,10,10,15,15,-6,-6,-12,-12,46,46,47,47,30,30,35,35,14,3,-5,16,16,-5,-5,3,3,6,6,-19,-19,25,25,6,0,5,-9,19,12,16,16,10,38,21,51,10,18,13,12,12,36,36,64,64,29,29,-6,-6,22,22,5,5,57,57,43,43,31,31,-14,-14,-7,-7,15,15,7,7,25,25,42,42,17,17,43,43,5,29,29,22,22,34,34,12,12,18,18,10,10,20,20,22,22,2,2,28,28,26,26,19,19,-8,-8,16,16,9,9,17,17,18,18,13,13,-5,-5,8,8,9,9,11,11,16,16,31,31,-4,29,29,16,16,41,41,23,23,4,4,33,33,29,29,9,9,28,28,27,27,27,17,17,17,7,7,9,9,47,47,18,18,19,19,34,34,3,3,8,8,20,20,10,10,-5,-5,14,14,23,23,22,22,-9,-9,38,38,14,14,24,24,14,14,21,21,6,6,-24,-24,-24,6,6,-16,-16,20,20,9,9,25,25,14,14,8,8,8,12,12,4,4,3,3,-11,-11,19,19,25,25,8,8,-5,-5,-5,-5,10,10,-2,-2,-12,-12,15,15,14,14,1,1,0,0,-7,-7,-5,-5,-5,-5,-10,-10,10,10,-1,-4,-4,-11,-11,-4,-4,-33,-33,-28,-28,-11,-11,-11,-11,-9,-9,-2,-2,-4
186,32.1319999999999979,24,23,68,68,39,48,26,32,30,30,50,23,23,43,36,36,53,60,60,43,43,45,45,27,36,36,70,70,16,16,29,29,6,6,37,37,42,42,41,27,27,35,35,47,47,65,65,29,29,68,68,55,55,24,24,40,40,20,29,6,25,25,18,18,36,36,46,46,48,48,35,35,30,47,7,35,24,48,76,76,10,21,74,46,36,15,55,41,41,72,72,56,56,26,26,53,53,31,31,20,20,50,50,45,45,17,17,24,24,44,44,7,7,18,18,43,43,29,29,58,58,29,29,24,55,55,56,56,61,61,39,39,54,54,28,28,61,61,47,47,21,21,39,39,43,43,20,20,28,28,23,23,41,41,-8,-8,40,40,32,32,16,16,4,4,10,10,10,10,-5,-5,41,41,21,35,35,34,34,-1,-1,16,16,39,39,24,24,26,26,43,43,21,21,47,47,47,28,28,28,26,26,45,45,5,5,54,54,-8,-8,26,26,0,0,7,7,30,30,31,31,18,18,17,17,78,78,22,22,31,31,5,5,45,45,24,24,22,22,44,44,4,4,6,6,6,10,10,19,19,23,23,48,48,32,32,26,26,21,21,21,6,6,19,19,7,7,25,25,16,16,19,19,7,7,6,6,16,16,15,15,32,32,22,22,10,10,15,15,33,33,15,15,13,13,26,26,2,2,-4,-4,4,4,22,8,8,6,6,23,23,11,11,-8,-8,41,41,-11,-11,3,3,40,40,14
187,32.33200000000000074,15,10,44,44,71,72,82,62,44,44,74,47,47,46,34,34,25,51,51,63,63,53,53,41,22,22,30,30,46,46,53,53,32,32,29,29,26,26,33,31,31,51,51,67,67,77,77,34,34,46,46,52,52,50,50,42,42,65,19,13,10,10,20,20,29,29,34,34,37,37,35,35,41,12,43,77,49,50,30,30,37,40,69,52,82,66,73,48,48,66,66,78,78,67,67,56,56,57,57,43,43,67,67,33,33,64,64,57,57,38,38,64,64,76,76,60,60,73,73,33,33,51,51,56,47,47,70,70,56,56,48,48,62,62,59,59,67,67,68,68,21,21,30,30,75,75,67,67,33,33,23,23,51,51,30,30,76,76,72,72,65,65,35,35,56,56,58,58,18,18,54,54,32,55,55,59,59,28,28,49,49,51,51,67,67,59,59,46,46,44,44,56,56,56,42,42,42,36,36,29,29,15,15,16,16,3,3,24,24,24,24,39,39,49,49,26,26,9,9,39,39,32,32,30,30,25,25,47,47,52,52,26,26,56,56,25,25,49,49,29,29,29,21,21,3,3,25,25,3,3,43,43,50,50,34,34,34,27,27,20,20,21,21,29,29,37,37,9,9,10,10,2,2,12,12,11,11,-1,-1,34,34,39,39,36,36,28,28,28,28,6,6,51,51,40,40,14,14,10,10,29,29,29,-1,-1,30,30,23,23,23,23,25,25,-5,-5,27,27,25,25,39
188,32.53200000000000358,52,60,59,59,49,46,64,56,41,41,67,60,60,60,40,40,80,56,56,43,43,42,42,18,48,48,24,24,17,17,14,14,22,22,22,22,22,22,29,-18,-18,45,45,49,49,41,41,44,44,25,25,32,32,28,28,21,21,29,14,17,24,24,11,11,1,1,15,15,24,24,49,49,20,30,27,2,20,33,52,52,34,28,29,21,38,19,75,47,47,66,66,41,41,62,62,50,50,56,56,43,43,73,73,56,56,64,64,65,65,60,60,47,47,57,57,46,46,80,80,74,74,45,45,34,37,37,53,53,53,53,50,50,72,72,21,21,25,25,17,17,8,8,29,29,46,46,61,61,50,50,17,17,28,28,35,35,42,42,28,28,41,41,39,39,61,61,40,40,62,62,34,34,32,33,33,33,33,36,36,32,32,32,32,34,34,31,31,45,45,19,19,48,48,48,30,30,30,8,8,32,32,32,32,35,35,-5,-5,2,2,7,7,30,30,22,22,5,5,14,14,7,7,42,42,40,40,22,22,33,33,9,9,23,23,39,39,34,34,9,9,13,13,13,15,15,31,31,29,29,23,23,10,10,5,5,13,13,13,7,7,21,21,16,16,21,21,-5,-5,36,36,26,26,15,15,20,20,5,5,-1,-1,23,23,10,10,14,14,35,35,3,3,25,25,25,25,34,34,27,27,31,31,22,43,43,18,18,40,40,19,19,12,12,25,25,29,29,10,10,25,25,28
189,32.73199999999999932,25,38,9,9,15,15,13,2,22,22,30,16,16,27,-2,-2,12,46,46,7,7,5,5,-6,-5,-5,10,10,19,19,-8,-8,-7,-7,25,25,16,16,2,19,19,-7,-7,2,2,-3,-3,-2,-2,8,8,-9,-9,-1,-1,1,1,4,-11,-6,-5,-5,9,9,12,12,2,2,6,6,6,6,-14,13,16,10,17,-14,-5,-5,14,11,6,1,14,17,24,27,27,38,38,63,63,32,32,37,37,6,6,28,28,-11,-11,44,44,32,32,53,53,30,30,0,0,-12,-12,25,25,28,28,-9,-9,20,20,0,1,1,27,27,8,8,36,36,24,24,-14,-14,46,46,-9,-9,5,5,0,0,10,10,21,21,60,60,20,20,5,5,27,27,20,20,20,20,-2,-2,5,5,16,16,20,20,6,6,28,28,-4,22,22,12,12,-20,-20,2,2,-13,-13,19,19,3,3,-13,-13,10,10,7,7,7,22,22,22,20,20,0,0,11,11,0,0,7,7,1,1,-2,-2,14,14,19,19,-4,-4,2,2,10,10,9,9,36,36,8,8,22,22,28,28,38,38,-2,-2,25,25,-18,-18,10,10,10,27,27,-19,-19,0,0,-7,-7,5,5,-1,-1,-5,-5,-5,0,0,16,16,8,8,-1,-1,8,8,5,5,38,38,4,4,-5,-5,6,6,13,13,7,7,38,38,8,8,23,23,32,32,-2,-2,5,5,0,0,19,19,18,18,26,30,30,40,40,7,7,11,11,10,10,9,9,22,22,-8,-8,12,12,30
190,32.93200000000000216,-7,-9,-6,-6,-24,-6,-29,-30,-26,-26,9,6,6,-15,-7,-7,-15,-2,-2,9,9,-25,-25,-38,-36,-36,-8,-8,-20,-20,-37,-37,-27,-27,-24,-24,11,11,-21,-4,-4,-10,-10,-10,-10,-28,-28,-10,-10,-9,-9,-29,-29,-37,-37,-21,-21,-18,-19,-37,-33,-33,-11,-11,-17,-17,-39,-39,-14,-14,-21,-21,-43,-18,1,-8,-27,-31,-22,-22,-19,-10,-26,-6,-12,-42,-34,-2,-2,17,17,22,22,15,15,8,8,-32,-32,-13,-13,-8,-8,-4,-4,-2,-2,15,15,-5,-5,-4,-4,-25,-25,0,0,11,11,-16,-16,18,18,-3,2,2,6,6,-16,-16,10,10,-2,-2,-15,-15,-16,-16,-42,-42,-49,-49,-16,-16,5,5,-12,-12,-26,-26,-4,-4,-3,-3,-1,-1,10,10,-7,-7,-7,-7,-31,-31,13,13,5,5,15,15,4,4,-1,4,4,-17,-17,12,12,-4,-4,-7,-7,-16,-16,2,2,-8,-8,-24,-24,-1,-1,-1,15,15,15,6,6,13,13,-12,-12,-1,-1,-31,-31,-33,-33,-18,-18,14,14,-24,-24,-9,-9,-10,-10,-12,-12,22,22,6,6,-6,-6,10,10,-2,-2,19,19,-9,-9,-10,-10,-2,-2,22,22,22,-15,-15,-10,-10,-16,-16,-4,-4,25,25,3,3,8,8,8,-24,-24,-11,-11,7,7,-5,-5,2,2,22,22,-11,-11,11,11,0,0,2,2,-4,-4,-7,-7,-9,-9,-11,-11,-19,-19,15,15,-21,-21,2,2,20,20,-7,-7,7,7,14,-7,-7,-7,-7,14,14,21,21,23,23,23,23,4,4,-9,-9,-4,-4,25
191,33.1319999999999979,-13,-31,-22,-22,-41,-14,-24,-23,-32,-32,-28,-16,-16,-13,-16,-16,7,-31,-31,-16,-16,-28,-28,-24,-14,-14,-19,-19,-34,-34,-41,-41,-13,-13,18,18,-13,-13,3,-26,-26,-18,-18,-14,-14,-12,-12,-17,-17,-7,-7,-24,-24,-2,-2,-17,-17,-24,-50,-29,-20,-20,-10,-10,-6,-6,-36,-36,-18,-18,-31,-31,-29,-21,-47,-3,-24,-6,-16,-16,-19,-35,-27,-51,-15,-38,-17,6,6,-23,-23,-8,-8,-5,-5,-16,-16,-12,-12,-29,-29,-20,-20,-13,-13,-34,-34,-13,-13,9,9,-11,-11,-29,-29,-44,-44,-24,-24,-31,-31,-27,-27,-36,-20,-20,-27,-27,-25,-25,0,0,-4,-4,-9,-9,-27,-27,-31,-31,2,2,-12,-12,-25,-25,-5,-5,-10,-10,13,13,4,4,-30,-30,-26,-26,0,0,-25,-25,-22,-22,11,11,21,21,1,1,-4,-4,11,-14,-14,-16,-16,8,8,0,0,-14,-14,-17,-17,1,1,2,2,-13,-13,-3,-3,-3,-5,-5,-5,11,11,-16,-16,-24,-24,-5,-5,-28,-28,-7,-7,6,6,-9,-9,-4,-4,-14,-14,-2,-2,7,7,-10,-10,26,26,-12,-12,0,0,19,19,-3,-3,-18,-18,10,10,5,5,2,2,2,21,21,-12,-12,-7,-7,-4,-4,-17,-17,-16,-16,-6,-6,-6,-11,-11,5,5,-22,-22,1,1,8,8,-9,-9,-7,-7,1,1,7,7,6,6,7,7,0,0,-12,-12,25,25,4,4,8,8,8,8,-3,-3,26,26,-5,-5,11,11,6,1,1,4,4,34,34,39,39,12,12,24,24,-1,-1,21,21,5,5,28
192,33.33200000000000074,-17,-19,-14,-14,-14,-22,-48,-24,-26,-26,0,-12,-12,-14,-31,-31,-8,-29,-29,16,16,-3,-3,-30,-10,-10,-13,-13,-4,-4,-2,-2,3,3,11,11,-7,-7,-18,6,6,-21,-21,-28,-28,9,9,-1,-1,26,26,-22,-22,-41,-41,-15,-15,-19,-22,12,1,1,-15,-15,1,1,0,0,-18,-18,7,7,-43,-29,-1,-22,-11,-16,9,9,-13,-28,-34,-8,-4,-9,-30,16,16,-23,-23,-43,-43,-30,-30,17,17,-3,-3,-24,-24,-51,-51,15,15,9,9,-16,-16,5,5,-22,-22,-49,-49,-39,-39,0,0,-25,-25,-7,-7,-21,-26,-26,-5,-5,-2,-2,-30,-30,-25,-25,13,13,-37,-37,9,9,-17,-17,15,15,-14,-14,-11,-11,18,18,7,7,-5,-5,4,4,-10,-10,13,13,-4,-4,-14,-14,-8,-8,-5,-5,8,8,-21,-21,-6,-9,-9,-17,-17,-11,-11,25,25,-2,-2,-9,-9,-4,-4,6,6,10,10,4,4,4,-8,-8,-8,-9,-9,23,23,0,0,-9,-9,-8,-8,31,31,13,13,22,22,44,44,-2,-2,12,12,15,15,34,34,-5,-5,-12,-12,8,8,26,26,4,4,22,22,6,6,17,17,27,27,27,23,23,16,16,-12,-12,9,9,8,8,0,0,-3,-3,-3,-12,-12,2,2,7,7,3,3,14,14,-12,-12,4,4,2,2,20,20,29,29,-2,-2,20,20,3,3,23,23,18,18,1,1,14,14,10,10,-2,-2,22,22,19,19,-2,-3,-3,27,27,31,31,15,15,12,12,19,19,17,17,-3,-3,-20,-20,8
193,33.53200000000000358,15,29,4,4,3,-13,-14,-28,-26,-26,-14,3,3,-29,-29,-29,-46,-5,-5,-4,-4,-3,-3,10,0,0,-7,-7,26,26,10,10,-7,-7,1,1,10,10,-3,-16,-16,-2,-2,-19,-19,4,4,6,6,-10,-10,-9,-9,-16,-16,6,6,-2,-3,2,6,6,-10,-10,-15,-15,-3,-3,3,3,-12,-12,-1,6,0,9,-3,-16,-20,-20,-8,-24,-20,1,3,-14,-9,10,10,2,2,-8,-8,7,7,-19,-19,17,17,4,4,-35,-35,-9,-9,-30,-30,-4,-4,-15,-15,-4,-4,-31,-31,6,6,-7,-7,-22,-22,-28,-28,12,-3,-3,-21,-21,-42,-42,-17,-17,12,12,6,6,16,16,-18,-18,10,10,-24,-24,-20,-20,-16,-16,-7,-7,20,20,6,6,-11,-11,-7,-7,0,0,-8,-8,20,20,13,13,12,12,-5,-5,7,7,-3,-10,-10,27,27,-6,-6,10,10,-8,-8,-11,-11,-14,-14,-25,-25,-2,-2,16,16,16,21,21,21,-7,-7,-23,-23,35,35,-12,-12,-11,-11,-3,-3,9,9,-8,-8,11,11,26,26,44,44,-13,-13,20,20,12,12,-5,-5,6,6,-5,-5,-1,-1,20,20,26,26,21,21,5,5,5,38,38,-12,-12,-1,-1,-23,-23,-12,-12,3,3,-21,-21,-21,-11,-11,2,2,-16,-16,15,15,15,15,15,15,10,10,10,10,29,29,14,14,32,32,15,15,15,15,-17,-17,39,39,-9,-9,32,32,31,31,0,0,0,0,24,24,19,12,12,14,14,27,27,41,41,26,26,37,37,33,33,19,19,-14,-14,-19
194,33.73199999999999932,17,11,0,0,-28,-6,-6,-13,-8,-8,-34,-16,-16,-21,-10,-10,-29,-19,-19,10,10,-14,-14,-17,11,11,-1,-1,1,1,-9,-9,-15,-15,-15,-15,5,5,4,-12,-12,-6,-6,-18,-18,-36,-36,0,0,-31,-31,-36,-36,-18,-18,-32,-32,-10,-13,-10,-44,-44,-1,-1,-12,-12,-9,-9,-47,-47,-23,-23,-17,12,-21,14,-59,12,-28,-28,-19,-46,-34,-4,-37,-16,-14,-9,-9,-24,-24,-37,-37,-1,-1,-5,-5,-12,-12,-36,-36,-23,-23,-35,-35,-41,-41,-15,-15,-25,-25,-10,-10,-25,-25,-30,-30,-55,-55,-53,-53,-25,-25,-33,-32,-32,-47,-47,-24,-24,-1,-1,-10,-10,-14,-14,-32,-32,-48,-48,-15,-15,-1,-1,-35,-35,-5,-5,4,4,26,26,10,10,-11,-11,-6,-6,-18,-18,-27,-27,-6,-6,-8,-8,-6,-6,-6,-6,-14,-14,0,1,1,-13,-13,-12,-12,-13,-13,-24,-24,-33,-33,-28,-28,-14,-14,5,5,-26,-26,-26,-35,-35,-35,3,3,7,7,-13,-13,-29,-29,-11,-11,-28,-28,-31,-31,-2,-2,22,22,1,1,15,15,-12,-12,-6,-6,9,9,-25,-25,-12,-12,-17,-17,-6,-6,-15,-15,-14,-14,9,9,3,3,3,-23,-23,-14,-14,-13,-13,-61,-61,-23,-23,-27,-27,-28,-28,-28,-15,-15,-10,-10,-10,-10,3,3,-22,-22,-21,-21,-4,-4,4,4,-14,-14,-4,-4,-16,-16,-1,-1,-13,-13,-13,-13,-43,-43,6,6,-37,-37,2,2,-14,-14,11,11,15,15,0,-11,-11,-4,-4,18,18,16,16,-1,-1,12,12,34,34,13,13,-15,-15,-9
195,33.93200000000000216,-5,-36,-49,-49,-29,-28,-47,-23,-55,-55,-15,-30,-30,-27,-51,-51,-58,-57,-57,-18,-18,-21,-21,-52,6,6,-16,-16,16,16,-41,-41,-6,-6,-34,-34,-10,-10,-17,3,3,-44,-44,-18,-18,-25,-25,-25,-25,-46,-46,-46,-46,-51,-51,-49,-49,-33,-34,-28,-42,-42,-37,-37,-43,-43,-28,-28,-30,-30,-41,-41,-41,-40,-16,-45,-12,-65,-38,-38,-46,-24,-7,-4,-23,-49,-27,-9,-9,5,5,-21,-21,-22,-22,-38,-38,-58,-58,-26,-26,-44,-44,-42,-42,-56,-56,-8,-8,4,4,-37,-37,-16,-16,-48,-48,-35,-35,-52,-52,-35,-35,-24,-31,-31,-42,-42,-28,-28,-55,-55,-29,-29,-19,-19,-51,-51,-61,-61,-34,-34,-30,-30,-29,-29,-29,-29,-28,-28,-32,-32,-47,-47,-12,-12,-36,-36,-41,-41,-28,-28,-35,-35,-26,-26,-42,-42,-16,-16,-16,-16,-20,-17,-17,-26,-26,-66,-66,-12,-12,-41,-41,-27,-27,-28,-28,-39,-39,-33,-33,-9,-9,-9,-27,-27,-27,-34,-34,-50,-50,-27,-27,-16,-16,-39,-39,-36,-36,-45,-45,-32,-32,-27,-27,-21,-21,-13,-13,-19,-19,-32,-32,-48,-48,-64,-64,-49,-49,-29,-29,-46,-46,-46,-46,-40,-40,-23,-23,-54,-54,-54,-21,-21,-53,-53,-34,-34,-45,-45,-52,-52,-72,-72,-45,-45,-45,-24,-24,-46,-46,-31,-31,-44,-44,-54,-54,-35,-35,-7,-7,-20,-20,-23,-23,-42,-42,-33,-33,-13,-13,-26,-26,-40,-40,-62,-62,-27,-27,-68,-68,-44,-44,-25,-25,-29,-29,1,1,-37,-41,-41,-21,-21,-15,-15,-25,-25,-22,-22,-44,-44,-36,-36,-7,-7,7,7,-43
196,34.1319999999999979,-31,-36,-34,-34,-27,-5,-33,-51,-18,-18,-20,-23,-23,-29,-42,-42,-56,-30,-30,-14,-14,-32,-32,-19,-40,-40,8,8,-10,-10,-18,-18,12,12,-26,-26,-27,-27,-31,-11,-11,-15,-15,-30,-30,-50,-50,-47,-47,-24,-24,-23,-23,-33,-33,-29,-29,-47,-51,-50,-52,-52,-32,-32,-44,-44,-62,-62,-50,-50,-14,-14,-49,-41,-45,-51,-34,-41,-48,-48,-44,-36,-51,3,-20,0,-27,-38,-38,-9,-9,-24,-24,-37,-37,-25,-25,-38,-38,-48,-48,-32,-32,-67,-67,-67,-67,9,9,0,0,-11,-11,-34,-34,-52,-52,-46,-46,-57,-57,-40,-40,-29,-46,-46,-22,-22,-25,-25,-46,-46,-48,-48,-32,-32,-43,-43,-48,-48,-51,-51,-45,-45,-70,-70,-58,-58,-29,-29,-9,-9,-47,-47,-31,-31,-56,-56,-28,-28,-39,-39,-20,-20,-36,-36,-1,-1,-11,-11,-22,-22,-32,-28,-28,-31,-31,-47,-47,-25,-25,-19,-19,-50,-50,-24,-24,-26,-26,-40,-40,-3,-3,-3,-40,-40,-40,-17,-17,-28,-28,-27,-27,3,3,-37,-37,-41,-41,-44,-44,-21,-21,-32,-32,-15,-15,-35,-35,-43,-43,-50,-50,-92,-92,-58,-58,-56,-56,-33,-33,-56,-56,-42,-42,-17,-17,-60,-60,-62,-62,-62,-49,-49,-72,-72,-43,-43,-79,-79,-64,-64,-64,-64,-50,-50,-50,-44,-44,-47,-47,-31,-31,-41,-41,-42,-42,-44,-44,-19,-19,-31,-31,-46,-46,-38,-38,-46,-46,-47,-47,-45,-45,-65,-65,-63,-63,-49,-49,-39,-39,-42,-42,-71,-71,-36,-36,-20,-20,-43,-51,-51,-16,-16,-48,-48,-16,-16,-45,-45,-10,-10,-37,-37,-25,-25,-30,-30,-29
197,34.33200000000000074,-8,-53,-22,-22,17,33,18,4,-20,-20,-30,-10,-10,-27,-22,-22,-19,-23,-23,-17,-17,-1,-1,10,13,13,1,1,16,16,-7,-7,26,26,38,38,10,10,6,29,29,-11,-11,6,6,-6,-6,-17,-17,-22,-22,1,1,0,0,1,1,-4,-8,-41,-26,-26,-20,-20,-13,-13,-38,-38,-27,-27,-10,-10,-11,-14,10,2,-21,-29,-53,-53,-12,-28,-5,-10,1,33,8,0,0,-41,-41,-9,-9,-19,-19,-2,-2,6,6,-74,-74,-50,-50,-39,-39,-10,-10,18,18,49,49,3,3,-2,-2,-64,-64,-23,-23,-10,-10,0,0,12,16,16,-7,-7,5,5,-11,-11,-23,-23,-48,-48,-1,-1,-14,-14,-12,-12,-51,-51,-44,-44,-41,-41,-13,-13,-19,-19,-10,-10,-15,-15,-26,-26,-4,-4,-32,-32,0,0,-29,-29,1,1,-29,-29,-2,-2,-4,-24,-24,-7,-7,17,17,2,2,-15,-15,-5,-5,-5,-5,18,18,-25,-25,-8,-8,-8,-8,-8,-8,8,8,-33,-33,-18,-18,-17,-17,-12,-12,-35,-35,-50,-50,-10,-10,-27,-27,-28,-28,8,8,-25,-25,-12,-12,-49,-49,-80,-80,-54,-54,-45,-45,-28,-28,-29,-29,-42,-42,-23,-23,-51,-51,-51,-48,-48,-48,-48,-41,-41,-49,-49,-72,-72,-57,-57,-50,-50,-50,-24,-24,-47,-47,-14,-14,-18,-18,-39,-39,-44,-44,-23,-23,-28,-28,-36,-36,-50,-50,-45,-45,-22,-22,-35,-35,-52,-52,-81,-81,-55,-55,-21,-21,-24,-24,-17,-17,-10,-10,-15,-15,-44,-38,-38,-38,-38,-39,-39,-26,-26,-32,-32,-45,-45,-59,-59,-16,-16,-35,-35,-49
198,34.53200000000000358,-13,-9,23,23,48,59,20,53,25,25,-2,30,30,43,10,10,-4,-21,-21,17,17,-2,-2,32,44,44,35,35,15,15,-2,-2,58,58,69,69,16,16,11,19,19,47,47,-6,-6,11,11,15,15,-5,-5,4,4,6,6,7,7,31,14,-6,-33,-33,-30,-30,6,6,0,0,12,12,-3,-3,20,11,2,-6,9,-27,-14,-14,19,-11,19,7,37,53,56,23,23,10,10,11,11,31,31,2,2,12,12,-18,-18,2,2,30,30,-14,-14,57,57,61,61,57,57,8,8,-6,-6,22,22,-2,-2,27,27,29,17,17,0,0,33,33,34,34,-22,-22,-1,-1,6,6,13,13,12,12,-8,-8,-9,-9,29,29,6,6,1,1,2,2,24,24,-8,-8,14,14,9,9,-7,-7,22,22,11,11,-1,-1,45,45,11,-4,-4,37,37,31,31,-13,-13,10,10,15,15,30,30,23,23,15,15,7,7,7,5,5,5,25,25,19,19,10,10,-9,-9,-7,-7,2,2,-30,-30,-11,-11,-29,-29,-2,-2,-13,-13,-36,-36,-19,-19,-25,-25,-10,-10,-24,-24,-14,-14,-22,-22,-4,-4,-43,-43,5,5,-3,-3,-3,-8,-8,-30,-30,-13,-13,-31,-31,-34,-34,-36,-36,-36,-36,-36,-43,-43,-14,-14,-16,-16,0,0,-46,-46,-11,-11,-6,-6,-15,-15,-33,-33,-29,-29,-18,-18,-29,-29,-24,-24,-30,-30,-55,-55,-23,-23,-23,-23,-20,-20,-14,-14,-16,-16,-1,-1,-39,3,3,-12,-12,-10,-10,-12,-12,-11,-11,-30,-30,24,24,-23,-23,-14,-14,19
199,34.73199999999999932,25,20,48,48,54,53,49,53,24,24,36,15,15,50,5,5,19,-14,-14,18,18,21,21,54,38,38,21,21,44,44,47,47,53,53,30,30,39,39,40,32,32,-11,-11,18,18,48,48,10,10,-1,-1,8,8,-6,-6,3,3,26,35,-14,-13,-13,3,3,5,5,2,2,-13,-13,18,18,29,30,5,30,2,22,32,32,17,12,31,25,56,82,64,35,35,37,37,21,21,74,74,57,57,29,29,24,24,18,18,3,3,32,32,80,80,71,71,21,21,25,25,15,15,43,43,29,29,39,39,62,39,39,30,30,43,43,37,37,37,37,38,38,7,7,3,3,54,54,-22,-22,6,6,35,35,16,16,-7,-7,-16,-16,6,6,-15,-15,27,27,27,27,8,8,12,12,6,6,33,33,38,38,26,27,27,6,6,15,15,5,5,20,20,14,14,40,40,29,29,1,1,11,11,11,24,24,24,22,22,-5,-5,6,6,40,40,5,5,31,31,4,4,-18,-18,0,0,2,2,-3,-3,3,3,-29,-29,-17,-17,-35,-35,-17,-17,31,31,11,11,0,0,-18,-18,-18,-18,-3,-3,-3,17,17,-26,-26,-33,-33,-11,-11,-11,-11,-40,-40,-17,-17,-17,-27,-27,7,7,2,2,9,9,-17,-17,-33,-33,-3,-3,-13,-13,-14,-14,-26,-26,-18,-18,12,12,-20,-20,7,7,-18,-18,-14,-14,9,9,-5,-5,-7,-7,15,15,-12,-12,-15,-8,-8,-13,-13,14,14,12,12,7,7,-9,-9,9,9,43,43,15,15,54
200,34.93200000000000216,65,29,40,40,51,33,56,41,-9,-9,23,29,29,60,17,17,40,3,3,38,38,15,15,12,-2,-2,31,31,-10,-10,18,18,48,48,38,38,29,29,-9,35,35,32,32,20,20,5,5,-9,-9,9,9,8,8,-6,-6,8,8,15,0,2,-5,-5,-22,-22,17,17,0,0,18,18,17,17,18,17,23,35,41,50,-18,-18,-11,19,59,63,30,53,63,32,32,39,39,24,24,1,1,40,40,36,36,15,15,15,15,27,27,23,23,87,87,70,70,62,62,10,10,34,34,53,53,41,41,44,44,52,24,24,16,16,24,24,19,19,48,48,13,13,26,26,7,7,48,48,6,6,0,0,34,34,21,21,-12,-12,1,1,5,5,-13,-13,12,12,-2,-2,10,10,-7,-7,-1,-1,-2,-2,11,11,34,19,19,-4,-4,-28,-28,5,5,-10,-10,7,7,21,21,15,15,7,7,0,0,0,27,27,27,14,14,-3,-3,-4,-4,16,16,16,16,-3,-3,17,17,19,19,19,19,-3,-3,0,0,5,5,2,2,20,20,11,11,-3,-3,7,7,3,3,2,2,-4,-4,45,45,17,17,17,4,4,2,2,-16,-16,-6,-6,8,8,-22,-22,-13,-13,-13,15,15,33,33,16,16,8,8,9,9,12,12,-3,-3,-5,-5,12,12,-11,-11,-5,-5,-6,-6,-14,-14,-1,-1,-14,-14,-19,-19,1,1,-16,-16,8,8,16,16,14,14,-12,-17,-17,19,19,-13,-13,25,25,-3,-3,-9,-9,19,19,29,29,27,27,58
201,35.1319999999999979,26,22,27,27,1,29,2,18,8,8,27,17,17,17,23,23,41,18,18,1,1,-3,-3,23,0,0,-4,-4,-2,-2,18,18,4,4,18,18,16,16,-5,44,44,18,18,14,14,7,7,-11,-11,25,25,14,14,2,2,-15,-15,-10,14,12,-9,-9,-19,-19,8,8,1,1,12,12,12,12,8,-13,3,17,-20,6,-11,-11,2,-17,29,29,10,30,12,22,22,10,10,11,11,7,7,31,31,17,17,22,22,2,2,6,6,-10,-10,35,35,41,41,7,7,-12,-12,-11,-11,25,25,36,36,36,36,42,-5,-5,6,6,15,15,25,25,3,3,-2,-2,25,25,16,16,9,9,34,34,-7,-7,30,30,2,2,-4,-4,-8,-8,4,4,29,29,-6,-6,-2,-2,7,7,-5,-5,10,10,2,2,-7,-7,5,-30,-30,21,21,-5,-5,-27,-27,15,15,5,5,11,11,15,15,-9,-9,-20,-20,-20,4,4,4,7,7,20,20,-9,-9,12,12,20,20,18,18,15,15,61,61,25,25,3,3,23,23,17,17,3,3,-17,-17,-11,-11,-17,-17,17,17,18,18,27,27,26,26,5,5,18,18,18,5,5,17,17,-2,-2,-14,-14,11,11,15,15,1,1,1,22,22,6,6,19,19,17,17,-10,-10,13,13,15,15,7,7,11,11,6,6,7,7,-5,-5,-7,-7,20,20,-7,-7,7,7,25,25,-7,-7,4,4,6,6,6,6,-23,-6,-6,17,17,14,14,27,27,22,22,-13,-13,11,11,11,11,14,14,68
202,35.33200000000000074,14,11,-22,-22,-34,-38,-5,4,2,2,9,-8,-8,10,10,10,9,8,8,14,14,-10,-10,-8,-15,-15,-8,-8,-31,-31,-9,-9,-1,-1,12,12,-1,-1,-11,-28,-28,-1,-1,-31,-31,-8,-8,-8,-8,-24,-24,31,31,-6,-6,-20,-20,-13,30,36,8,8,-11,-11,2,2,-4,-4,-3,-3,12,12,-1,8,14,4,11,20,-22,-22,-2,-25,28,39,-15,-15,-13,-4,-4,-26,-26,-10,-10,2,2,11,11,-22,-22,-13,-13,-8,-8,50,50,12,12,5,5,15,15,13,13,-1,-1,-34,-34,-5,-5,17,17,-14,-14,-21,-13,-13,-32,-32,0,0,-1,-1,-5,-5,6,6,-2,-2,-24,-24,33,33,25,25,12,12,-4,-4,-14,-14,-32,-32,-14,-14,-20,-20,8,8,-6,-6,-2,-2,-12,-12,-18,-18,-12,-12,-16,-16,-10,-10,22,5,5,6,6,-11,-11,-38,-38,-13,-13,-17,-17,-2,-2,7,7,-27,-27,4,4,4,35,35,35,16,16,7,7,2,2,16,16,-20,-20,23,23,9,9,11,11,19,19,10,10,33,33,10,10,-11,-11,31,31,40,40,6,6,7,7,-6,-6,6,6,-2,-2,1,1,7,7,7,30,30,5,5,-9,-9,31,31,25,25,28,28,-4,-4,-4,25,25,12,12,15,15,25,25,15,15,13,13,10,10,23,23,-9,-9,16,16,6,6,16,16,12,12,18,18,9,9,-2,-2,-14,-14,13,13,-14,-14,10,10,16,16,26,-1,-1,10,10,4,4,4,4,29,29,-31,-31,4,4,4,4,5,5,23
203,35.53200000000000358,-2,-13,-45,-45,-24,-14,-9,5,-35,-35,-30,-22,-22,-19,1,1,-18,-17,-17,-18,-18,1,1,-17,-20,-20,-23,-23,-4,-4,-18,-18,7,7,5,5,5,5,7,-7,-7,20,20,-18,-18,5,5,1,1,11,11,2,2,-1,-1,-13,-13,8,2,-7,-4,-4,-7,-7,7,7,-22,-22,20,20,4,4,-10,-1,11,18,31,6,10,10,-19,6,2,-11,-2,-38,-37,-11,-11,-28,-28,-33,-33,-31,-31,6,6,-32,-32,0,0,20,20,42,42,-12,-12,-12,-12,15,15,39,39,-12,-12,-23,-23,-7,-7,-19,-19,2,2,-21,-13,-13,-8,-8,3,3,-15,-15,-2,-2,-5,-5,11,11,-20,-20,4,4,-3,-3,42,42,3,3,-11,-11,-1,-1,-8,-8,4,4,-5,-5,10,10,-4,-4,-27,-27,-12,-12,-22,-22,-16,-16,10,10,5,-27,-27,-15,-15,-5,-5,-15,-15,15,15,1,1,8,8,7,7,-12,-12,-8,-8,-8,18,18,18,22,22,11,11,7,7,5,5,-5,-5,17,17,50,50,28,28,13,13,-2,-2,10,10,-23,-23,-51,-51,-23,-23,37,37,6,6,-2,-2,6,6,12,12,0,0,21,21,24,24,24,9,9,-2,-2,-2,-2,1,1,29,29,25,25,11,11,11,38,38,7,7,0,0,22,22,8,8,3,3,19,19,37,37,14,14,32,32,9,9,7,7,24,24,28,28,18,18,21,21,-20,-20,9,9,11,11,-9,-9,1,1,10,15,15,29,29,13,13,12,12,10,10,8,8,6,6,-12,-12,11,11,-2
204,35.73199999999999932,-26,-48,-57,-57,-16,24,-6,-5,-36,-36,-13,-39,-39,-28,-39,-39,-5,-3,-3,-6,-6,4,4,9,10,10,-18,-18,3,3,8,8,25,25,-7,-7,5,5,1,-35,-35,42,42,26,26,10,10,3,3,11,11,22,22,17,17,-8,-8,15,29,-9,4,4,10,10,17,17,-4,-4,3,3,-3,-3,-6,-13,18,8,9,18,2,2,11,-1,9,24,-7,-16,-28,-28,-28,8,8,-12,-12,-8,-8,2,2,-20,-20,-23,-23,-25,-25,15,15,5,5,-3,-3,22,22,14,14,-16,-16,-42,-42,-20,-20,6,6,10,10,21,3,3,14,14,-2,-2,-15,-15,-36,-36,-39,-39,18,18,7,7,20,20,16,16,-23,-23,-3,-3,0,0,-59,-59,-15,-15,-12,-12,-24,-24,5,5,19,19,8,8,-3,-3,-2,-2,9,9,-7,-7,19,3,3,-10,-10,-1,-1,22,22,-15,-15,17,17,15,15,8,8,1,1,8,8,8,14,14,14,5,5,11,11,12,12,6,6,26,26,27,27,-1,-1,16,16,16,16,18,18,-9,-9,-29,-29,-33,-33,8,8,47,47,4,4,3,3,-8,-8,16,16,15,15,17,17,17,17,17,-8,-8,0,0,25,25,8,8,7,7,14,14,27,27,27,16,16,21,21,8,8,12,12,3,3,8,8,27,27,24,24,19,19,27,27,37,37,27,27,-9,-9,32,32,11,11,11,11,-4,-4,11,11,18,18,-3,-3,-1,-1,15,9,9,-5,-5,12,12,13,13,-11,-11,20,20,-5,-5,24,24,52,52,40
205,35.93200000000000216,-24,10,4,4,14,7,-10,29,27,27,-11,-16,-16,-24,-2,-2,10,-11,-11,42,42,-3,-3,17,21,21,26,26,26,26,32,32,33,33,34,34,14,14,30,26,26,13,13,42,42,15,15,11,11,14,14,29,29,9,9,15,15,8,28,39,5,5,16,16,16,16,1,1,9,9,46,46,27,12,8,5,-8,37,4,4,2,25,10,30,7,5,4,-17,-17,23,23,5,5,-9,-9,28,28,-34,-34,12,12,1,1,12,12,-3,-3,-2,-2,51,51,19,19,8,8,2,2,15,15,3,3,-8,-8,17,4,4,21,21,-9,-9,23,23,-4,-4,18,18,39,39,17,17,-40,-40,22,22,4,4,-3,-3,11,11,-12,-12,-26,-26,-9,-9,16,16,12,12,22,22,24,24,38,38,13,13,15,15,21,21,30,29,29,14,14,10,10,-4,-4,2,2,11,11,-3,-3,34,34,22,22,-4,-4,-4,39,39,39,26,26,54,54,20,20,3,3,10,10,21,21,5,5,11,11,8,8,26,26,5,5,8,8,-10,-10,-15,-15,32,32,0,0,29,29,31,31,6,6,18,18,25,25,40,40,40,37,37,49,49,13,13,27,27,30,30,35,35,57,57,57,39,39,25,25,23,23,26,26,25,25,20,20,25,25,11,11,48,48,23,23,7,7,41,41,29,29,35,35,1,1,16,16,-3,-3,18,18,1,1,23,23,12,12,15,9,9,30,30,19,19,17,17,28,28,30,30,2,2,-23,-23,18,18,17
206,36.1319999999999979,24,6,50,50,39,50,57,83,37,37,67,45,45,34,46,46,42,16,16,42,42,21,21,53,50,50,12,12,-14,-14,26,26,27,27,43,43,43,43,53,26,26,32,32,66,66,51,51,51,51,54,54,41,41,47,47,55,55,49,52,57,80,80,48,48,49,49,52,52,48,48,31,31,59,51,28,31,46,34,74,74,15,32,30,24,14,12,37,40,40,27,27,14,14,43,43,45,45,43,43,19,19,43,43,52,52,17,17,9,9,7,7,31,31,60,60,65,65,48,48,65,65,37,37,37,50,50,19,19,34,34,16,16,36,36,66,66,40,40,30,30,17,17,18,18,58,58,42,42,16,16,40,40,16,16,27,27,27,27,43,43,2,2,27,27,32,32,17,17,17,17,32,32,38,23,23,24,24,8,8,39,39,23,23,41,41,27,27,39,39,21,21,24,24,24,32,32,32,68,68,68,68,47,47,48,48,54,54,74,74,17,17,43,43,52,52,42,42,61,61,53,53,31,31,57,57,59,59,63,63,34,34,61,61,62,62,32,32,55,55,42,42,42,53,53,50,50,50,50,46,46,56,56,68,68,45,45,45,51,51,56,56,36,36,54,54,46,46,66,66,34,34,66,66,49,49,80,80,58,58,42,42,25,25,58,58,30,30,7,7,46,46,36,36,30,30,41,41,31,31,28,39,39,39,39,15,15,42,42,36,36,28,28,44,44,26,26,37,37,51
207,36.33200000000000074,36,57,84,84,67,64,78,90,88,88,88,77,77,58,70,70,69,49,49,76,76,63,63,63,55,55,87,87,47,47,24,24,38,38,63,63,70,70,39,38,38,46,46,55,55,77,77,69,69,76,76,107,107,72,72,75,75,58,60,66,86,86,67,67,69,69,62,62,83,83,44,44,46,50,60,41,42,60,56,56,68,61,81,40,60,54,53,49,49,48,48,44,44,53,53,71,71,70,70,44,44,45,45,52,52,52,52,16,16,36,36,19,19,13,13,49,49,79,79,63,63,57,57,37,27,27,47,47,28,28,55,55,45,45,49,49,44,44,58,58,49,49,53,53,61,61,63,63,54,54,54,54,39,39,37,37,46,46,38,38,27,27,21,21,38,38,34,34,49,49,48,48,54,36,36,31,31,38,38,59,59,45,45,39,39,63,63,40,40,34,34,49,49,49,36,36,36,40,40,62,62,70,70,69,69,47,47,54,54,63,63,48,48,35,35,51,51,50,50,30,30,46,46,69,69,107,107,57,57,50,50,64,64,59,59,46,46,51,51,49,49,49,58,58,68,68,54,54,69,69,37,37,97,97,30,30,30,71,71,75,75,71,71,44,44,41,41,30,30,45,45,44,44,48,48,68,68,47,47,66,66,44,44,58,58,52,52,71,71,49,49,55,55,42,42,43,43,46,46,52,35,35,41,41,28,28,29,29,30,30,46,46,-5,-5,49,49,16,16,29
208,36.53200000000000358,78,77,79,79,79,63,56,70,71,71,76,66,66,71,54,54,63,65,65,42,42,58,58,40,41,41,41,41,51,51,21,21,10,10,20,20,51,51,41,13,13,73,73,39,39,49,49,50,50,54,54,61,61,43,43,35,35,44,38,68,63,63,64,64,53,53,52,52,32,32,23,23,8,25,34,40,71,54,59,59,38,75,76,47,66,49,46,15,15,50,50,38,38,21,21,-10,-10,38,38,53,53,68,68,58,58,57,57,10,10,-4,-4,10,10,30,30,57,57,57,57,57,57,53,53,63,18,18,37,37,39,39,35,35,58,58,63,63,47,47,58,58,63,63,59,59,42,42,44,44,27,27,61,61,56,56,54,54,47,47,46,46,37,37,37,37,35,35,31,31,24,24,29,29,42,42,42,39,39,50,50,43,43,1,1,43,43,41,41,30,30,17,17,34,34,34,28,28,28,40,40,50,50,53,53,35,35,12,12,43,43,43,43,28,28,26,26,50,50,49,49,39,39,64,64,25,25,74,74,62,62,45,45,34,34,44,44,36,36,50,50,53,53,53,60,60,58,58,75,75,61,61,70,70,88,88,60,60,60,62,62,34,34,40,40,38,38,32,32,44,44,39,39,36,36,23,23,41,41,34,34,20,20,54,54,35,35,49,49,27,27,63,63,24,24,53,53,13,13,26,26,54,35,35,27,27,28,28,22,22,41,41,32,32,38,38,21,21,5,5,4
209,36.73199999999999932,28,44,46,46,82,43,71,31,48,48,48,52,52,37,31,31,46,30,30,33,33,43,43,13,34,34,26,26,22,22,8,8,30,30,40,40,13,13,2,18,18,45,45,22,22,37,37,0,0,19,19,18,18,62,62,25,25,21,7,0,4,4,7,7,25,25,22,22,26,26,10,10,22,17,10,10,30,32,39,39,40,34,19,-6,41,58,33,25,25,17,17,21,21,46,46,17,17,23,23,36,36,23,23,26,26,7,7,37,37,19,19,9,9,9,9,32,32,1,1,41,41,27,27,24,22,22,48,48,15,15,17,17,6,6,22,22,22,22,35,35,42,42,14,14,19,19,2,2,11,11,22,22,49,49,32,32,33,33,40,40,27,27,4,4,13,13,38,38,36,36,36,36,28,40,40,50,50,36,36,36,36,14,14,2,2,7,7,6,6,19,19,29,29,29,45,45,45,16,16,33,33,14,14,20,20,2,2,-17,-17,5,5,7,7,10,10,24,24,9,9,1,1,20,20,37,37,16,16,8,8,-21,-21,23,23,59,59,21,21,15,15,12,12,12,13,13,27,27,52,52,32,32,45,45,24,24,19,19,19,37,37,17,17,9,9,20,20,3,3,29,29,38,38,13,13,-2,-2,35,35,30,30,15,15,9,9,19,19,13,13,14,14,27,27,25,25,9,9,26,26,5,5,1,9,9,11,11,-1,-1,1,1,23,23,23,23,-5,-5,31,31,23,23,20
210,36.93200000000000216,29,-5,38,38,28,29,61,41,26,26,56,33,33,55,33,33,32,29,29,51,51,13,13,39,36,36,30,30,32,32,28,28,34,34,66,66,16,16,26,37,37,43,43,21,21,16,16,31,31,18,18,52,52,41,41,31,31,20,9,7,-2,-2,15,15,-1,-1,26,26,36,36,15,15,6,40,-1,10,-16,28,45,45,27,33,23,29,31,57,35,36,36,34,34,13,13,29,29,22,22,31,31,29,29,43,43,42,42,52,52,23,23,43,43,27,27,17,17,28,28,31,31,52,52,56,56,56,13,13,61,61,63,63,17,17,8,8,-6,-6,14,14,30,30,29,29,8,8,4,4,15,15,-4,-4,38,38,25,25,40,40,28,28,19,19,29,29,32,32,14,14,22,22,33,33,50,50,49,53,53,51,51,46,46,22,22,2,2,39,39,13,13,20,20,54,54,45,45,45,22,22,22,25,25,37,37,25,25,21,21,61,61,-16,-16,7,7,0,0,5,5,0,0,20,20,22,22,35,35,7,7,-20,-20,29,29,28,28,34,34,12,12,26,26,-6,-6,22,22,22,40,40,19,19,20,20,23,23,17,17,16,16,-12,-12,-12,16,16,11,11,25,25,-2,-2,13,13,25,25,30,30,17,17,2,2,6,6,9,9,21,21,5,5,19,19,9,9,15,15,16,16,30,30,-20,-20,1,1,-4,-4,5,20,20,21,21,12,12,-21,-21,24,24,6,6,28,28,15,15,23,23,26
211,37.1319999999999979,35,50,30,30,49,60,28,51,75,75,68,64,64,66,46,46,59,52,52,60,60,78,78,22,58,58,20,20,74,74,20,20,59,59,51,51,51,51,43,52,52,54,54,57,57,87,87,49,49,45,45,53,53,43,43,48,48,55,49,52,52,52,46,46,31,31,66,66,48,48,70,70,40,26,12,13,44,46,65,65,59,50,76,30,35,79,43,67,67,63,63,56,56,74,74,73,73,72,72,58,58,89,89,48,48,35,35,84,84,75,75,66,66,80,80,58,58,71,71,58,58,92,92,53,71,71,39,39,53,53,16,16,39,39,35,35,41,41,50,50,39,39,25,25,50,50,59,59,43,43,76,76,33,33,34,34,47,47,47,47,42,42,52,52,45,45,46,46,39,39,44,44,47,60,60,66,66,42,42,51,51,61,61,47,47,64,64,64,64,47,47,84,84,84,54,54,54,40,40,46,46,35,35,39,39,63,63,26,26,40,40,29,29,56,56,15,15,10,10,12,12,69,69,32,32,25,25,34,34,62,62,65,65,62,62,60,60,37,37,75,75,75,37,37,41,41,53,53,37,37,26,26,45,45,30,30,30,49,49,40,40,36,36,38,38,24,24,41,41,36,36,34,34,26,26,22,22,42,42,52,52,38,38,20,20,12,12,54,54,42,42,36,36,21,21,29,29,27,27,46,33,33,26,26,51,51,23,23,19,19,50,50,52,52,53,53,28,28,28
212,37.33200000000000074,70,54,92,92,41,49,55,44,43,43,96,53,53,71,74,74,57,73,73,69,69,63,63,80,24,24,56,56,40,40,55,55,46,46,66,66,54,54,64,47,47,57,57,71,71,82,82,66,66,50,50,52,52,73,73,59,59,74,24,48,70,70,69,69,59,59,68,68,79,79,56,56,94,74,41,56,89,44,108,108,48,73,92,76,51,61,60,73,73,45,45,36,36,71,71,50,50,64,64,51,51,109,109,73,73,95,95,91,91,50,50,64,64,97,97,106,106,99,99,99,99,100,100,70,55,55,68,68,87,87,75,75,78,78,71,71,83,83,106,106,68,68,69,69,80,80,87,87,94,94,80,80,78,78,91,91,86,86,71,71,63,63,91,91,79,79,85,85,71,71,49,49,66,70,70,55,55,81,81,68,68,71,71,82,82,57,57,64,64,75,75,86,86,86,59,59,59,58,58,62,62,48,48,71,71,47,47,55,55,73,73,41,41,42,42,37,37,85,85,88,88,57,57,76,76,84,84,70,70,89,89,84,84,75,75,77,77,73,73,78,78,78,64,64,64,64,57,57,67,67,36,36,77,77,78,78,78,53,53,85,85,50,50,67,67,63,63,36,36,59,59,59,59,61,61,80,80,80,80,60,60,56,56,72,72,89,89,88,88,71,71,58,58,60,60,46,46,48,48,74,54,54,59,59,62,62,64,64,56,56,47,47,62,62,67,67,32,32,36
213,37.53200000000000358,70,51,20,20,35,29,23,22,43,43,45,61,61,17,45,45,65,71,71,63,63,79,79,28,28,28,10,10,13,13,21,21,27,27,2,2,25,25,37,53,53,41,41,74,74,47,47,69,69,54,54,53,53,49,49,39,39,61,41,33,57,57,70,70,38,38,55,55,82,82,55,55,49,62,62,61,49,103,77,77,87,67,64,35,22,59,49,52,52,53,53,49,49,58,58,75,75,67,67,63,63,68,68,124,124,48,48,42,42,41,41,51,51,54,54,72,72,109,109,99,99,90,90,65,53,53,63,63,61,61,63,63,82,82,60,60,78,78,64,64,109,109,90,90,66,66,81,81,71,71,76,76,84,84,69,69,44,44,59,59,63,63,60,60,44,44,52,52,20,20,36,36,31,72,72,45,45,63,63,55,55,67,67,52,52,44,44,23,23,30,30,58,58,58,50,50,50,42,42,42,42,63,63,50,50,46,46,52,52,59,59,73,73,24,24,45,45,54,54,55,55,111,111,82,82,64,64,67,67,53,53,74,74,76,76,79,79,66,66,54,54,54,116,116,66,66,80,80,64,64,62,62,78,78,69,69,69,56,56,40,40,51,51,56,56,52,52,76,76,56,56,47,47,52,52,52,52,74,74,77,77,99,99,79,79,84,84,68,68,49,49,86,86,62,62,61,61,72,72,89,60,60,60,60,56,56,51,51,55,55,51,51,62,62,29,29,44,44,27
214,37.73199999999999932,64,39,5,5,5,-12,20,-7,14,14,18,25,25,3,40,40,36,34,34,2,2,39,39,25,-10,-10,-7,-7,12,12,-10,-10,-46,-46,7,7,2,2,24,14,14,14,14,-15,-15,22,22,55,55,38,38,38,38,33,33,36,36,-4,20,28,35,35,55,55,21,21,5,5,18,18,27,27,3,36,32,39,64,18,61,61,36,34,23,7,27,7,1,28,28,14,14,14,14,35,35,29,29,18,18,16,16,22,22,47,47,7,7,-29,-29,6,6,13,13,68,68,71,71,25,25,44,44,49,49,23,20,20,23,23,49,49,43,43,41,41,42,42,18,18,30,30,56,56,30,30,32,32,38,38,69,69,57,57,55,55,26,26,15,15,25,25,-7,-7,30,30,54,54,12,12,11,11,-12,-12,18,19,19,17,17,9,9,29,29,36,36,24,24,16,16,16,16,26,26,21,21,21,16,16,16,12,12,34,34,24,24,79,79,49,49,31,31,54,54,48,48,30,30,27,27,63,63,63,63,75,75,59,59,62,62,47,47,51,51,61,61,42,42,25,25,26,26,39,39,39,50,50,48,48,61,61,57,57,43,43,39,39,27,27,27,27,27,40,40,49,49,35,35,52,52,62,62,23,23,33,33,52,52,37,37,52,52,23,23,52,52,45,45,54,54,43,43,43,43,41,41,58,58,45,45,47,47,73,40,40,36,36,36,36,13,13,16,16,48,48,47,47,7,7,20,20,22
215,37.93200000000000216,10,16,2,2,-21,-13,-11,-29,-6,-6,-2,15,15,-9,38,38,33,26,26,5,5,-1,-1,-4,2,2,5,5,33,33,-21,-21,-23,-23,-32,-32,-19,-19,-20,-7,-7,9,9,-17,-17,0,0,-3,-3,-15,-15,26,26,-8,-8,14,14,2,-11,1,2,2,26,26,2,2,-10,-10,14,14,4,4,3,-1,-5,26,16,5,19,19,-6,-18,-16,-27,-10,-4,12,26,26,19,19,-1,-1,11,11,18,18,28,28,6,6,27,27,12,12,23,23,-22,-22,-1,-1,-21,-21,-3,-3,12,12,-27,-27,-22,-22,1,1,-8,11,11,28,28,9,9,25,25,14,14,12,12,21,21,14,14,1,1,15,15,7,7,5,5,20,20,20,20,34,34,8,8,13,13,-20,-20,1,1,23,23,9,9,-3,-3,4,4,35,35,-9,-9,-9,13,13,14,14,8,8,7,7,16,16,11,11,-11,-11,-20,-20,21,21,21,-7,-7,-7,-5,-5,45,45,-25,-25,24,24,-8,-8,18,18,-6,-6,34,34,23,23,10,10,26,26,-20,-20,-10,-10,42,42,3,3,9,9,34,34,30,30,24,24,12,12,16,16,-9,-9,-9,9,9,22,22,50,50,30,30,31,31,20,20,45,45,45,21,21,23,23,18,18,18,18,39,39,34,34,11,11,6,6,12,12,28,28,15,15,18,18,29,29,14,14,40,40,59,59,23,23,47,47,51,51,35,35,24,24,43,-8,-8,3,3,7,7,12,12,10,10,16,16,-5,-5,6,6,12,12,2
216,38.1319999999999979,-15,7,-10,-10,-5,17,-23,1,1,1,29,14,14,-15,27,27,5,0,0,39,39,-5,-5,-3,-8,-8,1,1,5,5,33,33,5,5,1,1,11,11,8,25,25,5,5,6,6,15,15,9,9,-1,-1,17,17,28,28,18,18,28,-1,30,16,16,11,11,14,14,11,11,17,17,3,3,-15,21,21,-11,-30,8,38,38,-2,-3,10,-26,-24,-7,4,1,1,23,23,16,16,31,31,17,17,8,8,-5,-5,38,38,16,16,3,3,-7,-7,-5,-5,25,25,26,26,43,43,-14,-14,-7,-7,2,2,5,34,34,13,13,14,14,17,17,-2,-2,13,13,21,21,19,19,-5,-5,19,19,17,17,18,18,20,20,11,11,24,24,-13,-13,-12,-12,-2,-2,14,14,21,21,35,35,39,39,23,23,26,26,-2,19,19,1,1,9,9,34,34,29,29,0,0,8,8,4,4,10,10,4,4,4,-15,-15,-15,19,19,0,0,37,37,22,22,21,21,2,2,31,31,21,21,24,24,26,26,6,6,25,25,9,9,7,7,-13,-13,23,23,46,46,13,13,23,23,55,55,25,25,10,10,10,20,20,15,15,20,20,21,21,38,38,5,5,6,6,6,6,6,13,13,-4,-4,13,13,-3,-3,31,31,17,17,13,13,24,24,23,23,9,9,35,35,17,17,23,23,12,12,28,28,23,23,36,36,33,33,13,13,18,18,26,23,23,5,5,30,30,5,5,13,13,42,42,29,29,21,21,43,43,5
217,38.33200000000000074,-5,19,30,30,25,27,-11,2,0,0,29,54,54,18,35,35,21,28,28,20,20,32,32,34,31,31,43,43,41,41,35,35,28,28,33,33,45,45,37,38,38,39,39,15,15,13,13,27,27,5,5,12,12,34,34,32,32,39,9,28,33,33,44,44,11,11,8,8,17,17,11,11,19,-3,-14,34,21,5,28,28,15,34,9,15,27,22,19,18,18,15,15,28,28,35,35,21,21,20,20,15,15,6,6,26,26,3,3,17,17,32,32,39,39,52,52,39,39,4,4,8,8,-1,-1,8,39,39,33,33,27,27,10,10,46,46,24,24,38,38,-7,-7,-8,-8,32,32,9,9,30,30,39,39,25,25,37,37,29,29,21,21,27,27,34,34,14,14,25,25,48,48,11,11,24,24,9,41,41,24,24,19,19,12,12,5,5,23,23,10,10,37,37,27,27,25,25,25,18,18,18,-24,-24,-22,-22,8,8,34,34,33,33,19,19,-11,-11,19,19,11,11,26,26,18,18,6,6,4,4,-1,-1,14,14,6,6,-1,-1,26,26,34,34,61,61,29,29,20,20,20,3,3,22,22,0,0,-1,-1,22,22,29,29,27,27,27,17,17,16,16,23,23,24,24,20,20,29,29,23,23,26,26,17,17,25,25,31,31,30,30,8,8,39,39,28,28,2,2,29,29,23,23,23,23,16,16,19,19,20,30,30,30,30,24,24,35,35,19,19,31,31,48,48,30,30,33,33,55
218,38.53200000000000358,43,45,74,74,42,24,24,17,26,26,8,35,35,7,43,43,5,32,32,45,45,27,27,43,43,43,62,62,44,44,26,26,40,40,8,8,37,37,35,-5,-5,9,9,37,37,43,43,28,28,59,59,27,27,26,26,26,26,23,42,21,19,19,37,37,27,27,19,19,18,18,20,20,17,12,39,30,14,10,23,23,-8,1,25,18,-5,-3,32,27,27,28,28,24,24,32,32,36,36,26,26,23,23,34,34,9,9,33,33,29,29,32,32,23,23,28,28,4,4,47,47,38,38,26,26,35,53,53,42,42,37,37,39,39,42,42,10,10,42,42,24,24,55,55,35,35,17,17,33,33,42,42,39,39,26,26,4,4,34,34,-2,-2,22,22,52,52,27,27,29,29,14,14,9,9,38,19,19,16,16,5,5,45,45,5,5,31,31,42,42,20,20,8,8,-1,-1,-1,9,9,9,9,9,19,19,17,17,28,28,6,6,16,16,10,10,24,24,-9,-9,13,13,32,32,14,14,48,48,17,17,-6,-6,9,9,-9,-9,25,25,13,13,36,36,18,18,-22,-22,-22,16,16,21,21,19,19,-13,-13,14,14,22,22,13,13,13,11,11,18,18,13,13,18,18,15,15,8,8,19,19,0,0,5,5,18,18,47,47,50,50,33,33,37,37,-3,-3,10,10,18,18,26,26,39,39,29,29,33,33,8,21,21,32,32,50,50,18,18,41,41,36,36,33,33,24,24,3,3,7
219,38.73199999999999932,59,59,53,53,55,10,21,11,37,37,7,22,22,18,14,14,-12,-4,-4,35,35,24,24,17,23,23,-6,-6,13,13,15,15,-3,-3,13,13,-4,-4,37,22,22,11,11,-11,-11,23,23,-3,-3,14,14,9,9,18,18,13,13,-1,12,23,1,1,22,22,6,6,-19,-19,-15,-15,-5,-5,-18,23,32,0,-32,-15,2,2,8,28,1,2,1,9,2,25,25,12,12,17,17,30,30,28,28,16,16,20,20,3,3,4,4,5,5,27,27,20,20,16,16,25,25,29,29,37,37,22,22,-2,-2,0,39,39,23,23,8,8,14,14,30,30,23,23,11,11,5,5,7,7,-5,-5,21,21,14,14,11,11,55,55,21,21,8,8,-8,-8,-6,-6,0,0,9,9,4,4,18,18,-15,-15,-1,-1,9,-1,-1,-1,-1,9,9,19,19,5,5,22,22,17,17,-7,-7,-6,-6,6,6,6,6,6,6,-25,-25,-40,-40,0,0,6,6,12,12,21,21,1,1,-5,-5,27,27,8,8,-5,-5,23,23,20,20,3,3,-13,-13,-4,-4,5,5,-9,-9,0,0,19,19,4,4,-2,-2,-2,0,0,23,23,-29,-29,-33,-33,-7,-7,-3,-3,22,22,22,-10,-10,7,7,-5,-5,-11,-11,-7,-7,-12,-12,7,7,16,16,-2,-2,8,8,13,13,-1,-1,21,21,2,2,-3,-3,-12,-12,12,12,-14,-14,1,1,19,19,21,21,15,1,1,8,8,2,2,1,1,4,4,40,40,-3,-3,-3,-3,7,7,18
220,38.93200000000000216,48,37,12,12,8,1,3,-5,0,0,-13,10,10,6,9,9,-22,9,9,18,18,10,10,-15,-15,-15,10,10,2,2,24,24,-9,-9,-17,-17,-21,-21,19,-3,-3,10,10,-7,-7,11,11,-8,-8,4,4,-3,-3,14,14,-29,-29,5,-23,2,-20,-20,-21,-21,-18,-18,-22,-22,-16,-16,-6,-6,8,1,18,-34,-15,-18,-8,-8,0,-15,-10,4,0,-15,-14,0,0,-9,-9,-15,-15,10,10,12,12,-1,-1,21,21,-13,-13,-29,-29,-9,-9,34,34,10,10,12,12,-24,-24,5,5,4,4,-50,-50,-17,-17,-29,-14,-14,-13,-13,25,25,10,10,-10,-10,-13,-13,-15,-15,-19,-19,-38,-38,-39,-39,16,16,13,13,-9,-9,-24,-24,-15,-15,-24,-24,-45,-45,-18,-18,-7,-7,-12,-12,-24,-24,-20,-20,-13,-13,-9,-9,-22,-28,-28,6,6,-29,-29,-62,-62,-32,-32,-3,-3,11,11,-32,-32,-50,-50,-26,-26,-26,-16,-16,-16,-15,-15,-18,-18,-8,-8,-31,-31,-14,-14,-34,-34,-19,-19,-11,-11,-13,-13,-3,-3,-28,-28,-19,-19,-44,-44,-25,-25,-14,-14,-23,-23,-19,-19,-49,-49,-61,-61,-14,-14,-15,-15,-53,-53,-53,-11,-11,-24,-24,-30,-30,-49,-49,-29,-29,-22,-22,-16,-16,-16,-20,-20,-16,-16,-31,-31,-25,-25,-25,-25,-34,-34,-15,-15,-17,-17,-25,-25,-26,-26,-1,-1,-20,-20,-12,-12,-22,-22,-10,-10,-14,-14,-29,-29,-4,-4,-17,-17,-2,-2,-7,-7,-19,-9,-9,-5,-5,5,5,-25,-25,-14,-14,-2,-2,-10,-10,-2,-2,2,2,-8
221,39.132000000000005,23,22,-6,-6,-12,2,-9,-18,-22,-22,-17,20,20,-4,-16,-16,-21,-22,-22,-38,-38,-14,-14,-18,-8,-8,-3,-3,9,9,14,14,-18,-18,-40,-40,-32,-32,-26,0,0,4,4,0,0,-29,-29,-24,-24,-18,-18,-51,-51,-4,-4,-38,-38,-24,-16,-24,-25,-25,-45,-45,-26,-26,-24,-24,-27,-27,-23,-23,-34,-14,-19,-29,-32,-33,-30,-30,-50,-13,-21,-27,-16,-15,1,-25,-25,-6,-6,-4,-4,-13,-13,-1,-1,-36,-36,-19,-19,-38,-38,-37,-37,-19,-19,-23,-23,1,1,-32,-32,-47,-47,-17,-17,-35,-35,-55,-55,-24,-24,-33,-20,-20,-12,-12,-44,-44,-4,-4,-28,-28,-35,-35,-30,-30,-51,-51,-10,-10,-7,-7,-29,-29,-22,-22,-23,-23,2,2,-21,-21,-40,-40,-41,-41,-8,-8,-34,-34,-26,-26,-32,-32,-32,-32,-38,-38,-35,-35,-46,-41,-41,-23,-23,-5,-5,9,9,-37,-37,-44,-44,-24,-24,-29,-29,-44,-44,-11,-11,-11,-14,-14,-14,-34,-34,-24,-24,-44,-44,-27,-27,-15,-15,-17,-17,-26,-26,-15,-15,-12,-12,-2,-2,-25,-25,-55,-55,-13,-13,-9,-9,-54,-54,-66,-66,-44,-44,-23,-23,-53,-53,-33,-33,-10,-10,-36,-36,-36,-28,-28,-5,-5,-38,-38,-79,-79,-46,-46,-49,-49,-39,-39,-39,-40,-40,-41,-41,-26,-26,-19,-19,-41,-41,-40,-40,-25,-25,-33,-33,-39,-39,-21,-21,-30,-30,-12,-12,-18,-18,-48,-48,-31,-31,-42,-42,-59,-59,-47,-47,-39,-39,-31,-31,-5,-5,-43,-40,-40,-19,-19,-36,-36,-36,-36,-23,-23,-47,-47,-31,-31,-33,-33,-30,-30,3
222,39.33200000000000074,12,6,-43,-43,-50,-35,-32,-29,-69,-69,-47,-26,-26,-22,-18,-18,-41,-65,-65,-50,-50,-22,-22,-52,-44,-44,-23,-23,-3,-3,-22,-22,-11,-11,0,0,-35,-35,-76,-10,-10,-19,-19,-9,-9,-23,-23,-68,-68,-31,-31,-41,-41,-60,-60,-36,-36,-48,-33,-36,-44,-44,-69,-69,-40,-40,-48,-48,-61,-61,-38,-38,-21,1,-82,-45,-13,-76,-38,-38,-40,-31,-51,-14,-66,-7,-24,-19,-19,-28,-28,-60,-60,-48,-48,-25,-25,-46,-46,-39,-39,-63,-63,-57,-57,-34,-34,-19,-19,12,12,-36,-36,-48,-48,-49,-49,-36,-36,-34,-34,-33,-33,-64,-26,-26,-37,-37,-42,-42,-31,-31,-54,-54,-45,-45,-70,-70,-35,-35,-37,-37,-46,-46,-64,-64,-49,-49,-29,-29,-40,-40,-37,-37,-23,-23,-54,-54,-25,-25,-30,-30,-30,-30,-31,-31,-54,-54,-18,-18,-30,-30,-32,-24,-24,-41,-41,-26,-26,-35,-35,-52,-52,-44,-44,-26,-26,-19,-19,-35,-35,-51,-51,-51,-1,-1,-1,-27,-27,-8,-8,-29,-29,-17,-17,-37,-37,-37,-37,-41,-41,-26,-26,-17,-17,-15,-15,-22,-22,-49,-49,-48,-48,-53,-53,-57,-57,-58,-58,-33,-33,-19,-19,-34,-34,-74,-74,-39,-39,-23,-23,-23,-45,-45,-60,-60,-64,-64,-74,-74,-47,-47,-52,-52,-56,-56,-56,-53,-53,-35,-35,-42,-42,-37,-37,-57,-57,-42,-42,-53,-53,-47,-47,-41,-41,-40,-40,-43,-43,-44,-44,-38,-38,-50,-50,-53,-53,-59,-59,-49,-49,-57,-57,-38,-38,-35,-35,-42,-42,-29,-33,-33,-25,-25,-34,-34,-39,-39,-39,-39,-18,-18,-44,-44,-3,-3,-11,-11,-21
223,39.53200000000000358,-8,-49,-39,-39,-31,-15,-16,-36,-39,-39,-36,-13,-13,-41,-36,-36,-39,-38,-38,-50,-50,-27,-27,-44,10,10,-50,-50,-32,-32,-6,-6,9,9,-8,-8,-30,-30,-20,0,0,-41,-41,-17,-17,-49,-49,-45,-45,-28,-28,-39,-39,-56,-56,-32,-32,-42,-20,-54,-57,-57,-42,-42,-42,-42,-37,-37,-27,-27,-21,-21,-41,-34,-44,-21,-30,-40,-41,-41,-47,-33,-34,-34,-55,-23,-31,-27,-27,-7,-7,-40,-40,-16,-16,-26,-26,-37,-37,-31,-31,-25,-25,-60,-60,-20,-20,-1,-1,32,32,-17,-17,-27,-27,-44,-44,-25,-25,-55,-55,-62,-62,-13,-34,-34,-31,-31,-38,-38,-46,-46,-63,-63,-76,-76,-35,-35,-27,-27,-46,-46,-27,-27,-45,-45,-33,-33,-18,-18,-40,-40,-57,-57,-39,-39,-13,-13,-44,-44,-13,-13,-50,-50,-46,-46,-30,-30,-7,-7,12,12,-37,-26,-26,-21,-21,-31,-31,-43,-43,-48,-48,-42,-42,-21,-21,-33,-33,-23,-23,-46,-46,-46,-10,-10,-10,-31,-31,-23,-23,-15,-15,-15,-15,-21,-21,-42,-42,-23,-23,-13,-13,-20,-20,-12,-12,-35,-35,-40,-40,-37,-37,-46,-46,-65,-65,-46,-46,-47,-47,-62,-62,-55,-55,-44,-44,-49,-49,-45,-45,-45,-51,-51,-94,-94,-98,-98,-71,-71,-84,-84,-67,-67,-34,-34,-34,-30,-30,-39,-39,-66,-66,-53,-53,-44,-44,-49,-49,-40,-40,-46,-46,-48,-48,-47,-47,-48,-48,-60,-60,-44,-44,-47,-47,-73,-73,-30,-30,-41,-41,-33,-33,-50,-50,-42,-42,-48,-48,-65,-19,-19,-40,-40,-29,-29,-6,-6,-44,-44,-22,-22,-18,-18,-14,-14,-29,-29,-33
224,39.73199999999999932,-4,-38,-1,-1,-31,3,-6,-56,-38,-38,-16,-39,-39,-10,-23,-23,-16,4,4,-25,-25,-19,-19,-16,-3,-3,-28,-28,5,5,-3,-3,12,12,-33,-33,-15,-15,1,1,1,-35,-35,-15,-15,-38,-38,-21,-21,-46,-46,-10,-10,-58,-58,-20,-20,-30,-11,-33,-27,-27,-26,-26,-23,-23,-38,-38,-24,-24,-36,-36,-4,-8,-11,-16,-17,-34,-32,-32,-12,-42,-12,17,20,-6,-21,-12,-12,-12,-12,11,11,-27,-27,-9,-9,1,1,-60,-60,-26,-26,-39,-39,4,4,28,28,23,23,19,19,-36,-36,-58,-58,-22,-22,-42,-42,-24,-24,-5,1,1,-25,-25,-21,-21,-25,-25,-6,-6,-43,-43,-49,-49,-47,-47,-38,-38,-37,-37,-28,-28,-8,-8,-9,-9,-21,-21,-31,-31,-12,-12,-11,-11,-43,-43,-4,-4,-36,-36,-22,-22,-14,-14,-4,-4,-9,-9,-20,-19,-19,-30,-30,-20,-20,-12,-12,-5,-5,7,7,15,15,-1,-1,11,11,-2,-2,-2,1,1,1,6,6,-9,-9,-28,-28,-16,-16,-31,-31,-30,-30,-33,-33,-4,-4,2,2,3,3,-14,-14,-24,-24,-43,-43,-12,-12,-3,-3,-24,-24,-2,-2,-24,-24,-34,-34,-21,-21,-10,-10,-27,-27,-27,-31,-31,-40,-40,-42,-42,-46,-46,-56,-56,-35,-35,-31,-31,-31,-26,-26,-48,-48,-23,-23,-4,-4,-21,-21,-32,-32,-8,-8,-21,-21,-29,-29,-36,-36,-40,-40,-23,-23,-32,-32,-47,-47,-4,-4,-54,-54,-26,-26,-35,-35,-23,-23,-14,-14,4,4,-34,-4,-4,-7,-7,-12,-12,-9,-9,-22,-22,-19,-19,5,5,6,6,-28,-28,-22
225,39.93200000000000216,-15,-26,-12,-12,6,-14,14,-10,-23,-23,-11,-44,-44,0,-14,-14,7,-20,-20,-23,-23,16,16,5,14,14,-15,-15,-30,-30,-3,-3,10,10,8,8,1,1,17,-9,-9,-24,-24,-3,-3,-3,-3,-5,-5,-22,-22,-15,-15,-34,-34,-15,-15,3,-4,3,-11,-11,-19,-19,8,8,-32,-32,7,7,-17,-17,-11,19,5,15,-10,9,10,10,5,-13,-16,-8,2,-11,25,-12,-12,-28,-28,-2,-2,5,5,-45,-45,2,2,3,3,-16,-16,-8,-8,9,9,34,34,58,58,20,20,-39,-39,-15,-15,19,19,6,6,-15,-15,1,-16,-16,31,31,12,12,1,1,-17,-17,-14,-14,-17,-17,-27,-27,-24,-24,-2,-2,-32,-32,-8,-8,-8,-8,-20,-20,-9,-9,-3,-3,-34,-34,-11,-11,6,6,0,0,-14,-14,-16,-16,-1,-1,-16,-16,2,-6,-6,13,13,12,12,22,22,10,10,-1,-1,-8,-8,9,9,17,17,-8,-8,-8,12,12,12,-28,-28,-23,-23,6,6,4,4,-13,-13,-16,-16,-3,-3,4,4,9,9,-7,-7,0,0,-30,-30,-1,-1,-42,-42,-6,-6,-4,-4,-10,-10,-8,-8,7,7,-40,-40,-10,-10,-26,-26,-26,-34,-34,-32,-32,-55,-55,-20,-20,-33,-33,-19,-19,-1,-1,-1,-1,-1,-13,-13,-6,-6,-38,-38,-14,-14,-21,-21,-10,-10,-16,-16,-14,-14,-22,-22,-42,-42,-37,-37,0,0,-13,-13,-35,-35,-14,-14,-11,-11,-33,-33,-11,-11,-9,-9,1,1,0,-16,-16,-1,-1,-25,-25,-12,-12,13,13,-50,-50,-28,-28,-19,-19,3,3,-3
226,40.132000000000005,7,-8,4,4,31,2,4,9,1,1,-30,-16,-16,-9,-26,-26,-7,-14,-14,-4,-4,-14,-14,-19,10,10,5,5,-14,-14,-5,-5,6,6,-5,-5,-22,-22,-7,-3,-3,1,1,-16,-16,-21,-21,1,1,10,10,-16,-16,-22,-22,15,15,6,8,-4,-20,-20,-7,-7,-9,-9,-6,-6,-35,-35,-16,-16,-12,-27,11,-13,0,1,-44,-44,-19,1,-11,10,20,-12,-26,-5,-5,-15,-15,-1,-1,3,3,36,36,10,10,26,26,16,16,-2,-2,2,2,28,28,13,13,-5,-5,-25,-25,2,2,-6,-6,4,4,0,0,5,10,10,8,8,1,1,5,5,14,14,-30,-30,-22,-22,-20,-20,-20,-20,-27,-27,9,9,6,6,-7,-7,-62,-62,-23,-23,-26,-26,-9,-9,3,3,0,0,-26,-26,-22,-22,-1,-1,-12,-12,17,17,5,-20,-20,-5,-5,-13,-13,-13,-13,-17,-17,-16,-16,-14,-14,-5,-5,-5,-5,22,22,22,5,5,5,-15,-15,-17,-17,-1,-1,-10,-10,-11,-11,-3,-3,-20,-20,-1,-1,17,17,8,8,4,4,-13,-13,-15,-15,-15,-15,-2,-2,-9,-9,-6,-6,-33,-33,13,13,-26,-26,-23,-23,-30,-30,-30,-9,-9,-35,-35,-5,-5,5,5,-30,-30,-4,-4,-19,-19,-19,7,7,6,6,8,8,-12,-12,-9,-9,-19,-19,-12,-12,-13,-13,-9,-9,-5,-5,-28,-28,-10,-10,-14,-14,10,10,-3,-3,-3,-3,-9,-9,-11,-11,-11,-11,13,13,-10,-10,-2,-43,-43,-26,-26,-17,-17,3,3,3,3,-51,-51,-42,-42,13,13,-16,-16,-21
227,40.33200000000000074,2,-10,9,9,3,-2,8,22,10,10,25,-11,-11,14,-23,-23,-2,1,1,-13,-13,-12,-12,-3,7,7,5,5,-20,-20,-16,-16,16,16,-20,-20,-9,-9,-10,9,9,-6,-6,13,13,-24,-24,-43,-43,-13,-13,-22,-22,-31,-31,-17,-17,-17,2,-9,-25,-25,-25,-25,-23,-23,-29,-29,-3,-3,-3,-3,-11,-20,-21,-50,5,-16,-48,-48,-17,-2,-12,9,4,5,3,-16,-16,-6,-6,4,4,-28,-28,-1,-1,-27,-27,-11,-11,-8,-8,-14,-14,-11,-11,5,5,-10,-10,16,16,-18,-18,-23,-23,-7,-7,8,8,4,4,26,-29,-29,-19,-19,-3,-3,2,2,-3,-3,-3,-3,2,2,-7,-7,-16,-16,-27,-27,-18,-18,5,5,-18,-18,-26,-26,-23,-23,-32,-32,-30,-30,-9,-9,-21,-21,7,7,-24,-24,-47,-47,3,3,-20,-20,-13,7,7,-24,-24,-7,-7,-2,-2,-18,-18,-12,-12,-6,-6,-12,-12,-23,-23,3,3,3,-27,-27,-27,21,21,0,0,10,10,-8,-8,-4,-4,9,9,-24,-24,-28,-28,22,22,-5,-5,-10,-10,-32,-32,-30,-30,7,7,-9,-9,-20,-20,-27,-27,-19,-19,-45,-45,-42,-42,-10,-10,-3,-3,-3,-17,-17,-21,-21,-12,-12,3,3,-13,-13,4,4,-11,-11,-11,7,7,12,12,-11,-11,-2,-2,-34,-34,-11,-11,-13,-13,-27,-27,11,11,-13,-13,-23,-23,-12,-12,-3,-3,11,11,-32,-32,-36,-36,-29,-29,-18,-18,-1,-1,-10,-10,-23,-23,-25,-9,-9,-14,-14,-18,-18,15,15,-29,-29,-3,-3,-15,-15,-5,-5,-1,-1,32
228,40.53200000000000358,-33,16,9,9,34,23,-4,32,25,25,19,12,12,32,-19,-19,8,17,17,-11,-11,-6,-6,-11,11,11,-6,-6,15,15,-2,-2,4,4,-4,-4,-5,-5,7,-8,-8,-32,-32,2,2,-3,-3,5,5,15,15,5,5,-29,-29,-36,-36,-2,8,-14,0,0,-20,-20,0,0,1,1,-13,-13,-2,-2,26,-17,13,-14,-5,-5,-3,-3,-9,4,-31,-23,10,26,20,-1,-1,-23,-23,-25,-25,-21,-21,13,13,-12,-12,10,10,13,13,-11,-11,1,1,24,24,-6,-6,-1,-1,-4,-4,-57,-57,14,14,42,42,3,3,20,-15,-15,-9,-9,-5,-5,8,8,-4,-4,-39,-39,-11,-11,-8,-8,-3,-3,-22,-22,-20,-20,1,1,-25,-25,-21,-21,-28,-28,-3,-3,7,7,-4,-4,5,5,-10,-10,-27,-27,-8,-8,-7,-7,-19,-19,5,20,20,-18,-18,-15,-15,-9,-9,-7,-7,-2,-2,-7,-7,27,27,-2,-2,33,33,33,8,8,8,-1,-1,21,21,-33,-33,6,6,9,9,19,19,-15,-15,3,3,25,25,-1,-1,-19,-19,-3,-3,-36,-36,-3,-3,-5,-5,-1,-1,-13,-13,-2,-2,-19,-19,-22,-22,8,8,2,2,2,-34,-34,13,13,-2,-2,13,13,-28,-28,7,7,18,18,18,-10,-10,-8,-8,21,21,-3,-3,-1,-1,14,14,14,14,14,14,19,19,-20,-20,-26,-26,-26,-26,-14,-14,11,11,-3,-3,-1,-1,9,9,8,8,-1,-1,11,11,4,4,-17,-13,-13,-25,-25,0,0,10,10,3,3,-31,-31,-23,-23,10,10,-2,-2,17
229,40.73199999999999932,3,-12,15,15,22,29,27,63,-10,-10,24,33,33,5,9,9,19,15,15,16,16,-8,-8,0,18,18,-24,-24,13,13,39,39,50,50,51,51,18,18,8,7,7,7,7,30,30,8,8,1,1,11,11,22,22,23,23,4,4,46,19,14,13,13,4,4,9,9,24,24,8,8,2,2,2,14,10,4,24,1,-7,-7,-8,-7,3,-4,35,14,24,27,27,6,6,-2,-2,10,10,34,34,57,57,-12,-12,-11,-11,34,34,11,11,8,8,38,38,7,7,-31,-31,11,11,11,11,5,5,10,10,23,-3,-3,10,10,0,0,18,18,10,10,-19,-19,33,33,32,32,42,42,-8,-8,-2,-2,0,0,-8,-8,-15,-15,-14,-14,26,26,26,26,26,26,20,20,0,0,-18,-18,25,25,29,29,21,21,16,11,11,35,35,0,0,34,34,3,3,9,9,2,2,22,22,17,17,7,7,7,10,10,10,24,24,32,32,37,37,17,17,30,30,23,23,21,21,21,21,16,16,12,12,27,27,-9,-9,3,3,-12,-12,22,22,6,6,10,10,25,25,-18,-18,18,18,23,23,62,62,62,10,10,-7,-7,1,1,0,0,14,14,5,5,7,7,7,5,5,23,23,13,13,2,2,9,9,15,15,16,16,22,22,-1,-1,11,11,31,31,37,37,16,16,-8,-8,4,4,2,2,11,11,15,15,7,7,19,19,-11,-11,1,2,2,6,6,15,15,15,15,15,15,-14,-14,32,32,12,12,34,34,-2
230,40.93200000000000216,-10,29,36,36,20,5,47,58,31,31,31,3,3,32,23,23,16,33,33,22,22,32,32,25,9,9,36,36,22,22,19,19,15,15,24,24,20,20,18,16,16,17,17,29,29,26,26,27,27,53,53,41,41,13,13,36,36,42,35,16,30,30,27,27,41,41,37,37,24,24,9,9,24,5,16,23,57,43,29,29,55,15,28,27,27,24,33,22,22,16,16,-17,-17,38,38,19,19,17,17,41,41,35,35,50,50,19,19,-9,-9,20,20,18,18,10,10,11,11,14,14,44,44,28,28,24,18,18,42,42,-8,-8,3,3,18,18,12,12,8,8,27,27,30,30,53,53,9,9,2,2,32,32,21,21,25,25,29,29,-2,-2,19,19,12,12,45,45,-3,-3,3,3,19,19,11,11,50,36,36,-6,-6,28,28,44,44,2,2,20,20,28,28,21,21,40,40,39,39,39,33,33,33,56,56,50,50,19,19,49,49,27,27,-6,-6,8,8,30,30,30,30,34,34,12,12,28,28,23,23,23,23,29,29,10,10,25,25,20,20,44,44,27,27,61,61,44,44,44,46,46,19,19,5,5,30,30,-14,-14,28,28,21,21,21,33,33,38,38,35,35,25,25,30,30,36,36,23,23,32,32,41,41,25,25,40,40,30,30,33,33,21,21,42,42,35,35,25,25,41,41,10,10,19,19,9,9,18,38,38,23,23,11,11,33,33,15,15,4,4,47,47,-2,-2,21,21,31
231,41.132000000000005,18,19,42,42,35,31,1,19,42,42,15,41,41,10,43,43,54,34,34,33,33,39,39,55,10,10,3,3,47,47,37,37,19,19,6,6,9,9,35,47,47,18,18,-9,-9,32,32,30,30,48,48,39,39,46,46,19,19,35,1,41,34,34,43,43,48,48,4,4,24,24,30,30,27,29,38,55,15,47,52,52,34,18,42,31,36,49,25,27,27,16,16,7,7,4,4,28,28,36,36,23,23,28,28,38,38,19,19,10,10,32,32,18,18,25,25,20,20,28,28,56,56,23,23,19,28,28,21,21,11,11,9,9,17,17,35,35,26,26,32,32,31,31,20,20,16,16,17,17,33,33,35,35,10,10,29,29,36,36,39,39,51,51,31,31,19,19,28,28,30,30,20,20,60,51,51,27,27,31,31,51,51,20,20,34,34,28,28,35,35,37,37,9,9,9,15,15,15,19,19,10,10,28,28,52,52,42,42,42,42,43,43,32,32,8,8,-1,-1,14,14,23,23,5,5,26,26,45,45,37,37,43,43,14,14,31,31,51,51,35,35,67,67,67,15,15,30,30,53,53,26,26,4,4,33,33,17,17,17,32,32,16,16,41,41,24,24,8,8,29,29,31,31,27,27,35,35,30,30,58,58,46,46,60,60,33,33,55,55,52,52,28,28,30,30,29,29,31,31,30,30,13,49,49,22,22,46,46,28,28,30,30,60,60,14,14,32,32,38,38,11
232,41.33200000000000074,15,26,36,36,37,37,26,31,24,24,23,28,28,18,22,22,30,30,30,31,31,41,41,24,3,3,36,36,-37,-37,-2,-2,5,5,34,34,23,23,33,55,55,15,15,26,26,48,48,13,13,49,49,61,61,27,27,43,43,37,72,43,50,50,12,12,52,52,38,38,28,28,43,43,26,41,29,38,49,64,42,42,52,45,57,88,68,29,31,11,11,28,28,34,34,7,7,33,33,22,22,31,31,55,55,73,73,46,46,10,10,0,0,7,7,53,53,64,64,30,30,62,62,22,22,0,15,15,4,4,15,15,17,17,30,30,42,42,31,31,53,53,44,44,20,20,39,39,33,33,21,21,38,38,46,46,35,35,57,57,36,36,-4,-4,38,38,44,44,11,11,36,36,34,34,54,42,42,47,47,4,4,37,37,5,5,48,48,8,8,42,42,16,16,36,36,36,53,53,53,22,22,21,21,53,53,20,20,43,43,22,22,36,36,35,35,36,36,16,16,16,16,1,1,7,7,14,14,27,27,21,21,18,18,39,39,35,35,19,19,21,21,34,34,34,48,48,24,24,32,32,21,21,55,55,47,47,15,15,15,30,30,30,30,39,39,31,31,27,27,41,41,19,19,49,49,47,47,67,67,43,43,38,38,72,72,49,49,62,62,35,35,20,20,27,27,8,8,23,23,33,33,41,38,38,31,31,32,32,23,23,35,35,53,53,40,40,44,44,54,54,32
233,41.53200000000000358,14,16,26,26,56,40,52,45,26,26,33,24,24,25,32,32,22,41,41,19,19,45,45,35,12,12,5,5,24,24,3,3,1,1,28,28,-1,-1,35,50,50,43,43,24,24,31,31,44,44,30,30,64,64,45,45,41,41,6,23,35,59,59,14,14,25,25,41,41,44,44,24,24,1,22,26,24,31,24,32,32,25,8,39,62,43,49,43,33,33,-11,-11,27,27,35,35,37,37,60,60,22,22,30,30,19,19,35,35,10,10,13,13,32,32,42,42,27,27,82,82,59,59,34,34,27,39,39,41,41,17,17,7,7,41,41,43,43,57,57,53,53,51,51,56,56,17,17,28,28,46,46,24,24,49,49,38,38,17,17,36,36,23,23,31,31,29,29,27,27,21,21,41,41,28,35,35,43,43,5,5,31,31,38,38,16,16,10,10,18,18,22,22,42,42,42,31,31,31,36,36,30,30,30,30,43,43,16,16,36,36,61,61,11,11,22,22,28,28,17,17,9,9,52,52,41,41,44,44,27,27,28,28,33,33,40,40,45,45,56,56,43,43,43,31,31,50,50,85,85,64,64,22,22,14,14,48,48,48,38,38,22,22,35,35,39,39,36,36,36,36,17,17,34,34,36,36,41,41,21,21,30,30,53,53,28,28,12,12,39,39,36,36,23,23,46,46,4,4,42,42,23,35,35,21,21,22,22,36,36,13,13,41,41,15,15,36,36,16,16,41
234,41.73199999999999932,27,8,26,26,23,40,41,31,45,45,22,20,20,10,16,16,40,21,21,33,33,22,22,-16,24,24,-2,-2,-19,-19,39,39,13,13,17,17,37,37,28,26,26,5,5,24,24,2,2,12,12,-14,-14,11,11,46,46,11,11,12,30,23,17,17,48,48,22,22,22,22,11,11,22,22,7,16,23,54,27,27,19,19,38,20,45,47,52,23,11,15,15,13,13,11,11,21,21,17,17,37,37,18,18,42,42,38,38,9,9,1,1,14,14,18,18,5,5,31,31,47,47,84,84,13,13,36,32,32,14,14,8,8,18,18,32,32,19,19,24,24,26,26,92,92,52,52,-1,-1,43,43,36,36,31,31,21,21,20,20,27,27,-9,-9,14,14,41,41,26,26,28,28,-4,-4,8,8,51,37,37,12,12,26,26,38,38,21,21,28,28,4,4,3,3,24,24,27,27,27,13,13,13,40,40,16,16,42,42,26,26,45,45,36,36,20,20,41,41,9,9,14,14,30,30,42,42,34,34,43,43,11,11,18,18,22,22,38,38,41,41,22,22,46,46,33,33,33,45,45,39,39,8,8,48,48,37,37,43,43,22,22,22,21,21,32,32,35,35,25,25,39,39,23,23,27,27,35,35,28,28,32,32,12,12,46,46,40,40,17,17,10,10,42,42,37,37,61,61,23,23,24,24,20,20,30,39,39,23,23,25,25,26,26,26,26,48,48,7,7,-14,-14,26,26,20
235,41.93200000000000216,17,26,12,12,12,13,44,24,40,40,11,-9,-9,31,21,21,16,28,28,13,13,1,1,-9,20,20,-8,-8,44,44,-8,-8,3,3,21,21,2,2,23,-3,-3,-5,-5,16,16,12,12,8,8,23,23,8,8,25,25,19,19,30,-12,20,-7,-7,13,13,24,24,17,17,33,33,10,10,3,2,-4,25,7,44,-5,-5,3,13,59,4,19,3,20,29,29,9,9,49,49,10,10,-12,-12,12,12,7,7,27,27,55,55,11,11,11,11,36,36,16,16,23,23,1,1,25,25,49,49,53,53,22,19,19,25,25,23,23,28,28,39,39,28,28,7,7,13,13,21,21,41,41,26,26,27,27,35,35,23,23,32,32,5,5,27,27,21,21,24,24,28,28,8,8,21,21,16,16,43,43,-3,39,39,7,7,22,22,11,11,28,28,0,0,21,21,25,25,20,20,25,25,25,-1,-1,-1,26,26,37,37,41,41,22,22,27,27,16,16,31,31,29,29,8,8,15,15,13,13,42,42,17,17,21,21,26,26,62,62,25,25,35,35,-2,-2,47,47,16,16,23,23,23,44,44,54,54,9,9,45,45,19,19,31,31,2,2,2,15,15,18,18,34,34,20,20,10,10,18,18,32,32,23,23,6,6,-5,-5,40,40,19,19,22,22,21,21,27,27,17,17,32,32,-9,-9,25,25,7,7,1,1,23,35,35,31,31,-3,-3,34,34,10,10,-3,-3,15,15,26,26,-8,-8,22
236,42.132000000000005,18,25,13,13,12,18,18,45,-3,-3,30,20,20,46,21,21,31,23,23,6,6,4,4,23,-1,-1,41,41,-5,-5,3,3,28,28,54,54,23,23,22,9,9,29,29,48,48,38,38,9,9,18,18,14,14,31,31,32,32,11,19,-1,18,18,15,15,10,10,-15,-15,21,21,-8,-8,-6,15,6,-7,13,44,51,51,40,31,45,27,52,42,12,14,14,-8,-8,25,25,42,42,10,10,30,30,1,1,41,41,93,93,22,22,31,31,15,15,-2,-2,35,35,18,18,19,19,13,13,-11,-11,35,9,9,25,25,10,10,16,16,32,32,-3,-3,27,27,48,48,51,51,35,35,6,6,14,14,23,23,17,17,21,21,30,30,32,32,40,40,32,32,32,32,29,29,11,11,19,19,11,11,42,23,23,20,20,41,41,19,19,22,22,22,22,20,20,33,33,12,12,26,26,26,15,15,15,29,29,50,50,11,11,31,31,19,19,46,46,29,29,18,18,34,34,45,45,52,52,48,48,3,3,54,54,20,20,18,18,19,19,35,35,30,30,26,26,8,8,12,12,12,13,13,34,34,17,17,33,33,39,39,46,46,17,17,17,17,17,20,20,37,37,23,23,45,45,15,15,30,30,34,34,26,26,38,38,19,19,12,12,39,39,21,21,49,49,23,23,28,28,2,2,35,35,15,15,22,22,28,50,50,24,24,16,16,19,19,24,24,1,1,30,30,34,34,19,19,36
237,42.33200000000000074,37,45,42,42,40,48,61,35,39,39,36,39,39,50,21,21,34,26,26,32,32,38,38,56,36,36,30,30,24,24,40,40,14,14,40,40,36,36,33,15,15,15,15,22,22,33,33,9,9,29,29,23,23,43,43,40,40,24,30,21,32,32,39,39,26,26,38,38,20,20,52,52,32,12,11,20,16,71,32,32,18,10,48,38,23,48,33,33,33,41,41,30,30,33,33,35,35,12,12,55,55,59,59,61,61,50,50,25,25,8,8,25,25,43,43,20,20,60,60,31,31,12,12,32,17,17,52,52,33,33,20,20,25,25,40,40,38,38,48,48,51,51,38,38,45,45,35,35,38,38,40,40,49,49,57,57,21,21,36,36,13,13,17,17,49,49,46,46,63,63,18,18,47,19,19,17,17,14,14,5,5,46,46,37,37,38,38,34,34,29,29,32,32,32,30,30,30,33,33,21,21,17,17,34,34,67,67,31,31,26,26,27,27,38,38,38,38,43,43,6,6,17,17,40,40,27,27,27,27,21,21,45,45,30,30,18,18,10,10,28,28,28,27,27,8,8,47,47,41,41,55,55,12,12,14,14,14,13,13,31,31,26,26,31,31,24,24,31,31,29,29,30,30,41,41,32,32,24,24,31,31,41,41,31,31,38,38,62,62,15,15,13,13,45,45,39,39,21,21,53,41,41,24,24,24,24,16,16,40,40,25,25,18,18,29,29,50,50,33
238,42.53200000000000358,24,29,40,40,47,21,43,44,28,28,81,37,37,38,43,43,38,42,42,39,39,51,51,43,11,11,35,35,74,74,45,45,33,33,47,47,37,37,55,27,27,25,25,32,32,38,38,54,54,17,17,44,44,43,43,25,25,34,27,36,23,23,18,18,24,24,23,23,36,36,72,72,38,46,44,30,25,49,26,26,30,32,19,23,51,50,37,31,31,70,70,61,61,37,37,63,63,51,51,49,49,21,21,75,75,28,28,33,33,30,30,46,46,82,82,52,52,32,32,45,45,54,54,19,26,26,56,56,40,40,51,51,35,35,46,46,33,33,65,65,18,18,59,59,26,26,46,46,49,49,44,44,11,11,32,32,25,25,53,53,51,51,48,48,53,53,14,14,15,15,18,18,14,42,42,33,33,22,22,31,31,63,63,20,20,36,36,38,38,18,18,35,35,35,49,49,49,28,28,34,34,25,25,24,24,40,40,35,35,46,46,33,33,27,27,25,25,37,37,33,33,-11,-11,41,41,40,40,11,11,27,27,22,22,31,31,62,62,34,34,17,17,17,29,29,27,27,30,30,12,12,29,29,24,24,23,23,23,27,27,39,39,31,31,28,28,39,39,19,19,20,20,18,18,30,30,38,38,48,48,40,40,29,29,17,17,43,43,14,14,51,51,32,32,44,44,26,26,28,28,20,19,19,43,43,23,23,35,35,50,50,6,6,56,56,64,64,26,26,30
239,42.73199999999999932,50,63,40,40,31,11,29,39,51,51,32,39,39,49,42,42,8,30,30,38,38,29,29,53,27,27,5,5,13,13,22,22,5,5,31,31,24,24,48,-4,-4,45,45,31,31,39,39,26,26,34,34,3,3,35,35,6,6,19,26,11,15,15,34,34,13,13,22,22,49,49,26,26,31,25,24,38,35,11,28,28,26,28,28,15,18,17,36,22,22,51,51,22,22,54,54,41,41,29,29,46,46,31,31,67,67,40,40,37,37,20,20,-2,-2,36,36,44,44,32,32,35,35,58,58,22,0,0,25,25,22,22,34,34,29,29,40,40,31,31,29,29,23,23,21,21,23,23,36,36,35,35,19,19,-10,-10,45,45,12,12,17,17,30,30,3,3,41,41,6,6,30,30,1,1,21,17,17,22,22,-23,-23,22,22,32,32,25,25,20,20,17,17,9,9,17,17,17,31,31,31,22,22,3,3,13,13,26,26,24,24,24,24,27,27,28,28,15,15,36,36,16,16,46,46,9,9,15,15,4,4,41,41,22,22,29,29,20,20,12,12,31,31,15,15,15,42,42,9,9,37,37,12,12,29,29,14,14,9,9,9,27,27,29,29,14,14,23,23,28,28,13,13,20,20,17,17,8,8,6,6,56,56,23,23,23,23,35,35,47,47,20,20,24,24,27,27,38,38,10,10,21,21,30,42,42,24,24,27,27,11,11,29,29,36,36,3,3,6,6,30,30,40
240,42.93200000000000216,37,27,20,20,0,18,19,14,21,21,54,13,13,-1,51,51,9,48,48,26,26,27,27,25,16,16,19,19,23,23,7,7,3,3,18,18,24,24,8,10,10,1,1,15,15,21,21,2,2,-11,-11,22,22,11,11,16,16,-18,22,25,-6,-6,24,24,19,19,14,14,7,7,20,20,15,1,23,37,13,25,16,16,33,0,57,38,23,-19,-10,48,48,11,11,2,2,7,7,-4,-4,-8,-8,26,26,7,7,34,34,8,8,31,31,11,11,35,35,21,21,31,31,12,12,9,9,31,31,35,-2,-2,41,41,3,3,12,12,10,10,5,5,21,21,1,1,19,19,16,16,9,9,7,7,27,27,8,8,23,23,26,26,13,13,0,0,4,4,-8,-8,13,13,28,28,11,11,14,14,-3,-4,-4,8,8,-1,-1,11,11,23,23,3,3,14,14,7,7,-19,-19,1,1,1,-14,-14,-14,-19,-19,-9,-9,16,16,27,27,-3,-3,-7,-7,22,22,22,22,19,19,-2,-2,25,25,-6,-6,29,29,23,23,24,24,14,14,30,30,23,23,7,7,6,6,18,18,19,19,19,13,13,-1,-1,14,14,1,1,14,14,13,13,4,4,4,24,24,17,17,41,41,0,0,26,26,13,13,21,21,16,16,4,4,2,2,17,17,19,19,23,23,12,12,4,4,38,38,52,52,43,43,16,16,27,27,34,34,-1,-17,-17,8,8,21,21,1,1,14,14,12,12,30,30,16,16,11,11,11
241,43.132000000000005,28,-4,14,14,1,1,3,7,14,14,4,21,21,2,-4,-4,0,13,13,42,42,12,12,18,20,20,40,40,10,10,16,16,9,9,12,12,15,15,19,5,5,15,15,0,0,4,4,-5,-5,18,18,13,13,19,19,8,8,25,12,12,3,3,8,8,10,10,7,7,14,14,9,9,9,4,29,26,-5,11,26,26,-12,16,-3,-2,-11,7,-23,6,6,20,20,29,29,2,2,18,18,7,7,-10,-10,5,5,5,5,-17,-17,-3,-3,14,14,3,3,19,19,25,25,19,19,-18,-18,-30,-30,-24,27,27,25,25,17,17,21,21,-4,-4,2,2,17,17,15,15,-13,-13,4,4,13,13,-17,-17,12,12,32,32,23,23,16,16,-5,-5,-13,-13,4,4,-18,-18,1,1,8,8,21,21,12,12,1,-18,-18,12,12,4,4,4,4,20,20,-1,-1,-4,-4,7,7,5,5,17,17,17,17,17,17,8,8,5,5,27,27,20,20,11,11,5,5,9,9,38,38,36,36,26,26,27,27,9,9,22,22,3,3,11,11,19,19,14,14,23,23,-6,-6,3,3,27,27,-17,-17,-17,19,19,30,30,6,6,24,24,4,4,10,10,34,34,34,12,12,13,13,22,22,29,29,23,23,7,7,24,24,27,27,7,7,14,14,14,14,-8,-8,-15,-15,4,4,33,33,-3,-3,30,30,35,35,26,26,30,30,39,39,7,-1,-1,15,15,23,23,-10,-10,24,24,13,13,5,5,25,25,23,23,19
242,43.33200000000000074,17,6,17,17,28,18,1,26,17,17,20,4,4,-15,41,41,19,7,7,18,18,33,33,25,33,33,59,59,21,21,39,39,4,4,4,4,34,34,44,5,5,4,4,22,22,25,25,24,24,-26,-26,20,20,-2,-2,19,19,32,23,1,35,35,15,15,13,13,9,9,25,25,36,36,23,11,48,10,6,38,28,28,34,7,-15,-34,19,8,17,53,53,16,16,15,15,5,5,8,8,8,8,-9,-9,44,44,24,24,-51,-51,5,5,28,28,35,35,11,11,-1,-1,25,25,9,9,2,2,10,42,42,56,56,19,19,20,20,14,14,16,16,6,6,4,4,25,25,44,44,55,55,5,5,35,35,20,20,7,7,26,26,2,2,24,24,25,25,17,17,15,15,24,24,18,18,13,13,18,34,34,12,12,18,18,13,13,34,34,22,22,22,22,30,30,32,32,48,48,48,9,9,9,22,22,24,24,16,16,14,14,19,19,-7,-7,-9,-9,18,18,32,32,20,20,11,11,0,0,30,30,40,40,5,5,-2,-2,9,9,26,26,-10,-10,23,23,30,30,20,20,20,35,35,-6,-6,20,20,3,3,20,20,-4,-4,19,19,19,23,23,25,25,16,16,14,14,7,7,21,21,19,19,26,26,13,13,28,28,33,33,12,12,25,25,32,32,21,21,17,17,26,26,21,21,9,9,14,14,41,41,26,12,12,30,30,26,26,3,3,22,22,6,6,40,40,41,41,0,0,22
243,43.53200000000000358,38,37,51,51,16,13,15,11,9,9,-2,-2,-2,43,6,6,13,5,5,22,22,39,39,42,23,23,16,16,15,15,32,32,55,55,32,32,18,18,36,16,16,24,24,45,45,33,33,24,24,20,20,28,28,21,21,12,12,23,14,19,25,25,1,1,10,10,18,18,21,21,18,18,52,0,3,17,10,12,-4,-4,53,9,7,2,-7,13,16,34,34,16,16,47,47,39,39,21,21,12,12,10,10,7,7,29,29,9,9,18,18,63,63,38,38,33,33,34,34,32,32,5,5,-10,-10,-3,45,45,48,48,13,13,32,32,-6,-6,7,7,21,21,30,30,24,24,25,25,20,20,29,29,43,43,32,32,4,4,45,45,-10,-10,6,6,10,10,11,11,8,8,23,23,29,29,12,12,9,28,28,30,30,19,19,15,15,13,13,32,32,36,36,48,48,29,29,21,21,21,24,24,24,6,6,-12,-12,12,12,-31,-31,-9,-9,17,17,14,14,22,22,32,32,20,20,31,31,-9,-9,11,11,21,21,26,26,25,25,13,13,35,35,-19,-19,28,28,25,25,11,11,11,30,30,31,31,12,12,1,1,17,17,14,14,15,15,15,15,15,19,19,38,38,34,34,11,11,10,10,3,3,30,30,8,8,13,13,41,41,37,37,5,5,21,21,8,8,11,11,14,14,24,24,12,12,20,20,33,33,35,10,10,26,26,26,26,6,6,32,32,34,34,18,18,35,35,38,38,21
244,43.73199999999999932,32,66,20,20,6,6,-5,-4,-6,-6,15,27,27,-10,1,1,13,8,8,43,43,33,33,25,23,23,30,30,32,32,32,32,13,13,8,8,35,35,31,45,45,22,22,25,25,26,26,13,13,32,32,30,30,-3,-3,17,17,36,32,22,10,10,-4,-4,8,8,-16,-16,10,10,23,23,-6,22,17,7,2,10,23,23,20,13,12,-3,-1,8,0,-1,-1,24,24,37,37,43,43,13,13,6,6,-2,-2,26,26,14,14,-17,-17,46,46,37,37,40,40,4,4,18,18,19,19,23,23,36,36,13,9,9,18,18,28,28,24,24,17,17,24,24,8,8,44,44,12,12,8,8,-7,-7,37,37,42,42,19,19,32,32,28,28,36,36,35,35,5,5,15,15,31,31,36,36,2,2,15,15,11,27,27,30,30,41,41,16,16,-18,-18,23,23,27,27,30,30,30,30,32,32,32,20,20,20,12,12,-17,-17,8,8,43,43,-13,-13,36,36,15,15,11,11,28,28,14,14,14,14,-3,-3,-5,-5,19,19,43,43,6,6,22,22,-2,-2,12,12,-10,-10,6,6,28,28,28,13,13,-9,-9,18,18,-6,-6,18,18,1,1,27,27,27,6,6,10,10,12,12,7,7,-15,-15,-7,-7,20,20,26,26,3,3,22,22,3,3,8,8,-3,-3,20,20,4,4,24,24,15,15,45,45,25,25,48,48,4,4,18,1,1,7,7,25,25,22,22,9,9,18,18,17,17,40,40,19,19,9
245,43.93200000000000216,-17,16,16,16,4,14,15,-10,-4,-4,-2,17,17,20,-8,-8,-10,-15,-15,23,23,1,1,16,4,4,8,8,8,8,25,25,-6,-6,0,0,17,17,49,4,4,11,11,15,15,1,1,-3,-3,-10,-10,10,10,17,17,-21,-21,3,23,-6,7,7,-19,-19,18,18,3,3,-16,-16,0,0,8,24,19,5,0,2,-9,-9,6,-14,1,-10,-7,20,9,30,30,3,3,-24,-24,-8,-8,24,24,20,20,41,41,13,13,28,28,32,32,11,11,46,46,42,42,18,18,10,10,29,29,-1,-1,2,2,20,33,33,20,20,19,19,18,18,10,10,-1,-1,0,0,20,20,-5,-5,26,26,23,23,54,54,6,6,6,6,5,5,16,16,20,20,0,0,-10,-10,12,12,-16,-16,3,3,-1,-1,32,32,1,8,8,31,31,-6,-6,12,12,21,21,20,20,7,7,2,2,6,6,16,16,16,12,12,12,-4,-4,13,13,6,6,-22,-22,-13,-13,12,12,-9,-9,22,22,21,21,-6,-6,-7,-7,-9,-9,-4,-4,-2,-2,-25,-25,9,9,-8,-8,10,10,-21,-21,6,6,-1,-1,-12,-12,-12,1,1,-4,-4,8,8,17,17,-7,-7,3,3,14,14,14,8,8,5,5,-5,-5,-1,-1,-11,-11,-8,-8,-3,-3,7,7,5,5,13,13,13,13,-2,-2,-2,-2,4,4,3,3,-3,-3,29,29,28,28,19,19,1,1,30,30,-2,9,9,6,6,4,4,10,10,13,13,3,3,12,12,4,4,19,19,10
246,44.132000000000005,1,13,-1,-1,20,-10,19,13,24,24,-5,-12,-12,-27,-6,-6,6,25,25,9,9,-1,-1,6,22,22,38,38,13,13,-9,-9,7,7,24,24,2,2,-24,-22,-22,22,22,-10,-10,12,12,6,6,15,15,17,17,11,11,20,20,2,-27,-8,5,5,0,0,-14,-14,-6,-6,-12,-12,-14,-14,19,0,-7,13,-19,-15,11,11,-32,-41,-12,20,14,16,2,26,26,29,29,29,29,-19,-19,-1,-1,12,12,-19,-19,12,12,4,4,34,34,-17,-17,20,20,11,11,-9,-9,12,12,-3,-3,-27,-27,12,12,-31,7,7,-16,-16,4,4,16,16,3,3,19,19,8,8,14,14,24,24,-10,-10,-7,-7,27,27,-17,-17,-13,-13,2,2,11,11,3,3,-11,-11,-13,-13,-10,-10,21,21,-7,-7,15,15,6,6,3,-12,-12,17,17,-12,-12,-12,-12,-16,-16,-11,-11,27,27,-6,-6,-58,-58,-27,-27,-27,-8,-8,-8,2,2,-28,-28,4,4,5,5,-4,-4,6,6,26,26,12,12,-4,-4,19,19,-37,-37,-21,-21,-4,-4,-40,-40,13,13,8,8,4,4,-29,-29,-18,-18,-12,-12,17,17,-16,-16,-16,-10,-10,-4,-4,-1,-1,-14,-14,-19,-19,-12,-12,4,4,4,13,13,-5,-5,0,0,-7,-7,9,9,9,9,3,3,-14,-14,-4,-4,8,8,-5,-5,-8,-8,-4,-4,15,15,-6,-6,-19,-19,-5,-5,-18,-18,2,2,0,0,-3,-3,-6,-15,-15,10,10,-10,-10,6,6,9,9,3,3,17,17,-8,-8,-2,-2,20
247,44.33200000000000074,48,1,-15,-15,0,-15,-5,23,19,19,3,-3,-3,-6,-15,-15,9,-17,-17,6,6,3,3,-9,19,19,5,5,-2,-2,-26,-26,-14,-14,-14,-14,-3,-3,-13,15,15,-15,-15,16,16,-7,-7,-10,-10,12,12,5,5,-7,-7,2,2,-6,-4,-19,-6,-6,-7,-7,-5,-5,-2,-2,-28,-28,-3,-3,24,7,-1,-20,2,-29,-16,-16,27,-4,-5,-4,9,-4,-6,8,8,2,2,11,11,-1,-1,-3,-3,-8,-8,12,12,-13,-13,-44,-44,-13,-13,11,11,-9,-9,-7,-7,2,2,-23,-23,-12,-12,-24,-24,22,22,-8,1,1,1,1,10,10,5,5,19,19,0,0,-8,-8,2,2,18,18,-8,-8,-21,-21,-6,-6,-16,-16,-2,-2,2,2,-8,-8,-16,-16,4,4,-13,-13,-34,-34,5,5,6,6,3,3,-7,-7,-5,-2,-2,-14,-14,-10,-10,-6,-6,-5,-5,-11,-11,1,1,10,10,10,10,-14,-14,-14,-18,-18,-18,4,4,19,19,4,4,-8,-8,2,2,4,4,26,26,-7,-7,14,14,-1,-1,6,6,4,4,-10,-10,-5,-5,27,27,-5,-5,0,0,6,6,4,4,-6,-6,-9,-9,-21,-21,-21,-22,-22,13,13,14,14,-12,-12,-28,-28,4,4,3,3,3,-21,-21,-25,-25,-10,-10,-12,-12,-17,-17,-15,-15,-6,-6,-3,-3,5,5,-21,-21,-13,-13,-16,-16,19,19,4,4,5,5,22,22,-17,-17,5,5,-6,-6,-11,-11,0,0,6,-13,-13,2,2,-13,-13,23,23,-12,-12,-20,-20,-19,-19,1,1,2,2,-8
248,44.53200000000000358,6,15,-3,-3,7,-3,3,-31,9,9,2,15,15,21,22,22,8,22,22,13,13,-10,-10,-18,-15,-15,6,6,7,7,9,9,15,15,9,9,8,8,-15,-9,-9,1,1,-15,-15,1,1,-5,-5,-5,-5,11,11,20,20,10,10,10,-18,-11,-2,-2,-13,-13,-4,-4,2,2,-1,-1,-10,-10,-11,25,7,10,-2,-2,-27,-27,-4,4,-11,7,19,5,-5,-10,-10,-12,-12,30,30,9,9,15,15,-42,-42,-14,-14,0,0,-5,-5,-14,-14,16,16,0,0,8,8,13,13,-4,-4,10,10,-2,-2,8,8,-17,-3,-3,14,14,5,5,50,50,-32,-32,2,2,25,25,29,29,-17,-17,4,4,2,2,-12,-12,-21,-21,-19,-19,-27,-27,-4,-4,8,8,-5,-5,24,24,-18,-18,10,10,-6,-6,38,38,8,8,-6,-6,-6,18,18,6,6,-21,-21,-6,-6,-13,-13,1,1,11,11,-2,-2,30,30,30,3,3,3,-7,-7,23,23,-20,-20,5,5,-9,-9,-13,-13,28,28,-3,-3,-3,-3,-9,-9,-2,-2,11,11,-39,-39,5,5,5,5,-29,-29,11,11,-11,-11,5,5,9,9,-16,-16,-9,-9,-9,-13,-13,-3,-3,24,24,-13,-13,-4,-4,-12,-12,-16,-16,-16,-30,-30,-13,-13,-14,-14,-9,-9,-20,-20,-8,-8,0,0,-1,-1,-18,-18,-9,-9,13,13,-34,-34,-6,-6,0,0,12,12,-37,-37,-20,-20,-13,-13,-1,-1,-17,-17,2,2,11,-12,-12,-12,-12,10,10,6,6,-18,-18,-16,-16,0,0,-11,-11,-5,-5,-6
249,44.73199999999999932,-11,-13,23,23,16,4,9,1,-18,-18,-14,19,19,0,19,19,21,18,18,-12,-12,-3,-3,4,-2,-2,13,13,7,7,18,18,8,8,11,11,-8,-8,14,0,0,-5,-5,4,4,19,19,29,29,17,17,22,22,35,35,9,9,4,5,-12,-29,-29,-9,-9,-3,-3,-9,-9,-6,-6,-14,-14,-13,-12,24,7,4,4,-19,-19,-18,10,4,-4,15,3,-17,-22,-22,-6,-6,-30,-30,1,1,-10,-10,38,38,8,8,8,8,21,21,3,3,23,23,2,2,15,15,8,8,43,43,-8,-8,30,30,3,3,26,7,7,4,4,32,32,-3,-3,-25,-25,13,13,24,24,24,24,-9,-9,6,6,13,13,-25,-25,-13,-13,22,22,5,5,7,7,-6,-6,7,7,18,18,30,30,-20,-20,-6,-6,-36,-36,3,3,22,10,10,19,19,14,14,7,7,22,22,6,6,2,2,-4,-4,-22,-22,9,9,9,4,4,4,16,16,-8,-8,4,4,15,15,8,8,-11,-11,9,9,8,8,1,1,33,33,28,28,-14,-14,-45,-45,9,9,6,6,3,3,-13,-13,25,25,-18,-18,-17,-17,-28,-28,-6,-6,-6,-25,-25,-8,-8,-16,-16,16,16,-14,-14,-19,-19,-23,-23,-23,-8,-8,-16,-16,-6,-6,-19,-19,-23,-23,-5,-5,1,1,-9,-9,-17,-17,-4,-4,-20,-20,-6,-6,-9,-9,10,10,-35,-35,-26,-26,-14,-14,2,2,-12,-12,-1,-1,-11,-11,-6,6,6,14,14,-5,-5,21,21,-1,-1,12,12,-8,-8,0,0,31,31,12
250,44.93200000000000216,-6,-14,-5,-5,12,37,1,15,-6,-6,20,16,16,28,33,33,37,27,27,17,17,7,7,7,-12,-12,12,12,5,5,-5,-5,36,36,26,26,5,5,-16,17,17,9,9,15,15,-12,-12,1,1,26,26,-2,-2,-15,-15,19,19,20,18,0,13,13,-10,-10,11,11,9,9,9,9,6,6,26,-2,27,18,2,20,-9,-9,-1,-2,38,11,20,4,5,5,5,23,23,18,18,22,22,38,38,8,8,17,17,43,43,14,14,36,36,14,14,-10,-10,39,39,19,19,13,13,-7,-7,10,10,10,10,9,-6,-6,-23,-23,48,48,5,5,-6,-6,-4,-4,6,6,17,17,21,21,-5,-5,9,9,10,10,9,9,5,5,28,28,-2,-2,19,19,49,49,26,26,8,8,8,8,-13,-13,17,17,6,6,19,5,5,35,35,4,4,-4,-4,18,18,13,13,5,5,12,12,14,14,21,21,21,1,1,1,1,1,-2,-2,14,14,18,18,6,6,13,13,-4,-4,5,5,12,12,-26,-26,-16,-16,-14,-14,-8,-8,-4,-4,24,24,19,19,19,19,-16,-16,33,33,11,11,18,18,-10,-10,-10,-7,-7,2,2,-5,-5,-7,-7,-11,-11,7,7,-3,-3,-3,-23,-23,5,5,-3,-3,8,8,1,1,-2,-2,14,14,-3,-3,-9,-9,1,1,-24,-24,-14,-14,8,8,6,6,1,1,-17,-17,22,22,10,10,9,9,9,9,-2,-2,-5,43,43,4,4,16,16,16,16,16,16,15,15,20,20,1,1,26,26,8
