"","TRACE",1,2,3,4,5,6,7,8,9,10,11,12,13,14,15,16,17,18,19,20,21,22,23,24,25,26,27,28,29,30,31,32,33,34,35,36,37,38,39,40,41,42,43,44,45,46,47,48,49,50,51,52,53,54,55,56,57,58,59,60,61,62,63,64,65,66,67,68,69,70,71,72,73,74,75,76,77,78,79,80,81,82,83,84,85,86,87,88,89,90,91,92,93,94,95,96,97,98,99,100,101,102,103,104,105,106,107,108,109,110,111,112,113,114,115,116,117,118,119,120,121,122,123,124,125,126,127,128,129,130,131,132,133,134,135,136,137,138,139,140,141,142,143,144,145,146,147,148,149,150,151,152,153,154,155,156,157,158
"","Position (m)",0.5,0.5999999999999999778,0.6999999999999999556,0.7999999999999999334,0.8999999999999999112,0.999999999999999889,1.099999999999999867,1.199999999999999956,1.300000000000000044,1.400000000000000133,1.500000000000000222,1.600000000000000311,1.7000000000000004,1.800000000000000488,1.900000000000000577,2.000000000000000444,2.100000000000000533,2.200000000000000622,2.300000000000000711,2.400000000000000799,2.500000000000000888,2.600000000000000977,2.700000000000001066,2.800000000000001155,2.900000000000001243,3.000000000000001332,3.100000000000001421,3.20000000000000151,3.300000000000001599,3.400000000000001688,3.500000000000001776,3.600000000000001865,3.700000000000001954,3.800000000000002043,3.900000000000002132,4.000000000000001776,4.100000000000001421,4.200000000000001066,4.300000000000000711,4.400000000000000355,4.5,4.599999999999999645,4.699999999999999289,4.799999999999998934,4.899999999999998579,4.999999999999998224,5.099999999999997868,5.199999999999997513,5.299999999999997158,5.399999999999996803,5.499999999999996447,5.599999999999996092,5.699999999999995737,5.799999999999995381,5.899999999999995026,5.999999999999994671,6.099999999999994316,6.19999999999999396,6.299999999999993605,6.39999999999999325,6.499999999999992895,6.599999999999992539,6.699999999999992184,6.799999999999991829,6.899999999999991473,6.999999999999991118,7.099999999999990763,7.199999999999990408,7.299999999999990052,7.399999999999989697,7.499999999999989342,7.599999999999988987,7.699999999999988631,7.799999999999988276,7.899999999999987921,7.999999999999987566,8.09999999999998721,8.199999999999986855,8.2999999999999865,8.399999999999986144,8.499999999999985789,8.599999999999985434,8.699999999999985079,8.799999999999984723,8.899999999999984368,8.999999999999984013,9.099999999999983658,9.199999999999983302,9.299999999999982947,9.399999999999982592,9.499999999999982236,9.599999999999981881,9.699999999999981526,9.799999999999981171,9.899999999999980815,9.99999999999998046,10.0999999999999801,10.19999999999997975,10.29999999999997939,10.39999999999997904,10.49999999999997868,10.59999999999997833,10.69999999999997797,10.79999999999997762,10.89999999999997726,10.99999999999997691,11.09999999999997655,11.1999999999999762,11.29999999999997584,11.39999999999997549,11.49999999999997513,11.59999999999997478,11.69999999999997442,11.79999999999997407,11.89999999999997371,11.99999999999997335,12.099999999999973,12.19999999999997264,12.29999999999997229,12.39999999999997193,12.49999999999997158,12.59999999999997122,12.69999999999997087,12.79999999999997051,12.89999999999997016,12.9999999999999698,13.09999999999996945,13.19999999999996909,13.29999999999996874,13.39999999999996838,13.49999999999996803,13.59999999999996767,13.69999999999996732,13.79999999999996696,13.8999999999999666,13.99999999999996625,14.09999999999996589,14.19999999999996554,14.29999999999996518,14.39999999999996483,14.49999999999996447,14.59999999999996412,14.69999999999996376,14.79999999999996341,14.89999999999996305,14.9999999999999627,15.09999999999996234,15.19999999999996199,15.29999999999996163,15.39999999999996128,15.49999999999996092,15.59999999999996056,15.69999999999996021,15.79999999999995985,15.8999999999999595,15.99999999999995914,16.09999999999995879,16.19999999999996021
"Point","Time (ns)"
1,0,-381,652,-662,1085,-290,-227,-1141,630,-318,707,123,-30,871,-187,-1057,-811,-1559,-385,705,576,1566,-1133,-1359,428,-779,169,421,537,-36,-27,-488,666,74,-833,1039,-1955,-628,-838,-359,-107,429,-801,222,1461,434,1422,-103,208,154,234,993,-706,-595,223,-331,669,-492,-25,-519,11,973,258,-386,151,262,24,-214,-510,-580,-430,132,1005,-583,-527,277,1510,432,-1272,-1987,-1325,-952,938,-967,185,583,252,-50,-876,-51,-1967,-124,-304,-587,-640,1101,258,187,-1962,816,1991,645,-332,-121,-946,112,-146,195,-240,479,-41,-662,-660,-99,-879,-100,-443,81,-472,476,1546,-977,-1034,254,476,-714,-1445,-1298,708,937,-5,-596,-311,932,543,-681,437,-631,728,-72,-1358,-63,181,71,-1802,-241,242,-816,-691,-839,137,-465,587,-2610,-854,1072,309,-1022,-1717
2,0.4000000000000000222,-328,-232,423,-265,-382,758,-464,301,-390,-247,-1112,348,653,-1778,254,789,461,-115,-243,828,596,289,-1217,-109,266,-897,-468,-406,41,-1563,915,652,391,916,1728,516,-195,-286,-357,542,425,-254,-133,-203,-798,987,29,219,-1368,-507,-489,-717,395,-852,327,724,-101,-463,-921,1264,559,-441,938,257,-353,-242,-851,-212,-149,354,66,370,-1583,65,-474,-404,-1088,-564,-1292,-1232,76,666,-240,278,-121,-903,801,-340,-175,165,-248,369,-53,226,-512,434,-631,-437,-1101,-1010,-816,-346,1149,438,888,277,4553,-240,-290,-577,-35,-712,943,683,-546,54,-3,-370,1397,833,-1427,-556,-586,-931,439,-856,-966,654,-1155,-282,294,52,177,104,-54,83,63,1018,-683,1105,-184,-761,286,510,-17,-949,1300,-748,81,564,-1723,-269,-168,-126,-72,-30,1552,-930
3,0.8000000000000000444,81,-600,-679,326,131,-1030,-590,368,-714,582,193,-153,-1316,-356,-232,483,-656,238,-276,-55,447,149,801,-661,-1271,-17,628,590,-246,-172,-144,1002,-27,-442,502,591,90,798,-218,-881,-779,-217,-3,59,1510,-99,-175,358,492,-1,-34,23,314,-687,-33,-41,-1777,-1083,53,-477,40,826,204,353,-139,295,310,238,-494,-237,-12,-905,8,332,1152,857,-243,-536,-39,-682,-1193,16,399,447,-246,-341,32,-1280,245,-1175,-985,-409,-23,533,-71,557,-44,-1279,84,-18,-629,93,1315,-601,208,261,1239,503,294,-228,-1942,203,-546,412,-395,-1451,-212,713,753,891,1116,351,-1069,-1161,-703,137,-2224,-1266,-828,83,-470,-229,-472,-847,-249,596,734,594,612,389,-348,-1252,-998,-700,-195,1740,-1022,-817,11,-857,-372,-870,-652,2762,-947,681,374,-748
4,1.200000000000000178,1228,40,-19,-210,242,247,-576,469,-92,-624,1333,-62,2,410,-634,158,-446,-502,52,-626,-465,142,-43,-814,535,560,169,-436,506,54,-604,1507,-328,1078,-601,722,219,315,-553,-331,22,-292,-667,695,378,644,-323,761,131,-974,-349,629,-806,-229,201,-468,33,-1148,864,1140,-295,-746,-859,-195,-58,-165,632,-529,19,103,269,-1380,-805,-389,491,799,-11,0,1307,-42,-726,-246,309,-531,-307,113,-120,-844,-450,-426,-675,-138,918,610,502,-1471,149,1213,-970,-865,367,-1431,-513,511,244,661,-335,1177,95,-929,-713,938,41,674,799,-100,50,6,-874,234,-184,-1352,480,-671,185,732,-459,-1438,-394,-3,-242,-523,-236,81,247,-792,-389,43,1654,-495,542,-408,-491,-1316,-92,-102,-199,-1153,951,-1228,-631,446,-808,-255,195,1071,1771,387
5,1.600000000000000089,206,-1384,-944,137,-337,-1040,149,-99,-541,-819,-462,125,340,-70,419,993,-990,229,1304,-567,-636,525,-7,331,639,955,-331,1407,-789,-574,-539,477,473,-680,-471,-176,1388,-593,-869,-420,-101,1057,-468,-153,-734,-603,1,-1053,-737,-763,398,143,-401,-465,20,-46,567,460,103,697,-86,7,386,-400,43,743,-250,-1492,-190,-397,-327,-572,-1371,-829,-753,-246,-158,-986,-1402,-225,-351,19,375,-796,530,-1440,327,-678,-46,461,478,-371,766,-639,201,-623,44,92,-506,-172,1115,-238,-237,-168,-358,-2404,-1005,210,1,1008,252,979,139,-781,-1266,-483,-647,-501,444,1475,628,-181,-1507,1346,52,-185,-1687,552,-612,-404,470,-387,-594,-327,1138,-993,515,157,-386,-356,-87,-324,478,-1141,-1186,-451,76,-229,-469,-2107,1119,-569,1049,-2509,-2169,-392,359,1465
6,2,178,-29,-1378,-838,188,-1630,556,-226,415,1310,-365,631,338,-768,-181,1070,686,-169,-788,-719,732,-822,-313,749,85,-129,-988,-149,-360,-714,708,-14,-171,-437,945,-1101,1275,-872,250,659,452,-525,-1022,660,112,-1034,909,-1221,974,-625,-181,-510,-463,-720,-1027,-340,1329,-1348,177,-226,-1118,-1777,-113,-1016,-1221,328,-35,-267,-279,50,-633,-101,-286,-897,-599,83,349,-567,-144,72,739,1187,-41,-771,-140,-872,-293,182,-253,692,465,-695,910,916,-691,-30,56,-121,677,-1112,245,-524,90,-919,-758,1876,-700,-2404,281,-276,-723,-41,558,-22,218,706,-649,48,-345,-15,-250,586,-525,1672,-646,-1618,-151,-47,433,219,841,601,588,637,-647,-471,-397,262,-981,-466,-122,61,1663,-147,-108,-1621,-299,123,-1304,509,-971,671,-2324,1125,-118,-319,-355,-381
7,2.400000000000000355,-461,-162,-321,-137,-129,50,245,187,-1038,1648,1179,-612,-613,609,-169,1199,690,-595,96,-228,-140,-213,-259,101,-98,119,1071,1246,-815,-264,8,212,-249,437,646,919,496,580,867,332,-966,91,444,-142,1539,834,-215,112,1009,-503,800,-1001,-97,-959,732,-989,726,-802,-575,-723,-203,668,-866,-501,-494,-272,-980,130,719,-400,25,-425,-436,-1393,148,385,808,142,-303,-501,-281,-125,237,-71,-651,-118,508,244,-814,-208,125,333,135,-789,-1278,-782,-19,-375,-437,290,1412,-549,-531,-602,-931,182,1007,-14,537,-349,-656,902,-27,441,-43,-70,-1053,-58,930,-356,-1429,-336,-1071,-378,-1239,64,-48,889,-399,-923,82,507,-814,-563,393,-144,-333,771,374,-126,633,-783,-441,360,198,-1111,-1034,-1420,-1036,685,-1212,-80,1826,924,-933,1234,-1984,-589
8,2.800000000000000266,671,1179,-515,863,-405,-489,862,-307,-669,-1569,122,-750,812,454,-133,-946,-291,596,26,243,-1312,-747,118,1208,-580,-1152,-194,-207,-218,293,-1049,15,246,654,-25,890,-1011,-755,-249,-811,936,-69,-586,-1177,-504,1046,-126,552,706,-471,981,774,7,12,897,-67,-158,1155,-434,-209,52,915,788,-573,-454,231,69,428,-951,362,26,994,-93,706,-346,1104,177,-63,1597,-431,1380,817,-711,527,322,-1107,232,-347,290,374,-648,-9,-1163,-612,17,-444,-48,-100,195,-102,1123,-109,1590,-585,1927,303,159,-672,391,-179,-690,46,402,-504,157,-3,-480,308,-296,181,326,-1208,344,344,54,-2939,-1554,-67,-411,-293,-519,-333,443,658,-1003,-715,67,-115,221,-827,-622,-622,424,-1278,-115,961,-667,-2914,587,-3,525,-717,931,-1783,-478,-33,-919,741
9,3.200000000000000178,666,-294,629,-742,-262,381,174,-241,65,-206,234,-1376,-1075,-186,2003,8,-1894,333,1032,-257,285,-1111,374,-191,66,33,-451,-689,-310,-1618,44,-609,630,-1418,-1803,-1230,-978,655,-554,-114,-276,-899,321,-102,44,-690,215,-396,-67,-370,24,98,-351,-277,632,932,-438,-962,117,-123,33,-1286,824,-1809,691,-89,-407,-385,504,386,610,620,851,418,606,1247,527,-579,-1217,-887,-467,213,-605,-404,-55,-1071,564,296,-52,926,93,-993,1639,127,1731,518,495,251,-100,-219,1209,-597,817,1286,549,-864,-213,648,-1170,599,203,135,653,529,155,746,-683,-911,-582,-621,-746,984,-540,877,466,279,286,-1026,-917,-214,61,274,-951,-552,47,338,-226,378,-2222,-1032,108,505,-1070,720,-1063,-622,1221,-1230,637,125,-21,543,-156,-1607,436,-1947,96,1405
10,3.600000000000000089,386,210,515,120,1156,538,-884,1671,602,874,-537,635,109,246,1355,-717,-113,-661,621,594,-396,-251,-1361,678,91,-76,544,-192,196,-1059,-447,2,111,-1360,-55,-485,301,513,-619,-782,679,159,-278,-844,-651,-100,407,-790,1023,-306,-274,-258,-128,157,396,5,241,147,-535,-837,-1378,-330,-278,488,-1124,87,303,-459,-403,235,-1623,142,1208,291,88,-789,400,1817,-1283,-1280,-295,195,-887,327,566,1876,-243,-162,-193,250,145,-355,-7,-1211,-61,-57,686,-657,-521,-514,-2024,251,597,-1255,-786,880,754,614,366,-769,-214,807,376,-1814,612,-975,-569,-219,1096,-1662,-186,-1062,-692,380,-519,615,-298,-1411,470,-543,993,178,-165,330,339,-566,665,-722,958,-18,-361,-1899,724,126,1413,-853,-95,195,-183,786,-2091,-532,1304,-255,-164,274,-926,1133
11,4,312,830,-231,293,301,107,-1702,-984,36,-293,-356,508,-705,-865,51,282,96,117,-306,-276,80,-29,-31,2510,-420,1101,326,-493,232,1555,-373,267,912,1763,56,129,167,151,345,-587,573,-582,531,-177,621,-884,992,175,-1032,287,-531,1636,-111,737,-304,-233,1513,-782,-325,-1137,-311,-1615,-576,-209,265,141,6,-98,129,-187,1326,-432,-691,666,-331,-37,-1138,1105,347,228,288,83,1045,-1344,367,-41,-22,-94,-31,592,-477,-719,-1029,-971,-745,-1585,-707,445,579,855,202,3,-248,-235,-1224,35,892,-1262,563,118,-422,102,1020,-501,-229,-270,-394,238,-1329,14,-600,93,-723,883,-495,-132,788,-1455,-439,822,-116,-130,-506,-1018,340,579,519,-101,-1138,-497,1024,-41,317,-400,336,18,-565,436,-533,-739,-1913,409,109,500,122,-340,-775,900
12,4.400000000000000355,-473,502,-63,280,-917,595,1360,-585,-801,-482,637,-47,-1271,-312,57,-243,105,987,259,295,-687,-1444,-1027,-1635,610,1173,-776,-14,342,1259,-80,765,838,1609,-108,-122,-744,-448,-585,66,-295,-14,-148,883,165,-360,118,561,-592,-157,-768,-835,-243,-851,177,-295,455,-413,-79,6,330,356,1805,-943,-2,623,-85,454,832,893,1955,-370,115,-84,781,899,-164,128,-847,-32,428,-194,-218,126,-1988,-145,649,570,-647,177,-108,-117,1366,-416,-763,679,565,864,355,39,325,-389,727,287,711,604,1035,282,-293,-1013,162,244,-218,-856,-144,-993,-744,-207,515,-298,-1234,996,54,973,-770,-285,-1496,-1270,657,426,67,-533,-237,-373,-262,-568,770,373,-174,-344,-794,-759,-174,656,917,19,-233,128,1788,120,-616,200,135,632,-72,481,-535,-652
13,4.800000000000000711,93,-233,430,97,-279,-124,477,798,-1869,843,-157,80,-612,1084,-902,594,-176,939,852,79,-154,-165,-949,-764,-709,-900,225,1004,384,-888,405,-378,-1439,-1786,605,55,-1335,-338,-246,-1069,224,-366,138,1222,-200,326,-563,121,201,-288,-449,-63,-706,713,-1230,159,-426,176,120,539,-96,-494,395,115,269,28,716,137,-707,271,-281,-230,952,1156,-959,-572,462,-62,-129,893,-801,-430,-826,-42,-1350,-348,-718,-190,-602,99,-236,-456,-886,-615,1594,-157,-277,403,-116,2091,-507,-924,532,-1111,-109,-1300,-161,538,-114,1740,-118,-1225,756,-792,-166,-262,-630,-283,589,841,-818,846,-146,216,1111,-529,-403,-144,-831,-559,41,-1364,153,-529,138,-280,-994,-1187,719,-877,901,-777,-369,85,-1372,-1088,-975,295,-958,367,-2613,653,415,139,-360,938,411,150
14,5.200000000000000178,253,664,565,711,192,84,-121,-113,273,255,156,591,-920,109,-1022,442,817,-64,-99,1110,-445,1201,1076,1293,-184,433,-655,-346,-172,-179,-153,1073,997,-176,428,278,547,-389,447,-432,371,-267,277,588,-874,288,-1376,32,-101,-253,-1060,-524,-32,628,64,110,-227,-652,-853,-259,-30,364,90,190,653,-1111,-290,-313,333,-324,1263,-146,26,-299,-261,760,463,-502,1891,1537,-203,637,-351,132,-475,-458,-235,-380,-781,581,572,-130,84,-754,-818,636,-270,-930,-1650,-632,99,-271,-1103,411,536,-939,-913,642,-742,174,-487,-350,15,-380,-81,-238,-433,83,-867,-1387,732,-219,-1398,344,769,-365,289,441,682,779,269,519,545,-43,-61,-780,1078,74,1464,108,-1012,147,377,415,1431,-761,-1097,-1164,-446,-161,771,-1794,-705,-139,451,-444,802,-1094
15,5.600000000000000533,966,-627,-105,425,83,-1386,71,538,-123,-598,-394,127,311,-247,601,1184,-928,-703,1866,-868,-9,736,1052,176,-917,258,-342,345,134,-153,-28,667,198,-567,312,-236,86,193,200,-793,-488,604,175,136,-476,-696,789,-958,-107,149,-345,-329,-513,-131,-903,354,-793,353,-204,518,78,727,1643,-663,-923,-852,199,-405,-1289,492,458,-543,865,-17,777,-1346,397,-1492,649,385,821,-72,448,-95,575,-192,-489,-165,-1108,-585,591,-215,566,-18,375,236,1057,338,-1701,-950,1381,-119,-1324,-1656,-931,-214,1208,577,425,162,380,-122,161,483,-1370,411,-9,2,-148,78,1014,752,444,58,-771,62,-552,-82,-37,106,-420,1469,347,-370,-761,796,285,-267,-713,-1489,1193,-199,772,-498,-602,-669,1780,-1052,-1419,326,211,583,1250,263,-113,-1061,49,-269
16,6,-217,1412,-636,-315,-430,-235,-1623,764,417,-549,-344,-398,-236,354,-350,1168,-642,-165,-1547,-965,74,-371,-438,-476,-778,-571,1145,346,-446,445,-571,86,-313,1243,-39,-21,48,-143,120,1141,-451,1392,-177,-353,429,500,-197,-25,312,-537,198,-101,517,554,-98,-149,-168,-671,850,824,752,654,-631,148,-363,263,-122,-239,-982,-331,-23,-57,-2343,605,-1099,-97,419,-262,129,-1238,-126,53,136,315,-1020,-649,-577,-236,372,-235,128,-697,-382,1753,309,-511,-459,-521,-762,-228,895,277,171,502,1103,951,-920,126,-510,445,-463,29,-664,-458,-821,97,-364,-866,499,-40,1105,-887,-422,-1532,1046,-320,-432,-20,-42,266,-85,-413,-32,827,772,-248,-695,-683,673,96,-382,335,-626,-214,-524,313,-1211,243,316,123,-565,-360,-689,278,530,-1230,-127,321
17,6.400000000000000355,527,-41,151,-571,-1025,829,62,487,38,1864,-638,-35,316,39,328,-638,-93,73,976,461,1117,-1838,-596,572,419,-1370,-322,344,-288,-284,265,-421,-1254,-165,-897,-287,742,-1361,908,-647,571,1179,202,-711,896,-678,1305,188,-530,214,495,109,63,-562,-15,-1206,-749,-577,204,1530,-1292,-590,-497,479,-1253,-573,729,-778,36,5,75,781,40,-884,545,242,-1092,-850,728,-2415,894,688,184,-881,-81,490,-309,-374,-351,308,-583,-403,-532,-831,-933,-247,-598,-88,512,-499,-738,964,706,-254,52,-429,454,-1238,385,-917,241,411,655,-1412,-255,-1331,-481,-126,-102,169,147,21,-870,459,-92,1019,-900,1239,1227,-235,-308,-567,-1089,-611,-361,-674,-469,-178,-60,-864,-409,-808,1456,762,497,-450,-971,-333,-1387,371,-1665,788,-568,-1254,154,1627,1914,121
18,6.800000000000000711,89,-1004,496,209,315,1130,1225,-453,317,-332,321,-1034,-535,368,26,357,276,614,-100,789,150,-207,-933,-605,673,-374,-1237,670,-150,810,-1004,-578,-1513,-535,-629,-536,-657,109,-1491,464,-662,663,118,-1319,302,-2248,830,-551,398,-609,-637,164,163,507,245,-1216,-378,1064,-1052,-725,-430,-1294,34,439,-442,463,-211,294,-893,262,-330,-1504,544,-508,635,-1665,677,-1557,-251,-1063,-266,863,826,-368,-988,435,251,842,316,537,114,-486,-1223,893,1048,1630,173,-312,-385,311,-158,-68,19,180,405,-301,-1217,428,1063,-55,-89,-154,79,165,-1647,-395,-797,-595,396,-750,786,144,1309,-878,891,-1211,-53,100,-261,-124,1199,97,-774,535,1429,-487,344,-132,198,606,927,-1270,745,-375,-1117,867,1250,75,-1371,1062,1131,-743,-1422,1000,-7,-87,-721,-1335
19,7.200000000000000178,-823,-139,1107,458,-284,-564,-616,2541,-672,-362,-686,-521,-381,-348,-10,-841,-413,383,1266,-407,716,-22,-50,-522,92,-424,768,312,766,412,1836,-273,-123,1823,1344,-102,761,-18,305,-301,-587,621,-258,298,-967,2398,-220,173,249,-410,-48,-1080,-103,-1171,-794,651,-526,-1646,-989,-49,-1131,346,-91,-1004,696,-395,160,230,618,-310,-497,-470,-100,-42,-1032,86,832,-153,-81,159,-369,-693,403,-524,710,-16,-238,-554,680,425,463,641,655,-140,162,637,688,-534,-727,-442,1386,1345,-535,995,-1603,-4008,-382,541,-568,-170,665,297,-830,-309,254,396,-947,863,505,-625,291,-931,-1171,-812,-1461,-1111,97,261,629,-1264,-472,589,-1157,-693,-222,339,-266,47,-723,156,-439,267,166,-904,-864,-503,1375,-316,2139,2327,2120,1002,225,-917,-645,990,-1061,740
20,7.600000000000000533,-23,-493,1129,43,-1600,333,-200,-2043,180,275,-148,-526,181,1262,-856,-808,90,526,288,-437,1038,-152,-351,-128,259,912,102,-985,380,22,554,-323,-65,1064,634,-844,-310,99,-403,271,937,-188,448,-645,-570,-571,160,466,243,-598,37,139,-446,-49,-835,-1158,143,1248,-160,-295,-265,-481,1047,-792,-84,-672,-376,-472,-1501,-1211,-187,-365,-358,976,-258,-434,-291,-1432,-418,-296,273,-162,360,-547,-144,-890,404,-89,-310,-797,863,-261,-501,-640,-530,-186,-90,-154,-395,216,-585,-1901,-204,-559,1424,-162,223,-404,-257,-1161,360,58,-541,-759,403,-1061,-636,-279,179,-483,-1389,-208,940,686,-1142,-349,493,-23,-768,225,393,358,-51,-352,-18,470,-1175,-325,-115,99,-1705,-339,111,268,1022,-549,-2076,-554,374,-240,-207,-494,67,-1318,-1319,-1372,1131,1659
21,8,-257,-635,-21,41,-516,-1182,-462,1495,-35,-1374,-1068,804,-154,728,-551,199,-158,-243,796,-832,1340,38,265,796,-687,-1074,133,-335,-304,-343,534,676,920,-399,-1194,-751,842,200,-47,-185,101,-305,-269,183,293,478,124,-466,30,-684,-195,-544,54,2131,8,1093,-316,-336,-392,964,-377,157,302,-848,636,-225,-33,-192,499,146,202,294,-948,-239,649,-837,-1153,-360,68,-857,115,-28,337,316,394,-217,-1017,7,-192,569,-906,614,389,167,24,-147,-582,-360,142,315,84,-397,-171,730,-1329,-612,334,-922,565,-165,388,-64,-619,29,1139,-720,-907,-934,-158,67,440,732,854,400,-1744,-691,-1025,378,140,434,-69,-289,-541,-789,-113,-1073,-648,-1111,201,-259,-468,1047,-549,4,-67,1122,-1650,-1222,126,-290,-221,-511,-741,974,-1099,660,-317,2861
22,8.400000000000000355,317,220,-594,-31,59,110,-802,195,172,-529,-743,-1055,-1005,102,465,342,112,70,-999,38,-45,949,373,-228,144,1831,-255,513,-689,-629,-812,850,153,482,-428,646,-680,146,411,-351,-8,647,-1145,30,-689,974,945,1086,-726,-1458,-163,-185,536,-53,473,887,-551,-296,-808,61,205,-1035,506,-261,-1225,-656,1237,-719,245,-956,34,125,-291,-1772,304,417,-621,1016,760,-166,-332,613,401,-782,-289,-619,254,-966,833,73,529,-362,-411,-391,-375,-214,-853,430,722,-760,-902,-12,75,647,266,466,-274,266,-2093,-226,-1367,-896,-1160,-411,-649,-1058,-32,432,424,-112,-716,-298,191,-683,399,-1202,-918,-874,-1543,67,-491,891,-414,7,38,361,528,218,-642,-1544,571,-1294,296,800,-788,-113,366,112,1157,-348,872,-95,421,-2410,-1806,-164,22,982
23,8.800000000000000711,-983,-805,-888,28,-314,84,636,388,445,112,-475,-146,-479,-162,-728,-336,-508,-1861,-738,279,722,1007,716,246,-915,-804,276,-523,715,-226,-219,-307,-689,-359,-687,663,-145,-868,-334,-506,-357,-555,-446,-948,757,-808,555,592,-448,-132,-709,-656,685,19,-204,-759,-238,-200,232,-865,-537,-342,-1684,470,-264,-597,-403,266,-535,-318,-295,-679,-629,-894,658,-111,-236,1037,454,-660,1931,-264,322,757,-765,50,-393,134,-517,-401,-42,96,650,286,600,-61,926,30,3,393,815,-238,-867,-1046,-1770,-481,-49,-559,441,730,464,424,598,52,398,351,-1157,-513,-913,-496,463,1597,-911,-532,-364,-1124,819,1101,221,-154,-397,114,-2198,-53,1,-145,-844,-141,-1785,-374,182,-543,-665,-332,649,-385,-1027,-1112,-1140,131,-543,113,-616,-1430,-51,114,-224,-1326
24,9.200000000000001066,-380,454,754,536,-888,941,-103,-539,239,190,-707,796,-638,124,-1117,-810,-1740,14,-53,-539,-373,-1651,-7,-17,97,174,-434,-12,428,-528,-608,-1010,-506,562,266,-763,-746,-119,-5,245,487,358,-374,574,-336,417,-895,-971,-942,380,318,736,1408,-46,-120,251,-864,192,-171,-238,-242,-570,258,203,268,-780,-69,813,1138,-106,1513,859,300,-710,-942,475,297,41,-158,228,-1084,29,-64,-487,82,1,-428,-872,258,-265,-77,271,-1702,-384,32,-2005,-146,1189,-684,-1104,162,-143,86,657,1728,-888,-54,473,-480,-239,855,476,-933,-969,-756,340,-444,-351,-472,-69,-354,271,-213,-637,461,305,279,700,-679,334,-805,388,-201,-519,565,-291,394,-713,-363,-864,-796,13,312,77,50,853,89,440,1297,976,1670,710,129,239,-360,974,-287,950
25,9.600000000000001421,-311,392,-718,-562,-545,352,405,707,70,-566,534,-468,1515,-274,627,691,0,-620,-125,-1454,-317,-959,-451,-1864,224,477,252,-716,-95,233,-957,-234,-357,-690,-496,49,-404,763,239,448,-1249,104,-674,548,231,-670,-1152,394,-273,85,-906,-160,-349,-1249,177,55,-303,-736,106,-1214,1257,-698,-305,-923,522,-238,-274,-138,-405,319,-399,183,-486,-1476,605,364,452,-1015,-1722,710,39,-911,-155,-361,-12,821,-57,108,-78,-229,-660,-97,-43,-1106,-917,1173,-56,-611,-1551,420,-841,-1512,-212,-2495,-1343,1014,-756,-1048,-190,446,-206,-395,-684,131,207,1358,-63,-1147,-1057,176,999,370,-1315,1067,248,-487,-36,-56,326,-475,-1777,-741,672,-570,206,-521,-259,-712,-3,177,-1559,426,46,-141,236,-1961,-529,482,690,-973,-920,-1374,-220,1202,-398,-776,-2588,991
26,10,252,1073,-767,-160,938,39,966,916,76,-351,-442,251,450,-51,-924,56,-515,-934,410,-1212,125,-215,265,-673,-546,-235,-27,-1001,-488,-884,728,-112,635,-481,-520,-306,299,1062,807,-1157,-105,223,248,38,-84,-83,434,-909,-111,-665,-546,-167,-278,101,79,-804,-1290,-1294,973,-222,93,442,97,-94,540,774,-51,-497,-554,-327,-848,-455,134,306,-737,-117,1493,885,-153,-850,-1033,209,-388,-102,-643,733,-532,297,162,-315,273,600,560,-616,-978,-64,-283,198,-1007,362,-459,223,-434,1039,657,-699,219,20,219,22,255,-695,167,0,221,-659,-425,460,-385,-1375,-1641,-2111,-439,-347,-1580,395,-789,1347,-749,1135,-202,-195,630,579,-375,591,-165,80,-1565,264,-880,-38,-156,894,776,-516,986,-342,698,2020,1185,-689,132,-836,-143,584,-121,-16
27,10.40000000000000036,-36,432,792,808,52,-1416,-1102,107,-459,149,41,1215,1167,-204,55,1219,453,1522,80,72,-398,230,732,-943,689,-202,118,-798,1038,-242,256,366,425,-6,-517,717,-136,-963,118,530,-740,-157,-510,-133,194,-149,-693,1484,-235,-399,137,417,85,-409,-190,-5,-835,-907,-343,-606,223,96,184,-424,560,-237,-591,-719,976,-199,550,-200,-3139,-785,308,-1087,-563,97,-1135,-960,-183,-203,-1621,-93,231,207,352,-646,207,-837,-847,-888,96,-534,-356,395,-1125,-336,-47,0,858,-209,-405,613,391,-572,-1910,-658,84,-513,15,165,1089,501,-1269,595,491,21,1094,-605,1794,-566,-195,-726,-561,1005,357,-1357,-588,1168,-1625,-259,913,-1670,-261,476,-571,205,-346,-283,-283,3283,463,463,126,544,1479,-829,-123,1338,-662,-3540,663,290,-913,-888,-591,-74
28,10.80000000000000071,-406,-542,-1030,-71,-240,-1304,-409,1113,-600,-848,-773,14,1058,-369,41,-1315,-823,776,-932,-58,142,623,200,-1000,-699,1363,-297,-1042,3,-1076,60,51,-202,289,-1768,-299,-444,-271,-635,-812,-360,-495,309,-717,-382,-304,76,-1043,621,-960,65,-928,100,185,173,720,164,-581,-287,-792,-489,-709,491,-268,22,-1073,362,-766,795,-217,207,869,450,-506,-20,883,-460,403,853,-1249,-448,-1111,222,507,635,-769,443,-480,1003,-903,-705,1473,5,-438,-974,-371,-733,693,2396,118,173,37,-653,634,940,-714,-388,925,-106,1167,166,392,50,-553,-1103,-1053,483,-1516,657,484,931,452,-193,-113,512,650,197,1047,-2985,-235,-295,35,556,-305,-1,-550,-71,-201,-160,-1173,836,150,-1965,-511,-1005,-260,-1294,567,-1759,-153,425,-2461,617,277,-1532,143,-1058,458
29,11.20000000000000107,-686,-590,-219,-93,848,273,774,216,180,334,559,684,444,187,430,-894,-121,-174,151,360,388,222,-16,-1170,147,1232,-938,352,286,-889,-77,-69,-840,898,593,-695,15,166,72,-141,-54,36,191,-436,-728,863,250,-449,-1390,180,542,-818,55,-256,-172,-371,40,1197,145,-853,823,-901,-695,316,-1081,-91,593,301,-627,-793,897,1066,132,40,70,-1368,139,673,66,-1548,-1615,-466,-1068,332,386,-492,294,922,-849,123,322,-398,-537,605,654,483,-389,498,-1375,-1485,1066,109,170,207,494,-518,879,298,1178,65,170,-433,-39,854,752,-451,-466,61,-292,-642,-890,878,129,249,-856,-915,-435,-176,-758,-66,1135,867,-118,477,-14,-524,577,-206,-135,764,1334,-670,-502,60,-465,-593,-735,623,-312,459,79,706,336,1563,-519,-634,-911,157
30,11.60000000000000142,408,329,-808,-580,-30,-180,279,497,-333,681,90,-905,1162,127,59,1927,387,-321,-391,253,-635,-86,-474,393,-385,-952,48,-463,522,172,-281,-909,19,185,-9,-1242,340,-27,-154,274,-797,104,67,-453,337,-404,268,750,522,-165,-271,-704,18,-62,570,161,-682,-418,-1907,-190,-704,469,318,721,210,-20,-78,-146,1422,-525,-813,-383,-32,199,1549,-176,661,413,8,162,654,-1177,-1936,-110,-638,-721,489,-348,835,323,-336,-238,576,558,1516,-688,166,496,33,535,-1452,-650,2051,621,233,-203,862,430,1457,253,-235,559,-1202,-1619,-455,-941,103,-1235,758,1793,1664,543,222,-2527,-844,-794,1061,82,368,94,772,340,-84,-407,165,-530,508,-846,2113,201,-774,903,-143,-653,-628,-102,1495,-137,-3300,292,46,-2075,-180,-298,-813,464,711,-342
31,12,-301,152,-300,212,-1056,-1362,1233,1076,308,-196,35,1073,1063,1039,-613,1560,-1733,-408,-13,569,140,665,71,560,1184,37,507,717,107,792,30,130,-435,-116,1092,-450,1097,416,380,98,-689,-1020,531,15,-348,-33,491,-1370,1007,-411,832,-5,-73,79,-1037,682,74,557,152,78,-29,-88,237,-1431,872,-117,-537,363,252,-175,-318,-385,-1092,513,-408,-408,-834,12,376,-38,488,-304,695,615,944,83,-185,-557,-1087,364,95,733,-259,-207,1644,749,337,-715,1531,-193,789,-96,-155,843,-845,-434,934,-1121,252,134,227,136,1192,105,-270,1259,-178,1979,99,380,-1671,381,468,-935,-1118,177,-319,-1890,388,544,1256,-1068,-1309,342,103,-360,-34,-113,-512,789,1099,-386,-161,-111,1073,134,-172,-1810,-220,-584,-1137,628,1714,-532,-1587,-936,-162,1531
32,12.40000000000000036,374,341,217,-739,438,-400,1000,-1041,44,-603,-687,512,-887,-532,454,-221,-161,258,-469,95,-296,-907,-20,-1300,901,-334,-336,-902,43,-628,1032,-109,-650,1267,-956,-456,317,-173,-576,189,-1396,295,-1224,478,750,537,-116,887,346,-446,37,-195,-243,-91,-831,283,-186,-473,-344,-1144,1059,417,512,-175,110,184,-325,30,624,-18,-643,-1700,-679,-202,-79,-406,-237,-26,834,216,79,234,278,-107,-748,-75,-243,1180,-447,-727,891,-548,144,592,689,-1840,-1035,-830,84,1438,1525,452,-2042,-438,2564,638,-831,529,-33,-1220,551,118,-424,-30,1176,-619,-86,-390,237,417,1163,759,205,528,98,-41,220,-1504,-795,-1037,-13,363,196,179,432,-751,840,-342,-1073,-1624,571,2044,222,68,778,-816,627,-192,181,470,-1986,-10,139,-888,16,-1486,495,-220
33,12.80000000000000071,-64,-683,1968,772,243,1386,-269,909,226,808,230,-277,-461,463,272,96,-3,940,130,-412,635,-149,-187,428,288,347,-93,2344,-394,-749,367,1146,152,628,-557,-513,-15,475,-56,-348,350,976,309,727,1466,127,-504,303,95,-896,147,-187,228,-326,665,1379,-119,185,-761,505,-1731,62,-413,-305,-406,-81,762,528,-484,-92,272,1524,1350,351,661,-2302,-462,1577,-551,181,1640,866,718,-87,-51,-2,756,679,1167,-315,466,-195,639,-1450,-23,928,121,-929,208,-527,1484,-378,902,-1029,-1788,1283,33,562,-179,1613,830,87,798,702,999,1254,-756,818,822,-116,1604,-1023,-1145,481,-93,-364,764,-294,501,926,619,215,789,-125,1214,162,22,-1260,487,-1131,-416,-317,674,-719,1352,-103,1260,-312,-1729,69,-167,-758,-838,-243,566,183,1585,1734
34,13.20000000000000107,-123,509,-448,-889,-68,-474,-399,-1037,-569,123,-218,1325,302,407,-343,1890,-375,-115,1944,82,-488,122,370,1511,565,-562,-36,593,-144,840,842,-290,515,69,-16,9,1042,-108,121,-411,-1275,-758,855,335,151,-187,-177,-1504,-33,-384,174,-398,578,-215,-702,-652,470,26,-94,637,378,512,12,-1054,202,-399,-1020,-205,746,-239,-18,-972,-268,-1067,-718,2374,-480,-1450,2064,485,1070,491,298,-365,753,-598,598,-234,368,116,1097,-366,128,513,726,792,-815,-89,-502,689,-501,-244,391,212,2220,-732,-262,580,109,312,1032,1025,544,-76,394,321,100,-1427,687,472,-290,1620,-221,-252,-642,690,321,364,233,432,611,-276,893,942,-63,905,2,1703,-266,-15,-96,-1632,-241,507,485,408,784,-1339,1383,711,1516,-1301,-1409,-383,1136,-184,-1045,1922
35,13.60000000000000142,257,928,352,19,-53,314,-122,876,1219,-416,218,-655,568,2164,1912,-1394,765,-253,732,390,562,-1044,1239,239,-107,207,-175,727,-158,1736,899,-222,572,969,-281,-1205,-462,-275,-390,-2388,422,588,451,312,-564,-822,1561,-7,197,-686,985,356,-231,-349,108,597,8,-521,-951,-313,-1847,-282,1023,1358,-100,-1254,310,-112,1147,1177,422,1060,49,-129,2365,1342,691,202,-419,408,-1095,914,343,-796,810,537,212,756,251,-58,327,-1174,52,196,1210,465,862,1357,-519,159,-26,165,-402,469,723,-63,1154,-643,-45,-887,211,289,-264,-6,818,-929,301,288,-744,-615,765,-119,-136,392,156,1042,156,-299,114,-589,438,-397,475,363,727,-569,-514,-935,-107,-162,1529,910,354,1441,-648,310,358,368,2768,1394,306,763,102,489,-378,973,262,456
36,14,271,-53,-282,-256,-976,692,-994,-6,-54,-173,-312,-94,1257,-764,-981,-519,-160,-16,1024,416,391,823,1061,-1218,664,389,45,-63,688,-289,74,608,-87,-314,456,156,688,-846,201,53,-822,272,496,-238,-347,339,720,946,-403,-23,-246,277,3,-38,573,1037,-152,-1077,-120,843,1425,-218,1008,-397,-41,598,72,33,393,3,-572,106,1678,-620,2090,-1500,1171,-550,1206,448,1125,773,349,100,351,87,321,-277,786,307,-666,-1575,-820,-427,-781,-456,-509,-47,-18,-265,212,362,361,-1701,-1938,114,1075,-152,423,-3,-424,-1280,343,-272,933,73,659,1060,416,257,-230,1459,419,236,864,-376,482,1166,-1167,378,-1601,-612,621,0,580,413,-95,-752,314,893,-707,582,-298,-1429,439,-1567,-383,-129,248,-418,828,892,482,259,101,2011,480,-2314
37,14.40000000000000036,635,-100,798,884,-290,-1010,426,498,-297,-37,102,149,270,622,-66,813,272,667,-647,-1196,481,-641,455,367,380,-96,1319,-349,-1025,158,869,155,-309,-781,589,207,664,-2009,1178,1299,-960,-417,-228,326,742,-369,186,917,627,299,576,488,-5,-709,-55,215,290,-269,349,125,655,355,-333,120,-395,309,-764,235,-80,1485,-101,230,-628,601,-2083,15,220,-96,747,-1201,-707,235,909,-361,886,-285,-51,1045,-31,358,-1132,-355,365,251,-494,288,680,-1154,-288,516,595,-742,-94,292,-2674,1303,1417,-1562,-625,335,29,-308,632,564,-725,594,-151,32,-315,475,-127,869,-975,1484,-139,-697,-978,746,570,-607,261,1082,288,741,-805,-267,544,-850,-1568,928,-143,-602,-314,260,309,-99,2254,997,192,31,1939,910,827,-1721,-165,729,532,-455
38,14.80000000000000071,-111,634,-292,287,-221,-296,-669,-1625,569,626,870,-436,607,413,901,-1240,1437,-421,938,-253,185,933,-39,638,-11,652,-15,-974,810,221,-321,349,-81,-51,-390,617,98,-637,-210,-1,910,113,632,84,33,-46,-275,-673,114,474,417,483,412,391,-393,97,-209,326,-644,309,-1112,1628,521,39,413,420,-750,322,-381,546,-1333,120,-983,1547,783,158,153,752,-263,-311,1290,536,887,-38,-373,774,736,-559,785,508,196,1630,909,518,776,671,1363,1111,88,-681,-1536,-512,1199,-173,414,-1305,-241,999,517,1608,162,-425,76,339,4,-110,92,437,643,-918,-353,105,822,-252,-470,-639,1730,-98,1006,536,-274,474,999,-293,-1382,246,944,-305,-911,-190,59,549,-768,869,-1230,-248,-810,216,115,16,1456,594,273,2332,480,254,59,840
39,15.20000000000000107,-141,-683,630,-58,125,1348,1415,349,122,621,182,-218,698,-332,361,-246,220,998,-649,-236,-272,-238,1453,1536,-508,-63,27,587,-393,918,548,635,1283,-3,939,-1133,588,39,1054,358,1097,200,610,699,-103,758,907,503,-111,285,642,-133,-34,255,408,314,-19,-928,1524,-255,-572,-852,1149,750,-419,1222,665,288,755,532,190,872,417,831,2236,482,389,-38,-116,-28,-184,101,-265,416,453,-505,-402,360,93,423,-155,1000,46,-356,1082,860,29,699,1259,-1216,-1112,1445,-27,737,-359,1897,174,-165,-736,144,155,377,504,-101,-305,-943,690,129,881,212,796,205,-242,-466,477,249,144,-285,-281,1552,746,-413,311,-535,758,792,1294,9,-183,54,829,-778,-762,680,-167,-168,520,-1359,545,-191,-398,610,-217,-569,1805,-265,1342,1075
40,15.60000000000000142,493,-135,221,858,1115,359,197,338,1160,-257,346,1091,1386,-4,785,173,296,1000,291,371,-194,1054,1161,-353,1396,694,802,1127,243,743,234,1359,1321,-290,783,636,1141,-79,748,1074,532,1298,451,1245,1482,-146,1641,358,879,427,742,755,410,528,254,1173,252,1511,-368,520,1290,750,627,159,697,1077,1118,109,184,523,459,392,1376,1846,3364,-102,2286,1124,-58,350,1909,1151,-279,568,596,1064,1251,1407,1641,1398,996,133,1078,201,-567,428,853,606,-127,272,909,-767,616,306,161,-110,690,691,597,455,774,366,1120,777,342,509,-688,321,1275,-206,847,1198,-11,146,-284,1876,-569,616,637,940,-976,199,-89,86,280,635,1114,438,-763,1845,-380,593,829,529,870,706,1379,-109,1591,1559,625,581,843,1901,1431,1124,640,1052
41,16,1834,1770,867,756,-646,1225,1178,1627,-442,306,21,192,827,1488,1188,71,1485,2633,723,485,1444,-697,973,1159,159,1279,922,1747,1068,1023,1564,566,2169,-465,1473,1448,526,2649,2589,1597,1688,386,727,1102,2000,548,876,2328,1218,527,1497,1157,430,646,-696,1608,-42,1090,371,435,866,1053,1078,2659,1760,751,955,1427,623,1006,1798,2624,2303,1742,1545,1324,-94,1479,1419,-310,325,462,642,241,778,1132,1446,588,1285,1226,834,1007,232,1308,1374,1412,554,-195,1112,597,576,1245,711,441,-823,1133,853,-456,422,-837,-327,-479,607,12,1434,675,1196,1994,1422,-225,750,1392,-231,1791,2598,-314,218,-581,807,1575,916,-141,-195,820,1061,-120,969,601,-579,1632,2624,104,638,3079,2684,559,-151,180,-467,3013,2253,1177,461,-743,810,-1214,303,-216
42,16.40000000000000213,663,766,1111,1374,1301,635,2500,3086,1591,2999,2547,1825,1552,1181,2615,886,943,2519,686,1764,2352,2679,3020,2274,1412,970,1368,1482,3137,2700,1370,1000,1554,1413,2762,1644,1642,2280,1267,1885,2470,2127,1553,2169,2568,1991,1211,1239,1686,1914,2141,1881,1389,1610,-87,1988,1654,1259,1228,552,286,2478,1669,921,1638,958,2343,957,2059,1837,1651,3423,1296,2484,-1990,114,914,2460,2706,2154,1745,1933,566,791,915,2370,1626,1549,2095,2046,1256,550,1931,697,1055,1357,1677,2024,2009,1733,1852,1268,257,1283,2188,3517,-545,1127,1749,1538,227,-785,-495,1827,1533,1921,2243,2157,890,2438,587,428,200,776,626,1927,944,2219,1408,1218,1371,916,231,1405,1527,453,1459,1245,2296,1286,2291,829,790,668,1596,2435,-1333,1553,2010,2578,891,488,1661,334,382,1076,1849,1198
43,16.80000000000000071,2156,2336,2354,2046,2165,2431,2849,1561,2012,1331,2919,1956,2364,2126,1017,2313,2731,2155,1869,2398,2376,2249,2931,2278,2044,3148,1576,1891,3916,2949,2276,826,1803,2644,1167,953,2314,2400,2941,3019,1674,1182,3508,1567,2839,2537,2161,1480,1783,2624,1791,3579,2494,1448,805,2122,2324,1819,1907,1144,2085,3595,1846,3067,1320,2036,1211,2232,2712,1920,2123,4102,2280,1077,2680,2396,1430,2511,2092,811,1363,3004,1799,1278,755,1941,2172,2583,1661,2929,2361,969,2688,204,2526,1731,1850,1659,1504,2317,920,2264,1455,2279,2970,1598,2218,2385,1510,1206,1504,675,1277,1061,2420,2346,1098,2845,2300,2017,2038,1329,1313,953,1154,1358,713,2140,2193,1022,2261,1462,2322,1283,1376,1158,2232,2964,1117,2062,1396,2116,1026,1027,2108,2017,1399,3202,2074,1480,901,1594,1192,2406,1452,1192,886,2324
44,17.19999999999999929,2142,2691,3377,3591,2827,2861,3223,3853,3220,2533,2315,2456,2692,2463,2489,2437,3268,3785,3321,2680,2791,3396,2959,2609,1797,3203,2450,3431,2400,2718,4035,2796,2452,2381,3229,3220,3054,2240,3407,3485,3078,2951,3216,2613,2637,2249,3337,1891,2548,3508,3179,3568,2068,2009,2572,2483,3530,3149,2795,2346,2097,3220,3596,2402,2821,2991,2455,2504,1797,3530,3271,3693,4177,3456,2645,3183,497,4659,2243,3584,4918,3113,1738,3096,2444,2359,2282,2302,3310,2374,2457,2858,3174,3013,1595,2344,3936,3739,1621,2510,2908,2223,1094,3033,3075,3397,749,3002,2566,3102,2773,546,1711,2083,1896,2187,3301,2576,2407,1784,1943,1782,3219,2008,1721,1809,2201,1419,1664,1236,2565,2682,2506,2433,1520,2391,1551,1835,897,1822,2431,3041,1641,1331,3367,2781,2418,928,1435,1794,1744,2583,1521,1522,1623,1311,2509,1620
45,17.60000000000000142,3062,2843,3377,3066,4007,3955,3263,4897,4319,2940,3251,5067,2804,3621,3975,4357,2873,2798,2679,1716,2448,2877,3400,3867,3764,4729,3681,3429,4384,4025,2753,4134,4738,3610,3938,2803,2675,2780,3196,2449,3751,3536,3561,3587,3472,3100,3053,3798,3515,4688,3114,3345,2636,3732,3137,4677,3904,2764,4233,4443,4030,3441,4024,2388,3440,4013,2886,4147,3078,3518,2687,3000,4827,3778,3622,1802,4213,3400,2784,1925,1932,3862,2532,3193,2407,2914,3843,3369,2479,3820,2907,4060,3019,3621,2656,3121,3230,3737,2477,4593,2960,2323,1752,3338,4022,3387,2717,3636,3053,3148,4154,3990,3024,3498,4656,3644,3133,3989,4741,3079,1300,2313,3332,3924,3926,2283,4479,2232,2747,3538,2997,4024,3013,4063,1782,4145,3985,2492,3696,2224,4298,2739,1882,3461,1582,2579,2181,3408,2991,1272,749,2567,1736,3750,2929,2868,1525,2708
46,18,4852,3940,3500,4219,3556,4170,3190,3315,4268,4175,3953,4794,3788,4539,4478,6121,3857,3192,3840,4448,5195,3289,4708,5036,4649,2526,3303,3701,4042,4550,5987,4785,4262,4179,5925,3482,3315,3168,3300,2828,3899,4466,5519,1868,3758,3820,4364,3287,3793,4302,4536,4002,4113,3893,5712,5902,5449,3128,5645,4643,5165,3634,4083,3386,4716,4416,4157,4467,3554,4142,4026,3860,4521,3187,3654,4118,4378,3329,2397,4370,3601,3478,3880,4222,3863,2534,3482,4147,3477,3463,3782,3285,4988,3245,3990,5079,3746,3185,3556,4682,3365,4104,4432,4854,3442,2180,3961,3125,3829,3808,3606,5118,3464,4390,3960,4645,3767,3035,4784,4258,4277,4965,3832,3236,2732,4350,4528,4166,2698,3500,3451,3670,4120,4502,3964,4637,2737,2565,3375,3069,4361,3483,2367,3053,1733,3286,4814,-448,2251,3501,3909,2783,2120,1603,1282,4195,3127,4210
47,18.40000000000000213,6319,4735,5821,4598,3910,4418,4797,4631,4391,3651,3259,4413,6420,5248,5016,3660,2263,6005,5028,4761,4525,4314,4746,3860,4517,4572,5024,4607,2472,3920,4363,5277,4745,5126,4781,3511,4815,2583,3610,2762,4116,6228,4182,3054,4859,4737,3936,5605,5933,4373,4181,4465,4998,5119,4175,5700,4476,5171,3965,4032,5070,5568,5789,5866,4574,4760,5361,6219,5112,4710,4932,4324,4329,2474,5128,6169,4692,4679,5060,4188,4979,4569,5892,4265,4119,4172,3956,3901,4338,3998,4092,3849,5123,4727,4476,5229,4981,3972,3745,3897,3068,6367,4269,4143,4133,3965,5378,5786,4697,4460,4962,6100,4432,3794,4533,4289,3318,5072,4170,3518,4331,3946,5565,4687,4274,5502,3971,2926,3476,3811,3303,2716,2716,3973,3450,4756,3924,3700,4069,4433,3531,3267,2511,4071,2712,3684,5160,1799,3640,4166,2179,3502,4111,3691,2960,3887,2992,4420
48,18.80000000000000071,5151,4438,5443,5153,5899,4993,4944,3584,3245,5418,4944,5832,6053,5423,5845,5388,3549,3935,5348,5336,5504,4549,4746,5259,4145,5855,5039,4409,3634,6076,3962,4130,3356,5952,5005,4687,4738,4273,3604,4390,4702,5370,4283,4523,3647,4494,4191,4658,4343,4802,4142,4412,4758,5930,6820,6292,5643,4824,5799,4975,5654,3510,4631,3940,5271,4754,5539,5071,4670,4241,4838,4820,4864,4863,3850,4725,5000,5350,4422,2670,3838,4262,4425,5073,5547,4098,3959,4780,4291,4271,4322,4084,5190,5564,5365,4770,3664,4567,5234,3751,4883,4116,5641,3451,4105,5171,3593,2576,3797,5027,5801,5420,5589,5295,4726,5650,5578,4147,3994,4921,4483,4097,3853,3711,4555,4400,3685,3426,4728,3227,4126,4206,3917,4292,3665,6324,3370,3535,4731,4295,2402,3065,3543,3373,3251,4414,4086,5222,4483,1769,5094,3456,3049,3732,4512,2785,3834,2121
49,19.20000000000000284,5350,3486,4574,4992,4089,4796,3938,5487,5772,5189,4587,3858,4558,5007,5495,5290,3857,3405,4694,4663,3784,4465,3982,4581,4325,4976,4080,5041,4942,3905,3647,4376,6058,4741,6058,5609,5547,5128,3155,5141,5084,4360,3883,5402,4886,3788,5384,4152,4525,3881,4425,3161,5245,5621,5471,6680,5360,4366,4829,4915,5595,5182,5105,3911,3718,4724,4415,4176,4290,4796,4168,4141,1352,2141,3149,5145,4485,3178,5640,3368,3210,3653,4787,4125,5105,3774,3485,4543,4260,4817,4480,4182,4894,5476,5069,4698,4628,3795,3805,3840,3518,4728,5230,4176,4146,4696,5340,5339,4843,4687,6236,5302,3721,5245,4674,5515,5429,4761,2952,3919,4404,4208,6154,3143,4330,5382,4280,1993,2244,3552,3691,2692,3152,3019,3363,2931,2445,3753,4225,4293,4049,3628,3155,3809,3044,2039,1815,3855,4689,1991,2530,3625,5129,2481,5430,4640,3173,4611
50,19.60000000000000142,3954,4043,3685,3584,5315,3808,5435,4289,4806,4035,3902,4830,4801,4653,4502,4418,5792,5491,2678,4593,4323,3708,4748,5957,4388,4654,4326,4707,3975,3796,3871,3723,4135,4183,4703,4422,4508,4056,4066,4412,4099,5123,4326,5191,3925,3849,5037,4481,4329,3672,3502,3933,4815,5252,4648,3073,4151,3862,3018,3915,5009,3914,4531,2281,3643,5202,4807,3936,3394,3684,3572,4141,3784,3750,2133,2416,3509,3388,4582,3980,3722,2675,3260,2777,4528,3778,2660,2898,2516,4345,5006,4691,4360,5402,5023,4609,4143,3193,4841,3196,3579,3448,3983,2763,4458,4662,3648,3133,4316,4600,4824,2852,3234,2862,5695,3714,3978,2462,4481,3590,4200,3127,4441,5362,4003,4573,3225,3959,3579,3312,3882,3667,2657,1659,2304,3203,3330,2653,1567,2363,2128,879,3683,923,2414,1560,2305,1791,1172,3345,492,4110,3959,2700,1579,2155,3400,3052
51,20,3075,3512,3641,3365,3949,4861,3009,4167,4239,3518,4666,4024,2223,3749,3247,4099,4067,5185,2623,2894,3456,4433,4068,3205,3880,3458,3195,3976,2831,3156,3990,3838,2770,3328,5032,4989,4228,2985,3024,4360,4656,3410,3197,2558,1434,1511,3155,3459,3185,3166,3416,3646,3285,4306,3633,3901,2838,2422,4242,2166,2120,3060,3698,3016,3403,4205,2908,3501,2486,1845,4078,1469,2435,2765,1429,755,1974,2227,3231,1244,3401,2490,2874,2809,4542,3503,3303,3524,3409,3380,2650,2450,2226,2766,3820,3365,5211,4279,2633,2894,3620,2762,3292,3838,2966,2179,3119,3345,2945,3652,4428,3469,4726,3744,2704,3456,2728,3874,4262,1032,2676,4014,3909,3264,3008,2236,2547,2378,2059,3462,3035,2870,2707,2206,2074,2424,4757,3769,3520,2072,2572,2720,3917,804,1212,2151,841,2034,3007,1910,2489,1484,2789,2256,-123,2938,3365,2593
52,20.40000000000000213,3466,3267,3920,3827,3914,3581,4187,3716,2717,2658,3796,4542,3279,3478,3648,3127,3379,2773,1805,3355,2433,3299,4770,2558,3338,3202,3919,3072,2168,2038,2178,2548,3177,358,3474,2891,2727,4453,3988,2449,4148,3046,2867,3097,3816,2721,3312,3192,2940,2370,3002,3880,3223,3446,4056,1092,2496,2848,1693,3344,3401,3963,2879,2750,3984,4508,3345,3839,3468,3189,3571,3403,2796,-568,645,1474,1246,1533,1940,1984,1769,1317,994,2370,3896,3279,2304,3426,2209,2859,3292,4214,4423,4560,3974,3138,4442,3867,3337,1905,3061,4094,3011,3381,1069,1321,2279,2331,3122,3242,3001,1763,2968,3049,2796,2269,1109,1343,3081,3661,2456,2307,3081,3523,3224,3406,2784,3611,1752,3640,2766,2341,1593,1971,1588,2357,1039,2672,2857,2992,3344,2589,2628,1490,1552,2571,2735,1819,3383,1145,1465,2566,3087,2810,1819,3689,3603,2259
53,20.80000000000000071,5756,5780,5305,5918,5653,5550,4430,6449,5588,6132,5203,4341,5084,5782,7465,5484,6710,4059,4923,5586,6275,4601,5342,4533,5587,5777,4743,5428,4840,5471,5762,6294,3991,5576,3885,5426,5233,7636,7298,7262,7088,6359,6676,5623,6646,4963,5140,6640,6884,5623,5367,6421,5483,5783,4590,3426,4580,4547,4433,5027,5245,5179,6339,6054,6949,6247,5675,4741,5541,5833,5707,5240,6423,4969,5245,2318,4342,2994,4059,2791,2975,4648,4652,3415,5644,6558,4258,3871,4500,4166,4449,5204,4395,5029,3686,6143,4052,4157,4499,5372,4697,3473,5392,3807,3433,4245,5919,5537,4485,4697,3252,3544,4902,5428,5640,4282,3431,5604,4476,3355,4334,4590,4685,3556,3789,5485,2988,4114,3481,3032,4525,4343,4647,4977,4244,3811,4619,3663,3523,4786,4054,4141,5587,5503,4355,6221,4255,5880,3122,3649,4981,3888,3674,3667,5242,5381,4901,3283
54,21.20000000000000284,13642,12473,12336,13250,11395,13710,12700,14043,12626,12049,12274,11831,13823,12417,11336,11761,12325,12339,12495,13307,12757,11906,12911,13378,12959,12682,12609,11087,12046,11763,11947,11110,10624,11003,10592,10305,11711,16417,17419,17727,15317,15480,17561,13574,17084,15157,16390,14566,15594,14981,13780,16076,14639,13681,11161,9769,10253,12304,13001,12979,13559,14365,12481,16445,14196,12728,13710,14080,14051,12857,13100,14731,13649,13928,11185,11623,10715,10250,10098,12262,10425,11784,11094,10989,12518,14291,14140,12897,11496,12059,12282,11375,11717,10139,9608,9986,10882,9631,11257,12705,11847,10324,11113,11242,14892,10259,9722,13822,11365,11059,7059,9595,8511,12109,9910,8751,11329,11295,10189,10040,11442,10979,11524,12076,9533,10533,8871,10027,11993,11138,11487,10703,11509,11208,10579,9045,11163,9919,10467,11216,12692,12130,14072,14227,14218,12876,10901,11759,14252,12226,9687,9995,11825,10868,10962,12010,11361,11772
55,21.60000000000000142,29404,28874,30006,29046,28923,26864,29458,28489,29188,26888,28025,25830,28548,27685,25799,27408,27184,28129,28288,28995,28033,27772,27410,24095,26649,26752,27616,25443,27864,25852,27743,27405,24181,26333,22966,25193,26510,32292,32553,32767,32391,31248,32514,32029,32468,32607,31513,29758,29223,31062,31306,31876,30477,29908,26823,26672,24362,27878,30330,28574,28395,30842,29629,31051,28857,27658,28030,29133,28241,30441,29846,32760,30206,30490,29155,25511,23519,24475,24158,26596,24608,24825,23230,23694,28234,29965,28495,29407,29098,27280,26582,26301,24347,23209,23111,21323,22791,24450,28451,27940,27792,25394,26045,27873,30825,28225,25003,25675,24420,22475,19196,19476,21999,23838,24012,23215,24853,25764,23180,25269,22859,26186,23941,26031,22694,18163,20831,24119,27546,23402,27414,25946,25237,25846,22645,23383,23884,22524,25696,23888,26555,29122,29410,28964,27808,28026,24674,27092,27153,25789,23566,21163,22612,22905,24699,25318,28745,25934
56,22,32767,32767,32767,32767,32767,32767,32767,32767,32767,32767,32767,32767,32767,32767,32767,32766,32767,32767,32767,32767,32767,32767,32767,32767,32767,32767,32767,32767,32767,32767,32767,32767,32767,32767,32767,32767,32767,32767,32767,32767,32767,32767,32767,32767,32767,32767,32767,32767,32767,32767,32767,32767,32767,32767,32767,32767,32767,32767,32767,32767,32713,32767,32767,32767,32767,32767,32767,32767,32767,32748,32767,32767,32767,32592,32767,32767,32767,32767,32767,32767,32767,32767,32767,32767,32767,32767,32767,32767,32767,32767,32767,32767,32767,32767,32767,32767,32767,32767,32767,32767,32767,32767,32767,32767,32767,32767,32767,32767,32767,32767,31862,32767,32767,32767,32767,32767,32767,32767,32767,32652,32767,32767,32767,32767,32540,32767,32767,32532,32767,32767,32767,32767,32767,32767,32767,32767,32767,32767,32767,32767,32767,32767,32767,32767,32767,32767,32767,32767,32767,32767,32767,32767,32673,32767,32767,32767,32767,32767
57,22.40000000000000213,32767,32767,32767,32767,32767,32767,32767,32767,32767,32767,32767,32767,32767,32767,32767,32767,32767,32767,32767,32767,32767,32767,32767,32767,32767,32767,32767,32767,32767,32767,32767,32767,32767,32767,32767,32767,32767,32767,32767,32767,32767,32767,32767,32767,32767,32767,32767,32767,32767,32767,32767,32767,32767,32767,32767,32767,32767,32767,32767,32767,32767,32767,32767,32767,32767,32767,32767,32767,32767,32767,32767,32767,32767,32767,32767,32767,32767,32767,32767,32767,32767,32767,32767,32767,32767,32767,32767,32767,32767,32767,32767,32767,32767,32767,32767,32767,32767,32767,32767,32767,32767,32767,32767,32767,32767,32767,32767,32767,32767,32767,32767,32767,32767,32767,32767,32767,32767,32767,32767,32767,32767,32767,32767,32767,32767,32767,32767,32767,32767,32767,32767,32767,32767,32767,32767,32767,32767,32767,32767,32767,32767,32767,32767,32767,32767,32767,32767,32767,32767,32767,32767,32767,32767,32767,32767,32767,32767,32767
58,22.80000000000000071,32767,32767,32767,32767,32767,32767,32767,32767,32767,32767,32767,32767,32767,32767,32767,32767,32767,32767,32767,32767,32767,32767,32767,32767,32767,32767,32767,32767,32767,32767,32767,32767,32767,32767,32767,32767,32767,32767,32767,32767,32767,32767,32767,32767,32767,32767,32767,32767,32767,32767,32767,32767,32767,32767,32767,32767,32767,32767,32767,32767,32767,32767,32767,32767,32767,32767,32767,32767,32767,32767,32767,32767,32767,32767,32767,32767,32767,32767,32767,32767,32767,32767,32767,32767,32767,32767,32767,32767,32767,32767,32767,32767,32767,32767,32767,32767,32767,32767,32767,32767,32767,32767,32767,32767,32767,32767,32767,32767,32767,32767,32767,32767,32767,32767,32767,32767,32767,32767,32767,32767,32767,32767,32767,32767,32767,32767,32767,32767,32767,32767,32767,32767,32767,32767,32767,32767,32767,32767,32767,32767,32767,32767,32767,32767,32767,32767,32767,32767,32767,32767,32767,32767,32767,32767,32767,32767,32767,32767
59,23.20000000000000284,32767,32767,32767,32767,32767,32767,32767,32767,32767,32767,32767,32767,32767,32767,32767,32767,32767,32767,32767,32767,32767,32767,32767,32767,32767,32767,32767,32767,32767,32767,32767,32767,32767,32767,32767,32767,32767,32767,32767,32767,32767,32767,32767,32767,32767,32767,32767,32767,32767,32767,32767,32767,32767,32767,32767,32767,32767,32767,32767,32767,32767,32767,32767,32767,32767,32767,32767,32767,32767,32767,32767,32767,32767,32767,32767,32767,32767,32767,32767,32767,32767,32767,32767,32767,32767,32767,32767,32767,32767,32767,32767,32767,32767,32767,32767,32767,32767,32767,32767,32767,32767,32767,32767,32767,32767,32767,32767,32767,32767,32767,32767,32767,32767,32767,32767,32767,32767,32767,32767,32767,32767,32767,32767,32767,32767,32767,32767,32767,32767,32767,32767,32767,32767,32767,32767,32767,32767,32767,32767,32767,32767,32767,32767,32767,32767,32767,32767,32767,32767,32767,32767,32767,32767,32767,32767,32767,32767,32767
60,23.60000000000000142,32767,32767,32767,32767,32767,32767,32767,32767,32767,32767,32767,32767,32767,32767,32767,32767,32767,32767,32767,32767,32767,32767,32767,32767,32767,32767,32767,32767,32767,32767,32767,32767,32767,32767,32767,32767,32767,32767,32767,32767,32767,32767,32767,32767,32767,32767,32767,32767,32767,32767,32767,32767,32767,32767,32767,32767,32767,32767,32767,32767,32767,32767,32767,32767,32767,32767,32767,32767,32767,32767,32767,32767,32767,32767,32767,32767,32767,32767,32767,32767,32767,32767,32767,32767,32767,32767,32767,32767,32767,32767,32767,32767,32767,32767,32767,32767,32767,32767,32767,32767,32767,32767,32767,32767,32767,32767,32767,32767,32767,32767,32767,32767,32767,32767,32767,32767,32767,32767,32767,32767,32767,32767,32767,32767,32767,32767,32767,32767,32767,32767,32767,32767,32767,32767,32767,32767,32767,32767,32767,32767,32767,32767,32767,32767,32767,32767,32767,32767,32767,32767,32767,32767,32767,32767,32767,32767,32767,32767
61,24,32767,32767,32767,32767,32767,32767,32767,32767,32767,32767,32767,32767,32767,32767,32767,32767,32767,32767,32767,32767,32767,32767,32767,32767,32767,32767,32767,32767,32767,32767,32767,32767,32767,32767,32767,32767,32767,32767,32767,32767,32767,32767,32767,32767,32767,32767,32767,32767,32767,32767,32767,32767,32767,32767,32767,32767,32767,32767,32767,32767,32767,32767,32767,32767,32767,32767,32767,32767,32767,32767,32767,32767,32767,32767,32767,32767,32767,32767,32767,32767,32767,32767,32767,32767,32767,32767,32767,32767,32767,32767,32767,32767,32767,32767,32767,32767,32767,32767,32767,32767,32767,32767,32767,32767,32767,32767,32767,32767,32767,32767,32767,32767,32767,32767,32767,32767,32767,32767,32767,32767,32767,32767,32767,32767,32767,32767,32767,32767,32767,32767,32767,32767,32767,32767,32767,32767,32767,32767,32767,32767,32767,32767,32767,32767,32767,32767,32767,32767,32767,32767,32767,32767,32767,32767,32767,32767,32767,32767
62,24.40000000000000213,32767,32767,32767,32767,32767,32767,32767,32767,32767,32767,32767,32767,32767,32767,32767,32767,32767,32767,32767,32767,32767,32767,32767,32767,32767,32767,32767,32767,32767,32767,32767,32767,32767,32767,32767,32767,32767,32767,32767,32767,32767,32767,32767,32767,32767,32767,32767,32767,32767,32767,32767,32767,32767,32767,32767,32767,32767,32767,32767,32767,32767,32767,32767,32767,32767,32767,32767,32767,32767,32767,32767,32767,32767,32767,32767,32767,32767,32767,32767,32767,32767,32767,32767,32767,32767,32767,32767,32767,32767,32767,32767,32767,32767,32767,32767,32767,32767,32767,32767,32767,32767,32767,32767,32767,32767,32767,32767,32767,32767,32767,32767,32767,32767,32767,32767,32767,32767,32767,32767,32767,32767,32767,32767,32767,32767,32767,32767,32767,32767,32767,32767,32767,32767,32767,32767,32767,32767,32767,32767,32767,32767,32767,32767,32767,32767,32767,32767,32767,32767,32767,32767,32767,32767,32767,32767,32767,32767,32767
63,24.80000000000000071,32767,32767,32767,32767,32767,32767,32767,32767,32767,32767,32767,32767,32767,32767,32767,32767,32767,32767,32767,32767,32767,32767,32767,32767,32767,32767,32767,32767,32767,32767,32767,32767,32767,32767,32767,32767,32767,32767,32767,32767,32767,32767,32767,32767,32767,32767,32767,32767,32767,32767,32767,32767,32767,32767,32767,32767,32767,32767,32767,32767,32767,32767,32767,32767,32767,32767,32767,32767,32767,32767,32767,32767,32767,32767,32767,32767,32767,32767,32767,32767,32767,32767,32767,32767,32767,32767,32767,32767,32767,32767,32767,32767,32767,32767,32767,32767,32767,32767,32767,32767,32767,32767,32767,32767,32767,32767,32767,32767,32767,32767,32767,32767,32767,32767,32767,32767,32767,32767,32767,32767,32767,32767,32767,32767,32767,32767,32767,32767,32767,32767,32767,32767,32767,32767,32767,32767,32767,32767,32767,32767,32767,32767,32767,32767,32767,32767,32767,32767,32767,32767,32767,32767,32767,32767,32767,32767,32767,32767
64,25.20000000000000284,32767,32767,32767,32767,32767,32767,32767,32767,32767,32767,32767,32767,32767,32767,32767,32767,32767,32767,32767,32767,32767,32767,32767,32767,32767,32767,32767,32767,32767,32767,32767,32767,32767,32767,32767,32767,32767,32767,32767,32767,32767,32767,32767,32767,32767,32767,32767,32767,32767,32767,32767,32767,32767,32767,32767,32767,32767,32767,32767,32767,32767,32767,32767,32767,32767,32767,32767,32767,32767,32767,32767,32767,32767,32767,32767,32767,32767,32767,32767,32767,32767,32767,32767,32767,32767,32767,32767,32767,32767,32767,32767,32767,32767,32767,32767,32767,32767,32767,32767,32767,32767,32767,32767,32767,32767,32767,32767,32767,32767,32767,32767,32767,32767,32767,32767,32767,32767,32767,32767,32767,32767,32767,32767,32767,32767,32767,32767,32767,32767,32767,32767,32767,32767,32767,32767,32767,32767,32767,32767,32767,32767,32767,32767,32767,32767,32767,32767,32767,32767,32767,32767,32767,32767,32767,32767,32767,32767,32767
65,25.60000000000000142,32767,32767,32767,32767,32767,32767,32767,32767,32767,32767,32767,32767,32767,32767,32767,32767,32767,32767,32767,32767,32767,32767,32767,32767,32767,32767,32767,32767,32767,32767,32767,32767,32767,32767,32767,32767,32767,32767,32767,32767,32767,32767,32767,32767,32767,32767,32767,32767,32767,32767,32767,32767,32767,32767,32767,32767,32767,32767,32767,32767,32767,32767,32767,32767,32767,32767,32767,32767,32767,32767,32767,32767,32767,32767,32767,32767,32767,32767,32767,32767,32767,32767,32767,32767,32767,32767,32767,32767,32767,32767,32767,32767,32767,32767,32767,32767,32767,32767,32767,32767,32767,32767,32767,32767,32767,32767,32767,32767,32767,32767,32767,32767,32767,32767,32767,32767,32767,32767,32767,32767,32767,32767,32767,32767,32767,32767,32767,32767,32767,32767,32767,32767,32767,32767,32767,32767,32767,32767,32767,32767,32767,32767,32767,32767,32767,32767,32767,32767,32767,32767,32767,32767,32767,32767,32767,32767,32767,32767
66,26,32767,32767,32767,32767,32767,32767,32767,32767,32767,32767,32767,32767,32767,32767,32767,32767,32767,32767,32767,32767,32767,32767,32767,32767,32767,32767,32767,32767,32767,32767,32767,32767,32767,32767,32767,32767,32767,32767,32767,32767,32767,32767,32767,32767,32767,32767,32767,32767,32767,32767,32767,32767,32767,32767,32767,32767,32767,32767,32767,32767,32767,32767,32767,32767,32767,32767,32767,32767,32767,32767,32767,32767,32767,32767,32767,32767,32767,32767,32767,32767,32767,32767,32767,32767,32767,32767,32767,32767,32767,32767,32767,32767,32767,32767,32767,32767,32767,32767,32767,32767,32767,32767,32767,32767,32767,32767,32767,32767,32767,32767,32767,32767,32767,32767,32767,32767,32767,32767,32767,32767,32767,32767,32767,32767,32767,32767,32767,32767,32767,32767,32767,32767,32767,32767,32767,32767,32767,32767,32767,32767,32767,32767,32767,32767,32767,32767,32767,32767,32767,32767,32767,32767,32767,32767,32767,32767,32767,32767
67,26.40000000000000213,32767,32767,32767,32767,32767,32767,32767,32767,32767,32767,32767,32767,32767,32767,32767,32767,32767,32767,32767,32767,32767,32767,32767,32767,32767,32767,32767,32767,32767,32767,32767,32767,32767,32767,32767,32767,32767,32767,32767,32767,32767,32767,32767,32767,32767,32767,32767,32767,32767,32767,32767,32767,32767,32767,32767,32767,32767,32767,32767,32767,32767,32767,32767,32767,32767,32767,32767,32767,32767,32767,32767,32767,32767,32767,32767,32767,32767,32767,32767,32767,32767,32767,32767,32767,32767,32767,32767,32767,32767,32767,32767,32767,32767,32767,32767,32767,32767,32767,32767,32767,32767,32767,32767,32767,32767,32767,32767,32767,32767,32767,32767,32767,32767,32767,32767,32767,32767,32767,32767,32767,32767,32767,32767,32767,32767,32767,32767,32767,32767,32767,32767,32767,32767,32767,32767,32767,32767,32767,32767,32767,32767,32767,32767,32767,32767,32767,32767,32767,32767,32767,32767,32767,32767,32767,32767,32767,32767,32767
68,26.80000000000000071,32767,32767,32767,32767,32767,32767,32767,32767,32767,32767,32767,32767,32767,32767,32767,32767,32767,32767,32767,32767,32767,32767,32767,32767,32767,32767,32767,32767,32767,32767,32767,32767,32767,32767,32767,32767,32767,32767,32767,32767,32767,32767,32767,32767,32767,32767,32767,32767,32767,32767,32767,32767,32767,32767,32767,32767,32767,32767,32767,32767,32767,32767,32767,32767,32767,32767,32767,32767,32767,32767,32767,32767,32767,32095,18949,20877,32767,32767,32767,32767,32767,32767,32767,32767,32767,32767,32767,32767,32767,32767,32767,32767,32767,32767,32767,32767,32767,32767,32767,32767,32767,32767,32767,32767,32767,32767,32767,32767,32767,32767,32767,32767,32767,32767,32767,32767,32767,32767,32767,32767,32767,32767,32767,32767,32767,32767,32767,32767,32767,32767,32767,32767,32767,32767,32767,32767,32767,32767,32767,32767,32767,26123,32767,31120,32767,32767,32767,31615,32474,32767,32767,32767,32767,32767,32767,32767,32767,32767
69,27.20000000000000284,32767,32767,32767,32767,32767,32767,32767,32767,32767,32767,32767,32767,32767,32767,32767,32767,32767,32767,32767,32767,32767,32767,32767,32767,32767,32767,32767,32767,32767,32767,32767,32767,32767,32767,32767,32767,32767,32767,32767,32767,32767,32767,29729,5884,9238,27879,27973,32767,29856,32767,31815,32767,32767,32767,32767,32767,32767,32767,31946,32767,32767,32767,32767,32767,32767,32767,32767,32767,25915,17585,18769,9474,740,-23801,-31351,-32767,1485,-10362,1339,-11203,11558,18946,32243,32727,32767,32675,27520,32411,31401,32530,32767,32767,32767,32767,32767,32767,32767,32767,32767,32767,32767,31435,32767,31209,22476,32039,32344,32767,32767,32767,32767,32767,32767,32767,32767,32767,32767,32767,32767,31117,32767,30872,32543,32767,32767,32767,30774,29130,22351,32471,23004,32156,-11765,18780,25820,32767,32767,32767,32767,32767,-11087,-28264,-7141,-22434,5940,9377,27215,-17172,-13405,-8003,32123,32767,32767,32767,32767,32767,32767,32767
70,27.60000000000000142,8434,13294,13359,12521,15676,15919,10988,6722,17084,12265,12220,11699,15093,18042,19011,18774,13319,15424,23114,10451,11764,13997,16257,17252,22356,31188,21784,16739,-16014,-7424,-7615,5420,390,1436,32315,32397,32767,23138,31280,6190,-5397,-5736,-25931,-32767,-32767,-29701,-27120,-16510,-29274,-10006,-24677,-8182,-7499,1261,8318,8027,-14752,-17330,-22180,-12179,17971,32246,-7910,3909,7310,32767,-1196,-1553,-27495,-32767,-32767,-32767,-32767,-32767,-32767,-32767,-32767,-32767,-32454,-32767,-32767,-30930,-9683,-22994,-5509,-26408,-27970,-21579,-26356,-23954,4625,26762,32690,32767,32767,32767,32767,31769,20511,-6926,-5718,-22650,-22456,-25272,-31204,-27317,-26265,2438,11137,-6268,-131,-3783,-3632,19554,6924,8439,-3403,1817,1867,-23468,-13245,-19292,-6995,-1456,6313,4153,-25318,-27542,-27999,-17211,-29653,-19330,-32767,-27186,-31981,9754,10391,12941,5554,10421,-32767,-32767,-32767,-32767,-32767,-30799,-20455,-32767,-32767,-32034,-13867,32073,20581,10761,16338,6178,21210,28576
71,28,-32767,-32767,-32767,-32767,-32767,-32767,-32018,-32767,-32767,-32767,-30689,-32767,-32686,-32271,-32767,-32767,-32364,-31746,-31862,-32767,-32767,-31937,-30329,-32767,-32173,-27061,-31762,-32516,-32767,-32767,-32767,-32767,-32767,-32767,-26172,-25708,-2919,-32376,-22451,-32767,-32767,-32767,-32767,-32767,-32767,-32767,-32767,-32767,-32767,-32767,-32767,-32767,-32767,-32767,-32767,-32767,-32767,-32767,-32767,-32767,-32767,-30582,-32767,-32767,-32767,-22095,-32767,-32767,-32767,-32767,-32767,-32767,-32767,-32767,-32767,-32767,-32767,-32767,-32767,-32767,-32767,-32767,-32767,-32767,-32767,-32767,-32767,-32767,-32767,-32767,-32767,-32483,-21763,-16022,-5691,-2262,-4116,-25451,-32767,-32767,-32767,-32767,-32767,-32767,-32767,-32767,-32767,-32767,-32767,-32767,-32767,-32767,-32767,-32517,-32661,-32767,-32767,-32767,-32767,-32767,-32767,-32767,-32767,-32767,-32767,-32767,-32767,-32767,-32767,-32767,-32767,-32767,-32767,-32767,-32767,-31974,-31093,-32550,-32767,-32593,-32767,-32767,-32767,-32767,-32767,-32767,-32767,-32767,-32767,-32767,-32336,-18318,-24933,-28304,-28142,-32767,-24477,-18312
72,28.40000000000000213,-32767,-32767,-32767,-32767,-32767,-32767,-32767,-32767,-32767,-32767,-32767,-32767,-32767,-32767,-32767,-32767,-32767,-32767,-32767,-32767,-32767,-32767,-32767,-32767,-32767,-32767,-32767,-32767,-32767,-32767,-32767,-32767,-32767,-32767,-32767,-32767,-32767,-32767,-32767,-32767,-32767,-32767,-32767,-32767,-32767,-32767,-32767,-32767,-32767,-32767,-32767,-32767,-32767,-32767,-32767,-32767,-32767,-32767,-32767,-32767,-32767,-32767,-32767,-32767,-32767,-32767,-32767,-32767,-32767,-32767,-32767,-32767,-32767,-32767,-32767,-32767,-32767,-32767,-32767,-32767,-32767,-32767,-32767,-32767,-32767,-32767,-32767,-32767,-32767,-32767,-32767,-32767,-32767,-32767,-32091,-32645,-32767,-32767,-32767,-32767,-32767,-32767,-32767,-32767,-32767,-32767,-32767,-32767,-32767,-32767,-32767,-32767,-32767,-32767,-32767,-32767,-32767,-32767,-32767,-32767,-32767,-32767,-32767,-32767,-32767,-32767,-32767,-32767,-32767,-32767,-32767,-32767,-32767,-32767,-32767,-32767,-32767,-32767,-32767,-32767,-32767,-32767,-32767,-32767,-32767,-32767,-32767,-32767,-32767,-32767,-32767,-32767,-32767,-32767,-32767,-32767,-32657,-32767
73,28.80000000000000071,-32767,-32767,-32767,-32767,-32767,-32767,-32767,-32767,-32767,-32767,-32767,-32767,-32767,-32767,-32767,-32767,-32767,-32767,-32767,-32767,-32767,-32767,-32767,-32767,-32767,-32767,-32767,-32767,-32767,-32767,-32767,-32767,-32767,-32767,-32767,-32767,-32767,-32767,-32767,-32767,-32767,-32767,-32767,-32767,-32767,-32767,-32767,-32767,-32767,-32767,-32767,-32767,-32767,-32767,-32767,-32767,-32767,-32767,-32767,-32767,-32767,-32767,-32767,-32767,-32767,-32767,-32767,-32767,-32767,-32767,-32767,-32767,-32767,-32767,-32767,-32767,-32767,-32767,-32767,-32767,-32767,-32767,-32767,-32767,-32767,-32767,-32767,-32767,-32767,-32767,-32767,-32767,-32767,-32767,-32767,-32767,-32767,-32767,-32767,-32767,-32767,-32767,-32767,-32767,-32767,-32767,-32767,-32767,-32767,-32767,-32767,-32767,-32767,-32767,-32767,-32767,-32767,-32767,-32767,-32767,-32767,-32767,-32767,-32767,-32767,-32767,-32767,-32767,-32767,-32767,-32767,-32767,-32767,-32767,-32767,-32767,-32767,-32767,-32767,-32767,-32767,-32767,-32767,-32767,-32767,-32767,-32767,-32767,-32767,-32767,-32767,-32767,-32767,-32767,-32767,-32767,-32767,-32767
74,29.20000000000000284,-32767,-32767,-32767,-32767,-32767,-32767,-32767,-32767,-32767,-32767,-32767,-32767,-32767,-32767,-32767,-32767,-32767,-32767,-32767,-32767,-32767,-32767,-32767,-32767,-32767,-32767,-32767,-32767,-32767,-32767,-32767,-32767,-32767,-32767,-32767,-32767,-32767,-32767,-32767,-32767,-32767,-32767,-32767,-32767,-32767,-32767,-32767,-32767,-32767,-32767,-32767,-32767,-32767,-32767,-32767,-32767,-32767,-32767,-32767,-32767,-32767,-32767,-32767,-32767,-32767,-32767,-32767,-32767,-32767,-32767,-32767,-32767,-32767,-32767,-32767,-32767,-32767,-32767,-32767,-32767,-32767,-32767,-32767,-32767,-32767,-32767,-32767,-32767,-32767,-32767,-32767,-32767,-32767,-32767,-32767,-32767,-32767,-32767,-32767,-32767,-32767,-32767,-32767,-32767,-32767,-32767,-32767,-32767,-32767,-32767,-32767,-32767,-32767,-32767,-32767,-32767,-32767,-32767,-32767,-32767,-32767,-32767,-32767,-32767,-32767,-32767,-32767,-32767,-32767,-32767,-32767,-32767,-32767,-32767,-32767,-32767,-32767,-32767,-32767,-32767,-32767,-32767,-32767,-32767,-32767,-32767,-32767,-32767,-32767,-32767,-32767,-32767,-32767,-32767,-32767,-32767,-32767,-32767
75,29.60000000000000142,-32767,-32767,-32767,-32767,-32767,-32767,-32767,-32767,-32767,-32767,-32767,-32767,-32767,-32767,-32767,-32767,-32767,-32767,-32767,-32767,-32767,-32767,-32767,-32767,-32767,-32767,-32767,-32767,-32767,-32767,-32767,-32767,-32767,-32767,-32767,-32767,-32767,-32767,-32767,-32767,-32767,-32767,-32767,-32767,-32767,-32767,-32767,-32767,-32767,-32767,-32767,-32767,-32767,-32767,-32767,-32767,-32767,-32767,-32767,-32767,-32767,-32767,-32767,-32767,-32767,-32767,-32767,-32767,-32767,-32767,-32767,-32767,-32767,-32767,-32767,-32767,-32767,-32767,-32767,-32767,-32767,-32767,-32767,-32767,-32767,-32767,-32767,-32767,-32767,-32767,-32767,-32767,-32767,-32767,-32767,-32767,-32767,-32767,-32767,-32767,-32767,-32767,-32767,-32767,-32767,-32767,-32767,-32767,-32767,-32767,-32767,-32767,-32767,-32767,-32767,-32767,-32767,-32767,-32767,-32767,-32767,-32767,-32767,-32767,-32767,-32767,-32767,-32767,-32767,-32767,-32767,-32767,-32767,-32767,-32767,-32767,-32767,-32767,-32767,-32767,-32767,-32767,-32767,-32767,-32767,-32767,-32767,-32767,-32767,-32767,-32767,-32767,-32767,-32767,-32767,-32767,-32767,-32767
76,30,-32767,-32767,-32767,-32767,-32767,-32767,-32767,-32767,-32767,-32767,-32767,-32767,-32767,-32767,-32767,-32767,-32767,-32767,-32767,-32767,-32767,-32767,-32767,-32767,-32767,-32767,-32767,-32767,-32767,-32767,-32767,-32767,-32767,-32767,-32767,-32767,-32767,-32767,-32767,-32767,-32767,-32767,-32767,-32767,-32767,-32767,-32767,-32767,-32767,-32767,-32767,-32767,-32767,-32767,-32767,-32767,-32767,-32767,-32767,-32767,-32767,-32767,-32767,-32767,-32767,-32767,-32767,-32767,-32767,-32767,-32767,-32767,-32767,-32767,-32767,-32767,-32767,-32767,-32767,-32767,-32767,-32767,-32767,-32767,-32767,-32767,-32767,-32767,-32767,-32767,-32767,-32767,-32767,-32767,-32767,-32767,-32767,-32767,-32767,-32767,-32767,-32767,-32767,-32767,-32767,-32767,-32767,-32767,-32767,-32767,-32767,-32767,-32767,-32767,-32767,-32767,-32767,-32767,-32767,-32767,-32767,-32767,-32767,-32767,-32767,-32767,-32767,-32767,-32767,-32767,-32767,-32767,-32767,-32767,-32767,-32767,-32767,-32767,-32767,-32767,-32767,-32767,-32767,-32767,-32767,-32767,-32767,-32767,-32767,-32767,-32767,-32767,-32767,-32767,-32767,-32767,-32767,-32767
77,30.40000000000000213,-32767,-32767,-32767,-32767,-32767,-32767,-32767,-32767,-32767,-32767,-32767,-32767,-32767,-32767,-32767,-32767,-32767,-32767,-32767,-32767,-32767,-32767,-32767,-32767,-32767,-32767,-32767,-32767,-32767,-32767,-32767,-32767,-32767,-32767,-32767,-32767,-32767,-32767,-32767,-32767,-32767,-32767,-32767,-32767,-32767,-32767,-32767,-32767,-32767,-32767,-32767,-32767,-32767,-32767,-32767,-32767,-32767,-32767,-32767,-32767,-32767,-32767,-32767,-32767,-32767,-32767,-32767,-32767,-32767,-32767,-32767,-32767,-32767,-32767,-32767,-32767,-32767,-32767,-32767,-32767,-32767,-32767,-32767,-32767,-32767,-32767,-32767,-32767,-32767,-32767,-32767,-32767,-32767,-32767,-32767,-32767,-32767,-32767,-32767,-32767,-32767,-32767,-32767,-32767,-32767,-32767,-32767,-32767,-32767,-32767,-32767,-32767,-32767,-32767,-32767,-32767,-32767,-32767,-32767,-32767,-32767,-32767,-32767,-32767,-32767,-32767,-32767,-32767,-32767,-32767,-32767,-32767,-32767,-32767,-32767,-32767,-32767,-32767,-32767,-32767,-32767,-32767,-32767,-32767,-32767,-32767,-32767,-32767,-32767,-32767,-32767,-32767,-32767,-32767,-32767,-32767,-32767,-32767
78,30.80000000000000071,-32767,-32767,-32767,-32767,-32767,-32767,-32767,-32767,-32767,-32767,-32767,-32767,-32767,-32767,-32767,-32767,-32767,-32767,-32767,-32767,-32767,-32767,-32767,-32767,-32767,-32767,-32767,-32767,-32767,-32767,-32767,-32767,-32767,-32767,-32767,-32767,-32767,-32767,-32767,-32767,-32767,-32767,-32767,-32767,-32767,-32767,-32767,-32767,-32767,-32767,-32767,-32767,-32767,-32767,-32767,-32767,-32767,-32767,-32767,-32767,-32767,-32767,-32767,-32767,-32767,-32767,-32767,-32767,-32767,-32767,-32767,-32767,-32767,-32767,-32767,-32767,-32767,-32767,-32767,-32767,-32767,-32767,-32767,-32767,-32767,-32767,-32767,-32767,-32767,-32767,-32767,-32767,-32767,-32767,-32767,-32767,-32767,-32767,-32767,-32767,-32767,-32767,-32767,-32767,-32767,-32767,-32767,-32767,-32767,-32767,-32767,-32767,-32767,-32767,-32767,-32767,-32767,-32767,-32767,-32767,-32767,-32767,-32767,-32767,-32767,-32767,-32767,-32767,-32767,-32767,-32767,-32767,-32767,-32767,-32767,-32767,-32767,-32767,-32767,-32767,-32767,-32767,-32767,-32767,-32767,-32767,-32767,-32767,-32767,-32767,-32767,-32767,-32767,-32767,-32767,-32767,-32767,-32767
79,31.20000000000000284,-32767,-32767,-32767,-32767,-32767,-32767,-32767,-32767,-32767,-32767,-32767,-32767,-32767,-32767,-32767,-32767,-32767,-32767,-32767,-32767,-32767,-32767,-32767,-32767,-32767,-32767,-32767,-32767,-32767,-32767,-32767,-32767,-32767,-32767,-32767,-32767,-32767,-32767,-32767,-32767,-32767,-32767,-32767,-32767,-32767,-32767,-32767,-32767,-32767,-32767,-32767,-32767,-32767,-32767,-32767,-32767,-32767,-32767,-32767,-32767,-32767,-32767,-32767,-32767,-32767,-32767,-32767,-32767,-32767,-32767,-32767,-32767,-32767,-32767,-32767,-32767,-32767,-32767,-32767,-32767,-32767,-32767,-32767,-32767,-32767,-32767,-32767,-32767,-32767,-32767,-32767,-32767,-32767,-32767,-32767,-32767,-32767,-32767,-32767,-32767,-32767,-32767,-32767,-32767,-32767,-32767,-32767,-32767,-32767,-32767,-32767,-32767,-32767,-32767,-32767,-32767,-32767,-32767,-32767,-32767,-32767,-32767,-32767,-32767,-32767,-32767,-32767,-32767,-32767,-32767,-32767,-32767,-32767,-32767,-32767,-32767,-32767,-32767,-32767,-32767,-32767,-32767,-32767,-32767,-32767,-32767,-32767,-32767,-32767,-32767,-32767,-32767,-32767,-32767,-32767,-32767,-32767,-32767
80,31.60000000000000142,-32767,-32767,-32767,-32767,-32767,-32767,-32767,-32767,-32767,-32767,-32767,-32767,-32767,-32767,-32767,-32767,-32767,-32767,-32767,-32767,-32767,-32767,-32767,-32767,-32767,-32767,-32767,-32767,-32767,-32767,-32767,-32767,-32767,-32767,-32767,-32767,-32767,-32767,-32767,-32767,-32767,-32767,-32767,-32767,-32767,-32767,-32767,-32767,-32767,-32767,-32767,-32767,-32767,-32767,-32767,-32767,-32767,-32767,-32767,-32767,-32767,-32767,-32767,-32767,-32767,-32767,-32767,-32767,-32767,-32767,-32767,-32767,-32767,-32767,-32767,-32767,-32767,-32767,-32767,-32767,-32767,-32767,-32767,-32767,-32767,-32767,-32767,-32767,-32767,-32767,-32767,-32767,-32767,-32767,-32767,-32767,-32767,-32767,-32767,-32767,-32767,-32767,-32767,-32767,-32767,-32767,-32767,-32767,-32767,-32767,-32767,-32767,-32767,-32767,-32767,-32767,-32767,-32767,-32767,-32767,-32767,-32767,-32767,-32767,-32767,-32767,-32767,-32767,-32767,-32767,-32767,-32767,-32767,-32767,-32767,-32767,-32767,-32767,-32767,-32767,-32767,-32767,-32767,-32767,-32767,-32767,-32767,-32767,-32767,-32767,-32767,-32767,-32767,-32767,-32767,-32767,-32767,-32767
81,32,-32767,-32767,-32767,-32767,-32767,-32767,-32767,-32767,-32767,-32767,-32767,-32767,-32767,-32767,-32767,-32767,-32767,-32767,-32767,-32767,-32767,-32767,-32767,-32767,-32767,-32767,-32767,-32767,-32767,-32767,-32767,-32767,-32767,-32767,-32767,-32767,-32767,-32767,-32767,-32767,-32767,-32767,-32767,-32767,-32767,-32767,-32767,-32767,-32767,-32767,-32767,-32767,-32767,-32767,-32767,-32767,-32767,-32767,-32767,-32767,-32767,-32767,-32767,-32767,-32767,-32767,-32767,-32767,-32767,-32767,-32767,-32767,-32767,-32767,-32767,-32767,-32767,-32767,-32767,-32767,-32767,-32767,-32767,-32767,-32767,-32767,-32767,-32767,-32767,-32767,-32767,-32767,-32767,-32767,-32767,-32767,-32767,-32767,-32767,-32767,-32767,-32767,-32767,-32767,-32767,-32767,-32767,-32767,-32767,-32767,-32767,-32767,-32767,-32767,-32767,-32767,-32767,-32767,-32767,-32767,-32767,-32767,-32767,-32767,-32767,-32767,-32767,-32767,-32767,-32767,-32767,-32767,-32767,-32767,-32767,-32767,-32767,-32767,-32767,-32767,-32767,-32767,-32767,-32767,-32767,-32767,-32767,-32767,-32767,-32767,-32767,-32767,-32767,-32767,-32767,-32767,-32767,-32767
82,32.39999999999999858,-32767,-32767,-32767,-32767,-32767,-32767,-32767,-32767,-32767,-32767,-32767,-32767,-32767,-32767,-32767,-32767,-32767,-32767,-32767,-32767,-32767,-32767,-32767,-32767,-32767,-32767,-32767,-32767,-32767,-32767,-32767,-32767,-32767,-32767,-32767,-32767,-32767,-32767,-32767,-32767,-32767,-32767,-32767,-32767,-32767,-32767,-32767,-32767,-32767,-32767,-32767,-32767,-32767,-32767,-32767,-32767,-32767,-32767,-32767,-32767,-32767,-32767,-32767,-32767,-32767,-32767,-32767,-32767,-32767,-32767,-32767,-32767,-32767,-32767,-32767,-32767,-32767,-32767,-32767,-32767,-32767,-32767,-32767,-32767,-32767,-32767,-32767,-32767,-32767,-32767,-32767,-32767,-32767,-32767,-32767,-32767,-32767,-32767,-32767,-32767,-32767,-32767,-32767,-32767,-32767,-32767,-32767,-32767,-32767,-32767,-32767,-32767,-32767,-32767,-32767,-32767,-32767,-32767,-32767,-32767,-32767,-32767,-32767,-32767,-32767,-32767,-32767,-32767,-32767,-32767,-32767,-32767,-32767,-32767,-32767,-32767,-32767,-32767,-32767,-32767,-32767,-32767,-32767,-32767,-32767,-32767,-32767,-32767,-32767,-32767,-32767,-32767,-32767,-32767,-32767,-32767,-32767,-32767
83,32.80000000000000426,-32767,-32767,-32767,-32767,-32767,-32767,-32767,-32767,-32767,-32767,-32767,-32767,-32767,-32767,-32767,-32767,-32767,-32767,-32767,-32767,-32767,-32767,-32767,-32767,-32767,-32767,-32767,-32767,-32767,-32767,-32767,-32767,-32767,-32767,-32767,-32767,-32767,-32767,-32767,-32767,-32767,-32767,-32767,-32767,-32767,-32767,-32767,-32767,-32767,-32767,-32767,-32767,-32767,-32767,-32767,-32767,-32767,-32767,-32767,-32767,-32767,-32767,-32767,-32767,-32767,-32767,-32767,-32767,-32767,-32767,-32767,-32767,-32767,-32767,-32767,-32767,-32767,-32767,-32767,-32767,-32767,-32767,-32767,-32767,-32767,-32767,-32767,-32767,-32767,-32767,-32767,-32767,-32767,-32767,-32767,-32767,-32767,-32767,-32767,-32767,-32767,-32767,-32767,-32767,-32767,-32767,-32767,-32767,-32767,-32767,-32767,-32767,-32767,-32767,-32767,-32767,-32767,-32767,-32767,-32767,-32767,-32767,-32767,-32767,-32767,-32767,-32767,-32767,-32767,-32767,-32767,-32767,-32767,-32767,-32767,-32767,-32767,-32767,-32767,-32767,-32767,-32767,-32767,-32767,-32767,-32767,-32767,-32767,-32767,-32767,-32767,-32767,-32767,-32767,-32767,-32767,-32767,-32767
84,33.20000000000000284,-32767,-32767,-32767,-32767,-32767,-32767,-32767,-32767,-32767,-32767,-32767,-32767,-32767,-32767,-32767,-32767,-32767,-32767,-32767,-32767,-32767,-32767,-32767,-32767,-32767,-32767,-32767,-32767,-32767,-32767,-32767,-32767,-32767,-32767,-32767,-32767,-32767,-32767,-32767,-32767,-32767,-32767,-32767,-32767,-32767,-32767,-32767,-32767,-32767,-32767,-32767,-32767,-32767,-32767,-32767,-32767,-32767,-32767,-32767,-32767,-32767,-32767,-32767,-32767,-32767,-32767,-32767,-32767,-32767,-32767,-32767,-32767,-32767,-32767,-32767,-32767,-32767,-32767,-32767,-32767,-32767,-32767,-32767,-32767,-32767,-32767,-32767,-32767,-32767,-32767,-32767,-32767,-32767,-32767,-32767,-32767,-32767,-32767,-32767,-32767,-32767,-32767,-32767,-32767,-32767,-32767,-32767,-32767,-32767,-32767,-32767,-32767,-32767,-32767,-32767,-32767,-32767,-32767,-32767,-32767,-32767,-32767,-32767,-32767,-32767,-32767,-32767,-32767,-32767,-32767,-32767,-32767,-32767,-32767,-32767,-32767,-32767,-32767,-32767,-32767,-32767,-32767,-32767,-32767,-32767,-32767,-32767,-32767,-32767,-32767,-32767,-32767,-32767,-32767,-32767,-32767,-32767,-32767
85,33.60000000000000142,-32767,-32767,-32767,-32767,-32767,-32767,-32767,-32767,-32767,-32767,-32767,-32767,-32767,-32767,-32767,-32767,-32767,-32767,-32767,-32767,-32767,-32767,-32767,-32767,-32767,-32767,-32767,-32767,-32767,-32767,-32767,-32767,-32767,-32767,-32767,-32767,-32767,-32767,-32767,-32767,-32767,-32767,-32767,-32767,-32767,-32767,-32767,-32767,-32767,-32767,-32767,-32767,-32767,-32767,-32767,-32767,-32767,-32767,-32767,-32767,-32767,-32767,-32767,-32767,-32767,-32767,-32767,-32767,-32767,-32767,-32767,-32767,-32767,-32767,-32767,-31554,-32767,-32767,-32767,-32767,-32767,-32767,-32767,-32767,-32767,-32767,-32767,-32767,-32767,-32767,-32767,-32767,-32767,-32767,-32767,-32767,-32767,-32767,-32767,-32767,-32767,-32767,-32767,-32767,-32767,-32767,-32767,-32767,-32767,-32767,-32767,-32767,-32767,-32767,-32767,-32767,-32767,-32767,-32767,-32767,-32767,-32767,-32767,-32767,-32767,-32767,-32767,-32767,-32767,-32767,-32767,-32767,-32767,-32767,-32767,-32767,-32767,-32767,-32767,-32767,-32767,-32767,-32767,-32767,-32767,-32767,-32767,-32767,-32767,-32767,-32767,-32767,-32767,-32767,-32767,-32767,-32767,-32767
86,34,-32767,-32767,-32767,-32767,-32767,-32767,-32767,-32767,-32767,-32767,-32767,-32767,-32767,-32767,-32767,-32767,-32767,-32767,-32767,-32767,-32767,-32767,-32767,-32767,-32767,-32767,-32767,-32767,-32767,-32767,-32767,-32767,-32767,-32767,-32767,-32767,-32767,-32767,-32767,-32767,-32767,-32767,-32767,-32767,-32767,-32767,-32767,-32767,-32767,-32767,-32767,-32767,-32767,-32767,-32767,-32767,-32767,-32767,-32767,-32767,-32767,-32767,-32767,-32767,-32767,-32767,-32767,-32767,-32767,-32767,-32767,-32767,-32767,-32767,-32559,-22399,-32767,-32767,-32767,-32767,-32767,-32767,-32767,-32767,-32767,-32767,-32767,-32767,-32767,-32767,-32767,-32767,-32767,-32767,-32767,-32767,-32767,-32767,-32767,-32767,-32767,-32767,-32767,-32767,-32767,-32767,-32767,-32767,-32767,-32767,-32767,-32767,-32767,-32767,-32767,-32767,-32767,-32767,-32767,-32767,-32767,-32767,-32767,-32767,-32767,-32767,-32767,-32767,-32767,-32767,-32767,-32767,-32767,-32767,-32767,-32767,-32767,-32767,-32767,-32767,-32767,-32767,-32767,-32767,-32767,-32767,-32767,-32767,-32767,-32767,-32767,-32767,-32767,-32767,-32767,-32767,-32767,-32767
87,34.39999999999999858,-32767,-32767,-32767,-32767,-32767,-32767,-32767,-32767,-32767,-32767,-32767,-32767,-32767,-32767,-32767,-32767,-32767,-32767,-32767,-32767,-32767,-32767,-32767,-32767,-32767,-32767,-32767,-32767,-32767,-32767,-32767,-32767,-32767,-32767,-32767,-32767,-32767,-32767,-32767,-32767,-32767,-32767,-32767,-32767,-32767,-32767,-32767,-32767,-32767,-32767,-32767,-32767,-32767,-32767,-32767,-32767,-32767,-32767,-32767,-32767,-32767,-32767,-32767,-32767,-32767,-32767,-32767,-32767,-32767,-32767,-32767,-32767,-32767,-32767,-24700,-7791,-29861,-29476,-32767,-32767,-32767,-32767,-32767,-32767,-32767,-32767,-32767,-32767,-32767,-32767,-32767,-32767,-32767,-32767,-32767,-32767,-32767,-32767,-32767,-32767,-32767,-32767,-32767,-32767,-32767,-32767,-32767,-32767,-32767,-32767,-32767,-32767,-32767,-32767,-32767,-32767,-32767,-32767,-32767,-32767,-32767,-32767,-32767,-32767,-32767,-32767,-32767,-32767,-32767,-32767,-32767,-32767,-32767,-32767,-32767,-32767,-32767,-32767,-32767,-32767,-32767,-32767,-32767,-32767,-32767,-32767,-32767,-32767,-32767,-32767,-32767,-32767,-32767,-32767,-32767,-32767,-32767,-32767
88,34.80000000000000426,-32767,-32767,-32767,-32767,-32767,-32767,-32767,-32767,-32767,-32767,-32767,-32767,-32767,-32767,-32767,-32767,-32767,-32767,-32767,-32767,-32767,-32767,-32767,-32767,-32767,-32767,-32767,-32767,-32767,-32767,-32767,-32767,-32767,-32767,-32767,-32767,-32767,-32767,-32767,-32767,-32767,-32767,-32767,-32767,-32767,-32767,-32767,-32767,-32767,-32767,-32767,-32767,-32767,-32767,-32767,-32767,-32767,-32767,-32767,-32767,-32767,-32767,-32767,-32767,-32767,-32767,-32767,-32767,-32767,-32767,-32767,-32767,-32701,-28943,-14460,11046,-17178,-15911,-25828,-31908,-32767,-32767,-32767,-32767,-32767,-32767,-32767,-32767,-32767,-32767,-32767,-32767,-32767,-32767,-32767,-32767,-32767,-32767,-32767,-32767,-32767,-32767,-32767,-32767,-32767,-32767,-32767,-32767,-32767,-32767,-32767,-32767,-32767,-32767,-32767,-32767,-32767,-32767,-32767,-32767,-32767,-32767,-32767,-32767,-32767,-32767,-32767,-32767,-32767,-32767,-32767,-32767,-32767,-32767,-32767,-32767,-32767,-32767,-32767,-32767,-32767,-32767,-32767,-32767,-32767,-32767,-32767,-32767,-32767,-32767,-32767,-32767,-32767,-32767,-32767,-32767,-32767,-32767
89,35.20000000000000284,-32767,-32767,-32767,-32767,-32767,-32767,-32767,-32767,-32767,-32767,-32767,-32767,-32767,-32767,-32767,-32767,-32767,-32767,-32767,-32767,-32767,-32767,-32767,-32767,-32767,-32767,-32767,-32767,-32767,-32767,-32767,-32767,-32767,-32767,-32767,-32767,-32767,-32767,-32767,-32767,-32767,-32767,-32767,-32767,-32767,-32767,-32767,-32767,-32767,-32767,-32767,-32767,-32767,-32767,-32767,-32767,-32767,-32767,-32767,-32767,-32767,-32767,-32767,-32767,-32767,-32767,-32767,-32767,-32767,-32767,-32767,-30890,-26595,-19317,-2486,27569,-3587,-1915,-14870,-24390,-32767,-32767,-32767,-32767,-32767,-32767,-32767,-32767,-32767,-32767,-32767,-32767,-32767,-32767,-32767,-32767,-32767,-32767,-32767,-32767,-32767,-32767,-32767,-32767,-32767,-32767,-32767,-32767,-32767,-32767,-32767,-32767,-32767,-32767,-32767,-32767,-32767,-32767,-32767,-32767,-32767,-32767,-32767,-32767,-32767,-32767,-32767,-32767,-32767,-32767,-32767,-32767,-32767,-32767,-32767,-32767,-32767,-32767,-32767,-32767,-32767,-32767,-32767,-32767,-32767,-32767,-32767,-32767,-32767,-32767,-32767,-32767,-32767,-32767,-32767,-32767,-32767,-32767
90,35.60000000000000142,-32767,-32767,-32767,-32767,-32767,-32767,-32767,-32767,-32767,-32767,-32767,-32767,-32767,-32767,-32767,-32767,-32767,-32767,-32767,-32767,-32767,-32767,-32767,-32767,-32767,-32767,-32767,-32767,-32767,-32767,-32767,-32767,-32767,-32767,-32767,-32767,-32767,-32767,-32767,-32767,-32767,-32767,-32767,-32767,-32767,-32767,-32767,-32767,-32767,-32767,-32767,-32767,-32767,-32767,-32767,-32767,-32767,-32767,-32767,-32767,-32767,-32767,-32767,-32767,-32767,-32767,-32767,-32767,-32767,-30020,-27592,-20039,-16111,-7772,8385,32767,11375,12593,-203,-12657,-28705,-32767,-32767,-32767,-32767,-32767,-32767,-32767,-32767,-32767,-32767,-32767,-32767,-32767,-32767,-32767,-32767,-32767,-32767,-32767,-32767,-32767,-32767,-32767,-32767,-32767,-32767,-32767,-32767,-32767,-32767,-32767,-32767,-32767,-32767,-32767,-32767,-32767,-32767,-32767,-32767,-32767,-32767,-32767,-32767,-32767,-32767,-32767,-32767,-32767,-32767,-32767,-32767,-32767,-32767,-32767,-32767,-32767,-32767,-32767,-32767,-32767,-32767,-32767,-32767,-32767,-32767,-32767,-32767,-32767,-32767,-32767,-32767,-32767,-32767,-32767,-32767,-32767
91,36,-32767,-32767,-32767,-32767,-32767,-32767,-32767,-32767,-32767,-32767,-32767,-32767,-32767,-32767,-32767,-32767,-32767,-32767,-32767,-32767,-32767,-32767,-32767,-32767,-32767,-32767,-32767,-32767,-32767,-32767,-32767,-32767,-32767,-32767,-32767,-32767,-32767,-32767,-32767,-32767,-32767,-32767,-32767,-32767,-32767,-32767,-32767,-32767,-32767,-32767,-32767,-32767,-32767,-32767,-32767,-32767,-32767,-32767,-32767,-32767,-32767,-32767,-32767,-32767,-32767,-32767,-32767,-32767,-27844,-21827,-16534,-9784,-1853,1405,13529,32767,26097,27988,14036,-917,-21299,-29080,-32767,-32767,-32767,-32767,-32767,-32767,-32767,-32767,-32767,-32767,-32767,-32767,-32767,-32767,-32767,-32767,-32767,-32767,-32767,-32767,-32767,-32767,-32767,-32767,-32767,-32767,-32767,-32767,-32767,-32767,-32767,-32767,-32767,-32767,-32767,-32767,-32767,-32767,-32767,-32767,-32767,-32767,-32767,-32767,-32767,-32767,-32767,-32767,-32767,-32767,-32767,-32767,-32767,-32767,-32767,-32767,-32767,-32767,-32767,-32767,-32767,-32767,-32767,-32767,-32767,-32767,-32767,-32767,-32767,-32767,-32767,-32767,-32767,-32767,-32767,-32767
92,36.39999999999999858,-32767,-32767,-32767,-32767,-32767,-32767,-32767,-32767,-32767,-32767,-32767,-32767,-32767,-32767,-32767,-32767,-32767,-32767,-32767,-32767,-32767,-32767,-32767,-32767,-32767,-32767,-32767,-32767,-32767,-32767,-32767,-32767,-32767,-32767,-32767,-32767,-32767,-32767,-32767,-32767,-32767,-32767,-32767,-32154,-32341,-32767,-32767,-32767,-32767,-32767,-32767,-32767,-32767,-32767,-32767,-32767,-32767,-32767,-32767,-32767,-32767,-32767,-32767,-32767,-32551,-32767,-28007,-29774,-17022,-9462,-4060,5891,11034,11836,20126,32767,32347,32767,25015,10453,-12511,-21290,-32746,-32365,-32767,-32767,-32767,-32767,-32767,-32767,-32767,-32767,-32767,-32767,-32767,-32767,-32767,-32767,-32767,-32767,-32767,-32767,-32767,-32767,-32767,-32767,-32767,-32767,-32767,-32767,-32767,-32767,-32767,-32767,-32767,-32767,-32767,-32767,-32767,-32767,-32767,-32767,-32767,-32767,-32767,-32767,-32767,-32767,-32767,-32767,-32767,-32767,-32767,-32767,-32767,-32767,-32767,-32767,-32767,-32767,-32767,-32767,-32767,-32767,-32767,-32767,-32767,-32767,-32767,-32767,-32767,-32767,-32767,-32767,-32767,-32767,-32767,-32767
93,36.80000000000000426,-32767,-32767,-32767,-32767,-32767,-32767,-32767,-32767,-32767,-32767,-32767,-32767,-32767,-32767,-32767,-32767,-32767,-32767,-32767,-32767,-32767,-32767,-32767,-32767,-32767,-32767,-32767,-32767,-32767,-32767,-32767,-32767,-32551,-32699,-32767,-32767,-32767,-32767,-32767,-32767,-32708,-32767,-32332,-25957,-27256,-32594,-31023,-32767,-32767,-32767,-32767,-32767,-32767,-32767,-32767,-32767,-32767,-32767,-32765,-32767,-32767,-32767,-30963,-29853,-23687,-32285,-17595,-18353,-3485,5870,9527,19419,22921,19797,23305,32767,32767,32767,32225,23396,-3155,-11796,-26841,-26938,-32767,-32622,-32632,-32767,-32720,-32752,-32767,-32767,-32767,-32767,-32767,-32767,-32767,-32767,-32767,-32767,-32767,-32767,-32767,-32767,-32767,-32767,-32767,-32767,-32767,-32767,-32767,-32767,-32767,-32767,-32767,-32767,-32767,-32767,-32767,-32767,-32767,-32767,-32767,-32767,-32767,-32767,-32767,-32767,-32767,-32767,-32767,-32767,-32767,-32767,-32767,-32767,-32767,-32767,-32767,-32767,-32767,-32767,-32767,-32767,-32767,-32767,-32767,-32767,-32767,-32767,-32767,-32767,-32767,-32767,-32767,-32767,-32767,-32767
94,37.20000000000000284,-32767,-32748,-32598,-32767,-32767,-32767,-32767,-32767,-32767,-32767,-32767,-32703,-32767,-32767,-32767,-32767,-32767,-32767,-32767,-32755,-32767,-32767,-32767,-32767,-32767,-32767,-32767,-32767,-29154,-30573,-29790,-31176,-25516,-24375,-32416,-32720,-32767,-32701,-32767,-30575,-29077,-32354,-28677,-19519,-20576,-27692,-24924,-31733,-29433,-32767,-32767,-32767,-32767,-32767,-32767,-32767,-32767,-32767,-28740,-29870,-32701,-32767,-19775,-20556,-10693,-23977,-3250,-5528,9750,19696,22176,29845,31496,25983,23119,32767,32767,32767,32767,31384,5707,-4598,-17825,-20632,-31919,-28095,-27997,-31990,-28172,-29474,-32325,-32767,-32767,-32767,-32767,-32767,-32767,-32767,-32767,-32736,-32700,-31599,-32494,-32675,-30283,-32767,-32604,-32767,-32767,-32767,-32767,-32192,-32767,-32767,-32767,-32767,-32767,-32767,-32767,-32767,-32767,-32767,-32767,-32767,-32767,-32767,-32767,-32767,-32767,-32767,-32767,-32767,-32767,-32767,-32767,-32767,-32767,-32767,-32767,-32767,-32767,-32767,-32767,-32767,-32767,-32767,-32767,-32767,-32767,-32767,-32767,-32767,-32767,-32767,-32767,-32767,-32767,-32767
95,37.60000000000000142,-29183,-29745,-29231,-30584,-29941,-30042,-29583,-29882,-30603,-30123,-29789,-29844,-29881,-30450,-30885,-30482,-31440,-31185,-31044,-29626,-30866,-31609,-31039,-31107,-32669,-32767,-32277,-30844,-21331,-23001,-22129,-22730,-17623,-15305,-26313,-26717,-32395,-28013,-31637,-24095,-23504,-26771,-20540,-11835,-14217,-22747,-20115,-27205,-23412,-31450,-30476,-32693,-32767,-32767,-32767,-32767,-31985,-29466,-21565,-21789,-27817,-28861,-9017,-8672,3444,-11733,11014,10916,23457,31117,32767,32767,32767,29132,21249,32767,32767,32767,32767,32767,13207,4210,-11624,-11997,-25960,-22058,-22185,-27300,-21772,-23560,-28269,-32637,-32767,-32767,-32767,-32767,-32767,-32685,-32400,-29002,-28791,-28435,-28097,-27974,-26591,-31928,-30070,-32767,-32749,-30791,-30736,-28690,-32751,-32767,-32767,-32767,-32767,-32767,-32767,-32767,-32767,-32767,-32767,-32767,-32767,-32767,-32767,-32767,-32767,-32767,-32767,-32767,-32767,-32767,-32767,-32767,-32767,-32767,-32767,-32767,-32767,-32767,-32767,-32767,-32767,-32767,-32767,-32767,-32767,-32767,-32767,-32767,-32767,-32767,-32767,-32767,-32767,-32767
96,38,-22824,-23761,-22920,-23349,-22924,-23314,-23119,-22559,-22817,-23368,-23967,-23147,-22672,-24024,-23923,-24559,-24342,-24943,-25550,-22408,-22644,-23958,-22970,-24749,-28178,-27796,-25319,-24484,-13180,-13850,-13055,-13494,-5177,-5566,-19852,-19793,-26863,-22250,-26225,-17453,-16258,-19310,-12616,-4951,-8016,-16043,-14639,-21205,-17157,-27709,-25773,-29529,-30493,-32173,-32347,-32633,-27907,-24546,-13260,-11378,-18008,-20194,2919,5410,18418,3583,29557,26845,32767,32767,32767,32767,32767,29959,16285,32767,32767,32767,32767,32767,16428,11498,-678,-5061,-20600,-16502,-13815,-21115,-15881,-16519,-21346,-29139,-31223,-32459,-32174,-32467,-31779,-28767,-30620,-23920,-24260,-22362,-23908,-24248,-20629,-28527,-25342,-31859,-29474,-26595,-25539,-20872,-29894,-32767,-32767,-32767,-32767,-32767,-32767,-32767,-32767,-32767,-32767,-32767,-32767,-32767,-32767,-32767,-32767,-32767,-32767,-32767,-32767,-32767,-32767,-32767,-32767,-32767,-32767,-32767,-32767,-32767,-32767,-32767,-32767,-32767,-32767,-32767,-32767,-32767,-32767,-32767,-32767,-32767,-32767,-32767,-32767,-32767
97,38.40000000000000568,-13779,-14378,-15252,-13906,-15091,-15356,-15948,-15623,-14582,-15801,-14488,-15578,-15683,-15739,-16513,-16142,-16517,-15961,-18663,-15214,-15746,-14787,-15856,-16428,-19482,-21821,-17176,-16710,-3880,-5270,-1559,-2799,3857,6772,-8167,-9579,-19105,-14490,-19927,-9704,-9424,-13814,-6791,1274,-1357,-11178,-8330,-16916,-11891,-22604,-20926,-24736,-26208,-27882,-27028,-29414,-22796,-17671,-4944,-2889,-7505,-9269,13776,17673,31360,16820,32767,32439,32767,32767,32767,32767,32767,31016,14703,26596,32191,32767,32767,32767,22063,19095,4937,2667,-13846,-7555,-7740,-13974,-9179,-9793,-16091,-22963,-25899,-28839,-26453,-26323,-26930,-22777,-23821,-19692,-18065,-14917,-18762,-17286,-15991,-22305,-20472,-26159,-28866,-20496,-20275,-16607,-25595,-32767,-32767,-32767,-32767,-32767,-32767,-32767,-32767,-32767,-32767,-32767,-32767,-32767,-32767,-32767,-32767,-32767,-32767,-32767,-32767,-32767,-32767,-32767,-32767,-32767,-32767,-32767,-32767,-32767,-32767,-32767,-32767,-32767,-32767,-32767,-32767,-32767,-32767,-32767,-32767,-32767,-32767,-32767,-32767,-32767
98,38.80000000000000426,-3983,-5715,-5561,-5517,-5224,-6347,-5832,-4422,-4653,-6467,-5930,-7386,-6494,-6014,-7899,-9139,-8328,-9279,-7900,-5517,-7366,-7749,-6274,-7427,-11404,-13319,-8478,-6445,7539,4556,7549,6736,13699,15816,3972,1198,-11307,-5040,-11174,-1911,-2961,-7505,-1793,5931,3959,-5233,-3255,-11219,-8280,-18072,-15576,-19711,-20747,-22829,-21227,-24191,-15933,-8697,5297,7599,4350,1898,25783,29287,32767,30318,32767,32767,32767,32767,32767,32767,32767,29018,11920,19404,29138,32737,32767,32767,23713,24888,15052,10707,-4779,-1305,-1881,-6853,-3656,-3251,-8472,-16925,-20278,-22035,-20480,-20581,-19880,-17570,-19446,-15569,-13159,-12458,-12797,-13835,-11888,-16887,-14032,-21334,-20388,-14054,-14050,-11687,-19294,-30246,-30444,-32767,-32767,-32767,-32767,-32744,-32767,-32767,-32767,-32767,-32767,-32767,-32767,-32767,-32767,-32767,-32767,-32767,-32767,-32767,-32767,-32767,-32767,-32767,-32767,-32767,-32767,-32767,-32767,-32767,-32767,-32767,-32767,-32767,-32767,-32767,-32767,-32767,-32767,-32767,-32767,-32767,-32767,-32767
99,39.20000000000000284,4626,3041,3690,2534,2362,3119,3149,-772,2330,2493,2277,1866,1806,504,395,-78,386,-1233,212,1921,1080,2109,1680,1533,-3694,-4821,-717,1774,15508,13937,16775,16702,22189,25122,11587,6410,-3941,1876,-5075,4007,2602,-827,5301,9904,6890,280,-494,-5788,-3913,-13772,-11463,-15982,-15703,-16379,-14745,-19991,-9649,-995,12717,17124,14426,13224,30642,32767,32767,32767,32767,32767,32767,32767,32767,32767,32767,26311,10658,11116,21810,30446,32767,32767,25436,26913,23839,18382,3497,7563,5566,-95,3115,3241,-1049,-9966,-14543,-16087,-13590,-14313,-12625,-11209,-12616,-8515,-10420,-5605,-8235,-6404,-5336,-11095,-8023,-15650,-17112,-8387,-8766,-6055,-13661,-25412,-26711,-32227,-32767,-32767,-32767,-31593,-32767,-32740,-32767,-32767,-32767,-32767,-32767,-32767,-32767,-32767,-32767,-32767,-32767,-32767,-32767,-32767,-32767,-32767,-32767,-32767,-32767,-32735,-32767,-32767,-32767,-32767,-32767,-32767,-32767,-32767,-32767,-32767,-32767,-32767,-32767,-32767,-32767,-32767
100,39.60000000000000142,10604,9876,9883,9338,10674,9601,8704,10006,9922,8881,10480,8556,9280,9189,8165,6444,7417,5777,6765,10053,9630,8713,9601,9391,3826,1148,7041,7734,20908,20503,23082,21608,28040,28731,17345,15907,3278,6693,-27,9638,5536,2262,7023,12248,9461,2673,2984,-3096,-1786,-10568,-7436,-11426,-10568,-11275,-10005,-13978,-2894,5764,20407,26526,22585,22269,32767,32767,32767,32767,32767,32767,32767,32767,32767,32767,32767,23310,5717,4261,14494,23246,32767,32767,25350,29533,27229,22349,10614,13813,9559,3678,6287,9057,3369,-4660,-8687,-11103,-7947,-8177,-7949,-4955,-8300,-2907,-3126,-1875,-2079,-3279,-961,-7317,-6918,-13414,-11945,-4606,-4460,-1678,-9238,-21028,-22131,-29401,-32076,-32623,-32751,-29163,-32183,-30660,-32767,-32767,-32767,-32767,-32767,-32767,-32767,-32767,-32767,-32767,-32767,-32767,-32767,-32767,-32767,-32767,-32767,-32767,-32767,-32075,-32767,-32767,-32767,-32767,-32767,-32767,-32767,-32767,-32767,-32767,-32767,-32767,-32767,-32767,-32767,-32767
101,40,14695,14547,15498,15129,14675,15030,15068,15359,14161,15044,15394,15675,15084,13071,12752,11454,12936,11580,12144,13987,15197,15107,14147,14290,11067,8512,11830,14795,24499,24955,26052,26896,30818,32067,23730,19026,9137,10989,4221,12891,9055,6712,10104,14356,10309,5184,5746,-1735,197,-8180,-3685,-6721,-6670,-6183,-6652,-8652,1925,10499,25789,30902,29697,29195,32767,32767,32767,32767,32767,32767,32767,32767,32767,32767,32767,20556,2452,-2479,8587,17318,29245,32011,23312,29536,32026,27733,14907,19160,14919,8174,11381,12266,8547,-88,-4715,-4352,-3247,-2809,-1672,-1193,-3575,172,2528,1694,-560,997,1181,-5641,-2290,-7229,-8470,-668,-112,2526,-4499,-17161,-18402,-25803,-29440,-31142,-32122,-26171,-30392,-28912,-32543,-32767,-32767,-32767,-32767,-32767,-32767,-32767,-32767,-32767,-32767,-32767,-32767,-32767,-32767,-32767,-32767,-32767,-32683,-29876,-32767,-32416,-32767,-32767,-32767,-32758,-32767,-32767,-32767,-32767,-32767,-32767,-32767,-32767,-32767,-32767
102,40.40000000000000568,17414,19310,18866,18251,18853,17766,18943,18625,18437,18164,18114,17314,19080,18138,17422,14630,17311,15502,16857,18868,17977,16627,19083,17514,15181,12945,16715,18317,25761,26413,29378,29154,32258,32237,24897,20999,12016,13818,8268,13956,9894,7957,10105,11687,9842,5231,6101,-1022,148,-6426,-1589,-3109,-2434,-2311,-427,-2830,5959,16912,29094,32767,32767,32538,32767,32767,32767,32767,32767,32767,32767,32767,32767,32767,32432,17487,-1439,-6192,2403,10227,22418,29907,20188,28069,31762,29218,19507,22360,17466,11704,14276,16166,11456,3849,1410,-235,2201,3562,1479,2478,245,4635,4289,4885,3224,3891,2459,-1273,1127,-3611,-4132,3913,2805,4923,296,-12429,-14386,-22315,-25423,-28967,-30201,-23449,-26815,-25415,-31911,-32767,-32767,-32767,-32767,-32329,-32767,-32767,-32615,-32767,-31663,-32767,-32767,-32767,-32767,-32767,-32767,-32767,-31575,-28021,-32447,-30581,-32767,-32767,-32767,-32489,-32642,-32767,-32767,-32767,-32767,-32767,-32767,-32767,-32767,-32767
103,40.80000000000000426,20858,21661,22198,20815,20774,21069,21423,21580,21283,20645,20634,20000,20629,20520,19690,18846,18244,19249,19239,20156,20801,20057,21065,20706,18723,16223,19778,20363,27128,27107,29983,30239,32420,32193,26051,22925,13407,14066,10346,15727,10505,8494,11437,11349,8970,6579,7420,719,1574,-4138,91,148,1905,1529,4114,1843,11336,19958,30900,32767,32767,32767,32767,32767,32767,32767,32767,32767,32767,32767,32767,32767,28929,14453,-4360,-8861,-3198,3548,16969,23686,17705,25934,32223,31120,22900,24986,19830,14948,16597,18060,14491,7455,4905,2250,4293,5462,4786,3555,3582,6620,8028,8919,6625,5472,5786,962,4393,-317,-587,6077,6346,8615,3317,-7997,-8957,-15786,-21309,-25360,-27040,-19940,-24382,-22371,-28366,-31848,-32767,-32767,-31571,-29056,-30319,-32278,-31300,-32732,-28873,-32619,-32399,-32767,-32767,-32767,-32767,-32767,-29003,-25001,-31041,-27970,-32767,-32767,-32767,-30888,-30716,-32037,-32767,-32767,-32767,-32767,-32767,-32767,-32767,-32767
104,41.20000000000000284,22873,23079,23457,20873,22978,22551,22516,22346,21676,21665,22282,22137,21306,20890,20060,20686,20789,21624,20830,23044,21890,23852,22807,22474,20423,19231,22034,21531,26088,28240,29908,28352,30726,31676,26366,22784,15008,16142,11997,15778,11094,8635,10709,11680,10151,7013,7652,2307,4179,-1411,4149,2653,5023,5891,9273,7197,15830,24859,32741,32767,32767,32767,32767,32767,32767,32767,32767,32767,32767,32767,32767,31924,23577,13273,-4798,-13674,-8638,-630,10189,21497,14976,23192,32611,31099,25905,26175,22017,17260,18703,22248,16422,12439,8021,6884,7183,6916,8164,8956,7196,10630,13141,10001,8930,9451,7900,2827,7536,2916,3119,9774,8443,11600,6155,-3166,-4890,-12402,-17008,-22067,-24308,-17418,-21993,-19098,-25107,-29927,-31720,-31406,-28923,-26186,-26988,-29258,-27259,-31821,-24977,-31414,-30030,-32767,-32767,-32767,-32767,-32767,-25835,-22830,-28041,-25020,-31884,-32745,-32767,-28224,-28460,-30213,-32767,-32767,-32767,-32767,-32767,-32767,-32767,-32767
105,41.60000000000000142,22351,23157,23055,22886,22570,23416,22836,22454,22425,22520,22759,22377,23836,21909,24216,21733,21380,21482,21889,23386,22974,22503,23961,21906,21280,19015,21480,23078,26050,26681,26570,27858,29311,27365,25283,21451,15979,14933,11707,14692,10962,7898,9649,10473,8311,8118,7471,2703,3626,1119,5454,7797,9020,8601,11077,11859,20943,28791,32764,32767,32767,32767,32767,32767,32767,32767,32767,32767,32767,32767,32767,28242,21936,11616,-5058,-16584,-11851,-5627,4546,15949,12428,19133,31020,31393,25770,27241,23839,19897,21933,23458,19225,13019,12207,8878,11361,10310,9837,10010,10525,13567,12963,14328,10645,9902,9868,5531,9120,5545,6375,12115,10978,13015,8690,1224,-611,-7786,-13436,-18838,-21446,-14498,-18250,-15540,-22012,-27412,-28725,-30055,-25805,-22820,-23873,-26135,-24118,-28357,-21595,-28709,-27169,-32767,-32767,-32767,-32767,-32767,-23325,-19953,-25444,-21192,-28607,-31921,-32767,-26656,-25610,-27654,-32767,-32767,-32767,-32767,-32767,-32767,-32767,-32767
106,42,22722,22806,22681,22921,22538,23378,21249,22496,21834,22785,22414,22261,22787,21685,22409,23087,21199,22371,22483,23202,23473,23244,22878,23142,21776,20308,22366,21247,25459,25753,26409,24298,25789,24863,22438,19321,14894,14092,12139,14298,9555,8008,9156,7931,8381,7582,7896,3753,4931,2859,9856,8858,10681,11784,14039,14820,23925,28960,32767,32767,32767,32767,32767,32767,32767,32767,32767,32767,32767,32767,32493,27360,20072,9836,-7204,-16249,-14210,-8993,2070,11908,8670,17019,29879,30181,27087,27757,24001,20777,23280,24380,20417,18646,14082,11835,12824,10695,11496,11664,12617,15942,17683,15226,12699,11380,9753,8965,11491,7635,10148,16056,13311,14454,12255,4666,3178,-4413,-9843,-15380,-18585,-12050,-14664,-12999,-19127,-23107,-24815,-25646,-22810,-19090,-20288,-22103,-20905,-24905,-18127,-25466,-23854,-32751,-32767,-32767,-32767,-32767,-20082,-15285,-22022,-18809,-26153,-29239,-32752,-23394,-22662,-24739,-32767,-32767,-32767,-32767,-32767,-32767,-32767,-32767
107,42.40000000000000568,21442,21895,23313,20993,21513,21684,22753,23404,22702,22594,22073,20746,21419,21233,20989,22331,21451,21893,21715,22688,20929,22876,22379,21852,21424,20644,22307,21815,23647,23072,23350,23639,23180,20844,20161,17879,13258,12405,11154,11142,9837,9311,6576,8561,5875,8175,8668,5232,6580,5474,11555,13487,13530,14457,16873,18120,26393,30602,32686,32767,32767,32767,32767,32767,32417,32767,32669,32534,32568,32616,31433,23034,17470,10566,-6434,-16784,-15850,-12358,-1103,8013,4506,12915,27006,28336,26345,26429,25040,22524,26854,24708,23499,19022,17028,14353,14549,15189,13177,17032,14977,18251,19270,18001,14373,13393,10671,10503,11750,12613,13648,16008,15134,15748,13371,8051,7265,-554,-5494,-11758,-15752,-8884,-12494,-11020,-15704,-18291,-21390,-22145,-19263,-14835,-16521,-19112,-16944,-21755,-14435,-22669,-19846,-31390,-32354,-32486,-32056,-32460,-16889,-12901,-17984,-15152,-22926,-26231,-31384,-19573,-19230,-23107,-32442,-32767,-32767,-32767,-32767,-32767,-32767,-32767
108,42.80000000000000426,19700,21561,20834,20791,22452,20964,22260,21350,21597,21569,21250,20970,21258,22788,20834,20808,21655,20702,20354,20866,20363,21054,20908,21756,21336,20654,20673,21398,20655,21184,19951,18804,18918,17464,18492,14792,11988,11320,9809,10591,7125,6215,9088,6743,5720,5598,7038,3994,6658,7087,12154,14573,15235,16789,19028,21710,27927,31660,32767,32767,32767,32767,32700,32767,32021,32767,29575,29755,29171,29015,26295,20660,15279,7526,-7526,-18089,-17308,-12779,-5430,3581,2696,9893,24532,26396,25981,24335,23811,22449,25274,24785,22594,19720,17503,16104,15839,14286,15068,15572,19073,19717,17989,18823,14763,11902,10752,12460,13789,15666,16016,17168,16693,16563,13988,11088,10665,1706,-2335,-8468,-12327,-5925,-8827,-7226,-11833,-15314,-19192,-18625,-15371,-11904,-14101,-15558,-14317,-17606,-10539,-17986,-16902,-28619,-29835,-31213,-29041,-30253,-12903,-9761,-14469,-9249,-18999,-21924,-28424,-16374,-16609,-19719,-30430,-32767,-32767,-32767,-32767,-32767,-32767,-32767
109,43.20000000000000284,20547,20155,20121,18821,18908,20701,19808,18654,19774,20322,20333,20483,20075,19593,19931,20503,20835,20424,19803,21397,18942,19391,20412,20615,19112,18872,19823,19492,19464,18918,17187,16358,15000,14303,16614,13318,11112,10028,8674,9301,7099,6390,6987,5830,5935,4936,7498,5165,7776,10127,15519,16005,17839,17785,20645,22768,28101,31258,32129,32582,32767,32767,32281,31567,27884,31843,24576,24861,24577,23274,22648,16902,14514,8220,-8355,-19206,-16906,-16051,-7640,1510,882,6957,21142,23186,24903,22612,23149,22204,24959,25618,25189,21106,18884,17833,16669,16782,16293,18511,18887,21504,21660,20208,16302,17205,12433,14310,16044,15930,18017,20478,18078,17296,17351,11710,12748,6217,638,-5983,-10252,-3511,-7010,-3410,-9059,-12013,-14998,-15268,-12110,-9548,-10428,-11722,-10413,-14326,-7104,-14116,-13946,-25091,-27015,-27898,-26136,-26409,-8707,-6679,-11595,-8038,-15428,-18912,-24872,-12900,-13684,-14898,-26975,-32767,-32767,-32510,-32538,-31804,-32767,-32767
110,43.60000000000000142,19630,19233,17308,18578,17538,17138,16232,18561,18904,18805,18647,19616,18134,19092,19221,17721,19797,19950,19139,18528,19990,18650,19338,19059,19732,18339,17333,17271,17328,15848,15564,13895,13149,11234,14209,11884,9982,8713,7592,8314,6341,5452,7178,5189,3915,5882,5103,6284,8827,10708,15205,16724,17746,18064,21642,24478,28950,29860,30239,32220,32767,32767,31965,29107,25445,27568,19346,21157,18370,17480,18450,15745,12278,5668,-8470,-16998,-18231,-15915,-8971,-2877,-319,4328,17669,21672,22122,21168,22484,21590,22411,22867,22655,21550,19740,17690,18467,14667,16320,19645,20234,21352,21059,19894,16345,16205,14732,14084,15919,16754,19981,21244,18520,19418,17999,14671,13801,7443,3076,-2436,-6425,-129,-3330,-1716,-5738,-6980,-11551,-12734,-9069,-5658,-7229,-9062,-7105,-11311,-4745,-12339,-10386,-21901,-23401,-26038,-24359,-24322,-5250,-4628,-8755,-4111,-12391,-14864,-22004,-11662,-10180,-11615,-23858,-32714,-31818,-30556,-31324,-30230,-32728,-32767
111,44,15635,16239,17775,15082,17440,17660,16251,17573,17863,17891,16942,16551,16742,17903,17605,18061,18314,18382,17843,16280,17818,15884,16562,17779,17068,18937,14311,15539,15023,14303,11013,11376,9774,9905,10557,9521,8919,6560,6364,6660,6384,3826,5963,2809,4320,2945,4437,7326,9224,12394,15043,17405,18117,19778,20324,24867,28419,26468,28690,31131,32767,32688,30145,27340,22377,25237,16328,16235,13186,14764,14150,10507,9432,3801,-7896,-18216,-18375,-16603,-9858,-2574,-4506,1589,16102,16646,19151,19423,19237,20478,21160,21721,22043,21896,21520,18300,17515,14799,17741,19452,19672,22616,21803,19531,17139,13623,14512,16538,18011,19579,21073,20779,19161,17109,18909,15594,16593,10043,4623,-174,-4541,-779,-1043,779,-2949,-6794,-8606,-8887,-6070,-4312,-4716,-6016,-4034,-9275,-1374,-7959,-7521,-18194,-21092,-23116,-20538,-22026,-2981,-1518,-7224,-3649,-10268,-12861,-19545,-6044,-7326,-9570,-20236,-31417,-29310,-28312,-28841,-27604,-31394,-32574
112,44.40000000000000568,16090,14213,16382,16065,15257,15548,14950,16111,15382,13733,14831,14469,15307,15837,14605,16044,15859,15127,16514,15239,14647,16800,13983,14657,15060,15573,14871,14186,11729,11305,10257,7320,7043,6524,8969,7406,7890,7819,5572,4479,4621,4185,4249,2495,2850,3178,3911,7237,8963,12281,15665,17526,17566,19359,20104,23445,25291,26321,26663,28460,31415,32016,27237,25271,20607,22562,11036,11571,9282,8622,9801,9447,6975,6695,-7687,-16886,-17333,-17166,-12159,-4102,-4800,223,10273,14808,17399,16920,17611,19318,21423,21799,20526,22284,19892,18831,19144,18056,17138,18068,21593,22494,21619,19239,16809,15444,13838,14305,17565,20422,19686,18848,18436,16577,17739,16971,16065,9888,8022,2426,-1169,3668,3045,2487,350,-3201,-6297,-6293,-4030,-1716,-3425,-3519,-2089,-4907,4,-6304,-4992,-15555,-18043,-19939,-17849,-17768,-1227,2871,-3865,-626,-6956,-7677,-14793,-5239,-5354,-6740,-15708,-27754,-26925,-25646,-25237,-24626,-29020,-30523
113,44.80000000000000426,14734,12525,13961,12355,14949,14361,14707,13739,15924,14372,13750,13253,13507,13901,11577,16073,15936,13944,13131,14144,14705,14324,14529,14738,14443,14015,13773,12454,10058,9718,7561,5811,4991,5283,5931,7394,6717,7532,5061,4271,4072,3412,2552,2979,1230,2524,4269,5059,10216,12962,14747,17700,17379,18844,20407,20765,23222,23278,24791,25419,31219,31988,23416,22682,17519,19431,9348,9263,5656,3931,5766,6440,5953,1498,-7294,-16937,-17424,-15870,-12762,-5976,-6869,-4711,10722,11699,14328,13827,15459,16683,19284,18847,20285,21491,20048,19337,20813,18158,18371,19003,20418,21987,20747,19203,17438,16571,14058,15222,16650,20438,19658,16498,17708,15455,18407,14983,17265,13327,9075,5009,904,5092,3675,4578,1495,-982,-3797,-3690,-1900,-714,447,-1056,400,-2601,2070,-3210,-3763,-11901,-14510,-17107,-14983,-14341,2137,4794,-151,3588,-4465,-5276,-11562,-1964,-2347,-3543,-13774,-25570,-23679,-21984,-22388,-21444,-26305,-27185
114,45.20000000000000284,12270,12040,12800,12495,12102,11749,13369,11200,11615,13005,12236,13064,13234,13129,12577,12674,12753,12940,13233,12746,12249,12773,11229,12219,12426,12514,12142,11627,7853,6822,3679,3877,1906,1589,5463,4811,5037,5982,4489,4628,4489,3240,1337,2502,1410,2079,1450,5759,9647,13482,15453,16141,18149,17946,18496,20693,20855,21049,20615,22166,27323,28719,21843,21067,16212,15032,6861,4895,2472,1282,1427,4599,4773,2890,-5856,-15730,-15989,-15527,-13010,-6709,-8822,-4830,6264,8519,14044,12824,14254,15910,16334,16805,20033,20650,18079,19680,19547,17844,16739,17863,19270,20305,21056,18198,16832,15001,14001,14729,15581,20014,18961,16366,15552,13645,16520,15570,17644,13913,10542,6972,4206,6656,4815,7200,2349,630,-2376,-2675,-655,850,2232,1880,2967,-763,2415,-1009,-912,-9826,-12019,-14761,-11492,-12089,2731,7049,1692,4364,-2657,-3491,-8851,532,667,-1763,-9972,-22081,-20294,-19469,-19231,-17066,-22677,-25348
115,45.60000000000000142,11650,11796,11449,10897,10141,10599,11424,9845,9565,11426,10982,10533,12671,9632,11662,10593,11513,10991,9970,9881,10095,10894,8327,11550,11129,11411,10913,9764,6039,7639,2194,2213,1369,1365,4518,3249,4164,3315,2955,2702,2450,3303,1523,1520,216,1207,3035,5854,8573,11736,13799,14472,16235,15625,16668,17514,17909,15521,15179,21356,25609,26119,20391,18328,12309,12678,3566,2720,-1474,-1706,-1146,3109,2911,2301,-5354,-14967,-16013,-13909,-12638,-6810,-10134,-6354,3586,7472,9860,10494,11255,12724,15911,14351,17848,19123,18726,20240,19209,18729,17695,17419,18890,19776,21282,16696,17109,15552,15751,16406,17630,18770,17945,15405,13559,13395,16964,16606,16080,15212,12101,10228,6720,8150,7810,7268,6484,3930,-130,-875,525,1204,3502,2698,2852,1717,5975,710,1471,-6824,-9458,-11018,-10731,-8984,4260,8124,4137,5072,1053,-1423,-6501,1894,2488,1661,-7589,-18957,-16844,-15651,-15019,-14993,-20111,-22262
116,46,8158,9304,8790,9000,10356,9152,9295,10514,8471,9383,9645,10669,8274,8919,9821,10489,8839,8759,9812,10140,9055,7016,8753,9124,9037,9112,7481,7707,3590,3313,855,82,82,-868,3011,3051,4764,4026,3957,2128,2813,1452,809,1394,1176,842,2063,4550,9298,10277,12846,14020,13533,15620,15339,15789,13019,15165,12543,15863,20064,22007,18228,15712,10616,12066,3204,-19,-4444,-4220,-4513,-629,833,1823,-5459,-13717,-13924,-13578,-12541,-7763,-8319,-8345,899,6199,9194,10160,8853,10158,11285,11753,14102,17162,16278,17231,17570,16750,17099,17393,18882,19155,19288,19947,14852,15227,13710,15491,17249,18121,16635,13945,13187,13607,14270,15743,14664,16482,14221,12454,9109,10703,7534,8340,6121,4140,1694,1438,581,2734,4090,5068,4691,4287,5886,3420,1882,-3935,-7577,-8483,-7784,-7851,5694,7072,4538,5500,1833,574,-4555,5309,3963,3865,-3977,-15031,-14265,-11399,-13212,-11183,-17617,-19152
117,46.40000000000000568,7082,7218,9065,6957,6343,7437,8137,6980,6705,7335,8501,7631,6770,7863,7452,9157,7896,7233,6968,7333,7952,7703,8048,7112,9437,8715,7012,5899,2903,2633,-669,-179,-718,-1025,1775,1772,3193,3631,3072,2209,2542,2539,-183,1426,934,1061,3401,4503,7131,12036,11377,11958,13989,14331,13993,13265,12112,10588,10357,13511,17841,20213,15612,13604,8061,9298,664,696,-5081,-6476,-5131,-1081,24,205,-4353,-12180,-12803,-14073,-12146,-8280,-9245,-9601,-1138,3033,7399,6449,7295,9219,9498,10525,13648,15106,18185,16176,17971,16607,17801,17172,16087,18581,17455,16618,15579,16005,13331,15962,14596,15050,14975,12305,10365,11142,12434,13041,14246,14133,14571,12263,10737,9442,8941,10430,8402,6090,3375,1563,4409,4582,5344,7593,6464,4422,8393,2364,3585,-2559,-5527,-6425,-4677,-3912,6272,7387,6042,7053,2358,1760,-2476,5765,5262,4604,-2403,-11913,-10455,-9316,-10487,-8673,-13734,-15531
118,46.80000000000000426,6441,5884,7090,6111,6608,6391,6475,7173,6620,7093,5752,6001,5514,7439,6434,7222,7808,6427,7766,6195,6495,5889,5786,6926,6184,7036,5765,5289,2381,90,1312,-1622,-1567,-2691,366,1020,3323,3764,3362,3442,2323,1295,225,672,178,1104,2059,3976,6304,9439,8982,12326,13355,11805,11460,11201,8485,7936,5745,7458,14089,16469,13010,9940,6816,7542,-450,-2146,-6935,-7623,-6962,-4463,-638,-81,-3876,-9761,-10012,-11302,-11464,-7591,-10498,-10086,-3045,1762,5967,6487,6339,8163,8750,8270,10998,12162,15094,16267,16855,15748,15890,14721,16185,16120,16766,14487,14479,14711,14920,15047,12586,13958,14770,10598,7917,7278,11221,13207,13296,14074,14961,13714,12158,9172,8467,10965,8662,7016,4202,4514,2935,4339,7034,7665,7050,5791,9258,4244,5243,-1204,-1955,-5090,-4156,-2191,6242,7183,6836,5281,3444,2782,-145,5079,5630,5506,-65,-10048,-7488,-7043,-7196,-6444,-12199,-13842
119,47.20000000000000284,4801,5463,4258,4342,5282,5218,4316,4615,6090,4927,5218,6362,5411,6296,5887,4539,5858,5103,5485,4911,4960,6286,4918,5609,6748,6472,5740,2499,930,-1094,-886,-387,-3049,-1291,529,412,1121,2240,1683,929,625,341,-356,863,738,-736,2476,3694,5816,7649,9331,9632,10733,12144,10002,7816,6290,3779,3795,4518,10655,13593,9523,8981,5794,6893,-781,-3615,-6989,-10323,-9610,-4608,-2322,-611,-3694,-10928,-8834,-11227,-10371,-8531,-8466,-12135,-4466,1259,4951,4599,6116,5542,6723,5895,7095,13607,13288,15912,15118,14236,14929,14258,15628,14885,15883,13890,12982,12202,12556,14576,11900,13153,11620,7990,6734,7324,9597,11870,12541,14552,14742,15216,12519,10644,9542,11648,9277,7344,5083,4374,5399,6164,6894,8061,7888,6760,8448,6808,6081,1430,-2364,-3537,-2592,-2100,5839,6317,5826,6142,3786,4774,206,8227,7321,5174,2133,-6693,-5796,-5375,-4639,-3638,-8487,-11296
120,47.60000000000000142,2918,5170,4334,4761,4772,5214,2808,6320,3726,4275,4907,5101,6030,3815,3310,5346,5238,6426,3656,4633,4978,3325,4400,3856,4768,4584,4486,2941,-604,-640,-1421,-1516,-3318,-1249,-429,-23,-86,856,1925,-1087,-119,1217,-766,-226,1421,2652,1237,4825,6552,7706,8372,8429,9924,10444,9722,6554,3781,2759,1373,2659,7975,10151,7154,7820,4276,5827,-323,-3738,-8164,-10233,-10074,-5547,-2703,-695,-3337,-7921,-6882,-8962,-9886,-7671,-9280,-12644,-5067,-1159,3795,3732,3979,4655,6698,5127,7979,9059,11857,13988,13508,13768,14213,12771,14358,13821,13136,12524,13001,12899,8727,12781,12327,9740,9394,5124,4558,6291,7931,10169,11506,13730,13823,15844,12465,10489,8630,11052,8815,7912,5776,5812,4348,6412,7994,9313,7059,6792,9797,5477,7399,2244,938,-1197,-53,-591,7333,7224,6278,7043,4493,4153,1320,11399,6459,7567,1884,-3936,-2241,-2472,-2251,-868,-7172,-8603
121,48,4231,3474,3910,4117,3199,4873,5192,3159,2995,3472,4573,3804,4231,4632,4188,4856,3694,2510,4912,3901,3279,4948,3566,5019,3006,3847,2535,2306,-656,-1611,-2348,-2580,-1719,-3024,225,72,1274,1446,482,393,920,428,-1581,0,706,1054,1637,3487,5875,6027,6832,7379,8681,8467,7936,5425,1667,-1295,-2076,-55,2659,7046,4320,4906,4747,4606,-1625,-4583,-8019,-9462,-9142,-6435,-3557,-889,-2870,-6769,-7395,-7319,-10880,-6341,-8526,-12499,-5973,-2250,2383,2024,2050,3844,2949,3296,5185,7478,9408,11454,12208,12759,12007,11993,9601,11705,12515,12276,12085,11560,11339,12001,8994,11789,10003,5591,3685,5405,7456,8435,9975,13228,14647,14465,14029,10463,10584,9765,10339,8102,6687,5319,5310,5541,8485,9205,8292,7143,9164,8035,7537,4163,262,179,1731,601,7726,4454,6061,5151,4335,6431,3713,5982,9242,7477,1752,-1363,-747,-886,-403,-792,-4969,-4898
122,48.40000000000000568,3297,3158,4017,3023,3901,1756,3218,1293,3470,3479,3588,4194,2573,3382,3792,4296,5010,4945,4055,3329,3197,3336,2123,3981,3396,3858,2659,947,-2354,-958,-2210,-1551,-2752,-1372,-1774,-894,-251,-190,704,-1961,-1032,-916,8,650,1980,1205,1562,4008,4791,6746,5733,7388,7364,7296,6078,4044,363,-1976,-4240,-2914,616,4741,1697,4506,3540,3623,-970,-4237,-7041,-10316,-10889,-9454,-5232,-1245,-1936,-4245,-5705,-7482,-8023,-5582,-8694,-11621,-6419,-2158,1838,434,1700,2279,2752,1602,2941,4765,8162,7932,9093,11562,10790,11716,10738,11418,12442,8965,10027,9327,9784,8222,7348,6663,7072,4460,3313,3072,5153,7478,9000,10308,13713,13117,12970,10316,9167,9182,8787,9677,5860,5745,4761,4982,8436,9075,8972,10374,8324,6033,6482,3045,2091,1102,2279,2511,8517,6381,5100,4721,2942,4343,4362,7976,7134,6675,3318,-394,1129,1830,1237,2051,-1940,-3609
123,48.80000000000000426,3457,3490,3977,2918,2725,3278,2491,2477,2917,3240,3269,3669,3227,3802,3701,5245,4567,2840,3055,3017,3205,2817,2752,3062,4165,4312,2840,2368,-1727,-1376,-1950,-2076,-1365,-1241,-3369,556,-542,-750,143,-1719,-589,332,-457,30,1021,1188,2474,3845,4776,5001,4516,5336,5974,5241,5396,2691,-1580,-3696,-5701,-4703,-1816,1966,-453,2949,4235,2658,-1438,-4883,-6670,-9406,-10788,-8724,-4965,-1828,-897,-4021,-3410,-3898,-6119,-6971,-8942,-11472,-6813,-3345,128,403,980,1936,1908,-309,1868,3174,7859,8371,8762,8700,10740,8916,10013,8401,9488,8688,8448,10875,8033,8714,7232,10056,5501,4706,3028,3890,4731,7367,8086,8966,13654,13209,13739,11391,8482,9511,9077,7881,7216,5858,3892,7125,7951,9552,9299,7988,8865,7057,7941,4763,2777,1451,2263,1695,7392,6785,5722,3805,6491,4762,5950,5839,8094,4823,5449,1573,2349,3554,2879,4489,-573,-843
124,49.20000000000000284,1831,1747,2466,3478,3073,2550,4722,1441,3258,1441,2610,2663,3340,2310,3449,2999,697,2863,1743,2549,2743,2129,2758,3455,3424,2035,3603,1123,-527,-2126,-1585,-2456,-2582,-1287,-759,-1867,96,-656,-1093,-1716,207,-530,-621,513,1543,2354,1252,3769,4117,5877,4720,4963,5070,4708,4175,1919,-2942,-4060,-5712,-5960,-2753,-1496,-2090,824,1887,2866,-1006,-3436,-6249,-9029,-10199,-10196,-6267,-2530,-884,-1131,-2769,-2539,-6797,-5364,-6985,-12050,-6985,-3191,514,266,525,1848,225,-858,482,3245,6533,6730,6588,8623,8600,8459,7288,6049,7515,6011,8898,9076,7654,9575,6987,5407,4706,3348,3664,2195,4246,4841,4637,9740,12482,12499,14572,10453,8296,8506,9228,8700,6460,7063,6683,6219,8551,8906,8041,7638,8087,7053,8521,5218,3764,2756,4890,4161,7458,5553,5183,5018,2000,5654,5262,7570,5250,7275,7015,4105,1978,3676,4002,6213,1601,-583
125,49.60000000000000142,2515,2520,3343,2475,1628,2103,3346,1172,3020,1537,2690,2663,2748,3356,2993,2572,2129,2446,3124,2984,2224,2284,1773,2146,2489,3645,1892,685,-970,-1463,-3419,-1544,-1182,-2905,-1492,-504,-689,-1699,-921,-1513,-133,137,-155,1232,1748,1432,2810,2520,2479,3616,2608,3820,3259,3894,2803,-983,-2828,-5494,-5940,-8318,-5954,-2103,-3220,314,914,2250,-1307,-2554,-5291,-8589,-8864,-9097,-5616,-2760,56,-2018,-1712,-3400,-4103,-5468,-7666,-11263,-6862,-3835,1144,-954,-113,609,839,408,-101,1135,4002,4770,6745,7079,7395,8208,5978,5496,5785,6940,6804,5817,5922,6195,6257,5867,3938,1930,892,633,1791,3600,5221,6850,8653,13914,12509,9872,8709,8039,7574,7344,5809,4324,5329,5351,6413,8974,8199,7648,7339,7743,7761,5262,4043,4023,2580,3596,6948,6228,3474,4153,4938,6105,5695,8349,5413,8249,5785,2846,6783,5447,5358,7932,2545,1188
126,50,2411,1021,2555,2020,2206,2036,1084,-649,1575,1589,1485,1956,2592,1539,2356,1166,1970,3352,2874,1574,1540,1823,1976,1106,2010,2952,1020,613,-1304,-2153,-1506,-4586,-1969,-2575,-1484,-1455,-950,-1526,-1174,-2618,-408,43,-297,1929,1686,2270,2960,1889,4258,2753,4243,2548,3121,2557,1275,-1639,-4029,-6213,-8381,-7269,-5162,-4145,-4497,-941,884,2151,-471,-2602,-4195,-7616,-9863,-9301,-6791,-3315,504,-186,-2355,-2653,-3835,-6008,-4890,-10709,-6836,-3351,296,-1551,-890,137,-576,-1181,-1060,169,3219,3136,4022,5216,7030,5839,6143,2991,4436,2766,5361,6035,5823,7259,4561,4246,3503,1057,740,183,1757,3771,3823,5327,9111,11065,11660,9369,10125,8372,7677,7439,5167,8075,4032,7195,7207,9676,8244,6831,8522,6875,7187,6420,4254,3363,6632,4120,6619,5452,4440,4267,3920,4500,3634,8505,6714,7532,4425,3950,7249,6500,4937,6292,4655,2641
127,50.40000000000000568,2282,1699,643,1462,1881,1458,1991,-224,1290,72,1885,2838,719,934,1774,1934,1305,1163,3154,1758,2115,1207,1792,985,1236,1172,1690,-1063,-1158,-1844,-2201,-1517,-2655,-1424,-1365,101,-894,-1933,-987,-1907,147,1006,218,1360,2308,2764,2414,2630,3298,3643,3794,2159,2278,1994,-880,-907,-3779,-6876,-7192,-8704,-7197,-5009,-4893,-3585,-713,1982,-1764,-1886,-4651,-6305,-7443,-11032,-7851,-780,-370,-847,247,-2074,-2181,-4453,-5271,-8723,-7128,-2792,248,-1168,-1222,-398,-931,-1061,-1383,-275,616,1729,2169,3795,5721,4138,3417,3142,3211,4598,4798,7478,6650,5520,3443,3128,1532,733,409,-745,-287,2709,4609,5638,7322,9833,9656,8134,7876,7610,7189,6644,5961,7093,3468,5152,7593,9468,8918,7723,7124,8488,7812,5520,5534,5253,4276,4420,5473,4210,2963,4544,2615,3666,3732,7094,7126,7196,6413,4215,2691,6129,6337,7089,6205,4440
128,50.80000000000000426,1360,1649,676,1615,1473,1221,1518,1890,1656,896,2424,399,380,1438,1856,468,1737,1648,1796,549,414,745,1109,581,2160,558,1114,-296,-1347,-607,-2574,-1629,-343,-2709,-1808,-433,-869,-272,-873,-1582,-443,1359,1416,2559,1404,2984,3619,3420,3370,3616,4184,3655,2834,1490,-632,-2343,-4459,-5775,-7048,-8760,-9225,-6715,-6567,-2562,-941,201,-623,-1802,-2258,-4531,-8988,-8526,-5510,-2480,1790,-251,-619,79,-1083,-2678,-3146,-9127,-5270,-3645,-742,-297,-1218,1120,-1603,-2939,-1377,-709,1514,1728,2225,3205,4144,2579,1814,2790,2395,1788,3602,4352,3729,4560,1169,3250,2162,407,84,-1254,-90,1515,2146,3240,6621,9156,8522,7090,6857,7036,7029,8680,7708,4773,5598,3937,6828,8819,8245,7389,6863,7802,7185,6499,5578,4556,2102,4786,5490,2719,2648,3181,3339,3820,4048,6165,7148,5928,7438,4439,3693,7479,7526,7323,4585,4905
129,51.20000000000000284,1059,1505,236,639,1746,773,276,1785,1308,235,1281,1381,1198,861,2054,1871,280,737,2673,757,1150,1536,1150,1133,1246,1817,-219,-98,-223,-1202,-1474,-1369,-3466,-799,-1137,-2059,649,-285,451,166,2199,2119,646,2691,1500,3975,3199,3448,2491,3034,1581,2150,1372,1570,-1241,-2246,-3674,-5914,-6403,-8122,-9152,-7488,-4418,-3804,-2008,500,419,-616,-825,-2745,-7083,-7294,-5452,-2622,-824,-668,-663,275,-311,-1959,-3294,-8097,-4847,-2224,-554,-60,-760,-365,-690,-1406,-1588,-1849,-425,1195,1760,2011,2498,3342,2520,-398,1312,858,3325,4174,3769,4000,2167,1565,1491,-563,-697,-1016,-1036,333,3296,1780,4767,6642,8630,8245,5049,7074,6344,7969,4788,6221,4556,5382,7650,8468,7528,7758,6317,7742,6542,6923,4968,6736,5012,5640,3743,2050,3627,3822,3433,3763,5613,5809,7387,6174,5340,5513,7702,7533,6753,7392,5907,6049
130,51.60000000000000142,-86,693,2257,518,778,585,1050,1424,1243,1204,357,1259,2967,319,2113,514,1733,852,446,952,1274,1301,1709,990,744,1390,89,-607,-288,-263,-674,-1164,-1784,-478,-1187,668,-174,-630,1043,468,1482,1885,3204,2908,3244,4029,3338,3299,2623,4458,3606,1253,769,50,717,-1481,-2716,-4278,-6768,-8567,-8055,-7269,-6129,-3733,-1697,275,850,370,-1059,-1920,-5159,-5810,-5040,-1715,1988,-342,753,141,238,-2244,-3805,-6493,-5014,-3117,-1078,-64,-1905,-837,-1711,-1116,-1314,-1220,-1582,-328,711,1508,2836,2593,1525,336,924,1511,2381,3526,2310,4043,1705,1763,-450,-485,-454,-1336,-50,-811,-229,2747,2498,4502,6778,7738,9615,7002,6792,6205,6850,4541,3848,5706,5682,7881,9288,6600,7190,7370,7263,6873,6503,5429,7156,5091,4624,5680,3158,3625,4907,5670,5454,3277,5633,7122,5494,5576,6149,7802,6676,7409,8779,6533
131,52,2131,563,1255,437,430,1395,-158,1099,875,1326,-277,1148,1082,61,1244,256,1270,516,891,1375,1247,1139,309,-129,1441,1199,-417,-611,-113,-1,-1070,-269,-1824,-1478,403,-335,253,562,1080,836,2320,3494,1747,1497,4553,3639,3447,2693,2474,3951,3300,2528,464,684,-387,-1577,-2741,-3320,-6009,-7104,-8932,-7680,-6296,-4019,-3289,-514,104,1257,507,-677,-3123,-4717,-3930,-2014,2656,340,966,1038,-775,-728,-105,-7790,-4862,-1533,-129,-969,-1088,1001,-1550,-2178,-1283,-1493,-80,417,-480,533,816,3436,3403,-18,1568,1500,1862,2591,2853,1618,73,1451,240,102,-1658,-1408,-1602,665,1903,1127,1947,4077,7683,7402,4669,6857,5510,6611,9169,4678,5395,5123,6214,8405,7621,8997,6475,8528,6726,5698,6877,5051,7119,4797,2679,2746,3820,5414,4543,4834,4270,3837,6947,5687,4354,4811,6470,9024,7294,7814,6488,6551
132,52.40000000000000568,1013,153,-1466,305,662,-1068,451,585,-491,1629,-267,-103,-407,396,534,1044,238,-285,854,328,538,1,634,551,458,1743,1281,728,-488,-537,-555,419,-869,-275,-115,-1172,334,1460,2270,2807,2133,4099,5527,3547,3834,5065,4262,3594,3034,3866,1751,820,415,-93,-14,-1032,-1592,-2681,-4776,-7014,-8343,-7212,-6509,-4462,-2048,-661,-67,-1,859,305,-428,-5244,-4033,-3121,-1352,167,363,909,71,-746,482,-4175,-4176,-2065,-468,-39,4,-1375,-815,-874,-1308,-2142,-1200,-391,-581,-269,1064,1310,1327,-648,900,356,2030,1787,2682,1486,1487,-1836,1617,-528,-985,-1488,-2601,-1312,-480,1889,1511,4814,6256,5158,6693,7253,6128,5370,5960,4740,4648,4970,5922,9351,7098,8526,6767,6444,6275,5795,7272,7561,5206,6283,3673,2853,4686,5413,4405,4221,4869,4267,4729,5371,6336,5331,7180,6978,5837,8448,7348,5743
133,52.80000000000000426,324,-447,-1164,-671,-1035,-1221,668,-794,-524,-335,-530,-138,361,-862,-643,921,766,-1095,-905,7,1083,871,-10,-427,861,573,-899,-1256,-373,-248,-391,-188,-1167,8,-1011,1275,378,1314,2256,3113,3411,3754,2844,3681,3834,3517,3693,4810,3379,3838,3945,3272,1631,1217,-321,181,-2560,-3132,-5045,-6489,-7828,-7432,-6616,-4235,-2947,-1259,492,1467,-80,580,-2432,-4408,-2370,-449,1839,743,1676,1130,828,101,421,-6072,-3977,-1070,188,364,-299,447,-554,-1064,496,-2504,-1794,-300,-2037,-1411,-355,350,-129,-263,154,353,1,1047,-963,777,635,1640,-577,-1212,-1433,-1148,-1919,-1418,-914,420,2421,3507,5754,4873,6330,5279,6563,5209,6533,5387,5186,4929,3602,7577,6478,8217,6015,6258,6954,6429,6924,5234,5742,4754,3245,3961,4314,3316,4639,5790,5735,5954,8602,4806,5091,6304,7927,7262,5622,7065,6965,5973
134,53.20000000000000284,-1126,287,-1074,-1967,-1405,164,-829,-849,-709,337,-876,-489,-523,-1177,-406,-947,-110,-59,-472,-7,-510,-1310,29,-258,40,-562,-1166,-519,-893,170,-102,-536,-1816,-1474,1238,432,1457,1878,1949,2260,2607,2627,4440,3984,4463,5295,6759,4112,4242,3735,2746,3352,1196,793,-212,110,111,-879,-3723,-6290,-7397,-7728,-6287,-5800,-3590,-1284,-217,862,1391,1138,30,-1632,-1294,-1583,943,479,917,-539,-853,-920,794,-4077,-4107,-354,885,1549,550,-467,-741,-937,-864,-3005,-1532,-692,-1835,509,1045,-710,791,-521,-2141,17,-854,962,1255,-1046,-1338,-823,-973,-178,-1177,-1023,-2234,-1958,-1447,-789,1107,2069,3666,1589,4845,4455,6176,5594,6353,5077,3559,2607,4964,5305,7366,7335,5354,6677,6039,5905,6432,5632,7843,3776,3311,2368,3920,5937,5773,5908,5639,6166,4902,3229,3069,4949,6789,5846,3970,6419,7288,8150
135,53.60000000000000142,161,-497,-1271,-1621,-528,-824,-559,-1571,-867,-728,-1168,-726,-1781,-1747,-415,-350,-1542,-823,-602,421,-354,-865,-203,-1183,-783,-430,-271,-808,-917,-556,-313,-778,-263,899,-47,-809,1814,1999,1972,3463,3024,4691,3823,3095,4969,5493,4418,5121,4275,3223,2260,2554,1134,1405,248,857,-413,-1423,-2313,-4843,-5806,-8570,-6759,-6664,-3515,-1876,-83,195,1824,995,1454,-321,528,-1460,956,3167,1491,518,247,200,537,-4650,-4472,-787,1063,1244,683,1285,-767,-733,-2398,-2326,-1597,-1210,-533,-1433,-936,-610,-1294,-625,-749,-474,-1585,2148,237,1333,47,-2009,-144,-1441,-622,-2726,-2385,-2252,-1106,-1382,-327,478,2662,4739,2723,3849,3890,6022,8437,5585,2924,4169,4912,5524,5443,6556,6541,6706,5543,6439,6482,4373,5946,4283,1419,2600,4262,3807,5936,5732,5655,3530,4058,4766,4464,4230,3271,6396,5932,7897,6952,6630
136,54,-2172,39,-1516,-2284,-682,-248,-1311,-1542,-788,-1710,-1840,-1165,-1880,-773,-954,-379,-1650,-739,-344,-1680,-895,-1465,-1608,-1089,-899,-1863,-702,-1610,-868,-365,-849,-770,-1491,455,-389,-261,1072,2012,2832,3381,4066,3893,4385,4945,4861,5292,5141,4097,3993,3764,2577,3029,676,533,811,889,264,-2510,-1659,-5291,-6396,-8456,-7570,-5851,-4408,-1712,-1537,813,1231,1808,2327,-766,-820,-482,-122,3336,1496,1871,2553,278,-333,-4939,-4598,-1831,324,929,796,-830,47,-1471,-2695,-2872,-778,-1142,-1964,-1705,-1343,237,-627,-2568,-957,-3254,-927,398,92,-813,586,-644,-2048,-1664,-1787,-2932,-3575,-1868,-1351,-1309,-23,-1136,447,2368,3225,1968,5204,4960,6404,5511,3740,4095,3152,3645,5211,5370,6174,5686,6712,6402,5690,4970,5259,5031,4312,1541,4013,4759,5064,4377,6846,4761,3414,1907,4027,4127,3605,2215,3151,4458,6917,7801
137,54.40000000000000568,-1258,-1704,-2327,-2428,-1533,-1362,-2338,-1247,-1360,-2432,-2024,-2601,-2201,-1264,-2431,-2748,-2195,-1939,-904,-1701,-1398,-1571,-2190,-2103,-1573,-1342,90,-2084,-684,-102,245,-1167,-2036,-834,147,1771,922,1467,1808,3605,2980,3109,4464,3674,3212,4577,4864,3115,3808,4112,3896,2422,792,-357,784,1356,923,-841,-2784,-3983,-6285,-5064,-6881,-7035,-4529,-2487,-2228,1058,1967,2072,3923,1848,-292,-1420,2472,2825,1820,462,452,1861,672,-4116,-4530,-1234,270,1286,370,-368,-37,-984,-2245,-702,-1236,-1654,-2062,-2464,-1732,-387,-429,-108,-1326,-399,-465,-593,498,754,-1833,-720,-649,-1573,-2156,-2697,-1757,-1614,-2396,-2578,-99,-1061,-148,2319,1807,2349,2175,6855,5058,5154,3054,2509,4037,4882,5239,7012,5163,4907,5398,5788,6351,5233,6098,4481,2627,3055,4344,5010,4482,6015,2816,2522,4033,1947,2878,4643,805,5549,7312,4299,4635,6484
138,54.80000000000000426,-904,-1662,-1236,-1854,-1583,-2189,-2820,-2058,-3260,-1884,-2722,-1389,-3802,-2403,-2689,-2048,-1933,-2335,-1104,-1725,-1065,-2654,-2460,-2041,-2096,-2890,-721,-2291,-2024,-1002,4,-787,63,92,-1299,1970,2105,1511,2760,3294,3273,4212,4463,2949,4178,4456,4569,4361,2826,4218,3421,3080,1261,345,404,-375,1775,-688,-2256,-3220,-4999,-6288,-6128,-5286,-5840,-3281,-1746,-791,401,1994,2511,1225,310,319,2089,2861,333,2211,552,390,14,-2938,-4231,-1378,1046,758,-417,38,1625,-434,-1217,-1162,-2065,-2050,-2105,-1252,-190,-1311,-450,-1016,-2399,-1773,-1443,-290,-2981,-1918,-1097,-811,-1902,-2229,-1803,-886,-1696,-2068,-3526,-379,-1613,-1900,2074,-385,122,729,1704,6899,5253,5278,2518,4564,2193,4241,4300,4336,5067,4610,4451,6746,4551,2660,3532,3152,2552,3967,3785,4003,4314,5766,6442,2129,3617,2952,2863,2300,3367,4028,3254,5460,7351,5742
139,55.20000000000000284,-1782,-1553,-1274,-2201,-1708,-3907,-2791,-1556,-2647,-1853,-2566,-2012,-3392,-1339,-2425,-2008,-3089,-1916,-2098,-2866,-3085,-1923,-1393,-1967,-1389,-1180,-927,-1340,-1200,-1212,-1163,-1488,-1665,-612,903,1731,1432,1303,2484,2765,3107,3569,4575,4500,4594,5761,4360,5618,3202,2313,2091,2799,1742,1272,908,861,132,-1226,-2256,-2874,-5644,-5375,-4758,-5087,-6412,-4095,-2802,-1044,25,1714,3746,2896,1332,1628,1714,1635,1578,1247,2003,1370,1011,-1694,-4359,-2514,408,580,1308,-182,-47,-1497,-1008,-1639,-2340,-1870,-1797,-2857,-1806,-1795,-1409,-1827,-1424,-1511,-2431,-1668,174,-559,-1060,-2642,-969,-1178,-2387,-2598,-2249,-1591,-2359,-2210,-1405,-1094,-2388,-1480,-19,1478,977,2884,3589,4943,2539,-35,1128,3449,3740,5461,4529,4049,3709,5524,5998,4323,5559,3548,4145,2993,5000,3636,3716,2350,4644,3714,1131,569,1077,3431,1380,3090,5577,5718,5776,6338
140,55.60000000000000142,-2572,-2272,-2370,-1909,-2817,-1998,-1900,-4096,-2418,-1713,-2610,-2463,-2991,-2324,-3144,-2844,-3227,-2632,-2890,-3068,-2989,-3263,-2620,-2845,-1844,-3467,-2248,-1732,-2251,-1205,-1420,-1354,-1515,-530,-261,66,1592,2082,1853,2779,3089,3664,4259,3059,2874,3106,3996,2243,3127,3664,3361,1801,1465,857,375,1741,2235,549,-540,-2293,-4952,-4907,-4182,-6298,-5343,-3302,-2188,-634,524,1335,2067,2000,1261,-778,-427,1235,2433,2473,1881,-808,888,-2684,-3922,-1878,-302,860,1002,387,-236,-369,-1033,-1069,-2580,-1928,-2424,-2174,-1484,-1501,-959,-2660,-2322,-1129,-2210,-345,-2295,-1200,-532,-3224,-1128,-1592,-1064,-1412,-2197,-1936,-2629,-3259,-2165,-1445,-941,-1364,207,944,1014,2703,5440,4367,5819,1014,1006,2886,3816,5474,3830,3572,3616,6730,5492,5378,5662,5346,3450,2123,4057,4372,4615,4226,6589,2026,1528,516,1706,3000,3310,1769,2178,4856,3607,5018
141,56,-2170,-1831,-805,-2530,-2595,-2500,-1269,-2555,-3438,-2996,-2952,-1634,-2651,-3258,-2732,-2434,-3122,-1963,-1494,-2583,-3100,-2628,-3215,-3738,-3056,-2207,-2425,-2287,-1705,-834,-1196,-790,340,714,964,-188,641,2550,1244,2448,3119,4149,3707,2410,3318,2955,3451,3643,4120,3721,3112,3632,1639,30,299,2386,1757,-84,-364,-2680,-3950,-4253,-4645,-5253,-4814,-4662,-3333,-1233,-274,566,2555,3054,834,-320,1562,1607,355,865,-2673,-2740,81,-2343,-3655,-1503,-1085,613,730,301,-420,-472,-1808,-895,-2410,-1464,-1880,-1228,-1542,-2068,-1429,-1057,-1785,-1142,-2383,-2268,-2170,-550,-1179,-3009,270,-861,-960,-1797,-1191,-1683,-977,-1630,-1521,-3309,-1835,-1547,-171,440,1882,1059,3171,4185,3667,1404,1355,2567,2109,4119,4040,4991,3772,5708,5122,4564,4887,2744,2316,4030,4442,3816,3767,5693,3538,2692,996,1047,90,2527,906,3431,4413,4538,5180,4669
142,56.40000000000000568,-3617,-1455,-1598,-747,-1718,-1586,-1805,-2645,-2059,-1833,-3175,-1261,-1763,-2942,-3534,-3554,-3090,-2359,-2296,-2063,-2461,-3134,-2006,-2010,-2899,-2375,-3002,-2353,-1114,-830,-2389,-2122,-1688,-483,372,962,2233,1383,1307,1767,3074,3115,1727,2967,3361,3637,2979,3067,1424,4392,2614,2577,1797,1752,296,1263,781,-353,39,-1320,-2856,-4718,-5314,-5401,-5617,-4472,-3243,-1727,-716,-937,1591,2733,2068,-126,1761,2515,2480,1295,-1333,-547,291,-1992,-3208,-2785,-294,875,43,557,1148,-882,-2413,-142,-1622,-1128,-1497,-1014,-1073,-2048,-742,-1594,-2197,-4148,-2392,-2467,-984,-2151,-1099,-51,-1554,-3144,-1810,-1636,-1636,-2198,-1630,-2998,-2331,-1781,-2005,-2201,-1347,-1051,736,830,2549,2918,3100,824,131,2889,2819,3749,3264,3639,5002,6470,5111,4404,3763,3132,2896,2195,4167,2794,3789,4462,3185,2216,2090,472,1680,1306,1532,2640,2687,3706,3035,4256
143,56.80000000000000426,-1188,-2169,-3353,-1635,-1799,-3009,-2930,-3948,-1469,-2520,-3239,-2565,-2280,-2561,-2485,-3388,-4366,-3200,-2787,-2230,-3028,-3058,-1992,-2074,-3000,-3504,-3498,-2680,-1827,-1672,-375,-1594,-233,-1305,1183,1266,129,1397,2110,2455,2631,3591,2990,3944,3574,4016,3032,3500,3101,4044,1691,1416,1179,1004,512,826,1400,741,-648,-443,-2971,-3042,-4428,-5525,-5563,-4919,-3791,-2545,-1362,-141,1263,2549,414,745,2340,2962,1383,-615,-2230,-960,286,-1416,-2931,-2870,-901,-976,102,-139,-249,-625,-1515,-914,-1737,-1807,-1997,-1993,-2192,-1522,-781,-1706,-2310,-2784,-2681,-327,-2608,-2129,-2517,-1724,-665,-1865,-1111,-1214,-1918,-2348,-1555,-3231,-1793,-2130,-2319,-2331,-2031,-1265,1272,125,2133,1238,1333,1013,1081,995,2480,3182,1745,2459,3169,5511,4892,4854,5805,4307,4100,3386,3544,3377,3327,4787,4920,2743,2899,1116,-95,1905,1335,1570,1530,2998,4081,3993
144,57.20000000000000284,-1589,-1057,-2211,-2369,-1433,-1969,-3264,-1975,-1553,-1748,-3380,-3182,-2085,-3307,-2807,-3549,-3005,-2445,-1411,-3063,-3602,-2221,-3530,-2512,-2473,-868,-3092,-3035,-1350,-2030,-1273,-1441,-1792,-982,187,-125,775,1618,1124,1432,1507,3035,3620,3282,4592,3571,2553,2771,2900,3014,2447,1348,1752,1347,1830,367,1348,967,-344,-908,-2503,-4281,-3942,-5074,-6439,-6104,-4568,-2916,-1388,-478,102,1050,2460,-50,2630,1054,454,-388,-1174,-2302,29,-1628,-4521,-2419,-1381,-634,71,479,-707,-696,-2012,-605,-1753,-1311,-1979,-1431,-1733,-2043,-1877,-1757,-4397,-1961,-1140,-3676,-3080,-2865,-1468,-1123,-1247,-883,-1547,-1590,-1342,-919,-649,-1560,-2629,-2383,-3417,-1788,-1117,-1921,-1342,759,254,713,3061,1160,1195,434,2070,2412,1720,3131,4015,4533,6112,6106,3450,4431,3845,1790,3692,3552,3983,2390,1975,1628,-12,1278,1227,2517,796,692,2765,2518,2469,4194
145,57.60000000000000142,-2264,-3158,-3316,-1802,-2913,-2611,-1214,-3249,-2752,-2222,-1992,-3198,-2175,-2749,-3532,-3176,-3233,-2163,-3356,-3232,-2363,-3359,-2498,-1557,-3983,-2310,-2891,-1963,-1920,-1343,-1786,-1308,-1155,602,-492,-785,621,1579,1533,1148,2463,2127,2255,3119,3435,2468,1667,3636,2574,2444,963,1037,1270,858,953,1135,372,230,776,-1335,-2162,-3705,-4323,-5315,-5788,-6235,-4472,-2787,-2215,-722,1071,468,1293,-63,1640,805,966,660,-2009,-1689,-1391,-745,-3465,-1978,-1270,-1331,-1020,-613,-330,-1384,-1401,-1347,30,-2502,-2051,-1464,-2879,-1713,-2421,-2223,-387,-2206,-2102,-2352,-2916,-2409,-1508,-1229,-1354,-2045,-435,-1666,-1286,-3284,-617,-876,-1563,-2174,-1288,-1943,-2501,-848,-915,585,-1008,198,1100,470,-1270,-29,1620,1798,1701,1695,3579,4990,4834,4526,3884,3346,2313,2474,2900,2115,4172,2685,1665,1024,-748,529,1111,1110,1231,1029,1387,2940,297,2384
146,58,-1695,-3036,-1029,-2687,-2008,-2618,-2614,-2658,-1436,-2251,-1659,-1424,-2307,-1873,-2098,-2060,-2612,-1583,-2863,-2784,-2293,-3080,-3142,-2732,-2625,-2096,-1938,-2419,-2036,-2373,-1910,-1368,-666,154,-896,-19,-826,59,1150,2396,2138,2063,664,1992,3563,459,3141,2562,3020,2566,1279,309,1894,977,907,1175,1103,878,708,356,-3624,-3385,-3546,-5091,-4579,-5105,-3810,-3795,-3055,-1037,-1592,545,1720,1041,961,371,1626,736,-2381,-2268,85,-1213,-3309,-1902,-1726,-988,20,-165,-785,-535,-1581,-1379,-1219,-1192,-1860,62,-1919,-1022,-1119,-1898,-2093,-2325,-1084,-1373,-1268,-2472,-2407,-457,-1985,-1559,-568,400,-2334,-516,-1363,-1574,-2295,-2974,-4338,-2032,-948,-724,-1052,706,606,250,1201,1100,387,841,1007,2384,2547,1458,1837,3567,3295,2590,4045,3551,2892,3300,2178,1623,1485,2689,1384,534,-578,545,1649,76,327,667,1879,2941,3224,3910
147,58.40000000000000568,-1551,-1216,-1110,-1833,-1501,-818,-2668,-1646,-1893,-2578,-1272,-1888,-3487,-2236,-2585,-1324,-1447,-1423,-2548,-3215,-1323,-2859,-2549,-2710,-2934,-1967,-2222,-3409,-1388,-1626,-777,-362,-1388,-584,414,1249,-724,79,456,1843,2037,2390,3449,2186,1351,1620,2533,1957,1789,2169,1054,1855,1223,1463,580,-70,1759,272,-529,757,-1502,-2728,-3212,-4049,-5536,-5757,-5107,-3610,-2793,-2326,-437,66,1234,677,860,2487,1364,-815,-1629,-2588,-1132,-1174,-3546,-1823,-1370,-1682,-313,194,-481,-275,-1278,-448,-448,-1203,-1697,-1013,-1538,-1771,-2367,-2044,-2420,-2121,-2914,-2568,-884,96,92,-2259,-2280,-1542,-810,-896,-640,559,-405,-1041,-1520,-2306,-1824,-3006,-1469,-1647,-818,-309,529,285,417,202,668,340,1339,2113,2096,1785,2722,3916,3945,3989,3880,2373,1429,2442,2386,2190,2480,1841,2924,-1733,-626,263,-760,1321,541,-766,878,2969,1644,2916
148,58.80000000000000426,-1912,-1674,-1363,-1706,-955,-1175,-2341,-1634,-2066,-1647,-445,-1844,-649,-1198,-839,-877,-2803,-2706,-1167,-2094,-1606,-1522,-1588,-1156,-2395,-1310,-2870,-1994,-1868,-1079,-1536,-1800,-1906,-220,471,-1315,188,-132,443,1777,1283,1378,1573,2449,599,2242,3165,2807,2539,1566,1766,1352,1245,851,766,1265,661,861,759,-656,329,-2451,-2551,-4168,-4483,-5810,-4863,-3912,-3441,-2135,-1587,-508,359,395,2309,-401,887,-1029,-2272,-2503,-312,-918,-3638,-2397,-2125,-1263,-1019,-579,-1582,-717,-905,-1519,-1234,-1005,-1663,-2426,-2857,-1141,-1790,-2801,-1761,-3517,-390,-1474,-30,-1871,-1368,-525,-1832,-899,-331,-690,-1409,55,-666,-1013,-1355,-825,-1246,-1932,-1977,-1673,-1735,-1218,232,297,501,-812,-104,626,1012,1758,1277,2952,1264,2969,4311,3940,1945,3712,2921,3515,3246,1171,2558,3500,2444,1075,-1571,546,483,976,575,1892,2301,2951,3429,4406
149,59.20000000000000284,-941,-1696,-1808,-985,-1364,-1830,-2394,-1706,-565,-1282,-984,-772,-910,-2620,-1479,-614,-2255,-2477,-1954,-1939,-1565,-1536,-3097,-1960,-1894,-3014,-3073,-2748,-1125,-1964,-1227,-670,-112,-1504,571,-400,868,-293,1218,1165,1393,991,2520,1593,2047,1888,721,1470,2417,2995,596,906,1667,489,781,143,571,823,353,1196,-773,-2192,-2717,-3124,-4360,-5778,-4485,-3866,-4204,-2371,-1068,-2549,-138,1586,1550,-932,1241,-1382,-855,-1715,-409,-1944,-3231,-2877,-1445,-1862,504,-830,-175,-1012,-550,-568,-970,96,-821,-2070,-1526,-1908,-2139,-1301,-1972,-1725,-827,-1987,-2576,-2523,-2182,-933,-1549,-738,350,-441,-1276,111,-216,520,-1473,-1729,-1926,-1092,-1237,-893,-1704,568,-60,-582,-429,285,1743,295,788,2107,1882,2199,2467,3316,2869,3047,708,2807,2115,2660,2320,2119,3215,2356,3503,1515,-1455,-550,1969,2476,1763,2895,2523,3494,1163,2994
150,59.60000000000000142,-145,-931,-1235,-774,-1836,-598,-1583,-1092,-1592,-210,-1299,-1038,-651,-2616,-3230,-1141,-2209,-1826,-2364,-2793,-1250,-2172,-1301,-375,-2126,-2618,-1545,-1227,-1170,-2402,-634,-358,574,691,-122,572,188,-1529,1591,810,2228,1670,2194,378,3246,1593,1788,2645,2360,2040,29,1676,1848,1990,138,544,890,366,521,1216,-2055,-2853,-1840,-3399,-3538,-5245,-4100,-3594,-2966,-1830,-2128,-1881,-1101,-51,2322,873,1463,21,-1964,-1375,-315,-987,-2956,-2173,-1727,-1887,-1584,-762,-611,-499,-380,-966,-1314,-2454,-576,1345,-1469,-2469,1199,-2247,-3058,-807,-565,86,-238,-1036,-16,-994,-1722,-825,-1016,-282,2,645,-251,679,-378,-355,-274,-302,-1449,-1330,-1371,-1528,-854,-531,-475,256,-680,-483,1615,1790,1377,1784,2569,2751,2909,1638,3239,2116,3727,1877,3338,1008,731,2781,2740,1937,750,2009,-425,2674,1797,282,1217,1118,-620,2723
151,60,-749,-67,-535,-1233,-789,-1476,102,-1050,626,-167,871,-939,-1165,-265,-306,-264,-821,409,-1321,-1269,-1391,-852,-2102,-2484,-3141,-2005,-987,-1457,-1190,-1501,-803,284,288,394,-607,-214,866,-876,-68,1306,1975,744,1378,2055,2081,2027,1261,1193,1695,1394,2033,579,1756,1438,2748,1144,1504,1088,1202,2144,-1043,-1490,-1924,-3183,-3341,-4552,-4347,-3701,-1996,-3352,-2630,-1446,79,-301,-384,-102,-348,-307,-2414,-2355,561,-793,-2837,-2447,-2064,-1935,-281,-48,303,-324,153,-377,681,-982,-274,300,-1571,-2565,-1613,-1539,-563,-2832,-560,-108,-739,-1652,-817,-1304,-450,-287,-646,613,-732,602,2164,1515,449,377,-446,530,-1080,-1047,-79,1044,-1273,-445,-547,-967,1208,20,1150,1193,1684,3186,2684,3866,3159,4246,2709,1765,1838,1737,3410,1436,3421,3327,2186,1806,1560,1410,1470,-378,1985,1264,1074,2475,2739,1498
152,60.40000000000000568,-85,-678,-1111,-368,-622,-902,-98,-697,-443,236,168,225,698,-403,-1003,-70,-656,-1674,-1913,-2169,399,-468,-1039,-1587,-1946,-1871,-309,-498,-1553,-1104,-1254,-143,1212,1468,721,-242,1226,590,900,683,1323,322,1605,-77,1916,1575,1338,1312,1661,2036,3709,1480,1124,1524,1709,1034,2025,2450,2611,524,391,-853,-1357,-2094,-3114,-4616,-4135,-3820,-3876,-2097,-1224,-1899,441,-44,1459,917,490,-1,-1708,-3141,-1263,-595,-2799,-3851,-334,-190,520,409,-107,-1220,1233,205,1193,-306,-141,-1757,-382,-835,-1010,-885,36,985,-632,-1439,-593,-505,1166,1382,418,-428,749,861,1374,215,1989,2181,2487,237,-569,-93,2,416,-1289,808,-684,-50,8,-393,-698,622,1457,1711,941,3664,2001,3293,3433,4400,4572,3597,1124,838,1542,2398,560,1881,796,1351,1874,-1010,999,749,-657,2199,1299,343,2893,1654
153,60.80000000000000426,211,-637,549,-1078,-669,984,-1880,750,-789,1110,-14,-417,-817,-2167,330,-1397,339,-227,-717,-629,-550,348,-1436,-2224,-1680,-468,-158,-404,419,-98,-1286,-671,-696,1451,47,922,612,1084,1733,451,465,-38,2377,578,1302,1394,2450,2200,2180,1754,1299,1407,541,1225,138,1049,1171,1278,1941,-124,551,-1227,-545,-941,-1817,-3230,-4261,-3271,-3238,-2338,-2184,-474,-770,-515,1747,1471,1675,134,-1307,-1419,-206,-594,-1983,-1516,-1543,611,-415,-7,176,101,579,1034,2452,-1081,-689,214,-1,-520,-856,-51,-1214,-1303,-538,-266,1040,338,-1831,-440,1177,-386,243,444,494,935,2502,1598,1933,942,-480,-911,-686,360,-4,1373,-848,-1377,-1837,-1634,879,-1510,927,1479,638,2660,1868,3099,3100,4227,3259,2761,1904,1610,2770,2590,2004,1226,3400,3141,1762,2654,2344,1874,1309,1599,1386,2106,3056,3085
154,61.20000000000000284,981,182,-124,984,970,-192,167,-41,1588,298,344,383,304,-280,521,909,134,821,423,-607,-63,1297,-1926,-1381,365,-746,189,-471,70,1378,-650,-624,-557,10,1374,2134,-66,1465,1501,360,1343,1630,2381,1629,2513,2474,3052,2202,1246,2025,1675,2948,2320,1212,1689,1655,300,1323,1695,649,530,-748,220,-1418,-3020,-3500,-3232,-3392,-2927,-1714,-1289,-2367,-994,1373,2009,387,712,-1156,392,-4182,504,-167,-1569,-523,-961,-651,34,-15,893,690,1314,428,353,813,723,253,-416,-1886,-603,-8,1140,-1455,129,609,-667,1026,376,-887,1256,748,1213,855,2432,2982,4516,2326,622,797,853,1519,975,504,1849,-257,708,799,342,239,-102,1399,387,1557,1848,2905,2439,3053,1696,4039,4601,3685,1899,2339,2275,2405,3195,1673,2043,808,1823,1255,1382,864,2853,1713,2826,2002,3890,2867
155,61.60000000000000142,0,-146,803,-729,800,1803,-370,104,703,1404,687,-49,1649,361,341,1005,728,318,1417,-570,-715,984,1215,-821,-621,613,-122,1290,1041,1733,769,-218,415,196,1331,1247,674,353,1824,655,986,1381,1774,2429,309,2632,2902,1437,688,2174,2317,2218,1766,2127,1818,1524,1353,697,2019,834,260,-181,884,-212,-1030,-3927,-1903,-2876,-1838,-1505,-2086,-2349,-1891,-204,1327,2633,1082,-737,-1733,-519,1373,1131,-1586,-1449,-1280,-1475,-945,7,235,-176,1338,898,-878,-255,-894,92,1254,-1048,990,66,37,727,-175,420,792,1273,-504,1837,-113,1159,1846,855,2836,1957,3367,2109,3532,2602,1006,1046,1564,1532,-75,688,-543,97,-650,1482,872,-624,133,2090,2076,2096,2420,2411,4383,4718,3943,2922,1996,2655,1388,2697,1700,2006,1942,865,3242,-54,2093,1455,3316,2445,2637,2922,985,2971
156,62,1202,755,361,1276,-127,-21,-864,1482,1364,388,1176,496,1358,521,380,2012,1980,740,-1391,672,-1186,-949,53,727,1001,1077,2214,548,1282,110,-1,179,1599,1857,487,1326,1612,1266,1211,1085,1687,1499,360,746,1145,1569,1447,2412,1538,1222,1846,1575,1143,3239,783,2390,623,1202,2772,1391,968,-574,438,-495,-948,-3116,-1557,-2149,-1529,-2300,-2060,-1809,-1988,199,2675,47,1457,388,-521,-1213,1379,553,-1251,-678,-1102,-163,313,-231,637,554,589,1122,-226,1045,13,-99,554,-116,7,-555,-828,1097,474,-240,410,-103,486,2075,3300,1380,2461,1885,2963,2179,1941,3506,3980,2258,2424,1020,645,2532,-240,2030,-599,-1533,-1555,1072,-715,255,1784,939,2734,2600,1692,2873,2650,4175,3870,3133,2739,2219,1547,1921,684,1284,1428,2694,1960,3746,2139,2185,2161,2851,2409,587,1638,2255
157,62.40000000000000568,1020,1973,1880,152,572,-295,-467,1217,34,608,898,1341,507,1248,1248,1000,2099,61,938,25,690,-307,1628,1927,799,1293,1499,1900,790,2001,1382,1394,1806,18,-41,4,1537,1154,1126,1104,1633,1916,515,1131,1246,11,1870,1054,494,2510,1437,2176,2403,2076,584,2079,2054,1123,786,1336,1604,1240,112,-716,-1420,-2333,-3803,-1815,-1779,-2210,-1401,-2035,-3070,-1571,1990,25,198,1621,2033,-2311,1334,1922,-1103,-184,-535,499,158,830,942,978,1665,1355,1312,1928,614,1267,1007,537,121,103,1860,753,881,1188,725,2617,2234,207,1162,1826,1835,2566,2587,2977,3902,3603,3825,2452,2124,2305,3206,3122,928,2590,237,-314,1397,550,875,635,764,2380,3298,2084,2187,3891,3181,3410,3096,4107,3448,3090,3364,3054,3172,1938,2628,2552,3902,4701,3883,3486,2890,1586,3205,2388,1837,2353
158,62.80000000000000426,1881,696,1129,830,1058,675,1766,1182,939,1857,1549,241,1428,1343,708,1356,2061,745,1885,2214,1527,2385,1445,2654,1354,960,2152,2362,2153,1634,2749,1236,807,74,274,571,1534,1524,2331,486,1439,718,798,850,1471,2172,2004,730,1835,1620,1642,1944,1483,1776,1617,1513,3237,2177,2359,1337,780,2270,904,-1030,-1272,-1958,-1797,-1365,-1676,-2419,-2007,-3022,-2229,22,2675,-347,847,460,739,520,758,2028,-557,-4,-172,-678,-353,1368,1159,640,1168,2615,659,1667,155,791,954,1542,1442,2185,1758,874,1104,-786,2676,1823,-200,2576,2413,1462,2403,2717,2162,3390,3574,3281,2420,1968,3048,2617,1146,2570,1906,762,66,1478,725,1271,557,2692,1149,1320,1401,4949,3391,1100,3399,3433,4251,3778,3008,2356,1999,3159,2408,2760,1887,-546,2816,3815,3490,3956,3299,1669,3665,2467,1833,3391
159,63.20000000000000284,1816,684,1431,1033,1566,1426,1314,818,1734,2709,323,1885,973,1881,1856,-397,192,1689,1760,647,1716,969,1428,554,2515,2303,2735,2570,1814,3238,2302,1890,1352,1767,523,-15,600,1727,1278,1422,1856,1623,1618,2051,530,1899,2161,2492,367,2436,864,1190,1591,553,1713,1592,2031,1733,898,2050,1325,1076,994,1509,-334,-1622,-1000,-2057,-1253,-1449,-1722,-1356,-3478,-451,-633,1042,563,1662,-53,672,872,1074,11,-851,-388,-109,-413,197,70,343,686,1378,1979,1450,1681,964,-776,1068,369,45,940,280,748,425,3106,2204,1935,1715,3244,1552,2647,2283,3086,2926,3031,2690,3432,4353,3432,2157,3393,811,1428,576,1128,-375,3,1707,929,-78,1316,1892,3058,2506,2939,3218,2645,3177,2950,3865,2797,1417,3143,2885,3084,2757,1378,2145,2419,2835,2985,2718,1672,2712,3345,2966,2637,3148
160,63.60000000000000142,-281,1023,482,575,942,-1146,1755,146,153,196,1144,448,910,449,1172,380,2873,1877,1517,1211,724,2028,1547,1034,2860,2362,2439,1281,2805,3205,3237,1270,2926,1612,336,1371,1530,836,1432,1491,1392,1606,-149,1661,173,1655,2199,1109,755,1250,1229,1538,798,1259,2156,2400,1620,1602,1853,-3,52,1404,2013,1073,-404,-1700,-997,-1905,-1466,-2675,-1479,-3631,-590,-910,996,918,2334,109,378,1249,2165,1911,-433,-944,-922,-373,374,-78,948,1384,1641,1671,1304,2020,1010,1082,889,1093,44,550,2008,1169,755,1115,2093,952,541,3136,948,2078,1701,2679,3622,4109,2197,3726,4909,3632,3836,3272,6188,2209,1838,315,2320,1496,982,2011,607,2475,1438,4133,2221,1913,2372,3343,3245,3736,4282,2140,2221,2389,3556,2592,1461,1680,3657,2450,2985,1845,1833,4561,2621,3698,1216,3072,4810,3152
161,64,1313,319,1168,752,-35,-438,964,1991,297,1488,1150,888,801,1301,201,794,1505,379,1188,2348,1600,1183,1332,1885,2687,820,2758,3499,3226,3659,2349,2670,1442,1460,699,993,1776,778,1554,884,1578,1626,1360,860,518,1562,1012,1794,1903,2744,1115,1003,987,1093,2706,2543,2548,2856,1641,2065,522,1930,265,2263,-808,-1070,199,-2694,-1265,-1540,-2454,-1562,-2016,-1452,-1481,1932,279,761,-644,275,2392,2961,883,729,-1712,-505,-243,789,-443,454,423,820,2433,2432,1158,1379,867,2568,843,1038,815,785,1711,2101,2009,1417,1591,637,679,913,2139,2811,3326,4131,2490,4254,2216,4438,4182,4097,2628,2165,3064,763,2755,355,1030,1000,2183,-3,1439,2043,2212,3562,2123,2624,3948,4451,3395,3937,1531,2137,2888,2762,3455,1096,3352,3260,2314,4894,3824,2845,3141,3043,-239,2749,2586,2761
162,64.40000000000000568,839,873,1011,889,1366,1039,943,2167,1441,1348,491,389,1370,1323,-194,512,1069,1207,2041,1084,413,2191,2321,4384,2511,3811,2690,3267,2793,3936,1756,2008,1892,1808,1959,1461,1098,1252,1032,1211,309,2223,2439,1264,-105,1367,1456,1050,1269,1449,3327,1295,1848,2291,1395,3098,1442,2379,1136,2396,2123,2061,1579,702,1771,-601,-633,-487,-1467,-1440,-1362,-2414,-2274,-570,-117,-227,672,887,843,-297,2490,2982,741,1370,-262,322,191,266,7,-512,1472,1236,3069,777,1148,1055,1511,2025,296,746,1558,2110,547,-630,1140,4570,973,1502,1750,2188,2088,2496,3097,3759,3663,2671,3321,4511,2886,2917,4559,2340,4321,1226,3042,766,1761,1883,2646,2849,1482,2218,1261,2181,3532,3721,3928,3032,2650,3237,3422,2364,2060,1699,2107,3265,3975,1561,2894,4293,4663,3338,4086,2208,1321,3727,3484,2722
163,64.79999999999999716,1226,1047,1555,1696,358,704,1361,198,334,1170,1638,367,76,1269,1920,218,2350,535,1948,2059,738,2943,1821,2486,2684,2727,2656,3450,5248,3436,2784,3001,3372,1559,2511,-326,778,1663,1765,478,1446,1929,2011,1181,646,131,1428,1582,391,1522,1687,1518,2404,1218,2079,2493,2534,1905,1832,1064,1401,749,328,850,658,-164,-679,-225,-898,-1064,-1866,-4105,-2456,-353,-142,-601,665,-162,420,366,3044,2585,-125,474,-61,320,101,660,1863,1028,991,928,1329,2062,804,1032,1940,1621,1875,1270,1904,-333,3229,2267,622,993,4235,2087,2319,2245,3157,2416,2465,3830,2811,4020,4289,3709,3338,3718,2126,4146,2370,2695,3498,2102,1867,1830,2322,1378,1798,2556,2569,2679,1616,2128,2828,2253,2305,3557,4044,2335,4034,1978,2537,3271,2109,1945,3941,3293,5317,3725,2292,2385,4067,2996,4129,2861
164,65.20000000000000284,906,1497,718,131,1484,437,-215,593,1094,1107,1736,1005,708,2304,1118,977,2758,1443,3120,2457,1453,2974,2752,3200,2814,2961,2352,2898,3227,3429,3128,2886,207,1319,2010,2196,551,1795,570,52,934,2227,1012,1641,305,180,1370,726,-582,1103,2261,2400,1705,1508,1959,2415,2600,1291,1076,2364,2081,1533,2035,2422,423,-145,898,325,-1191,-683,-748,-2337,-1043,-1347,-2976,1210,1070,-149,569,26,1067,1800,1369,1513,-109,842,614,576,1301,1675,872,1373,3000,367,1174,1650,998,1045,2439,2644,1626,694,730,732,974,2379,-104,1117,955,1653,2251,2941,4647,3972,4242,2904,3759,3271,1935,4648,5369,4186,2238,3647,2551,3333,2423,2576,1996,1963,1805,2579,2152,3263,2260,4601,3671,2507,2438,3050,2191,2427,3013,3055,1893,2271,4272,5221,4741,2862,2981,3932,4290,3429,3404,2382,2929,3679
165,65.60000000000000853,1690,1072,1104,2565,1509,743,-355,1338,374,2354,1080,1246,1325,905,1317,2845,1511,1411,2016,2130,2524,2716,2861,2758,3489,3185,2481,2433,3535,3628,2799,2447,2351,2209,1954,1475,1288,1849,115,1547,4,2110,1521,112,1942,825,2032,1491,418,665,1564,1794,1917,1744,1134,3209,2467,2499,2300,1774,994,2053,623,1682,901,314,-453,-761,-946,-2322,-186,52,-1420,-1298,1058,205,568,2045,-745,2132,2202,2230,1580,-18,-26,809,1543,573,1037,614,224,695,2273,433,1500,1771,1458,1873,1233,1624,805,1666,1320,2454,743,60,2126,846,2660,1630,2275,1896,2977,3437,2480,3964,3850,3559,3824,2972,4698,3811,2643,4648,2864,2766,2605,834,1802,965,2134,441,1114,2859,3994,2261,2771,3002,3217,2422,1830,3247,3195,2739,2330,2701,514,2110,3687,3590,4447,4004,1578,3167,2936,3988,2265,3340
166,66,1218,1752,649,1865,915,145,714,398,1162,1433,741,1516,1347,972,2010,3820,2719,2300,1871,1847,3129,2488,1769,3587,2381,2515,3339,2268,2777,3532,3319,1846,1200,2561,1100,1736,1729,2061,836,1035,882,1692,1553,498,1386,2512,1822,1349,1299,1614,465,1220,1587,1053,2232,1669,2098,2799,1423,1824,1831,3575,1136,903,-213,253,-516,-1171,-953,-903,-1664,-2216,-539,-930,-537,-73,594,927,-692,-238,1432,2335,1998,1173,320,253,-258,550,1523,850,393,507,1329,1880,940,1274,870,1251,719,348,-10,1163,20,1231,-292,2045,982,764,1315,1241,2837,2206,3233,2792,4003,2678,4232,4563,4491,3406,3186,3321,3629,4111,4082,4761,2852,2153,2477,1505,1841,2321,2536,2473,2162,2677,2205,3065,2189,2874,3312,2638,3386,846,2684,2085,933,-530,3767,4537,3113,3906,4132,4026,3689,1314,4211,3309
167,66.40000000000000568,1293,176,336,1012,767,3245,552,1965,1740,-409,1476,1247,1703,1265,1641,1521,1683,1353,1696,2127,2216,1592,4753,2035,2959,2283,1948,2785,1705,3134,2578,4901,1868,2633,2869,1451,1493,2263,711,669,1328,-447,824,897,1315,1713,899,1592,1612,1218,365,1637,1479,1766,2265,2208,2163,1399,1403,1008,-23,1673,1122,508,2019,166,-1041,-1034,-1027,-1218,-2304,-704,-1786,-1688,-1348,516,3,144,614,-615,2255,2451,-281,215,801,847,-578,595,66,118,137,1554,1051,1302,2051,-187,1127,727,227,595,1627,-197,3231,2173,641,1509,1214,1431,2587,2129,2295,1587,3926,3242,2738,2740,3154,3581,3743,4071,3508,3490,2991,3823,1802,3829,3559,2993,1105,1535,2270,1970,1528,2292,2145,1685,2812,2887,948,2692,2013,2776,3459,2392,2716,1991,2306,234,2436,4356,4550,4116,2831,3437,2636,1744,3258,2965
168,66.79999999999999716,822,1314,835,1744,1202,924,1536,1297,638,1457,991,1581,1724,238,1866,254,1634,1110,2844,1349,2550,1594,2017,2712,2105,2110,1730,2083,2131,2170,3040,2734,1971,1396,2308,1781,652,2139,841,1612,7,574,1772,1015,2069,1138,799,2372,-215,702,1498,2382,1701,1008,963,2638,1873,1567,-487,74,-555,3042,880,802,456,744,-51,477,-1773,-1465,-970,562,-1747,-1881,-1565,-1466,351,216,-722,-1401,1852,1895,1634,1003,587,-83,665,1379,-56,731,1450,2057,87,1385,1322,1395,813,1161,1646,1582,2769,1120,16,347,654,2249,2768,1925,2074,2109,1885,1911,2398,2636,2520,2278,3709,3066,2512,2838,2189,4497,3253,3688,3960,3066,3605,3823,2414,137,1838,955,2219,2666,2639,3441,1695,2004,2167,1874,2657,2439,3309,3596,2482,2720,1598,2927,2521,3320,3489,3232,2430,1865,2944,4862,1449,1853
169,67.20000000000000284,352,1799,833,644,2399,1431,334,334,1482,886,759,931,64,1604,665,904,1750,845,1377,2214,581,1826,2662,-123,1687,1730,1070,1244,564,1864,1584,1991,2562,960,1970,1813,1443,1585,647,1442,2125,727,-196,1303,1202,-296,832,55,521,1043,1327,609,1303,1706,1358,1238,1868,688,1087,1175,1144,1806,1177,786,-125,-301,-8,-1238,-937,-1368,-718,-950,-1329,-1677,-2055,-703,-545,238,-1044,753,1892,2181,1469,438,605,483,1219,-3,507,-376,-514,239,127,397,433,573,-38,1264,558,-21,1232,-3,877,586,1610,1785,798,720,1849,2943,2146,2757,1782,1987,2524,3184,3118,2105,4861,2567,3954,5280,3532,2689,3961,4836,2710,3830,552,-249,1273,1034,96,2692,2152,2890,2876,3881,2038,2212,3095,3296,2042,1930,1387,2270,3124,2680,1751,1934,6208,3352,2124,4631,3531,3741,2885,2991
170,67.60000000000000853,-307,722,801,1309,161,-284,140,991,2141,2084,1454,1809,1745,1266,1348,1507,470,2058,2252,2346,2756,1438,1069,481,650,2084,893,2720,1012,1651,1327,2125,961,1738,2061,3411,2032,1857,863,417,2000,368,1001,172,11,862,904,853,30,1695,124,988,2198,999,1678,1270,1296,1035,1027,108,247,-254,958,126,1071,601,-36,-198,-433,-1184,-1875,-2044,-1407,-2404,-1419,-864,-487,167,-1097,44,885,1342,1593,-241,1089,-108,25,319,-318,457,-101,1211,662,229,-141,1526,457,-505,2037,-129,-145,42,290,976,1938,822,816,1035,1279,601,1164,2304,3257,2088,2239,2748,3499,3144,2867,3334,2421,4077,3505,2106,2978,2573,1972,4117,2155,1176,2104,-305,2262,2031,3271,3444,2146,2081,2804,3551,1507,1567,3057,1801,1486,2799,2511,2171,2758,2061,4307,4255,1766,3920,1033,2490,4438,3073
171,68,-360,1237,1265,559,348,1066,1077,1355,245,361,282,1820,525,1347,770,428,1085,311,1195,1405,1057,883,535,-479,562,1356,1976,-99,-389,-137,789,950,546,2202,1204,1459,1733,627,2255,620,475,1383,-371,169,-1654,-284,436,863,967,36,-607,850,1147,652,1007,2711,733,1794,1079,365,1529,-186,33,451,28,-720,567,-131,-1130,-2231,-1482,-1876,-2519,-1088,-1175,-2163,-509,-67,-1271,-1075,-839,1541,903,404,657,-936,480,540,555,414,360,982,961,348,228,-835,-164,1006,-263,1125,1446,1016,371,582,326,988,267,1254,631,1149,1468,889,1597,2107,2125,2927,3127,3495,3468,3395,2236,3773,2497,2532,2719,4578,2376,3186,1746,2240,2686,2015,1786,1875,2318,1014,2543,1483,2125,2032,1382,1281,1945,1710,2373,937,4104,1651,1111,2160,3253,3357,4004,4454,1633,2468,2523,3242
172,68.40000000000000568,1275,611,844,249,703,991,1462,1481,-58,1450,1559,73,952,1196,80,1021,285,1505,-314,1667,1271,963,522,318,860,546,1211,841,-57,783,255,1287,275,1191,373,1984,1355,1233,851,1411,1667,458,15,-98,-50,-26,543,889,1874,697,-481,793,1183,1279,1381,650,978,1023,-767,-67,593,779,606,900,634,-702,-760,-531,-1269,-829,-1538,-1387,-4089,-2026,-498,-862,-1456,-1417,-2127,-1167,93,684,71,33,880,-1062,1132,612,-347,-107,318,51,199,714,-704,474,985,841,246,1256,234,-444,691,1283,1260,845,1102,304,782,843,851,723,989,972,2521,4582,2513,1213,2861,3939,4242,3226,2471,3679,3860,1969,2077,2970,1789,1675,141,1446,1285,1074,1154,2284,1864,2611,3402,2632,2032,658,1667,998,1678,1745,3285,3695,2161,823,3085,6257,5899,4854,2407,4250,3108,2889
173,68.79999999999999716,749,37,2200,375,-697,1274,1139,48,182,-143,631,1965,1079,1622,486,1665,1445,1092,1413,722,313,-704,594,1235,212,877,-131,-249,52,741,-15,694,1339,1618,2080,1473,934,1382,1201,1037,635,2174,87,754,-405,1450,-647,82,1197,170,-663,608,1332,973,-97,290,626,179,385,-257,762,1115,748,-717,171,-1572,-1015,-693,-1454,-1799,-2246,-1238,-2341,-1239,-519,-1548,-523,-2154,-2503,-1166,492,757,426,830,-82,-40,920,986,629,138,140,584,-212,-834,-1303,1141,-1235,-519,-305,19,1424,421,1546,-329,526,572,-122,1417,1160,881,527,1079,2760,2408,1909,638,1496,2140,3193,3545,3616,2751,3038,2510,3222,2900,2920,3183,1458,1266,1707,1282,576,2294,1207,1832,1774,2812,-54,1499,2624,1745,1144,1549,1280,804,2764,1132,952,3534,3202,5393,3629,2987,3037,2121,2961,2485
174,69.20000000000000284,733,730,84,25,1145,-140,404,1273,-19,859,221,-521,732,1067,930,1127,675,1060,1074,1538,249,546,704,-769,-190,735,-481,-1712,-843,-711,-193,-77,-383,1465,595,1670,1722,1191,1712,892,-339,1110,1455,1270,-464,-673,410,90,-653,551,-521,10,949,451,1993,-305,277,-939,-234,-27,848,209,-1146,379,-5,-410,-464,88,-914,-1539,-1997,-1489,-1169,-806,-375,-813,-697,-468,-3557,-3628,485,1487,-322,657,185,1188,-165,324,239,-570,105,474,-258,777,-176,1270,-111,328,356,224,-1,2327,3359,373,748,-645,12,717,1388,578,1584,739,1357,1458,1982,2500,811,3643,2831,1909,1551,3599,5306,2222,2929,3445,2837,4220,924,2205,1669,739,2234,1609,1346,2538,2116,2210,1863,1598,1581,2610,2065,-277,745,2384,3478,2802,2710,2936,3297,2622,2408,3758,4626,4025,2603,2824
175,69.60000000000000853,-578,710,1389,431,1838,2021,1855,1301,849,2013,259,-3,1475,1634,573,1196,511,149,658,380,170,-129,401,-340,-174,-1217,-381,-2148,-327,406,-665,567,939,69,495,677,633,2298,1269,1231,1911,-171,-504,-193,-861,171,-733,-12,401,1328,-13,-117,491,371,1012,1465,117,-1497,510,-618,-236,292,417,-931,-1641,-17,-621,-1104,-451,-1631,-981,-1162,-2879,-873,-699,-786,-2021,1235,-631,-587,-105,160,1982,236,258,-501,1362,189,71,-1075,1205,260,256,464,482,-1252,674,-198,-1591,-174,211,22,-2934,572,2185,697,997,-564,2131,1350,911,-545,776,1796,1696,1473,1794,2657,2807,3600,3971,4253,2827,4250,4985,3267,3429,1683,2913,2340,1835,268,215,2424,1019,1517,1245,2795,2278,2454,1340,-711,1760,712,3032,1477,956,1925,1526,3679,3067,2640,3218,1409,2904,2683,1836,2655
176,70,-1,556,86,497,-583,991,553,502,717,555,574,364,-554,239,418,1580,-515,-611,662,-118,-362,-225,159,-120,-243,-177,-818,-875,-1984,-1235,62,-1097,-758,-195,265,550,117,854,1754,626,1286,614,-95,-337,-1534,-372,-1110,-1147,27,-81,-460,-357,1184,1782,1434,42,-188,-896,1050,256,-653,-304,-1294,-421,455,-477,-307,-1133,-569,-2320,-1694,-2732,-126,-847,-400,-1105,-987,-1391,-1385,-2158,1121,558,106,-635,580,-336,-345,-163,94,128,-92,878,-252,1688,449,765,-396,474,-428,-250,816,34,1575,-25,-763,953,1136,638,701,-292,496,636,675,1014,2475,1766,1216,1628,3289,2315,2810,2139,3569,3785,4014,1129,2276,3181,2328,2189,2232,153,1773,1129,1151,1461,1885,1921,3336,3052,2777,1077,932,2453,1417,2655,2421,1482,3008,388,1779,1092,3793,3932,2539,3216,2743,2879
177,70.40000000000000568,1982,2144,-185,975,-517,-41,-57,495,-134,1056,-219,1113,621,290,-54,1250,-542,-503,520,93,90,-228,120,-1173,-1195,-323,-1141,-1034,-168,-1123,-590,-188,-62,222,262,450,1425,690,858,1846,807,819,823,-69,-176,-25,13,-1453,-409,-236,-513,-824,928,-183,578,-182,-152,-373,-65,-253,381,39,1039,-1247,-670,-1605,-535,-1896,-1417,-1073,-1035,-1365,-1551,-1763,-1469,-62,-1897,-1760,-4639,-1394,-114,703,891,535,852,-76,-292,240,-178,467,2105,-202,-1,113,-491,-300,1212,-59,-506,226,785,-101,1314,1137,758,630,-219,1033,885,1990,167,800,1414,1972,98,1620,1708,2074,3048,3764,-169,3868,3625,3735,3397,3651,1813,2469,2641,2667,2990,2052,1874,1684,971,2654,1713,1570,2473,1630,1082,-39,950,400,1648,2188,1640,1425,3290,3741,4576,4450,3080,3313,4154,2361,1563,2309
178,70.79999999999999716,-575,1083,395,-778,404,-991,-43,1042,1195,475,405,1148,-784,1672,243,719,-14,-726,1172,48,451,-416,224,-1217,-755,2097,750,-463,-1591,-2135,-848,-662,-498,-1763,-620,504,129,2010,737,624,1443,1189,1461,771,-443,1160,-128,148,-126,27,-124,134,18,1117,815,1572,597,-644,174,-440,-958,-809,-353,-243,-755,-5,-2062,-725,-895,-612,-1846,-1855,-1717,1323,1070,-840,-1993,-1114,-1384,-1142,-1581,13,143,-186,753,167,-334,1361,397,-116,1008,-642,-1244,389,639,14,-523,-5,-508,-887,-290,1225,-1452,1192,1100,421,454,-324,234,1094,319,785,876,2160,2670,2722,2939,1704,1491,1468,1088,2804,3524,2267,4358,2414,2882,4723,2062,5092,1658,2155,1001,797,1702,1248,1583,2060,3816,2035,1412,1074,824,1734,2651,3100,3249,2365,3273,2312,2000,2987,4142,3632,1514,3088,3866,3443
179,71.20000000000000284,1458,40,1446,-948,44,-606,1017,374,709,973,406,1061,1257,972,301,250,951,1144,-680,5,163,-520,-1542,-675,-1501,758,-887,-1283,-1385,-1542,-1194,342,-102,-1458,422,844,1152,616,931,645,640,1231,966,912,-103,-156,-965,-174,124,-36,-108,143,873,50,1369,383,141,-347,-526,14,-1009,602,163,-705,1652,-1455,-735,336,-148,-1085,-172,-1584,-1348,239,-2010,-220,-1229,-555,-326,-1198,671,910,182,399,-47,406,1023,276,438,1182,-1413,-140,-381,403,-1011,-151,-297,-452,227,-238,425,-282,2291,1430,2715,113,-226,885,43,821,1246,436,-26,1262,1727,3152,2283,1606,3141,1563,2064,2254,3088,3018,1602,1688,1695,2449,2631,3419,1539,2698,906,857,967,1751,2764,2494,384,2643,1501,1621,1971,1847,2772,2584,2387,2153,2394,3289,345,3505,3998,3231,4533,2791,2999,4081
180,71.60000000000000853,1737,92,1057,566,491,877,576,76,-49,1423,1045,241,-39,202,931,692,469,43,314,131,-671,-531,-742,-385,-550,127,-1248,-499,-1500,-799,-888,-350,-286,13,-253,5,734,197,398,979,338,404,58,-124,207,347,710,-776,229,252,-853,-34,320,936,145,-1409,1392,-231,-1150,478,-119,-511,-531,-932,-1154,-1044,-465,-925,-798,-1044,-1807,-691,-1376,-674,115,142,-851,-808,-1032,-904,-231,600,466,681,911,-110,35,595,347,468,924,-616,1279,429,-861,379,-226,-212,-159,-728,-179,2612,800,1130,-750,1236,11,2406,513,633,-103,775,1213,1366,434,922,2829,3242,4474,1997,2848,2705,3893,3316,2478,4048,3179,3076,2229,2367,3049,2603,2472,2490,2828,1171,1805,318,2678,2043,1151,1596,517,1344,2649,1427,5587,3389,2511,2771,272,3121,4386,3029,3936,3851,4214,2241
181,72,649,-113,766,-18,310,54,3,-157,592,272,1044,704,432,-222,-161,-100,7,326,-322,-1146,-319,-187,168,-530,-147,-163,268,82,-909,-42,-676,-1168,-98,-171,-1217,-140,-404,438,557,-357,965,1874,706,395,1228,565,-408,253,-65,-50,-59,-257,1132,349,865,1359,-58,-981,-806,93,573,-148,491,741,-161,-1269,-784,-1097,-181,-486,-1099,-1172,-1417,-551,158,-1843,-989,-1167,-1015,-1421,1446,-180,551,-720,640,-743,243,402,643,-278,886,-30,681,314,-287,-107,417,1472,164,70,-347,896,1262,685,1391,2451,354,444,1088,1183,989,665,1628,1106,2333,2207,1954,2345,3998,1927,2869,3316,2787,3161,4133,3147,3022,2976,3019,2306,2674,2487,2642,1843,1980,2979,2818,3439,2506,2225,1891,1180,1257,1966,1805,3743,660,2703,3753,949,3708,5160,3658,2698,2372,1718,4668,3572
182,72.40000000000000568,-349,2166,1446,21,889,2229,2655,1409,884,898,-337,685,173,-162,523,491,1292,-38,640,-388,220,761,-294,-247,1055,-208,964,-454,217,-1939,197,-171,335,553,-764,-358,77,453,662,1963,1309,2063,567,-349,2322,-649,40,573,-710,1260,1283,-820,478,325,420,885,595,-939,-1051,500,-190,-404,-675,-1233,-293,-645,-1539,19,-719,-714,-770,-2894,-595,-1037,1217,-276,-1557,-1320,-836,-1140,335,-350,1229,837,1485,-59,-464,-196,620,-389,495,-107,941,-657,-348,585,-422,225,16,-284,1344,1789,274,1730,1161,227,-369,-435,2565,426,122,508,1072,996,357,2652,917,3371,2469,2324,885,3340,2648,3668,3424,3206,2757,3073,3203,2551,2619,2846,2510,1636,2769,2241,1749,3232,2998,2447,1231,1363,1755,1311,2519,2670,3066,1717,3735,4526,64,3297,1905,4453,4506,4177,1676,3932
183,72.79999999999999716,993,432,-320,-78,474,381,-210,1102,-492,938,1495,1401,1136,-236,-330,269,-498,670,1446,-403,1081,1292,-605,162,850,-638,593,-506,364,19,-837,-655,55,67,157,181,12,163,-154,778,98,1167,433,1418,827,537,1016,492,540,615,209,1787,505,841,2050,1532,120,575,-1284,-569,43,-1143,-1554,-1013,-477,-475,-926,-1626,-408,-867,-1244,-1346,-2159,739,-1261,-455,-1277,-206,-1627,-1503,372,-253,235,-1167,730,1029,-928,-323,-50,1957,560,313,244,1191,630,24,-521,562,912,-257,736,437,1616,1102,1238,2469,-1111,-480,197,1297,1628,1362,814,1431,1649,2653,2312,2805,3900,3366,2869,2783,2414,4502,3448,3143,4067,4204,2475,2825,2743,2221,2775,2152,3104,2358,2700,3042,1131,3417,1197,1252,1930,2815,2636,1311,2433,3197,1801,3331,1634,4301,4366,3112,1879,3988,2975,4066
184,73.20000000000000284,959,25,-32,246,-146,1172,-71,-562,1971,672,191,-1272,1180,-430,1360,-123,71,71,876,12,484,481,469,378,164,122,243,585,-530,0,-364,-417,473,-168,620,-485,463,-256,1776,371,1206,1246,3182,1188,1179,1458,525,225,-87,781,878,-259,466,1618,971,1912,556,1032,-84,811,-1033,-274,-363,-6,-414,27,-1280,-602,438,-375,-948,1433,-567,411,720,702,-519,-152,-805,-1279,673,131,1192,541,272,168,974,720,1018,337,1152,1,804,371,331,811,1352,87,858,1517,716,745,458,-586,149,968,-204,835,1664,517,728,885,1535,1917,2097,2736,2017,3173,1982,1823,1551,1602,3673,1249,4496,1479,2733,4329,3420,2699,2226,2093,1435,1855,2508,4535,2302,3470,3266,1732,1539,3864,4124,2061,3378,3718,3184,2780,2064,3302,-306,2636,3615,3809,4469,2057,4120,3868
185,73.60000000000000853,-463,-548,1086,-121,890,-641,554,895,202,-674,528,1395,411,463,-637,204,-911,66,1014,44,148,458,535,530,436,-624,818,-272,-417,-192,-338,-63,-322,744,-379,-501,-836,951,396,494,1258,625,2827,1384,1649,950,350,893,-880,967,-97,1030,1511,516,569,639,-362,764,588,-450,-879,-1,-93,-305,-794,-802,-1147,251,-518,-590,-774,384,-130,-953,817,1155,-1159,-136,-1756,-880,-726,2290,1287,-266,67,-402,375,-132,1194,926,1087,979,703,126,-532,693,1962,-133,759,1717,510,115,2241,-1157,596,1680,197,2059,932,2225,1719,115,885,1818,1340,2337,1356,2090,1330,2241,2763,2673,1796,4518,5410,1979,3501,3953,2801,3316,2569,3044,2138,3338,1613,2390,2987,3127,2720,1902,2307,2019,1925,3824,1940,1963,3011,3755,2482,3023,4968,3402,3361,3584,4359,3067,3287,3687
186,74,344,1063,271,266,508,810,-314,-416,-425,1411,905,616,-652,-119,-438,17,129,-213,384,28,-79,693,682,-160,203,522,98,-30,-64,-552,552,-918,474,7,322,-23,-207,-522,1115,-484,761,1582,817,1053,975,1473,180,1720,651,959,239,1486,1097,1040,1699,678,1352,1121,76,-107,429,397,-1304,-1285,-1257,810,-579,-466,-654,-345,-333,-1075,-3716,10,3343,-43,-355,-688,650,-1582,-468,2202,-14,-89,415,379,1337,1893,1317,324,1220,1880,37,1400,1352,-748,62,919,558,576,687,1213,944,-119,680,636,-344,830,975,1252,547,1079,786,1102,1754,3007,2835,4257,1765,2009,1299,2166,2932,4538,2406,5138,3272,4004,3285,3574,2964,2834,2181,2330,3647,2557,2894,3471,3882,3243,2163,2376,1432,2182,950,3890,5765,2511,3852,3716,4601,3408,3077,5281,3687,2349,3628,3572
187,74.40000000000000568,-150,514,-473,-116,-811,121,976,584,1323,154,-109,629,-451,225,-398,-157,-466,815,-281,176,-344,580,3,1807,1212,1229,520,-22,-8,765,-14,358,-224,1125,-1621,808,76,11,713,1288,225,648,2144,750,1396,1021,2619,1858,277,-254,879,561,-126,-89,864,638,1173,55,-1438,-80,-303,-964,-1797,-810,-625,-511,-766,-407,-827,-1091,-1292,-1993,-2396,-1145,-1260,-418,-549,-919,-2684,-945,-195,-616,722,166,432,300,-503,492,921,1458,1076,737,-47,2087,97,807,457,354,1605,78,611,871,397,-1664,791,1224,-750,3296,2417,402,852,911,925,1192,2130,2847,2025,1353,3070,3179,2942,3065,2172,2253,2704,2284,3255,3522,3866,2401,2673,2190,2431,2190,2246,2693,3342,1223,2898,2128,521,1202,2956,2415,2219,2695,890,2203,2982,3856,4291,3195,3393,5301,3312,4232,3351,3526
188,74.79999999999999716,-451,-202,-324,879,1390,660,972,1518,355,186,616,663,447,-119,-301,335,-637,1194,-504,762,89,-299,-463,266,371,345,1872,-269,-410,318,-1258,505,-1046,198,197,-708,-48,148,-359,-910,-77,951,1638,518,706,1386,635,925,1355,265,437,60,654,1058,1203,1026,198,604,167,-24,-759,639,-525,-52,157,-458,-1422,-1089,-869,-898,-402,-388,-1346,-339,180,-279,-289,-170,-699,-708,1475,204,183,328,-8,1662,1256,700,463,-43,346,1445,646,1293,345,-237,-14,-705,-1380,1211,492,-690,-309,-807,855,764,867,1447,1058,146,-9,1415,873,1490,1151,1179,2252,2371,1691,2055,1515,1061,1903,983,2726,4546,3780,2042,3052,2647,2766,2200,2209,2632,3729,3326,1793,3367,2016,2554,3083,3109,2872,3961,2603,3722,2491,2329,3581,3910,3258,4507,3149,3194,3433,3961,4398,3446
189,75.20000000000000284,123,-181,341,202,-149,-939,9,187,376,-369,-886,356,-679,427,619,-365,-66,201,720,-598,-279,-371,-126,-279,1202,356,312,107,-627,-32,467,356,-80,-928,-461,-593,-205,-110,766,268,742,80,-543,1306,289,1110,920,2026,1908,1017,1237,551,502,1188,520,814,2040,561,842,1129,64,-150,807,-759,-408,-1764,255,-1041,-1800,-1430,-720,-2030,-2394,578,-252,785,1554,-2380,-782,-285,302,1812,85,-172,-230,-173,736,973,1661,909,993,1086,1845,767,673,-366,1232,1193,-882,207,161,566,543,655,-226,-806,-292,276,1056,213,908,181,617,1606,714,2120,1820,2126,2834,1706,2144,1259,2403,2396,3395,3705,2573,1983,2867,4221,2568,2257,1238,2591,1588,2029,3260,1776,1233,2704,2353,2107,2932,1817,3103,2809,2216,3204,3801,2721,2790,4762,2443,3518,2325,4522,3240,4841
190,75.60000000000000853,-173,333,907,-143,-1689,838,356,286,323,-59,426,1041,483,460,584,-1816,-295,-156,158,61,245,-418,-800,223,-547,-336,226,711,344,496,144,-46,-1518,13,-772,-901,272,-372,-54,-94,-68,401,-978,714,1171,457,1265,651,1747,1019,718,831,506,-536,661,177,249,465,427,1421,-223,-569,-1501,-2467,-1319,-471,-763,-1249,-572,-223,-83,-138,594,-145,1392,-648,-1099,-254,-947,-871,-376,306,591,-432,-1215,335,384,634,1255,626,1027,-75,912,413,474,575,712,-344,345,418,1073,711,1176,-470,-1305,292,931,1417,1138,907,-77,139,1075,1215,1538,1349,1466,2268,2134,3687,1382,1069,2858,3710,2515,4436,1393,4649,2716,2943,2029,3294,2155,1855,2975,2745,2420,3140,3319,1440,1185,990,2933,1779,2192,3635,3748,3588,2837,2959,4756,4286,2169,2886,4769,3365,4128,2498
191,76,468,1359,716,-689,41,-194,-637,-753,424,46,61,-981,-331,-141,69,1037,1551,-455,-24,203,-694,387,537,664,1034,1662,498,1676,1037,303,294,510,263,323,-903,-1084,-389,614,-300,-670,-275,-947,1780,435,615,648,-319,1823,765,527,978,-113,436,-337,353,321,404,1122,-80,-606,-119,-793,176,-600,-1290,-357,-671,-918,-1536,-1336,-669,3,-1363,-1102,831,1058,398,866,-964,-1416,324,283,147,566,398,-130,441,722,405,240,-22,710,1535,-156,417,556,90,239,565,1172,-645,803,-347,1672,1446,504,-1238,1536,485,1166,769,338,738,869,785,2280,2120,1033,2546,2272,1798,1787,3322,3105,3170,1889,3142,3935,3887,2708,3596,3101,3141,2616,2690,1361,3836,2968,4407,2312,1057,1137,1796,3351,2452,2366,4262,2680,2953,2961,3344,2680,3150,2813,3021,3347,3245,2268
192,76.40000000000000568,284,-1754,168,269,549,-999,2110,-706,-410,242,31,-501,-766,132,-1509,-684,-17,1166,153,117,981,1323,988,954,-107,1349,793,-1111,-145,-198,-1080,-441,286,480,-423,-748,305,1037,-423,691,-539,106,2423,108,91,1035,522,-243,-405,154,-405,-959,1163,-101,1742,561,2381,265,-9,-714,-638,-168,-186,-1537,-1163,-974,-521,-1800,-674,-268,-1403,-2390,-1246,-440,1609,-304,1893,-280,-1149,-1123,686,-513,-1107,-769,-98,-160,748,253,193,812,38,1568,1010,1099,1080,65,-186,-781,822,374,1366,-80,1060,474,327,758,-289,930,814,631,679,-407,962,264,849,1324,3116,793,1931,1938,1134,3225,2821,2098,2333,3926,2417,2135,2076,3472,2308,2716,1866,1063,1265,3357,2935,631,2944,2483,1172,3998,1070,1041,1890,3850,5542,3416,3124,1220,2754,3066,3359,2617,3838,1347,3704,3198
193,76.80000000000001137,-202,-804,-786,-1104,395,994,-753,1010,73,1598,-762,-377,387,-858,-1226,-1037,-476,626,-1449,-81,-578,1215,-48,-1107,412,754,152,481,-312,140,598,-192,573,-197,-114,738,351,-1139,-261,-907,104,493,2217,1308,864,-1185,2385,600,364,653,610,649,270,201,84,1531,224,92,49,1598,-793,-1120,-2167,-652,-869,-1035,-1619,-1204,-618,-1611,-763,-921,-801,75,1575,1047,758,-69,-672,-112,198,432,392,-757,28,-107,119,-109,269,381,196,85,819,1138,-746,-875,406,1291,807,303,424,167,131,910,-1182,548,1358,570,-1790,1002,646,205,1009,1060,300,1055,1022,994,1996,701,2213,-240,1346,2116,2143,3020,1614,2425,3188,2380,2477,2752,1866,1300,1529,2983,2710,2369,2405,2699,1932,421,3032,1075,2132,3535,3039,1406,5373,1890,3163,3871,2990,3057,2647,2859,3721,1892
194,77.20000000000000284,-265,-639,132,224,-584,-119,73,-144,-533,-1678,-4,-2306,622,158,-633,233,-277,-356,-1672,564,783,-938,1332,770,-762,1624,126,622,-396,-469,-404,-561,-659,-967,184,-362,-732,-627,156,374,-154,-203,316,-112,801,423,-577,780,1220,119,577,899,-201,-310,375,612,375,192,-982,-657,-326,-1617,-688,-1141,-2265,-1072,-1781,-1431,100,-556,-1487,77,-1970,770,113,-2101,-1890,-1716,-132,-1420,518,527,821,196,-80,-165,-941,365,489,356,355,664,240,22,50,323,380,-794,-475,-463,670,1883,183,313,1350,1660,581,-581,165,653,252,-109,318,573,800,71,1198,1257,715,1387,479,1691,1264,2345,1572,2185,4745,1984,3168,2235,2071,2197,1371,1096,1788,2673,1984,3080,2221,3156,1416,3369,4132,1503,708,2565,4061,1973,2762,3505,2600,3463,4800,3443,2072,1882,2423,2731
195,77.60000000000000853,-825,-300,-99,-1142,-956,-1375,895,-776,-66,-1604,-21,-740,-747,780,-952,575,192,-293,7,-1010,319,-798,-483,197,661,-276,-165,-282,424,-619,-620,-540,59,-828,250,-212,324,660,-629,-403,-182,593,508,935,2531,-152,-370,-129,195,1071,193,295,-212,614,-485,317,-761,-831,-2226,-240,298,-1717,-1112,-542,-1467,-1921,-1000,-1892,-1241,-2,-609,-831,-1674,-713,-742,-1577,-535,-1160,-1262,-1217,588,872,272,-1270,-1168,-739,-609,385,483,77,883,-556,-185,450,898,-431,205,554,179,204,-915,-1797,-470,-583,419,596,485,696,1803,291,-649,206,1203,1253,741,1284,777,1320,1625,274,2581,1717,1118,2844,1502,2806,5808,2825,2744,2728,2672,2070,1064,2159,2517,2160,2517,2679,2446,3125,1888,1341,2841,2851,4168,1971,4029,2069,2122,1432,3449,3008,3019,2707,4338,3798,2884,4068
196,78,315,-202,-428,620,367,-523,-1252,689,-360,-751,-333,-214,-678,-492,-1008,-87,24,-1391,-675,-77,-847,-919,197,417,14,673,-462,388,-627,-761,-2215,299,-382,-149,415,207,-281,-497,-725,-1097,-534,655,-1439,-417,201,334,949,1065,-105,632,915,1149,512,-161,-178,559,-79,540,-743,-612,81,-1872,-1561,-1100,-1600,-1421,-775,-834,-1327,-885,-1245,-1308,-865,-559,-440,-2613,-598,413,-149,-1292,186,624,-1329,1530,-848,-1041,-261,129,779,-1026,-1189,-1451,594,446,752,1103,211,-191,441,335,257,67,-136,1231,-163,-517,2848,-240,464,1337,1370,1140,-498,-10,1871,2750,581,2006,2465,801,2966,733,1627,3147,2111,2302,3720,2969,2825,2175,2508,3498,2460,2556,2658,1395,2165,2227,3381,2635,2172,3610,1140,1227,2129,3349,3886,1342,3885,949,2727,2904,3980,3247,4394,4010,3046,4436
197,78.40000000000000568,-621,393,691,1220,-111,247,946,-691,-432,71,-346,-75,-163,487,846,-444,342,-513,-628,-1560,87,-541,526,-394,170,646,573,56,-77,-597,0,199,155,23,68,-13,-395,106,-105,-592,888,992,171,-416,-295,806,-405,775,-381,567,1073,920,-346,572,-217,610,284,-145,186,-527,717,-1049,-1049,-2687,-243,-1876,-1398,-1186,-2473,-1639,-1654,-302,-1577,302,244,-619,-1163,63,-715,334,-36,781,504,-586,-842,-245,216,-200,74,25,657,702,-666,-694,-142,-777,890,598,768,-358,-9,1779,1465,1244,-503,1014,1416,1541,-306,1425,1402,561,508,69,1069,2019,656,1285,-1447,1436,804,1603,3186,1427,1663,2278,3253,3416,1704,995,1910,3039,2733,2011,2347,3316,2437,2975,2464,826,1472,764,2902,2248,2896,1983,2732,3093,1671,1432,1956,3281,3641,3120,1996,3669,2269,2267
198,78.80000000000001137,-1346,-1211,-885,925,-555,1021,-668,-357,-427,-1632,19,130,-319,-1234,-1173,231,-872,-539,216,59,-610,334,-662,39,363,140,144,-134,198,317,398,-1123,414,-13,643,395,-83,-424,270,595,-247,254,-1515,-1344,-443,96,878,-187,1559,1025,-574,728,196,196,577,659,-1175,70,-1060,-1243,-196,-180,-1062,-1122,-1106,-884,-485,-974,-1222,-1284,-323,-1444,-475,-39,-1309,-379,971,-1783,-63,-563,718,2163,635,-618,-1008,-311,-650,478,884,-423,-98,607,-821,-528,-142,383,-932,24,58,578,627,473,1561,-264,1134,-1615,-456,514,109,-401,319,255,-321,733,1648,779,588,2541,1450,1367,656,2251,1760,2871,1855,3031,3588,2048,3781,2637,2607,2408,2304,3090,1747,2171,3164,4407,2726,2747,1340,3612,1799,2268,2866,2474,2908,1751,2194,3387,3039,4061,3187,2089,2713,3246,3133,2680
199,79.20000000000000284,-1437,-226,373,-1818,-418,-1767,-590,-777,-938,83,-117,145,-692,640,-482,-947,691,1556,-565,-46,127,155,1773,78,-1382,-1,2390,-115,-532,-1406,199,398,-4,-785,829,962,338,162,782,-955,-221,-536,-769,-125,-293,-464,-680,469,289,550,511,499,1057,212,124,-1736,-878,-475,661,61,719,-1437,-2164,-1170,-786,-1274,-273,-1064,-1577,-1764,-1569,-670,-905,-1698,-1079,850,-190,2617,-651,-1747,1383,818,43,-457,856,208,-1333,433,-841,73,-360,541,-606,-951,578,351,616,-378,-253,-245,-1229,-20,432,1147,-308,682,305,903,601,788,1196,454,129,147,299,805,-10,1247,956,1631,1791,925,2594,1616,2346,2918,2898,1909,2214,2198,2299,2297,1991,1806,2084,2440,2555,3182,1704,2369,1968,1872,2337,1732,1269,1537,3747,1967,2231,1276,2394,2851,5737,3107,4645,2286,3579,3888
200,79.60000000000000853,361,-468,-1801,-256,-68,-344,-784,239,-791,-789,-701,-77,-559,1112,680,-234,948,-78,-509,-112,-1321,-171,992,-708,-643,392,-981,204,-1046,484,-80,169,-79,157,6,-542,-68,-753,160,-716,-109,-730,-2616,284,-1026,-388,604,-389,-100,428,140,379,668,-72,-10,149,-290,-1413,-1287,-775,-639,-367,-184,-1852,-589,-1981,-1411,-929,-1668,-1760,-659,-1527,-419,163,263,1501,232,1337,294,-91,801,663,-193,174,-515,-177,-38,1380,-473,93,154,462,-206,-25,626,-424,1263,1114,1586,535,-501,775,1089,-446,227,149,274,586,-1800,401,407,-245,243,1847,1139,2620,737,2261,1095,1743,788,1736,2886,1990,1828,3084,2310,1445,2748,1819,3055,2201,2760,812,2072,2102,2534,3045,2616,2901,2906,1664,3519,1784,2849,3066,3117,1451,2787,3489,2332,2951,2647,2045,4100,2826,2295,2631
201,80,423,-436,79,-1366,-639,-90,1030,-287,-198,75,279,-763,729,-676,55,815,-499,-68,1274,716,1060,338,-352,314,168,-42,-1200,-132,-1250,52,-1088,465,-643,-11,-685,-1126,1608,533,485,1076,308,603,-777,-2387,-287,65,-1028,285,-231,443,253,836,-130,1578,875,205,185,1105,-101,-1038,-111,-1171,-99,-1146,-1195,-1902,-1156,-345,-1498,-1419,-1669,-1022,-1758,544,939,-755,472,-1464,-1471,-1774,90,1355,-422,685,36,-803,-243,455,-110,-666,248,-446,-788,811,-104,645,-1951,-837,251,763,-408,706,-375,1097,1432,1239,-2046,1843,-538,151,589,835,-96,224,62,2029,1330,1388,840,1450,1828,3193,315,2894,986,1935,2520,1877,3340,2895,1434,3849,2458,2848,1682,3399,2935,2709,2311,2107,2438,2522,1073,1748,2002,2101,626,2684,2652,4745,3411,3025,6376,3885,2855,2650,3307,3758
202,80.40000000000000568,-772,-636,517,1018,956,-1476,777,88,-1436,-830,-19,-144,-296,518,-450,413,10,-520,823,-1134,47,1331,-753,826,-433,73,476,387,-1431,-123,-106,149,631,-445,1504,-903,294,275,1084,186,-766,949,-89,-579,-1124,-659,-466,-29,-675,-171,822,91,340,1392,-435,-1071,-442,-634,233,1295,-691,-1284,-1858,-561,-2372,-2067,-577,-53,-1701,-1640,-251,-823,-1719,309,-637,-2041,-103,-1364,-963,-2042,284,2089,562,-102,-33,30,-625,251,-1432,-457,72,-89,324,-258,-474,1604,-341,1493,372,-525,349,1147,-210,-578,-547,-1841,-34,306,-299,781,-793,-70,595,702,189,1543,3031,1271,2955,1096,1671,1844,2530,2003,2891,1999,1498,2317,1800,2514,1623,2751,1728,1961,1980,2305,2737,4403,3025,2385,4082,2604,1667,2483,3719,1631,1368,1944,2330,4634,3704,3544,4389,4006,3980,2974,4545,3417
203,80.80000000000001137,-922,-396,752,343,609,-175,-953,-934,-348,-481,-105,266,693,-56,-1079,-472,-923,-1637,363,-726,-276,-530,-528,-190,-160,-472,193,-908,-495,-880,-247,-394,-1644,-678,-65,-468,-556,-218,2016,-1348,-769,738,-287,52,-689,-209,-712,-529,-588,-213,828,285,-682,642,-1437,-326,8,-1581,-1774,-1210,-1247,-1225,-1154,-1361,-1301,-2607,-1909,-1418,-287,-921,-1656,-2462,-678,-107,-1754,1241,1016,-1324,-1665,-1815,-339,1103,-379,-815,-952,-836,-1194,93,41,423,73,-242,468,-366,1047,1628,1537,125,-75,1015,422,407,873,921,-276,1331,-885,929,2,-214,638,572,352,0,1203,386,752,1699,1464,2227,2107,2451,1568,1758,1851,1698,3277,2150,3313,2063,1821,2228,1952,1854,2796,2892,1551,3016,3291,1648,2050,2147,2496,1866,2917,-297,1010,2265,2452,2364,2043,1703,3102,2719,4908,2926,3649,3168
204,81.20000000000000284,-726,147,333,491,972,795,-353,-1235,1003,346,-1179,-657,-1116,-508,-605,-521,-312,380,-434,1715,207,52,140,1334,1076,719,59,-1896,-849,1025,-731,513,549,-451,366,-812,-104,238,147,-541,553,-432,-390,-292,-236,-240,-500,-234,-339,243,-1478,-751,1258,-303,-794,830,467,-350,-1175,-692,-1480,-1304,-1834,-1022,-863,-1294,-1382,-1946,-1026,-1156,537,-2035,-1702,-101,923,1640,-169,408,-1492,-1778,1239,161,1336,-973,706,-1109,-444,-1124,-592,144,227,735,-612,318,1197,-977,-1009,-44,1547,-196,-851,1187,1847,1310,1767,1318,475,-848,498,-6,401,893,358,1552,764,-486,2667,1656,1793,1925,481,1086,4024,3226,2433,821,1483,2886,3810,2999,2188,1334,3594,1512,2848,3372,3637,270,4269,2236,1646,3072,1810,492,2016,2340,2356,1848,1487,3868,827,2747,2192,3388,1322,2699,1819,2960
205,81.60000000000000853,-1532,415,198,406,561,-234,376,302,-197,-696,-804,-556,-961,-466,525,-208,-594,-1172,-355,324,-568,768,305,451,1077,-594,957,-1517,-905,103,118,258,351,534,-772,-533,644,224,243,-268,-254,675,829,-994,-989,-216,-572,-1350,-221,130,968,73,1093,895,-506,-248,1680,1670,-536,167,-2090,-1136,-1505,-956,-1379,-1172,-2321,-1793,-635,-1665,58,-1978,-2092,-386,596,-273,-892,-1695,-637,-573,137,309,-349,674,-319,75,-476,43,-437,-555,-271,204,80,-55,446,-322,1410,312,-256,294,125,340,649,-167,216,1125,773,-399,435,12,1052,831,295,820,63,397,1841,463,240,2258,2062,903,682,1135,1893,-543,2934,1924,1900,1897,1717,2032,2507,2518,2768,2547,4141,2882,3151,1851,2138,1217,1438,2492,2985,1704,759,1152,2671,2083,4905,3416,5329,2484,2814,1669,2992,2669
206,82,-157,-828,-1873,233,-1144,391,-250,-395,-1053,129,310,-289,469,-884,-457,-433,248,-1227,-707,162,856,-834,495,193,53,-116,-1531,2262,10,1504,1106,-814,205,-259,-51,-448,97,1460,213,325,617,337,-890,-914,-30,31,-502,-996,222,-395,293,181,522,255,1413,900,-642,7,-361,-129,-1195,-1257,-2734,-1575,-1853,-2109,-1343,-1827,-1118,-679,-894,-800,248,-996,1412,-1428,-335,-204,-996,-767,-426,398,849,169,-37,-59,-920,-204,-593,827,-867,402,-758,2001,524,63,-1540,62,-727,-268,834,77,-155,-753,519,640,1390,1427,-975,-175,-314,869,961,-912,170,1665,1373,2009,3024,1052,-1069,503,1820,484,3210,1866,2441,2214,2712,2089,1892,4252,1268,1854,2122,1669,2835,3399,2678,1714,2281,2020,2562,1977,2684,2629,3091,2490,3348,2444,2632,1397,1094,2107,4178,2783,1760,2417
207,82.40000000000000568,509,-1014,-290,-295,270,-418,-1667,-690,-324,-833,223,-1225,-452,746,21,-800,-1033,610,-290,382,789,-961,566,472,48,218,-210,1344,992,534,381,-654,265,-205,-1127,1118,423,1523,437,-556,863,1255,131,-339,45,-1415,-247,-453,-1106,-570,-1138,-96,830,670,-374,537,444,-2407,-1123,12,-825,-1702,-770,-1427,-1613,-1905,-1386,-1627,-1130,-1336,-1112,-1359,-1643,423,-106,-1640,-374,-294,376,-1536,721,1819,517,259,873,-407,-420,-112,-411,-96,206,1199,630,-170,-56,290,1737,-440,276,887,531,-420,823,560,683,376,3213,1867,-1508,412,517,288,325,1016,843,565,1224,1460,3339,321,1486,1249,1465,3024,2944,18,2706,1732,2217,2466,1387,1626,2613,2178,2863,1685,1911,3319,2456,2872,2642,860,2270,3150,2082,1763,3382,3337,2328,2049,1576,3562,3075,4403,5201,2696,3907,2816
208,82.80000000000001137,224,249,-2381,341,-255,707,530,1753,-866,631,-186,-797,-95,1138,643,419,867,998,269,375,-254,502,332,134,-14,-289,576,694,63,379,604,-559,90,-1100,-245,635,968,65,637,851,746,1164,1306,444,-403,-277,135,-888,720,-288,1924,1023,-94,-38,568,-240,564,81,269,-1079,-1044,-665,-101,-1771,-1749,-1759,-1789,-991,-658,-1501,-978,-1869,-1402,-45,-1233,-486,291,-773,-2065,-1377,-685,895,-300,-217,149,-57,400,441,-1236,-364,-884,788,-357,116,676,442,-228,861,-138,399,-978,438,-486,-369,154,1073,157,-679,-1518,-276,357,-46,814,2388,1014,1576,1665,2746,1887,2742,1647,1547,2210,1542,2410,2212,2254,3229,271,2090,2402,2152,2742,2617,2749,2876,4105,2766,1576,2582,3042,2302,804,1923,1838,2858,4751,1665,2129,2553,3311,3170,2214,1987,5025,1835,2371,4033
209,83.20000000000000284,-859,106,-239,1357,-543,1176,-585,606,-562,220,-356,675,119,-1281,-224,-350,-891,-280,-972,544,2366,1006,-292,453,-1184,-896,1189,19,959,584,744,1054,-386,-145,-112,-1214,-170,-361,254,62,300,204,-590,-1577,425,670,-1233,115,-212,117,-316,158,241,-568,1135,619,-820,435,-186,-213,-2132,-1046,-1503,-1956,-269,-1623,-907,-1014,-918,-704,-1072,-1654,-2207,12,-355,562,-1107,279,-1691,738,-201,975,1321,-62,-654,518,471,403,121,-68,572,486,164,-939,-369,407,992,-892,-1294,285,1369,594,1236,549,356,889,772,-68,139,694,275,688,257,-10,610,258,1201,2031,1123,692,-397,2978,2038,1377,1096,2024,2673,2038,2497,1741,2109,3224,1985,2996,1900,2402,3084,2850,3296,4304,1853,1671,1882,4157,1778,2106,4531,3594,3702,1118,3898,3610,3901,2745,3071,2115,2262,2800
210,83.60000000000000853,-73,816,-830,1228,-1025,-432,140,546,310,-375,-741,-638,1016,1676,862,973,-99,90,-249,1769,154,491,-793,671,-516,-21,-532,-549,1005,-684,843,-268,-215,340,-999,260,923,1108,1290,38,-198,-505,773,1251,1252,-635,958,-826,-487,-549,-5,1288,-93,500,-264,-752,-119,-343,-382,-496,-2062,-487,-2193,-1685,-1559,-2163,-770,-1151,-871,-1019,-493,-989,-1829,-814,-704,-945,-23,322,-1915,96,818,1125,80,-979,1244,-163,341,-162,-679,281,-498,414,169,-176,697,1770,385,458,322,-822,541,45,1692,2283,1364,1830,917,1257,139,288,746,-330,-52,636,1586,1220,834,2389,2155,1559,843,674,1628,2448,1178,2161,1974,2394,3456,3801,1458,2399,3285,3254,2003,2390,3409,4438,2200,3164,2374,1988,1474,3216,901,3180,2761,1316,2017,2986,4327,4243,2691,3308,1689,2896,2922,2379
211,84,173,1267,-369,282,-974,-1334,679,-454,-1264,-336,-530,618,365,712,-211,-163,524,510,1018,411,1253,1863,640,-252,157,-276,825,-409,530,1091,73,615,-179,-1777,179,1354,-39,9,806,1130,126,-153,171,145,-408,-564,1154,-261,287,251,-184,146,21,1120,462,-203,449,-389,-1470,307,-1157,-1445,570,-1286,-1781,-1997,-1261,-787,-1033,-427,-2047,-1260,-3273,210,-1208,320,483,-240,-140,-972,695,-49,119,347,255,-574,398,527,-313,129,946,-584,312,-914,390,-83,-455,268,-68,-1880,-536,-136,588,-602,-122,567,342,77,788,429,832,180,851,184,1352,1266,115,1400,2005,1850,584,1822,889,3130,1273,1398,3042,1646,1841,1261,2073,3460,2869,1782,1279,2742,3647,2599,2586,2587,3026,2069,3017,1322,1614,3930,2028,964,1914,2351,3393,2412,4255,1588,3619,2846,4450,3037
212,84.40000000000000568,-757,1132,1210,-340,513,734,-207,-610,12,-1346,-184,-93,-608,414,115,295,-457,230,16,29,-305,2217,-773,119,566,1285,-608,515,398,-578,-306,383,-310,741,1356,528,911,185,308,-382,1296,577,672,751,-930,732,779,777,-609,-135,3,263,269,1387,1049,-769,293,889,669,39,-682,199,-1533,563,-1612,-1800,-2597,-1043,-1023,-1506,-1238,-854,255,-126,1470,2131,-666,-1181,-843,37,1152,620,566,189,-51,818,-193,-173,1074,-568,574,-160,-1392,931,561,403,-299,649,-501,888,-205,170,22,676,-940,1092,-683,758,1084,932,-270,-81,11,1252,1070,1566,1496,1444,2065,1444,4001,2318,2493,939,2031,2980,2176,3923,2357,2275,1763,1834,3366,2540,2002,2136,3505,1286,1074,2718,2548,3047,3163,1899,296,4671,5575,2664,896,1233,4063,2400,2667,3542,3316,3911,3024,3518
213,84.80000000000001137,-308,294,-658,595,-104,-285,780,476,145,930,1086,131,35,893,781,261,-832,1454,921,381,-85,809,-1150,-424,725,805,1020,460,-128,221,-219,1116,388,-1170,850,68,-36,854,900,365,592,-267,1068,1584,1053,1199,-552,306,288,1071,686,1296,998,-26,-169,29,-748,1302,-1310,557,278,-673,-1059,-992,-1615,-868,-600,-1262,-539,-1589,-2016,-1517,-631,539,-217,724,-883,123,-123,78,1544,1024,-663,456,-264,611,-258,-345,1147,-33,-640,521,456,-1397,467,1420,411,1145,895,246,-20,1811,-1978,-856,854,542,1642,-965,-127,340,988,1986,491,-156,60,818,1999,1393,1192,1670,185,1676,1357,1249,1577,2344,3198,2705,1947,2214,2814,1307,3105,3033,3786,3106,3336,2562,4160,2287,2724,1630,2864,1767,2063,4222,2034,3438,3816,1866,2072,3271,2485,4342,1957,3145,3292,3666
214,85.20000000000000284,1044,1027,620,1237,732,997,223,442,656,598,-91,1144,275,-422,769,-217,455,1315,2267,1304,-1033,-171,370,113,-573,1601,753,-269,778,1179,-647,1125,157,-1311,-812,-247,42,1175,966,579,246,-68,-95,330,-214,1654,304,811,402,195,-840,-1021,262,-115,-430,1699,1172,322,186,-478,630,-812,-1560,-2438,-1654,-913,78,-884,-187,-1093,-1060,-1603,-1458,-148,1579,-633,-351,-244,22,-56,684,491,578,-262,-258,9,868,-80,1020,345,-168,-322,-1108,81,-272,764,1105,466,-695,348,421,1309,-872,1051,1309,1480,-81,212,164,326,510,1074,382,1239,2897,-38,1277,1156,2902,453,2239,1773,2777,2667,2201,2455,2464,2580,1974,1630,2663,1687,2524,2201,2027,3686,2405,2306,3852,2653,1912,1129,2699,3204,3714,1833,2698,2103,4061,1877,2623,2930,2301,2954,2912,2488,1889,5080
215,85.60000000000000853,426,-282,-273,-479,315,20,423,-618,442,504,-88,346,1450,530,730,518,792,100,-267,281,-634,116,49,1109,738,160,-110,911,2013,-151,158,398,687,218,515,72,677,448,508,978,539,359,-679,10,915,855,801,-500,-555,-322,707,757,544,713,-130,-878,-116,-839,-365,-807,522,-872,160,-645,-869,-1047,-994,-1655,-1194,-216,-900,-1958,-438,-386,-977,-1123,1102,-518,-210,-12,411,-1199,264,-250,654,441,-523,-697,644,-827,437,-22,-182,126,10,-431,-143,360,541,801,2579,58,540,1049,-16,502,721,1276,1178,1058,1017,84,231,1524,800,1497,1359,1206,2943,1496,1305,661,2012,2486,2093,2073,1890,1950,1308,3235,1165,2473,2439,2255,1548,3079,3870,3973,2403,3495,1804,2377,1922,2524,3910,2094,3169,2617,1302,2739,2205,2001,3408,2843,1365,2788,5145,2893
216,86,-692,1093,240,37,-369,356,-396,-816,399,-966,38,211,-172,-866,488,195,-1604,370,318,619,-356,72,-1124,183,-107,72,140,-972,1186,426,418,-81,-624,-714,-402,-708,-410,-45,-56,111,1330,507,502,938,829,417,-221,1068,-1680,977,1342,202,279,336,-736,207,-5,889,-572,-855,-1270,-386,-99,-1698,-915,-2060,-1106,-1464,-1506,-1802,-1113,-680,-309,-891,-1224,-1637,3036,-165,689,888,1084,-453,881,-1014,204,149,1123,78,35,-266,-81,829,-72,621,944,-50,593,140,504,-1057,666,1234,-597,1349,1494,-94,414,271,-360,599,611,-216,1494,739,630,1714,654,918,1651,1898,2857,922,417,705,2415,2508,2166,686,2695,1241,3635,1533,2617,2118,1469,3077,3490,1788,2109,2441,2982,1894,1768,2516,1821,3079,792,1644,2826,2641,2236,2540,3155,2840,1351,2390,2613,3039
217,86.40000000000000568,-416,500,-96,525,-316,903,360,39,485,411,128,212,-28,976,143,-56,379,-406,35,-246,661,1172,711,295,-405,-1409,125,156,54,358,-217,-448,124,-719,-75,-598,232,197,546,863,133,1201,346,1548,1037,1355,724,437,681,28,828,169,643,-222,-517,-43,413,-132,-1593,425,358,685,-785,-1758,-499,-1272,-1971,-957,-1906,-1156,-485,-192,-1643,-20,-295,-350,1012,-1910,-122,69,1226,662,-565,-706,122,489,918,-615,-647,145,-838,517,335,-745,280,-364,329,471,-461,716,1436,-332,-664,106,1111,426,1674,35,268,616,1767,1047,753,600,1454,876,2812,2617,3162,1389,708,1105,1739,957,2033,3216,2493,2268,228,1132,1977,2537,1716,1755,3436,2647,2792,2870,2763,3445,873,2269,1943,2584,1707,2332,1908,1984,1466,1627,1252,2927,3808,2662,3610,4185,4338,2343
218,86.80000000000001137,306,1285,-1560,666,-606,-727,-231,-924,296,-500,328,21,-310,210,-618,815,-266,434,-244,-485,744,-540,-810,-1211,77,1114,-919,149,-397,641,867,595,-380,375,1645,646,-4,1073,64,7,1053,1637,139,309,356,1001,-877,791,902,293,482,847,-1027,1386,-317,-527,-830,459,238,-527,-1236,-314,-1130,-1305,-1366,-1270,-38,-1025,-1542,-761,-1396,-707,-760,-205,-538,253,1675,-13,-556,1103,831,512,537,674,671,-1100,-385,-96,660,310,36,278,-111,675,993,-123,796,-369,924,992,389,1562,422,-750,651,276,244,1993,768,723,1,-329,916,1594,1219,1766,773,927,1299,2330,2126,410,1786,1859,3330,2179,3327,2823,1490,2990,2934,2210,2649,2795,1542,2340,2836,1703,909,3258,2730,2235,1611,1958,3918,1602,3260,2227,1588,2351,1496,3641,2805,2461,3353,2709,3061,4112
219,87.20000000000000284,-166,-1293,373,151,452,-342,-584,-102,-223,-288,-23,117,-73,-233,-959,775,-753,647,417,72,67,-233,1159,305,-426,482,-73,117,-484,-527,-565,-1174,141,-372,-508,295,838,268,1355,800,291,-259,608,1674,-1649,-1189,-1026,-198,383,-602,0,543,-462,1067,892,144,-343,-1161,83,-1326,-560,1296,120,-119,-578,-1113,-1358,-1570,-1070,-478,-1478,-467,-299,-1073,-2086,-136,-851,-70,-980,437,870,755,684,1150,69,929,175,-86,-463,558,-135,-189,737,328,-692,313,278,-144,-80,1112,-550,-384,304,-383,-91,597,1577,512,578,-361,655,-349,1335,1173,744,690,839,1748,1437,1371,1801,1190,3089,3194,1342,2342,771,2365,1593,1572,1909,1844,2068,2843,2726,3423,2318,3230,1710,2326,1235,1413,1031,2869,3170,1968,2475,2019,2422,978,1926,3807,2863,2553,2729,2383,1604,3887
220,87.60000000000000853,-411,-956,-1011,-1050,223,-406,-669,54,-65,76,264,-1749,-475,-73,1215,628,-1140,-754,-109,-213,-6,643,-983,-382,480,-101,-113,-719,171,819,422,-348,51,-670,-1736,-14,-415,470,618,-181,547,847,-217,-7,204,654,422,427,75,440,659,-1249,-647,2,-102,-662,809,-24,-799,-160,-1951,-1178,-382,-1205,-771,-1616,-1358,-1121,-1017,-901,-930,-745,-568,-2118,635,-860,2290,-297,-509,-614,541,860,801,-655,181,-399,-415,-792,132,-299,-110,-291,171,64,668,266,761,116,-327,-274,724,1191,-155,592,-538,613,1477,802,490,733,-1229,58,465,1023,708,-199,-333,1180,2436,2095,1018,898,2937,2232,2613,3127,303,2624,1899,2014,2578,2597,2115,2562,1856,3028,387,1851,3940,2106,1797,1413,1929,1558,2909,2744,4390,1315,874,2804,2693,3244,3430,2452,3153,3448,2561,2611
221,88,-356,-205,185,-1367,-159,24,-257,-720,460,-1113,-564,2066,266,21,424,164,-325,-180,-765,9,-1112,-578,-626,-597,827,-40,-240,-741,-798,752,-402,225,334,-1061,436,242,-443,338,1194,324,-1099,-533,151,-201,816,477,-87,492,754,804,27,370,105,314,-155,1134,105,-763,-224,-1339,-299,-1604,606,-2129,-1158,-1460,-917,-1410,-1329,-1139,-2331,-1791,-1521,-652,-2331,-89,450,827,1462,422,211,377,287,-385,467,-64,87,806,-993,-595,421,-55,1306,90,-345,352,69,318,-697,904,338,-2316,1630,1005,2059,418,189,605,647,-1173,286,342,-311,-747,508,1001,246,2071,2143,1555,1420,2282,2841,-753,1111,2070,219,2325,2621,2117,1426,1528,3543,2500,3009,2215,2849,1082,1788,2328,2030,3098,2755,1832,1498,2577,2987,1971,1956,2104,1448,3039,2818,1726,2936,4248,3346,3040
222,88.40000000000000568,-88,-494,-638,-719,-664,561,-212,-62,-389,-156,-491,-177,-542,45,-483,-1018,-216,-33,-1518,-63,-177,6,-76,-163,-275,-87,131,-173,-501,-509,57,-1389,119,-1796,48,867,275,245,740,549,-992,-251,-2552,410,259,-1153,502,-197,5,548,-503,456,-366,-783,-743,545,700,-372,37,-680,-688,-115,-1490,-1088,-1443,-2333,-1326,-1109,-1795,-1189,-1319,-391,-897,-880,893,1094,506,939,-305,1976,610,1141,-509,-1305,-284,78,-711,-1284,-39,-1054,-1553,-274,359,-458,-1170,-999,-195,402,135,279,97,-546,-1045,430,181,27,794,-232,752,-1663,1612,34,627,424,1039,-566,2561,1516,2567,1131,2318,2693,232,2334,1,1268,1468,261,1451,2681,1904,2595,2955,2692,1038,2486,1767,2499,4523,3920,211,2187,2359,1380,1999,1818,1527,3787,3372,2180,760,2324,3255,2195,2477,4102,2820,2527
223,88.80000000000001137,185,-637,-1851,-682,-858,-145,468,-1612,-231,-1124,-78,-561,-1067,-1815,-23,-518,-666,1198,-328,762,-105,205,-291,45,-206,-754,-1290,-1119,-1230,-923,-127,-838,-161,-1478,409,-1223,-532,202,-34,132,-77,900,1598,254,510,118,-243,863,-442,-1021,-786,-974,-558,-1253,-286,-756,-1049,-974,-1179,-1486,-822,-740,-206,-736,-1506,-1691,-1558,-907,-1727,-926,-1205,-1093,-1345,-868,-1418,-39,-631,1278,-2318,1512,-66,634,-532,885,-883,-1231,-617,-440,-455,147,238,-622,-483,-578,-851,-1002,-520,-69,-107,206,-462,1143,614,21,566,1837,34,57,260,-708,344,1129,92,1123,1179,2480,2589,406,996,1056,2052,1422,1871,2279,501,1760,3093,1453,711,1559,1733,2570,2248,1425,1391,2377,2175,1552,1857,2715,1742,2807,1562,2174,2556,1697,1495,3248,2582,112,1215,2176,2209,4052,1959,2903,2258,2309
224,89.20000000000000284,-1591,-137,-521,-1361,218,-615,994,-1073,448,-382,-202,525,-246,278,-688,-429,-238,1422,-718,-720,-571,-312,-1200,293,-1342,-225,-310,-846,-401,781,-1227,-113,-622,395,-379,852,-316,-698,-1097,413,-860,-683,-864,-1464,53,816,664,-230,1201,359,261,-468,-743,-339,-176,-1842,601,-99,-1087,-559,-715,-780,-1199,-641,-1892,-1703,-2305,-2076,-815,-167,-1649,-2332,-167,95,-676,-837,-384,-404,-1358,-725,575,-1038,57,539,-635,292,41,674,-92,287,-1022,-27,-592,-505,-1033,-910,-550,655,978,-241,-404,-1448,-815,-418,197,585,887,-88,-682,1092,1391,-464,-1218,373,1258,2254,533,1323,323,2811,562,1182,1111,1307,2471,2207,918,372,1652,1568,978,1916,1965,2178,2728,616,1387,3276,1836,2303,1556,793,252,174,2703,305,1511,2853,517,1442,2433,2722,3439,1705,2303,2586,1996,2912
225,89.60000000000000853,781,-613,-1471,114,-549,17,-758,253,-446,57,195,-63,-541,-795,-168,456,-237,187,394,149,-667,-1262,366,-839,361,59,-923,-1726,-1481,-221,-1041,-1200,-2022,13,-444,-305,742,110,499,157,502,815,73,-419,519,-729,1002,-683,-39,-71,-821,310,229,319,-182,-444,-303,-1985,-1133,-438,-1854,-771,-2358,-792,-1424,-1941,-1173,-914,-2145,-623,-1593,-1906,-2424,226,1211,-1238,-99,-148,-575,-2456,227,321,-566,756,615,-268,7,246,-49,121,-699,-1424,-372,-673,-673,1911,280,837,1440,-384,-81,-2514,-388,-548,866,-477,-28,483,-583,1222,353,274,183,948,709,882,495,438,932,1191,659,1574,3387,1230,2015,1287,1360,1194,841,1598,1159,2342,1290,2862,3365,1507,2955,3296,3397,2440,2777,2722,1259,2948,2398,1998,-708,594,-857,786,2121,214,745,1728,2267,1035,843,4006
226,90,-416,-742,-1378,-502,152,-473,-988,474,-1370,-131,-805,361,579,1297,-824,-647,-479,-581,6,-1627,372,-1041,-1371,-1277,-478,-276,-1044,-527,-916,-1709,-341,-994,255,-1060,-1385,-639,-441,-711,177,440,-114,-625,-79,-61,632,-39,-585,112,8,-116,1208,-69,-799,-90,496,-519,-835,-392,78,-300,-277,-841,-274,-1181,-1267,-1629,-1686,-1090,-1328,-1203,-1953,-1613,-1996,274,-1862,-1719,-1503,-852,175,65,306,1033,-1137,303,-606,-515,-630,-481,139,124,380,107,143,-359,-302,1447,-117,-545,-423,-424,253,9,-600,911,-430,-690,113,15,171,-388,-562,-1424,754,183,1176,623,1343,705,1492,1549,2583,1173,1239,1438,1985,1825,1560,2307,1676,1150,1740,1406,2334,2003,2614,1905,3022,4155,1050,1438,1822,-83,804,2659,861,2039,460,1528,2421,2517,1722,1469,3605,1539,3018,2463,2521,4102
227,90.40000000000000568,406,6,-1641,453,3,-2145,1585,-118,-650,-40,8,-342,-1772,-303,-422,-966,1222,-261,-503,-601,427,421,-74,-1444,-121,-535,-852,-1208,-771,-439,-719,-858,-2228,-1860,186,-1022,-298,-862,-168,184,-5,-244,-521,-50,510,1333,401,105,-50,-243,346,-391,654,-960,-887,691,2,-633,483,-1812,-1398,-1322,-1996,-2231,-1620,-1196,-1027,-2481,-1733,-2690,-1291,-703,-1599,-73,-1929,359,-920,179,-489,1601,806,1090,583,-612,-1073,-365,-71,-1006,-35,-1516,19,-930,-555,-978,-1010,-936,-952,-388,-1891,-652,-944,-417,1475,-3510,1430,134,377,1064,-1044,-539,-435,-106,347,782,575,-1113,1031,1442,816,1644,1215,1214,1713,1923,1582,1317,1768,630,1533,2941,2748,1326,1688,1968,2190,2160,2653,3319,2590,2462,3184,3133,1569,1681,3070,2493,1497,1639,2500,1089,2277,2050,1989,3172,1919,2866,3828,2382
228,90.80000000000001137,351,25,-971,-563,-759,-137,-986,-289,161,-388,-524,-828,-632,-895,-550,394,-297,-1455,560,-147,-219,-389,-2121,-394,-909,-1170,-354,-592,-316,-425,-741,-580,994,-89,747,-667,143,-183,-1103,-14,-250,393,83,-808,348,2470,402,104,476,1388,-939,183,-92,-37,-753,18,-231,-1740,-247,-967,-1482,-1283,-1568,-764,-1904,-1290,-1558,-1001,-2343,-2158,-1602,-2174,-1861,-954,221,-1107,-11,-471,578,-865,723,445,244,-51,16,-302,-619,235,165,-392,-379,2,-462,-1045,-142,598,-488,-14,478,-2026,-1662,851,-3135,-639,1109,728,272,619,676,62,56,820,575,-346,645,1226,-18,458,-129,345,-343,1556,-953,1679,3607,2057,970,3053,2097,2795,1819,830,1909,2525,1618,2070,2589,685,2000,3250,574,135,3067,1839,2103,489,2712,2201,1083,1115,2680,2460,2526,2875,1631,320,778,3433
229,91.20000000000000284,511,-450,400,-212,1334,661,19,571,101,480,-1441,-716,-575,686,-278,-476,-979,-1515,-444,-499,-912,-1586,-643,504,-251,-1201,-650,-516,-1013,-444,-62,-100,61,55,-540,-401,-947,-488,-367,-1363,393,364,1458,256,605,-450,-132,989,-19,-260,-149,-1318,-326,479,284,-39,165,-483,-1347,-1648,-439,-1092,-979,-486,-1389,-882,-1403,-2152,-1627,-1539,-1797,-1221,-975,-1485,434,-1567,1212,55,260,-622,452,-278,-49,-1026,-1400,416,195,-1587,-321,-923,-512,155,656,630,-98,1199,369,-329,-846,-804,153,-1285,-1099,1454,1794,188,-862,712,498,489,-107,-252,-754,319,-482,1607,1323,1068,374,1912,1291,851,1612,2039,1479,1059,1928,1556,1251,1308,648,1136,1926,2321,3392,3069,2904,3527,2920,2983,1590,1759,584,2044,1926,1447,3320,366,487,3523,1583,3764,2173,3183,2280,3585,3880,2669
230,91.60000000000000853,-174,-145,-133,-770,941,944,-564,-111,1709,-207,120,-1245,726,-1698,-648,101,-896,449,-1165,1097,326,-1282,-887,-187,-600,-176,-965,-425,-785,-1812,-396,-1531,-532,688,-655,-1000,-233,7,47,-1089,-185,-152,1498,-679,894,-474,-1331,-299,450,-56,-474,-754,-5,-221,-109,-587,-1293,-2504,-1795,-181,-339,-2027,-1423,-1525,-838,-1954,-1416,-1591,-1399,-123,-2245,-1762,-2204,-1510,866,1334,133,697,-525,-173,194,679,453,320,844,4,349,-72,-518,-595,-990,-724,-13,-497,112,729,-252,11,711,-6,783,-443,-408,1768,2473,-462,354,1311,597,818,195,1373,35,1466,-454,997,69,-656,1969,672,2084,613,1098,3955,753,3018,1382,2592,1476,1273,1253,1646,1648,1235,2227,1947,2707,861,1477,1637,236,2597,1982,793,1909,805,2510,3673,2877,1501,2647,2563,3050,3157,3690,1628,3230,3018
231,92,-1208,-68,-465,-145,-733,-75,-1433,2190,-20,-41,-812,394,-695,-1636,-182,-275,988,231,592,141,-1011,-782,-695,-1186,-485,-252,-303,-362,281,-525,1479,-310,-1688,236,-558,-553,186,-407,-447,161,-630,-389,5,615,551,-246,-992,-17,-1145,841,-463,-755,396,-334,-598,-1118,-327,-1349,-127,-1266,-866,-426,-1728,-636,-883,-1689,-1336,-1258,-1600,-900,-594,-2808,-1242,-2429,-726,-911,-440,204,-228,1015,531,-172,-1120,-1198,375,-139,-244,170,-447,-683,210,148,-602,631,895,500,592,-425,65,372,123,-197,-1764,93,2418,-356,537,-473,285,1687,1129,-454,620,1283,700,867,1762,686,781,831,2540,1626,783,3052,1462,1658,2077,930,1463,1447,1957,308,2532,1954,2740,2785,1899,1645,3129,2756,923,-70,539,2801,2410,4259,2312,1189,598,1819,2046,2803,526,2947,2296,3834,3227,3809
232,92.40000000000000568,-254,167,101,-1111,-1087,-1493,497,736,70,-653,-108,63,-808,90,-692,353,665,-651,-825,255,-325,315,116,-523,-409,-97,-448,-601,-1178,399,-742,79,-1909,-258,487,275,-936,-327,-591,248,693,738,-987,362,-180,-982,-752,590,860,122,283,-228,457,507,284,-209,-559,1625,-871,-426,-975,-689,-460,-1501,-1201,-1492,-992,-869,-1621,-680,-1962,-1097,-86,418,1575,-2080,-1533,1692,-982,1951,1407,-547,583,-138,470,52,620,-326,-285,925,-415,-730,-364,-73,-254,-182,-884,-184,391,103,-923,-607,-1160,597,-941,784,1384,-1161,1260,734,-481,-79,-362,850,752,504,448,32,1510,915,938,1565,1809,1803,2631,-155,1432,1457,2040,617,1299,1195,1820,1402,2894,1804,2453,1737,2094,2451,2683,1483,1260,1284,2613,2103,4163,2701,1286,660,3434,2371,2578,2497,509,3421,2426,3589
233,92.80000000000001137,614,-298,-273,-1452,-1069,-714,-223,1027,159,-660,153,-1185,-722,-1179,-20,-1448,327,-318,-357,144,47,82,636,-694,-1351,-498,-171,402,-899,-431,77,-607,-618,-1591,-487,-21,-802,-1090,-307,53,11,-204,711,329,906,-529,491,1083,-148,512,-319,-80,1333,-561,-703,1525,-261,341,-591,-672,-604,146,-1391,-1854,-1763,-2711,-2392,-872,-1783,-161,-1004,-1110,-1492,370,-31,2226,-825,31,-1184,-442,702,-1227,156,-149,-13,102,114,34,722,-645,1195,444,-486,227,428,-1017,982,-553,-1424,-891,1276,-27,219,478,873,520,412,-231,294,-106,-207,695,187,732,427,677,857,2057,39,2480,1072,1160,543,3305,2522,2056,2754,1565,3488,643,1249,1361,2343,2270,3449,1160,1978,1350,1779,3799,1467,2616,1992,2947,1030,2606,3678,1964,1601,1923,942,3009,2148,3046,1020,1935,2291,4277
234,93.20000000000000284,-372,-239,-336,-7,205,-385,-33,-867,-315,259,68,-751,-42,459,-258,556,-580,-136,-1035,-581,674,-460,32,203,-673,880,8,-582,747,236,-1235,744,1178,-540,-187,-379,447,-122,-754,249,-551,-577,-1096,-285,367,57,449,-877,1414,46,-245,-47,-172,830,434,-439,64,-35,-347,-280,-788,-177,-1993,-1907,-1603,-1200,-355,-998,-2200,-1926,-1658,-768,-1576,-1043,-521,339,880,191,123,153,808,-1206,1055,1081,-600,-479,-103,271,40,124,-971,-535,-442,-633,-948,-106,-1267,-74,-256,-878,-166,-1386,1006,1714,628,1614,1245,192,-124,-333,262,320,670,115,-420,2756,1572,1159,631,1299,1611,1448,816,1312,804,1276,1126,624,2069,2075,1385,1114,2695,1708,1880,2006,1603,3592,1852,2389,1685,800,1508,2231,3220,1958,3568,-520,1194,1810,1883,2614,3168,4064,789,3118,2076,1949
235,93.60000000000000853,181,-553,-1229,-2273,-1041,-138,-351,-369,291,249,-534,-849,76,-568,-167,479,-393,-1139,-1203,-704,-617,-455,-1661,-30,-456,-398,690,-38,-1345,755,-1831,-963,-28,-90,-944,-570,315,-308,158,-163,-431,-590,-787,-663,805,540,-47,318,-321,231,-139,328,-320,777,136,202,-232,103,-787,509,-983,-1323,-1319,-1848,-2033,-1455,-1418,-1668,-1392,-2641,-1772,871,-1497,-1058,-82,-1747,757,705,-302,1114,487,1329,-118,-487,-376,505,1052,925,53,-46,-1084,-110,156,-11,207,-1047,-776,255,1721,87,-724,1088,1535,-223,-223,2630,464,761,-286,-633,493,-35,752,-155,335,1274,1880,921,1878,1034,1731,2187,-241,1889,3059,1368,2063,1133,832,1585,795,2199,865,3336,2628,2216,2983,1792,1198,2218,2049,996,3028,1943,880,2862,4531,973,1365,1259,1765,2383,2802,2344,2995,2097,1429,3884
236,94,14,68,-650,-1723,-221,-453,-405,-316,-1131,138,809,391,-945,-85,1187,-988,-375,-461,-259,433,-463,-924,-401,492,1197,-142,-1099,-685,-135,-201,-587,-541,-752,-316,-1118,119,366,-467,-2036,-537,-1234,801,1572,-326,-644,558,-309,439,-1469,907,1473,46,-847,898,-1921,219,-1254,487,-2056,-1275,-742,-1657,-1023,-529,-1475,-1390,-592,-1511,-773,-1647,-1750,-373,-1580,-1209,-582,-2621,-723,879,-1344,661,-405,224,2447,-1084,-244,1263,888,-425,242,-1869,-881,-370,-677,-307,-486,-1553,-302,-416,-2503,78,-187,1623,162,-375,-918,26,-915,247,318,-17,437,-287,-151,269,863,499,1032,1399,1838,847,797,1735,1507,2565,1729,2388,2240,374,2327,1751,2390,1760,2815,1865,1911,2736,1122,2011,2864,2093,1544,1785,2236,2107,1743,753,2721,2033,2795,1832,1191,2607,3177,2154,3304,1784,3030,1815
237,94.40000000000000568,609,392,-990,-369,-814,-336,-817,-1006,330,-182,-248,323,-572,-88,479,501,-26,213,910,-514,316,-479,146,-518,-316,360,-366,152,-414,802,649,-663,235,1034,160,-1339,-100,-352,-294,-1063,320,46,1418,-476,544,-569,388,-188,649,108,890,-965,-150,-546,143,41,-1443,-520,-577,-228,-663,291,-319,-686,-1975,-1898,-1166,-1608,-1634,-1093,-650,-902,-887,-744,102,-2001,-1766,-1225,205,529,-440,1329,-527,-35,-730,835,50,43,-971,-654,-926,-245,-783,1014,783,-14,-45,410,101,96,-362,1063,-520,1027,1365,-1089,-71,1580,-80,953,39,-24,-346,501,246,2030,1100,1517,1945,-214,1363,1879,1819,-42,3715,-124,2441,751,221,2003,3161,1760,2908,1662,3505,1951,1937,4249,3344,1924,1536,1973,1630,1570,1974,724,2578,1858,2533,2139,4522,2769,1478,3795,2525,3491,2667,2330
238,94.80000000000001137,853,-1082,-1170,-969,313,614,117,-487,-650,-1557,-78,-951,-431,-531,-631,-1791,-434,-301,-610,-534,-386,-1054,-1227,113,634,-629,-344,-738,-130,-37,525,169,-275,-946,258,-388,-319,-591,444,-660,-86,15,-237,-433,-578,104,-149,-905,-1479,565,443,631,178,770,1112,-669,428,-995,-1892,-735,-318,-572,-1308,-1876,-1470,-2152,-388,-1351,-1156,-979,-1136,-1554,-2104,-227,-554,-2340,-1351,580,-233,3033,-25,76,-509,115,-272,-760,-334,-395,-418,209,-467,416,-221,223,-669,-259,-333,-476,276,-862,155,1489,-739,607,497,-110,64,-976,-469,-621,-108,878,-25,763,1147,-447,707,1473,1262,868,799,1973,-59,2011,1160,1330,1504,2565,1593,1316,1876,423,2845,2455,2275,2820,2788,2742,863,1862,150,1164,1244,1614,1351,1313,1445,1294,1561,897,3008,1990,2217,2895,1857,-550,2530,2174
239,95.20000000000000284,99,659,-924,-1007,-1076,-526,666,1074,-1157,-895,-63,-632,-565,563,-883,-1564,-420,799,-379,72,-840,13,-1016,283,-1091,673,-1359,-375,627,131,-428,-1282,-493,26,-198,-881,442,-522,-408,-532,-746,53,-339,-714,-581,-1936,-1032,-309,-394,-835,107,-407,-159,314,261,46,953,-108,-714,-661,-1886,-699,130,-1111,-2666,-1803,-1406,-1553,-1745,-1261,-2102,-1058,-1854,-841,-69,175,287,-1100,342,576,792,512,-512,-790,-253,-1028,352,-221,-597,-237,-1212,116,10,138,520,-1179,638,-771,-1039,419,-1212,727,860,-487,-409,-541,-1147,419,1065,805,-498,553,-162,616,323,1516,1681,1753,305,1738,933,1435,1209,2286,1363,2664,1723,1450,2183,560,1657,1800,2198,1514,2059,2766,1411,1479,1202,1379,552,1483,1961,2602,3574,1790,2742,869,1953,2290,2222,2407,222,2232,2852,1890,3027,2990
240,95.60000000000000853,-52,-1654,-317,-1168,240,-1340,18,-55,494,-836,-124,448,-466,-1422,207,-117,244,-406,936,-379,-204,-384,442,-673,-275,-854,-97,-420,-282,-393,-406,-1682,461,-1167,-1416,-326,-313,-624,170,-1388,-330,-308,-205,133,279,-424,-1484,-97,-818,-191,-231,-510,-110,-657,96,1351,846,-225,-192,-1157,-2219,-715,-1406,-1683,-2533,-1254,-1714,-1535,-1413,-1588,-647,-226,-1882,-674,-1006,-498,-600,423,-521,-322,294,117,-1130,-797,-599,-566,-258,-136,-410,-324,553,-219,483,-760,-1002,331,-934,-1048,-3153,-1713,-550,-1561,865,362,550,620,-382,-778,1049,-487,-407,119,45,651,1263,833,1657,-652,1688,1608,1414,314,1908,134,2271,-274,2687,1588,1258,2423,1782,521,2803,1776,2627,2623,3282,560,276,1815,2041,2116,1735,2142,1975,1370,-848,46,1952,789,-773,3514,4921,2574,1204,1785,1879,1975
241,96,-1216,-866,-599,1028,69,-617,76,-471,-298,-408,-997,-1251,-648,-605,1063,-394,-1145,-38,-166,-542,323,-7,-691,-109,111,-1188,-218,779,176,-590,269,-1143,-332,677,-925,-644,241,-297,-828,19,-267,680,532,2576,-246,266,705,-439,104,268,429,-406,-30,-202,-202,114,1260,-677,-748,-762,-2519,-347,-1484,-170,-2149,-1052,-2193,-1716,-2116,-1390,-1597,57,182,1456,1052,-1433,-422,525,-706,-1547,1086,-66,137,-1308,484,233,-273,-5,-329,386,29,224,-972,-295,-885,-476,-366,269,-1152,291,298,635,524,194,191,1337,1236,781,1169,-140,698,284,-665,878,1756,279,854,1637,366,750,3012,908,859,1026,2812,1340,1260,2997,890,-362,327,211,2201,1462,1333,2197,1424,3233,2875,1800,1242,2180,1193,1311,-248,479,1577,174,836,-51,-151,3201,1236,2843,2044,2798,1374,2517
242,96.40000000000000568,-169,-73,212,-893,-202,679,-697,-654,-30,-623,-950,-587,432,-568,-84,-1180,1044,886,-643,132,450,-1927,660,-882,-310,-846,-32,-1437,-115,-566,-46,-156,383,1200,715,1766,-595,-111,-477,-1042,-74,144,-114,-1172,725,-759,-1135,-224,391,246,-76,-195,-369,-15,664,-205,-1744,412,317,-1540,-2420,-1506,-1293,-745,-1165,-506,-1869,-738,-1629,-1367,-1492,-212,-2156,-498,-1866,-300,1193,-261,941,-758,-737,-1149,294,-424,111,-500,-702,-430,218,-19,-88,-218,-656,33,259,-918,-1134,-609,-1263,673,-890,-338,-404,-277,540,-1850,-3109,-244,-1263,-757,1366,-196,101,261,-1056,854,1606,829,524,277,-2489,1206,1208,1651,3875,189,705,1944,2517,-363,1670,2262,1022,2049,3656,1483,2984,1669,2575,1921,623,1020,2525,1132,-494,1628,1741,3056,1138,1716,1663,3294,1760,3754,4410,2205,1881,3850
243,96.80000000000001137,-798,913,-850,-162,648,-302,-615,-529,-863,-957,912,28,154,-233,-351,976,-975,-657,-552,-1271,269,-997,-409,-757,82,381,-277,-1573,-1419,-379,716,164,-61,-894,-970,-341,-481,-229,150,15,166,-54,-441,-584,158,691,-100,-929,1150,-115,-133,306,144,-1158,499,568,-93,-275,-116,-488,-899,-978,-2137,-2006,-1302,-1855,-983,-2359,-1472,-1014,-1441,-1340,-1029,-555,410,-497,-9,-113,-1344,54,-708,319,-88,-1571,-1375,-1401,281,-156,450,718,87,-286,463,-3,-1363,2366,-45,-492,802,-254,-1065,-940,185,-885,-29,1135,1591,1299,741,748,579,-203,630,465,1498,856,1057,594,940,331,-318,23,491,1732,1367,1191,1418,671,2613,3585,2001,867,1334,1765,1457,3066,2659,3550,1563,1291,1403,1304,829,2203,4019,3171,2521,1072,3092,1465,2904,2233,3068,864,2616,1871,2240,1727
244,97.20000000000000284,-517,-174,-671,143,-1641,-80,440,-284,-576,-494,-338,-725,-800,-1329,70,939,-636,-246,307,-1264,-75,-718,-574,525,-1,-815,-451,-226,-1152,-855,-1210,-550,-340,-225,628,-1450,-647,-714,73,-742,13,-216,494,-669,-711,-1075,-283,-1446,1383,139,1,-631,696,1054,250,-1070,37,92,-752,165,-2089,-1739,-39,-1488,-1298,-2135,-1967,-1295,-452,-1627,-2260,-10,-2408,-1100,-612,-1733,633,-96,-665,-142,-734,-183,-808,624,-837,530,-810,-1751,514,-889,-1470,670,735,-427,1921,-972,-550,-581,1179,40,-165,-597,606,574,988,476,167,1234,-189,-838,352,130,782,1191,408,1665,747,1571,1747,372,-57,1152,1357,2766,-140,2531,2844,2746,2126,315,1040,1040,1042,-293,2469,2931,566,2477,287,1249,2265,472,1228,347,2372,387,3407,-1179,1455,131,1124,2051,787,2594,1241,1440,2357,1072
245,97.60000000000000853,-541,-645,917,-522,-69,-903,-1310,177,-341,-113,146,-1004,-531,382,-108,367,-1579,-462,-801,-879,-526,-411,642,-356,199,8,329,685,-512,-1121,-1161,124,86,-553,-914,929,-238,-50,-1141,343,595,-426,789,868,206,1430,66,315,188,1213,-298,-224,-586,-355,-947,-641,553,-673,1118,230,-398,-582,-291,240,-1678,-993,-986,-1770,-1572,-1641,-1378,-1241,773,894,529,-14,-1492,-1140,-836,-235,-167,-1178,188,-864,-286,-384,-854,229,1224,284,675,59,-35,262,-1406,-613,-617,-654,263,-250,856,-547,142,-718,-1140,-1159,1045,-1403,800,37,246,-40,632,951,1003,1188,1480,886,977,1800,621,140,2469,1853,3152,2214,1715,1116,203,1291,2033,1422,997,2163,1932,2316,2035,2961,1677,2584,1844,1996,727,1794,1724,1834,1226,2855,1818,1929,2629,3029,1178,2577,2732,2001,2793,2714
246,98,534,261,-337,-393,-310,-714,-497,-687,2,-746,8,-1653,-41,670,-123,77,-121,-562,17,-392,-937,347,-793,-363,16,-238,-677,656,670,291,-160,1060,-975,503,269,1128,-54,207,-405,-433,-82,-623,864,897,-166,-114,-623,-255,738,-572,229,523,1081,570,-473,-162,-715,-394,-528,-1468,-139,-1114,-1074,-811,-978,-1703,-1797,-1067,-1461,-1281,-595,-1098,-726,-470,448,-2711,-221,506,-474,-1423,-107,-450,-998,442,-6,-152,-215,-516,-298,-767,-300,94,46,-364,-1032,-504,495,-468,538,-580,-3254,264,-39,929,-2139,82,-306,286,-70,362,785,-143,479,744,-305,673,723,1648,59,1281,770,374,424,609,1828,2539,2884,1490,-45,1544,1975,1284,999,1770,1553,1787,2206,4002,2976,1545,897,1923,2415,1486,918,922,861,2210,3154,1719,3652,2449,871,3274,3245,1436,3348,3232
247,98.40000000000000568,-785,858,123,-748,354,1123,-181,-100,-374,269,624,-422,-530,-635,-870,-128,-983,-1205,860,-224,-193,255,-394,743,8,897,-1248,-285,-42,-113,-467,125,-929,879,407,-23,-63,-596,-810,263,-113,-323,972,206,433,940,1289,965,-289,-835,1422,196,387,-463,362,-269,133,589,-668,-1511,-613,-155,-442,-1322,-1130,-2349,-345,-829,-166,-1651,-924,-1571,-2071,-117,33,-457,-154,803,-1093,858,-196,-5,-1028,-222,-845,-707,-882,417,-399,55,-1079,-1182,265,-571,-440,-299,-427,-1176,-207,-358,657,-59,1089,-353,926,-872,85,220,196,-659,109,-64,33,839,-988,169,1248,2019,499,1584,1673,1265,2528,2395,2589,1827,1542,2044,1662,1027,2317,1814,2135,1210,1440,2664,444,581,788,1816,-524,1189,1674,914,1604,1514,468,2500,895,2756,2262,786,1343,1861,2887,3054,2512,1988
248,98.80000000000001137,-971,-409,392,-833,478,-121,-954,-347,-62,14,-143,1118,42,883,-110,-1308,33,-1540,-611,966,-385,119,-384,-51,-1256,-422,1318,118,943,-865,-224,-596,-268,-469,-426,522,210,898,-33,-2,-1292,642,-375,1434,313,-163,-394,2264,-459,922,-922,72,-804,1094,-107,266,-1427,-900,-617,-682,1548,-1044,-1494,14,-2109,-1171,-1504,-1050,-1076,-1955,-2004,-1055,719,690,-1349,-224,-883,-766,-377,607,-318,-466,-778,248,-24,-1084,552,-271,12,-624,-47,-361,1447,1108,-1837,-713,-265,44,-454,361,0,-1611,-1914,-1637,308,1342,-1506,1018,-447,685,-672,352,91,-112,185,1105,948,158,1597,359,1150,2134,1467,1236,2720,485,3956,1318,2660,2000,627,1693,1557,1936,1910,1502,1680,3033,863,1936,1804,1680,1933,2268,1720,1079,94,1099,1006,636,743,2428,4811,2754,3344,3181,3101,3532
249,99.20000000000000284,-195,-651,124,127,-584,108,495,-778,527,-6,-642,-167,-407,-170,300,366,-72,-278,1218,-82,-902,600,429,273,84,-125,1338,718,-1198,-495,-374,-226,261,-813,369,821,334,-346,-395,-148,-371,249,1831,-327,-1014,-708,-1024,341,-1094,-483,508,50,831,-619,-42,-449,-1646,-229,-59,-615,-220,-1596,-49,-1887,-1148,-1812,-1089,-2022,-721,-610,-1399,-1718,-2344,-947,-302,960,-672,-1303,-750,-125,-482,-290,210,1321,180,289,-474,363,-250,-439,-1234,660,735,-265,-484,-695,-1181,-301,-856,446,-408,81,946,1676,-406,254,-2146,-1422,-451,285,630,233,-96,445,750,937,680,1003,1416,128,1051,1752,700,1735,2263,4066,280,2231,2619,1162,1615,2708,2003,1894,1159,1556,1855,2248,2189,3225,80,1061,828,1495,1834,911,1419,854,1662,1033,937,2696,3358,2346,1052,676,2624,2197
250,99.60000000000000853,-361,-252,458,-1418,869,93,280,1265,0,815,499,-215,-1346,-992,-1245,-576,-106,-455,538,741,-461,88,-208,-19,-1001,-562,573,-93,1359,-98,-883,-547,-1835,388,22,4,-285,-140,1340,133,-1003,-7,-1050,387,298,554,-87,24,-738,-160,70,61,-797,142,-777,522,1057,863,-568,-575,-1067,-30,-966,-1165,-693,-1087,-2055,-1731,-1423,-2057,236,-1608,-2153,-300,194,-1442,87,-1613,-269,-195,-580,-326,-1235,92,-928,-665,-530,-692,-16,-330,-553,-36,-680,-162,-914,1028,962,-363,-912,35,228,-751,-771,-463,1288,1159,768,158,1111,55,981,334,630,227,833,1599,1265,886,886,1171,253,660,566,3026,1531,2031,740,1896,613,910,2100,298,-643,1915,2111,2213,1509,2481,2121,1867,800,1736,535,3026,787,725,2108,3404,953,1948,2048,755,1486,3328,-98,430,2217,2534
251,100,-309,768,-64,-1133,-40,-1016,9,104,224,-434,-64,893,-325,229,502,-24,-132,-1013,-514,509,-310,-513,-583,-835,-31,245,-531,153,568,-1010,303,251,-648,-200,199,-49,342,-1007,-271,-726,-455,-845,442,320,333,-761,496,-610,804,-514,697,61,634,-105,222,774,261,-168,-749,-734,-1242,-1693,-465,-2001,-1117,-1829,-1511,-1631,-1549,-1185,-1623,-172,-459,346,-168,-916,-68,-1402,-1640,-889,-232,411,-780,491,-653,-687,1048,314,-573,-94,-1172,651,-715,721,-423,-56,-648,-30,1069,596,-58,-897,-914,-732,403,254,1079,-333,-122,-943,-425,-397,679,320,55,247,291,2138,1155,1868,981,1116,2592,1367,1572,1083,1130,477,370,2069,2029,224,1142,2621,952,3602,667,1668,3630,1718,461,2066,1623,356,2260,517,1351,1986,818,3383,2204,1706,4105,3857,1412,2625,3423,3022
252,100.4000000000000057,337,794,159,-239,-1044,-158,137,-470,63,1072,-1231,-183,-277,-36,-422,2133,-249,804,1383,-1112,221,413,187,77,-626,34,52,-384,-613,-6,-1449,-791,307,-1726,-320,-1721,261,-304,131,23,-158,-503,-1715,-1283,219,1006,-503,118,210,671,-715,-36,-1410,-467,656,-145,725,-1107,-237,-972,615,-106,465,-1517,-1106,-1519,-1228,-292,-1268,-2518,-1545,-1778,421,533,-1839,-763,-259,-1532,-340,-559,-481,579,116,1204,-296,-506,-828,-414,-1738,-1196,1330,-1283,2280,257,-342,-209,-1081,-269,1422,-1152,-593,27,-1481,169,1043,895,472,-365,-367,332,647,-475,964,1882,-34,2541,1571,1430,-708,1736,762,1906,1649,326,1961,1664,2640,1531,1440,924,646,1495,-468,1418,857,1309,2191,131,2755,1080,1840,2294,345,1235,1344,423,-805,1994,163,40,1655,3073,1441,2655,2493,2447,1875,1894
253,100.8000000000000114,875,-752,6,-804,147,-112,950,-551,-2313,-36,567,727,-628,-989,492,-179,55,-306,118,-1133,-146,-385,-602,-425,-137,-409,1222,303,1054,-643,394,411,-1078,634,-681,-1704,-563,-215,-182,-148,20,785,-874,-1533,623,-830,-153,-128,439,195,-483,-223,-973,-1383,-1213,-663,-1410,-135,-469,20,-935,-1919,-1653,-1328,-2327,-2107,-1983,-1549,-752,-1491,89,-979,-2006,-1235,194,1049,-1376,-383,-507,-857,-330,-178,-1106,117,-376,537,293,-233,-288,-1344,-370,-8,1450,501,774,1311,100,-106,-400,-193,-549,116,-710,-676,-156,-1304,329,1240,1216,-135,-782,-14,675,227,1769,107,2530,1035,86,681,1433,913,241,747,1488,1324,448,1858,1654,1381,244,2204,1469,933,2586,1233,636,2660,1277,2227,1547,725,1585,2363,1387,850,2430,1630,3021,1375,2371,2270,1517,2934,1031,1804,2508,2556
254,101.2000000000000028,-1097,-364,-1276,302,-446,924,153,-141,-629,414,361,-1280,-314,-276,257,-820,-15,-639,-645,157,-726,120,-626,116,794,7,385,-256,-284,-1281,357,708,-733,-850,-930,-565,483,-318,-525,107,-247,-735,-1347,-1468,-430,-450,-1473,-209,-856,205,590,-581,744,946,1048,-304,-153,1161,-1137,-1113,-811,-2245,-1439,-803,-1277,-1284,-928,-1766,-1849,-1281,-2513,-292,-1951,-1315,-191,138,-2066,-1152,-716,-1489,-1683,-915,-943,-415,213,701,135,601,598,-499,-629,-103,407,-428,-73,-128,-508,93,-170,-1776,-412,2425,-653,463,1664,77,-769,40,-2124,494,101,-721,355,872,794,517,1098,717,1172,2197,1722,1425,1256,801,2092,-203,2410,846,438,1633,877,1352,1710,1660,1472,1144,2966,2512,3093,224,893,1204,1202,2315,1844,658,1198,265,1136,462,739,614,415,2925,2471,3600,3190,2631
255,101.6000000000000085,420,-263,728,-1660,-236,-112,-628,-482,-808,-1233,135,-1216,46,151,-880,-189,-822,-460,49,175,1170,-1523,75,-754,854,630,558,-353,865,-224,-1369,-488,1010,-1471,-900,-223,85,-317,-975,-638,-664,-483,1262,-1383,-889,224,-1475,-750,111,-513,-2140,-1437,-188,-77,670,678,-360,-1044,-1002,-805,-1782,-1747,-1249,-1155,-954,-1332,-1089,-1199,-1317,-826,-837,-1774,-526,-366,-1524,-1358,-1903,-1571,-1751,-1104,-706,-818,124,-654,237,605,-187,682,575,-271,234,-104,-263,1424,617,517,602,-629,-318,404,254,-1592,1349,306,-177,155,-1131,-237,-142,-566,-528,-74,397,-312,981,795,723,-120,579,1091,576,1492,2217,1251,236,1093,1510,2848,1704,1610,2103,2043,2466,1965,522,1190,2068,589,1625,1744,671,1328,1005,785,1190,2590,1706,694,2672,1044,5012,4070,2248,2232,1782,2923,2118,2376
256,102,567,-175,875,-1579,-775,-358,406,-1059,1447,-422,-18,-1022,300,318,-362,-67,288,-1427,336,47,-284,155,-185,181,-1184,249,-923,350,-1817,-331,-189,-670,-1087,-51,-114,24,629,45,-1355,-1609,-729,433,-135,190,-1052,248,1519,-520,-546,1139,-314,-939,-1110,190,809,294,-441,-1388,-597,-463,-1779,-1238,-1708,-1639,-1915,-1368,-1490,-919,-1106,-965,-1523,324,-910,-1623,-2001,-1198,-1093,-1305,-831,-2189,-242,-615,-1166,500,-323,-273,-160,-217,-2517,548,-865,-453,-1481,-956,-336,-382,48,772,-875,-349,-742,-253,-684,899,1025,1269,288,-85,-392,250,168,-731,630,-460,656,1974,1890,505,2146,319,732,726,703,544,1102,1762,2306,7,1181,858,1330,2143,2684,384,789,2347,1258,2455,1347,2119,1779,53,1356,856,3192,739,2870,1690,2730,1358,3483,2892,2037,1266,2626,40,3162,1489
257,102.4000000000000057,-19,-1004,-1150,176,448,-136,-147,-602,-108,350,-669,-964,1774,127,-1208,-807,-78,-918,-150,-523,-771,-1569,-715,290,-486,-124,132,-1070,-593,-1992,-1846,-239,-944,-1390,-589,-294,-416,-54,81,-22,-294,20,1631,-948,-790,-1126,1008,-62,168,-313,-310,-675,1002,-404,-317,-262,-1321,863,-2049,-1493,-510,192,-1223,-1365,-1467,-1303,-1875,-731,-935,-871,-24,442,-2777,-1171,-957,-802,136,564,-2967,-1702,-1042,-708,132,-270,-819,-570,-712,-571,128,-839,-352,893,-981,-759,-399,178,-876,-690,-236,-428,122,-17,-319,-1136,-530,-127,-427,463,-429,304,-284,-243,11,140,615,604,773,1189,1239,94,714,2293,1533,2494,317,1524,1394,1077,2170,165,1161,510,2937,1263,2647,2435,495,-532,4619,2025,877,799,1693,728,2227,3154,1689,261,284,1722,2297,461,3540,2846,1073,2432,1555,3181
258,102.8000000000000114,826,-1134,695,259,302,521,-370,-437,27,-1368,690,-245,130,83,16,395,662,-1377,-130,-1055,-333,-144,324,-529,-880,936,-327,-673,417,-1459,-178,-1961,-6,583,-493,1509,332,48,-460,787,1154,855,-113,-224,164,-44,388,-134,999,-244,344,-248,769,299,-218,-67,272,-379,-740,897,-662,-464,-1423,-2276,-2549,-499,-1001,-1271,-1353,-959,-1352,-2120,-719,-962,-122,-1193,-901,40,-1740,-1650,-487,64,-1048,96,1104,-528,460,-612,-564,312,-634,116,504,-738,97,-96,-433,771,-723,-1088,-121,-98,640,-355,-547,1155,769,1280,-352,628,581,1599,222,-4,799,617,903,965,2470,2048,2102,978,1910,2024,-2,1062,743,2575,1089,743,1436,1417,1432,1555,-377,2354,1908,1303,3717,2341,1527,1697,1290,1042,1329,1801,1814,2198,2312,1269,2354,2493,921,1562,2492,1904,3317,-1031
259,103.2000000000000028,-49,-413,1244,-628,-629,-707,-913,5,-659,-231,362,-100,-365,-764,9,309,-274,-78,-91,34,-339,-95,-415,109,-730,-835,-82,-418,-569,-9,-1200,-517,-687,1705,-532,613,-689,-1595,343,657,377,315,-288,-140,-1565,-563,1090,69,-1022,-769,584,-604,739,-914,-305,425,-34,-1260,-1130,-509,-1105,-472,-766,-2094,-2392,105,-1134,-993,-654,-1500,-1590,410,-408,-821,-2106,-1023,-1051,-1869,-3413,-2777,-1307,1173,752,-603,-245,686,-427,-96,1025,64,-689,350,1083,-959,-572,-486,-279,92,-577,-449,565,279,891,-444,410,-949,-475,-832,-188,1282,-1153,-533,310,435,-415,1095,1219,1390,213,-459,-335,1129,251,1691,2182,2447,1817,1624,1542,1277,-635,841,1432,1379,1281,1936,2178,2234,2662,1764,2044,1164,1096,1696,2183,2184,2693,1105,980,1954,2557,2823,2037,1461,2302,2301,2258,3344
260,103.6000000000000085,144,178,-644,-1178,-553,-1181,-213,341,-182,120,-1127,780,999,535,11,-1570,-328,-162,108,-681,83,426,-709,332,634,528,-143,-456,-610,-175,-302,-388,-821,-95,-30,1875,1067,-336,-299,-761,-1107,1479,1030,384,1749,-87,5,289,786,38,-128,1228,-1530,-866,492,352,-2,-2087,-976,-576,-1023,-1930,-1245,89,-1520,-2397,-1284,-1431,-1418,-884,-557,67,-729,-589,-635,-1569,-1254,-976,33,-1657,-400,548,-415,784,806,-1141,294,-131,-630,-501,611,-286,-1152,-492,-451,516,-137,-109,441,1218,-2343,-337,2960,-219,-2585,55,787,-1193,591,4,162,-912,-252,-14,437,889,865,1237,1851,-365,1878,2087,1319,1752,2076,2747,1731,597,1976,959,1833,2087,2551,2402,1054,2207,2436,2208,683,1689,929,1073,2630,1315,1775,362,3045,437,1344,1584,1731,3542,2287,3065,2585,2266,-519,4553
261,104,179,235,-109,-88,-1232,334,142,329,-179,357,-30,679,379,127,293,1412,77,-27,62,-176,-1584,-633,694,-522,-229,-34,411,-476,-475,286,-782,12,-1597,-934,465,746,-259,299,-281,-1265,17,-1143,-273,-560,-444,255,449,622,609,444,202,636,108,-327,-608,233,-382,-816,-1210,583,-802,-825,-264,-1068,-980,-991,-1347,-804,-815,-1000,-1050,-1043,-1298,902,-1670,-1305,-2149,-868,-2539,-1586,-1068,-1159,-550,-1190,-910,-742,641,465,-666,-90,217,-186,-806,-162,-325,-207,99,-542,-673,-2557,147,1561,1301,-326,-632,1157,-596,-581,1115,-83,-124,469,142,-444,1628,-938,1021,420,783,709,1592,884,514,1814,355,1099,1524,1506,-741,1374,600,1726,1342,1397,1558,1972,1505,3399,3819,2017,1349,-159,1962,791,963,1251,2313,987,1708,2676,998,2047,239,1207,2777,1021,3127,1609
262,104.4000000000000057,-98,-1116,-580,-439,-289,-170,-708,-589,-88,653,-279,-459,389,-1098,-938,-36,291,1392,95,454,1051,55,-4,-301,-902,364,-113,-419,-465,301,-347,937,700,-1022,-423,1534,-682,-105,-61,-185,-387,1378,-816,745,-871,-2068,-191,61,151,1155,-322,680,493,-677,149,-13,715,-466,-517,-1329,-756,-1640,-1384,-2247,-1393,-2037,-1296,-318,-927,-1808,-2410,-305,-2195,-2163,-859,-254,-1394,-749,-1944,-2844,-579,5,-713,704,-193,-1166,-774,628,-626,16,681,-139,418,-202,-243,-1026,-520,325,201,-1458,1392,-67,-1334,-1097,-239,-87,66,783,-108,-584,1172,-481,531,196,-565,950,376,984,1917,3099,2796,683,281,1146,119,2075,2522,2794,1182,2309,1212,2129,730,1443,1807,1829,1049,1929,1886,2311,440,1561,2400,59,760,1670,2640,2283,451,441,1886,129,2080,1053,1266,2423,2017,3947
263,104.8000000000000114,-1192,-450,-1147,-1508,-282,-713,-1730,-20,466,153,-9,-58,-136,-150,-200,-1368,-200,-384,-179,29,-695,-24,63,947,1083,-10,-865,-316,-676,439,541,-951,81,-1087,-277,1079,-624,978,193,193,637,306,-1088,320,-368,1070,1117,-654,-700,347,350,-825,334,916,459,527,-420,-136,-314,41,92,-599,-172,-1389,-1580,-129,-1943,-1119,-1402,-914,-1468,-249,-1839,-785,175,-654,-2671,-2810,-1722,-1355,-151,-197,-977,-764,-1091,-1627,-388,-206,-202,-772,-1198,745,-852,439,519,-579,-573,267,664,1235,-501,74,-990,198,-917,-122,582,675,-160,0,-1366,18,-525,-184,725,1158,482,2025,840,539,2270,853,1077,1502,1386,1501,1260,2191,2046,2335,1178,1279,1054,1753,1175,2071,284,2886,1427,2116,417,2846,2028,1590,243,1781,2568,2143,239,1090,1370,2610,1223,2896,1076,2176,2704,3025
264,105.2000000000000028,-1136,-11,-1008,-393,657,1046,797,72,-1094,545,468,-248,-684,-384,-471,153,-951,-261,-565,-528,673,63,251,-75,-342,-1305,346,-396,-836,-917,404,-540,-70,972,1079,1211,259,-268,37,-906,-153,532,609,806,-643,411,-347,-397,-629,-424,-321,34,336,1203,414,327,5,-46,-29,-403,-549,-316,-551,-671,-1372,-1821,-1863,-857,-1546,-644,-2188,-1803,-1410,-2161,-136,175,-887,-774,-1575,-1292,-1352,-140,178,-742,-479,-87,-614,-154,253,-205,-580,-629,-399,-121,-21,-939,941,-368,214,37,-1128,-1276,929,-246,527,-439,-630,-635,-444,124,441,-1631,965,281,952,-373,832,1225,1195,1325,-892,1475,1532,805,1356,848,1475,2516,1595,2049,1444,2134,1340,1504,1233,1028,1589,1909,-869,2065,1236,1213,1869,773,1486,1451,1201,689,1053,698,1695,3821,1807,1859,3001,3200,1489,765
265,105.6000000000000085,300,273,295,151,-331,-610,494,-530,-568,-133,-944,-1528,-812,97,-1650,-820,-1103,647,231,-824,-1062,225,55,-199,-827,151,-974,-255,-281,-1935,691,-1068,-460,-389,-1019,398,138,-273,770,-1735,280,422,-1291,947,-628,-363,568,579,1068,-1258,-758,453,-548,414,515,-87,198,-1731,-517,-1377,-641,92,-504,-264,-1904,-1636,-837,-1426,-1289,-970,-1898,-499,-1885,-1523,-1299,-1503,-1696,-1292,-1768,-1124,-471,-907,-248,-1223,-133,-693,713,-822,-344,-19,-22,101,982,-1180,-84,-1422,-1359,-338,427,317,-139,78,-349,-101,239,-445,-1703,-188,-638,437,236,1051,61,809,694,1108,437,1009,1072,-139,2562,1303,2443,1379,1899,2676,215,753,712,1454,1367,1319,1664,1887,1135,2330,2158,1867,2801,1877,1626,1054,1493,1167,1181,2201,1065,1442,1660,1797,3661,3364,1760,2004,2155,3092,2992,1873
266,106,-532,-1842,-96,-299,-689,-469,1440,-1179,-324,-465,683,-882,238,-1171,571,-975,1481,-286,-694,-797,-248,493,-878,123,-1669,-348,-1630,-386,-865,633,-801,-1029,-117,-1063,-623,976,-37,-869,30,277,361,-376,257,-254,-36,-179,-440,-273,79,15,-196,478,-157,288,-293,-649,-332,350,-663,-566,-1353,-315,-356,-1362,-698,-792,-536,-1194,-1700,-761,518,215,-564,-736,-1003,-2222,-1143,-205,-2317,-2136,-1767,-1000,-1007,-1127,-484,305,-385,753,-835,-229,-774,378,-239,-215,-637,325,530,-79,-456,408,-651,-272,-428,-463,355,1009,-354,-310,131,279,-40,-763,-506,850,62,825,-39,1238,968,1012,-1346,1441,262,1326,1252,605,1683,2508,740,1497,1753,1219,1518,1064,2772,1666,3076,2325,1170,1595,905,969,1657,1092,1906,925,652,2869,2336,835,5304,3437,1137,2485,2275,2249,2352,1982
267,106.4000000000000057,-23,213,-359,-450,-437,-4,60,-1527,-742,-186,-47,32,-1512,-697,-366,190,1175,25,-1096,-49,675,847,-1542,-326,-118,-1136,1547,-495,-116,189,-530,211,-884,-757,237,1289,-501,-146,-106,729,-357,-550,886,-548,1478,-482,-669,-480,817,893,-963,-759,609,482,-707,917,-371,908,-978,-874,-645,-330,-1522,-771,-303,-1486,-1461,-1203,-1710,-1509,-1501,-378,-629,670,-667,-760,-784,-867,-1081,-2995,-1751,-297,373,-1103,-490,165,-24,-622,-294,-440,-306,400,582,-432,384,-682,-911,-1274,-163,-1393,-796,-508,7,-1147,-1505,-297,-1913,697,-103,456,34,-1531,-174,0,115,590,1214,1499,2891,2228,1718,1334,1073,2199,1284,1549,1921,1580,894,2239,1524,463,877,1070,2168,2721,532,2785,4096,2118,3127,1666,1605,1581,2121,2250,2389,2883,2136,2410,2166,5877,2831,1922,2042,3338,2786,2575
268,106.8000000000000114,-945,-165,-6,-653,-586,-162,-141,-1680,-191,-66,-527,-608,38,117,96,-863,137,-215,-1566,-1395,-1113,-1814,-1357,-279,320,-514,-483,-656,-1792,267,1402,-146,1097,-968,-589,1078,511,-661,-192,-160,-1198,2,371,956,347,-264,-1071,-253,755,1283,712,-529,-840,149,-132,47,4,909,-649,928,-607,-490,-934,-654,-1535,-1447,-1727,-1026,-2750,-1875,-1433,-433,-1019,1616,-624,-1365,-1171,-936,-1532,-2097,-847,48,-1183,-437,-722,-125,-799,-557,-325,43,-216,-783,-359,-82,739,589,-546,61,1123,-2160,1087,2618,367,1777,-137,895,-35,-1254,-23,702,1374,697,644,737,-99,1404,-360,1822,798,-72,4125,675,1015,2321,751,700,2464,1513,746,2459,2404,127,1488,1044,2681,2134,2200,-695,2108,2587,420,1349,770,1447,1510,289,1658,1949,720,3947,4107,731,2957,2571,1939,1194,608,1935
269,107.2000000000000028,-121,-1056,-33,-1168,-439,-818,-1616,-2602,-554,-350,-774,-418,-235,525,-159,-547,389,-598,198,514,-506,-546,996,-509,-610,-326,50,-106,-8,-1300,-879,485,-1197,81,-718,468,358,-887,-997,274,528,-366,-69,-622,-159,117,-1359,-309,145,426,123,-580,-448,414,-262,-380,-171,-119,-966,-1660,-1599,-1396,-442,-1588,-1209,-688,-1984,-933,-1353,183,-2081,-2825,-1395,-2158,-962,-1676,-1747,-1471,-1623,-2930,-479,-308,-1012,4,-779,-626,-1846,624,-161,362,552,470,-1498,-188,143,261,-212,-959,615,-56,536,-2931,1919,1460,627,-1058,-456,-89,-973,338,5,777,-175,1117,-90,554,1455,464,1794,705,1475,838,1955,793,703,2535,-37,657,1845,1369,1636,1133,2048,575,3145,926,2315,1881,1760,2174,900,1944,1564,1816,2343,1948,2203,10,810,2727,2467,36,899,1316,2167,2366,1800,1769
270,107.6000000000000085,498,-680,-1724,-233,-1,-532,-954,-2746,-570,1821,-582,552,-1341,297,1,-1235,644,59,-188,-453,-371,-769,146,-275,-729,-218,-84,280,-520,-1139,314,-422,379,613,-756,-999,19,28,-627,124,-1306,62,-603,39,-1060,-336,418,687,667,272,-1310,-396,327,-640,-505,518,-735,-5,-282,-1693,-1565,-553,-276,-1307,-1713,-842,-683,-1786,-1705,-1769,-1393,-2267,-2094,-2090,-1069,-954,-1671,-1762,-1383,-3477,-2301,-331,-60,-1428,-386,-1033,-73,-37,-200,-70,-1238,610,483,168,-511,-1063,-86,-20,561,-485,703,2225,-359,101,216,-187,504,59,809,-351,22,600,-447,399,310,1127,840,-214,147,2713,-956,1370,1826,1870,161,584,1840,1312,-837,2114,1586,1542,846,1032,2750,2028,788,2145,-469,2928,1862,1096,887,464,1704,825,2771,938,2756,1246,1698,2279,2683,2234,1877,2549,1378,2236
271,108,65,-200,-1069,-104,-849,-793,-1502,-3034,-735,93,-141,-708,-797,-1632,-924,-246,161,-241,-417,620,-479,-605,-185,-915,-1037,-348,138,-221,-233,-290,-569,-134,-555,-145,-1185,-2471,-1353,-363,156,-1035,196,-1622,-202,-618,282,1022,-646,356,-454,540,-247,-108,-609,-139,-398,260,-1420,-584,-984,166,-85,-1089,-1217,-2688,-1667,-568,-1110,-1667,-1381,-434,-1338,-1425,-1344,-2176,-2386,-1782,676,-1964,-1428,-944,-939,-859,-50,-695,-1055,-123,-547,-133,379,257,194,112,-694,-1498,-732,569,-250,-451,90,694,-1847,-1544,-961,179,-411,-637,-1149,1404,-412,65,406,871,61,824,1126,655,808,1057,1305,1390,1714,1479,-71,1908,4271,2648,2304,930,3130,1553,2003,1284,1239,578,1902,960,1428,609,2663,1764,1808,385,2041,1806,-1153,1431,2901,649,1431,1804,2164,2407,1292,1486,1362,3509,2625,2068
272,108.4000000000000057,-865,-2340,-608,-422,-1494,-322,-487,215,-760,-1298,-1159,-162,226,-857,908,884,18,-384,127,-1042,649,-1135,-120,-253,-870,-215,-360,315,-685,-457,-603,-477,-47,92,-661,305,-1039,-477,20,-1081,-3,-2264,-252,209,-1554,-230,-459,-256,583,-419,-593,354,-656,-2517,670,-300,449,-1219,16,-133,-1207,-1831,-444,-1268,-2067,-1209,-1191,-1330,-1511,-2153,-2234,-1134,-1184,-1918,-1636,-1017,-3562,-2550,-3775,-1930,-1343,-456,-1002,-1361,-558,-945,-1126,-649,-1385,-868,296,-350,-642,-138,40,-22,-907,-869,-1080,-1038,-1468,49,403,-214,-790,-299,-928,155,-1292,194,-158,-529,-226,-60,-427,1848,648,1037,224,1683,666,1246,206,337,72,3786,1894,627,1663,2697,1726,1199,793,1612,2644,2183,1325,1353,627,1477,1757,796,1090,-90,955,878,1571,496,2160,2771,2167,196,2031,1902,1428,2317,1162,2249
273,108.8000000000000114,17,-681,-1362,-213,-769,-1299,-545,928,-1052,-1077,-162,392,391,-406,-370,828,-291,171,-816,-107,-489,-435,-426,81,-299,334,196,1251,-242,190,-914,128,-337,-2464,-591,1522,-358,-360,-178,-1201,-1212,387,-199,-410,-391,-1206,305,309,320,-591,439,325,465,-108,175,660,137,-173,658,-952,-1032,-1260,-540,-456,-1279,-1920,-1658,-1508,-1886,-1212,-1051,-306,-587,-1116,-1360,-1034,-107,-2189,-1582,-2275,-967,-63,-152,-1040,-873,-128,350,491,-357,-118,-944,-931,-1286,-320,-1063,303,-366,-1036,-511,1269,-1381,-829,-658,-136,-25,-802,806,-1532,911,317,-476,-283,146,1229,-471,240,572,992,775,997,1489,426,1483,1621,1451,3085,2345,261,1351,1814,1259,1104,-72,893,1330,1646,2111,748,266,2539,2367,2066,1987,2141,1399,237,2422,704,2658,1086,1619,2161,-563,1605,2829,1585,946,2562
274,109.2000000000000028,-542,-592,-112,-150,-529,-319,582,-132,-882,172,222,-1031,746,-314,-1070,1479,-487,-1837,166,-978,1018,-425,-372,357,436,-1241,-931,-1045,-226,-1325,-210,725,-1658,-601,-320,-332,-482,-464,-783,-22,-258,-545,4,-68,-1118,8,-575,-604,88,280,-397,-595,-572,-125,-19,626,689,-793,-1125,-385,-822,-1307,43,-1876,-2664,-2551,-1102,-1531,-598,43,-824,-1029,-1667,-1795,-1518,-2177,-789,-2668,-1162,-3554,-1762,-182,-760,-823,-1028,-670,-742,-379,-659,1117,-98,873,111,-1647,-244,-486,249,-764,877,51,-450,-260,-144,312,294,-849,881,299,-113,392,-357,-282,475,1170,383,1154,1232,963,413,210,1209,-1443,-388,1365,1823,1087,-254,1966,1779,671,1781,846,1232,1277,172,1681,2084,2211,1097,1421,371,63,1220,2598,1465,2169,1636,1262,3125,1796,1470,3341,2463,2511,2051,2362,226,625
275,109.6000000000000085,-293,-44,-1014,-478,-664,-191,951,-2201,-538,-1351,-592,878,1130,-1702,-900,-1284,81,-195,-853,-679,-45,-492,-135,-341,-462,-308,-600,643,-953,-832,-1236,-845,-1891,-979,-1480,-1339,-437,65,-603,-862,81,159,545,-768,236,879,555,-1960,-774,-560,147,-624,478,226,731,-1190,241,-939,-1363,-475,-518,-1674,-1410,-1773,612,-1970,-1112,-1643,-1066,-687,-1707,-1231,-2691,-2746,-2332,-929,-2346,-1486,-1705,-803,-1618,339,-675,-588,-1047,-159,-201,269,-564,507,312,-2357,-1604,141,-280,-1035,-871,49,-1080,-493,137,-713,228,-486,-1233,965,-246,64,-830,342,-416,511,-24,925,246,873,1310,1514,475,-219,621,-7,1954,395,2479,1104,338,732,330,2525,1658,1519,1992,763,552,581,1731,2273,3124,1811,1548,-834,924,1907,2364,748,1120,1446,268,356,932,3366,1992,1583,-1338,2142,913,2436
276,110,-1200,-463,-626,471,-609,-826,52,400,-1158,-598,-1236,-2014,-114,1275,-512,-1483,201,319,294,-468,-1026,-1066,-1064,-807,-409,-393,-472,-704,311,-114,-1205,146,-571,-412,-1094,906,-840,283,-142,1278,-221,1031,56,-489,-695,-325,-62,-354,-481,1027,729,21,-880,-591,-660,-705,-50,-357,-1472,132,-1865,-45,-2602,-749,-1692,-1716,-1103,-1226,-992,-1181,-841,-1150,-787,-1318,694,-1788,-1745,-1881,-3233,-451,211,-246,-1845,-819,-1039,-291,-600,61,-303,301,220,1070,-1652,-593,-613,407,-448,-30,-2588,-1150,-139,631,1703,472,1559,1343,-1302,-559,-96,997,-748,301,324,354,-255,-76,-246,1048,2001,1087,206,1188,-354,1336,543,1567,1101,973,337,500,-40,1962,1401,1430,637,767,1597,2817,112,2123,1727,2692,1441,835,2610,2596,-576,1211,2268,2126,2433,-171,2712,2021,-219,315,2214,2727
277,110.4000000000000057,-232,981,272,-1283,-819,-604,575,66,40,533,853,971,-1000,-1181,423,345,-359,615,546,-465,-250,-1013,369,-922,-81,487,-934,33,-284,-251,-927,374,-428,-1388,-676,-1120,-41,-416,-148,490,-46,-109,190,437,-1012,334,-140,499,-228,-679,350,-510,312,205,-353,-362,-130,-360,-552,-187,-2379,-2260,-1234,-1291,340,-1028,-1147,-837,-295,-869,-660,-1639,-1377,-650,563,-2329,-1076,-2837,-1546,-1406,-966,-717,1127,-784,-264,158,-7,-141,-1293,-315,339,-135,-654,655,-1000,-1790,-710,-7,214,-443,647,-760,7,522,-1472,-1220,907,-271,361,421,141,5,105,585,544,2012,1312,-47,1664,1125,66,504,1711,-676,2508,1382,1194,802,924,2830,2813,760,1114,1790,1545,1441,2609,984,995,1853,1667,778,2127,1734,1536,3275,967,2315,1919,1839,2290,4309,2732,3270,2047,359,1045,1582
278,110.8000000000000114,-819,-380,198,72,-319,415,-803,92,-840,-464,-664,-785,-527,-1924,-1257,-154,-974,-151,69,846,649,-277,-737,-1224,102,19,60,-133,-267,-135,-867,209,-864,-1330,-107,-639,-67,-1809,123,-459,890,735,-1190,5,141,30,690,1006,484,683,-420,-777,-566,-43,-88,-240,312,-364,-1160,-967,-755,-653,-2482,-1349,-848,-1358,-1366,-928,-1243,-2365,-2723,-1783,-1157,-746,-1780,-335,-748,-2959,-2299,-2187,-1577,-390,-1038,9,-359,-844,373,-92,122,-636,-687,-504,-335,984,-630,-284,-115,-727,-265,-812,494,586,-746,268,-324,827,1240,785,344,922,-270,-88,-1129,237,-11,1508,738,-700,551,426,2130,2685,2641,-1,1495,2372,1309,1321,1135,674,2093,1882,1466,1938,1938,1960,2931,3502,1985,1218,274,876,1506,1263,2538,2188,461,-162,-249,1251,3264,1227,1187,1066,2336,329,2396,2340
279,111.2000000000000028,-154,-1357,-114,1521,-468,-659,253,-2163,370,392,936,837,-877,-384,375,3,-375,750,382,647,649,175,201,456,-702,-322,-866,466,-233,-384,4,381,-1589,-942,-295,-1456,-554,-385,256,-247,-903,30,699,1438,-436,-62,565,158,-87,-162,-196,-81,843,-784,-422,-233,-525,732,-254,-26,-1469,-376,-786,-993,-293,-1628,-360,-1102,-2009,-397,-1490,-2088,-2598,-1626,-1111,840,-1188,-2768,-961,-2880,-1396,-620,-763,-822,164,-851,-637,-1188,88,-177,-987,-21,-427,492,1260,-167,364,588,1055,404,-175,1491,-612,-443,1003,-1140,474,-624,496,-164,-98,279,-271,343,967,-1024,293,2003,1671,1450,1395,1520,1741,3262,2607,1613,721,2022,1519,1768,527,1687,2017,1158,191,1519,1955,2054,3888,1931,-23,1014,1707,1716,1549,3411,1867,1527,1815,-684,471,3399,3017,1389,3663,2279,2159,2809
280,111.6000000000000085,-1427,-1326,-916,-62,97,-55,-929,-572,-1446,724,-128,-693,451,209,440,738,-854,-1430,-1133,321,736,-412,-1300,464,-344,-80,-126,505,-97,481,-1177,-1006,232,-1301,-29,477,-115,69,-673,-886,259,-248,1679,1295,130,-362,-107,1328,216,-942,-528,572,649,-53,589,-857,535,-256,-536,-214,-902,-567,-358,-240,-1916,-696,-1709,-1550,-1012,-820,-1959,-1751,-911,-1047,434,-617,-758,-1869,-1817,-2100,-1406,-265,-618,-131,-569,-266,-365,-7,-188,-653,339,228,-1199,-574,-234,-629,-32,-220,-401,1974,-40,305,-689,-504,-594,532,-1358,652,-581,435,568,-1325,1035,-510,1976,549,887,1162,178,2849,-638,-103,692,3002,1867,956,1947,-267,1702,1583,2072,1034,1889,2454,376,2400,-113,2518,805,2813,2431,2837,210,-202,1263,-270,823,557,2064,166,2285,-228,1598,1290,470,515,1946,2187
281,112,-368,518,960,625,-372,-1212,330,-473,-305,-1099,-381,-1422,-338,329,-178,696,-1294,-902,298,-41,-857,701,112,-414,16,-192,1416,251,413,-579,-960,-219,-279,-74,17,-1437,-95,-587,-99,1055,-892,-511,-268,72,-885,205,154,-677,-632,257,883,218,417,89,305,-85,223,467,149,130,-1267,-501,-2586,507,-800,-1669,-726,-1154,-859,-1550,-1951,-1118,-1250,-2100,-101,-1067,-1658,-2690,-1922,-2296,-100,281,-355,198,100,-350,489,-392,-837,91,-623,318,-163,376,-270,-1057,-10,-607,-182,1057,-265,933,1483,-447,7,6,-1996,1161,564,483,113,158,112,167,175,1600,-769,1294,1098,2511,1910,1300,288,-492,2686,1757,108,565,951,2709,943,2322,2339,681,1492,2271,1832,1693,1053,812,863,1963,1016,921,-551,1032,2609,2486,1667,2986,1667,4746,2764,1358,1776,1891,2478,1902
282,112.4000000000000057,-597,-854,-409,732,-440,-720,-221,-519,-365,-1756,-563,1265,1112,200,-745,-284,876,1144,125,568,-162,-1207,78,-160,-140,0,175,138,194,-492,-1120,-234,251,-858,-1697,-379,-163,39,-350,-1765,-822,-333,-582,139,-752,-2345,-1846,472,555,996,-521,-373,-691,740,-397,609,-1523,139,-29,-166,-960,-2053,-387,-2010,-895,-687,-2050,-1283,-1274,-2137,-2366,-1524,-17,-770,-619,-2109,743,-2035,-1094,-2648,-1567,-323,-1069,-1773,86,357,776,-527,-323,-496,171,548,1095,-691,1134,130,468,-225,1115,398,971,-384,1187,-887,1436,-815,-204,715,-380,246,-1224,272,-340,579,161,791,778,1733,893,68,1200,514,478,1009,667,3086,-70,1369,2045,1366,2799,933,585,1710,1663,2402,1886,2386,755,2115,1744,522,730,911,2019,952,2328,1298,1380,2036,2798,898,1884,437,3138,1764,1485,1524
283,112.8000000000000114,1273,774,-1495,341,210,-664,1045,-990,-218,-170,1157,-115,-232,812,1364,-226,-62,-72,-48,-94,-543,-573,-99,117,-337,443,307,-763,-1265,-753,-541,756,-741,-1852,-17,-32,-266,-533,-1034,-286,633,243,-973,552,-175,-214,439,-480,527,1072,-973,317,961,283,922,174,-428,-885,24,-809,-682,-781,-285,-2550,-752,-1487,-833,-1790,-810,-1091,-1759,-3164,-1479,-1334,-650,-2821,-1064,-287,-2470,-1331,-1230,73,-761,21,264,-1231,-525,-541,-660,-642,-423,-112,22,562,-622,-950,-574,-158,-289,-51,-370,504,-105,1028,745,-257,853,-121,-183,778,1661,446,469,901,1882,823,1663,1081,1706,749,1791,2410,1799,982,1673,510,328,2024,806,417,2456,895,1567,922,1693,1159,1571,3492,258,1801,1129,1722,3285,2078,337,1379,2556,2320,1416,2217,639,1669,2417,1194,1019,2760,1700,2691
284,113.2000000000000028,653,252,-166,1339,-1449,384,-268,-264,-350,-1352,110,193,-160,-170,-268,-1042,-272,592,217,-197,-197,765,-285,-242,-175,-861,-249,482,-2007,-242,-133,-492,40,-339,-575,-1514,157,-180,-926,153,-235,-127,-628,-1620,483,-517,-74,451,1107,226,154,838,-836,167,-761,-281,805,-1305,-586,-1543,-985,-584,-1747,-1555,-2954,-751,-2205,-1210,-842,-1442,-1283,-1598,-2848,-1112,154,-726,525,-2217,-2006,-2935,-1172,-838,-567,-1021,-94,251,-1205,-545,-444,-272,-52,899,223,-976,70,-500,-1809,147,-912,297,-961,-377,-950,436,-843,480,1734,935,508,976,-176,58,-29,360,134,1546,680,1529,1953,1549,772,1042,630,1702,100,1950,1382,437,2881,1476,422,1614,1889,-614,1462,1825,1397,636,1352,1245,952,1210,1430,553,204,-133,3784,1973,2125,1140,2986,1466,1911,890,1831,3067,1769,701
285,113.6000000000000085,-1024,459,-296,-25,-422,-1288,-429,268,328,1015,-1410,-405,-389,-1116,-1138,990,-1177,619,-497,115,68,-768,391,527,-1054,586,-487,-1208,-149,470,-572,-216,681,-486,119,-267,3,-873,-1455,-689,-987,-1976,-189,-51,-149,25,-537,781,306,366,-1144,-658,496,-648,-696,-541,-1450,-703,397,-328,-1814,11,-674,-2577,-1651,-928,-1689,-967,-1632,-1393,-458,-1204,-583,-1239,-651,-2722,-2487,-1424,-1834,-1215,-1150,-769,-917,-303,151,-1576,-41,-121,-113,-121,-80,643,-14,-114,868,-1454,-7,-325,412,79,-438,-1109,-1324,-477,-424,253,-2236,-516,-360,-1624,1145,397,581,830,-13,-75,-660,837,1582,734,1442,1553,1604,809,1970,334,935,695,2790,1611,588,1156,723,1428,-1003,2082,955,1429,314,1788,789,1383,457,1415,2253,2319,1996,3465,1976,718,824,2821,525,1838,2824,2141,2015,2430
286,114,-9,-74,1086,-518,-508,-1349,-97,-730,-684,-977,-155,-280,14,-115,-660,-837,1168,-604,-192,-560,13,-1356,202,-1533,372,606,-386,593,-787,-474,-244,-82,-252,-297,-898,-164,-1992,-700,-275,634,-2,415,7,173,-489,-344,-600,-1497,-582,-571,-557,-967,369,-258,1921,-1369,-831,-958,-1997,-1145,-1347,-555,-549,-905,-502,-1545,-518,-1762,-1713,-989,-104,-636,-817,-515,-780,-221,538,-2306,-2613,-2367,-1655,-443,161,-909,-1082,-1438,291,-1313,528,-264,-65,-161,-840,147,74,-1203,-653,307,-1764,587,-570,-918,-2087,63,650,824,1839,321,259,1009,-183,-1360,-505,-264,261,-453,597,1510,266,43,199,901,2013,1075,860,1521,2384,2189,1406,832,738,150,1725,3112,2040,1368,2650,896,2256,4069,27,1418,1279,61,2821,1900,1874,651,1589,2491,2336,719,1586,1891,-1584,1613,1891,2166
287,114.4000000000000057,-179,-604,-91,750,706,-667,387,-785,-596,614,-446,-595,-3362,-956,256,-756,-632,-1,247,-815,-837,31,421,228,-1158,259,-1313,-49,-730,332,432,-272,-1737,-788,59,-277,-769,-204,478,-78,-798,568,-850,-321,-149,-286,554,-673,-498,-175,-279,162,648,-676,-1179,-612,-103,-123,-1052,-806,-1274,-344,-2253,-320,-1603,-942,-690,-127,-1527,-901,-2484,-464,-1964,-683,-1775,-1988,-112,-321,-1486,-3023,-838,-424,-752,53,998,-331,-4,90,136,1038,-603,-836,272,1560,-188,-1293,-1019,522,-962,361,682,-655,849,-264,-486,664,-1131,921,-640,704,-679,167,-705,-232,669,962,-523,1076,2309,1484,706,985,-130,1552,2478,1236,-17,1153,1154,2290,2109,2072,528,1801,1591,1917,2015,2415,1410,2071,1396,1550,3,1539,965,574,1525,-334,203,1683,233,453,1446,813,-348,1475,60,569
288,114.8000000000000114,-332,619,269,-22,-361,-412,-544,261,619,-907,-1239,-23,-515,-906,-208,-1320,-744,186,113,-388,-847,-839,-926,523,-374,411,-1403,-637,-629,-966,-16,-236,-1146,-1174,-542,-358,-895,-694,687,-1151,-119,186,-344,-463,-653,-1645,-156,-681,60,520,-534,40,-23,-1005,-1270,-79,304,-787,-1543,-987,-1536,-665,-1331,-1608,-1520,-2219,330,-539,-1371,-1245,-1482,-1771,-572,-601,-232,-126,-2678,-2160,-1663,-1398,-440,-851,-32,-165,-564,-1078,-720,-275,-338,-706,133,-268,322,-9,-127,-89,-1202,66,-719,-498,92,-547,-965,441,-21,365,167,-114,36,-378,-559,1014,192,171,-299,1082,1832,1437,1127,1249,972,1588,1878,1191,-192,2218,912,-147,902,1780,1451,2143,1229,699,967,156,1711,61,1035,1873,1068,241,1755,2621,1785,1961,249,1517,1756,1169,4583,1752,2382,2517,649,2585,1166,3083
289,115.2000000000000028,-615,248,1142,213,605,545,-579,-532,-120,-861,-151,-340,-742,1196,38,-276,-104,476,-1076,14,-420,440,338,-823,228,-500,-130,-90,-523,-811,-157,414,-668,-1244,-1680,-686,-117,-46,64,-70,-266,134,446,-904,533,730,312,120,13,-248,-101,86,-574,104,-1662,891,-394,324,-228,-967,-1708,-1385,-2252,-1189,-816,-1293,-1686,-708,-1472,-1375,-1675,-789,-282,-252,-721,-663,-1143,-1474,-2487,-1650,-1911,300,-441,-302,-677,-961,-1411,-311,-893,-1850,350,-296,799,-2276,-1395,-267,135,-393,-1587,-982,-290,547,350,-690,-747,128,1047,-191,4,-466,612,-605,979,893,2002,273,1025,400,915,841,1248,1010,-354,1912,928,1353,1368,-267,2960,938,605,1040,2399,1723,2109,611,1853,431,1178,2138,2200,1718,1275,1332,910,1812,533,2589,864,3724,710,1289,499,787,197,1935,2341,2713
290,115.6000000000000085,-514,-145,44,-18,-706,-200,-76,-1118,309,-564,-316,-282,-41,-581,149,426,-1209,-76,-291,-404,708,-525,-819,406,-1309,-373,578,45,-843,-400,303,-559,-427,865,-620,-486,-395,-356,345,583,190,-149,-63,1245,-618,457,-83,-1615,231,199,-210,-592,118,-517,227,-412,239,-664,-596,-617,-1034,579,-1440,-1994,-1430,-1073,-1329,-1212,-570,-266,-369,-134,-1584,-1249,-172,381,-908,-324,-1672,-1423,-309,-63,994,716,-494,-206,-563,-698,-68,-495,587,461,-374,-1204,-1510,-1444,-293,-52,-188,-709,-558,-411,-182,-525,-464,1326,1394,936,-311,86,570,-460,-92,269,-556,41,600,528,846,2607,535,-1,285,-1,1855,3048,682,2033,2246,530,2616,2384,1753,978,2212,1124,1168,2852,1235,2906,512,1327,1320,818,2009,2001,-885,1240,1337,1380,2731,2457,795,1302,1110,2826,1376,2594
291,116,-108,-68,567,821,683,236,-848,-1511,-543,140,783,548,-138,-235,170,-300,-1458,-1071,493,-299,-136,-280,-1118,-84,253,-69,-816,-657,121,-19,69,-1518,-213,-862,-540,-434,-673,-708,83,-560,49,674,708,1655,-343,68,-1610,-808,-906,352,-206,311,196,-42,-1610,-891,223,-422,-727,88,-1646,750,-307,-1250,-1417,-1475,-757,-741,-2063,-1234,-1038,-2428,-1623,-668,-268,-610,-1241,-1899,-1742,-1483,-1175,197,-304,-548,-903,-1039,210,-697,-572,-726,-235,-1737,-713,-1512,-122,-444,-552,-6,-212,-438,-1765,-1274,-717,-2170,-1380,112,614,-1475,1665,-1058,-243,219,992,-720,275,1144,1620,1195,417,708,1788,1266,1052,-205,-853,989,160,884,1062,1352,892,2192,1904,1289,2253,1387,2174,1965,1189,2508,1263,761,1690,1575,44,1293,1594,2682,1171,2176,2197,2553,2318,3207,3412,1628,752,1917
292,116.4000000000000057,-153,152,-1629,-370,122,-1167,826,206,-157,258,-528,-630,207,-188,380,1071,-264,-916,-969,725,233,-292,3,-158,-777,266,-531,-646,-1487,-91,72,-531,1435,-15,-268,320,254,194,13,-534,-346,1771,-31,-1206,-630,-1204,-818,-283,1226,-872,-197,142,111,144,79,7,133,-920,-495,480,-1072,-320,333,-833,-1078,-770,-923,-1498,-1491,-1887,-1652,-629,-1103,629,34,613,-584,-582,-1676,-2820,-180,-1130,-706,-1533,-1179,198,-964,-2023,-259,-282,-1508,-183,1488,-1482,-542,-411,-645,379,1374,55,-2289,857,-231,2057,1546,591,792,399,-615,804,-234,-31,-670,89,-80,163,1560,376,24,1446,1007,864,-784,3267,1482,61,544,2105,1448,32,1362,2059,1871,1756,2643,2192,1769,1318,1233,468,1131,1082,-58,1314,1990,1550,909,1973,818,610,468,1631,958,1283,1078,2073,2118,2869
293,116.8000000000000114,643,283,217,1295,-1066,802,-335,12,-713,-711,-893,-492,-828,-745,602,-1131,319,-341,-287,-414,-761,244,-12,-1103,-510,663,718,-2590,492,385,-82,-902,-917,-716,116,171,300,181,-159,-1264,-785,-65,-697,1,-1687,-79,1232,334,-488,302,1189,-591,-672,-148,-60,-1340,-576,-192,-1599,-1766,-1073,139,-599,-1026,-1312,-1280,-1427,-980,-1269,-1133,-478,-2452,-887,851,595,767,-1549,-801,-587,-954,147,-109,-67,-1494,-602,490,-1216,-1221,-326,381,1032,-624,-206,-138,3,978,-1074,-218,16,-1049,-357,-195,817,-979,-371,2140,2110,-501,92,-237,-196,-631,54,-60,-129,497,65,-685,-669,-14,1773,1675,-1106,1766,1752,1584,1213,2012,834,0,2058,1708,404,1432,386,2099,2933,1482,1444,1227,787,593,631,1150,1823,1798,3635,2309,2234,109,1444,2583,1284,332,2562,1617,3320,1886
294,117.2000000000000028,-1221,-425,-306,-961,-193,-750,218,-105,-566,-234,-1347,-1331,-539,-50,-349,490,-25,-522,431,73,895,95,-1656,-605,252,-115,25,2235,-1046,-1315,170,-600,-875,-2447,-362,-37,-381,-961,70,193,-816,-1481,356,-143,-1500,851,-258,410,62,742,388,-509,-668,-24,-425,347,805,-1546,93,-2455,267,9,-584,-954,-1783,-1107,-1063,-1507,-1589,-1138,-1384,-120,-1838,-1722,269,-321,605,-1205,-2656,-2859,-2089,-1,935,993,812,388,-638,-1093,-737,-425,898,208,-254,-565,-686,-230,-1006,-193,-277,249,-249,238,651,3116,-1279,3675,430,503,-542,1020,99,-185,341,-389,1095,-1207,622,605,2164,1056,1331,1682,536,-22,-998,2196,1534,1490,2542,801,1252,1258,2481,686,1281,1831,1528,2697,1111,352,-74,1301,1736,1413,1277,2017,1820,1671,2301,1970,3002,2813,1229,2768,1797,2852,2971,411
295,117.6000000000000085,-353,-618,768,227,-291,46,662,-457,-1137,-439,859,-1116,-238,-1090,-1059,134,548,-924,29,-653,-538,-1060,-1018,-1233,-815,1350,-770,-464,-163,-1015,-367,383,190,-682,587,-626,-1393,-55,-6,745,609,503,973,-1049,-1250,-447,364,-276,-457,816,-1576,42,-482,-821,1519,-475,670,7,-15,-728,-627,54,-712,-1199,-1486,-716,-1994,-1466,-940,-1870,-721,-2104,-1277,-660,-1017,408,-1413,-421,-1545,-1431,-1038,148,-473,-2081,564,-695,-383,-677,465,156,-219,-727,946,-992,-1057,427,-130,-337,804,572,-149,-710,-1401,-1655,-1077,-1856,-378,173,965,691,-539,-422,-146,-497,1501,-27,846,1761,1004,2646,1943,1067,2120,1170,2018,644,998,1033,1536,2146,494,2279,304,548,952,1636,1613,1507,2167,2019,795,1598,1355,1439,2990,556,3173,979,1432,1446,4294,1514,934,2131,1135,900,2083,534
296,118,-766,607,279,-1331,-409,-2154,-487,227,284,-764,-546,-860,-1270,-548,-10,6,-525,475,43,-999,-508,-5,-2086,-379,-1904,-97,384,-987,786,-803,-313,273,509,-781,-60,220,-537,-171,-20,-1399,-404,-13,231,-1495,387,-596,-2335,408,-297,-128,-224,-205,-64,-198,-412,163,396,-858,-460,-37,-357,-1086,-1969,-1079,-867,-1732,-2140,-2133,-1626,-1175,-2028,-2343,-1026,49,-783,648,-579,298,-2188,-1108,-841,844,-856,106,-37,73,-453,-1216,-781,-750,-28,407,-1479,-18,706,-1074,682,-292,-1811,-788,-340,18,-769,1140,-333,65,459,745,-753,853,-1533,94,618,1142,603,0,-210,658,1967,1442,2318,1194,1827,586,487,3393,590,1782,-117,832,1519,251,401,818,80,1566,741,354,354,1746,3394,710,1395,1181,2801,1244,2455,891,2360,3290,1217,2545,3293,1860,2746,3536,3231,2422
297,118.4000000000000057,-587,23,-1425,-35,-611,438,-450,-521,723,475,-513,916,31,-764,-444,-332,1364,40,281,559,-1023,-1026,-1343,-880,-462,-112,-317,654,82,2,477,-1202,-1372,536,-135,-736,-306,-1022,-224,-249,294,285,-605,-1239,-245,-188,2144,-498,636,612,507,-419,-238,-76,266,-817,-19,-1736,-1508,-458,-1183,-607,-380,-2138,-1476,-1263,-1624,-1474,-808,-1147,-902,-2816,-1054,-837,-461,183,776,-1755,-1691,-1773,-10,447,-467,0,-402,-822,-1392,-312,387,-935,-378,873,359,-973,-540,-121,107,90,-892,-173,151,947,-649,490,-2433,2164,-265,617,-859,92,-926,-475,687,-705,-198,-390,935,1867,444,397,1629,1016,1576,1672,1473,953,644,1528,1773,839,648,1083,886,553,-331,1589,2098,2240,1737,1322,1116,1503,595,991,1980,1079,1137,1876,329,2331,755,3492,729,1139,1397,123,3203,2997
298,118.8000000000000114,304,-820,-42,-250,-579,-393,-767,-661,-419,-7,-1315,-142,-475,-470,-1627,-1128,-431,-572,-243,-208,-107,303,-332,-807,283,130,211,-792,-242,-912,129,-188,-1058,-634,-834,347,-481,-1015,-257,115,-201,17,819,-222,-453,589,-438,259,256,1994,193,-923,288,214,21,-1414,-376,-993,-986,-616,-1296,23,90,-520,-2475,-216,-1386,-1550,-1303,-1355,-869,-1215,-1458,-600,389,-34,-1182,-65,-1294,-2604,-1806,-555,-659,30,30,-1086,1002,1217,-257,-921,277,805,-396,311,174,-1086,-837,191,239,-251,-96,-486,-29,-1511,-1750,132,-10,1329,-461,-518,457,571,-151,174,-545,795,890,738,-203,1638,-262,724,1357,-86,1001,441,506,97,1309,1470,450,1415,1252,3427,520,682,1304,1783,4032,-465,1387,2053,1269,1562,1715,1820,1713,1248,1045,-1301,3817,2187,2821,1199,296,1332,1416,1101
299,119.2000000000000028,-205,-228,-1013,-193,-715,-812,419,-288,-989,300,-1138,314,-905,-752,987,427,-585,-150,-628,-808,-1665,-170,-619,-183,-1511,328,-781,300,-327,-1589,-583,-572,-998,-304,959,-769,-277,-1086,-216,-924,197,-299,665,568,-233,1910,-929,211,326,725,-827,-502,-488,182,724,804,-90,-802,-536,-944,210,-1176,-1495,-487,-1237,-994,-2045,-453,-1166,124,-428,-25,574,-2589,-647,-1115,741,223,-215,-1430,513,196,1129,-446,-621,-814,-169,441,-1632,-146,-663,-414,69,542,-143,-292,-794,-826,-3,815,-381,-2106,644,-262,1518,-291,251,489,-330,129,-60,-181,803,-499,664,91,518,-587,-297,1166,-18,1808,1452,1444,912,2369,2153,33,1154,969,2043,1994,828,1343,161,667,1312,1010,2989,1874,1544,1781,141,879,-161,-266,2590,1679,1251,2961,3634,1596,1982,2246,1651,4077,1636,2148
300,119.6000000000000085,-957,-514,-492,165,-2,221,-158,-571,-474,578,-611,-603,-424,-1007,-228,-3076,-1342,-247,-811,43,-591,-60,-1371,78,-1652,72,-1260,-1198,-436,-536,-518,-1616,-1920,-1276,192,5,-1613,1510,-346,-459,-346,-410,117,470,-928,-1393,119,535,-247,-1245,-457,-506,-327,-620,951,1,323,-423,-478,109,-996,-1707,-1684,-988,-1839,-1625,-1212,-989,-999,-1591,-1057,-1337,382,874,860,-1192,-886,-976,129,-1765,-102,-712,650,-278,-384,590,-1120,-232,-176,-1124,-454,-472,714,1336,-310,966,-527,-765,427,-239,-749,-357,79,698,-478,-351,837,255,-583,-10,833,-450,257,-379,508,1934,408,489,424,-323,563,717,-779,1189,617,1342,-915,-159,1098,1397,1307,709,458,1322,992,1435,806,45,1475,1524,1876,969,656,894,1578,2214,2504,1651,1420,1239,18,2450,1261,2507,1933,1568,1353,4276
301,120,-654,-840,-861,-49,-1219,-148,113,-486,-1826,-844,-620,-486,-1339,-1211,-670,140,-378,-1099,-1329,-356,566,-776,-623,-605,131,-1102,-1667,-339,-1026,-1850,-1222,181,359,567,-214,72,-320,-1265,-855,-910,268,788,44,73,448,79,-417,117,-432,76,136,-192,-134,-747,188,-685,344,168,-1052,-580,-884,-854,-327,-637,-493,-1406,-1050,-1858,-990,-1430,-423,-1681,-1620,-1183,-2204,-1232,-49,-1510,-1447,-822,-174,-291,-678,-923,288,-741,-1845,-775,-527,-805,-372,828,-321,-523,-636,-836,-100,-511,719,-156,-328,-1235,-83,1365,-878,-673,1296,-230,-1539,54,641,163,-546,-690,12,-651,779,634,1114,1073,1510,82,1899,2345,-697,1677,1394,-533,775,1674,1145,1026,2415,1338,2030,1171,2085,1491,941,1901,373,1133,1268,1203,851,1019,2495,128,2106,-298,2179,1237,2543,1471,2059,1419,2150,3933
302,120.4000000000000057,-150,-967,-285,-98,-737,-498,-50,335,142,-367,-430,-168,-1066,-926,-810,-347,1328,-557,166,-1328,-508,-772,21,114,-293,-358,-508,-552,-727,158,-1376,-798,-683,-506,-455,-1334,-13,52,-63,-550,-461,-685,376,-1232,-471,818,-15,1068,232,-676,-247,-367,-669,-1605,-864,107,-663,27,366,265,-1099,-1610,-794,-1932,-1008,-1668,-951,-1525,-2654,-895,-1841,-1409,-1417,143,154,-1045,-356,-819,-1632,-1278,1087,309,-244,-998,-449,-829,-398,-851,-61,-915,-149,168,545,288,-1027,172,-208,-763,371,-252,-1017,399,-184,-1333,814,-1667,-128,-382,1638,-575,425,597,-300,-37,456,534,321,828,646,2222,348,1280,1695,2416,1704,862,1277,-150,-1588,916,691,2266,1478,1192,1740,551,684,3168,394,1379,1491,2888,1513,-218,1336,874,2982,1478,-792,966,1766,1681,621,3666,1847,3014,1472,314
303,120.8000000000000114,512,-1066,-774,-1184,-954,301,-1102,-468,-1151,155,-261,-333,-537,10,-784,193,-465,-690,113,-809,-185,-532,-1419,-361,343,-761,-229,-1781,-671,-673,1314,226,-574,345,250,-1268,-519,-14,-570,-115,-801,984,-284,460,-1117,1055,197,-91,470,424,-162,43,37,-406,-875,-166,-864,22,-1366,-850,-1140,-761,-2081,-816,-1067,-1624,-1930,-1934,-2003,-303,-1177,-938,-1890,351,1039,-3154,-340,1164,-823,-461,-72,392,-95,264,80,-83,-1067,-1271,-850,-546,-398,-96,691,359,-1725,-247,-374,405,102,364,484,460,715,-407,1597,874,-201,-114,-1073,-38,-327,-397,625,294,475,1312,375,-279,1639,425,377,255,529,41,2686,789,1117,757,1265,346,1112,296,1336,1377,1253,1028,2080,476,1986,1890,1841,1931,166,670,596,1746,1301,903,2082,3209,2551,1611,1586,2998,2135,1395,852,2837
304,121.2000000000000028,-1193,-887,-1087,-759,323,-473,-517,141,-206,-1093,-473,-182,-1409,-946,-55,-942,-800,67,485,-577,-538,200,35,-370,-634,-325,408,509,204,997,-672,-1784,-892,-54,-627,-722,-427,70,510,193,368,-273,-734,354,551,725,517,-422,-228,-238,-689,-601,-294,180,235,-460,431,-851,-1166,-688,-487,-294,-587,-1369,-1841,-1386,-1430,-665,-789,-1274,-1221,-1096,-338,-1943,-1160,-115,795,505,-122,-627,72,605,271,-657,-23,99,107,-111,-1227,-1003,-1369,-200,-512,-20,702,-1267,-534,-109,594,-1551,-1141,-120,-767,455,2479,152,-731,339,-364,-438,265,-495,-666,-623,-1031,-902,1129,-116,1662,-1462,1441,123,1890,-506,447,1533,738,1341,625,856,946,1107,-1008,1841,2367,1777,1248,1583,4217,2282,690,1303,1378,1257,340,1313,1770,2147,780,659,1674,2282,2460,368,2998,-495,2803,1423
305,121.6000000000000085,857,-790,-892,794,-464,-2405,75,309,-993,-532,-315,-2285,-239,-484,-985,423,-868,-261,-333,-173,-1365,81,-138,-298,-718,-597,-1034,393,163,-867,-382,1185,-435,-679,283,383,-690,-1131,-71,1181,-35,988,-490,-21,-72,-271,-71,897,459,16,-573,532,26,-780,604,-206,493,-340,-416,-1382,-1010,-1129,-1811,-889,-1381,-1183,-241,-1805,-1755,-1574,-982,-2325,-809,-130,-2061,-2900,-1259,-559,333,1305,587,445,-303,-441,741,-384,-874,-1416,-121,-381,-1697,-785,607,-599,-1823,-253,752,-847,-1594,-50,-716,1170,-638,-582,1487,-272,2381,-892,593,-824,1158,583,-95,77,918,-700,248,828,750,756,473,764,652,1078,578,1792,550,1014,1153,1600,1161,815,2170,668,2375,2346,2266,3093,711,2144,1477,-834,325,355,229,1482,-293,1488,2150,2570,1846,2004,1756,1913,439,2535,1362,1343
306,122,-108,-722,-567,-965,-272,1087,-385,-978,-382,-449,-567,-289,298,-366,-531,-1615,-69,-967,-847,-239,-918,389,-341,-93,-126,86,304,-1074,-1099,-181,-568,926,198,294,-889,-439,-173,353,943,-315,-219,-832,-172,377,-688,-178,-780,345,-1860,-179,112,-578,-384,-526,128,-540,-318,150,-37,658,-541,-1653,-979,-1686,-821,-104,-916,-460,-438,-1093,-565,-562,-1550,-1655,-759,-2053,-1567,32,-1668,-824,-685,107,-58,316,-1315,-871,-736,441,-530,-196,-237,533,-827,-664,-411,-504,523,-322,-152,16,-349,-3142,689,842,-827,731,-2299,-296,-405,373,-298,-952,-478,427,871,-359,561,1110,1340,1575,-212,867,1099,3239,807,1937,982,830,2258,1460,1331,1049,2903,1621,2621,1640,1387,1972,1687,1748,1476,1135,1796,-374,539,1760,1430,628,1716,907,629,2716,1336,2228,766,534,-1748,486
307,122.4000000000000057,622,-759,-1236,196,-373,-996,-275,-392,2,-140,-597,218,-265,-858,-133,-646,404,-1043,-340,-650,73,-788,711,-393,-736,-898,113,-148,-1450,-299,-1052,457,-655,1296,-782,-792,217,-521,-233,-106,367,1497,279,1071,34,252,-735,-37,7,263,-485,-372,-828,1511,-221,1019,-306,445,-2385,-531,-745,-254,-1100,-1724,-1026,-2457,-1435,-959,-1097,-1374,-922,-2270,-1641,-1609,1520,1182,-638,-220,-1310,-1037,5,922,-1427,73,-770,-530,-282,-64,-338,-397,-685,-633,447,-1018,969,-639,-615,78,233,-667,-217,-2514,171,575,1071,-1086,339,403,-733,-278,-670,-420,-5,732,343,479,-548,206,760,1485,788,592,2121,2381,1803,996,1183,1186,861,1573,2064,657,1447,1497,2773,1904,1694,1738,919,406,2398,-95,476,2003,1536,407,1234,224,3209,2247,1601,1983,329,847,811,-723,2792,2509
308,122.8000000000000114,-759,420,-884,-3,255,-1757,-35,-1425,-617,-740,-1265,-583,-1467,387,844,-1005,-793,94,-629,-555,133,-703,-741,-1081,521,197,-1058,-135,-947,-287,-293,834,387,234,594,25,-831,450,143,-620,-5,828,353,794,-224,248,-634,-1065,-172,-1074,-177,-21,194,-520,-383,348,158,-850,-527,-1821,175,-2251,-617,-1128,-1575,-1221,-1742,-1964,-431,-1133,-84,-1327,-675,-572,1490,-772,91,-590,392,-1134,361,231,988,-749,234,624,-632,1319,-493,381,-280,-1094,656,-332,153,-512,-914,352,1296,-899,-502,-166,-478,-203,613,326,-652,-569,-582,-37,439,-232,-750,840,403,-493,2112,451,658,-283,-334,378,2196,2001,-1380,288,1204,1345,1037,1208,960,642,1170,2069,2154,1089,1312,572,-456,1478,2185,818,270,2160,1533,1083,1712,480,1148,890,382,1288,2769,2448,1748,2470,1938,1586
309,123.2000000000000028,471,-610,-355,-206,-495,261,-303,657,-31,-135,-304,503,77,-217,-1063,581,-179,-432,-1478,-839,487,219,-311,-1282,10,14,-347,-517,-1055,241,-181,-924,-337,636,-745,-740,38,-1018,-212,-435,476,676,-451,-1802,-239,-383,185,-281,-610,-589,-196,664,72,-277,586,419,-838,614,-798,2011,-1602,-1526,-466,-906,-923,-1086,-1360,-1231,-439,-1027,-2001,-929,-461,-1149,-560,1461,-511,444,405,-3236,-734,829,248,-547,-642,-783,-1254,-514,-572,-826,-61,-973,-1669,265,-1718,-60,1149,123,-788,352,-672,-528,1389,676,-757,-111,-1158,-292,-147,-443,356,-403,595,250,-1192,-45,-65,577,1746,1008,523,837,2733,-493,4134,2410,1609,387,2124,1067,276,921,366,1024,1761,2074,1266,1799,1028,1197,996,1546,1842,996,1013,895,1298,1482,1708,3143,1795,1178,1663,3538,1800,884,2070,1832
310,123.6000000000000085,25,-797,-522,-242,-197,-535,119,882,283,-167,-359,-991,476,-310,-457,-347,-983,158,-469,-242,-163,44,-91,-569,-297,572,-535,91,-517,33,-361,-607,-154,127,-8,-606,-1481,-144,-623,1125,837,-730,-531,775,557,-861,-401,81,451,-168,12,723,-284,30,-1305,-666,11,343,-849,-1383,-991,-2253,-486,-1044,-1023,-697,-1365,-851,-1177,-1489,8,-1165,-926,-1562,-923,214,1176,857,-3076,-919,878,1025,945,22,580,-447,-948,-588,255,293,171,-714,-1787,-630,1306,645,-1406,-1296,-137,-271,457,493,675,-276,1031,-792,-1504,157,-4,1213,520,433,173,1743,-360,815,-12,169,-339,-103,1452,1507,1819,-1895,-164,897,809,1325,1573,1598,1894,1409,-366,1113,1288,1202,1837,3435,4835,1528,1288,1144,1648,2174,1333,1356,2896,2737,2100,365,2643,1358,1826,1257,828,3000,2780,818
311,124,-760,43,-1496,-1257,-956,-671,-103,917,-901,1796,59,-1562,-308,76,-565,67,523,694,728,-142,-806,-554,-199,309,-277,9,513,769,77,-475,590,-1463,44,131,-1214,-209,-521,-722,-165,-483,951,-240,-194,-768,-121,551,-234,1195,-189,203,488,-761,-532,-373,2732,-294,-1340,-1992,-349,201,-1070,-213,-1095,-1860,-1981,-466,-571,-1494,-1363,-1710,-1689,-803,-563,-353,1216,-168,200,-396,574,-1121,-252,1560,-288,424,931,108,350,-996,-6,-1138,-465,-1108,-2685,98,-590,475,174,-903,-23,1014,173,-1107,127,-647,-548,1709,-299,97,163,312,-419,457,-116,663,-282,198,1181,878,1982,584,507,304,240,1330,2524,657,2133,623,-364,1385,740,462,1683,1431,2559,918,935,407,1509,2741,31,285,822,1563,838,1219,2959,2100,1273,1943,3589,2159,2000,-23,2161,501,698,2055
312,124.4000000000000057,-106,-752,347,409,-364,1754,-656,-84,-120,3,-611,-390,-2055,1154,-665,860,-1623,-704,374,-857,-213,-150,1221,-957,-805,-377,204,-1387,-578,438,137,-613,-1009,-1143,1557,-410,-498,368,624,-348,837,-234,993,-1248,376,28,1331,-550,564,-502,-281,182,-571,-421,1504,-1014,492,-1222,-556,-1231,-1658,-1692,-1156,-1685,-435,-1725,-880,-1394,-646,-650,-793,-2227,-3751,-762,-533,-1812,210,-1348,-833,-989,-1093,1483,131,-1102,20,-602,-1055,-694,-27,-346,-994,575,140,-446,-899,-408,419,-264,-590,-1643,30,-257,479,526,-551,-176,-595,-751,-2223,-206,-472,-320,-497,1641,1647,-94,-283,1325,1309,412,1658,23,840,1010,997,2592,457,1172,1187,823,1352,1710,471,2315,1369,1100,1108,1402,-352,1807,1325,1094,1244,852,725,1145,976,917,946,2765,1665,639,1836,2538,3907,1520,749,1211
313,124.8000000000000114,-205,21,-299,-105,-112,-1298,628,-387,-236,-788,94,-991,730,-430,-632,837,-906,-1583,-140,-1047,-952,-2264,-700,-778,-432,-1173,421,219,-538,-811,-727,404,424,-383,-1012,-867,1586,-104,-838,362,-168,163,-343,2132,-1558,782,159,1238,1045,39,883,-691,-375,547,1388,-206,-1170,-688,-300,-1405,-289,293,-493,-1421,-320,-1526,-1209,-949,-875,-1466,-1650,-827,-1071,-2328,-1809,-550,528,12,1291,-1995,596,1503,1241,751,-295,-652,-707,256,-263,-305,158,-297,-1807,1214,-193,580,-484,-201,-996,-93,-661,346,-826,-492,556,997,-267,250,-519,572,-126,-376,-50,-694,-288,170,1122,1774,2441,941,174,619,529,56,-8,1158,-314,1247,708,768,1103,660,1800,1762,1614,933,2148,1849,1086,60,858,1533,1479,987,650,1488,1996,1318,769,67,3203,1347,606,991,2546,2016,1641,1863
314,125.2000000000000028,-430,632,-1209,-809,-144,-839,-1804,653,-687,1472,-320,231,333,-184,-271,-704,-1295,-315,-347,-287,-1693,-1145,305,-747,-1088,-146,-832,1286,607,-53,-250,-503,383,517,-1472,-662,583,-150,534,-749,-626,-1064,69,1667,-1432,50,-1153,-142,-259,-485,576,-181,-429,9,-22,-292,-477,-273,-217,203,-1574,-2139,-848,-881,-1834,-1485,-935,-1649,-556,-1189,-1203,651,-1775,-39,-435,2191,638,-849,-619,-1481,62,1663,436,715,-184,-1483,160,-523,-746,-1368,-22,88,-1086,419,-148,-1264,-196,-55,6,507,4,-1841,908,-2,-273,1049,-612,-90,1195,77,143,301,607,553,1300,473,252,1790,513,22,539,472,745,1376,713,2012,1520,1300,1100,1080,1099,479,1866,2814,635,1420,2590,396,476,225,1666,1028,72,235,1689,2569,2067,1728,3204,1785,1382,290,823,2818,1426,1546,2523,2064
315,125.6000000000000085,-556,-269,681,-804,-1056,-751,-2292,-484,544,-1173,370,-594,201,-873,-1349,-1805,-610,-808,-1223,-634,-179,-396,891,421,109,-381,-648,924,-1358,-150,-22,-1105,-10,-397,-674,-1043,-290,145,-430,-1215,1133,-1453,127,-1560,-229,-781,-96,1238,-1349,-979,-32,-472,-286,275,568,1041,-643,-4,-693,-648,-1340,-563,-1385,-1456,-1632,-1568,-440,-99,-1162,-247,184,-700,-3231,-1150,1613,2191,-1467,439,-249,-476,686,1109,-307,-460,647,-418,-393,-653,-739,-332,99,-48,15,-881,-924,595,-1270,347,-244,-413,-1009,173,-1183,-10,-1780,-436,656,-325,-330,416,83,1115,-1080,68,766,1354,2088,-565,467,964,859,211,2422,2262,-415,136,1690,1351,1095,1853,1349,1520,908,1679,1669,513,2962,1677,1941,1089,1852,581,1835,1604,1151,1124,-511,943,1520,518,1303,2131,2018,1801,1639,1249,1139,731
316,126,1123,695,-195,-697,311,397,-1535,-589,-24,-331,-810,277,-298,-194,1658,1309,-1250,1110,-1073,183,-318,26,-1292,1062,-1502,-1108,797,-433,29,281,156,-796,430,-514,-1348,-740,-1203,155,-1071,88,465,283,1687,817,-1023,-107,-548,-703,502,133,-304,208,634,531,-179,1393,251,-963,607,-617,-176,-1593,-853,-1810,-1364,-1161,-1039,-1800,-130,-1872,-1066,-1408,-1300,969,-408,798,1881,1221,-960,-1082,-41,1674,798,-346,-495,-479,21,-522,-11,-607,-477,415,-1053,183,2098,345,85,559,-1115,-121,-409,-624,-909,-855,1204,595,-143,366,-1377,932,39,941,-103,136,-14,840,1260,1018,701,-423,284,1714,1859,1590,420,632,1329,993,848,1287,-212,134,2906,2508,-367,1162,286,1120,3127,443,723,165,623,829,862,1195,1162,777,361,-319,1278,2380,1380,2382,1388,2827,932,1311
317,126.4000000000000057,-1019,-536,-144,-643,84,-725,694,60,-404,-145,-282,-1368,539,-571,-1501,-272,-1054,283,-968,-1148,740,-23,-979,-39,-165,-653,232,-29,-486,-146,-245,-62,-578,-1503,-1330,-212,191,-417,238,-82,-105,-247,191,-472,-1079,424,36,92,778,-819,-181,-166,-1333,-274,250,-803,-832,-1191,-905,-133,-1256,-988,-720,-1265,-1073,-1503,-986,-1010,-2049,-1218,-1617,-1357,30,-16,-1212,-702,-294,-103,-948,-1584,-78,228,95,-413,122,374,299,-1406,-275,-833,172,-323,373,-323,1551,-22,-721,-822,266,-193,60,-801,-421,504,-988,-169,-904,-513,-1177,-377,-658,-265,-1051,-724,74,-253,1482,749,1974,-1086,406,1492,153,981,1273,2159,-370,2547,1047,1426,897,1412,1971,750,675,178,1693,896,1661,1620,674,218,2001,1730,1527,1138,2496,2282,185,1099,1359,56,1713,2536,2154,2252,1256,-32
318,126.8000000000000114,-1093,-1505,-574,765,-31,81,332,-156,-181,-414,-429,-105,-481,-225,-175,-472,230,590,-192,-466,-433,-2135,578,-1247,488,-856,-681,196,641,326,-811,-53,-649,-1627,62,-1162,-244,-998,-3,-565,-602,13,-74,-724,818,-280,-473,195,-16,5,-365,-775,-191,-384,-395,-215,-710,-288,356,-709,-846,-840,192,53,20,-742,-1462,-1253,-1021,-1152,-997,-304,-541,-1714,-852,407,-1702,-654,784,435,-742,1042,609,167,175,-47,-104,363,-673,-720,-877,600,-667,870,664,-562,-464,-1430,-369,-888,-862,-426,194,-31,-932,-763,254,-1522,-11,36,-261,113,-320,484,500,-179,1199,1390,320,2181,1261,885,471,203,1559,4007,1363,786,1150,390,241,538,139,2059,1825,1743,1140,960,2036,1791,-75,1491,1338,1589,1702,1565,863,520,2440,-412,615,594,315,1073,1045,504,1235,2981
319,127.2000000000000028,-1125,676,-1,-1015,-105,57,-1422,-391,-1321,-993,-1275,-291,-730,170,-549,579,953,-298,514,302,-1152,-634,25,-572,1069,80,-1002,4,-356,-908,-528,-403,-339,648,-143,-98,-711,423,-1067,-318,497,592,515,-1411,-181,-293,-918,307,1437,107,-235,-145,118,128,-13,-4,-693,-711,-1051,-1551,-1319,-437,-116,-1687,-2034,-1134,-907,-1533,-613,-951,-277,-753,640,417,743,-354,360,494,732,-613,-310,-4,-388,987,-5,566,-741,-1062,-489,-351,-812,697,-352,-246,-653,-304,559,-136,939,-2740,212,-1205,147,960,96,106,1150,-554,-534,259,-525,-856,446,-261,-46,-1466,62,424,-926,4193,11,549,41,1810,723,1666,1455,1111,1008,506,562,777,112,1342,182,1780,1596,1718,1219,1008,1476,1030,1002,1848,1537,305,2779,-1491,1735,1521,1770,2289,1500,2054,340,312,2019,1284
320,127.6000000000000085,-203,784,-845,-1008,-660,-1330,-313,-149,-870,-87,-552,120,-604,-366,8,-283,-566,-123,-1008,425,-760,162,31,393,-141,-1065,-226,-226,30,-538,-679,60,386,-28,247,-945,-812,1121,111,36,-339,-303,-306,-207,671,-346,-1585,-78,-1321,792,276,-352,-57,-360,-878,-236,-82,-214,-1066,-380,-693,-2060,-975,-860,-876,-1566,-1046,-1848,-844,-1774,-2183,-1830,-457,2,1865,367,116,-43,-1852,-120,32,2468,71,714,1269,-597,-841,-669,-1285,-751,-1385,75,153,-754,-428,131,-901,584,-947,-67,-878,-103,-1181,2176,1185,-765,-2128,-197,90,662,-615,162,46,195,-281,218,1159,751,880,-197,1080,965,2061,1034,691,2260,1777,1457,759,1166,983,685,-44,2022,1593,1521,1337,1785,2168,1951,714,623,507,1475,1088,1526,1792,-2786,1001,1552,-1017,1380,1836,1951,634,975,1770,2083
321,128,-1279,702,-1132,-1121,-210,299,-1065,-1457,436,502,-690,-908,-491,-127,-188,-655,-370,-136,-27,-513,298,22,277,-1205,9,-111,-44,66,1723,-1376,-299,-52,-198,-2032,-1169,-365,-870,-1014,-610,-245,188,-95,684,-368,-228,648,-459,735,693,785,688,128,-468,-510,-321,721,-400,-269,-1101,-1565,-1369,-1463,-2082,-1582,-1572,-968,-1765,-1433,-977,-1239,-2139,-664,-2069,-802,514,-11,-298,-436,-1602,-1393,-644,915,-183,-435,-456,-1019,-109,31,518,348,-787,44,-404,-218,1280,-685,533,-395,-107,-372,-336,1199,816,-381,-1071,-666,247,349,717,32,755,-1062,165,540,1210,628,1075,-556,1593,-189,620,221,742,-1363,693,448,1487,2662,1307,383,668,962,1834,673,861,1154,1334,-483,881,1419,527,1314,1296,1572,1919,1016,556,1653,-37,2874,2851,1019,1001,664,1935,2375,481,1529
322,128.4000000000000057,-2,-706,-1710,629,-446,-359,681,-406,-713,357,-526,-744,299,-283,-271,-152,-387,10,-694,-136,-509,53,-587,134,184,-895,-222,455,203,-339,-593,-940,-1727,-647,-700,34,285,-667,-249,-513,-720,-558,1646,-330,-1058,-59,-346,-92,351,-40,-393,731,853,321,-5,1459,-394,-890,-282,-584,138,-1208,-388,-709,-1189,-1468,-1957,-1411,-556,-586,-1052,-1244,-876,-269,-606,673,1022,248,-456,1001,-536,262,618,-397,-759,-146,588,288,-125,-540,-908,20,-707,-1376,897,-243,783,-2211,-102,-77,-1040,-803,-1142,603,726,-139,505,-475,116,286,198,117,567,-950,-872,-63,1313,157,580,68,305,300,-312,2073,1991,1015,132,486,831,1616,730,669,1479,2059,320,288,2133,1579,206,1618,-25,385,660,1751,1951,2218,2312,2136,2294,666,4938,1494,346,1088,1768,1337,1849,3124
323,128.8000000000000114,-530,586,-701,398,157,-67,543,1611,-884,-20,-1113,-191,-975,-965,-1625,-851,549,-378,1016,427,-1039,-1293,-304,-145,-484,-995,49,-485,112,-1381,-678,-143,-1546,-1502,-26,-854,-424,-433,25,-1014,-768,-676,-813,-860,-1210,-248,-729,91,1070,-450,695,657,-914,-118,-61,-480,131,905,-590,-591,-129,-827,-1044,-1556,-1115,-1833,-1640,-1238,-1623,-1344,-786,-1534,-2700,-798,954,337,-404,456,-1263,-178,1050,33,584,-713,591,387,-850,170,416,-26,-715,542,-62,577,-1858,1871,-392,-123,-606,2434,-39,-691,129,-176,-1620,-995,-995,-188,-741,88,535,833,-20,-170,1043,205,-48,1007,628,926,674,-716,-1244,-194,2440,670,1137,1305,252,1378,710,1107,2207,971,668,1864,1658,872,665,1692,2324,1006,1774,160,2679,806,1406,-572,786,35,2358,1549,999,1090,932,1424,1351,1305
324,129.2000000000000171,-1068,-938,-188,-201,11,-360,-230,-774,-234,98,-504,166,-75,-464,244,-407,-543,315,107,-58,605,-1022,-690,-954,-1357,-378,-1051,-448,-510,-728,-1343,-930,-87,1058,-565,-809,217,-484,-440,-1245,938,-365,607,540,612,462,-518,-900,992,-425,-953,-28,830,-458,79,679,300,-1578,-490,-795,-649,-711,-1930,-317,-1652,-1249,-1027,-1655,486,-900,-1072,-1714,-1489,-285,186,51,-848,-990,-692,-648,750,1450,351,-425,-514,-1160,-249,-1143,-92,-825,-96,-431,-878,557,-1640,-373,-1221,34,879,344,-69,-1469,-849,-354,-153,139,-10,-1723,1010,-111,717,-511,21,1115,-689,1571,896,117,1876,1333,2330,-20,815,646,3192,-139,981,1463,1268,683,612,1071,558,1260,-262,1565,1076,540,2636,667,954,1323,726,1412,1576,1789,611,2182,1849,1614,856,2776,2466,2764,2598,3801,1853,2063
325,129.5999999999999943,-1263,212,-1156,-450,400,-220,-1300,733,-123,195,-530,128,281,-474,-293,-465,-166,-1917,-846,194,-232,-530,-400,-1001,-512,376,-537,-101,297,-867,-1517,-806,-1749,-123,819,-200,-220,-229,1022,-288,541,1141,-15,-235,-210,235,-2031,-1092,1291,469,545,52,-348,235,185,360,-396,-253,-657,-783,-919,-1532,-892,-1424,-422,-121,-858,-797,-1311,-1397,-1247,-1633,-638,-632,-523,-151,249,585,115,-1149,16,1203,602,-39,263,-530,-216,25,-364,-206,-1509,-1915,1024,-158,270,-737,-776,-699,-380,-241,243,-470,6,-407,-445,-567,-61,-1008,-375,-279,490,-332,-258,109,133,180,728,719,-1074,709,1699,103,1058,851,446,1408,1393,463,2632,1110,1310,458,1356,1352,1974,2091,1463,208,3630,959,2375,800,2303,-324,1158,1468,2740,-816,-36,2402,848,1724,380,1788,324,755,993,2367
326,130,-516,-94,665,-391,82,-3,1824,-1477,-145,-1663,176,-302,-481,-538,-814,159,88,-615,2098,244,-100,-1020,-718,220,-274,431,-481,-95,1,-654,-429,829,143,14,-1258,-1473,-1371,-250,-150,-469,-1563,-2262,394,-829,987,-550,-477,989,886,-763,630,1060,-989,-1305,697,-733,-154,-157,-1244,-93,-1152,-2579,-746,-1739,-1079,-2335,-409,-1124,-892,-1415,-2082,-473,-848,-436,-934,255,960,695,892,-286,157,586,-487,-337,-937,1517,9,651,-570,-1140,75,740,-1131,855,515,-126,-1448,173,125,308,-32,245,711,262,-979,171,-1511,2119,341,-281,-807,-217,147,-451,-317,490,473,420,1370,280,-1634,245,2966,2039,952,2173,795,1791,1695,1767,1104,1742,225,940,3447,1081,637,1616,1923,706,1391,1334,2113,982,1196,1133,1568,1582,2530,224,2824,1266,147,3003,387,1417,1368,-479
327,130.4000000000000057,-611,-726,1103,573,-463,-544,-403,-109,511,-219,-41,-2288,403,794,81,-80,-260,-776,-783,-96,-1307,191,-561,-797,-570,320,57,-799,-614,-92,-612,-501,33,-1306,195,-570,-291,-65,383,-1291,35,-972,-700,439,-576,346,-670,1119,-200,446,-1051,-318,-19,277,-618,-12,-312,358,127,-1296,-691,-610,-1405,-1052,-2575,-1867,-1212,-1634,-1729,-1264,-1134,-614,-1194,132,1247,72,-10,1557,-391,-680,823,330,-1337,547,-207,505,-464,107,-22,292,-1020,46,-736,-1444,687,-959,-634,167,-2604,956,406,-246,-169,321,-505,-354,1318,523,-118,-537,-1011,668,-808,295,-80,1017,-162,1685,1917,434,1326,1637,983,-125,1677,961,1336,617,1871,1312,670,1658,-295,1058,2371,1790,-1080,3787,565,1682,1570,-524,293,2245,1290,-153,257,1402,-399,242,1493,1789,857,2838,415,1242,1131,2606
328,130.8000000000000114,704,-214,119,256,202,1297,-1110,815,154,-807,-565,608,-276,-1893,526,-728,-307,1081,-790,375,531,-352,-783,367,-973,-289,34,-20,-159,226,347,-808,-298,-68,277,-290,651,-1057,-343,-287,269,-815,-181,452,395,24,1149,-241,-936,-741,447,-176,280,-193,-450,-281,-51,-984,-462,-1268,111,-556,367,-1618,-1151,-1052,-1604,-679,-1623,-2016,-403,-87,-93,-2379,-657,-63,814,6,208,-1140,-363,248,1048,-511,477,-317,-1091,1373,-924,162,-565,-279,360,-238,-273,1697,-244,-226,-1343,15,-1108,220,-850,970,-964,53,-640,-1705,1000,-529,-1169,-556,23,460,485,-36,569,496,465,-655,585,1512,-595,62,1138,323,1185,1305,143,604,2188,557,539,681,417,2053,1174,1557,1304,1318,1833,1387,1420,1606,1253,1873,700,2047,-669,2091,1195,1487,3435,2239,722,1304,1556,1676
329,131.2000000000000171,-1065,-709,-341,-1144,-156,298,-502,-339,1316,682,341,982,-1305,-546,-195,-58,-662,-257,933,-1516,-320,276,-1608,-1082,-696,-425,299,776,-232,-1252,-1593,-1048,-270,-67,-395,-844,69,-335,-205,286,809,1451,-330,-1131,-1206,96,1448,-419,439,634,-1183,-1190,-909,332,-267,977,-70,-652,-274,230,-1319,-821,-1433,-1136,-1273,-1875,-1039,-82,-502,-1587,-1365,-1860,-1118,843,1368,-913,-446,1191,-2023,348,1533,1205,-716,478,-879,-219,-269,-581,-321,-456,107,-35,-41,617,-348,-833,-355,-214,234,-605,-80,-117,-398,848,1329,595,849,1631,72,-1042,60,-715,9,999,632,-118,1226,337,419,-357,415,1356,3010,-1229,1200,1276,-320,-45,1907,-115,275,1785,493,-81,957,1097,1036,1254,477,1765,594,1068,1769,2324,155,472,1180,1156,794,1688,924,2920,838,1109,85,2535,2272,1867
330,131.5999999999999943,-321,-232,-263,-691,283,-509,-772,104,-517,-1248,-716,-133,622,-496,1445,-616,-252,-461,-298,-426,-251,-847,-2849,-145,-888,-675,-901,-638,4,-748,240,-582,-1062,-918,40,-187,-316,-629,-741,-697,-697,441,-183,820,-156,-461,-1209,30,-853,-578,367,-47,336,194,1124,167,-264,-863,-1147,-118,-1100,-671,-3177,-798,-337,-1768,-1863,-1571,-1831,-103,-451,-1128,-925,976,27,-727,-156,-962,-446,-978,294,-600,943,-122,-410,-578,760,632,-351,-1484,-2258,-136,69,-172,-240,-122,-399,-296,-451,-848,-838,-1244,-405,1968,1464,-735,328,1317,72,316,-226,335,211,539,48,800,-91,815,561,1531,-71,236,-1071,1006,1101,1600,1550,1562,1122,1532,1500,1111,2191,1166,81,745,1840,111,-151,685,1092,1068,331,1152,2515,1733,2166,328,2333,-356,2144,2452,2350,1462,1306,1195,841,-238
331,132,-1128,-982,-1244,223,-924,-184,228,528,-155,788,-441,823,-917,-248,-354,-494,-1902,-316,-168,-414,-815,56,217,175,-114,327,-41,76,-475,-356,-491,-1040,-521,-619,-1481,74,-1830,-422,37,-110,-983,-435,-21,853,-1518,1288,-1198,-667,648,-374,-187,187,-825,669,-533,-438,328,-129,-208,-1345,407,-937,-868,-1007,-1244,-1549,-849,-197,-1370,-1184,-2018,-1532,-1600,-484,-111,-441,1096,121,-1116,663,306,2010,714,-119,173,-1192,-982,-171,105,-349,125,882,-691,-22,-1345,1180,138,40,487,-76,635,-142,854,-416,436,259,530,-234,-803,-694,-642,196,141,1162,-361,-1091,1509,1068,-173,-179,1177,123,1499,690,1377,1506,-19,-36,1106,489,1394,1517,1899,1355,-360,673,1301,827,2153,688,-51,960,1781,1845,2730,664,2721,946,1166,1314,1183,2985,2332,671,1882,3978,1510,5059
332,132.4000000000000057,-495,-944,519,-1150,-836,-463,-1332,-3,-890,495,-2081,-407,-625,-585,-891,-881,-1930,575,616,642,137,173,-116,-538,-1066,456,336,287,-895,278,-1119,-38,349,-71,58,-1533,55,-731,929,-355,290,736,276,-12,277,-342,-157,-699,1372,-203,-45,-142,-918,643,-246,121,-196,552,-1185,-2374,-1730,33,-261,-1781,-1159,-1200,-1443,-1125,-1044,-1101,-2191,-1399,101,-1321,364,-738,479,586,-299,1558,892,-354,-627,-650,88,38,-972,-435,464,605,908,147,-918,-124,-503,-2271,250,-89,1381,126,-1726,-1003,-785,813,-857,124,-682,601,-41,309,-322,-98,-841,647,566,-138,1547,-751,1344,226,1053,607,2542,2003,279,1639,-682,528,1920,946,590,894,1073,114,950,849,307,119,243,1499,1617,629,-256,165,687,2742,863,1853,1416,154,1624,1459,2562,3151,1264,-216,2012,2208
333,132.8000000000000114,1304,-251,206,-1841,515,-751,-913,-1176,-378,305,-592,-612,-1014,-68,350,-1011,-1581,-326,-730,759,392,-556,-396,239,-464,56,-575,696,-567,1275,893,-443,-97,1210,-308,-96,-62,-439,-1350,-690,78,-1030,772,628,-273,-703,-1220,1365,-970,-186,334,341,-596,655,-453,-107,-733,-1093,367,-536,-97,80,-935,-1440,-729,-655,-1919,-1140,-986,-1716,-607,-2050,-974,686,858,570,-1420,-426,-1190,-536,-189,-904,-1013,415,-33,-654,-515,-1154,-351,-973,-313,-314,-728,-1804,-205,-2008,-543,-219,-1271,208,30,925,-344,807,-263,-160,-1704,-729,656,-320,1132,412,-852,797,845,1026,384,3478,1823,60,120,757,891,689,1220,2210,765,1822,1329,676,1141,1020,357,1437,167,1035,686,859,639,1114,1246,960,1324,175,318,1041,2526,1795,-361,943,1239,1202,2749,4346,1704,3444,1805,-692
334,133.2000000000000171,822,-32,-68,-323,-1143,1482,-52,-1475,-215,-405,-544,659,-434,-783,-90,-858,69,-356,225,270,-417,293,-837,202,-50,-391,-823,-1207,855,-168,340,857,-787,-40,-1970,390,-173,145,-585,-867,404,980,2,636,943,-594,905,-332,1437,107,-862,554,143,1393,-508,-268,-271,-1600,-2267,-798,-1658,-988,-290,-200,-836,-892,-1431,-1188,-1144,129,-1316,-1714,577,-683,-2965,287,-146,-91,277,-270,48,-581,117,296,-655,-2193,-419,-25,-569,-1153,-710,59,96,-1347,-625,-418,127,-191,-176,130,-563,584,-489,56,-582,-1053,-182,-558,-633,650,-372,-65,-888,23,925,206,-20,1388,1546,-7,835,823,322,1237,-304,656,348,1199,1863,-317,1569,1810,786,5,2248,721,2228,1420,1311,969,962,-494,1600,1696,692,456,1364,1898,719,122,-1047,497,1438,3559,42,-204,2173,2285
335,133.5999999999999943,145,-925,-1042,-2337,-1456,-1187,-1899,-1909,-981,-305,-2074,-1412,146,846,575,193,-533,-907,-237,-1395,-116,-699,-737,-55,-1121,-807,176,105,-1008,-261,-618,449,-410,-156,-468,-926,-1235,-369,-690,709,-42,-1108,353,-195,1026,-607,912,1466,194,-783,-433,-289,-61,-779,-806,1769,-748,-2,-394,-1520,-2238,-1552,-724,-253,-1351,-1750,-1421,-234,-1507,-773,-509,-747,-290,-299,308,-1487,1331,-434,-631,-1186,528,0,-373,145,312,-147,-549,-686,484,212,-349,565,875,717,-1740,584,-247,-284,-317,36,395,394,-131,-609,-593,727,105,413,932,1084,-111,-682,309,-377,1350,1459,419,132,372,999,376,-559,398,-1337,-1356,1667,-268,2094,1189,134,259,800,952,1892,1733,2299,1632,2777,702,778,-283,253,-276,174,956,485,551,846,1839,1824,1322,-446,623,870,241,1050,412,1550
336,134,532,-705,514,624,-229,-1,627,-836,-1040,-628,-305,-1415,-1037,139,-1060,-1042,-64,-369,-897,-1422,705,-1224,-1508,-214,207,490,-48,18,-1059,-500,-464,378,318,-429,-280,-808,-713,-194,112,-194,-627,-24,-547,-307,-68,-491,-1749,-1053,-812,253,-384,-475,-89,-401,584,-858,-1584,-80,-643,176,-78,-207,656,-12,-862,-1581,-1386,-1476,-1476,-116,-1118,-867,-936,-123,21,2332,-942,-97,-804,347,347,711,-183,-119,-694,-204,811,-182,575,42,-1017,-325,201,548,72,1189,-621,-169,221,-356,167,-319,537,198,-1072,-54,1091,-450,-471,-645,19,641,283,27,-361,58,1173,1171,630,-12,852,-1694,465,-1268,2174,-772,522,909,1361,985,1862,187,2206,739,1942,2000,2374,1458,2124,1038,794,480,2096,1515,2240,1409,-524,2195,1574,1811,54,798,2755,1503,1899,1158,1900,1286
337,134.4000000000000057,608,-103,32,-881,-60,-871,-752,323,-444,326,-1018,-334,271,88,-124,236,-838,-1017,-960,-2196,-130,-703,19,-265,407,-803,245,-1294,-43,775,-1185,-1541,-327,1395,-432,-888,320,-2190,979,-729,14,409,674,294,676,328,-201,-458,-181,625,-332,-843,61,-507,28,-1379,-1244,-50,-1333,-1235,-338,-2127,-151,-1532,-568,-1039,-790,-951,-986,-278,-485,-299,-1613,-1835,1967,-695,-2036,211,184,295,-371,714,496,-763,-556,217,-205,-559,118,367,408,-1341,964,-1406,-884,-1134,-242,-199,-1324,290,903,-475,-1932,440,317,-125,-1008,-351,-254,317,47,-443,-855,59,476,-802,537,920,980,572,782,-478,486,-97,2299,1579,1720,1047,-476,1094,792,1507,716,901,615,1330,3283,716,660,1468,516,1379,595,535,607,2642,-369,1549,1306,1231,1022,3379,1778,1091,2329,2646,1015,660
338,134.8000000000000114,-2337,-95,-1724,-1254,-169,327,-744,1040,-300,-681,-1183,-855,-934,-355,-207,-443,80,-2158,-527,1129,-830,695,642,-518,226,-406,-1411,-42,-629,-131,807,-500,-970,-992,-1038,303,-805,-1173,-299,-714,767,-1169,-863,-1035,345,510,-700,-440,-720,75,799,-410,-1224,151,-956,-1760,-249,-736,-306,544,-238,-1423,-148,-840,-2173,-1090,-633,-879,-1470,-295,-786,-690,-295,-1067,-46,-511,-127,-538,-92,-205,-217,1400,41,-386,-268,83,-219,269,-87,584,-346,1112,-1177,203,-686,1092,-653,94,-1374,-1237,1189,-1239,596,-395,1161,1007,898,779,-200,-842,-1424,-430,734,-549,550,341,771,1387,1513,177,-619,135,429,1372,629,2588,863,1271,987,2027,1230,2799,797,776,1391,1370,1254,461,568,712,898,215,815,639,1496,495,611,848,2455,1679,1373,1068,2420,1144,2208,1543,-32,1875
339,135.2000000000000171,243,-1603,892,-223,-746,1394,171,-1018,-367,-767,-730,-365,25,137,-857,79,621,-853,-859,-827,614,1727,-1112,273,249,-275,87,80,-537,392,-1258,-1001,-900,419,-700,-116,-781,24,-418,-227,-798,-192,263,-897,785,-35,-263,-1180,-495,-524,465,24,-1947,-317,-316,460,227,513,482,-21,433,-936,-1937,-555,-1276,-1078,-1557,-153,-1124,-845,-531,-1111,-1474,-882,1515,404,1075,86,-201,-243,537,23,-670,-355,-961,-1052,165,-636,-1182,45,-649,-603,839,-958,-1489,-517,-242,-53,-414,-140,930,-514,-1487,-206,-226,311,-1301,52,342,217,-217,-130,-78,271,374,144,1296,922,13,1615,82,901,314,1230,777,633,87,1701,2217,-210,-438,955,1310,1944,555,1090,1665,-71,405,682,856,683,977,-179,-407,725,2215,1722,852,161,1204,2437,2146,1027,1784,323,3433,2852
340,135.5999999999999943,-1063,-325,157,-418,191,-1450,208,-444,-696,152,-570,-254,-190,-1285,-422,-711,-528,-564,-518,-224,-1779,713,-194,-110,-467,477,-1250,-231,-159,-421,-373,-405,-348,-491,-850,-1185,-1158,-506,251,17,539,102,460,-509,-34,-90,-2175,246,352,289,456,1216,-214,516,98,-198,-916,107,-656,-575,-763,-395,-1239,-754,-1262,-485,-443,-958,-1288,215,-367,398,-668,-90,-1507,-1853,-1709,1292,-2408,-1840,892,608,395,-134,-315,-415,-1031,261,-351,-1262,-218,274,-158,-25,369,-87,-856,-171,-543,-319,-1804,653,159,157,-1011,579,-441,-211,-546,-1059,-212,-397,486,626,210,29,-475,339,-227,609,795,-1058,461,355,24,98,477,718,1287,654,732,1714,-934,1041,1336,2832,1934,1265,2530,2597,1474,131,193,964,1290,1150,1040,51,-349,1268,1230,1661,1574,-363,2409,699,2000,557
341,136,-238,-546,-107,-944,-908,530,-765,-425,102,-143,510,-2043,-1660,-626,-104,250,-66,-857,-5,-190,-404,1369,-214,-55,-611,74,259,3,586,-1984,-304,-69,1178,-755,55,-305,-581,191,-229,-351,771,-93,1270,-1267,-247,-264,-1431,561,-309,-551,278,677,-1081,-106,-581,769,-450,23,590,-520,-226,-991,-1002,-1477,180,-1798,-1656,-1295,-1195,556,-710,-958,-880,53,-1,-490,-322,-229,1267,-494,-314,64,-249,-431,-741,-1067,-156,-1008,-578,-638,583,100,-502,-41,-419,288,-199,-592,-1307,-34,-162,-844,849,240,243,-271,-462,-190,780,959,-421,-748,143,-1169,1683,-354,430,325,430,2383,-502,423,2011,145,593,1139,1843,1746,515,1178,550,308,443,1098,1705,1760,318,1190,-467,1410,2073,884,1150,275,1284,2001,2284,883,1042,2569,1136,1964,-683,2249,3586,978,1452,2543
342,136.4000000000000057,-1498,-124,-279,-814,-322,-105,-1243,-886,-330,-763,-452,516,-252,1039,-798,-269,74,382,-1027,-263,-209,743,-331,-102,-351,-728,-328,174,168,870,-498,375,-813,-106,-1950,-185,865,-546,134,-733,-606,1140,-926,479,24,-706,-335,151,-747,-339,136,343,-80,-691,384,-444,44,-679,-1153,-1063,-569,-844,-1567,-813,233,-1162,-2206,-1521,-1039,-612,-1761,-770,-1275,-600,-768,-578,432,876,-934,111,1058,328,298,656,321,90,129,-838,-499,-500,-486,-949,-1234,-731,265,-318,-296,-82,409,524,-935,458,-931,-682,693,-425,1611,810,790,-649,555,-1545,-683,-69,-859,1179,1088,2234,-518,-1479,35,740,1941,737,1739,1330,-778,855,2551,300,1256,1313,1445,1247,1573,988,2319,1898,1859,629,532,75,397,1332,1269,1478,1292,1556,2276,97,1484,2139,831,1610,1435,2577,2188,2464
343,136.8000000000000114,-217,-538,-2023,-753,-774,890,423,-492,-360,112,-771,634,-785,-599,-201,-1028,-661,-738,-585,-159,-1665,-597,-1085,699,567,537,-141,223,-549,-835,317,-200,-869,-317,-1696,1,33,-52,-370,465,-299,444,-578,-1794,919,-1080,132,-458,-468,846,-955,-751,171,-283,-437,119,-274,-275,180,-706,-2716,-1300,-2408,-2244,-2005,-1063,-1276,-1129,-1226,-1366,-1240,-1471,-785,-579,-981,-961,-614,-156,551,-419,696,-1257,-271,191,-735,-215,109,-289,-334,-994,-1885,-978,262,553,-722,-261,-198,-95,-83,-155,-310,-91,-524,-397,-818,224,-223,747,-859,87,160,289,366,309,651,98,-84,1123,732,-496,1376,910,395,1149,-233,1818,2370,1313,1512,-98,1208,637,1869,1602,754,1299,2185,1914,1385,1128,63,341,434,-713,682,99,1790,1281,868,390,539,2261,307,2069,915,2125,328,-415
344,137.2000000000000171,186,-181,388,-384,-148,-519,-568,-1864,-943,-342,599,-249,-1588,-527,-1654,-892,-29,-290,-1654,-1656,-1374,-803,-579,1039,-573,-1408,-286,-187,350,-415,-739,-1169,-1619,-568,-175,-386,-872,-218,-627,-382,-432,1238,-1044,-1830,601,-273,1249,-1166,-1246,597,-826,-605,435,1025,720,567,-70,372,-376,-1049,459,-859,-383,-1697,-1243,-1089,-1476,-1239,-1534,-1464,-255,-645,-1266,-176,-2106,-913,-306,330,-479,-1865,-131,1237,606,-492,-1604,89,-797,-231,-499,-724,-908,-589,-806,-867,-668,-436,42,1087,167,-541,373,214,800,475,-868,-1828,645,-156,-660,-400,-285,-1568,199,465,776,1010,963,-629,-405,933,187,658,2212,2855,1354,339,1307,1379,1293,366,-32,1712,1326,1650,713,1669,2142,1669,350,1460,-47,2269,875,2210,1245,-703,1710,1480,85,505,1211,1443,2040,1663,1249,1521,1492,617
345,137.5999999999999943,183,-948,-390,-706,977,3,230,-308,-654,-465,155,-108,997,-940,-1412,-583,-564,505,-814,-815,-684,-620,270,-994,-228,159,-1228,-456,-284,-593,-504,37,-229,-1253,-1078,349,-85,10,375,-177,-1332,-840,349,608,-211,339,736,4,450,164,130,359,-232,-506,-4,54,-1053,-794,-237,-1131,-965,-1885,-7,-458,-1661,-677,-1019,-1041,-946,-981,-1185,-225,-787,-739,1241,-555,-1389,2285,468,191,347,-325,16,-22,558,332,-472,-187,-4,-110,-2164,-152,104,-805,-57,-822,301,-194,-4066,-345,230,-1144,-1281,63,1478,-579,-209,-67,256,158,216,856,215,-487,-282,845,832,1685,11,625,1390,412,160,621,699,522,-952,-420,1386,1711,1432,2425,1939,621,722,2133,627,554,2851,131,243,321,1930,1969,156,1257,1072,1343,764,2051,1151,1335,926,1789,572,1454,1002,1836
346,138,-738,-1359,-589,-877,-887,-1559,-241,941,9,272,-349,564,183,-1842,-375,-111,604,-873,914,242,218,-1894,-690,-329,593,-520,926,-925,-648,-652,-332,954,-1022,249,29,-661,-379,-1171,-830,232,-538,14,431,37,507,-2019,-1360,-319,416,-99,-15,-200,-13,236,-1232,-343,-585,-748,110,22,66,255,-831,-2154,-1286,-1265,-1610,-831,-374,-1582,-418,-588,-1352,-367,232,-86,-430,243,399,-728,270,363,1014,16,574,-519,-36,-479,193,852,1002,-1167,-25,434,-2646,-118,-81,-694,-1809,-1713,-73,300,-1685,-470,306,225,-785,422,1537,590,-311,-208,-452,-19,-379,165,-1129,1000,1846,200,1016,163,-546,-1434,2292,73,-478,627,2037,1535,-852,1821,622,1406,721,1042,929,950,3113,1221,842,502,1127,3753,616,3085,-307,95,-595,27,1421,857,1768,2876,3888,1913,905,-964
347,138.4000000000000057,-52,236,316,-281,-211,-974,-965,33,778,122,-846,-157,-1501,-1081,-564,590,-754,-925,340,202,-808,709,407,-259,-1227,-543,-470,-687,261,-948,-151,-607,-501,-806,-111,42,298,-610,-450,66,-285,121,-725,-277,335,-736,613,-115,-820,316,376,974,413,513,-1015,201,562,-1696,-134,-1452,-149,-1080,-1692,-758,-398,-1124,-1755,-498,-1149,-1220,-2285,-2078,-1099,-627,121,-1431,-1225,210,-1491,-211,-9,-719,-823,324,-640,-498,21,-1054,-456,234,-535,-478,145,-258,-300,-622,53,-358,1226,-977,-325,-1223,1863,-593,369,-518,449,1752,905,-1246,306,-11,-496,-425,-213,763,860,909,579,-247,-671,1118,2185,633,-1067,1273,536,2386,-852,1103,824,1056,678,81,66,1349,2832,-216,1225,1760,1439,1305,1134,1407,2523,914,457,30,1227,-616,810,2044,1024,2748,2240,567,757,1348
348,138.8000000000000114,-929,-745,-1947,-1017,-571,315,-1998,-120,-925,-431,81,-1364,-531,1502,-666,-1714,-591,-1331,-203,435,-1273,-1557,524,-349,-1164,-205,31,1130,-471,-977,3,122,-405,-1910,-916,482,-453,-416,-1648,-1145,18,-148,-188,-977,120,-757,146,684,287,-572,917,537,75,-385,286,119,-133,-889,-1062,-1416,-806,-186,-894,-582,-1638,-1514,-2040,-1103,-1924,-1018,-1969,-1776,-1521,-1467,-70,-1456,38,-1945,131,808,1181,-291,295,-1156,-251,-473,456,478,710,271,-594,371,-1591,-949,-380,-891,-197,-747,-1649,-368,155,-1730,236,255,-718,72,1295,-1002,-537,-92,-49,357,136,-328,-516,1566,1277,715,936,1223,1191,1504,236,-545,564,-29,948,168,81,859,854,450,1424,1448,1149,1299,1801,-42,2255,1272,97,-282,969,638,1026,867,2750,1979,494,2409,2543,1166,270,1552,1832,507,2965,1710
349,139.2000000000000171,-371,-661,1110,389,-493,-303,-1222,-806,-129,-949,209,-951,449,-74,-708,-252,-631,108,-364,-469,-1274,-238,357,-444,-207,-549,597,-234,-712,406,-1023,-1098,-1164,-312,-1222,-575,307,-683,-703,759,-356,-610,-796,-317,-931,-38,2842,569,799,485,306,-943,-284,-241,-103,155,-137,77,-668,-1664,193,-763,-299,-1474,-775,-1163,-719,-1222,-1400,-217,-1430,-755,-112,-1015,-174,1154,444,1004,-425,537,201,-464,-1029,-300,-154,183,-101,36,-866,75,216,-48,-1036,1436,-189,704,135,-346,-876,-397,-1553,-799,-88,-1030,-1226,-575,-1738,168,-757,85,-225,-693,-442,-437,772,548,-565,931,1287,1729,-1326,2162,1208,555,2061,505,979,317,1479,777,1394,2139,1348,828,11,762,1177,588,-355,1365,1250,1107,986,374,-1367,1516,3638,1752,1348,2157,602,3635,1728,974,502,2129,848,1438
350,139.5999999999999943,-422,-1412,144,-1123,23,892,-826,130,-163,-172,-929,-870,-137,-1540,148,1090,-912,150,-1569,525,-363,275,-750,-354,-662,164,-1001,-768,-604,-239,-1187,-505,-511,779,-1254,-1108,493,228,-1220,-895,-148,-2463,109,-1036,-455,-113,-1470,-3,-754,-1198,-50,-770,20,-513,-178,1230,130,-24,-1206,-928,-1214,-1589,649,-431,-1038,-572,-1452,-1259,-1536,-1450,199,-2760,-369,-634,-1153,-957,3,-1261,523,597,-646,233,-653,1117,42,-73,57,-10,323,-661,-554,-29,-778,380,-1396,-1636,446,-1499,-428,714,1172,929,-138,183,-1536,780,-1278,979,-116,-664,-350,-10,-785,-61,-260,-306,337,461,1004,-444,1048,927,1885,1534,1261,913,1211,-825,1516,644,-166,1243,227,1823,472,649,-419,1913,1097,1196,891,1157,-1300,287,2455,164,14,1533,2556,-429,287,3273,2086,1808,1554,1753,2258,1085
351,140,-676,-636,-41,-885,161,-390,493,154,-598,-1734,-587,283,-642,-1207,138,-317,623,-725,-491,-443,221,382,676,-444,-463,-519,-1784,144,-236,-347,-447,-1086,-430,-470,-131,-361,-602,-416,-267,-525,-691,24,1400,-146,-610,515,-394,-314,109,482,-280,535,178,-461,-538,226,-194,174,-425,170,-1188,-1386,-1996,-2080,-823,-1019,-2626,-1566,-571,-1044,-995,-1350,-522,-1554,-823,507,-919,506,-1455,860,-409,-174,294,510,-976,-142,-100,-470,-70,-198,-886,-184,285,506,-320,685,-391,239,-1226,-341,-1791,663,-240,547,-938,-1050,281,-1015,-508,-908,-69,-25,-186,458,-224,1057,-133,-1474,212,1862,-492,1222,401,1332,51,1145,751,634,615,626,651,568,1129,2185,594,1432,482,2053,2454,1536,1150,561,1905,719,638,-167,1896,1410,873,4125,2294,1523,1082,703,1620,2594,1639,1542
352,140.4000000000000057,-646,721,-133,-433,-1045,-513,-52,-1203,-825,661,-86,-230,-2235,-866,341,-166,-667,-2410,-811,-672,-698,-128,-557,-170,-858,-204,-981,-417,-678,-1122,1057,-73,20,-1595,-1388,-1076,-333,-441,638,1022,451,117,425,-363,-1307,-146,-1480,-403,-318,-1182,-600,968,-1280,-30,302,-475,-148,68,-339,1650,-1142,-190,-1366,-1294,-1103,-1578,-338,-1683,-656,-2058,-2171,-746,-1192,-409,1372,121,209,-1055,336,-1659,-90,-262,498,313,-528,-902,-795,-774,-333,-189,-681,-46,1243,-154,429,329,836,-5,-737,-432,280,21,-190,633,-402,308,-235,490,-751,-500,534,-744,-507,694,-189,-322,917,883,-746,1221,1021,-600,106,2044,54,1117,1397,1678,1060,1264,684,1685,599,359,635,1932,2168,1315,1885,1654,93,1707,670,629,73,1158,1332,1069,2194,1301,1420,1094,1355,1672,288,615,601,1045
353,140.8000000000000114,-709,93,-76,419,-380,-168,-1074,-27,1297,-779,310,-128,378,12,-47,-1482,-563,-450,-375,-184,-318,-504,-48,-1060,-773,-771,588,-442,-433,17,-700,-879,-492,-526,-1532,-78,-120,-746,-183,-1096,89,-1917,-1570,178,769,323,-385,-310,958,116,1180,-445,-566,-521,327,-834,-1242,-1026,716,-525,-290,18,-2324,-760,-1134,-1310,-244,-907,-785,-1520,-1803,-317,-1093,1951,-427,-1961,-738,-508,-253,405,637,174,1007,-576,150,87,-1162,-1580,-545,106,-405,-114,-1041,-192,-1472,-485,9,-798,-185,879,-1481,-705,-136,656,372,-372,2349,-641,31,292,106,1529,-54,-17,-394,65,-63,152,-557,1760,1350,1504,172,650,1181,824,1289,-457,52,688,620,682,970,1145,-397,1304,1141,957,-212,1123,628,493,1281,-968,314,607,413,1808,-610,-37,1376,469,1416,171,-337,1430,975,1478
354,141.2000000000000171,-425,-715,1120,-123,432,-1178,-297,-244,-27,520,82,-202,-76,-553,-64,-448,-175,216,-320,-1335,-314,-337,-1005,-410,-1058,-233,-171,1249,-494,-634,-199,324,-127,-562,-1013,462,-528,-1066,249,-456,-767,-1133,278,-576,-800,-309,351,861,411,588,-430,213,-550,-1450,-767,-157,758,218,-1807,789,-849,-1313,-1882,-178,-798,-472,-2341,-1346,-262,-627,-1193,-2290,-695,-214,-432,-895,-297,127,-601,1056,267,571,-1204,-1039,11,-279,-312,423,-74,-514,-948,1022,218,275,-284,268,279,145,-1522,-877,-217,-554,-913,-211,837,-2139,-194,351,784,-738,-651,-753,1631,163,-272,-6,428,392,-1441,1769,480,-341,1003,726,1478,874,1248,1399,1128,1862,1636,1182,873,751,-258,1300,2192,816,1098,1615,336,1367,899,1745,1313,-888,-251,-205,-256,237,317,820,192,981,724,-1180,502,1176
355,141.5999999999999943,-676,409,696,-732,-343,400,-963,-1285,-610,-439,-454,414,-578,1030,-434,262,-1567,271,-709,-1152,560,-139,-720,-915,-32,50,616,-1190,405,229,-12,-75,-555,36,-940,-549,-702,-249,174,-1082,67,86,-77,136,-728,-766,-101,353,865,-277,-200,79,654,1111,263,190,-442,444,-530,-238,-254,-642,-1211,-2000,-1726,-802,-2240,-1224,-1278,-833,-891,-289,-808,-259,679,1669,-67,223,-1506,-644,586,-583,769,-244,147,-1121,-1390,124,140,-1342,405,-859,-521,-865,-1010,314,-73,134,-931,847,-1872,-1885,-223,-623,1656,-100,564,1206,-905,138,185,-442,154,-146,413,649,849,1169,1753,-276,152,274,244,2739,364,1522,1621,1755,1206,1211,-257,761,339,827,-299,957,1829,3071,1444,1663,1794,1086,908,619,1682,-920,2087,-356,-1192,1358,889,1847,1094,1226,-1061,1538,175,1220
356,142,-46,-454,18,829,359,221,1374,-1058,-557,645,-843,-1044,-606,-162,-894,-628,-1180,-811,-923,1748,-1125,-88,-465,-53,-400,-740,184,1856,-210,-401,-602,-404,-600,-1626,-1059,-185,-1522,-192,-793,-516,91,-626,15,-123,846,-69,412,-32,90,136,-958,-259,-298,-949,33,65,-269,-1642,-2371,-1058,-245,-1365,-1692,-1530,-605,-1363,-603,-1221,-339,-1589,-872,-1473,-1904,722,702,-804,270,200,-2935,469,-1269,296,-301,-158,-628,-395,-67,-171,415,-648,-211,-783,272,463,-67,374,-880,37,608,-402,286,-1842,1496,-344,268,-717,-1030,-11,-366,595,-599,1084,-382,-1765,1019,609,545,1088,1508,1027,541,405,-168,-1159,-668,-77,1084,1822,1415,974,-272,1035,2024,1309,2273,1140,1431,863,1222,931,-54,502,864,1254,-237,-117,-106,-1013,619,-254,1696,1351,1332,1732,1261,10,280,1039
357,142.4000000000000057,-174,-431,-1122,-643,-153,-1490,146,131,-477,-1566,831,-316,-898,-787,887,-400,-1145,-227,1419,-363,-561,-886,-870,-337,91,-165,-470,-563,-745,-391,472,267,1404,738,-767,-18,-945,-495,303,-48,548,-36,-101,508,-847,-1457,-488,434,248,-863,-967,8,-910,242,91,-208,-810,-1215,-108,-1244,-1259,-888,-603,-2017,-2400,-807,-1878,-1382,-1550,-1202,-1574,-1569,-832,775,-563,-907,-211,856,-1095,-706,-1025,-655,-957,-833,-295,158,230,-800,-65,-735,756,-262,256,-503,-1580,-1214,184,-512,14,316,-130,-291,-881,267,393,1094,41,-293,-1180,369,-1039,-431,389,595,420,133,75,-509,140,2388,242,1032,1282,2093,1114,1138,988,1373,393,1028,1341,1579,352,1351,1693,1564,-85,249,1132,-16,1179,1834,24,2038,-45,191,1994,2048,66,1407,1481,1340,1407,-97,2750,1363,473,582
358,142.8000000000000114,-777,-1508,1046,793,-1006,-859,-185,200,1144,27,-486,81,393,-399,-431,1456,259,147,-1252,-686,-901,-59,-182,-170,-26,456,-561,-1222,-1003,-628,77,-522,-1186,439,483,-107,70,55,299,99,-1048,-334,343,339,-755,704,-6,89,-408,1006,-782,754,-1069,-412,-972,205,623,-76,-205,-983,-1089,-548,-397,715,-1292,-615,-1436,-606,-1546,-476,-1074,-1092,-429,-841,66,-549,-192,718,-1436,-289,1233,-1285,61,93,-351,-170,-211,208,-471,-183,214,-907,-306,398,-988,-8,-368,-304,-307,-991,-791,-753,1081,-558,-76,1177,1335,-1660,-879,2056,-18,392,30,774,1162,1513,349,1345,-673,897,-43,847,-34,780,949,1216,1396,852,1089,1138,1517,702,633,849,1302,1221,387,1766,1902,1023,1262,478,340,2177,908,1182,331,3336,2283,36,944,1500,1959,1838,2273,2801,3053,468
359,143.2000000000000171,266,-222,607,11,43,519,-1190,344,-1043,501,-923,-13,-919,220,-925,-894,-1030,253,126,657,872,-239,-1189,-851,251,260,-1482,-585,-399,-181,-79,-1687,574,-552,-469,65,176,-1495,-704,292,-519,-1603,-236,-234,608,1275,-872,-602,-1817,309,-497,-763,-578,7,-253,2300,299,-494,-1089,93,-1639,-927,-896,-1611,-1172,-1437,-1626,-1081,-715,-1825,-1638,-1944,-2126,-701,-837,-400,-1569,1750,-55,349,1005,320,-966,989,157,561,-128,-1053,-483,212,195,-209,-68,107,446,-456,-675,-1165,-1883,63,49,-283,583,-816,-148,-114,407,-268,-25,-228,74,-90,76,1297,133,-1081,-3,983,2373,1257,881,982,998,2468,1001,1778,754,225,351,435,1088,1265,1239,1679,1507,1150,1197,2572,1502,447,783,1331,926,48,1952,1525,2555,80,1785,3919,1404,1470,1709,1041,3191,2037,1977,2370
360,143.5999999999999943,-768,-87,232,1000,-640,-211,-375,-873,127,-738,432,-209,63,-323,419,20,675,-1692,-566,-1104,-1063,-84,-96,-181,148,864,-986,336,240,-261,295,561,576,-1003,-328,-650,-226,178,-261,50,214,117,449,200,-175,266,102,-791,782,253,-764,-735,-214,1363,406,-179,248,-589,666,-9,554,234,-1450,-1112,-2236,-1345,-1470,-1211,-379,-1358,-1174,-393,-2039,1674,-632,-7,-835,-1303,-955,-263,-344,28,225,-668,105,-499,-606,47,-549,-598,1577,134,-1044,-551,-235,-717,274,-652,884,825,-1096,-825,-481,-30,473,-346,364,287,423,-352,482,-1352,-564,926,-329,-911,1112,287,1036,-579,359,864,834,727,379,551,1230,-243,157,732,982,1375,1012,1433,815,1800,1201,1879,1786,1273,801,98,1422,1340,356,-250,655,2396,1210,1865,1147,1862,598,996,-1081,3598,1585,1084
361,144,241,-2029,-841,-256,-1161,-942,-488,15,-345,-1381,-1864,6,386,230,-793,791,-149,-556,-557,-35,-464,-810,-388,-617,67,-86,-341,48,-677,-375,-28,212,-1025,286,-1156,-528,-527,-1066,-425,-393,-112,183,-922,-127,-585,-316,-1339,-561,-1376,-636,-303,-786,592,956,-272,-641,-557,534,-731,-1419,18,-845,-24,-2118,-1310,-760,-667,-1210,-1111,-664,-1619,-1112,-265,-177,-1188,-118,638,-538,-46,125,-278,-264,-857,898,-256,-353,-527,-239,-638,-348,330,981,779,-666,1398,-770,-1010,-929,-350,594,-413,942,1092,-348,322,1344,-304,192,443,607,-146,695,426,309,-461,930,-135,-659,750,2758,-103,2347,-1553,-208,651,-352,713,962,829,-465,954,1190,1262,18,1141,1634,1216,2174,2312,13,-13,-69,1136,1925,1240,586,1709,310,825,1469,1034,616,1193,1731,22,-833,1941,987
362,144.4000000000000057,-422,-236,-64,-235,-791,-523,249,-507,-844,-2019,374,40,-588,-1660,-1166,-256,-300,-1099,-1467,-630,254,-126,-890,-319,-925,216,-37,-2595,-177,-910,-856,768,-269,273,23,-537,-1048,-294,-392,-32,-1062,-379,869,-1059,-318,-271,-673,571,706,-265,156,-168,-356,-344,207,-925,-264,-1112,-465,-281,-735,-90,-509,174,-1348,-1154,-135,-1600,-1002,-838,714,-665,-45,-669,-146,797,-40,-1158,-1167,174,49,-296,-1782,-1672,172,-356,424,864,-1116,504,-130,-4,-656,-547,-683,-525,-263,-1498,309,-983,-1686,-517,-474,-65,959,1813,602,-814,-1848,-740,-738,-73,464,-520,-690,1505,-380,588,1631,2036,338,812,681,-1238,722,1147,202,1179,1416,1406,1957,1648,-143,987,1167,443,883,261,1164,528,-128,948,1388,1067,1221,392,-59,1347,34,866,900,845,1573,1036,2216,1423,1464,1997
363,144.8000000000000114,157,-245,424,57,-1181,136,-489,-802,-2,-354,-1086,-681,61,963,-630,-955,-217,524,411,389,-717,-796,643,198,-1561,-182,752,-375,-1069,-496,-514,-658,-831,4,-1747,-1525,-154,537,493,-268,707,89,-326,-966,301,0,808,-475,-790,-705,-720,161,-240,1486,-244,-850,-1233,-387,-1022,-748,-855,-483,-1924,-1392,-568,-1589,-1869,-769,-1396,-609,-1473,-417,-1708,-454,-550,-764,162,1331,-286,143,-950,564,0,543,-164,-606,674,747,-308,61,-201,721,-189,-429,-1747,-922,-1274,-3,-1596,-53,-1080,622,-225,255,-289,1063,-1412,621,279,-1811,39,-460,154,-1003,256,-180,-407,1737,649,842,801,-507,256,1834,873,892,1319,764,1583,523,430,1949,1551,1248,276,256,-1476,2712,2940,1945,-465,1623,-142,3192,1031,1078,959,-794,-124,682,1817,1521,1956,335,-803,1324,1970,916
364,145.2000000000000171,417,542,-731,-706,471,-359,447,22,-301,-1434,289,-304,-63,-1004,-588,928,-604,444,-362,861,8,-344,142,-1253,540,-563,96,79,-378,163,-89,-502,-1241,-1986,833,1180,53,-1195,-1186,409,-1304,567,-895,-183,-935,-917,-449,107,779,84,579,-46,-380,325,-891,492,-230,400,-764,-654,-872,-906,-444,-1143,-510,-2232,-1042,-1510,-1110,-1912,-492,-1225,167,-1409,-426,-1291,396,-833,571,-429,-59,432,-1517,1163,-147,-951,-193,-726,-248,-74,98,784,370,156,-1947,810,107,-672,-149,688,-648,690,192,-258,-1,326,-217,-924,87,586,-180,-630,-296,304,691,2064,-2361,-945,222,-199,579,1073,1172,810,1768,1061,343,520,776,1149,995,1326,2030,1510,644,1999,692,1170,2671,904,1509,1473,1763,505,1676,3972,447,1309,669,1638,2448,1268,1065,1040,661,1626,2010,1972
365,145.5999999999999943,-639,-844,731,-755,-384,495,-635,-1493,-337,-323,-1510,524,-88,1078,92,-1505,-1779,-728,181,-323,-884,-873,611,-841,104,-756,243,-856,-610,582,-443,-643,-576,-1214,390,628,-26,1735,-111,-125,61,1805,-222,958,130,-496,2041,-1186,-707,694,865,164,-253,317,-460,996,-386,-821,-524,-557,-1565,-1245,-644,-1007,-1672,-1133,143,-1315,-1387,-1203,-443,-769,-677,-1344,485,-622,-238,-1268,-1175,462,-406,-839,107,467,-117,459,-855,-87,76,-460,-191,-72,67,254,-1268,669,-443,640,-74,323,1709,538,-233,-131,522,1630,-2441,-711,-544,-438,-458,-527,200,-816,-62,839,2132,57,1095,42,688,170,-798,216,885,1370,1352,1366,1001,183,779,1484,520,2291,1962,-1590,-313,-544,-515,1499,954,27,1042,1352,485,637,246,1878,-1320,-386,827,-786,2243,811,1317,1354,1040,586
366,146,-548,-381,409,-196,85,263,-1450,-24,-1910,-820,-312,-745,152,-295,-839,297,-421,77,807,-269,-345,584,384,-18,-265,717,423,187,673,-35,-254,-1028,746,-1823,-252,-1250,168,1165,585,-405,22,-861,-143,-2050,930,180,-1085,-203,-292,659,-467,-464,-105,678,-108,-1426,-808,-451,810,230,-1805,1144,130,-1797,-1386,-1241,-1297,-1021,-1214,-927,-1639,-1022,-1426,63,2079,-2098,-570,-1239,-149,-716,881,165,-985,1223,-183,-390,244,-283,-1098,354,-258,-82,-331,-59,-525,-2215,-2223,32,-967,224,473,-76,1742,-705,-395,105,-880,885,-347,-656,-134,404,73,61,1022,868,1932,579,698,1798,1225,723,735,1574,-150,1427,721,493,1689,340,742,1283,1299,-174,791,-320,804,1208,256,1181,793,1521,-276,1264,1590,419,2513,847,386,1335,1642,1132,-206,1769,348,1365,597,1836
367,146.4000000000000057,-101,567,-1191,154,-475,-913,-1369,-710,-1684,579,-965,-150,-1747,-698,-394,100,-338,-78,-1237,-55,-502,380,-326,-454,1183,680,-602,-1528,-14,382,252,-345,-856,-550,2,393,-965,696,-1116,-1432,407,713,-600,-115,-132,-330,-439,-240,878,255,73,407,-236,375,-397,-412,-638,-442,-1075,-1944,-1970,-1017,-1238,-661,-2029,-1311,-614,-1291,-1939,-732,-1934,1116,-1408,795,-1902,-92,311,-1101,-941,-702,-297,218,203,1279,-404,510,401,-693,-893,-909,-644,-211,-446,-879,627,-1079,-70,-1190,794,-361,-1038,2348,885,121,-596,-333,1936,-413,-544,-201,966,-1178,-746,-1364,-447,757,-164,-487,387,1781,-211,807,409,-354,1523,685,1315,1739,1856,1319,116,1081,1887,-229,571,25,1473,534,1385,1943,1409,1463,2450,1774,760,379,140,686,1643,978,1264,-64,2238,2232,276,451,574,1834
368,146.8000000000000114,-747,490,1248,-39,-652,-2870,1042,-1366,-58,-552,-1346,201,-1773,-1864,-952,-471,-1413,-478,-725,-270,-71,-576,-725,-172,470,-971,-457,-1330,-254,425,821,-498,-1241,-1045,-805,-975,-622,-991,-258,642,645,199,-1206,-729,-589,1585,175,-356,-43,-633,589,414,381,-162,-435,51,-37,-866,-1536,-1086,-592,378,-669,-1306,-1591,-1025,-88,-176,-690,-622,-1522,-1488,-671,-177,-2468,-300,-370,-715,-500,-131,115,274,543,-1013,705,-273,-538,-550,-545,-244,-1021,-644,-358,-245,-2040,-975,-1614,1188,-620,-34,185,-855,5,229,-621,416,-1259,84,-905,1078,855,-17,-633,320,924,1559,895,-782,1064,171,921,714,1516,1868,1262,-249,3029,1461,605,658,666,1559,254,828,1578,1989,1558,1000,1971,670,1780,1245,714,1607,773,1511,-405,-161,204,1179,1319,2170,2221,657,447,810,825,2852
369,147.2000000000000171,-212,-904,-722,-319,-1158,446,-2352,-995,-460,-345,340,1572,649,268,-1652,-1659,754,-528,310,-996,-1093,724,-109,-683,-556,-219,272,416,-193,-747,884,-1702,-199,-113,-104,-71,-1468,-796,572,-81,1251,-505,-624,306,300,-431,366,-97,1517,-127,261,-691,950,-1230,43,66,361,335,-849,-2181,-1075,-1191,-1325,449,-1047,-1068,-2178,-774,-1424,-1212,-1847,-1016,-832,251,-929,-792,-2035,267,-880,-629,-299,-6,-888,-395,-462,-1568,204,-521,-1116,-697,-381,361,-38,-562,-627,-675,233,-376,-560,2044,-735,-570,-584,-1178,1359,-930,-1111,964,1005,-60,1444,-996,583,-258,-523,803,56,1841,-262,-183,-455,701,-673,1047,3322,-266,787,2045,492,759,1054,515,864,1141,132,1969,1030,-705,2909,1096,209,678,1302,1647,1022,198,859,2460,598,-180,2169,1911,1731,646,488,2095,1454,1598
370,147.5999999999999943,-82,416,129,-891,-1794,248,93,-356,-539,22,-2,-386,-138,-1002,-667,488,-614,240,-402,427,-222,-190,-33,-787,-434,406,227,-809,-777,536,-611,126,65,-1751,166,-734,670,-385,896,-479,45,-1606,257,-711,-675,488,1918,-400,-700,344,-96,-1640,66,736,-257,921,354,-543,-238,289,-764,-563,-356,-717,-836,-593,-1179,-1820,-533,-868,-249,-753,-1426,62,-396,-1989,-248,310,-1821,465,356,-740,348,-99,217,-779,-347,-416,-643,-284,-117,-1041,588,313,-1908,-1106,-955,-15,-477,-626,-1017,468,-1069,-118,-590,-329,-496,-884,244,-1060,182,176,-388,1058,907,1393,-817,1003,586,2434,282,-137,1694,376,4685,1097,1469,383,-256,1141,-202,1514,1519,924,241,658,1634,312,1087,829,1114,1290,-473,2346,892,395,1998,-128,1987,-236,2198,2175,2081,221,1664,2479,3621,728
371,148,-324,-33,-179,1168,-1124,57,-470,-2126,1,961,-53,556,-547,-426,-643,191,-616,-504,-344,141,-820,-190,-672,1049,-429,639,-621,-481,397,-253,649,174,-174,-289,-1114,-99,-1408,12,100,114,-416,-895,-800,829,573,-1098,-53,552,-178,-752,-952,216,-1124,-302,-466,-922,-474,-223,107,-482,-593,-380,-1919,-1768,-1385,-1387,-1365,-486,-1468,-981,-1810,-413,39,-664,-345,1140,-1087,-682,-649,-1136,-800,-1664,-1295,-26,-706,-796,-669,-547,-1021,-680,-665,999,23,-997,159,-2304,154,-1095,220,-762,-465,-741,517,460,847,-161,177,514,-1523,-547,370,508,-429,-437,-14,-361,-170,820,164,-869,-734,535,-986,128,1497,1192,1367,408,1879,190,1228,50,1525,936,375,1750,1703,1143,2404,973,958,902,1652,549,43,398,3426,2502,1321,2132,-231,752,1702,985,1597,2487,1649,2590
372,148.4000000000000057,-505,-514,-2220,-57,-1430,-1099,-1545,118,-548,-1360,-179,320,-719,-1085,-60,462,-308,-722,1342,-454,-3,643,-261,232,-414,-1502,-845,933,89,-325,-737,154,-710,-1152,-1290,-250,141,-355,-318,-1768,-132,-723,626,-159,-125,-1906,-348,-299,1146,38,-346,171,373,401,258,-704,736,-790,-994,1286,-401,-1250,-2467,-1124,-201,-1134,-781,-630,-271,-888,-197,-923,-254,-788,-564,110,-2511,-647,257,-937,223,-36,-242,-151,-976,-314,-295,104,-301,-166,608,-190,-581,846,217,-1311,-466,-523,-1901,-205,67,1687,-526,-392,-240,-134,-137,453,-46,-608,-1174,448,123,-283,-870,1429,-338,419,-213,1151,1421,500,382,-468,-93,-33,774,414,923,967,-82,1485,-457,137,1418,1609,2787,1218,588,699,1117,1528,1337,2526,1185,728,-423,686,2028,-442,112,1898,1977,2097,807,906,1435,2894
373,148.8000000000000114,-970,178,-2057,5,111,-329,-1017,291,-589,-134,84,-1304,-1337,864,-111,-949,-1194,348,426,-669,905,13,6,-328,799,-902,-688,-1247,-164,-581,-1111,-83,-30,-773,-542,-550,49,-1089,-618,-257,277,-346,-1379,-397,-545,-609,-45,-1824,444,-166,138,355,-402,283,-397,28,-638,-547,-438,-391,-916,-324,-1068,-1603,-1007,-1394,-1276,-1685,-1056,-1358,-1208,-1715,-914,-4,1127,-307,-1137,439,-113,-79,-1582,-988,833,-968,-274,212,-441,-132,-699,-770,-125,848,-751,-570,-364,-416,249,-309,962,326,-1587,1417,547,-737,-351,-109,-1425,505,-544,-139,-1120,166,-890,-69,142,1265,955,1022,767,759,23,968,-236,1126,2319,-835,286,957,-134,1211,899,2045,1457,1253,2628,753,1367,516,1212,1044,1117,976,1506,1874,-177,1728,1512,1889,762,1730,845,2879,3351,2351,2960,1055,1594,591
374,149.2000000000000171,-378,-432,53,-724,-1393,-575,377,15,-1094,475,205,-1725,-596,990,-1511,-900,-1,-916,-463,-435,-430,32,-242,-923,956,-169,-453,-350,-514,-78,-71,-210,-828,495,636,-828,-232,187,452,-1103,283,-458,506,-557,1257,1934,891,-386,92,-742,137,324,-169,-1039,87,764,-943,-1335,-333,-1262,-600,-635,-975,-646,-1106,422,-967,-1036,-1227,-725,-123,-169,738,-1129,702,-994,-1268,-311,134,427,991,133,-1886,250,-984,67,312,-687,-279,284,-560,-696,-1099,-347,-1629,391,-683,-954,-407,-463,522,-650,-334,381,-36,540,-361,-777,72,437,-1018,123,483,419,-701,87,71,1196,752,264,562,1006,1011,1384,1614,1876,-128,620,632,270,1209,1283,201,157,1370,1270,1788,1993,807,1179,897,739,3333,-213,-334,1233,1764,90,1601,2460,2066,2361,198,-91,2643,336,2348,3781
375,149.5999999999999943,7,-768,-219,-1165,-756,995,-1012,-436,-133,-981,-742,-499,-445,-748,649,54,-1880,-655,-441,-516,-183,-1228,-847,-793,-922,-820,251,-433,-1098,165,-887,967,-1162,239,-419,116,-156,-1545,-275,-831,-168,154,985,-435,-1372,-391,-1369,-193,921,-1067,359,-74,-289,-416,-708,-440,472,1379,-147,-1195,506,327,-1298,-522,-418,-1156,-1184,-415,-1095,-402,-2430,431,-1527,369,81,-1649,208,-1405,-1910,280,-1097,-1544,575,-981,-1220,282,-930,-1057,-143,221,-1394,168,-423,1073,-541,901,-69,-259,-2428,-112,-410,-1284,-1669,1366,-1202,-657,1031,-594,-1239,-442,690,603,-96,1069,1379,1153,788,365,1545,-599,85,138,1323,119,-530,1261,334,1200,2179,171,1429,388,252,566,-116,755,211,2730,1712,1005,1217,1411,1830,1214,1678,2216,2537,839,943,1662,3570,1157,1505,2428,2735,1563,1204,-943
