"","TRACE",1,2,3,4,5,6,7,8,9,10,11,12,13,14,15,16,17,18,19,20,21,22,23,24,25,26,27,28,29,30,31,32,33,34,35,36,37,38,39,40,41,42,43,44,45,46,47,48,49,50,51,52,53,54,55,56,57,58,59,60,61,62,63,64,65,66,67,68,69,70,71,72,73,74,75,76,77,78,79,80,81,82,83,84,85,86,87,88,89,90,91,92,93,94,95,96,97,98,99,100,101,102,103,104,105,106,107,108,109,110,111,112,113,114,115,116,117,118,119,120,121,122,123,124,125,126,127,128,129,130,131,132,133,134,135,136,137,138,139,140,141,142,143,144,145,146,147,148,149,150,151,152,153,154,155,156,157,158,159,160,161,162,163,164,165,166,167,168,169,170,171,172,173,174,175,176,177
"","Position (m)",0.5,0.5999999999999999778,0.6999999999999999556,0.7999999999999999334,0.8999999999999999112,0.999999999999999889,1.099999999999999867,1.199999999999999956,1.300000000000000044,1.400000000000000133,1.500000000000000222,1.600000000000000311,1.7000000000000004,1.800000000000000488,1.900000000000000577,2.000000000000000444,2.100000000000000533,2.200000000000000622,2.300000000000000711,2.400000000000000799,2.500000000000000888,2.600000000000000977,2.700000000000001066,2.800000000000001155,2.900000000000001243,3.000000000000001332,3.100000000000001421,3.20000000000000151,3.300000000000001599,3.400000000000001688,3.500000000000001776,3.600000000000001865,3.700000000000001954,3.800000000000002043,3.900000000000002132,4.000000000000001776,4.100000000000001421,4.200000000000001066,4.300000000000000711,4.400000000000000355,4.5,4.599999999999999645,4.699999999999999289,4.799999999999998934,4.899999999999998579,4.999999999999998224,5.099999999999997868,5.199999999999997513,5.299999999999997158,5.399999999999996803,5.499999999999996447,5.599999999999996092,5.699999999999995737,5.799999999999995381,5.899999999999995026,5.999999999999994671,6.099999999999994316,6.19999999999999396,6.299999999999993605,6.39999999999999325,6.499999999999992895,6.599999999999992539,6.699999999999992184,6.799999999999991829,6.899999999999991473,6.999999999999991118,7.099999999999990763,7.199999999999990408,7.299999999999990052,7.399999999999989697,7.499999999999989342,7.599999999999988987,7.699999999999988631,7.799999999999988276,7.899999999999987921,7.999999999999987566,8.09999999999998721,8.199999999999986855,8.2999999999999865,8.399999999999986144,8.499999999999985789,8.599999999999985434,8.699999999999985079,8.799999999999984723,8.899999999999984368,8.999999999999984013,9.099999999999983658,9.199999999999983302,9.299999999999982947,9.399999999999982592,9.499999999999982236,9.599999999999981881,9.699999999999981526,9.799999999999981171,9.899999999999980815,9.99999999999998046,10.0999999999999801,10.19999999999997975,10.29999999999997939,10.39999999999997904,10.49999999999997868,10.59999999999997833,10.69999999999997797,10.79999999999997762,10.89999999999997726,10.99999999999997691,11.09999999999997655,11.1999999999999762,11.29999999999997584,11.39999999999997549,11.49999999999997513,11.59999999999997478,11.69999999999997442,11.79999999999997407,11.89999999999997371,11.99999999999997335,12.099999999999973,12.19999999999997264,12.29999999999997229,12.39999999999997193,12.49999999999997158,12.59999999999997122,12.69999999999997087,12.79999999999997051,12.89999999999997016,12.9999999999999698,13.09999999999996945,13.19999999999996909,13.29999999999996874,13.39999999999996838,13.49999999999996803,13.59999999999996767,13.69999999999996732,13.79999999999996696,13.8999999999999666,13.99999999999996625,14.09999999999996589,14.19999999999996554,14.29999999999996518,14.39999999999996483,14.49999999999996447,14.59999999999996412,14.69999999999996376,14.79999999999996341,14.89999999999996305,14.9999999999999627,15.09999999999996234,15.19999999999996199,15.29999999999996163,15.39999999999996128,15.49999999999996092,15.59999999999996056,15.69999999999996021,15.79999999999995985,15.8999999999999595,15.99999999999995914,16.09999999999995879,16.19999999999996021,16.29999999999996163,16.39999999999996305,16.49999999999996447,16.59999999999996589,16.69999999999996732,16.79999999999996874,16.89999999999997016,16.99999999999997158,17.099999999999973,17.19999999999997442,17.29999999999997584,17.39999999999997726,17.49999999999997868,17.5999999999999801,17.69999999999998153,17.79999999999998295,17.89999999999998437,17.99999999999998579,18.09999999999998721
"Point","Time (ns)"
1,0,264,-164,463,-145,-654,-421,-661,-1285,-622,-523,4,363,789,-1038,611,815,490,-592,763,210,463,898,78,-269,-195,427,-203,764,880,270,4,-379,395,-800,179,22,687,-194,-259,-705,-281,425,378,823,-874,-835,-96,-120,343,312,519,413,157,71,-708,-301,-1042,335,494,-364,-348,-315,-184,-841,416,-255,-56,-92,620,611,-382,-358,-300,-41,-254,-5,-142,-244,367,413,758,700,-474,151,-159,-61,-395,-1256,-110,-77,-417,-26,419,129,-762,-1029,143,-233,-341,395,606,-1595,-447,-136,-157,-384,13,733,243,1386,250,816,-659,-695,102,404,-504,-201,502,-218,967,-2,-117,1041,767,-50,-657,-150,112,219,76,-1388,-314,-186,-426,-1544,1628,-1907,-570,73,-1553,-501,256,-750,-703,-518,544,-7,-435,1373,-361,-344,-290,-57,610,-697,-1105,-519,-708,-202,949,760,-313,458,106,292,517,-64,478,-184,140,313,-352,-1215,82,-608,1122
2,0.4000000000000000222,-156,-225,531,-440,731,311,522,256,-202,27,1377,-1043,-294,1077,-1114,-748,9,-810,-324,-734,-454,-106,-275,-43,556,-406,-320,2305,-958,-288,-1578,-733,1346,-159,138,-876,-977,-32,791,-536,766,-727,-131,52,660,-432,1877,656,503,-705,-80,-691,-302,-146,-791,-547,50,-390,-1,-508,-330,212,-709,-857,1004,-630,-752,-327,881,420,-1334,-552,-1092,-71,560,142,708,-1210,-875,33,-290,549,-553,-1388,741,362,677,91,368,-84,-826,376,-36,-45,-1442,-266,-677,-300,146,390,49,-1071,-265,246,353,-605,-248,-300,-149,2412,-221,486,-44,84,358,-624,-339,29,473,1134,-1846,334,-226,18,-1631,-966,374,-720,-127,418,-746,1249,-632,-1016,-329,-788,650,-318,-1154,-222,211,493,-162,-515,578,-217,-1443,30,191,232,672,259,-1101,-504,-232,-655,301,833,-63,768,-200,-26,-768,-995,635,154,-594,237,-1411,-414,120,-398,1049,88,-69,-576,701
3,0.8000000000000000444,690,376,863,80,442,-1013,777,-114,-202,177,-1158,638,-11,164,-565,-465,178,-967,464,407,-137,212,-377,-976,358,-39,-573,-658,173,839,-866,-228,-876,538,410,695,-27,230,-457,-228,-439,593,195,-325,-176,389,8,-570,-12,-697,-772,-259,-540,-687,565,103,1236,-25,-273,-1420,1010,405,187,554,-672,267,22,338,60,83,-563,-239,121,-519,590,449,-1761,-456,34,189,-803,-448,-539,553,-43,676,-807,108,-557,151,665,900,-392,-753,-326,80,282,-463,-454,-203,-263,-453,976,51,188,-217,154,-880,-1306,-865,287,-384,-194,162,-402,1117,-1739,-628,-149,188,-694,547,610,-182,-175,-458,-686,27,-350,-875,-503,-695,666,88,120,277,1218,531,-90,-210,122,341,402,-56,-937,250,577,155,-321,-1303,-760,-681,-1169,865,-1057,437,645,902,446,-610,2,-766,139,-181,-264,-121,-482,215,-3,-431,285,229,-273,-350,890,38,-1417
4,1.200000000000000178,-192,52,-331,332,436,769,-335,-430,-608,833,175,-759,424,280,428,-349,69,590,62,146,595,-325,-191,-257,-301,-549,789,-1127,-50,324,-18,-29,-99,-883,-978,120,1045,772,755,133,-1028,-450,314,-235,-709,64,91,-1043,372,-92,324,766,0,398,-146,-68,-12,97,119,-812,-517,-38,-241,2,-430,-463,570,281,227,-645,482,3,-11,-111,-101,-752,-633,-660,-1638,835,-406,-144,-1275,913,629,-130,-489,-778,153,-424,67,-926,77,-643,518,333,-347,-207,161,158,-222,-1841,70,500,-1091,-425,498,-645,-362,2039,583,-454,-292,160,306,-429,-1391,195,0,288,293,623,9,-499,-433,594,469,-1166,-332,1049,771,130,-210,-288,54,-1229,-1698,-873,648,-115,-276,-183,-662,-71,97,-162,-775,-40,-945,738,174,825,-687,-235,-648,273,223,210,-150,159,380,-1219,-225,-654,-3,-547,183,-581,4,521,426,511,-320,-370,-2,856,-625
5,1.600000000000000089,439,-293,450,-448,-260,-1191,391,-224,-178,-129,-184,-191,-528,-974,1053,-401,-332,-169,92,-139,209,-564,-182,203,468,482,154,30,-155,-349,476,-779,-44,154,-336,1192,-536,-1351,-41,-304,-302,465,51,623,578,-345,-862,-161,196,-1070,-113,-398,598,410,1091,270,564,-828,99,488,-450,351,-1012,-2184,266,-556,-828,-79,137,527,166,131,108,7,939,-25,573,-5,-209,-250,-385,-348,-145,-685,407,63,-170,477,4,-691,-571,-35,-733,169,-956,-864,-187,1094,-132,-544,39,-66,1036,69,584,699,-1519,-490,457,-762,-109,-852,-484,-601,-462,14,942,259,-596,511,222,-329,-964,-335,456,-180,267,-759,119,-1317,1243,-794,-163,539,-493,-348,-409,504,283,-853,-1047,225,126,-776,-167,785,-1403,1085,-676,183,166,1357,274,755,1660,527,8,765,-455,-374,-37,-199,622,-861,564,190,515,-135,-518,-695,-181,-211,-352,-328,-1045,297,-183
6,2,-796,593,1136,-350,1007,-459,-471,463,-496,499,992,248,-244,-455,-108,42,-352,-813,157,-99,-881,65,216,-370,-1279,-922,50,-197,615,-1027,-123,-320,-186,49,-85,-1626,-202,859,441,243,-514,428,-39,-971,-653,-441,905,-197,-389,741,-793,248,-543,-1193,592,432,79,83,480,-1001,-109,-184,96,-711,228,-563,495,331,-160,-424,-410,-238,726,-522,150,-560,1798,-331,-421,899,-646,-875,0,350,-193,-420,16,-456,-416,367,-23,364,-210,251,363,-1049,359,705,294,-477,791,-146,-71,-93,524,-594,-923,347,-283,113,317,1222,331,-100,59,326,1361,-594,679,-75,-876,1272,-504,-221,-750,28,317,317,69,-505,-675,68,1061,115,-1868,-151,-678,376,-151,185,708,50,801,613,1305,-147,669,-1000,287,226,-1405,-96,250,-45,-459,-1146,1012,602,178,-781,-473,-996,10,477,951,-159,19,-151,-98,552,686,475,334,-129,1598,273,-658
7,2.400000000000000355,676,-1202,-359,241,538,420,-296,740,-614,-3,-779,399,-158,145,1463,271,501,518,838,284,-84,-203,89,173,263,-790,-894,-314,-12,-296,-561,517,229,-403,319,-664,-261,223,-831,26,997,-188,239,106,-222,58,693,1536,119,-394,-398,451,520,168,-525,-322,72,433,-531,-576,-856,332,176,-541,-48,-707,332,-360,-230,-76,113,-223,143,-523,-820,-547,-941,-992,-548,266,-434,419,406,71,182,506,-71,-710,259,265,-466,432,47,410,209,-387,697,249,-661,122,-57,-909,616,-618,661,403,-701,-49,-137,-1169,741,-593,20,-134,-893,92,-101,-596,1299,156,99,287,245,221,138,492,348,306,-168,-224,436,-1482,935,-34,-681,363,-23,-597,-401,640,-996,-152,-886,915,652,212,-204,-337,508,-1929,-202,37,1991,82,-1199,-130,609,-742,389,-530,-959,118,-193,224,329,-307,-119,-629,-191,-164,-382,111,1090,288,-568,-216,-224
8,2.800000000000000266,-285,-251,255,441,-658,723,-379,-146,436,444,224,-245,-338,-624,-49,-891,-202,-554,-323,-242,-252,-945,-264,286,-662,1067,-22,-805,-128,-155,-126,-761,-173,-456,-350,-847,-1025,138,-400,-100,-766,-1028,-167,100,-439,-296,62,-255,682,-1370,318,384,99,-570,-597,259,809,183,-187,88,646,-394,551,-975,632,548,600,-615,-108,458,-850,-1134,-454,679,1119,-347,382,-72,-378,-321,117,11,485,1085,-1298,-865,749,490,-937,-560,-808,-464,189,-526,-1043,470,-877,-982,181,243,-164,-791,762,-314,-785,383,478,676,-38,712,656,346,1090,-273,253,-358,484,-132,-447,-337,-282,-1440,-1354,-1428,481,46,238,673,145,75,-612,122,-37,-1047,-171,-725,66,-41,-117,-138,367,-10,311,492,-95,-343,-99,304,-193,153,-239,375,-974,273,565,355,97,-243,265,-692,-507,155,-180,-229,-541,175,-378,132,348,-520,247,402,620,334,-112,307,14
9,3.200000000000000178,-1127,976,379,-92,-92,257,-218,912,-52,-217,414,131,984,698,397,249,906,166,1054,-135,-587,499,405,-706,-177,246,746,1098,705,-645,-1573,-175,339,1043,646,796,51,-190,97,-202,-167,-550,-399,860,961,224,-465,1276,1270,-743,-272,-278,-706,-21,309,-685,-1451,695,65,-515,-112,14,-722,98,-138,181,-56,240,-164,-450,-706,161,-79,-302,338,436,-1191,-538,175,500,-401,379,1280,170,389,116,951,456,518,-487,486,-673,302,-615,30,438,-124,296,-806,365,301,-711,26,-476,-139,845,1833,-281,-568,38,63,1030,187,-947,704,-1484,841,-1387,-242,643,401,-235,-152,-1,-106,-290,726,517,-1033,57,1288,-465,621,218,-1736,309,1743,660,326,371,-730,741,207,-360,156,-11,-950,-669,337,-170,-1219,-704,-203,-318,-141,-221,-867,-222,258,45,517,-42,680,-491,288,-459,-1001,130,144,-572,85,179,-620,370,360,-831,634
10,3.600000000000000089,232,661,956,2113,-543,-156,-47,-303,430,588,177,101,-213,805,-212,-219,-1162,1006,324,453,-1282,-59,-453,139,182,568,240,-281,-271,-1008,256,118,-775,25,292,-499,-53,-483,1041,324,896,-328,319,-566,1539,-257,-1341,206,-714,-632,421,-533,-1147,-637,263,-499,544,-553,598,-89,1266,-237,839,793,294,271,1041,-401,829,451,-481,68,-284,-1094,817,-306,338,112,-162,107,-338,-4,113,409,-145,-386,-140,-462,409,525,705,-133,-74,-708,-266,-1519,-331,169,-423,-308,-190,-112,-527,283,-200,-298,-454,505,-32,-1316,-194,-430,-227,115,374,744,369,164,98,-356,-714,-315,-382,-446,-1053,-125,709,-533,-665,-203,35,934,240,347,1116,686,742,135,-937,563,638,-389,387,-623,-1238,-331,-788,259,-253,1294,-148,175,603,-164,-1103,685,425,531,-231,-260,-1478,-1000,-150,-1002,-566,-229,844,-466,380,358,230,520,361,-151,61,-73,91
11,4,1776,189,928,1317,-576,-141,-202,-651,470,-111,-341,164,706,405,7,-1381,-702,256,-1460,-114,82,236,-374,239,-130,435,425,-37,277,415,-71,36,-311,189,104,462,-319,461,-481,-71,735,-1075,1060,161,28,395,73,-514,1287,-1015,-816,615,451,-850,650,861,-179,1040,-572,110,355,-1507,779,-988,-87,1521,128,-67,908,679,-348,-84,-833,-629,-491,-398,683,193,-454,255,720,104,-927,-929,-21,2,-190,225,-463,-15,-166,-250,-599,191,-232,-241,-397,464,245,251,-484,-899,-225,99,-521,341,-18,-411,2,-615,735,1114,-339,-780,1358,-1083,-83,-1229,249,470,132,900,-290,-93,-180,663,66,742,-852,-253,-730,-1035,6,-764,-1755,-79,46,1313,-57,-665,-929,373,28,142,46,574,209,-1005,1150,-176,-673,-341,-619,400,-473,-520,-1617,637,777,221,234,-10,-974,600,-557,-196,-1228,-284,-457,856,-1302,1072,214,146,8,-335,269
12,4.400000000000000355,-1021,657,453,219,0,-135,1098,-713,-304,-521,-983,-393,380,156,-22,386,497,-22,-344,922,-123,-105,896,-61,-2,38,-306,50,-323,18,1567,-4,-25,-844,-186,301,-190,-96,-255,-254,-151,201,-375,157,-311,-503,-651,-562,705,-253,292,95,107,-554,330,-2023,-199,-1363,945,95,-78,77,529,779,-123,-162,-446,834,-376,749,331,-391,-151,-918,593,-1087,-824,-731,-226,198,223,218,-774,556,-282,-19,-701,-390,414,-193,-438,592,-588,-127,467,324,167,-1179,-380,-276,-393,-68,-285,459,75,-403,66,299,-337,-1415,1380,-393,-464,-367,-218,211,-926,1572,1362,-187,-893,201,937,1286,-1298,710,482,-303,-531,-141,-670,940,1132,-1865,-185,-187,-342,-1010,89,192,-428,-557,-92,1257,-607,358,750,-872,724,-393,328,-384,161,-241,-82,341,-91,618,536,411,-55,1251,-2039,-874,-314,1824,-817,1979,132,-466,786,-1188,1257,-77,1954,-549,97
13,4.800000000000000711,-635,162,33,296,134,769,374,-93,-181,98,135,24,-301,-1078,-900,133,-196,227,221,-119,-737,343,-198,89,-481,199,-812,334,-621,-76,-626,479,-21,142,-188,-417,-641,-98,182,54,-87,-390,570,-304,155,481,-428,-684,-92,-486,-73,15,297,315,-367,712,-980,638,87,-207,-273,583,1039,-1282,193,215,-253,-537,162,433,-727,-1179,65,1084,892,138,-570,-127,866,16,-481,-425,216,344,-1159,-567,-1167,-246,485,-727,-60,186,-127,21,-361,-247,482,-625,1057,-277,-978,-602,2745,326,1344,-113,-437,86,-402,-1108,783,-1154,819,-370,-793,1179,-531,-988,-407,-554,-1101,921,-705,-656,484,-147,-221,-794,155,643,12,-2768,-904,-328,353,-225,-1102,-189,-498,-386,-269,593,-609,937,-20,861,-656,45,-425,191,-363,-720,658,-305,542,-463,623,-175,-634,-126,-389,206,-1524,-857,-75,-397,-64,-523,-1086,-1431,-333,-763,918,162,-310,139,478
14,5.200000000000000178,-569,-960,1030,830,-1545,292,-62,580,702,609,-102,502,-491,459,-669,844,-144,518,155,-13,301,164,-1670,158,-679,1422,-463,-15,-626,1142,1180,593,-323,413,50,-194,-412,832,447,272,-1071,-300,43,422,-291,-436,1810,155,-326,175,-943,-166,-467,-47,249,842,346,93,-874,1091,363,188,-548,-141,-164,-1901,914,1205,-101,-245,-1149,-498,-424,1249,251,320,886,79,206,216,5,359,30,485,464,-436,20,-101,-133,719,-153,188,-859,-212,-1128,1237,235,-378,-284,581,-35,1016,180,364,-666,1492,-730,-405,1876,944,-1486,648,423,-195,627,-1079,-190,1016,-446,-332,-657,-665,20,-238,213,-345,-490,-167,-983,504,1129,-763,-591,64,220,-1011,-2974,-207,346,334,-134,-311,-445,-334,-1566,-29,-61,-295,84,35,-233,-1135,125,-177,580,-1076,-1070,-482,-904,-615,-15,32,212,459,276,-507,-215,430,918,-288,-35,-802,-517,160,-111,-135,241
15,5.600000000000000533,-578,758,-586,-575,1404,332,-391,223,-969,-227,-293,768,-569,821,765,-791,-102,15,-175,-400,758,398,-144,-671,-938,-926,780,516,-467,-372,-497,-761,-483,1003,-1143,1070,731,253,-744,-415,-537,1422,-74,708,804,-150,-1308,99,-601,-150,-68,-277,-151,-1327,120,-180,293,-361,-77,-190,354,-813,481,549,-411,-1781,210,516,513,58,640,-289,-218,-332,-35,-1041,-344,950,-342,-60,154,-163,66,1260,-297,384,-129,278,-542,-165,199,150,-185,38,-308,-80,-61,-129,-418,-121,215,-641,176,-462,296,539,-467,-554,-316,552,514,156,-155,263,-14,324,-620,1135,-381,-915,-42,-262,-66,179,633,1255,392,-687,759,420,482,-784,357,42,2746,-105,-2897,314,72,-60,10,95,-359,887,328,-42,535,-104,-68,258,-489,-242,-40,-1036,67,351,-290,36,708,-633,-375,1289,-896,223,389,1182,670,686,831,385,-141,-311,-927,-722,493,-139,-657
16,6,-416,-517,579,-504,-698,253,-282,-78,299,115,635,1171,401,-587,-85,-28,-632,625,57,726,-9,-882,-72,105,-581,-219,-809,-38,663,-300,-318,292,-63,-39,270,-370,185,527,-743,-70,-255,-172,496,-590,-370,-317,463,668,-385,430,-95,-676,-135,-908,204,562,-68,-70,8,-276,103,-108,-65,175,-430,107,-1150,-1354,-648,555,182,-938,177,-394,582,455,-112,-303,-184,589,-1059,40,-1200,-391,-479,911,-205,263,168,309,917,30,-416,443,-1159,835,-381,-451,-107,248,559,-609,1072,137,-291,-165,-913,-289,-290,-151,-156,464,356,-1666,298,247,1008,1394,-746,-629,201,-1178,240,-351,-589,972,-804,-910,395,1697,211,-23,-225,1138,-221,-565,-548,-331,-263,-473,780,-166,-240,676,-907,541,76,-349,-343,-514,1277,-78,-361,-288,-958,-934,624,135,0,-1447,-152,514,-509,102,-4,-151,926,-843,149,-108,823,548,-964,-1146,1039,359,-318
17,6.400000000000000355,-517,-8,327,364,-25,428,340,-107,-375,128,376,523,852,-55,-324,-282,-250,133,-643,-810,612,-1033,1,-679,-929,-269,-1341,-31,254,-360,-673,1259,152,-1594,-201,-914,731,-206,-270,-944,180,98,-788,-374,-231,492,390,-69,-234,-154,-567,-96,171,775,-604,514,798,430,235,-916,-518,785,205,-534,-73,-989,324,-672,-1025,924,649,-99,-205,-559,-232,-1050,376,-222,-178,-615,903,167,315,-233,113,198,-96,-185,-664,374,197,679,-382,-292,-377,-773,-170,-154,-333,446,-5,-554,555,-814,946,472,-335,-514,648,-371,933,-65,-426,522,176,472,-714,842,292,-680,632,-545,552,122,-212,-589,585,-404,-259,-99,-977,915,-310,657,243,311,1021,-495,-226,-809,7,-245,-38,1570,462,-135,-534,512,-1327,-711,-277,242,-424,345,565,916,-117,-289,84,849,-942,-1086,621,553,-7,-1114,647,-356,1411,443,309,58,-137,97,1073,-1006,311
18,6.800000000000000711,870,-364,540,0,408,-457,-62,40,-259,-1111,306,-952,-1136,-46,-1093,388,188,-156,269,-795,-116,-435,925,-1073,-509,616,348,-76,9,119,-460,463,-108,410,-571,-471,18,-4,1395,-327,-212,-1009,224,-185,2,366,-694,-744,-993,1204,-669,172,-777,13,-773,-383,-758,408,602,-473,-981,236,713,115,-431,217,-758,-1285,710,656,376,-174,-28,600,-96,-154,-171,653,190,1041,117,-235,60,-223,70,597,-914,-137,-642,442,127,-290,-626,253,-1041,283,-320,-247,1012,-542,766,-336,-755,-198,130,-852,95,599,-484,91,-395,1088,-551,-630,-683,270,-694,-1559,493,-282,757,-453,824,-721,778,56,-95,129,481,-870,59,85,-89,188,-289,-288,-549,-174,-121,547,-24,-429,813,245,-936,-766,-89,-11,1400,48,-5,86,891,1100,-326,-966,-276,459,300,-682,838,918,-397,437,-761,487,-904,1263,787,-413,819,700,-245,-176,-37,184,-208
19,7.200000000000000178,-58,-643,489,-483,569,-905,362,-615,-250,-993,-232,294,-506,-280,78,-481,283,160,-14,-721,399,-80,-725,-806,-694,-335,-671,-538,-259,-158,-464,4,45,-1271,20,516,-936,224,-453,353,465,356,249,-752,-504,635,1569,-452,650,461,379,184,-512,-2012,-563,132,-238,1012,-339,1019,247,319,-46,183,164,103,-467,-189,-266,235,-1675,-443,-858,-154,390,197,447,38,-54,-220,968,-365,-92,715,-711,161,-463,-429,-225,255,22,413,-465,350,-116,-148,824,946,-889,99,-434,-602,67,1332,-431,-298,109,-2489,-1620,-384,-316,1078,146,-567,-707,-566,-344,104,-790,-933,79,940,904,477,-1686,286,-682,503,-122,-655,-320,-900,-74,415,-163,-313,701,-624,107,27,-395,1249,227,1324,445,8,259,-1470,-1401,81,395,421,863,-297,705,453,-507,-832,346,22,-417,1696,-367,-230,-169,-366,257,-1207,127,-224,-875,-761,-201,-330,-1105,-1481,-505
20,7.600000000000000533,-178,296,-245,347,-8,-6,828,-393,859,58,378,943,140,513,96,-304,-20,-512,544,176,370,-291,-401,-515,-382,270,-63,229,281,-262,-1059,-755,-70,-463,-505,-204,-20,838,463,407,-121,-646,-569,-194,511,-614,-94,1573,853,1496,-775,15,-395,-418,901,374,-692,-370,248,-188,82,768,-1438,-297,-64,656,689,99,348,-779,-932,192,635,625,-316,-258,167,148,-638,1703,-356,-562,-108,-527,-1419,526,248,202,302,31,126,460,473,631,-135,-144,-672,-470,525,-19,277,-482,-639,-490,524,-177,-517,-5,-1213,839,152,522,-383,136,-1592,574,637,1090,951,-19,-738,-29,382,-774,-90,-600,1153,-205,-103,-568,-367,-555,-562,-120,-1851,-183,-569,-390,629,210,862,84,-707,-909,-496,-56,-132,-20,-374,-285,102,996,-1126,329,136,622,-338,-1479,77,-640,-44,-539,424,-519,587,433,1157,-317,851,331,-274,-119,-85,207,-511,1085,801
21,8,-584,-430,-908,785,73,-877,1487,-177,17,-424,711,-268,1164,-733,-1262,802,-245,-114,-468,-167,154,-181,-61,-501,111,-993,-195,328,943,-152,-35,397,1802,-1241,292,-480,-560,511,-1001,-545,-560,371,473,848,585,-60,-674,1231,397,-12,593,-772,1357,-483,244,316,537,-406,-1583,84,154,125,-298,-376,-460,-463,70,1902,1011,674,-4,242,13,877,460,377,151,-267,492,-501,894,195,367,-1248,46,-76,-463,891,162,-38,832,-753,80,83,164,-583,-311,750,-590,922,-1090,-566,-787,458,187,13,-67,354,1056,-665,358,1594,-134,259,92,721,-590,-524,112,670,1850,-109,53,-40,-2106,-367,1027,-237,-954,-320,-971,-229,452,234,583,1421,-1019,1045,69,560,-226,-1922,-567,918,-1186,22,582,-202,-89,-179,-506,-736,-500,-672,375,-510,706,-924,434,-385,844,392,296,-80,751,39,620,239,-179,-596,345,370,177,-717,816,747,-190
22,8.400000000000000355,-480,-988,-791,162,-572,23,643,861,292,100,-1234,-1226,-758,816,1654,502,-279,-518,-138,-444,-1390,264,275,-280,-547,-355,-474,-918,-378,-1015,-1232,215,725,-558,-97,436,121,1240,159,-1454,-849,-248,242,-47,-1434,-22,-1232,140,-332,359,-906,710,-763,49,-229,-736,485,-1294,-731,-1161,-265,-394,-15,-73,367,-4,465,-668,812,990,-94,247,343,-240,2,804,67,-239,-136,417,686,-244,137,-963,-1297,-14,-431,-1356,131,45,-734,-922,-242,257,-391,-849,54,-958,39,406,-572,-809,106,487,-953,384,-1507,-1103,1384,-72,-552,130,325,-937,-133,-530,139,-586,-1234,-755,1332,287,-126,270,-116,1497,-312,-279,609,215,-773,-1228,125,-219,1344,-497,-121,-440,-26,-465,-652,-856,-666,-152,-235,-194,903,-49,-743,-911,-902,-527,-453,-199,-977,-514,-912,-557,-857,-323,530,-5,-363,625,138,-959,-33,749,-13,541,761,429,-10,404,60,107,153
23,8.800000000000000711,578,-1133,-26,-460,-186,621,-1187,-739,-37,-586,-170,193,-279,-738,-422,-354,-28,-408,157,-156,-839,762,-437,-2000,12,458,1042,91,1708,-159,1709,-493,-295,325,-372,110,-323,-393,-10,-865,1,207,-390,378,68,-438,172,-197,821,211,-80,276,658,945,-290,92,-4,-417,-992,499,8,-397,-231,-132,194,-65,124,82,-336,87,-524,111,-691,-572,-86,-210,771,1083,33,-307,-480,66,506,117,370,-867,120,-708,-11,-372,-249,-418,-1284,0,246,-2577,1162,-536,-632,-491,143,-720,-760,-106,28,-79,-1592,-15,236,-648,-673,-577,742,-435,-329,1573,-507,284,-59,367,-963,-245,1175,-197,-246,717,-144,281,-1336,503,760,-723,517,560,-330,1159,-237,60,163,145,346,-759,549,-246,472,-336,-758,-899,1238,256,-1474,-747,-168,897,-138,189,-1781,-835,442,-477,468,374,-1455,55,-1005,-1247,-407,124,-767,240,491,-235,-1289,446,958,234,676
24,9.200000000000001066,-1026,107,-1444,657,-503,-636,679,-348,-162,159,1071,623,-753,-544,172,-202,-28,650,196,-417,-305,327,-1871,-678,-123,-138,-56,265,287,572,-1230,681,84,104,39,1002,-203,-787,-417,110,44,852,-46,363,-146,-11,405,-693,-1130,427,-410,653,-454,626,195,-394,-1937,-705,-517,-537,1251,-880,-349,137,716,-361,261,-355,1332,290,243,-76,-699,-219,-447,-62,428,-426,-246,-930,664,-96,-132,-974,-256,-427,-236,-69,-462,486,-230,-630,2,27,536,-288,714,-1157,226,-63,-391,-469,112,-832,-472,-1058,-279,325,580,-19,-84,-398,143,6,-216,1366,-1431,-1002,1345,-263,-235,-631,-843,-1279,-1075,-675,-101,-1106,-175,-276,757,264,501,23,1475,-1392,-1118,-341,-28,-164,-242,-456,-605,288,623,177,-2316,-914,-1409,691,674,-401,-891,29,-304,540,672,-871,-459,133,545,-121,1532,273,-55,517,922,313,-1431,-679,-873,94,-1472,110,-105,-332,-2
25,9.600000000000001421,178,-975,1272,-105,-461,-650,-963,362,631,-282,558,731,34,-376,-20,-137,-146,-829,-850,-451,-64,-428,-264,655,-423,-92,-150,-500,-317,418,623,620,-386,1060,-994,-607,87,77,378,-750,279,-494,543,-586,-1271,216,-208,541,-1304,329,-959,-775,-325,-42,704,531,-386,789,955,-186,-326,-279,73,-73,-531,238,109,322,148,1331,-46,-214,181,232,1229,241,-407,667,-633,-454,941,146,-383,-1063,-327,-227,-502,184,-371,-105,-343,134,-771,14,-642,213,-940,564,-314,879,324,663,272,-73,376,418,-863,-114,-1956,-934,467,304,-401,-368,510,-323,915,1272,-552,-804,245,103,-141,293,-405,-1131,169,-657,-103,-86,870,-904,-232,-664,-1225,-556,354,379,11,346,-18,-31,-387,-224,224,791,-788,412,-84,-553,-806,20,-500,17,83,501,-743,-266,177,167,621,-815,-1297,-817,307,8,770,-590,738,-249,938,-71,-408,57,222,-50,670
26,10,-1030,1025,146,742,-52,350,1347,-290,69,-206,-484,-413,-1187,729,-232,-800,450,271,-148,-29,-616,16,-355,1179,-28,-252,-521,439,-772,181,-554,-628,-903,-40,-474,-1327,694,-1887,864,1273,399,257,8,84,533,-630,-1086,482,239,573,-348,-1277,-189,452,-142,-43,-572,-173,-345,470,782,884,-341,21,-1063,333,-1367,831,97,163,-1012,-340,-78,250,-837,-47,-259,24,314,199,-436,848,-1182,57,-170,-2015,-277,-25,-366,-62,168,-242,115,-725,-360,-912,-596,318,-965,-1078,192,706,121,347,-273,556,-999,1718,-269,721,308,-714,-393,-88,-433,-360,579,2,-738,-392,766,775,523,1,-1030,352,-71,-185,867,-405,476,559,758,-1532,174,-1083,586,-217,378,-11,-613,-75,1003,-1355,-184,-427,-201,421,-989,543,607,340,-557,483,-651,501,-604,-643,274,896,-401,237,652,-408,-10,948,-700,-533,-540,-243,636,482,49,-696,-1362,-506,-281
27,10.40000000000000036,-49,1854,-894,-597,-258,382,527,-115,-456,338,-56,72,431,-287,82,-346,938,-11,-220,829,-310,128,-705,612,-86,-207,884,353,-210,-69,-628,341,-121,37,844,-445,-43,-417,613,490,-110,-165,92,-1160,-1050,-242,65,734,-520,-285,-193,120,-227,-795,-172,-215,-1166,163,260,434,377,-198,-297,-52,534,-444,120,40,-287,461,-792,588,395,439,314,-885,533,201,-784,-585,148,92,-113,-784,1798,962,-471,-787,737,-72,124,275,-362,-79,-453,-655,771,466,-80,-1427,213,-77,1187,316,-39,-33,-278,-759,-202,768,-231,180,-431,125,-478,780,-877,-174,281,661,-574,-590,-315,-689,-452,-354,-1125,251,-379,-1248,400,-672,384,193,-429,7,247,958,408,447,445,-114,462,-395,640,-342,-1001,1793,-890,-743,444,-1281,455,254,-229,1033,45,-970,-622,-1231,-221,-768,35,-497,-579,-983,-477,516,449,-771,-448,-76,-646,-96,36,33,-987
28,10.80000000000000071,-485,1078,706,348,-411,-780,446,359,362,433,60,95,168,-552,-1081,-290,-161,-871,-824,135,-78,157,-1072,-209,-721,-616,427,361,-488,-688,234,-358,-642,11,-534,-498,138,505,-952,-577,259,-82,129,-401,-332,108,441,494,-561,-976,152,-159,58,-148,623,-507,-1106,-172,-250,-224,493,-303,513,207,-182,-445,608,-100,219,-171,239,-861,-555,76,-637,862,-960,-121,-168,-702,-906,78,458,27,-679,-395,-979,72,-940,201,146,-173,839,25,-471,-1445,-112,112,-128,6,453,867,1657,-467,485,45,-78,-502,417,-753,-212,-827,354,239,499,104,-237,795,246,1049,680,-14,723,-276,1352,640,252,-202,-476,-197,968,280,-392,-331,1070,-258,1231,-573,-847,514,-908,-98,17,920,-27,-155,648,1501,-1292,-816,-252,-337,270,471,-403,-139,346,-76,366,-576,103,978,-1302,-199,-97,-434,-1064,971,-835,1239,446,-643,-1052,274,1140,498,-215
29,11.20000000000000107,-1101,111,1448,741,868,-130,-155,-341,-217,115,-170,-250,544,335,-190,-343,-112,-169,-293,529,-374,703,84,202,290,-806,154,-533,1355,11,1064,79,551,-331,-84,-93,766,295,379,-186,-228,365,444,-81,229,-451,-273,-365,578,-353,1502,617,275,239,-1348,-342,13,-1026,-503,-1606,-146,-345,-145,1447,261,-89,-81,-953,400,-34,80,218,488,-86,-172,-613,259,-405,402,799,-431,194,286,-233,46,-563,72,310,1276,-1355,1,18,-736,54,-12,576,-151,-541,-602,-293,-464,35,-605,619,-340,957,-2176,-1112,-337,1120,425,694,-142,-18,856,-123,661,2354,217,-369,614,-320,-417,-514,1064,66,-549,696,272,354,605,-1100,-81,-421,1240,412,-335,507,-159,-143,-48,-1046,229,411,-518,353,293,-1445,994,94,33,-1236,-1056,643,-181,469,311,-249,-629,154,-423,329,-67,1145,-520,1224,-231,518,846,-303,-1,-188,538,314,-162,2020,-539
30,11.60000000000000142,640,181,152,1965,524,-205,-399,624,1253,499,725,-442,-349,-915,-1407,-520,-1009,-682,-177,603,-151,300,-670,-962,-308,545,202,261,429,746,-548,1170,-471,-54,-914,493,-999,401,-746,-479,340,433,351,-312,441,-120,217,-26,-1238,178,-594,-8,-131,-322,-53,306,914,40,854,201,-305,161,-86,-272,-799,-131,600,-323,446,-635,-537,-955,-130,-270,-592,41,-1004,450,379,1648,-571,-345,-1055,213,-681,-605,237,-714,-41,-257,-184,531,1796,-436,506,567,-323,389,-571,-550,-476,74,1267,-155,381,2,-230,-1902,313,500,-428,-500,-181,564,40,-539,1091,1350,-711,-741,-1758,-195,-877,-538,138,-1206,-79,288,-512,126,-417,403,-49,-591,1197,-1773,508,-1378,-472,-223,-332,985,-185,308,-137,-372,71,426,-507,1209,-1203,-274,-367,352,-15,-508,-84,504,405,188,-252,-454,67,719,201,-171,-1369,325,-580,1443,541,-697,-8,187,-517,459,217
31,12,-270,142,-361,-808,-190,482,1609,-158,-114,114,-257,994,-187,-180,316,104,-413,973,-401,447,-904,82,483,-923,67,-348,208,550,-371,454,-212,85,-461,1054,-685,481,-730,82,-408,15,-248,-1163,-286,388,169,-240,-202,-493,-540,107,-463,-174,147,106,356,23,619,-213,-81,860,264,840,85,-483,384,520,-275,141,-202,-399,162,1042,580,-6,916,-345,-1341,-433,-293,-404,960,556,-995,-567,-951,-87,-497,-233,924,-218,-146,810,-198,-435,-133,-469,-56,574,-631,773,-51,467,-452,37,595,613,664,86,546,-447,92,916,-102,808,484,-89,-418,2827,-981,762,317,-108,416,148,20,-345,-330,-268,435,1045,384,-831,-406,825,1377,980,-929,-206,-646,817,353,183,223,39,32,916,-55,1800,-559,1504,974,-37,-78,-378,398,118,123,-75,125,856,929,1090,260,-180,62,-419,76,185,-483,175,69,689,566,105,281,689,-1372
32,12.40000000000000036,-824,-82,503,609,205,-224,-1049,13,439,534,183,232,135,-355,24,-372,-1108,-982,141,138,-806,315,-720,-111,-426,337,854,168,1153,-205,-478,-438,444,433,-138,-19,1267,-80,1223,181,272,410,258,-546,-243,665,480,1278,572,-602,605,348,-560,-242,-1124,90,692,652,-532,-647,-100,794,-458,421,-695,119,113,82,-1498,609,533,-754,-56,835,448,-822,-946,813,-426,277,-678,389,-127,98,780,18,18,-232,1510,912,685,211,-279,-339,-216,329,998,-135,716,-982,443,1005,-566,-6,212,-198,210,139,35,-628,459,740,6,-104,133,582,-1797,-853,403,-245,153,975,108,140,-899,-577,-177,243,356,177,1158,80,-130,-1015,601,-318,-534,42,302,1420,909,757,-180,-542,218,132,-137,1439,745,-688,-561,452,-558,-546,-227,576,-140,-1298,198,-675,-41,582,-572,-993,-213,-19,762,-599,-130,-371,253,204,437,-332,322,65,514
33,12.80000000000000071,450,-824,-476,106,359,-68,-1428,-141,-255,182,-604,441,-349,-827,927,415,739,-197,532,121,107,89,576,549,733,-681,-658,1124,-872,354,152,-521,431,498,958,57,2468,649,696,-2,440,262,-408,-942,303,-29,987,-840,765,-406,1105,-1014,-50,-903,305,37,-255,326,401,-46,-161,-298,1004,-156,-238,-799,192,268,-40,537,-708,576,-251,616,444,198,-294,-274,1203,-850,-360,491,121,-1110,-486,2316,164,-2,-28,148,720,-436,863,186,2,-27,-708,-927,-25,-400,1069,356,-351,908,-331,1318,-1067,-680,-503,856,1185,-964,-939,-159,350,120,-1485,186,355,-634,-1224,-137,702,800,-749,15,116,98,-193,504,157,446,-588,417,545,286,709,-562,231,-161,-110,465,416,-53,-95,1073,26,114,151,303,-331,-63,535,-130,1025,678,-1130,521,442,-501,159,83,-215,425,514,-273,-563,-41,1067,936,283,-731,208,-197,-81,42,-751
34,13.20000000000000107,407,555,788,863,303,27,-360,590,171,-342,-650,495,-44,121,382,179,924,-637,-288,-264,-499,-970,1041,311,-166,-681,351,-757,-199,-277,681,-266,-206,274,-347,-900,612,-209,-432,568,-109,170,402,234,-694,285,-90,223,-347,738,859,-325,150,713,1005,-467,343,1152,-1245,-31,-458,1284,-325,239,529,-421,752,204,-79,484,655,-53,48,776,-243,-477,390,-256,455,-236,153,-326,-686,-255,-170,346,387,-84,-163,-209,-294,-376,411,746,-374,925,-111,247,202,-393,1,-348,510,483,10,-745,-622,-47,145,301,722,556,479,2092,145,912,1690,-1032,644,575,-150,-702,-183,460,-1232,-622,209,162,-194,132,-401,1528,-154,585,610,928,1314,86,-346,107,1566,415,829,796,700,1135,143,-282,-279,-2005,-172,464,-1299,1402,-1173,-989,-1292,-187,543,740,1098,-184,-132,-576,1113,588,-931,486,800,323,330,256,-283,705,-323,274,700
35,13.60000000000000142,-456,172,-235,-224,988,618,-1219,-468,1175,-374,344,-120,547,619,352,-953,-396,554,502,-223,-1731,601,-403,82,-106,-649,300,320,-483,-291,692,-510,589,172,-432,-283,388,-812,-168,174,1373,997,119,419,437,1270,-580,-79,164,245,890,63,-309,-126,-1450,86,443,-357,-73,-503,862,1531,-533,244,-429,-214,-310,162,706,315,653,105,958,912,95,122,336,-807,-362,354,370,-200,-237,911,248,1067,579,648,395,139,144,-1166,486,347,-356,-403,-177,876,304,-369,273,-1051,248,31,-462,900,-172,701,235,259,-153,54,306,381,385,31,648,507,1405,575,59,586,557,-747,-53,248,947,397,582,548,1263,89,-262,-17,-1303,-1197,-689,162,-56,428,-163,212,-225,493,-390,528,202,-724,93,526,228,731,-395,142,359,242,-2,596,-405,429,-264,-513,-1609,177,269,-148,1305,1253,52,-19,-513,354,95,284,19,761,633
36,14,487,372,356,-808,446,-294,-569,-97,-429,269,-259,1630,-154,205,483,-219,-473,341,484,869,-409,339,53,-975,22,-294,328,-717,-374,-300,525,414,-255,-1055,5,640,26,338,788,394,513,152,-411,-32,52,616,-213,-1116,-924,-42,133,-276,-455,1117,282,124,-77,590,-11,-398,178,725,111,-86,145,-273,213,-4,-733,-263,607,-71,500,645,545,1515,592,-198,-690,385,-512,533,616,-17,263,-718,152,347,246,121,60,-284,574,391,189,803,-163,384,-328,-369,402,357,733,713,-298,217,969,-176,-338,1076,881,-60,415,609,755,-493,839,-498,-118,613,-422,118,-186,750,1388,737,1342,-115,-202,-692,706,306,-435,-925,-499,6,-2459,463,-272,-639,396,-400,-212,33,428,366,1285,1012,-257,255,303,536,-326,275,467,-1135,-159,217,1513,-249,927,465,795,-137,147,272,647,77,413,-321,300,1479,243,-54,-543,-278,-163
37,14.40000000000000036,-321,567,-362,698,336,151,298,179,-283,425,-278,250,-132,610,-907,775,-43,444,149,-61,446,-128,-606,-647,-396,47,-431,253,1447,337,740,18,71,1661,-336,-420,175,175,1983,-522,262,-318,219,1051,-269,8,-567,-367,-64,395,22,-710,738,368,-857,835,-460,84,-850,-484,215,539,-826,-27,214,154,1220,74,-48,188,-428,461,115,307,900,839,-262,-620,252,-183,2,-314,433,1034,-439,-59,977,529,270,-29,611,-810,-1138,125,-512,-120,211,-116,583,85,376,709,564,834,-138,124,1152,-106,-825,898,-311,233,-2,-900,293,443,-144,-407,-636,1102,2001,259,-99,-1066,337,946,-710,-761,-4,386,71,354,739,463,939,12,487,-1419,-691,653,63,424,636,130,784,-364,569,-189,824,-878,595,-531,437,-534,-611,76,-146,475,-737,-116,-665,515,456,33,261,-347,2,-158,1434,-110,-870,267,98,235,-771,656,-223
38,14.80000000000000071,130,1015,-466,325,249,1281,616,571,-44,-587,1028,-31,736,-412,1129,240,1167,39,-1318,910,408,117,991,1035,136,126,-279,83,311,-562,1661,-238,993,675,264,-148,587,-360,950,-34,645,-421,-379,1025,6,48,48,-614,429,64,710,187,-502,-38,-770,1204,97,-349,-334,199,25,938,487,565,-104,281,833,623,1713,535,-63,348,736,-236,-423,775,-207,85,88,-530,233,259,95,1063,415,1145,-733,363,247,-21,-160,292,258,-166,-1347,263,478,45,-1143,187,1002,651,154,1222,216,-184,-177,-61,193,658,481,545,633,430,219,26,1047,-1171,51,281,325,-361,-220,315,1178,-536,448,825,320,263,389,-777,-166,-13,804,666,-816,1036,-560,-373,418,894,575,225,343,1009,584,-935,1820,1564,-72,-255,146,889,593,551,395,528,335,255,502,831,-328,-789,-171,-912,-164,-1169,431,94,80,-438,-1242,70,-952,324,977
39,15.20000000000000107,276,-37,-223,-364,640,1300,402,450,1494,145,-434,-105,-240,-784,561,-473,1437,-1180,-518,-123,310,210,180,427,354,-174,841,-304,561,-300,1638,-385,477,1271,-29,1269,-197,-315,161,426,15,2334,177,586,301,1127,-32,691,228,-1118,-285,204,1093,-93,291,57,-93,-143,905,137,208,1793,2015,22,592,-259,564,319,832,388,-409,204,-367,-28,-457,1406,-553,-266,1014,585,36,1072,1012,-74,1077,-479,367,-68,474,741,259,511,520,246,1036,312,-200,742,1110,1022,2029,26,103,698,816,658,437,-37,-472,-435,659,1258,465,-319,-255,573,-213,1332,-471,-121,942,73,219,-280,-6,-1127,685,-287,483,-45,108,47,186,340,717,1061,-137,206,278,1279,446,758,459,347,1519,601,-300,1072,-847,200,309,239,-1105,614,-337,1287,182,152,10,-386,273,-11,-231,505,545,551,913,1006,1850,-230,870,260,664,1107,448,468,-606
40,15.60000000000000142,493,1538,436,1371,1534,1235,1452,673,2192,673,-217,-84,623,832,-488,483,1521,262,545,-113,67,129,1357,1584,643,342,711,705,515,341,602,490,530,-14,1949,1507,591,1409,570,-777,991,1315,1009,893,988,686,1621,445,357,1282,665,1048,1003,697,768,1101,222,1421,708,584,466,817,720,163,251,282,-65,591,-14,446,441,1134,755,-101,1143,435,-219,1647,259,-28,204,411,289,957,1023,1106,329,536,657,890,580,1137,1712,293,930,1073,203,523,705,1355,1671,1292,1719,-362,1127,476,932,1056,172,989,526,-11,1921,347,118,-50,256,871,1834,527,709,495,551,219,407,566,67,667,398,48,602,1257,732,1329,1018,983,1097,1109,805,345,1420,1409,478,910,120,908,1798,1848,-1274,-689,-280,364,-192,571,780,759,54,493,1139,693,981,2096,2005,601,824,-152,322,354,804,1448,171,-106,1013,-98,1501,906,463
41,16,1564,2455,499,1679,1162,793,596,-459,2418,2058,1816,2164,147,1571,2385,1431,908,596,1296,917,1082,688,1369,1593,1621,-428,1496,857,754,641,1448,781,2160,1077,1102,1788,522,368,1399,1585,334,1402,344,687,1201,761,970,629,1284,810,-70,1193,1288,997,1364,1697,-511,1832,1164,1353,1372,-116,2390,1416,512,1498,1519,861,1266,1358,1371,1047,1165,1118,1438,996,1330,171,1297,1776,1270,1677,917,457,1114,1020,1254,1026,576,897,1537,1663,1274,1488,1957,727,1452,307,758,2122,1985,1349,985,172,502,329,25,1840,632,881,58,913,3039,932,518,-377,1211,173,1390,1676,344,1140,1131,1494,379,1208,1097,1319,1145,1690,1741,2207,754,632,1258,1358,1569,1137,1160,2628,362,1423,290,1462,717,1125,1835,2634,659,321,1196,955,1226,1298,2490,1813,1615,2132,1478,1618,1115,824,-284,2525,583,2295,2422,1018,729,1279,1720,17,387,1428,1637,812,1870
42,16.40000000000000213,2002,1937,2213,2140,2327,1320,1311,871,773,786,1292,2365,-661,638,1018,2149,511,1411,1519,1988,412,1682,1083,1117,360,2078,1665,1670,1796,2558,1777,1567,2233,2204,1879,1364,1625,730,2109,1972,1600,1118,1501,2530,1764,2697,182,2021,737,1171,993,1361,1634,1299,1820,2460,1521,1741,1385,1778,1157,1843,2325,1375,2612,1597,2424,1188,1729,2184,1816,1736,2146,1363,2695,924,1849,1694,1819,489,1539,2258,1452,2508,2257,1781,2584,1963,2816,2136,2681,2142,1137,1829,775,2083,1442,1546,760,2098,1454,798,49,2414,1975,1935,1987,553,1528,839,1175,1340,1780,2343,2019,922,908,1087,2207,2221,1506,2315,61,1806,1853,934,1887,2197,1726,1467,1168,2318,-560,1641,1598,2871,596,559,2522,1492,1365,1816,1161,1880,1032,861,1796,1694,2051,1152,432,1660,868,873,2607,1834,1541,1271,1723,2229,210,290,2325,1405,3008,390,2631,1169,632,1221,1816,2419,2493,3124,1641,1471,2241
43,16.80000000000000071,2539,2175,1705,2017,3018,2972,1124,3339,1690,3357,2772,2207,1164,3060,2837,1999,2607,2919,1700,1929,2406,1791,3275,1296,1952,2759,2588,2506,2496,2493,2946,2247,1525,1141,2770,3198,2082,2251,2692,2561,2231,2473,2280,2298,2259,1589,1009,2131,2112,2691,2083,3286,2376,2472,3514,1882,1690,2303,2735,2204,3284,2388,1550,2710,1441,2404,2702,2339,3128,2176,2403,1976,2740,1443,3243,1393,2200,2412,2316,2512,2721,2284,2430,2782,1059,2676,2031,2308,2922,2531,2214,2413,1385,2365,2632,2168,1604,2792,3453,2434,2939,1446,2104,1226,1531,1578,1578,889,2710,2757,2210,2316,2134,2017,893,1854,1661,394,1591,1976,1649,1992,2855,2392,2913,1166,2397,2439,2266,3434,1705,1789,2596,1139,1407,1098,1132,2706,1825,2636,2103,2920,1732,2000,921,2710,2220,3438,3384,2326,1801,1686,1257,2813,711,1108,4125,1411,2694,1775,3796,1066,2653,2716,628,2618,1634,1688,2887,2587,2212,1889,775,1834,3070,2495,1524
44,17.19999999999999929,3977,2003,3289,2955,2154,4626,1743,2537,2864,1994,2211,3289,3421,2661,2626,2081,2845,2841,2873,3351,3089,2625,2551,2695,1913,1642,2997,3642,4413,3171,2976,2615,2435,2270,1673,2400,3704,2324,1934,2518,2271,3713,2376,3495,2828,2587,2749,2806,2654,1689,3048,2685,2602,3203,2730,3082,3791,2439,3015,3325,3650,3204,2810,2060,2575,2893,3431,3885,2948,2493,3171,2833,2311,1806,1666,1618,2273,2343,3049,2528,3154,3218,3570,2354,3562,2853,2545,2886,2082,3618,3112,2635,2772,3171,2693,2151,2348,2631,3612,3229,3363,3745,2436,2198,3748,3163,3403,1493,2401,2074,3114,1996,2782,2855,1771,2715,4945,3065,1929,1520,3026,2502,1643,2356,3641,4938,2734,3012,2162,3008,2784,2110,590,4505,2698,2656,1603,1374,2509,1562,2020,1614,2412,1086,2923,2924,2101,2299,2085,2914,1084,1828,2353,1883,2632,3530,2644,2124,2641,2051,2318,3080,2157,2833,2091,2127,2518,1699,2834,2440,3167,2495,2101,2098,1183,1694,1708
45,17.60000000000000142,2980,2531,2830,3951,2906,3270,3538,3793,3951,2130,3508,2594,2709,3032,3416,3396,3620,2409,3082,2894,3770,3359,2695,2768,3527,4108,2819,3975,2306,3200,3801,3530,3312,3498,2963,3031,3074,3525,2694,3196,4419,3335,3256,3496,2823,3283,3111,3287,2167,4057,2987,3164,3813,3527,2561,3500,3516,3315,4032,4146,2780,4053,3584,2857,3492,3467,3808,3275,3285,3114,4715,4218,4299,3171,3648,3149,2364,3259,3728,2264,3779,3024,2745,3979,3550,2976,2851,3656,2934,4173,3751,3236,3528,4622,3254,2928,3983,3534,3609,1559,2863,3247,4235,3746,4093,2548,4004,3917,4532,4338,3181,4295,3902,3551,3024,3190,3173,4116,3388,4371,3061,3378,4129,4048,2688,2291,2127,3593,3390,3674,3688,2273,2990,2574,3675,2556,2954,3157,3228,1746,3277,2253,2913,2213,1939,2453,3550,3500,3390,2757,2749,2253,3915,1798,3332,2434,2030,1743,2364,2604,2859,2691,2409,2049,3397,2573,2158,1760,2881,3401,2816,2116,2089,2145,1623,2229,2320
46,18,4204,4577,3554,4130,3160,4237,3705,2770,3816,5302,4083,3715,5247,3248,3914,3139,3317,3982,4810,4359,4797,3959,4305,2731,2696,3355,3856,3361,4148,3633,2826,4182,4079,3173,3409,3844,4624,3696,3534,3847,4404,4170,4079,3270,4106,3917,4473,4123,5594,2816,3792,4583,4186,4055,3242,2757,3692,3257,4467,3305,4862,3509,4058,4571,3796,4012,4458,4552,3524,3960,4206,3460,4372,3304,3811,2339,4166,3569,4807,4055,4753,3843,4354,4700,2992,5005,3288,3876,4220,3717,3492,4228,4057,3972,3979,3408,3934,4411,3878,4426,3569,4366,3809,3573,3676,4189,2854,4278,4306,4382,3508,3969,4174,4431,2851,3242,2943,3140,3712,3760,4284,3580,2875,3460,4443,3576,3137,4476,4545,4147,3742,2794,4557,4109,2805,2643,1696,3470,3813,3334,4176,3562,4760,3100,4065,3407,4862,2597,4147,3158,1996,2587,3325,3464,2583,2232,3507,3303,2197,3419,3326,3119,2869,2894,2857,2597,2210,2994,4022,3429,3126,2936,2408,3071,2961,3096,2832
47,18.40000000000000213,4022,3859,3889,4555,2779,4683,4893,4732,4174,3903,3758,4096,4846,5177,4567,5253,3890,4406,3850,4966,3923,4252,4774,4728,5372,3722,3851,4694,4829,3540,5564,3591,4005,4644,4533,4384,4192,4162,3705,3645,4800,4775,4468,3102,4088,3926,4917,4440,4636,4134,4750,4503,4011,5143,4435,5143,4792,4663,4160,3498,6581,4676,4558,4995,4013,4146,4786,4757,4173,4643,4468,4692,4742,4107,4334,4004,5000,4900,3179,4198,3914,3447,4286,4024,3308,3822,4254,3553,4179,3745,3974,4548,4902,5740,4688,4466,4244,3846,4778,3763,3181,4336,6663,4251,5387,4253,3833,5067,3368,4058,4425,3245,4526,2914,4822,4353,3108,5505,2125,3462,6766,4113,5241,4050,2715,3443,5674,4182,3828,4683,4193,4109,4822,3981,3992,4676,3744,2847,3894,3147,3149,5413,4185,4120,3767,3438,4020,2551,3766,3306,3504,5179,3077,3379,3420,3275,2511,3518,2792,4120,2687,1573,3808,3303,1886,2763,3626,3271,3842,3496,3640,3367,3049,3465,2523,2976,2731
48,18.80000000000000071,4002,5408,4386,4352,4531,3946,5309,5529,4347,3893,5312,4803,3170,3818,5237,4283,5141,5231,4427,5552,5558,3385,4639,5291,3790,6174,3237,4429,5032,4803,3917,5850,5640,4006,4759,4700,4287,4616,4424,4240,4476,4021,5520,4781,4675,4043,4148,4752,4651,4609,4532,5350,3355,4226,4143,5219,5194,4656,4292,4320,5114,4519,4417,4097,4203,4713,3922,4454,4274,4439,5010,5536,4043,5023,4407,4653,4571,3708,4984,4634,4293,4065,5376,4669,3687,4769,4444,4755,3384,4049,3432,4426,3726,3686,4045,5235,5387,5369,4148,4202,3880,4706,5010,4828,4649,5426,4646,5199,5301,4384,4967,4451,4166,3763,4457,2671,3121,3359,3053,5171,4953,4113,3985,4027,4914,5661,3791,4059,4359,4652,5545,4045,5085,3453,3290,4792,5096,4067,4220,4973,3717,4142,4966,4125,5483,3347,3352,3486,3573,4899,3149,3138,3073,3556,2688,2477,2634,3504,2695,3580,3957,4104,4832,2293,2609,3898,3626,3157,3611,3828,3174,3157,3555,3224,4288,4379,2938
49,19.20000000000000284,3615,4440,5031,4587,3084,4317,5032,4957,4379,5069,3730,4008,3765,4004,4516,4834,4770,5141,4576,4709,5403,5160,4119,4642,5957,2819,3126,3761,3543,3969,3353,3094,4788,3776,4967,3956,3814,4087,4024,4447,4336,4228,4215,3913,4001,4211,3735,3512,4803,4633,3884,4262,4097,3482,4986,3749,4345,3772,4740,4677,4322,4558,4753,3844,3427,4619,3918,4612,5346,3270,4811,3925,5152,4407,4880,3353,4526,5302,4859,4760,5125,4492,4523,3421,4271,4993,3735,3730,5403,3747,3539,3786,3788,3106,4326,4219,4588,5115,2364,2913,4314,4463,4321,4014,4758,4645,5051,4447,4285,6335,4945,4333,4494,4016,4235,1583,3055,3763,2204,3447,4347,3816,3031,4528,3260,3650,4072,4051,3939,4638,4678,4771,4305,4844,3530,4346,3892,5386,4198,3854,3475,4255,3476,3954,4295,4435,3454,3776,4744,2739,2946,2418,2893,2865,3044,2518,2876,4022,3168,3373,2433,2830,2614,3058,4312,3427,3548,3464,2946,2365,2836,2771,3807,3082,2724,3052,3705
50,19.60000000000000142,4201,4607,4504,3603,4031,5298,5008,2670,2848,5557,4305,3923,3260,3450,3738,3577,4851,4542,5094,4776,5262,4914,5100,4245,4232,4187,3522,3180,4188,3277,4880,4863,3102,3807,3438,4921,2983,4222,4984,3803,3607,2721,3925,3330,4316,4258,3918,4358,3026,2904,4173,3524,4475,3502,4448,4010,3759,4578,4253,4117,4472,3558,3328,4048,2887,4132,4435,3594,3823,4630,3824,4532,3984,4192,3956,5229,4269,2909,3700,4713,2752,3932,3061,4413,3407,3260,3678,4158,3033,4008,3474,4057,3210,3036,3011,3486,4223,4026,1326,2404,3887,4331,3959,3633,3666,3707,3308,4379,4590,5238,3717,3597,4013,3677,3521,2777,2301,1623,3054,2603,4961,4267,3721,4304,3726,3890,3615,4357,3533,5060,3162,3041,3830,4277,3932,3985,3668,2963,3751,3023,2757,3262,3489,4402,2860,3110,3888,3963,3102,2191,4193,3449,2304,2984,2010,660,2031,2477,2304,2835,3125,1812,1696,4048,3355,3117,3240,3456,2715,3407,2975,2661,3444,1046,2785,3895,1692
51,20,2795,2795,4129,4419,3872,4353,2713,3947,3415,3034,3245,3276,2010,3453,2866,2984,2802,3703,3205,4439,3763,3515,3837,5754,3156,3335,2758,2935,3319,2063,2118,2540,2355,1947,2735,3166,2096,2906,3078,4102,2971,3381,2923,3206,3407,3469,3314,2151,3197,2382,4215,3105,4376,3592,3112,3937,4631,4291,3323,2764,3317,2760,2950,2624,2929,2482,3145,3103,3208,3346,4539,2621,3244,2431,2869,4169,2918,3596,2918,2803,1737,3841,3869,2377,3931,3699,3365,3241,3706,2773,3512,3521,3709,3143,2719,2430,3275,2962,1341,3144,2903,3259,3625,3397,3706,1894,2969,3187,2581,2839,3700,2301,2418,3193,2096,1741,4028,2722,2298,2777,2685,2922,2211,2845,3228,2405,2027,2885,3002,2866,2137,1889,3367,3237,1981,3129,2400,2809,3277,2620,5390,2028,2663,4627,2695,2716,2652,3012,2686,1706,2749,1470,2046,2478,2809,1966,2727,3398,1700,1524,2865,2879,2368,2692,1382,1031,2586,4222,3562,2857,1543,3248,2461,1613,2576,2961,3510
52,20.40000000000000213,3451,3209,3440,4392,3752,2841,3405,3913,2986,2470,3185,4068,1329,3405,858,2292,4127,2992,3960,3171,3206,3047,3577,3272,3072,3398,2649,2256,3191,2088,1735,3117,1517,2774,3180,2230,2703,2294,2604,2977,2433,2529,2576,3139,2476,3432,2725,2915,2891,2672,2763,1190,3250,3673,3247,3530,2733,3754,3283,2148,2856,4184,2489,2774,3739,3132,3023,3019,3051,2149,2656,2553,1984,3478,3075,3066,3396,3317,1893,2649,1471,2195,3443,3484,3704,4352,3103,3645,3140,3468,2593,3836,2905,2278,2502,2589,4152,3892,2602,3588,3487,2405,2957,2842,3401,2622,2249,3524,2545,1946,3518,2526,2835,2146,2349,1445,1062,1880,1119,-789,1102,2430,2062,1708,3345,2598,3460,2512,2793,2427,1813,2513,2810,2993,2764,2062,2503,3409,2515,2666,2796,3623,2791,1396,-471,1971,2144,4780,1800,2440,3078,3478,2253,2808,2745,2408,1357,2561,2353,2928,2699,2268,1935,2905,1758,4154,2453,2962,1417,2678,3920,1575,3194,2454,5752,1662,1539
53,20.80000000000000071,5551,5993,6226,5219,6392,5336,5169,5074,5333,6620,6169,5898,3645,4560,3638,4571,5384,4950,4221,5706,5185,5814,5799,5592,5229,4420,5759,4725,4621,4434,6729,4814,4290,4540,4077,5867,5794,6117,4247,4276,4234,4344,3922,4312,4804,4782,4697,4457,4700,4991,4047,4260,4110,4597,4277,6059,3897,4481,5586,3878,3496,4112,4979,4770,5001,5510,4580,4845,4520,4424,4259,5597,4885,4546,3894,3726,5869,5117,4455,4484,3716,6695,6443,5419,4942,7067,7510,7230,6942,5564,6174,6129,6226,6084,5889,5415,6056,6208,7428,5741,7332,7074,4040,5458,5399,4987,6233,5252,5048,7550,5703,5579,4184,4549,4973,3712,4976,3458,3316,5136,5569,5002,5247,5639,6460,6275,4644,4035,4456,5338,3722,5040,5084,4165,4636,4500,6351,4933,4762,4845,4486,4666,4348,3959,6657,5268,4942,6079,4481,4558,6057,5214,5214,4758,5726,5231,5256,5091,5656,5276,4645,4714,5151,4777,4917,5393,4449,4807,4839,4894,5498,3784,5082,5193,12517,5822,4919
54,21.20000000000000284,13372,13718,15380,14448,14057,12966,12464,14107,11744,12298,12448,13310,13770,15102,11630,14374,14302,13238,12579,14033,14110,13576,12782,10749,12262,13322,12461,13113,12885,11599,11625,12180,11612,12507,13624,12094,13452,12097,12836,12659,12390,11526,12972,12242,12295,12698,11892,12759,12888,12806,11773,12641,12435,10124,11416,12161,11574,13336,12643,11472,9754,11310,12134,11520,9813,12027,11498,11019,10230,11393,12005,10854,11010,11125,11968,10746,12182,11651,10321,10930,12202,15236,15432,15355,15024,16329,18669,16156,14812,15142,13442,15405,16310,15754,14545,15025,15230,13662,16120,16468,14572,16052,13888,13635,11722,14497,14251,16131,16380,16279,13470,14499,12481,12582,12556,12634,11416,11265,11655,11166,10191,12642,12281,13371,15257,13654,13133,13773,13377,12621,13058,12906,11212,13566,13448,11613,13642,12305,11326,13243,11325,12580,10907,12221,11832,12269,11118,9770,11692,11994,11641,12604,11817,12541,13543,13204,12679,13122,12105,12994,13876,13356,13710,14237,13696,11726,13987,13158,13292,12610,14723,12476,12552,13768,28444,11274,12918
55,21.60000000000000142,31989,30113,29169,29498,29766,27578,29098,29657,26947,28633,29509,29627,28958,29726,29083,29878,29779,30843,28599,29258,29053,29072,28372,27631,28533,30109,28556,29613,28844,28785,27653,30195,29104,28984,29059,29160,29993,29513,28475,28729,28544,28167,27110,29854,29227,29081,27698,27680,28114,30222,27316,28998,28752,28526,29730,29627,28707,28495,27130,27756,24868,26898,27162,27782,27703,26100,28610,26923,28831,28798,27522,28260,26025,26677,28182,26765,27962,27480,26703,26723,27760,29800,32373,30808,29759,32593,32343,32204,31770,30934,30584,30412,30776,31611,32767,30451,31291,31085,32567,32650,30780,31745,30617,31235,28526,31575,31509,31067,30961,30793,30104,29497,30665,29725,28379,27264,27063,27825,27317,24888,24582,27405,29280,28314,26397,29974,28747,28970,29141,31635,30694,29242,28118,27166,26601,28199,29635,29433,27456,29621,27381,25816,26734,24882,27430,26942,26437,27667,25871,27022,28533,27906,26901,27191,28659,28956,28351,30013,27589,28663,29710,28174,29482,26335,27992,29296,28822,27146,29000,29676,29158,29147,27867,29016,32767,27341,29913
56,22,32767,32767,32767,32767,32767,32767,32767,32767,32767,32767,32767,32635,32767,32767,32767,32767,32767,32767,32767,32767,32767,32767,32767,32767,32767,32767,32767,32767,32767,32668,32767,32767,32767,32767,32767,32767,32767,32767,32767,32767,32767,32767,32767,32767,32767,32767,32767,32767,32767,32439,32767,32767,32767,32767,32767,32767,32767,32767,32767,32767,32767,32767,32767,32767,32767,32767,32767,32767,32767,32767,32767,32767,32767,32767,32767,32767,32767,32767,32767,32767,32767,32767,32767,32767,32767,32767,32767,32767,32767,32767,32767,32767,32767,32767,32767,32767,32767,32767,32767,32767,32767,32767,32767,32767,32767,32767,32767,32767,32767,32767,32767,32767,32767,32767,32767,32767,32767,32767,32767,32767,32767,32767,32767,32767,32766,32767,32767,32767,32767,32767,32767,32767,32764,32767,32767,32767,32738,32767,32767,32767,32726,32767,32767,32767,32767,32767,32767,32767,32767,32767,32767,32767,32767,32767,32767,32767,32767,32767,32767,32767,32767,32767,32767,32767,32767,32767,32767,32767,32767,32767,32767,32767,32767,32767,32767,32767,32767
57,22.40000000000000213,32767,32767,32767,32767,32767,32767,32767,32767,32767,32767,32767,32767,32767,32767,32767,32767,32767,32767,32767,32767,32767,32767,32767,32767,32767,32767,32767,32767,32767,32767,32767,32767,32767,32767,32767,32767,32767,32767,32767,32767,32767,32767,32767,32767,32767,32767,32767,32767,32767,32767,32767,32767,32767,32767,32767,32767,32767,32767,32767,32767,32767,32767,32767,32767,32767,32767,32767,32767,32767,32767,32767,32767,32767,32767,32767,32767,32767,32767,32767,32767,32767,32767,32767,32767,32767,32767,32767,32767,32767,32767,32767,32767,32767,32767,32767,32767,32767,32767,32767,32767,32767,32767,32767,32767,32767,32767,32767,32767,32767,32767,32767,32767,32767,32767,32767,32767,32767,32767,32767,32767,32767,32767,32767,32767,32767,32767,32767,32767,32767,32767,32767,32767,32767,32767,32767,32767,32767,32767,32767,32767,32767,32767,32767,32767,32767,32767,32767,32767,32767,32767,32767,32767,32767,32767,32767,32767,32767,32767,32767,32767,32767,32767,32767,32767,32767,32767,32767,32767,32767,32767,32767,32767,32767,32767,32767,32767,32767
58,22.80000000000000071,32767,32767,32767,32767,32767,32767,32767,32767,32767,32767,32767,32767,32767,32767,32767,32767,32767,32767,32767,32767,32767,32767,32767,32767,32767,32767,32767,32767,32767,32767,32767,32767,32767,32767,32767,32767,32767,32767,32767,32767,32767,32767,32767,32767,32767,32767,32767,32767,32767,32767,32767,32767,32767,32767,32767,32767,32767,32767,32767,32767,32767,32767,32767,32767,32767,32767,32767,32767,32767,32767,32767,32767,32767,32767,32767,32767,32767,32767,32767,32767,32767,32767,32767,32767,32767,32767,32767,32767,32767,32767,32767,32767,32767,32767,32767,32767,32767,32767,32767,32767,32767,32767,32767,32767,32767,32767,32767,32767,32767,32767,32767,32767,32767,32767,32767,32767,32767,32767,32767,32767,32767,32767,32767,32767,32767,32767,32767,32767,32767,32767,32767,32767,32767,32767,32767,32767,32767,32767,32767,32767,32767,32767,32767,32767,32767,32767,32767,32767,32767,32767,32767,32767,32767,32767,32767,32767,32767,32767,32767,32767,32767,32767,32767,32767,32767,32767,32767,32767,32767,32767,32767,32767,32767,32767,32767,32767,32767
59,23.20000000000000284,32767,32767,32767,32767,32767,32767,32767,32767,32767,32767,32767,32767,32767,32767,32767,32767,32767,32767,32767,32767,32767,32767,32767,32767,32767,32767,32767,32767,32767,32767,32767,32767,32767,32767,32767,32767,32767,32767,32767,32767,32767,32767,32767,32767,32767,32767,32767,32767,32767,32767,32767,32767,32767,32767,32767,32767,32767,32767,32767,32767,32767,32767,32767,32767,32767,32767,32767,32767,32767,32767,32767,32767,32767,32767,32767,32767,32767,32767,32767,32767,32767,32767,32767,32767,32767,32767,32767,32767,32767,32767,32767,32767,32767,32767,32767,32767,32767,32767,32767,32767,32767,32767,32767,32767,32767,32767,32767,32767,32767,32767,32767,32767,32767,32767,32767,32767,32767,32767,32767,32767,32767,32767,32767,32767,32767,32767,32767,32767,32767,32767,32767,32767,32767,32767,32767,32767,32767,32767,32767,32767,32767,32767,32767,32767,32767,32767,32767,32767,32767,32767,32767,32767,32767,32767,32767,32767,32767,32767,32767,32767,32767,32767,32767,32767,32767,32767,32767,32767,32767,32767,32767,32767,32767,32767,32767,32767,32767
60,23.60000000000000142,32767,32767,32767,32767,32767,32767,32767,32767,32767,32767,32767,32767,32767,32767,32767,32767,32767,32767,32767,32767,32767,32767,32767,32767,32767,32767,32767,32767,32767,32767,32767,32767,32767,32767,32767,32767,32767,32767,32767,32767,32767,32767,32767,32767,32767,32767,32767,32767,32767,32767,32767,32767,32767,32767,32767,32767,32767,32767,32767,32767,32767,32767,32767,32767,32767,32767,32767,32767,32767,32767,32767,32767,32767,32767,32767,32767,32767,32767,32767,32767,32767,32767,32767,32767,32767,32767,32767,32767,32767,32767,32767,32767,32767,32767,32767,32767,32767,32767,32767,32767,32767,32767,32767,32767,32767,32767,32767,32767,32767,32767,32767,32767,32767,32767,32767,32767,32767,32767,32767,32767,32767,32767,32767,32767,32767,32767,32767,32767,32767,32767,32767,32767,32767,32767,32767,32767,32767,32767,32767,32767,32767,32767,32767,32767,32767,32767,32767,32767,32767,32767,32767,32767,32767,32767,32767,32767,32767,32767,32767,32767,32767,32767,32767,32767,32767,32767,32767,32767,32767,32767,32767,32767,32767,32767,32767,32767,32767
61,24,32767,32767,32767,32767,32767,32767,32767,32767,32767,32767,32767,32767,32767,32767,32767,32767,32767,32767,32767,32767,32767,32767,32767,32767,32767,32767,32767,32767,32767,32767,32767,32767,32767,32767,32767,32767,32767,32767,32767,32767,32767,32767,32767,32767,32767,32767,32767,32767,32767,32767,32767,32767,32767,32767,32767,32767,32767,32767,32767,32767,32767,32767,32767,32767,32767,32767,32767,32767,32767,32767,32767,32767,32767,32767,32767,32767,32767,32767,32767,32767,32767,32767,32767,32767,32767,32767,32767,32767,32767,32767,32767,32767,32767,32767,32767,32767,32767,32767,32767,32767,32767,32767,32767,32767,32767,32767,32767,32767,32767,32767,32767,32767,32767,32767,32767,32767,32767,32767,32767,32767,32767,32767,32767,32767,32767,32767,32767,32767,32767,32767,32767,32767,32767,32767,32767,32767,32767,32767,32767,32767,32767,32767,32767,32767,32767,32767,32767,32767,32767,32767,32767,32767,32767,32767,32767,32767,32767,32767,32767,32767,32767,32767,32767,32767,32767,32767,32767,32767,32767,32767,32767,32767,32767,32767,32767,32767,32767
62,24.40000000000000213,32767,32767,32767,32767,32767,32767,32767,32767,32767,32767,32767,32767,32767,32767,32767,32767,32767,32767,32767,32767,32767,32767,32767,32767,32767,32767,32767,32767,32767,32767,32767,32767,32767,32767,32767,32767,32767,32767,32767,32767,32767,32767,32767,32767,32767,32767,32767,32767,32767,32767,32767,32767,32767,32767,32767,32767,32767,32767,32767,32767,32767,32767,32767,32767,32767,32767,32767,32767,32767,32767,32767,32767,32767,32767,32767,32767,32767,32767,32767,32767,32767,32767,32767,32767,32767,32767,32767,32767,32767,32767,32767,32767,32767,32767,32767,32767,32767,32767,32767,32767,32767,32767,32767,32767,32767,32767,32767,32767,32767,32767,32767,32767,32767,32767,32767,32767,32767,32767,32767,32767,32767,32767,32767,32767,32767,32767,32767,32767,32767,32767,32767,32767,32767,32767,32767,32767,32767,32767,32767,32767,32767,32767,32767,32767,32767,32767,32767,32767,32767,32767,32767,32767,32767,32767,32767,32767,32767,32767,32767,32767,32767,32767,32767,32767,32767,32767,32767,32767,32767,32767,32767,32767,32767,32767,32767,32767,32767
63,24.80000000000000071,32767,32767,32767,32767,32767,32767,32767,32767,32767,32767,32767,32767,32767,32767,32767,32767,32767,32767,32767,32767,32767,32767,32767,32767,32767,32767,32767,32767,32767,32767,32767,32767,32767,32767,32767,32767,32767,32767,32767,32767,32767,32767,32767,32767,32767,32767,32767,32767,32767,32767,32767,32767,32767,32767,32767,32767,32767,32767,32767,32767,32767,32767,32767,32767,32767,32767,32767,32767,32767,32767,32767,32767,32767,32767,32767,32767,32767,32767,32767,32767,32767,32767,32767,32767,32767,32767,32767,32767,32767,32767,32767,32767,32767,32767,32767,32767,32767,32767,32767,32767,32767,32767,32767,32767,32767,32767,32767,32767,32767,32767,32767,32767,32767,32767,32767,32767,32767,32767,32767,32767,32767,32767,32767,32767,32767,32767,32767,32767,32767,32767,32767,32767,32767,32767,32767,32767,32767,32767,32767,32767,32767,32767,32767,32767,32767,32767,32767,32767,32767,32767,32767,32767,32767,32767,32767,32767,32767,32767,32767,32767,32767,32767,32767,32767,32767,32767,32767,32767,32767,32767,32767,32767,32767,32767,32767,32767,32767
64,25.20000000000000284,32767,32767,32767,32767,32767,32767,32767,32767,32767,32767,32767,32767,32767,32767,32767,32767,32767,32767,32767,32767,32767,32767,32767,32767,32767,32767,32767,32767,32767,32767,32767,32767,32767,32767,32767,32767,32767,32767,32767,32767,32767,32767,32767,32767,32767,32767,32767,32767,32767,32767,32767,32767,32767,32767,32767,32767,32767,32767,32767,32767,32767,32767,32767,32767,32767,32767,32767,32767,32767,32767,32767,32767,32767,32767,32767,32767,32767,32767,32767,32767,32767,32767,32767,32767,32767,32767,32767,32767,32767,32767,32767,32767,32767,32767,32767,32767,32767,32767,32767,32767,32767,32767,32767,32767,32767,32767,32767,32767,32767,32767,32767,32767,32767,32767,32767,32767,32767,32767,32767,32767,32767,32767,32767,32767,32767,32767,32767,32767,32767,32767,32767,32767,32767,32767,32767,32767,32767,32767,32767,32767,32767,32767,32767,32767,32767,32767,32767,32767,32767,32767,32767,32767,32767,32767,32767,32767,32767,32767,32767,32767,32767,32767,32767,32767,32767,32767,32767,32767,32767,32767,32767,32767,32767,32767,32767,32767,32767
65,25.60000000000000142,32767,32767,32767,32767,32767,32767,32767,32767,32767,32767,32767,32767,32767,32767,32767,32767,32767,32767,32767,32767,32767,32767,32767,32767,32767,32767,32767,32767,32767,32767,32767,32767,32767,32767,32767,32767,32767,32767,32767,32767,32767,32767,32767,32767,32767,32767,32767,32767,32767,32767,32767,32767,32767,32767,32767,32767,32767,32767,32767,32767,32767,32767,32767,32767,32767,32767,32767,32767,32767,32767,32767,32767,32767,32767,32767,32767,32767,32767,32767,32767,32767,32767,32767,32767,32767,32767,32767,32767,32767,32767,32767,32767,32767,32767,32767,32767,32767,32767,32767,32767,32767,32767,32767,32767,32767,32767,32767,32767,32767,32767,32767,32767,32767,32767,32767,32767,32767,32767,32767,32767,32767,32767,32767,32767,32767,32767,32767,32767,32767,32767,32767,32767,32767,32767,32767,32767,32767,32767,32767,32767,32767,32767,32767,32767,32767,32767,32767,32767,32767,32767,32767,32767,32767,32767,32767,32767,32767,32767,32767,32767,32767,32767,32767,32767,32767,32767,32767,32767,32767,32767,32767,32767,32767,32767,32767,32767,32767
66,26,32767,32767,32767,32767,32767,32767,32767,32767,32767,32767,32767,32767,32767,32767,32767,32767,32767,32767,32767,32767,32767,32767,32767,32767,32767,32767,32767,32767,32767,32767,32767,32767,32767,32767,32767,32767,32767,32767,32767,32767,32767,32767,32767,32767,32767,32767,32767,32767,32767,32767,32767,32767,32767,32767,32767,32767,32767,32767,32767,32767,32767,32767,32767,32767,32767,32767,32767,32767,32767,32767,32767,32767,32767,32767,32767,32767,32767,32767,32767,32767,32767,32767,32767,32767,32767,32767,32767,32767,32767,32767,32767,32767,32767,32767,32767,32767,32767,32767,32767,32767,32767,32767,32767,32767,32767,32767,32767,32767,32767,32767,32767,32767,32767,32767,32767,32767,32767,32767,32767,32767,32767,32767,32767,32767,32767,32767,32767,32767,32767,32767,32767,32767,32767,32767,32767,32767,32767,32767,32767,32767,32767,32767,32767,32767,32767,32767,32767,32767,32767,32767,32767,32767,32767,32767,32767,32767,32767,32767,32767,32767,32767,32767,32767,32767,32767,32767,32767,32767,32767,32767,32767,32767,32767,32767,32767,32767,32767
67,26.40000000000000213,32767,32767,32767,32767,32767,32767,32767,32767,32767,32767,32767,32767,32767,32767,32767,32767,32767,32767,32767,32767,32767,32767,32767,32767,32767,32767,32767,32767,32767,32767,32767,32767,32767,32767,32767,32767,32767,32767,32767,32767,32767,32767,32767,32767,32767,32767,32767,32767,32767,32767,32767,32767,32767,32767,32767,32767,32767,32767,32767,32767,32767,32767,32767,32767,32767,32767,32767,32767,32767,32767,32767,32767,32767,32767,32767,32767,32767,32767,32767,32767,32767,32767,32767,32767,32767,32767,32767,32767,32767,32767,32767,32767,32767,32767,32767,32767,32767,32767,32767,32767,32767,32767,32767,32767,32767,32767,32767,32767,32767,32767,32767,32767,32767,32767,32767,32767,32767,32767,32767,32767,32767,32767,32767,32767,32767,32767,32767,32767,32767,32767,32767,32767,32767,32767,32767,32767,32767,32767,32767,32767,32767,32767,32767,32767,32767,32767,32767,32767,32767,32767,32767,32767,32767,32767,32767,32767,32767,32767,32767,32767,32767,32767,32767,32767,32767,32767,32767,32767,32767,32767,32767,32767,32767,32767,32767,32767,32767
68,26.80000000000000071,32767,32767,32767,32767,32767,32767,32767,32767,32767,32767,32767,32767,32767,32767,32767,32767,32767,32767,32767,32767,32767,32767,32767,32767,32767,32767,32767,32767,32767,32767,32767,32767,32767,32767,32767,32767,32767,32767,32767,32767,32767,32767,32767,32767,32767,32767,32767,32767,32767,32767,32767,32767,32767,32767,32767,32767,32767,32767,32767,32767,32767,32767,32767,32767,32767,32767,32767,32767,32767,32767,32767,32767,32767,32767,32767,32767,32767,32767,32767,32767,32767,32767,32767,32767,32767,32767,32767,32767,32767,32767,32767,32767,32767,32767,32767,32767,32767,32767,32767,32767,32767,32767,32767,32767,32767,32767,32767,32767,32767,32767,32767,32767,32767,32767,32767,28673,28390,32632,30225,32767,32767,32767,32767,32767,32767,32767,32767,32767,32767,32767,32767,32767,32767,32767,32767,32767,32767,32767,32767,32767,32767,32767,32767,32767,32767,32767,32767,32767,32767,32508,32767,32767,32767,32767,32767,32767,32767,32767,32767,32767,32767,32767,32767,32767,32767,32767,32767,32767,32767,32767,32767,32767,32767,32767,32767,32767,32767
69,27.20000000000000284,32440,32760,32664,32767,32767,32767,32767,32767,32767,32767,32767,32767,32767,32603,23355,31603,11583,32767,32767,32767,32767,32767,32767,32767,32767,26338,32767,32570,32767,32767,32767,32767,28382,32610,30899,32299,32629,32137,32028,32767,32767,32767,32436,32509,32767,32767,32767,32767,32767,32767,32646,32767,32767,32767,32767,32767,32767,32767,32767,32767,32767,32767,32767,32767,32767,32767,32767,32767,32767,32767,32767,32767,32767,32767,32767,32767,32767,32767,32767,32767,32767,32157,32767,32767,32767,32767,31777,32767,32767,31531,32344,31786,23760,-13081,-5675,17752,32183,32767,32767,13335,-1812,-11233,11874,16210,29463,-5302,-17817,24707,-10334,23838,30403,32767,32767,4919,-15056,-25083,-28699,-13782,-29251,15043,27385,32529,-1323,19575,32767,32767,26750,31350,32588,29656,1007,7671,32767,32767,32767,32767,14103,28488,18062,22814,32647,30905,32710,29266,24412,29412,2163,32767,10218,-17919,32767,32767,30964,20732,31834,30705,30715,31710,32274,31477,31662,32670,32524,32765,32767,32715,32601,32767,32678,32726,32767,32405,32212,32767,-9909,32767,32767
70,27.60000000000000142,-23278,-23338,-11186,1545,-5045,4651,8144,-3682,13316,11303,18283,226,11319,-22307,-31989,-26582,-32767,-9448,-6666,-288,2241,5716,23387,30241,-7699,-26459,-14291,-26724,-19471,-20605,-17993,-14049,-28324,-26351,-22755,-16490,-22466,-19487,-22040,-17597,-21843,-20036,-20865,-14837,-12659,-11721,-10636,-11986,-14642,-9328,-11046,-12147,2488,-10435,-12968,-5652,-11109,-7549,-8221,544,-581,-7875,-4400,-7040,-6048,-5499,-5833,-2230,-9828,-3286,-5133,-6725,-6905,-4339,-4569,2831,460,8695,5443,2361,-3621,-16728,-16011,4410,-863,-4494,-24242,-18018,-5615,-23965,-26872,-27066,-30349,-32767,-32767,-32376,-22295,-16760,-3864,-32147,-32767,-32767,-32767,-32767,-28015,-32767,-32767,-31876,-32767,-32767,-27815,-2708,-24401,-32767,-32767,-32767,-32767,-32767,-32767,-32767,-30769,-19244,-32767,-31707,2594,-6359,-29032,-21998,-19917,-28709,-32767,-32767,-5841,-14964,-13228,-17442,-32076,-30898,-32518,-30526,-14246,-29767,-6745,-23660,-32726,-27574,-32767,8631,-32767,-32767,-3861,-6844,-25581,-31845,-20378,-16791,-19331,-13523,-15219,-15227,-13896,-11304,-10599,-11221,-8090,-9683,-7522,-8042,-3265,-7526,-7794,-7674,-9020,-13952,-32767,-5944,-8558
71,28,-32767,-32767,-32767,-32116,-32767,-32767,-32767,-32767,-32767,-32099,-30887,-32767,-32767,-32767,-32767,-32767,-32767,-32767,-32767,-32767,-32767,-32767,-32743,-25101,-32767,-32767,-32767,-32767,-32767,-32767,-32767,-32767,-32767,-32767,-32767,-32767,-32687,-32767,-32767,-32767,-32767,-32767,-32767,-32767,-32767,-32767,-32767,-32767,-32767,-32767,-32767,-32767,-32767,-32767,-32767,-32767,-32767,-32767,-32767,-32767,-32767,-32767,-32767,-32767,-32767,-32767,-32767,-32767,-32767,-32767,-32421,-32767,-32767,-32767,-32767,-32767,-32767,-32724,-32767,-32767,-32767,-32767,-32767,-31959,-32767,-32726,-32767,-32767,-32767,-32767,-32767,-32767,-32767,-32767,-32767,-32767,-32767,-32767,-32767,-32767,-32767,-32767,-32767,-32767,-32767,-32767,-32767,-32767,-32767,-32767,-32767,-32767,-32767,-32767,-32767,-32767,-32767,-32767,-32767,-32767,-32767,-32767,-32767,-32767,-32767,-32767,-32767,-32767,-32767,-32767,-32767,-32767,-32767,-32767,-32767,-32767,-32767,-32767,-32767,-32767,-32767,-32767,-32767,-32767,-32767,-32767,-32767,-32391,-32767,-32767,-32767,-32767,-32767,-32767,-32767,-32767,-32767,-32767,-32203,-32767,-32767,-32767,-32767,-32628,-32767,-32661,-32767,-32767,-32767,-32767,-32767,-32670,-32767,-32024,-32767,-32767,-32767
72,28.40000000000000213,-32767,-32767,-32767,-32767,-32767,-32767,-32767,-32767,-32767,-32767,-32767,-32767,-32767,-32767,-32767,-32767,-32767,-32767,-32767,-32767,-32767,-32767,-32767,-32767,-32767,-32767,-32767,-32767,-32767,-32767,-32767,-32767,-32767,-32767,-32767,-32767,-32767,-32767,-32767,-32767,-32767,-32767,-32767,-32767,-32767,-32767,-32767,-32767,-32767,-32767,-32767,-32767,-32767,-32767,-32767,-32767,-32767,-32767,-32767,-32767,-32767,-32767,-32767,-32767,-32767,-32767,-32767,-32767,-32767,-32767,-32767,-32767,-32767,-32767,-32767,-32767,-32767,-32767,-32767,-32767,-32767,-32767,-32767,-32767,-32767,-32767,-32767,-32767,-32767,-32767,-32767,-32767,-32767,-32767,-32767,-32767,-32767,-32767,-32767,-32767,-32767,-32767,-32767,-32767,-32767,-32767,-32767,-32767,-32767,-32767,-32767,-32767,-32767,-32767,-32767,-32767,-32767,-32767,-32767,-32767,-32767,-32767,-32767,-32767,-32767,-32767,-32767,-32767,-32767,-32767,-32767,-32767,-32767,-32767,-32767,-32767,-32767,-32767,-32767,-32767,-32767,-32767,-32767,-32767,-32767,-32767,-32767,-32767,-32767,-32767,-32767,-32767,-32767,-32767,-32767,-32767,-32767,-32767,-32767,-32767,-32767,-32767,-32767,-32767,-32767,-32767,-32767,-32767,-32767,-32767,-32767,-32767,-32767,-32767,-32767,-32767,-32767
73,28.80000000000000071,-32767,-32767,-32767,-32767,-32767,-32767,-32767,-32767,-32767,-32767,-32767,-32767,-32767,-32767,-32767,-32767,-32767,-32767,-32767,-32767,-32767,-32767,-32767,-32767,-32767,-32767,-32767,-32767,-32767,-32767,-32767,-32767,-32767,-32767,-32767,-32767,-32767,-32767,-32767,-32767,-32767,-32767,-32767,-32767,-32767,-32767,-32767,-32767,-32767,-32767,-32767,-32767,-32767,-32767,-32767,-32767,-32767,-32767,-32767,-32767,-32767,-32767,-32767,-32767,-32767,-32767,-32767,-32767,-32767,-32767,-32767,-32767,-32767,-32767,-32767,-32767,-32767,-32767,-32767,-32767,-32767,-32767,-32767,-32767,-32767,-32767,-32767,-32767,-32767,-32767,-32767,-32767,-32767,-32767,-32767,-32767,-32767,-32767,-32767,-32767,-32767,-32767,-32767,-32767,-32767,-32767,-32767,-32767,-32767,-32767,-32767,-32767,-32767,-32767,-32767,-32767,-32767,-32767,-32767,-32767,-32767,-32767,-32767,-32767,-32767,-32767,-32767,-32767,-32767,-32767,-32767,-32767,-32767,-32767,-32767,-32767,-32767,-32767,-32767,-32767,-32767,-32767,-32767,-32767,-32767,-32767,-32767,-32767,-32767,-32767,-32767,-32767,-32767,-32767,-32767,-32767,-32767,-32767,-32767,-32767,-32767,-32767,-32767,-32767,-32767,-32767,-32767,-32767,-32767,-32767,-32767,-32767,-32767,-32767,-32767,-32767,-32767
74,29.20000000000000284,-32767,-32767,-32767,-32767,-32767,-32767,-32767,-32767,-32767,-32767,-32767,-32767,-32767,-32767,-32767,-32767,-32767,-32767,-32767,-32767,-32767,-32767,-32767,-32767,-32767,-32767,-32767,-32767,-32767,-32767,-32767,-32767,-32767,-32767,-32767,-32767,-32767,-32767,-32767,-32767,-32767,-32767,-32767,-32767,-32767,-32767,-32767,-32767,-32767,-32767,-32767,-32767,-32767,-32767,-32767,-32767,-32767,-32767,-32767,-32767,-32767,-32767,-32767,-32767,-32767,-32767,-32767,-32767,-32767,-32767,-32767,-32767,-32767,-32767,-32767,-32767,-32767,-32767,-32767,-32767,-32767,-32767,-32767,-32767,-32767,-32767,-32767,-32767,-32767,-32767,-32767,-32767,-32767,-32767,-32767,-32767,-32767,-32767,-32767,-32767,-32767,-32767,-32767,-32767,-32767,-32767,-32767,-32767,-32767,-32767,-32767,-32767,-32767,-32767,-32767,-32767,-32767,-32767,-32767,-32767,-32767,-32767,-32767,-32767,-32767,-32767,-32767,-32767,-32767,-32767,-32767,-32767,-32767,-32767,-32767,-32767,-32767,-32767,-32767,-32767,-32767,-32767,-32767,-32767,-32767,-32767,-32767,-32767,-32767,-32767,-32767,-32767,-32767,-32767,-32767,-32767,-32767,-32767,-32767,-32767,-32767,-32767,-32767,-32767,-32767,-32767,-32767,-32767,-32767,-32767,-32767,-32767,-32767,-32767,-32767,-32767,-32767
75,29.60000000000000142,-32767,-32767,-32767,-32767,-32767,-32767,-32767,-32767,-32767,-32767,-32767,-32767,-32767,-32767,-32767,-32767,-32767,-32767,-32767,-32767,-32767,-32767,-32767,-32767,-32767,-32767,-32767,-32767,-32767,-32767,-32767,-32767,-32767,-32767,-32767,-32767,-32767,-32767,-32767,-32767,-32767,-32767,-32767,-32767,-32767,-32767,-32767,-32767,-32767,-32767,-32767,-32767,-32767,-32767,-32767,-32767,-32767,-32767,-32767,-32767,-32767,-32767,-32767,-32767,-32767,-32767,-32767,-32767,-32767,-32767,-32767,-32767,-32767,-32767,-32767,-32767,-32767,-32767,-32767,-32767,-32767,-32767,-32767,-32767,-32767,-32767,-32767,-32767,-32767,-32767,-32767,-32767,-32767,-32767,-32767,-32767,-32767,-32767,-32767,-32767,-32767,-32767,-32767,-32767,-32767,-32767,-32767,-32767,-32767,-32767,-32767,-32767,-32767,-32767,-32767,-32767,-32767,-32767,-32767,-32767,-32767,-32767,-32767,-32767,-32767,-32767,-32767,-32767,-32767,-32767,-32767,-32767,-32767,-32767,-32767,-32767,-32767,-32767,-32767,-32767,-32767,-32767,-32767,-32767,-32767,-32767,-32767,-32767,-32767,-32767,-32767,-32767,-32767,-32767,-32767,-32767,-32767,-32767,-32767,-32767,-32767,-32767,-32767,-32767,-32767,-32767,-32767,-32767,-32767,-32767,-32767,-32767,-32767,-32767,-32767,-32767,-32767
76,30,-32767,-32767,-32767,-32767,-32767,-32767,-32767,-32767,-32767,-32767,-32767,-32767,-32767,-32767,-32767,-32767,-32767,-32767,-32767,-32767,-32767,-32767,-32767,-32767,-32767,-32767,-32767,-32767,-32767,-32767,-32767,-32767,-32767,-32767,-32767,-32767,-32767,-32767,-32767,-32767,-32767,-32767,-32767,-32767,-32767,-32767,-32767,-32767,-32767,-32767,-32767,-32767,-32767,-32767,-32767,-32767,-32767,-32767,-32767,-32767,-32767,-32767,-32767,-32767,-32767,-32767,-32767,-32767,-32767,-32767,-32767,-32767,-32767,-32767,-32767,-32767,-32767,-32767,-32767,-32767,-32767,-32767,-32767,-32767,-32767,-32767,-32767,-32767,-32767,-32767,-32767,-32767,-32767,-32767,-32767,-32767,-32767,-32767,-32767,-32767,-32767,-32767,-32767,-32767,-32767,-32767,-32767,-32767,-32767,-32767,-32767,-32767,-32767,-32767,-32767,-32767,-32767,-32767,-32767,-32767,-32767,-32767,-32767,-32767,-32767,-32767,-32767,-32767,-32767,-32767,-32767,-32767,-32767,-32767,-32767,-32767,-32767,-32767,-32767,-32767,-32767,-32767,-32767,-32767,-32767,-32767,-32767,-32767,-32767,-32767,-32767,-32767,-32767,-32767,-32767,-32767,-32767,-32767,-32767,-32767,-32767,-32767,-32767,-32767,-32767,-32767,-32767,-32767,-32767,-32767,-32767,-32767,-32767,-32767,-32767,-32767,-32767
77,30.40000000000000213,-32767,-32767,-32767,-32767,-32767,-32767,-32767,-32767,-32767,-32767,-32767,-32767,-32767,-32767,-32767,-32767,-32767,-32767,-32767,-32767,-32767,-32767,-32767,-32767,-32767,-32767,-32767,-32767,-32767,-32767,-32767,-32767,-32767,-32767,-32767,-32767,-32767,-32767,-32767,-32767,-32767,-32767,-32767,-32767,-32767,-32767,-32767,-32767,-32767,-32767,-32767,-32767,-32767,-32767,-32767,-32767,-32767,-32767,-32767,-32767,-32767,-32767,-32767,-32767,-32767,-32767,-32767,-32767,-32767,-32767,-32767,-32767,-32767,-32767,-32767,-32767,-32767,-32767,-32767,-32767,-32767,-32767,-32767,-32767,-32767,-32767,-32767,-32767,-32767,-32767,-32767,-32767,-32767,-32767,-32767,-32767,-32767,-32767,-32767,-32767,-32767,-32767,-32767,-32767,-32767,-32767,-32767,-32767,-32767,-32767,-32767,-32767,-32767,-32767,-32767,-32767,-32767,-32767,-32767,-32767,-32767,-32767,-32767,-32767,-32767,-32767,-32767,-32767,-32767,-32767,-32767,-32767,-32767,-32767,-32767,-32767,-32767,-32767,-32767,-32767,-32767,-32767,-32767,-32767,-32767,-32767,-32767,-32767,-32767,-32767,-32767,-32767,-32767,-32767,-32767,-32767,-32767,-32767,-32767,-32767,-32767,-32767,-32767,-32767,-32767,-32767,-32767,-32767,-32767,-32767,-32767,-32767,-32767,-32767,-32767,-32767,-32767
78,30.80000000000000071,-32767,-32767,-32767,-32767,-32767,-32767,-32767,-32767,-32767,-32767,-32767,-32767,-32767,-32767,-32767,-32767,-32767,-32767,-32767,-32767,-32767,-32767,-32767,-32767,-32767,-32767,-32767,-32767,-32767,-32767,-32767,-32767,-32767,-32767,-32767,-32767,-32767,-32767,-32767,-32767,-32767,-32767,-32767,-32767,-32767,-32767,-32767,-32767,-32767,-32767,-32767,-32767,-32767,-32767,-32767,-32767,-32767,-32767,-32767,-32767,-32767,-32767,-32767,-32767,-32767,-32767,-32767,-32767,-32767,-32767,-32767,-32767,-32767,-32767,-32767,-32767,-32767,-32767,-32767,-32767,-32767,-32767,-32767,-32767,-32767,-32767,-32767,-32767,-32767,-32767,-32767,-32767,-32767,-32767,-32767,-32767,-32767,-32767,-32767,-32767,-32767,-32767,-32767,-32767,-32767,-32767,-32767,-32767,-32767,-32767,-32767,-32767,-32767,-32767,-32767,-32767,-32767,-32767,-32767,-32767,-32767,-32767,-32767,-32767,-32767,-32767,-32767,-32767,-32767,-32767,-32767,-32767,-32767,-32767,-32767,-32767,-32767,-32767,-32767,-32767,-32767,-32767,-32767,-32767,-32767,-32767,-32767,-32767,-32767,-32767,-32767,-32767,-32767,-32767,-32767,-32767,-32767,-32767,-32767,-32767,-32767,-32767,-32767,-32767,-32767,-32767,-32767,-32767,-32767,-32767,-32767,-32767,-32767,-32767,-32767,-32767,-32767
79,31.20000000000000284,-32767,-32767,-32767,-32767,-32767,-32767,-32767,-32767,-32767,-32767,-32767,-32767,-32767,-32767,-32767,-32767,-32767,-32767,-32767,-32767,-32767,-32767,-32767,-32767,-32767,-32767,-32767,-32767,-32767,-32767,-32767,-32767,-32767,-32767,-32767,-32767,-32767,-32767,-32767,-32767,-32767,-32767,-32767,-32767,-32767,-32767,-32767,-32767,-32767,-32767,-32767,-32767,-32767,-32767,-32767,-32767,-32767,-32767,-32767,-32767,-32767,-32767,-32767,-32767,-32767,-32767,-32767,-32767,-32767,-32767,-32767,-32767,-32767,-32767,-32767,-32767,-32767,-32767,-32767,-32767,-32767,-32767,-32767,-32767,-32767,-32767,-32767,-32767,-32767,-32767,-32767,-32767,-32767,-32767,-32767,-32767,-32767,-32767,-32767,-32767,-32767,-32767,-32767,-32767,-32767,-32767,-32767,-32767,-32767,-32767,-32767,-32767,-32767,-32767,-32767,-32767,-32767,-32767,-32767,-32767,-32767,-32767,-32767,-32767,-32767,-32767,-32767,-32767,-32767,-32767,-32767,-32767,-32767,-32767,-32767,-32767,-32767,-32767,-32767,-32767,-32767,-32767,-32767,-32767,-32767,-32767,-32767,-32767,-32767,-32767,-32767,-32767,-32767,-32767,-32767,-32767,-32767,-32767,-32767,-32767,-32767,-32767,-32767,-32767,-32767,-32767,-32767,-32767,-32767,-32767,-32767,-32767,-32767,-32767,-32767,-32767,-32767
80,31.60000000000000142,-32767,-32767,-32767,-32767,-32767,-32767,-32767,-32767,-32767,-32767,-32767,-32767,-32767,-32767,-32767,-32767,-32767,-32767,-32767,-32767,-32767,-32767,-32767,-32767,-32767,-32767,-32767,-32767,-32767,-32767,-32767,-32767,-32767,-32767,-32767,-32767,-32767,-32767,-32767,-32767,-32767,-32767,-32767,-32767,-32767,-32767,-32767,-32767,-32767,-32767,-32767,-32767,-32767,-32767,-32767,-32767,-32767,-32767,-32767,-32767,-32767,-32767,-32767,-32767,-32767,-32767,-32767,-32767,-32767,-32767,-32767,-32767,-32767,-32767,-32767,-32767,-32767,-32767,-32767,-32767,-32767,-32767,-32767,-32767,-32767,-32767,-32767,-32767,-32767,-32767,-32767,-32767,-32767,-32767,-32767,-32767,-32767,-32767,-32767,-32767,-32767,-32767,-32767,-32767,-32767,-32767,-32767,-32767,-32767,-32767,-32767,-32767,-32767,-32767,-32767,-32767,-32767,-32767,-32767,-32767,-32767,-32767,-32767,-32767,-32767,-32767,-32767,-32767,-32767,-32767,-32767,-32767,-32767,-32767,-32767,-32767,-32767,-32767,-32767,-32767,-32767,-32767,-32767,-32767,-32767,-32767,-32767,-32767,-32767,-32767,-32767,-32767,-32767,-32767,-32767,-32767,-32767,-32767,-32767,-32767,-32767,-32767,-32767,-32767,-32767,-32767,-32767,-32767,-32767,-32767,-32767,-32767,-32767,-32767,-32767,-32767,-32767
81,32,-32767,-32767,-32767,-32767,-32767,-32767,-32767,-32767,-32767,-32767,-32767,-32767,-32767,-32767,-32767,-32767,-32767,-32767,-32767,-32767,-32767,-32767,-32767,-32767,-32767,-32767,-32767,-32767,-32767,-32767,-32767,-32767,-32767,-32767,-32767,-32767,-32767,-32767,-32767,-32767,-32767,-32767,-32767,-32767,-32767,-32767,-32767,-32767,-32767,-32767,-32767,-32767,-32767,-32767,-32767,-32767,-32767,-32767,-32767,-32767,-32767,-32767,-32767,-32767,-32767,-32767,-32767,-32767,-32767,-32767,-32767,-32767,-32767,-32767,-32767,-32767,-32767,-32767,-32767,-32767,-32767,-32767,-32767,-32767,-32767,-32767,-32767,-32767,-32767,-32767,-32767,-32767,-32767,-32767,-32767,-32767,-32767,-32767,-32767,-32767,-32767,-32767,-32767,-32767,-32767,-32767,-32767,-32767,-32767,-32767,-32767,-32767,-32767,-32767,-32767,-32767,-32767,-32767,-32767,-32767,-32767,-32767,-32767,-32767,-32767,-32767,-32767,-32767,-32767,-32767,-32767,-32767,-32767,-32767,-32767,-32767,-32767,-32767,-32767,-32767,-32767,-32767,-32767,-32767,-32767,-32767,-32767,-32767,-32767,-32767,-32767,-32767,-32767,-32767,-32767,-32767,-32767,-32767,-32767,-32767,-32767,-32767,-32767,-32767,-32767,-32767,-32767,-32767,-32767,-32767,-32767,-32767,-32767,-32767,-32767,-32767,-32767
82,32.39999999999999858,-32767,-32767,-32767,-32767,-32767,-32767,-32767,-32767,-32767,-32767,-32767,-32767,-32767,-32767,-32767,-32767,-32767,-32767,-32767,-32767,-32767,-32767,-32767,-32767,-32767,-32767,-32767,-32767,-32767,-32767,-32767,-32767,-32767,-32767,-32767,-32767,-32767,-32767,-32767,-32767,-32767,-32767,-32767,-32767,-32767,-32767,-32767,-32767,-32767,-32767,-32767,-32767,-32767,-32767,-32767,-32767,-32767,-32767,-32767,-32767,-32767,-32767,-32767,-32767,-32767,-32767,-32767,-32767,-32767,-32767,-32767,-32767,-32767,-32767,-32767,-32767,-32767,-32767,-32767,-32767,-32767,-32767,-32767,-32767,-32767,-32767,-32767,-32767,-32767,-32767,-32767,-32767,-32767,-32767,-32767,-32767,-32767,-32767,-32767,-32767,-32767,-32767,-32767,-32767,-32767,-32767,-32767,-32767,-32767,-32767,-32767,-32767,-32767,-32767,-32767,-32767,-32767,-32767,-32767,-32767,-32767,-32767,-32767,-32767,-32767,-32767,-32767,-32767,-32767,-32767,-32767,-32767,-32767,-32767,-32767,-32767,-32767,-32767,-32767,-32767,-32767,-32767,-32767,-32767,-32767,-32767,-32767,-32767,-32767,-32767,-32767,-32767,-32767,-32767,-32767,-32767,-32767,-32767,-32767,-32767,-32767,-32767,-32767,-32767,-32767,-32767,-32767,-32767,-32767,-32767,-32767,-32767,-32767,-32767,-32767,-32767,-32767
83,32.80000000000000426,-32767,-32767,-32767,-32767,-32767,-32767,-32767,-32767,-32767,-32767,-32767,-32767,-32767,-32767,-32767,-32767,-32767,-32767,-32767,-32767,-32767,-32767,-32767,-32767,-32767,-32767,-32767,-32767,-32767,-32767,-32767,-32767,-32767,-32767,-32767,-32767,-32767,-32767,-32767,-32767,-32767,-32767,-32767,-32767,-32767,-32767,-32767,-32767,-32767,-32767,-32767,-32767,-32767,-32767,-32767,-32767,-32767,-32767,-32767,-32767,-32767,-32767,-32767,-32767,-32767,-32767,-32767,-32767,-32767,-32767,-32767,-32767,-32767,-32767,-32767,-32767,-32767,-32767,-32767,-32767,-32767,-32767,-32767,-32767,-32767,-32767,-32767,-32767,-32767,-32767,-32767,-32767,-32767,-32767,-32767,-32767,-32767,-32767,-32767,-32767,-32767,-32767,-32767,-32767,-32767,-32767,-32767,-32767,-32767,-32767,-32767,-32767,-32767,-32767,-32767,-32767,-32767,-32767,-32767,-32767,-32767,-32767,-32767,-32767,-32767,-32767,-32767,-32767,-32767,-32767,-32767,-32767,-32767,-32767,-32767,-32767,-32767,-32767,-32767,-32767,-32767,-32767,-32767,-32767,-32767,-32767,-32767,-32767,-32767,-32767,-32767,-32767,-32767,-32767,-32767,-32767,-32767,-32767,-32767,-32767,-32767,-32767,-32767,-32767,-32767,-32767,-32767,-32767,-32767,-32767,-32767,-32767,-32767,-32767,-32767,-32767,-32767
84,33.20000000000000284,-32767,-32767,-32767,-32767,-32767,-32767,-32767,-32767,-32767,-32767,-32767,-32767,-32767,-32767,-32767,-32767,-32767,-32767,-32767,-32767,-32767,-32767,-32767,-32767,-32767,-32767,-32767,-32767,-32767,-32767,-32767,-32767,-32767,-32767,-32767,-32767,-32767,-32767,-32767,-32767,-32767,-32767,-32767,-32767,-32767,-32767,-32767,-32767,-32767,-32767,-32767,-32767,-32767,-32767,-32767,-32767,-32767,-32767,-32767,-32767,-32767,-32767,-32767,-32767,-32767,-32767,-32767,-32767,-32767,-32767,-32767,-32767,-32767,-32767,-32767,-32767,-32767,-32767,-32767,-32767,-32767,-32767,-32767,-32767,-32767,-32767,-32767,-32767,-32767,-32767,-32767,-32767,-32767,-32767,-32767,-32767,-32767,-32767,-32767,-32767,-32767,-32767,-32767,-32767,-32767,-32767,-32767,-32767,-32767,-32767,-32767,-32767,-32767,-32767,-32767,-32767,-32767,-32767,-32767,-32767,-32767,-32767,-32767,-32767,-32767,-32767,-32767,-32767,-32767,-32767,-32767,-32767,-32767,-32767,-32767,-32767,-32767,-32767,-32767,-32767,-32767,-32767,-32767,-32767,-32767,-32767,-32767,-32767,-32767,-32767,-32767,-32767,-32767,-32767,-32767,-32767,-32767,-32767,-32767,-32767,-32767,-32767,-32767,-32767,-32767,-32767,-32767,-32767,-32767,-32767,-32767,-32767,-32767,-32767,-32767,-32767,-32767
85,33.60000000000000142,-32767,-32767,-32767,-32767,-32767,-32767,-32767,-32767,-32767,-32767,-32767,-32767,-32767,-32767,-32767,-32767,-32767,-32767,-32767,-32767,-32767,-32767,-32767,-32767,-32767,-32767,-32767,-32767,-32767,-32767,-32767,-32767,-32767,-32767,-32767,-32767,-32767,-32767,-32767,-32767,-32767,-32767,-32767,-32767,-32767,-32767,-32767,-32767,-32767,-32767,-32767,-32767,-32767,-32767,-32767,-32767,-32767,-32767,-32767,-32767,-32767,-32767,-32767,-32767,-32767,-32767,-32767,-32767,-32767,-32767,-32767,-32767,-32767,-32767,-32767,-32767,-32767,-32767,-32767,-32767,-32767,-32767,-32767,-32767,-32767,-32767,-32767,-32767,-32767,-32767,-32767,-32767,-32767,-32767,-32767,-32767,-32767,-32767,-32767,-32767,-32767,-32767,-32767,-32767,-32767,-32767,-32767,-32767,-32767,-32767,-32767,-32767,-32767,-32767,-32767,-32767,-32767,-32767,-32767,-32767,-32767,-32767,-32767,-32767,-32767,-32767,-32767,-32767,-32767,-32767,-32767,-32767,-32767,-32767,-32767,-32767,-32767,-32767,-32767,-32767,-32767,-32767,-32767,-32767,-32767,-32767,-32767,-32767,-32767,-32767,-32767,-32767,-32767,-32767,-32767,-32767,-32767,-32767,-32767,-32767,-32767,-32767,-32767,-32767,-32767,-32767,-32767,-32767,-32767,-32767,-32767,-32767,-32767,-32767,-32767,-32767,-32767
86,34,-32767,-32767,-32767,-32767,-32767,-32767,-32767,-32767,-32767,-32767,-32767,-32767,-32767,-32767,-32767,-32767,-32767,-32767,-32767,-32767,-32767,-32767,-32767,-32767,-32767,-32767,-32767,-32767,-32767,-32767,-32767,-32767,-32767,-32767,-32767,-32767,-32767,-32767,-32767,-32767,-32767,-32767,-32767,-32767,-32767,-32767,-32767,-32767,-32767,-32767,-32767,-32767,-32767,-32767,-32767,-32767,-32767,-32767,-32767,-32767,-32767,-32767,-32767,-32767,-32767,-32767,-32767,-32767,-32767,-32767,-32767,-32767,-32767,-32767,-32767,-32767,-32767,-32767,-32767,-32767,-32767,-32767,-32767,-32767,-32767,-32767,-32767,-32767,-32767,-32767,-32767,-32767,-32767,-32767,-32767,-32767,-32767,-32767,-32767,-32767,-32767,-32767,-32767,-32767,-32767,-32767,-32767,-32767,-32767,-32767,-32767,-32767,-32767,-32767,-32767,-32767,-32767,-32767,-32746,-32767,-32767,-32767,-32767,-32767,-32767,-32767,-32767,-32767,-32767,-32767,-32767,-32767,-32767,-32767,-32767,-32767,-32767,-32767,-32767,-32767,-32767,-32767,-32767,-32767,-32767,-32767,-32767,-32767,-32767,-32767,-32767,-32767,-32767,-32767,-32767,-32767,-32767,-32767,-32767,-32767,-32767,-32767,-32767,-32767,-32767,-32767,-32767,-32767,-32767,-32767,-32767,-32767,-32767,-32767,-32767,-32767,-32767
87,34.39999999999999858,-32767,-32767,-32767,-32767,-32767,-32767,-32767,-32767,-32767,-32767,-32767,-32767,-32767,-32767,-32767,-32767,-32767,-32767,-32767,-32767,-32767,-32767,-32767,-32767,-32767,-32767,-32767,-32767,-32767,-32767,-32767,-32767,-32767,-32767,-32767,-32767,-32767,-32767,-32767,-32767,-32767,-32767,-32767,-32767,-32767,-32767,-32767,-32767,-32767,-32767,-32767,-32767,-32767,-32767,-32767,-32767,-32767,-32767,-32767,-32767,-32767,-32767,-32767,-32767,-32767,-32767,-32767,-32767,-32767,-32767,-32767,-32767,-32767,-32767,-32767,-32767,-32767,-32767,-32767,-32767,-32767,-32767,-32767,-32767,-32767,-32767,-32767,-32767,-32767,-32767,-32767,-32767,-32767,-32767,-32767,-32767,-32767,-32767,-32767,-32767,-32767,-32767,-32767,-32767,-32767,-32767,-32767,-32767,-32767,-32767,-32767,-32767,-32767,-32767,-32767,-31396,-27736,-30363,-29553,-32767,-32767,-32767,-32767,-32767,-32767,-32767,-32767,-32767,-32767,-32767,-32767,-32767,-32767,-32767,-32767,-32767,-32767,-32767,-32767,-32767,-32767,-32767,-32767,-32767,-32767,-32767,-32767,-32767,-32767,-32767,-32767,-32767,-32767,-32767,-32767,-32767,-32767,-32767,-32767,-32767,-32767,-32767,-32767,-32767,-32767,-32767,-32767,-32767,-32767,-32767,-32767,-32767,-32767,-32767,-32767,-32767,-32767
88,34.80000000000000426,-32767,-32767,-32767,-32767,-32767,-32767,-32767,-32767,-32767,-32767,-32767,-32767,-32767,-32767,-32767,-32767,-32767,-32767,-32767,-32767,-32767,-32767,-32767,-32767,-32767,-32767,-32767,-32767,-32767,-32767,-32767,-32767,-32767,-32767,-32767,-32767,-32767,-32767,-32767,-32767,-32767,-32767,-32767,-32767,-32767,-32767,-32767,-32767,-32767,-32767,-32767,-32767,-32767,-32767,-32767,-32767,-32767,-32767,-32767,-32767,-32767,-32767,-32767,-32767,-32767,-32767,-32767,-32767,-32767,-32767,-32767,-32767,-32767,-32767,-32767,-32767,-32767,-32767,-32767,-32767,-32767,-32767,-32767,-32767,-32767,-32767,-32767,-32767,-32767,-32767,-32767,-32767,-32767,-32767,-32767,-32767,-32767,-32767,-32767,-32767,-32767,-32767,-32767,-32767,-32767,-32767,-32767,-32767,-32767,-32767,-32767,-32767,-32767,-32767,-32767,-19804,-14289,-19417,-18582,-32767,-32767,-32767,-32767,-32767,-32767,-32767,-32767,-32767,-32767,-32767,-32767,-32767,-32767,-32767,-32767,-32767,-32767,-32767,-32767,-32767,-32767,-32767,-32767,-32767,-32767,-32767,-32767,-32767,-32767,-32767,-32767,-32767,-32767,-32767,-32767,-32767,-32767,-32767,-32767,-32767,-32767,-32767,-32767,-32767,-32767,-32767,-32767,-32767,-32767,-32767,-32767,-32767,-32767,-32767,-32767,-32767,-32767
89,35.20000000000000284,-32767,-32767,-32767,-32767,-32767,-32767,-32767,-32767,-32767,-32767,-32767,-32767,-32767,-32767,-32767,-32767,-32767,-32767,-32767,-32767,-32767,-32767,-32767,-32767,-32767,-32767,-32767,-32767,-32767,-32767,-32767,-32767,-32767,-32767,-32767,-32767,-32767,-32767,-32767,-32767,-32767,-32767,-32767,-32767,-32767,-32767,-32767,-32767,-32767,-32767,-32767,-32767,-32767,-32767,-32767,-32767,-32767,-32767,-32767,-32767,-32767,-32767,-32767,-32767,-32767,-32767,-32767,-32767,-32767,-32767,-32767,-32767,-32767,-32767,-32767,-32767,-32767,-32767,-32767,-32767,-32767,-32767,-32767,-32767,-32767,-32767,-32767,-32767,-32767,-32767,-32767,-32767,-32767,-32767,-32767,-32767,-32767,-32767,-32767,-32767,-32767,-32767,-32767,-32767,-32767,-32767,-32767,-32767,-32767,-32767,-32767,-32767,-32767,-32767,-29337,-8420,-179,-4773,-4822,-32767,-32767,-32767,-32767,-32767,-32767,-32767,-32767,-32767,-32767,-32767,-32767,-32767,-32767,-32767,-32767,-32767,-32767,-32767,-32767,-32767,-32767,-32767,-32767,-32767,-32767,-32767,-32767,-32767,-32767,-32767,-32767,-32767,-32767,-32767,-32767,-32767,-32767,-32767,-32767,-32767,-32767,-32767,-32767,-32767,-32767,-32767,-32767,-32767,-32767,-32767,-32767,-32767,-32767,-32767,-32767,-32767,-32767
90,35.60000000000000142,-32767,-32767,-32767,-32767,-32767,-32767,-32767,-32767,-32767,-32767,-32767,-32767,-32767,-32767,-32691,-32767,-32767,-32767,-32767,-32767,-32767,-32767,-32767,-32767,-32767,-32767,-32767,-32767,-32767,-32767,-32767,-32767,-32767,-32767,-32767,-32767,-32767,-32767,-32767,-32767,-32767,-32767,-32767,-32767,-32767,-32767,-32767,-32767,-32767,-32767,-32767,-32767,-32767,-32767,-32767,-32767,-32767,-32767,-32767,-32767,-32767,-32767,-32767,-32767,-32767,-32767,-32767,-32767,-32767,-32767,-32767,-32767,-32767,-32767,-32767,-32767,-32767,-32767,-32767,-32767,-32767,-32767,-32767,-32767,-32767,-32767,-32767,-32767,-32767,-32767,-32767,-32767,-32767,-32767,-32767,-32767,-32767,-32767,-32767,-32767,-32767,-32767,-32767,-32767,-32767,-32767,-32689,-32767,-31290,-32767,-32767,-32767,-32767,-30820,-18411,4059,16793,8404,5577,-32767,-32767,-32767,-32767,-32767,-32767,-32767,-32767,-32767,-32767,-32767,-32767,-32767,-32767,-32767,-32767,-32767,-32767,-32767,-32767,-32767,-32767,-32767,-32767,-32767,-32767,-32767,-32767,-32767,-32767,-32767,-32767,-32767,-32767,-32767,-32767,-32767,-32767,-32767,-32767,-32767,-32767,-32767,-32767,-32767,-32767,-32767,-32767,-32767,-32767,-32767,-32767,-32767,-32767,-32767,-32767,-32767,-32767
91,36,-32546,-32245,-32712,-32767,-32767,-32767,-32767,-32767,-32767,-32767,-32767,-32767,-32767,-32595,-26534,-29774,-27088,-32734,-32767,-32767,-32767,-32767,-32767,-32767,-32767,-30365,-32767,-31180,-32506,-32091,-32558,-32767,-31567,-32661,-32429,-32767,-32656,-32604,-32708,-32437,-32750,-32733,-32767,-32767,-32767,-32744,-32767,-32767,-32767,-32767,-32767,-32767,-32767,-32767,-32767,-32767,-32767,-32767,-32767,-32767,-32767,-32767,-32767,-32767,-32767,-32767,-32767,-32767,-32767,-32767,-32767,-32767,-32767,-32767,-32767,-32767,-32767,-32767,-32767,-32767,-32767,-32767,-32767,-32767,-32767,-32767,-32767,-32767,-32767,-32767,-32767,-32767,-32767,-32767,-32767,-32767,-32767,-32767,-32767,-32767,-32767,-32767,-32767,-32767,-32767,-32454,-27630,-32767,-25822,-32305,-32758,-32767,-32767,-22061,-5883,14329,28912,21529,16866,-32767,-32767,-32767,-32767,-32767,-32767,-32767,-32767,-32767,-32767,-32767,-32767,-32767,-32767,-32767,-32767,-32767,-32767,-32767,-32767,-32767,-32767,-32767,-32767,-32767,-32767,-32767,-32767,-32767,-32767,-32767,-32767,-32767,-32767,-32767,-32767,-32767,-32767,-32767,-32767,-32767,-32767,-32767,-32767,-32767,-32767,-32767,-32767,-32767,-32767,-32767,-32767,-32767,-32767,-32767,-32767,-32767,-32767
92,36.39999999999999858,-26257,-25367,-27874,-31986,-31538,-32340,-32213,-32005,-32742,-32767,-32767,-31769,-32703,-24762,-18163,-22032,-17357,-28837,-29920,-30507,-31045,-31835,-32767,-32767,-31123,-19734,-27817,-23096,-25864,-24970,-26155,-27111,-22794,-26547,-25678,-28318,-26145,-24955,-26480,-26379,-26909,-28255,-28225,-27679,-28780,-28366,-29992,-28869,-28725,-29894,-29010,-28549,-28399,-29347,-30832,-32683,-32588,-32719,-32767,-32767,-32767,-32767,-32767,-32767,-32767,-32767,-32767,-32767,-32767,-32767,-32767,-32767,-32767,-32767,-32767,-32767,-32767,-32767,-32767,-32767,-32767,-32767,-32767,-32767,-32767,-32767,-32517,-32767,-32767,-32767,-32767,-32767,-32767,-32767,-32767,-32767,-32767,-32767,-32767,-32767,-32734,-32767,-32278,-30507,-32767,-27757,-21316,-31104,-16530,-26712,-30521,-32767,-31723,-9635,9353,26638,32491,32526,27477,-32624,-32767,-32767,-32767,-32767,-32767,-32767,-32767,-32767,-32767,-32767,-32767,-32767,-32767,-32767,-32767,-32767,-32767,-32767,-32767,-32767,-32767,-32767,-32767,-32767,-32767,-32767,-32767,-32767,-32767,-32767,-32767,-32767,-32767,-32767,-32767,-32767,-32767,-32767,-32767,-32767,-32767,-32767,-32767,-32767,-32767,-32767,-32767,-32767,-32767,-32767,-32767,-32767,-32767,-32767,-32767,-32767,-32767
93,36.80000000000000426,-18311,-15607,-18023,-24920,-24049,-26359,-25841,-24467,-28561,-27491,-29772,-23873,-25734,-14191,-4975,-9812,-6637,-18873,-19268,-21973,-23312,-24189,-29299,-32236,-24118,-9901,-17168,-12929,-16687,-15020,-16888,-18886,-12445,-16951,-15881,-20075,-17006,-16832,-17723,-17891,-18328,-18371,-15289,-18002,-19127,-19930,-20742,-18127,-20799,-21257,-19863,-19278,-19434,-20127,-22377,-26605,-25982,-26841,-27560,-28315,-28548,-28209,-29042,-29969,-29566,-30055,-30144,-31143,-31154,-30830,-30899,-30661,-30299,-30729,-30626,-31055,-31287,-31755,-32646,-31923,-30802,-29202,-30920,-32767,-32767,-32767,-25845,-32332,-32767,-32741,-32646,-32765,-32766,-29862,-32556,-32767,-32767,-32767,-32767,-30914,-30557,-30171,-27791,-25155,-31073,-22733,-14757,-24833,-9943,-20058,-22842,-32492,-22699,4306,21180,32291,32767,32767,31873,-30150,-32591,-32767,-32252,-32767,-32767,-32767,-32564,-32767,-32767,-32406,-31946,-32754,-32767,-32767,-32767,-32767,-32554,-32767,-32767,-32767,-32767,-32767,-32767,-32767,-32767,-32767,-32767,-32767,-32767,-32767,-32767,-32767,-32767,-32767,-32767,-32767,-32767,-32767,-32767,-32767,-32767,-32767,-32767,-32767,-32767,-32767,-32767,-32767,-32767,-32767,-32767,-32767,-32767,-32767,-32767,-32767,-32767
94,37.20000000000000284,-7812,-5330,-8815,-15581,-13984,-15506,-15691,-15227,-17841,-18332,-22144,-13414,-18701,-4398,6669,1593,4189,-8318,-9927,-12052,-13259,-14671,-21592,-25262,-12934,2576,-5394,-838,-4815,-3357,-5287,-6817,-917,-6485,-8622,-11318,-5975,-6274,-6207,-6696,-6916,-7025,-6834,-6617,-6638,-9870,-9846,-9589,-10923,-10175,-10056,-9520,-9475,-10565,-13418,-15970,-17199,-16278,-16582,-16870,-19445,-18799,-18705,-20977,-19980,-21152,-22481,-23543,-22274,-22227,-22581,-22428,-22123,-23604,-22796,-22847,-22561,-24519,-25609,-24638,-22953,-20815,-22853,-29514,-29188,-29240,-17197,-25554,-31694,-28939,-29087,-29948,-30493,-24982,-29141,-32684,-32767,-32767,-32746,-27153,-25634,-24623,-22914,-19039,-25551,-15439,-7167,-16612,-886,-11558,-13947,-27026,-14058,18375,32767,32767,32767,32767,32605,-24027,-29173,-32767,-28001,-31974,-32767,-31387,-29154,-32095,-32376,-26611,-26085,-27233,-32767,-30457,-32679,-32767,-30542,-32767,-32767,-32767,-32767,-32767,-32767,-32767,-32767,-32767,-32767,-32767,-32767,-32767,-32767,-32767,-32767,-32767,-32767,-32767,-32767,-32767,-32767,-32767,-32767,-32767,-32767,-32767,-32767,-32767,-32767,-32767,-32767,-32767,-32767,-32767,-32767,-32767,-32767,-32767,-32767
95,37.60000000000000142,789,5174,524,-5957,-5795,-7324,-6505,-5191,-7770,-9792,-12690,-4433,-10047,5458,14858,10583,12652,941,-182,11,-2569,-3589,-13095,-17510,-2927,12247,3317,7906,4131,5785,5009,2912,8705,3067,5264,49,4743,4360,4203,5612,4023,4573,3231,2616,2855,2510,1037,778,261,-908,-995,685,552,268,-1403,-5921,-6141,-4954,-5856,-6770,-8078,-8341,-9177,-10261,-10351,-11830,-11164,-11970,-10299,-10711,-12115,-10028,-12311,-12174,-11013,-12406,-13521,-13437,-15378,-14267,-12705,-8799,-13898,-21277,-19857,-19330,-8311,-17678,-24686,-21538,-23074,-25218,-24750,-20309,-24590,-30391,-32438,-31364,-30627,-20616,-21051,-18711,-17473,-13031,-19899,-9736,-972,-8870,6933,-2548,-4151,-17121,-1107,28493,32767,32767,32767,32767,32599,-20834,-22258,-30719,-21713,-26220,-32224,-25849,-22227,-25122,-26618,-18196,-18489,-16889,-32699,-23092,-29553,-32732,-26725,-32767,-32767,-32767,-32767,-32767,-32767,-32767,-32767,-32767,-32767,-32767,-32767,-32767,-32767,-32767,-32767,-32767,-32767,-32767,-32767,-32767,-32767,-32767,-32767,-32767,-32767,-32767,-32767,-32767,-32767,-32767,-32767,-32767,-32767,-32767,-32767,-32767,-32767,-32767,-32767
96,38,8425,12053,9245,-228,3604,3515,3240,4009,-907,-2018,-4604,5553,893,13018,22041,17971,20783,9601,9837,7291,6518,5030,-3257,-7926,7251,20219,11348,16414,13755,13776,12222,11275,17742,13582,13492,10484,14558,15154,12929,12417,12483,12609,13537,14908,11388,10964,10686,10569,8142,6127,7471,7202,8228,7425,8158,4531,3775,4138,3511,3627,414,2215,1866,516,-1152,-1925,-1000,-3147,-1651,-1309,-1088,-234,-1556,-245,-363,-1641,-1654,-3953,-3678,-3074,-1624,73,-3192,-10365,-9154,-10717,2886,-7901,-17519,-12936,-14910,-19653,-20176,-15535,-20815,-26254,-28971,-27279,-26343,-15357,-15387,-14423,-11382,-7078,-13522,-2859,5554,-1025,14151,4764,3772,-7785,8591,32767,32767,32767,32767,32767,32662,-14280,-15435,-24332,-15641,-20590,-25309,-17201,-14449,-20044,-18883,-9723,-8963,-8993,-28112,-16186,-23506,-27599,-21045,-32555,-32767,-32767,-32767,-32767,-32767,-32767,-32767,-32767,-32767,-32767,-32767,-32767,-32767,-32767,-32767,-32767,-32767,-32767,-32767,-32767,-32767,-32767,-32767,-32767,-32767,-32767,-32767,-32767,-32767,-32767,-32767,-32767,-32767,-32767,-32767,-32767,-32767,-32767,-32767
97,38.40000000000000568,14743,19097,17113,9193,10841,9981,9058,11102,7559,6158,3407,13813,7404,19248,26053,23236,23120,15780,15996,14940,14098,11871,3095,-3002,11537,23530,16527,22482,17569,20555,19488,18370,24137,18113,22276,18791,21138,21430,20666,21018,20451,20662,19127,21701,20758,18315,15764,17027,15327,13160,11577,12993,13275,13246,12928,12845,12107,13774,14012,12545,10892,12626,10514,10354,8625,8103,8210,8053,7477,9374,8654,8168,8146,9104,8862,6574,8656,6047,5614,7619,6990,11280,8846,-278,514,-220,12799,2949,-9648,-4116,-6064,-13731,-14825,-10174,-15566,-22139,-24833,-24851,-22998,-9475,-9418,-8021,-6058,102,-8006,3651,10673,6047,18034,12555,12091,2524,17352,32767,32767,32767,32767,32767,31409,-9507,-8124,-18721,-9574,-14776,-18702,-11444,-7842,-12051,-10967,608,561,167,-20010,-7043,-16465,-22626,-16878,-30305,-32767,-32767,-32767,-32767,-32767,-32767,-32767,-32767,-32767,-32767,-32767,-32767,-32767,-32767,-32767,-32767,-32767,-32767,-32767,-32767,-32767,-32767,-32767,-32767,-32767,-32767,-32767,-32767,-32767,-32767,-32767,-32767,-32767,-32767,-32767,-32767,-32767,-32767,-32767
98,38.80000000000000426,19772,22884,20757,14368,17365,14309,16405,16233,14209,14110,11490,18358,14655,23701,29787,23532,22793,19223,18552,18976,17227,16352,8682,6026,16948,25879,21572,25330,22162,23083,22809,22459,26211,24808,26337,22198,25146,26749,26348,25793,24157,24219,24556,25006,23464,24196,23192,23407,21416,18286,16900,16084,15947,16154,17435,18617,19086,20254,21749,19538,19192,19073,18493,18909,17396,14624,17123,15786,16831,17579,17283,16722,16196,17854,16738,15103,15717,15907,14722,18006,18000,21086,17232,7927,9478,9429,24383,12095,537,2908,1562,-6111,-9443,-4878,-9756,-17380,-20915,-20702,-18539,-4929,-3678,-3734,848,5955,-472,9802,16506,9807,23955,18658,18005,11215,27870,32767,32767,32767,32767,32767,29090,-4133,-16,-11247,-1737,-6824,-11662,-1901,1195,-3745,-3207,12933,12051,8086,-11349,1750,-8221,-17068,-10900,-26922,-32767,-32767,-32767,-32767,-32767,-32767,-32767,-32767,-32767,-32767,-32767,-32767,-32767,-32767,-32767,-32767,-32767,-32767,-32767,-32767,-32767,-32767,-32767,-32767,-32767,-32767,-32767,-32767,-32767,-32767,-32767,-32767,-32767,-32767,-32767,-32767,-32767,-32767,-32767
99,39.20000000000000284,22486,23914,22156,17329,19952,18560,19549,22144,16670,17916,14885,22179,17455,25375,28601,25686,23620,19568,19687,19048,20234,18421,12085,7550,16744,24028,22010,26057,23252,25251,24693,23281,28730,26145,27492,25103,27446,26806,27547,27099,26423,26593,26203,26623,24597,24937,24169,26270,22883,20200,20325,18079,17255,17666,20579,23154,23976,25047,26872,26060,24557,24385,24231,24036,22730,23699,22425,22885,24214,24449,23050,23833,24757,22586,24056,24037,22302,23470,21706,25665,25136,26893,24786,16864,18191,18786,30467,19237,8877,9237,6113,-946,-4738,-1961,-7481,-14222,-18476,-15771,-13803,-289,3010,3565,5613,11987,5390,14480,21576,16325,25782,21795,25071,17900,32493,32767,32767,32767,32767,32767,26110,207,7623,-3485,5004,376,-3806,6728,8055,3840,3302,20958,22134,20381,-1043,11448,86,-10712,-6667,-24072,-32767,-32767,-32767,-32767,-32767,-32767,-32767,-32767,-32767,-32767,-32767,-32767,-32767,-32767,-32767,-32767,-32767,-32767,-32767,-32767,-32767,-32767,-32767,-32767,-32767,-32767,-32767,-32767,-32767,-32767,-32767,-32767,-32767,-32767,-32767,-32767,-32767,-32767,-32767
100,39.60000000000000142,20234,22791,19958,17393,19951,20484,21609,20967,16916,15780,15096,22092,19206,25021,25697,24596,20272,17188,17714,17691,16836,17251,11581,9181,15941,21083,20019,22612,23741,23673,23761,23673,26959,25667,26879,24847,25430,26151,24725,24787,24443,25185,24681,25453,23664,24385,23957,22102,21477,20021,21163,17631,15891,18335,22339,23525,25890,24863,26782,27986,25771,26600,26231,26679,26787,24688,25995,26645,27251,26827,26208,27592,28003,26986,28486,27382,26400,26929,27053,28520,30165,30101,27172,20812,23281,24975,32767,26428,16246,15475,11611,3448,-436,2810,-3924,-10091,-15676,-14016,-11392,3508,7719,6918,10100,15093,10497,19077,24415,20926,26410,25962,27703,24978,32767,32767,32767,32767,32767,32508,24455,4337,14419,2648,11241,7891,2451,12868,14075,9746,10414,28861,29194,28948,7845,17779,7717,-4900,-1955,-19875,-32726,-32767,-32767,-32767,-32767,-32767,-32767,-32767,-32767,-32767,-32767,-32767,-32767,-32767,-32767,-32767,-32767,-32767,-32767,-32767,-32767,-32767,-32767,-32767,-32767,-32767,-32767,-32767,-32767,-32767,-32767,-32767,-32767,-32767,-32767,-32767,-32767,-32767,-32767
101,40,17562,18407,14624,14552,17512,18498,18188,18281,17206,16108,14671,21294,17308,21408,20542,18110,13268,13354,13072,14732,14629,14080,9406,6196,12675,16298,16855,19139,17360,20085,20972,20279,24072,22060,21810,21621,20883,22400,21732,21778,21936,21538,21330,20405,19787,19538,18744,19721,19691,16833,18070,13493,12907,14559,18894,22416,24018,24564,25943,25956,25007,25566,25513,25664,25257,26382,25836,26793,26759,26462,27708,27274,28331,27516,26754,27309,26167,27874,26363,29552,30152,29896,27769,24342,25674,25829,32767,29037,19849,18350,14249,6403,3820,4961,-1353,-7570,-13405,-11334,-8123,5377,11471,11224,13226,17820,15372,22251,25611,23918,28069,26571,29760,28545,32767,32767,32767,32767,32767,29439,20553,8997,21721,9001,14842,12382,6018,17147,17743,13858,14374,32251,32767,32061,16941,26409,11905,376,-33,-16997,-31726,-32767,-32767,-32767,-32767,-32767,-32767,-32767,-32767,-32767,-32767,-32767,-32767,-32767,-32767,-32767,-32767,-32767,-32767,-32767,-32767,-32767,-32767,-32767,-32767,-32767,-32767,-32767,-32767,-32767,-32767,-32767,-32767,-32767,-32767,-32767,-32767,-32767,-32767
102,40.40000000000000568,14664,11694,12078,11667,12717,13305,13434,15974,12880,12763,11561,14730,12702,16690,13951,12744,11048,8535,8950,9986,8667,9689,6743,5162,7849,11202,11723,14832,14674,15536,15977,16729,18723,17691,17824,16206,15115,14491,14889,16081,14333,15628,14727,14450,13697,14938,14613,13704,14164,13671,12431,11225,9666,10580,15147,19120,21014,21255,21906,23239,22385,23687,23691,23868,25469,25082,25467,25066,25495,25494,25313,23986,24329,27517,26186,25070,25970,25130,27522,27754,29096,28626,26817,21691,24995,27268,32632,28151,22146,20837,16296,8186,6591,7399,704,-6439,-11690,-8680,-3995,9302,14478,14192,15534,19541,18491,25384,28486,25826,28222,28407,29685,30516,32767,32767,32767,32169,31027,20274,17713,10013,23871,13947,19186,14506,11302,19662,20666,17066,18655,32767,32767,32767,21945,29112,16363,4515,2713,-14211,-29215,-32767,-32767,-32767,-32767,-32767,-32767,-32767,-32767,-32767,-32767,-32767,-32767,-32767,-32767,-32767,-32767,-32767,-32767,-32767,-32767,-32767,-32767,-32767,-32767,-32767,-32767,-32767,-32767,-32767,-32767,-32767,-32767,-32767,-32767,-32767,-32767,-32767,-32767
103,40.80000000000000426,9388,10317,6498,6517,8165,7718,10142,9592,8390,7792,7982,11054,8073,8751,8797,7767,6574,4366,5303,5742,6597,4950,2214,2977,5349,5732,6698,8190,10445,10886,12358,12031,13784,12827,11051,10504,10380,9545,9933,8445,10287,8387,9459,8503,7949,8108,9168,8761,10169,9685,9188,6845,4897,6587,10793,13987,16294,17210,20182,19544,20718,21529,20513,21141,21925,22832,22934,22798,23371,23136,22735,21805,21097,23872,21784,22601,21184,22746,24185,24649,25368,24836,23261,20836,22115,23880,30201,26426,21730,20562,17204,10938,9005,9962,3323,-5056,-8928,-6866,-1998,13331,18027,16457,18377,21244,21339,26950,30858,26205,26202,25058,29934,31172,32767,32767,32767,24984,26721,15875,12238,10546,26412,18639,22922,20474,13389,21451,21537,19662,21861,32767,32767,32767,26786,32449,20643,8741,6908,-10757,-25065,-32306,-32767,-32575,-32767,-32528,-32767,-32767,-32767,-32767,-32767,-32767,-32767,-32767,-32767,-32767,-32767,-32767,-32767,-32767,-32767,-32767,-32767,-32767,-32767,-32767,-32767,-32767,-32767,-32767,-32767,-32767,-32767,-32767,-32767,-32767,-32767,-32767,-32767
104,41.20000000000000284,5638,2905,3754,2081,4933,4193,5386,5315,4992,6096,4857,5410,4683,6198,4557,3523,1601,448,3463,2449,2049,3028,1020,-727,447,2334,2768,5200,5983,7412,7137,7557,8722,8738,6413,7374,4199,4964,4510,3650,3932,4716,4975,4005,2890,4229,4233,5482,5312,6183,6340,4481,2303,3728,7162,10531,12712,13507,15917,16699,17783,17783,18138,18953,19549,19818,20359,20189,19993,19823,19810,19161,18667,19851,19011,20480,19043,19416,19954,21562,23189,20431,19884,18011,19466,20658,24404,23147,20804,19785,18321,12966,9118,11604,5023,-2613,-7659,-4182,2573,16222,19384,21307,19969,23157,24446,30442,31623,28419,26159,26352,27941,31423,32767,32767,32767,16687,18845,12066,6636,12604,31215,22559,26964,22118,15619,22322,23647,21375,24298,32767,32767,32767,31658,32767,23805,11833,9019,-7560,-23201,-29871,-32354,-30687,-32767,-30407,-32627,-32767,-32767,-32767,-32767,-32498,-32767,-32767,-32767,-32767,-32767,-32767,-32767,-32767,-32767,-32767,-32767,-32767,-32767,-32767,-32767,-32767,-32767,-32767,-32767,-32767,-32767,-32767,-32767,-32767,-32767,-32767,-32767
105,41.60000000000000142,2039,970,256,-321,1910,2371,444,1039,1260,1265,449,3113,805,2070,183,159,-307,-681,653,954,-702,-913,-1151,-2633,-1395,37,2022,2613,4306,4839,5357,4464,5634,5449,3661,1558,1765,1125,-388,-247,1404,770,431,-477,-958,512,433,1593,2000,3011,3600,2664,1140,1480,4245,7177,8805,10624,11968,13446,16009,14934,14354,14455,16091,16403,17361,17364,17189,16374,16955,16010,15550,16014,15667,15296,14953,15432,16710,17282,18704,16260,15954,14144,16893,16885,20329,19539,18379,18378,17269,13300,10889,12282,6922,-59,-5390,-1210,5330,18882,22025,22344,22149,23365,26771,31434,31937,28278,24112,25016,26844,30277,32739,32767,29472,10405,14566,7522,4365,14074,32484,25601,28326,23924,16838,24390,25164,24124,25618,32767,32767,32767,32256,32767,24157,14609,9245,-3876,-18616,-27125,-30700,-27946,-31195,-27053,-30502,-32767,-32644,-32767,-32767,-30761,-32767,-32767,-32767,-32767,-32767,-32767,-32767,-32767,-32767,-32767,-32767,-32767,-32767,-32767,-32767,-32767,-32767,-32767,-32767,-32767,-32767,-32767,-32767,-32767,-32767,-32767,-32767
106,42,249,-688,-2015,-1541,-1544,-2059,-1086,-1474,-1598,-2703,-1152,-696,-2082,-261,-2281,-287,-882,-1677,335,-1096,-1566,-1571,-2654,-3436,-2328,-1535,-886,193,1372,3579,2407,1830,2061,2557,587,-1150,-996,-2429,-2138,-2959,-3228,-4464,-2536,-2011,-4268,-4253,-1841,-822,-1135,2293,1596,627,-1125,676,2429,3576,5964,7713,8182,10012,10650,10983,11922,12446,13315,12987,14029,13493,13394,12850,11696,12527,13666,12494,12987,12234,11952,13047,12930,15136,13746,13094,12854,11416,12489,13260,14758,14987,13575,16181,15805,14468,12518,13544,6980,1940,-3138,1820,7784,21083,25163,25213,24330,25124,28131,31661,32261,27147,21744,25045,23805,28044,32280,29467,22915,2355,9925,2907,1471,13703,31515,28051,29164,26831,19063,23453,25486,25460,28295,32767,32767,32767,32617,32659,24721,17246,9521,-2125,-14633,-23928,-28525,-25701,-28593,-24304,-27984,-32214,-30711,-32767,-32506,-28379,-32767,-32767,-32767,-32767,-32767,-32767,-32767,-32767,-32767,-32767,-32767,-32767,-32767,-32767,-32767,-32767,-32767,-32767,-32767,-32767,-32767,-32767,-32767,-32767,-32767,-32767,-32767
107,42.40000000000000568,-1474,-1188,-2047,-3325,-2463,-2733,-2302,-2854,-3827,-4303,-3697,-4973,-3315,-2573,-1953,-2599,-1575,-3952,-1272,-1460,-1789,-3102,-2529,-3883,-2682,-1357,-2317,-269,-435,1818,672,1172,-842,-351,-2292,-3260,-3152,-4256,-4301,-4825,-5062,-4264,-4305,-4145,-4678,-4397,-5086,-3299,-1955,-1360,-711,-671,-1076,-917,576,1328,3898,4586,5723,6261,8046,7505,10328,8965,9987,10635,10969,10293,8868,9504,9938,10028,9245,9659,7604,9767,9491,10328,11566,9700,10350,8743,8330,8168,8000,9559,11611,10900,10666,13153,14517,13680,13550,13357,9565,3605,-573,2706,9404,22267,27587,26122,25239,25738,28238,32474,30870,27931,19538,18494,23597,26233,29724,23743,18027,118,5586,-1274,-2656,11028,32239,28935,28242,27916,19073,22607,24652,27725,28938,32767,32767,32767,32767,32767,26259,18981,9817,867,-11070,-20671,-25744,-22608,-26022,-20837,-23982,-29296,-27187,-32767,-29846,-25756,-32767,-32767,-32767,-32294,-32766,-32739,-32767,-32767,-32767,-32767,-32767,-32767,-32767,-32767,-32767,-32767,-32767,-32767,-32767,-32767,-32767,-32767,-32767,-32767,-32668,-32767,-32767
108,42.80000000000000426,-1263,-1423,-1922,-2481,-2390,-1881,-4594,-3916,-3927,-4189,-4102,-3438,-2988,-2247,-2063,-2784,-1647,-2068,-921,-312,-1203,-2002,-2181,-2831,-2204,-1383,-1489,-1467,-55,710,-305,-1686,-2639,-1217,-3270,-3749,-4678,-5268,-7586,-6176,-6177,-6126,-5874,-5041,-6213,-5054,-4777,-4309,-3045,-1574,-1284,-1137,-1119,-2139,-833,678,3069,3023,4742,4681,4245,6055,6564,7325,8450,9066,7050,8202,7738,7167,6886,6419,6158,7725,6501,7842,7972,7091,7201,7239,7945,7203,6792,7142,7102,7716,7575,7209,7496,10530,13032,13783,13847,15432,10965,5021,1838,6700,12580,22672,27821,27747,25790,26339,27551,32298,29699,25934,18318,18597,21564,22922,25323,21116,12443,-2395,984,-3617,-6033,11857,30718,30778,29371,26934,20740,23275,25305,27395,29303,32135,32614,32691,32696,32420,24651,16636,11305,2069,-7427,-16790,-22946,-19653,-22498,-17726,-20597,-25441,-22826,-32767,-26250,-21905,-32767,-32767,-31958,-29195,-32310,-31937,-32532,-32682,-32669,-32589,-32667,-32718,-32716,-32744,-32767,-32754,-32767,-32767,-32767,-32731,-32755,-32706,-32736,-32749,-31492,-32697,-32728
109,43.20000000000000284,-270,-1209,-2242,-2439,-2745,-3565,-3062,-1994,-1676,-4767,-4283,-2763,-2909,-3004,-2445,-2600,1785,-1597,254,-928,-969,-1259,-973,-2059,-1153,371,-865,-1040,414,-234,-1498,-671,-2590,-2822,-2778,-4037,-5334,-6787,-6209,-5015,-5850,-6691,-5893,-6285,-6534,-6502,-5025,-4517,-3666,-2029,-1297,-1799,-754,-405,-1220,629,1146,392,3290,1783,2771,4268,3986,6184,7768,6693,5652,5857,4675,5315,5181,5447,5226,5440,4819,5341,4956,4480,5311,5109,4789,4882,4080,2956,4783,5597,4169,4501,5771,6452,10513,12735,11916,15258,11041,7629,3691,6892,13696,22677,27859,29863,26464,26139,28658,30620,29181,26482,15458,17346,18724,23974,22287,16277,7033,-6138,-2853,-7294,-9443,10919,29779,30054,29975,29089,22795,23578,25822,27046,31564,31405,31622,31551,32741,31252,25272,17686,12099,4330,-4321,-14346,-19651,-17034,-20683,-15139,-16969,-23092,-17777,-32280,-22346,-18499,-32767,-32196,-29806,-26533,-29371,-29033,-29435,-30462,-30589,-30077,-30810,-31002,-31053,-31369,-31856,-31870,-31498,-31327,-31381,-31484,-30987,-31470,-31501,-31411,-28791,-31448,-31212
110,43.60000000000000142,-1886,-1453,37,228,-2047,-2773,-2136,-2575,-2963,-3868,-2817,-3392,-2701,-3227,-1841,-1439,1786,197,-313,82,-523,-416,-650,-966,-1209,67,-1191,64,1095,-1360,-891,-1989,-2340,-2316,-4001,-4453,-5039,-4999,-6660,-5643,-5156,-6846,-5037,-6000,-5061,-5753,-4777,-3289,-4533,-2678,-1856,-1158,-697,-419,-1247,-1398,731,-287,600,1686,1048,2532,3282,2470,4214,5106,2999,3929,3683,2684,2544,2552,2967,2583,1700,2734,3404,3128,3560,3456,3783,979,2066,1820,3421,2817,1397,3928,3004,5060,8547,12866,13548,13093,11773,7905,4995,8626,14680,22210,29367,30380,27625,25308,27574,28795,26354,25486,15625,17415,18143,19755,18781,11629,4672,-6167,-4450,-9038,-10988,10457,28473,29062,27560,27448,26119,23696,24862,28499,29168,28705,30269,30248,31924,28891,24500,16729,12345,6161,-459,-9425,-16378,-14893,-17915,-11600,-14510,-18758,-14619,-29543,-18768,-16429,-31354,-30343,-26496,-23920,-26420,-26468,-27102,-28095,-26917,-27740,-28248,-28851,-29116,-28936,-28869,-28197,-28791,-28904,-28858,-28329,-28719,-28500,-28648,-28860,-25912,-28672,-28573
111,44,636,591,857,-1422,30,-347,-1471,-1718,-1910,-2015,-1124,-2185,-2135,-694,260,-183,1701,-936,1984,334,-295,-384,-385,-1021,-128,985,832,1159,-160,-1310,-747,-1643,-2449,-3018,-5238,-5138,-4848,-5160,-4559,-4894,-5310,-5026,-5789,-6786,-4836,-5632,-3658,-2909,-2302,-1414,-1764,-1478,248,-985,-685,-651,-1490,-727,-533,-1607,415,663,997,2057,2878,2173,2527,2101,2022,1274,-19,235,-138,-11,1251,929,-429,1228,390,93,213,-902,-128,1008,2584,1373,641,2428,1907,2945,6439,9602,10941,11866,11357,7977,6676,9614,14113,20625,29473,30247,27732,25332,25740,25037,23376,22394,12794,13088,15177,17749,15505,5773,1848,-8009,-6884,-10798,-11488,8996,25709,27352,25776,27193,22473,23832,23735,26874,28095,25701,26096,25842,32242,25168,21902,16455,10607,6242,226,-8813,-13561,-12653,-16454,-8844,-11206,-13918,-11256,-25983,-16448,-11598,-28887,-27340,-24863,-20922,-23172,-23429,-23842,-24895,-25003,-24236,-25106,-26598,-26005,-26429,-26118,-26521,-26022,-25933,-25858,-26252,-25939,-25689,-26136,-25903,-23408,-26341,-25833
112,44.40000000000000568,-1418,2161,1413,2840,347,240,-1478,-478,-227,-797,252,-1390,-967,-1847,-540,1352,2466,1572,1844,579,-967,876,230,201,693,761,136,1683,223,-1421,-1044,-2828,-2617,-2801,-3720,-5624,-4362,-2496,-3918,-2728,-3382,-4297,-4838,-4490,-4270,-5147,-3882,-3740,-2230,-1296,-2149,-439,129,-308,-1036,-1656,-1197,-323,-1627,-780,-1492,-154,688,363,167,1123,1146,1826,250,544,400,-400,-161,-728,-264,-997,551,-1000,260,-921,-1195,-1067,465,124,-392,-401,-1095,333,1007,1427,5213,8591,11204,10554,11477,9729,7322,9433,13208,19873,28051,30733,28357,23850,24618,23088,21356,21474,12585,11547,13860,14714,11795,3202,-3469,-8997,-10144,-13733,-13177,6735,23119,23593,23912,23359,23816,22761,20912,24589,26032,23559,21929,24474,28773,23298,21454,15693,10620,7417,2602,-5302,-11140,-10057,-13469,-6625,-7288,-10866,-7768,-22120,-12288,-8408,-25776,-25168,-21099,-17905,-20188,-21003,-21110,-21876,-21533,-21478,-22650,-23037,-22992,-22963,-22678,-22686,-23198,-22875,-23059,-23200,-23021,-22794,-22702,-22473,-19943,-23177,-23236
113,44.80000000000000426,-25,1761,2134,600,1002,-793,546,996,1337,-467,-367,-308,-343,-645,410,2386,2462,1099,986,1340,2513,1238,948,703,1646,2318,2329,1400,356,-285,5,-1639,-2359,-3516,-3631,-4366,-3807,-3048,-3446,-1390,-2306,-2866,-2724,-3117,-3629,-2295,-2918,-823,-2134,-1357,-1266,507,123,625,-1168,-2232,-1888,-1891,-2681,-2254,-2439,-1536,-1353,-756,-630,-618,-59,37,-1443,-539,-809,-1498,-1061,-1492,-2006,-2999,-2398,-2491,-1964,-2108,-1378,-2445,-1703,-2284,-1391,-387,-2252,-1623,170,487,3387,8948,8633,9182,9957,8001,9280,9601,12439,19245,25974,29944,27923,23173,22812,19977,15909,20380,11429,12913,9957,13444,8630,1334,-4628,-10241,-11001,-15467,-13863,6498,21690,23415,21382,23094,21420,22949,21687,24049,22664,20922,19735,20399,25628,20818,19410,12583,9894,7972,4626,-2590,-8588,-8106,-12659,-4426,-4859,-7792,-3579,-18567,-8963,-5054,-22938,-22115,-18118,-14071,-17191,-17624,-17758,-18387,-19037,-18433,-19332,-19075,-20055,-20080,-20055,-19170,-20230,-19400,-19821,-19075,-19974,-20007,-19369,-19690,-16683,-19681,-19994
114,45.20000000000000284,2770,2298,3543,2449,1636,1955,2096,1990,1416,1016,2308,618,866,493,732,2942,4306,1282,1592,1821,740,956,1351,1605,3122,2238,2651,970,81,-470,-394,-1533,-1770,-1782,-4714,-3274,-3060,-3287,-1607,-1956,-1817,-2300,-2185,-2077,-1517,-2020,-1274,-2887,-2595,-2479,-1513,493,723,-223,-1465,-1604,-1502,-2271,-2909,-2592,-3130,-1587,-1741,-1014,-1810,-2469,-2183,-1824,-2915,-2289,-1186,-1195,-2006,-2656,-3233,-3262,-3165,-977,-2301,-2614,-2785,-2049,-1714,-2300,-1861,-59,-3135,-1369,-139,-259,2432,6910,7016,7705,8986,8554,8873,10628,12584,18320,24010,29197,27825,22307,19479,16205,15665,19420,10313,14058,10097,11711,7241,-1079,-7917,-11943,-12936,-15721,-13772,5024,17109,20859,19297,22932,21009,20630,18924,22515,22195,18904,15255,15070,21889,17051,17010,12193,8702,8044,5281,-1329,-5706,-5772,-10002,-2845,-2946,-4719,-1104,-15223,-6030,-1670,-19892,-19047,-15020,-12895,-13968,-14311,-13796,-15248,-15661,-14075,-16240,-15775,-16259,-17045,-16427,-16782,-16570,-15819,-16283,-16993,-15903,-17296,-16689,-16990,-13803,-16531,-16824
115,45.60000000000000142,4349,2779,3947,3411,1613,3492,2494,1855,1801,1717,1534,1606,2069,1133,1953,2219,4688,2344,2217,2246,2472,2082,1865,1857,3088,3019,3984,1775,1201,-432,-1242,-785,-2497,-2897,-3152,-1804,-1739,-472,-330,-269,-247,-752,-666,-737,-1202,-420,-923,-3648,-842,-1273,-491,-1199,789,456,-1433,-2254,-1328,-2586,-2398,-4122,-4586,-2538,-3632,-2476,-3101,-3367,-1728,-2683,-3131,-2820,-3083,-3761,-3496,-2896,-3531,-3176,-2382,-3729,-1858,-3681,-2077,-2310,-3814,-2777,-497,-2340,-3382,-2845,-1755,-1026,826,6281,6273,6127,8074,7689,7984,11434,12722,16316,21854,28112,27424,20599,18919,13455,11402,14912,8997,10982,8102,9803,4425,-2651,-9714,-11322,-14737,-16296,-13410,4499,12670,18589,17623,19819,21286,18680,17580,19491,18036,15594,13279,13620,20786,14287,16673,12768,8488,9292,7410,327,-4220,-4905,-7223,-1888,728,-917,1591,-10126,-3033,-808,-16937,-15306,-12732,-9393,-11690,-11903,-11968,-11920,-13384,-12270,-12841,-13130,-13469,-12957,-13184,-13515,-14085,-13126,-12933,-13566,-13968,-13568,-13694,-13349,-10408,-13500,-13493
116,46,3200,2951,3793,3647,2266,1404,4432,1467,2523,2575,2360,-242,2000,831,2532,3173,3746,3120,2140,1435,1937,1707,2530,1916,2554,2065,2370,1836,916,-202,-226,-26,-620,-1345,-3119,-1547,-663,1041,-371,185,1030,-177,342,-992,66,-224,-710,-1638,158,-1572,-1671,-1080,814,328,-1299,-1150,-2562,-3582,-4146,-3333,-3217,-3653,-3756,-5094,-4237,-4495,-4931,-3514,-4001,-3480,-2324,-2955,-3926,-3753,-4970,-4272,-3493,-3506,-3673,-3791,-3025,-3346,-2354,-1682,-2283,-2207,-3462,-2501,-1143,-1639,813,4718,5089,5073,6300,7164,7516,10880,12522,13387,19709,26439,26750,19343,15717,12588,9852,12191,7757,8134,7124,6868,3898,-3588,-10409,-12150,-11561,-14763,-13896,3235,12543,18253,14889,18119,18564,17093,15581,17676,16171,12313,10145,12268,15336,12451,14852,11277,8449,9117,6752,563,-1802,-2149,-6745,395,2759,674,4136,-7088,-159,3924,-13877,-12983,-9691,-6089,-9219,-9005,-8706,-9919,-9664,-9786,-10036,-10562,-10322,-10518,-10518,-10724,-10178,-10462,-10789,-10314,-10549,-10582,-10949,-10756,-8168,-10037,-10222
117,46.40000000000000568,1952,1979,3791,3373,1735,1696,2793,1804,2448,2803,2072,1498,3159,908,2538,3113,2529,1802,2238,1779,986,1201,2162,1729,2411,1715,1780,1212,802,-11,-168,-422,-1276,-746,-2151,-530,624,-270,1691,2280,1982,1990,1633,544,1316,49,93,702,-233,-2012,-1440,-23,866,-33,-443,-955,-2745,-2691,-3768,-4144,-3493,-4311,-4199,-5633,-5322,-4887,-5375,-4147,-4068,-3656,-4523,-4074,-4291,-4028,-5486,-5055,-3997,-4738,-3312,-5004,-3796,-3671,-4268,-1763,-2263,-3994,-5677,-3568,-2962,-1529,-1,2853,3648,3577,4907,7564,8118,9316,11201,11824,15464,23658,25499,19766,16096,9007,7211,11739,4669,8646,5775,5960,3015,-5024,-12452,-13205,-13033,-14855,-15008,2586,9041,15401,14590,15026,15562,17072,14137,13984,12900,9204,7513,7798,14650,9284,12535,9108,6386,9033,7517,2757,-2478,-519,-5091,595,4263,2465,4687,-5510,342,4402,-10753,-10309,-8407,-4020,-5678,-6412,-6471,-6937,-7098,-6548,-7594,-7054,-8554,-8700,-7767,-7634,-8075,-7845,-7700,-8334,-8193,-6771,-7896,-7652,-5276,-7440,-7725
118,46.80000000000000426,1575,1638,2118,2771,1426,442,1017,1410,993,2074,3039,1004,843,1378,658,1188,3282,1853,1636,957,1590,1777,1285,2141,378,1254,1507,-805,354,583,-355,-865,-707,-1058,-244,638,1141,1054,1542,2817,1953,1461,1170,1005,1341,603,1322,202,256,-1261,-604,-915,791,-111,-1155,-1286,-2247,-3577,-3989,-4307,-4030,-4723,-4935,-6016,-6135,-5408,-6152,-5570,-4303,-5057,-3597,-5636,-4697,-4530,-5326,-3982,-4589,-4890,-3503,-4411,-3586,-2970,-2606,-3315,-3985,-3974,-5464,-5452,-3851,-2741,-1230,1574,3377,2511,4092,5873,8026,9824,10753,9786,13179,21822,23510,19177,13691,7411,4815,10244,5638,6654,5222,5466,2066,-5658,-11763,-13442,-13901,-14638,-14708,742,9276,14453,12255,13737,14364,13980,11638,12347,11057,7179,4820,4999,10945,7918,9705,7832,5761,8864,7885,4624,837,-303,-4162,3589,5565,4970,6025,-1712,3122,6439,-8157,-8944,-4124,-1429,-3478,-3761,-3341,-4705,-5257,-5679,-4985,-4440,-5740,-5205,-5084,-5351,-5373,-5865,-5521,-5246,-4989,-4567,-5453,-5835,-3843,-6174,-5904
119,47.20000000000000284,882,2412,2315,1313,679,209,85,1007,1399,770,1763,832,1217,525,1020,2342,1101,1805,567,1273,302,658,725,1113,642,918,404,-256,-1576,-2713,-948,-1262,-1878,374,-1491,1272,1730,2394,1477,1588,3236,2424,2033,2701,2745,2447,2316,566,1115,-2106,-698,-530,1141,144,-444,-1308,-2368,-1691,-3456,-4185,-5253,-4284,-4841,-5280,-6020,-6762,-6841,-5286,-5039,-5034,-4257,-4838,-4656,-4301,-3923,-4767,-4520,-4515,-4572,-3995,-4558,-4250,-4232,-3384,-4162,-5136,-6446,-5288,-4368,-4043,-931,968,1964,1848,3217,5417,6464,9022,9042,7179,9633,19934,22179,17571,14619,5704,3542,8819,5929,8349,5184,6522,1899,-4927,-11243,-14638,-12434,-13656,-14197,485,7004,12790,10793,12584,11603,11254,9616,9683,9133,6115,3131,3595,9394,5749,6678,7619,5808,7346,8063,4875,19,720,-2882,4355,6708,5123,7173,-1132,4657,8466,-5024,-5061,-2370,1182,-2118,-1203,-1433,-2115,-2101,-2266,-3170,-4237,-3269,-3477,-4058,-3774,-3003,-4139,-3762,-3133,-3027,-4196,-2621,-2896,-895,-3106,-5040
120,47.60000000000000142,287,356,1695,1401,-195,1383,0,324,174,433,1544,-211,-951,-563,-194,-140,839,-166,469,-339,23,815,1125,-523,1050,-325,-166,-580,-1400,-246,-2630,-318,-954,994,1069,1580,1993,1909,2653,2005,2287,2803,3036,4430,3341,2661,2754,2328,88,167,-308,-508,93,283,-819,-523,-1570,-2689,-3539,-4081,-3413,-4606,-4944,-6345,-5817,-6650,-5813,-6197,-5580,-5362,-5129,-5603,-4814,-4742,-5781,-5012,-4880,-5308,-4216,-4933,-4719,-4563,-4417,-2627,-4030,-4621,-6878,-5629,-5291,-4047,-2309,184,996,778,2585,6170,7544,7663,8019,5693,7717,16721,20153,16579,12700,4960,1900,6957,4669,4771,3549,5975,1364,-5239,-11984,-13086,-13373,-12568,-13720,833,5992,11035,10414,11105,11144,10232,7884,9293,8143,3167,2128,874,7703,4072,5539,5628,5517,7161,7896,4541,3027,2046,-1827,4983,6589,6849,7826,1047,5679,8087,-3878,-3568,-1046,898,-185,-683,-804,-301,-968,44,129,-440,-1423,-2152,-1298,-1316,-2439,-1749,-2061,-1234,-1120,-1355,-659,-1465,203,-1581,-1266
121,48,-1848,-910,150,479,-936,-140,-1451,-1594,-814,226,930,44,758,298,-190,330,-210,-839,578,-487,-273,-253,-428,743,622,-115,221,-2737,-1902,-2129,-2271,-872,232,783,202,1238,3090,3233,2874,3045,3053,3080,2176,3024,3585,3930,1861,958,-244,275,90,22,-99,994,-909,-556,-2171,-1176,-3792,-3795,-4439,-4511,-4333,-5270,-6339,-6154,-6861,-5398,-5327,-4782,-5084,-5421,-4634,-4050,-4145,-4958,-4851,-5312,-4197,-5254,-4989,-4771,-3150,-3458,-4675,-5748,-7637,-6393,-6148,-5160,-2786,-917,-476,-758,819,2961,5191,7427,7845,3019,5749,12674,17938,15465,12230,4628,468,3945,2700,4882,3877,5003,1714,-5053,-11531,-14033,-12136,-13255,-12183,-974,4422,9092,7694,9134,9977,9228,6342,7023,6113,1592,169,1834,5388,2746,2132,4689,4517,6442,6831,5002,4387,2784,-219,4165,9137,8245,7675,3959,5194,8784,190,-1600,1469,3737,1406,1283,1292,1118,1454,1149,1256,1555,-175,111,1572,-276,405,338,-638,181,-188,256,-243,236,1384,-210,1377
122,48.40000000000000568,-2952,-1514,-792,185,183,-1586,-669,-1284,-1150,-1210,-1100,-743,101,-836,-152,565,-836,-232,-527,-1033,358,502,192,-23,180,-1702,-2152,-1626,-1974,-2608,-2079,-21,-1710,-354,948,2803,2473,2159,1730,3098,3232,3446,2457,3605,3133,3992,3414,2771,1285,831,107,-1133,596,296,-914,-1085,-453,-1865,-3341,-2721,-3490,-4056,-5639,-5267,-5951,-5722,-5738,-6930,-5259,-5277,-5015,-4396,-4929,-4087,-4223,-4634,-4375,-3747,-4922,-3989,-4232,-4293,-3892,-4707,-5563,-6682,-7481,-6050,-6064,-5086,-4651,-2282,-1153,-1110,92,4969,6724,5856,5955,1972,2538,10260,15419,14735,11475,3075,209,3393,3154,6099,3320,4411,1775,-3815,-11705,-11486,-11933,-14160,-12745,-474,4154,7738,6898,8028,7941,7118,4313,6118,5727,-891,-1264,-770,2623,2875,2213,4236,3767,5335,7265,7043,4494,3288,1339,5424,7917,7999,8150,4645,6065,9405,-377,136,1926,5038,4162,3141,2876,1486,3301,2709,2267,1493,2349,2400,1410,2094,1221,1249,1799,2360,1635,2878,1770,1344,3661,2316,1369
123,48.80000000000000426,-1866,-3284,-1068,-1916,-2224,-2466,-1942,-2113,-2191,-1045,257,-52,-647,-490,-1150,204,-838,-810,858,58,100,-87,-1349,-232,-519,-1637,-787,-1809,-1842,-1890,-1976,659,516,462,1720,2036,3450,2175,3188,2023,2848,4192,2146,2665,3947,3513,1688,1152,1910,607,73,-445,745,442,-1183,-837,-788,-1729,-2029,-3351,-3841,-5138,-4575,-5059,-5577,-6047,-5959,-5925,-5282,-5230,-4545,-3865,-4598,-4440,-3661,-3919,-3720,-4121,-3832,-4437,-4924,-4942,-4823,-4973,-4284,-6134,-7492,-6497,-5975,-4304,-3840,-3520,-1471,-2936,-929,2320,5543,4507,4666,98,767,6778,11973,13383,11612,3310,-1223,2027,1995,2312,3356,3146,607,-3701,-12163,-11179,-11497,-12774,-10207,-180,2333,6389,5545,7559,7284,4282,3192,2504,4448,-1440,-1388,-1059,2129,708,2372,2200,4433,4609,7359,6032,3426,4690,2379,5956,9273,8898,8531,4175,5840,8260,2136,2190,4581,5866,5630,3137,4079,3943,4028,4728,3716,3563,3150,2495,3171,3331,3781,2957,2716,3312,3302,3696,2879,3386,5398,3680,4649
124,49.20000000000000284,-3262,-1541,-2744,-3594,-546,-2248,-2204,-1634,-1655,-2368,-1982,-2335,-2097,-8,-1834,-833,-539,-114,-1101,-1000,24,-812,-323,366,1157,-2104,-1173,-2834,-2407,-1203,-588,-1504,239,721,1974,2880,3177,2378,1641,2886,2196,3138,2719,2895,3520,2743,2226,1687,1002,847,524,333,969,-284,-634,-667,-677,-1735,-1584,-2927,-3778,-3623,-4597,-4960,-5247,-5834,-4779,-6111,-4870,-5028,-5127,-4461,-1896,-4419,-4366,-3622,-3872,-4074,-4361,-4139,-4010,-4279,-4889,-4329,-4803,-5916,-6866,-6751,-6020,-5363,-5157,-3726,-3066,-3427,-906,2720,4529,4007,2330,-581,-1185,4300,8896,10936,11002,3914,-436,2170,-193,2532,2573,3414,675,-4408,-9907,-9784,-10386,-11440,-11043,-501,564,6270,4349,5893,6520,4001,1983,3496,3010,-2687,-1887,-2232,577,-1364,582,1693,1256,5455,6934,6797,3845,4618,2862,5361,9703,7049,8221,4195,7090,7961,2815,3417,4405,6539,5090,5333,3692,4565,3859,5347,4247,4770,3347,4439,4806,4555,5559,4938,4541,3638,3952,2940,4843,3514,5556,3388,5019
125,49.60000000000000142,-2627,-2096,-4047,-3758,-2298,-2323,-2166,-2373,-2007,-2861,-1240,-1914,-889,-1619,-787,-1709,-1151,48,-877,-248,-789,-887,-703,-977,-676,-2112,-2269,-1870,-1990,-1465,-652,-367,598,1067,1730,2876,2500,681,2400,842,1272,1511,2376,2060,2486,3379,1985,799,1038,515,545,389,-562,-141,-666,-623,-921,-2153,-1135,-2441,-3679,-3804,-2877,-3407,-4074,-5843,-5435,-5132,-5258,-4890,-4113,-3693,-4059,-3893,-2895,-3370,-3084,-3158,-3760,-4105,-4935,-4509,-5013,-4752,-5033,-6313,-7277,-7111,-6379,-6127,-5038,-4497,-4751,-3069,-1614,925,3763,3385,-872,-2174,-3339,1422,8439,7800,8318,2824,-456,927,238,2526,2749,2634,-2,-3002,-10638,-8491,-12150,-10479,-10004,-769,378,3975,2500,3465,4299,2720,1519,2307,2392,-2571,-2608,-3221,-596,-3265,-311,-754,1175,4144,7008,7083,6387,3924,3893,6573,6960,6871,8018,4453,4232,8356,3785,3900,4873,7283,5878,5467,5450,4306,5882,4937,5390,4729,4399,5252,4976,6130,6211,4996,4839,5465,4942,5479,4879,5051,7484,5029,4705
126,50,-3643,-3438,-2729,-1927,-2611,-3543,-2489,-2457,-2665,-1541,-2202,-3110,-3175,-1417,-1864,-1080,-510,-161,-659,-1254,-1492,-786,-1273,-794,-1731,-1355,-2423,-1927,-1846,-1258,357,265,430,924,1393,3367,2460,1447,1659,1119,1808,953,1466,2422,1393,894,1251,632,802,524,818,292,462,308,-1176,-303,-4,-1498,-1976,-899,-1681,-3462,-3764,-4081,-3941,-4235,-4400,-3608,-4354,-3723,-3595,-3902,-3255,-3604,-4273,-3368,-2738,-3989,-2917,-3984,-3515,-3391,-3699,-3677,-5411,-6022,-6042,-6482,-5689,-5715,-4914,-5578,-4059,-4332,-3332,-159,4281,1266,-1254,-3381,-5460,-82,5589,6265,8194,2712,167,184,224,2209,1956,3259,470,-3681,-9668,-7378,-9088,-10244,-10061,-736,600,2829,1093,2477,4340,917,1065,1748,449,-2400,-4144,-3917,931,-3287,-2002,776,-482,4626,5119,7179,5654,5707,4674,5282,8994,6847,6596,3309,4859,6779,3586,5110,7242,7633,6808,6620,6307,6496,5984,6586,4853,4851,5857,5775,6443,5784,6510,5414,6111,3779,5821,4434,6802,5190,6276,6598,5046
127,50.40000000000000568,-3834,-1108,-1711,-2785,-1862,-2754,-2039,-2203,-3159,-2956,-1712,-2419,-720,-1720,-2424,-107,-1047,-36,-644,-1175,-1216,-1571,-663,-528,-650,-1625,-1644,-2047,-402,165,-111,997,609,2018,2026,1988,1187,572,-44,390,381,1142,324,1343,1583,2691,952,2106,1475,991,633,484,176,305,-139,-59,-256,-2525,-1349,-996,-627,-3027,-3259,-2937,-2762,-2474,-3349,-3488,-2867,-3059,-3323,-2998,-2350,-1997,-3298,-3085,-2054,-2800,-3887,-3001,-3414,-3772,-3362,-3171,-4339,-5085,-5252,-6479,-5465,-4912,-6083,-5220,-4500,-4317,-3540,401,2878,2096,-2552,-3024,-5033,-3920,2383,5155,7776,3907,-1383,-246,422,1818,2153,1514,864,-3387,-10022,-6781,-8543,-8359,-8305,-438,-846,2239,765,1377,3914,2643,1398,802,869,-3099,-3672,-3884,-1327,-2891,-2027,1347,-568,3343,6398,5959,5561,4976,2790,5679,8882,7351,5763,4215,4326,8425,3173,4762,5304,6032,8221,6252,6791,6280,6314,7044,5794,6849,5875,6340,5360,6322,7004,6752,5912,6577,7373,7438,6849,5855,6604,5226,5039
128,50.80000000000000426,-2637,-2882,-844,-2679,-2101,-2376,-2700,-1800,-2479,-1413,-610,-1286,-1455,-1739,158,-897,-26,-399,-292,-111,-688,-115,-25,384,137,-1159,-1047,-1184,-544,-410,339,275,1455,2112,2114,1288,1769,407,-321,-1263,760,898,142,222,204,573,1340,1445,966,663,1355,1231,1021,835,417,-230,170,-853,-2146,-443,-1746,-1736,-3420,-2532,-1962,-1997,-2367,-3693,-2762,-2370,-2828,-1951,-1732,-3708,-1835,-2414,-1779,-3230,-2217,-2372,-2325,-2668,-3285,-4146,-2433,-4213,-3833,-4922,-4403,-4761,-4723,-5428,-4763,-3777,-3063,754,2766,164,-1971,-3555,-7077,-4305,-1736,4440,7533,3395,1014,824,-243,1180,330,2760,1209,-4574,-8310,-4461,-7824,-6474,-6720,160,350,563,-1016,2534,2873,1722,33,-140,-1106,-3192,-3627,-3682,-2357,-3151,-1761,-1503,1236,3851,5601,6999,5670,5095,4853,5442,7769,5405,6116,5083,4275,3424,3574,4529,6924,6985,7729,6461,7239,6838,8495,6022,8274,5271,7463,6598,6379,7449,6374,5478,7552,7338,7586,6910,6047,5946,6432,6496,8011
129,51.20000000000000284,-616,-2541,-1671,-1294,-811,-1385,-1934,-1801,-2518,-1448,-1048,-1368,-1185,-1471,-690,-1243,348,218,1373,-177,-143,-330,783,615,873,-1239,-1096,113,164,986,1708,2138,1233,1108,1280,1716,1223,431,1361,76,-344,-727,827,-323,463,535,1282,1685,765,949,2250,540,1862,1655,-62,599,348,590,696,-519,-1876,-1528,-1277,-1072,-868,440,-1299,-1917,-2766,-2036,-2303,-1469,-486,-988,-2591,-649,-1726,-1246,-1183,-3317,-2056,-1454,-1860,-2804,-2778,-3015,-3571,-3872,-4110,-3675,-3770,-5426,-5203,-4600,-3103,-594,2554,627,-3234,-4524,-6868,-5787,-1468,2567,7410,5691,1592,-78,96,1711,3024,2390,1141,-1654,-9153,-3544,-5342,-5730,-5405,-903,-757,1173,-182,1075,2698,-450,-230,-538,-1176,-2461,-3178,-5058,-3325,-4741,-636,-671,2005,4698,7174,5922,6238,6212,4654,6126,6093,4290,6876,3951,3981,5224,2964,5169,6796,7357,6427,7261,6910,6858,7610,7337,7701,6908,8013,5983,7020,6405,7643,8165,6851,6617,5776,6349,6506,6531,6772,7242,6354
130,51.60000000000000142,-1766,-763,-306,-1338,-194,-1002,-1026,-1310,-877,-326,-477,-2187,-1082,-1517,-1850,-1113,357,-569,2072,856,310,61,782,1132,99,-1056,1999,580,1282,1934,1812,2067,2457,1124,2072,452,494,1300,-959,945,-710,-1534,800,87,864,1468,2400,1525,443,801,1838,1586,2474,1657,386,1354,1047,689,1216,838,-252,-1274,-1131,-299,144,-234,-733,317,-674,-974,-2144,-1014,-1085,-2000,-772,-708,469,-1080,43,-1361,-1333,-753,-1484,-876,-2898,-2324,-1765,-3792,-2962,-3501,-4847,-4989,-4618,-2972,-2681,-158,1861,726,-1218,-4824,-7504,-7323,-1745,1481,6020,4943,2995,1346,1674,1302,665,1763,993,-2691,-8794,-3205,-5638,-3972,-4354,340,435,1111,522,51,2313,-1235,1339,290,-1063,-2894,-3355,-4223,-3787,-3699,-1280,-77,532,4089,6656,7364,6554,5522,5545,5300,6189,5455,3644,4465,3914,5333,6031,5557,7139,6806,6804,5879,7098,6089,7443,7623,7466,7256,7073,7878,6668,6764,7122,7596,7744,6126,6575,7399,7460,6177,6394,6804,7014
131,52,-822,-664,-432,455,-155,-644,-1119,444,-943,-716,-980,-633,-1780,-819,-584,-1115,-39,626,1669,678,765,834,1447,1388,1123,1070,1163,878,2386,2572,1663,3679,1935,1532,1527,1193,475,883,538,-322,-58,423,611,241,-1016,1178,27,1924,373,1919,2232,1284,3076,2344,1217,1847,239,317,636,1123,1945,687,-286,288,765,954,725,1109,334,-230,-286,633,-96,-302,-185,280,-218,910,-374,-1217,-30,630,224,-2290,-1456,-2078,-2216,-2644,-3226,-2778,-3807,-5123,-5503,-3133,-2567,575,1973,-104,-743,-5417,-7829,-7013,-3676,-265,4010,4836,2459,2382,791,2030,287,1792,1499,-1805,-5781,-1607,-3488,-3276,-2465,1057,-2658,614,144,177,1074,-141,-101,382,-1990,-1661,-2160,-2554,-4668,-3144,-1085,297,2075,3487,5958,6795,6752,6230,5919,5417,7333,5795,4339,4016,1260,3460,4014,5585,5455,6363,5864,6125,6882,6487,6305,6076,7193,6870,6583,7426,6794,7541,7203,5936,6877,7385,5782,5965,5660,5935,6796,6220,7985
132,52.40000000000000568,1203,169,692,753,908,-63,-293,-478,-336,47,-750,-160,-775,281,-201,-1067,927,2016,3161,1962,2190,1106,1719,2790,2555,1929,2310,2145,2118,1903,2048,2264,1288,1629,1251,1217,711,-591,301,-140,-169,-326,584,-53,1010,1121,468,1089,935,1017,1776,2430,1737,1602,2254,1238,916,587,368,1275,1677,974,1650,1534,693,2328,1613,952,2317,-58,403,-450,606,806,-133,347,573,876,-256,38,-501,-503,191,-499,365,-451,-733,-1333,-1947,-2039,-3439,-4182,-4433,-2321,-2297,822,1622,-509,-2096,-4411,-7662,-7538,-4074,-1281,4591,4682,3449,1688,-130,2672,2429,3442,1452,-1305,-5528,-2009,-3498,-1771,-2102,877,-1277,404,-691,-633,382,791,133,-867,-893,-2486,-2531,-2235,-3405,-3873,-889,650,1188,3971,4341,6252,5592,5636,6918,4517,5441,4780,3630,3470,2537,2650,5022,4655,6230,5038,6795,5937,6155,7296,6515,6118,5337,6064,5266,6147,5689,7255,6386,6148,7314,5719,5713,6609,7266,7233,6255,6668,7350
133,52.80000000000000426,813,2178,1215,1392,1762,1651,1699,517,418,395,-803,445,97,274,65,694,1909,2194,3691,1798,2672,2234,2725,2552,2854,2785,1671,2444,3760,2165,2792,2750,1700,2616,1735,792,282,627,-122,92,186,-463,126,543,1708,-412,704,1023,1531,2456,2104,1961,3050,883,759,799,1523,1581,443,1356,468,2886,1435,1834,2532,992,3184,2323,2566,1179,972,1406,1219,304,1135,453,-203,-132,880,348,386,742,1305,927,747,-689,-201,-865,-2127,-1610,-2838,-3407,-4382,-1000,-2351,227,780,866,-2158,-4814,-6683,-7724,-6283,-2888,3009,4374,4486,3049,853,1750,1993,1928,712,-669,-5607,147,-2798,-695,-1967,1442,327,350,728,737,566,774,768,-633,-149,-2679,-2442,-2819,-3307,-4642,-446,-255,3025,4085,5621,6404,6742,6268,5449,5983,4938,4603,3684,4249,2614,3467,4134,4159,5631,5860,5255,5510,6272,5921,5859,6316,5621,6774,6324,4770,6366,5088,4364,5717,6341,6208,4840,5377,5296,5840,5099,4526,4976
134,53.20000000000000284,2661,1973,1417,1673,2190,1788,1939,896,821,330,702,952,-450,720,131,-377,2259,2556,2891,2887,3318,3240,3458,4273,3062,3562,3383,2402,3480,3761,1958,3462,1455,1195,1109,148,973,874,798,881,507,559,-282,2065,1948,856,919,2913,1530,1061,1026,1549,2821,2747,2604,2372,1654,1507,2755,1694,4355,1145,1690,1095,1825,2483,3293,2896,2116,2095,1439,1156,1820,2051,1321,1966,1937,1987,357,370,881,1222,1770,1830,1007,1165,486,-1823,-380,-1718,-2265,-3173,-3707,-1550,-966,-460,560,-559,-732,-3707,-7734,-8820,-6529,-2985,2822,3988,4331,2507,1876,2397,831,3735,1145,-1062,-5109,-311,-1104,-1945,125,713,-2019,864,-1777,206,189,-192,-292,-353,178,-1244,-2287,-2020,-4275,-2599,-606,686,1667,4531,5043,7208,8231,5982,5440,3938,5187,4447,3320,3058,1098,3355,4236,4186,5166,2918,3172,4784,5411,5151,4287,3876,5088,4488,4931,4964,5203,5109,4519,4340,5356,5568,5164,5823,6385,5721,5199,4662,5408
135,53.60000000000000142,2463,2145,2830,2491,3044,1890,2468,1859,1422,934,1796,1870,1599,1553,366,815,1165,2406,3713,4184,3177,3595,4334,3799,3016,3739,2959,4085,3472,2861,2167,3716,772,1946,1533,1002,753,1524,489,1246,885,288,508,1179,1012,171,154,2591,1152,2054,2656,1783,2123,3636,1083,2282,1934,2634,1476,1731,2136,1868,2036,2273,2615,2578,1935,4541,1627,2930,2211,1862,2668,1098,1222,1578,871,1182,1564,1658,933,1455,2635,2200,1538,1788,1726,-238,285,-1076,-2427,-3306,-2298,-1136,-233,282,1557,739,-1675,-4055,-6990,-8971,-8990,-3033,1555,3864,3183,2197,1893,1965,767,1539,945,-1689,-3971,-858,-705,758,590,2062,-1313,-191,-616,-198,235,-1358,245,621,-700,-1991,-2314,-749,-2495,-2083,-2009,2419,2501,3387,5092,6275,4892,4939,5826,4149,3894,2955,3056,2543,1517,1194,2987,4400,4130,4266,5059,4087,3566,3293,3212,4348,4536,4596,4711,5030,5595,4234,4987,3037,4440,4241,4332,3981,4382,4395,4060,5013,5557
136,54,2547,3053,2996,2979,2597,3015,3106,2042,3434,4181,149,1755,1460,905,1733,1867,2726,3353,4396,4254,3728,4214,4071,4753,3479,4924,4497,3363,3812,2218,2960,2286,2185,1981,1151,1090,1503,1039,1033,67,152,1698,1054,1122,1454,1232,1331,1843,2535,2187,1848,2884,1454,2677,2928,1449,1857,2563,1685,2727,2251,2362,2179,2736,2780,2821,3375,2405,3018,3707,3267,2230,2465,1927,1236,1419,1679,1200,1362,1370,1637,1983,2169,2566,2098,1737,1827,-5,-468,-624,-2035,-1782,-2948,-1120,-859,2043,212,-1047,-2757,-3128,-7161,-9930,-8737,-5803,-170,2952,3536,3053,2106,745,519,1392,378,-1113,-4487,-1024,-111,41,1458,1919,-1625,-880,-742,282,348,396,-197,-829,397,-1369,-1864,-2255,-3503,-2790,26,2092,1466,3273,3905,6296,5842,5079,6100,4785,4023,4013,3751,1149,1575,2549,2826,4596,4499,4047,4284,4317,4042,4140,5379,2647,3889,2923,2361,3892,3089,4271,5476,3075,3600,3938,4056,3177,3354,4620,1404,3816,3954
137,54.40000000000000568,2074,4046,3167,3461,4251,2828,3553,3110,2790,2161,2460,2476,1771,1564,2208,1710,2826,3685,3159,5083,3865,4927,5594,4820,4584,3577,2763,3843,4422,3087,2048,2481,1707,1791,74,146,209,1483,166,511,1943,2446,912,1876,1013,364,953,1501,1837,2468,2008,2855,3281,3473,3490,2783,1763,1711,2022,2457,2307,3500,2029,3547,2909,3050,3204,3494,3536,1767,2207,2367,2988,2101,2220,1638,1368,1792,1795,2699,1683,2123,1402,3292,2393,2956,1543,765,-775,183,-1005,-1489,-2404,284,848,745,-188,-1213,-764,-3894,-7086,-10405,-9160,-6268,-410,2552,4398,2286,3036,1822,-602,1896,-532,-972,-3728,-619,-1156,807,567,2275,184,-351,-1172,-1500,-1427,-1168,350,-311,997,-1391,-984,-1582,-3257,-1227,-328,1533,2389,2947,3192,4652,5612,4847,6611,3258,3990,3500,3363,1954,1253,2831,1952,4144,3826,2933,2402,2262,3209,2628,2838,3147,3830,3674,2762,3366,2944,2199,3707,1973,3184,2731,3377,3339,2921,3180,2216,3129,4599
138,54.80000000000000426,4761,3683,4256,3933,4767,3639,2288,3416,2512,3050,2804,3963,1697,2805,2809,2987,2708,4465,4375,4270,4797,5028,5197,5646,3097,4476,2806,3283,3444,2396,1468,2703,2164,512,1664,529,382,1348,3025,2017,2509,2331,1324,2842,1534,1425,1675,1247,936,2162,1231,3029,2948,2525,1594,2173,1916,1991,1495,3172,3027,2537,2549,2857,3716,3984,3312,3220,2642,3295,3363,1306,3959,3316,2393,1817,2631,1954,2084,2037,2672,2346,3712,3999,3850,2749,2098,837,337,222,-1329,-2055,-714,-539,566,-750,450,-892,-2740,-4464,-5888,-9117,-9130,-5739,-2225,2310,2535,1843,2228,4138,941,644,-1166,-1072,-4000,-1220,573,375,-433,1446,344,-12,-365,-666,155,8,-82,287,659,-796,-1620,-2065,-2839,-2240,-348,1634,614,3216,4341,3879,5001,4788,5475,5406,4416,2638,2970,3453,-598,1071,3176,1868,2974,3338,2643,2258,2541,2791,2872,2743,2761,3058,2073,2747,2015,2156,2243,3589,2308,3428,1808,2060,3220,3763,1446,3351,3054
139,55.20000000000000284,4606,3978,3506,3541,3499,3811,6260,3907,3980,5489,2546,4212,4348,4098,2992,3412,3188,3509,4637,4787,4565,4175,4263,5042,4057,3967,3734,2712,3566,3001,1767,1969,2827,880,2375,2377,1656,2241,2343,2597,3884,2378,1892,1961,510,1660,2074,1232,1989,2372,3208,3472,2495,2719,1905,3851,2533,1956,1154,2239,3450,3030,2543,2538,1855,3072,2726,3551,3353,4218,3516,3918,3403,3563,2821,2281,1149,2754,2787,1996,1769,2852,2612,2748,3665,2477,1177,955,103,660,-541,-1091,-1065,381,593,1143,198,-999,-3024,-4144,-6409,-8060,-9434,-6634,-1673,141,1936,4130,3392,2619,718,-224,-176,-1828,-3070,-512,-730,-374,91,1994,292,-911,-844,-1115,342,668,-200,-170,839,-1085,-1123,-1566,-1938,-911,-55,25,2279,1876,2664,4966,5835,5343,3876,5330,3752,2621,3872,80,1377,2562,1196,2146,2770,3602,1867,2595,3507,2976,2820,2915,3842,1771,2867,1939,614,2201,2762,2406,2553,2525,3100,2163,2004,1987,2455,2579,1683
140,55.60000000000000142,3403,4275,4303,5071,4304,5448,4206,4549,3826,4685,2285,2967,3799,3649,6150,3844,3723,4164,4561,5413,5128,4759,4893,5511,4466,4386,4494,3039,3149,1508,677,2118,2065,1532,1325,1418,2615,3206,2338,2903,2694,2587,1412,2757,1738,2325,4347,2783,2930,2789,3426,2874,2892,2210,3474,3514,3165,2621,3267,2319,3443,2724,3740,1512,2629,3001,3200,3395,3362,3569,3876,3701,3632,3315,3708,2645,4370,3010,2755,3428,3664,3419,3097,3781,3122,3394,1921,2753,1374,1378,149,-89,-304,1383,-24,156,437,-1579,-2514,-4179,-5155,-7713,-8394,-7982,-2484,319,3003,3915,2464,2596,1579,293,-712,-2167,-1945,-321,186,1832,1500,3015,-725,-823,-713,-387,44,542,72,810,495,-645,-1823,-3223,12,-1728,-1321,440,986,1589,4197,5002,5260,5127,5941,4409,3912,2728,3151,2281,1554,1894,3076,1440,2565,2734,1431,1821,3188,2846,1750,518,1497,1952,2338,851,3053,2594,1682,1364,2311,1980,2375,1960,1917,2307,197,2216,1241
141,56,4038,4426,3895,4570,3437,3890,4956,4588,5487,3973,4886,4491,4427,2978,4353,3411,2308,3500,4148,5324,4360,5221,5095,5793,3878,4241,3860,3768,3022,1447,2659,2528,1627,2804,2548,2881,2525,3738,2598,3644,2749,3859,3147,2771,3900,3657,3771,3675,2957,3263,3368,3226,2540,3784,2938,2079,2835,2747,2228,3585,2059,2776,2660,2537,3441,2963,2619,3276,2428,3571,4312,3370,4131,2635,2841,2868,2357,2804,3062,2977,2226,3643,3603,4371,3016,4652,2852,1743,1677,2567,660,83,-141,762,1078,741,573,-169,-2740,-3090,-4822,-8302,-8655,-7423,-4464,-1177,1744,3111,2477,2801,685,12,-1381,-1950,-1799,191,-153,296,1351,1853,84,-1816,-1165,-950,189,573,-121,303,957,-597,-278,-1131,-2547,-2988,71,-484,3507,1921,3846,4539,3484,5121,4066,3693,2750,3731,2316,2332,1949,2877,2808,2105,1784,2328,2368,1686,1042,1851,976,2293,1615,1884,1154,1921,755,2307,1792,2674,1858,986,1104,1388,2491,1608,1896,1676,2129
142,56.40000000000000568,4716,4495,5536,4038,4222,4187,4145,4013,4929,5220,5034,4930,3159,4737,3910,3765,3342,4714,4457,4884,5097,4826,4764,4760,5981,4727,3497,3650,3717,2176,2129,1005,1470,2202,2872,2660,2436,3331,3055,4970,3517,2634,3584,3771,3138,3245,3488,2748,4115,3716,3051,2911,3047,2674,3924,5260,2254,2988,2886,1807,2495,2642,2977,3334,3003,2855,2778,3194,3904,2534,3044,3685,3117,3310,2607,1940,3295,3121,3245,2304,3434,2579,3194,3240,3384,3353,2288,1968,1865,1792,837,455,200,2067,2180,2026,580,-558,-2460,-2973,-4473,-6967,-9147,-8171,-5677,-1325,1220,2546,2331,1312,219,-887,-858,-2262,-2809,-271,-101,903,593,1978,-314,-1095,-1401,-1105,424,121,63,103,757,-69,611,-2397,-1748,-1212,-926,1563,85,1635,3597,4478,5339,5719,5388,4311,3251,1950,2515,1894,2127,1226,1505,3197,1805,2221,2772,2726,1649,2771,182,1379,2084,1260,2845,40,1934,1317,1076,1972,1398,2034,1620,934,2100,1149,2159,1741,920
143,56.80000000000000426,3454,2272,3678,3422,4006,3199,3883,4305,4169,4841,5484,4123,3778,3977,4686,3386,3858,4709,4351,4501,5298,4579,4754,5318,3751,4087,2718,3246,2292,1544,2521,1644,1462,1791,2717,2737,3225,4143,4276,4811,4868,4177,4792,4305,3963,3281,5096,3536,3667,3450,2614,3750,2457,3208,2782,2647,2906,2354,2579,2676,3391,3362,2980,2282,2532,2463,2734,2881,1690,3213,4238,2307,3676,3045,2792,2939,3882,3284,3738,2443,3979,3682,3452,3149,3012,2090,2216,2770,1924,1972,2141,2062,1056,1508,2473,2700,1943,-373,-1345,-2076,-3856,-6709,-8869,-6921,-6440,-2674,484,1534,2154,2124,830,-436,-556,-2845,-2261,769,-314,638,2504,413,83,-946,-2471,-382,-846,-494,40,-271,777,-992,-283,-1312,-1848,-1820,-787,-1129,437,1750,2207,4716,5641,5790,3752,3122,4399,2742,2545,2126,2590,2060,3184,1876,3218,1856,1517,1830,1227,2121,2508,1479,1023,1310,1254,1807,529,394,1348,1034,920,1503,2604,688,2012,1925,2206,2395,911
144,57.20000000000000284,3988,3110,4238,2899,2581,3792,3298,4461,3744,4569,3803,3269,2851,3599,2283,4086,3724,3706,3369,5638,4242,4620,4867,4219,3241,2749,3197,2747,2712,2973,1200,962,2564,2845,4102,3697,2875,3447,3558,3461,4287,3710,3750,3521,3960,3311,3845,2671,3157,2883,2771,3084,3417,1717,2387,3239,3133,2990,1676,3678,2411,2868,3526,2422,2103,2719,3262,3459,2350,2884,3006,4490,3549,3669,2342,3045,3364,3158,2693,2978,2004,3298,3907,4393,3963,2780,2208,3326,2361,2017,2193,2661,1396,1321,413,2643,145,-1512,-1792,-1951,-4675,-6780,-8975,-8601,-4570,-3422,-683,1282,2481,1614,1092,-496,-702,-2282,-1775,462,-6,1337,377,1826,252,-689,-1602,-322,364,-915,290,-45,-84,298,-1042,-774,-542,-1510,-869,-162,1558,1894,2279,3843,5541,4730,3740,2851,4695,1857,2594,2202,4236,2505,3820,1365,1817,2148,2143,1478,1419,1338,1560,1779,1556,1489,-38,1729,840,562,1854,49,1355,1555,2047,904,798,679,1094,500,1994
145,57.60000000000000142,2616,2973,3342,3765,3354,3074,3485,3078,2535,3385,3488,3724,2305,3758,2849,3299,2348,3469,3228,3410,3151,4671,3842,3379,3235,2305,2145,1926,1541,467,776,2056,1105,2345,771,3046,2943,3573,3419,2280,4017,3971,3738,4136,3691,2892,3639,2661,3348,2818,3036,481,3167,1010,2013,3549,1914,2267,3011,2327,2288,2170,2522,1558,3630,2587,2351,2782,3166,1909,3634,4359,1917,2354,2620,2703,3501,2849,3431,3208,4073,3459,3192,5183,3832,3287,2085,2454,2616,1675,2470,1811,1418,2603,877,803,-160,-543,-1754,-1905,-3398,-5945,-7449,-7071,-5216,-4167,-1324,1422,1545,1409,1390,-1625,-1586,-2980,-2869,351,-315,1240,-11,530,-776,-858,-1212,15,-1107,-577,-373,-568,-330,-524,372,-1490,-541,-1522,288,-11,739,3998,2537,4502,5054,3752,4754,3505,449,3925,2534,2021,2935,2820,4689,1500,2259,1084,1687,2488,15,1807,3091,961,2055,703,2949,472,401,1872,3128,1287,703,83,1403,-388,994,827,1045,1313,577
146,58,1720,1863,2407,2831,1703,3469,2647,3328,2948,2511,3647,3162,3068,3067,1304,2668,2049,2166,2641,2560,3375,4173,4270,3435,1227,1713,807,2364,2203,1727,2407,2220,1967,2410,3606,3397,2415,3179,2494,3266,3135,4156,2870,3487,2409,2615,2755,3249,2401,2310,2897,2603,1368,1743,2479,3355,3648,2844,2751,2429,2526,1848,2675,2508,1666,1879,2291,942,3428,2344,2426,3067,3569,3236,2285,1820,4704,3236,4318,3692,1466,2158,2350,3794,2958,2303,2988,1888,2637,1969,1574,2290,2265,2021,1458,1870,-38,847,-846,-2127,-3010,-4681,-8789,-7707,-6676,-3212,-2900,511,1440,595,-804,-743,-1597,-2269,-2132,-568,433,1582,1042,-581,-555,-1733,-1071,-1165,-833,117,411,-192,334,467,-94,1093,-1665,35,-1905,-303,650,2459,2867,3803,5948,4392,5452,3309,2417,2128,3601,3226,5214,3232,4207,2080,2401,1548,1789,1247,1412,1934,1748,593,696,1945,1692,1279,1236,676,499,1320,1256,1566,1564,1211,698,1803,1769,688,1305
147,58.40000000000000568,1722,1795,1811,1679,2573,1352,630,2677,1448,2488,2467,1792,1803,1776,2588,1902,2531,2665,2220,2702,3225,1659,2887,3302,2247,1247,573,876,887,775,1334,2442,1753,2260,3663,1775,1574,3912,2832,3102,3834,3068,2978,2504,2846,2343,3779,1663,2725,2376,1330,1524,763,2112,769,2488,2302,2052,2196,2383,2007,3047,3065,1752,2004,1701,2501,2080,2739,2240,3024,2987,2777,2909,2747,2466,4247,3116,2622,2630,3775,1864,3041,3727,2452,1716,2141,2653,1564,1869,3221,2361,3222,2609,1546,1413,-335,-229,-1261,-1257,-2017,-4630,-6733,-7554,-6036,-4426,-2878,-50,-77,-109,-400,-1564,-1614,-1963,-1776,-671,-1047,376,1493,1679,-706,-1374,-1225,-1410,-637,891,-1200,-697,-284,541,-147,696,-137,-1986,-516,694,-153,2661,3017,4245,5472,4527,5048,3161,3627,3466,2173,3060,4887,3721,1937,2836,1605,1562,1485,1388,897,2363,597,1546,827,1283,665,1869,1236,1872,1151,1414,-455,1309,1003,998,1046,1603,2009,1215,1028
148,58.80000000000000426,712,500,1108,1829,1424,1547,1037,860,1797,3342,2652,2121,3259,1889,1900,1345,378,1364,1933,2006,2545,1967,2446,2839,-240,598,1394,993,3027,969,756,1231,751,1871,2456,2457,2472,3796,1756,2785,1965,2119,2915,2415,1617,1962,2596,2225,974,2028,2435,1741,1322,1864,1184,2222,1789,2462,2561,2066,3154,1644,2345,2868,1745,1140,2118,2637,2809,1961,2282,3025,2866,3366,2637,2682,1976,3172,3809,3455,2395,2327,1876,2648,2003,3074,628,1243,2299,1521,2701,1533,2119,2820,1993,2296,-810,193,-184,-2170,-1706,-3425,-6647,-5738,-6814,-4365,-2233,66,-336,238,549,-346,-1060,-2214,-1523,-1464,381,815,956,-289,238,-927,-639,-2087,-434,-1467,508,151,631,257,-917,2050,-77,-1874,-628,-461,761,2505,2081,3649,4702,4696,3982,2781,3510,3067,1306,2512,4878,4190,4223,2217,2016,3058,869,1202,3211,1406,208,205,2885,1959,985,2084,2854,445,1997,1275,2971,1010,1075,1918,2712,1700,1937,2374,1270
149,59.20000000000000284,900,604,1148,998,1341,1637,2235,774,-241,1311,3335,1347,2251,-250,-361,587,1169,1223,372,1806,1834,1657,1516,896,-1324,618,1514,222,40,2178,1269,935,41,2680,2648,2206,2088,3319,2375,1030,1840,2151,1864,2268,2199,952,1410,1435,282,1614,2152,1143,1349,1097,1929,1531,2134,2327,1541,2969,2337,2437,2861,1381,1004,2102,2163,607,2176,3144,2054,1802,2297,2942,2527,2948,3924,3158,1830,2577,2783,2390,3288,2418,2087,1854,2034,2093,2674,1583,2010,4018,3683,2216,2411,2734,154,426,216,-2052,-1384,-3692,-6066,-6695,-6500,-4818,-2760,-1620,-270,632,301,-313,-2156,-2103,-1282,-1535,135,-243,924,552,-1135,-1614,-514,-701,-1340,1084,-292,-642,107,869,-44,249,992,240,-2113,1140,-19,1106,2980,2976,4339,4378,3918,4369,2362,2423,3572,2675,4450,3957,3101,3156,2198,2810,1481,1949,1215,2175,1571,1496,2022,1850,3231,2347,2528,1959,2264,699,1887,2993,1124,2308,882,2455,2340,1760,2746
150,59.60000000000000142,-284,14,462,248,-52,635,-46,1383,1629,695,1420,521,-910,1052,274,406,31,533,544,571,1113,1150,1773,1210,1337,1186,1719,-838,642,640,1605,1067,1019,1615,798,1828,605,2057,1237,383,1098,397,1117,2020,1074,1954,1956,2143,1797,651,1142,2346,-5,-403,3411,1051,1126,1856,2199,2703,2004,3045,1950,1721,1400,1248,1679,2106,1185,1946,2311,3139,2740,1590,2174,2573,1993,1783,2167,3332,3643,1686,1526,3305,1795,1195,1947,2364,1594,1089,2590,3772,2994,2829,2641,2368,731,1242,-187,-610,-1018,-2698,-4485,-4684,-7313,-4964,-2251,-2572,-2673,175,1180,81,-560,-2107,-1861,-1944,-940,366,844,956,-1127,-18,-120,-1176,-50,-226,-96,-334,-325,482,1673,1785,1961,-904,-665,1427,732,637,2439,5115,4467,3506,5013,2935,3324,3845,3014,3202,6015,4483,3977,3127,3014,2761,2239,2838,1551,1823,3136,2328,1966,3349,1458,2420,1787,2359,2474,2019,2572,1714,2891,2005,1055,2293,1410,1852,1770
151,60,288,-188,-296,1001,13,431,-537,118,-27,974,-792,-544,1315,1018,-643,383,133,1022,-1266,85,431,336,837,-608,1321,-80,-616,-220,1161,204,456,1538,1162,1631,1453,2452,2169,532,1317,949,260,1725,1447,1014,2020,813,2159,1759,360,363,1476,934,306,152,-792,1007,1975,2460,244,2213,1963,1513,2589,2239,1689,696,1624,1123,1566,1629,1798,1574,1247,3326,1968,2533,4120,3522,2089,2985,1366,1748,1234,2732,1120,1828,2012,2255,2868,2196,2111,3757,2239,3502,1833,2763,1462,1314,600,-372,-936,-844,-4262,-5823,-7970,-4728,-3295,-1518,-18,745,1903,-173,-8,-1848,-2081,-716,-731,792,1119,2103,-1057,-234,-1165,-562,-840,-820,-11,-532,726,1311,1716,869,-249,81,-106,393,98,1337,3757,3318,3688,4380,4171,3441,3563,2892,3725,3423,3752,4502,4850,3384,4324,3712,3489,1869,3358,2638,1220,2636,2705,2416,852,3043,2347,2763,2100,2267,2556,2041,2953,2804,2307,2708,2814,3674,3756
152,60.40000000000000568,126,-231,-132,-712,-201,592,-436,58,96,257,1741,189,-257,-2224,370,-1159,-396,-784,701,720,470,743,731,-452,-119,-531,-50,-739,-77,-1669,324,1293,154,771,651,958,267,-633,-164,-102,390,1525,263,478,20,-143,568,68,1559,981,1338,639,1878,-447,784,349,1230,1575,1482,2259,2013,1452,2583,1658,1548,1431,2113,1058,399,1732,1867,1520,1885,1744,1639,1528,1309,2172,2982,1772,2781,554,1832,2138,1692,2559,1909,2195,1248,2160,3574,2682,3950,3069,2672,2228,1570,2364,1341,66,1169,-2385,-3603,-5048,-5332,-3861,-1392,-1502,-1621,-111,-1347,546,-338,-625,-1173,-1659,-265,382,1195,-1798,-1347,-49,-1087,-1132,-4,-733,162,1508,492,1615,246,782,1733,250,396,-428,-322,2641,4025,3125,4522,5304,4301,3361,3169,2884,3683,4192,4806,4436,3944,4656,4178,2984,3048,2950,2926,1922,4141,2656,4051,3095,4003,2788,3178,3878,3554,3233,3346,2387,3233,2326,3114,3381,3769,3076,3809
153,60.80000000000000426,-370,-1166,-1600,439,675,-521,1009,227,-76,-183,582,-486,-154,-1164,73,-1024,833,-648,-327,10,-584,279,259,-885,-434,-2608,-880,-168,-670,-686,-287,-267,-11,549,149,128,-854,171,412,-286,-111,140,-114,454,-536,-165,212,465,555,583,1340,461,-176,-396,193,384,194,1630,160,2384,1139,1832,1238,1514,1396,1561,2565,589,246,964,2036,2424,3085,2110,2060,1626,1884,1983,1343,489,1461,798,2167,1063,2194,1863,1511,2022,1693,2269,2828,3399,3217,2731,3131,1641,2362,918,895,2050,1734,-1012,-2539,-3580,-5667,-4957,-2093,-2837,-1495,230,1788,211,261,-682,-1658,58,-766,707,1252,-48,-396,-915,-829,823,242,-298,32,241,450,-38,661,1929,1628,817,-233,709,1952,2147,2881,3776,4077,4585,4815,3749,2820,5296,3919,3694,5714,4343,5052,3178,3876,2732,2923,3661,3607,2682,4110,3363,1770,3358,3168,4147,4007,4019,3395,3243,2509,3338,4300,2948,3533,3858,2466,4628,3711
154,61.20000000000000284,-209,-623,-1605,-1464,378,428,319,-44,-1225,-656,-275,-207,253,125,-1687,-784,-983,57,241,-1639,-1190,-549,-539,-1150,-870,-949,-616,-395,-1234,-351,680,673,1438,426,46,209,-1298,-765,-1205,-1274,-32,-2360,469,23,-170,-173,-566,1239,-654,98,-31,-30,220,-11,-384,276,876,2054,489,1808,-183,1110,2394,1181,2275,1824,981,1482,2681,2575,1554,1347,2015,2311,1981,2994,2214,2454,1739,695,1534,2144,710,1823,2011,1549,1003,2811,3014,2324,3432,4078,4304,3416,2503,2285,1984,1915,1242,1771,2036,-387,-2472,-3804,-5298,-4142,-2543,-1542,-1655,321,-927,402,-378,-242,-279,122,-2108,-581,2264,2206,-261,-1048,-319,122,133,-23,1212,585,1398,1285,1834,302,983,1311,-222,837,2583,2506,2845,3377,5577,3887,3126,3780,3640,3460,4356,5687,6353,4621,6231,5231,4167,4368,2952,2332,3640,3061,3161,3703,3331,4290,4064,3801,5073,3390,2881,4502,4218,3546,3363,3591,4242,3252,4815,3416,3380
155,61.60000000000000142,781,-881,-2341,-1173,-68,-329,-114,906,617,-1505,-644,-437,-67,-335,-969,-2404,51,-473,-354,-534,-150,-380,107,-94,873,-1251,-328,-873,519,-573,916,16,-465,242,-151,-666,-162,-1818,-1753,-1201,-1184,-1030,-297,821,1037,662,-349,-126,292,-21,-237,-186,318,-715,-125,862,1359,12,1600,588,1365,374,1690,1931,1704,1463,2344,1345,853,1559,896,986,467,1510,2123,1616,-43,1455,951,1608,1574,1021,1301,459,1157,1298,1716,1907,2436,2722,3908,3973,2766,2609,2882,2379,1619,2704,1655,2106,3089,819,-471,-2720,-3642,-4207,-2939,-950,-2115,94,594,968,58,-944,137,-1050,-578,443,1531,1360,190,-616,367,1816,1753,469,909,-131,1453,886,2792,1011,1847,715,-271,1518,2278,2178,3739,4451,4677,4348,4631,3729,4082,4111,4750,4582,5685,4849,5432,4852,3356,4350,4308,4076,3783,4474,4030,2895,4659,3783,4855,4762,3709,4024,3449,4375,4021,4257,4282,3696,3527,3768,6384,5423,4454
156,62,-1535,-752,-1774,209,-727,51,777,-858,248,-635,-40,-1674,-765,-234,-564,300,-507,-626,-1166,-555,-372,-421,-685,-721,216,-596,-869,-580,1753,223,93,165,1046,-246,-237,-1319,-9,-1136,-804,-1134,-606,-1458,326,-847,-1145,-402,278,351,1132,945,154,-380,825,-426,-194,266,741,455,793,1464,859,90,867,1733,1260,1400,1438,1249,1515,429,404,195,615,1546,663,991,1062,1330,834,538,360,889,380,1506,1435,2381,2533,3245,2407,3316,3247,2759,2324,2584,2143,2279,3928,2663,1617,2065,3626,2471,-258,-2872,-4684,-4923,-2681,-1771,-618,-989,483,989,134,146,-36,-53,-301,-491,436,358,117,126,-226,-638,1015,449,1257,-66,848,1338,1799,1230,1423,138,601,1580,1901,1993,4073,3702,4632,4612,4597,4050,3341,3675,5001,5667,6134,4946,5330,4580,4401,3772,5203,4531,3729,3505,3944,3899,4532,4763,3799,4231,4287,5124,4289,4289,5352,4172,3635,4450,4844,5753,5860,4876,3980
157,62.40000000000000568,919,321,24,656,-585,173,-465,-152,-662,205,-251,131,75,-153,-1313,-892,-701,-486,-566,-1118,-235,-1437,-411,23,526,-1276,-627,3,316,35,210,1140,657,496,-181,-114,-468,-1182,-1013,-45,-308,-505,-611,-617,-799,-764,-806,22,-134,-18,23,-536,172,-696,907,-321,328,638,-350,1512,1026,1910,1476,1326,1545,1494,559,1834,673,1441,379,1219,1463,1365,1112,998,1108,1077,1302,494,697,-78,701,1843,-285,1414,1476,2631,2697,3333,2722,2970,2606,2358,1717,1454,2080,3249,2153,2167,1882,1962,294,-1478,-3814,-3572,-2798,-2880,-1596,-829,-220,735,1045,-49,313,1409,-414,-63,201,1125,-25,514,603,931,489,663,1565,-143,641,1928,759,1506,1025,583,-722,920,1941,2117,2535,4573,4383,4307,4734,4639,3695,4043,4927,6069,5524,3514,5159,5966,5038,4219,5182,3589,5225,4580,4219,3990,3510,3645,5010,5349,5412,4482,4550,5910,4993,4558,5020,4407,4466,4565,6095,3324,5466
158,62.80000000000000426,644,-572,750,-220,-303,-45,-284,617,138,-385,248,397,-148,-503,-1464,-1182,-958,-1221,448,-292,-864,-380,-163,-529,451,-553,288,619,1375,828,848,-54,627,85,-1370,-1080,-1205,-1178,-1018,-95,-929,-994,-653,-494,-658,-391,338,204,-809,169,-30,523,-637,1054,-331,-537,-187,974,1268,-104,871,447,977,1319,1604,2118,1593,1200,882,1159,4,1351,1562,1495,-399,1388,2206,985,677,19,-19,181,579,415,1370,1958,2043,1710,3430,4842,2857,4224,2469,2611,3117,2757,3216,2724,2352,3201,2531,1774,922,-963,-2294,-3425,-2904,-3537,-667,-403,405,786,622,-157,1558,-382,-1697,1142,456,-1158,-33,717,1305,566,389,-157,-168,1338,228,475,615,2036,58,1072,963,1646,2541,2510,2512,3925,5002,3916,4970,4174,4091,4080,4767,6284,4788,4526,5149,4255,4816,3163,4109,2965,5492,4973,4811,4450,5680,5066,6042,4593,5968,4372,4172,4674,4757,5925,3948,5620,4976,4529,5409,5730,5689
159,63.20000000000000284,644,272,297,-914,288,-409,663,-429,1313,1406,-458,1246,1230,695,701,45,-655,-1617,289,248,-618,-566,-305,79,432,199,2180,-290,868,1869,620,1175,754,-668,-194,-436,-435,-991,-492,-930,592,-1219,-430,5,421,-406,-163,85,-460,99,-175,1055,87,533,-72,304,-391,-44,724,600,-106,776,935,536,1333,1216,1709,579,1048,488,522,354,393,-513,2007,1122,-582,-380,-750,259,-31,406,290,820,1539,1465,2014,2742,3638,2703,2360,2734,2828,2433,2943,2561,2666,1751,2279,3163,635,1772,294,-794,-2110,-2326,-3803,-2279,-1934,-574,-276,904,1080,-585,-338,202,-104,554,427,1040,-353,-795,0,566,1871,1302,1900,728,825,1567,598,1178,1028,893,136,1842,1803,2538,3931,4177,3835,5315,4881,4272,3372,4167,4735,5482,4383,4930,5308,6407,4391,4958,5657,4616,5133,4881,4886,4790,5249,4789,5631,5993,5512,4106,4764,4925,5236,6347,4801,4676,4790,4728,4503,6082,6576
160,63.60000000000000142,1285,1586,492,483,425,-482,413,-867,1267,-1051,897,628,438,476,251,-1100,-681,395,-305,-63,112,-320,169,127,-201,1378,1227,665,546,701,837,2182,394,1384,-744,-547,-398,-291,100,693,-1049,632,-242,216,147,-54,-160,68,248,71,-528,427,783,680,662,497,213,902,-237,260,382,1154,340,234,481,1467,1291,1160,1106,836,640,-540,-281,64,466,735,1600,651,673,972,-335,602,795,1617,339,1475,1899,2180,2810,2798,2137,3259,3211,1888,1402,1479,2287,1977,2054,2629,2257,3074,1142,-963,-2093,-2804,-2884,-3245,-2631,-120,-524,1134,392,-169,-1071,-2163,-23,779,897,416,176,89,-990,531,506,1157,33,1136,654,783,1804,1226,844,1775,-64,1038,1503,2168,2828,3557,4103,4600,3869,3447,3831,3779,5315,5816,5762,6049,4241,4567,4817,4824,4701,5127,4401,5298,4135,5785,5348,4713,4239,4581,3971,5052,5101,4693,5647,3960,4844,5682,5126,5260,5418,5977,5535
161,64,1265,1122,1077,1727,833,863,1095,1946,1467,1033,216,725,765,-6,-883,340,86,-1134,899,-57,412,-553,-172,1344,1132,129,1051,688,1916,1276,958,456,1164,795,518,-805,-235,-70,382,-987,352,-157,740,188,-886,-57,-397,737,24,1001,-573,1170,490,1236,105,1395,-3,-496,-43,99,216,359,1024,179,1077,700,1020,153,668,-53,74,-400,307,-485,293,345,911,584,-1007,435,-101,-249,371,305,944,733,773,2120,3055,2197,2746,3946,2283,2376,854,1715,3203,3442,3194,2515,2492,1673,1173,19,-1500,-2773,-3738,-3293,-2726,-840,-1,-263,-27,-399,1010,98,-2329,318,2863,349,-297,145,750,276,748,495,464,1131,139,444,980,483,695,782,-42,2817,999,2160,3566,4535,5875,4760,5076,5213,4028,4436,5045,6426,6476,4674,4981,4480,5141,4665,5344,6045,4719,4265,6036,5378,5178,4811,5368,5932,4987,4278,3240,3606,4362,5304,4057,4332,5195,5031,6422,5308,5077
162,64.40000000000000568,4371,1726,764,1018,535,1875,1152,1188,903,1575,1304,-104,2323,219,1072,1207,-77,11,-76,1520,1368,810,385,242,357,236,738,1638,1520,1434,288,1779,1803,158,106,334,518,1043,373,351,815,371,-112,-146,22,682,995,46,1197,1530,664,157,-243,-318,-615,331,933,779,988,-340,1041,-571,1064,934,44,768,-83,1105,-316,598,-415,703,452,711,37,-34,608,-318,2132,1382,726,884,-820,1668,1578,1845,911,2219,2005,2868,2671,2695,2334,1751,1610,1794,2336,2555,2877,2430,1498,1183,2335,-185,-1969,-3006,-2798,-2995,-995,-959,-312,394,849,-422,636,1196,-751,2197,1474,1279,-797,-244,64,1014,513,1546,95,1151,525,566,485,1533,1096,1221,2385,1437,2192,3222,3331,3539,4620,4447,5064,4496,4240,3291,4027,6023,6018,3551,3522,5575,4353,5465,5163,5109,4565,4308,4505,4600,5484,4953,4778,4424,5510,5293,5965,5116,5023,4375,5525,4399,5178,4595,4898,5003,4966
163,64.79999999999999716,1242,1275,1798,-547,1706,1215,775,1356,1505,1595,2004,1428,1133,5,-56,1627,362,676,603,85,800,2049,1040,880,2190,879,1372,925,1347,19,1191,998,765,437,16,913,83,1136,1589,814,229,98,623,1560,410,607,-40,-228,866,-6,790,1503,1058,397,2055,576,-186,568,538,348,882,270,-248,-383,1022,1171,535,832,-325,697,0,624,374,381,-486,680,282,-596,-431,23,606,1487,860,163,1232,1095,2176,2332,2674,2891,3828,3219,2407,837,2340,2028,2339,1698,2428,2541,2352,2951,2115,725,-1413,-2041,-2502,-2607,-645,-414,-939,368,219,145,829,-35,588,1252,2167,-124,-418,-83,739,173,-433,331,173,631,574,-504,387,283,1308,747,1223,1781,649,2567,3940,3973,3792,5157,5961,3022,4251,5343,3681,5593,3998,3967,5515,5469,4968,4793,4983,2937,4857,5168,4604,4507,5126,5757,6082,5794,4919,4484,4903,5743,5353,5254,5572,5170,4414,4998,5318,5328,5393
164,65.20000000000000284,1039,1537,2503,1839,2282,1073,1652,1935,1861,2026,830,1122,2119,1732,1500,1324,741,1690,-295,30,516,-343,1672,1537,785,1364,466,896,2104,925,1115,1868,1105,240,658,1130,1187,542,594,1949,1577,1624,1071,1140,1326,1407,763,560,1037,446,916,1097,655,159,1135,227,-452,678,-1285,883,125,389,950,127,98,776,291,1231,547,1271,553,412,583,216,409,-515,-2,-582,1423,209,719,120,102,473,2026,1589,139,1556,1833,3041,2081,2881,2469,1645,2154,2223,2338,2274,3221,2582,2250,2368,1677,1362,-1177,-1642,-4022,-3194,-2346,-2221,-596,412,76,-413,540,2173,-877,1133,2092,1546,-6,-469,1065,-1064,290,-1268,396,522,1033,29,1643,130,1491,515,1206,3112,1178,2287,3119,3497,4895,4418,4262,3042,4505,5062,6095,5202,5053,4585,5585,5300,5829,6090,5862,6712,4847,6231,4770,5055,4623,4663,5533,5109,4014,5108,5104,5702,4241,4680,4159,4294,6237,5106,4914,4026,3792
165,65.60000000000000853,2163,2287,2720,1820,1103,2281,1284,2618,2197,2181,856,2305,1460,2050,1360,1428,1591,1374,1550,1894,695,1204,1073,1930,2429,1172,2449,224,1283,1386,1252,588,-1003,367,581,1393,852,803,1342,1294,1368,2018,774,912,1830,416,746,1152,1232,1411,813,1224,706,884,1084,524,-158,182,186,269,-79,-488,30,1280,746,1302,-295,980,743,685,834,-173,-126,416,193,1654,897,336,674,883,805,303,-227,363,1017,916,1223,1421,1809,2275,2279,1815,2200,1929,2391,1134,2829,2849,2752,1877,2561,2112,1114,439,-1255,-1906,-1799,-2811,-945,-980,-836,677,-181,-12,716,196,460,466,1792,1977,129,-1014,697,543,-1417,-1434,178,598,403,1135,404,492,367,509,1708,712,2661,1873,3585,3451,4152,3575,4037,1760,4060,3531,5574,5522,4546,3210,4161,4682,5503,3911,3834,4464,3610,5266,6765,5666,4735,5368,4952,5158,5357,5326,3608,4346,5466,5708,5846,4930,4694,5492,5010,4569,5361
166,66,1346,2100,-547,1290,1015,1338,631,1978,2552,1208,1408,1832,1686,668,1616,164,1396,842,1406,1271,1176,-97,938,2241,477,1169,1033,1340,709,1676,1227,1283,1664,2273,1765,1547,746,1563,2233,1293,1299,1737,1180,1651,1982,383,1459,408,1730,1414,1370,1152,1153,1413,751,1120,639,749,-1067,-316,542,699,-1168,800,148,378,911,316,337,614,-714,608,495,572,565,-212,-464,314,568,-497,-337,657,274,904,575,998,1047,1357,2086,2151,1709,2368,1843,1577,1903,2323,2208,2274,3056,1466,1356,2050,372,193,-179,-1281,-2892,-4058,-1138,-1803,-897,-129,-389,-449,557,973,-604,1014,1303,0,-875,602,-370,-76,-958,1905,-276,633,1657,-5,-481,2142,1504,563,1469,2251,1615,2997,2730,3798,5144,3722,3022,3322,3779,4867,4007,4274,3847,3752,5536,4942,3968,4417,3735,5556,4014,4453,3974,4439,5070,4568,5393,5108,5774,5189,5464,4642,5405,4307,3711,4913,4608,3910,5051,4118,3928
167,66.40000000000000568,1262,53,1280,968,1320,629,576,1401,2179,2637,1417,1673,1310,2371,1040,659,1053,796,2690,722,824,1465,555,1776,997,18,966,1163,51,1987,2263,416,305,144,327,1029,1186,2119,2096,355,1968,1467,1294,1234,1165,1189,1460,1029,1279,1300,634,633,611,869,549,-163,809,1103,1598,1185,319,67,278,-643,-781,914,-819,282,-983,871,555,-326,287,243,531,-637,63,906,1461,595,1220,-256,33,1140,635,740,882,746,1822,731,2251,615,946,1609,1940,1478,2343,2611,1713,854,1824,2299,362,940,151,-1247,-1334,-2896,-2708,-1068,-1347,43,-522,334,-200,211,105,809,1574,1829,1225,-509,-1279,509,-1103,452,476,412,-84,-149,382,2975,1714,22,968,435,2312,987,2228,2600,3551,3689,3539,2951,3526,4709,3610,5956,4675,2561,5173,4403,5058,4853,4492,4387,5606,4913,3761,5394,5404,5004,5992,5163,4307,3245,4739,4750,4242,4991,5035,5584,5587,4977,4491,4690,5511
168,66.79999999999999716,1453,2648,2632,2015,1462,2055,191,1109,1006,1139,2563,1549,2030,565,701,2506,1414,2010,908,1062,1106,1041,1594,481,1384,239,1,704,1081,-629,905,767,1013,70,925,1501,914,655,1450,48,1468,780,745,1913,427,1140,1526,334,1963,777,658,1243,2500,1299,1003,560,-370,543,217,322,-232,1025,-119,548,-244,-740,235,-335,67,1334,1009,-1449,-879,351,371,75,161,-1239,-142,413,572,-73,814,808,551,1471,642,1808,2123,1907,1909,1854,1196,1796,1807,1489,1452,2393,2191,1984,1339,1033,99,635,-589,-1461,-1934,-2822,-1579,-140,-1558,-985,-474,-665,675,-793,-289,487,575,-318,-695,-123,630,172,5,842,108,1103,211,-14,-495,-2033,1219,-89,771,585,846,2796,2611,2517,3376,3361,3641,4220,3071,4566,4051,3621,4793,3161,2425,4308,4729,4824,4693,5176,4721,4478,3571,4121,4817,5665,4507,5101,4227,4460,5338,3887,3994,3979,4743,5323,4899,3960,3819,4743,5101
169,67.20000000000000284,1040,515,1749,1036,1263,1834,1575,1164,1068,3157,1302,1320,1878,1506,651,915,744,784,1761,1370,366,164,1007,673,1526,750,617,756,499,162,-53,1151,372,1148,538,2000,2028,1793,774,729,967,950,1597,1478,863,956,978,1143,441,1401,330,956,540,992,535,774,611,199,1704,209,1056,-1202,57,774,-412,365,-768,556,159,1061,551,1626,-92,-1264,-711,349,166,764,578,75,-98,594,825,168,229,-69,843,12,1746,1685,850,1126,2422,1213,1461,882,1734,1687,2778,955,1623,1219,1201,618,884,831,-867,-1741,-1831,-895,-810,-820,-932,-292,731,501,-892,-200,39,2458,188,-344,-358,-487,-1150,-300,506,-454,-242,-497,-56,-527,139,170,1336,-165,879,1743,2252,2186,3424,3439,3739,4434,3079,4255,2772,5294,3803,3555,3622,4199,4171,4870,4677,4627,3837,4160,4072,5559,5745,3966,4353,3920,4966,4581,5228,3965,4436,4380,4513,4632,4300,3594,3439,2999,4120
170,67.60000000000000853,365,1176,2144,601,1132,1887,3360,1184,1052,1916,581,717,1599,115,1060,1021,552,746,-69,178,816,441,1475,103,1785,1045,925,1230,736,461,808,970,-208,1057,1421,353,1337,1934,1098,1241,1536,770,1341,161,861,1101,576,-35,662,1184,252,952,141,432,-695,941,848,-68,-98,337,-582,712,1032,44,206,505,-331,529,712,689,-113,113,-403,-133,82,-254,2,393,-60,355,967,43,149,54,834,664,1010,422,528,1113,1645,1552,525,711,152,1542,2008,2567,1248,274,1870,-160,1417,-280,537,315,-1120,-1339,-1195,-1411,-2007,-1604,-874,-1041,860,-562,-510,35,899,542,460,1474,234,179,-874,-703,147,-352,-51,-294,-727,-733,-274,-644,659,9,2019,2102,2199,3299,1466,3588,4098,3053,3272,3897,3516,3053,3331,3515,2706,3626,4259,3471,4239,5060,4165,4649,3535,4845,4115,3730,4128,4543,4379,5388,4273,4205,4834,3912,3152,4285,4032,3556,4540,5474,3880
171,68,1813,174,-102,1050,1208,829,-522,909,1376,2056,180,726,1900,634,63,245,809,1310,916,947,1511,1617,486,1668,73,185,941,-61,567,-658,1358,943,142,-106,466,570,1749,894,1333,960,623,-124,-184,1114,783,2111,1792,828,581,1284,904,-566,-210,378,291,-94,691,1759,345,1508,-124,102,-315,76,881,-454,66,-203,526,1060,223,240,-14,1789,-369,-547,967,-705,1013,-727,-295,487,139,1043,169,582,-102,735,1013,663,1198,1460,-739,652,1086,-852,969,1694,1059,-204,2470,731,1675,1084,-92,-1631,-1561,-1818,-1803,-2201,-1409,-742,-1129,-816,262,995,-872,289,513,-134,-361,-108,365,-444,-222,757,-190,-451,-237,-870,-39,336,-652,-394,990,1185,1032,1816,2366,3145,2409,2815,2997,3416,2338,3685,2839,2324,3121,2640,4240,4403,3747,6036,5193,4547,4438,4697,2957,3693,3231,4108,3991,4753,4042,3219,2672,4520,4156,4007,4917,6001,5184,3447,3301,3769,4077
172,68.40000000000000568,218,833,25,892,-75,-1125,2081,649,525,1805,585,1034,-742,-509,-513,335,-184,281,763,289,244,385,306,-1053,196,-38,845,59,-368,-138,558,643,-570,767,1067,634,737,331,1089,-1131,1192,622,908,1063,1354,626,499,427,1117,2173,-775,705,-26,729,60,783,758,37,1597,-52,-195,233,-562,619,-18,-187,140,-181,-816,-803,-137,340,-1309,25,-710,-1,1163,1139,-547,-402,273,793,663,-192,-402,48,615,301,729,1534,-500,1050,1110,495,1822,1727,1284,1345,940,324,204,1357,1828,855,739,-766,-825,-2306,-2317,-2512,-1715,-453,-605,-2148,242,535,-419,1256,370,1491,653,-1292,887,502,-1754,-22,-308,535,85,-1191,-931,356,-112,-729,-332,-173,521,1684,997,2206,2454,3845,2991,3199,3165,2541,3625,3352,3977,1256,2481,1184,4628,2484,3864,3460,3892,4542,5113,4144,5485,4252,4307,4294,4093,4029,3686,3739,4342,3068,2941,3714,4541,4172,3709,2110,3067
173,68.79999999999999716,-201,311,-986,56,832,1322,1653,563,38,-324,-264,384,-20,-153,-707,-286,410,-124,592,24,288,-423,-67,929,-490,-909,-507,-115,281,185,128,352,-469,406,983,1078,76,905,-389,-510,502,414,-68,627,775,712,1111,545,-35,41,-100,96,276,1068,705,114,446,528,756,363,152,-1,-1008,-794,-383,32,235,236,33,-837,-225,356,1813,669,493,677,-524,-92,356,-415,256,1496,753,182,645,864,-362,424,337,757,221,1012,1446,874,1448,1404,1547,1581,1554,404,938,1292,2273,489,-557,-1073,-2045,-1108,-1895,-1117,-2430,-2265,-1921,-239,681,-1250,913,115,663,469,602,460,1526,-35,1233,-85,-48,-876,-432,-1326,-486,539,176,451,-923,1399,-14,1460,1237,2716,1635,2213,2171,2285,3556,4174,3097,3522,2743,2316,2602,3704,3444,2733,2923,3449,4528,3116,5332,4381,3962,4093,4451,4226,4075,4271,5123,3907,3638,3794,4816,5706,3985,3821,3832,4113,4547
174,69.20000000000000284,-168,-287,-969,-353,387,1309,-113,51,7,291,-708,367,287,639,-337,-619,233,5,-1595,-526,839,950,593,178,-212,-656,-127,-837,-515,176,-981,-497,484,-454,54,-15,788,345,821,451,-270,292,164,-104,-484,377,300,1049,-200,-40,125,440,-236,-1063,-576,-1227,924,-266,109,-90,-1072,607,378,-899,532,92,539,873,180,234,233,388,918,328,38,289,721,207,1090,-360,-165,-514,272,-951,256,672,226,94,606,976,843,1175,213,362,885,1136,1809,165,1725,1115,1092,1776,778,802,47,-697,89,-1513,-811,-2539,-1323,-517,-1938,-2033,-531,-126,-388,-600,-1566,851,103,-546,822,-740,-1094,-1266,-74,-289,-603,-1538,-1186,36,-780,-457,-539,249,1003,872,1536,1637,944,1570,3617,2988,2298,2337,3306,4205,2413,3132,3380,4834,4666,4060,2863,4661,4102,4329,2822,3878,3543,4462,3608,5119,4209,2432,2627,3523,3797,3490,4058,5374,3942,2937,4035,4014,4576
175,69.60000000000000853,216,-22,705,-877,-247,-346,-761,-636,287,-48,211,-547,-927,-382,-886,1413,-471,-719,587,-1422,-366,647,84,-1545,-492,-575,-661,20,-288,-1111,-694,375,-1182,21,-457,-608,-1132,-210,-32,45,750,577,579,-319,-254,-1045,-496,-237,-485,-808,697,-428,-802,4,1263,175,-532,971,36,534,788,-997,272,120,316,762,-351,273,-342,-129,-440,-168,156,667,553,-515,472,-350,266,553,194,99,671,-472,881,290,-568,-446,563,791,743,141,1969,1316,820,-601,1464,526,501,256,369,727,10,142,147,-289,364,-741,-1202,-707,-1342,-2025,-1522,-655,-790,-566,-1441,-584,-244,452,482,699,-705,-461,1343,-200,-356,652,129,-941,-216,-491,-507,90,-485,1051,-309,1645,2671,4156,2362,2438,2356,1807,3746,2715,4187,3957,3619,3665,2766,4411,3503,4163,4755,3940,4247,4752,3889,3907,4576,4442,4024,3827,3960,4154,1954,3960,3912,4251,4016,3912,3661,4898,4054,3591,3276
176,70,-1753,-169,602,-348,706,-463,-333,-375,-54,-858,-927,-200,-1000,-743,-39,-1887,-919,-727,-489,-101,-897,-459,32,-1057,-800,-1039,-113,-1202,-300,-1025,-401,-1255,-502,485,1308,-221,-2180,664,-1005,-670,-194,111,-1037,8,-1212,-54,545,1179,-1380,72,-1296,-525,-124,743,-1310,289,-3,455,364,-445,839,-174,-294,42,111,262,-793,759,85,-366,-172,-420,721,558,66,-1390,465,1072,445,493,481,644,76,-658,-489,404,-676,823,644,-326,1334,624,832,1145,1411,53,1297,1731,1023,1018,1153,38,1150,660,430,1323,-335,-820,-735,-3107,-1753,-551,-2154,-2557,807,-385,-225,-403,206,2135,931,575,-2055,22,1114,-172,-116,-1455,-399,-850,-498,-793,337,-25,-114,1116,-1090,1236,1703,2405,2503,1877,2867,3379,2896,1989,1625,3772,3296,1853,3717,3442,3875,4211,3512,2932,3075,4271,3010,3579,3463,4055,4082,3826,3078,3706,2874,4181,4400,4214,3028,4254,3597,3973,3539,3313,3514
177,70.40000000000000568,-2654,-1734,-1320,-319,-420,-360,-482,-1176,-499,-711,-375,-741,-879,-1699,-646,-665,-1759,221,-1126,-859,-805,-479,141,-630,-1045,-1091,-686,-409,-11,-244,-1118,110,-896,-500,-574,-361,-193,-1046,-1206,165,-424,-257,-527,-548,173,1130,-1356,173,-440,-918,-1065,-278,-816,80,104,-710,104,462,-232,35,265,312,798,664,-334,130,-470,242,1582,-1211,-541,1105,-521,449,1364,856,-34,323,-197,-1242,-223,28,-990,270,-191,267,109,130,416,309,879,1019,1827,970,1444,1387,1265,713,2495,764,1213,289,-514,615,-789,625,36,-772,-357,-1271,-1730,-1632,-2447,-2132,868,-398,-2461,1059,810,1911,1016,570,-510,689,-22,-492,-1301,-1260,71,-1310,568,-1089,-52,-377,511,1254,2184,2172,1368,2697,2265,3269,2653,2128,2976,3833,3403,3414,2382,2358,2981,2207,3908,4312,3063,3550,3310,4509,2635,3736,3505,3214,3533,4726,5431,4173,4025,4364,3650,3879,4481,3625,4207,3063,4374,4429,5064
178,70.79999999999999716,-1022,-1386,-941,-877,-1618,-208,-1338,-504,-165,-142,-550,90,-892,-525,-727,-366,-726,-947,-128,-1934,171,-2393,-656,-811,-1555,-1708,-1068,-1571,-691,-997,-186,1206,-538,-113,-1435,-1018,344,-199,-2304,-1751,-1116,-250,-916,-1351,-1041,-1022,356,1016,-439,-685,-1359,161,-538,-125,450,-303,-809,-863,260,1186,-340,79,-250,410,990,325,163,-249,746,-835,-741,-463,425,187,125,-430,-1318,-653,-4,1260,-42,-552,-246,453,-773,-510,1189,709,522,-212,466,305,1208,1327,707,782,337,922,1664,655,656,1153,-431,920,-781,583,530,101,29,-81,-1578,-1252,-2110,-1459,-821,-1395,-1580,-1596,467,1228,639,1863,774,384,1290,183,661,663,-317,-1294,3,-462,-761,-655,-254,781,2117,1684,2522,1481,2068,3405,3348,1568,3726,2735,2441,3212,2111,3636,4454,3362,2770,3281,3359,2946,3694,1928,3703,2514,3570,4271,3596,4403,3946,3880,3957,3022,3052,4040,3081,3781,4043,2586,3970,4113,3842
179,71.20000000000000284,-890,-652,177,-1203,290,-389,-1526,-177,63,-651,-1319,454,1193,-575,-1801,-101,125,-753,212,207,-362,-80,-318,-151,-511,-1124,-151,-1220,444,-250,-257,-244,-651,-1396,368,-840,-1388,-904,-1500,-1426,-749,-822,-1073,-202,-1547,-717,-43,-1070,578,-1155,-858,-1425,32,-1505,-505,-278,659,451,-832,822,30,-216,774,-235,258,506,315,153,526,1013,-98,-433,-545,-290,212,662,-544,346,-666,-156,620,-214,635,199,-282,-592,59,16,528,1079,568,1189,-464,245,999,1481,1239,1658,-154,1326,280,24,151,963,550,11,495,-425,-1411,-859,78,-1641,-1699,-2232,648,-871,-228,-63,-322,1081,115,963,157,-674,-299,-209,-199,-485,-738,-1297,504,-497,-345,40,116,1445,660,1860,2358,1152,2660,3093,3165,2848,2594,2427,3029,3684,1165,2697,5312,2379,3432,3446,3041,2408,3465,2816,2480,4120,2804,4321,3718,3947,3315,2974,4241,3413,4111,4414,3907,3729,4593,3840,3150,2911,3453
180,71.60000000000000853,-72,-78,-1608,-721,-1183,-411,-558,-793,1088,-738,401,-58,-1745,274,-821,354,-378,-1333,-533,-771,-1826,-613,-897,180,405,-817,-384,-1438,893,267,-47,-895,-1001,-625,-1407,-832,-886,-1381,-1584,-665,-893,-1066,-1974,-797,-1237,-552,-518,26,-1579,-260,17,-398,-964,434,-672,620,-108,-744,6,362,92,-227,-518,469,-462,424,404,588,-113,-102,-604,-1254,-59,276,70,170,781,48,568,784,264,138,-924,-227,-51,945,533,-61,967,-118,811,876,1124,950,328,1232,1128,-888,-210,-481,433,1431,389,577,-334,149,711,661,-738,-2724,-1714,-1181,-1117,-504,-990,-865,-2404,-226,-201,446,1599,576,-79,966,343,-640,-912,348,171,-191,1021,-621,-1036,-564,1708,2211,1486,817,1809,3547,1083,2113,2124,2319,2810,3693,2374,4177,2439,2517,4068,4167,3042,3487,3358,3431,3207,4448,5592,2935,3407,3094,3495,3437,2836,3739,4107,3066,4028,3908,3940,4076,4248,3528,3220,4412,4605
181,72,-821,993,72,-879,-582,-2080,191,-1229,-803,-316,-690,-995,-273,-397,-1079,-1698,-688,-1498,-491,-73,-826,-562,-702,-655,-719,-664,-564,-629,-492,-374,-1177,-1294,-427,-1020,-1465,-559,-305,-492,-615,-393,-152,-587,-727,-1325,-1913,-333,221,-571,544,-387,-372,-1098,729,-41,-436,477,-141,-264,-400,-528,-637,511,-274,-1536,-3,447,-498,1199,-140,-59,198,209,519,5,424,1224,1670,-18,316,688,228,-171,-66,264,-682,-166,358,482,455,444,1501,1044,1052,738,681,2692,2143,1625,1152,757,1055,1814,23,-203,1142,1167,338,-520,-87,-1680,-1013,-1000,-822,-1129,-59,-749,-1825,-905,1367,855,455,439,243,938,-332,-760,-54,405,179,-31,360,171,-110,-454,1873,475,1483,1548,2261,2406,2294,1440,2869,3137,2555,4172,3616,4378,3480,2190,3177,3309,3354,2100,3282,3688,3908,4377,3660,4306,3506,2980,3791,3298,3753,3134,2949,4939,3219,2714,3576,3276,5135,3796,3631,3999,4312
182,72.40000000000000568,-188,-510,363,-967,230,-1195,83,82,-652,-452,-359,-71,-1376,-194,-581,-87,1076,-215,309,-717,-77,-708,-731,991,362,-35,849,309,-258,1083,303,-260,1093,-487,171,-353,-2340,-927,-752,-1706,-1035,-878,-766,131,510,-660,-1333,740,-2030,-609,-539,-1104,-542,-2,-282,-115,-29,-104,-63,1126,1162,260,-74,17,788,370,585,640,-575,404,-491,389,-175,1270,59,655,107,-131,341,1448,478,972,453,-858,1606,450,-276,703,923,132,271,1968,2008,1271,1903,2277,1464,1429,164,959,1602,-285,711,-213,1431,1149,597,-71,-1246,-871,-677,-1048,-856,-1733,-1449,-1353,-1273,-1192,1347,2378,57,271,70,560,-302,590,-490,-230,218,-719,-1419,749,-569,-292,1231,634,-157,782,1855,2190,1887,2929,3133,1722,3721,3117,3210,2611,2104,2726,3460,3475,3963,4452,3344,3681,4339,3477,3828,4590,3861,3414,3187,3473,4403,4808,4133,2994,4007,2396,2548,2328,2703,4767,3317,3143,3614
183,72.79999999999999716,-89,-1958,-936,-167,-969,-603,-1059,668,-941,1106,-1197,685,-498,-85,681,-104,-456,-667,-323,64,606,-776,478,561,-300,-307,-494,-275,-417,-20,-48,-94,-2168,-801,-616,-255,-57,-162,-1290,-961,-1348,1,-708,-1493,1157,-620,38,-200,422,311,-1259,104,-995,-666,1357,-476,-197,571,289,65,-313,1253,157,1094,-220,-462,-416,98,-553,560,-517,-206,-134,-318,96,549,-673,128,-144,963,-79,1242,211,1067,445,400,310,1127,525,498,678,1590,1665,897,1363,1798,1714,1005,829,800,1341,784,745,426,1717,478,287,1264,-250,345,-926,-543,-1642,-1255,-1166,-677,-1523,-1041,902,2133,312,210,14,1,-430,-513,-490,-619,419,107,31,-292,-409,-721,396,812,2368,1774,3106,2835,2208,2718,2768,3391,3781,2875,2489,2838,-26,2036,2123,3199,2926,4607,3896,3659,3192,4215,2523,3381,4251,3137,4479,3360,3092,3659,3039,3098,3420,4908,4631,4505,3049,3111,3846,4163,3346
184,73.20000000000000284,350,-195,170,771,437,-56,1436,-382,1579,-908,557,23,-127,-283,524,-671,412,-4,-476,933,-611,-217,23,1118,343,-831,-804,-4,727,-587,944,39,-1251,-124,-324,-1239,-48,-261,401,-2117,-96,-508,-980,-695,943,-534,175,-423,177,10,-474,-444,-244,46,767,-1293,235,-741,247,451,62,-528,754,845,504,-152,374,-113,-263,2007,-459,1300,937,244,473,1251,1140,556,644,-540,-150,372,55,-236,-327,1160,1433,601,843,1105,620,502,1072,1662,1330,271,1068,1131,957,1406,129,-465,2245,543,1226,297,399,-430,-692,-852,284,-1839,-1238,-1838,-149,-665,-836,104,993,989,757,929,665,1540,904,893,668,314,99,-784,-480,-217,-1119,-775,537,670,521,2306,1703,3460,3533,1573,2656,3543,3011,2682,1988,4404,2902,3304,3202,3204,3705,3426,2726,2982,3562,2092,3274,3920,1953,4106,3492,3763,4544,3789,4034,3993,4255,2922,4682,4228,3647,4092,2992,3399,3859
185,73.60000000000000853,-418,508,245,731,676,183,38,-260,-943,1296,-484,17,-1858,405,-418,1209,-274,794,114,51,32,730,-93,511,1073,-126,547,410,529,-240,-1731,1191,-308,-1139,-221,641,284,-969,-350,985,100,-160,223,-259,-855,-307,345,-434,-1336,335,1929,438,409,105,390,-561,570,-1913,733,267,-178,-958,739,214,-307,1231,-69,1011,-349,-1042,1863,-655,684,396,448,424,-448,806,-18,480,342,-620,1124,587,-1157,1248,138,539,805,1075,561,698,1155,713,663,235,1682,2252,1167,551,1234,879,537,25,643,291,1016,-180,-684,67,-1434,-739,-1635,-880,204,-305,-562,1350,-632,394,813,1312,510,550,-768,413,348,-1239,-421,-722,-993,1339,-408,-316,575,329,79,1676,1810,1817,1481,1909,3591,3781,2302,3149,3202,2478,2341,1199,3723,3981,2484,3421,3694,4265,3629,2492,3488,3819,3843,2690,3074,3317,3496,4028,3876,3512,2695,2926,2342,3404,3005,3321,3464,4716,3052
186,74,211,158,300,965,1512,1059,619,414,660,1449,-465,237,1646,510,197,1632,1780,97,-833,923,-314,-561,668,866,22,19,113,449,949,427,-570,244,550,-465,671,-213,-432,-1024,-74,559,-207,507,-128,655,-941,1124,1212,128,-484,853,22,1036,-285,-327,-39,1497,477,701,791,70,-36,268,341,-36,752,403,-902,621,-191,964,840,62,620,-89,-14,553,2123,-129,676,418,443,539,276,1084,-1000,1708,670,-52,526,1465,1366,862,-415,943,1042,2077,1700,1473,1025,845,703,236,534,846,-433,811,104,1808,-396,-570,-91,-784,-1671,-1103,-236,-949,-1016,-1068,459,681,11,62,1281,2099,1710,979,961,-90,603,194,-767,445,-1054,-257,705,1464,1657,730,2231,2200,3521,2135,3945,4099,3252,3160,2390,2930,2828,2886,4492,2777,3597,2918,3802,2258,2524,3854,3855,4454,4685,3344,3043,3280,3181,4074,4262,2636,4120,3526,4260,3754,3754,3469,2971,2372,3787
187,74.40000000000000568,-575,863,566,912,913,-116,-339,1828,484,355,-608,1623,662,68,-102,17,764,292,2691,364,703,529,295,561,949,215,434,712,800,-1246,400,-243,465,287,199,591,879,947,739,425,-105,1512,-165,-3,726,-293,90,376,206,375,1086,58,295,-1581,-36,561,32,1114,-342,743,-656,21,737,121,-211,783,-414,773,442,1149,908,-235,903,335,-73,-988,461,-464,-649,-662,185,-218,-145,1134,-108,-1416,-23,-36,646,1707,579,1422,1083,970,1254,1230,1725,1506,1453,548,-326,522,80,264,843,-386,1362,2161,-768,-145,-1616,-113,-1665,-1992,186,-267,-954,-977,1172,1229,789,599,1055,-20,82,-347,796,923,281,-53,88,-793,-685,-741,446,861,1163,1865,1576,2974,3110,3459,2362,738,1549,2144,1893,4527,289,2323,2652,3618,3254,3585,3964,2569,3905,3738,2742,3180,3436,2018,2988,1720,2215,3737,3561,3534,2813,4246,2237,3744,2662,3699,3474,3797,3877
188,74.79999999999999716,1215,807,1727,-147,51,1259,870,1089,1200,-179,859,1053,-654,735,15,224,112,38,627,-369,106,347,203,1099,219,57,-468,1040,1366,80,-343,-10,1466,624,-642,-427,192,1522,306,-95,685,433,-28,460,-1038,697,-381,175,46,32,159,-81,831,54,402,599,-266,641,-874,-134,-1127,-619,55,-463,488,-35,-349,-397,-290,-487,785,-304,684,-626,-394,331,849,-568,444,37,-308,-249,-335,2235,1146,1451,136,1504,467,868,1012,544,1110,466,739,594,1297,733,730,438,704,142,1069,1187,843,760,-1181,454,-860,-276,-127,-1150,-1097,-1645,-1176,12,-712,-307,839,1245,1529,-107,789,613,-21,-561,-380,489,-20,-28,-189,-1382,-276,-267,1673,1392,2524,1179,2981,2259,2497,1853,2467,2558,1447,3872,2037,4123,3808,2321,3969,2775,3418,3033,3554,3745,3332,3009,4636,2645,2763,1452,2450,4225,3507,3560,3796,2631,3818,1811,2560,3072,4010,2751,3326,3344,2646
189,75.20000000000000284,1396,1536,791,1552,1411,-1032,1819,843,1013,405,78,-267,1056,1654,1041,728,1128,733,370,136,1667,1182,939,1502,795,311,2170,488,316,633,14,342,-1376,713,823,286,619,937,1485,1243,1510,1287,767,229,1421,493,1335,438,1043,559,73,505,514,1203,998,171,294,1438,-351,-89,117,1299,1141,344,192,-32,983,-328,181,-136,-134,881,608,36,397,618,27,727,199,145,1154,39,1018,54,483,-678,989,-118,917,1238,1963,1626,-93,558,621,116,971,824,1273,752,982,-107,503,706,563,1262,432,123,-243,132,-1141,448,-677,-1332,-427,-910,-488,-98,613,187,317,-171,808,1202,308,-1402,-57,882,381,723,-320,98,-721,2323,-932,1370,3,1525,1903,1964,2877,2837,2636,388,1962,3715,2679,4192,3329,2806,3608,4033,3593,3091,2808,4361,2758,2745,3241,3923,3968,1785,3298,4087,2684,2764,2363,3970,3781,2421,2559,2306,1519,3466,2223,3479,1946
190,75.60000000000000853,503,2375,556,920,730,365,1173,-344,1393,1945,508,986,1794,-43,-33,1467,807,923,373,427,1099,698,422,729,697,293,1240,455,1465,350,1577,304,756,905,19,-225,617,1760,1257,1947,-162,1261,816,1527,145,481,663,647,74,-190,50,378,428,890,1030,1335,206,1019,-273,-345,-1807,139,-223,-142,310,-340,477,-29,860,617,-31,164,-1084,428,-210,135,-1307,576,1010,626,926,-233,-13,132,-657,524,1410,1051,468,1987,-43,1373,508,390,655,1070,854,793,166,236,778,-805,-706,79,61,517,-471,1102,258,140,172,-239,-1508,-1757,-969,-603,-1057,-792,1698,563,527,1330,171,-240,1112,430,-539,-453,281,-888,-888,808,-446,35,187,1741,1803,2024,2156,2411,2062,1750,2953,1623,2239,3493,2964,3122,3361,2823,2103,2661,1656,3374,2802,2932,3522,3571,3159,2232,3149,2871,2357,2669,3192,3585,3089,3762,3342,2364,3078,2092,2985,4222,3370,2678,1705
191,76,1003,1326,1312,1059,1717,1104,733,111,216,-1411,357,501,94,1589,-203,1310,526,724,213,699,766,425,1007,1983,1464,610,390,752,1927,1031,-50,16,-559,50,972,889,578,1109,933,1023,668,1630,1005,313,-1064,1307,1025,1322,-960,246,598,867,194,75,-78,1530,722,1264,584,408,60,101,-361,-652,350,-648,162,-232,746,-390,-251,-80,-850,517,-397,842,247,564,335,450,254,-926,-389,-295,-79,-410,1205,547,859,768,468,-494,1200,295,-285,-325,1150,1225,783,1343,-570,-198,-1654,405,411,-135,-45,-287,1304,462,118,-800,-838,-1003,-277,-717,-2471,539,676,1047,-131,1000,680,500,-340,-519,-78,192,309,-1100,-1265,-723,896,-225,-1055,828,2981,941,2398,2550,1782,2239,2884,1879,2588,3420,2571,3762,2479,2692,3104,1986,2556,3308,1687,3146,2555,4284,4185,2848,3807,3047,2560,2708,1755,3365,2635,2701,4737,2459,1652,3410,1642,3533,3364,3076,2477
192,76.40000000000000568,-64,-42,1106,1075,680,1083,278,377,467,458,625,517,655,1614,-753,147,502,756,-162,644,1087,888,1249,339,1473,274,943,629,917,761,-442,295,42,620,-264,69,1145,900,358,1796,1073,1243,283,548,419,224,1011,189,-848,734,647,910,17,591,-372,-76,455,-649,-572,-346,-216,139,-27,-25,134,610,767,110,776,118,533,-308,-805,473,505,333,313,-69,-284,623,-505,542,984,-285,450,770,60,460,920,315,367,382,-256,-542,899,469,509,994,308,-188,827,-468,-471,150,282,312,98,5,864,-650,-453,-1237,-1003,-1675,-847,-1347,-465,-1250,1289,509,413,-633,332,498,748,465,453,-764,-83,453,218,-56,397,297,-437,602,478,1022,1145,1762,2615,2668,2088,2468,2545,4177,1865,2087,1546,2561,2646,2313,2675,3462,3637,3154,3923,1720,2738,3014,1964,2726,3029,2839,2122,2945,2316,2993,3642,3089,1812,1831,2402,2665,1758,1232,3691
193,76.80000000000001137,358,1088,1098,1468,1703,33,1407,707,108,3045,1763,-39,450,1131,-99,-385,1063,1120,396,1698,939,766,153,1137,1412,878,847,-508,788,975,2034,-1381,-415,-600,-236,1186,1349,-463,-690,87,1227,208,683,588,-280,829,1073,1089,1160,1096,449,140,200,-399,721,265,-55,671,742,-200,178,-633,-105,-347,1142,399,-891,-1335,-651,0,-563,-294,-800,265,-173,-363,287,-1002,1016,88,-488,-847,-113,1008,-10,704,274,165,6,77,566,703,114,683,305,1017,955,41,-1008,70,-164,-609,-512,-174,-519,-784,425,718,-181,-966,-329,-1478,-347,-1825,-523,-1448,-1019,-1972,1162,204,54,1088,-1014,2915,556,1019,-1064,-450,-728,-1221,-156,-158,835,-499,791,-1090,635,1666,855,1513,2154,2618,2143,1240,2886,2887,2682,3226,2306,4164,2809,3334,2655,2812,1962,2475,1763,3763,2793,2156,1831,2852,2112,3217,2855,3186,3077,2948,2249,1129,1476,2444,1877,3496,2706,2219,3545
194,77.20000000000000284,244,-948,1338,867,574,1039,148,659,574,1771,587,1276,1908,106,112,196,-386,2072,1053,798,62,122,1767,1545,604,608,-75,1075,312,765,997,-485,-467,984,465,715,659,39,533,1360,-401,1014,807,719,358,1558,1298,329,-192,-158,-454,-165,18,562,-679,419,733,499,40,469,773,-433,410,-204,-853,885,-436,85,-83,11,367,718,-160,39,-187,-317,-506,-1322,517,406,114,306,-275,1212,-427,1,579,289,167,558,67,1329,284,543,463,403,1770,217,-109,-128,-729,1331,-1236,-351,820,43,-859,-439,-647,-627,-524,659,-932,-955,-112,-1448,-662,297,239,-97,-605,871,200,848,218,-234,1204,121,-264,-54,301,-2575,698,-1187,-52,287,2002,1824,2822,1070,1877,1832,1786,2687,2759,2823,2332,2183,3843,1741,4317,4050,2833,3073,2758,3505,2204,3225,2421,2682,3253,3399,3631,2215,2756,2614,2840,3134,1724,3903,3173,2215,1475,3773,2134,2148,2894
195,77.60000000000000853,1423,452,781,457,1687,972,1415,775,368,740,1629,1780,1768,543,-441,-1077,356,1037,429,117,489,-337,166,1266,1451,894,840,696,-128,465,912,-980,689,605,1177,1279,1346,626,629,1444,128,2081,663,483,17,588,552,996,-743,-126,550,-227,1239,181,530,985,-844,-456,219,-285,680,218,1416,178,-668,-946,1140,-532,615,327,-470,-70,-103,493,101,90,1169,-244,-198,67,-209,151,393,-293,-830,1045,-464,123,713,312,224,-1503,-923,22,-679,-235,960,995,21,842,127,-589,-425,-1079,-340,19,-468,345,27,-170,-1203,-932,-1293,-1657,-904,570,-1835,-474,-1707,398,-410,-46,-124,-25,-2,-199,-69,-129,-392,78,-18,-1874,464,-1179,538,138,485,1641,1534,1779,2331,1313,2402,2841,2076,3139,1615,972,2868,2805,3820,3416,1915,2586,3096,2917,3811,2956,3246,2114,2284,1815,3944,2503,2141,2788,2145,2813,2853,3802,2573,2273,2200,3075,1189,2955,2897
196,78,369,31,7,-154,162,-222,437,-132,198,732,109,-50,11,115,-676,-718,-11,807,1497,614,1131,1197,350,238,1663,-522,1094,1139,712,-560,252,-386,752,477,1296,617,1422,353,721,-369,455,672,325,1680,1147,933,925,580,657,451,-42,1127,225,565,-850,1321,41,-50,503,-79,476,696,619,327,247,-1015,554,23,-693,-109,-28,650,-321,530,-20,195,-419,-463,-298,-255,-209,368,730,226,-254,117,-485,345,682,1292,848,379,1049,446,759,-408,1561,785,-286,448,445,-500,-87,251,-829,916,-765,-884,-1084,-449,-537,151,-1089,-1246,-343,-2425,-2254,-1041,-806,-68,-461,369,556,305,1833,1396,161,-187,-30,-353,-914,-1237,-458,-128,676,-89,723,1352,901,1386,2743,2867,2084,1923,1684,1554,2823,2322,3665,2132,4005,3327,3379,2293,979,3071,2629,324,4612,1748,3395,2952,2491,3114,2739,2257,3150,3117,3513,2259,1871,2242,2781,1617,2615,2769,2539
197,78.40000000000000568,795,1094,464,594,593,1022,657,315,542,1102,1315,145,1559,94,1124,497,-40,1096,487,-123,259,368,-10,116,1400,875,-118,722,543,718,214,-186,442,-156,275,921,525,605,1620,850,645,433,-292,253,44,-370,465,-1313,880,142,653,934,1172,210,-139,692,-247,595,968,85,869,461,-601,-527,250,384,-92,-276,-283,-18,160,-351,-15,1172,591,-34,372,261,358,-122,413,235,-70,-157,311,682,-70,556,46,484,713,-284,-322,514,-3,-43,1316,705,-681,569,-141,60,-251,-327,303,-753,775,-1335,-498,-422,-95,-208,-708,-1953,-678,-832,-609,-326,-924,890,851,376,-167,-345,131,-1153,-671,446,-199,-1036,301,238,923,689,-863,38,71,740,2198,1861,1940,1860,2432,2339,2588,2491,2699,3504,4024,3361,4082,2864,2205,2391,2990,2969,3582,3464,2348,2104,2045,2658,2969,2576,2875,3247,2168,2952,2429,3236,2779,3039,2646,3191,1821,1450,1258
198,78.80000000000001137,-405,1035,98,-247,-530,205,640,700,772,-159,774,927,-446,532,157,3,62,49,201,145,-199,838,465,-157,335,277,1826,-222,-742,1382,-1488,-26,-218,-308,219,253,-361,-141,799,1717,182,437,1084,-197,882,-21,-190,400,747,1308,-230,-577,512,91,537,691,172,593,758,-613,867,128,77,234,609,-569,4,-268,-63,84,1450,121,-400,280,488,945,359,-195,153,476,202,66,1689,-190,-279,-174,382,-363,313,-194,727,-576,207,688,509,910,-212,529,396,-312,-863,-314,-1004,-694,-388,857,-714,-554,163,587,-456,221,-1369,-1071,1073,-1573,47,-1025,99,1549,1,-447,-322,205,1669,845,-454,210,-698,287,-923,326,407,-518,-15,492,246,533,1348,2207,1538,2939,3099,2153,1659,2749,1764,2121,2719,2866,1488,2177,3217,4101,2571,3013,2674,1943,2133,2637,3489,3370,2816,2972,2523,3439,3544,2734,2219,2965,2272,3292,2649,3255,3412,3062,2966
199,79.20000000000000284,-1041,-833,-824,-7,-679,474,196,106,-994,947,1067,2118,420,182,1258,-1084,-700,250,91,509,-120,141,763,1060,-406,260,738,-463,264,-24,516,-417,-466,946,-67,470,1240,173,81,-245,210,-265,36,292,919,-701,448,559,577,-39,380,253,804,-625,36,71,1216,249,630,1370,439,-279,-22,-106,178,-803,-724,599,294,227,-384,-289,321,-263,-699,-1325,578,213,445,-534,486,-167,-471,773,623,780,-623,805,377,359,698,67,1286,721,661,1134,1291,1488,440,371,931,-48,-1238,-928,161,178,-117,-209,-151,1232,278,-461,-712,-1102,-935,-1420,-3272,-956,944,1269,431,-178,547,-392,-321,619,188,-633,259,670,-318,-600,-92,-795,693,-110,1062,203,1390,2773,2568,1280,2913,882,2416,2433,2777,3017,2697,4365,2683,2878,1728,2009,2540,3383,2123,1915,2253,2517,3444,1839,3380,3101,3091,3195,3938,2676,2252,2263,2672,3471,2340,3104,2396,2434,2206
200,79.60000000000000853,-9,348,-281,725,254,995,1102,-3,550,-709,-487,-305,-194,317,-82,-1279,-759,238,-163,103,8,240,234,658,-357,-691,-539,176,199,-13,-1106,-318,734,1054,284,73,227,429,-145,-313,-307,309,-91,-400,261,-154,-386,-123,449,-629,-498,444,968,-100,248,647,-78,56,1154,-160,1025,-45,769,373,153,-277,-129,226,-587,1102,-476,258,-238,564,395,474,124,354,-455,-560,952,-679,652,-86,539,330,147,-59,1429,468,927,149,698,1057,632,-360,660,834,54,364,384,73,-173,365,-950,-442,-71,-535,871,433,-602,-504,-1321,-1160,972,-717,-1492,-1299,95,-231,51,21,-321,1315,-867,553,-97,726,-729,-121,-530,653,-762,137,-112,-688,-187,1525,1307,2191,2820,3180,2134,2307,2421,1461,1963,3441,2983,2320,3553,3013,3245,3265,3733,2244,2502,2578,2079,2647,3623,2636,3775,3286,2398,1055,2190,2442,3644,2147,3062,2688,2878,3234,2807,2769,2638
201,80,521,-25,-376,110,293,-574,-283,1358,743,-672,-629,-889,512,-17,771,-1788,-818,405,-552,-351,-187,-483,21,-705,1374,17,-590,-279,-1077,-40,329,-342,738,-175,1116,617,-133,-9,-534,114,593,-76,-642,257,-27,-53,-865,-749,-293,-989,-1008,545,-79,-110,195,692,-60,317,-465,48,548,147,953,-745,-56,-440,-711,331,877,-731,-776,-324,837,143,-904,27,-225,257,-744,-333,315,610,-332,-23,503,-155,389,871,574,92,-456,539,-426,163,-836,304,91,752,-93,-777,138,-190,-284,-463,-1251,-379,-157,-378,-267,-1741,-331,74,-599,-671,843,-191,-1877,-818,-935,-45,-71,1167,465,1316,-761,404,-1485,539,-434,-1004,105,292,-16,-1001,-413,-263,-31,639,1346,1567,1211,2289,3270,2403,1561,2948,3526,2729,1140,2363,1988,3200,2334,1577,3430,2128,2256,3260,2889,3182,2666,3315,3476,2428,2155,1239,1754,2964,3137,2949,3387,2407,2882,1967,3340,3477,3614
202,80.40000000000000568,-779,-1090,-736,-719,-606,284,-480,1046,-77,-222,-345,13,-1037,-984,-771,-808,78,146,4,-205,-479,-656,-149,-315,92,568,-873,-348,-22,-652,-459,-597,-533,620,-928,1014,366,-419,305,-576,-740,-31,621,-306,-1228,-886,358,-85,-621,-268,-402,-326,-1326,-961,-952,453,-795,156,365,476,-643,-114,1334,-100,-211,-508,375,-199,735,2,101,-10,-23,185,-283,-406,941,401,697,121,202,-208,-534,286,-139,327,357,546,730,353,1232,503,1736,103,1728,-38,-129,677,1052,234,-799,-902,199,-587,-602,-529,259,-614,-4,455,-468,213,-848,-612,-526,-1197,-2117,-1570,211,618,1670,-342,-304,993,-425,-631,569,-762,-238,-801,-137,220,-411,-2582,-663,275,705,1002,583,1832,1695,934,2378,2268,2045,2191,977,2473,2515,2422,2503,2776,1753,3459,3594,3111,1891,3108,2900,2871,3884,1717,3536,1951,3210,1784,3327,3300,2535,3146,3915,2493,2401,3902,3369,2541,2730
203,80.80000000000001137,-241,-514,92,-162,-154,-17,-1214,-526,-333,101,-946,-147,-64,-1595,85,-790,341,-671,295,735,-438,2,-389,-875,-134,-1018,-337,-316,-915,-308,-833,-626,-395,801,379,-1054,-602,-257,-109,-480,-1051,-313,-558,-983,-525,-162,147,-547,-119,198,-347,213,394,-323,121,-30,-365,534,306,-329,313,-777,-649,-421,-1138,-673,-58,-541,-193,498,-86,69,602,271,-190,-337,-60,-376,-1183,-957,-211,-171,-739,-806,-1101,89,-681,128,455,-89,631,271,-106,566,691,867,-496,823,945,-16,329,-34,-631,-239,-665,-936,-851,-164,776,1012,-1333,-386,-336,-867,-463,-1578,-1061,-1001,-1896,607,-137,1118,187,1830,1158,47,-63,-704,-83,-514,92,-622,-419,257,1287,168,63,471,-454,1696,1607,2111,2364,2266,2378,3144,2038,2197,2301,1742,3151,3332,2866,2837,3282,3261,3374,2774,2616,3584,2878,2246,3238,2470,2795,3408,2695,2381,2550,3137,2675,3798,2724,2293,2446,2843,2176
204,81.20000000000000284,23,-737,-1309,-696,-295,-1456,847,-653,-334,-838,-609,-853,-578,-294,-397,-206,-1599,-98,-745,-1384,1146,-203,40,533,897,-1146,-1284,-747,-800,-77,-686,-48,-1121,-79,-104,15,-1013,-1886,-773,-155,-476,-585,-1120,-1729,1167,-784,142,-1861,-53,-371,-244,-35,-1396,-443,367,-1048,765,16,-1172,-304,-1046,-79,483,-205,1016,20,-199,-568,-92,130,-537,-272,-321,67,-185,10,-315,191,834,4,116,-359,421,-305,63,378,-62,1224,906,185,404,5,829,144,314,894,292,-189,194,279,42,171,-348,-894,-884,-564,430,-907,145,-814,-146,-1095,596,-2183,-304,-1127,-276,-1348,1207,777,-14,693,282,-1127,-407,-827,796,-481,958,-1036,-752,1089,-366,-333,-42,-152,-132,1447,2055,1294,1383,1622,2197,1034,2925,336,2631,2321,3351,1797,1941,2712,2169,3668,2392,2500,2962,2913,2231,3614,2690,3120,3517,2492,2665,3682,2047,2849,3359,4618,2830,3577,2408,2883,2822,2154,1762
205,81.60000000000000853,-998,-431,-403,-553,306,-66,-791,-467,-592,-929,-1438,-1601,109,-1025,-566,-575,-1231,-877,427,-758,10,-346,-76,-980,-1260,-145,-1053,-434,-958,-698,-205,475,71,-26,-454,312,-624,-546,-1598,-1771,-2082,-1177,-457,-938,-940,-676,-749,-1228,296,-48,-425,-358,-271,200,-1009,-136,-719,-554,648,-1222,-351,-712,-900,-564,-324,-973,563,587,397,-1001,45,147,-1288,80,-622,47,373,-709,-1035,-425,-1059,-438,504,-263,-518,1059,-152,229,741,621,491,251,938,335,258,1321,-104,724,-27,-113,-531,474,-1099,-91,-1008,97,-790,-1487,1,-37,2,-390,-229,-218,-126,-286,-799,-1258,-1558,-399,-254,-382,356,-179,76,-1103,1270,-640,-540,-338,673,398,41,243,325,-537,3121,246,1760,2206,1674,3274,1313,2202,1840,2232,1191,2861,1781,2121,3732,3328,2477,2137,2446,2610,2573,2399,3051,2751,2910,2977,1741,2642,2884,3051,2502,2007,3243,2691,3229,2735,2900,2524,2209,1976,3069
206,82,-916,-599,-841,-1316,-766,-892,-715,-513,-450,-393,-277,153,-790,-1323,-755,-1198,-22,-406,148,-1618,-486,-1747,-874,387,-496,-1762,389,-427,-506,-79,414,-941,-145,-681,-1347,-946,-903,-648,-460,-504,-420,-1248,-461,-1817,-789,-246,-1918,152,-406,-898,-945,-186,-1046,-1519,869,-164,874,1156,-698,480,201,-131,-800,121,88,204,531,53,624,-1308,-392,-715,-809,-532,-412,89,-147,-123,-954,-392,787,-863,-1207,49,-731,73,-46,913,1033,830,1460,245,1150,412,40,2447,1123,-266,189,1225,-132,-361,-9,-412,-555,804,-1366,-261,-1021,152,160,-981,-540,-832,205,-945,-1420,-938,-309,1232,-438,-273,11,-62,240,-1018,-44,-714,-79,-917,333,-1570,-419,-901,-675,-171,1449,338,764,1604,2283,1463,2333,2251,1224,2231,2257,2909,1052,1293,2384,2747,1414,1329,1983,2727,1513,2747,1538,2604,2384,2941,2854,2437,2786,2414,3332,3488,3896,2630,2873,2179,4351,2998,2949,3124,3191
207,82.40000000000000568,-595,-2038,-544,-326,-819,1131,-1271,-518,15,-864,-341,-638,-263,-1292,-381,599,-49,-959,-596,-255,-678,-404,-334,-419,-1019,-817,-1013,-966,-1865,-512,-685,-1374,196,-882,-949,-592,-932,-2068,-553,543,-751,-416,-687,-1574,-1076,-810,-1030,255,-825,-1081,-923,-1304,446,-362,-552,-235,-248,-1262,96,-820,-341,-161,791,-138,728,-196,-616,236,-34,-296,-981,189,947,1370,-497,-374,776,-388,-314,-262,-769,-63,372,412,-312,-1126,602,723,1158,1573,1280,1432,1035,-482,639,-100,512,880,-21,162,-352,-20,-1144,-1174,37,496,-62,-234,-1015,176,102,141,-717,-774,1700,-145,-984,-2014,121,1376,167,-223,22,-1448,479,-2342,1124,-321,42,-532,-490,-1062,431,-1123,460,-417,283,451,914,1418,2506,1545,3222,1991,1837,1950,2869,2664,2930,3077,2869,3208,1828,4195,3384,2632,2782,2181,1753,2450,2774,2813,2698,1802,2720,2285,2888,1976,3530,2417,2941,2580,2497,3399,3113,2181,1562
208,82.80000000000001137,734,-424,-326,-96,694,-717,-353,-1075,-134,-588,-916,-834,-902,-380,-815,-515,-1088,-676,-1240,-598,-206,-105,-512,534,74,-533,-834,-446,-1494,559,-309,-289,-462,-1562,-657,-711,-445,-1044,126,-745,-1222,-1203,-498,-1699,-677,381,-973,-911,229,-101,-14,-249,-74,-520,-230,688,958,-516,-111,-1910,228,-328,-135,-109,280,-73,523,620,-233,613,-83,324,-135,-806,-374,34,-165,-399,-323,-889,-269,-830,-558,-717,-794,-99,-948,10,513,766,920,128,1472,742,-495,736,-696,643,40,353,266,265,-238,-938,-329,0,-914,574,-1198,-335,-64,-555,-688,-1285,1168,306,285,-872,-1063,-951,-948,-309,-432,1095,78,555,-848,-613,281,262,-147,96,111,244,-6,523,2883,1722,1374,1243,899,3021,2213,2455,2196,1635,2130,2928,2891,918,2412,2495,2553,3043,1973,3247,3834,2450,3216,3189,2844,2809,2775,3404,2888,3162,2712,2140,3128,2529,1259,2018,2306,3014,1437,3101,3476
209,83.20000000000000284,521,-1898,-1317,-612,-6,-437,-1223,74,-12,121,533,-135,12,217,-143,229,-1182,-17,-966,-659,-332,-141,-1340,-301,-52,-1456,-924,-1129,-116,1071,-1355,-813,-1294,-296,-1300,545,50,-267,-1618,193,-933,119,-244,-2321,195,-2414,-1382,-561,-855,-369,-603,-400,657,-239,826,-345,-453,340,-170,251,-175,288,-705,-808,155,1390,-263,-696,-195,-227,173,-352,-793,417,-95,86,-18,136,969,-68,-584,46,-1266,-681,278,-279,699,714,625,596,865,-338,691,20,1297,648,603,-26,231,52,-564,433,1029,-155,-1174,-735,-944,-436,-1706,-783,-153,-519,-305,-546,-2080,-1121,-385,10,-1071,616,-98,-13,250,-495,25,-702,595,-273,-293,-523,588,310,740,-1519,696,-1120,-1042,362,1333,2074,1800,2570,1871,1809,1215,2917,2245,1882,2784,2703,2776,2424,3107,2048,2994,2871,2986,3105,3111,2666,3192,3579,2388,3436,3127,2688,3427,2953,4070,4042,2537,1282,3327,2150,2741,3456,2880
210,83.60000000000000853,-75,326,-322,-181,176,1395,-56,100,-433,-156,176,1113,-46,156,-133,-664,-839,219,-1066,-252,-672,34,662,488,-456,-359,-203,517,-1139,1297,-846,-604,-273,658,-1385,312,-177,-65,-406,43,-881,-675,-313,-29,-1130,-125,-601,-314,117,-651,176,-373,-145,-151,445,-505,-527,-317,448,612,37,-258,852,206,-378,-1199,331,98,-485,-43,-558,-363,-560,-208,-121,49,393,-197,-236,207,-562,-90,303,291,-401,1180,-582,148,676,59,751,484,1918,518,1389,-63,1420,524,-122,-177,-539,-924,410,556,-290,-348,-372,-527,-1819,49,-661,634,-731,-451,319,187,-1031,281,-494,-243,-488,-658,-691,481,1111,627,272,-31,-345,-1111,-416,-425,-1362,-82,385,940,2226,1110,1182,2848,2280,1229,2797,3396,2276,3122,1995,1913,2898,2699,3524,2708,3104,2733,3496,2999,2806,4518,4750,2587,2931,2828,3609,2722,2571,2448,3822,3110,3093,3644,2147,2862,3543,3367,2425,3721,3072
211,84,-413,237,-83,-836,-418,-1727,748,887,308,547,86,-105,71,-448,-674,126,213,562,-190,649,414,373,-901,308,-2050,716,406,-843,-346,-81,-1251,43,272,-177,-131,-1077,544,218,-237,-678,-656,120,-45,379,-521,1007,-50,738,-967,-375,243,-74,387,318,-131,1252,-1142,-184,428,63,-176,776,-611,528,460,409,-458,-634,705,287,-559,-916,-1540,194,-791,-55,507,192,539,143,637,-250,889,295,-44,-230,-494,324,1,318,713,176,-6,1190,-119,1789,1245,258,894,113,-1234,228,576,117,125,288,-1212,-432,-2055,-834,343,-340,-401,-893,568,246,-1178,-1288,258,1043,-18,707,456,-367,497,-187,-294,925,-147,296,-881,898,-157,-247,474,692,915,999,1057,2248,2882,2099,3102,2269,1652,2498,1800,3019,3442,3092,3584,3434,2921,1998,3551,3137,3915,2402,2825,3455,2598,1672,2423,2791,1752,2759,3400,3068,2500,2945,3552,1830,2540,2473,2513,2987,2414
212,84.40000000000000568,321,-648,208,-467,-983,-821,-564,-814,999,24,48,263,726,-1153,-593,1202,-167,-567,318,223,-265,-410,238,-738,-155,-215,651,89,307,707,735,-302,-115,-3,188,-793,447,-282,442,72,-6,-1243,173,275,355,-465,37,-301,63,-318,669,-7,120,-640,443,247,-1281,-697,341,329,-41,252,311,-826,-204,-241,824,-103,-705,-540,996,-674,-582,-166,68,67,1075,1431,81,-725,-115,350,457,810,1161,1189,116,644,655,834,265,659,1189,944,893,910,-61,344,304,738,47,-1459,-80,396,-195,26,-133,-1142,1062,-305,-1058,-890,5,-938,755,508,1393,180,-37,1465,8,-312,-317,243,-182,-623,358,213,-360,-443,-326,669,-1274,-539,-162,469,2029,495,438,2573,1665,1938,2237,1737,583,2931,3499,2901,2744,2264,3308,2019,2952,2598,2264,2374,3106,3239,4655,3329,3176,3544,2570,2834,3417,2903,3391,2913,3015,3088,2443,2659,3535,2366,1492,3224,3397
213,84.80000000000001137,-394,-133,870,1188,1417,-622,-234,29,-141,-222,-47,-365,527,-370,-721,229,669,1040,-584,347,827,-224,-8,-329,290,-137,-258,-224,435,-789,277,-663,-823,-523,-682,-799,455,1350,87,765,-459,-881,-131,34,486,-1098,1233,-1699,-693,-490,180,433,-1058,225,-535,-985,297,-270,163,-592,-887,75,420,222,1417,-834,203,-32,777,1493,1366,-178,120,22,-146,-860,-509,304,231,180,-17,-206,-4,1398,-270,-321,-908,364,208,1272,1380,1618,766,591,-90,1935,838,153,929,1355,-713,-176,-502,1462,-134,-143,298,-1833,-83,-613,-722,828,-263,-763,497,-907,-948,-583,173,275,674,44,-98,788,-60,-100,634,127,264,-537,-352,231,-583,364,-210,760,294,1287,1412,2323,1500,1318,1677,2123,2459,1676,2598,2853,2254,2263,1326,3404,2124,2589,3019,3004,2269,2502,2389,3285,3439,3236,4064,2495,2107,2927,3169,2946,3594,1877,2935,2890,2900,2937,2486,4399,2667
214,85.20000000000000284,797,266,2125,-1235,942,-565,790,759,599,-31,-578,-228,652,-377,-491,36,812,44,337,122,468,1497,783,1285,184,-36,83,302,655,170,-511,52,1272,-249,407,440,-257,380,890,-447,232,-329,569,-24,-9,-779,59,-1092,-415,733,342,235,130,-414,329,-413,73,-121,210,535,-301,-353,-395,767,803,664,-342,-40,-126,-396,-4,149,-421,-503,-609,925,228,193,-504,-101,-647,768,-25,-206,1350,786,38,-708,837,314,808,510,641,724,841,-44,1736,851,221,1365,680,-54,171,62,320,926,-462,-901,-500,-588,317,-412,-199,-288,83,219,-546,-228,596,1083,-1375,138,1015,33,6,641,-149,-355,493,-580,575,-1558,-819,-246,-1077,1222,-737,1000,2144,2556,2101,2361,2801,2449,2620,3438,2256,2579,2205,1523,1846,3230,2174,3740,2146,2820,2310,2216,3636,2302,2924,3122,1875,2718,3172,2494,2725,3445,2482,2689,2788,2780,3271,2836,2628,3116,2166
215,85.60000000000000853,1339,-791,-485,-536,-182,1195,-1211,487,-470,-826,597,-2020,1258,-699,-881,-44,-547,-664,811,62,161,351,-63,888,985,-1100,-463,-310,-1179,1022,-373,300,880,221,-844,420,153,1589,209,-364,690,711,1544,12,27,689,624,-85,-369,-234,183,-759,464,391,-164,-1685,-432,-8,-1112,-335,-402,-502,-160,-273,-646,-168,254,125,63,-526,-180,-805,137,-662,925,-97,754,484,304,-132,-442,991,130,442,455,-276,470,-742,-130,385,498,589,1119,1064,690,374,685,346,1507,498,-476,-146,-715,131,-1183,119,-510,535,-552,-358,1067,654,-838,492,-23,-467,1255,-520,1324,-808,173,251,-370,-957,37,340,-393,-126,658,703,-276,1244,-1188,574,605,1500,1341,1428,1645,2192,2477,1725,788,1229,1831,1477,2345,3353,3195,2036,3447,2505,529,4094,2896,2436,2446,2643,3173,3599,2859,2968,4426,2552,3063,4254,2899,2130,3500,4140,2508,3565,4039,1922,2844,3383,2904
216,86,994,412,-1628,2294,998,-625,-456,380,6,911,814,625,1498,433,-566,184,904,1763,-328,502,109,-157,629,-475,-780,-43,241,-827,646,679,681,-223,-717,727,257,411,-969,930,264,689,-333,910,-180,812,356,899,-244,1594,807,-233,455,538,9,-1127,554,547,-109,212,-200,255,-423,-198,105,-666,-762,61,66,-424,593,-47,119,1526,2001,295,-369,-25,-940,167,433,-463,-122,0,-68,890,411,338,761,81,490,-77,-427,932,5,1178,96,2002,1113,1191,1143,445,317,-461,313,-62,-770,-971,-191,-685,-455,-922,234,490,314,-651,74,79,-429,719,1167,1959,-851,-485,-432,0,-644,-795,638,1526,-492,-846,-464,-681,363,186,142,541,-114,413,407,1023,2588,1737,2410,1747,1677,2293,2241,3591,962,2794,3425,2982,1883,3180,2054,2058,2640,3049,2665,3130,2718,2590,2645,2647,1814,2847,3163,2777,3435,2585,2867,2295,3512,3187,2758,3069,3247
217,86.40000000000000568,314,1295,-1007,66,-267,-671,-147,-546,253,607,498,-723,1161,-677,1228,347,35,783,-17,674,484,-262,218,27,522,474,630,-862,810,20,347,108,669,-448,1055,584,-106,1185,-388,897,-1317,-16,138,970,170,422,692,1302,708,492,514,-776,689,264,-1013,1235,223,-431,193,-205,410,-119,-631,-578,-471,-168,145,-897,109,1059,-389,403,-479,1221,-146,69,24,231,350,676,991,-315,35,-226,-392,-386,1586,243,783,63,146,641,923,397,-394,644,895,495,414,764,201,76,-831,-787,-923,-1145,492,-1028,1734,-401,-479,-1176,-727,-1117,666,-1096,117,-971,-349,1194,-128,258,331,-589,-950,-380,-810,362,56,-928,-260,-297,1285,-756,-632,557,1041,1835,629,1530,2562,1668,1784,2857,2208,1541,756,2934,1795,2183,3107,1484,2623,3044,2748,2257,2212,2464,3081,1583,3829,2658,2214,2797,3535,2941,2530,2497,2928,2634,2525,2738,2251,1404,3400,3521,2244
218,86.80000000000001137,977,476,-1909,-777,644,509,-5,271,430,1063,1367,2201,54,402,-347,-833,-189,20,346,99,259,-919,-229,1183,-82,732,-263,180,205,651,328,538,-402,54,-264,902,855,232,442,-236,-505,-496,-183,518,977,-175,-564,-796,203,-704,-985,-1096,155,-267,-339,-688,1598,-929,-66,-271,256,-198,-247,-68,-512,21,-765,184,252,1040,-70,864,-737,162,663,-151,-379,333,-517,-924,513,820,389,-183,309,680,-18,598,40,352,499,484,-776,1159,322,1034,1642,1155,1221,555,-157,784,1524,252,-950,-540,-753,-1270,-820,-89,374,61,-914,-762,281,1044,-940,-909,795,102,-815,178,-604,-777,437,2769,830,367,-262,-129,-179,-423,-486,-484,-652,656,252,1141,1028,1226,2654,1762,1367,1745,2456,2042,2240,2599,1516,1896,3171,3520,2106,1000,2611,3461,3393,2874,3150,3151,1958,2631,3210,2428,1581,2504,3404,2584,1184,2384,3653,2160,2374,1629,2040,3349,3426
219,87.20000000000000284,78,324,133,316,388,-106,849,498,-173,1229,1373,-173,346,1142,-708,1009,1416,41,-709,65,451,1502,159,-438,1045,-524,769,750,36,769,205,189,469,349,789,152,-465,-724,463,131,-1066,143,-436,801,476,92,-146,113,353,177,-208,-1763,328,-285,579,-289,-370,434,-350,-767,462,561,-749,185,-322,-205,736,143,155,-76,-187,-141,1754,315,-512,-644,-85,97,662,1376,-527,-8,-544,671,-402,-174,448,4,743,333,1307,-510,-34,-33,-33,564,362,974,286,179,-984,21,-987,-295,-1055,-1482,-2291,-167,-508,-724,-518,-970,-1078,376,-197,225,-30,-366,967,16,4,316,73,-1105,452,-1219,-493,-645,-656,-66,-153,493,463,-86,-467,-276,456,956,1770,1902,1174,1858,2612,3082,1873,3922,2060,3059,1650,2501,2160,3794,1742,2434,2305,2524,3155,3297,1652,2637,2029,2075,929,2384,1695,2864,1181,2453,1755,2321,3472,1616,1884,2517,3720,2045,3119
220,87.60000000000000853,364,-627,701,1105,86,374,524,130,429,871,-88,-1011,-371,-604,-120,-643,-759,470,422,685,-79,-539,-114,785,797,-495,517,-954,-458,483,-1770,358,-236,-78,-572,70,130,670,-147,44,-510,-386,1696,-291,-101,69,-717,-310,517,-346,651,118,124,-241,-380,100,-700,126,-769,-38,82,-1131,-53,578,-990,-860,-141,-265,-383,-459,547,-121,-463,-136,773,-216,631,394,-715,402,-521,865,41,-418,514,180,557,167,572,68,-447,228,-271,-246,961,747,1035,166,212,-544,227,-874,-521,-1526,-74,-740,-227,-852,-607,-32,-221,-672,-737,-1688,-286,113,-629,-345,-759,-537,24,-1267,-290,82,-594,-1392,-331,-733,-81,-791,-1023,-220,769,-747,242,517,2086,517,1647,2083,1578,2283,3260,1918,2355,1521,1152,5190,2051,2578,2135,2067,2220,1655,2238,2469,2258,3470,2091,1919,1882,3075,1751,2274,2384,3309,3106,3068,2279,4186,2948,2409,2234,1930,1309,3124,2626
221,88,-84,-286,-208,-434,-899,-10,98,-740,-1158,1266,134,22,480,130,130,-120,-338,-1364,-1097,-344,550,-427,652,35,-20,7,935,114,404,635,94,-927,-72,469,54,-1025,537,107,874,534,-392,242,170,-162,749,990,-546,-295,122,471,218,363,-711,-205,-386,-567,-133,506,131,481,-655,69,-923,-255,-157,215,-360,-201,-736,-751,-684,-448,6,307,-306,-60,-49,-458,-170,-581,-576,-386,717,-678,-428,903,-1384,-278,-711,-51,-27,-815,-236,-298,284,-118,690,-224,-1252,-1098,119,-752,-1014,-1376,-1027,-738,-1352,-673,-318,-1016,-937,-391,-202,-304,-284,-658,-117,-326,1147,634,-1440,-243,-1311,710,-782,-1040,-539,-576,-397,333,-358,-2211,557,612,-341,1240,211,964,369,2456,1981,2126,3078,2382,1912,2186,3061,1484,2157,3947,2137,1611,2962,1313,2364,2509,1282,3104,612,3577,3108,1627,4739,3065,1989,2450,2830,2988,1390,2685,1943,1209,3294,1329,2156,2025,2064
222,88.40000000000000568,-1377,167,304,-655,95,127,-22,-20,-1008,-821,233,-111,-356,-353,-120,-154,-1054,-700,-187,416,-373,89,-1426,-273,-119,-611,-244,-315,175,-227,1038,-78,-446,414,1115,357,215,360,811,277,-531,8,324,-945,914,-831,666,375,38,477,-497,-1770,-300,-50,97,-190,65,652,-674,-1268,-564,-1061,26,-493,98,-223,-677,95,-253,786,87,602,-1101,162,473,384,-220,877,456,1165,-461,-918,-812,857,328,14,-317,68,198,-64,-202,-74,-122,-181,-61,594,635,344,-429,-138,-412,153,-1217,-913,-1078,-529,-458,-875,-397,-930,-414,183,-539,-348,-559,-572,-1201,-1317,-687,-604,1576,3,-1959,734,-790,436,399,196,-917,-88,-365,-825,-649,-1295,-326,-295,894,-114,1882,691,2650,2456,884,2471,1613,2469,1941,3130,1720,2788,2597,1816,2223,2086,1881,1230,3263,3050,2372,2487,2945,1569,1942,1653,2135,2531,1937,3000,2447,1674,1312,2031,2294,1758,2147,1796,1837
223,88.80000000000001137,-1688,-488,1,-205,-107,166,-101,-359,396,-111,90,73,-246,-1009,-1743,153,31,710,-640,-210,-603,202,-303,-1076,-442,-517,617,53,-160,-1325,-421,502,-1055,-768,481,440,925,162,-830,-1012,-373,-1345,-470,-369,1092,-113,-785,790,-242,-1023,-910,184,-1132,-174,-263,-316,181,-1831,423,-476,-1090,68,-953,79,-1375,-645,-183,99,-497,-597,382,-485,-779,-604,-510,-171,-608,-819,241,-1939,-496,776,-293,-18,40,-624,-1173,-171,-845,-568,33,1665,591,951,-109,1386,808,-578,-95,-1228,569,-1313,50,-1059,-192,85,65,-741,180,822,-787,-506,-729,-1443,-451,-909,652,-106,-1460,127,-127,-328,-227,31,-696,-863,-304,-277,-897,175,9,-872,-679,-1048,746,171,2274,821,617,1801,1946,2335,2829,1812,1483,3356,1738,1607,1939,2253,970,2493,2063,1707,2216,1974,1613,1672,1988,3433,4126,2408,2574,1165,2891,1712,2273,1393,2496,1910,3073,2196,1336,2960,2524,3502,1830
224,89.20000000000000284,-137,144,-567,-55,-389,-360,-130,-130,45,125,-108,63,-45,1558,-1282,-1586,-794,509,-71,48,-219,76,-40,107,170,19,-633,-1222,-1733,-315,-206,677,-1194,432,568,174,844,297,230,337,-385,-956,1008,196,-1016,129,-908,452,-1121,-359,-574,166,790,-1127,-1168,-629,178,769,-282,431,-736,-447,-1150,169,-2388,-870,-1432,123,166,-667,26,-1034,-792,-55,-116,-566,-722,179,327,-315,-116,-273,-1157,-108,134,1616,-427,147,-338,-451,56,375,197,327,-498,-37,1498,-936,829,723,354,768,-603,-1266,-402,-475,-1668,435,-1683,-749,61,-714,-794,-395,-159,-283,340,-804,-915,203,-246,-402,-722,517,233,562,574,674,-467,-148,-828,-958,-186,-1979,-1454,356,460,-361,1776,839,1257,1073,781,3027,1984,2318,2667,1561,2918,855,1509,2226,2381,2842,2103,3495,980,2315,1969,2857,1917,1529,2339,3327,2018,2900,2410,2292,2153,2318,2582,2272,2674,2160,2564,2557,1711
225,89.60000000000000853,-1107,-573,-454,499,-625,2,-787,-576,741,1025,240,-298,-487,-355,-595,-285,-52,-574,-152,-414,-376,-797,166,-1088,-1014,-1274,-407,404,-1296,434,-187,-776,-1287,-625,-297,-161,-413,449,-905,-256,-645,871,-556,-677,-688,-264,-1,-904,-839,-12,-779,-186,99,-125,-606,-484,244,-258,-740,304,56,-97,316,-314,-61,426,491,-225,-190,762,-633,-1211,-566,89,-400,-24,-1103,-39,-274,-572,-206,184,-182,498,-889,72,-174,-591,7,-209,439,313,-805,-449,1154,940,992,-292,-353,-145,489,829,500,-680,-52,-673,-150,-1570,-1878,-1165,-865,-373,403,-591,59,-755,-97,-510,-1320,313,-356,-1306,-68,-74,-439,-919,-1208,-518,-119,-637,-488,-330,-205,612,-118,-1528,415,378,1338,1061,1170,1545,1996,1772,2813,1335,1386,740,2255,1799,2568,2924,3030,2192,2425,1071,1774,2475,3643,2689,2364,689,2799,2568,2119,3502,2135,2571,3000,2171,2500,1824,1434,2523,2403,1521,2758
226,90,-1444,-648,-236,-156,-132,-1496,71,82,-389,-1252,1206,-580,-248,-1415,-816,-786,-193,-194,303,447,-50,515,200,-265,-247,-1777,-346,-881,-1110,-408,684,-44,-1523,-842,-700,-684,123,-617,-534,443,-1150,-140,-536,-678,34,212,281,-1206,126,-568,-1110,-1129,-1030,-1049,-622,-864,-615,359,184,-301,-988,-466,431,-173,424,440,-544,607,-909,-174,-483,46,-769,-178,15,-95,470,-214,-1065,-1014,1591,-730,662,-858,-31,579,-3,-263,-478,-547,391,946,521,773,1269,-401,1281,-273,-276,58,1329,-143,-452,-1426,-587,-802,-1230,1521,-517,-510,121,-670,-247,-1295,-1813,-599,185,25,629,-1252,-952,-519,-581,-799,-1529,-524,-63,-139,58,-320,-46,1355,224,-725,-2192,-709,661,1270,249,1065,1042,1440,1696,1349,521,2479,1474,2232,2344,1510,1219,3216,2827,3660,2630,696,1821,2468,2062,1138,4003,3376,1339,2793,3141,2036,2727,2706,1942,2053,2396,3082,2594,2105,2910,3050,1911
227,90.40000000000000568,-650,-440,-777,-562,-577,-884,637,-86,-593,-1016,-506,2,-631,-976,-676,-632,47,152,-389,42,-1465,119,-563,-157,-644,-1028,-633,-197,262,531,-34,-582,-559,-809,-1434,467,-507,-1430,-393,-330,-320,845,-1152,-1249,-889,-846,-681,-775,-656,-526,-1093,-545,-424,-1898,-482,-37,-157,-404,615,-306,-827,-179,308,-933,-303,-210,907,-274,-985,786,-266,443,500,-445,270,-215,-252,-485,-259,-366,-544,638,-677,251,-467,52,-1096,57,-66,544,93,262,77,376,36,-1673,1152,-923,250,127,-660,-985,-59,-1608,-1560,-741,-833,-706,-2090,-1536,-1263,-1820,-452,-538,-377,-944,-17,-293,1601,779,-112,437,72,-637,247,-186,883,-581,-277,-377,-70,-1273,975,-2206,586,415,897,-594,1371,1207,1521,1575,1653,-343,1167,1720,3109,3191,1684,2771,1380,2899,3125,2319,2234,2655,2005,4043,2068,2074,2543,759,994,2413,2496,2411,2597,2312,3682,3390,1808,1541,2731,2425,2587,2955,2816
228,90.80000000000001137,-1293,-279,-483,82,134,-428,82,-629,-1050,-599,-613,-515,348,-797,-501,-784,-1383,-635,-671,-1527,-1118,-1690,-202,-926,875,-1162,-601,-1331,-635,1049,-193,-1637,245,-595,1086,-678,-1824,-606,-1168,-846,-444,-1128,-256,-675,-1592,-528,-567,-402,-93,-948,-463,-368,-424,-1037,872,-158,-1081,-146,-1094,476,-166,425,-268,-440,640,-494,-310,-858,-81,-691,-297,485,-990,43,-409,-473,89,-878,-271,565,-690,-320,412,-223,-424,-772,378,706,693,30,-287,848,312,660,-431,1322,4,566,-671,-78,-553,556,-738,-1311,-902,-742,-915,-326,-964,-653,-719,-382,-1365,-1992,-1106,-325,-10,-2157,-688,-190,-407,-377,-632,-409,-2,-857,-431,-237,-586,-188,-770,761,-165,328,602,350,-30,347,1387,1345,1551,268,822,2752,1155,2886,2164,1785,1101,1356,1395,1858,2642,2780,2690,3307,2636,3135,2762,2300,2971,2127,2339,2501,1418,3116,2397,2412,2952,3158,2262,1322,2094,2765,2268,1549,2949
229,91.20000000000000284,-1706,-1159,-387,-309,-2226,-128,-795,-146,-457,-259,1422,-1247,-373,-507,-839,-181,-1028,-119,-1006,-906,538,396,-739,300,-488,-232,-314,1239,-1091,-1116,-315,-132,-235,-477,-535,-1148,-113,-1009,-955,-1414,-1395,-1288,-493,-205,-888,-525,471,-1233,-920,-542,-987,-1180,-123,-657,-564,325,-1310,97,461,-312,-446,-173,-552,660,45,209,-339,224,-650,383,-485,214,394,444,-466,50,-629,332,303,509,-118,655,-277,-30,77,-629,379,-320,-1452,601,-183,634,646,146,185,663,689,341,1621,32,1412,846,665,-502,-313,-343,-1004,-1609,-524,289,-544,-712,-887,-1433,-541,-675,134,18,-533,771,-450,-438,185,204,-144,157,-46,-517,-42,216,147,408,1406,328,1171,453,317,713,1464,1634,1760,2824,1949,1223,1339,2804,266,2137,1924,2523,2201,2573,2629,2347,2653,2582,2184,1926,2359,2780,2324,1800,2722,3247,1939,2021,3016,2195,3038,3892,1754,1907,2870,2795,1858,3083,2216
230,91.60000000000000853,739,-1162,-907,-521,-956,-546,-1085,-867,32,314,-297,67,560,-554,955,-149,473,-2143,-2239,-2,474,-1862,14,-690,-1677,-661,-83,-1714,-605,-237,88,-1522,-1244,-850,663,-912,370,-676,-712,-400,-1090,-682,-1036,-346,-608,-313,-710,-446,146,-102,-345,-349,50,-314,-1296,23,113,233,-38,-52,-622,-184,-214,-568,-506,-795,977,-449,241,-7,-285,1,-1001,-745,659,-933,262,-652,-699,15,-671,121,687,-347,273,39,289,616,-1789,1077,-169,-547,127,7,373,-1574,1212,-155,111,555,-1244,468,258,-162,-86,-774,-1057,-372,-538,237,-833,-958,-893,-1255,-273,-26,-616,31,-940,-254,1189,-513,-408,-316,-1998,-882,-653,-173,-373,-1229,-244,-1055,280,-192,-604,-323,-569,392,586,475,1664,1681,690,2776,1661,2306,2082,3249,1758,1460,2838,2543,3351,2676,2798,3171,1909,2448,2374,2032,1876,2851,2909,3036,1939,2518,4444,2408,2731,1493,3017,2984,1256,2634,2870,2542,2433
231,92,-634,-250,-536,-446,-707,158,-512,-507,772,-669,-666,-651,-96,-532,-892,-799,-167,378,-397,-919,-1460,-749,136,-617,-609,-1561,184,405,-464,-285,-1534,767,-757,-791,-55,-957,-1423,-860,-1680,-481,-673,-1139,-683,-497,-1431,-640,-980,-407,470,-427,-471,-2149,-1699,857,-1641,-306,-512,-401,-174,-502,-665,-670,438,415,478,-734,-496,158,-1664,-576,3,-369,-655,-772,-284,535,108,442,-683,740,-606,-162,-507,-470,-541,-251,-64,-676,823,-383,-588,275,754,473,-393,1003,-1075,468,829,-15,738,-1324,-480,-1027,-338,-725,-915,-357,-89,-1016,-78,-534,-1354,-1238,-644,76,314,-764,-857,665,-306,127,-75,91,1477,-820,-380,-756,189,-1187,-37,-1583,-535,-481,-748,-183,220,-393,1150,1968,913,1034,2397,3215,2563,1865,1871,1857,1915,2129,1184,2415,2603,1715,2755,1341,2801,1797,2760,2718,2043,3230,2100,2038,2374,2496,2249,2465,2092,2425,2969,1794,2295,2842,933,3765,2791
232,92.40000000000000568,34,1630,-1281,-120,-825,352,-1456,164,-1002,-659,-1314,-583,926,-600,-834,-1116,-182,590,504,-591,-377,-1190,329,149,-275,-875,-945,-1094,-247,-1475,-730,-1017,-1303,-1969,73,-1130,-752,-220,-151,-682,-1118,-939,-528,-621,-1815,150,-811,-1004,-749,243,-700,-430,334,-1087,-792,-425,-113,-21,171,-472,-271,-331,-45,-793,-329,-736,64,-189,-551,-157,827,-436,-373,-235,157,-93,427,-1020,281,-14,-193,-1635,-164,-416,94,-226,-641,-401,136,152,837,245,261,12,422,1657,537,-117,1513,1101,978,1072,-1201,60,121,-554,-284,-1411,-471,-876,-1108,-167,-170,-1528,-556,-1099,-276,-154,-1400,250,-775,-1301,-372,-852,221,-871,-524,-1532,-437,-150,-1187,31,88,-540,-116,-475,1374,984,1996,1940,2395,2512,2436,1744,1245,1851,1161,2201,2964,1570,1953,1281,2033,2481,2223,2308,1859,2697,1546,2916,1501,2149,1609,2399,3528,2036,1448,2562,2265,2644,2201,1947,1732,1849,1869,1782,2676
233,92.80000000000001137,-560,-1142,-1,-1289,-803,489,-500,-542,565,498,-57,-630,-263,-1031,1233,834,-257,-93,910,-699,37,-605,-865,550,870,-173,-566,-326,76,68,-428,-653,-717,15,-1239,-645,-269,-852,-998,-565,531,-1105,-602,-520,267,-973,-653,-477,-406,-749,-228,168,165,-521,-842,-975,307,-434,-409,560,114,16,264,-500,-1112,-42,703,45,-52,-278,278,885,370,-365,-852,-793,-477,245,-222,-178,-283,-529,-930,190,-149,-869,-48,433,-66,138,-184,-534,-451,950,-230,-124,-9,-791,252,793,30,-189,-1800,-1311,148,-1441,-1168,-229,-1315,-367,-1092,-1861,-894,-531,-1004,364,-473,-2031,108,173,625,-714,25,191,-418,-744,-467,213,-388,76,241,-545,923,-1171,-723,-596,-678,1155,1183,1841,2138,1793,2448,851,3457,1198,2324,2934,1648,1965,2682,2611,1845,2375,2478,1963,2229,3073,2689,2052,2595,3215,1575,3442,1417,2832,2283,1398,2246,1983,2764,2668,1513,2518,1584,2327,2715
234,93.20000000000000284,-1135,554,-171,-726,-658,-496,430,-1083,-69,931,285,-1361,-338,-311,122,-1408,-1293,70,512,-354,-95,-834,-266,212,-596,-911,-887,-552,-757,585,-634,-105,-998,-433,-807,-662,-156,-1401,-979,540,-1037,-485,-1160,-942,-578,-363,-524,-756,217,-623,-998,-550,1082,241,-175,-253,-51,-427,366,255,64,-259,829,-1284,379,151,-515,-1012,363,-443,-649,-679,-158,-241,-489,219,-1379,-1426,-283,-85,-59,-496,-344,525,640,687,-438,1,100,881,1060,305,196,-282,661,144,1166,858,-29,105,-126,387,-973,-61,-951,-264,-647,-1331,-919,284,-879,-372,-606,-85,-765,-886,280,-809,467,220,-1112,-373,584,-377,-280,-628,205,-936,-266,-1253,-828,-507,-808,-970,-254,551,627,229,1478,2380,2466,796,1393,1970,1436,2749,1908,2120,1065,1105,3340,2663,1246,4877,2716,2378,1841,2239,1690,2320,2409,2015,2047,2487,2272,3302,948,2710,1186,1308,1707,2712,2515,3241,2663,2444,3070
235,93.60000000000000853,-96,-304,-436,-332,-642,-1531,-891,-863,49,416,-191,-598,-1095,-1402,1,-956,-1778,97,684,-1088,-458,-110,-559,-950,838,-890,-619,-637,-2036,-969,-480,-1587,89,-964,-319,-1239,-1130,-127,-908,-166,-1092,-1042,-841,-468,-1136,-773,-352,-772,760,-247,-616,-561,-264,-1320,-2063,-260,-495,-259,-632,-550,288,67,-1097,319,713,358,-386,-531,98,-1569,-165,390,516,141,-701,-885,-801,-708,-656,-817,-540,-316,-184,1,364,-384,-372,160,1530,-391,111,42,-107,337,-784,139,377,602,-34,-114,-553,673,-1534,535,-378,-1351,-961,374,395,47,-496,-1482,-661,-1297,-602,-764,-46,-884,10,327,1131,-773,1,-341,-425,-1058,-1051,586,-970,-339,218,1040,641,-1770,-730,833,993,993,1283,1333,2098,2699,648,1325,1869,1399,957,1354,3037,1186,1038,2354,2327,733,1404,2103,1231,1485,1090,2276,1837,1543,2738,1675,2593,2651,1676,667,1789,3190,1790,2739,2461,3025,2732,3036,2002
236,94,684,296,-1,-904,95,-495,206,17,-1378,-541,-1259,-297,227,-920,-462,-604,154,-1219,-997,-25,601,-691,-74,1113,-829,302,-796,474,-455,-185,299,386,538,-824,-126,-658,-402,-753,-134,-187,-332,8,-335,-715,-99,-990,-30,-589,-557,-222,393,-200,-782,-909,-1147,-545,30,331,431,-234,-552,-315,582,-208,412,-60,-1476,-408,-295,-696,-539,-1121,-878,-372,-820,-898,-1662,-985,-2308,108,-781,-106,-837,1007,504,-1003,490,-600,-104,486,135,-393,1075,-466,-133,-590,449,630,219,-147,-571,-805,-337,-495,-1607,-861,-1699,-310,-717,-430,-804,72,-1328,-1653,-1050,-282,696,-680,-121,1137,332,-627,-974,-1669,940,-1290,-169,-828,467,-886,-1339,767,-1334,-1065,302,-1015,-342,55,428,1459,1042,1605,1986,2190,2919,1943,1095,2559,1773,2013,2042,1648,1678,2513,2055,3034,1662,1376,2666,2978,2774,1806,2178,1704,1784,2569,2512,2029,2158,2255,2269,1280,2366,1056,529,2655,2390
237,94.40000000000000568,237,207,-446,532,-1040,163,417,-1185,-515,-423,-11,-15,-662,-1979,254,225,215,855,-795,-730,-722,-824,-1554,-846,-632,-989,-24,-507,632,55,-1073,-527,-2808,-137,-120,141,-1327,-627,-704,-209,-1415,-508,585,-969,-68,-666,-143,321,-339,623,-124,365,238,332,351,-129,-455,-287,277,-1087,-623,-404,-1219,764,-161,-429,-845,-157,13,-1105,-601,-1412,6,-523,-37,-360,-1166,-206,-1531,949,-462,-301,-1110,-559,-358,-1213,-273,720,-785,-681,-353,-536,-547,555,604,634,300,-492,0,-498,62,-213,-588,-251,-247,-363,-533,-1346,-654,-157,205,-185,-814,-736,-1028,-1260,805,947,145,-1520,-61,-1528,-893,-1393,-345,-1746,408,-416,-498,-625,86,-481,-774,-450,-531,-69,-596,-580,2791,1329,2312,1366,1815,-301,1034,1106,1117,1612,1682,1782,2457,2549,733,1360,2528,2231,2085,1337,2114,2659,1995,3043,1893,2600,2612,1572,1992,1747,2160,2312,2888,903,2300,1279,2539,2129,3046
238,94.80000000000001137,564,-224,593,-501,-1016,1249,94,1078,-82,-270,821,-573,-834,39,-1543,645,-631,-2995,-714,-193,-438,-1659,-933,-758,-501,-854,-116,-622,498,-667,375,779,-353,-1355,-1061,-1533,-1233,-313,-1231,245,807,-175,-152,103,75,-131,-219,-555,44,843,-198,9,-1592,-840,-539,-1389,-962,-675,-709,-140,-1332,-593,-230,-202,-234,418,-105,-356,269,-561,-458,397,-1066,-591,-394,156,156,-955,685,-181,-102,56,-51,-294,-739,-368,-1018,-67,-399,-786,115,623,99,-287,-342,650,216,329,-709,384,-956,96,-184,-830,-1486,-636,-306,-1407,-281,-1102,-327,-523,-1303,-457,-694,-239,-801,-1976,-514,-1058,-510,412,-951,-256,-1305,-672,-1733,-1179,-1077,-465,-837,-12,-1231,-506,-500,-1263,907,655,1275,2169,2620,1755,473,735,2127,1727,1489,1743,1587,2053,1919,2148,2970,915,2086,2970,1423,1802,1630,1601,2251,2657,2294,1936,2583,2126,1797,2033,2363,3504,2579,2084,1642,1792,2738,2610,2339
239,95.20000000000000284,-513,436,485,-575,-313,857,-332,-514,503,535,1137,-160,-192,61,-366,-118,-1728,417,341,-433,-173,-65,-811,1984,312,-216,373,-11,1907,949,-899,216,-345,-1377,33,521,-177,248,188,-319,-153,406,506,373,115,-190,800,-689,278,654,-1081,-541,88,-176,-816,-187,-10,-381,-145,-981,-11,-1071,-890,-562,462,277,-205,-565,376,312,-379,-851,-653,-322,989,-96,-45,-913,1281,964,-102,-532,-463,-1926,297,-328,269,-354,1314,286,-765,200,-2415,-51,336,1028,510,1152,437,-36,-636,-737,60,242,-1044,173,-998,-810,-1172,-506,245,-86,-693,-915,-1486,-1163,-174,319,-875,983,-431,-1445,-211,-732,-1021,528,-1930,-455,-1053,-371,-923,-649,-1275,-324,-634,-554,1435,984,927,894,2701,1345,2062,1212,1250,1721,2237,1853,2889,1307,1942,3156,2015,1493,3165,2451,1683,2389,1988,2709,3091,2799,1734,1278,1764,1228,1685,1668,1678,1163,2071,2692,2306,1896,1417,2270,2056
240,95.60000000000000853,-164,-298,-415,238,-502,-179,824,-216,-598,360,-1106,-108,863,304,1309,-79,-1256,-524,-533,437,-351,-521,235,-360,-453,198,-1037,-299,1036,642,-123,182,-1016,-314,-462,-66,-287,647,-228,128,-285,-318,323,289,-1798,-332,827,22,-435,1017,207,-644,-1024,-332,-84,-191,-408,-175,-18,427,-704,-12,-523,-521,-684,396,-299,-687,-215,-410,427,1691,-986,50,-398,8,-1358,1061,-359,-389,-216,-449,-800,-1443,288,324,-1032,40,178,-285,-488,795,240,-60,123,293,668,1041,606,836,-446,-340,-644,197,-202,-1005,-603,-1512,-530,-1400,451,-523,-813,-783,-732,-872,-2428,-232,-1320,-180,421,-347,263,-686,-1292,-865,-48,-422,-520,-446,329,-1143,-665,224,-974,1283,161,1106,1325,1632,1016,2117,1487,2384,1585,2314,714,2584,3084,1564,1585,2203,2122,2475,2629,2018,2941,1917,2040,1515,2049,2164,2358,2151,1865,2895,2307,3583,1933,2448,2670,1753,1493,2173,1229,2645,2921
241,96,-77,253,380,611,184,90,11,543,941,-85,337,-1,1182,-810,1741,145,51,-750,-1049,896,-52,-393,-334,534,245,-1249,333,-108,-37,-82,619,338,-278,-23,-67,-440,-145,-388,-46,-279,893,73,-178,-379,-739,456,-211,617,-410,313,-144,-8,396,-112,415,-872,-639,-813,619,-427,-852,-562,1335,-412,-1453,-436,-213,-573,80,731,-170,80,-421,-233,-762,-378,7,-45,-498,-810,-1444,-559,610,1088,343,-1380,595,-588,351,-204,217,1145,39,1065,40,-270,-157,321,133,-343,772,-301,-1060,-1995,787,-1534,-1228,-1204,-1047,-305,-1373,-984,-1015,-493,-1495,-681,894,-123,228,-734,-959,-1954,-809,1475,-318,-158,-1323,-1698,-495,-773,-847,-436,-376,-652,-609,-243,205,198,1426,-157,1656,864,1631,1336,1826,1450,2009,595,1705,1136,2111,1706,3027,2567,2622,2639,2799,1302,2337,2362,2877,2075,2897,2274,1790,1992,2162,2401,1581,1384,2238,1986,2043,2054,556,2386,2081
242,96.40000000000000568,971,645,-883,1144,-426,-357,-492,-985,-132,197,-673,391,-142,66,-1134,-281,-368,-317,584,-246,-288,-363,-1256,492,-1011,-725,294,345,-155,-657,-1,701,-284,-881,-1102,1432,100,-730,426,303,442,-41,-385,417,109,589,352,-529,-384,168,518,1075,111,143,-161,151,-1363,-296,-928,-708,579,-139,-488,-242,-671,-629,300,152,-319,-957,69,-403,-502,-28,-447,-1214,-1324,-605,-154,-418,334,-29,-335,-894,624,88,-1144,-188,-137,46,-624,584,-392,297,359,-889,1641,1235,601,-544,-916,944,-725,73,-470,-1486,-895,-1384,-1293,-96,-1238,-1537,-187,17,-460,-1107,-1014,637,-848,72,-411,-5,-977,155,-307,158,-655,-740,179,137,206,-757,-24,-524,695,186,-343,695,1187,1478,1566,2320,2128,1878,1254,1955,3184,2236,1352,1918,1886,2434,2466,1975,548,2499,2313,2404,2004,2529,2693,844,2858,1529,2712,1467,1171,2366,1684,2780,1946,1776,2297,2652,2055,1792,1922
243,96.80000000000001137,236,-12,-1382,178,714,440,467,63,148,1129,675,361,-166,-639,-71,562,713,-1040,308,-454,-771,497,415,529,474,235,-490,-134,1190,-986,-525,323,663,-268,-127,-132,-137,-534,-187,16,-1053,478,44,-194,-330,-26,815,141,-108,-314,-210,-270,725,-232,-158,248,-642,248,-905,459,22,-294,-601,-1004,95,1440,106,-79,264,17,-287,555,-967,-720,23,-228,-890,530,-369,-743,-270,-312,211,-667,-274,198,32,-339,-96,681,331,-707,-19,-364,987,-200,-306,-619,-399,-463,561,-842,-221,-928,-235,-789,-958,-126,-893,-2090,-265,-162,-1009,-837,-1110,-997,-1412,-737,467,-176,898,-460,123,458,-1096,-1383,-1098,160,-653,-349,-942,593,-183,629,-1420,1176,-1391,955,1108,1934,915,1950,341,1166,2965,2139,2466,2139,2925,2531,2434,2948,2250,3301,1216,2794,1617,1780,1460,1885,2567,2460,2078,2651,2622,1078,1772,3554,2193,2222,2396,2948,3025,2123,2973,2129,2003
244,97.20000000000000284,-777,777,833,278,-546,-190,663,583,-304,246,431,322,199,58,819,395,-158,350,-5,134,753,428,108,-295,-299,761,1129,48,203,802,-332,746,-152,983,-26,252,639,-135,-50,-259,316,-176,-217,10,-28,662,919,-81,297,-268,50,665,171,647,68,-77,686,411,-482,178,1231,-332,50,-1160,115,32,1448,607,77,-58,-901,-559,-174,-1089,-398,-94,-467,-527,-164,-489,-187,-479,124,524,-986,566,-708,812,-621,660,-253,-188,60,-154,-181,-656,953,1094,332,-1030,287,-91,619,-1586,-268,-1624,-155,-1002,-1748,-240,168,35,-1771,-1112,-877,-1289,-479,566,327,503,-966,664,-501,-361,-904,-1138,-1243,-56,-160,-369,-266,46,-268,-197,-909,350,-1033,1289,996,913,1200,2180,955,1367,1965,1123,1128,2816,1961,3524,2505,1608,3038,1692,1489,2501,1545,3051,1001,2089,721,807,2332,1982,1779,2164,1463,1938,2058,952,1340,2708,2980,2319,2053,2123,2722
245,97.60000000000000853,-11,104,1264,-382,-406,721,-119,-57,573,917,427,-1138,9,-73,787,-102,-544,484,-335,-519,-651,95,399,-939,36,254,160,-498,-1543,424,800,156,771,-647,354,73,-324,446,-177,-340,-18,246,20,-349,-383,-434,-371,-734,368,68,-416,382,544,-108,-76,470,573,-142,-167,662,119,-126,-297,42,-348,-24,-53,715,-578,-324,991,-185,481,221,1057,-16,-622,300,-404,-57,1111,353,-627,1142,-493,-1507,1123,195,-404,1030,-541,-66,839,-258,-1021,698,-167,406,317,-427,483,-1286,-863,-172,-448,-753,-1466,3,-682,-749,-858,333,345,-1780,-190,-3556,-563,1028,-1012,-357,825,1047,-80,-770,-245,-1091,-346,-1532,-583,-557,-485,-875,195,-980,-766,-650,2212,488,881,538,1510,1355,2112,1702,1641,1511,1312,1871,1464,2289,2056,2873,2293,1823,2111,1446,2829,2196,1931,2064,2461,2500,1613,2035,300,2063,2649,992,2017,1071,2439,2323,2960,1681,1989,1957,1783
246,98,267,-229,624,-80,-661,-459,-654,-705,116,-55,357,397,768,-465,-917,-853,491,457,631,-40,811,-122,-139,634,-773,580,812,221,-451,240,558,-407,-604,117,-1124,-750,-268,68,865,-262,-428,-826,-600,357,-219,-247,-91,-81,1041,-412,1351,600,685,711,-190,338,588,-339,812,-351,-879,430,104,-679,-608,822,-1015,401,-1258,113,307,-190,-468,574,273,1442,-722,1552,-101,-18,-52,202,356,-457,-410,-1368,129,-608,82,651,1145,537,424,566,233,-135,1466,1014,318,338,-599,762,-641,749,-543,353,-1218,82,-257,-1574,242,-250,-858,-311,-607,-1148,-826,378,-397,1836,-176,-365,15,628,241,-993,-172,-1128,66,-1240,375,-29,408,-496,-501,1576,2137,780,1289,1045,1214,1552,2643,1601,1451,1350,1240,2503,972,3929,2769,2444,2547,2547,2450,1584,2864,2876,2723,627,1185,1872,2031,2632,2482,1561,2403,3191,2264,3179,3057,1650,1317,1813,2586,2600,2436
247,98.40000000000000568,251,-415,182,205,468,67,-781,732,53,256,64,126,438,124,-1192,756,-387,-460,531,918,-1017,-764,236,843,-190,1281,-1056,-1048,-774,-276,-408,-347,276,402,438,400,1313,691,-220,-154,-84,1222,428,1000,1737,-344,169,512,142,617,501,643,-1101,-514,-98,352,1047,-132,424,-192,157,578,-770,58,191,-109,-458,328,-1066,-379,291,234,421,767,1004,534,-432,-619,-430,-48,-158,-754,-236,-434,741,580,552,163,122,-753,210,423,21,727,267,-377,482,964,480,-343,-45,-549,-178,-1410,-978,-1450,-743,-14,-83,-212,-744,-494,-525,-765,-1219,374,-1326,-1221,387,-927,-147,121,5,666,-904,-1025,-467,-920,-223,-2257,-1168,867,-68,-644,915,-276,-1585,910,1161,1822,1594,933,1506,2194,972,1265,1458,1385,1429,1992,1389,2325,2051,1580,1668,2728,2759,3143,3744,2010,2185,1072,3306,1939,2391,2692,954,2667,250,1752,2138,2433,1347,2278,1433,1275,2492
248,98.80000000000001137,230,475,-111,-350,290,227,-433,-78,1103,-655,819,1034,-912,-416,-578,-949,-2208,-59,-105,-672,596,-250,248,-10,-36,-745,38,88,-78,-61,-644,-222,403,-781,249,509,-714,-177,-227,-191,-4,423,-298,155,581,372,-558,-161,633,-364,405,-365,-682,1216,-620,252,238,-430,-725,-247,-742,1862,54,209,22,-452,21,-169,590,-351,1323,-835,520,151,711,418,-648,470,-401,327,-342,479,-454,1193,-1925,-641,-633,-272,18,951,1316,-817,36,700,931,-938,1037,103,223,-158,-314,303,-203,-201,-950,-478,-2108,-592,-451,-186,-1307,-1917,-310,-1823,-864,-660,-49,-258,569,665,-59,-766,42,-445,174,-1232,-91,-809,-1441,-1697,100,607,-1209,-1821,-1030,-109,-1475,1145,1861,1615,1626,1418,2016,582,1474,2131,1563,3138,2082,1254,1090,1304,2129,1997,942,2689,1220,1284,1768,2073,2000,1922,1794,2904,1447,2737,1952,2041,1026,3448,1686,1336,1139,1484,2088,2252,2417
249,99.20000000000000284,711,359,-301,407,391,-1382,418,586,-145,-241,-420,-94,398,-608,-703,-387,26,-710,-123,-1185,-39,-619,-649,202,1438,214,477,-861,-562,30,-427,-455,-392,-413,-369,-470,428,-15,252,253,-1464,249,-322,359,-807,-443,232,-303,-545,92,528,408,-553,-561,1004,-83,-647,120,-2006,-557,885,-764,1159,135,96,-723,-2068,439,698,-894,-95,185,-510,66,-258,-61,1012,-250,883,718,-45,-451,-621,-339,738,-249,-794,481,108,643,52,39,324,-93,1183,363,-36,59,447,276,74,695,-711,-104,50,-1244,99,-664,-666,-536,-563,532,-1404,-226,-1624,338,364,-1069,-90,407,-80,-141,20,-10,-1820,82,-490,-441,-784,-1234,-997,-809,-547,-542,9,347,1100,972,803,1343,549,2060,1143,1384,2148,2673,1977,2534,1444,1627,2739,2188,2570,-70,3039,1809,1986,1925,1703,2794,2528,2223,1761,1193,2279,2116,2385,3008,1842,1538,2070,2647,3069,2933,1916,1181,2831
250,99.60000000000000853,-1165,417,-83,-656,955,-112,70,419,956,216,1030,-662,-118,-495,-602,-918,-215,414,-593,228,-70,-639,-1325,-757,-784,-83,-526,-1178,561,-1110,-457,-1397,-58,-404,380,1149,-813,528,-1003,175,432,-217,-11,263,-566,-538,-301,-791,1098,941,-208,-67,-235,-133,-428,224,50,-203,-919,-530,322,-529,-463,-232,-601,-297,-428,-426,-123,-160,248,568,-285,-183,-1534,561,760,17,-896,867,968,3,-505,296,172,-585,253,-852,-506,312,-1082,197,49,381,-1159,676,213,460,444,288,1272,-1497,-231,-286,-1071,299,-1513,-322,-788,-1145,-1411,777,-655,-877,-1363,-3359,-2705,-1935,-313,936,-1446,-904,-631,-6,35,-1097,-955,-132,-487,-652,26,-1744,-287,-934,1353,-73,749,-346,658,2232,1725,354,1170,460,2071,2375,724,1110,2398,2218,2053,2763,1719,1479,1672,2782,2663,1219,2071,1785,2114,673,1124,2462,2296,2749,2629,2086,2247,1699,1607,935,2142,3286,1806,1882,1386
251,100,227,-762,-176,-408,-796,173,311,1041,-432,-188,-6,-718,-751,153,-874,-1380,-1738,-421,-141,-406,-26,-1323,-71,53,-271,-285,-617,-657,555,156,333,-221,-1559,-340,-227,-1102,22,-526,79,-974,111,-269,-69,-883,-24,310,735,-708,-1124,-818,-1515,-346,-480,161,793,-685,-1224,-1394,-593,366,30,-1083,-646,553,0,-326,-480,796,638,-531,-1113,516,-192,-749,336,-370,-546,-291,-88,-1088,1040,271,255,1306,-112,-233,130,301,-106,543,-248,270,-134,660,140,823,172,827,113,-510,-828,-285,157,-388,-585,-1454,-1381,-376,-871,142,-203,342,-1087,-535,-237,-1234,-542,-1242,-1306,-858,-280,20,279,-975,204,673,224,-1476,-986,-764,-1433,-225,-2495,151,371,-377,-42,-745,971,1089,1243,1275,1918,2381,1446,1252,2241,3060,1772,2465,1853,2000,2510,2458,3146,2210,2010,2862,2539,2097,1956,3333,2301,1556,2614,2335,2874,2984,2549,1913,3158,2057,2169,2941,1785,2080,1821
252,100.4000000000000057,-366,-1444,-1272,-240,-543,-417,17,-510,601,370,-211,929,87,-593,-1924,-916,-1976,-233,-852,61,-991,-820,-826,376,-38,-426,-613,-832,-1186,-166,821,-733,131,-337,294,-1928,-345,-1257,-218,-481,-814,8,-265,-86,-329,-564,-33,-147,-956,158,-167,-123,401,463,-1353,-1053,-483,449,-406,-1117,225,926,-753,-1119,257,354,-693,-671,-1371,-985,-357,-303,328,-393,569,-901,532,-972,-783,570,-290,-734,-1388,-608,-761,-58,-712,-111,553,319,42,1225,267,739,274,-48,295,507,15,388,-479,-974,-678,-428,-216,-196,-1071,-470,-785,-1062,-1390,-658,-1118,-1874,624,-2035,-617,-11,-94,512,-314,-506,-574,-960,-1428,-639,-1750,-870,-441,-634,-1275,-945,-1009,-109,-126,365,-1967,512,2026,1401,1689,1247,2682,1393,1832,1810,2018,2741,1437,1998,2503,3069,2649,2444,2414,1151,2567,1067,1116,1763,1658,2182,2293,1181,1855,2656,3171,1454,2624,589,2241,2776,1500,1893,2123,2296,2888
253,100.8000000000000114,-1160,-542,-1393,-663,-336,-398,-578,-420,-1218,1826,-362,312,183,-68,-500,82,216,-1236,-335,-1044,-300,-906,-25,-162,-433,92,151,-420,163,-546,-1525,543,-71,-430,-438,-156,-1717,-180,-767,-1728,-815,-401,160,-910,-48,-908,-1291,-1207,-154,-1134,-207,-897,-933,-441,-1808,21,-772,135,-440,-620,-506,-798,-552,-1258,-492,333,-1522,-857,126,58,-494,-107,-33,-1370,10,-399,-2077,1109,-1072,-263,792,-864,-166,-54,67,-508,-914,-182,-681,514,879,-196,40,-272,223,411,55,381,-105,-260,-698,-897,-146,-761,-1183,-253,-118,-951,-527,-417,-111,-331,-793,-709,-1665,-2503,-1766,-305,307,610,-331,118,-1070,491,-809,-602,-635,6,-1197,-1149,1877,-329,152,-136,-1048,708,184,918,1662,1145,925,1772,1751,858,1292,602,2463,1284,2136,1394,1652,2281,2330,1597,884,2147,1614,1328,1953,1554,2412,1994,2468,1938,2910,1911,2905,2521,2877,3014,2787,3648,1457,2182,2766,2081,2402
254,101.2000000000000028,-146,-284,-451,409,-1003,-586,-831,241,740,-571,123,-1428,-553,-481,91,-763,-258,-30,-406,-400,-246,-298,-198,-736,219,103,-264,272,-1117,-572,-17,-456,-450,-1746,-720,-381,-269,-128,-205,-1065,-729,287,-734,-971,-1223,-243,-65,-376,303,230,-224,-620,-355,-18,278,-257,-682,-1495,-68,-760,349,-331,-878,-491,-526,889,-917,-22,554,109,-268,-879,370,-30,766,-81,516,-914,370,248,-1332,-698,324,186,-218,-349,621,-5,-277,-1546,229,132,513,88,218,704,165,-425,-418,181,-1127,-1198,-443,468,-1171,-675,-597,-880,-1132,-488,-131,-687,-1922,-1164,-2145,-1834,-1694,-1264,-427,-311,-257,-16,-1161,218,-254,-1364,-193,-380,-153,-490,1658,-929,-846,1082,-837,-94,1261,-118,398,2410,1095,1047,2166,707,2209,1574,1324,1839,2945,2301,2332,3429,1882,2783,2521,1453,1880,794,3424,1629,2026,1766,1792,1913,2721,1718,2718,2637,2502,1957,2514,2787,2042,1554,828,846,2080
255,101.6000000000000085,150,-1147,-1335,-969,352,-964,-790,-1644,-310,-1111,-951,-450,-577,-1054,-633,-827,-122,-739,-39,-334,-1332,-1373,-700,-276,-576,-977,-536,-802,-691,-699,-371,809,-766,-1834,-741,-891,119,-668,-907,-812,-705,203,-279,26,186,-758,-1220,-857,-341,-762,-1393,-1568,-1361,-429,212,-1318,-475,855,-81,-125,245,-462,-344,-889,-689,-503,875,-802,537,117,-656,445,-576,-945,-774,-149,-83,316,-233,-437,1155,-52,-677,-554,576,614,-598,1123,-714,-705,-652,-93,1239,1225,594,864,758,45,291,47,-733,-231,5,-244,-416,-641,-113,-157,-614,-687,-22,-520,-499,-1729,-1297,-1690,-1990,-1786,448,110,-37,849,-1087,-423,-1498,-580,-1041,56,146,-959,107,-609,33,-1299,-823,798,786,1017,-449,1155,1674,900,1947,2744,545,1474,1629,2153,1070,1032,2359,577,2035,1347,1701,1765,2132,1215,4152,2841,1386,203,2339,1189,2399,1817,2058,2381,2340,1692,2133,1176,2136,2058,1545,2624,1843
256,102,-382,-328,-1986,-586,-201,200,497,-143,-896,312,-699,-1242,-1321,-310,-1435,-1035,-391,-213,-1390,-646,-1197,-1633,-449,-1186,-643,-1039,245,-1384,-1139,-378,-7,-17,-1050,1462,-735,-685,-1242,-734,-902,-1093,8,-348,-1057,-901,-1309,-194,-1081,353,-1419,-1470,-901,413,-954,-572,-486,151,523,-1375,-43,-683,-697,-482,-1191,-11,252,-524,205,-189,181,-1074,-623,-981,-458,706,-691,198,-43,-296,-108,-143,-467,-895,-170,588,-441,-3,-437,43,1165,-364,-392,493,759,1238,108,342,373,-651,263,760,-515,216,-1987,-1023,-470,-781,-944,-778,94,-1551,-1084,88,-1329,-1157,682,-816,-3019,-1472,-534,-51,-848,-140,-696,1014,-690,-113,370,-848,-99,-1011,-491,-624,97,-1935,-7,-1700,-845,1467,898,1787,1796,1560,1483,1746,1383,1185,1565,1731,715,2532,2108,2708,1716,2743,1524,1535,1404,2636,3515,814,2924,2028,2782,1725,2402,2107,2165,1970,2477,1882,875,1442,1796,2000,1174,2101,2458
257,102.4000000000000057,-1615,-613,-203,-589,-289,-480,182,743,-766,54,-839,-172,-1516,229,673,-115,288,-235,-1089,1022,-663,-160,-31,97,-1547,-718,-878,-199,-820,-198,-2132,-1014,17,-434,45,-1363,-607,-942,-850,-379,-816,-10,-357,-566,-202,-399,-177,-1125,505,-600,-706,-862,121,-842,-314,-76,-759,-533,34,-778,-964,405,180,-1009,441,-509,374,240,976,759,-567,-519,-402,-737,396,-387,-140,-625,-650,-589,-1008,354,957,-644,-404,639,-120,-443,-610,-6,864,-426,283,576,206,-152,-11,-641,761,242,751,-945,-666,-1095,-102,356,-783,-80,-1919,-800,-584,-588,-1581,-1068,-625,-51,-1249,-1612,-347,-871,-41,-904,-855,-24,-1870,-1190,531,-329,-912,-4,-1003,-919,1294,944,475,354,1780,673,1695,694,1178,1688,1060,482,1782,886,1948,2122,1933,1596,1642,1785,2161,291,1280,2029,1415,1436,3388,2451,2864,1748,1938,2032,1304,1768,1100,2005,1774,3143,2067,2840,1716,3061,1848,1503,3490
258,102.8000000000000114,-151,-881,-688,51,-1345,-621,-1318,-378,835,-1276,-11,900,-979,-635,752,-2487,-589,-309,97,-307,-1053,208,-804,-326,-1245,245,-308,-555,-119,-925,-1528,-1044,-887,-786,-1775,-1041,-1969,533,-1085,-279,-374,-241,-661,32,-483,-47,-296,0,401,-279,201,-266,-1373,536,-48,-909,-532,-423,-630,-647,285,-1386,-466,-69,-478,-352,-540,166,-832,-879,177,-407,-841,-570,-1201,-935,-558,-315,-210,267,-30,-614,-363,-406,-885,-1667,570,-395,591,209,247,536,610,249,-403,109,843,340,273,172,56,-1028,-143,-1790,-286,-1683,-850,-805,-358,-1193,-1184,-572,-1465,-631,-1198,-1148,-799,-813,-1798,-256,-208,720,-143,94,510,-2013,-1322,389,-470,-1351,-24,-928,647,-782,36,1046,-1754,552,359,1563,1712,2075,1655,1806,566,1364,2137,1120,1761,1193,2554,2388,2584,1143,2421,2075,2504,1998,1942,2039,1628,1680,2489,1065,2204,3807,2522,2527,1350,3215,2102,2589,1881,1834,2108,1349,1829
259,103.2000000000000028,-348,-464,-1279,-752,-510,-1202,-26,348,71,-1932,-1122,-192,-509,-1076,636,-1040,561,398,-829,-702,-1281,-579,-567,248,233,342,-698,-543,-108,-357,-360,-343,-401,488,-1514,-481,-1117,-1210,-528,-894,-253,-650,-814,-729,36,-1190,-224,249,-757,-195,-443,-513,-1569,856,-363,-189,-697,-631,-893,-145,-1393,-286,-786,296,-780,-132,-127,-450,-916,-365,-730,-459,-400,-1718,-482,142,6,-540,-176,836,-298,329,380,413,262,-156,-538,80,-326,36,-200,190,252,994,711,-613,156,319,204,-632,28,-934,-171,669,54,-265,-506,191,-422,-544,-1086,-593,-689,-1879,-1364,-1964,-2249,-1253,-760,-401,-1157,396,127,-1139,-695,-435,-120,-624,-855,-328,-582,71,206,-1078,-131,348,1804,1265,872,865,678,1436,2495,1451,935,1348,2029,2524,1214,2341,2297,2149,2888,1435,2138,2826,1697,2912,2089,1955,1958,1332,2656,2472,2110,3089,2021,1985,2259,2182,2434,2390,2408,2384,2174,2120,2502
260,103.6000000000000085,-791,-514,-274,-215,473,-1284,-1093,-276,-138,-35,-51,-410,-1151,-689,1005,-1169,-648,-93,373,-530,-524,-590,363,-1104,-654,152,-935,191,-1645,-406,-1436,-996,-59,-119,-1699,-477,-883,-95,-1361,-622,-256,112,-505,-749,-40,-140,-225,-1194,-455,-180,-272,-292,347,-833,-49,116,48,-166,503,-46,192,713,26,740,-13,15,-365,-915,43,-334,25,-571,-533,-689,-754,-901,601,-414,-500,-1128,-176,-839,509,-58,-98,-222,-139,164,-874,260,-809,-406,1059,-189,456,-256,94,-278,397,44,-459,-1459,-864,-1232,584,836,-160,-475,-607,-943,-992,-1735,-1072,-628,-516,-1207,-813,-1975,374,-1061,0,-116,-165,1260,-617,-679,-439,131,-205,-842,367,-336,661,-643,930,-24,205,916,2250,989,1070,1187,2094,1483,913,1510,1365,1180,1709,675,1491,750,3161,1973,2121,2596,426,1035,2539,2357,1533,2958,3001,2059,1869,2614,2326,1760,1322,2397,2245,2561,1739,1915,1950,3579,3078
261,104,-740,87,-125,-230,105,-753,-669,36,200,-472,-489,-480,-739,-916,-194,-270,-370,-664,-1162,223,-556,-149,-785,6,-255,-683,77,-532,1633,155,-1399,-183,-904,-1448,-1297,-605,-288,-953,55,57,-619,162,-1284,-962,-849,-846,-546,-676,-477,-328,176,-356,-543,-841,-392,-180,-436,-324,-701,485,77,-102,-34,-494,961,851,-172,-579,-541,-18,-229,-122,360,-283,-294,-878,-785,269,-239,-552,-1182,-497,212,424,318,-198,-437,-691,569,-423,-63,350,227,-141,329,850,-709,831,242,181,-334,-784,20,-1205,-148,-179,-915,-169,-1274,-3166,-1307,-1722,-1596,-1380,-103,-2946,-2682,-1732,-350,-820,-391,-122,-263,52,-894,116,-63,-196,-425,-328,313,-14,7,-637,553,-7,535,1441,944,-75,1624,941,1076,1879,1393,3191,1154,3157,1728,2369,2907,890,1299,2143,1379,2056,2482,2463,2667,1782,3451,1628,1734,1795,1423,2171,1670,1382,2580,2089,1231,2241,1714,3396,1238,2123,1524
262,104.4000000000000057,-64,-113,244,-229,1415,-573,-532,537,419,254,634,-1130,-1230,175,947,-262,-749,-337,520,-122,-372,-1224,-324,-830,-355,-165,-58,157,394,-749,137,-547,-1207,-327,-1082,934,561,44,-776,-200,-1138,-387,-38,-791,-239,-1459,-916,-407,-885,127,-913,265,-696,-383,-103,-121,-1560,-473,-664,120,-149,-850,-1045,-372,-42,-839,231,-498,-88,-113,-715,-714,-311,1275,-85,1,-981,-661,-704,-671,-692,-135,1102,-624,-42,-320,-2015,-614,279,340,-539,-56,218,620,121,787,-1269,301,795,528,-534,160,-596,-638,-77,-591,-1603,-877,-911,-1072,-322,430,-1490,-1045,-1282,-1676,-2587,-1311,-383,-811,-2,-547,-352,-123,526,-708,-303,6,-759,-414,-204,-315,-528,-2300,-978,264,146,1407,1127,846,1819,1155,2251,1747,2315,2743,1656,2323,1647,1563,2835,3013,2941,1990,1873,1424,2053,1874,1995,1393,2127,2696,1735,1735,1288,1408,1816,2121,3032,1240,1526,2467,2573,1566,1667,1399,1597
263,104.8000000000000114,410,-1064,575,-335,-238,303,-1091,-443,-717,154,-316,-170,709,-528,518,-1015,914,-1,1018,-756,-292,419,-891,-759,345,98,-1017,527,532,4,-543,-1114,-222,-798,-308,468,-718,-421,-112,-445,445,197,-864,-548,-367,-495,-718,551,279,276,-649,287,-574,251,56,-33,-427,113,179,-9,-594,-226,328,351,-256,-532,70,251,-734,-135,-926,-1,41,1284,-627,580,-1048,931,257,104,347,-336,633,191,7,455,-1118,-1324,42,505,-668,-935,192,552,-692,670,1610,4,608,-355,218,646,-333,-1726,-111,-906,-1184,-1159,-1674,455,154,-122,-783,-522,-1002,1127,-1208,-1686,-2150,8,-408,-389,-128,126,148,-159,-638,55,-593,-506,183,-1490,-139,-1199,-347,-217,-713,283,1162,455,1676,1703,1656,2525,1476,811,1212,2285,1948,2199,2765,2520,1526,1556,1597,1627,1840,1731,2014,2427,2530,2210,2055,2676,2349,2806,2061,3228,1869,2390,1194,2290,656,1291,3677,2665,2106
264,105.2000000000000028,-981,-257,173,-78,14,-215,983,492,-108,75,-262,-359,470,-276,-1290,-767,-43,88,-818,-266,-1079,-946,134,-465,-258,540,-1339,287,895,8,-942,456,-732,-1232,-340,-280,412,-623,-317,818,-907,457,122,-153,-658,-460,-289,-856,-215,41,-342,-611,-178,-693,59,-548,581,1390,-1095,574,391,3,478,-1065,-264,-98,-834,-171,-869,-852,-511,-608,-6,-1028,-536,-663,295,-830,-877,-415,-383,-1253,224,233,368,-768,-236,-751,540,476,-85,-70,-14,-395,-656,68,-177,1499,58,223,-291,-720,-251,-26,-166,-1197,-478,-1424,-776,-37,-349,-850,-728,-1972,-370,-1429,-725,-171,139,-1502,-506,-395,-476,-905,442,799,40,-527,-217,-230,85,-1543,-1009,-881,1382,82,1944,1862,1397,2487,3236,1759,-353,2074,1167,2396,1182,1977,3404,1849,1162,2159,1967,1812,1857,2411,2158,1504,1517,3139,3194,2226,899,2072,2292,1847,1793,2145,1339,729,2828,1236,2489,3052,2514,1966,3017
265,105.6000000000000085,473,79,-504,-569,-1358,347,-1777,169,-465,-468,174,-606,-626,206,-1224,-1001,20,547,367,-525,-257,-702,-198,513,-238,-811,-447,-241,-1768,-251,-909,-757,-1330,-134,-586,-849,-362,-652,-489,-1276,-61,79,765,-1069,-1261,1048,-341,-1036,-172,-412,-502,-47,-112,-221,-5,-1262,269,-1524,305,-840,794,-958,-870,679,-97,-547,1073,-1007,-564,-700,-544,-506,180,-37,0,284,30,594,-158,630,-289,630,404,-1070,-708,-106,-204,-402,228,178,-69,320,-31,665,-286,530,1014,226,-161,3,-483,-183,-457,380,-212,-1356,-141,-387,-1309,-534,-993,-639,-533,-464,803,-1629,-1133,-659,-1084,-650,-620,719,51,-559,-844,-485,1115,29,-952,-227,148,-60,-89,-502,-669,-63,-401,421,1386,1305,1733,1991,1305,1477,739,1300,965,970,1877,1540,1991,2326,1705,1600,1916,1347,1848,1795,1765,1022,2683,1545,1862,2095,2676,2529,2089,1690,2536,2262,1503,1944,2625,2864,1906,2143,2336
266,106,-1521,910,-540,77,-169,-662,-780,918,-229,425,-442,-170,-797,124,263,-136,-569,90,267,-909,-459,-841,437,-75,-547,-78,-199,-565,-572,-923,-971,-581,66,-247,-548,-287,-714,-20,473,207,108,-247,-628,44,-564,-183,161,-635,-397,415,-2,-765,220,-1087,-516,-205,146,127,-337,-797,-287,-1832,-496,165,-37,-299,-32,-172,-216,-941,-776,-649,-431,142,254,-392,-981,-960,-1307,223,304,-1108,-11,1371,-161,-316,235,216,-439,617,315,-8,222,263,-238,793,1140,324,406,551,468,-1512,648,-1362,-895,-957,546,-392,-421,-440,-1266,-1072,-1144,-1019,-354,-2764,-2422,-2017,-1546,-1058,-839,-1095,-304,-272,-589,-844,185,-1027,-247,-288,326,289,-39,-24,-1128,-515,-672,2723,1701,380,1331,1925,2011,1873,1596,1687,1833,1501,1345,1691,2975,2525,3351,1108,2879,1691,1947,3270,1395,1625,1372,1366,2273,1823,986,2318,2292,2997,1437,1294,1729,1556,2512,2408,894,1689,2565
267,106.4000000000000057,-845,-698,358,-268,-1372,-752,-827,-565,-828,-347,-245,-273,301,385,-1091,-878,55,-205,913,238,-477,-37,-169,-1020,-182,-1227,151,-856,-325,338,194,323,8,192,831,-550,268,-541,77,127,-1468,-955,-929,89,444,69,-732,-291,-653,-2129,-1092,-659,-759,-1181,-168,-1375,-246,-284,-181,288,103,-313,-1301,-407,-300,-1008,406,264,76,-47,-1050,-473,-193,221,-361,-477,-1048,-614,130,-520,-733,-1277,-214,-176,-1515,-968,-643,286,750,-395,566,366,-939,974,-143,606,174,668,334,-386,-855,1266,-169,-1124,-1410,-52,-1932,-1416,-923,-348,201,121,-1240,-744,-1182,-2565,-3423,-2050,-1904,-119,-834,1278,-660,174,258,-1852,311,-682,-683,-861,-164,-1739,12,-45,-28,-175,490,-10,693,910,2465,1891,2184,2470,1905,1743,1680,3224,2324,1906,1944,1991,198,2583,2852,1743,2355,1849,1463,2005,2219,2624,2932,1661,1765,944,1564,1135,1759,948,2113,2204,2672,2000,405,1186,2030
268,106.8000000000000114,82,-787,-229,-1713,-310,-61,-73,977,503,-229,-569,-1155,55,-618,-1453,-950,621,-337,-243,-521,-488,-421,-792,-869,-332,-1114,-698,-557,-856,-1088,-1062,-1435,-416,-804,-192,564,-201,117,-403,616,-29,378,530,716,-256,777,139,-519,-465,-121,-836,-54,-601,-2231,-539,308,-1214,-318,-550,442,-283,-603,-272,-46,224,353,-68,-838,-901,-1287,104,-1003,-422,-836,473,-319,-612,-31,526,116,186,-839,1011,611,-531,137,-1098,-261,243,522,-640,-636,679,195,1579,-228,-217,318,509,47,482,-1241,-542,388,-380,-1678,154,-1027,-867,-1412,-881,-1295,-654,-790,-948,-1500,-2436,-1196,-1995,11,-153,-950,-480,174,-398,-1292,357,-722,-899,-187,-839,-607,-326,-547,-1441,-58,-1560,744,616,1868,1767,1712,2212,1517,2012,1482,1055,3867,2460,1234,2096,2353,1641,795,1416,2292,1096,1814,2048,2049,2096,1702,2286,1078,1486,1985,1348,1856,2325,2350,1957,1488,2128,2808,1472,1615,2025
269,107.2000000000000028,443,525,-2101,-642,-324,-243,457,-38,-170,-501,-128,-290,108,-491,-97,-848,-213,-348,-252,-384,284,-1669,164,561,-472,-1019,-570,-1520,58,-298,-1025,-1003,-965,-381,-306,-587,788,-543,-304,271,-518,-5,114,459,-1144,415,-969,954,-171,667,47,-522,-2422,-1173,470,-17,348,165,-1143,-1615,-682,-404,-375,-425,-449,-401,-1923,-134,-98,27,-581,-743,-244,-485,-1232,442,79,-699,-419,0,-164,-1443,-738,142,647,-1226,1427,-1029,381,-43,72,761,-127,-448,2,1497,-471,-250,280,40,-377,-906,-591,-867,-306,-532,-1382,-1162,-853,-1714,-1323,-830,-1453,-1247,-1751,-2128,-1440,-1117,-693,-545,-642,-653,-326,598,-728,-840,383,-581,252,-430,-79,-710,743,-1389,-665,-454,-420,153,286,1042,919,-16,1220,1076,2301,2244,1860,121,398,1829,1289,2108,1816,2322,2218,1647,2525,2095,1722,692,1507,1065,1506,1168,1245,3172,1328,1308,1067,1514,2245,2589,2935,1509,2315,2312,2610
270,107.6000000000000085,-920,-254,-160,-144,373,-652,568,-176,-223,-82,-644,-415,-173,-315,44,-145,46,-333,1,-207,95,-446,208,-283,407,-190,170,-730,330,163,-1287,-945,615,-303,-388,-73,7,-287,131,313,-332,-114,551,-834,85,-1115,-945,-893,348,-502,384,-300,184,-161,-795,-75,764,137,-544,-572,-1097,-1383,195,291,-442,-955,-728,-449,-263,184,-329,-22,-326,-558,410,153,-1610,-83,-452,-182,-180,-703,-1224,-850,-421,320,-393,-1281,136,-1214,119,-875,32,725,1766,51,377,-38,335,122,313,-386,915,-1316,260,-375,-1692,-24,-1230,-135,-1037,-329,-569,-1507,-374,-2184,-2053,-4661,659,-527,-525,-1394,293,-432,-15,-173,-276,-1383,-1027,-343,-426,-89,-781,-2696,319,1498,459,75,956,1152,1076,1756,1812,620,1950,1964,2894,1366,2617,1073,2170,2499,2269,877,1317,1853,1637,3895,1436,1806,1821,1875,3560,2083,1983,1540,2579,1277,1669,1149,1476,2178,2124,1701,909,2788,599
271,108,-1344,-196,-1318,28,20,-238,780,-84,-8,-481,-1098,-297,533,-705,-1422,-784,-240,6,1004,-109,-727,-115,-62,-131,-67,-21,253,124,561,591,-347,419,998,-705,-455,-300,956,414,213,843,322,-1026,54,-499,-309,-623,139,-411,-1557,108,50,-34,-1033,474,-946,-119,-915,-852,-1165,-800,-940,-590,1129,306,-862,-734,782,-310,281,-125,772,277,64,505,-378,-250,-712,-265,-921,-567,-670,808,229,-1464,-46,-822,-251,-26,-754,-59,-164,198,659,-27,643,-1349,-82,230,-30,-583,-1276,59,-780,82,-1318,-783,-200,-1249,34,-693,-433,-500,-1049,-832,-905,-3981,-1516,-2218,1366,-826,-774,-136,-374,-93,-703,53,-559,-1583,-581,-1108,-1038,-75,-315,-100,-921,-911,-580,-68,1249,1304,1562,1027,1055,1136,1103,1869,1779,2928,1134,1314,1828,2448,1367,1109,683,1844,647,928,1707,2214,2359,903,1435,2160,2067,2275,2299,1779,974,2617,1001,1699,1199,1945,1474,2545,2058
272,108.4000000000000057,627,26,80,-675,25,-207,-706,-219,343,310,-562,-881,-652,-1356,487,298,288,-592,-3,-33,0,387,128,640,-1306,540,-222,-626,202,-1597,-1503,99,708,142,-174,-787,-1538,-84,-445,-550,1415,-7,-181,32,-234,1363,-955,-42,-648,-181,-859,-839,-1412,-704,-386,-293,-387,1318,153,-358,1108,-887,-205,252,415,20,-260,-182,957,-1541,-475,-1035,-572,-1162,-14,-42,344,-835,-190,-220,81,-76,48,-196,-1137,-154,202,381,-332,-1139,-475,-232,-176,-381,442,-335,154,-957,348,-187,-719,209,-429,-618,-244,-375,-332,148,-528,-972,-755,-2086,-998,-1317,-933,-2080,-2063,-1409,259,-406,-1091,1180,-1636,-1912,-322,-140,-904,-726,-59,-1189,-973,-1649,-1158,-921,-653,-1532,438,408,906,2347,2128,194,1928,21,2122,2004,1724,1131,2556,577,2012,1861,1417,2126,1907,504,2278,1993,1886,1269,1574,2098,-630,2844,569,3193,2006,3501,2244,1584,2335,1744,2408,1691,2516,1369,2008
273,108.8000000000000114,-1324,-1089,-714,285,-1024,-951,18,-309,299,905,125,-70,-1276,66,275,-1065,-599,-569,-938,-346,97,493,-402,-1050,-153,-68,-58,641,-922,-2028,-110,-433,-843,184,-855,236,-225,188,-920,-138,-489,-133,146,-647,563,-456,469,-57,-440,-938,-155,169,143,-377,-218,-200,-490,293,322,-22,-699,121,-1090,297,-561,-28,-647,-307,-1246,-388,-451,-848,-294,-512,-936,-307,994,-524,-489,-372,-235,362,-1347,1423,-712,-1143,-1366,34,-656,-343,-751,-34,-170,-219,-219,759,954,515,-501,6,529,-238,244,-229,-475,-61,-228,460,-1840,-1712,-584,260,-809,-2009,-532,-2549,-2844,-3317,-737,-812,-1348,-451,252,-648,-195,-733,375,180,-878,182,-1047,-811,-772,-389,-928,-1101,872,1226,1855,613,873,1579,2474,1806,914,1196,1197,2084,1985,2649,107,976,2124,904,2402,1718,1998,1888,2857,2652,2040,2139,1153,2098,1684,2239,1660,1957,3029,1418,882,2018,2034,1115,1624,1104,1764
274,109.2000000000000028,-24,-849,131,1030,-865,336,42,-913,927,1231,-1046,-527,-895,-50,528,-1364,198,-559,-1478,-682,-164,-480,-715,122,17,82,-924,-292,273,953,-64,-984,-236,-832,554,-438,46,-1315,-940,-752,-1005,60,-363,260,53,-837,879,-296,82,-1922,-1605,-742,-1267,-580,1108,-171,-460,61,-38,-484,392,-6,-217,-235,-580,-196,-908,-424,708,-33,-154,-105,295,-622,591,157,-579,-625,667,-596,-657,-1033,-912,43,154,295,-134,-1097,775,655,1068,21,256,-578,549,-1067,17,110,-483,-1103,322,-1359,-1294,657,-936,-104,-1237,100,-1984,-1441,-1308,-2387,-2001,-1216,-1334,-2320,-2060,-1285,494,23,-1071,-649,-350,-706,1568,406,44,-377,-691,-92,-677,-738,-162,-776,-826,-43,-319,732,1245,1089,839,1102,1396,1474,1796,3150,2571,2793,1230,2384,2444,2568,1466,2442,1956,1645,3033,825,2580,2002,3294,1733,1653,1094,2259,1269,1167,1300,2098,1289,2092,882,2349,1673,1534,1165,1539
275,109.6000000000000085,-574,-51,212,-469,82,-113,-748,517,713,-1036,176,-311,-323,-1544,-419,-215,-545,-598,167,129,-101,773,66,-1168,-108,168,526,117,-997,-1318,-332,-30,213,119,417,308,-83,-533,544,414,207,274,-116,353,-244,-779,-319,1036,-229,-1004,-990,-157,-327,247,-2442,-903,616,-1189,478,-782,-1019,254,648,-257,57,-294,-440,343,-477,-152,-672,-497,-667,456,1198,-296,-1362,-36,157,-331,-188,495,-541,-12,120,635,-1647,-216,-500,-37,587,28,436,-108,-860,122,60,-15,66,-1172,-310,-608,-359,-731,-1392,-576,-1210,-868,-1172,-438,-1199,-1444,-1073,-853,-458,-2146,-1910,-1152,-714,-791,-561,-390,-334,-979,988,296,-44,842,-275,-579,-229,-1471,-71,-227,1427,1287,719,515,2019,919,959,608,1167,979,842,2918,1240,1609,1754,1602,2350,2036,1830,1757,2985,1116,2176,3090,2265,1021,1030,1583,1507,1785,2363,1580,2096,1904,550,1764,1221,1501,1933,1542,2486,1559,2325
276,110,-705,-574,513,195,860,-209,63,275,341,37,-2185,-1749,-759,29,-335,394,-169,162,-299,-151,-902,-1381,1421,50,1345,-946,-701,-643,-165,-1700,-394,703,-770,-761,-659,490,-942,-982,-70,-1061,1144,-744,-607,1058,-460,640,-62,-1032,-33,434,-336,-660,-326,-287,-549,-33,-514,-630,31,179,-748,339,-1053,235,410,-384,-126,-539,-882,247,-140,91,-174,-234,-2,-347,-1432,1103,-91,-694,-214,-923,549,-1023,-311,21,-663,507,-293,173,-202,89,251,-444,319,1184,337,-493,1008,279,-765,-366,-894,317,-1465,-130,-984,-107,-285,-21,-899,-66,-1072,-302,-1347,-1834,-1427,-2265,-436,-540,-334,-919,-154,-334,-198,-803,-1174,26,-859,-568,-588,-691,-1801,-1688,718,-705,-199,220,1443,1144,633,1121,1891,793,1718,1940,1533,1823,1534,608,2388,2677,1511,2782,425,1315,2286,2647,1566,2002,3197,1219,2705,1928,1929,1471,1166,1597,284,1468,1706,1970,2488,520,2713,1257,1267
277,110.4000000000000057,-643,52,252,-610,-762,-1452,872,-649,467,-1539,900,481,-577,-65,-1091,-548,-247,-1286,-101,696,-212,145,-699,32,996,241,-185,-705,-638,-1143,-1641,-600,-297,1221,-971,65,831,189,1160,-566,96,-521,-443,108,-327,-127,-616,461,-421,-1463,-965,-335,-311,37,-10,265,177,-199,565,153,-329,-977,-837,343,-105,-495,576,-646,1244,-107,-380,-720,-543,-584,385,-662,644,-401,-622,-285,727,222,-651,10,-251,549,-251,-74,-1072,-37,-1065,-67,290,654,-1225,-1156,-387,-26,353,-498,-182,265,45,-628,-2623,-611,652,1388,353,-508,-1085,-29,-704,-1937,-1337,-2227,-2999,-1849,-1082,518,-198,391,-613,-680,-789,-1129,-670,-23,-1683,-703,-667,-981,-733,289,-294,-436,-552,-211,1032,1501,1435,894,1261,1797,2502,1787,1138,1939,2211,1769,1811,1460,3136,1848,1827,2609,2558,1654,2833,2334,753,2081,2061,2511,1304,2320,2566,2305,1463,1700,1412,2467,1726,2175,1693,2801,1816
278,110.8000000000000114,-48,278,1535,-205,-411,-340,-996,-132,-10,-1428,1081,-997,515,-4,-1186,-30,-507,-880,-943,-591,10,364,-479,-259,528,844,-896,-657,322,717,-255,-46,-760,95,-140,299,-1133,-375,-1018,-743,1089,-255,-1200,-627,-422,-743,-219,100,32,369,-1440,-692,-273,7,63,-1439,446,-194,118,36,106,-1249,-685,-189,-361,-853,-354,-1142,168,451,-346,803,136,-916,-551,-146,-321,77,-346,-318,49,-245,-313,-313,-234,-162,186,335,288,-589,939,1458,484,92,-978,-24,-23,150,-125,-179,241,-1405,-247,466,-1134,-746,101,-1069,871,215,-1189,-650,-1129,-1426,-499,-1693,-1657,-2917,-2402,-701,-228,-83,-170,1021,180,-308,-237,17,-748,372,-953,-1377,-744,130,31,-903,-961,568,584,1926,1431,1801,1466,1640,1660,2494,89,379,878,3196,2002,3048,2366,2368,2242,3330,2100,1218,1704,1223,4112,2059,2192,2074,2830,1729,1975,2069,1965,1758,1609,2050,1639,2079,1723,1813,1572
279,111.2000000000000028,698,-402,-468,255,-1343,89,-2,343,414,1019,-1443,-623,-583,657,-799,-940,-86,-293,-852,-717,-322,-373,-274,-296,-448,-175,-102,582,657,-223,633,147,-110,-373,-120,-340,-108,-1578,-692,-566,472,-1116,-649,-394,451,490,-536,-130,211,-382,252,-837,832,-22,1984,96,550,-363,581,166,-1079,58,-541,-578,369,-1138,851,-450,-168,332,587,-537,-242,-856,-316,41,-625,-1450,-304,352,140,-619,404,-101,90,198,927,-228,830,-314,-456,-14,514,1521,633,1462,682,-627,334,43,674,-100,-371,-605,-398,-1058,-672,111,-506,-348,-1112,-372,-816,-721,1044,-1285,-2879,-1927,685,-1046,-738,-431,528,-751,-1882,193,-865,-164,-600,-1431,-733,-1219,133,154,-1320,353,614,868,70,1490,1669,993,647,1796,679,1877,2373,3164,1455,1983,1291,1817,2417,1895,1824,2310,1735,1593,1722,1507,1917,1755,2483,2827,1744,1090,2183,2425,3162,3595,1716,2109,2161,2938,2142,2185,2968
280,111.6000000000000085,-275,-714,-245,-925,-111,-1452,-1441,-30,351,-504,-507,733,-145,201,-1990,-1060,-1684,-107,-411,-451,-1079,-43,-83,87,106,-496,-633,728,-446,-445,-251,-1293,-287,-985,-1050,-1654,-96,-40,-861,-392,-1446,-956,-309,110,1134,-45,474,-1178,-424,-22,-510,837,872,-1318,-536,-424,655,-799,305,-1841,-1242,224,549,71,-178,555,669,-439,108,-439,-474,951,304,-567,147,-162,-1785,-730,447,-636,-310,-278,-432,683,-405,-1006,117,570,315,-421,378,4,658,-64,-321,-367,650,845,-3,398,-235,-598,-762,514,-2171,-897,-1077,-1964,-1699,-1009,-864,-503,-706,-1609,-2232,-517,-1705,-734,-1559,-754,-314,-975,-896,-685,1339,-2636,846,630,-204,222,347,-774,323,-963,204,-598,582,613,764,749,1246,1489,2086,2580,1176,2706,2258,1681,1598,1118,1660,827,1002,1175,2339,1467,1801,2957,2299,2427,2303,499,2420,1489,2851,1945,2533,752,1721,2073,3067,2561,561,2279,2037,1825,2569
281,112,-1145,-624,643,-150,-811,-8,-476,302,1037,371,-397,814,-615,-890,-57,-1004,-361,-502,-389,-210,179,293,-183,-291,-669,-948,-471,-861,-420,53,-955,754,-672,-867,-56,-429,-484,-314,-258,118,-435,125,-548,-353,-531,-427,608,302,-16,560,686,-316,-1179,-392,-90,-85,-355,500,7,-1266,577,-296,1265,-390,72,707,529,-1088,-63,349,-736,314,597,-119,-397,224,-1912,-574,-123,-254,-588,-651,1301,-1559,700,-176,-64,-50,717,197,-42,5,959,742,298,1791,-178,566,-646,424,-585,-357,-885,-17,-1494,-499,-717,-287,-754,-1478,-527,-2624,-544,108,-542,-1020,-1070,-1333,-158,-395,-645,-113,-525,-913,773,283,-432,-1223,-154,-505,-238,-539,-286,-167,-442,-50,-466,110,1355,1283,2276,1765,1801,2059,2878,1608,1686,3006,2588,1911,2017,1704,1874,1954,1681,2348,2136,2822,2265,1205,2369,1972,2048,2466,2427,2186,890,1513,1822,884,1883,3161,2876,1474,1941,1488,1514
282,112.4000000000000057,30,-619,-1056,-246,235,-220,760,-1039,-341,279,419,-452,47,-350,-489,-364,-684,-672,-749,-11,-172,-1045,-102,-301,-369,-876,-423,-1166,49,-981,1024,-743,-904,336,-1254,-1262,-1159,-966,-854,519,-112,-1688,321,-751,642,-334,-10,-152,-935,-98,-272,-582,-840,-145,-703,111,186,-1449,-733,-416,313,-608,-407,25,-448,-240,1194,-486,-371,147,-1050,-625,405,-1378,-619,29,1479,-1895,-37,-970,818,-853,-57,-67,-665,-567,-397,308,-524,-353,339,4,-207,980,567,-653,734,-1240,651,165,122,-1173,-213,577,-121,-655,-790,-752,-1199,-849,-858,-1109,-344,-1341,-1054,-2370,-391,-673,-1858,-531,-495,-360,874,747,-1230,-856,-557,-77,1519,-617,-74,-281,230,464,-482,558,71,442,1154,157,1951,1459,1288,177,1093,1544,1893,1303,1652,1252,1906,2449,1473,1792,2040,2865,2544,1522,2398,974,2672,2211,1423,1651,2180,1311,1762,1954,3444,857,2253,1736,467,2768,1724,1224,1537
283,112.8000000000000114,-37,-901,-886,475,384,1049,-589,1379,793,-631,-638,539,-117,-51,-716,116,493,196,-1677,-377,88,-512,-913,-382,-1547,-723,-399,39,-150,-91,-1238,-957,24,-452,188,433,-647,-879,-81,-529,0,769,-53,-181,43,-680,-1406,-908,-1182,-1093,-306,-247,-276,-947,-242,-870,-420,-988,-869,-1542,-1306,-733,-824,-540,-419,-430,-442,-1308,793,-712,-561,-1125,-549,-518,44,-658,-1650,-1251,15,-557,-222,215,-170,1387,961,-497,-842,-368,426,-778,213,442,-457,709,562,-644,534,-210,701,273,195,-496,179,-292,-644,-55,-1366,-2958,-766,-1559,-495,-428,-1105,-317,113,-1517,-843,-1078,-1151,-256,-531,-254,91,209,-1415,-1355,452,-383,-1673,-183,7,72,-104,211,-216,161,-565,661,396,1808,935,1148,2234,2300,1649,1273,1445,1869,1629,1830,2126,1966,2211,2333,622,3208,2036,1445,1113,2868,1865,1848,1694,2812,2002,1166,2342,1646,1817,2798,1875,1356,1292,980,1954,1388,721
284,113.2000000000000028,-504,-1327,-1732,-505,-164,155,385,-442,-1091,-730,-532,-984,-1125,-5,-692,-942,-848,-296,-38,-91,-81,396,-379,-1371,-1452,-39,-35,-991,-373,-801,-578,-740,-196,-1077,387,-904,-675,-60,-776,-933,-1624,-28,-790,-2238,-280,413,-961,-1372,-989,-396,-1335,125,-346,95,-409,508,-819,-318,407,-582,-592,-263,-778,90,-845,1029,-574,561,688,452,-844,-277,-915,-494,280,379,-1979,-1496,-476,-998,-107,-946,1317,620,883,-719,-77,-375,-220,-484,-133,622,519,436,555,705,38,-446,192,-1415,295,-478,179,-539,-807,41,-1376,-79,-18,-580,-61,-172,-2003,-1148,-588,-2488,-2046,-1459,-629,-595,-1576,-306,-356,128,270,-1524,-672,-389,-295,-723,-75,-1083,-933,-748,4,1013,-30,317,1219,1559,1131,1623,895,436,1371,2780,681,2168,1520,2730,1216,1625,1968,1637,1620,448,2643,2005,1662,1603,479,2667,1444,1600,499,1421,398,932,1709,2062,1249,1612,2540,2024,2029,1318,3234
285,113.6000000000000085,883,-1595,361,278,-598,-79,-1183,-757,-354,-399,-429,493,-533,-896,-1181,5,-46,-1322,96,-396,-311,951,-879,-127,-82,-649,130,-622,-16,329,-451,359,-748,-1476,-667,48,-1107,205,-516,-237,-1441,-1239,-93,-964,182,-28,-260,456,-800,223,-617,-856,101,-147,-447,-210,165,-919,-597,233,-997,-1712,1093,-686,-553,-1737,296,-190,62,-405,-70,-863,-293,257,-773,-742,-505,-1617,-1872,-872,-71,-400,-641,390,295,-129,-580,-71,53,7,-569,511,-59,74,525,-889,1411,-673,329,-1080,-515,-501,-1023,-574,-1396,101,-1241,40,-1519,-311,-778,-1042,-919,-1218,187,-596,-1807,-2283,673,-550,-1838,-311,-424,199,285,100,-164,-684,-574,-1514,-1460,-1003,-488,-1206,-724,251,357,815,386,842,1973,738,1166,1393,2200,1092,-320,2526,-196,2587,1638,1806,1346,1645,1499,2760,1536,226,954,1360,1844,2140,1799,1317,1681,2082,94,773,2069,1831,2347,1946,3024,565,1992,1887,499
286,114,-1207,-232,-543,-1051,-1180,-1058,-348,-545,15,-422,-297,-1060,-1116,-260,-710,-392,-410,-241,-472,-799,158,-390,-147,-242,-554,-1629,-201,-796,-409,-1442,503,-507,-1152,-199,-223,-546,-19,-598,-427,-826,-803,-91,-460,-1894,-341,-1089,-731,327,-278,-50,-74,-560,-621,-972,-1375,-44,-973,-193,-875,-1007,-432,-284,-1077,-1016,-1170,-970,-1065,-370,-233,-1081,-182,-1048,63,-1426,161,648,766,-165,97,122,-565,680,-510,-980,-1460,577,-801,-232,131,886,-28,737,-433,-801,785,1726,109,-322,-251,-395,-487,399,-243,-232,-767,-432,-446,771,-1824,-76,-967,-1502,-1409,-1883,101,-1362,-2746,-937,-840,-662,118,-873,310,244,-1504,-273,-874,131,-624,-575,-331,-721,-20,-586,176,-236,456,-398,685,258,1158,1992,1333,2163,1936,-283,1504,2404,1452,2563,2727,1812,1789,1723,1372,1611,1280,1053,2097,1256,2219,2062,2840,1208,2174,2425,1570,154,1625,-398,2601,2548,2065,3391,1419,1045,1810
287,114.4000000000000057,-565,484,-693,195,196,-233,-410,-908,-336,-274,-313,164,-83,166,-824,-958,-682,-42,173,-258,-74,-845,-70,-463,-753,-681,-721,606,-388,-57,-813,-307,-719,-1137,-1054,-415,-1476,-443,-379,-450,17,-1817,-962,-199,-672,-1340,-93,-512,-336,-1224,-530,-351,766,-443,296,-879,-713,71,163,-1545,-172,-286,736,-748,-598,-250,214,57,1008,-1140,-1048,641,-1428,-717,-1145,-499,-672,-1905,0,-416,-661,-109,-329,649,346,882,-43,-635,138,-488,-593,-288,497,375,1884,1638,-54,274,-583,-708,-283,-685,10,-365,-50,-750,-396,-271,-1027,-471,127,-1183,-1200,-1422,-1605,1274,-1463,-905,-10,-915,-1120,-940,-1052,-495,1159,-1311,-663,-1641,-299,-366,-388,-968,-378,-1728,-685,-1070,-505,1199,833,926,1770,2276,1103,1124,544,1017,-14,1215,2229,2834,1437,2048,1315,1534,1783,1487,1933,1819,976,1753,3541,1660,1509,1945,976,551,1099,2684,1176,1831,1293,1911,2066,1007,2307,1259,933
288,114.8000000000000114,-556,292,-338,-2073,1113,-1213,-558,-1129,-565,-895,1260,64,-567,-511,-805,-326,-1415,-944,-739,-648,-2363,-292,370,-655,588,-616,-539,-301,-566,-779,-50,165,-1391,839,300,-96,-1181,820,-390,-544,-936,-1732,-513,-1177,-1774,121,-200,-599,-810,119,-295,139,144,-117,-522,-497,-685,-1213,146,-29,-5,891,-381,-719,-902,11,-948,140,320,-900,-735,-999,-74,732,-425,-851,-275,-1377,-241,138,-473,-1440,384,-382,775,-122,-117,233,446,253,663,-546,670,-164,-467,-162,333,-543,-333,-443,-473,-1421,-1489,-1334,117,-786,-1002,-853,-1598,-986,-724,-301,-1310,-1022,209,-1473,-2112,-981,-969,-1066,-1777,-189,-563,-813,733,-1914,-166,-680,167,-820,-1172,-2958,-206,733,-358,853,-34,840,1563,1629,619,643,1345,695,865,1225,2328,1046,2223,225,2432,1761,2111,1861,1939,1356,1802,1504,1749,1490,1904,2081,1536,2246,1906,1279,1533,1893,1908,1816,2101,1398,2065,2118,1900,1876,3262
289,115.2000000000000028,-451,-438,-587,-716,-467,-1327,-225,-33,-155,-112,-697,-894,-1227,217,-164,-546,-888,-362,458,-793,-319,771,-383,-310,-529,-1640,-1180,669,-542,-520,-1617,-999,-1451,408,-1497,-420,-405,617,-672,194,-795,-600,80,692,-1637,-364,-520,-1470,532,268,-376,-371,-229,296,-312,199,350,-253,-609,-253,286,-628,-820,-1139,-310,-1687,161,-1081,-613,-1432,-398,-351,-1601,-1111,525,-16,-140,-415,-745,-477,-336,137,-475,-635,-1397,-147,-307,53,-146,1102,238,231,-525,-483,239,54,898,-917,-59,509,-450,-685,-971,-579,-1388,-1796,-530,-1575,-494,-2096,-1312,-58,-1082,-360,-888,-1340,-1526,-1153,156,-756,-986,-116,337,-654,-246,-469,-1117,-576,-751,-687,-1676,285,-421,-519,-232,-20,515,207,374,246,823,1078,1632,927,2059,2261,1230,1778,1704,4433,2630,2324,1733,1855,2002,1813,934,1557,370,2409,2102,2396,2247,1731,2305,1368,1619,277,1093,1243,1608,2107,1837,1529,2778,511,1141
290,115.6000000000000085,-603,-1064,-1232,-699,-351,619,656,-450,-316,-63,45,367,-336,-319,13,-697,-1628,515,-1289,129,570,-258,-143,213,382,-372,656,-937,55,-898,-3,-199,-967,166,-1756,-1140,587,211,-609,-251,-1145,-396,-663,134,207,-184,-215,-813,-527,-265,-756,-67,-869,-394,-739,-176,-305,-257,-310,116,-537,-749,-1276,-361,-645,-441,324,-1203,-950,552,952,-556,334,-1226,-625,-1975,451,-1306,-962,-1585,-261,-669,-109,760,-81,-863,-770,-157,-1000,147,-147,743,-1163,685,-206,352,-215,320,-145,-320,-644,-236,-1158,-668,-1006,-1575,-32,-1334,-919,-294,-653,140,-394,-674,-1199,-1590,-670,-1114,-750,-1139,-1374,-664,-97,-687,-971,1751,119,-705,-514,-683,-570,-624,-649,56,-2143,2897,1019,220,2161,-675,841,769,1481,1295,924,2185,1794,504,2374,3504,813,1554,1267,1753,638,1879,1473,1827,2311,1986,1120,778,2543,271,1767,1544,749,1392,1305,895,1247,1468,1811,2481,2203,1782,1387
291,116,-108,-97,-170,482,-317,-476,-191,380,-472,664,15,-276,-125,-478,-106,-799,916,357,-727,310,-858,165,-780,-876,-676,-293,-608,-1843,-1365,-1432,-109,-603,243,-2127,-649,214,-1778,441,-272,371,32,-621,1035,-833,-551,-386,-539,-896,111,-1160,-257,-625,-529,574,-546,-28,-944,-107,318,157,845,77,-1066,-603,-136,-1582,80,-829,-1042,-913,-500,-316,-291,368,-545,-743,-1232,10,-1482,-442,-1039,-385,-310,62,-146,-462,-33,238,-336,-1242,-1265,425,101,451,-119,-963,0,-203,706,-384,-311,-1041,243,-302,228,113,-476,-488,-59,-1550,-363,-614,-1695,-959,-362,-1247,-2440,5,-1476,-445,-1252,-108,-1438,-1192,-526,-7,-934,-512,-491,-263,-1989,-1236,-1151,520,179,534,416,1096,1503,1924,2775,1916,1337,1389,2645,1630,1447,1392,727,2157,1408,2816,1830,234,1141,1842,2409,2265,2358,2183,1474,1439,3318,1526,3021,986,1894,1789,2545,1972,1342,1705,1229,2826,1938,2543,1498
292,116.4000000000000057,-1245,-1483,-311,230,-598,644,-236,-959,-392,587,-555,-196,812,-697,425,-846,-395,-694,-134,332,291,-1443,313,-1068,-187,-837,383,-743,-875,418,1078,-401,115,-213,-298,-1455,-274,986,-260,-132,127,472,-1039,-1665,-1260,-737,-411,-510,479,-712,-139,288,-1053,575,-836,-363,251,-22,-328,-1215,-762,-42,53,-450,828,-1137,-264,-336,1150,49,798,-1067,189,786,485,-311,-692,-33,1178,324,-913,-787,440,-10,-563,-445,-659,-273,-710,-28,8,145,408,757,126,1089,437,594,-237,-397,275,-50,792,-801,-810,159,-496,-660,-815,-627,-1233,241,-320,-937,-245,-1613,-1454,-1764,1817,-394,-958,-736,593,-397,771,819,-465,-73,-248,-1385,-132,-208,-209,-733,-373,-47,349,154,1202,1559,832,1508,587,833,1340,2438,2031,2190,-26,1390,1999,2280,1993,715,1561,406,2194,1610,1360,2637,1685,1785,1626,1246,838,2351,2865,1458,2050,1511,1954,2804,2291,2562,987,1134,2239
293,116.8000000000000114,862,17,-833,-945,465,-1041,-321,-551,69,-300,-81,278,277,-570,-1564,-629,-1110,-9,-1220,-393,243,-1220,-267,-604,358,451,-374,-1122,519,921,-149,-68,190,-396,-210,-246,224,-1145,-182,-424,222,-111,75,-301,66,2,-554,200,-1671,187,-180,18,472,496,-455,55,-704,384,-3,122,-319,-136,-924,-850,-526,-917,-658,-340,709,-157,-2,-216,-218,-1028,-979,-496,-1875,12,251,-674,531,-497,-930,-1413,-1272,-909,-709,878,-432,465,75,1100,1060,483,-140,1106,-22,324,-349,-189,-388,-655,-231,-1060,-1206,-138,-369,850,-1618,-4,-741,-337,-721,-68,-155,-224,-268,-943,890,21,-635,-1111,490,169,-128,-1651,-460,53,-780,57,-357,-1799,-224,202,-39,1596,347,1008,819,1179,937,1605,737,952,1944,1708,2318,2406,2358,1319,2064,1891,656,2288,2654,2765,1425,1687,2044,1680,2179,1996,1887,1272,1561,1922,2075,2195,516,1700,1291,2738,2176,2235,2022,1771,1315
294,117.2000000000000028,-1145,-892,-889,1027,-379,-537,-877,178,17,467,773,-963,-157,-49,-446,-481,-1291,-661,309,188,-642,-629,-234,-1,-736,101,256,-1163,557,1122,-703,-1144,-84,323,-521,413,-243,693,-409,-491,-334,582,-166,-838,-964,-218,-747,-720,169,-628,-639,-644,-720,-319,707,-248,-627,860,551,72,78,559,-168,103,-209,-791,-878,-443,-235,-574,415,1268,335,327,-527,-516,-945,26,1170,-389,-703,-1059,-329,19,-184,-262,-798,284,43,46,-117,501,671,406,701,693,630,27,-833,-1345,-439,-146,7,-354,-949,251,-1708,-224,-787,-929,-711,-306,-749,-1849,-459,-1579,-2933,-477,-489,710,-1017,-343,-494,-1962,-608,-214,-382,473,761,-996,-623,-363,-678,-48,-545,-87,-844,1098,717,288,2075,2122,1842,1083,1040,903,955,1141,855,1213,2176,2027,2032,1550,2115,1622,1465,1839,1620,1515,2333,1759,1272,1391,1305,1592,2065,2125,1595,2777,2802,1124,1983,1610,1527,2146,1510
295,117.6000000000000085,-839,183,-1497,-225,-698,-50,-585,-1009,158,-278,29,-423,-1179,111,716,-166,81,316,258,-51,-770,-169,313,-40,222,155,-490,-1678,1032,1038,-1029,-435,-277,189,-153,115,-54,-240,-8,350,139,-428,-291,-388,-279,2,839,-582,408,-352,245,-307,-556,393,-641,423,308,-590,320,562,121,-321,-1523,-1178,206,-568,-446,-838,433,110,503,-325,98,436,51,358,796,-216,-1346,-1508,1067,-591,-370,-231,-1547,-1077,429,-535,-1079,-35,-538,230,-404,29,-808,439,1080,530,842,-644,-1038,-1,-519,-1591,-26,-1039,-849,-496,-1122,-1219,-596,-689,-1753,-558,-1297,-785,-2027,-886,-214,-404,-622,-595,-123,-565,-1030,-618,-508,16,-290,-898,-188,-715,-408,-1150,-1120,-361,2146,561,309,529,1721,1644,1556,1912,1734,1723,1373,1620,1906,2055,1626,1237,1335,1195,1278,1373,1482,2434,2868,1247,2342,2221,2168,2635,1745,1735,1814,707,1569,1720,1172,1657,3373,2186,2041,2030,1261
296,118,616,-394,620,-1097,-531,-1108,535,45,1111,-1291,-318,984,-608,362,166,-125,-695,-16,-157,403,-136,-316,-947,-621,-850,-837,-419,-1110,-371,223,-782,-170,-741,396,-224,2,472,-350,121,-841,1137,277,-221,-493,403,-302,-358,-116,888,-412,174,-973,153,69,-634,581,146,-1169,-673,-341,-643,452,745,-379,-707,268,-233,-564,-126,256,-1246,-1302,-1036,-1553,330,100,-941,-97,-628,-1045,-153,-939,-725,-117,-911,-271,-1287,-723,531,700,162,-511,527,-535,268,268,-876,24,-26,-171,-1405,56,-470,-294,-892,-255,-1176,-1240,-2275,-201,-1336,-1419,-1574,-2113,-1226,-487,-263,-137,-558,-11,-1570,-205,-408,208,-1224,-571,95,574,-856,-236,-724,-681,-207,-1546,-532,-506,1802,917,817,1350,1981,637,731,1510,51,1148,1846,1084,3220,1769,2510,2739,523,1538,2775,1654,1532,569,2017,2125,1675,874,1709,1604,1151,2300,1644,3249,997,1609,1516,1811,2265,1386,1941,2051,2706
297,118.4000000000000057,-479,-673,-596,390,-220,-305,518,-1261,109,-82,-390,-821,452,-502,-687,193,-196,167,-1494,107,-960,-1159,-1504,31,-682,-1122,228,-2718,-1256,567,-773,-907,-1358,-931,406,-84,196,273,117,907,-247,-129,-738,-25,500,49,-1821,-537,-127,-235,-632,-345,-26,-307,-635,-362,-731,-907,-627,-145,63,-77,-571,188,-687,-157,331,-675,440,-470,427,819,-638,-296,133,35,-546,1065,847,577,-1264,30,-17,-247,-342,-1404,-609,108,-914,564,649,-1044,-114,242,-577,82,-509,734,344,-562,-134,-1220,296,-621,-384,-566,-204,-334,-1625,-186,-1264,-1002,-1494,-998,-305,-1315,-749,-519,28,613,-418,-431,282,346,-1082,-867,-1447,-136,-327,-580,-824,-33,-5,-2,-1495,-294,2438,1116,398,957,832,2671,721,1625,1310,1425,1058,2950,1468,1563,1862,1988,3172,1117,2279,2820,2046,2683,1059,1091,1194,1778,1438,452,1533,1099,2338,134,1965,1116,1421,1897,2658,1008,1695,2672,2575
298,118.8000000000000114,557,-248,242,-179,-204,402,-149,-558,-1231,-695,-469,-461,-677,69,-291,-382,88,-246,-57,289,431,957,-67,285,-1027,-733,69,-2021,-1021,69,-1331,-793,-60,-615,-538,887,152,-740,-193,154,189,-1189,-800,-1239,-296,-431,-685,-122,-385,-297,-438,-141,-891,391,233,-1079,-138,-357,-1400,-274,148,-145,-898,-288,-212,199,-480,-475,-849,5,-624,-511,-1018,-256,-1049,369,-1095,-914,-1167,-908,-22,-573,227,-421,-664,-231,202,118,-41,-602,-124,184,19,-342,643,-2315,111,25,35,-718,-512,358,236,-163,-1128,-1020,119,-309,-884,-2215,-1163,-608,-1714,-968,-346,95,-683,-644,196,-1672,-806,-864,-321,-467,-266,-1121,-1622,-1326,80,-277,-997,207,176,109,2209,900,343,114,719,1075,2186,2029,1604,905,1026,1607,2138,2299,1060,1958,1590,425,891,1592,1846,1145,2184,2120,865,1370,1163,756,716,1478,1937,1294,2052,2417,1806,640,1672,1543,1291,2139,1994,973,1162
299,119.2000000000000028,-683,-235,-1081,-266,-404,-720,5,992,-801,-679,-290,-131,474,-360,345,-33,-1878,-707,-897,15,-599,-218,-353,3,-249,1251,-313,409,-334,-1288,-148,-396,-810,305,-1289,-362,-480,-721,-230,420,778,-126,-78,-364,105,421,53,-562,-1053,-493,204,-964,-611,-224,-555,-191,-796,59,-891,-93,-583,-735,-564,-479,-281,-356,26,-1277,-2153,-1148,575,-709,-272,-12,-858,-339,-1052,-367,-683,-508,-338,-958,662,-1179,-1225,-1485,-451,-198,-25,-478,-650,-285,-24,-170,1028,1050,1402,601,441,-563,217,-108,88,-952,-253,-840,-841,-1054,-166,-1258,-1731,-669,9,-580,-258,-1909,-1701,-1425,1007,-600,-710,-286,-92,346,-317,-535,74,-659,-943,-969,-779,-451,88,-1027,575,515,2489,63,263,1046,1441,837,1293,615,1375,2201,1612,1390,984,1789,2535,1810,1987,1227,901,1190,1472,3306,1995,1866,1769,1778,1838,1177,1081,1446,1780,1701,1737,790,1852,1043,1012,1772,2462,1615,1641
300,119.6000000000000085,-872,-843,-1240,-14,-436,-358,365,-215,-746,-1480,-737,-903,-392,-311,-198,-410,629,-662,-309,-425,334,41,102,-162,-614,-68,860,129,156,-30,-587,-393,-40,-366,-575,-897,-1410,-1415,801,-968,-1296,-450,-247,-275,893,-615,512,-389,-113,-56,141,-749,-178,80,-164,-155,-733,67,-820,57,263,-1566,-248,-407,559,-1217,-688,554,99,-280,538,-252,-593,-1168,-1128,-483,-987,-256,-500,-1062,-829,456,102,-892,-271,-87,-1636,-863,519,-368,489,-346,-575,-593,507,235,206,-289,88,-209,-905,-282,-113,-1186,-1020,-834,1010,-440,-958,-1532,-1107,-964,-922,-788,-1137,-620,-1913,-374,-370,-260,-491,-1366,91,-562,-416,360,566,-1665,101,-1163,-529,-369,286,-656,-340,-233,312,318,1410,2051,1219,515,1435,1,525,1818,-160,1451,1377,671,1755,1830,653,1804,1948,2279,1697,744,1961,1408,1457,1341,2806,2277,1639,2805,1870,-113,134,1306,1228,936,1484,1006,1116,2441,2700
301,120,128,-572,-608,-867,-156,-1091,-516,435,277,217,34,-585,209,-1187,132,-1115,-116,-562,-945,-219,256,-894,469,-853,-178,-391,-106,-1911,-866,1010,-731,-535,-190,473,40,-2349,66,-575,45,191,-922,530,-654,-1195,-659,-948,-642,352,-694,-795,-78,-239,289,-1105,-532,-478,-274,204,443,-602,-4,310,-1021,-968,510,-516,-668,-576,-382,-197,303,43,-75,70,-1584,-697,-856,-1237,-234,13,-408,-842,-591,-619,928,260,456,-169,-110,-790,-545,-334,181,-167,-571,294,-130,-251,286,328,540,-281,-455,-281,-1088,-2481,-1696,37,-1205,-936,-762,-506,-478,-344,480,-1635,-1493,-761,340,-1317,564,413,-1516,-1946,-583,-1170,148,-501,-755,-936,-871,-1787,-1048,379,-632,-94,-1891,-491,277,984,956,306,849,1213,727,1226,1407,1611,-150,484,2841,1932,1481,1521,1981,1744,1408,1655,1110,1832,1962,1116,1932,2125,1070,874,1755,2029,3257,1583,2314,1141,2255,1673,2993,2251,2284
302,120.4000000000000057,-295,-343,-1326,695,-153,180,812,-1186,-842,-800,-8,-86,-442,-722,587,-792,59,-674,-77,-195,-637,756,-449,-925,118,1260,-282,-304,-662,-1472,-145,-664,-373,70,-1206,339,-44,-240,-702,-1171,-371,224,-635,-531,-681,-95,-378,601,372,-804,-1885,-822,-11,-118,629,-633,477,-693,-1809,-239,-414,503,-394,-592,-974,-269,40,-417,-1011,-478,188,-1048,-294,-472,-591,28,-98,-946,-463,229,427,-1416,1056,-78,381,441,-1639,-708,172,-763,-264,12,-219,-58,220,1039,-31,-134,-227,-20,-598,-78,-1207,-729,-191,-460,-1159,-568,-2325,-28,-674,-1694,-689,-145,-789,23,-811,379,-50,-885,-1120,-379,-796,-63,1201,-1388,-151,-542,-1460,-616,-443,-1737,-788,-860,-525,-171,-573,446,492,970,160,1650,-11,1958,1104,1825,1474,2167,1007,2083,1727,2144,1350,2358,350,1416,2186,1877,1512,1776,2013,1780,2299,1798,2128,413,1321,1033,2567,1603,1634,1765,2490,2274,475,1800,2498
303,120.8000000000000114,-441,-438,439,-1083,-424,-294,-361,-684,-73,-835,184,-1771,571,-441,-720,-106,651,0,-546,-674,260,-405,-35,31,-153,710,-52,872,-63,-312,-2085,802,-310,-1160,184,-362,1793,-494,-375,946,-1196,-318,281,-184,-634,-1495,-56,296,-759,-561,590,-1075,-497,-421,380,-31,-949,434,-351,-505,-1011,-86,916,-605,-185,-86,382,-884,-1747,824,-446,-542,-272,-37,-22,-480,2238,-1197,-976,-673,-781,55,-477,1472,-812,687,-272,-574,-301,643,-327,113,-808,-384,429,-357,17,542,395,-433,-2257,-481,-431,-376,-1006,-883,-809,-510,-1995,-3472,-726,-641,-715,-279,-660,958,-1251,-1610,699,-1436,-816,-1124,-205,-804,-799,-1336,357,-1785,-898,82,-1827,-649,-479,-945,-1339,-170,-220,195,702,1293,1131,800,962,466,1543,2600,1650,3243,1721,1907,1737,1315,1835,1271,2002,2507,1153,1861,865,1765,1764,2200,1606,1330,1618,1119,1739,520,2561,2264,1725,734,991,1045,1647,1473,1902
304,121.2000000000000028,-95,-1166,-410,205,-658,-584,-239,-442,-1404,-812,400,-385,-1082,-1427,-207,-1345,-771,-678,362,209,679,-317,-591,-712,-147,-1282,-497,1387,18,-368,-799,681,-1064,-1094,-266,-797,-1152,-683,4,-1286,-6,831,-405,-629,-343,-329,-902,-168,-35,-1141,-324,-212,1616,504,-787,-975,248,79,-712,-963,-744,-15,52,-930,185,415,-289,-242,21,-570,-560,552,311,-1207,-679,-784,-585,-248,36,229,-161,60,945,7,-15,-984,-578,75,-289,145,592,-394,182,285,-296,-869,836,159,-631,-773,-523,-132,-416,-673,-834,575,-1463,-1653,-510,-724,24,-831,-439,-884,-605,-2014,-52,-632,118,270,-632,-981,-94,-164,-943,-349,-10,-2462,-1354,-1057,-762,83,-2635,-441,-618,730,7,-172,-281,1840,837,1901,140,655,900,836,1831,1644,1430,418,2701,2194,1453,1010,1929,2548,1747,2720,2830,1215,1873,1404,1410,-23,2064,1202,1206,2644,962,1269,1653,1185,2050,1489,2191,1850,1954
305,121.6000000000000085,-346,-132,-1558,472,-100,287,525,-1129,-1067,351,-723,-760,-250,-829,-392,-706,-840,-790,-582,-1350,-461,75,198,-175,-235,1080,-732,729,-1069,-82,-448,-866,528,-263,-80,-396,727,-310,-1258,-644,-1145,-831,-1184,-322,-708,925,-1669,-793,-579,-105,-874,378,-954,-406,-1029,408,280,-1338,-908,-655,356,-489,183,-1187,-500,-121,-227,-978,-1671,-691,-1052,356,-1502,-42,-1067,465,-194,-374,-713,-1347,-698,-476,-29,116,896,-445,-857,-528,-20,-427,-358,-270,-659,521,620,1013,-508,208,34,-174,-380,-722,-1343,-740,-1038,-1002,-629,-508,-789,-1067,-371,-914,-5,-201,-3,-1706,960,-260,-615,1435,-825,-669,-1238,258,276,-996,-829,980,-396,-674,-623,129,-183,898,-1062,-388,1046,653,1175,2173,1717,1421,1360,1447,1452,1675,672,2307,866,479,1081,1055,1880,2216,2090,428,777,1941,1190,2400,796,2330,1257,1458,2015,1936,2733,1703,1709,2949,184,1362,452,3080,2490,873,1346
306,122,-178,-725,-60,-417,-274,-185,-182,-117,42,44,-308,-390,-1680,-836,537,460,-800,-833,-10,-680,-1148,-954,-630,-788,-973,-519,-78,1051,-1173,-280,-1042,-692,-897,505,-652,-659,209,525,-889,-550,88,410,-466,-676,-435,-140,289,156,293,-540,-632,-500,-824,122,-757,-1072,-289,-555,1265,-614,547,-503,-449,-522,-174,-309,-350,-194,32,1133,-736,-308,166,-911,642,-1206,-102,-282,506,35,-484,-1145,-184,-114,-1016,-1228,-823,-737,-351,674,735,232,21,774,277,622,549,-605,-6,650,-99,-853,-290,-22,-541,-641,-454,-916,300,-2706,-443,-333,-979,-727,186,-783,396,-182,852,-730,107,-405,-824,-678,-7,-1753,-1450,3,24,34,-38,-1043,-325,-119,383,134,1427,125,-455,274,749,1092,1002,1395,1889,1558,1740,582,932,460,2084,1785,2351,729,982,1900,1536,2202,2374,2147,1039,2465,1707,2415,2026,1686,1330,2155,1810,2421,2069,2524,2297,1755,943,1906,1661
307,122.4000000000000057,-868,-1148,64,78,65,-559,-1041,431,51,-388,-1823,-33,-490,192,-484,-735,695,349,268,-369,-156,-277,337,-287,121,-301,130,-118,-743,-116,-900,-813,-378,-408,-543,-1023,-783,-1466,173,336,-323,-268,-1446,467,-743,-485,-219,338,-530,-895,129,-486,-171,-614,-426,55,98,26,-436,-1382,1000,-4,-37,401,-575,-104,-829,-862,1100,-871,-285,936,-1546,204,-4,524,-672,-368,-169,-369,124,-1126,-1049,1027,-641,-1070,-588,120,-967,-152,-212,-805,323,-189,-174,221,1015,72,-456,452,96,153,-95,-260,15,-259,-748,-828,-692,-1310,-1284,-108,-927,-884,-1147,-1040,63,-96,-580,564,134,-1,499,-902,125,-406,-1544,-831,210,-932,-800,-1486,-776,-1013,-1287,240,610,360,79,4,1490,1925,1488,1124,819,1605,890,1557,1059,1372,576,2123,1894,2107,1888,1360,-195,2019,-594,1709,1925,1360,2005,1540,1425,2329,2645,1705,2365,1307,1545,1020,1600,1049,1836,841,2909
308,122.8000000000000114,-1002,-243,-520,-607,555,-613,-172,-796,-1290,-371,-799,-1054,169,-112,394,-1478,-372,-391,-665,642,-373,-801,536,-179,-236,-550,-287,-20,292,707,-1089,-244,-671,-546,-65,-256,428,-2117,672,-447,-971,-303,-592,203,-19,-26,-462,-1170,-275,-262,354,-195,448,520,-769,707,-146,440,-618,124,-810,-1004,252,318,-755,-163,-1912,-57,439,-661,-387,-60,362,156,967,-1078,-41,323,-257,-438,-434,-1678,-974,263,212,246,348,-688,880,-407,62,-376,485,131,359,142,-63,-953,537,-195,-998,347,-735,-416,-671,-319,139,-200,-438,-2410,-1116,-1281,-1434,-698,308,189,-159,-745,130,-3,27,-583,-255,-314,-997,677,-1464,-60,-250,-708,1372,-1570,626,-1891,336,-1415,-1470,287,1438,1586,2038,1022,1134,442,1534,1792,2326,1060,1091,1229,2243,1854,2065,548,2164,953,922,2979,168,1195,2152,1783,1668,1419,1126,1918,1765,2181,1528,1984,2302,2971,1752,-149,2748,1001,1387
309,123.2000000000000028,-1617,454,-938,-57,-883,1274,547,-157,598,-397,-417,-1665,-609,-763,423,-149,24,-798,-565,-827,-221,260,-145,249,-86,462,-488,567,-632,-208,-871,-1169,1069,400,-949,162,-616,1014,-503,54,384,792,-722,-518,12,-391,-815,271,-966,344,-115,-608,103,-916,623,-735,46,546,120,-421,-1053,368,-840,-393,101,-918,352,-639,-775,-633,289,-1492,-1357,-875,-428,-517,-1516,-1070,1004,351,-512,-367,-20,-8,753,378,-1093,-326,81,79,-330,-197,-689,123,323,246,331,100,419,403,-441,-416,261,-1096,-674,-538,-556,-736,-132,-2086,-63,-606,-602,-783,-339,152,24,-210,627,235,-748,-596,302,-1094,-1360,380,-385,-637,-631,-1802,1880,1432,-250,-339,-1841,403,974,442,1178,755,1026,2137,1202,986,1773,2101,1955,1498,2061,538,2341,651,1135,1917,1529,2083,1798,2168,1760,1650,726,1182,1750,1946,2504,895,1532,1947,1113,927,630,2261,2078,379,1545,1497,2313
310,123.6000000000000085,-121,-1020,217,149,-1261,-769,-1749,-1581,387,-46,560,-986,-797,-1082,-1031,-911,-384,350,-40,615,-537,-405,-3,-688,347,215,962,890,-21,157,-339,-213,-267,-986,-550,-66,-237,-615,-484,-823,-153,-769,67,-248,-407,-657,-284,1450,-1239,424,-598,346,-635,76,-197,-569,-366,-917,205,424,-1316,-314,71,428,-526,254,-322,-30,-288,-683,-160,60,-703,-321,416,482,-552,-489,-798,-1334,12,604,377,823,1249,-938,-142,769,425,133,-634,-334,-109,223,335,1104,-136,-190,280,260,-367,-113,1556,288,214,-1032,-652,-999,-1111,-2162,-1848,-19,-800,1119,77,-441,-1690,146,960,17,-1018,-595,-815,-174,-536,-595,110,-527,188,187,305,-172,-370,-1016,-649,-551,1248,986,412,2216,1059,1339,1197,1363,909,962,1894,1590,2112,1352,2099,1106,1162,2114,2153,1306,623,1706,1914,1069,687,1250,2522,1791,2359,736,1676,1419,424,3081,1477,2462,1264,691,705,1899,2107
311,124,-185,-49,-1086,-367,24,-115,1544,888,645,-514,145,-175,1080,576,-284,-272,1845,-1014,-1008,-245,-253,-439,-1019,186,181,778,1096,-510,254,263,-657,-538,-1393,-973,-1354,-490,-773,-766,-294,-642,141,482,-2515,-354,155,-120,174,-845,-1942,-714,-819,-136,630,-1443,-338,-789,-1103,-11,-821,622,200,-278,181,421,381,-447,-681,122,-474,-1766,-127,-285,-422,97,-683,-1137,-483,-1192,1406,-424,-385,531,-138,-72,1552,-11,-631,-6,-318,-38,-83,-108,164,212,161,707,-46,35,-134,118,-319,-484,-911,-973,-1675,-750,-446,-489,-1326,91,-332,-459,-808,-217,579,-550,-139,731,629,-811,-167,-1027,593,-1835,904,-1929,-25,143,-362,-518,-654,825,691,-965,-314,915,1701,200,935,759,712,694,467,1324,960,956,1265,1347,2253,1343,2063,1138,177,1118,1948,1761,2380,1843,1926,653,1497,2015,2166,547,1717,1620,1614,1291,1974,542,1541,2012,1375,1700,2207,1569,1386
312,124.4000000000000057,425,-332,-193,517,1157,-654,469,-696,61,-371,-169,24,-1319,-642,-119,-834,-818,-574,-198,928,-400,501,-616,324,-1487,-261,-265,-74,-1501,-480,-1377,-468,-251,-1155,-470,592,74,-359,-650,-1070,-2996,371,-1490,-500,130,-136,139,-383,-1049,-279,-450,241,-90,160,-177,-1081,-607,-1118,232,29,-101,-308,-249,-451,375,36,-394,-378,8,-612,86,-501,-373,-266,-252,194,339,-213,-1104,-718,-610,-945,-527,-742,-222,-43,-381,-365,415,-419,-531,-263,-435,416,288,621,52,1134,0,471,753,-693,-350,-903,-928,-751,-450,-663,-698,972,-1005,-767,-117,-965,-20,-1820,21,150,382,-1488,-429,-769,-1073,-350,-72,867,-949,-698,-1055,-612,-1290,596,306,-783,-205,284,-870,-227,1647,1838,928,722,2515,955,709,1134,1025,1390,2227,1441,1329,1487,1002,2560,1575,2072,1062,2408,2350,1204,1704,2905,1470,2458,1324,1551,2201,2050,1448,1074,1639,1814,1981,1438,1193,1084,2072
313,124.8000000000000114,-544,47,-187,-1386,-472,71,439,-903,-1172,-876,-504,223,-1854,-972,-952,-108,394,38,-280,-1343,-725,-97,269,-806,-1430,-671,-232,-1466,-1065,-131,474,463,-685,-1059,-938,-550,118,-669,-609,-519,-229,-1456,1219,-229,-672,-674,-678,-225,-749,-675,369,-40,-220,123,385,-1525,-684,514,-403,-895,821,417,-371,-474,-761,-562,-643,-1494,-559,-121,-417,-1041,-854,684,1231,573,-3,-189,-558,-971,-1386,-244,-1333,-860,24,-1242,-32,229,-341,316,326,807,509,398,421,-1229,267,-415,100,322,10,-615,-618,-373,466,-1376,-1149,-187,-410,-1186,-1080,-949,-934,-354,1412,-419,-756,320,1429,535,368,-103,-765,-500,-212,-1846,-356,-512,-462,37,-139,-502,-1391,-901,-229,42,1810,714,79,1414,994,1804,-978,2226,1712,-341,1409,1386,960,1113,1474,1428,2443,1522,2626,2190,1386,1453,169,850,2619,1483,969,2612,830,1800,1771,833,763,2144,1297,1955,1409,2332,1928,2476,2186
314,125.2000000000000028,-895,-974,-910,768,264,84,196,-116,-376,-448,412,-1246,-1183,-241,-849,-387,-976,-452,-96,-769,1127,-8,728,-191,-365,-1085,-205,-590,483,-392,-290,-1527,834,317,-247,694,-368,65,-658,-2,-319,-94,-1703,-646,-1076,-496,-241,694,-1056,-517,587,-1023,-54,-346,-811,-772,206,484,-656,-626,-369,23,-1910,-486,-338,28,-22,-537,40,-1010,-216,-130,316,-307,-701,68,-485,-113,857,549,-377,-481,-806,327,-398,1268,-443,-148,1320,410,902,641,-86,713,-949,375,-736,105,303,-594,-226,637,-1474,-937,490,-327,-1127,825,-844,-495,-928,-850,-519,558,-2270,-1367,-252,-539,812,-763,-433,397,-90,-968,591,1343,-672,-518,-911,-321,-592,454,-289,84,-448,592,19,1356,428,828,1586,1784,1985,1583,1237,-869,1232,1484,661,739,1006,2766,1847,1272,1145,-41,849,827,1759,1224,1434,360,2401,1650,1953,1429,2107,1563,1528,1955,1309,1888,2381,1037,890,1107,1615
315,125.6000000000000085,189,-1532,143,152,-1769,-1360,-863,-195,-174,-732,385,-218,-167,740,-136,-378,-1175,-397,-352,-856,-719,-505,-262,-585,-863,-1054,-564,-226,-2172,-592,-1007,-321,-454,-974,-52,215,-206,-195,-354,-373,-943,-658,-1780,-72,646,-818,-1028,649,-169,-531,224,-202,18,-1778,851,-1364,9,-1140,-1209,-1108,-917,-834,898,-617,-814,-725,-332,612,-101,-343,112,551,106,-445,230,-486,-607,-594,291,235,-652,-296,-24,50,639,932,-309,-256,325,64,-628,1837,-230,-295,471,-901,-247,212,-578,-987,707,747,268,-392,57,-231,-1319,-709,-214,-608,-538,-27,-1205,-943,-365,-1591,-1772,12,635,10,-624,-945,709,-987,-551,-299,-335,-328,-461,-1316,63,-2029,-912,-613,-897,841,1236,-1026,904,775,1612,517,1421,1207,2427,20,1675,2212,581,1043,2089,1813,915,163,1527,1101,890,781,2573,506,2326,2148,1835,2143,1656,1894,1595,1435,1045,267,1600,1658,1845,1601,2504,2483,2195
316,126,-1299,-289,-842,2047,-137,-1049,-677,130,197,-541,522,800,35,-244,-337,724,-551,-714,-1209,-643,-618,29,1256,344,44,-144,-199,525,-322,-97,-693,-319,-1143,-444,-247,-422,-747,244,-426,-632,-1050,-1674,-1195,-333,286,-276,-305,-470,306,-784,161,334,-992,-459,-120,-1131,-1695,-1172,921,70,-11,-676,750,-694,81,78,-455,-165,-1534,102,-980,644,-383,-185,-1263,-321,-501,373,-47,-516,-365,-234,321,-966,-693,-553,-843,-647,452,364,-271,-896,539,287,-744,-260,364,466,18,-229,0,169,-1152,-651,-671,-231,414,-569,317,-336,-1099,-767,-399,-1936,-144,-598,-1421,95,1562,-84,-987,-303,224,-146,-471,-817,-378,-469,-625,-608,-670,343,-302,-898,-1019,663,-2653,-432,780,2315,1021,1058,1685,343,1078,782,1628,1805,1327,909,2194,2116,2533,2122,2330,-175,1619,1725,1079,879,2630,1752,746,2579,1789,1847,707,1095,1703,1843,1553,1235,1800,785,1818,1741,1819
317,126.4000000000000057,-605,-262,-1523,1955,-910,-877,744,-142,-239,-599,-347,-1693,147,-196,-107,102,-2128,-385,-328,-365,-1288,530,999,337,-1262,1010,-1299,155,-41,-154,-2078,-359,-318,137,-463,-1195,-437,-601,-1175,-465,-514,-1015,-267,-1045,325,-1750,-575,-949,-915,-19,-184,-590,137,1071,-567,291,62,-47,-527,-667,230,-741,-1180,-1025,703,-882,-768,-128,628,-486,-984,20,-629,-211,477,-703,-293,389,58,-50,666,-408,-152,-1761,-742,311,-1772,-478,1160,412,303,-75,403,534,352,-198,612,616,-50,-215,-694,-272,-186,-201,-747,-181,337,195,-1430,-532,-231,130,-1546,-270,-79,-608,-1132,188,2331,-252,-611,-521,-796,-756,-673,-862,-54,-1075,141,302,-4,-1049,-942,1182,-970,-123,-1078,449,719,674,560,608,575,1255,2046,2293,1103,858,614,-300,488,1292,1131,1922,316,1446,1601,1201,2102,1173,2069,1954,1397,2071,1830,1675,1005,1300,1307,1577,2519,2278,1280,2294,1274,2069,1637
318,126.8000000000000114,-1251,-479,-952,1509,-76,822,-854,405,-360,319,-536,-1402,130,126,135,606,-204,131,-532,570,-898,-316,-259,-627,320,-548,576,-53,-542,165,-585,102,-639,-527,-1459,-615,-66,2573,143,-332,60,-380,-581,166,-1380,-30,-734,171,960,-784,68,166,-635,-983,-351,-167,-231,-201,-644,-639,-244,-555,-1752,598,-1372,-373,965,157,-548,-928,-310,-396,-64,-427,-469,-323,-433,-788,13,-147,-364,-384,-64,-84,-2007,-1045,110,60,821,-259,-160,-115,-803,107,537,-268,1641,505,-237,-55,-72,-537,327,-318,-1215,-61,-2027,-967,-897,-761,-695,-1152,-1345,-837,338,155,-369,-247,-428,734,-784,-1133,-138,221,-15,1094,-829,17,-323,-800,-299,23,-613,290,-1719,400,-2230,-314,356,1696,969,1248,1602,924,1724,-459,1437,1380,-101,1356,996,2243,960,1173,1316,2409,1042,2156,1296,584,334,2279,1548,2486,1964,1510,1617,836,980,1441,1014,2115,2311,1420,1460,595,1359
319,127.2000000000000028,-312,736,-310,1428,-994,-251,-8,-1671,-438,-1225,182,1742,367,-578,33,-237,113,-352,-654,-1240,-494,787,-847,-1215,-9,66,-23,-826,-692,193,55,-787,-27,185,-187,-778,31,-601,-1213,-1080,-1457,-406,-554,-720,29,-268,825,-1152,209,-850,-1371,37,269,9,295,-935,129,19,-1159,-584,-402,-521,-101,621,-939,-413,-93,-682,-301,-980,98,-242,-735,-257,-363,-605,194,-845,-597,98,-161,-581,-694,299,705,474,378,174,-298,-631,-521,206,-386,-162,119,615,-369,845,-820,-451,-281,-871,-485,29,140,-805,-1411,-296,-1044,-1791,-321,-504,-1257,-1457,-69,-166,-695,-521,1550,-93,-924,-667,-500,626,-387,-505,-757,-966,-969,366,525,-365,-739,-792,6,819,-27,-605,678,1392,960,1892,780,219,1019,-388,956,1463,884,1320,2015,81,1341,1930,1108,1217,1323,1877,1470,2199,2512,1223,2168,775,2451,2022,759,1172,797,1584,2350,2164,781,1780,1728,968,1544
320,127.6000000000000085,616,328,-140,-829,739,167,-1274,-1440,-1717,-703,-855,-711,34,-589,-509,338,-202,-332,-330,-255,-597,-472,-1379,-305,-238,-1522,194,-500,469,-693,-406,-843,-777,203,-223,-521,1119,567,-1282,-1698,106,751,311,-737,415,-974,-144,335,118,57,139,-731,-123,-1291,-938,-700,-78,-80,-464,-2314,-437,1340,-384,-153,-471,-588,96,-112,-88,798,-481,280,-235,245,207,-1356,-112,-288,404,-428,56,-206,185,359,-251,508,-466,842,-445,287,-203,-55,-620,-367,503,-579,331,578,207,-579,-1307,456,621,-745,-976,-1488,-1511,-130,205,-857,-1079,-1920,74,-1256,-488,-221,98,29,951,2,129,46,-409,204,-118,-1940,109,103,-257,-829,-668,-984,-97,-727,-305,264,1650,40,-253,852,1104,1552,1526,1639,1158,1797,1583,737,2098,681,2172,1865,1220,2390,1885,1234,1245,1006,1900,1742,2751,3116,450,911,1251,1610,994,1847,1277,1103,1941,157,465,2609,1329,2354,1384
321,128,-693,464,-104,-801,310,-1101,-799,398,-770,-464,-1267,-220,-1153,71,-1191,-266,413,-1058,26,-1072,-252,-993,-276,28,-262,-408,-420,-2,-2079,-175,61,-1370,-111,173,50,352,-651,40,-975,-552,-122,-119,73,-322,-1220,-472,-487,427,-269,-300,524,917,-1189,-390,-1000,-156,159,-876,-282,-594,-392,-1026,-589,188,-357,130,494,462,-959,-369,-903,-635,893,-459,-142,31,-688,-642,-487,66,-1147,-1274,357,64,-27,-564,-405,593,-458,-278,-258,41,20,611,368,-189,355,126,686,-345,-1695,-357,162,-167,-756,-317,-743,-918,-1590,-588,-588,-822,-1154,-249,1050,-1531,-866,111,1144,107,-323,1079,-465,104,419,39,-31,-356,-138,-975,-594,-1139,-399,-110,321,308,-1496,1552,835,1362,350,457,876,2001,1416,1248,668,1402,924,1044,-195,1614,1037,1062,1250,935,1910,2568,658,743,3466,2193,1716,2921,1588,1350,1272,1852,758,2098,1776,1496,2674,791,2588,563,2411
322,128.4000000000000057,-850,75,-762,-637,-288,-157,-679,-219,888,-1229,-509,-99,215,-714,-100,-646,-4,-815,-845,-174,-869,747,28,-500,-1021,683,32,-725,-503,345,970,-353,-578,-663,-225,-527,-1080,183,-831,-46,-32,-1172,687,-86,469,-184,-141,-1273,-211,-1194,0,-1083,1057,-1445,-1392,-722,-158,533,144,-1058,-1440,-1445,-501,-511,-231,-174,-305,403,-1739,-555,29,-708,-636,613,308,-809,-1134,-338,-516,1,-452,-1024,-439,-1158,1272,190,-705,-1054,257,-131,881,-382,544,121,174,-833,-1017,-974,7,495,377,-945,-1381,-1374,-1162,-227,-211,-1600,53,-284,-1001,333,-937,-657,532,-1753,531,178,1127,1633,-1177,976,-1653,-246,-738,-2169,-1094,-197,-233,-254,880,-1180,-2007,-245,-313,-778,-660,-687,940,1421,1141,1291,-25,1361,2288,1086,144,968,1387,1116,1780,2608,2705,1135,570,1181,428,1614,2170,1146,1688,1723,1647,3364,1450,1044,2208,782,1121,1168,2201,1413,223,3286,439,909,2817
323,128.8000000000000114,-2194,-793,-617,-124,175,-1219,-228,-1007,-157,-1039,-516,11,-592,753,-194,180,36,-436,-806,388,-315,-1127,596,-169,-508,1207,898,-323,122,531,-317,-52,-238,-220,262,-811,-628,580,274,107,-199,1064,-1091,-555,-134,-292,-599,-1243,-145,286,-445,-326,1117,-552,-468,-1825,976,-274,47,-668,-854,641,533,-20,-340,-1274,-987,-1120,-278,-177,-909,11,-1092,-406,-534,-146,786,-363,276,-515,382,-1098,194,-1065,51,-423,-258,127,-356,-40,-100,297,-633,-256,-58,640,914,191,-790,-365,607,-1313,-821,-1831,-596,-467,-768,-1615,-1088,-1248,133,-836,-543,-567,482,-38,286,-162,1296,477,351,-1081,-317,-500,-518,-1407,-715,-739,-653,-115,-1021,524,400,-450,443,773,-435,-161,-109,216,849,1476,2073,251,1591,727,1023,1830,1893,1225,902,2236,1377,1577,1814,768,1701,1997,1002,2471,2854,1635,1452,410,2897,1178,529,897,1326,1416,1143,2307,2185,787,1008,1229,169
324,129.2000000000000171,-590,-590,-399,-474,-1350,-641,-534,192,109,1152,348,-683,112,449,-136,-275,-304,-177,-155,-470,22,1122,196,331,-221,-1034,-733,32,-164,502,-56,-1070,-791,-324,368,-400,-66,-213,554,132,426,-412,-355,63,-491,-239,211,32,-591,-1181,-84,212,-254,-1042,-586,-743,-389,36,342,-431,498,1296,-1020,-268,-1443,-210,548,15,-184,-370,-1178,169,516,-485,-585,-172,161,-817,122,518,-692,-625,393,-108,-251,-79,-597,-497,379,-272,346,1617,-5,102,-314,470,388,846,121,-645,-1255,-450,-630,-210,-870,-373,-251,-1113,-981,-686,-1161,-509,-204,230,550,-791,-576,-481,-884,488,49,248,933,-487,-743,-219,-1006,-629,-561,212,-1112,-634,-386,801,983,359,1933,44,1513,1219,-214,646,1295,1577,1090,2352,1739,1676,1536,617,771,1291,252,1482,1057,1900,1414,1970,2548,1825,1946,2499,1513,2542,1549,2299,2041,1872,961,1227,1602,2534,1511,1498,946,1864,1638
325,129.5999999999999943,-731,-595,127,-180,944,-722,-340,908,-217,172,726,638,1170,-2,-99,-280,-561,10,-424,53,-256,-382,-595,-43,-429,-922,-577,112,-164,-698,-1059,-554,-82,296,-1085,168,-1309,764,14,-520,-557,389,-94,-239,-879,-646,512,-334,-907,-1243,-116,395,-865,-461,-929,434,-451,377,-702,-129,160,-213,-629,-308,-1385,-779,599,1613,208,-1044,149,-377,517,-486,-1294,-753,-1702,163,-359,-244,384,-5,-1073,-668,-397,395,-670,-536,316,-499,239,180,234,295,252,942,599,1165,-49,-342,-508,1474,101,-293,-730,56,-373,-1279,-888,-233,-264,-1212,414,-677,-30,-296,-2085,1441,1764,-985,-538,-923,-1259,-1390,21,-1543,-298,314,-630,-740,-6,-672,997,-1130,-1070,-125,-590,730,1070,1276,1303,873,1057,1255,1652,983,1950,1351,2012,2124,1055,975,2274,1679,1427,2213,1883,2507,2542,1977,1199,882,1959,1296,1624,1897,607,1528,1063,1806,2259,241,1651,1623,1450,1837,3047
326,130,-405,1127,-723,-291,-65,-88,384,-300,-542,168,-289,257,-360,-786,14,-391,-1445,233,-1725,-433,-759,389,-2,-688,-663,-680,232,-794,-96,-186,-565,-368,-890,-1237,386,25,-645,-486,-935,64,-113,359,-306,-247,-503,-312,327,-463,-1344,1017,390,354,-1115,-1199,-234,-582,-351,-1149,167,-1268,-426,408,-1393,-173,-192,-539,-103,-273,-809,19,1130,-658,-177,-955,-2227,-463,-421,-1037,328,-138,-474,921,461,303,451,-385,-175,-654,-200,251,-131,412,639,-234,672,1,-99,-232,114,411,-962,-538,850,-204,-778,-1294,-274,-1162,-337,-857,-538,94,-618,13,507,-466,-57,1198,-243,-71,-496,-1796,-356,314,-869,217,-821,-526,170,-1030,-392,-500,-1003,-1651,-663,261,2278,-155,1170,21,478,827,497,26,1501,2349,330,1975,640,1266,1594,1893,2042,788,795,1276,1468,1456,1652,1745,1056,-265,1132,2521,1307,2306,1348,604,2009,759,1907,1411,1718,1001,1529,1794,1806
327,130.4000000000000057,-1488,-843,-284,694,1334,689,-816,-1081,-1898,387,-274,-79,-495,-460,366,186,314,904,-579,-781,-357,666,-245,-169,-665,-1363,-243,-921,-89,-677,-1185,-397,-20,-835,401,-126,-860,222,-436,-281,-458,701,-25,240,-515,147,-810,-466,-966,703,-256,-416,32,-1633,456,-480,-1390,-558,400,-2083,-925,-368,-235,-480,-399,-731,-17,-710,-609,-155,-322,1125,-258,244,439,378,-202,-726,91,-187,248,-172,-42,59,-264,1023,-786,-465,-585,600,-266,488,194,7,1085,-65,-388,809,59,-280,-1495,12,-1151,-2119,-1168,-442,61,-895,-224,-761,-641,-825,-189,-998,248,-469,-986,-139,2338,712,-68,-888,-1453,-984,-509,-1330,412,795,-113,669,-1402,-1933,-334,-709,-1190,-1180,585,2471,-1328,2308,891,1672,1521,2099,1343,1206,845,1843,152,1699,2365,282,1484,2671,1409,2026,555,852,650,1785,760,1715,631,1100,1945,1996,2161,1290,353,1629,1735,1813,1918,1276,824,2228,1902
328,130.8000000000000114,-216,-1217,-155,-173,-757,-294,-713,-395,105,-409,-1259,-618,-240,-79,-456,-41,-981,-1131,-577,-1199,-357,27,-847,227,603,723,-286,-447,-1010,-215,-111,-416,275,-1054,-105,-638,-147,-758,219,-692,-360,-1509,-738,289,4,-849,-422,-197,-555,-1104,532,-689,-516,592,-156,-256,-54,-357,-286,630,-904,382,-798,-645,-97,-664,-220,-669,-148,-1126,-141,212,-933,-778,205,-221,-654,-629,-1375,219,-564,-292,-542,995,-508,-297,-454,262,905,11,-1050,474,765,15,461,-413,-380,1058,698,385,-110,-834,-116,-712,-1557,-632,-937,-161,-1560,-1055,-887,323,-538,-1603,-914,-875,-628,769,1243,-484,-803,-73,-497,651,199,-1394,-521,-1252,-1020,-424,336,-176,-1791,-1300,-75,-122,52,-514,308,1352,1875,793,2159,-344,1902,883,1574,623,1543,2135,2346,687,1635,946,1138,2757,884,1969,202,2148,1772,1316,964,554,1881,-436,1613,836,2838,1826,1686,1566,901,1966,1847,1785,2685
329,131.2000000000000171,-28,-399,526,533,-592,170,203,-1245,-499,-201,-1272,-182,-397,-388,-369,-1269,-1061,-203,-404,-920,-1556,138,317,-1575,159,-336,-561,-189,-620,324,577,-201,-756,365,19,-371,-831,-136,-73,-276,-712,-1601,-987,-594,-201,896,-816,-492,-720,-548,-875,-1052,148,764,-760,-159,-832,-678,407,-727,-789,-233,333,-142,-563,-393,-993,-898,-299,429,-1090,-502,-381,135,325,19,-867,297,-187,311,1,-416,-784,-744,853,-1001,-856,-431,-43,-118,-761,-638,-130,138,-127,1651,355,1344,414,212,142,-566,-1230,163,-1057,-38,-936,-1015,-630,-489,-690,-30,-1308,-504,154,-1229,-381,285,39,281,-282,-646,1304,-542,-1167,-38,-961,-166,-398,-8,-1677,-77,175,-127,455,256,-327,1540,455,1093,1157,1058,1166,382,542,1049,1622,1554,1546,1499,749,1141,744,343,659,1745,2023,1114,2120,722,1743,1173,1196,1312,1724,1712,1671,936,95,1814,1354,2614,1992,1258,893,2328,2297
330,131.5999999999999943,621,-1231,-841,-560,133,-569,281,-628,-683,141,-158,-453,515,117,-252,325,-670,-726,-919,-826,-614,-1653,-751,-271,-1267,-676,-770,195,-247,-782,-471,-116,-505,-298,-417,313,915,372,-1058,-435,-417,-147,93,-1031,306,-749,30,1060,-779,26,-749,-417,-687,-1319,-800,-672,-496,-47,-628,-527,54,-201,-364,-881,-442,671,-642,199,-834,-354,1377,-99,-83,434,-318,0,-402,133,-959,-447,236,-613,43,929,-580,-435,-297,-574,-124,-67,336,410,-470,332,-318,615,681,-135,-261,496,292,-307,-425,-707,-963,-1175,-1072,-420,-603,-681,-939,-546,-442,-943,737,23,-293,-641,-99,-49,-332,32,-308,122,-172,-1486,-551,-361,-448,-689,-652,-757,324,469,38,-663,1586,-484,-275,-76,1324,770,1646,1313,740,1563,2025,2446,2339,661,1234,-15,2145,1565,1327,1039,2046,1569,586,2170,2496,1789,2143,2041,2139,1292,1798,641,1221,-72,1672,1000,1120,1697,2276,1920,2697
331,132,-871,320,-1345,336,-128,-833,-194,-762,-998,876,-170,322,-655,36,-199,-888,61,-521,-1232,-532,-207,-1207,28,-889,-260,-927,-208,-1000,-842,-155,-64,-1174,-633,-143,-703,-398,-1109,-946,475,-600,-650,-173,-294,-665,-497,-726,-385,-375,-608,-704,-191,-788,-621,-506,-857,-1351,-299,-865,-305,-981,-1075,-55,-740,-795,-238,-428,103,-561,-792,725,-731,-519,-426,671,-662,-584,-400,-502,-1464,318,-85,-316,213,-108,651,-700,-1038,-134,-768,-172,884,-537,104,434,420,-2343,126,535,-141,-41,190,1017,-912,-1016,-613,-568,-1071,-258,0,-1184,-1144,-344,107,-1474,-1051,-1406,-199,-119,143,-233,-884,-12,-2875,-806,-214,-94,191,-4,-477,-352,-752,-1757,-769,-1360,-401,202,-351,-350,625,996,1022,453,777,1006,2208,1378,734,754,1986,775,994,1634,1111,1029,1314,2131,2564,765,1382,866,703,1458,1625,1212,991,1143,2491,1259,1205,772,1061,1892,989,1584,996,-284,135
332,132.4000000000000057,-991,-913,-229,-1278,641,-53,-827,-39,892,87,814,597,-511,-839,-160,-865,398,49,-393,-636,-1399,-297,452,-736,-122,-611,-459,-538,-137,-329,-453,-80,-295,-324,-734,-140,-765,-1192,-255,-563,493,-15,705,-193,-852,-519,-606,-86,-456,-1307,-1325,-528,-14,-752,1198,-662,-630,-597,-1130,-828,-208,-622,-23,-353,-578,-838,106,-345,-378,-1340,-341,-406,-128,-72,137,-463,-267,261,799,-331,-1104,-269,-745,384,-935,-695,-45,523,95,406,251,-624,-769,-804,-289,-429,1070,103,-700,7,245,-75,-1527,-699,-458,-1061,-735,-1323,-469,-384,-677,-1029,-557,-1439,839,434,-1130,-483,-347,-361,-294,-164,430,286,484,-108,236,-1033,-1079,-1610,357,-1104,-497,-2182,-543,-19,-486,-67,152,-396,28,923,444,1243,1250,657,824,1405,1399,1225,209,2742,1490,971,1192,970,1550,2719,1567,2241,788,1008,1442,1490,1447,1533,1405,1191,948,49,1471,1373,1796,397,1373,2181,1630
333,132.8000000000000114,-1650,229,206,-1463,-170,-1181,-142,-542,-521,-57,-1434,-236,-1396,-230,17,-527,-369,-114,-140,-314,67,460,-568,116,-981,105,-273,-595,-942,246,121,-536,-204,-195,796,-138,-457,-599,-505,-1138,203,482,1347,303,32,-591,-514,185,68,96,-925,-120,-1325,292,-217,-1216,-788,21,300,-544,-723,-830,-198,792,-647,-553,-927,-994,-810,527,-136,-748,-1010,-627,-1443,-389,-244,-1096,-246,421,-872,-489,10,-248,-72,-342,-506,-1035,-86,-344,30,1124,164,894,-274,-1559,-239,-77,418,-671,-593,136,1076,-1273,-1366,16,-415,-109,-846,-756,-1047,-541,-257,-207,-255,-363,-2494,-1427,-81,220,-1617,-108,667,-133,-1918,-796,-172,-9,-190,-404,-200,138,138,858,216,-1129,482,-313,929,199,1535,1389,739,506,1464,1153,1045,927,2480,985,1339,1512,2080,1226,1888,827,1513,1492,940,1908,2768,581,1389,648,1411,1629,921,980,673,1982,1402,1345,986,1054,882,2068,1375
334,133.2000000000000171,-362,-1325,140,-1033,-486,-721,617,-622,-576,-257,418,-243,-848,-819,539,-1485,194,-853,1044,-203,-607,-920,-9,-230,-715,-546,-1027,-913,-173,-375,-927,625,-951,-455,-659,-458,837,-97,-1515,-454,-262,38,-1122,-493,-298,-1203,-259,-568,-165,73,610,358,-282,451,-76,-1538,-1162,-382,628,230,-708,-268,-524,-624,-673,-1037,315,-1116,159,-854,-600,-1122,-108,-925,441,-569,342,-1142,-618,-774,-279,-1644,-628,602,-694,-101,122,-665,-64,-355,-85,372,-9,875,-572,171,1237,419,546,-894,-279,-387,-1490,-750,-293,-1321,174,-922,-713,-712,110,-85,-1000,-541,-234,-540,-225,-349,594,-1096,-288,-838,2153,-1263,-1135,63,-1411,256,-320,-728,-1199,-642,-1221,-788,583,1057,-912,-296,2303,334,335,-293,907,709,726,1537,992,1994,891,438,1651,2349,1502,2374,346,1439,1367,2124,2466,2126,2019,1865,1260,1308,1193,2073,2030,2302,1362,1059,535,201,2307,2019,968,1625,1298
335,133.5999999999999943,-570,-744,-373,664,-144,138,127,-54,-1286,145,370,-813,-415,-1348,-714,-656,-1013,-1,-295,-569,-31,-538,-1116,-1168,-455,-775,-585,-513,-372,-1334,402,-13,-586,-266,-708,-273,-537,-369,-352,-241,-616,-195,-452,-278,-1873,-403,179,-114,-628,-16,114,-448,71,316,-1408,781,1199,480,320,204,-395,459,-240,-21,340,377,-218,-1106,-198,-930,-118,115,-515,-1559,-738,-231,-244,-1091,-482,289,-351,-265,290,-307,1296,-889,511,-632,597,-389,-1366,943,76,324,416,-742,1563,448,258,219,236,-1033,-316,-1565,-1023,-1570,-1042,-444,82,-357,-526,-1116,-1426,-806,-272,-3330,-805,-595,-283,-393,-46,303,734,169,-882,579,-436,-746,-745,-360,571,-319,-466,104,-1065,-835,340,259,785,2296,1318,491,681,1104,1079,-132,799,-253,1180,880,960,3033,1247,31,1347,501,1165,1443,1262,2197,577,739,2318,1554,1518,1402,1588,909,1716,2194,1900,727,2448,2309,1916,449,1499
336,134,-568,-1327,-1326,-1010,-691,-1240,-342,-161,-200,-32,-880,-631,872,664,-968,-467,338,-485,999,-140,-120,-428,-1236,131,-603,-1251,91,-1040,535,460,94,-560,-269,-456,629,-406,-961,-1057,-355,-817,-787,192,348,372,-581,-1310,4,-778,409,-459,-625,-875,-1134,-705,-257,-411,-1360,56,81,-768,-211,-715,679,-263,-430,407,-414,-1296,-710,-632,-437,-960,-867,575,-939,-1093,-475,669,117,-516,274,738,1360,-991,-1040,-766,-1326,-231,506,-509,-270,100,-520,-46,503,448,25,756,357,-542,849,-214,-182,-522,-203,-96,291,-267,-673,-1025,-481,-486,-944,-172,-333,-111,-1052,-654,18,469,75,367,-907,-839,-1904,501,-64,110,-13,-772,-507,654,769,-648,-1246,26,1708,566,1081,552,288,1452,896,1467,1114,1652,584,1327,1279,540,2439,3254,1380,489,1833,965,1636,1131,1322,1197,1442,1758,864,1887,1350,875,1362,1449,1356,1184,1727,1797,1034,1828,1366,303,1950
337,134.4000000000000057,-333,-101,-461,298,97,-383,-419,-849,-626,420,775,-506,-889,-1016,-1564,678,-290,163,-1033,-354,744,-806,-547,-219,-108,-42,-1546,-580,-7,-644,-774,-424,111,169,-1221,295,217,543,136,228,72,-507,539,-979,-216,-224,843,-260,-554,-1660,-47,-449,-135,-69,-962,-1225,-757,-414,121,-439,190,-132,-1039,589,-433,19,-1959,567,-804,-800,-2006,227,-323,235,46,282,-1067,-542,-331,-113,-1403,-947,-1006,350,-786,-379,-614,354,-54,-199,275,-64,1064,-11,44,842,509,324,-376,-765,-954,-309,1664,-832,-613,-1180,-310,58,-1275,-203,-754,711,-1119,-1358,-671,-1492,-1502,-1681,697,-520,-388,-406,86,-404,-789,751,-279,-510,-1423,-1257,-421,-287,-215,-122,-374,193,-531,-820,221,1466,377,1294,870,1655,604,1380,1625,1605,2854,1715,873,1798,1467,1326,839,2058,1681,1637,2009,2614,973,1382,625,1134,1091,1759,2310,932,1752,1912,1390,1128,1048,1320,845,-95,573
338,134.8000000000000114,-246,69,-342,-393,-1011,166,214,3,-758,-1581,57,-527,-1285,-619,-527,-328,-183,345,-256,565,-92,775,-944,-702,318,-41,-847,-74,-334,124,-1238,-1457,511,-405,-158,-707,-232,-1163,-1098,944,-1480,-285,-950,-623,-316,-561,273,159,-224,-1341,403,-50,-840,-401,-625,-579,-901,-1371,-1051,-810,375,98,-258,-869,-272,-571,-1501,-488,-1178,-909,40,499,-600,-384,-719,-302,596,-198,-742,-953,-518,332,134,-18,503,-46,-158,-942,66,-486,16,-299,-448,-350,250,-264,101,508,116,-858,-1058,-262,-264,-253,241,-811,102,-86,-651,-914,-6,-60,-518,-392,-663,-773,-767,-22,638,-287,-672,-115,-510,-755,-716,-450,-402,-560,-137,-841,27,-796,-217,-842,-103,-903,-432,2171,1410,517,1298,961,1098,1120,990,2347,784,1319,267,1362,1951,2233,944,-6,1149,1000,1251,559,630,1389,1671,1599,1487,1190,1537,1294,742,651,1548,884,1438,1668,1334,1023,1844,1646,2459
339,135.2000000000000171,-501,-95,-149,508,-342,-510,-220,-53,-797,96,-542,22,-388,-661,-922,154,-964,-480,-727,-1382,-1183,-124,-521,-553,-628,-375,774,574,-847,-282,-830,-755,474,-197,-32,381,119,204,-625,-331,-592,10,-1014,-179,-39,379,-406,-137,-245,-749,-122,113,-730,-304,-626,-313,643,-611,-717,136,-855,-149,-1058,-648,447,-363,-1119,251,-333,-705,-364,-649,386,-926,-226,249,-292,-573,-575,-1472,-636,1311,-277,-341,-16,65,-997,-290,528,351,153,-395,223,-425,40,2737,329,938,-1510,429,-2640,557,-178,-955,-434,-683,-57,-1111,-929,-676,-589,-699,-811,46,352,335,-104,1359,384,-284,-624,-571,-73,-885,-1524,-266,-186,-677,-265,-1083,-502,-1356,-530,-128,1175,-382,135,209,943,751,1671,906,2236,1229,1619,2400,628,2512,2154,1183,1043,2583,1301,-136,1166,2845,435,1048,846,998,622,2717,2183,1341,2233,1738,796,984,1614,3194,1352,778,1032,-152,1871,1360,1108
340,135.5999999999999943,-861,810,480,-74,120,-571,129,290,-400,-929,275,-508,-5,-594,90,-104,645,168,427,535,-440,-36,287,-605,-126,-1003,-1114,-2231,-955,-122,-628,-620,-1237,-113,-632,-945,286,-626,-30,-138,220,-202,-666,16,-119,-279,-768,428,158,15,-57,-1134,-956,-724,171,161,-713,-729,881,-120,-103,-632,-389,-27,-161,-608,87,-14,-111,868,-533,-952,-617,-134,-577,-1611,285,173,-115,-1073,464,-222,400,-769,-974,-456,-893,45,469,561,590,-196,140,82,1196,852,-292,-263,-1269,-898,-118,40,286,-1146,-620,-391,-970,-1349,-825,352,-789,-366,-781,-1108,-859,-333,729,-1596,-519,-81,72,392,107,-681,-1141,-1047,50,-958,-550,344,-1692,-708,-341,-780,-529,-414,-126,-338,807,647,768,1204,416,-7,384,531,799,-1305,2150,1056,1239,901,1673,2971,1280,1954,348,996,2836,954,856,1040,-90,2328,1504,2528,1758,559,1130,1692,836,183,487,1440,807,1109,147
341,136,-122,-435,34,39,164,-766,65,-551,148,-39,94,-60,321,-384,-82,-857,-943,-236,-60,-597,-178,-181,-819,-654,-347,-358,-1867,-1571,184,-859,-738,116,-858,-240,-682,222,-823,693,-1162,188,-894,-1572,-865,-956,-1105,-804,403,-1080,-346,-486,-560,729,148,-157,406,152,-1100,-599,-248,-480,-104,-1951,406,-298,-683,120,371,235,-437,526,-338,-222,230,-531,-769,-350,-153,-740,-597,350,-43,594,-58,287,-1743,-105,-826,-229,-67,-67,257,230,-14,-618,-186,102,439,-79,347,459,-391,-832,675,184,-613,-284,-1076,-459,-665,-237,-704,-658,-753,-1468,435,-916,-218,-607,-279,144,-390,542,948,-217,422,-481,535,-608,-632,-1264,-52,-1035,-1278,-978,1790,517,542,294,525,1942,950,709,1534,1422,1359,2762,2107,1582,301,765,1045,1590,1133,1813,316,1157,1278,-63,1368,2433,1276,2282,936,1011,345,1180,1556,1534,1986,1389,1113,776,1419,1053,1700,1119,279
342,136.4000000000000057,-102,-1036,-321,-478,34,-259,-865,-1603,877,-123,296,-315,1087,-636,116,-68,-888,393,390,-998,-570,-579,-441,134,-278,-319,-704,-390,-1214,-467,-857,-1010,546,-356,-47,-245,-753,128,-234,17,22,97,139,-176,-330,-229,-442,-744,275,-601,-871,-661,-236,-1146,466,427,74,819,-107,-380,146,-407,719,-1076,-739,231,-563,-687,-1171,28,443,284,-434,385,-465,-549,-882,327,-603,252,-996,980,-676,-1102,-702,-949,20,38,461,161,369,113,395,40,340,76,101,-380,-615,-935,-766,285,-938,-836,342,89,336,216,-340,-535,-273,-404,-1153,-351,50,752,-1022,-1458,-436,-196,-481,-100,-482,-161,-666,-972,-1071,-648,-655,23,780,-1241,-1042,-123,-531,-129,-126,528,500,249,1780,1310,449,954,2354,2100,1145,1237,2314,1464,1544,1160,872,2053,161,1693,1464,1911,1379,1206,2250,2205,1394,2135,1634,2020,1562,1398,808,866,1256,1943,311,1409,1861,797,1704
343,136.8000000000000114,-149,-225,-744,94,-572,432,-227,-761,-796,312,-1086,-2010,51,607,326,-1385,207,-832,-264,324,-869,711,-1133,-490,-608,-556,-1618,1019,93,-486,-685,1389,-428,-718,-207,-1818,202,-654,-449,-469,-238,-1254,-364,61,-551,354,-415,-362,356,-108,-627,-366,148,-602,-86,489,242,354,-407,-150,-684,-509,-781,-254,-94,92,-822,-317,-1323,-676,-6,-335,919,-519,99,212,-521,-271,86,368,-105,-84,-441,-514,-167,-242,610,115,-171,1005,636,-272,-665,265,-147,666,-352,801,203,544,856,-1032,402,-454,-83,-331,-487,-871,-1177,-713,-345,-727,-63,-511,356,779,-1901,843,1716,-306,-1395,-385,-1360,-507,-842,-247,-356,-1036,-877,-1675,-1507,67,-395,-823,-1226,-943,-104,14,-830,976,1010,873,257,414,1398,1513,1185,2415,3093,1204,1578,1786,1036,1686,218,-206,2176,766,902,1093,1464,993,1396,573,2414,1041,262,1463,1264,1255,1940,1880,809,1115,1352,1355,2070
344,137.2000000000000171,538,-1026,-479,-1270,-456,-458,-418,-306,-1222,563,579,-289,-92,-96,-312,-730,-588,-913,243,-670,-506,15,135,472,-139,-1102,-104,-1324,-290,-82,-1449,-1035,209,670,-27,-1594,-769,-578,-995,159,-313,124,-819,-363,-256,-264,567,-542,-437,354,-349,-25,162,-83,-344,-40,-1076,-557,-380,-378,-1439,-899,-752,907,-25,474,-613,-153,-1564,1438,142,17,-121,-649,-175,89,-16,685,-603,90,94,-943,-683,640,120,221,-878,438,-693,521,130,234,172,-437,453,237,-229,-1212,502,-251,-1169,-931,-409,-596,-617,-606,140,-171,-411,-314,495,-415,-450,-1137,91,-1122,323,1705,-292,-639,-58,677,-1013,-201,74,-830,-1306,-625,-361,-655,84,-40,-895,421,-209,-109,-482,207,1169,427,261,-198,682,416,800,790,646,35,1413,853,1800,565,1384,-555,1029,707,780,1649,2196,2252,2130,2435,2087,612,1538,1497,2037,1312,481,1214,1867,1217,695,1983,920,577,1540
345,137.5999999999999943,583,273,126,-2203,-234,-565,-430,-650,95,-141,664,442,-195,-17,-567,-591,-467,-644,-84,-504,-690,-57,-613,-441,-150,310,-522,2580,-521,-26,-1278,-1202,447,161,-473,-422,-567,83,-211,332,42,63,-672,-323,-279,1034,-361,-513,-270,-1015,-904,-632,-297,229,-577,71,-261,-306,-762,-719,-104,-755,-592,-484,590,376,-394,1060,-743,361,-1479,-683,-237,-351,-1387,-533,-805,-217,-451,-703,-575,-946,630,874,229,80,-867,-968,-829,130,-777,-346,-361,253,126,404,1234,601,-304,-270,-872,-241,455,-1899,-376,-840,-511,-694,-527,149,-287,-610,-759,944,1034,-73,-836,-1744,-298,134,-491,-19,-1656,-355,134,-219,-12,-497,-741,172,261,-148,-653,114,20,611,794,901,1744,1478,1872,509,440,1655,2267,1185,-506,35,2342,2180,1950,1381,944,369,1979,2063,1762,2091,996,1607,1407,1704,1541,928,1849,1492,1887,1589,1182,2673,1148,1169,1271,1375,1373,1462,614
346,138,-116,-430,-1382,31,-296,-795,-1087,-1792,-355,209,-750,147,-657,413,-284,40,-129,-551,-408,-246,-122,132,-4,42,244,-905,198,-1332,-872,241,515,262,-65,349,754,252,-665,-883,-194,-287,-91,380,-826,44,-83,-495,-1332,-920,-96,251,-715,117,-572,-623,-1203,65,202,-963,109,551,-680,363,-507,306,-933,-466,-728,-350,59,329,217,-392,-817,-761,-840,-29,-1073,437,-176,480,-90,-1499,-1060,886,85,-147,-742,-1255,151,127,36,325,397,23,715,857,327,-1082,1280,-612,503,-926,-84,-262,-1507,-1014,-480,464,-1588,-1187,377,-675,-705,160,-610,-2576,-707,-502,894,-590,-379,-118,412,94,-526,-618,-120,-829,-646,-236,19,-2211,-527,-231,-1706,-341,303,-804,316,963,2279,981,816,1301,1268,1220,1822,1102,100,2080,1157,1610,1419,1627,2294,937,966,207,1889,1045,687,2574,1165,1040,1017,1434,1679,622,974,1243,852,1567,1387,2101,1888,931,330
347,138.4000000000000057,-1,60,-322,67,-744,433,639,294,461,-452,45,163,-295,154,42,-1000,356,-712,-780,-160,123,-352,-766,-838,-688,-725,-685,-937,-379,-312,-390,-1315,280,-467,-217,-346,-532,-560,-381,-248,-705,253,-29,108,142,1746,-428,153,134,221,-848,-679,-616,-467,-528,-1153,-152,-1152,-777,-586,26,-312,591,538,-195,-1230,-355,-1580,-116,-1823,79,-636,-585,-1142,-1199,-511,109,-1038,-998,318,321,-1096,37,-156,71,-68,-956,273,359,155,-1184,882,279,17,35,1156,256,927,309,82,-71,-333,-590,-873,53,-291,-838,-2210,-524,1099,-716,-229,-144,666,-22,618,-26,-1291,-127,1917,125,-868,-770,-429,-441,-235,-512,-1203,-945,175,-1081,-386,-380,-254,231,-602,-258,367,144,505,1480,667,1460,1090,229,1118,854,3014,679,1142,625,288,974,1461,328,759,378,2238,1266,1342,1645,509,919,1194,816,736,1180,2027,1030,1335,761,971,1342,1282,2145,1777,1190
348,138.8000000000000114,-906,140,282,-637,-1691,-556,232,-262,-1878,-141,-1499,90,-36,-310,-1438,-219,-1312,-296,-795,-588,-667,1074,212,-157,-1015,-345,-453,-616,-1372,43,-1261,-1480,-597,-411,61,-540,-531,-125,-120,-576,422,-328,-325,-757,-2,-656,-980,-811,458,58,197,-1276,-813,-793,-500,576,-542,-987,474,-678,-819,262,-1177,-92,-362,-868,-599,-327,-828,-717,16,672,-418,-579,341,-898,-1027,-914,168,124,-1012,112,-589,-2216,269,-326,-170,-1206,-147,75,660,-341,-920,-59,-153,-267,243,-125,-312,-451,-549,-757,769,417,-929,-745,-951,-421,-1038,-1246,-315,-748,-725,-1140,1405,-762,-1427,213,365,-1527,-569,-108,-746,227,-1319,711,-640,66,180,200,-1265,-593,-332,-2268,102,-564,1886,729,124,1207,2070,909,989,1399,674,1533,1704,737,779,1171,1425,1559,1721,1119,2554,1498,1757,565,735,1785,480,771,1021,1191,1602,1243,1634,1451,778,549,1450,1312,1270,660,2120,1678,1345
349,139.2000000000000171,-650,-268,-524,586,-430,-373,-540,-439,377,-509,-703,242,704,-363,367,-430,-109,-526,-488,493,-703,-870,479,-139,567,1276,-575,-361,-360,-604,60,-480,204,-496,-599,-156,480,-1070,-181,-360,60,-840,-204,644,-988,80,152,-2152,297,-1208,-771,-213,-1475,-646,-438,-186,-1330,-269,-1441,-610,-395,-254,-195,-382,-582,-328,-447,729,1259,-170,-915,-496,-44,-1419,-493,66,-1073,-1335,-398,409,258,-935,174,-1051,-424,345,-1691,47,-423,-519,252,17,-82,432,513,-861,427,-441,-821,-157,76,-49,109,-396,-1028,-513,-736,240,-491,613,-932,-1545,-397,-1038,-511,-178,3,-622,1074,1115,-293,-192,269,227,734,-795,-322,-1159,-606,-691,-867,-155,338,-3760,-733,-1263,-304,590,-247,207,572,1540,474,1623,814,2302,-2458,1241,1789,965,1334,1925,2189,2296,2028,1151,1266,1270,222,1370,723,1174,1822,1464,1490,-60,1298,1759,2059,1257,2040,1412,1215,1837,2545,1420,1904
350,139.5999999999999943,-134,16,-1122,-512,-588,-300,-1338,-236,-1156,327,-589,-737,-553,340,-648,-221,294,-564,-342,-656,-259,-265,-1146,-357,-401,1206,-626,804,-395,-719,92,-81,-1027,382,-971,-411,-825,-112,-902,-939,880,342,274,-1169,669,-660,-179,55,-866,9,-1473,-931,-1165,-629,-1367,-1181,479,417,-455,-98,-212,229,-45,25,-50,-889,-281,-235,-272,-631,-1045,222,-1141,-840,-258,36,974,-88,148,-399,-586,-837,416,561,-1005,555,-598,-126,32,-489,322,688,212,-352,264,477,304,315,-387,-952,-144,-250,-47,-609,-376,-478,-1034,-841,-512,-1925,-1008,-1098,-174,-1449,-973,-652,-33,131,167,68,-1624,-95,-964,-300,-423,-472,-1204,-1073,-890,-947,-601,-770,-510,-2168,-271,-297,58,317,390,96,664,1109,773,776,771,971,-30,2840,1204,1570,1158,2397,1550,1694,1166,301,2045,1193,714,1956,802,1618,2192,759,813,1627,1125,1495,1376,998,1218,395,1192,1437,729,1436,1588
351,140,-371,-734,1040,-711,-428,-479,-713,-1435,126,1378,-1051,496,-1065,-900,533,-946,-1107,-1249,-486,-657,-411,-342,-110,-1414,-331,-1403,-610,-983,1056,-645,118,-270,523,15,-606,157,-363,-809,-572,-531,392,-1067,-115,-333,-272,-606,-289,1006,915,682,-123,60,173,-718,-1350,181,-1710,-98,740,-328,-629,-239,-354,-1188,-401,-87,-2193,439,-21,-173,576,178,-10,-215,-474,-973,-715,-594,-775,103,-1167,185,-1140,-71,-1343,263,58,-69,-709,-111,-69,-243,266,398,656,-97,-975,-425,272,-586,-810,40,-360,-1008,712,-191,-1628,-1233,-811,-63,-408,173,-1068,-436,268,-776,-938,-779,-642,28,97,-285,-192,-242,-1429,626,271,-551,-776,-819,-1104,-1005,983,-384,-658,-1151,-340,1143,665,1513,34,1006,734,1002,1385,555,1147,2145,383,739,2371,1989,1368,1027,1554,2217,925,1514,666,1589,1766,2088,1122,1264,2284,1078,1357,1914,1057,1439,2103,1137,1216,1109,1424,1687,1669
352,140.4000000000000057,-945,-1458,-523,-1861,-941,-387,49,-1715,806,-195,53,35,854,-327,-535,-479,-1282,-614,-408,322,-691,-504,-652,-453,173,471,-176,-770,-139,-1478,-431,-478,-166,-797,273,171,-31,-430,-282,-1800,-1505,-1080,-5,-1404,-29,-213,712,-1091,586,-210,541,360,-334,-649,-1045,103,-424,-962,-652,-246,148,675,-781,113,71,783,-346,1293,-1604,-1400,88,510,-92,6,-504,-735,-205,-685,144,-1432,-460,-263,282,-1117,196,202,-333,-926,-810,-319,425,-114,-400,-452,-50,-172,887,-364,-350,508,-307,21,-680,-111,-390,-1457,-1347,-973,-633,-1365,610,-281,-995,-79,-795,-718,-696,5,550,28,-712,-55,-316,498,-799,124,-259,-994,-57,-1540,-932,111,-1211,-2206,-146,1339,-255,-30,594,-40,398,693,1576,1237,686,2098,-588,956,931,1216,1073,1565,928,1945,1213,2461,1512,2356,1278,1777,943,1835,1650,3038,1397,347,1553,2093,2141,1334,1027,1254,1313,2184,2552,1955,1559
353,140.8000000000000114,278,-90,-716,-1954,-322,32,-1233,-1445,-19,150,842,-585,-121,-180,-1705,-749,-1545,677,-826,-1130,-521,-1578,-466,-883,-577,-392,457,-1329,-270,-708,-945,-702,126,362,-655,753,644,-817,596,-860,563,-787,180,-842,-591,-533,-631,-559,-895,-904,-138,192,-641,-1330,-708,-753,-267,547,-847,-675,337,-196,-338,-800,-742,653,-232,-46,1092,-515,132,-983,7,564,-1286,-691,-788,-630,-912,-1285,-776,-650,-526,-1126,-265,-767,-963,-637,304,47,26,64,-284,183,-91,-500,-487,-66,-127,-429,441,-123,-1030,-638,-539,-339,-1046,-435,-318,-1264,-1170,-312,-991,-105,-546,558,-1105,152,-652,552,-1164,-593,-2,-799,-18,114,645,-1515,-630,-774,-419,564,-1586,-1618,-950,196,-1078,161,738,1664,946,1141,796,1186,589,1192,748,1048,2168,767,2600,2151,1801,1229,1612,998,1536,1548,1641,264,1134,1744,656,1998,1297,2011,1143,347,1805,1489,1831,2277,1042,1889,1021,-393,1676
354,141.2000000000000171,-60,-198,-1240,-1507,-315,-122,339,-965,429,10,-797,-575,-249,1443,-440,-76,-699,511,114,77,-652,734,-1367,-142,-243,-1320,144,125,-59,-112,-225,-211,294,-278,-1315,721,-953,-818,-693,202,-586,-1635,-521,-748,-859,224,-24,50,-988,-1066,-157,-554,-822,354,109,-1225,-94,-388,-1679,-341,-369,-13,-73,-418,111,308,-1039,-197,-436,-1,-239,-794,99,42,-207,1009,-1204,-748,-965,342,-415,-416,-813,-780,-1013,-9,461,-514,206,-87,-86,-693,19,465,-855,723,187,-172,-66,482,-491,-312,-432,-253,-160,-1617,-1625,-2395,105,-761,-153,-410,-969,340,304,-732,-26,-49,-281,248,-551,-912,-211,86,-98,-314,135,-357,-779,-836,74,128,-922,1012,1197,-1113,-744,-642,1283,1803,496,456,534,1683,1570,2323,1625,1295,721,2084,963,1915,1848,1397,1226,2014,1824,1232,2226,1565,1747,1202,1813,936,1240,2412,1599,2186,1764,1735,1712,1545,900,623,2206,2843,2591
355,141.5999999999999943,-1072,-446,-1254,-7,235,117,-659,410,497,-1561,105,-27,277,-145,-970,159,-744,-1225,-345,-655,-139,36,-397,-817,-152,-217,-266,154,-853,-303,197,-446,-1014,-385,103,10,182,73,-75,-1414,-1214,-151,-991,-49,-184,-115,-269,-1626,32,216,-1245,-550,-429,82,818,779,-1246,-431,-368,-1045,1145,255,-441,866,31,-177,-244,163,-741,-124,-50,673,469,812,75,-221,-376,-68,229,-163,-843,-724,-816,-802,72,-207,-159,-671,-504,-484,478,-328,-704,775,450,135,40,324,-109,1358,-79,188,-309,-452,-1052,-393,-332,-1198,-684,-91,-217,-358,-382,602,-521,432,-1098,-715,-1044,-1197,146,-382,-450,-1599,-659,-102,1,-690,-155,-267,-796,-676,528,326,104,732,1038,-76,205,900,1733,813,951,884,1707,414,1500,595,813,1161,1133,731,1905,2664,604,1118,969,1420,1111,1002,1157,1998,827,1477,1161,431,1103,1238,1123,1141,1036,1323,1777,318,1466,1812,3247
356,142,-707,-857,-941,1026,1658,-520,-138,-504,357,-610,37,-1674,-712,-735,-419,-1012,-1601,-861,417,-254,-47,613,489,-438,-392,520,451,-337,-186,677,376,353,454,155,580,404,-1323,-737,-842,411,-705,368,-191,-886,-493,-127,-218,-792,236,-670,19,-463,369,-1101,246,698,226,-78,-1082,-277,-1131,-1023,-1294,-192,-371,439,18,261,-195,-1012,854,-288,242,492,-737,-400,-911,-592,-447,-2000,-592,375,-46,-862,-1139,-709,-1436,437,-710,-736,408,464,-892,-16,505,270,306,296,465,-1185,-25,124,196,367,-158,0,-1551,-1132,-1027,-1342,-1225,-748,-572,-753,-56,-1592,236,73,-37,-139,-3,729,-453,253,-591,-1426,-1216,-1106,-132,-11,-1653,839,-828,-468,-718,89,-886,-1143,106,990,1200,495,1058,720,1455,1548,1142,1751,895,1538,1312,2060,353,888,2615,2146,1225,1118,548,1061,1488,2037,1822,2652,982,1733,662,330,1599,1286,1435,548,1264,983,808,1769,1367
357,142.4000000000000057,-473,-530,-628,-1576,182,-515,-1154,-257,328,425,-1056,-438,411,823,-751,-695,-763,-622,-15,119,-446,382,-350,-986,-1831,333,-1263,-1066,-137,-279,-476,-129,-101,-397,-293,400,-1888,-315,-1230,-114,-1068,246,-433,589,-847,82,-206,-295,-583,-137,-763,70,928,-295,388,-142,-142,-813,-822,-713,-890,556,-534,95,522,-541,-108,-8,127,-528,489,-627,-524,688,-484,-573,-571,-288,-403,-296,-625,452,-691,-459,756,111,-181,-778,-354,-130,-134,1946,388,23,-433,924,-116,-731,-132,-534,-229,554,194,-514,-786,-162,-285,-1076,-674,-1000,-1689,-1450,-741,-832,-660,782,-418,-895,-535,437,-1214,-149,613,-326,-812,-1079,-800,383,-678,-941,-486,-1440,-1109,228,-407,449,897,-355,-17,742,-257,2100,420,505,1103,2241,747,2221,1500,1864,2049,927,2047,1403,683,1449,1396,1460,1622,1881,542,1372,1903,1193,732,826,1143,1591,1705,1189,1566,1032,830,1064,-2,2241,1030
358,142.8000000000000114,151,46,59,-1747,459,-1523,-676,361,-1194,-286,-502,-255,174,-8,121,-455,268,-205,-373,-381,-965,-76,-477,-123,-626,1120,-756,153,-810,-1365,766,-625,-541,-821,-279,303,432,-780,-856,-915,473,-138,-765,-436,-163,-449,-936,-699,-382,93,-1001,-221,-376,-507,-1744,-242,625,262,107,-1815,-635,349,-434,-149,134,-1438,276,-139,620,-354,-630,-674,511,881,-562,-635,-229,-588,-590,-12,-363,-124,-392,-1438,-1133,-413,200,-373,852,53,-1014,-396,-604,-27,-135,1145,162,468,-141,-143,174,-310,308,-740,-927,346,-633,-739,-1130,499,-667,-1358,-225,-1360,-10,658,1009,-257,175,307,353,-88,-904,-273,-726,433,-1302,-542,-1175,-703,24,-944,-1316,200,-781,-846,-1015,-408,764,1783,812,1225,1211,2282,2206,3090,1394,1131,1036,1479,1020,992,1525,510,1127,1723,665,1341,855,1190,2095,2100,1316,1486,1754,551,1576,1281,-28,2180,66,1040,1898,1303,1326,1625,2155
359,143.2000000000000171,579,61,-762,258,-489,-1821,-512,-258,89,-110,45,-148,7,-23,-166,-667,-155,-775,-1281,-856,-879,-336,-534,-557,-269,-282,69,622,258,-421,49,-299,-971,-505,-43,-497,245,-722,284,102,-567,-1246,291,-859,-955,-161,353,-1284,728,-1372,-498,-1005,-107,202,232,-1445,-1192,-12,-416,-224,687,373,-428,246,-189,-454,3,-132,-1023,681,-620,93,-916,-1636,-913,800,-956,-941,8,-189,-137,450,-573,-686,-102,-414,895,235,-90,-85,-973,331,320,84,103,1453,-239,1233,90,524,-368,113,1191,-97,-861,-336,-527,-665,158,-156,-235,-69,-752,-569,355,-360,75,-1690,33,-63,-86,-134,465,-369,-406,-580,-381,120,-676,-804,-293,-1129,-1767,-1334,-1981,-276,124,688,95,1401,-835,322,1261,-29,486,2148,1711,2642,1230,1418,1274,938,2043,647,1303,1307,1042,1595,1721,839,1680,748,1370,1376,650,136,1711,1650,2144,1958,874,1593,839,1672,1449,1335,995
360,143.5999999999999943,364,-410,532,484,-562,293,252,-579,78,-449,205,-235,755,-82,130,582,-685,93,181,152,9,568,-317,-1187,1016,203,-641,-1165,-975,-372,-100,418,-638,532,-264,522,17,-499,83,681,-489,-161,-196,-5,-265,152,755,-268,1111,-733,-669,502,-742,-381,-293,-1,-1418,-671,-588,550,-341,441,-1065,34,-381,-1449,-973,-1782,-478,409,-559,-497,516,249,-551,222,-1494,250,108,-1482,-1131,-523,-175,-39,392,-450,-990,193,-416,-539,-286,-25,432,142,783,-413,529,792,-102,-458,-1072,-942,-506,634,-615,-896,-667,-763,-717,-696,-755,-555,-602,-273,-191,-343,-2447,355,-993,360,704,650,-1366,-59,371,-1818,-302,-1576,-332,-573,28,-126,-542,-88,-190,196,-83,729,575,-490,896,678,1664,637,931,1392,1201,1149,1235,1322,1233,1025,2095,1413,463,1428,1541,2401,1269,1991,2649,522,1611,687,1521,1104,2462,697,1215,1253,1018,1388,2097,456,1579,-69,192
361,144,-996,-182,83,-1727,-216,136,79,-1110,-131,188,-447,-473,-1407,-268,-79,-255,-160,-187,-970,-274,426,-1158,-312,-291,-203,-1719,-792,-392,-36,-578,-284,-1093,-830,148,164,626,-287,-778,-870,104,346,-558,-847,-1372,-588,-647,-649,-383,-133,-283,-1176,-521,-323,-1280,870,-521,-530,-560,-896,139,-811,-594,-619,-1404,-587,-688,-427,-801,-440,200,-738,-375,-52,-2114,-259,-756,-24,367,-1292,-1013,-262,-379,-199,50,-155,490,55,-406,278,-951,-36,-287,-139,-712,416,-134,-219,9,133,-194,-278,9,-1037,288,-914,-1023,679,209,-1015,167,-1018,133,-476,-910,-198,-988,328,-946,532,931,-677,-1109,1166,-1577,-123,-656,-1272,-197,166,-300,-573,-834,-145,-693,-916,37,-2052,235,678,1636,1697,90,673,1522,1371,882,896,1083,1168,1254,1739,1953,933,1375,1472,304,507,215,1978,1080,1517,1911,268,945,626,1191,137,1986,1679,1016,1583,1751,1034,1102,2523,1368,635
362,144.4000000000000057,83,-420,-751,831,-111,-750,-475,-216,333,293,290,658,32,-829,77,-1230,-960,12,-1429,-196,-503,-735,224,-834,-199,-243,-824,-307,-128,-1185,-1174,-944,-227,140,-446,-1087,-577,-950,-876,-1195,-418,-200,-164,-110,-489,-13,-412,-1093,-249,-160,-91,356,-550,-618,316,-439,332,-831,-95,525,253,-1072,-435,84,-1228,-1122,-465,261,-533,-821,-270,-831,-540,87,-1125,56,-566,-362,-236,142,968,-264,-310,-904,858,-479,-830,-442,-543,392,285,4,14,-390,52,419,311,197,471,-878,-823,-257,-720,116,153,24,-1140,-2,241,-222,-2067,245,-694,-575,147,-742,931,150,-436,96,-309,118,-936,-12,-768,94,771,-634,-260,-738,660,305,-1017,-1218,269,5,950,443,439,1079,640,1980,568,-51,1030,2106,790,136,1223,827,1788,1410,360,312,1098,1494,463,789,2125,1241,2887,1354,1302,1027,1840,1504,1267,2480,1048,-601,2114,831,-46,1067,1902,830,1496
363,144.8000000000000114,-22,-83,-349,-1468,-1754,-587,538,728,202,22,-768,-145,-824,-1685,145,-413,-1697,-823,-1048,-800,621,-736,552,219,-220,-1024,-304,-407,-244,-13,-423,505,-631,327,-384,-853,-176,-1138,403,-463,-400,-574,55,-672,-569,-13,-117,133,-1024,413,-1258,-73,416,68,-314,-209,979,-1077,-379,78,1036,1050,254,-804,76,-1028,-141,-134,171,-175,352,-1140,101,609,455,-8,-1558,-879,-188,-622,294,-38,-550,1637,343,-698,740,385,-95,-259,-454,880,-775,263,-529,-492,141,-384,-269,926,-959,-429,-305,-872,-811,-856,-931,-2971,-812,-733,-636,-455,-574,-141,-27,-1330,-546,-1235,-1139,-226,-872,-114,174,-650,-1452,-1353,-354,798,-826,-1380,-12,911,-1369,-172,-1331,269,-962,1327,49,1816,1422,653,192,1971,601,893,341,1209,973,527,1764,582,2456,1522,1502,835,908,913,624,1574,2042,-419,1312,778,1357,290,1793,1421,1129,335,1444,1172,979,1474,2520,1025,1610
364,145.2000000000000171,-865,286,-1240,31,-242,-88,-637,-496,170,-2919,-731,849,-330,-561,-492,-140,-956,-638,-973,-751,-924,-708,14,-442,-112,1277,-611,-808,-608,-223,-478,232,-852,75,100,-379,6,-721,147,915,-88,-288,-292,204,-555,-524,-657,196,-313,114,440,-806,-41,-1451,-309,-50,387,-1306,297,-422,-602,-179,244,426,51,-88,-32,-474,-487,-1097,326,-585,-867,250,-418,-415,1024,-604,-494,-1132,-653,247,-420,-105,1355,203,-104,977,72,153,-288,-503,270,264,-536,-134,83,-351,-69,921,-110,274,-261,-435,-1002,-628,-1199,-759,-541,-156,-899,210,-1,354,-672,1050,-1437,-1287,-75,-943,-1686,49,-422,-703,-259,794,-562,-258,-603,-1121,-1161,156,-1321,-739,408,126,-267,678,-272,107,428,240,1290,245,1045,2426,2246,986,779,2160,1619,2215,980,1638,1593,1317,1241,1053,1619,1035,1043,220,881,1262,1168,1889,870,2246,1155,2115,-1506,958,1220,1392,1693,242,1334
365,145.5999999999999943,-102,294,-35,-1245,-711,-793,-1203,-767,-142,-305,252,-922,-1032,-659,-1073,-337,-419,-163,-432,50,450,119,237,-332,826,-305,-301,-1139,-17,-736,-980,-186,-768,-15,-465,-908,-458,-34,-575,-674,-326,-1435,-345,6,-1376,-57,-495,-260,-125,-173,-786,-496,-164,190,-53,302,-1280,-224,746,-377,42,-602,-351,-1210,-663,-556,961,-770,-281,-1430,-390,-1012,-333,425,-241,-1002,434,725,-134,-963,-642,-700,-977,-583,1343,-30,252,-395,634,110,-322,-251,62,-457,-171,-123,1317,880,31,-206,-275,-922,-1155,-159,-803,-486,-955,-1659,-717,-880,-678,-103,-661,-861,-587,-261,217,-338,-320,-984,294,-505,370,-996,-340,-1434,403,-228,-459,-485,-183,936,-148,-634,-600,145,1557,755,127,1888,16,1782,861,2962,1213,165,1124,426,1011,549,1828,1197,1603,840,1351,1165,851,-49,2753,1832,1137,1305,1686,2220,916,1127,436,821,2102,-45,1686,2349,1424,1173,886,1244,1760
366,146,-364,140,-780,1397,-1361,-665,459,-287,66,796,130,4,-281,-275,-1498,250,-827,259,-1677,-365,-185,-1306,-410,-353,-218,-1148,-1243,241,39,-9,-178,-768,-849,-484,-18,126,-206,-589,787,-581,-169,-859,-755,-306,-288,-313,-524,-446,-1003,-777,294,-715,186,-1154,376,-625,-716,-480,-958,571,-281,-773,-266,-75,-466,106,-1314,-878,-821,-1130,-125,627,657,527,250,-124,-113,4,1227,1106,-128,-1058,-758,-2118,170,483,-1045,-1025,-149,-160,-1037,-230,121,-687,-309,-669,27,-76,-468,-654,598,-95,-1645,-102,-325,-1158,-1800,204,-950,-634,-1093,-25,-852,-2135,-1941,-1874,222,-806,-27,-583,-1084,55,308,-232,58,-77,558,-886,-1057,345,-491,-489,-127,-467,-548,-531,-1029,621,975,61,1764,845,2077,-1142,1667,1163,1334,2493,681,2019,358,1775,758,169,1607,855,551,423,482,1286,2026,2212,1050,1203,1859,987,1009,1729,931,893,1854,1215,614,961,1184,773,998
367,146.4000000000000057,430,-1100,-580,-850,-612,-98,-179,-1289,-56,-1051,184,560,704,-1061,-38,1003,315,-423,-98,-1390,-695,-376,442,148,-875,1854,443,-515,-899,-1136,1270,-45,-544,-253,-651,-603,586,-829,-2561,-590,-121,-662,-1444,-356,-1107,334,275,-650,140,-63,542,-113,-349,-605,586,-617,-641,-1788,-381,125,-863,161,-78,-212,-510,840,-675,597,259,-1092,-523,-746,-448,420,-1051,347,439,-244,767,1415,-23,-499,425,-616,-144,765,481,-350,-599,-129,-457,93,850,-631,-575,388,100,990,-1011,-810,24,-423,-891,-1054,431,-1252,915,-845,600,-720,-1638,-547,-745,-494,-1398,-2320,402,640,-985,248,-212,-399,-946,-672,-1791,2190,218,-1210,-272,-454,-69,-1147,-222,290,-88,-1051,-340,-638,26,-314,348,2107,1917,867,199,1786,771,1219,1127,2249,1451,1696,1447,2353,1101,1824,624,1858,1223,1076,1607,1576,1477,1356,1612,1674,1445,1867,1643,1858,1328,1303,1568,1175,2953,920,622
368,146.8000000000000114,-616,704,-869,-1297,-655,1002,-779,725,-1,-616,-470,-1062,-517,-1144,136,541,469,-830,80,-552,-1146,-480,-1312,252,-231,279,-1230,997,165,-41,-1041,-74,592,-366,-1329,-10,486,-335,-576,-91,-793,-484,-404,-368,268,318,-170,113,57,-193,260,545,-678,-1312,-834,-1478,-864,-614,121,-257,-14,-252,-773,-497,-432,-431,-380,406,-886,-1204,-887,-396,-970,-398,-974,-533,-571,-14,-752,600,-191,-35,-1458,-593,-293,559,-49,-603,-868,395,193,-78,113,472,84,368,458,57,134,485,-215,-116,-903,-292,-545,210,-143,266,-606,-1580,-822,-259,-1332,882,-1292,354,-22,-287,-120,-434,-807,-22,-587,-505,1539,287,-918,-748,-361,129,160,1100,-513,-781,-578,431,1520,599,825,1475,1041,907,477,1296,-218,588,1056,1150,2324,347,2336,2366,1963,1537,1586,1792,1496,1159,797,971,1070,461,1680,509,-43,874,2019,1100,1063,1760,1158,135,761,1974,1056,1679,1146
369,147.2000000000000171,-134,282,-1491,-678,-554,-1435,-320,266,404,156,497,-283,-144,-825,-822,-1347,165,239,-755,-178,-31,308,169,-806,-562,757,361,211,86,-838,-742,-425,-428,-474,-1134,-424,-10,-347,-503,-213,-1171,-690,-142,64,-647,-310,-304,-248,152,645,175,-558,188,-1312,-538,28,-456,-968,270,-80,-971,-318,712,-33,-188,-329,-505,-281,39,-911,-534,-913,96,-249,-1035,-154,-782,-884,-441,-158,-417,-275,-644,-58,-97,22,365,578,-181,566,-511,-126,-565,1,-49,710,608,-443,123,82,-95,-1086,-388,-1020,-764,-262,-83,-564,181,-479,-373,-149,794,711,522,-1043,-253,-1150,369,884,-597,480,-394,239,-1349,-393,-741,1349,-760,-125,-355,-1384,-547,-232,-40,-1518,-234,447,199,1248,1231,551,1362,1968,621,1216,915,745,1919,1185,439,850,2012,2518,1817,1276,1546,1537,1629,-455,1083,1923,638,1278,1929,370,1307,694,838,1318,2405,693,1103,2286,1412,564,888
370,147.5999999999999943,-1300,-688,-264,-936,123,73,-465,1376,-801,-319,-654,230,-393,-1346,421,-271,-829,-669,-512,-226,-419,681,-1096,-1085,801,-306,-1630,-365,25,-1215,174,-1127,-1500,-1037,-1077,-746,-310,282,-1784,85,-553,302,-193,-1409,-636,-218,-1088,-1084,-527,493,-1662,-173,-382,-739,0,-597,-2155,763,-338,-623,-131,-152,-711,5,-920,165,-306,-1032,-301,-392,-62,-1147,45,-382,-678,-1704,-600,-1011,-913,-484,129,-175,-427,-576,-304,-464,242,-840,-1244,-103,-45,-92,-481,150,-3,165,-1117,195,-398,-335,-890,-182,-1346,-63,-222,-551,-205,-865,-182,-1330,-1205,-934,-195,-2198,-1634,-918,461,-363,251,495,-544,-878,-1937,-122,396,713,-986,-498,691,-1400,-71,-880,13,-539,-491,-1112,-209,-1985,-152,1566,553,1973,1825,-286,1105,1120,960,408,2432,2081,1703,1467,1332,1479,1655,-183,1441,185,-320,930,907,459,1905,1188,1075,1670,1309,1390,1924,535,1262,615,1021,1894,1160,3106,1328
371,148,149,-1222,324,1224,150,-1052,-944,-1196,-60,33,593,178,-449,-360,-846,-978,-527,-578,-1745,-864,-576,-1192,-356,-440,-940,-1033,254,-193,-2280,-287,-1822,-1010,-268,206,215,-1249,-572,158,-43,216,239,-245,-571,-423,374,-32,-870,-882,681,-161,524,-738,-451,-1383,-1558,1377,714,-425,-1431,-1141,-988,-91,-575,111,-885,546,-1202,-516,16,-76,-806,-172,-939,-530,-989,550,-813,237,-1121,-804,-484,-632,-1067,-711,-515,1084,-203,-517,-527,95,-261,41,-798,-269,-269,-71,-1218,465,-797,-1036,-97,-286,-135,-2023,-222,-179,111,-599,-51,-1253,-107,-507,-492,-351,-371,-415,-210,-356,-353,-581,-748,-600,-728,104,376,217,-892,-284,-1183,-963,-173,-447,-808,-430,-11,-1053,-1664,1704,-250,1627,960,1020,621,1295,1134,1440,840,-877,880,795,575,1322,1376,593,1253,1233,626,908,-223,-619,2111,1769,596,1755,980,936,-568,1246,1562,1050,911,1080,455,2290,425,2636,-320
372,148.4000000000000057,678,-1087,-626,804,-654,-277,385,-1636,10,-1008,-1068,-922,-372,91,57,-208,335,-681,562,-630,623,-270,-386,-532,-259,211,83,-259,-1017,-765,-893,361,-1369,616,38,-665,-958,-84,-109,-911,180,-209,-399,-26,119,829,-1701,401,-801,282,-412,-1078,-675,-511,736,-1418,-149,-1646,-311,-1090,-603,498,-123,-314,-156,-1416,436,172,-622,625,43,-186,-501,-779,25,270,13,-632,-888,-427,319,-879,-1669,-392,-165,79,-443,-44,-117,-95,-106,-753,394,197,-1211,289,35,72,341,-2,230,-485,-268,-560,-649,-238,-515,-203,-715,-959,-796,-1064,511,-1615,-417,-1152,-331,-447,-161,-866,-534,-1579,491,-362,-1015,-1079,428,-488,-905,-604,416,145,-1091,92,-602,-927,-2996,578,752,1176,934,1207,1816,641,1199,2305,459,620,786,1421,1184,1152,1710,1010,287,726,1326,1047,501,719,1284,355,539,1749,1686,1164,1056,1190,1916,858,2018,965,1635,1163,773,862,1870
373,148.8000000000000114,-257,762,-1009,-11,510,-1415,-1044,-854,-1227,-610,-781,679,-154,327,-806,-633,-503,-228,-650,-971,-355,-664,-427,-139,494,-259,-398,-175,-601,469,-162,383,-1542,884,-211,-934,567,-761,-736,-626,-56,-599,192,-465,-288,-252,-1011,-74,552,56,-1156,-464,-407,196,-494,-911,-425,-29,158,78,-911,-453,585,860,-64,-331,325,-522,-16,-594,101,-523,-1200,66,-660,32,-389,-483,538,-308,-473,-470,893,-441,-217,347,297,318,238,-243,-915,-305,330,70,730,734,703,-470,102,-893,-1042,-57,-956,89,-463,-495,-438,-547,-922,796,-773,-246,-1339,-649,-942,-766,-1458,-1174,-331,-440,-223,145,-363,-836,388,50,331,305,-478,-149,499,-742,-723,250,196,554,-748,-88,1736,1105,1699,2017,1271,829,-12,1084,-121,1801,1290,-505,1203,846,1201,193,514,2356,1146,834,1160,629,289,1269,1121,1307,459,1108,2230,1716,1231,-230,828,785,1488,531,1404,1637,234
374,149.2000000000000171,-38,704,-967,223,231,-607,39,210,-228,312,529,567,-524,-145,-910,-850,142,-1097,-1166,-101,752,-1408,394,-655,-219,-826,1354,-25,-432,132,-617,-683,241,-257,-916,-439,-1314,331,-1160,0,854,220,351,680,312,-451,-566,-572,-642,297,965,-280,712,-108,294,152,-318,384,-637,-388,165,-120,-1734,687,409,-624,-542,-460,-506,-317,-569,568,850,450,-716,-30,465,-136,9,-523,-256,-104,224,161,220,-541,-101,611,-231,-2061,-855,-85,-549,-531,-334,370,-597,-443,-137,241,-709,-825,-853,-196,-1244,-2231,168,-2488,-451,302,-803,-510,-866,-660,-1274,-882,150,-534,-437,86,-325,-908,-1442,-57,-1030,428,132,-1162,-590,-1926,455,-573,-930,10,-293,-436,1422,617,-531,732,601,503,1590,361,1074,1316,419,2243,1749,2010,2032,1302,1139,1062,1810,849,943,203,2971,1994,831,1061,971,1516,1405,988,1758,2,380,1769,1041,-387,406,890,-71,1109,1368
375,149.5999999999999943,350,-1220,-265,102,34,-166,-765,749,419,-576,-499,-1065,-1011,-369,-893,266,-283,500,99,542,-310,-964,-491,-769,-1222,-264,456,-494,-319,-473,-220,-554,1100,-453,-268,-784,-356,-134,-15,249,-1054,-42,-494,-388,-803,-72,-352,-225,-1111,-360,88,132,-2134,78,-1614,-290,29,-172,114,-777,-447,-339,216,-700,-272,-926,141,-822,1038,-225,322,-317,-1702,185,80,-333,190,166,-554,310,647,-107,-261,-30,-1046,-431,-1105,-232,-653,-1596,34,-542,-392,-903,-126,568,887,-2154,-416,1245,-610,-780,3,-424,-517,-359,-993,-948,150,-909,-1290,-457,-581,-932,93,264,-1158,-25,94,-1462,-469,-1022,-770,-564,50,-1473,-678,-546,-1390,-1231,-844,-299,-13,-335,-774,125,1817,699,-376,742,206,-50,752,981,823,682,154,2690,2558,102,553,957,805,744,536,859,744,1113,-388,672,1014,1765,1139,1184,930,1286,807,1305,1338,3170,1687,2377,902,986,-27612,990,2142
