"","TRACE",1,2,3,4,5,6,7,8,9,10,11,12,13,14,15,16,17,18,19,20,21,22,23,24,25,26,27,28,29,30,31,32,33,34,35,36,37,38,39,40,41,42,43,44,45,46,47,48,49,50,51,52,53,54,55,56,57,58,59,60,61,62,63,64,65,66,67,68,69,70,71,72,73,74,75,76,77,78,79,80,81,82,83,84,85,86,87,88,89,90,91,92,93,94,95,96,97,98,99,100,101,102,103,104,105,106,107,108,109,110,111,112,113,114,115,116,117,118,119,120,121,122,123,124,125,126,127,128,129,130,131,132,133,134,135,136,137,138,139,140,141,142,143,144,145,146,147,148,149,150,151,152,153,154,155,156,157,158,159,160,161,162,163,164,165,166,167,168,169,170,171,172,173,174,175,176,177,178,179,180,181,182,183,184,185,186,187,188,189,190,191,192,193,194,195,196,197,198,199,200,201,202,203,204,205,206,207,208,209,210,211,212,213,214,215,216,217,218,219,220,221,222,223,224,225,226,227,228,229,230,231,232,233,234,235,236,237,238,239,240,241,242,243,244,245,246,247,248,249,250,251,252,253,254,255,256,257,258,259,260,261,262,263,264,265,266,267,268,269,270,271,272,273,274,275,276,277,278,279,280,281,282,283,284,285,286,287,288,289,290,291,292,293,294,295,296,297,298,299,300,301,302,303,304,305,306,307,308,309,310,311,312,313,314,315,316,317,318,319,320,321,322,323,324,325,326,327,328,329,330,331,332,333,334,335,336,337,338,339,340,341,342,343,344,345,346,347,348,349,350,351,352,353,354,355,356,357,358,359,360,361,362,363,364,365,366,367,368,369,370,371,372,373,374,375,376,377,378,379,380,381,382,383,384,385,386,387,388,389,390,391,392,393,394,395,396,397,398,399,400,401,402,403,404,405,406,407,408,409,410,411,412,413,414,415,416,417,418,419,420,421,422,423,424,425,426,427,428,429,430,431,432,433,434,435,436,437,438,439,440,441,442,443,444,445,446,447,448,449,450,451,452,453,454,455,456,457,458,459,460,461,462,463,464,465,466,467,468,469,470,471,472,473,474,475,476,477,478,479,480,481,482,483,484,485,486,487,488,489,490,491,492,493,494,495,496,497,498,499,500,501,502,503,504,505,506,507,508,509,510,511,512,513,514,515,516,517,518,519,520,521,522,523,524,525,526,527,528,529,530,531,532,533,534,535,536,537,538,539,540,541,542,543,544,545,546,547,548,549,550,551,552,553,554,555,556,557,558,559,560,561,562,563,564,565,566,567,568
"","Position (m)",0,0.02000000000000000042,0.04000000000000000083,0.05999999999999999778,0.08000000000000000167,0.1000000000000000056,0.1200000000000000094,0.1400000000000000133,0.1600000000000000033,0.1799999999999999933,0.1999999999999999833,0.2199999999999999734,0.2399999999999999634,0.2599999999999999534,0.2799999999999999711,0.2999999999999999889,0.3200000000000000067,0.3400000000000000244,0.3600000000000000422,0.38000000000000006,0.4000000000000000777,0.4200000000000000955,0.4400000000000001132,0.460000000000000131,0.4800000000000001488,0.500000000000000111,0.5200000000000001288,0.5400000000000001465,0.5600000000000001643,0.5800000000000001821,0.6000000000000001998,0.6200000000000002176,0.6400000000000002354,0.6600000000000002531,0.6800000000000002709,0.7000000000000002887,0.7200000000000003064,0.7400000000000003242,0.7600000000000003419,0.7800000000000003597,0.8000000000000003775,0.8200000000000003952,0.840000000000000413,0.8600000000000004308,0.8800000000000004485,0.9000000000000004663,0.9200000000000004841,0.9400000000000005018,0.9600000000000005196,0.9800000000000005373,1.000000000000000444,1.020000000000000462,1.04000000000000048,1.060000000000000497,1.080000000000000515,1.100000000000000533,1.120000000000000551,1.140000000000000568,1.160000000000000586,1.180000000000000604,1.200000000000000622,1.220000000000000639,1.240000000000000657,1.260000000000000675,1.280000000000000693,1.300000000000000711,1.320000000000000728,1.340000000000000746,1.360000000000000764,1.380000000000000782,1.400000000000000799,1.420000000000000817,1.440000000000000835,1.460000000000000853,1.48000000000000087,1.500000000000000888,1.520000000000000906,1.540000000000000924,1.560000000000000941,1.580000000000000959,1.600000000000000977,1.620000000000000995,1.640000000000001013,1.66000000000000103,1.680000000000001048,1.700000000000001066,1.720000000000001084,1.740000000000001101,1.760000000000001119,1.780000000000001137,1.800000000000001155,1.820000000000001172,1.84000000000000119,1.860000000000001208,1.880000000000001226,1.900000000000001243,1.920000000000001261,1.940000000000001279,1.960000000000001297,1.980000000000001315,2.000000000000001332,2.02000000000000135,2.040000000000001368,2.060000000000001386,2.080000000000001403,2.100000000000001421,2.120000000000001439,2.140000000000001457,2.160000000000001474,2.180000000000001492,2.20000000000000151,2.220000000000001528,2.240000000000001545,2.260000000000001563,2.280000000000001581,2.300000000000001599,2.320000000000001616,2.340000000000001634,2.360000000000001652,2.38000000000000167,2.400000000000001688,2.420000000000001705,2.440000000000001723,2.460000000000001741,2.480000000000001759,2.500000000000001776,2.520000000000001794,2.540000000000001812,2.56000000000000183,2.580000000000001847,2.600000000000001865,2.620000000000001883,2.640000000000001901,2.660000000000001918,2.680000000000001936,2.700000000000001954,2.720000000000001972,2.74000000000000199,2.760000000000002007,2.780000000000002025,2.800000000000002043,2.820000000000002061,2.840000000000002078,2.860000000000002096,2.880000000000002114,2.900000000000002132,2.920000000000002149,2.940000000000002167,2.960000000000002185,2.980000000000002203,3.00000000000000222,3.020000000000002238,3.040000000000002256,3.060000000000002274,3.080000000000002292,3.100000000000002309,3.120000000000002327,3.140000000000002345,3.160000000000002363,3.18000000000000238,3.200000000000002398,3.220000000000002416,3.240000000000002434,3.260000000000002451,3.280000000000002469,3.300000000000002487,3.320000000000002505,3.340000000000002522,3.36000000000000254,3.380000000000002558,3.400000000000002576,3.420000000000002593,3.440000000000002611,3.460000000000002629,3.480000000000002647,3.500000000000002665,3.520000000000002682,3.5400000000000027,3.560000000000002718,3.580000000000002736,3.600000000000002753,3.620000000000002771,3.640000000000002789,3.660000000000002807,3.680000000000002824,3.700000000000002842,3.72000000000000286,3.740000000000002878,3.760000000000002895,3.780000000000002913,3.800000000000002931,3.820000000000002949,3.840000000000002967,3.860000000000002984,3.880000000000003002,3.90000000000000302,3.920000000000003038,3.940000000000003055,3.960000000000003073,3.980000000000003091,4.000000000000002665,4.020000000000002238,4.040000000000001812,4.060000000000001386,4.080000000000000959,4.100000000000000533,4.120000000000000107,4.13999999999999968,4.159999999999999254,4.179999999999998828,4.199999999999998401,4.219999999999997975,4.239999999999997549,4.259999999999997122,4.279999999999996696,4.29999999999999627,4.319999999999995843,4.339999999999995417,4.359999999999994991,4.379999999999994564,4.399999999999994138,4.419999999999993712,4.439999999999993285,4.459999999999992859,4.479999999999992433,4.499999999999992006,4.51999999999999158,4.539999999999991154,4.559999999999990727,4.579999999999990301,4.599999999999989875,4.619999999999989448,4.639999999999989022,4.659999999999988596,4.679999999999988169,4.699999999999987743,4.719999999999987317,4.73999999999998689,4.759999999999986464,4.779999999999986038,4.799999999999985612,4.819999999999985185,4.839999999999984759,4.859999999999984333,4.879999999999983906,4.89999999999998348,4.919999999999983054,4.939999999999982627,4.959999999999982201,4.979999999999981775,4.999999999999981348,5.019999999999980922,5.039999999999980496,5.059999999999980069,5.079999999999979643,5.099999999999979217,5.11999999999997879,5.139999999999978364,5.159999999999977938,5.179999999999977511,5.199999999999977085,5.219999999999976659,5.239999999999976232,5.259999999999975806,5.27999999999997538,5.299999999999974953,5.319999999999974527,5.339999999999974101,5.359999999999973674,5.379999999999973248,5.399999999999972822,5.419999999999972395,5.439999999999971969,5.459999999999971543,5.479999999999971116,5.49999999999997069,5.519999999999970264,5.539999999999969837,5.559999999999969411,5.579999999999968985,5.599999999999968558,5.619999999999968132,5.639999999999967706,5.65999999999996728,5.679999999999966853,5.699999999999966427,5.719999999999966001,5.739999999999965574,5.759999999999965148,5.779999999999964722,5.799999999999964295,5.819999999999963869,5.839999999999963443,5.859999999999963016,5.87999999999996259,5.899999999999962164,5.919999999999961737,5.939999999999961311,5.959999999999960885,5.979999999999960458,5.999999999999960032,6.019999999999959606,6.039999999999959179,6.059999999999958753,6.079999999999958327,6.0999999999999579,6.119999999999957474,6.139999999999957048,6.159999999999956621,6.179999999999956195,6.199999999999955769,6.219999999999955342,6.239999999999954916,6.25999999999995449,6.279999999999954063,6.299999999999953637,6.319999999999953211,6.339999999999952784,6.359999999999952358,6.379999999999951932,6.399999999999951505,6.419999999999951079,6.439999999999950653,6.459999999999950226,6.4799999999999498,6.499999999999949374,6.519999999999948948,6.539999999999948521,6.559999999999948095,6.579999999999947669,6.599999999999947242,6.619999999999946816,6.63999999999994639,6.659999999999945963,6.679999999999945537,6.699999999999945111,6.719999999999944684,6.739999999999944258,6.759999999999943832,6.779999999999943405,6.799999999999942979,6.819999999999942553,6.839999999999942126,6.8599999999999417,6.879999999999941274,6.899999999999940847,6.919999999999940421,6.939999999999939995,6.959999999999939568,6.979999999999939142,6.999999999999938716,7.019999999999938289,7.039999999999937863,7.059999999999937437,7.07999999999993701,7.099999999999936584,7.119999999999936158,7.139999999999935731,7.159999999999935305,7.179999999999934879,7.199999999999934452,7.219999999999934026,7.2399999999999336,7.259999999999933173,7.279999999999932747,7.299999999999932321,7.319999999999931894,7.339999999999931468,7.359999999999931042,7.379999999999930616,7.399999999999930189,7.419999999999929763,7.439999999999929337,7.45999999999992891,7.479999999999928484,7.499999999999928058,7.519999999999927631,7.539999999999927205,7.559999999999926779,7.579999999999926352,7.599999999999925926,7.6199999999999255,7.639999999999925073,7.659999999999924647,7.679999999999924221,7.699999999999923794,7.719999999999923368,7.739999999999922942,7.759999999999922515,7.779999999999922089,7.799999999999921663,7.819999999999921236,7.83999999999992081,7.859999999999920384,7.879999999999919957,7.899999999999919531,7.919999999999919105,7.939999999999918678,7.959999999999918252,7.979999999999917826,7.999999999999917399,8.019999999999917861,8.039999999999917435,8.059999999999917009,8.079999999999916582,8.099999999999916156,8.11999999999991573,8.139999999999915303,8.159999999999914877,8.179999999999914451,8.199999999999914024,8.219999999999913598,8.239999999999913172,8.259999999999912745,8.279999999999912319,8.299999999999911893,8.319999999999911466,8.33999999999991104,8.359999999999910614,8.379999999999910187,8.399999999999909761,8.419999999999909335,8.439999999999908908,8.459999999999908482,8.479999999999908056,8.499999999999907629,8.519999999999907203,8.539999999999906777,8.55999999999990635,8.579999999999905924,8.599999999999905498,8.619999999999905071,8.639999999999904645,8.659999999999904219,8.679999999999903793,8.699999999999903366,8.71999999999990294,8.739999999999902514,8.759999999999902087,8.779999999999901661,8.799999999999901235,8.819999999999900808,8.839999999999900382,8.859999999999899956,8.879999999999899529,8.899999999999899103,8.919999999999898677,8.93999999999989825,8.959999999999897824,8.979999999999897398,8.999999999999896971,9.019999999999896545,9.039999999999896119,9.059999999999895692,9.079999999999895266,9.09999999999989484,9.119999999999894413,9.139999999999893987,9.159999999999893561,9.179999999999893134,9.199999999999892708,9.219999999999892282,9.239999999999891855,9.259999999999891429,9.279999999999891003,9.299999999999890576,9.31999999999989015,9.339999999999889724,9.359999999999889297,9.379999999999888871,9.399999999999888445,9.419999999999888018,9.439999999999887592,9.459999999999887166,9.479999999999886739,9.499999999999886313,9.519999999999885887,9.539999999999885461,9.559999999999885034,9.579999999999884608,9.599999999999884182,9.619999999999883755,9.639999999999883329,9.659999999999882903,9.679999999999882476,9.69999999999988205,9.719999999999881624,9.739999999999881197,9.759999999999880771,9.779999999999880345,9.799999999999879918,9.819999999999879492,9.839999999999879066,9.859999999999878639,9.879999999999878213,9.899999999999877787,9.91999999999987736,9.939999999999876934,9.959999999999876508,9.979999999999876081,9.999999999999875655,10.01999999999987523,10.0399999999998748,10.05999999999987438,10.07999999999987395,10.09999999999987352,10.1199999999998731,10.13999999999987267,10.15999999999987224,10.17999999999987182,10.19999999999987139,10.21999999999987097,10.23999999999987054,10.25999999999987011,10.27999999999986969,10.29999999999986926,10.31999999999986883,10.33999999999986841,10.35999999999986798,10.37999999999986755,10.39999999999986713,10.4199999999998667,10.43999999999986628,10.45999999999986585,10.47999999999986542,10.499999999999865,10.51999999999986457,10.53999999999986414,10.55999999999986372,10.57999999999986329,10.59999999999986287,10.61999999999986244,10.63999999999986201,10.65999999999986159,10.67999999999986116,10.69999999999986073,10.71999999999986031,10.73999999999985988,10.75999999999985945,10.77999999999985903,10.7999999999998586,10.81999999999985818,10.83999999999985775,10.85999999999985732,10.8799999999998569,10.89999999999985647,10.91999999999985604,10.93999999999985562,10.95999999999985519,10.97999999999985477,10.99999999999985434,11.01999999999985391,11.03999999999985349,11.05999999999985306,11.07999999999985263,11.09999999999985221,11.11999999999985178,11.13999999999985135,11.15999999999985093,11.1799999999998505,11.19999999999985008,11.21999999999984965,11.23999999999984922,11.2599999999998488,11.27999999999984837,11.29999999999984794,11.31999999999984752,11.33999999999984709
"Point","Time (ns)"
1,-4.184000000000000163,24,7,15,15,23,23,23,12,12,12,12,22,22,22,-2,-2,-9,-9,8,8,-13,-13,28,28,28,20,20,20,20,-29,-29,-29,-29,-4,-4,-4,4,4,41,41,10,10,10,-10,-10,-10,-5,-5,-5,50,50,6,6,19,19,12,12,12,-6,-6,-6,-6,12,12,12,12,12,12,12,12,-24,-24,-24,-23,-23,-23,43,43,43,15,15,15,15,43,43,43,43,43,42,42,42,42,5,5,5,40,40,1,1,1,33,33,33,33,32,32,32,32,32,29,29,29,29,23,23,23,11,11,22,22,22,35,35,35,35,24,24,24,24,24,-1,-1,-1,-1,-1,5,5,5,11,11,-6,-6,-6,16,16,16,16,21,21,21,21,21,10,10,10,10,13,13,13,16,16,43,43,43,-21,-21,-21,-21,37,37,37,37,48,48,48,48,43,43,43,25,25,25,48,48,48,6,6,6,18,18,-3,-3,-3,13,13,13,27,27,27,25,25,20,20,1,1,1,-8,-8,-8,-8,10,10,10,10,2,2,2,-6,-6,-6,29,29,9,9,9,7,7,7,32,32,32,32,16,16,16,34,34,34,2,2,2,12,12,12,9,9,9,9,11,11,11,11,18,18,18,-23,-23,-23,37,37,21,21,21,21,22,22,22,22,-9,-9,-9,-9,7,7,7,-6,-6,17,17,8,8,8,12,12,12,12,13,13,13,13,4,4,4,34,34,19,19,19,1,1,1,12,12,12,12,6,6,6,6,16,16,16,16,29,29,29,22,22,22,21,21,21,21,2,2,2,2,13,13,13,13,18,18,18,11,11,11,9,9,9,9,9,9,9,16,16,16,16,24,24,24,24,16,16,16,15,15,15,8,8,8,8,6,6,6,6,41,41,41,13,13,13,19,19,19,0,0,0,4,4,4,4,4,4,4,4,36,36,36,36,20,20,20,9,9,9,13,13,13,5,5,5,5,2,2,2,2,-11,-11,-11,37,37,12,12,5,5,5,23,23,23,23,6,6,6,6,7,7,7,14,14,14,21,21,21,15,15,15,10,10,10,10,15,15,15,15,23,23,23,23,23,11,11,3,3,7,7,7,7,7,7,7,19,19,19,19,2,2,2,18,18,2,2,2,22,22,22,12,12,12,18,18,18,18,18,8,8,8,8,-10,-10,-10,2,2,2,24,24,24,59,59,59,59,59,11,11,11,11,-8,-8,27,27,24,24,24,5,5,5,5,16,16,16,16,33,33,33,33,21,21,21,21,14,14,14,4,4,6,6,5,5,5,19,19,19,3,3,3,23,23,23,10,10,10,10,10,3,3,3,5,5,5,35,18,16,16,23,23,2,2,7
2,-3.98400000000000043,14,13,8,8,19,19,19,-5,-5,-5,-5,7,7,7,36,36,6,6,-12,-12,2,2,-12,-12,-12,41,41,41,41,36,36,36,36,15,15,15,0,0,14,14,30,30,30,15,15,15,-7,-7,-7,19,19,18,18,13,13,11,11,11,35,35,35,35,26,26,26,26,-30,-30,-30,-30,14,14,14,15,15,15,9,9,9,9,9,9,9,21,21,21,21,21,18,18,18,18,30,30,30,-6,-6,38,38,38,-8,-8,-8,-8,38,38,38,38,38,16,16,16,16,-1,-1,-1,8,8,15,15,15,19,19,19,19,18,18,18,18,18,10,10,10,10,10,9,9,9,32,32,5,5,5,25,25,25,25,2,2,2,2,2,35,35,35,35,-2,-2,-2,10,10,8,8,8,21,21,21,21,59,59,59,59,39,39,39,39,11,11,11,4,4,4,17,17,17,18,18,18,-12,-12,29,29,29,5,5,5,-1,-1,-1,-7,-7,41,41,-2,-2,-2,24,24,24,24,12,12,12,12,-2,-2,-2,7,7,7,-9,-9,2,2,2,14,14,14,27,27,27,27,29,29,29,24,24,24,17,17,17,0,0,0,29,29,29,29,32,32,32,32,30,30,30,14,14,14,6,6,5,5,5,5,9,9,9,9,35,35,35,35,30,30,30,8,8,13,13,12,12,12,8,8,8,8,-1,-1,-1,-1,8,8,8,5,5,11,11,11,18,18,18,9,9,9,9,22,22,22,22,10,10,10,10,37,37,37,28,28,28,14,14,14,14,10,10,10,10,4,4,4,4,36,36,36,9,9,9,19,19,19,6,6,6,6,26,26,26,26,8,8,8,8,15,15,15,6,6,6,18,18,18,18,23,23,23,23,17,17,17,6,6,6,13,13,13,19,19,19,11,11,11,11,10,10,10,10,28,28,28,28,36,36,36,-2,-2,-2,16,16,16,2,2,2,2,12,12,12,12,18,18,18,18,18,12,12,13,13,13,16,16,16,16,20,20,20,20,26,26,26,8,8,8,12,12,12,35,35,35,13,13,13,13,14,14,14,14,20,20,20,-5,-5,17,17,3,3,11,11,11,27,27,27,27,-7,-7,-7,-7,22,22,22,5,5,19,19,19,17,17,17,29,29,29,-6,-6,-6,-6,-6,-2,-2,-2,-2,-13,-13,-13,5,5,5,10,10,10,4,4,4,4,4,-5,-5,-5,-5,15,15,35,35,21,21,21,10,10,10,10,13,13,13,13,14,14,14,14,29,29,29,29,9,9,9,12,12,7,7,12,12,12,22,22,22,9,9,9,22,22,22,-8,-8,31,31,31,0,0,0,33,33,33,10,9,21,21,26,26,20,20,7
3,-3.784000000000000696,16,-3,35,35,35,35,35,32,32,32,32,57,57,57,-3,-3,15,15,24,24,18,18,-2,-2,-2,30,30,30,30,60,60,60,60,15,15,15,16,16,40,40,19,19,19,11,11,11,39,39,39,-14,-14,17,17,24,24,7,7,7,10,10,10,10,-2,-2,-2,-2,-48,-48,-48,-48,47,47,47,10,10,10,-8,-8,-8,18,18,18,18,-29,-29,-29,-29,-29,18,18,18,18,42,42,42,10,10,18,18,18,14,14,14,14,22,22,22,22,22,19,19,19,19,-9,-9,-9,14,14,-6,-6,-6,22,22,22,22,23,23,23,23,23,12,12,12,12,12,-10,-10,-10,1,1,4,4,4,9,9,9,9,14,14,14,14,14,0,0,0,0,36,36,36,15,15,31,31,31,-16,-16,-16,-16,15,15,15,15,4,4,4,4,23,23,23,18,18,18,-16,-16,-16,10,10,10,7,7,-11,-11,-11,6,6,6,-12,-12,-12,27,27,1,1,4,4,4,44,44,44,44,6,6,6,6,15,15,15,11,11,11,26,26,4,4,4,6,6,6,19,19,19,19,7,7,7,25,25,25,11,11,11,24,24,24,9,9,9,9,5,5,5,5,10,10,10,12,12,12,-3,-3,13,13,13,13,26,26,26,26,34,34,34,34,18,18,18,5,5,3,3,5,5,5,20,20,20,20,11,11,11,11,16,16,16,6,6,10,10,10,5,5,5,28,28,28,28,3,3,3,3,25,25,25,25,9,9,9,26,26,26,13,13,13,13,33,33,33,33,23,23,23,23,4,4,4,12,12,12,3,3,3,9,9,9,9,22,22,22,22,12,12,12,12,34,34,34,21,21,21,18,18,18,18,19,19,19,19,6,6,6,23,23,23,12,12,12,24,24,24,20,20,20,20,17,17,17,17,7,7,7,7,14,14,14,9,9,9,18,18,18,28,28,28,28,32,32,32,32,40,40,40,17,17,13,13,17,17,17,22,22,22,22,32,32,32,32,25,25,25,19,19,19,29,29,29,1,1,1,5,5,5,5,28,28,28,28,19,19,19,35,35,24,24,24,24,13,13,13,14,14,14,14,38,38,38,38,11,11,11,24,24,14,14,14,24,24,24,29,29,29,12,12,12,12,12,-6,-6,-6,-6,28,28,28,-10,-10,-10,34,34,34,24,24,24,24,24,24,24,24,24,24,24,19,19,24,24,24,35,35,35,35,8,8,8,8,41,41,41,41,30,30,30,30,32,32,32,5,5,11,11,11,11,11,22,22,22,12,12,12,18,18,18,7,7,15,15,15,18,18,18,11,11,11,21,16,14,14,30,30,10,10,7
4,-3.584000000000000519,35,30,22,22,18,18,18,28,28,28,28,18,18,18,26,26,7,7,-12,-12,11,11,20,20,20,54,54,54,54,33,33,33,33,-1,-1,-1,8,8,28,28,37,37,37,50,50,50,32,32,32,48,48,63,63,34,34,10,10,10,33,33,33,33,7,7,7,7,72,72,72,72,57,57,57,22,22,22,33,33,33,23,23,23,23,-3,-3,-3,-3,-3,14,14,14,14,42,42,42,4,4,7,7,7,20,20,20,20,34,34,34,34,34,18,18,18,18,45,45,45,44,44,18,18,18,20,20,20,20,21,21,21,21,21,34,34,34,34,34,-1,-1,-1,27,27,27,27,27,22,22,22,22,14,14,14,14,14,8,8,8,8,28,28,28,20,20,12,12,12,32,32,32,32,57,57,57,57,2,2,2,2,43,43,43,11,11,11,48,48,48,23,23,23,42,42,-2,-2,-2,27,27,27,9,9,9,11,11,12,12,25,25,25,27,27,27,27,27,27,27,27,40,40,40,20,20,20,31,31,23,23,23,23,23,23,34,34,34,34,23,23,23,42,42,42,39,39,39,16,16,16,21,21,21,21,42,42,42,42,3,3,3,6,6,6,24,24,35,35,35,35,27,27,27,27,25,25,25,25,20,20,20,17,17,26,26,21,21,21,28,28,28,28,20,20,20,20,6,6,6,3,3,35,35,35,21,21,21,34,34,34,34,26,26,26,26,10,10,10,10,25,25,25,40,40,40,9,9,9,9,28,28,28,28,49,49,49,49,34,34,34,32,32,32,21,21,21,40,40,40,40,23,23,23,23,14,14,14,14,40,40,40,29,29,29,18,18,18,18,28,28,28,28,25,25,25,21,21,21,22,22,22,23,23,23,38,38,38,38,27,27,27,27,17,17,17,17,10,10,10,31,31,31,37,37,37,20,20,20,20,23,23,23,23,20,20,20,34,34,18,18,35,35,35,28,28,28,28,19,19,19,19,30,30,30,29,29,29,22,22,22,1,1,1,43,43,43,43,29,29,29,29,28,28,28,25,25,23,23,20,20,30,30,30,33,33,33,33,17,17,17,17,13,13,13,17,17,32,32,32,35,35,35,23,23,23,15,15,15,15,15,31,31,31,31,15,15,15,30,30,30,1,1,1,21,21,21,21,21,36,36,36,36,20,20,21,21,13,13,13,18,18,18,18,35,35,35,35,28,28,28,28,41,41,41,41,44,44,44,25,25,36,36,26,26,26,41,41,41,13,13,13,30,30,30,27,27,34,34,34,41,41,41,41,41,41,8,32,13,13,39,39,29,29,18
5,-3.384000000000000341,45,47,27,27,-11,-11,-11,49,49,49,49,40,40,40,9,9,38,38,55,55,42,42,41,41,41,31,31,31,31,14,14,14,14,70,70,70,69,69,38,38,28,28,28,43,43,43,40,40,40,34,34,40,40,49,49,-2,-2,-2,41,41,41,41,0,0,0,0,65,65,65,65,22,22,22,51,51,51,31,31,31,48,48,48,48,36,36,36,36,36,40,40,40,40,42,42,42,61,61,13,13,13,55,55,55,55,26,26,26,26,26,42,42,42,42,43,43,43,30,30,19,19,19,35,35,35,35,29,29,29,29,29,22,22,22,22,22,19,19,19,27,27,60,60,60,34,34,34,34,17,17,17,17,17,38,38,38,38,20,20,20,32,32,3,3,3,31,31,31,31,35,35,35,35,23,23,23,23,25,25,25,18,18,18,7,7,7,21,21,21,27,27,43,43,43,39,39,39,52,52,52,47,47,37,37,41,41,41,33,33,33,33,41,41,41,41,45,45,45,52,52,52,41,41,32,32,32,48,48,48,38,38,38,38,11,11,11,63,63,63,13,13,13,41,41,41,61,61,61,61,16,16,16,16,45,45,45,22,22,22,9,9,34,34,34,34,26,26,26,26,30,30,30,30,40,40,40,52,52,26,26,58,58,58,16,16,16,16,11,11,11,11,33,33,33,43,43,33,33,33,18,18,18,17,17,17,17,25,25,25,25,22,22,22,22,72,72,72,30,30,30,33,33,33,33,40,40,40,40,39,39,39,39,36,36,36,50,50,50,25,25,25,27,27,27,27,13,13,13,13,35,35,35,35,31,31,31,44,44,44,32,32,32,32,33,33,33,33,34,34,34,30,30,30,27,27,27,45,45,45,33,33,33,33,51,51,51,51,47,47,47,47,54,54,54,32,32,32,37,37,37,25,25,25,25,56,56,56,56,40,40,40,33,33,37,37,45,45,45,40,40,40,40,36,36,36,36,37,37,37,45,45,45,22,22,22,33,33,33,21,21,21,21,16,16,16,16,16,16,16,48,48,24,24,45,45,49,49,49,33,33,33,33,46,46,46,46,30,30,30,28,28,36,36,36,45,45,45,10,10,10,27,27,27,27,27,13,13,13,13,47,47,47,33,33,33,34,34,34,42,42,42,42,42,39,39,39,39,54,54,39,39,38,38,38,27,27,27,27,11,11,11,11,37,37,37,37,34,34,34,34,37,37,37,43,43,17,17,39,39,39,48,48,48,47,47,47,40,40,40,43,43,48,48,48,44,44,44,48,48,48,36,28,38,38,44,44,24,24,40
6,-3.184000000000000608,45,64,87,87,74,74,74,69,69,69,69,13,13,13,69,69,45,45,55,55,84,84,58,58,58,59,59,59,59,105,105,105,105,65,65,65,39,39,84,84,62,62,62,58,58,58,68,68,68,72,72,51,51,72,72,42,42,42,40,40,40,40,59,59,59,59,99,99,99,99,44,44,44,58,58,58,45,45,45,43,43,43,43,39,39,39,39,39,26,26,26,26,54,54,54,63,63,44,44,44,75,75,75,75,54,54,54,54,54,71,71,71,71,75,75,75,68,68,67,67,67,61,61,61,61,51,51,51,51,51,70,70,70,70,70,64,64,64,54,54,31,31,31,54,54,54,54,35,35,35,35,35,66,66,66,66,54,54,54,40,40,33,33,33,65,65,65,65,84,84,84,84,43,43,43,43,40,40,40,66,66,66,43,43,43,64,64,64,41,41,34,34,34,59,59,59,34,34,34,74,74,84,84,67,67,67,31,31,31,31,23,23,23,23,38,38,38,60,60,60,95,95,40,40,40,50,50,50,45,45,45,45,62,62,62,70,70,70,49,49,49,90,90,90,55,55,55,55,53,53,53,53,55,55,55,59,59,59,58,58,48,48,48,48,27,27,27,27,62,62,62,62,44,44,44,32,32,32,32,37,37,37,50,50,50,50,42,42,42,42,46,46,46,56,56,53,53,53,56,56,56,45,45,45,45,43,43,43,43,52,52,52,52,56,56,56,52,52,52,62,62,62,62,66,66,66,66,56,56,56,56,55,55,55,51,51,51,60,60,60,30,30,30,30,40,40,40,40,61,61,61,61,40,40,40,43,43,43,41,41,41,41,34,34,34,34,44,44,44,52,52,52,44,44,44,57,57,57,56,56,56,56,53,53,53,53,47,47,47,47,72,72,72,75,75,75,68,68,68,60,60,60,60,68,68,68,68,86,86,86,54,54,41,41,49,49,49,61,61,61,61,68,68,68,68,57,57,57,51,51,51,66,66,66,38,38,38,27,27,27,27,40,40,40,40,43,43,43,45,45,51,51,36,36,69,69,69,80,80,80,80,51,51,51,51,66,66,66,45,45,41,41,41,60,60,60,52,52,52,67,67,67,67,67,43,43,43,43,52,52,52,54,54,54,43,43,43,51,51,51,51,51,78,78,78,78,38,38,63,63,51,51,51,77,77,77,77,45,45,45,45,49,49,49,49,63,63,63,63,57,57,57,59,59,53,53,39,39,39,65,65,65,58,58,58,63,63,63,45,45,72,72,72,56,56,56,64,64,64,29,32,33,33,58,58,33,33,52
7,-2.98400000000000043,49,59,79,79,70,70,70,63,63,63,63,4,4,4,115,115,93,93,49,49,39,39,77,77,77,49,49,49,49,79,79,79,79,56,56,56,109,109,79,79,55,55,55,100,100,100,93,93,93,118,118,71,71,80,80,25,25,25,40,40,40,40,76,76,76,76,59,59,59,59,81,81,81,123,123,123,117,117,117,61,61,61,61,67,67,67,67,67,109,109,109,109,47,47,47,68,68,49,49,49,58,58,58,58,54,54,54,54,54,53,53,53,53,72,72,72,30,30,63,63,63,51,51,51,51,46,46,46,46,46,51,51,51,51,51,47,47,47,43,43,29,29,29,16,16,16,16,39,39,39,39,39,28,28,28,28,95,95,95,59,59,58,58,58,66,66,66,66,82,82,82,82,47,47,47,47,69,69,69,81,81,81,44,44,44,33,33,33,60,60,28,28,28,35,35,35,63,63,63,51,51,56,56,71,71,71,62,62,62,62,53,53,53,53,56,56,56,104,104,104,73,73,61,61,61,58,58,58,70,70,70,70,75,75,75,76,76,76,85,85,85,65,65,65,71,71,71,71,62,62,62,62,87,87,87,75,75,75,77,77,47,47,47,47,56,56,56,56,89,89,89,89,36,36,36,55,55,48,48,58,58,58,45,45,45,45,45,45,45,45,50,50,50,62,62,64,64,64,74,74,74,72,72,72,72,53,53,53,53,69,69,69,69,92,92,92,71,71,71,69,69,69,69,83,83,83,83,81,81,81,81,77,77,77,74,74,74,84,84,84,62,62,62,62,55,55,55,55,57,57,57,57,68,68,68,66,66,66,44,44,44,44,44,44,44,44,52,52,52,64,64,64,64,64,64,71,71,71,64,64,64,64,76,76,76,76,107,107,107,107,109,109,109,82,82,82,76,76,76,56,56,56,56,89,89,89,89,121,121,121,90,90,62,62,61,61,61,74,74,74,74,94,94,94,94,81,81,81,93,93,93,50,50,50,47,47,47,45,45,45,45,42,42,42,42,66,66,66,60,60,37,37,79,79,68,68,68,78,78,78,78,90,90,90,90,68,68,68,75,75,75,75,75,94,94,94,63,63,63,71,71,71,71,71,35,35,35,35,67,67,67,92,92,92,86,86,86,71,71,71,71,71,76,76,76,76,75,75,89,89,47,47,47,74,74,74,74,76,76,76,76,62,62,62,62,84,84,84,84,83,83,83,77,77,66,66,65,65,65,64,64,64,70,70,70,65,65,65,82,82,66,66,66,63,63,63,45,45,45,13,36,33,33,73,73,51,51,58
8,-2.784000000000000696,63,79,90,90,72,72,72,95,95,95,95,91,91,91,105,105,138,138,81,81,56,56,31,31,31,69,69,69,69,92,92,92,92,111,111,111,137,137,89,89,71,71,71,87,87,87,145,145,145,106,106,77,77,85,85,50,50,50,90,90,90,90,144,144,144,144,92,92,92,92,70,70,70,144,144,144,78,78,78,75,75,75,75,41,41,41,41,41,127,127,127,127,139,139,139,96,96,48,48,48,73,73,73,73,34,34,34,34,34,89,89,89,89,85,85,85,107,107,74,74,74,83,83,83,83,83,83,83,83,83,102,102,102,102,102,77,77,77,59,59,49,49,49,60,60,60,60,55,55,55,55,55,67,67,67,67,122,122,122,62,62,67,67,67,83,83,83,83,95,95,95,95,98,98,98,98,103,103,103,80,80,80,37,37,37,54,54,54,69,69,34,34,34,27,27,27,53,53,53,95,95,109,109,51,51,51,41,41,41,41,51,51,51,51,76,76,76,90,90,90,93,93,62,62,62,40,40,40,85,85,85,85,90,90,90,87,87,87,74,74,74,89,89,89,33,33,33,33,98,98,98,98,67,67,67,107,107,107,65,65,38,38,38,38,69,69,69,69,133,133,133,133,74,74,74,72,72,66,66,61,61,61,33,33,33,33,32,32,32,32,70,70,70,72,72,87,87,87,65,65,65,61,61,61,61,62,62,62,62,83,83,83,83,89,89,89,79,79,79,110,110,110,110,93,93,93,93,97,97,97,97,124,124,124,104,104,104,107,107,107,67,67,67,67,68,68,68,68,80,80,80,80,80,80,80,58,58,58,16,16,16,16,44,44,44,44,59,59,59,71,71,71,62,62,62,64,64,64,72,72,72,72,96,96,96,96,119,119,119,119,148,148,148,126,126,126,90,90,90,78,78,78,78,107,107,107,107,135,135,135,126,126,68,68,50,50,50,102,102,102,102,87,87,87,87,90,90,90,104,104,104,70,70,70,67,67,67,23,23,23,23,43,43,43,43,103,103,103,86,86,63,63,53,53,74,74,74,106,106,106,106,89,89,89,89,88,88,88,66,66,84,84,84,102,102,102,79,79,79,74,74,74,74,74,78,78,78,78,106,106,106,97,97,97,94,94,94,94,94,94,94,94,119,119,119,119,87,87,100,100,56,56,56,72,72,72,72,96,96,96,96,84,84,84,84,74,74,74,74,128,128,128,88,88,84,84,74,74,74,79,79,79,98,98,98,93,93,93,102,102,66,66,66,55,55,55,53,53,53,13,23,38,38,62,62,57,57,71
9,-2.584000000000000519,64,78,94,94,53,53,53,122,122,122,122,152,152,152,156,156,152,152,110,110,54,54,72,72,72,54,54,54,54,67,67,67,67,111,111,111,139,139,132,132,59,59,59,72,72,72,107,107,107,99,99,90,90,51,51,48,48,48,46,46,46,46,100,100,100,100,90,90,90,90,97,97,97,165,165,165,76,76,76,68,68,68,68,24,24,24,24,24,119,119,119,119,125,125,125,100,100,73,73,73,37,37,37,37,56,56,56,56,56,90,90,90,90,123,123,123,102,102,62,62,62,60,60,60,60,60,60,60,60,60,91,91,91,91,91,75,75,75,94,94,40,40,40,63,63,63,63,31,31,31,31,31,84,84,84,84,150,150,150,59,59,80,80,80,117,117,117,117,103,103,103,103,91,91,91,91,113,113,113,86,86,86,63,63,63,71,71,71,62,62,-3,-3,-3,13,13,13,91,91,91,123,123,106,106,70,70,70,23,23,23,23,38,38,38,38,61,61,61,84,84,84,122,122,57,57,57,42,42,42,81,81,81,81,109,109,109,105,105,105,89,89,89,65,65,65,43,43,43,43,105,105,105,105,106,106,106,99,99,99,83,83,49,49,49,49,45,45,45,45,78,78,78,78,127,127,127,62,62,56,56,89,89,89,22,22,22,22,29,29,29,29,46,46,46,83,83,85,85,85,90,90,90,45,45,45,45,91,91,91,91,120,120,120,120,134,134,134,84,84,84,103,103,103,103,82,82,82,82,115,115,115,115,110,110,110,103,103,103,132,132,132,78,78,78,78,88,88,88,88,126,126,126,126,81,81,81,48,48,48,18,18,18,18,44,44,44,44,56,56,56,71,71,71,62,62,62,75,75,75,75,75,75,75,92,92,92,92,137,137,137,137,175,175,175,135,135,135,100,100,100,61,61,61,61,129,129,129,129,161,161,161,124,124,54,54,69,69,69,122,122,122,122,88,88,88,88,145,145,145,106,106,106,86,86,86,70,70,70,31,31,31,31,42,42,42,42,116,116,116,73,73,92,92,81,81,88,88,88,154,154,154,154,136,136,136,136,89,89,89,86,86,78,78,78,104,104,104,64,64,64,92,92,92,92,92,132,132,132,132,141,141,141,139,139,139,104,104,104,136,136,136,136,136,143,143,143,143,129,129,123,123,72,72,72,90,90,90,90,81,81,81,81,87,87,87,87,122,122,122,122,145,145,145,122,122,82,82,97,97,97,79,79,79,92,92,92,86,86,86,107,107,83,83,83,47,47,47,57,57,57,-13,-16,17,17,55,55,41,41,53
10,-2.384000000000000341,45,61,72,72,82,82,82,116,116,116,116,119,119,119,128,128,113,113,83,83,12,12,19,19,19,43,43,43,43,91,91,91,91,80,80,80,111,111,136,136,42,42,42,96,96,96,111,111,111,78,78,52,52,34,34,40,40,40,89,89,89,89,99,99,99,99,58,58,58,58,73,73,73,134,134,134,68,68,68,73,73,73,73,34,34,34,34,34,103,103,103,103,80,80,80,100,100,66,66,66,-3,-3,-3,-3,13,13,13,13,13,82,82,82,82,87,87,87,113,113,29,29,29,61,61,61,61,57,57,57,57,57,99,99,99,99,99,78,78,78,70,70,41,41,41,9,9,9,9,9,9,9,9,9,60,60,60,60,127,127,127,72,72,58,58,58,113,113,113,113,113,113,113,113,89,89,89,89,107,107,107,74,74,74,57,57,57,64,64,64,28,28,4,4,4,-9,-9,-9,26,26,26,125,125,124,124,72,72,72,30,30,30,30,10,10,10,10,76,76,76,86,86,86,126,126,46,46,46,28,28,28,64,64,64,64,114,114,114,95,95,95,81,81,81,70,70,70,29,29,29,29,75,75,75,75,91,91,91,84,84,84,41,41,35,35,35,35,2,2,2,2,74,74,74,74,98,98,98,50,50,53,53,57,57,57,4,4,4,4,39,39,39,39,36,36,36,48,48,65,65,65,74,74,74,23,23,23,23,59,59,59,59,104,104,104,104,130,130,130,74,74,74,86,86,86,86,66,66,66,66,88,88,88,88,121,121,121,129,129,129,117,117,117,29,29,29,29,49,49,49,49,103,103,103,103,91,91,91,51,51,51,-12,-12,-12,-12,21,21,21,21,40,40,40,76,76,76,49,49,49,51,51,51,42,42,42,42,83,83,83,83,125,125,125,125,166,166,166,135,135,135,86,86,86,58,58,58,58,108,108,108,108,130,130,130,106,106,47,47,44,44,44,108,108,108,108,98,98,98,98,136,136,136,104,104,104,65,65,65,32,32,32,-6,-6,-6,-6,43,43,43,43,102,102,102,80,80,65,65,54,54,59,59,59,108,108,108,108,111,111,111,111,59,59,59,66,66,77,77,77,116,116,116,47,47,47,52,52,52,52,52,101,101,101,101,140,140,140,148,148,148,91,91,91,104,104,104,104,104,125,125,125,125,90,90,95,95,37,37,37,76,76,76,76,42,42,42,42,64,64,64,64,129,129,129,129,138,138,138,113,113,78,78,74,74,74,65,65,65,81,81,81,70,70,70,96,96,70,70,70,20,20,20,30,30,30,-62,-49,-24,-24,14,14,3,3,-7
11,-2.184000000000000608,26,103,128,128,64,64,64,114,114,114,114,126,126,126,81,81,104,104,90,90,132,132,156,156,156,110,110,110,110,104,104,104,104,118,118,118,132,132,112,112,75,75,75,112,112,112,135,135,135,109,109,90,90,106,106,47,47,47,115,115,115,115,85,85,85,85,117,117,117,117,128,128,128,178,178,178,88,88,88,49,49,49,49,50,50,50,50,50,91,91,91,91,148,148,148,114,114,62,62,62,24,24,24,24,43,43,43,43,43,58,58,58,58,90,90,90,77,77,47,47,47,77,77,77,77,83,83,83,83,83,112,112,112,112,112,93,93,93,83,83,51,51,51,41,41,41,41,50,50,50,50,50,74,74,74,74,132,132,132,61,61,69,69,69,115,115,115,115,74,74,74,74,73,73,73,73,107,107,107,106,106,106,33,33,33,75,75,75,59,59,22,22,22,36,36,36,28,28,28,122,122,83,83,79,79,79,30,30,30,30,44,44,44,44,59,59,59,98,98,98,123,123,74,74,74,22,22,22,62,62,62,62,119,119,119,103,103,103,44,44,44,100,100,100,-8,-8,-8,-8,65,65,65,65,93,93,93,76,76,76,59,59,55,55,55,55,36,36,36,36,74,74,74,74,65,65,65,73,73,31,31,35,35,35,19,19,19,19,7,7,7,7,34,34,34,67,67,73,73,73,39,39,39,39,39,39,39,49,49,49,49,92,92,92,92,122,122,122,76,76,76,79,79,79,79,93,93,93,93,97,97,97,97,107,107,107,92,92,92,99,99,99,43,43,43,43,59,59,59,59,101,101,101,101,94,94,94,61,61,61,-14,-14,-14,-14,12,12,12,12,24,24,24,73,73,73,27,27,27,47,47,47,27,27,27,27,71,71,71,71,129,129,129,129,175,175,175,122,122,122,99,99,99,39,39,39,39,106,106,106,106,147,147,147,89,89,25,25,40,40,40,97,97,97,97,84,84,84,84,106,106,106,86,86,86,49,49,49,48,48,48,5,5,5,5,26,26,26,26,102,102,102,70,70,87,87,59,59,74,74,74,142,142,142,142,97,97,97,97,69,69,69,64,64,54,54,54,110,110,110,46,46,46,61,61,61,61,61,85,85,85,85,133,133,133,119,119,119,80,80,80,82,82,82,82,82,117,117,117,117,79,79,112,112,40,40,40,81,81,81,81,65,65,65,65,64,64,64,64,108,108,108,108,125,125,125,97,97,72,72,62,62,62,70,70,70,81,81,81,89,89,89,122,122,57,57,57,21,21,21,31,31,31,-46,-74,-72,-72,-41,-41,-55,-55,-65
12,-1.98400000000000043,45,379,385,385,329,329,329,319,319,319,319,352,352,352,341,341,301,301,387,387,460,460,508,508,508,383,383,383,383,292,292,292,292,252,252,252,231,231,344,344,291,291,291,364,364,364,378,378,378,354,354,343,343,359,359,332,332,332,273,273,273,273,288,288,288,288,204,204,204,204,283,283,283,321,321,321,253,253,253,324,324,324,324,187,187,187,187,187,304,304,304,304,337,337,337,306,306,320,320,320,243,243,243,243,240,240,240,240,240,269,269,269,269,269,269,269,264,264,263,263,263,332,332,332,332,309,309,309,309,309,294,294,294,294,294,229,229,229,186,186,249,249,249,316,316,316,316,247,247,247,247,247,241,241,241,241,228,228,228,239,239,320,320,320,297,297,297,297,281,281,281,281,231,231,231,231,286,286,286,282,282,282,209,209,209,191,191,191,277,277,266,266,266,252,252,252,227,227,227,244,244,234,234,242,242,242,286,286,286,286,252,252,252,252,247,247,247,253,253,253,292,292,319,319,319,301,301,301,273,273,273,273,288,288,288,293,293,293,245,245,245,300,300,300,238,238,238,238,229,229,229,229,227,227,227,209,209,209,249,249,352,352,352,352,238,238,238,238,330,330,330,330,245,245,245,217,217,239,239,234,234,234,240,240,240,240,194,194,194,194,208,208,208,278,278,253,253,253,168,168,168,198,198,198,198,249,249,249,249,224,224,224,224,256,256,256,250,250,250,302,302,302,302,311,311,311,311,330,330,330,330,291,291,291,243,243,243,253,253,253,224,224,224,224,202,202,202,202,197,197,197,197,242,242,242,214,214,214,188,188,188,188,210,210,210,210,235,235,235,222,222,222,203,203,203,219,219,219,227,227,227,227,282,282,282,282,325,325,325,325,337,337,337,292,292,292,292,292,292,246,246,246,246,377,377,377,377,389,389,389,320,320,212,212,199,199,199,237,237,237,237,222,222,222,222,264,264,264,266,266,266,209,209,209,232,232,232,204,204,204,204,198,198,198,198,238,238,238,239,239,228,228,222,222,258,258,258,326,326,326,326,273,273,273,273,244,244,244,232,232,276,276,276,287,287,287,224,224,224,226,226,226,226,226,253,253,253,253,235,235,235,252,252,252,251,251,251,277,277,277,277,277,297,297,297,297,234,234,229,229,252,252,252,322,322,322,322,214,214,214,214,136,136,136,136,248,248,248,248,300,300,300,277,277,259,259,229,229,229,232,232,232,282,282,282,304,304,304,373,373,402,402,402,274,274,274,210,210,210,230,215,149,149,126,126,46,46,52
13,-1.784000000000000474,245,552,555,555,446,446,446,431,431,431,431,595,595,595,642,642,593,593,580,580,539,539,681,681,681,465,465,465,465,532,532,532,532,585,585,585,653,653,634,634,548,548,548,610,610,610,718,718,718,591,591,474,474,552,552,548,548,548,443,443,443,443,514,514,514,514,426,426,426,426,593,593,593,616,616,616,455,455,455,555,555,555,555,422,422,422,422,422,485,485,485,485,535,535,535,455,455,469,469,469,461,461,461,461,481,481,481,481,481,483,483,483,483,524,524,524,569,569,489,489,489,466,466,466,466,408,408,408,408,408,570,570,570,570,570,553,553,553,534,534,537,537,537,512,512,512,512,425,425,425,425,425,507,507,507,507,504,504,504,472,472,551,551,551,571,571,571,571,532,532,532,532,560,560,560,560,527,527,527,567,567,567,452,452,452,468,468,468,517,517,384,384,384,367,367,367,427,427,427,516,516,498,498,433,433,433,434,434,434,434,441,441,441,441,533,533,533,527,527,527,632,632,549,549,549,450,450,450,570,570,570,570,585,585,585,576,576,576,482,482,482,511,511,511,431,431,431,431,458,458,458,458,549,549,549,445,445,445,431,431,492,492,492,492,459,459,459,459,566,566,566,566,513,513,513,454,454,400,400,490,490,490,365,365,365,365,424,424,424,424,481,481,481,406,406,441,441,441,418,418,418,465,465,465,465,536,536,536,536,548,548,548,548,592,592,592,575,575,575,585,585,585,585,582,582,582,582,653,653,653,653,664,664,664,505,505,505,570,570,570,587,587,587,587,527,527,527,527,558,558,558,558,538,538,538,478,478,478,410,410,410,410,420,420,420,420,475,475,475,451,451,451,466,466,466,536,536,536,490,490,490,490,540,540,540,540,617,617,617,617,769,769,769,640,640,640,634,634,634,600,600,600,600,735,735,735,735,828,828,828,629,629,552,552,529,529,529,554,554,554,554,477,477,477,477,567,567,567,620,620,620,510,510,510,487,487,487,488,488,488,488,428,428,428,428,562,562,562,504,504,454,454,461,461,555,555,555,709,709,709,709,626,626,626,626,491,491,491,550,550,604,604,604,661,661,661,514,514,514,502,502,502,502,502,549,549,549,549,545,545,545,564,564,564,568,568,568,686,686,686,686,686,684,684,684,684,604,604,557,557,566,566,566,603,603,603,603,521,521,521,521,478,478,478,478,656,656,656,656,695,695,695,664,664,538,538,566,566,566,575,575,575,567,567,567,649,649,649,742,742,644,644,644,534,534,534,500,500,500,637,604,594,594,491,491,438,438,436
14,-1.584000000000000519,429,262,244,244,122,122,122,32,32,32,32,404,404,404,602,602,462,462,182,182,27,27,238,238,238,30,30,30,30,326,326,326,326,461,461,461,491,491,460,460,273,273,273,456,456,456,742,742,742,479,479,108,108,110,110,274,274,274,342,342,342,342,363,363,363,363,293,293,293,293,511,511,511,640,640,640,329,329,329,227,227,227,227,358,358,358,358,358,319,319,319,319,383,383,383,200,200,144,144,144,165,165,165,165,198,198,198,198,198,324,324,324,324,350,350,350,355,355,222,222,222,97,97,97,97,-59,-59,-59,-59,-59,464,464,464,464,464,631,631,631,500,500,393,393,393,160,160,160,160,5,5,5,5,5,359,359,359,359,598,598,598,243,243,277,277,277,488,488,488,488,451,451,451,451,671,671,671,671,795,795,795,498,498,498,269,269,269,408,408,408,321,321,-90,-90,-90,-92,-92,-92,137,137,137,391,391,371,371,191,191,191,-107,-107,-107,-107,119,119,119,119,379,379,379,319,319,319,389,389,143,143,143,-30,-30,-30,444,444,444,444,523,523,523,544,544,544,258,258,258,52,52,52,0,0,0,0,230,230,230,230,473,473,473,304,304,304,41,41,-35,-35,-35,-35,35,35,35,35,364,364,364,364,414,414,414,206,206,256,256,147,147,147,-263,-263,-263,-263,128,128,128,128,128,128,128,-54,-54,22,22,22,109,109,109,175,175,175,175,327,327,327,327,541,541,541,541,550,550,550,323,323,323,372,372,372,372,203,203,203,203,544,544,544,544,807,807,807,633,633,633,404,404,404,485,485,485,485,555,555,555,555,686,686,686,686,351,351,351,127,127,127,-4,-4,-4,-4,20,20,20,20,170,170,170,119,119,119,120,120,120,170,170,170,121,121,121,121,243,243,243,243,578,578,578,578,751,751,751,715,715,715,529,529,529,562,562,562,562,558,558,558,558,815,815,815,461,461,370,370,411,411,411,638,638,638,638,355,355,355,355,541,541,541,639,639,639,426,426,426,319,319,319,132,132,132,132,81,81,81,81,525,525,525,438,438,359,359,331,331,417,417,417,612,612,612,612,594,594,594,594,453,453,453,455,455,481,481,481,618,618,618,218,218,218,371,371,371,371,371,590,590,590,590,509,509,509,616,616,616,539,539,539,751,751,751,751,751,753,753,753,753,677,677,611,611,436,436,436,277,277,277,277,307,307,307,307,572,572,572,572,864,864,864,864,862,862,862,793,793,368,368,496,496,496,632,632,632,518,518,518,446,446,446,454,454,256,256,256,276,276,276,444,444,444,1226,1577,941,941,607,607,645,645,667
15,-1.384000000000000341,205,357,476,476,175,175,175,-314,-314,-314,-314,71,71,71,325,325,183,183,-82,-82,154,154,645,645,645,55,55,55,55,97,97,97,97,195,195,195,278,278,348,348,137,137,137,295,295,295,479,479,479,384,384,-16,-16,-252,-252,47,47,47,33,33,33,33,13,13,13,13,-37,-37,-37,-37,240,240,240,430,430,430,65,65,65,-172,-172,-172,-172,22,22,22,22,22,-33,-33,-33,-33,187,187,187,-63,-63,-191,-191,-191,-66,-66,-66,-66,-190,-190,-190,-190,-190,-27,-27,-27,-27,4,4,4,-105,-105,1,1,1,-198,-198,-198,-198,-198,-198,-198,-198,-198,256,256,256,256,256,304,304,304,194,194,18,18,18,-7,-7,-7,-7,-336,-336,-336,-336,-336,71,71,71,71,273,273,273,-116,-116,224,224,224,228,228,228,228,174,174,174,174,415,415,415,415,722,722,722,116,116,116,-88,-88,-88,154,154,154,-44,-44,-23,-23,-23,-317,-317,-317,-284,-284,-284,-13,-13,-129,-129,-225,-225,-225,-441,-441,-441,-441,-322,-322,-322,-322,-6,-6,-6,-53,-53,-53,-103,-103,-371,-371,-371,-399,-399,-399,-59,-59,-59,-59,202,202,202,174,174,174,-207,-207,-207,-449,-449,-449,-506,-506,-506,-506,-350,-350,-350,-350,-5,-5,-5,-37,-37,-37,-459,-459,-213,-213,-213,-213,-426,-426,-426,-426,-100,-100,-100,-100,-133,-133,-133,-252,-252,-164,-164,-361,-361,-361,-634,-634,-634,-634,-526,-526,-526,-526,-441,-441,-441,-549,-549,-536,-536,-536,-370,-370,-370,-529,-529,-529,-529,-117,-117,-117,-117,116,116,116,116,-32,-32,-32,-321,-321,-321,-380,-380,-380,-380,-474,-474,-474,-474,-104,-104,-104,-104,253,253,253,247,247,247,-176,-176,-176,-178,-178,-178,-178,106,106,106,106,254,254,254,254,-221,-221,-221,-545,-545,-545,-682,-682,-682,-682,-603,-603,-603,-603,-472,-472,-472,-437,-437,-437,-762,-762,-762,-611,-611,-611,-582,-582,-582,-582,-388,-388,-388,-388,191,191,191,191,231,231,231,297,297,297,8,8,8,75,75,75,75,77,77,77,77,306,306,306,-96,-96,-355,-355,-327,-327,-327,128,128,128,128,-197,-197,-197,-197,-80,-80,-80,73,73,73,-53,-53,-53,-169,-169,-169,-476,-476,-476,-476,-354,-354,-354,-354,-120,-120,-120,-31,-31,-12,-12,-107,-107,18,18,18,231,231,231,231,106,106,106,106,28,28,28,-100,-100,-104,-104,-104,40,40,40,-328,-328,-328,-264,-264,-264,-264,-264,230,230,230,230,-14,-14,-14,237,237,237,96,96,96,213,213,213,213,213,429,429,429,429,169,169,231,231,-314,-314,-314,-359,-359,-359,-359,-360,-360,-360,-360,95,95,95,95,615,615,615,615,517,517,517,321,321,-150,-150,-90,-90,-90,165,165,165,165,165,165,4,4,4,-129,-129,-240,-240,-240,-22,-22,-22,484,484,484,3206,4495,2874,2874,1018,1018,740,740,722
16,-1.184000000000000385,-57,1358,1594,1594,1504,1504,1504,448,448,448,448,421,421,421,582,582,426,426,604,604,1746,1746,2328,2328,2328,1417,1417,1417,1417,573,573,573,573,560,560,560,716,716,790,790,621,621,621,726,726,726,733,733,733,665,665,694,694,525,525,559,559,559,509,509,509,509,434,434,434,434,456,456,456,456,579,579,579,636,636,636,437,437,437,575,575,575,575,338,338,338,338,338,409,409,409,409,575,575,575,486,486,707,707,707,920,920,920,920,592,592,592,592,592,568,568,568,568,456,456,456,392,392,586,586,586,766,766,766,766,767,767,767,767,767,667,667,667,667,667,497,497,497,505,505,550,550,550,1181,1181,1181,1181,842,842,842,842,842,486,486,486,486,562,562,562,422,422,1210,1210,1210,745,745,745,745,700,700,700,700,619,619,619,619,838,838,838,693,693,693,434,434,434,586,586,586,590,590,1643,1643,1643,1250,1250,1250,371,371,371,233,233,178,178,324,324,324,897,897,897,897,512,512,512,512,382,382,382,358,358,358,349,349,558,558,558,564,564,564,154,154,154,154,611,611,611,413,413,413,552,552,552,542,542,542,296,296,296,296,-175,-175,-175,-175,56,56,56,133,133,133,380,380,1001,1001,1001,1001,297,297,297,297,150,150,150,150,26,26,26,37,37,158,158,348,348,348,716,716,716,716,49,49,49,49,267,267,267,292,292,397,397,397,375,375,375,108,108,108,108,490,490,490,490,327,327,327,327,-126,-126,-126,-34,-34,-34,-74,-74,-74,-74,83,83,83,83,-78,-78,-78,-78,132,132,132,250,250,250,229,229,229,-92,-92,-92,-92,102,102,102,102,244,244,244,244,172,172,172,271,271,271,111,111,111,111,544,544,544,544,232,232,232,147,147,147,-44,-44,-44,-74,-74,-74,106,106,106,106,-110,-110,-110,-110,523,523,523,523,412,412,412,279,279,279,172,172,172,195,195,195,195,338,338,338,338,372,372,372,180,180,-211,-211,-242,-242,-242,56,56,56,56,114,114,114,114,1,1,1,52,52,52,160,160,160,261,261,261,283,283,283,283,657,657,657,657,306,306,306,426,426,469,469,486,486,507,507,507,709,709,709,709,367,367,367,367,173,173,173,27,27,217,217,217,102,102,102,147,147,147,-117,-117,-117,-117,-117,328,328,328,328,232,232,232,225,225,225,247,247,247,95,95,95,95,95,354,354,354,354,100,100,264,264,-136,-136,-136,237,237,237,237,-104,-104,-104,-104,-204,-204,-204,-204,562,562,562,562,606,606,606,408,408,216,216,177,177,177,325,325,325,563,563,563,527,527,527,552,552,623,623,623,765,765,765,1289,1289,1289,4770,7328,8209,8209,4048,4048,3082,3082,2640
17,-0.9840000000000004299,456,2244,2336,2336,2356,2356,2356,1138,1138,1138,1138,898,898,898,844,844,822,822,1381,1381,2735,2735,3110,3110,3110,2311,2311,2311,2311,985,985,985,985,932,932,932,1035,1035,1038,1038,924,924,924,964,964,964,932,932,932,892,892,1129,1129,1273,1273,1110,1110,1110,1027,1027,1027,1027,1051,1051,1051,1051,1179,1179,1179,1179,1140,1140,1140,1083,1083,1083,1164,1164,1164,1728,1728,1728,1728,1052,1052,1052,1052,1052,917,917,917,917,907,907,907,1155,1155,1672,1672,1672,2051,2051,2051,2051,1532,1532,1532,1532,1532,1217,1217,1217,1217,1003,1003,1003,1009,1009,1310,1310,1310,2077,2077,2077,2077,1735,1735,1735,1735,1735,1003,1003,1003,1003,1003,1024,1024,1024,998,998,1718,1718,1718,2121,2121,2121,2121,2059,2059,2059,2059,2059,1223,1223,1223,1223,1079,1079,1079,1391,1391,2054,2054,2054,1354,1354,1354,1354,1291,1291,1291,1291,1343,1343,1343,1343,1423,1423,1423,1496,1496,1496,1445,1445,1445,1063,1063,1063,1748,1748,3346,3346,3346,2831,2831,2831,1361,1361,1361,905,905,850,850,1319,1319,1319,2684,2684,2684,2684,2086,2086,2086,2086,1220,1220,1220,1091,1091,1091,1049,1049,1948,1948,1948,1834,1834,1834,930,930,930,930,911,911,911,982,982,982,1483,1483,1483,1891,1891,1891,1802,1802,1802,1802,604,604,604,604,542,542,542,583,583,583,1236,1236,2470,2470,2470,2470,1600,1600,1600,1600,787,787,787,787,709,709,709,558,558,970,970,1472,1472,1472,2170,2170,2170,2170,1318,1318,1318,1318,1189,1189,1189,1526,1526,1629,1629,1629,1536,1536,1536,1427,1427,1427,1427,1121,1121,1121,1121,1012,1012,1012,1012,531,531,531,1040,1040,1040,1256,1256,1256,1256,1465,1465,1465,1465,805,805,805,805,836,836,836,797,797,797,1236,1236,1236,1159,1159,1159,1159,715,715,715,715,951,951,951,951,1342,1342,1342,1548,1548,1548,2083,2083,2083,2083,2061,2061,2061,2061,1399,1399,1399,1341,1341,1341,1597,1597,1597,1079,1079,1079,1273,1273,1273,1273,763,763,763,763,924,924,924,924,825,825,825,665,665,665,775,775,775,679,679,679,679,1075,1075,1075,1075,1019,1019,1019,1018,1018,1010,1010,886,886,886,739,739,739,739,920,920,920,920,700,700,700,715,715,715,869,869,869,1137,1137,1137,2096,2096,2096,2096,1791,1791,1791,1791,1463,1463,1463,1419,1419,1298,1298,1531,1531,1434,1434,1434,1469,1469,1469,1469,1216,1216,1216,1216,848,848,848,890,890,1283,1283,1283,1025,1025,1025,1298,1298,1298,870,870,870,870,870,920,920,920,920,984,984,984,792,792,792,1051,1051,1051,673,673,673,673,673,666,666,666,666,741,741,726,726,1308,1308,1308,1602,1602,1602,1602,873,873,873,873,721,721,721,721,965,965,965,965,1182,1182,1182,1144,1144,1199,1199,1064,1064,1064,1300,1300,1300,1295,1295,1295,1641,1641,1641,1802,1802,1847,1847,1847,1351,1351,1351,1925,1925,1925,4265,6228,11852,11852,8639,8639,6940,6940,6820
18,-0.7840000000000003633,1204,2030,1601,1601,1456,1456,1456,1332,1332,1332,1332,1046,1046,1046,1003,1003,1059,1059,1699,1699,1715,1715,1330,1330,1330,1680,1680,1680,1680,1079,1079,1079,1079,998,998,998,1018,1018,1129,1129,1203,1203,1203,991,991,991,931,931,931,958,958,1118,1118,1344,1344,1132,1132,1132,1153,1153,1153,1153,1390,1390,1390,1390,1418,1418,1418,1418,1385,1385,1385,1250,1250,1250,1327,1327,1327,1690,1690,1690,1690,1268,1268,1268,1268,1268,947,947,947,947,1023,1023,1023,1289,1289,1698,1698,1698,2143,2143,2143,2143,1902,1902,1902,1902,1902,1480,1480,1480,1480,1206,1206,1206,1070,1070,1643,1643,1643,1959,1959,1959,1959,1750,1750,1750,1750,1750,1141,1141,1141,1141,1141,1166,1166,1166,1235,1235,1923,1923,1923,1983,1983,1983,1983,1875,1875,1875,1875,1875,1544,1544,1544,1544,1388,1388,1388,1658,1658,1732,1732,1732,1502,1502,1502,1502,1271,1271,1271,1271,1581,1581,1581,1581,2022,2022,2022,1746,1746,1746,1682,1682,1682,1169,1169,1169,1957,1957,2550,2550,2550,2752,2752,2752,1517,1517,1517,1028,1028,1205,1205,1542,1542,1542,2731,2731,2731,2731,2372,2372,2372,2372,1707,1707,1707,1323,1323,1323,1322,1322,2049,2049,2049,1883,1883,1883,1337,1337,1337,1337,895,895,895,1178,1178,1178,1516,1516,1516,2031,2031,2031,2216,2216,2216,2216,1241,1241,1241,1241,751,751,751,829,829,829,1340,1340,2215,2215,2215,2215,1942,1942,1942,1942,1032,1032,1032,1032,835,835,835,772,772,1322,1322,1655,1655,1655,2050,2050,2050,2050,1491,1491,1491,1491,1477,1477,1477,1526,1526,1477,1477,1477,1536,1536,1536,1671,1671,1671,1671,781,781,781,781,1203,1203,1203,1203,1262,1262,1262,1513,1513,1513,2051,2051,2051,2051,1817,1817,1817,1817,1438,1438,1438,1438,910,910,910,970,970,970,1248,1248,1248,1870,1870,1870,1870,1429,1429,1429,1429,1269,1269,1269,1269,1448,1448,1448,1584,1584,1584,2440,2440,2440,2440,2020,2020,2020,2020,1770,1770,1770,1349,1349,1349,1782,1782,1782,1558,1558,1558,1321,1321,1321,1321,901,901,901,901,790,790,790,790,578,578,578,720,720,720,782,782,782,1064,1064,1064,1064,1258,1258,1258,1258,1417,1417,1417,1259,1259,1887,1887,1450,1450,1450,983,983,983,983,896,896,896,896,797,797,797,1085,1085,1085,1280,1280,1280,1566,1566,1566,2292,2292,2292,2292,1470,1470,1470,1470,1635,1635,1635,1756,1756,1789,1789,1805,1805,1716,1716,1716,1582,1582,1582,1582,1537,1537,1537,1537,1202,1202,1202,1500,1500,1786,1786,1786,1788,1788,1788,1583,1583,1583,1369,1369,1369,1369,1369,1131,1131,1131,1131,1070,1070,1070,1206,1206,1206,1446,1446,1446,1105,1105,1105,1105,1105,871,871,871,871,790,790,927,927,2143,2143,2143,2151,2151,2151,2151,1613,1613,1613,1613,1349,1349,1349,1349,1200,1200,1200,1200,1179,1179,1179,1148,1148,1400,1400,1405,1405,1405,1584,1584,1584,1555,1555,1555,2020,2020,2020,1940,1940,1903,1903,1903,1391,1391,1391,1602,1602,1602,3486,3351,9771,9771,11776,11776,11110,11110,10606
19,-0.5840000000000004077,1787,-319,-839,-839,-913,-913,-913,1259,1259,1259,1259,1355,1355,1355,1364,1364,1364,1364,1065,1065,-1222,-1222,-3706,-3706,-3706,-344,-344,-344,-344,910,910,910,910,1212,1212,1212,1377,1377,1322,1322,1519,1519,1519,1366,1366,1366,958,958,958,1127,1127,967,967,631,631,611,611,611,1087,1087,1087,1087,1642,1642,1642,1642,1701,1701,1701,1701,1726,1726,1726,1381,1381,1381,918,918,918,434,434,434,434,1079,1079,1079,1079,1079,1053,1053,1053,1053,1313,1313,1313,1377,1377,812,812,812,640,640,640,640,1161,1161,1161,1161,1161,1517,1517,1517,1517,1458,1458,1458,1273,1273,1337,1337,1337,545,545,545,545,988,988,988,988,988,1537,1537,1537,1537,1537,1340,1340,1340,1435,1435,1212,1212,1212,634,634,634,634,596,596,596,596,596,1423,1423,1423,1423,1646,1646,1646,1099,1099,321,321,321,1372,1372,1372,1372,1640,1640,1640,1640,1866,1866,1866,1866,2075,2075,2075,1286,1286,1286,1280,1280,1280,1211,1211,1211,921,921,-494,-494,-494,1068,1068,1068,1365,1365,1365,1387,1387,1449,1449,1260,1260,1260,960,960,960,960,1161,1161,1161,1161,2144,2144,2144,1530,1530,1530,1340,1340,745,745,745,845,845,845,1162,1162,1162,1162,1373,1373,1373,1475,1475,1475,969,969,969,895,895,895,1040,1040,1040,1040,1323,1323,1323,1323,1061,1061,1061,994,994,994,1073,1073,-198,-198,-198,-198,1251,1251,1251,1251,1285,1285,1285,1285,1012,1012,1012,1098,1098,1341,1341,1031,1031,1031,621,621,621,621,680,680,680,680,928,928,928,760,760,650,650,650,918,918,918,1276,1276,1276,1276,1187,1187,1187,1187,1260,1260,1260,1260,1516,1516,1516,1470,1470,1470,1455,1455,1455,1455,1505,1505,1505,1505,1023,1023,1023,1023,693,693,693,896,896,896,1203,1203,1203,1632,1632,1632,1632,1670,1670,1670,1670,1188,1188,1188,1188,1127,1127,1127,742,742,742,908,908,908,908,901,901,901,901,1335,1335,1335,604,604,604,770,770,770,1196,1196,1196,886,886,886,886,1078,1078,1078,1078,1289,1289,1289,1289,976,976,976,1016,1016,1016,726,726,726,1095,1095,1095,1095,1184,1184,1184,1184,1310,1310,1310,625,625,992,992,1239,1239,1239,1210,1210,1210,1210,1226,1226,1226,1226,1338,1338,1338,1449,1449,1449,1590,1590,1590,1588,1588,1588,1140,1140,1140,1140,849,849,849,849,1103,1103,1103,1365,1365,1570,1570,1461,1461,1634,1634,1634,1367,1367,1367,1367,1564,1564,1564,1564,1231,1231,1231,1548,1548,1686,1686,1686,1815,1815,1815,1303,1303,1303,1385,1385,1385,1385,1385,1344,1344,1344,1344,1237,1237,1237,1425,1425,1425,1285,1285,1285,1188,1188,1188,1188,1188,1180,1180,1180,1180,909,909,1300,1300,1565,1565,1565,1566,1566,1566,1566,1503,1503,1503,1503,1360,1360,1360,1360,1303,1303,1303,1303,1018,1018,1018,940,940,1025,1025,1501,1501,1501,1790,1790,1790,1867,1867,1867,1682,1682,1682,1169,1169,799,799,799,1332,1332,1332,1214,1214,1214,2114,2017,5346,5346,11939,11939,12729,12729,12811
20,-0.3840000000000003411,1249,-3150,-3195,-3195,-3247,-3247,-3247,729,729,729,729,1422,1422,1422,1546,1546,1263,1263,-433,-433,-4661,-4661,-7114,-7114,-7114,-2730,-2730,-2730,-2730,666,666,666,666,1284,1284,1284,1397,1397,1127,1127,1414,1414,1414,1447,1447,1447,916,916,916,707,707,222,222,-585,-585,-486,-486,-486,655,655,655,655,1451,1451,1451,1451,1879,1879,1879,1879,1922,1922,1922,1372,1372,1372,329,329,329,-1347,-1347,-1347,-1347,793,793,793,793,793,1070,1070,1070,1070,1145,1145,1145,993,993,-139,-139,-139,-2191,-2191,-2191,-2191,-731,-731,-731,-731,-731,1176,1176,1176,1176,1395,1395,1395,1184,1184,230,230,230,-1485,-1485,-1485,-1485,-533,-533,-533,-533,-533,1683,1683,1683,1683,1683,1617,1617,1617,1244,1244,-210,-210,-210,-1690,-1690,-1690,-1690,-1445,-1445,-1445,-1445,-1445,1153,1153,1153,1153,1848,1848,1848,257,257,-1549,-1549,-1549,872,872,872,872,1711,1711,1711,1711,1975,1975,1975,1975,1780,1780,1780,10,10,10,662,662,662,1364,1364,1364,-145,-145,-4160,-4160,-4160,-2357,-2357,-2357,1068,1068,1068,1817,1817,1550,1550,520,520,520,-1781,-1781,-1781,-1781,-388,-388,-388,-388,2210,2210,2210,1555,1555,1555,859,859,-1150,-1150,-1150,-1016,-1016,-1016,429,429,429,429,1643,1643,1643,1570,1570,1570,352,352,352,-1036,-1036,-1036,-880,-880,-880,-880,701,701,701,701,1116,1116,1116,823,823,823,-124,-124,-3105,-3105,-3105,-3105,-367,-367,-367,-367,1400,1400,1400,1400,1029,1029,1029,967,967,386,386,-561,-561,-561,-2365,-2365,-2365,-2365,-816,-816,-816,-816,-746,-746,-746,-519,-519,-273,-273,-273,-181,-181,-181,635,635,635,635,1789,1789,1789,1789,1623,1623,1623,1623,1490,1490,1490,914,914,914,78,78,78,78,601,601,601,601,408,408,408,408,613,613,613,872,872,872,1119,1119,1119,549,549,549,549,1394,1394,1394,1394,884,884,884,884,1021,1021,1021,-445,-445,-445,-1089,-1089,-1089,-1089,-1082,-1082,-1082,-1082,196,196,196,5,5,5,-591,-591,-591,-157,-157,-157,-168,-168,-168,-168,806,806,806,806,1781,1781,1781,1781,1611,1611,1611,1438,1438,1438,536,536,536,507,507,507,507,616,616,616,616,773,773,773,111,111,-758,-758,600,600,600,1358,1358,1358,1358,1745,1745,1745,1745,2106,2106,2106,1769,1769,1769,1777,1777,1777,1290,1290,1290,-665,-665,-665,-665,559,559,559,559,817,817,817,948,948,1139,1139,817,817,991,991,991,1196,1196,1196,1196,1835,1835,1835,1835,1218,1218,1218,1309,1309,1261,1261,1261,1539,1539,1539,873,873,873,1346,1346,1346,1346,1346,1777,1777,1777,1777,1942,1942,1942,1650,1650,1650,871,871,871,1508,1508,1508,1508,1508,1626,1626,1626,1626,1534,1534,1635,1635,278,278,278,-433,-433,-433,-433,937,937,937,937,1411,1411,1411,1411,1511,1511,1511,1511,1421,1421,1421,1186,1186,690,690,1582,1582,1582,2017,2017,2017,2032,2032,2032,736,736,736,158,158,-766,-766,-766,685,685,685,1038,1038,1038,-1069,-2251,-2365,-2365,8689,8689,11891,11891,12322
21,-0.1840000000000003577,39,-2993,-2867,-2867,-2998,-2998,-2998,1131,1131,1131,1131,1910,1910,1910,2122,2122,1611,1611,-606,-606,-5061,-5061,-5471,-5471,-5471,-2907,-2907,-2907,-2907,1155,1155,1155,1155,1850,1850,1850,1489,1489,1133,1133,1568,1568,1568,1549,1549,1549,1204,1204,1204,888,888,137,137,-801,-801,-253,-253,-253,920,920,920,920,1631,1631,1631,1631,2086,2086,2086,2086,2149,2149,2149,1799,1799,1799,298,298,298,-1517,-1517,-1517,-1517,1384,1384,1384,1384,1384,1660,1660,1660,1660,1362,1362,1362,946,946,-495,-495,-495,-2820,-2820,-2820,-2820,-1008,-1008,-1008,-1008,-1008,1065,1065,1065,1065,1522,1522,1522,1215,1215,-257,-257,-257,-2061,-2061,-2061,-2061,-1098,-1098,-1098,-1098,-1098,2044,2044,2044,2044,2044,2171,2171,2171,1328,1328,-753,-753,-753,-2390,-2390,-2390,-2390,-2301,-2301,-2301,-2301,-2301,1231,1231,1231,1231,2271,2271,2271,273,273,-2201,-2201,-2201,759,759,759,759,1644,1644,1644,1644,2291,2291,2291,2291,1987,1987,1987,-241,-241,-241,697,697,697,1882,1882,1882,-239,-239,-4523,-4523,-4523,-3159,-3159,-3159,1221,1221,1221,2435,2435,1912,1912,377,377,377,-3333,-3333,-3333,-3333,-962,-962,-962,-962,2359,2359,2359,1634,1634,1634,700,700,-1931,-1931,-1931,-1788,-1788,-1788,243,243,243,243,1934,1934,1934,1915,1915,1915,417,417,417,-1316,-1316,-1316,-1748,-1748,-1748,-1748,793,793,793,793,1144,1144,1144,1034,1034,1034,-1036,-1036,-3937,-3937,-3937,-3937,-900,-900,-900,-900,1619,1619,1619,1619,1482,1482,1482,952,952,-436,-436,-1926,-1926,-1926,-3908,-3908,-3908,-3908,-1630,-1630,-1630,-1630,-1378,-1378,-1378,-685,-685,-66,-66,-66,-617,-617,-617,634,634,634,634,1952,1952,1952,1952,2165,2165,2165,2165,1890,1890,1890,506,506,506,-1059,-1059,-1059,-1059,-320,-320,-320,-320,813,813,813,813,747,747,747,1170,1170,1170,976,976,976,-71,-71,-71,-71,1414,1414,1414,1414,820,820,820,820,1380,1380,1380,-719,-719,-719,-2233,-2233,-2233,-2233,-2120,-2120,-2120,-2120,-204,-204,-204,11,11,11,-1356,-1356,-1356,-962,-962,-962,-1029,-1029,-1029,-1029,434,434,434,434,1934,1934,1934,1934,1538,1538,1538,1667,1667,1667,287,287,287,-26,-26,-26,-26,35,35,35,35,419,419,419,17,17,-1041,-1041,310,310,310,1056,1056,1056,1056,1996,1996,1996,1996,2340,2340,2340,1590,1590,1590,1701,1701,1701,753,753,753,-1869,-1869,-1869,-1869,489,489,489,489,785,785,785,863,863,1254,1254,317,317,154,154,154,1317,1317,1317,1317,2155,2155,2155,2155,1712,1712,1712,1227,1227,1090,1090,1090,1588,1588,1588,799,799,799,1167,1167,1167,1167,1167,2009,2009,2009,2009,2481,2481,2481,2082,2082,2082,584,584,584,1994,1994,1994,1994,1994,1986,1986,1986,1986,2152,2152,1882,1882,-543,-543,-543,-1433,-1433,-1433,-1433,669,669,669,669,1749,1749,1749,1749,1918,1918,1918,1918,1898,1898,1898,1875,1875,841,841,1852,1852,1852,1866,1866,1866,1928,1928,1928,-8,-8,-8,-785,-785,-1307,-1307,-1307,448,448,448,1708,1708,1708,-2026,-4277,-9831,-9831,2569,2569,8161,8161,8726
22,0.01599999999999966033,694,1227,986,986,712,712,712,3464,3464,3464,3464,3716,3716,3716,3756,3756,3114,3114,1641,1641,-672,-672,593,593,593,665,665,665,665,3049,3049,3049,3049,3275,3275,3275,2984,2984,2456,2456,2927,2927,2927,2687,2687,2687,2652,2652,2652,2488,2488,2028,2028,1356,1356,1958,1958,1958,2989,2989,2989,2989,2943,2943,2943,2943,3254,3254,3254,3254,3233,3233,3233,3128,3128,3128,1938,1938,1938,689,689,689,689,3140,3140,3140,3140,3140,3451,3451,3451,3451,2838,2838,2838,2375,2375,1364,1364,1364,-12,-12,-12,-12,1155,1155,1155,1155,1155,2430,2430,2430,2430,3167,3167,3167,2708,2708,1529,1529,1529,519,519,519,519,839,839,839,839,839,3639,3639,3639,3639,3639,3506,3506,3506,2715,2715,906,906,906,448,448,448,448,-34,-34,-34,-34,-34,2142,2142,2142,2142,3692,3692,3692,2232,2232,279,279,279,1919,1919,1919,1919,2437,2437,2437,2437,2856,2856,2856,2856,2823,2823,2823,1568,1568,1568,2160,2160,2160,3486,3486,3486,1618,1618,-207,-207,-207,-202,-202,-202,2971,2971,2971,3924,3924,3402,3402,2609,2609,2609,-767,-767,-767,-767,1358,1358,1358,1358,3335,3335,3335,2792,2792,2792,2179,2179,595,595,595,785,785,785,1843,1843,1843,1843,3652,3652,3652,3512,3512,3512,2529,2529,2529,1696,1696,1696,819,819,819,819,2388,2388,2388,2388,2411,2411,2411,2942,2942,2942,1071,1071,-156,-156,-156,-156,1043,1043,1043,1043,3193,3193,3193,3193,3226,3226,3226,2687,2687,1144,1144,-55,-55,-55,-538,-538,-538,-538,907,907,907,907,1278,1278,1278,2390,2390,2811,2811,2811,1956,1956,1956,2745,2745,2745,2745,3935,3935,3935,3935,3996,3996,3996,3996,3691,3691,3691,2112,2112,2112,566,566,566,566,1098,1098,1098,1098,2875,2875,2875,2875,2599,2599,2599,2824,2824,2824,2370,2370,2370,1132,1132,1132,1132,2875,2875,2875,2875,2665,2665,2665,2665,3152,3152,3152,2240,2240,2240,449,449,449,449,894,894,894,894,2067,2067,2067,2149,2149,2149,726,726,726,1295,1295,1295,804,804,804,804,2057,2057,2057,2057,3229,3229,3229,3229,2822,2822,2822,2627,2627,2627,1526,1526,1526,1212,1212,1212,1212,1235,1235,1235,1235,1841,1841,1841,1281,1281,533,533,1930,1930,1930,2090,2090,2090,2090,3255,3255,3255,3255,3461,3461,3461,2246,2246,2246,2590,2590,2590,1617,1617,1617,-152,-152,-152,-152,2439,2439,2439,2439,2138,2138,2138,2169,2169,2826,2826,1690,1690,1239,1239,1239,2755,2755,2755,2755,3377,3377,3377,3377,3322,3322,3322,2259,2259,2161,2161,2161,3203,3203,3203,2400,2400,2400,2376,2376,2376,2376,2376,3044,3044,3044,3044,3753,3753,3753,3002,3002,3002,1375,1375,1375,3179,3179,3179,3179,3179,3507,3507,3507,3507,3109,3109,2700,2700,822,822,822,614,614,614,614,1876,1876,1876,1876,2808,2808,2808,2808,3141,3141,3141,3141,3175,3175,3175,3082,3082,2397,2397,3056,3056,3056,2428,2428,2428,2399,2399,2399,1105,1105,1105,704,704,932,932,932,2485,2485,2485,3814,3814,3814,1429,388,-10559,-10559,-4671,-4671,2402,2402,4092
23,0.2159999999999996645,3660,5167,4770,4770,5150,5150,5150,5544,5544,5544,5544,5667,5667,5667,5496,5496,5207,5207,4634,4634,5273,5273,6968,6968,6968,4925,4925,4925,4925,4856,4856,4856,4856,5096,5096,5096,4440,4440,4072,4072,4226,4226,4226,4468,4468,4468,4551,4551,4551,4625,4625,4269,4269,4319,4319,4587,4587,4587,4885,4885,4885,4885,4406,4406,4406,4406,4389,4389,4389,4389,4308,4308,4308,4393,4393,4393,4315,4315,4315,4327,4327,4327,4327,5331,5331,5331,5331,5331,5460,5460,5460,5460,4627,4627,4627,4417,4417,3972,3972,3972,4271,4271,4271,4271,4195,4195,4195,4195,4195,4350,4350,4350,4350,4647,4647,4647,4548,4548,3802,3802,3802,3746,3746,3746,3746,4104,4104,4104,4104,4104,5046,5046,5046,5046,5046,5015,5015,5015,4297,4297,3564,3564,3564,3590,3590,3590,3590,3546,3546,3546,3546,3546,3164,3164,3164,3164,4897,4897,4897,4821,4821,3988,3988,3988,3216,3216,3216,3216,3279,3279,3279,3279,3380,3380,3380,3380,3274,3274,3274,3829,3829,3829,4174,4174,4174,4721,4721,4721,4140,4140,5621,5621,5621,4748,4748,4748,4944,4944,4944,5722,5722,5892,5892,5585,5585,5585,4021,4021,4021,4021,4753,4753,4753,4753,4612,4612,4612,4685,4685,4685,4427,4427,5175,5175,5175,5398,5398,5398,5143,5143,5143,5143,6122,6122,6122,5842,5842,5842,5582,5582,5582,5326,5326,5326,5329,5329,5329,5329,5063,5063,5063,5063,5181,5181,5181,5392,5392,5392,4864,4864,5380,5380,5380,5380,4036,4036,4036,4036,5716,5716,5716,5716,6031,6031,6031,5209,5209,4178,4178,3991,3991,3991,5374,5374,5374,5374,5906,5906,5906,5906,5710,5710,5710,6639,6639,6672,6672,6672,5568,5568,5568,6191,6191,6191,6191,6728,6728,6728,6728,6328,6328,6328,6328,5889,5889,5889,5241,5241,5241,4325,4325,4325,4325,4798,4798,4798,4798,5447,5447,5447,5447,5821,5821,5821,5612,5612,5612,5680,5680,5680,4082,4082,4082,4082,5144,5144,5144,5144,5350,5350,5350,5350,6091,6091,6091,6260,6260,6260,5312,5312,5312,5312,5883,5883,5883,5883,6570,6570,6570,6231,6231,6231,5505,5505,5505,4978,4978,4978,4450,4450,4450,4450,5254,5254,5254,5254,5482,5482,5482,5482,5220,5220,5220,5180,5180,5180,4369,4369,4369,4016,4016,4016,4016,4132,4132,4132,4132,4407,4407,4407,4294,4294,4322,4322,5149,5149,5149,4860,4860,4860,4860,5877,5877,5877,5877,5456,5456,5456,4534,4534,4534,4466,4466,4466,4369,4369,4369,4514,4514,4514,4514,5790,5790,5790,5790,5114,5114,5114,4890,4890,4721,4721,4075,4075,3945,3945,3945,4998,4998,4998,4998,5671,5671,5671,5671,5513,5513,5513,4190,4190,4426,4426,4426,5324,5324,5324,5426,5426,5426,4791,4791,4791,4791,4791,5487,5487,5487,5487,6175,6175,6175,5052,5052,5052,3546,3546,3546,5255,5255,5255,5255,5255,5486,5486,5486,5486,5427,5427,4541,4541,3836,3836,3836,4294,4294,4294,4294,4541,4541,4541,4541,5119,5119,5119,5119,5525,5525,5525,5525,5224,5224,5224,5487,5487,5338,5338,5170,5170,5170,3901,3901,3901,3539,3539,3539,3709,3709,3709,3672,3672,4525,4525,4525,5524,5524,5524,6231,6231,6231,5648,4928,-5654,-5654,-8319,-8319,-2258,-2258,-547
24,0.4159999999999997033,6247,5599,6182,6182,7041,7041,7041,5915,5915,5915,5915,6002,6002,6002,5934,5934,5755,5755,6122,6122,8125,8125,8481,8481,8481,6222,6222,6222,6222,4978,4978,4978,4978,5238,5238,5238,4522,4522,4176,4176,4409,4409,4409,4816,4816,4816,5460,5460,5460,5730,5730,5999,5999,6518,6518,6087,6087,6087,5521,5521,5521,5521,4588,4588,4588,4588,4417,4417,4417,4417,4128,4128,4128,4596,4596,4596,5371,5371,5371,6399,6399,6399,6399,6371,6371,6371,6371,6371,6050,6050,6050,6050,5249,5249,5249,4970,4970,5347,5347,5347,6254,6254,6254,6254,6068,6068,6068,6068,6068,4912,4912,4912,4912,5027,5027,5027,5255,5255,4792,4792,4792,5961,5961,5961,5961,5627,5627,5627,5627,5627,5102,5102,5102,5102,5102,5336,5336,5336,4732,4732,4817,4817,4817,5011,5011,5011,5011,5663,5663,5663,5663,5663,2802,2802,2802,2802,4388,4388,4388,5784,5784,5087,5087,5087,3226,3226,3226,3226,2615,2615,2615,2615,2736,2736,2736,2736,2554,2554,2554,4269,4269,4269,4870,4870,4870,4246,4246,4246,4910,4910,7404,7404,7404,7065,7065,7065,5840,5840,5840,6004,6004,6674,6674,6932,6932,6932,7059,7059,7059,7059,6253,6253,6253,6253,4232,4232,4232,5211,5211,5211,5721,5721,8179,8179,8179,7564,7564,7564,7165,7165,7165,7165,7154,7154,7154,6920,6920,6920,7116,7116,7116,7311,7311,7311,7897,7897,7897,7897,7498,7498,7498,7498,7789,7789,7789,7692,7692,7692,8001,8001,8539,8539,8539,8539,7074,7074,7074,7074,7553,7553,7553,7553,8414,8414,8414,7855,7855,6999,6999,8080,8080,8080,9810,9810,9810,9810,9628,9628,9628,9628,9304,9304,9304,9291,9291,8756,8756,8756,7483,7483,7483,7918,7918,7918,7918,7988,7988,7988,7988,7924,7924,7924,7924,7739,7739,7739,7565,7565,7565,7066,7066,7066,7066,7195,7195,7195,7195,7461,7461,7461,7461,7552,7552,7552,7068,7068,7068,7494,7494,7494,7180,7180,7180,7180,7108,7108,7108,7108,7551,7551,7551,7551,7915,7915,7915,9096,9096,9096,9193,9193,9193,9193,9318,9318,9318,9318,9066,9066,9066,9062,9062,9062,8840,8840,8840,8620,8620,8620,8202,8202,8202,8202,7706,7706,7706,7706,6999,6999,6999,6999,6857,6857,6857,6586,6586,6586,7202,7202,7202,6188,6188,6188,6188,6302,6302,6302,6302,5946,5946,5946,6816,6816,7746,7746,7682,7682,7682,7176,7176,7176,7176,7489,7489,7489,7489,6855,6855,6855,6845,6845,6845,6130,6130,6130,7076,7076,7076,7800,7800,7800,7800,7725,7725,7725,7725,7233,7233,7233,6214,6214,4936,4936,5238,5238,4879,4879,4879,6562,6562,6562,6562,6691,6691,6691,6691,6663,6663,6663,5514,5514,5994,5994,5994,6509,6509,6509,7213,7213,7213,6570,6570,6570,6570,6570,7643,7643,7643,7643,8165,8165,8165,6832,6832,6832,5983,5983,5983,7382,7382,7382,7382,7382,7441,7441,7441,7441,7145,7145,5955,5955,7196,7196,7196,7748,7748,7748,7748,7220,7220,7220,7220,7113,7113,7113,7113,6902,6902,6902,6902,6969,6969,6969,7534,7534,7189,7189,5765,5765,5765,4415,4415,4415,3669,3669,3669,5032,5032,5032,6333,6333,7628,7628,7628,6857,6857,6857,7357,7357,7357,5414,5560,1032,1032,-7895,-7895,-5848,-5848,-4426
25,0.6159999999999996589,6604,2907,3232,3232,3879,3879,3879,3136,3136,3136,3136,3118,3118,3118,3550,3550,3448,3448,3391,3391,4053,4053,2461,2461,2461,3007,3007,3007,3007,2261,2261,2261,2261,2851,2851,2851,1995,1995,1587,1587,2511,2511,2511,2719,2719,2719,3940,3940,3940,4763,4763,5323,5323,5272,5272,4502,4502,4502,3392,3392,3392,3392,2181,2181,2181,2181,1862,1862,1862,1862,1196,1196,1196,2311,2311,2311,3217,3217,3217,4490,4490,4490,4490,4687,4687,4687,4687,4687,3939,3939,3939,3939,3089,3089,3089,3209,3209,3464,3464,3464,3967,3967,3967,3967,4477,4477,4477,4477,4477,2963,2963,2963,2963,2911,2911,2911,3453,3453,3236,3236,3236,4079,4079,4079,4079,4451,4451,4451,4451,4451,2667,2667,2667,2667,2667,2582,2582,2582,2588,2588,2291,2291,2291,2522,2522,2522,2522,4559,4559,4559,4559,4559,251,251,251,251,1506,1506,1506,3804,3804,2306,2306,2306,855,855,855,855,-139,-139,-139,-139,123,123,123,123,-188,-188,-188,1280,1280,1280,2280,2280,2280,1248,1248,1248,2158,2158,3321,3321,3321,4012,4012,4012,3445,3445,3445,2819,2819,3913,3913,4424,4424,4424,4418,4418,4418,4418,3037,3037,3037,3037,1116,1116,1116,3231,3231,3231,4038,4038,6151,6151,6151,5802,5802,5802,6293,6293,6293,6293,5033,5033,5033,4455,4455,4455,4718,4718,4718,4054,4054,4054,6707,6707,6707,6707,7145,7145,7145,7145,8429,8429,8429,8394,8394,8394,7384,7384,6225,6225,6225,6225,6054,6054,6054,6054,6305,6305,6305,6305,8066,8066,8066,7955,7955,6795,6795,7600,7600,7600,9767,9767,9767,9767,9879,9879,9879,9879,8933,8933,8933,7333,7333,6501,6501,6501,4835,4835,4835,5340,5340,5340,5340,5906,5906,5906,5906,6116,6116,6116,6116,6652,6652,6652,6329,6329,6329,5849,5849,5849,5849,5479,5479,5479,5479,6806,6806,6806,6806,6570,6570,6570,5721,5721,5721,5450,5450,5450,6477,6477,6477,6477,5641,5641,5641,5641,6880,6880,6880,6880,5845,5845,5845,7420,7420,7420,8198,8198,8198,8198,8626,8626,8626,8626,8069,8069,8069,8189,8189,8189,8339,8339,8339,8453,8453,8453,8696,8696,8696,8696,7302,7302,7302,7302,6455,6455,6455,6455,5930,5930,5930,5719,5719,5719,6861,6861,6861,5837,5837,5837,5837,6126,6126,6126,6126,5339,5339,5339,5859,5859,7042,7042,6932,6932,6932,7381,7381,7381,7381,5725,5725,5725,5725,5142,5142,5142,6260,6260,6260,5112,5112,5112,6120,6120,6120,6366,6366,6366,6366,5429,5429,5429,5429,5053,5053,5053,3331,3331,1683,1683,2585,2585,2325,2325,2325,3894,3894,3894,3894,4654,4654,4654,4654,4740,4740,4740,3572,3572,4764,4764,4764,4025,4025,4025,5452,5452,5452,6087,6087,6087,6087,6087,7487,7487,7487,7487,7816,7816,7816,5657,5657,5657,5208,5208,5208,6956,6956,6956,6956,6956,7415,7415,7415,7415,6246,6246,5161,5161,6153,6153,6153,6678,6678,6678,6678,6289,6289,6289,6289,6110,6110,6110,6110,5729,5729,5729,5729,6376,6376,6376,5958,5958,4507,4507,3086,3086,3086,1966,1966,1966,1425,1425,1425,3216,3216,3216,4598,4598,5694,5694,5694,5322,5322,5322,5730,5730,5730,2509,4601,5705,5705,-6274,-6274,-9311,-9311,-8925
26,0.8159999999999997256,4116,-1976,-2524,-2524,-2639,-2639,-2639,-3251,-3251,-3251,-3251,-2994,-2994,-2994,-2485,-2485,-2181,-2181,-2575,-2575,-4015,-4015,-6088,-6088,-6088,-4250,-4250,-4250,-4250,-2623,-2623,-2623,-2623,-2949,-2949,-2949,-2750,-2750,-3367,-3367,-2337,-2337,-2337,-1908,-1908,-1908,-525,-525,-525,403,403,1662,1662,677,677,-476,-476,-476,-1662,-1662,-1662,-1662,-3076,-3076,-3076,-3076,-2951,-2951,-2951,-2951,-3529,-3529,-3529,-2751,-2751,-2751,-1931,-1931,-1931,-1279,-1279,-1279,-1279,-295,-295,-295,-295,-295,-983,-983,-983,-983,-2220,-2220,-2220,-1712,-1712,-1925,-1925,-1925,-1753,-1753,-1753,-1753,-582,-582,-582,-582,-582,-2335,-2335,-2335,-2335,-1885,-1885,-1885,-1946,-1946,-1710,-1710,-1710,-1619,-1619,-1619,-1619,-171,-171,-171,-171,-171,-2505,-2505,-2505,-2505,-2505,-3311,-3311,-3311,-2163,-2163,-2734,-2734,-2734,-3398,-3398,-3398,-3398,574,574,574,574,574,-4313,-4313,-4313,-4313,-4040,-4040,-4040,-2241,-2241,-3878,-3878,-3878,-3822,-3822,-3822,-3822,-4815,-4815,-4815,-4815,-4848,-4848,-4848,-4848,-5872,-5872,-5872,-4852,-4852,-4852,-3665,-3665,-3665,-3812,-3812,-3812,-4939,-4939,-4250,-4250,-4250,-3199,-3199,-3199,-1828,-1828,-1828,-3618,-3618,-2958,-2958,-2855,-2855,-2855,-1449,-1449,-1449,-1449,-4255,-4255,-4255,-4255,-5248,-5248,-5248,-2183,-2183,-2183,-1383,-1383,-809,-809,-809,-496,-496,-496,1537,1537,1537,1537,-965,-965,-965,-1949,-1949,-1949,-1733,-1733,-1733,-2839,-2839,-2839,1164,1164,1164,1164,3162,3162,3162,3162,5386,5386,5386,5261,5261,5261,2460,2460,-791,-791,-791,-791,1172,1172,1172,1172,1294,1294,1294,1294,3955,3955,3955,4098,4098,2060,2060,3227,3227,3227,4001,4001,4001,4001,5691,5691,5691,5691,3541,3541,3541,866,866,-83,-83,-83,-1211,-1211,-1211,-1812,-1812,-1812,-1812,289,289,289,289,1038,1038,1038,1038,1618,1618,1618,-264,-264,-264,538,538,538,538,108,108,108,108,1872,1872,1872,1872,1918,1918,1918,1626,1626,1626,-453,-453,-453,902,902,902,902,237,237,237,237,2761,2761,2761,2761,614,614,614,1031,1031,1031,1824,1824,1824,1824,3302,3302,3302,3302,1717,1717,1717,2793,2793,2793,4283,4283,4283,3859,3859,3859,5400,5400,5400,5400,2795,2795,2795,2795,2523,2523,2523,2523,2332,2332,2332,2094,2094,2094,3378,3378,3378,2320,2320,2320,2320,2469,2469,2469,2469,1941,1941,1941,2070,2070,1983,1983,1507,1507,1507,4252,4252,4252,4252,1011,1011,1011,1011,-277,-277,-277,2873,2873,2873,804,804,804,1358,1358,1358,594,594,594,594,136,136,136,136,-1441,-1441,-1441,-2921,-2921,-4949,-4949,-3195,-3195,-3050,-3050,-3050,-2066,-2066,-2066,-2066,-579,-579,-579,-579,-1060,-1060,-1060,-1841,-1841,-434,-434,-434,-2021,-2021,-2021,-739,-739,-739,1887,1887,1887,1887,1887,3506,3506,3506,3506,3604,3604,3604,921,921,921,335,335,335,2798,2798,2798,2798,2798,3713,3713,3713,3713,1819,1819,1018,1018,983,983,983,912,912,912,912,1670,1670,1670,1670,756,756,756,756,1124,1124,1124,1124,2578,2578,2578,1156,1156,-1871,-1871,-2600,-2600,-2600,-3239,-3239,-3239,-4001,-4001,-4001,-1636,-1636,-1636,-915,-915,445,445,445,800,800,800,1132,1132,1132,-2058,1364,7441,7441,-5222,-5222,-14058,-14058,-14016
27,1.015999999999999792,-541,-6304,-8700,-8700,-8377,-8377,-8377,-9048,-9048,-9048,-9048,-9513,-9513,-9513,-9003,-9003,-8348,-8348,-9287,-9287,-10445,-10445,-11676,-11676,-11676,-9373,-9373,-9373,-9373,-8335,-8335,-8335,-8335,-8790,-8790,-8790,-8894,-8894,-8526,-8526,-7050,-7050,-7050,-7169,-7169,-7169,-6506,-6506,-6506,-5601,-5601,-4122,-4122,-4787,-4787,-5867,-5867,-5867,-7810,-7810,-7810,-7810,-8886,-8886,-8886,-8886,-8719,-8719,-8719,-8719,-8845,-8845,-8845,-8135,-8135,-8135,-7734,-7734,-7734,-6600,-6600,-6600,-6600,-7086,-7086,-7086,-7086,-7086,-7398,-7398,-7398,-7398,-8070,-8070,-8070,-7046,-7046,-7263,-7263,-7263,-7942,-7942,-7942,-7942,-7141,-7141,-7141,-7141,-7141,-7978,-7978,-7978,-7978,-8009,-8009,-8009,-7363,-7363,-7396,-7396,-7396,-7204,-7204,-7204,-7204,-6055,-6055,-6055,-6055,-6055,-8467,-8467,-8467,-8467,-8467,-9439,-9439,-9439,-7569,-7569,-8450,-8450,-8450,-8620,-8620,-8620,-8620,-4590,-4590,-4590,-4590,-4590,-7908,-7908,-7908,-7908,-10373,-10373,-10373,-8407,-8407,-8944,-8944,-8944,-8701,-8701,-8701,-8701,-9203,-9203,-9203,-9203,-10244,-10244,-10244,-10244,-11051,-11051,-11051,-10223,-10223,-10223,-9853,-9853,-9853,-9990,-9990,-9990,-10620,-10620,-10756,-10756,-10756,-9727,-9727,-9727,-7849,-7849,-7849,-10567,-10567,-10316,-10316,-10343,-10343,-10343,-9023,-9023,-9023,-9023,-10751,-10751,-10751,-10751,-11039,-11039,-11039,-8697,-8697,-8697,-7677,-7677,-9057,-9057,-9057,-6737,-6737,-6737,-5003,-5003,-5003,-5003,-8886,-8886,-8886,-9724,-9724,-9724,-8269,-8269,-8269,-9507,-9507,-9507,-5434,-5434,-5434,-5434,-3697,-3697,-3697,-3697,-784,-784,-784,-477,-477,-477,-4791,-4791,-9015,-9015,-9015,-9015,-4957,-4957,-4957,-4957,-5203,-5203,-5203,-5203,-3181,-3181,-3181,-2651,-2651,-3924,-3924,-3619,-3619,-3619,-3325,-3325,-3325,-3325,-1034,-1034,-1034,-1034,-4262,-4262,-4262,-6559,-6559,-8143,-8143,-8143,-8678,-8678,-8678,-9895,-9895,-9895,-9895,-8157,-8157,-8157,-8157,-7287,-7287,-7287,-7287,-6257,-6257,-6257,-7857,-7857,-7857,-7710,-7710,-7710,-7710,-6605,-6605,-6605,-6605,-5407,-5407,-5407,-5407,-4534,-4534,-4534,-5048,-5048,-5048,-8513,-8513,-8513,-6298,-6298,-6298,-6298,-7655,-7655,-7655,-7655,-5189,-5189,-5189,-5189,-6599,-6599,-6599,-6595,-6595,-6595,-5818,-5818,-5818,-5818,-5249,-5249,-5249,-5249,-6009,-6009,-6009,-4317,-4317,-4317,-2660,-2660,-2660,-3486,-3486,-3486,-710,-710,-710,-710,-3647,-3647,-3647,-3647,-3290,-3290,-3290,-3290,-4739,-4739,-4739,-3711,-3711,-3711,-3179,-3179,-3179,-3349,-3349,-3349,-3349,-2520,-2520,-2520,-2520,-3665,-3665,-3665,-3118,-3118,-3357,-3357,-5127,-5127,-5127,-1502,-1502,-1502,-1502,-5854,-5854,-5854,-5854,-6876,-6876,-6876,-3881,-3881,-3881,-5470,-5470,-5470,-5660,-5660,-5660,-7289,-7289,-7289,-7289,-7268,-7268,-7268,-7268,-8086,-8086,-8086,-9190,-9190,-10392,-10392,-8923,-8923,-8772,-8772,-8772,-9786,-9786,-9786,-9786,-7857,-7857,-7857,-7857,-7415,-7415,-7415,-7045,-7045,-7334,-7334,-7334,-9593,-9593,-9593,-7439,-7439,-7439,-4937,-4937,-4937,-4937,-4937,-2589,-2589,-2589,-2589,-2617,-2617,-2617,-5440,-5440,-5440,-5850,-5850,-5850,-4813,-4813,-4813,-4813,-4813,-3309,-3309,-3309,-3309,-4592,-4592,-5012,-5012,-6590,-6590,-6590,-6917,-6917,-6917,-6917,-4434,-4434,-4434,-4434,-5613,-5613,-5613,-5613,-5691,-5691,-5691,-5691,-3612,-3612,-3612,-5759,-5759,-8284,-8284,-9225,-9225,-9225,-8575,-8575,-8575,-8985,-8985,-8985,-7262,-7262,-7262,-7808,-7808,-7413,-7413,-7413,-5533,-5533,-5533,-4756,-4756,-4756,-6712,-6413,2638,2638,-6950,-6950,-17555,-17555,-18393
28,1.215999999999999748,-7839,-10163,-11691,-11691,-11272,-11272,-11272,-14572,-14572,-14572,-14572,-15766,-15766,-15766,-15537,-15537,-14534,-14534,-13784,-13784,-11742,-11742,-10149,-10149,-10149,-10906,-10906,-10906,-10906,-12638,-12638,-12638,-12638,-14205,-14205,-14205,-13978,-13978,-13491,-13491,-12081,-12081,-12081,-13001,-13001,-13001,-12595,-12595,-12595,-11168,-11168,-10169,-10169,-10076,-10076,-10885,-10885,-10885,-12747,-12747,-12747,-12747,-14084,-14084,-14084,-14084,-14029,-14029,-14029,-14029,-13568,-13568,-13568,-13217,-13217,-13217,-12359,-12359,-12359,-11134,-11134,-11134,-11134,-12799,-12799,-12799,-12799,-12799,-13598,-13598,-13598,-13598,-13894,-13894,-13894,-12078,-12078,-11548,-11548,-11548,-10755,-10755,-10755,-10755,-11939,-11939,-11939,-11939,-11939,-13198,-13198,-13198,-13198,-13469,-13469,-13469,-13035,-13035,-11989,-11989,-11989,-11290,-11290,-11290,-11290,-10897,-10897,-10897,-10897,-10897,-14457,-14457,-14457,-14457,-14457,-15031,-15031,-15031,-12721,-12721,-12331,-12331,-12331,-10583,-10583,-10583,-10583,-8209,-8209,-8209,-8209,-8209,-9146,-9146,-9146,-9146,-15730,-15730,-15730,-14148,-14148,-10965,-10965,-10965,-12734,-12734,-12734,-12734,-12652,-12652,-12652,-12652,-14105,-14105,-14105,-14105,-14518,-14518,-14518,-13208,-13208,-13208,-14209,-14209,-14209,-14761,-14761,-14761,-14372,-14372,-12050,-12050,-12050,-13136,-13136,-13136,-13919,-13919,-13919,-16450,-16450,-16292,-16292,-16171,-16171,-16171,-12804,-12804,-12804,-12804,-15262,-15262,-15262,-15262,-15465,-15465,-15465,-14246,-14246,-14246,-13787,-13787,-15600,-15600,-15600,-11924,-11924,-11924,-12473,-12473,-12473,-12473,-16163,-16163,-16163,-16633,-16633,-16633,-14834,-14834,-14834,-13813,-13813,-13813,-11815,-11815,-11815,-11815,-11410,-11410,-11410,-11410,-9741,-9741,-9741,-9605,-9605,-9605,-12058,-12058,-13207,-13207,-13207,-13207,-11327,-11327,-11327,-11327,-13536,-13536,-13536,-13536,-12769,-12769,-12769,-10979,-10979,-10463,-10463,-9554,-9554,-9554,-9991,-9991,-9991,-9991,-8644,-8644,-8644,-8644,-12041,-12041,-12041,-13677,-13677,-15648,-15648,-15648,-14010,-14010,-14010,-16551,-16551,-16551,-16551,-16650,-16650,-16650,-16650,-15338,-15338,-15338,-15338,-15109,-15109,-15109,-15192,-15192,-15192,-13728,-13728,-13728,-13728,-13161,-13161,-13161,-13161,-12603,-12603,-12603,-12603,-12559,-12559,-12559,-11848,-11848,-11848,-15780,-15780,-15780,-13190,-13190,-13190,-13190,-14662,-14662,-14662,-14662,-12975,-12975,-12975,-12975,-13980,-13980,-13980,-13946,-13946,-13946,-12950,-12950,-12950,-12950,-13197,-13197,-13197,-13197,-14153,-14153,-14153,-12192,-12192,-12192,-9384,-9384,-9384,-11143,-11143,-11143,-8886,-8886,-8886,-8886,-11437,-11437,-11437,-11437,-11778,-11778,-11778,-11778,-12099,-12099,-12099,-10992,-10992,-10992,-10593,-10593,-10593,-9768,-9768,-9768,-9768,-9322,-9322,-9322,-9322,-9616,-9616,-9616,-9130,-9130,-9337,-9337,-12423,-12423,-12423,-10373,-10373,-10373,-10373,-13759,-13759,-13759,-13759,-14154,-14154,-14154,-10971,-10971,-10971,-13092,-13092,-13092,-13148,-13148,-13148,-12998,-12998,-12998,-12998,-14437,-14437,-14437,-14437,-14837,-14837,-14837,-14521,-14521,-14320,-14320,-13749,-13749,-13167,-13167,-13167,-15981,-15981,-15981,-15981,-15083,-15083,-15083,-15083,-14278,-14278,-14278,-12651,-12651,-13639,-13639,-13639,-16507,-16507,-16507,-14793,-14793,-14793,-12180,-12180,-12180,-12180,-12180,-12029,-12029,-12029,-12029,-12314,-12314,-12314,-13153,-13153,-13153,-11867,-11867,-11867,-13144,-13144,-13144,-13144,-13144,-12447,-12447,-12447,-12447,-11560,-11560,-11560,-11560,-13646,-13646,-13646,-13087,-13087,-13087,-13087,-10911,-10911,-10911,-10911,-12411,-12411,-12411,-12411,-12924,-12924,-12924,-12924,-11050,-11050,-11050,-13194,-13194,-14153,-14153,-15291,-15291,-15291,-14290,-14290,-14290,-13558,-13558,-13558,-12915,-12915,-12915,-13177,-13177,-13292,-13292,-13292,-12067,-12067,-12067,-12042,-12042,-12042,-12377,-13980,-6399,-6399,-11714,-11714,-20509,-20509,-21298
29,1.415999999999999703,-13459,-10474,-9647,-9647,-9619,-9619,-9619,-16058,-16058,-16058,-16058,-18101,-18101,-18101,-18362,-18362,-17268,-17268,-14063,-14063,-7248,-7248,-3912,-3912,-3912,-8138,-8138,-8138,-8138,-13810,-13810,-13810,-13810,-16570,-16570,-16570,-16038,-16038,-14764,-14764,-14517,-14517,-14517,-15590,-15590,-15590,-16169,-16169,-16169,-15895,-15895,-14584,-14584,-13021,-13021,-13153,-13153,-13153,-15146,-15146,-15146,-15146,-15083,-15083,-15083,-15083,-16104,-16104,-16104,-16104,-15349,-15349,-15349,-15672,-15672,-15672,-13580,-13580,-13580,-12468,-12468,-12468,-12468,-16867,-16867,-16867,-16867,-16867,-17240,-17240,-17240,-17240,-16190,-16190,-16190,-14745,-14745,-13056,-13056,-13056,-9251,-9251,-9251,-9251,-13587,-13587,-13587,-13587,-13587,-15212,-15212,-15212,-15212,-16174,-16174,-16174,-15668,-15668,-12912,-12912,-12912,-11554,-11554,-11554,-11554,-13252,-13252,-13252,-13252,-13252,-17242,-17242,-17242,-17242,-17242,-17499,-17499,-17499,-15061,-15061,-11856,-11856,-11856,-7657,-7657,-7657,-7657,-9027,-9027,-9027,-9027,-9027,-6370,-6370,-6370,-6370,-17569,-17569,-17569,-16126,-16126,-8457,-8457,-8457,-12764,-12764,-12764,-12764,-12444,-12444,-12444,-12444,-14421,-14421,-14421,-14421,-13984,-13984,-13984,-10773,-10773,-10773,-14403,-14403,-14403,-15694,-15694,-15694,-11923,-11923,-7470,-7470,-7470,-10989,-10989,-10989,-16812,-16812,-16812,-18550,-18550,-18684,-18684,-17529,-17529,-17529,-11353,-11353,-11353,-11353,-14395,-14395,-14395,-14395,-15824,-15824,-15824,-17093,-17093,-17093,-16703,-16703,-17230,-17230,-17230,-14053,-14053,-14053,-17172,-17172,-17172,-17172,-19611,-19611,-19611,-19392,-19392,-19392,-17483,-17483,-17483,-13458,-13458,-13458,-15356,-15356,-15356,-15356,-16841,-16841,-16841,-16841,-17189,-17189,-17189,-16476,-16476,-16476,-16365,-16365,-12428,-12428,-12428,-12428,-15163,-15163,-15163,-15163,-18355,-18355,-18355,-18355,-19291,-19291,-19291,-17116,-17116,-14503,-14503,-13514,-13514,-13514,-14650,-14650,-14650,-14650,-15618,-15618,-15618,-15618,-16708,-16708,-16708,-17712,-17712,-18752,-18752,-18752,-16403,-16403,-16403,-18882,-18882,-18882,-18882,-20432,-20432,-20432,-20432,-19622,-19622,-19622,-19622,-19612,-19612,-19612,-18737,-18737,-18737,-16367,-16367,-16367,-16367,-16626,-16626,-16626,-16626,-17491,-17491,-17491,-17491,-17371,-17371,-17371,-16815,-16815,-16815,-18810,-18810,-18810,-17482,-17482,-17482,-17482,-18365,-18365,-18365,-18365,-18217,-18217,-18217,-18217,-18101,-18101,-18101,-17779,-17779,-17779,-16704,-16704,-16704,-16704,-17911,-17911,-17911,-17911,-18795,-18795,-18795,-17780,-17780,-17780,-14917,-14917,-14917,-16169,-16169,-16169,-14937,-14937,-14937,-14937,-16799,-16799,-16799,-16799,-17483,-17483,-17483,-17483,-17549,-17549,-17549,-16160,-16160,-16160,-15567,-15567,-15567,-13145,-13145,-13145,-13145,-14424,-14424,-14424,-14424,-14196,-14196,-14196,-13675,-13675,-13057,-13057,-16638,-16638,-16638,-16733,-16733,-16733,-16733,-18521,-18521,-18521,-18521,-18380,-18380,-18380,-17551,-17551,-17551,-17025,-17025,-17025,-17653,-17653,-17653,-15328,-15328,-15328,-15328,-17698,-17698,-17698,-17698,-18058,-18058,-18058,-16681,-16681,-13793,-13793,-14149,-14149,-13762,-13762,-13762,-19001,-19001,-19001,-19001,-18538,-18538,-18538,-18538,-17718,-17718,-17718,-15506,-15506,-17439,-17439,-17439,-19080,-19080,-19080,-18457,-18457,-18457,-17433,-17433,-17433,-17433,-17433,-18597,-18597,-18597,-18597,-18640,-18640,-18640,-18112,-18112,-18112,-15765,-15765,-15765,-19184,-19184,-19184,-19184,-19184,-18683,-18683,-18683,-18683,-17441,-17441,-16433,-16433,-16860,-16860,-16860,-16397,-16397,-16397,-16397,-15830,-15830,-15830,-15830,-17135,-17135,-17135,-17135,-17174,-17174,-17174,-17174,-17601,-17601,-17601,-18271,-18271,-16633,-16633,-17312,-17312,-17312,-16323,-16323,-16323,-14770,-14770,-14770,-15009,-15009,-15009,-15216,-15216,-15372,-15372,-15372,-15593,-15593,-15593,-17395,-17395,-17395,-16192,-17512,-15106,-15106,-16908,-16908,-22153,-22153,-23387
30,1.615999999999999659,-17266,-8084,-5553,-5553,-6194,-6194,-6194,-13146,-13146,-13146,-13146,-16137,-16137,-16137,-17655,-17655,-15835,-15835,-10327,-10327,-2451,-2451,1238,1238,1238,-4028,-4028,-4028,-4028,-11563,-11563,-11563,-11563,-14589,-14589,-14589,-13357,-13357,-11823,-11823,-14174,-14174,-14174,-14850,-14850,-14850,-16623,-16623,-16623,-17680,-17680,-16808,-16808,-14021,-14021,-12600,-12600,-12600,-13865,-13865,-13865,-13865,-11279,-11279,-11279,-11279,-13659,-13659,-13659,-13659,-12915,-12915,-12915,-14786,-14786,-14786,-10986,-10986,-10986,-10621,-10621,-10621,-10621,-17920,-17920,-17920,-17920,-17920,-17826,-17826,-17826,-17826,-15036,-15036,-15036,-14151,-14151,-11218,-11218,-11218,-6148,-6148,-6148,-6148,-11543,-11543,-11543,-11543,-11543,-13128,-13128,-13128,-13128,-14622,-14622,-14622,-14726,-14726,-10130,-10130,-10130,-8563,-8563,-8563,-8563,-13503,-13503,-13503,-13503,-13503,-16647,-16647,-16647,-16647,-16647,-15601,-15601,-15601,-13735,-13735,-8390,-8390,-8390,-3296,-3296,-3296,-3296,-8054,-8054,-8054,-8054,-8054,-2254,-2254,-2254,-2254,-13768,-13768,-13768,-12991,-12991,-4357,-4357,-4357,-8923,-8923,-8923,-8923,-8348,-8348,-8348,-8348,-9754,-9754,-9754,-9754,-9258,-9258,-9258,-5525,-5525,-5525,-10070,-10070,-10070,-11187,-11187,-11187,-6150,-6150,-2513,-2513,-2513,-6925,-6925,-6925,-15436,-15436,-15436,-15854,-15854,-16172,-16172,-13367,-13367,-13367,-7427,-7427,-7427,-7427,-8644,-8644,-8644,-8644,-12016,-12016,-12016,-15421,-15421,-15421,-15379,-15379,-13939,-13939,-13939,-13810,-13810,-13810,-19039,-19039,-19039,-19039,-19289,-19289,-19289,-17724,-17724,-17724,-15647,-15647,-15647,-10228,-10228,-10228,-15756,-15756,-15756,-15756,-18952,-18952,-18952,-18952,-21431,-21431,-21431,-20703,-20703,-20703,-17752,-17752,-9070,-9070,-9070,-9070,-16391,-16391,-16391,-16391,-20726,-20726,-20726,-20726,-22408,-22408,-22408,-20738,-20738,-16545,-16545,-16237,-16237,-16237,-17618,-17618,-17618,-17618,-19580,-19580,-19580,-19580,-19077,-19077,-19077,-19169,-19169,-18391,-18391,-18391,-14219,-14219,-14219,-16300,-16300,-16300,-16300,-20877,-20877,-20877,-20877,-20839,-20839,-20839,-20839,-21181,-21181,-21181,-18243,-18243,-18243,-15121,-15121,-15121,-15121,-16856,-16856,-16856,-16856,-19671,-19671,-19671,-19671,-19811,-19811,-19811,-18818,-18818,-18818,-18337,-18337,-18337,-18094,-18094,-18094,-18094,-18702,-18702,-18702,-18702,-20181,-20181,-20181,-20181,-19726,-19726,-19726,-18954,-18954,-18954,-17407,-17407,-17407,-17407,-19704,-19704,-19704,-19704,-20483,-20483,-20483,-20538,-20538,-20538,-18114,-18114,-18114,-19027,-19027,-19027,-19263,-19263,-19263,-19263,-19176,-19176,-19176,-19176,-20706,-20706,-20706,-20706,-20238,-20238,-20238,-19231,-19231,-19231,-18146,-18146,-18146,-15188,-15188,-15188,-15188,-17459,-17459,-17459,-17459,-16965,-16965,-16965,-16051,-16051,-15136,-15136,-18166,-18166,-18166,-20725,-20725,-20725,-20725,-19957,-19957,-19957,-19957,-19383,-19383,-19383,-20465,-20465,-20465,-18204,-18204,-18204,-18793,-18793,-18793,-14425,-14425,-14425,-14425,-18113,-18113,-18113,-18113,-17163,-17163,-17163,-14090,-14090,-9776,-9776,-11002,-11002,-10515,-10515,-10515,-17570,-17570,-17570,-17570,-19345,-19345,-19345,-19345,-17618,-17618,-17618,-14049,-14049,-17021,-17021,-17021,-17508,-17508,-17508,-18319,-18319,-18319,-19100,-19100,-19100,-19100,-19100,-22028,-22028,-22028,-22028,-22942,-22942,-22942,-19666,-19666,-19666,-16452,-16452,-16452,-22045,-22045,-22045,-22045,-22045,-22110,-22110,-22110,-22110,-19812,-19812,-18357,-18357,-16015,-16015,-16015,-16679,-16679,-16679,-16679,-17770,-17770,-17770,-17770,-18569,-18569,-18569,-18569,-18473,-18473,-18473,-18473,-20368,-20368,-20368,-19954,-19954,-15577,-15577,-14563,-14563,-14563,-13392,-13392,-13392,-11746,-11746,-11746,-12002,-12002,-12002,-13534,-13534,-14117,-14117,-14117,-17418,-17418,-17418,-20039,-20039,-20039,-17734,-19054,-19891,-19891,-18908,-18908,-21034,-21034,-22044
31,1.815999999999999837,-17163,-4508,-1768,-1768,-3315,-3315,-3315,-7824,-7824,-7824,-7824,-9335,-9335,-9335,-11179,-11179,-10628,-10628,-4668,-4668,886,886,2726,2726,2726,-1072,-1072,-1072,-1072,-7161,-7161,-7161,-7161,-8658,-8658,-8658,-7693,-7693,-6259,-6259,-10250,-10250,-10250,-11197,-11197,-11197,-12856,-12856,-12856,-15384,-15384,-15761,-15761,-12494,-12494,-9408,-9408,-9408,-9070,-9070,-9070,-9070,-5942,-5942,-5942,-5942,-7219,-7219,-7219,-7219,-7807,-7807,-7807,-9862,-9862,-9862,-6631,-6631,-6631,-6820,-6820,-6820,-6820,-14440,-14440,-14440,-14440,-14440,-14085,-14085,-14085,-14085,-10253,-10253,-10253,-10084,-10084,-7377,-7377,-7377,-3050,-3050,-3050,-3050,-7491,-7491,-7491,-7491,-7491,-7994,-7994,-7994,-7994,-8507,-8507,-8507,-9791,-9791,-5587,-5587,-5587,-4554,-4554,-4554,-4554,-10197,-10197,-10197,-10197,-10197,-10923,-10923,-10923,-10923,-10923,-9836,-9836,-9836,-9465,-9465,-3275,-3275,-3275,-102,-102,-102,-102,-6671,-6671,-6671,-6671,-6671,-35,-35,-35,-35,-5663,-5663,-5663,-6862,-6862,-978,-978,-978,-4107,-4107,-4107,-4107,-3540,-3540,-3540,-3540,-3443,-3443,-3443,-3443,-2749,-2749,-2749,-356,-356,-356,-2970,-2970,-2970,-4421,-4421,-4421,147,147,1106,1106,1106,-2785,-2785,-2785,-9359,-9359,-9359,-8177,-8177,-8686,-8686,-5976,-5976,-5976,-3091,-3091,-3091,-3091,-2824,-2824,-2824,-2824,-5899,-5899,-5899,-9534,-9534,-9534,-9724,-9724,-7255,-7255,-7255,-10737,-10737,-10737,-17155,-17155,-17155,-17155,-14184,-14184,-14184,-10736,-10736,-10736,-9839,-9839,-9839,-6346,-6346,-6346,-12230,-12230,-12230,-12230,-17769,-17769,-17769,-17769,-22361,-22361,-22361,-21931,-21931,-21931,-15777,-15777,-5119,-5119,-5119,-5119,-14313,-14313,-14313,-14313,-18931,-18931,-18931,-18931,-20831,-20831,-20831,-20118,-20118,-15949,-15949,-17268,-17268,-17268,-18984,-18984,-18984,-18984,-21823,-21823,-21823,-21823,-18911,-18911,-18911,-16822,-16822,-11988,-11988,-11988,-8704,-8704,-8704,-9582,-9582,-9582,-9582,-16284,-16284,-16284,-16284,-17703,-17703,-17703,-17703,-17850,-17850,-17850,-12908,-12908,-12908,-10232,-10232,-10232,-10232,-12901,-12901,-12901,-12901,-17654,-17654,-17654,-17654,-18419,-18419,-18419,-17645,-17645,-17645,-12533,-12533,-12533,-13782,-13782,-13782,-13782,-14576,-14576,-14576,-14576,-18145,-18145,-18145,-18145,-17462,-17462,-17462,-15713,-15713,-15713,-14759,-14759,-14759,-14759,-18112,-18112,-18112,-18112,-18157,-18157,-18157,-20088,-20088,-20088,-19580,-19580,-19580,-19494,-19494,-19494,-20995,-20995,-20995,-20995,-18407,-18407,-18407,-18407,-20926,-20926,-20926,-20926,-19490,-19490,-19490,-19143,-19143,-19143,-17995,-17995,-17995,-14898,-14898,-14898,-14898,-18320,-18320,-18320,-18320,-17876,-17876,-17876,-17046,-17046,-15806,-15806,-16157,-16157,-16157,-21550,-21550,-21550,-21550,-17193,-17193,-17193,-17193,-15491,-15491,-15491,-20307,-20307,-20307,-15414,-15414,-15414,-16261,-16261,-16261,-10819,-10819,-10819,-10819,-13920,-13920,-13920,-13920,-11889,-11889,-11889,-8472,-8472,-5345,-5345,-6291,-6291,-6465,-6465,-6465,-10891,-10891,-10891,-10891,-16120,-16120,-16120,-16120,-12863,-12863,-12863,-9469,-9469,-11776,-11776,-11776,-10805,-10805,-10805,-13211,-13211,-13211,-16754,-16754,-16754,-16754,-16754,-22214,-22214,-22214,-22214,-23332,-23332,-23332,-17673,-17673,-17673,-13088,-13088,-13088,-20247,-20247,-20247,-20247,-20247,-21869,-21869,-21869,-21869,-18630,-18630,-16765,-16765,-11289,-11289,-11289,-13192,-13192,-13192,-13192,-17128,-17128,-17128,-17128,-16336,-16336,-16336,-16336,-15980,-15980,-15980,-15980,-19845,-19845,-19845,-17967,-17967,-11090,-11090,-8288,-8288,-8288,-7512,-7512,-7512,-6830,-6830,-6830,-7335,-7335,-7335,-9432,-9432,-10688,-10688,-10688,-17269,-17269,-17269,-19714,-19714,-19714,-16051,-17287,-21081,-21081,-17790,-17790,-15750,-15750,-17380
32,2.01599999999999957,-12455,-629,1433,1433,-98,-98,-98,-627,-627,-627,-627,-130,-130,-130,-2040,-2040,-1699,-1699,741,741,2829,2829,2738,2738,2738,1185,1185,1185,1185,-1312,-1312,-1312,-1312,-95,-95,-95,-477,-477,210,210,-3759,-3759,-3759,-4449,-4449,-4449,-5746,-5746,-5746,-7553,-7553,-9343,-9343,-7589,-7589,-3933,-3933,-3933,-2601,-2601,-2601,-2601,454,454,454,454,-443,-443,-443,-443,-1696,-1696,-1696,-2951,-2951,-2951,-1416,-1416,-1416,-1509,-1509,-1509,-1509,-6742,-6742,-6742,-6742,-6742,-4933,-4933,-4933,-4933,-3045,-3045,-3045,-3481,-3481,-1814,-1814,-1814,-506,-506,-506,-506,-2142,-2142,-2142,-2142,-2142,-1441,-1441,-1441,-1441,-478,-478,-478,-2137,-2137,-690,-690,-690,-22,-22,-22,-22,-4498,-4498,-4498,-4498,-4498,-2952,-2952,-2952,-2952,-2952,-378,-378,-378,-2463,-2463,1341,1341,1341,1914,1914,1914,1914,-4264,-4264,-4264,-4264,-4264,218,218,218,218,4187,4187,4187,722,722,1475,1475,1475,1565,1565,1565,1565,1450,1450,1450,1450,2674,2674,2674,2674,3022,3022,3022,3440,3440,3440,3407,3407,3407,2541,2541,2541,4424,4424,3003,3003,3003,968,968,968,-1800,-1800,-1800,900,900,751,751,2031,2031,2031,102,102,102,102,2735,2735,2735,2735,237,237,237,-1404,-1404,-1404,-1683,-1683,876,876,876,-5673,-5673,-5673,-8426,-8426,-8426,-8426,-2952,-2952,-2952,-1394,-1394,-1394,-1862,-1862,-1862,-1498,-1498,-1498,-5913,-5913,-5913,-5913,-11403,-11403,-11403,-11403,-16436,-16436,-16436,-17821,-17821,-17821,-8606,-8606,-933,-933,-933,-933,-8422,-8422,-8422,-8422,-9715,-9715,-9715,-9715,-11883,-11883,-11883,-13114,-13114,-10489,-10489,-13194,-13194,-13194,-15061,-15061,-15061,-15061,-18992,-18992,-18992,-18992,-13352,-13352,-13352,-8871,-8871,-2308,-2308,-2308,-1473,-1473,-1473,855,855,855,855,-4208,-4208,-4208,-4208,-7765,-7765,-7765,-7765,-8520,-8520,-8520,-3349,-3349,-3349,-3015,-3015,-3015,-3015,-5080,-5080,-5080,-5080,-9755,-9755,-9755,-9755,-10550,-10550,-10550,-10806,-10806,-10806,-2650,-2650,-2650,-4942,-4942,-4942,-4942,-5315,-5315,-5315,-5315,-10020,-10020,-10020,-10020,-8706,-8706,-8706,-7617,-7617,-7617,-9065,-9065,-9065,-9065,-10654,-10654,-10654,-10654,-10448,-10448,-10448,-13591,-13591,-13591,-16564,-16564,-16564,-14893,-14893,-14893,-17586,-17586,-17586,-17586,-12116,-12116,-12116,-12116,-14974,-14974,-14974,-14974,-12239,-12239,-12239,-12808,-12808,-12808,-12604,-12604,-12604,-10138,-10138,-10138,-10138,-14209,-14209,-14209,-14209,-13944,-13944,-13944,-13349,-13349,-12232,-12232,-9133,-9133,-9133,-16856,-16856,-16856,-16856,-8233,-8233,-8233,-8233,-7845,-7845,-7845,-13676,-13676,-13676,-8168,-8168,-8168,-8232,-8232,-8232,-4812,-4812,-4812,-4812,-6416,-6416,-6416,-6416,-3074,-3074,-3074,-883,-883,-478,-478,-915,-915,-1391,-1391,-1391,-660,-660,-660,-660,-7915,-7915,-7915,-7915,-3678,-3678,-3678,-3217,-3217,-2863,-2863,-2863,-1387,-1387,-1387,-3157,-3157,-3157,-8322,-8322,-8322,-8322,-8322,-16111,-16111,-16111,-16111,-16869,-16869,-16869,-9592,-9592,-9592,-5499,-5499,-5499,-11002,-11002,-11002,-11002,-11002,-14686,-14686,-14686,-14686,-11664,-11664,-9790,-9790,-4064,-4064,-4064,-6566,-6566,-6566,-6566,-11490,-11490,-11490,-11490,-9156,-9156,-9156,-9156,-8780,-8780,-8780,-8780,-13067,-13067,-13067,-10522,-10522,-4634,-4634,-189,-189,-189,-3,-3,-3,-574,-574,-574,-1100,-1100,-1100,-3888,-3888,-5376,-5376,-5376,-12347,-12347,-12347,-14645,-14645,-14645,-9462,-10691,-16264,-16264,-12256,-12256,-6898,-6898,-8780
33,2.215999999999999748,-4277,3461,3844,3844,3141,3141,3141,4521,4521,4521,4521,6958,6958,6958,6412,6412,5420,5420,5500,5500,4590,4590,3600,3600,3600,3328,3328,3328,3328,3484,3484,3484,3484,6005,6005,6005,5621,5621,5465,5465,3326,3326,3326,2512,2512,2512,2707,2707,2707,2054,2054,-694,-694,-235,-235,1660,1660,1660,3515,3515,3515,3515,4015,4015,4015,4015,4716,4716,4716,4716,3361,3361,3361,3179,3179,3179,3111,3111,3111,3596,3596,3596,3596,2981,2981,2981,2981,2981,3609,3609,3609,3609,4029,4029,4029,2317,2317,3439,3439,3439,2272,2272,2272,2272,2923,2923,2923,2923,2923,4220,4220,4220,4220,5683,5683,5683,4938,4938,3999,3999,3999,4346,4346,4346,4346,2503,2503,2503,2503,2503,4637,4637,4637,4637,4637,6529,6529,6529,3905,3905,5482,5482,5482,3230,3230,3230,3230,-893,-893,-893,-893,-893,-736,-736,-736,-736,10946,10946,10946,6661,6661,3836,3836,3836,5419,5419,5419,5419,5055,5055,5055,5055,6286,6286,6286,6286,6379,6379,6379,5981,5981,5981,7355,7355,7355,7114,7114,7114,6796,6796,4328,4328,4328,4622,4622,4622,5462,5462,5462,7266,7266,7890,7890,6868,6868,6868,3704,3704,3704,3704,6239,6239,6239,6239,5321,5321,5321,6001,6001,6001,5493,5493,7962,7962,7962,2495,2495,2495,2541,2541,2541,2541,6470,6470,6470,7423,7423,7423,5577,5577,5577,2947,2947,2947,2459,2459,2459,2459,-1573,-1573,-1573,-1573,-4368,-4368,-4368,-5416,-5416,-5416,1808,1808,4448,4448,4448,4448,83,83,83,83,3270,3270,3270,3270,4499,4499,4499,-828,-828,-2889,-2889,-3734,-3734,-3734,-3860,-3860,-3860,-3860,-7413,-7413,-7413,-7413,-1943,-1943,-1943,3989,3989,8233,8233,8233,5933,5933,5933,7830,7830,7830,7830,7307,7307,7307,7307,3214,3214,3214,3214,4575,4575,4575,6128,6128,6128,4561,4561,4561,4561,3398,3398,3398,3398,2185,2185,2185,2185,1556,1556,1556,58,58,58,6760,6760,6760,5721,5721,5721,5721,4156,4156,4156,4156,299,299,299,299,782,782,782,2869,2869,2869,480,480,480,480,1196,1196,1196,1196,2140,2140,2140,-1577,-1577,-1577,-6358,-6358,-6358,-3590,-3590,-3590,-5104,-5104,-5104,-5104,-866,-866,-866,-866,-3743,-3743,-3743,-3743,-271,-271,-271,-3063,-3063,-3063,-2145,-2145,-2145,-2696,-2696,-2696,-2696,-3796,-3796,-3796,-3796,-5637,-5637,-5637,-5182,-5182,-4052,-4052,705,705,705,-3925,-3925,-3925,-3925,3797,3797,3797,3797,3370,3370,3370,290,290,290,1072,1072,1072,2709,2709,2709,3008,3008,3008,3008,3280,3280,3280,3280,5449,5449,5449,5820,5820,3936,3936,4503,4503,3844,3844,3844,7432,7432,7432,7432,2681,2681,2681,2681,4520,4520,4520,3159,3159,4604,4604,4604,7118,7118,7118,7655,7655,7655,1432,1432,1432,1432,1432,-1936,-1936,-1936,-1936,-3764,-3764,-3764,1237,1237,1237,2114,2114,2114,2200,2200,2200,2200,2200,-1581,-1581,-1581,-1581,-435,-435,-319,-319,3759,3759,3759,2315,2315,2315,2315,-2235,-2235,-2235,-2235,711,711,711,711,-383,-383,-383,-383,-2117,-2117,-2117,397,397,2637,2637,6139,6139,6139,5545,5545,5545,3757,3757,3757,4318,4318,4318,3331,3331,1852,1852,1852,-2956,-2956,-2956,-3667,-3667,-3667,174,411,-4746,-4746,-1243,-1243,2224,2224,1022
34,2.415999999999999925,3670,5687,5040,5040,5302,5302,5302,7511,7511,7511,7511,9619,9619,9619,10277,10277,9211,9211,7311,7311,5080,5080,4398,4398,4398,4938,4938,4938,4938,6402,6402,6402,6402,8595,8595,8595,8825,8825,7998,7998,7541,7541,7541,6853,6853,6853,7649,7649,7649,8873,8873,7377,7377,6126,6126,5709,5709,5709,6988,6988,6988,6988,6144,6144,6144,6144,6870,6870,6870,6870,6564,6564,6564,7112,7112,7112,5868,5868,5868,7161,7161,7161,7161,9397,9397,9397,9397,9397,9906,9906,9906,9906,7971,7971,7971,7119,7119,6596,6596,6596,4338,4338,4338,4338,6555,6555,6555,6555,6555,7407,7407,7407,7407,8377,8377,8377,9215,9215,6547,6547,6547,6791,6791,6791,6791,7561,7561,7561,7561,7561,8922,8922,8922,8922,8922,9386,9386,9386,7746,7746,7727,7727,7727,3725,3725,3725,3725,2215,2215,2215,2215,2215,-1718,-1718,-1718,-1718,12277,12277,12277,10158,10158,5305,5305,5305,7078,7078,7078,7078,6398,6398,6398,6398,7995,7995,7995,7995,7812,7812,7812,6661,6661,6661,8745,8745,8745,8874,8874,8874,7057,7057,4691,4691,4691,6779,6779,6779,9252,9252,9252,9767,9767,11281,11281,8908,8908,8908,6003,6003,6003,6003,7742,7742,7742,7742,8287,8287,8287,9326,9326,9326,9675,9675,10960,10960,10960,8033,8033,8033,11232,11232,11232,11232,10894,10894,10894,10672,10672,10672,9050,9050,9050,6504,6504,6504,8123,8123,8123,8123,6970,6970,6970,6970,9415,9415,9415,7694,7694,7694,9654,9654,7610,7610,7610,7610,7785,7785,7785,7785,11925,11925,11925,11925,13946,13946,13946,10783,10783,5586,5586,5559,5559,5559,7395,7395,7395,7395,5767,5767,5767,5767,8476,8476,8476,11206,11206,12526,12526,12526,9548,9548,9548,10625,10625,10625,10625,12477,12477,12477,12477,11093,11093,11093,11093,12250,12250,12250,10788,10788,10788,9501,9501,9501,9501,10153,10153,10153,10153,10877,10877,10877,10877,10764,10764,10764,8402,8402,8402,10933,10933,10933,11583,11583,11583,11583,10123,10123,10123,10123,10126,10126,10126,10126,9421,9421,9421,10782,10782,10782,7714,7714,7714,7714,10176,10176,10176,10176,11567,11567,11567,9955,9955,9955,5961,5961,5961,7528,7528,7528,7637,7637,7637,7637,8390,8390,8390,8390,8263,8263,8263,8263,9508,9508,9508,8114,8114,8114,7790,7790,7790,4678,4678,4678,4678,6596,6596,6596,6596,4786,4786,4786,4515,4515,5507,5507,8157,8157,8157,10078,10078,10078,10078,10765,10765,10765,10765,9311,9311,9311,12257,12257,12257,8033,8033,8033,10433,10433,10433,8236,8236,8236,8236,9284,9284,9284,9284,10087,10087,10087,9254,9254,6508,6508,7656,7656,7222,7222,7222,11895,11895,11895,11895,9721,9721,9721,9721,9349,9349,9349,7292,7292,9367,9367,9367,10960,10960,10960,11708,11708,11708,8832,8832,8832,8832,8832,11039,11039,11039,11039,11171,11171,11171,9148,9148,9148,8191,8191,8191,12576,12576,12576,12576,12576,11443,11443,11443,11443,8584,8584,7665,7665,8628,8628,8628,9243,9243,9243,9243,6560,6560,6560,6560,8552,8552,8552,8552,4967,4967,4967,4967,7993,7993,7993,9275,9275,7586,7586,8760,8760,8760,8505,8505,8505,6423,6423,6423,6791,6791,6791,7751,7751,7430,7430,7430,6442,6442,6442,7151,7151,7151,7135,7779,5945,5945,6784,6784,7433,7433,7574
35,2.615999999999999659,8785,6054,4804,4804,5706,5706,5706,8431,8431,8431,8431,9313,9313,9313,11067,11067,9960,9960,7438,7438,3997,3997,3408,3408,3408,5256,5256,5256,5256,7166,7166,7166,7166,8640,8640,8640,9235,9235,8345,8345,9136,9136,9136,9054,9054,9054,10320,10320,10320,11767,11767,11540,11540,9666,9666,7562,7562,7562,8375,8375,8375,8375,6800,6800,6800,6800,7456,7456,7456,7456,8069,8069,8069,8934,8934,8934,7123,7123,7123,8145,8145,8145,8145,12176,12176,12176,12176,12176,12326,12326,12326,12326,9998,9998,9998,9747,9747,8454,8454,8454,5385,5385,5385,5385,8134,8134,8134,8134,8134,8318,8318,8318,8318,8285,8285,8285,9980,9980,7485,7485,7485,7191,7191,7191,7191,10031,10031,10031,10031,10031,10531,10531,10531,10531,10531,9562,9562,9562,9440,9440,7863,7863,7863,3280,3280,3280,3280,4773,4773,4773,4773,4773,-1423,-1423,-1423,-1423,9430,9430,9430,10807,10807,5471,5471,5471,7293,7293,7293,7293,6709,6709,6709,6709,7931,7931,7931,7931,7483,7483,7483,5739,5739,5739,7437,7437,7437,8474,8474,8474,5701,5701,3846,3846,3846,6916,6916,6916,10175,10175,10175,10053,10053,11366,11366,8707,8707,8707,6897,6897,6897,6897,7556,7556,7556,7556,9192,9192,9192,10357,10357,10357,10695,10695,10392,10392,10392,10816,10816,10816,13894,13894,13894,13894,11526,11526,11526,11100,11100,11100,10260,10260,10260,8199,8199,8199,10499,10499,10499,10499,10597,10597,10597,10597,14464,14464,14464,14038,14038,14038,12629,12629,8194,8194,8194,8194,11262,11262,11262,11262,13988,13988,13988,13988,14586,14586,14586,14412,14412,10537,10537,11671,11671,11671,13953,13953,13953,13953,14815,14815,14815,14815,13666,13666,13666,13077,13077,11964,11964,11964,9791,9791,9791,9550,9550,9550,9550,13266,13266,13266,13266,13671,13671,13671,13671,14303,14303,14303,12145,12145,12145,10847,10847,10847,10847,12262,12262,12262,12262,13553,13553,13553,13553,13853,13853,13853,12365,12365,12365,11379,11379,11379,12550,12550,12550,12550,12003,12003,12003,12003,13308,13308,13308,13308,12713,12713,12713,13345,13345,13345,11545,11545,11545,11545,14015,14015,14015,14015,14478,14478,14478,14641,14641,14641,13194,13194,13194,13994,13994,13994,14879,14879,14879,14879,12848,12848,12848,12848,13867,13867,13867,13867,13551,13551,13551,13060,13060,13060,12862,12862,12862,9229,9229,9229,9229,12400,12400,12400,12400,11447,11447,11447,11028,11028,11554,11554,11385,11385,11385,15278,15278,15278,15278,12711,12711,12711,12711,12203,12203,12203,15502,15502,15502,11199,11199,11199,13452,13452,13452,10873,10873,10873,10873,11969,11969,11969,11969,10945,10945,10945,9831,9831,7618,7618,8625,8625,8781,8781,8781,12023,12023,12023,12023,12993,12993,12993,12993,10795,10795,10795,8916,8916,10825,10825,10825,11469,11469,11469,11894,11894,11894,11801,11801,11801,11801,11801,15442,15442,15442,15442,15813,15813,15813,12390,12390,12390,10931,10931,10931,15240,15240,15240,15240,15240,15080,15080,15080,15080,11918,11918,11770,11770,10434,10434,10434,12286,12286,12286,12286,11322,11322,11322,11322,12321,12321,12321,12321,7515,7515,7515,7515,11597,11597,11597,12117,12117,9934,9934,8827,8827,8827,8944,8944,8944,7352,7352,7352,7387,7387,7387,9410,9410,10168,10168,10168,12390,12390,12390,12482,12482,12482,10354,10588,11047,11047,11600,11600,10594,10594,11613
36,2.815999999999999837,10468,5110,3538,3538,4789,4789,4789,7882,7882,7882,7882,7593,7593,7593,9044,9044,8645,8645,5924,5924,1921,1921,1247,1247,1247,4273,4273,4273,4273,6471,6471,6471,6471,7092,7092,7092,7823,7823,6755,6755,8547,8547,8547,9050,9050,9050,10112,10112,10112,11253,11253,12118,12118,10195,10195,7295,7295,7295,7872,7872,7872,7872,6779,6779,6779,6779,7162,7162,7162,7162,7974,7974,7974,8694,8694,8694,6792,6792,6792,6881,6881,6881,6881,11214,11214,11214,11214,11214,11639,11639,11639,11639,9607,9607,9607,9732,9732,7907,7907,7907,4874,4874,4874,4874,7873,7873,7873,7873,7873,7383,7383,7383,7383,6556,6556,6556,7594,7594,6631,6631,6631,5884,5884,5884,5884,9564,9564,9564,9564,9564,9754,9754,9754,9754,9754,7857,7857,7857,8971,8971,5708,5708,5708,2254,2254,2254,2254,5644,5644,5644,5644,5644,-136,-136,-136,-136,4074,4074,4074,9054,9054,4250,4250,4250,6212,6212,6212,6212,6161,6161,6161,6161,6884,6884,6884,6884,6127,6127,6127,3354,3354,3354,4712,4712,4712,6616,6616,6616,3851,3851,1989,1989,1989,4888,4888,4888,8804,8804,8804,9078,9078,9139,9139,7488,7488,7488,6179,6179,6179,6179,6190,6190,6190,6190,8626,8626,8626,9439,9439,9439,9198,9198,7311,7311,7311,10267,10267,10267,12518,12518,12518,12518,10122,10122,10122,9368,9368,9368,9457,9457,9457,7992,7992,7992,9512,9512,9512,9512,11601,11601,11601,11601,13307,13307,13307,14346,14346,14346,11673,11673,6233,6233,6233,6233,11334,11334,11334,11334,12122,12122,12122,12122,11087,11087,11087,13079,13079,11408,11408,12819,12819,12819,14072,14072,14072,14072,15702,15702,15702,15702,13625,13625,13625,10666,10666,7799,7799,7799,7811,7811,7811,6979,6979,6979,6979,11063,11063,11063,11063,13035,13035,13035,13035,12793,12793,12793,10283,10283,10283,9179,9179,9179,9179,10663,10663,10663,10663,12119,12119,12119,12119,12363,12363,12363,12594,12594,12594,8957,8957,8957,9849,9849,9849,9849,10964,10964,10964,10964,12665,12665,12665,12665,12602,12602,12602,12049,12049,12049,11973,11973,11973,11973,13369,13369,13369,13369,13188,13188,13188,14345,14345,14345,14743,14743,14743,14106,14106,14106,15218,15218,15218,15218,12682,12682,12682,12682,14532,14532,14532,14532,13002,13002,13002,13531,13531,13531,12747,12747,12747,10467,10467,10467,10467,13409,13409,13409,13409,13445,13445,13445,13090,13090,12973,12973,11333,11333,11333,14809,14809,14809,14809,11290,11290,11290,11290,11968,11968,11968,13497,13497,13497,11452,11452,11452,12216,12216,12216,9656,9656,9656,9656,11332,11332,11332,11332,9673,9673,9673,8142,8142,7296,7296,7592,7592,8015,8015,8015,9465,9465,9465,9465,12605,12605,12605,12605,9502,9502,9502,8680,8680,9846,9846,9846,9603,9603,9603,9134,9134,9134,11464,11464,11464,11464,11464,14419,14419,14419,14419,14801,14801,14801,12111,12111,12111,10300,10300,10300,13323,13323,13323,13323,13323,13658,13658,13658,13658,12202,12202,12005,12005,9195,9195,9195,11547,11547,11547,11547,12256,12256,12256,12256,12347,12347,12347,12347,8003,8003,8003,8003,11327,11327,11327,11784,11784,10052,10052,7259,7259,7259,7567,7567,7567,7069,7069,7069,6366,6366,6366,8353,8353,9731,9731,9731,13772,13772,13772,13893,13893,13893,9793,9121,10808,10808,12071,12071,12440,12440,13620
37,3.016000000000000014,9905,3490,2317,2317,3643,3643,3643,6694,6694,6694,6694,5917,5917,5917,6673,6673,6788,6788,4244,4244,617,617,-380,-380,-380,3039,3039,3039,3039,5431,5431,5431,5431,5554,5554,5554,5970,5970,5148,5148,7086,7086,7086,8078,8078,8078,8392,8392,8392,8792,8792,9818,9818,8706,8706,6203,6203,6203,6652,6652,6652,6652,6563,6563,6563,6563,6693,6693,6693,6693,7158,7158,7158,7565,7565,7565,5773,5773,5773,4566,4566,4566,4566,8451,8451,8451,8451,8451,8879,8879,8879,8879,8269,8269,8269,8166,8166,6296,6296,6296,3965,3965,3965,3965,6473,6473,6473,6473,6473,5721,5721,5721,5721,4442,4442,4442,4460,4460,4714,4714,4714,3706,3706,3706,3706,7352,7352,7352,7352,7352,7828,7828,7828,7828,7828,6244,6244,6244,7586,7586,2874,2874,2874,1674,1674,1674,1674,5599,5599,5599,5599,5599,1684,1684,1684,1684,-1071,-1071,-1071,5991,5991,2702,2702,2702,4694,4694,4694,4694,5115,5115,5115,5115,5445,5445,5445,5445,4156,4156,4156,1215,1215,1215,1755,1755,1755,4417,4417,4417,2303,2303,908,908,908,2320,2320,2320,6511,6511,6511,7111,7111,6202,6202,6018,6018,6018,4712,4712,4712,4712,4517,4517,4517,4517,7087,7087,7087,7273,7273,7273,6613,6613,3918,3918,3918,7750,7750,7750,9249,9249,9249,9249,8137,8137,8137,7226,7226,7226,7663,7663,7663,7031,7031,7031,7380,7380,7380,7380,10722,10722,10722,10722,10297,10297,10297,11617,11617,11617,8682,8682,3606,3606,3606,3606,9446,9446,9446,9446,8300,8300,8300,8300,6557,6557,6557,8928,8928,10235,10235,10896,10896,10896,10886,10886,10886,10886,13136,13136,13136,13136,10560,10560,10560,6942,6942,3573,3573,3573,5444,5444,5444,5123,5123,5123,5123,8414,8414,8414,8414,10475,10475,10475,10475,9535,9535,9535,6983,6983,6983,5842,5842,5842,5842,7294,7294,7294,7294,8775,8775,8775,8775,8913,8913,8913,10571,10571,10571,6143,6143,6143,5488,5488,5488,5488,8650,8650,8650,8650,10036,10036,10036,10036,10569,10569,10569,8741,8741,8741,10002,10002,10002,10002,10553,10553,10553,10553,9812,9812,9812,11294,11294,11294,12787,12787,12787,11234,11234,11234,11989,11989,11989,11989,9915,9915,9915,9915,12283,12283,12283,12283,10286,10286,10286,11204,11204,11204,10014,10014,10014,9148,9148,9148,9148,11172,11172,11172,11172,12156,12156,12156,11992,11992,10734,10734,9165,9165,9165,11174,11174,11174,11174,8603,8603,8603,8603,9911,9911,9911,9007,9007,9007,9751,9751,9751,8670,8670,8670,6500,6500,6500,6500,9005,9005,9005,9005,7269,7269,7269,5638,5638,6215,6215,5636,5636,6311,6311,6311,6377,6377,6377,6377,10091,10091,10091,10091,7454,7454,7454,7429,7429,7625,7625,7625,7401,7401,7401,5644,5644,5644,9388,9388,9388,9388,9388,11186,11186,11186,11186,11886,11886,11886,9912,9912,9912,7817,7817,7817,9827,9827,9827,9827,9827,10234,10234,10234,10234,10281,10281,9532,9532,6596,6596,6596,8551,8551,8551,8551,10622,10622,10622,10622,9835,9835,9835,9835,8204,8204,8204,8204,9285,9285,9285,9443,9443,8775,8775,5509,5509,5509,5856,5856,5856,6253,6253,6253,4798,4798,4798,6457,6457,7524,7524,7524,12008,12008,12008,12442,12442,12442,7964,5669,7578,7578,10519,10519,13349,13349,14517
38,3.215999999999999748,8227,2758,2238,2238,3466,3466,3466,5802,5802,5802,5802,5234,5234,5234,5092,5092,5513,5513,3535,3535,1043,1043,-114,-114,-114,2439,2439,2439,2439,4745,4745,4745,4745,5031,5031,5031,4673,4673,4100,4100,5973,5973,5973,6891,6891,6891,6654,6654,6654,6387,6387,6847,6847,6865,6865,5460,5460,5460,5489,5489,5489,5489,6109,6109,6109,6109,6366,6366,6366,6366,6358,6358,6358,6396,6396,6396,5082,5082,5082,3307,3307,3307,3307,5777,5777,5777,5777,5777,6222,6222,6222,6222,6369,6369,6369,6070,6070,4558,4558,4558,3580,3580,3580,3580,5149,5149,5149,5149,5149,4649,4649,4649,4649,3606,3606,3606,2132,2132,3125,3125,3125,2807,2807,2807,2807,4996,4996,4996,4996,4996,5909,5909,5909,5909,5909,5397,5397,5397,6121,6121,762,762,762,2154,2154,2154,2154,5327,5327,5327,5327,5327,3563,3563,3563,3563,-3623,-3623,-3623,2690,2690,2053,2053,2053,3645,3645,3645,3645,4259,4259,4259,4259,3749,3749,3749,3749,2676,2676,2676,543,543,543,478,478,478,2451,2451,2451,1765,1765,1368,1368,1368,982,982,982,4021,4021,4021,4579,4579,3572,3572,4806,4806,4806,3829,3829,3829,3829,3489,3489,3489,3489,5422,5422,5422,5124,5124,5124,4356,4356,1971,1971,1971,5424,5424,5424,5648,5648,5648,5648,6712,6712,6712,5891,5891,5891,6113,6113,6113,6200,6200,6200,5885,5885,5885,5885,9363,9363,9363,9363,7891,7891,7891,8732,8732,8732,5742,5742,2638,2638,2638,2638,7131,7131,7131,7131,5769,5769,5769,5769,3844,3844,3844,5699,5699,8470,8470,8407,8407,8407,6905,6905,6905,6905,9023,9023,9023,9023,7139,7139,7139,4588,4588,1924,1924,1924,4271,4271,4271,4748,4748,4748,4748,6443,6443,6443,6443,7670,7670,7670,7670,6521,6521,6521,4732,4732,4732,3719,3719,3719,3719,4504,4504,4504,4504,5778,5778,5778,5778,5302,5302,5302,8015,8015,8015,4435,4435,4435,2753,2753,2753,2753,6481,6481,6481,6481,7351,7351,7351,7351,8063,8063,8063,5934,5934,5934,7652,7652,7652,7652,7260,7260,7260,7260,6217,6217,6217,7904,7904,7904,9354,9354,9354,7826,7826,7826,7618,7618,7618,7618,7355,7355,7355,7355,9084,9084,9084,9084,7562,7562,7562,8102,8102,8102,6838,6838,6838,7514,7514,7514,7514,7942,7942,7942,7942,9414,9414,9414,9232,9232,7787,7787,7021,7021,7021,6718,6718,6718,6718,6165,6165,6165,6165,7620,7620,7620,4400,4400,4400,7374,7374,7374,5283,5283,5283,4356,4356,4356,4356,6550,6550,6550,6550,5657,5657,5657,4297,4297,5346,5346,4210,4210,4661,4661,4661,3981,3981,3981,3981,7500,7500,7500,7500,5709,5709,5709,6187,6187,5833,5833,5833,5813,5813,5813,3752,3752,3752,7577,7577,7577,7577,7577,7501,7501,7501,7501,8303,8303,8303,7805,7805,7805,5860,5860,5860,5810,5810,5810,5810,5810,6945,6945,6945,6945,8082,8082,6730,6730,4590,4590,4590,5776,5776,5776,5776,8419,8419,8419,8419,6679,6679,6679,6679,9010,9010,9010,9010,8334,8334,8334,7194,7194,7238,7238,4884,4884,4884,4713,4713,4713,5596,5596,5596,4381,4381,4381,5241,5241,5818,5818,5818,9042,9042,9042,10042,10042,10042,6035,3774,4620,4620,8717,8717,13428,13428,14378
39,3.415999999999999925,6035,2388,2882,2882,3613,3613,3613,4889,4889,4889,4889,4978,4978,4978,4332,4332,4721,4721,3391,3391,2351,2351,1225,1225,1225,2226,2226,2226,2226,4308,4308,4308,4308,4798,4798,4798,3906,3906,3600,3600,4983,4983,4983,5853,5853,5853,4940,4940,4940,4177,4177,4254,4254,4988,4988,4805,4805,4805,4387,4387,4387,4387,5157,5157,5157,5157,5407,5407,5407,5407,5218,5218,5218,4971,4971,4971,4453,4453,4453,2701,2701,2701,2701,3812,3812,3812,3812,3812,3822,3822,3822,3822,4556,4556,4556,4222,4222,3134,3134,3134,3441,3441,3441,3441,3800,3800,3800,3800,3800,4019,4019,4019,4019,3671,3671,3671,1255,1255,2191,2191,2191,2274,2274,2274,2274,3332,3332,3332,3332,3332,4175,4175,4175,4175,4175,4911,4911,4911,4668,4668,-69,-69,-69,2869,2869,2869,2869,4822,4822,4822,4822,4822,4712,4712,4712,4712,-3662,-3662,-3662,296,296,1901,1901,1901,2930,2930,2930,2930,3464,3464,3464,3464,2010,2010,2010,2010,1794,1794,1794,969,969,969,384,384,384,1157,1157,1157,1767,1767,2547,2547,2547,849,849,849,1274,1274,1274,1797,1797,1358,1358,3134,3134,3134,3144,3144,3144,3144,2655,2655,2655,2655,3611,3611,3611,3168,3168,3168,2330,2330,1141,1141,1141,3462,3462,3462,3061,3061,3061,3061,4937,4937,4937,4793,4793,4793,4337,4337,4337,4607,4607,4607,4866,4866,4866,4866,7775,7775,7775,7775,7194,7194,7194,6663,6663,6663,3727,3727,2949,2949,2949,2949,5262,5262,5262,5262,4254,4254,4254,4254,3937,3937,3937,4060,4060,6792,6792,5890,5890,5890,4502,4502,4502,4502,5057,5057,5057,5057,4371,4371,4371,4025,4025,2181,2181,2181,3378,3378,3378,5040,5040,5040,5040,5105,5105,5105,5105,5640,5640,5640,5640,4510,4510,4510,3585,3585,3585,2866,2866,2866,2866,3218,3218,3218,3218,4172,4172,4172,4172,3556,3556,3556,5764,5764,5764,4233,4233,4233,2182,2182,2182,2182,5238,5238,5238,5238,5457,5457,5457,5457,6083,6083,6083,3543,3543,3543,5312,5312,5312,5312,4397,4397,4397,4397,3755,3755,3755,5074,5074,5074,6242,6242,6242,4845,4845,4845,3928,3928,3928,3928,5631,5631,5631,5631,6610,6610,6610,6610,5864,5864,5864,5134,5134,5134,4697,4697,4697,6283,6283,6283,6283,5665,5665,5665,5665,6438,6438,6438,6007,6007,4868,4868,5517,5517,5517,4282,4282,4282,4282,4857,4857,4857,4857,5709,5709,5709,2609,2609,2609,5689,5689,5689,3287,3287,3287,3196,3196,3196,3196,4626,4626,4626,4626,4517,4517,4517,3517,3517,4485,4485,3543,3543,3535,3535,3535,2828,2828,2828,2828,5309,5309,5309,5309,4681,4681,4681,4826,4826,4280,4280,4280,4724,4724,4724,3315,3315,3315,6113,6113,6113,6113,6113,5358,5358,5358,5358,6361,6361,6361,6396,6396,6396,4964,4964,4964,3892,3892,3892,3892,3892,5211,5211,5211,5211,6369,6369,4576,4576,3701,3701,3701,3931,3931,3931,3931,6496,6496,6496,6496,3811,3811,3811,3811,9933,9933,9933,9933,8540,8540,8540,6097,6097,5281,5281,4956,4956,4956,4301,4301,4301,5212,5212,5212,4908,4908,4908,4714,4714,4799,4799,4799,6000,6000,6000,7679,7679,7679,4317,2770,2700,2700,7133,7133,12547,12547,13181
40,3.615999999999999659,4448,1939,2914,2914,3023,3023,3023,3781,3781,3781,3781,4213,4213,4213,3625,3625,3557,3557,2835,2835,2611,2611,1593,1593,1593,1833,1833,1833,1833,3681,3681,3681,3681,3971,3971,3971,2921,2921,2870,2870,3702,3702,3702,4578,4578,4578,3421,3421,3421,2961,2961,2375,2375,2993,2993,3816,3816,3816,3300,3300,3300,3300,3672,3672,3672,3672,3963,3963,3963,3963,3865,3865,3865,3583,3583,3583,3372,3372,3372,2167,2167,2167,2167,2282,2282,2282,2282,2282,1945,1945,1945,1945,2669,2669,2669,2464,2464,2006,2006,2006,2871,2871,2871,2871,2381,2381,2381,2381,2381,3412,3412,3412,3412,3774,3774,3774,1643,1643,1597,1597,1597,1738,1738,1738,1738,2006,2006,2006,2006,2006,2706,2706,2706,2706,2706,3828,3828,3828,3111,3111,-217,-217,-217,2716,2716,2716,2716,3769,3769,3769,3769,3769,5165,5165,5165,5165,-1943,-1943,-1943,-1295,-1295,1526,1526,1526,2227,2227,2227,2227,2381,2381,2381,2381,446,446,446,446,1096,1096,1096,1535,1535,1535,900,900,900,-76,-76,-76,1176,1176,2931,2931,2931,1321,1321,1321,-460,-460,-460,-688,-688,-803,-803,918,918,918,1901,1901,1901,1901,1695,1695,1695,1695,2036,2036,2036,1089,1089,1089,784,784,290,290,290,1578,1578,1578,979,979,979,979,2669,2669,2669,3275,3275,3275,2044,2044,2044,2634,2634,2634,3528,3528,3528,3528,5869,5869,5869,5869,6701,6701,6701,5097,5097,5097,2104,2104,2556,2556,2556,2556,3306,3306,3306,3306,3136,3136,3136,3136,4411,4411,4411,3423,3423,4694,4694,3947,3947,3947,3039,3039,3039,3039,2452,2452,2452,2452,2813,2813,2813,3847,3847,2547,2547,2547,1996,1996,1996,4113,4113,4113,4113,3343,3343,3343,3343,3704,3704,3704,3704,2777,2777,2777,2565,2565,2565,2267,2267,2267,2267,2425,2425,2425,2425,3241,3241,3241,3241,2532,2532,2532,3773,3773,3773,3889,3889,3889,2251,2251,2251,2251,3924,3924,3924,3924,4076,4076,4076,4076,4437,4437,4437,1891,1891,1891,3218,3218,3218,3218,2429,2429,2429,2429,2427,2427,2427,3019,3019,3019,3642,3642,3642,3420,3420,3420,2375,2375,2375,2375,4369,4369,4369,4369,4852,4852,4852,4852,4779,4779,4779,3274,3274,3274,3573,3573,3573,5233,5233,5233,5233,3864,3864,3864,3864,3858,3858,3858,3644,3644,2549,2549,4388,4388,4388,3352,3352,3352,3352,3987,3987,3987,3987,4063,4063,4063,2458,2458,2458,4129,4129,4129,2168,2168,2168,2517,2517,2517,2517,2786,2786,2786,2786,3234,3234,3234,2713,2713,3288,3288,2800,2800,2334,2334,2334,1814,1814,1814,1814,3483,3483,3483,3483,3602,3602,3602,3234,3234,2633,2633,2633,3110,3110,3110,2922,2922,2922,4906,4906,4906,4906,4906,4592,4592,4592,4592,5756,5756,5756,5189,5189,5189,4170,4170,4170,2955,2955,2955,2955,2955,4365,4365,4365,4365,4793,4793,3225,3225,3057,3057,3057,2584,2584,2584,2584,5338,5338,5338,5338,2196,2196,2196,2196,9424,9424,9424,9424,8691,8691,8691,5286,5286,3041,3041,4555,4555,4555,3794,3794,3794,4748,4748,4748,5049,5049,5049,3953,3953,3849,3849,3849,3609,3609,3609,5106,5106,5106,2911,2566,2788,2788,5725,5725,10048,10048,10773
41,3.815999999999999837,2777,815,1891,1891,1382,1382,1382,1937,1937,1937,1937,2751,2751,2751,2479,2479,2140,2140,1627,1627,1479,1479,557,557,557,773,773,773,773,2446,2446,2446,2446,2169,2169,2169,1496,1496,1893,1893,1948,1948,1948,2912,2912,2912,1843,1843,1843,1439,1439,659,659,921,921,2162,2162,2162,1586,1586,1586,1586,1488,1488,1488,1488,1572,1572,1572,1572,2154,2154,2154,1554,1554,1554,1700,1700,1700,1081,1081,1081,1081,893,893,893,893,893,322,322,322,322,609,609,609,758,758,689,689,689,1512,1512,1512,1512,700,700,700,700,700,2155,2155,2155,2155,3062,3062,3062,2408,2408,990,990,990,684,684,684,684,686,686,686,686,686,1279,1279,1279,1279,1279,2191,2191,2191,1126,1126,-243,-243,-243,1362,1362,1362,1362,2276,2276,2276,2276,2276,4544,4544,4544,4544,186,186,186,-2409,-2409,686,686,686,1158,1158,1158,1158,1099,1099,1099,1099,-824,-824,-824,-824,362,362,362,1495,1495,1495,1453,1453,1453,-1023,-1023,-1023,0,0,2170,2170,2170,1776,1776,1776,-1288,-1288,-1288,-1910,-1910,-2078,-2078,-1265,-1265,-1265,12,12,12,12,399,399,399,399,533,533,533,-352,-352,-352,-553,-553,-1046,-1046,-1046,-337,-337,-337,-807,-807,-807,-807,292,292,292,841,841,841,-417,-417,-417,-293,-293,-293,1048,1048,1048,1048,2746,2746,2746,2746,4630,4630,4630,2924,2924,2924,272,272,673,673,673,673,918,918,918,918,1201,1201,1201,1201,3321,3321,3321,1942,1942,1843,1843,1364,1364,1364,1014,1014,1014,1014,239,239,239,239,1246,1246,1246,2512,2512,1706,1706,1706,-649,-649,-649,1817,1817,1817,1817,836,836,836,836,1483,1483,1483,1483,867,867,867,962,962,962,1157,1157,1157,1157,1216,1216,1216,1216,1561,1561,1561,1561,1364,1364,1364,1667,1667,1667,2632,2632,2632,1500,1500,1500,1500,2224,2224,2224,2224,2220,2220,2220,2220,1901,1901,1901,-171,-171,-171,528,528,528,528,377,377,377,377,794,794,794,1164,1164,1164,1525,1525,1525,2048,2048,2048,1123,1123,1123,1123,2885,2885,2885,2885,3214,3214,3214,3214,3655,3655,3655,2143,2143,2143,2342,2342,2342,3583,3583,3583,3583,2199,2199,2199,2199,1825,1825,1825,1062,1062,322,322,2354,2354,2354,2573,2573,2573,2573,2631,2631,2631,2631,2165,2165,2165,2271,2271,2271,2238,2238,2238,1073,1073,1073,1309,1309,1309,1309,1008,1008,1008,1008,1225,1225,1225,1375,1375,1544,1544,1560,1560,894,894,894,563,563,563,563,1612,1612,1612,1612,2276,2276,2276,1302,1302,733,733,733,836,836,836,1752,1752,1752,3016,3016,3016,3016,3016,3507,3507,3507,3507,4539,4539,4539,3186,3186,3186,2679,2679,2679,2085,2085,2085,2085,2085,2758,2758,2758,2758,3078,3078,2243,2243,1967,1967,1967,806,806,806,806,3576,3576,3576,3576,1159,1159,1159,1159,6587,6587,6587,6587,7315,7315,7315,4135,4135,457,457,3047,3047,3047,2738,2738,2738,3582,3582,3582,3880,3880,3880,2136,2136,2092,2092,2092,1299,1299,1299,2479,2479,2479,1165,2237,3383,3383,3482,3482,6017,6017,6409
42,4.016000000000000014,1068,-330,160,160,-364,-364,-364,164,164,164,164,818,818,818,1052,1052,330,330,-27,-27,-186,-186,-753,-753,-753,-389,-389,-389,-389,1005,1005,1005,1005,278,278,278,-77,-77,125,125,111,111,111,789,789,789,393,393,393,-66,-66,-580,-580,-856,-856,363,363,363,160,160,160,160,-292,-292,-292,-292,-124,-124,-124,-124,332,332,332,-72,-72,-72,-100,-100,-100,-141,-141,-141,-141,-632,-632,-632,-632,-632,-1062,-1062,-1062,-1062,-940,-940,-940,-733,-733,-595,-595,-595,-128,-128,-128,-128,-837,-837,-837,-837,-837,749,749,749,749,1972,1972,1972,2564,2564,219,219,219,-476,-476,-476,-476,-707,-707,-707,-707,-707,58,58,58,58,58,347,347,347,-992,-992,-261,-261,-261,-516,-516,-516,-516,518,518,518,518,518,3316,3316,3316,3316,1666,1666,1666,-2945,-2945,-204,-204,-204,-130,-130,-130,-130,-251,-251,-251,-251,-1451,-1451,-1451,-1451,-301,-301,-301,879,879,879,1699,1699,1699,-1391,-1391,-1391,-1250,-1250,454,454,454,1821,1821,1821,-725,-725,-725,-1569,-1569,-2221,-2221,-2638,-2638,-2638,-1695,-1695,-1695,-1695,-759,-759,-759,-759,-512,-512,-512,-1243,-1243,-1243,-1219,-1219,-1722,-1722,-1722,-1953,-1953,-1953,-2123,-2123,-2123,-2123,-1823,-1823,-1823,-1461,-1461,-1461,-2323,-2323,-2323,-2491,-2491,-2491,-1594,-1594,-1594,-1594,-489,-489,-489,-489,736,736,736,-96,-96,-96,-1691,-1691,-1397,-1397,-1397,-1397,-1325,-1325,-1325,-1325,-684,-684,-684,-684,989,989,989,-29,-29,-988,-988,-1212,-1212,-1212,-1262,-1262,-1262,-1262,-1406,-1406,-1406,-1406,-213,-213,-213,525,525,405,405,405,-2975,-2975,-2975,-1093,-1093,-1093,-1093,-1692,-1692,-1692,-1692,-1049,-1049,-1049,-1049,-1522,-1522,-1522,-1161,-1161,-1161,-486,-486,-486,-486,-315,-315,-315,-315,-588,-588,-588,-588,-247,-247,-247,-670,-670,-670,823,823,823,94,94,94,94,113,113,113,113,-90,-90,-90,-90,-518,-518,-518,-1838,-1838,-1838,-1743,-1743,-1743,-1743,-2095,-2095,-2095,-2095,-668,-668,-668,-949,-949,-949,-741,-741,-741,200,200,200,-167,-167,-167,-167,754,754,754,754,838,838,838,838,1686,1686,1686,712,712,712,638,638,638,1509,1509,1509,1509,413,413,413,413,-595,-595,-595,-1090,-1090,-1338,-1338,281,281,281,758,758,758,758,571,571,571,571,223,223,223,979,979,979,-62,-62,-62,-236,-236,-236,-539,-539,-539,-539,-850,-850,-850,-850,-748,-748,-748,-220,-220,-33,-33,123,123,-570,-570,-570,-502,-502,-502,-502,-458,-458,-458,-458,451,451,451,-273,-273,-1004,-1004,-1004,-1569,-1569,-1569,140,140,140,651,651,651,651,651,1591,1591,1591,1591,1884,1884,1884,298,298,298,293,293,293,597,597,597,597,597,785,785,785,785,965,965,1389,1389,430,430,430,-1137,-1137,-1137,-1137,1456,1456,1456,1456,383,383,383,383,1885,1885,1885,1885,3861,3861,3861,2498,2498,-1479,-1479,826,826,826,965,965,965,1928,1928,1928,2037,2037,2037,-85,-85,-162,-162,-162,-928,-928,-928,-159,-159,-159,-400,1083,3033,3033,750,750,835,835,1298
43,4.216000000000000192,-408,-1163,-1153,-1153,-1844,-1844,-1844,-1610,-1610,-1610,-1610,-1058,-1058,-1058,-706,-706,-1217,-1217,-1579,-1579,-1437,-1437,-1033,-1033,-1033,-1249,-1249,-1249,-1249,-639,-639,-639,-639,-1362,-1362,-1362,-1439,-1439,-1193,-1193,-1512,-1512,-1512,-1020,-1020,-1020,-1008,-1008,-1008,-1201,-1201,-1615,-1615,-2111,-2111,-1324,-1324,-1324,-1247,-1247,-1247,-1247,-1642,-1642,-1642,-1642,-1767,-1767,-1767,-1767,-1499,-1499,-1499,-1484,-1484,-1484,-1732,-1732,-1732,-1259,-1259,-1259,-1259,-1602,-1602,-1602,-1602,-1602,-2016,-2016,-2016,-2016,-2009,-2009,-2009,-1815,-1815,-1683,-1683,-1683,-1331,-1331,-1331,-1331,-1847,-1847,-1847,-1847,-1847,-795,-795,-795,-795,426,426,426,1995,1995,-373,-373,-373,-1402,-1402,-1402,-1402,-1957,-1957,-1957,-1957,-1957,-1093,-1093,-1093,-1093,-1093,-1363,-1363,-1363,-2809,-2809,-202,-202,-202,-1727,-1727,-1727,-1727,-1020,-1020,-1020,-1020,-1020,1900,1900,1900,1900,2052,2052,2052,-2937,-2937,-756,-756,-756,-1260,-1260,-1260,-1260,-1528,-1528,-1528,-1528,-1706,-1706,-1706,-1706,-752,-752,-752,296,296,296,1581,1581,1581,-1069,-1069,-1069,-1911,-1911,-772,-772,-772,1502,1502,1502,575,575,575,-110,-110,-1225,-1225,-2864,-2864,-2864,-2809,-2809,-2809,-2809,-1763,-1763,-1763,-1763,-1399,-1399,-1399,-1387,-1387,-1387,-1221,-1221,-1432,-1432,-1432,-3088,-3088,-3088,-2598,-2598,-2598,-2598,-2752,-2752,-2752,-3113,-3113,-3113,-3461,-3461,-3461,-3606,-3606,-3606,-3418,-3418,-3418,-3418,-3387,-3387,-3387,-3387,-2773,-2773,-2773,-3073,-3073,-3073,-2963,-2963,-2780,-2780,-2780,-2780,-2969,-2969,-2969,-2969,-2109,-2109,-2109,-2109,-1439,-1439,-1439,-2021,-2021,-3270,-3270,-3204,-3204,-3204,-3251,-3251,-3251,-3251,-2567,-2567,-2567,-2567,-1386,-1386,-1386,-1249,-1249,-760,-760,-760,-3838,-3838,-3838,-3352,-3352,-3352,-3352,-3734,-3734,-3734,-3734,-3184,-3184,-3184,-3184,-3035,-3035,-3035,-2785,-2785,-2785,-2059,-2059,-2059,-2059,-2216,-2216,-2216,-2216,-2465,-2465,-2465,-2465,-1897,-1897,-1897,-2398,-2398,-2398,-1002,-1002,-1002,-1342,-1342,-1342,-1342,-1543,-1543,-1543,-1543,-1785,-1785,-1785,-1785,-2529,-2529,-2529,-2815,-2815,-2815,-3279,-3279,-3279,-3279,-3638,-3638,-3638,-3638,-2021,-2021,-2021,-2728,-2728,-2728,-2657,-2657,-2657,-1860,-1860,-1860,-1594,-1594,-1594,-1594,-1675,-1675,-1675,-1675,-1380,-1380,-1380,-1380,-335,-335,-335,-761,-761,-761,-1349,-1349,-1349,-710,-710,-710,-710,-1357,-1357,-1357,-1357,-2289,-2289,-2289,-2865,-2865,-2906,-2906,-1950,-1950,-1950,-1414,-1414,-1414,-1414,-1584,-1584,-1584,-1584,-1770,-1770,-1770,-413,-413,-413,-2282,-2282,-2282,-1572,-1572,-1572,-2045,-2045,-2045,-2045,-2290,-2290,-2290,-2290,-2327,-2327,-2327,-1551,-1551,-1756,-1756,-1571,-1571,-1778,-1778,-1778,-1351,-1351,-1351,-1351,-2417,-2417,-2417,-2417,-1227,-1227,-1227,-1645,-1645,-2343,-2343,-2343,-3225,-3225,-3225,-1384,-1384,-1384,-1885,-1885,-1885,-1885,-1885,-991,-991,-991,-991,-1266,-1266,-1266,-2268,-2268,-2268,-1730,-1730,-1730,-884,-884,-884,-884,-884,-1585,-1585,-1585,-1585,-692,-692,539,539,-912,-912,-912,-2599,-2599,-2599,-2599,-1194,-1194,-1194,-1194,-511,-511,-511,-511,-2758,-2758,-2758,-2758,-345,-345,-345,349,349,-2623,-2623,-1355,-1355,-1355,-973,-973,-973,-355,-355,-355,-1069,-1069,-1069,-1863,-1863,-2241,-2241,-2241,-2979,-2979,-2979,-2602,-2602,-2602,-1312,-77,1905,1905,-2156,-2156,-3689,-3689,-3345
44,4.415999999999999481,-1510,-1398,-1777,-1777,-2374,-2374,-2374,-2875,-2875,-2875,-2875,-2502,-2502,-2502,-2070,-2070,-2313,-2313,-2386,-2386,-1602,-1602,-459,-459,-459,-1607,-1607,-1607,-1607,-1910,-1910,-1910,-1910,-2551,-2551,-2551,-2362,-2362,-2214,-2214,-2535,-2535,-2535,-2313,-2313,-2313,-2017,-2017,-2017,-2071,-2071,-2272,-2272,-2697,-2697,-2230,-2230,-2230,-2136,-2136,-2136,-2136,-2421,-2421,-2421,-2421,-2543,-2543,-2543,-2543,-2308,-2308,-2308,-2360,-2360,-2360,-2533,-2533,-2533,-1774,-1774,-1774,-1774,-2133,-2133,-2133,-2133,-2133,-2477,-2477,-2477,-2477,-2539,-2539,-2539,-2363,-2363,-2082,-2082,-2082,-1929,-1929,-1929,-1929,-2233,-2233,-2233,-2233,-2233,-1802,-1802,-1802,-1802,-891,-891,-891,878,878,-836,-836,-836,-1809,-1809,-1809,-1809,-2718,-2718,-2718,-2718,-2718,-1666,-1666,-1666,-1666,-1666,-2439,-2439,-2439,-3838,-3838,-147,-147,-147,-1999,-1999,-1999,-1999,-1847,-1847,-1847,-1847,-1847,610,610,610,610,1920,1920,1920,-2400,-2400,-847,-847,-847,-1932,-1932,-1932,-1932,-2443,-2443,-2443,-2443,-1631,-1631,-1631,-1631,-994,-994,-994,151,151,151,1108,1108,1108,-323,-323,-323,-1828,-1828,-1688,-1688,-1688,851,851,851,1670,1670,1670,1008,1008,346,346,-2147,-2147,-2147,-2911,-2911,-2911,-2911,-2234,-2234,-2234,-2234,-1958,-1958,-1958,-1126,-1126,-1126,-1056,-1056,-679,-679,-679,-3265,-3265,-3265,-2260,-2260,-2260,-2260,-2781,-2781,-2781,-3748,-3748,-3748,-3579,-3579,-3579,-3743,-3743,-3743,-4057,-4057,-4057,-4057,-5155,-5155,-5155,-5155,-5003,-5003,-5003,-4672,-4672,-4672,-3029,-3029,-2906,-2906,-2906,-2906,-3737,-3737,-3737,-3737,-2555,-2555,-2555,-2555,-3049,-3049,-3049,-3183,-3183,-4158,-4158,-3963,-3963,-3963,-3959,-3959,-3959,-3959,-2733,-2733,-2733,-2733,-2065,-2065,-2065,-2027,-2027,-1282,-1282,-1282,-2960,-2960,-2960,-4255,-4255,-4255,-4255,-4613,-4613,-4613,-4613,-4830,-4830,-4830,-4830,-3754,-3754,-3754,-3443,-3443,-3443,-2708,-2708,-2708,-2708,-3057,-3057,-3057,-3057,-3488,-3488,-3488,-3488,-2864,-2864,-2864,-3583,-3583,-3583,-2304,-2304,-2304,-1910,-1910,-1910,-1910,-2788,-2788,-2788,-2788,-2940,-2940,-2940,-2940,-3848,-3848,-3848,-2944,-2944,-2944,-3759,-3759,-3759,-3759,-3921,-3921,-3921,-3921,-2759,-2759,-2759,-3679,-3679,-3679,-3907,-3907,-3907,-3538,-3538,-3538,-2449,-2449,-2449,-2449,-3162,-3162,-3162,-3162,-3279,-3279,-3279,-3279,-2465,-2465,-2465,-1904,-1904,-1904,-2614,-2614,-2614,-2577,-2577,-2577,-2577,-2436,-2436,-2436,-2436,-3162,-3162,-3162,-3754,-3754,-3673,-3673,-3617,-3617,-3617,-3236,-3236,-3236,-3236,-3109,-3109,-3109,-3109,-3020,-3020,-3020,-1717,-1717,-1717,-3440,-3440,-3440,-2350,-2350,-2350,-2668,-2668,-2668,-2668,-2829,-2829,-2829,-2829,-3026,-3026,-3026,-2337,-2337,-2678,-2678,-2521,-2521,-2351,-2351,-2351,-1895,-1895,-1895,-1895,-3559,-3559,-3559,-3559,-2447,-2447,-2447,-2533,-2533,-2832,-2832,-2832,-4012,-4012,-4012,-2385,-2385,-2385,-3829,-3829,-3829,-3829,-3829,-3257,-3257,-3257,-3257,-3708,-3708,-3708,-3867,-3867,-3867,-3135,-3135,-3135,-2218,-2218,-2218,-2218,-2218,-2784,-2784,-2784,-2784,-1749,-1749,-507,-507,-1863,-1863,-1863,-2954,-2954,-2954,-2954,-3366,-3366,-3366,-3366,-1436,-1436,-1436,-1436,-6291,-6291,-6291,-6291,-4218,-4218,-4218,-1701,-1701,-2880,-2880,-2993,-2993,-2993,-2536,-2536,-2536,-2796,-2796,-2796,-2890,-2890,-2890,-2738,-2738,-3418,-3418,-3418,-4290,-4290,-4290,-4474,-4474,-4474,-1556,-820,230,230,-3760,-3760,-6942,-6942,-6844
45,4.615999999999999659,-2478,-1325,-1968,-1968,-2542,-2542,-2542,-3567,-3567,-3567,-3567,-3427,-3427,-3427,-3033,-3033,-3029,-3029,-2569,-2569,-1290,-1290,252,252,252,-1681,-1681,-1681,-1681,-2690,-2690,-2690,-2690,-3135,-3135,-3135,-2736,-2736,-2712,-2712,-3029,-3029,-3029,-3109,-3109,-3109,-2719,-2719,-2719,-2689,-2689,-2513,-2513,-2786,-2786,-2676,-2676,-2676,-2531,-2531,-2531,-2531,-2816,-2816,-2816,-2816,-2890,-2890,-2890,-2890,-2833,-2833,-2833,-2579,-2579,-2579,-2785,-2785,-2785,-1938,-1938,-1938,-1938,-2316,-2316,-2316,-2316,-2316,-2559,-2559,-2559,-2559,-2650,-2650,-2650,-2489,-2489,-2217,-2217,-2217,-2029,-2029,-2029,-2029,-2219,-2219,-2219,-2219,-2219,-2452,-2452,-2452,-2452,-1919,-1919,-1919,-659,-659,-1219,-1219,-1219,-1863,-1863,-1863,-1863,-3018,-3018,-3018,-3018,-3018,-1981,-1981,-1981,-1981,-1981,-3026,-3026,-3026,-4031,-4031,-201,-201,-201,-1585,-1585,-1585,-1585,-2221,-2221,-2221,-2221,-2221,-253,-253,-253,-253,1443,1443,1443,-1445,-1445,-938,-938,-938,-2150,-2150,-2150,-2150,-2816,-2816,-2816,-2816,-1437,-1437,-1437,-1437,-971,-971,-971,125,125,125,371,371,371,475,475,475,-1328,-1328,-2025,-2025,-2025,-429,-429,-429,1717,1717,1717,1533,1533,1504,1504,-1050,-1050,-1050,-2530,-2530,-2530,-2530,-2474,-2474,-2474,-2474,-2317,-2317,-2317,-961,-961,-961,-1081,-1081,-70,-70,-70,-2874,-2874,-2874,-1741,-1741,-1741,-1741,-2287,-2287,-2287,-3381,-3381,-3381,-3217,-3217,-3217,-3293,-3293,-3293,-3729,-3729,-3729,-3729,-5648,-5648,-5648,-5648,-6033,-6033,-6033,-4733,-4733,-4733,-2359,-2359,-2438,-2438,-2438,-2438,-3631,-3631,-3631,-3631,-2143,-2143,-2143,-2143,-3239,-3239,-3239,-3241,-3241,-3826,-3826,-3799,-3799,-3799,-3636,-3636,-3636,-3636,-2584,-2584,-2584,-2584,-2469,-2469,-2469,-2332,-2332,-1244,-1244,-1244,-776,-776,-776,-3861,-3861,-3861,-3861,-4395,-4395,-4395,-4395,-5613,-5613,-5613,-5613,-3613,-3613,-3613,-3117,-3117,-3117,-2833,-2833,-2833,-2833,-3349,-3349,-3349,-3349,-3761,-3761,-3761,-3761,-3237,-3237,-3237,-3866,-3866,-3866,-3140,-3140,-3140,-1993,-1993,-1993,-1993,-3509,-3509,-3509,-3509,-3627,-3627,-3627,-3627,-4333,-4333,-4333,-2617,-2617,-2617,-3631,-3631,-3631,-3631,-3323,-3323,-3323,-3323,-3196,-3196,-3196,-4269,-4269,-4269,-4577,-4577,-4577,-4540,-4540,-4540,-3013,-3013,-3013,-3013,-4215,-4215,-4215,-4215,-4533,-4533,-4533,-4533,-4041,-4041,-4041,-2754,-2754,-2754,-3363,-3363,-3363,-3756,-3756,-3756,-3756,-3177,-3177,-3177,-3177,-3457,-3457,-3457,-4007,-4007,-3739,-3739,-4461,-4461,-4461,-4347,-4347,-4347,-4347,-3832,-3832,-3832,-3832,-3776,-3776,-3776,-2495,-2495,-2495,-3923,-3923,-3923,-2710,-2710,-2710,-2766,-2766,-2766,-2766,-2969,-2969,-2969,-2969,-3114,-3114,-3114,-2735,-2735,-3087,-3087,-3064,-3064,-2612,-2612,-2612,-2102,-2102,-2102,-2102,-4021,-4021,-4021,-4021,-3292,-3292,-3292,-3149,-3149,-2740,-2740,-2740,-3892,-3892,-3892,-2918,-2918,-2918,-4812,-4812,-4812,-4812,-4812,-4754,-4754,-4754,-4754,-5260,-5260,-5260,-4446,-4446,-4446,-3952,-3952,-3952,-3024,-3024,-3024,-3024,-3024,-3110,-3110,-3110,-3110,-2465,-2465,-1656,-1656,-2455,-2455,-2455,-2537,-2537,-2537,-2537,-4823,-4823,-4823,-4823,-2393,-2393,-2393,-2393,-7940,-7940,-7940,-7940,-7162,-7162,-7162,-3499,-3499,-2705,-2705,-4001,-4001,-4001,-3536,-3536,-3536,-4447,-4447,-4447,-4110,-4110,-4110,-3057,-3057,-3968,-3968,-3968,-4882,-4882,-4882,-5502,-5502,-5502,-1580,-1597,-1450,-1450,-4512,-4512,-8631,-8631,-8812
46,4.815999999999999837,-2801,-1287,-1912,-1912,-2422,-2422,-2422,-3552,-3552,-3552,-3552,-3595,-3595,-3595,-3449,-3449,-3368,-3368,-2509,-2509,-951,-951,334,334,334,-1621,-1621,-1621,-1621,-2954,-2954,-2954,-2954,-3294,-3294,-3294,-2779,-2779,-2697,-2697,-3030,-3030,-3030,-3373,-3373,-3373,-2873,-2873,-2873,-2759,-2759,-2415,-2415,-2784,-2784,-2746,-2746,-2746,-2612,-2612,-2612,-2612,-2680,-2680,-2680,-2680,-2702,-2702,-2702,-2702,-2852,-2852,-2852,-2485,-2485,-2485,-2634,-2634,-2634,-1861,-1861,-1861,-1861,-2195,-2195,-2195,-2195,-2195,-2358,-2358,-2358,-2358,-2549,-2549,-2549,-2298,-2298,-2168,-2168,-2168,-1917,-1917,-1917,-1917,-2000,-2000,-2000,-2000,-2000,-2715,-2715,-2715,-2715,-2503,-2503,-2503,-1848,-1848,-1458,-1458,-1458,-1711,-1711,-1711,-1711,-2769,-2769,-2769,-2769,-2769,-2006,-2006,-2006,-2006,-2006,-3171,-3171,-3171,-3438,-3438,-460,-460,-460,-1021,-1021,-1021,-1021,-2212,-2212,-2212,-2212,-2212,-826,-826,-826,-826,1074,1074,1074,-518,-518,-1194,-1194,-1194,-2023,-2023,-2023,-2023,-2651,-2651,-2651,-2651,-1121,-1121,-1121,-1121,-813,-813,-813,-143,-143,-143,-631,-631,-631,719,719,719,-919,-919,-2143,-2143,-2143,-1722,-1722,-1722,783,783,783,995,995,1596,1596,-68,-68,-68,-1840,-1840,-1840,-1840,-2378,-2378,-2378,-2378,-2340,-2340,-2340,-1063,-1063,-1063,-1395,-1395,-216,-216,-216,-2213,-2213,-2213,-1342,-1342,-1342,-1342,-1716,-1716,-1716,-2406,-2406,-2406,-2560,-2560,-2560,-2676,-2676,-2676,-2892,-2892,-2892,-2892,-4731,-4731,-4731,-4731,-5055,-5055,-5055,-3635,-3635,-3635,-1400,-1400,-1760,-1760,-1760,-1760,-2952,-2952,-2952,-2952,-1463,-1463,-1463,-1463,-2374,-2374,-2374,-2545,-2545,-2933,-2933,-3030,-3030,-3030,-2640,-2640,-2640,-2640,-2224,-2224,-2224,-2224,-2596,-2596,-2596,-2368,-2368,-990,-990,-990,1307,1307,1307,-2706,-2706,-2706,-2706,-3040,-3040,-3040,-3040,-5155,-5155,-5155,-5155,-2787,-2787,-2787,-2265,-2265,-2265,-2532,-2532,-2532,-2532,-3114,-3114,-3114,-3114,-3213,-3213,-3213,-3213,-2924,-2924,-2924,-3474,-3474,-3474,-3512,-3512,-3512,-1827,-1827,-1827,-1827,-3810,-3810,-3810,-3810,-3852,-3852,-3852,-3852,-4265,-4265,-4265,-2081,-2081,-2081,-3230,-3230,-3230,-3230,-2236,-2236,-2236,-2236,-2981,-2981,-2981,-4098,-4098,-4098,-4568,-4568,-4568,-4595,-4595,-4595,-3220,-3220,-3220,-3220,-4405,-4405,-4405,-4405,-4668,-4668,-4668,-4668,-4816,-4816,-4816,-3176,-3176,-3176,-3703,-3703,-3703,-4304,-4304,-4304,-4304,-3456,-3456,-3456,-3456,-3237,-3237,-3237,-3788,-3788,-3382,-3382,-4383,-4383,-4383,-4401,-4401,-4401,-4401,-3761,-3761,-3761,-3761,-3940,-3940,-3940,-2742,-2742,-2742,-3659,-3659,-3659,-2782,-2782,-2782,-2538,-2538,-2538,-2538,-2756,-2756,-2756,-2756,-2884,-2884,-2884,-2666,-2666,-3065,-3065,-3206,-3206,-2587,-2587,-2587,-2241,-2241,-2241,-2241,-3716,-3716,-3716,-3716,-3512,-3512,-3512,-3405,-3405,-2388,-2388,-2388,-3140,-3140,-3140,-2904,-2904,-2904,-4712,-4712,-4712,-4712,-4712,-5014,-5014,-5014,-5014,-5437,-5437,-5437,-4154,-4154,-4154,-3947,-3947,-3947,-3263,-3263,-3263,-3263,-3263,-2604,-2604,-2604,-2604,-2916,-2916,-2703,-2703,-2609,-2609,-2609,-1994,-1994,-1994,-1994,-5256,-5256,-5256,-5256,-3170,-3170,-3170,-3170,-7414,-7414,-7414,-7414,-8595,-8595,-8595,-4881,-4881,-2525,-2525,-4113,-4113,-4113,-3867,-3867,-3867,-5166,-5166,-5166,-4263,-4263,-4263,-3037,-3037,-3859,-3859,-3859,-4648,-4648,-4648,-5532,-5532,-5532,-1667,-2042,-2533,-2533,-4141,-4141,-8468,-8468,-9039
47,5.016000000000000014,-2692,-1293,-1760,-1760,-2043,-2043,-2043,-2914,-2914,-2914,-2914,-3090,-3090,-3090,-3070,-3070,-3016,-3016,-2029,-2029,-871,-871,-22,-22,-22,-1390,-1390,-1390,-1390,-2638,-2638,-2638,-2638,-3002,-3002,-3002,-2484,-2484,-2084,-2084,-2484,-2484,-2484,-3136,-3136,-3136,-2606,-2606,-2606,-2383,-2383,-2176,-2176,-2246,-2246,-2481,-2481,-2481,-2243,-2243,-2243,-2243,-2258,-2258,-2258,-2258,-2183,-2183,-2183,-2183,-2355,-2355,-2355,-2130,-2130,-2130,-2126,-2126,-2126,-1568,-1568,-1568,-1568,-1894,-1894,-1894,-1894,-1894,-1948,-1948,-1948,-1948,-2138,-2138,-2138,-2052,-2052,-1792,-1792,-1792,-1642,-1642,-1642,-1642,-1722,-1722,-1722,-1722,-1722,-2688,-2688,-2688,-2688,-2658,-2658,-2658,-2625,-2625,-1606,-1606,-1606,-1454,-1454,-1454,-1454,-2045,-2045,-2045,-2045,-2045,-1815,-1815,-1815,-1815,-1815,-2799,-2799,-2799,-2153,-2153,-656,-656,-656,-555,-555,-555,-555,-1956,-1956,-1956,-1956,-1956,-1160,-1160,-1160,-1160,828,828,828,255,255,-1500,-1500,-1500,-1638,-1638,-1638,-1638,-2018,-2018,-2018,-2018,-709,-709,-709,-709,-592,-592,-592,-719,-719,-719,-1554,-1554,-1554,321,321,321,-545,-545,-2005,-2005,-2005,-2736,-2736,-2736,-541,-541,-541,-230,-230,719,719,436,436,436,-1051,-1051,-1051,-1051,-1880,-1880,-1880,-1880,-2066,-2066,-2066,-1384,-1384,-1384,-1737,-1737,-818,-818,-818,-1446,-1446,-1446,-1023,-1023,-1023,-1023,-1057,-1057,-1057,-1054,-1054,-1054,-1708,-1708,-1708,-1617,-1617,-1617,-1671,-1671,-1671,-1671,-2759,-2759,-2759,-2759,-2778,-2778,-2778,-1653,-1653,-1653,-482,-482,-1237,-1237,-1237,-1237,-1871,-1871,-1871,-1871,-752,-752,-752,-752,-1067,-1067,-1067,-1254,-1254,-1600,-1600,-1783,-1783,-1783,-1366,-1366,-1366,-1366,-1615,-1615,-1615,-1615,-2351,-2351,-2351,-2219,-2219,-706,-706,-706,2325,2325,2325,-1116,-1116,-1116,-1116,-1281,-1281,-1281,-1281,-3304,-3304,-3304,-3304,-1575,-1575,-1575,-1136,-1136,-1136,-1988,-1988,-1988,-1988,-2211,-2211,-2211,-2211,-2280,-2280,-2280,-2280,-2159,-2159,-2159,-2688,-2688,-2688,-3340,-3340,-3340,-1600,-1600,-1600,-1600,-3432,-3432,-3432,-3432,-3411,-3411,-3411,-3411,-3552,-3552,-3552,-1448,-1448,-1448,-2468,-2468,-2468,-2468,-1075,-1075,-1075,-1075,-2239,-2239,-2239,-3195,-3195,-3195,-3677,-3677,-3677,-3643,-3643,-3643,-2877,-2877,-2877,-2877,-3787,-3787,-3787,-3787,-3781,-3781,-3781,-3781,-4554,-4554,-4554,-2997,-2997,-2997,-3404,-3404,-3404,-4194,-4194,-4194,-4194,-3099,-3099,-3099,-3099,-2619,-2619,-2619,-2856,-2856,-2525,-2525,-3615,-3615,-3615,-3213,-3213,-3213,-3213,-3025,-3025,-3025,-3025,-3493,-3493,-3493,-2445,-2445,-2445,-2761,-2761,-2761,-2500,-2500,-2500,-2039,-2039,-2039,-2039,-2255,-2255,-2255,-2255,-2261,-2261,-2261,-2142,-2142,-2624,-2624,-2750,-2750,-2233,-2233,-2233,-2123,-2123,-2123,-2123,-2829,-2829,-2829,-2829,-3145,-3145,-3145,-3157,-3157,-1932,-1932,-1932,-1981,-1981,-1981,-2438,-2438,-2438,-3644,-3644,-3644,-3644,-3644,-3885,-3885,-3885,-3885,-4327,-4327,-4327,-3297,-3297,-3297,-3361,-3361,-3361,-2834,-2834,-2834,-2834,-2834,-1645,-1645,-1645,-1645,-3035,-3035,-3369,-3369,-2411,-2411,-2411,-1388,-1388,-1388,-1388,-4612,-4612,-4612,-4612,-3445,-3445,-3445,-3445,-5372,-5372,-5372,-5372,-7917,-7917,-7917,-5568,-5568,-2246,-2246,-3567,-3567,-3567,-3471,-3471,-3471,-4475,-4475,-4475,-3636,-3636,-3636,-2737,-2737,-3052,-3052,-3052,-3575,-3575,-3575,-4588,-4588,-4588,-1575,-1906,-2750,-2750,-3105,-3105,-6518,-6518,-7564
48,5.216000000000000192,-2204,-1047,-1373,-1373,-1362,-1362,-1362,-2059,-2059,-2059,-2059,-2011,-2011,-2011,-2281,-2281,-2284,-2284,-1417,-1417,-849,-849,-369,-369,-369,-934,-934,-934,-934,-1956,-1956,-1956,-1956,-2314,-2314,-2314,-1906,-1906,-1531,-1531,-1730,-1730,-1730,-2363,-2363,-2363,-1972,-1972,-1972,-1708,-1708,-1543,-1543,-1589,-1589,-1810,-1810,-1810,-1622,-1622,-1622,-1622,-1513,-1513,-1513,-1513,-1522,-1522,-1522,-1522,-1727,-1727,-1727,-1465,-1465,-1465,-1432,-1432,-1432,-1191,-1191,-1191,-1191,-1291,-1291,-1291,-1291,-1291,-1298,-1298,-1298,-1298,-1596,-1596,-1596,-1582,-1582,-1293,-1293,-1293,-1210,-1210,-1210,-1210,-1453,-1453,-1453,-1453,-1453,-2357,-2357,-2357,-2357,-2538,-2538,-2538,-2745,-2745,-1495,-1495,-1495,-1183,-1183,-1183,-1183,-1121,-1121,-1121,-1121,-1121,-1560,-1560,-1560,-1560,-1560,-2070,-2070,-2070,-981,-981,-741,-741,-741,-152,-152,-152,-152,-1647,-1647,-1647,-1647,-1647,-1435,-1435,-1435,-1435,787,787,787,600,600,-1608,-1608,-1608,-1128,-1128,-1128,-1128,-1375,-1375,-1375,-1375,-270,-270,-270,-270,-511,-511,-511,-1592,-1592,-1592,-2197,-2197,-2197,-328,-328,-328,-173,-173,-1612,-1612,-1612,-3017,-3017,-3017,-1638,-1638,-1638,-1262,-1262,-524,-524,433,433,433,-261,-261,-261,-261,-1080,-1080,-1080,-1080,-1554,-1554,-1554,-1578,-1578,-1578,-1632,-1632,-1202,-1202,-1202,-497,-497,-497,-743,-743,-743,-743,-535,-535,-535,187,187,187,-518,-518,-518,-186,-186,-186,-387,-387,-387,-387,-723,-723,-723,-723,-374,-374,-374,113,113,113,94,94,-435,-435,-435,-435,-693,-693,-693,-693,-97,-97,-97,-97,98,98,98,-198,-198,-584,-584,-544,-544,-544,-83,-83,-83,-83,-802,-802,-802,-802,-1753,-1753,-1753,-1801,-1801,-451,-451,-451,2021,2021,2021,143,143,143,143,307,307,307,307,-992,-992,-992,-992,-364,-364,-364,-101,-101,-101,-1220,-1220,-1220,-1220,-1078,-1078,-1078,-1078,-1069,-1069,-1069,-1069,-1218,-1218,-1218,-1636,-1636,-1636,-2621,-2621,-2621,-1404,-1404,-1404,-1404,-2367,-2367,-2367,-2367,-2337,-2337,-2337,-2337,-2421,-2421,-2421,-775,-775,-775,-1330,-1330,-1330,-1330,-266,-266,-266,-266,-1103,-1103,-1103,-1783,-1783,-1783,-2125,-2125,-2125,-1940,-1940,-1940,-2073,-2073,-2073,-2073,-2565,-2565,-2565,-2565,-2465,-2465,-2465,-2465,-3314,-3314,-3314,-2333,-2333,-2333,-2348,-2348,-2348,-3472,-3472,-3472,-3472,-2223,-2223,-2223,-2223,-1805,-1805,-1805,-1596,-1596,-1255,-1255,-2192,-2192,-2192,-1836,-1836,-1836,-1836,-1923,-1923,-1923,-1923,-2464,-2464,-2464,-1794,-1794,-1794,-1714,-1714,-1714,-1799,-1799,-1799,-1322,-1322,-1322,-1322,-1575,-1575,-1575,-1575,-1467,-1467,-1467,-1274,-1274,-1894,-1894,-1915,-1915,-1575,-1575,-1575,-1624,-1624,-1624,-1624,-1743,-1743,-1743,-1743,-2274,-2274,-2274,-2335,-2335,-1505,-1505,-1505,-822,-822,-822,-1740,-1740,-1740,-2110,-2110,-2110,-2110,-2110,-2211,-2211,-2211,-2211,-2689,-2689,-2689,-2243,-2243,-2243,-2217,-2217,-2217,-1767,-1767,-1767,-1767,-1767,-967,-967,-967,-967,-2745,-2745,-3408,-3408,-1935,-1935,-1935,-872,-872,-872,-872,-3195,-3195,-3195,-3195,-2871,-2871,-2871,-2871,-2466,-2466,-2466,-2466,-5359,-5359,-5359,-5075,-5075,-1566,-1566,-2592,-2592,-2592,-2535,-2535,-2535,-2903,-2903,-2903,-2563,-2563,-2563,-2225,-2225,-1816,-1816,-1816,-2031,-2031,-2031,-2878,-2878,-2878,-717,-1083,-2242,-2242,-1559,-1559,-3647,-3647,-4804
49,5.416000000000000369,-1468,-606,-661,-661,-507,-507,-507,-931,-931,-931,-931,-781,-781,-781,-1103,-1103,-1160,-1160,-792,-792,-655,-655,-460,-460,-460,-376,-376,-376,-376,-1181,-1181,-1181,-1181,-1384,-1384,-1384,-1161,-1161,-842,-842,-831,-831,-831,-1572,-1572,-1572,-1385,-1385,-1385,-889,-889,-755,-755,-762,-762,-1006,-1006,-1006,-877,-877,-877,-877,-873,-873,-873,-873,-946,-946,-946,-946,-1088,-1088,-1088,-879,-879,-879,-748,-748,-748,-721,-721,-721,-721,-738,-738,-738,-738,-738,-588,-588,-588,-588,-1005,-1005,-1005,-1024,-1024,-760,-760,-760,-689,-689,-689,-689,-978,-978,-978,-978,-978,-1774,-1774,-1774,-1774,-2156,-2156,-2156,-2360,-2360,-1187,-1187,-1187,-866,-866,-866,-866,-322,-322,-322,-322,-322,-1179,-1179,-1179,-1179,-1179,-1262,-1262,-1262,14,14,-624,-624,-624,99,99,99,99,-1237,-1237,-1237,-1237,-1237,-1586,-1586,-1586,-1586,707,707,707,741,741,-1382,-1382,-1382,-664,-664,-664,-664,-660,-660,-660,-660,68,68,68,68,-479,-479,-479,-2132,-2132,-2132,-2431,-2431,-2431,-897,-897,-897,301,301,-986,-986,-986,-2555,-2555,-2555,-2334,-2334,-2334,-1976,-1976,-1713,-1713,50,50,50,231,231,231,231,-250,-250,-250,-250,-1072,-1072,-1072,-1561,-1561,-1561,-1157,-1157,-1147,-1147,-1147,188,188,188,-398,-398,-398,-398,-256,-256,-256,829,829,829,591,591,591,853,853,853,628,628,628,628,843,843,843,843,1612,1612,1612,1212,1212,1212,382,382,359,359,359,359,134,134,134,134,179,179,179,179,747,747,747,578,578,41,41,351,351,351,972,972,972,972,18,18,18,18,-936,-936,-936,-1156,-1156,-336,-336,-336,499,499,499,917,917,917,917,1380,1380,1380,1380,1479,1479,1479,1479,558,558,558,540,540,540,-400,-400,-400,-400,44,44,44,44,153,153,153,153,-204,-204,-204,-645,-645,-645,-1647,-1647,-1647,-1190,-1190,-1190,-1190,-1048,-1048,-1048,-1048,-868,-868,-868,-868,-976,-976,-976,-140,-140,-140,-258,-258,-258,-258,99,99,99,99,109,109,109,-31,-31,-31,-581,-581,-581,-281,-281,-281,-984,-984,-984,-984,-1261,-1261,-1261,-1261,-1016,-1016,-1016,-1016,-1620,-1620,-1620,-1361,-1361,-1361,-1043,-1043,-1043,-2235,-2235,-2235,-2235,-1250,-1250,-1250,-1250,-779,-779,-779,-260,-260,38,38,-634,-634,-634,-22,-22,-22,-22,-848,-848,-848,-848,-1249,-1249,-1249,-908,-908,-908,-744,-744,-744,-896,-896,-896,-523,-523,-523,-523,-681,-681,-681,-681,-684,-684,-684,-514,-514,-1101,-1101,-863,-863,-892,-892,-892,-924,-924,-924,-924,-593,-593,-593,-593,-1206,-1206,-1206,-1315,-1315,-929,-929,-929,152,152,152,-880,-880,-880,-757,-757,-757,-757,-757,-121,-121,-121,-121,-751,-751,-751,-1062,-1062,-1062,-802,-802,-802,-568,-568,-568,-568,-568,-488,-488,-488,-488,-2229,-2229,-2755,-2755,-1254,-1254,-1254,-325,-325,-325,-325,-1335,-1335,-1335,-1335,-1637,-1637,-1637,-1637,109,109,109,109,-2058,-2058,-2058,-3448,-3448,-822,-822,-1323,-1323,-1323,-1403,-1403,-1403,-1196,-1196,-1196,-1299,-1299,-1299,-1428,-1428,-341,-341,-341,-297,-297,-297,-801,-801,-801,610,616,-1036,-1036,-118,-118,-1018,-1018,-1904
50,5.615999999999999659,-725,-142,-24,-24,147,147,147,-147,-147,-147,-147,-52,-52,-52,-209,-209,-231,-231,-173,-173,-248,-248,-400,-400,-400,16,16,16,16,-537,-537,-537,-537,-582,-582,-582,-654,-654,-408,-408,-247,-247,-247,-825,-825,-825,-722,-722,-722,-325,-325,-6,-6,32,32,-377,-377,-377,-455,-455,-455,-455,-455,-455,-455,-455,-545,-545,-545,-545,-646,-646,-646,-494,-494,-494,-239,-239,-239,-332,-332,-332,-332,-146,-146,-146,-146,-146,-90,-90,-90,-90,-504,-504,-504,-541,-541,-256,-256,-256,-307,-307,-307,-307,-500,-500,-500,-500,-500,-1043,-1043,-1043,-1043,-1617,-1617,-1617,-1768,-1768,-772,-772,-772,-533,-533,-533,-533,294,294,294,294,294,-912,-912,-912,-912,-912,-613,-613,-613,524,524,-478,-478,-478,110,110,110,110,-723,-723,-723,-723,-723,-1630,-1630,-1630,-1630,454,454,454,673,673,-906,-906,-906,-390,-390,-390,-390,-121,-121,-121,-121,165,165,165,165,-426,-426,-426,-2057,-2057,-2057,-2152,-2152,-2152,-1096,-1096,-1096,565,565,-304,-304,-304,-1753,-1753,-1753,-2443,-2443,-2443,-2075,-2075,-2095,-2095,-509,-509,-509,466,466,466,466,269,269,269,269,-731,-731,-731,-1202,-1202,-1202,-602,-602,-717,-717,-717,659,659,659,64,64,64,64,-218,-218,-218,829,829,829,1327,1327,1327,1381,1381,1381,1310,1310,1310,1310,1397,1397,1397,1397,2273,2273,2273,1371,1371,1371,393,393,852,852,852,852,656,656,656,656,192,192,192,192,768,768,768,777,777,179,179,844,844,844,1537,1537,1537,1537,714,714,714,714,-120,-120,-120,-389,-389,-521,-521,-521,-1447,-1447,-1447,965,965,965,965,1387,1387,1387,1387,2727,2727,2727,2727,989,989,989,645,645,645,173,173,173,173,858,858,858,858,923,923,923,923,387,387,387,-17,-17,-17,-716,-716,-716,-1010,-1010,-1010,-1010,-87,-87,-87,-87,507,507,507,507,443,443,443,417,417,417,825,825,825,825,168,168,168,168,725,725,725,1195,1195,1195,839,839,839,1045,1045,1045,225,225,225,225,-58,-58,-58,-58,79,79,79,79,-28,-28,-28,-448,-448,-448,215,215,215,-947,-947,-947,-947,-341,-341,-341,-341,96,96,96,910,910,1100,1100,470,470,470,1231,1231,1231,1231,-179,-179,-179,-179,-259,-259,-259,-80,-80,-80,68,68,68,88,88,88,221,221,221,221,79,79,79,79,-36,-36,-36,-17,-17,-386,-386,74,74,-241,-241,-241,-246,-246,-246,-246,196,196,196,196,-315,-315,-315,-192,-192,-344,-344,-344,705,705,705,-304,-304,-304,227,227,227,227,227,1050,1050,1050,1050,570,570,570,-168,-168,-168,206,206,206,323,323,323,323,323,-399,-399,-399,-399,-1592,-1592,-1915,-1915,-717,-717,-717,132,132,132,132,184,184,184,184,-270,-270,-270,-270,1737,1737,1737,1737,812,812,812,-1399,-1399,1,1,-214,-214,-214,-304,-304,-304,87,87,87,-213,-213,-213,-516,-516,659,659,659,1172,1172,1172,818,818,818,1725,2282,597,597,1164,1164,1057,1057,562
51,5.815999999999999837,-76,17,187,187,435,435,435,390,390,390,390,288,288,288,323,323,370,370,257,257,-31,-31,-555,-555,-555,43,43,43,43,-90,-90,-90,-90,-72,-72,-72,-345,-345,-309,-309,-59,-59,-59,-332,-332,-332,-374,-374,-374,20,20,336,336,372,372,-58,-58,-58,-125,-125,-125,-125,-229,-229,-229,-229,-384,-384,-384,-384,-350,-350,-350,-341,-341,-341,-72,-72,-72,-205,-205,-205,-205,93,93,93,93,93,245,245,245,245,-127,-127,-127,-153,-153,56,56,56,-173,-173,-173,-173,-170,-170,-170,-170,-170,-295,-295,-295,-295,-1029,-1029,-1029,-1201,-1201,-461,-461,-461,-285,-285,-285,-285,432,432,432,432,432,-730,-730,-730,-730,-730,-160,-160,-160,652,652,-472,-472,-472,-37,-37,-37,-37,-321,-321,-321,-321,-321,-1416,-1416,-1416,-1416,-176,-176,-176,401,401,-626,-626,-626,-376,-376,-376,-376,135,135,135,135,108,108,108,108,-449,-449,-449,-1488,-1488,-1488,-1476,-1476,-1476,-1130,-1130,-1130,432,432,269,269,269,-820,-820,-820,-2016,-2016,-2016,-1642,-1642,-1909,-1909,-976,-976,-976,281,281,281,281,464,464,464,464,-523,-523,-523,-806,-806,-806,-80,-80,-219,-219,-219,818,818,818,508,508,508,508,-347,-347,-347,235,235,235,1365,1365,1365,1193,1193,1193,1266,1266,1266,1266,1167,1167,1167,1167,1804,1804,1804,773,773,773,62,62,750,750,750,750,645,645,645,645,-256,-256,-256,-256,310,310,310,430,430,-35,-35,707,707,707,1407,1407,1407,1407,1001,1001,1001,1001,328,328,328,60,60,-899,-899,-899,-2795,-2795,-2795,485,485,485,485,499,499,499,499,2664,2664,2664,2664,823,823,823,185,185,185,337,337,337,337,950,950,950,950,1166,1166,1166,1166,574,574,574,204,204,204,-156,-156,-156,-774,-774,-774,-774,579,579,579,579,1185,1185,1185,1185,1376,1376,1376,623,623,623,1282,1282,1282,1282,46,46,46,46,716,716,716,1725,1725,1725,1623,1623,1623,1556,1556,1556,930,930,930,930,609,609,609,609,769,769,769,769,869,869,869,223,223,223,1049,1049,1049,144,144,144,144,255,255,255,255,578,578,578,1399,1399,1485,1485,1074,1074,1074,1810,1810,1810,1810,223,223,223,223,486,486,486,462,462,462,381,381,381,715,715,715,526,526,526,526,482,482,482,482,337,337,337,68,68,52,52,472,472,-28,-28,-28,18,18,18,18,561,561,561,561,358,358,358,560,560,130,130,130,824,824,824,-89,-89,-89,537,537,537,537,537,1345,1345,1345,1345,1289,1289,1289,392,392,392,674,674,674,784,784,784,784,784,-563,-563,-563,-563,-1079,-1079,-1150,-1150,-495,-495,-495,245,245,245,245,1080,1080,1080,1080,837,837,837,837,2409,2409,2409,2409,2492,2492,2492,681,681,454,454,752,752,752,511,511,511,527,527,527,427,427,427,106,106,752,752,752,1947,1947,1947,1883,1883,1883,2102,2987,1810,1810,1823,1823,2365,2365,2120
52,6.016000000000000014,309,-15,199,199,410,410,410,582,582,582,582,346,346,346,482,482,591,591,499,499,17,17,-816,-816,-816,-59,-59,-59,-59,120,120,120,120,266,266,266,-73,-73,-271,-271,-9,-9,-9,-14,-14,-14,-90,-90,-90,105,105,416,416,409,409,131,131,131,40,40,40,40,-89,-89,-89,-89,-99,-99,-99,-99,-144,-144,-144,-219,-219,-219,1,1,1,-128,-128,-128,-128,124,124,124,124,124,333,333,333,333,134,134,134,135,135,278,278,278,-112,-112,-112,-112,178,178,178,178,178,316,316,316,316,-290,-290,-290,-651,-651,-268,-268,-268,46,46,46,46,318,318,318,318,318,-601,-601,-601,-601,-601,116,116,116,579,579,-426,-426,-426,-207,-207,-207,-207,54,54,54,54,54,-1046,-1046,-1046,-1046,-575,-575,-575,227,227,-311,-311,-311,-471,-471,-471,-471,335,335,335,335,72,72,72,72,-389,-389,-389,-672,-672,-672,-717,-717,-717,-916,-916,-916,99,99,676,676,676,29,29,29,-1274,-1274,-1274,-1036,-1036,-1168,-1168,-1022,-1022,-1022,153,153,153,153,420,420,420,420,-201,-201,-201,-315,-315,-315,285,285,277,277,277,868,868,868,913,913,913,913,-378,-378,-378,-420,-420,-420,1021,1021,1021,613,613,613,776,776,776,776,679,679,679,679,548,548,548,-96,-96,-96,-302,-302,285,285,285,285,369,369,369,369,-814,-814,-814,-814,-251,-251,-251,-73,-73,-330,-330,268,268,268,813,813,813,813,1006,1006,1006,1006,669,669,669,441,441,-1063,-1063,-1063,-2991,-2991,-2991,-79,-79,-79,-79,-279,-279,-279,-279,1731,1731,1731,1731,388,388,388,-319,-319,-319,388,388,388,388,615,615,615,615,1049,1049,1049,1049,574,574,574,361,361,361,44,44,44,-398,-398,-398,-398,732,732,732,732,1250,1250,1250,1250,1806,1806,1806,669,669,669,1317,1317,1317,1317,38,38,38,38,441,441,441,1728,1728,1728,1866,1866,1866,1586,1586,1586,1233,1233,1233,1233,909,909,909,909,1049,1049,1049,1049,1146,1146,1146,485,485,485,1141,1141,1141,764,764,764,764,489,489,489,489,768,768,768,1335,1335,1294,1294,1125,1125,1125,1586,1586,1586,1586,303,303,303,303,842,842,842,596,596,596,435,435,435,901,901,901,502,502,502,502,557,557,557,557,449,449,449,-6,-6,358,358,487,487,116,116,116,67,67,67,67,620,620,620,620,730,730,730,1053,1053,526,526,526,706,706,706,-67,-67,-67,534,534,534,534,534,955,955,955,955,1366,1366,1366,531,531,531,651,651,651,787,787,787,787,787,-629,-629,-629,-629,-781,-781,-571,-571,-445,-445,-445,190,190,190,190,1415,1415,1415,1415,1392,1392,1392,1392,2269,2269,2269,2269,2840,2840,2840,1860,1860,569,569,1209,1209,1209,884,884,884,513,513,513,642,642,642,355,355,522,522,522,2113,2113,2113,2255,2255,2255,1769,2834,2641,2641,2221,2221,3012,3012,3242
53,6.216000000000000192,481,7,246,246,413,413,413,742,742,742,742,352,352,352,423,423,637,637,563,563,66,66,-833,-833,-833,-112,-112,-112,-112,283,283,283,283,723,723,723,285,285,-65,-65,93,93,93,322,322,322,276,276,276,291,291,449,449,415,415,281,281,281,268,268,268,268,155,155,155,155,166,166,166,166,158,158,158,-51,-51,-51,162,162,162,43,43,43,43,232,232,232,232,232,352,352,352,352,413,413,413,361,361,427,427,427,24,24,24,24,415,415,415,415,415,771,771,771,771,411,411,411,-191,-191,-47,-47,-47,469,469,469,469,310,310,310,310,310,-306,-306,-306,-306,-306,387,387,387,610,610,-205,-205,-205,-157,-157,-157,-157,318,318,318,318,318,-579,-579,-579,-579,-776,-776,-776,213,213,48,48,48,-435,-435,-435,-435,526,526,526,526,113,113,113,113,-271,-271,-271,124,124,124,215,215,215,-452,-452,-452,-70,-70,970,970,970,658,658,658,-282,-282,-282,-235,-235,-211,-211,-595,-595,-595,260,260,260,260,454,454,454,454,179,179,179,232,232,232,626,626,893,893,893,994,994,994,1378,1378,1378,1378,-22,-22,-22,-679,-679,-679,707,707,707,230,230,230,322,322,322,322,285,285,285,285,-622,-622,-622,-673,-673,-673,-303,-303,116,116,116,116,206,206,206,206,-990,-990,-990,-990,-591,-591,-591,-424,-424,-299,-299,2,2,2,382,382,382,382,985,985,985,985,960,960,960,802,802,-649,-649,-649,-2013,-2013,-2013,-305,-305,-305,-305,-429,-429,-429,-429,633,633,633,633,101,101,101,-433,-433,-433,519,519,519,519,317,317,317,317,868,868,868,868,695,695,695,603,603,603,501,501,501,356,356,356,356,867,867,867,867,1124,1124,1124,1124,1771,1771,1771,768,768,768,1217,1217,1217,1217,355,355,355,355,259,259,259,1473,1473,1473,1914,1914,1914,1343,1343,1343,1254,1254,1254,1254,1065,1065,1065,1065,1096,1096,1096,1096,1087,1087,1087,597,597,597,936,936,936,1377,1377,1377,1377,666,666,666,666,766,766,766,1027,1027,945,945,988,988,988,1101,1101,1101,1101,509,509,509,509,980,980,980,650,650,650,516,516,516,973,973,973,515,515,515,515,603,603,603,603,517,517,517,12,12,591,591,508,508,378,378,378,236,236,236,236,705,705,705,705,1114,1114,1114,1332,1332,891,891,891,548,548,548,155,155,155,521,521,521,521,521,383,383,383,383,1123,1123,1123,615,615,615,549,549,549,702,702,702,702,702,-330,-330,-330,-330,-339,-339,-51,-51,-127,-127,-127,205,205,205,205,1471,1471,1471,1471,1543,1543,1543,1543,1901,1901,1901,1901,2573,2573,2573,2425,2425,579,579,1451,1451,1451,965,965,965,566,566,566,804,804,804,605,605,501,501,501,1858,1858,1858,2112,2112,2112,1357,2440,3162,3162,2487,2487,3448,3448,3977
54,6.416000000000000369,569,151,336,336,470,470,470,745,745,745,745,365,365,365,369,369,530,530,510,510,212,212,-584,-584,-584,-69,-69,-69,-69,372,372,372,372,1122,1122,1122,752,752,349,349,287,287,287,535,535,535,522,522,522,483,483,499,499,522,522,470,470,470,414,414,414,414,425,425,425,425,419,419,419,419,437,437,437,231,231,231,375,375,375,394,394,394,394,372,372,372,372,372,442,442,442,442,563,563,563,509,509,558,558,558,91,91,91,91,572,572,572,572,572,979,979,979,979,968,968,968,467,467,177,177,177,886,886,886,886,314,314,314,314,314,13,13,13,13,13,579,579,579,564,564,121,121,121,54,54,54,54,581,581,581,581,581,-197,-197,-197,-197,-538,-538,-538,278,278,384,384,384,-257,-257,-257,-257,662,662,662,662,110,110,110,110,-111,-111,-111,679,679,679,829,829,829,48,48,48,-55,-55,1082,1082,1082,1115,1115,1115,552,552,552,397,397,639,639,-31,-31,-31,504,504,504,504,459,459,459,459,607,607,607,737,737,737,851,851,1364,1364,1364,1070,1070,1070,1494,1494,1494,1494,437,437,437,-534,-534,-534,386,386,386,112,112,112,96,96,96,96,182,182,182,182,-980,-980,-980,-779,-779,-779,10,10,251,251,251,251,276,276,276,276,-642,-642,-642,-642,-545,-545,-545,-349,-349,-6,-6,1,1,1,263,263,263,263,978,978,978,978,1224,1224,1224,1104,1104,168,168,168,-416,-416,-416,-99,-99,-99,-99,-17,-17,-17,-17,-230,-230,-230,-230,20,20,20,-177,-177,-177,708,708,708,708,184,184,184,184,691,691,691,691,1003,1003,1003,1003,1003,1003,1052,1052,1052,1274,1274,1274,1274,937,937,937,937,988,988,988,988,1422,1422,1422,875,875,875,1041,1041,1041,1041,882,882,882,882,368,368,368,1110,1110,1110,1744,1744,1744,1090,1090,1090,1217,1217,1217,1217,1155,1155,1155,1155,995,995,995,995,901,901,901,601,601,601,692,692,692,1740,1740,1740,1740,859,859,859,859,645,645,645,691,691,641,641,786,786,786,672,672,672,672,709,709,709,709,983,983,983,726,726,726,628,628,628,947,947,947,547,547,547,547,629,629,629,629,543,543,543,183,183,678,678,586,586,655,655,655,523,523,523,523,795,795,795,795,1236,1236,1236,1353,1353,1088,1088,1088,422,422,422,600,600,600,610,610,610,610,610,188,188,188,188,879,879,879,777,777,777,619,619,619,658,658,658,658,658,133,133,133,133,305,305,533,533,393,393,393,340,340,340,340,1372,1372,1372,1372,1413,1413,1413,1413,1593,1593,1593,1593,2059,2059,2059,2191,2191,580,580,1395,1395,1395,807,807,807,694,694,694,880,880,880,817,817,680,680,680,1463,1463,1463,1738,1738,1738,1039,2125,3379,3379,2655,2655,3630,3630,4406
55,6.615999999999999659,552,300,407,407,474,474,474,632,632,632,632,302,302,302,180,180,287,287,307,307,370,370,-133,-133,-133,4,4,4,4,432,432,432,432,1264,1264,1264,1087,1087,613,613,524,524,524,667,667,667,692,692,692,631,631,567,567,606,606,594,594,594,502,502,502,502,527,527,527,527,551,551,551,551,498,498,498,489,489,489,521,521,521,545,545,545,545,518,518,518,518,518,458,458,458,458,568,568,568,559,559,459,459,459,218,218,218,218,677,677,677,677,677,946,946,946,946,1236,1236,1236,1004,1004,355,355,355,1017,1017,1017,1017,406,406,406,406,406,257,257,257,257,257,654,654,654,497,497,363,363,363,143,143,143,143,622,622,622,622,622,24,24,24,24,-261,-261,-261,364,364,670,670,670,-15,-15,-15,-15,616,616,616,616,152,152,152,152,67,67,67,902,902,902,1140,1140,1140,425,425,425,34,34,915,915,915,1297,1297,1297,936,936,936,670,670,1065,1065,369,369,369,561,561,561,561,450,450,450,450,846,846,846,930,930,930,834,834,1398,1398,1398,917,917,917,1230,1230,1230,1230,796,796,796,-128,-128,-128,119,119,119,43,43,43,36,36,36,36,285,285,285,285,-700,-700,-700,-406,-406,-406,375,375,415,415,415,415,432,432,432,432,-76,-76,-76,-76,-178,-178,-178,23,23,371,371,263,263,263,404,404,404,404,934,934,934,934,1239,1239,1239,1082,1082,767,767,767,866,866,866,251,251,251,251,558,558,558,558,-592,-592,-592,-592,97,97,97,215,215,215,769,769,769,769,225,225,225,225,564,564,564,564,1188,1188,1188,1257,1257,1257,1511,1511,1511,1848,1848,1848,1848,890,890,890,890,691,691,691,691,975,975,975,930,930,930,838,838,838,838,1279,1279,1279,1279,634,634,634,832,832,832,1463,1463,1463,932,932,932,1190,1190,1190,1190,1091,1091,1091,1091,813,813,813,813,638,638,638,625,625,625,480,480,480,1746,1746,1746,1746,947,947,947,947,548,548,548,471,471,433,433,584,584,584,463,463,463,463,915,915,915,915,902,902,902,766,766,766,709,709,709,731,731,731,617,617,617,617,656,656,656,656,493,493,493,312,312,564,564,583,583,765,765,765,791,791,791,791,830,830,830,830,1012,1012,1012,982,982,1053,1053,1053,329,329,329,1047,1047,1047,773,773,773,773,773,284,284,284,284,763,763,763,937,937,937,658,658,658,622,622,622,622,622,641,641,641,641,911,911,973,973,827,827,827,471,471,471,471,1089,1089,1089,1089,1053,1053,1053,1053,1202,1202,1202,1202,1405,1405,1405,1437,1437,506,506,1071,1071,1071,476,476,476,723,723,723,786,786,786,921,921,857,857,857,994,994,994,1358,1358,1358,895,1894,3319,3319,2607,2607,3512,3512,4374
56,6.815999999999999837,494,301,265,265,336,336,336,359,359,359,359,127,127,127,78,78,81,81,21,21,267,267,179,179,179,7,7,7,7,342,342,342,342,1101,1101,1101,1083,1083,691,691,589,589,589,584,584,584,723,723,723,612,612,605,605,562,562,542,542,542,448,448,448,448,496,496,496,496,520,520,520,520,472,472,472,521,521,521,620,620,620,520,520,520,520,567,567,567,567,567,411,411,411,411,457,457,457,479,479,199,199,199,260,260,260,260,607,607,607,607,607,673,673,673,673,1103,1103,1103,1160,1160,363,363,363,818,818,818,818,390,390,390,390,390,439,439,439,439,439,602,602,602,357,357,380,380,380,182,182,182,182,492,492,492,492,492,101,101,101,101,-16,-16,-16,393,393,670,670,670,239,239,239,239,482,482,482,482,141,141,141,141,123,123,123,789,789,789,1055,1055,1055,532,532,532,20,20,492,492,492,1074,1074,1074,946,946,946,676,676,973,973,541,541,541,330,330,330,330,321,321,321,321,845,845,845,890,890,890,533,533,887,887,887,419,419,419,475,475,475,475,813,813,813,290,290,290,-245,-245,-245,-55,-55,-55,15,15,15,15,505,505,505,505,-27,-27,-27,112,112,112,605,605,295,295,295,295,571,571,571,571,687,687,687,687,292,292,292,510,510,691,691,582,582,582,528,528,528,528,854,854,854,854,920,920,920,712,712,902,902,902,1498,1498,1498,517,517,517,517,937,937,937,937,-558,-558,-558,-558,245,245,245,505,505,505,652,652,652,652,282,282,282,282,344,344,344,344,1120,1120,1120,1299,1299,1299,1657,1657,1657,1791,1791,1791,1791,727,727,727,727,376,376,376,376,500,500,500,795,795,795,535,535,535,535,1381,1381,1381,1381,853,853,853,597,597,597,1079,1079,1079,825,825,825,1084,1084,1084,1084,877,877,877,877,664,664,664,664,415,415,415,622,622,622,352,352,352,1408,1408,1408,1408,951,951,951,951,482,482,482,341,341,382,382,423,423,423,428,428,428,428,940,940,940,940,733,733,733,765,765,765,667,667,667,432,432,432,596,596,596,596,617,617,617,617,385,385,385,434,434,405,405,478,478,661,661,661,904,904,904,904,722,722,722,722,510,510,510,364,364,708,708,708,213,213,213,1274,1274,1274,839,839,839,839,839,579,579,579,579,788,788,788,985,985,985,584,584,584,566,566,566,566,566,997,997,997,997,1353,1353,1360,1360,1110,1110,1110,417,417,417,417,632,632,632,632,615,615,615,615,690,690,690,690,797,797,797,693,693,348,348,648,648,648,195,195,195,548,548,548,601,601,601,889,889,874,874,874,555,555,555,1026,1026,1026,729,1636,2944,2944,2170,2170,3105,3105,3834
57,7.016000000000000014,398,96,-46,-46,-44,-44,-44,63,63,63,63,-78,-78,-78,-60,-60,-87,-87,-258,-258,3,3,324,324,324,-54,-54,-54,-54,242,242,242,242,766,766,766,788,788,573,573,478,478,478,517,517,517,517,517,517,493,493,424,424,349,349,342,342,342,278,278,278,278,372,372,372,372,400,400,400,400,357,357,357,437,437,437,354,354,354,283,283,283,283,476,476,476,476,476,306,306,306,306,280,280,280,280,280,-164,-164,-164,184,184,184,184,488,488,488,488,488,351,351,351,351,669,669,669,1043,1043,314,314,314,286,286,286,286,264,264,264,264,264,491,491,491,491,491,436,436,436,86,86,178,178,178,11,11,11,11,292,292,292,292,292,157,157,157,157,1,1,1,285,285,403,403,403,357,357,357,357,205,205,205,205,67,67,67,67,137,137,137,478,478,478,623,623,623,380,380,380,-178,-178,-23,-23,-23,692,692,692,676,676,676,477,477,503,503,439,439,439,-73,-73,-73,-73,161,161,161,161,715,715,715,660,660,660,174,174,128,128,128,-187,-187,-187,-335,-335,-335,-335,539,539,539,533,533,533,-521,-521,-521,-217,-217,-217,-39,-39,-39,-39,627,627,627,627,528,528,528,589,589,589,503,503,-7,-7,-7,-7,600,600,600,600,1049,1049,1049,1049,655,655,655,756,756,819,819,735,735,735,479,479,479,479,648,648,648,648,464,464,464,118,118,562,562,562,1396,1396,1396,539,539,539,539,944,944,944,944,-221,-221,-221,-221,309,309,309,551,551,551,382,382,382,382,231,231,231,231,55,55,55,55,676,676,676,1020,1020,1020,1359,1359,1359,1196,1196,1196,1196,368,368,368,368,23,23,23,23,9,9,9,456,456,456,159,159,159,159,1033,1033,1033,1033,846,846,846,377,377,377,599,599,599,606,606,606,890,890,890,890,605,605,605,605,475,475,475,475,131,131,131,515,515,515,225,225,225,773,773,773,773,786,786,786,786,462,462,462,281,281,329,329,320,320,320,339,339,339,339,783,783,783,783,476,476,476,664,664,664,506,506,506,136,136,136,394,394,394,394,452,452,452,452,242,242,242,443,443,209,209,219,219,368,368,368,743,743,743,743,405,405,405,405,-82,-82,-82,-235,-235,189,189,189,62,62,62,1136,1136,1136,781,781,781,781,781,779,779,779,779,693,693,693,754,754,754,270,270,270,400,400,400,400,400,1002,1002,1002,1002,1437,1437,1448,1448,1070,1070,1070,161,161,161,161,97,97,97,97,111,111,111,111,80,80,80,80,104,104,104,-96,-96,81,81,107,107,107,-32,-32,-32,183,183,183,276,276,276,641,641,650,650,650,85,85,85,682,682,682,454,1158,2173,2173,1599,1599,2507,2507,2985
58,7.216000000000000192,249,-85,-297,-297,-295,-295,-295,-113,-113,-113,-113,-98,-98,-98,4,4,-98,-98,-380,-380,-229,-229,486,486,486,59,59,59,59,175,175,175,175,465,465,465,542,542,393,393,327,327,327,394,394,394,401,401,401,309,309,219,219,161,161,139,139,139,159,159,159,159,210,210,210,210,286,286,286,286,202,202,202,278,278,278,95,95,95,67,67,67,67,339,339,339,339,339,216,216,216,216,170,170,170,129,129,-380,-380,-380,240,240,240,240,448,448,448,448,448,168,168,168,168,258,258,258,636,636,219,219,219,-114,-114,-114,-114,177,177,177,177,177,535,535,535,535,535,261,261,261,-41,-41,36,36,36,-84,-84,-84,-84,124,124,124,124,124,238,238,238,238,36,36,36,206,206,209,209,209,426,426,426,426,-11,-11,-11,-11,101,101,101,101,164,164,164,175,175,175,231,231,231,181,181,181,-279,-279,-401,-401,-401,183,183,183,424,424,424,224,224,96,96,317,317,317,-367,-367,-367,-367,63,63,63,63,552,552,552,409,409,409,-38,-38,-530,-530,-530,-718,-718,-718,-899,-899,-899,-899,189,189,189,734,734,734,-510,-510,-510,-208,-208,-208,-13,-13,-13,-13,667,667,667,667,939,939,939,906,906,906,274,274,-288,-288,-288,-288,532,532,532,532,1154,1154,1154,1154,712,712,712,807,807,850,850,706,706,706,269,269,269,269,388,388,388,388,6,6,6,-334,-334,74,74,74,953,953,953,456,456,456,456,770,770,770,770,230,230,230,230,481,481,481,560,560,560,111,111,111,111,264,264,264,264,-199,-199,-199,-199,113,113,113,600,600,600,810,810,810,320,320,320,320,133,133,133,133,-212,-212,-212,-212,-291,-291,-291,72,72,72,-154,-154,-154,-154,546,546,546,546,698,698,698,189,189,189,97,97,97,318,318,318,572,572,572,572,361,361,361,361,353,353,353,353,32,32,32,411,411,411,152,152,152,185,185,185,185,601,601,601,601,502,502,502,320,320,259,259,328,328,328,218,218,218,218,465,465,465,465,258,258,258,471,471,471,383,383,383,-89,-89,-89,153,153,153,153,294,294,294,294,236,236,236,435,435,116,116,-24,-24,132,132,132,552,552,552,552,129,129,129,129,-437,-437,-437,-621,-621,-319,-319,-319,26,26,26,883,883,883,596,596,596,596,596,850,850,850,850,526,526,526,341,341,341,28,28,28,284,284,284,284,284,776,776,776,776,1230,1230,1297,1297,853,853,853,66,66,66,66,-265,-265,-265,-265,-166,-166,-166,-166,-384,-384,-384,-384,-332,-332,-332,-375,-375,-97,-97,-247,-247,-247,-51,-51,-51,-87,-87,-87,-4,-4,-4,270,270,285,285,285,-195,-195,-195,451,451,451,172,634,1338,1338,1023,1023,1881,1881,2074
59,7.416000000000000369,198,-42,-186,-186,-162,-162,-162,-72,-72,-72,-72,81,81,81,290,290,145,145,-173,-173,-55,-55,759,759,759,328,328,328,328,220,220,220,220,310,310,310,338,338,305,305,315,315,315,446,446,446,408,408,408,206,206,143,143,100,100,136,136,136,111,111,111,111,297,297,297,297,277,277,277,277,143,143,143,294,294,294,35,35,35,43,43,43,43,247,247,247,247,247,236,236,236,236,220,220,220,151,151,-236,-236,-236,381,381,381,381,465,465,465,465,465,102,102,102,102,-76,-76,-76,308,308,243,243,243,-285,-285,-285,-285,154,154,154,154,154,582,582,582,582,582,186,186,186,-72,-72,29,29,29,-27,-27,-27,-27,85,85,85,85,85,328,328,328,328,24,24,24,220,220,191,191,191,502,502,502,502,-67,-67,-67,-67,140,140,140,140,233,233,233,28,28,28,-15,-15,-15,150,150,150,-162,-162,-447,-447,-447,-44,-44,-44,314,314,314,226,226,-109,-109,267,267,267,-304,-304,-304,-304,81,81,81,81,410,410,410,345,345,345,-10,-10,-740,-740,-740,-835,-835,-835,-918,-918,-918,-918,-18,-18,-18,784,784,784,-174,-174,-174,2,2,2,214,214,214,214,616,616,616,616,1161,1161,1161,1039,1039,1039,197,197,-226,-226,-226,-226,434,434,434,434,1058,1058,1058,1058,693,693,693,735,735,798,798,652,652,652,120,120,120,120,181,181,181,181,-249,-249,-249,-409,-409,-135,-135,-135,627,627,627,398,398,398,398,627,627,627,627,762,762,762,762,659,659,659,633,633,633,80,80,80,80,413,413,413,413,-260,-260,-260,-260,-245,-245,-245,306,306,306,315,315,315,-225,-225,-225,-225,56,56,56,56,-125,-125,-125,-125,-379,-379,-379,-145,-145,-145,-283,-283,-283,-283,165,165,165,165,536,536,536,96,96,96,-179,-179,-179,153,153,153,380,380,380,380,262,262,262,262,329,329,329,329,129,129,129,417,417,417,275,275,275,-188,-188,-188,-188,466,466,466,466,594,594,594,441,441,331,331,405,405,405,193,193,193,193,261,261,261,261,195,195,195,450,450,450,425,425,425,18,18,18,84,84,84,84,230,230,230,230,384,384,384,536,536,235,235,1,1,144,144,144,398,398,398,398,60,60,60,60,-433,-433,-433,-614,-614,-515,-515,-515,135,135,135,648,648,648,507,507,507,507,507,805,805,805,805,406,406,406,93,93,93,29,29,29,293,293,293,293,293,599,599,599,599,1009,1009,1026,1026,707,707,707,186,186,186,186,-361,-361,-361,-361,-132,-132,-132,-132,-360,-360,-360,-360,-359,-359,-359,-313,-313,-23,-23,-336,-336,-336,170,170,170,-121,-121,-121,-66,-66,-66,34,34,31,31,31,-227,-227,-227,245,245,245,139,302,563,563,771,771,1358,1358,1299
60,7.615999999999999659,204,258,130,130,171,171,171,97,97,97,97,397,397,397,535,535,457,457,284,284,406,406,1107,1107,1107,668,668,668,668,302,302,302,302,296,296,296,382,382,390,390,355,355,355,449,449,449,447,447,447,298,298,198,198,225,225,220,220,220,237,237,237,237,329,329,329,329,279,279,279,279,248,248,248,341,341,341,157,157,157,177,177,177,177,295,295,295,295,295,369,369,369,369,376,376,376,274,274,155,155,155,508,508,508,508,406,406,406,406,406,126,126,126,126,-140,-140,-140,82,82,339,339,339,-128,-128,-128,-128,291,291,291,291,291,541,541,541,541,541,161,161,161,5,5,203,203,203,195,195,195,195,155,155,155,155,155,374,374,374,374,102,102,102,289,289,383,383,383,591,591,591,591,-7,-7,-7,-7,187,187,187,187,286,286,286,94,94,94,-65,-65,-65,160,160,160,165,165,-191,-191,-191,-102,-102,-102,277,277,277,201,201,-24,-24,343,343,343,54,54,54,54,118,118,118,118,273,273,273,278,278,278,181,181,-518,-518,-518,-579,-579,-579,-510,-510,-510,-510,-9,-9,-9,760,760,760,279,279,279,305,305,305,535,535,535,535,430,430,430,430,1227,1227,1227,1093,1093,1093,312,312,85,85,85,85,388,388,388,388,826,826,826,826,666,666,666,565,565,709,709,523,523,523,83,83,83,83,73,73,73,73,-241,-241,-241,-185,-185,-80,-80,-80,473,473,473,394,394,394,394,513,513,513,513,1120,1120,1120,1120,821,821,821,691,691,691,157,157,157,157,580,580,580,580,-125,-125,-125,-125,-283,-283,-283,154,154,154,-35,-35,-35,-409,-409,-409,-409,101,101,101,101,104,104,104,104,-237,-237,-237,-189,-189,-189,-176,-176,-176,-176,-24,-24,-24,-24,345,345,345,91,91,91,-314,-314,-314,78,78,78,242,242,242,242,229,229,229,229,405,405,405,405,388,388,388,475,475,475,472,472,472,-323,-323,-323,-323,354,354,354,354,717,717,717,596,596,394,394,521,521,521,255,255,255,255,169,169,169,169,259,259,259,468,468,468,491,491,491,324,324,324,109,109,109,109,259,259,259,259,570,570,570,588,588,429,429,246,246,278,278,278,386,386,386,386,224,224,224,224,-186,-186,-186,-334,-334,-416,-416,-416,346,346,346,510,510,510,463,463,463,463,463,770,770,770,770,426,426,426,90,90,90,264,264,264,437,437,437,437,437,489,489,489,489,740,740,732,732,565,565,565,538,538,538,538,-188,-188,-188,-188,130,130,130,130,-14,-14,-14,-14,-3,-3,-3,25,25,279,279,-239,-239,-239,438,438,438,98,98,98,45,45,45,-50,-50,-24,-24,-24,-28,-28,-28,92,92,92,275,101,46,46,789,789,908,908,573
61,7.815999999999999837,222,570,580,580,542,542,542,335,335,335,335,696,696,696,799,799,752,752,754,754,844,844,1282,1282,1282,949,949,949,949,508,508,508,508,311,311,311,437,437,539,539,361,361,361,483,483,483,485,485,485,470,470,367,367,354,354,378,378,378,353,353,353,353,437,437,437,437,353,353,353,353,352,352,352,413,413,413,345,345,345,426,426,426,426,385,385,385,385,385,460,460,460,460,518,518,518,438,438,490,490,490,600,600,600,600,267,267,267,267,267,235,235,235,235,-23,-23,-23,-37,-37,471,471,471,158,158,158,158,393,393,393,393,393,542,542,542,542,542,244,244,244,195,195,398,398,398,378,378,378,378,242,242,242,242,242,414,414,414,414,217,217,217,364,364,620,620,620,630,630,630,630,94,94,94,94,182,182,182,182,375,375,375,247,247,247,73,73,73,209,209,209,465,465,195,195,195,22,22,22,345,345,345,338,338,216,216,446,446,446,387,387,387,387,199,199,199,199,174,174,174,318,318,318,336,336,-92,-92,-92,-109,-109,-109,23,23,23,23,125,125,125,594,594,594,602,602,602,533,533,533,717,717,717,717,281,281,281,281,1079,1079,1079,1007,1007,1007,496,496,450,450,450,450,333,333,333,333,609,609,609,609,638,638,638,446,446,629,629,448,448,448,142,142,142,142,47,47,47,47,-108,-108,-108,87,87,127,127,127,469,469,469,351,351,351,351,372,372,372,372,1196,1196,1196,1196,859,859,859,705,705,705,239,239,239,239,714,714,714,714,84,84,84,84,-140,-140,-140,126,126,126,-167,-167,-167,-314,-314,-314,-314,247,247,247,247,375,375,375,375,-4,-4,-4,-56,-56,-56,45,45,45,45,-13,-13,-13,-13,227,227,227,121,121,121,-278,-278,-278,147,147,147,249,249,249,249,333,333,333,333,503,503,503,503,663,663,663,560,560,560,628,628,628,-247,-247,-247,-247,240,240,240,240,722,722,722,632,632,459,459,583,583,583,466,466,466,466,180,180,180,180,376,376,376,558,558,558,551,551,551,607,607,607,214,214,214,214,328,328,328,328,635,635,635,614,614,559,559,542,542,433,433,433,429,429,429,429,420,420,420,420,137,137,137,58,58,-150,-150,-150,526,526,526,405,405,405,470,470,470,470,470,719,719,719,719,596,596,596,330,330,330,610,610,610,544,544,544,544,544,517,517,517,517,491,491,429,429,429,429,429,830,830,830,830,88,88,88,88,386,386,386,386,450,450,450,450,406,406,406,385,385,575,575,-63,-63,-63,683,683,683,407,407,407,300,300,300,78,78,75,75,75,309,309,309,82,82,82,320,-56,-164,-164,906,906,470,470,-39
62,8.016000000000000014,261,619,791,791,657,657,657,505,505,505,505,794,794,794,899,899,853,853,961,961,959,959,1070,1070,1070,909,909,909,909,449,449,449,449,207,207,207,417,417,563,563,429,429,429,429,429,429,491,491,491,579,579,528,528,448,448,423,423,423,420,420,420,420,441,441,441,441,360,360,360,360,419,419,419,477,477,477,491,491,491,514,514,514,514,358,358,358,358,358,548,548,548,548,576,576,576,540,540,771,771,771,554,554,554,554,44,44,44,44,44,242,242,242,242,171,171,171,60,60,543,543,543,363,363,363,363,415,415,415,415,415,475,475,475,475,475,318,318,318,364,364,468,468,468,471,471,471,471,366,366,366,366,366,383,383,383,383,239,239,239,312,312,624,624,624,630,630,630,630,229,229,229,229,115,115,115,115,398,398,398,363,363,363,173,173,173,191,191,191,551,551,444,444,444,197,197,197,272,272,272,356,356,346,346,458,458,458,600,600,600,600,239,239,239,239,107,107,107,240,240,240,390,390,268,268,268,315,315,315,494,494,494,494,274,274,274,355,355,355,686,686,686,549,549,549,705,705,705,705,83,83,83,83,746,746,746,818,818,818,547,547,601,601,601,601,204,204,204,204,332,332,332,332,474,474,474,245,245,396,396,319,319,319,177,177,177,177,49,49,49,49,35,35,35,259,259,375,375,375,461,461,461,235,235,235,235,204,204,204,204,998,998,998,998,672,672,672,584,584,584,256,256,256,256,670,670,670,670,250,250,250,250,69,69,69,118,118,118,-160,-160,-160,-82,-82,-82,-82,359,359,359,359,535,535,535,535,238,238,238,107,107,107,254,254,254,254,56,56,56,56,180,180,180,197,197,197,-112,-112,-112,251,251,251,280,280,280,280,354,354,354,354,550,550,550,550,812,812,812,576,576,576,661,661,661,-75,-75,-75,-75,158,158,158,158,602,602,602,519,519,408,408,543,543,543,629,629,629,629,208,208,208,208,436,436,436,570,570,570,519,519,519,772,772,772,332,332,332,332,352,352,352,352,576,576,576,503,503,600,600,699,699,481,481,481,416,416,416,416,603,603,603,603,410,410,410,380,380,123,123,123,596,596,596,256,256,256,456,456,456,456,456,697,697,697,697,759,759,759,505,505,505,783,783,783,589,589,589,589,589,574,574,574,574,277,277,101,101,207,207,207,945,945,945,945,359,359,359,359,547,547,547,547,703,703,703,703,745,745,745,666,666,764,764,96,96,96,710,710,710,639,639,639,518,518,518,260,260,335,335,335,639,639,639,217,217,217,212,-286,-246,-246,1016,1016,11,11,-562
63,8.215999999999999304,206,482,697,697,559,559,559,469,469,469,469,695,695,695,709,709,760,760,860,860,681,681,509,509,509,603,603,603,603,387,387,387,387,70,70,70,149,149,364,364,332,332,332,322,322,322,363,363,363,472,472,461,461,412,412,324,324,324,402,402,402,402,309,309,309,309,276,276,276,276,376,376,376,389,389,389,391,391,391,406,406,406,406,251,251,251,251,251,441,441,441,441,447,447,447,504,504,720,720,720,367,367,367,367,-143,-143,-143,-143,-143,174,174,174,174,300,300,300,80,80,424,424,424,315,315,315,315,315,315,315,315,315,316,316,316,316,316,313,313,313,396,396,419,419,419,349,349,349,349,319,319,319,319,319,239,239,239,239,204,204,204,178,178,467,467,467,494,494,494,494,235,235,235,235,31,31,31,31,255,255,255,313,313,313,186,186,186,110,110,110,443,443,419,419,419,193,193,193,203,203,203,261,261,420,420,333,333,333,536,536,536,536,171,171,171,171,10,10,10,164,164,164,284,284,387,387,387,545,545,545,693,693,693,693,346,346,346,145,145,145,518,518,518,403,403,403,463,463,463,463,-52,-52,-52,-52,348,348,348,547,547,547,378,378,383,383,383,383,45,45,45,45,102,102,102,102,203,203,203,61,61,87,87,111,111,111,65,65,65,65,69,69,69,69,110,110,110,236,236,494,494,494,314,314,314,-19,-19,-19,-19,-31,-31,-31,-31,570,570,570,570,352,352,352,269,269,269,181,181,181,181,415,415,415,415,371,371,371,371,161,161,161,28,28,28,-162,-162,-162,35,35,35,35,368,368,368,368,523,523,523,523,373,373,373,206,206,206,335,335,335,335,81,81,81,81,103,103,103,197,197,197,7,7,7,236,236,236,205,205,205,205,294,294,294,294,464,464,464,464,738,738,738,478,478,478,512,512,512,65,65,65,65,31,31,31,31,355,355,355,272,272,257,257,387,387,387,641,641,641,641,151,151,151,151,347,347,347,396,396,396,375,375,375,644,644,644,263,263,263,263,244,244,244,244,275,275,275,257,257,417,417,592,592,337,337,337,262,262,262,262,518,518,518,518,479,479,479,475,475,315,315,315,464,464,464,33,33,33,309,309,309,309,309,540,540,540,540,776,776,776,533,533,533,650,650,650,413,413,413,413,413,511,511,511,511,114,114,-111,-111,-78,-78,-78,705,705,705,705,500,500,500,500,511,511,511,511,591,591,591,591,761,761,761,729,729,689,689,125,125,125,481,481,481,676,676,676,548,548,548,335,335,498,498,498,747,747,747,344,344,344,-126,-583,-371,-371,919,919,-471,-471,-973
64,8.416000000000000369,131,258,400,400,219,219,219,401,401,401,401,480,480,480,456,456,448,448,442,442,131,131,-237,-237,-237,157,157,157,157,163,163,163,163,-118,-118,-118,-140,-140,164,164,123,123,123,7,7,7,67,67,67,262,262,296,296,246,246,178,178,178,189,189,189,189,165,165,165,165,168,168,168,168,193,193,193,199,199,199,166,166,166,167,167,167,167,147,147,147,147,147,336,336,336,336,208,208,208,274,274,500,500,500,73,73,73,73,-309,-309,-309,-309,-309,-19,-19,-19,-19,320,320,320,153,153,152,152,152,144,144,144,144,125,125,125,125,125,185,185,185,185,185,240,240,240,362,362,190,190,190,198,198,198,198,221,221,221,221,221,102,102,102,102,158,158,158,-35,-35,166,166,166,282,282,282,282,150,150,150,150,-47,-47,-47,-47,127,127,127,185,185,185,153,153,153,30,30,30,137,137,178,178,178,113,113,113,101,101,101,201,201,329,329,137,137,137,230,230,230,230,61,61,61,61,-18,-18,-18,-17,-17,-17,84,84,304,304,304,530,530,530,650,650,650,650,303,303,303,-110,-110,-110,234,234,234,146,146,146,110,110,110,110,-149,-149,-149,-149,-53,-53,-53,162,162,162,84,84,-68,-68,-68,-68,-187,-187,-187,-187,-164,-164,-164,-164,-72,-72,-72,-143,-143,-221,-221,-138,-138,-138,-48,-48,-48,-48,58,58,58,58,135,135,135,166,166,522,522,522,-18,-18,-18,-195,-195,-195,-195,-268,-268,-268,-268,55,55,55,55,26,26,26,-66,-66,-66,68,68,68,68,6,6,6,6,376,376,376,376,159,159,159,-45,-45,-45,-140,-140,-140,59,59,59,59,296,296,296,296,403,403,403,403,403,403,403,177,177,177,323,323,323,323,49,49,49,49,70,70,70,163,163,163,72,72,72,111,111,111,70,70,70,70,170,170,170,170,258,258,258,258,501,501,501,273,273,273,199,199,199,135,135,135,135,-103,-103,-103,-103,-35,-35,-35,-27,-27,-29,-29,133,133,133,472,472,472,472,55,55,55,55,150,150,150,151,151,151,106,106,106,329,329,329,132,132,132,132,118,118,118,118,-39,-39,-39,-89,-89,92,92,259,259,157,157,157,42,42,42,42,249,249,249,249,408,408,408,444,444,363,363,363,219,219,219,-250,-250,-250,106,106,106,106,106,272,272,272,272,552,552,552,347,347,347,334,334,334,168,168,168,168,168,278,278,278,278,-32,-32,-189,-189,-349,-349,-349,138,138,138,138,538,538,538,538,334,334,334,334,181,181,181,181,546,546,546,591,591,359,359,132,132,132,70,70,70,542,542,542,377,377,377,230,230,437,437,437,642,642,642,428,428,428,-499,-852,-510,-510,573,573,-901,-901,-1306
65,8.615999999999999659,36,-42,18,18,-36,-36,-36,214,214,214,214,255,255,255,166,166,224,224,-27,-27,-319,-319,-792,-792,-792,-225,-225,-225,-225,1,1,1,1,-201,-201,-201,-320,-320,-149,-149,-30,-30,-30,-110,-110,-110,-114,-114,-114,33,33,87,87,50,50,52,52,52,56,56,56,56,19,19,19,19,65,65,65,65,68,68,68,27,27,27,-14,-14,-14,-98,-98,-98,-98,45,45,45,45,45,243,243,243,243,47,47,47,99,99,274,274,274,-159,-159,-159,-159,-344,-344,-344,-344,-344,-116,-116,-116,-116,282,282,282,154,154,-14,-14,-14,-2,-2,-2,-2,4,4,4,4,4,121,121,121,121,121,184,184,184,267,267,0,0,0,45,45,45,45,95,95,95,95,95,-74,-74,-74,-74,69,69,69,-199,-199,-93,-93,-93,177,177,177,177,92,92,92,92,-59,-59,-59,-59,40,40,40,36,36,36,140,140,140,4,4,4,-87,-87,-109,-109,-109,8,8,8,42,42,42,109,109,233,233,-49,-49,-49,-22,-22,-22,-22,-6,-6,-6,-6,-9,-9,-9,-151,-151,-151,-80,-80,160,160,160,377,377,377,444,444,444,444,230,230,230,-203,-203,-203,6,6,6,-77,-77,-77,-187,-187,-187,-187,-186,-186,-186,-186,-276,-276,-276,-133,-133,-133,-117,-117,-335,-335,-335,-335,-307,-307,-307,-307,-276,-276,-276,-276,-257,-257,-257,-202,-202,-404,-404,-293,-293,-293,-122,-122,-122,-122,75,75,75,75,180,180,180,226,226,467,467,467,-215,-215,-215,-193,-193,-193,-193,-341,-341,-341,-341,-283,-283,-283,-283,-198,-198,-198,-293,-293,-293,-24,-24,-24,-24,-249,-249,-249,-249,389,389,389,389,154,154,154,-101,-101,-101,-45,-45,-45,59,59,59,59,193,193,193,193,250,250,250,250,409,409,409,143,143,143,258,258,258,258,59,59,59,59,78,78,78,151,151,151,115,115,115,4,4,4,-19,-19,-19,-19,71,71,71,71,66,66,66,66,205,205,205,111,111,111,-70,-70,-70,178,178,178,178,-121,-121,-121,-121,-324,-324,-324,-282,-282,-222,-222,-69,-69,-69,271,271,271,271,-15,-15,-15,-15,17,17,17,-116,-116,-116,-86,-86,-86,3,3,3,-19,-19,-19,-19,-24,-24,-24,-24,-254,-254,-254,-354,-354,-157,-157,-44,-44,31,31,31,-120,-120,-120,-120,-34,-34,-34,-34,306,306,306,388,388,383,383,383,-46,-46,-46,-370,-370,-370,-55,-55,-55,-55,-55,-22,-22,-22,-22,278,278,278,79,79,79,-23,-23,-23,-44,-44,-44,-44,-44,104,104,104,104,-105,-105,-157,-157,-511,-511,-511,-319,-319,-319,-319,553,553,553,553,80,80,80,80,-290,-290,-290,-290,210,210,210,375,375,23,23,136,136,136,-259,-259,-259,283,283,283,79,79,79,15,15,134,134,134,380,380,380,443,443,443,-715,-985,-613,-613,190,190,-1102,-1102,-1358
66,8.816000000000000725,-34,-248,-247,-247,-189,-189,-189,126,126,126,126,37,37,37,-10,-10,10,10,-282,-282,-516,-516,-976,-976,-976,-485,-485,-485,-485,-115,-115,-115,-115,-148,-148,-148,-391,-391,-371,-371,-113,-113,-113,-188,-188,-188,-210,-210,-210,-159,-159,-65,-65,-23,-23,-44,-44,-44,-24,-24,-24,-24,-136,-136,-136,-136,9,9,9,9,4,4,4,-95,-95,-95,-144,-144,-144,-212,-212,-212,-212,-48,-48,-48,-48,-48,92,92,92,92,-51,-51,-51,-66,-66,-48,-48,-48,-293,-293,-293,-293,-213,-213,-213,-213,-213,-121,-121,-121,-121,176,176,176,197,197,-190,-190,-190,-144,-144,-144,-144,-72,-72,-72,-72,-72,103,103,103,103,103,147,147,147,179,179,-114,-114,-114,-71,-71,-71,-71,6,6,6,6,6,-107,-107,-107,-107,49,49,49,-302,-302,-181,-181,-181,32,32,32,32,16,16,16,16,-15,-15,-15,-15,-21,-21,-21,-41,-41,-41,90,90,90,127,127,127,-192,-192,-324,-324,-324,-81,-81,-81,28,28,28,90,90,133,133,-145,-145,-145,-227,-227,-227,-227,-74,-74,-74,-74,29,29,29,-145,-145,-145,-132,-132,72,72,72,211,211,211,257,257,257,257,149,149,149,-143,-143,-143,-116,-116,-116,-159,-159,-159,-355,-355,-355,-355,-171,-171,-171,-171,-330,-330,-330,-310,-310,-310,-215,-215,-410,-410,-410,-410,-257,-257,-257,-257,-274,-274,-274,-274,-271,-271,-271,-189,-189,-448,-448,-239,-239,-239,-15,-15,-15,-15,154,154,154,154,271,271,271,371,371,387,387,387,-283,-283,-283,-68,-68,-68,-68,-273,-273,-273,-273,-414,-414,-414,-414,-229,-229,-229,-327,-327,-327,-87,-87,-87,-87,-355,-355,-355,-355,379,379,379,379,205,205,205,-79,-79,-79,70,70,70,49,49,49,49,129,129,129,129,129,129,129,129,343,343,343,85,85,85,147,147,147,147,83,83,83,83,94,94,94,194,194,194,189,189,189,-62,-62,-62,-67,-67,-67,-67,3,3,3,3,-49,-49,-49,-49,-26,-26,-26,50,50,50,-170,-170,-170,175,175,175,175,-77,-77,-77,-77,-447,-447,-447,-387,-387,-252,-252,-175,-175,-175,95,95,95,95,-5,-5,-5,-5,-64,-64,-64,-193,-193,-193,-234,-234,-234,-263,-263,-263,-134,-134,-134,-134,-96,-96,-96,-96,-280,-280,-280,-409,-409,-278,-278,-245,-245,-64,-64,-64,-225,-225,-225,-225,-209,-209,-209,-209,207,207,207,287,287,385,385,385,-200,-200,-200,-451,-451,-451,-127,-127,-127,-127,-127,-234,-234,-234,-234,-45,-45,-45,-113,-113,-113,-199,-199,-199,-118,-118,-118,-118,-118,-153,-153,-153,-153,-105,-105,-13,-13,-452,-452,-452,-620,-620,-620,-620,525,525,525,525,-101,-101,-101,-101,-685,-685,-685,-685,-57,-57,-57,167,167,-186,-186,170,170,170,-422,-422,-422,-10,-10,-10,-218,-218,-218,-170,-170,-242,-242,-242,120,120,120,375,375,375,-898,-1104,-798,-798,-265,-265,-1049,-1049,-1123
67,9.016000000000000014,-50,-289,-281,-281,-215,-215,-215,42,42,42,42,5,5,5,-103,-103,-53,-53,-322,-322,-436,-436,-828,-828,-828,-528,-528,-528,-528,-72,-72,-72,-72,-52,-52,-52,-261,-261,-344,-344,-166,-166,-166,-102,-102,-102,-158,-158,-158,-150,-150,-134,-134,-86,-86,-22,-22,-22,-34,-34,-34,-34,-96,-96,-96,-96,-14,-14,-14,-14,-13,-13,-13,-49,-49,-49,-113,-113,-113,-176,-176,-176,-176,35,35,35,35,35,60,60,60,60,-11,-11,-11,-108,-108,-129,-129,-129,-264,-264,-264,-264,-13,-13,-13,-13,-13,-60,-60,-60,-60,137,137,137,223,223,-147,-147,-147,-107,-107,-107,-107,-22,-22,-22,-22,-22,159,159,159,159,159,164,164,164,129,129,-115,-115,-115,-2,-2,-2,-2,-67,-67,-67,-67,-67,-22,-22,-22,-22,40,40,40,-244,-244,-185,-185,-185,-28,-28,-28,-28,33,33,33,33,69,69,69,69,-9,-9,-9,-38,-38,-38,99,99,99,230,230,230,-124,-124,-317,-317,-317,-92,-92,-92,100,100,100,135,135,95,95,-95,-95,-95,-234,-234,-234,-234,-44,-44,-44,-44,91,91,91,-46,-46,-46,-62,-62,148,148,148,109,109,109,167,167,167,167,145,145,145,35,35,35,-52,-52,-52,-120,-120,-120,-346,-346,-346,-346,-17,-17,-17,-17,-200,-200,-200,-302,-302,-302,-169,-169,-196,-196,-196,-196,-78,-78,-78,-78,-171,-171,-171,-171,-74,-74,-74,-44,-44,-303,-303,-76,-76,-76,206,206,206,206,287,287,287,287,390,390,390,513,513,342,342,342,-160,-160,-160,136,136,136,136,-48,-48,-48,-48,-294,-294,-294,-294,-84,-84,-84,-249,-249,-249,-59,-59,-59,-59,-329,-329,-329,-329,390,390,390,390,302,302,302,56,56,56,249,249,249,73,73,73,73,107,107,107,107,131,131,131,131,285,285,285,107,107,107,128,128,128,128,167,167,167,167,128,128,128,316,316,316,305,305,305,-30,-30,-30,-41,-41,-41,-41,8,8,8,8,-33,-33,-33,-33,-83,-83,-83,59,59,59,-165,-165,-165,205,205,205,205,83,83,83,83,-356,-356,-356,-291,-291,-133,-133,-178,-178,-178,16,16,16,16,52,52,52,52,5,5,5,-134,-134,-134,-258,-258,-258,-346,-346,-346,-176,-176,-176,-176,-59,-59,-59,-59,-159,-159,-159,-259,-259,-218,-218,-289,-289,-89,-89,-89,-189,-189,-189,-189,-221,-221,-221,-221,166,166,166,262,262,400,400,400,-226,-226,-226,-387,-387,-387,-16,-16,-16,-16,-16,-307,-307,-307,-307,-148,-148,-148,-148,-148,-148,-217,-217,-217,-23,-23,-23,-23,-23,-203,-203,-203,-203,-52,-52,114,114,-237,-237,-237,-584,-584,-584,-584,527,527,527,527,-228,-228,-228,-228,-794,-794,-794,-794,-184,-184,-184,19,19,-230,-230,224,224,224,-361,-361,-361,-189,-189,-189,-356,-356,-356,-198,-198,-438,-438,-438,-71,-71,-71,254,254,254,-1038,-1140,-987,-987,-650,-650,-795,-795,-653
68,9.215999999999999304,-15,-158,-229,-229,-148,-148,-148,43,43,43,43,-40,-40,-40,-29,-29,-12,-12,-165,-165,-183,-183,-470,-470,-470,-395,-395,-395,-395,-13,-13,-13,-13,19,19,19,-35,-35,-141,-141,-41,-41,-41,104,104,104,17,17,17,-17,-17,-85,-85,-37,-37,0,0,0,-8,-8,-8,-8,34,34,34,34,91,91,91,91,88,88,88,47,47,47,19,19,19,9,9,9,9,101,101,101,101,101,67,67,67,67,38,38,38,-53,-53,-104,-104,-104,-121,-121,-121,-121,222,222,222,222,222,138,138,138,138,137,137,137,235,235,-27,-27,-27,30,30,30,30,148,148,148,148,148,265,265,265,265,265,218,218,218,176,176,-8,-8,-8,46,46,46,46,9,9,9,9,9,129,129,129,129,131,131,131,-105,-105,-59,-59,-59,-4,-4,-4,-4,125,125,125,125,187,187,187,187,92,92,92,82,82,82,187,187,187,289,289,289,65,65,-163,-163,-163,-57,-57,-57,192,192,192,231,231,142,142,59,59,59,-55,-55,-55,-55,106,106,106,106,212,212,212,162,162,162,101,101,214,214,214,137,137,137,185,185,185,185,180,180,180,211,211,211,161,161,161,97,97,97,-163,-163,-163,-163,246,246,246,246,142,142,142,-82,-82,-82,105,105,128,128,128,128,162,162,162,162,129,129,129,129,278,278,278,225,225,30,30,234,234,234,513,513,513,513,467,467,467,467,501,501,501,613,613,269,269,269,89,89,89,388,388,388,388,204,204,204,204,-26,-26,-26,-26,133,133,133,1,1,1,53,53,53,53,-90,-90,-90,-90,363,363,363,363,428,428,428,201,201,201,363,363,363,193,193,193,193,150,150,150,150,176,176,176,176,249,249,249,233,233,233,224,224,224,224,297,297,297,297,230,230,230,489,489,489,455,455,455,169,169,169,103,103,103,103,106,106,106,106,172,172,172,172,22,22,22,150,150,150,4,4,4,260,260,260,260,311,311,311,311,-57,-57,-57,0,0,60,60,-85,-85,-85,81,81,81,81,191,191,191,191,159,159,159,43,43,43,-134,-134,-134,-253,-253,-253,-26,-26,-26,-26,114,114,114,114,52,52,52,39,39,-37,-37,-142,-142,-28,-28,-28,-63,-63,-63,-63,-24,-24,-24,-24,237,237,237,298,298,393,393,393,-126,-126,-126,-228,-228,-228,153,153,153,153,153,-95,-95,-95,-95,-112,-112,-112,-12,-12,-12,-112,-112,-112,172,172,172,172,172,-35,-35,-35,-35,94,94,258,258,155,155,155,-244,-244,-244,-244,489,489,489,489,-251,-251,-251,-251,-567,-567,-567,-567,-147,-147,-147,-31,-31,-71,-71,361,361,361,-52,-52,-52,-232,-232,-232,-255,-255,-255,-18,-18,-335,-335,-335,-77,-77,-77,172,172,172,-997,-1107,-1094,-1094,-929,-929,-221,-221,-3
69,9.416000000000000369,136,-62,-100,-100,-68,-68,-68,41,41,41,41,-56,-56,-56,-54,-54,13,13,-63,-63,-2,-2,-65,-65,-65,-191,-191,-191,-191,58,58,58,58,43,43,43,119,119,56,56,82,82,82,213,213,213,171,171,171,100,100,25,25,15,15,46,46,46,116,116,116,116,117,117,117,117,138,138,138,138,145,145,145,138,138,138,149,149,149,109,109,109,109,154,154,154,154,154,56,56,56,56,35,35,35,50,50,-52,-52,-52,94,94,94,94,410,410,410,410,410,155,155,155,155,128,128,128,241,241,65,65,65,124,124,124,124,276,276,276,276,276,273,273,273,273,273,261,261,261,165,165,80,80,80,132,132,132,132,51,51,51,51,51,245,245,245,245,179,179,179,34,34,16,16,16,12,12,12,12,118,118,118,118,271,271,271,271,137,137,137,154,154,154,196,196,196,296,296,296,155,155,87,87,87,34,34,34,227,227,227,266,266,168,168,124,124,124,110,110,110,110,215,215,215,215,284,284,284,285,285,285,224,224,252,252,252,199,199,199,196,196,196,196,205,205,205,324,324,324,290,290,290,241,241,241,45,45,45,45,406,406,406,406,341,341,341,122,122,122,284,284,343,343,343,343,329,329,329,329,289,289,289,289,539,539,539,439,439,323,323,434,434,434,602,602,602,602,498,498,498,498,498,498,498,547,547,147,147,147,247,247,247,442,442,442,442,355,355,355,355,189,189,189,189,325,325,325,166,166,166,75,75,75,75,121,121,121,121,253,253,253,253,412,412,412,289,289,289,390,390,390,307,307,307,307,199,199,199,199,159,159,159,159,182,182,182,320,320,320,329,329,329,329,349,349,349,349,275,275,275,539,539,539,580,580,580,280,280,280,201,201,201,201,249,249,249,249,352,352,352,352,166,166,166,210,210,210,169,169,169,279,279,279,279,430,430,430,430,235,235,235,238,238,218,218,44,44,44,147,147,147,147,271,271,271,271,250,250,250,220,220,220,35,35,35,-60,-60,-60,136,136,136,136,258,258,258,258,240,240,240,291,291,182,182,21,21,-15,-15,-15,44,44,44,44,247,247,247,247,248,248,248,296,296,385,385,385,69,69,69,-11,-11,-11,302,302,302,302,302,129,129,129,129,-21,-21,-21,149,149,149,29,29,29,326,326,326,326,326,147,147,147,147,201,201,328,328,429,429,429,218,218,218,218,448,448,448,448,-225,-225,-225,-225,-239,-239,-239,-239,-21,-21,-21,8,8,167,167,429,429,429,258,258,258,-160,-160,-160,-62,-62,-62,199,199,-109,-109,-109,-18,-18,-18,102,102,102,-865,-1057,-1206,-1206,-971,-971,283,283,659
70,9.615999999999999659,280,23,-88,-88,12,12,12,-12,-12,-12,-12,-96,-96,-96,-66,-66,24,24,-16,-16,80,80,235,235,235,-9,-9,-9,-9,127,127,127,127,33,33,33,146,146,192,192,188,188,188,239,239,239,217,217,217,149,149,68,68,20,20,62,62,62,106,106,106,106,187,187,187,187,193,193,193,193,176,176,176,173,173,173,194,194,194,151,151,151,151,188,188,188,188,188,47,47,47,47,61,61,61,125,125,59,59,59,206,206,206,206,403,403,403,403,403,240,240,240,240,99,99,99,182,182,84,84,84,164,164,164,164,255,255,255,255,255,196,196,196,196,196,215,215,215,134,134,82,82,82,89,89,89,89,85,85,85,85,85,242,242,242,242,198,198,198,156,156,-7,-7,-7,29,29,29,29,215,215,215,215,249,249,249,249,175,175,175,146,146,146,175,175,175,213,213,213,198,198,261,261,261,130,130,130,194,194,194,255,255,160,160,132,132,132,182,182,182,182,281,281,281,281,308,308,308,306,306,306,328,328,207,207,207,187,187,187,198,198,198,198,151,151,151,282,282,282,305,305,305,276,276,276,193,193,193,193,484,484,484,484,480,480,480,293,293,293,347,347,357,357,357,357,376,376,376,376,373,373,373,373,653,653,653,545,545,452,452,460,460,460,538,538,538,538,423,423,423,423,375,375,375,352,352,-9,-9,-9,224,224,224,364,364,364,364,391,391,391,391,301,301,301,301,438,438,438,240,240,240,66,66,66,66,263,263,263,263,86,86,86,86,245,245,245,234,234,234,242,242,242,285,285,285,285,147,147,147,147,157,157,157,157,67,67,67,333,333,333,379,379,379,379,287,287,287,287,251,251,251,432,432,432,540,540,540,360,360,360,228,228,228,228,237,237,237,237,407,407,407,407,235,235,235,168,168,168,225,225,225,237,237,237,237,358,358,358,358,432,432,432,354,354,252,252,107,107,107,164,164,164,164,246,246,246,246,264,264,264,314,314,314,143,143,143,103,103,103,240,240,240,240,352,352,352,352,291,291,291,356,356,274,274,184,184,-30,-30,-30,134,134,134,134,395,395,395,395,245,245,245,252,252,259,259,259,245,245,245,174,174,174,295,295,295,295,295,311,311,311,311,83,83,83,229,229,229,56,56,56,401,401,401,401,401,288,288,288,288,283,283,259,259,583,583,583,532,532,532,532,277,277,277,277,-219,-219,-219,-219,77,77,77,77,145,145,145,49,49,297,297,423,423,423,482,482,482,-120,-120,-120,84,84,84,271,271,129,129,129,-7,-7,-7,-7,-7,-7,-697,-1115,-1335,-1335,-905,-905,710,710,1040
71,9.816000000000000725,378,114,16,16,124,124,124,9,9,9,9,-78,-78,-78,-63,-63,5,5,9,9,89,89,445,445,445,208,208,208,208,140,140,140,140,-18,-18,-18,222,222,302,302,281,281,281,216,216,216,212,212,212,191,191,131,131,97,97,54,54,54,122,122,122,122,170,170,170,170,219,219,219,219,181,181,181,215,215,215,181,181,181,118,118,118,118,204,204,204,204,204,59,59,59,59,98,98,98,195,195,102,102,102,235,235,235,235,309,309,309,309,309,249,249,249,249,93,93,93,133,133,78,78,78,169,169,169,169,213,213,213,213,213,174,174,174,174,174,179,179,179,87,87,65,65,65,38,38,38,38,102,102,102,102,102,206,206,206,206,191,191,191,218,218,51,51,51,87,87,87,87,225,225,225,225,239,239,239,239,144,144,144,133,133,133,182,182,182,141,141,141,150,150,338,338,338,206,206,206,209,209,209,223,223,156,156,125,125,125,249,249,249,249,270,270,270,270,264,264,264,289,289,289,230,230,191,191,191,202,202,202,248,248,248,248,130,130,130,267,267,267,244,244,244,249,249,249,256,256,256,256,456,456,456,456,451,451,451,369,369,369,301,301,275,275,275,275,390,390,390,390,426,426,426,426,579,579,579,543,543,484,484,383,383,383,435,435,435,435,338,338,338,338,263,263,263,226,226,-89,-89,-89,167,167,167,275,275,275,275,334,334,334,334,361,361,361,361,436,436,436,277,277,277,113,113,113,113,315,315,315,315,-28,-28,-28,-28,127,127,127,165,165,165,127,127,127,251,251,251,251,115,115,115,115,109,109,109,109,48,48,48,334,334,334,354,354,354,354,192,192,192,192,226,226,226,287,287,287,423,423,423,367,367,367,239,239,239,239,216,216,216,216,410,410,410,410,255,255,255,86,86,86,245,245,245,208,208,208,208,255,255,255,255,478,478,478,347,347,257,257,181,181,181,167,167,167,167,212,212,212,212,217,217,217,345,345,345,210,210,210,247,247,247,294,294,294,294,332,332,332,332,291,291,291,326,326,275,275,239,239,0,0,0,185,185,185,185,463,463,463,463,179,179,179,182,182,173,173,173,406,406,406,325,325,325,236,236,236,236,236,445,445,445,445,168,168,168,243,243,243,103,103,103,435,435,435,435,435,404,404,404,404,295,295,170,170,567,567,567,700,700,700,700,99,99,99,99,-168,-168,-168,-168,377,377,377,377,284,284,284,85,85,298,298,365,365,365,537,537,537,10,10,10,189,189,189,239,239,272,272,272,-11,-11,-11,-75,-75,-75,-500,-1090,-1291,-1291,-801,-801,908,908,1224
72,10.01600000000000001,396,107,35,35,78,78,78,99,99,99,99,78,78,78,-13,-13,-29,-29,-12,-12,78,78,494,494,494,256,256,256,256,198,198,198,198,-118,-118,-118,144,144,279,279,289,289,289,177,177,177,176,176,176,178,178,140,140,77,77,62,62,62,77,77,77,77,149,149,149,149,181,181,181,181,130,130,130,169,169,169,123,123,123,71,71,71,71,199,199,199,199,199,141,141,141,141,111,111,111,174,174,47,47,47,212,212,212,212,156,156,156,156,156,234,234,234,234,89,89,89,61,61,81,81,81,106,106,106,106,96,96,96,96,96,125,125,125,125,125,110,110,110,7,7,29,29,29,-68,-68,-68,-68,69,69,69,69,69,123,123,123,123,175,175,175,232,232,24,24,24,32,32,32,32,148,148,148,148,128,128,128,128,79,79,79,71,71,71,140,140,140,50,50,50,75,75,305,305,305,211,211,211,162,162,162,167,167,153,153,98,98,98,212,212,212,212,203,203,203,203,149,149,149,211,211,211,148,148,131,131,131,175,175,175,272,272,272,272,142,142,142,101,101,101,152,152,152,193,193,193,307,307,307,307,311,311,311,311,338,338,338,364,364,364,200,200,218,218,218,218,352,352,352,352,411,411,411,411,399,399,399,499,499,439,439,319,319,319,238,238,238,238,231,231,231,231,157,157,157,118,118,-48,-48,-48,201,201,201,128,128,128,128,222,222,222,222,351,351,351,351,376,376,376,284,284,284,160,160,160,160,371,371,371,371,-21,-21,-21,-21,26,26,26,102,102,102,17,17,17,198,198,198,198,123,123,123,123,90,90,90,90,39,39,39,283,283,283,235,235,235,235,137,137,137,137,165,165,165,128,128,128,286,286,286,331,331,331,231,231,231,231,202,202,202,202,388,388,388,388,230,230,230,57,57,57,254,254,254,166,166,166,166,181,181,181,181,447,447,447,335,335,220,220,229,229,229,188,188,188,188,241,241,241,241,223,223,223,375,375,375,245,245,245,356,356,356,304,304,304,304,267,267,267,267,261,261,261,300,300,233,233,285,285,88,88,88,291,291,291,291,485,485,485,485,182,182,182,130,130,105,105,105,461,461,461,404,404,404,154,154,154,154,154,525,525,525,525,318,318,318,224,224,224,181,181,181,407,407,407,407,407,471,471,471,471,282,282,82,82,396,396,396,694,694,694,694,-102,-102,-102,-102,-117,-117,-117,-117,578,578,578,578,364,364,364,112,112,201,201,194,194,194,451,451,451,167,167,167,215,215,215,145,145,362,362,362,-25,-25,-25,-71,-71,-71,-303,-912,-1065,-1065,-617,-617,909,909,1180
73,10.21600000000000108,310,70,63,63,136,136,136,160,160,160,160,94,94,94,68,68,16,16,23,23,31,31,434,434,434,295,295,295,295,116,116,116,116,-229,-229,-229,-48,-48,170,170,208,208,208,143,143,143,188,188,188,126,126,114,114,38,38,-11,-11,-11,55,55,55,55,21,21,21,21,74,74,74,74,90,90,90,125,125,125,-24,-24,-24,28,28,28,28,192,192,192,192,192,150,150,150,150,153,153,153,149,149,67,67,67,82,82,82,82,28,28,28,28,28,181,181,181,181,54,54,54,5,5,49,49,49,20,20,20,20,-14,-14,-14,-14,-14,67,67,67,67,67,22,22,22,-9,-9,0,0,0,-128,-128,-128,-128,39,39,39,39,39,95,95,95,95,196,196,196,180,180,-27,-27,-27,20,20,20,20,75,75,75,75,28,28,28,28,23,23,23,-38,-38,-38,70,70,70,-27,-27,-27,-1,-1,146,146,146,132,132,132,84,84,84,115,115,123,123,82,82,82,112,112,112,112,123,123,123,123,38,38,38,71,71,71,40,40,64,64,64,101,101,101,242,242,242,242,119,119,119,47,47,47,-3,-3,-3,77,77,77,237,237,237,237,162,162,162,162,177,177,177,270,270,270,98,98,130,130,130,130,226,226,226,226,305,305,305,305,246,246,246,282,282,363,363,230,230,230,101,101,101,101,110,110,110,110,95,95,95,7,7,-47,-47,-47,189,189,189,18,18,18,18,99,99,99,99,239,239,239,239,174,174,174,231,231,231,147,147,147,147,322,322,322,322,-13,-13,-13,-13,-35,-35,-35,32,32,32,-73,-73,-73,64,64,64,64,93,93,93,93,100,100,100,100,77,77,77,147,147,147,28,28,28,28,71,71,71,71,91,91,91,1,1,1,118,118,118,250,250,250,167,167,167,167,158,158,158,158,289,289,289,289,159,159,159,49,49,49,201,201,201,88,88,88,88,116,116,116,116,314,314,314,258,258,164,164,218,218,218,213,213,213,213,252,252,252,252,219,219,219,341,341,341,270,270,270,358,358,358,208,208,208,208,169,169,169,169,195,195,195,188,188,127,127,222,222,108,108,108,315,315,315,315,397,397,397,397,132,132,132,32,32,18,18,18,433,433,433,345,345,345,29,29,29,29,29,499,499,499,499,407,407,407,205,205,205,242,242,242,324,324,324,324,324,434,434,434,434,242,242,11,11,168,168,168,477,477,477,477,-236,-236,-236,-236,-60,-60,-60,-60,520,520,520,520,327,327,327,83,83,33,33,-31,-31,-31,274,274,274,242,242,242,202,202,202,53,53,351,351,351,-42,-42,-42,-41,-41,-41,-117,-722,-764,-764,-453,-453,724,724,946
74,10.41600000000000037,163,116,153,153,157,157,157,251,251,251,251,263,263,263,165,165,45,45,66,66,88,88,336,336,336,223,223,223,223,69,69,69,69,-240,-240,-240,-154,-154,21,21,77,77,77,106,106,106,118,118,118,99,99,59,59,-28,-28,-44,-44,-44,9,9,9,9,7,7,7,7,-18,-18,-18,-18,34,34,34,63,63,63,-19,-19,-19,39,39,39,39,166,166,166,166,166,152,152,152,152,146,146,146,111,111,50,50,50,4,4,4,4,-31,-31,-31,-31,-31,97,97,97,97,-19,-19,-19,-82,-82,24,24,24,-27,-27,-27,-27,-68,-68,-68,-68,-68,28,28,28,28,28,-64,-64,-64,-30,-30,-26,-26,-26,-150,-150,-150,-150,19,19,19,19,19,54,54,54,54,159,159,159,101,101,-44,-44,-44,-6,-6,-6,-6,-39,-39,-39,-39,-3,-3,-3,-3,-50,-50,-50,-62,-62,-62,-15,-15,-15,-21,-21,-21,-5,-5,-23,-23,-23,30,30,30,10,10,10,73,73,113,113,46,46,46,0,0,0,0,-24,-24,-24,-24,-119,-119,-119,-39,-39,-39,-27,-27,11,11,11,14,14,14,147,147,147,147,120,120,120,-26,-26,-26,-95,-95,-95,25,25,25,173,173,173,173,14,14,14,14,-25,-25,-25,101,101,101,37,37,98,98,98,98,93,93,93,93,111,111,111,111,4,4,4,113,113,202,202,121,121,121,-43,-43,-43,-43,-30,-30,-30,-30,11,11,11,-36,-36,12,12,12,177,177,177,-94,-94,-94,-94,-13,-13,-13,-13,70,70,70,70,-90,-90,-90,184,184,184,132,132,132,132,240,240,240,240,31,31,31,31,-41,-41,-41,29,29,29,-100,-100,-100,-11,-11,-11,-11,34,34,34,34,74,74,74,74,97,97,97,31,31,31,-144,-144,-144,-144,-13,-13,-13,-13,17,17,17,-73,-73,-73,9,9,9,168,168,168,118,118,118,118,94,94,94,94,162,162,162,162,91,91,91,54,54,54,111,111,111,8,8,8,8,43,43,43,43,167,167,167,157,157,118,118,179,179,179,192,192,192,192,181,181,181,181,188,188,188,275,275,275,233,233,233,281,281,281,101,101,101,101,32,32,32,32,141,141,141,72,72,44,44,75,75,110,110,110,304,304,304,304,183,183,183,183,67,67,67,-26,-26,-30,-30,-30,315,315,315,319,319,319,-80,-80,-80,-80,-80,380,380,380,380,414,414,414,169,169,169,250,250,250,192,192,192,192,192,297,297,297,297,124,124,-37,-37,-73,-73,-73,219,219,219,219,-340,-340,-340,-340,-44,-44,-44,-44,336,336,336,336,136,136,136,8,8,-172,-172,-244,-244,-244,10,10,10,264,264,264,161,161,161,26,26,271,271,271,-34,-34,-34,-19,-19,-19,26,-503,-459,-459,-312,-312,406,406,631
75,10.61599999999999966,9,146,212,212,158,158,158,253,253,253,253,310,310,310,212,212,77,77,146,146,104,104,211,211,211,158,158,158,158,-58,-58,-58,-58,-178,-178,-178,-157,-157,-71,-71,-6,-6,-6,12,12,12,20,20,20,11,11,54,54,45,45,-96,-96,-96,-20,-20,-20,-20,-21,-21,-21,-21,-61,-61,-61,-61,10,10,10,28,28,28,-38,-38,-38,40,40,40,40,104,104,104,104,104,50,50,50,50,127,127,127,91,91,36,36,36,-49,-49,-49,-49,-87,-87,-87,-87,-87,16,16,16,16,-33,-33,-33,-113,-113,33,33,33,-6,-6,-6,-6,-92,-92,-92,-92,-92,-19,-19,-19,-19,-19,-98,-98,-98,-31,-31,-9,-9,-9,-97,-97,-97,-97,-20,-20,-20,-20,-20,24,24,24,24,114,114,114,60,60,-41,-41,-41,-72,-72,-72,-72,-37,-37,-37,-37,-28,-28,-28,-28,-74,-74,-74,-118,-118,-118,-107,-107,-107,-59,-59,-59,1,1,-57,-57,-57,-70,-70,-70,-62,-62,-62,6,6,72,72,22,22,22,-51,-51,-51,-51,-106,-106,-106,-106,-223,-223,-223,-162,-162,-162,-87,-87,30,30,30,-36,-36,-36,41,41,41,41,43,43,43,-92,-92,-92,-134,-134,-134,-19,-19,-19,100,100,100,100,-82,-82,-82,-82,-146,-146,-146,-51,-51,-51,-21,-21,64,64,64,64,-60,-60,-60,-60,-34,-34,-34,-34,-130,-130,-130,-90,-90,6,6,2,2,2,-75,-75,-75,-75,-76,-76,-76,-76,-75,-75,-75,-93,-93,77,77,77,117,117,117,-164,-164,-164,-164,-134,-134,-134,-134,-103,-103,-103,-103,-213,-213,-213,85,85,85,95,95,95,95,97,97,97,97,46,46,46,46,-11,-11,-11,8,8,8,-85,-85,-85,-55,-55,-55,-55,-25,-25,-25,-25,27,27,27,27,115,115,115,-10,-10,-10,-189,-189,-189,-189,-7,-7,-7,-7,-58,-58,-58,-122,-122,-122,-75,-75,-75,66,66,66,44,44,44,44,15,15,15,15,13,13,13,13,-11,-11,-11,28,28,28,20,20,20,-63,-63,-63,-63,-29,-29,-29,-29,11,11,11,90,90,81,81,101,101,101,103,103,103,103,121,121,121,121,110,110,110,144,144,144,156,156,156,143,143,143,-8,-8,-8,-8,-51,-51,-51,-51,47,47,47,-32,-32,-21,-21,-63,-63,65,65,65,227,227,227,227,46,46,46,46,-7,-7,-7,-89,-89,-87,-87,-87,188,188,188,242,242,242,-122,-122,-122,-122,-122,224,224,224,224,366,366,366,127,127,127,197,197,197,49,49,49,49,49,110,110,110,110,13,13,-67,-67,-205,-205,-205,-13,-13,-13,-13,-354,-354,-354,-354,49,49,49,49,68,68,68,68,-101,-101,-101,-109,-109,-295,-295,-359,-359,-359,-211,-211,-211,175,175,175,134,134,134,43,43,142,142,142,7,7,7,6,6,6,146,-244,-232,-232,-257,-257,100,100,234
76,10.81600000000000072,-101,185,220,220,143,143,143,172,172,172,172,238,238,238,205,205,104,104,177,177,140,140,106,106,106,97,97,97,97,-88,-88,-88,-88,-74,-74,-74,-93,-93,-125,-125,-86,-86,-86,-25,-25,-25,-37,-37,-37,25,25,94,94,64,64,0,0,0,27,27,27,27,-39,-39,-39,-39,-5,-5,-5,-5,-41,-41,-41,-13,-13,-13,9,9,9,73,73,73,73,69,69,69,69,69,40,40,40,40,101,101,101,95,95,78,78,78,-1,-1,-1,-1,-41,-41,-41,-41,-41,-9,-9,-9,-9,-39,-39,-39,-104,-104,29,29,29,-37,-37,-37,-37,-37,-37,-37,-37,-37,-43,-43,-43,-43,-43,-111,-111,-111,-54,-54,12,12,12,-52,-52,-52,-52,-38,-38,-38,-38,-38,-22,-22,-22,-22,85,85,85,40,40,-65,-65,-65,-75,-75,-75,-75,-54,-54,-54,-54,-11,-11,-11,-11,-15,-15,-15,-65,-65,-65,-134,-134,-134,-75,-75,-75,22,22,-76,-76,-76,-98,-98,-98,-91,-91,-91,-85,-85,35,35,8,8,8,-66,-66,-66,-66,-103,-103,-103,-103,-206,-206,-206,-70,-70,-70,-52,-52,14,14,14,-59,-59,-59,-14,-14,-14,-14,12,12,12,-90,-90,-90,-90,-90,-90,-2,-2,-2,111,111,111,111,-89,-89,-89,-89,-151,-151,-151,-121,-121,-121,-24,-24,10,10,10,10,-106,-106,-106,-106,-170,-170,-170,-170,-193,-193,-193,-244,-244,-116,-116,-70,-70,-70,-107,-107,-107,-107,-89,-89,-89,-89,-114,-114,-114,-115,-115,99,99,99,22,22,22,-163,-163,-163,-163,-150,-150,-150,-150,-225,-225,-225,-225,-291,-291,-291,29,29,29,65,65,65,65,-20,-20,-20,-20,44,44,44,44,60,60,60,46,46,46,-68,-68,-68,-66,-66,-66,-66,-74,-74,-74,-74,3,3,3,3,121,121,121,-90,-90,-90,-188,-188,-188,-188,-20,-20,-20,-20,-80,-80,-80,-157,-157,-157,-93,-93,-93,35,35,35,10,10,10,10,-20,-20,-20,-20,-61,-61,-61,-61,-51,-51,-51,49,49,49,-31,-31,-31,-83,-83,-83,-83,-98,-98,-98,-98,-80,-80,-80,5,5,48,48,73,73,73,34,34,34,34,14,14,14,14,37,37,37,21,21,21,74,74,74,10,10,10,-21,-21,-21,-21,-104,-104,-104,-104,-19,-19,-19,-70,-70,-49,-49,-156,-156,24,24,24,114,114,114,114,-54,-54,-54,-54,-45,-45,-45,-138,-138,-92,-92,-92,76,76,76,199,199,199,-141,-141,-141,-141,-141,-5,-5,-5,-5,254,254,254,37,37,37,78,78,78,-65,-65,-65,-65,-65,-31,-31,-31,-31,-76,-76,-61,-61,-166,-166,-166,-173,-173,-173,-173,-242,-242,-242,-242,177,177,177,177,-122,-122,-122,-122,-293,-293,-293,-159,-159,-318,-318,-375,-375,-375,-343,-343,-343,53,53,53,92,92,92,80,80,-38,-38,-38,58,58,58,18,18,18,262,-53,-180,-180,-292,-292,-238,-238,-114
77,11.01600000000000001,-105,146,173,173,98,98,98,96,96,96,96,161,161,161,185,185,120,120,236,236,202,202,-46,-46,-46,81,81,81,81,-43,-43,-43,-43,76,76,76,-1,-1,-47,-47,-70,-70,-70,-23,-23,-23,-47,-47,-47,29,29,122,122,84,84,82,82,82,81,81,81,81,26,26,26,26,-10,-10,-10,-10,52,52,52,13,13,13,58,58,58,139,139,139,139,44,44,44,44,44,72,72,72,72,188,188,188,80,80,116,116,116,59,59,59,59,2,2,2,2,2,-29,-29,-29,-29,-25,-25,-25,-16,-16,71,71,71,61,61,61,61,16,16,16,16,16,-64,-64,-64,-64,-64,-57,-57,-57,-7,-7,13,13,13,55,55,55,55,-21,-21,-21,-21,-21,5,5,5,5,84,84,84,35,35,64,64,64,-70,-70,-70,-70,-55,-55,-55,-55,37,37,37,37,27,27,27,-10,-10,-10,-97,-97,-97,-66,-66,-66,80,80,-18,-18,-18,-56,-56,-56,-88,-88,-88,-43,-43,18,18,25,25,25,-27,-27,-27,-27,-78,-78,-78,-78,-117,-117,-117,-34,-34,-34,67,67,14,14,14,-10,-10,-10,-5,-5,-5,-5,3,3,3,-88,-88,-88,-32,-32,-32,-10,-10,-10,91,91,91,91,-19,-19,-19,-19,-54,-54,-54,-114,-114,-114,-54,-54,-10,-10,-10,-10,-69,-69,-69,-69,-132,-132,-132,-132,-196,-196,-196,-220,-220,-165,-165,-129,-129,-129,-61,-61,-61,-61,-3,-3,-3,-3,-109,-109,-109,-56,-56,151,151,151,-13,-13,-13,-103,-103,-103,-103,-83,-83,-83,-83,-228,-228,-228,-228,-255,-255,-255,14,14,14,111,111,111,111,-52,-52,-52,-52,88,88,88,88,167,167,167,115,115,115,14,14,14,-26,-26,-26,-26,-46,-46,-46,-46,55,55,55,55,117,117,117,-59,-59,-59,-103,-103,-103,-103,9,9,9,9,-49,-49,-49,-120,-120,-120,-62,-62,-62,30,30,30,39,39,39,39,-4,-4,-4,-4,-64,-64,-64,-64,-41,-41,-41,79,79,79,14,14,14,-7,-7,-7,-7,-48,-48,-48,-48,-51,-51,-51,-10,-10,49,49,76,76,76,-7,-7,-7,-7,-37,-37,-37,-37,-17,-17,-17,-33,-33,-33,41,41,41,-12,-12,-12,1,1,1,1,-67,-67,-67,-67,-34,-34,-34,-40,-40,-44,-44,-192,-192,15,15,15,89,89,89,89,-82,-82,-82,-82,-64,-64,-64,-95,-95,-71,-71,-71,-30,-30,-30,149,149,149,-57,-57,-57,-57,-57,-96,-96,-96,-96,137,137,137,-14,-14,-14,29,29,29,-43,-43,-43,-43,-43,-57,-57,-57,-57,-63,-63,16,16,-77,-77,-77,-187,-187,-187,-187,-43,-43,-43,-43,390,390,390,390,-85,-85,-85,-85,-306,-306,-306,-143,-143,-197,-197,-245,-245,-245,-303,-303,-303,-30,-30,-30,68,68,68,150,150,-108,-108,-108,128,128,128,57,57,57,323,69,-195,-195,-347,-347,-519,-519,-449
78,11.21600000000000108,-54,57,85,85,-3,-3,-3,12,12,12,12,95,95,95,108,108,69,69,156,156,76,76,-154,-154,-154,27,27,27,27,13,13,13,13,190,190,190,96,96,10,10,-2,-2,-2,-1,-1,-1,44,44,44,108,108,132,132,122,122,109,109,109,134,134,134,134,63,63,63,63,84,84,84,84,99,99,99,47,47,47,69,69,69,157,157,157,157,76,76,76,76,76,65,65,65,65,84,84,84,75,75,82,82,82,55,55,55,55,50,50,50,50,50,36,36,36,36,43,43,43,30,30,56,56,56,46,46,46,46,50,50,50,50,50,-5,-5,-5,-5,-5,-21,-21,-21,7,7,31,31,31,34,34,34,34,13,13,13,13,13,18,18,18,18,57,57,57,26,26,45,45,45,-43,-43,-43,-43,-4,-4,-4,-4,31,31,31,31,49,49,49,28,28,28,-62,-62,-62,34,34,34,52,52,2,2,2,-32,-32,-32,1,1,1,-25,-25,-7,-7,0,0,0,-40,-40,-40,-40,-47,-47,-47,-47,-33,-33,-33,19,19,19,109,109,7,7,7,-11,-11,-11,24,24,24,24,-17,-17,-17,-21,-21,-21,15,15,15,-39,-39,-39,46,46,46,46,37,37,37,37,92,92,92,0,0,0,-71,-71,-73,-73,-73,-73,-5,-5,-5,-5,-38,-38,-38,-38,-122,-122,-122,-165,-165,-182,-182,-135,-135,-135,-29,-29,-29,-29,74,74,74,74,-61,-61,-61,-34,-34,137,137,137,-71,-71,-71,-12,-12,-12,-12,31,31,31,31,-96,-96,-96,-96,-171,-171,-171,-60,-60,-60,114,114,114,114,-64,-64,-64,-64,124,124,124,124,223,223,223,137,137,137,76,76,76,50,50,50,50,39,39,39,39,131,131,131,131,133,133,133,-68,-68,-68,-7,-7,-7,-7,77,77,77,77,19,19,19,-64,-64,-64,-52,-52,-52,48,48,48,81,81,81,81,29,29,29,29,-19,-19,-19,-19,54,54,54,98,98,98,31,31,31,58,58,58,58,6,6,6,6,-21,-21,-21,-17,-17,6,6,64,64,64,36,36,36,36,-56,-56,-56,-56,-14,-14,-14,-47,-47,-47,6,6,6,-12,-12,-12,-1,-1,-1,-1,-28,-28,-28,-28,-11,-11,-11,-27,-27,-44,-44,-149,-149,26,26,26,80,80,80,80,-49,-49,-49,-49,-47,-47,-47,-46,-46,-26,-26,-26,-74,-74,-74,71,71,71,44,44,44,44,44,-121,-121,-121,-121,42,42,42,-51,-51,-51,-2,-2,-2,3,3,3,3,3,-47,-47,-47,-47,-33,-33,59,59,-12,-12,-12,-186,-186,-186,-186,128,128,128,128,530,530,530,530,64,64,64,64,-174,-174,-174,-32,-32,-37,-37,-72,-72,-72,-164,-164,-164,-100,-100,-100,93,93,93,189,189,-102,-102,-102,162,162,162,49,49,49,306,190,-198,-198,-436,-436,-715,-715,-660
79,11.41600000000000037,-21,-49,-65,-65,-83,-83,-83,-64,-64,-64,-64,-35,-35,-35,-17,-17,28,28,-26,-26,-59,-59,-293,-293,-293,-99,-99,-99,-99,12,12,12,12,288,288,288,155,155,12,12,18,18,18,45,45,45,25,25,25,90,90,124,124,112,112,81,81,81,68,68,68,68,61,61,61,61,60,60,60,60,46,46,46,25,25,25,47,47,47,65,65,65,65,45,45,45,45,45,98,98,98,98,76,76,76,21,21,15,15,15,-35,-35,-35,-35,44,44,44,44,44,45,45,45,45,59,59,59,61,61,-43,-43,-43,8,8,8,8,62,62,62,62,62,-1,-1,-1,-1,-1,1,1,1,-3,-3,-32,-32,-32,0,0,0,0,3,3,3,3,3,17,17,17,17,61,61,61,-23,-23,-43,-43,-43,5,5,5,5,-6,-6,-6,-6,11,11,11,11,26,26,26,-35,-35,-35,-12,-12,-12,56,56,56,-10,-10,-81,-81,-81,-3,-3,-3,17,17,17,-4,-4,-50,-50,-73,-73,-73,-100,-100,-100,-100,-43,-43,-43,-43,37,37,37,65,65,65,61,61,-70,-70,-70,-57,-57,-57,50,50,50,50,4,4,4,63,63,63,22,22,22,-64,-64,-64,20,20,20,20,78,78,78,78,205,205,205,52,52,52,-51,-51,-142,-142,-142,-142,34,34,34,34,38,38,38,38,-66,-66,-66,-102,-102,-170,-170,-114,-114,-114,-41,-41,-41,-41,121,121,121,121,9,9,9,-33,-33,72,72,72,-117,-117,-117,39,39,39,39,115,115,115,115,2,2,2,2,-74,-74,-74,-158,-158,-158,69,69,69,69,-85,-85,-85,-85,93,93,93,93,191,191,191,111,111,111,69,69,69,40,40,40,40,94,94,94,94,105,105,105,105,103,103,103,-70,-70,-70,55,55,55,55,81,81,81,81,69,69,69,-11,-11,-11,-41,-41,-41,17,17,17,74,74,74,74,24,24,24,24,30,30,30,30,72,72,72,73,73,73,-1,-1,-1,74,74,74,74,36,36,36,36,-13,-13,-13,-29,-29,-76,-76,13,13,13,6,6,6,6,-79,-79,-79,-79,-31,-31,-31,-59,-59,-59,-19,-19,-19,-55,-55,-55,-52,-52,-52,-52,-22,-22,-22,-22,-38,-38,-38,-54,-54,-57,-57,-161,-161,-22,-22,-22,67,67,67,67,-42,-42,-42,-42,-42,-42,-42,-72,-72,-48,-48,-48,-132,-132,-132,3,3,3,104,104,104,104,104,-121,-121,-121,-121,-7,-7,-7,-54,-54,-54,-61,-61,-61,65,65,65,65,65,-5,-5,-5,-5,-9,-9,62,62,-20,-20,-20,-123,-123,-123,-123,228,228,228,228,531,531,531,531,166,166,166,166,3,3,3,81,81,117,117,89,89,89,-50,-50,-50,-95,-95,-95,40,40,40,124,124,-66,-66,-66,158,158,158,-2,-2,-2,263,316,-205,-205,-474,-474,-865,-865,-799
80,11.61599999999999966,-16,-183,-150,-150,-151,-151,-151,-171,-171,-171,-171,-101,-101,-101,-102,-102,-75,-75,-154,-154,-182,-182,-336,-336,-336,-242,-242,-242,-242,41,41,41,41,254,254,254,154,154,20,20,65,65,65,40,40,40,18,18,18,74,74,55,55,78,78,6,6,6,23,23,23,23,47,47,47,47,25,25,25,25,40,40,40,-26,-26,-26,-1,-1,-1,-35,-35,-35,-35,8,8,8,8,8,20,20,20,20,22,22,22,-41,-41,-88,-88,-88,-149,-149,-149,-149,1,1,1,1,1,38,38,38,38,88,88,88,51,51,-117,-117,-117,-74,-74,-74,-74,38,38,38,38,38,25,25,25,25,25,-12,-12,-12,-9,-9,-60,-60,-60,-36,-36,-36,-36,-47,-47,-47,-47,-47,-18,-18,-18,-18,53,53,53,-106,-106,-142,-142,-142,-9,-9,-9,-9,-5,-5,-5,-5,-43,-43,-43,-43,-19,-19,-19,-54,-54,-54,0,0,0,39,39,39,-84,-84,-106,-106,-106,57,57,57,53,53,53,4,4,-33,-33,-104,-104,-104,-142,-142,-142,-142,-28,-28,-28,-28,64,64,64,51,51,51,-4,-4,-156,-156,-156,-94,-94,-94,-70,-70,-70,-70,-4,-4,-4,79,79,79,50,50,50,-84,-84,-84,-40,-40,-40,-40,111,111,111,111,227,227,227,129,129,129,-99,-99,-204,-204,-204,-204,73,73,73,73,34,34,34,34,2,2,2,-68,-68,-172,-172,-94,-94,-94,-29,-29,-29,-29,131,131,131,131,20,20,20,-35,-35,-32,-32,-32,-187,-187,-187,14,14,14,14,183,183,183,183,99,99,99,99,-8,-8,-8,-241,-241,-241,-66,-66,-66,-66,-103,-103,-103,-103,43,43,43,43,62,62,62,83,83,83,41,41,41,10,10,10,10,100,100,100,100,54,54,54,54,46,46,46,-49,-49,-49,50,50,50,50,56,56,56,56,73,73,73,16,16,16,-67,-67,-67,-47,-47,-47,68,68,68,68,-28,-28,-28,-28,14,14,14,14,39,39,39,15,15,15,-52,-52,-52,20,20,20,20,9,9,9,9,-25,-25,-25,-58,-58,-86,-86,-41,-41,-41,9,9,9,9,-119,-119,-119,-119,-88,-88,-88,-87,-87,-87,-72,-72,-72,-57,-57,-57,-130,-130,-130,-130,-29,-29,-29,-29,-87,-87,-87,-92,-92,-70,-70,-118,-118,-49,-49,-49,15,15,15,15,-34,-34,-34,-34,-50,-50,-50,-72,-72,-78,-78,-78,-157,-157,-157,-69,-69,-69,118,118,118,118,118,-81,-81,-81,-81,-83,-83,-83,-92,-92,-92,-120,-120,-120,57,57,57,57,57,14,14,14,14,10,10,35,35,4,4,4,-72,-72,-72,-72,250,250,250,250,434,434,434,434,245,245,245,245,143,143,143,152,152,237,237,148,148,148,44,44,44,-122,-122,-122,-74,-74,-74,22,22,-39,-39,-39,100,100,100,-61,-61,-61,226,367,-111,-111,-490,-490,-889,-889,-850
81,11.81600000000000072,40,-230,-201,-201,-185,-185,-185,-165,-165,-165,-165,-120,-120,-120,-130,-130,-84,-84,-224,-224,-219,-219,-264,-264,-264,-253,-253,-253,-253,15,15,15,15,284,284,284,231,231,41,41,54,54,54,12,12,12,-27,-27,-27,10,10,15,15,0,0,10,10,10,-83,-83,-83,-83,-28,-28,-28,-28,4,4,4,4,27,27,27,-31,-31,-31,-101,-101,-101,-116,-116,-116,-116,-9,-9,-9,-9,-9,-21,-21,-21,-21,-64,-64,-64,-124,-124,-130,-130,-130,-155,-155,-155,-155,-78,-78,-78,-78,-78,4,4,4,4,14,14,14,25,25,-136,-136,-136,-65,-65,-65,-65,-14,-14,-14,-14,-14,-28,-28,-28,-28,-28,2,2,2,-19,-19,-82,-82,-82,-18,-18,-18,-18,-58,-58,-58,-58,-58,-30,-30,-30,-30,27,27,27,-91,-91,-187,-187,-187,20,20,20,20,-22,-22,-22,-22,-61,-61,-61,-61,-48,-48,-48,-95,-95,-95,31,31,31,24,24,24,-103,-103,-24,-24,-24,88,88,88,78,78,78,-9,-9,-36,-36,-97,-97,-97,-114,-114,-114,-114,-34,-34,-34,-34,103,103,103,11,11,11,-67,-67,-133,-133,-133,-90,-90,-90,-109,-109,-109,-109,-30,-30,-30,101,101,101,62,62,62,-45,-45,-45,-37,-37,-37,-37,65,65,65,65,199,199,199,150,150,150,-67,-67,-204,-204,-204,-204,95,95,95,95,49,49,49,49,31,31,31,-32,-32,-88,-88,-4,-4,-4,19,19,19,19,119,119,119,119,41,41,41,-20,-20,-170,-170,-170,-208,-208,-208,23,23,23,23,203,203,203,203,150,150,150,150,54,54,54,-232,-232,-232,-157,-157,-157,-157,-81,-81,-81,-81,-67,-67,-67,-67,-76,-76,-76,-25,-25,-25,-12,-12,-12,-20,-20,-20,-20,83,83,83,83,1,1,1,1,3,3,3,-7,-7,-7,86,86,86,86,28,28,28,28,60,60,60,86,86,86,-15,-15,-15,-28,-28,-28,37,37,37,37,-41,-41,-41,-41,-41,-41,-41,-41,-9,-9,-9,-36,-36,-36,-100,-100,-100,-50,-50,-50,-50,2,2,2,2,-89,-89,-89,-79,-79,-96,-96,-25,-25,-25,-1,-1,-1,-1,-127,-127,-127,-127,-142,-142,-142,-82,-82,-82,-118,-118,-118,-114,-114,-114,-141,-141,-141,-141,-8,-8,-8,-8,-94,-94,-94,-101,-101,-48,-48,-44,-44,-52,-52,-52,-76,-76,-76,-76,-61,-61,-61,-61,-54,-54,-54,-63,-63,-65,-65,-65,-170,-170,-170,-92,-92,-92,126,126,126,126,126,-60,-60,-60,-60,-107,-107,-107,-103,-103,-103,-148,-148,-148,28,28,28,28,28,-6,-6,-6,-6,4,4,-2,-2,13,13,13,-3,-3,-3,-3,246,246,246,246,270,270,270,270,247,247,247,247,245,245,245,155,155,272,272,187,187,187,113,113,113,-72,-72,-72,-108,-108,-108,-47,-47,-52,-52,-52,9,9,9,-113,-113,-113,248,451,20,20,-366,-366,-707,-707,-726
82,12.01600000000000001,69,-175,-137,-137,-93,-93,-93,-79,-79,-79,-79,-117,-117,-117,-72,-72,-45,-45,-136,-136,-43,-43,-21,-21,-21,-103,-103,-103,-103,58,58,58,58,348,348,348,255,255,133,133,69,69,69,59,59,59,-9,-9,-9,4,4,-14,-14,49,49,47,47,47,42,42,42,42,35,35,35,35,10,10,10,10,16,16,16,43,43,43,-31,-31,-31,-126,-126,-126,-126,-18,-18,-18,-18,-18,-5,-5,-5,-5,-64,-64,-64,-97,-97,-66,-66,-66,-34,-34,-34,-34,-39,-39,-39,-39,-39,-21,-21,-21,-21,38,38,38,59,59,-111,-111,-111,-39,-39,-39,-39,-6,-6,-6,-6,-6,4,4,4,4,4,36,36,36,11,11,-6,-6,-6,44,44,44,44,-65,-65,-65,-65,-65,-37,-37,-37,-37,4,4,4,-11,-11,-145,-145,-145,44,44,44,44,-6,-6,-6,-6,-35,-35,-35,-35,-51,-51,-51,-24,-24,-24,62,62,62,68,68,68,-51,-51,162,162,162,151,151,151,104,104,104,26,26,19,19,43,43,43,31,31,31,31,27,27,27,27,116,116,116,47,47,47,-7,-7,-13,-13,-13,-21,-21,-21,-128,-128,-128,-128,-4,-4,-4,123,123,123,101,101,101,4,4,4,66,66,66,66,73,73,73,73,139,139,139,163,163,163,26,26,-115,-115,-115,-115,84,84,84,84,109,109,109,109,137,137,137,64,64,75,75,93,93,93,169,169,169,169,122,122,122,122,59,59,59,1,1,-171,-171,-171,-139,-139,-139,94,94,94,94,230,230,230,230,242,242,242,242,177,177,177,-108,-108,-108,-134,-134,-134,-134,-30,-30,-30,-30,-77,-77,-77,-77,-126,-126,-126,-34,-34,-34,33,33,33,2,2,2,2,73,73,73,73,-10,-10,-10,-10,21,21,21,98,98,98,162,162,162,162,55,55,55,55,138,138,138,158,158,158,64,64,64,29,29,29,74,74,74,74,4,4,4,4,-36,-36,-36,-36,-12,-12,-12,-17,-17,-17,-59,-59,-59,-12,-12,-12,-12,5,5,5,5,-28,-28,-28,-3,-3,38,38,77,77,77,23,23,23,23,-38,-38,-38,-38,-97,-97,-97,-5,-5,-5,-80,-80,-80,-45,-45,-45,-54,-54,-54,-54,18,18,18,18,-29,-29,-29,-35,-35,-4,-4,53,53,-12,-12,-12,-70,-70,-70,-70,-36,-36,-36,-36,-23,-23,-23,-19,-19,-56,-56,-56,-123,-123,-123,-47,-47,-47,138,138,138,138,138,6,6,6,6,-38,-38,-38,-30,-30,-30,-92,-92,-92,31,31,31,31,31,-12,-12,-12,-12,73,73,29,29,57,57,57,81,81,81,81,242,242,242,242,167,167,167,167,220,220,220,220,283,283,283,179,179,268,268,255,255,255,189,189,189,22,22,22,-74,-74,-74,-105,-105,-18,-18,-18,-17,-17,-17,-73,-73,-73,308,551,305,305,-128,-128,-434,-434,-464
83,12.21600000000000108,110,9,3,3,54,54,54,14,14,14,14,1,1,1,16,16,57,57,10,10,142,142,224,224,224,121,121,121,121,135,135,135,135,344,344,344,278,278,205,205,159,159,159,85,85,85,103,103,103,53,53,88,88,130,130,149,149,149,110,110,110,110,52,52,52,52,35,35,35,35,29,29,29,42,42,42,32,32,32,-8,-8,-8,-8,82,82,82,82,82,46,46,46,46,-19,-19,-19,-7,-7,79,79,79,124,124,124,124,70,70,70,70,70,53,53,53,53,85,85,85,122,122,41,41,41,79,79,79,79,73,73,73,73,73,-5,-5,-5,-5,-5,99,99,99,78,78,82,82,82,162,162,162,162,41,41,41,41,41,-9,-9,-9,-9,68,68,68,139,139,63,63,63,111,111,111,111,53,53,53,53,15,15,15,15,76,76,76,49,49,49,92,92,92,121,121,121,103,103,284,284,284,209,209,209,202,202,202,117,117,133,133,175,175,175,217,217,217,217,103,103,103,103,172,172,172,85,85,85,49,49,141,141,141,132,132,132,0,0,0,0,77,77,77,216,216,216,175,175,175,127,127,127,141,141,141,141,145,145,145,145,156,156,156,221,221,221,178,178,70,70,70,70,170,170,170,170,151,151,151,151,253,253,253,190,190,224,224,221,221,221,279,279,279,279,133,133,133,133,114,114,114,109,109,-34,-34,-34,62,62,62,248,248,248,248,269,269,269,269,328,328,328,328,343,343,343,143,143,143,-10,-10,-10,-10,97,97,97,97,11,11,11,11,-50,-50,-50,60,60,60,125,125,125,96,96,96,96,140,140,140,140,66,66,66,66,77,77,77,202,202,202,285,285,285,285,138,138,138,138,235,235,235,274,274,274,199,199,199,128,128,128,184,184,184,184,94,94,94,94,38,38,38,38,70,70,70,96,96,96,50,50,50,58,58,58,58,92,92,92,92,110,110,110,162,162,183,183,175,175,175,135,135,135,135,69,69,69,69,60,60,60,81,81,81,25,25,25,96,96,96,129,129,129,129,131,131,131,131,108,108,108,106,106,118,118,217,217,134,134,134,-37,-37,-37,-37,40,40,40,40,96,96,96,105,105,64,64,64,-34,-34,-34,47,47,47,185,185,185,185,185,50,50,50,50,65,65,65,82,82,82,-2,-2,-2,91,91,91,91,91,68,68,68,68,135,135,111,111,155,155,155,225,225,225,225,276,276,276,276,145,145,145,145,320,320,320,320,333,333,333,229,229,278,278,297,297,297,292,292,292,167,167,167,61,61,61,8,8,93,93,93,49,49,49,26,26,26,428,725,596,596,178,178,-55,-55,-99
84,12.41600000000000037,209,186,160,160,186,186,186,128,128,128,128,106,106,106,140,140,180,180,140,140,279,279,341,341,341,242,242,242,242,234,234,234,234,268,268,268,343,343,254,254,245,245,245,231,231,231,193,193,193,167,167,144,144,181,181,260,260,260,150,150,150,150,139,139,139,139,126,126,126,126,102,102,102,144,144,144,91,91,91,138,138,138,138,167,167,167,167,167,168,168,168,168,72,72,72,102,102,163,163,163,200,200,200,200,184,184,184,184,184,107,107,107,107,141,141,141,189,189,166,166,166,162,162,162,162,132,132,132,132,132,86,86,86,86,86,134,134,134,171,171,151,151,151,165,165,165,165,123,123,123,123,123,49,49,49,49,109,109,109,216,216,255,255,255,181,181,181,181,178,178,178,178,128,128,128,128,155,155,155,177,177,177,183,183,183,173,173,173,216,216,303,303,303,202,202,202,171,171,171,150,150,205,205,286,286,286,280,280,280,280,211,211,211,211,187,187,187,141,141,141,133,133,282,282,282,239,239,239,157,157,157,157,179,179,179,244,244,244,199,199,199,186,186,186,207,207,207,207,165,165,165,165,132,132,132,234,234,234,291,291,265,265,265,265,217,217,217,217,225,225,225,225,312,312,312,293,293,317,317,309,309,309,344,344,344,344,207,207,207,207,141,141,141,151,151,74,74,74,227,227,227,324,324,324,324,297,297,297,297,408,408,408,408,427,427,427,319,319,319,205,205,205,205,223,223,223,223,173,173,173,173,71,71,71,187,187,187,242,242,242,199,199,199,199,186,186,186,186,161,161,161,161,146,146,146,250,250,250,336,336,336,336,247,247,247,247,306,306,306,379,379,379,291,291,291,242,242,242,265,265,265,265,227,227,227,227,155,155,155,155,168,168,168,207,207,207,195,195,195,188,188,188,188,207,207,207,207,255,255,255,271,271,279,279,253,253,253,241,241,241,241,197,197,197,197,222,222,222,233,233,233,141,141,141,248,248,248,268,268,268,268,219,219,219,219,211,211,211,194,194,192,192,319,319,222,222,222,81,81,81,81,118,118,118,118,182,182,182,209,209,167,167,167,125,125,125,139,139,139,251,251,251,251,251,178,178,178,178,180,180,180,233,233,233,221,221,221,228,228,228,228,228,164,164,164,164,208,208,214,214,225,225,225,322,322,322,322,293,293,293,293,152,152,152,152,358,358,358,358,350,350,350,271,271,260,260,351,351,351,349,349,349,265,265,265,208,208,208,166,166,184,184,184,166,166,166,124,124,124,633,910,949,949,490,490,344,344,288
85,12.61599999999999966,260,302,258,258,237,237,237,164,164,164,164,167,167,167,234,234,220,220,155,155,254,254,337,337,337,282,282,282,282,206,206,206,206,208,208,208,243,243,241,241,196,196,196,214,214,214,184,184,184,242,242,194,194,181,181,191,191,191,178,178,178,178,172,172,172,172,133,133,133,133,110,110,110,144,144,144,177,177,177,187,187,187,187,152,152,152,152,152,181,181,181,181,178,178,178,153,153,206,206,206,191,191,191,191,217,217,217,217,217,150,150,150,150,159,159,159,188,188,235,235,235,134,134,134,134,156,156,156,156,156,90,90,90,90,90,177,177,177,175,175,147,147,147,172,172,172,172,143,143,143,143,143,43,43,43,43,95,95,95,240,240,304,304,304,178,178,178,178,182,182,182,182,178,178,178,178,196,196,196,195,195,195,202,202,202,166,166,166,191,191,140,140,140,150,150,150,158,158,158,197,197,230,230,249,249,249,221,221,221,221,190,190,190,190,173,173,173,167,167,167,187,187,292,292,292,254,254,254,246,246,246,246,191,191,191,195,195,195,148,148,148,180,180,180,146,146,146,146,141,141,141,141,102,102,102,224,224,224,333,333,323,323,323,323,185,185,185,185,195,195,195,195,307,307,307,323,323,343,343,292,292,292,256,256,256,256,254,254,254,254,172,172,172,184,184,179,179,179,317,317,317,292,292,292,292,252,252,252,252,363,363,363,363,441,441,441,365,365,365,293,293,293,293,233,233,233,233,222,222,222,222,199,199,199,225,225,225,300,300,300,225,225,225,225,186,186,186,186,210,210,210,210,134,134,134,243,243,243,257,257,257,257,238,238,238,238,273,273,273,363,363,363,277,277,277,239,239,239,292,292,292,292,270,270,270,270,239,239,239,239,257,257,257,257,257,257,242,242,242,226,226,226,226,272,272,272,272,322,322,322,274,274,269,269,248,248,248,289,289,289,289,265,265,265,265,335,335,335,335,335,335,233,233,233,285,285,285,264,264,264,264,229,229,229,229,253,253,253,194,194,195,195,300,300,227,227,227,132,132,132,132,144,144,144,144,233,233,233,257,257,220,220,220,161,161,161,150,150,150,210,210,210,210,210,240,240,240,240,177,177,177,320,320,320,281,281,281,286,286,286,286,286,214,214,214,214,252,252,275,275,194,194,194,272,272,272,272,252,252,252,252,120,120,120,120,369,369,369,369,324,324,324,251,251,209,209,326,326,326,318,318,318,283,283,283,264,264,264,201,201,263,263,263,230,230,230,163,163,163,712,1042,1139,1139,669,669,612,612,527
86,12.81600000000000072,215,267,232,232,168,168,168,147,147,147,147,196,196,196,233,233,159,159,207,207,142,142,230,230,230,150,150,150,150,87,87,87,87,144,144,144,116,116,184,184,102,102,102,180,180,180,196,196,196,191,191,146,146,125,125,166,166,166,105,105,105,105,84,84,84,84,75,75,75,75,114,114,114,120,120,120,129,129,129,174,174,174,174,84,84,84,84,84,138,138,138,138,135,135,135,134,134,130,130,130,89,89,89,89,143,143,143,143,143,79,79,79,79,100,100,100,121,121,224,224,224,139,139,139,139,114,114,114,114,114,128,128,128,128,128,156,156,156,148,148,113,113,113,100,100,100,100,34,34,34,34,34,-5,-5,-5,-5,38,38,38,140,140,228,228,228,141,141,141,141,173,173,173,173,150,150,150,150,146,146,146,125,125,125,134,134,134,99,99,99,94,94,-70,-70,-70,-7,-7,-7,88,88,88,128,128,164,164,154,154,154,72,72,72,72,98,98,98,98,144,144,144,154,154,154,128,128,201,201,201,168,168,168,237,237,237,237,170,170,170,133,133,133,23,23,23,92,92,92,49,49,49,49,71,71,71,71,64,64,64,125,125,125,250,250,269,269,269,269,81,81,81,81,128,128,128,128,211,211,211,261,261,227,227,138,138,138,119,119,119,119,210,210,210,210,191,191,191,166,166,191,191,191,268,268,268,135,135,135,135,110,110,110,110,282,282,282,282,326,326,326,313,313,313,245,245,245,245,179,179,179,179,201,201,201,201,220,220,220,209,209,209,237,237,237,144,144,144,144,113,113,113,113,218,218,218,218,96,96,96,162,162,162,168,168,168,168,162,162,162,162,179,179,179,272,272,272,208,208,208,166,166,166,217,217,217,217,239,239,239,239,283,283,283,283,224,224,224,201,201,201,202,202,202,167,167,167,167,214,214,214,214,251,251,251,233,233,178,178,138,138,138,266,266,266,266,250,250,250,250,312,312,312,307,307,307,183,183,183,224,224,224,146,146,146,146,168,168,168,168,156,156,156,104,104,115,115,200,200,150,150,150,97,97,97,97,126,126,126,126,147,147,147,212,212,194,194,194,146,146,146,103,103,103,171,171,171,171,171,226,226,226,226,174,174,174,318,318,318,252,252,252,239,239,239,239,239,217,217,217,217,203,203,226,226,158,158,158,192,192,192,192,165,165,165,165,50,50,50,50,255,255,255,255,234,234,234,162,162,91,91,177,177,177,186,186,186,159,159,159,190,190,190,122,122,216,216,216,210,210,210,150,150,150,745,1040,1132,1132,713,713,748,748,684
87,13.01600000000000001,99,141,93,93,76,76,76,52,52,52,52,131,131,131,174,174,138,138,132,132,38,38,57,57,57,-11,-11,-11,-11,48,48,48,48,10,10,10,-44,-44,96,96,31,31,31,83,83,83,134,134,134,130,130,111,111,58,58,29,29,29,80,80,80,80,25,25,25,25,61,61,61,61,32,32,32,61,61,61,52,52,52,66,66,66,66,87,87,87,87,87,74,74,74,74,84,84,84,75,75,18,18,18,-12,-12,-12,-12,24,24,24,24,24,-7,-7,-7,-7,38,38,38,70,70,141,141,141,31,31,31,31,30,30,30,30,30,71,71,71,71,71,105,105,105,82,82,59,59,59,-28,-28,-28,-28,-32,-32,-32,-32,-32,-81,-81,-81,-81,-64,-64,-64,42,42,114,114,114,25,25,25,25,44,44,44,44,122,122,122,122,75,75,75,61,61,61,26,26,26,-6,-6,-6,-35,-35,-186,-186,-186,-132,-132,-132,-1,-1,-1,58,58,100,100,26,26,26,-75,-75,-75,-75,9,9,9,9,44,44,44,105,105,105,77,77,76,76,76,67,67,67,199,199,199,199,105,105,105,27,27,27,-38,-38,-38,16,16,16,-53,-53,-53,-53,18,18,18,18,15,15,15,38,38,38,150,150,133,133,133,133,22,22,22,22,74,74,74,74,148,148,148,155,155,140,140,13,13,13,-5,-5,-5,-5,161,161,161,161,195,195,195,130,130,134,134,134,117,117,117,13,13,13,13,15,15,15,15,133,133,133,133,143,143,143,160,160,160,135,135,135,135,114,114,114,114,107,107,107,107,170,170,170,151,151,151,93,93,93,38,38,38,38,45,45,45,45,138,138,138,138,46,46,46,69,69,69,40,40,40,40,51,51,51,51,72,72,72,140,140,140,102,102,102,85,85,85,125,125,125,125,142,142,142,142,214,214,214,214,104,104,104,123,123,123,137,137,137,118,118,118,118,132,132,132,132,155,155,155,135,135,63,63,36,36,36,190,190,190,190,163,163,163,163,221,221,221,225,225,225,137,137,137,98,98,98,19,19,19,19,81,81,81,81,41,41,41,0,0,-9,-9,60,60,34,34,34,31,31,31,31,67,67,67,67,57,57,57,98,98,106,106,106,119,119,119,14,14,14,45,45,45,45,45,167,167,167,167,107,107,107,200,200,200,179,179,179,146,146,146,146,146,173,173,173,173,107,107,158,158,83,83,83,55,55,55,55,55,55,55,55,-38,-38,-38,-38,134,134,134,134,94,94,94,56,56,-28,-28,29,29,29,4,4,4,16,16,16,31,31,31,-19,-19,118,118,118,174,174,174,119,119,119,680,916,1022,1022,679,679,816,816,742
88,13.21600000000000108,18,38,15,15,21,21,21,-13,-13,-13,-13,68,68,68,92,92,34,34,42,42,-10,-10,-73,-73,-73,-68,-68,-68,-68,-32,-32,-32,-32,8,8,8,-156,-156,-88,-88,-27,-27,-27,-5,-5,-5,48,48,48,34,34,55,55,12,12,31,31,31,-58,-58,-58,-58,-85,-85,-85,-85,-58,-58,-58,-58,-54,-54,-54,16,16,16,11,11,11,-24,-24,-24,-24,53,53,53,53,53,3,3,3,3,4,4,4,-9,-9,-17,-17,-17,-66,-66,-66,-66,-108,-108,-108,-108,-108,-40,-40,-40,-40,-48,-48,-48,-33,-33,45,45,45,-24,-24,-24,-24,14,14,14,14,14,49,49,49,49,49,25,25,25,48,48,54,54,54,-99,-99,-99,-99,-90,-90,-90,-90,-90,-98,-98,-98,-98,-89,-89,-89,-110,-110,-19,-19,-19,-36,-36,-36,-36,-1,-1,-1,-1,87,87,87,87,19,19,19,16,16,16,-51,-51,-51,-51,-51,-51,-100,-100,-181,-181,-181,-143,-143,-143,-101,-101,-101,-7,-7,20,20,-37,-37,-37,-87,-87,-87,-87,-70,-70,-70,-70,4,4,4,69,69,69,57,57,-42,-42,-42,4,4,4,155,155,155,155,62,62,62,-42,-42,-42,-46,-46,-46,-15,-15,-15,-105,-105,-105,-105,10,10,10,10,31,31,31,-23,-23,-23,25,25,9,9,9,9,-42,-42,-42,-42,51,51,51,51,72,72,72,103,103,19,19,-45,-45,-45,0,0,0,0,123,123,123,123,186,186,186,84,84,44,44,44,38,38,38,-88,-88,-88,-88,-57,-57,-57,-57,11,11,11,11,4,4,4,38,38,38,31,31,31,31,55,55,55,55,33,33,33,33,101,101,101,34,34,34,-29,-29,-29,-35,-35,-35,-35,-3,-3,-3,-3,47,47,47,47,11,11,11,36,36,36,-43,-43,-43,-43,-36,-36,-36,-36,-43,-43,-43,71,71,71,62,62,62,5,5,5,57,57,57,57,63,63,63,63,111,111,111,111,66,66,66,56,56,56,90,90,90,57,57,57,57,51,51,51,51,83,83,83,56,56,-30,-30,-28,-28,-28,85,85,85,85,87,87,87,87,126,126,126,114,114,114,82,82,82,4,4,4,-40,-40,-40,-40,-6,-6,-6,-6,-23,-23,-23,-38,-38,-33,-33,-38,-38,-16,-16,-16,3,3,3,3,-6,-6,-6,-6,-14,-14,-14,26,26,47,47,47,59,59,59,-54,-54,-54,-40,-40,-40,-40,-40,112,112,112,112,52,52,52,64,64,64,90,90,90,64,64,64,64,64,192,192,192,192,31,31,94,94,34,34,34,-5,-5,-5,-5,-54,-54,-54,-54,-74,-74,-74,-74,44,44,44,44,26,26,26,1,1,-91,-91,-105,-105,-105,-130,-130,-130,-86,-86,-86,-73,-73,-73,-83,-83,96,96,96,138,138,138,83,83,83,586,787,886,886,631,631,832,832,756
89,13.41600000000000037,-35,-60,-22,-22,-31,-31,-31,-2,-2,-2,-2,12,12,12,38,38,25,25,73,73,11,11,-82,-82,-82,-65,-65,-65,-65,-28,-28,-28,-28,8,8,8,-187,-187,-181,-181,-79,-79,-79,-15,-15,-15,2,2,2,32,32,16,16,-23,-23,-55,-55,-55,-112,-112,-112,-112,-98,-98,-98,-98,-42,-42,-42,-42,-79,-79,-79,-52,-52,-52,-43,-43,-43,-56,-56,-56,-56,13,13,13,13,13,-7,-7,-7,-7,-39,-39,-39,-26,-26,-50,-50,-50,-74,-74,-74,-74,-92,-92,-92,-92,-92,-62,-62,-62,-62,-53,-53,-53,-77,-77,-23,-23,-23,-38,-38,-38,-38,1,1,1,1,1,27,27,27,27,27,10,10,10,9,9,55,55,55,-55,-55,-55,-55,-71,-71,-71,-71,-71,-68,-68,-68,-68,-96,-96,-96,-118,-118,-71,-71,-71,-53,-53,-53,-53,-27,-27,-27,-27,49,49,49,49,-8,-8,-8,-14,-14,-14,-82,-82,-82,-90,-90,-90,-86,-86,-84,-84,-84,-103,-103,-103,-66,-66,-66,-31,-31,-5,-5,-51,-51,-51,-33,-33,-33,-33,-57,-57,-57,-57,-24,-24,-24,39,39,39,-19,-19,-87,-87,-87,-25,-25,-25,93,93,93,93,14,14,14,-40,-40,-40,-17,-17,-17,-41,-41,-41,-95,-95,-95,-95,18,18,18,18,68,68,68,-20,-20,-20,-16,-16,-7,-7,-7,-7,-19,-19,-19,-19,16,16,16,16,43,43,43,56,56,-21,-21,-27,-27,-27,17,17,17,17,113,113,113,113,140,140,140,30,30,-11,-11,-11,-13,-13,-13,-89,-89,-89,-89,-94,-94,-94,-94,-54,-54,-54,-54,-73,-73,-73,-8,-8,-8,-17,-17,-17,-17,55,55,55,55,-13,-13,-13,-13,62,62,62,-32,-32,-32,-88,-88,-88,-71,-71,-71,-71,-7,-7,-7,-7,-8,-8,-8,-8,-20,-20,-20,-8,-8,-8,-68,-68,-68,-68,-20,-20,-20,-20,-68,-68,-68,-11,-11,-11,56,56,56,-2,-2,-2,14,14,14,14,22,22,22,22,71,71,71,71,5,5,5,22,22,22,81,81,81,39,39,39,39,38,38,38,38,33,33,33,30,30,-31,-31,-57,-57,-57,21,21,21,21,14,14,14,14,33,33,33,41,41,41,46,46,46,-27,-27,-27,-55,-55,-55,-55,-24,-24,-24,-24,-36,-36,-36,-28,-28,-44,-44,-53,-53,-55,-55,-55,11,11,11,11,9,9,9,9,-83,-83,-83,-32,-32,1,1,1,49,49,49,-121,-121,-121,-69,-69,-69,-69,-69,90,90,90,90,-1,-1,-1,-51,-51,-51,34,34,34,-2,-2,-2,-2,-2,107,107,107,107,-21,-21,50,50,15,15,15,-53,-53,-53,-53,-114,-114,-114,-114,-73,-73,-73,-73,-1,-1,-1,-1,23,23,23,-12,-12,-80,-80,-144,-144,-144,-172,-172,-172,-100,-100,-100,-101,-101,-101,-102,-102,88,88,88,135,135,135,125,125,125,451,677,818,818,582,582,777,777,733
90,13.61599999999999966,-74,-41,-20,-20,22,22,22,-54,-54,-54,-54,4,4,4,1,1,-6,-6,50,50,80,80,-33,-33,-33,-16,-16,-16,-16,-42,-42,-42,-42,29,29,29,-125,-125,-161,-161,-121,-121,-121,-21,-21,-21,34,34,34,-31,-31,-38,-38,-52,-52,-108,-108,-108,-114,-114,-114,-114,-121,-121,-121,-121,-108,-108,-108,-108,-99,-99,-99,-71,-71,-71,-23,-23,-23,-30,-30,-30,-30,-9,-9,-9,-9,-9,-28,-28,-28,-28,-3,-3,-3,-31,-31,-23,-23,-23,-11,-11,-11,-11,-67,-67,-67,-67,-67,-42,-42,-42,-42,-73,-73,-73,-105,-105,-5,-5,-5,3,3,3,3,-18,-18,-18,-18,-18,23,23,23,23,23,-34,-34,-34,-16,-16,14,14,14,-26,-26,-26,-26,11,11,11,11,11,-2,-2,-2,-2,-28,-28,-28,-43,-43,-13,-13,-13,-72,-72,-72,-72,6,6,6,6,10,10,10,10,-31,-31,-31,-10,-10,-10,-100,-100,-100,-60,-60,-60,13,13,66,66,66,-28,-28,-28,-37,-37,-37,-51,-51,-41,-41,-25,-25,-25,44,44,44,44,-15,-15,-15,-15,-4,-4,-4,-20,-20,-20,-17,-17,-70,-70,-70,-3,-3,-3,71,71,71,71,-23,-23,-23,-81,-81,-81,27,27,27,7,7,7,-63,-63,-63,-63,3,3,3,3,108,108,108,-21,-21,-21,-18,-18,26,26,26,26,-23,-23,-23,-23,18,18,18,18,4,4,4,23,23,-18,-18,36,36,36,109,109,109,109,58,58,58,58,30,30,30,-5,-5,-13,-13,-13,-10,-10,-10,-34,-34,-34,-34,-28,-28,-28,-28,-9,-9,-9,-9,-102,-102,-102,14,14,14,-7,-7,-7,-7,58,58,58,58,-54,-54,-54,-54,45,45,45,-26,-26,-26,-58,-58,-58,-3,-3,-3,-3,-8,-8,-8,-8,3,3,3,3,-19,-19,-19,11,11,11,-68,-68,-68,-68,10,10,10,10,-63,-63,-63,-35,-35,-35,47,47,47,16,16,16,-7,-7,-7,-7,-14,-14,-14,-14,35,35,35,35,-5,-5,-5,13,13,13,61,61,61,50,50,50,50,11,11,11,11,33,33,33,8,8,9,9,-26,-26,-26,3,3,3,3,-45,-45,-45,-45,-33,-33,-33,22,22,22,50,50,50,15,15,15,-5,-5,-5,-5,-2,-2,-2,-2,-18,-18,-18,-16,-16,-19,-19,-23,-23,-19,-19,-19,79,79,79,79,20,20,20,20,-79,-79,-79,-33,-33,35,35,35,32,32,32,-123,-123,-123,-64,-64,-64,-64,-64,105,105,105,105,-1,-1,-1,-80,-80,-80,-7,-7,-7,-51,-51,-51,-51,-51,67,67,67,67,-59,-59,-7,-7,-3,-3,-3,-10,-10,-10,-10,-165,-165,-165,-165,-59,-59,-59,-59,12,12,12,12,65,65,65,13,13,-42,-42,-130,-130,-130,-138,-138,-138,-80,-80,-80,-96,-96,-96,-16,-16,97,97,97,191,191,191,133,133,133,356,605,759,759,542,542,692,692,675
91,13.81600000000000072,-80,-4,25,25,8,8,8,-9,-9,-9,-9,-18,-18,-18,-67,-67,-45,-45,-31,-31,87,87,29,29,29,-7,-7,-7,-7,-84,-84,-84,-84,-2,-2,-2,-85,-85,-129,-129,-138,-138,-138,-80,-80,-80,1,1,1,-52,-52,-30,-30,-62,-62,-108,-108,-108,-112,-112,-112,-112,-57,-57,-57,-57,-43,-43,-43,-43,-46,-46,-46,-76,-76,-76,-21,-21,-21,-14,-14,-14,-14,-23,-23,-23,-23,-23,-44,-44,-44,-44,-29,-29,-29,-20,-20,-11,-11,-11,6,6,6,6,-37,-37,-37,-37,-37,-46,-46,-46,-46,-73,-73,-73,-95,-95,-37,-37,-37,-3,-3,-3,-3,-17,-17,-17,-17,-17,10,10,10,10,10,13,13,13,-30,-30,32,32,32,4,4,4,4,-40,-40,-40,-40,-40,35,35,35,35,22,22,22,18,18,24,24,24,0,0,0,0,-12,-12,-12,-12,-8,-8,-8,-8,-21,-21,-21,13,13,13,-104,-104,-104,-37,-37,-37,58,58,110,110,110,29,29,29,-5,-5,-5,-49,-49,-78,-78,-13,-13,-13,91,91,91,91,9,9,9,9,-19,-19,-19,-89,-89,-89,-10,-10,-8,-8,-8,3,3,3,-8,-8,-8,-8,-59,-59,-59,-63,-63,-63,31,31,31,7,7,7,2,2,2,2,40,40,40,40,15,15,15,-3,-3,-3,12,12,23,23,23,23,-49,-49,-49,-49,-43,-43,-43,-43,-65,-65,-65,-50,-50,-45,-45,67,67,67,129,129,129,129,-28,-28,-28,-28,-84,-84,-84,-35,-35,62,62,62,-38,-38,-38,-33,-33,-33,-33,14,14,14,14,-9,-9,-9,-9,-48,-48,-48,-13,-13,-13,24,24,24,24,62,62,62,62,-23,-23,-23,-23,-40,-40,-40,-46,-46,-46,-12,-12,-12,27,27,27,27,-13,-13,-13,-13,3,3,3,3,-2,-2,-2,-32,-32,-32,-87,-87,-87,-87,6,6,6,6,-73,-73,-73,-85,-85,-85,37,37,37,18,18,18,-5,-5,-5,-5,-30,-30,-30,-30,7,7,7,7,-33,-33,-33,-2,-2,-2,39,39,39,23,23,23,23,-16,-16,-16,-16,-17,-17,-17,-13,-13,12,12,-42,-42,-42,-6,-6,-6,-6,-68,-68,-68,-68,-39,-39,-39,-13,-13,-13,21,21,21,47,47,47,41,41,41,41,-39,-39,-39,-39,-8,-8,-8,8,8,6,6,-10,-10,-23,-23,-23,114,114,114,114,48,48,48,48,-12,-12,-12,-69,-69,36,36,36,44,44,44,-110,-110,-110,-2,-2,-2,-2,-2,72,72,72,72,-2,-2,-2,-95,-95,-95,-36,-36,-36,-39,-39,-39,-39,-39,9,9,9,9,-77,-77,-85,-85,-6,-6,-6,6,6,6,6,-166,-166,-166,-166,-51,-51,-51,-51,-32,-32,-32,-32,81,81,81,56,56,-1,-1,-81,-81,-81,-60,-60,-60,-36,-36,-36,-36,-36,-36,35,35,86,86,86,185,185,185,121,121,121,302,561,665,665,494,494,566,566,566
92,14.01600000000000001,-57,-40,-8,-8,-36,-36,-36,-78,-78,-78,-78,-73,-73,-73,-69,-69,-75,-75,-92,-92,-31,-31,-16,-16,-16,-20,-20,-20,-20,-54,-54,-54,-54,-28,-28,-28,-1,-1,-52,-52,-139,-139,-139,-24,-24,-24,-3,-3,-3,-52,-52,-36,-36,-75,-75,-44,-44,-44,-65,-65,-65,-65,-52,-52,-52,-52,-72,-72,-72,-72,-54,-54,-54,-18,-18,-18,-56,-56,-56,-12,-12,-12,-12,0,0,0,0,0,-67,-67,-67,-67,-29,-29,-29,-57,-57,-36,-36,-36,9,9,9,9,-15,-15,-15,-15,-15,-28,-28,-28,-28,-91,-91,-91,-70,-70,-62,-62,-62,-2,-2,-2,-2,-35,-35,-35,-35,-35,-33,-33,-33,-33,-33,-13,-13,-13,-81,-81,-38,-38,-38,-6,-6,-6,-6,-25,-25,-25,-25,-25,88,88,88,88,67,67,67,6,6,31,31,31,-9,-9,-9,-9,-17,-17,-17,-17,-23,-23,-23,-23,-24,-24,-24,-42,-42,-42,-91,-91,-91,-38,-38,-38,43,43,69,69,69,8,8,8,-34,-34,-34,-43,-43,-92,-92,-32,-32,-32,25,25,25,25,32,32,32,32,-47,-47,-47,-79,-79,-79,-44,-44,8,8,8,-43,-43,-43,-61,-61,-61,-61,-82,-82,-82,-96,-96,-96,13,13,13,-7,-7,-7,-18,-18,-18,-18,-31,-31,-31,-31,51,51,51,-22,-22,-22,-20,-20,-47,-47,-47,-47,-103,-103,-103,-103,-27,-27,-27,-27,-107,-107,-107,-120,-120,-80,-80,37,37,37,71,71,71,71,-148,-148,-148,-148,-167,-167,-167,-56,-56,83,83,83,-82,-82,-82,-5,-5,-5,-5,32,32,32,32,-10,-10,-10,-10,-71,-71,-71,-61,-61,-61,-7,-7,-7,-7,-14,-14,-14,-14,-4,-4,-4,-4,-51,-51,-51,-77,-77,-77,1,1,1,22,22,22,22,-27,-27,-27,-27,-48,-48,-48,-48,-19,-19,-19,-74,-74,-74,-123,-123,-123,-123,-23,-23,-23,-23,-95,-95,-95,-139,-139,-139,-46,-46,-46,-30,-30,-30,-65,-65,-65,-65,-97,-97,-97,-97,-48,-48,-48,-48,-61,-61,-61,-37,-37,-37,-25,-25,-25,-85,-85,-85,-85,-79,-79,-79,-79,-72,-72,-72,-66,-66,-26,-26,-53,-53,-53,-46,-46,-46,-46,-87,-87,-87,-87,-79,-79,-79,-58,-58,-58,-26,-26,-26,6,6,6,-38,-38,-38,-38,-70,-70,-70,-70,-18,-18,-18,-27,-27,0,0,-30,-30,-73,-73,-73,82,82,82,82,31,31,31,31,-58,-58,-58,-96,-96,13,13,13,7,7,7,-86,-86,-86,-10,-10,-10,-10,-10,53,53,53,53,8,8,8,-93,-93,-93,-73,-73,-73,-52,-52,-52,-52,-52,-64,-64,-64,-64,-126,-126,-142,-142,-57,-57,-57,-15,-15,-15,-15,-176,-176,-176,-176,-113,-113,-113,-113,-71,-71,-71,-71,45,45,45,64,64,-8,-8,-64,-64,-64,-15,-15,-15,-25,-25,-25,-12,-12,-12,36,36,-20,-20,-20,119,119,119,120,120,120,187,431,557,557,453,453,412,412,428
93,14.21600000000000108,-50,-58,-81,-81,-103,-103,-103,-38,-38,-38,-38,-27,-27,-27,-106,-106,-119,-119,-187,-187,-136,-136,-98,-98,-98,-64,-64,-64,-64,-78,-78,-78,-78,8,8,8,53,53,-42,-42,-61,-61,-61,-43,-43,-43,-76,-76,-76,-51,-51,-33,-33,-93,-93,-101,-101,-101,-40,-40,-40,-40,-17,-17,-17,-17,22,22,22,22,30,30,30,-30,-30,-30,-56,-56,-56,-41,-41,-41,-41,-33,-33,-33,-33,-33,-92,-92,-92,-92,-63,-63,-63,-69,-69,-44,-44,-44,-77,-77,-77,-77,-54,-54,-54,-54,-54,-62,-62,-62,-62,-55,-55,-55,-80,-80,-96,-96,-96,-34,-34,-34,-34,-82,-82,-82,-82,-82,-6,-6,-6,-6,-6,-55,-55,-55,-102,-102,-96,-96,-96,-38,-38,-38,-38,-28,-28,-28,-28,-28,8,8,8,8,97,97,97,-10,-10,-25,-25,-25,21,21,21,21,-11,-11,-11,-11,-61,-61,-61,-61,-33,-33,-33,-120,-120,-120,-62,-62,-62,-56,-56,-56,-69,-69,-54,-54,-54,-78,-78,-78,-4,-4,-4,-30,-30,-62,-62,-76,-76,-76,-51,-51,-51,-51,-12,-12,-12,-12,-61,-61,-61,-93,-93,-93,-49,-49,-15,-15,-15,-121,-121,-121,-116,-116,-116,-116,-78,-78,-78,-120,-120,-120,-42,-42,-42,-24,-24,-24,-48,-48,-48,-48,-12,-12,-12,-12,-22,-22,-22,-54,-54,-54,-92,-92,-171,-171,-171,-171,-117,-117,-117,-117,-81,-81,-81,-81,-118,-118,-118,-179,-179,-115,-115,-62,-62,-62,-55,-55,-55,-55,-231,-231,-231,-231,-209,-209,-209,-89,-89,19,19,19,-146,-146,-146,-42,-42,-42,-42,13,13,13,13,-37,-37,-37,-37,-83,-83,-83,-110,-110,-110,-102,-102,-102,-102,-118,-118,-118,-118,-20,-20,-20,-20,-44,-44,-44,-56,-56,-56,-59,-59,-59,-24,-24,-24,-24,-101,-101,-101,-101,-60,-60,-60,-60,-44,-44,-44,-92,-92,-92,-158,-158,-158,-158,-50,-50,-50,-50,-106,-106,-106,-191,-191,-191,-73,-73,-73,-73,-73,-73,-140,-140,-140,-140,-125,-125,-125,-125,-81,-81,-81,-81,-67,-67,-67,-67,-67,-67,-85,-85,-85,-143,-143,-143,-143,-112,-112,-112,-112,-115,-115,-115,-106,-106,-76,-76,-49,-49,-49,-77,-77,-77,-77,-126,-126,-126,-126,-118,-118,-118,-109,-109,-109,-80,-80,-80,-56,-56,-56,-106,-106,-106,-106,-117,-117,-117,-117,-44,-44,-44,-41,-41,-2,-2,-88,-88,-136,-136,-136,33,33,33,33,7,7,7,7,-64,-64,-64,-109,-109,-48,-48,-48,-4,-4,-4,-71,-71,-71,-22,-22,-22,-22,-22,13,13,13,13,1,1,1,-102,-102,-102,-133,-133,-133,-57,-57,-57,-57,-57,-155,-155,-155,-155,-155,-155,-225,-225,-105,-105,-105,-79,-79,-79,-79,-199,-199,-199,-199,-155,-155,-155,-155,-125,-125,-125,-125,15,15,15,10,10,-36,-36,-63,-63,-63,12,12,12,-38,-38,-38,-45,-45,-45,-27,-27,-145,-145,-145,53,53,53,95,95,95,63,245,407,407,379,379,263,263,325
94,14.41600000000000037,-60,-97,-132,-132,-137,-137,-137,-54,-54,-54,-54,-8,-8,-8,-66,-66,-81,-81,-186,-186,-287,-287,-201,-201,-201,-110,-110,-110,-110,-57,-57,-57,-57,-59,-59,-59,4,4,-3,-3,46,46,46,-67,-67,-67,-58,-58,-58,-27,-27,-8,-8,-52,-52,-39,-39,-39,-32,-32,-32,-32,-17,-17,-17,-17,9,9,9,9,-31,-31,-31,42,42,42,-57,-57,-57,-78,-78,-78,-78,-54,-54,-54,-54,-54,-89,-89,-89,-89,-11,-11,-11,-36,-36,-12,-12,-12,-79,-79,-79,-79,-81,-81,-81,-81,-81,-21,-21,-21,-21,-9,-9,-9,-87,-87,-104,-104,-104,-70,-70,-70,-70,-70,-70,-70,-70,-70,-8,-8,-8,-8,-8,-54,-54,-54,-66,-66,-90,-90,-90,-31,-31,-31,-31,-1,-1,-1,-1,-1,38,38,38,38,97,97,97,-4,-4,-107,-107,-107,10,10,10,10,-29,-29,-29,-29,-87,-87,-87,-87,-16,-16,-16,-117,-117,-117,-31,-31,-31,-52,-52,-52,-110,-110,-104,-104,-104,-58,-58,-58,-6,-6,-6,-17,-17,-26,-26,-93,-93,-93,-99,-99,-99,-99,-8,-8,-8,-8,-61,-61,-61,-86,-86,-86,-15,-15,-31,-31,-31,-141,-141,-141,-103,-103,-103,-103,-54,-54,-54,-67,-67,-67,-52,-52,-52,-49,-49,-49,-33,-33,-33,-33,-16,-16,-16,-16,-12,-12,-12,-32,-32,-32,-151,-151,-171,-171,-171,-171,-121,-121,-121,-121,-104,-104,-104,-104,-129,-129,-129,-134,-134,-119,-119,-59,-59,-59,-105,-105,-105,-105,-208,-208,-208,-208,-175,-175,-175,-87,-87,-96,-96,-96,-135,-135,-135,-19,-19,-19,-19,9,9,9,9,-39,-39,-39,-39,-24,-24,-24,-122,-122,-122,-151,-151,-151,-151,-136,-136,-136,-136,-10,-10,-10,-10,-67,-67,-67,-69,-69,-69,-60,-60,-60,-59,-59,-59,-59,-41,-41,-41,-41,-24,-24,-24,-24,-15,-15,-15,-75,-75,-75,-91,-91,-91,-91,-56,-56,-56,-56,-70,-70,-70,-144,-144,-144,-46,-46,-46,-34,-34,-34,-126,-126,-126,-126,-109,-109,-109,-109,-81,-81,-81,-81,-61,-61,-61,-59,-59,-59,-110,-110,-110,-153,-153,-153,-153,-99,-99,-99,-99,-87,-87,-87,-99,-99,-64,-64,-21,-21,-21,-77,-77,-77,-77,-96,-96,-96,-96,-105,-105,-105,-103,-103,-103,-95,-95,-95,-88,-88,-88,-111,-111,-111,-111,-82,-82,-82,-82,-28,-28,-28,-35,-35,-38,-38,-96,-96,-111,-111,-111,-13,-13,-13,-13,-9,-9,-9,-9,-47,-47,-47,-84,-84,-48,-48,-48,-12,-12,-12,-25,-25,-25,-40,-40,-40,-40,-40,-9,-9,-9,-9,30,30,30,-96,-96,-96,-145,-145,-145,-41,-41,-41,-41,-41,-155,-155,-155,-155,-129,-129,-214,-214,-141,-141,-141,-112,-112,-112,-112,-162,-162,-162,-162,-141,-141,-141,-141,-119,-119,-119,-119,-19,-19,-19,-13,-13,-50,-50,-41,-41,-41,13,13,13,-56,-56,-56,-43,-43,-43,-62,-62,-176,-176,-176,-11,-11,-11,104,104,104,-46,126,308,308,396,396,187,187,246
95,14.61599999999999966,-25,-53,-85,-85,-92,-92,-92,24,24,24,24,2,2,2,-7,-7,-8,-8,-115,-115,-224,-224,-188,-188,-188,-59,-59,-59,-59,5,5,5,5,-66,-66,-66,-33,-33,126,126,-5,-5,-5,-35,-35,-35,-16,-16,-16,26,26,41,41,10,10,18,18,18,58,58,58,58,14,14,14,14,56,56,56,56,52,52,52,2,2,2,-37,-37,-37,-18,-18,-18,-18,-7,-7,-7,-7,-7,-14,-14,-14,-14,14,14,14,-10,-10,2,2,2,-5,-5,-5,-5,-35,-35,-35,-35,-35,-6,-6,-6,-6,50,50,50,27,27,-72,-72,-72,-61,-61,-61,-61,-11,-11,-11,-11,-11,3,3,3,3,3,-6,-6,-6,3,3,-68,-68,-68,16,16,16,16,25,25,25,25,25,-8,-8,-8,-8,134,134,134,41,41,-22,-22,-22,44,44,44,44,-11,-11,-11,-11,-87,-87,-87,-87,17,17,17,-3,-3,-3,64,64,64,63,63,63,-79,-79,-36,-36,-36,-13,-13,-13,28,28,28,52,52,42,42,19,19,19,-44,-44,-44,-44,22,22,22,22,10,10,10,11,11,11,31,31,15,15,15,-52,-52,-52,-45,-45,-45,-45,-10,-10,-10,-9,-9,-9,2,2,2,-1,-1,-1,39,39,39,39,45,45,45,45,23,23,23,15,15,15,-97,-97,-68,-68,-68,-68,13,13,13,13,-15,-15,-15,-15,-15,-15,-15,-49,-49,2,2,42,42,42,-46,-46,-46,-46,-68,-68,-68,-68,-59,-59,-59,-53,-53,-129,-129,-129,8,8,8,70,70,70,70,24,24,24,24,45,45,45,45,56,56,56,-16,-16,-16,-107,-107,-107,-107,-69,-69,-69,-69,59,59,59,59,2,2,2,16,16,16,17,17,17,-9,-9,-9,-9,0,0,0,0,1,1,1,1,59,59,59,57,57,57,47,47,47,47,55,55,55,55,61,61,61,-10,-10,-10,36,36,36,45,45,45,-39,-39,-39,-39,-39,-39,-39,-39,-19,-19,-19,-19,-2,-2,-2,-4,-4,-4,-54,-54,-54,-44,-44,-44,-44,-8,-8,-8,-8,-3,-3,-3,-11,-11,-8,-8,46,46,46,-7,-7,-7,-7,-28,-28,-28,-28,-40,-40,-40,-14,-14,-14,-62,-62,-62,-34,-34,-34,-33,-33,-33,-33,20,20,20,20,5,5,5,25,25,71,71,-35,-35,-35,-35,-35,-1,-1,-1,-1,43,43,43,43,21,21,21,13,13,4,4,4,19,19,19,77,77,77,-31,-31,-31,-31,-31,12,12,12,12,42,42,42,-29,-29,-29,-59,-59,-59,-4,-4,-4,-4,-4,-102,-102,-102,-102,-58,-58,-110,-110,-104,-104,-104,-91,-91,-91,-91,-41,-41,-41,-41,3,3,3,3,-43,-43,-43,-43,26,26,26,52,52,12,12,8,8,8,53,53,53,9,9,9,12,12,12,-21,-21,-78,-78,-78,23,23,23,146,146,146,-96,35,260,260,417,417,157,157,208
96,14.81600000000000072,66,55,58,58,55,55,55,58,58,58,58,50,50,50,31,31,48,48,19,19,-29,-29,-53,-53,-53,16,16,16,16,42,42,42,42,-60,-60,-60,15,15,79,79,143,143,143,10,10,10,6,6,6,82,82,92,92,119,119,121,121,121,87,87,87,87,48,48,48,48,105,105,105,105,74,74,74,123,123,123,36,36,36,45,45,45,45,54,54,54,54,54,66,66,66,66,52,52,52,56,56,107,107,107,79,79,79,79,111,111,111,111,111,87,87,87,87,62,62,62,145,145,36,36,36,36,36,36,36,76,76,76,76,76,57,57,57,57,57,95,95,95,75,75,29,29,29,97,97,97,97,73,73,73,73,73,39,39,39,39,98,98,98,122,122,53,53,53,73,73,73,73,36,36,36,36,-5,-5,-5,-5,51,51,51,99,99,99,136,136,136,119,119,119,73,73,74,74,74,91,91,91,76,76,76,78,78,101,101,123,123,123,116,116,116,116,92,92,92,92,90,90,90,93,93,93,102,102,134,134,134,87,87,87,60,60,60,60,52,52,52,100,100,100,86,86,86,60,60,60,139,139,139,139,88,88,88,88,97,97,97,88,88,88,56,56,125,125,125,125,107,107,107,107,45,45,45,45,114,114,114,104,104,120,120,158,158,158,91,91,91,91,121,121,121,121,53,53,53,46,46,-34,-34,-34,178,178,178,183,183,183,183,82,82,82,82,122,122,122,122,177,177,177,136,136,136,31,31,31,31,68,68,68,68,103,103,103,103,99,99,99,132,132,132,113,113,113,92,92,92,92,87,87,87,87,80,80,80,80,162,162,162,161,161,161,222,222,222,222,166,166,166,166,173,173,173,173,173,173,154,154,154,166,166,166,101,101,101,101,76,76,76,76,80,80,80,80,79,79,79,81,81,81,64,64,64,100,100,100,100,122,122,122,122,109,109,109,117,117,100,100,119,119,119,121,121,121,121,72,72,72,72,112,112,112,93,93,93,49,49,49,70,70,70,136,136,136,136,140,140,140,140,89,89,89,72,72,109,109,65,65,69,69,69,85,85,85,85,106,106,106,106,106,106,106,129,129,73,73,73,92,92,92,162,162,162,45,45,45,45,45,43,43,43,43,103,103,103,38,38,38,30,30,30,82,82,82,82,82,4,4,4,4,47,47,35,35,5,5,5,10,10,10,10,109,109,109,109,119,119,119,119,54,54,54,54,107,107,107,132,132,94,94,62,62,62,86,86,86,101,101,101,133,133,133,84,84,128,128,128,101,101,101,209,209,209,-106,28,236,236,470,470,155,155,230
97,15.01600000000000001,163,170,201,201,200,200,200,162,162,162,162,95,95,95,105,105,135,135,160,160,153,153,137,137,137,112,112,112,112,117,117,117,117,-94,-94,-94,10,10,120,120,169,169,169,101,101,101,81,81,81,152,152,179,179,194,194,178,178,178,176,176,176,176,132,132,132,132,143,143,143,143,58,58,58,118,118,118,121,121,121,136,136,136,136,158,158,158,158,158,155,155,155,155,99,99,99,115,115,159,159,159,203,203,203,203,171,171,171,171,171,175,175,175,175,125,125,125,156,156,127,127,127,110,110,110,110,136,136,136,136,136,57,57,57,57,57,139,139,139,135,135,103,103,103,146,146,146,146,121,121,121,121,121,26,26,26,26,78,78,78,155,155,140,140,140,146,146,146,146,61,61,61,61,41,41,41,41,107,107,107,165,165,165,203,203,203,164,164,164,153,153,167,167,167,175,175,175,145,145,145,130,130,195,195,209,209,209,183,183,183,183,134,134,134,134,119,119,119,140,140,140,138,138,193,193,193,214,214,214,148,148,148,148,145,145,145,163,163,163,125,125,125,128,128,128,204,204,204,204,116,116,116,116,164,164,164,155,155,155,236,236,270,270,270,270,165,165,165,165,125,125,125,125,208,208,208,221,221,238,238,257,257,257,204,204,204,204,221,221,221,221,167,167,167,153,153,171,171,171,309,309,309,254,254,254,254,152,152,152,152,187,187,187,187,290,290,290,300,300,300,213,213,213,213,173,173,173,173,179,179,179,179,182,182,182,232,232,232,230,230,230,217,217,217,217,172,172,172,172,156,156,156,156,209,209,209,237,237,237,322,322,322,322,260,260,260,260,288,288,288,312,312,312,241,241,241,275,275,275,242,242,242,242,182,182,182,182,158,158,158,158,141,141,141,178,178,178,184,184,184,226,226,226,226,216,216,216,216,164,164,164,205,205,193,193,180,180,180,235,235,235,235,196,196,196,196,197,197,197,217,217,217,163,163,163,195,195,195,230,230,230,230,224,224,224,224,157,157,157,132,132,168,168,163,163,171,171,171,122,122,122,122,184,184,184,184,166,166,166,204,204,127,127,127,146,146,146,248,248,248,114,114,114,114,114,122,122,122,122,154,154,154,180,180,180,175,175,175,174,174,174,174,174,128,128,128,128,139,139,171,171,119,119,119,159,159,159,159,204,204,204,204,215,215,215,215,120,120,120,120,147,147,147,189,189,165,165,123,123,123,119,119,119,130,130,130,214,214,214,185,185,299,299,299,197,197,197,258,258,258,-55,48,243,243,487,487,208,208,233
98,15.21600000000000108,221,248,269,269,247,247,247,136,136,136,136,125,125,125,127,127,159,159,250,250,268,268,208,208,208,130,130,130,130,121,121,121,121,-77,-77,-77,35,35,101,101,178,178,178,104,104,104,107,107,107,140,140,176,176,203,203,222,222,222,212,212,212,212,202,202,202,202,128,128,128,128,129,129,129,111,111,111,140,140,140,168,168,168,168,172,172,172,172,172,168,168,168,168,136,136,136,173,173,153,153,153,196,196,196,196,182,182,182,182,182,150,150,150,150,158,158,158,164,164,151,151,151,167,167,167,167,161,161,161,161,161,75,75,75,75,75,142,142,142,170,170,122,122,122,156,156,156,156,94,94,94,94,94,0,0,0,0,62,62,62,147,147,116,116,116,146,146,146,146,82,82,82,82,80,80,80,80,102,102,102,139,139,139,182,182,182,180,180,180,189,189,211,211,211,181,181,181,131,131,131,161,161,168,168,236,236,236,184,184,184,184,102,102,102,102,120,120,120,153,153,153,125,125,194,194,194,235,235,235,186,186,186,186,187,187,187,199,199,199,138,138,138,111,111,111,214,214,214,214,157,157,157,157,114,114,114,178,178,178,235,235,260,260,260,260,181,181,181,181,191,191,191,191,221,221,221,276,276,260,260,237,237,237,224,224,224,224,257,257,257,257,264,264,264,246,246,317,317,317,357,357,357,225,225,225,225,191,191,191,191,200,200,200,200,285,285,285,346,346,346,320,320,320,320,199,199,199,199,193,193,193,193,210,210,210,272,272,272,256,256,256,236,236,236,236,189,189,189,189,174,174,174,174,216,216,216,241,241,241,352,352,352,352,263,263,263,263,306,306,306,345,345,345,247,247,247,291,291,291,300,300,300,300,239,239,239,239,241,241,241,241,209,209,209,222,222,222,228,228,228,260,260,260,260,243,243,243,243,196,196,196,215,215,206,206,218,218,218,279,279,279,279,255,255,255,255,272,272,272,256,256,256,191,191,191,243,243,243,224,224,224,224,237,237,237,237,198,198,198,169,169,172,172,188,188,190,190,190,153,153,153,153,161,161,161,161,196,196,196,250,250,155,155,155,158,158,158,292,292,292,148,148,148,148,148,155,155,155,155,211,211,211,234,234,234,236,236,236,225,225,225,225,225,230,230,230,230,228,228,236,236,192,192,192,243,243,243,243,259,259,259,259,196,196,196,196,149,149,149,149,148,148,148,204,204,173,173,117,117,117,107,107,107,129,129,129,215,215,215,198,198,367,367,367,209,209,209,265,265,265,-30,26,241,241,454,454,205,205,205
99,15.41600000000000037,182,246,218,218,211,211,211,106,106,106,106,45,45,45,129,129,188,188,263,263,198,198,187,187,187,137,137,137,137,55,55,55,55,-106,-106,-106,42,42,120,120,120,120,120,79,79,79,138,138,138,153,153,174,174,161,161,158,158,158,158,158,158,158,109,109,109,109,48,48,48,48,54,54,54,110,110,110,126,126,126,143,143,143,143,112,112,112,112,112,126,126,126,126,155,155,155,135,135,121,121,121,139,139,139,139,133,133,133,133,133,93,93,93,93,96,96,96,141,141,155,155,155,143,143,143,143,146,146,146,146,146,98,98,98,98,98,154,154,154,151,151,108,108,108,52,52,52,52,31,31,31,31,31,19,19,19,19,30,30,30,109,109,61,61,61,132,132,132,132,68,68,68,68,91,91,91,91,92,92,92,82,82,82,103,103,103,110,110,110,121,121,73,73,73,94,94,94,126,126,126,137,137,176,176,188,188,188,102,102,102,102,68,68,68,68,104,104,104,140,140,140,90,90,129,129,129,183,183,183,163,163,163,163,153,153,153,202,202,202,104,104,104,74,74,74,146,146,146,146,139,139,139,139,160,160,160,194,194,194,195,195,169,169,169,169,165,165,165,165,149,149,149,149,191,191,191,255,255,244,244,173,173,173,178,178,178,178,256,256,256,256,329,329,329,270,270,347,347,347,283,283,283,139,139,139,139,128,128,128,128,171,171,171,171,213,213,213,242,242,242,271,271,271,271,160,160,160,160,160,160,160,160,209,209,209,209,209,209,216,216,216,190,190,190,190,123,123,123,123,156,156,156,156,183,183,183,171,171,171,297,297,297,297,201,201,201,201,245,245,245,304,304,304,232,232,232,240,240,240,263,263,263,263,227,227,227,227,253,253,253,253,187,187,187,216,216,216,196,196,196,223,223,223,223,196,196,196,196,197,197,197,172,172,222,222,220,220,220,284,284,284,284,232,232,232,232,232,232,232,250,250,250,210,210,210,192,192,192,165,165,165,165,184,184,184,184,197,197,197,123,123,99,99,141,141,178,178,178,148,148,148,148,152,152,152,152,172,172,172,204,204,143,143,143,128,128,128,274,274,274,169,169,169,169,169,176,176,176,176,268,268,268,230,230,230,222,222,222,194,194,194,194,194,258,258,258,258,266,266,259,259,211,211,211,212,212,212,212,215,215,215,215,140,140,140,140,79,79,79,79,89,89,89,141,141,110,110,92,92,92,39,39,39,68,68,68,156,156,156,148,148,229,229,229,160,160,160,236,236,236,-64,-103,181,181,404,404,176,176,110
100,15.61599999999999966,157,164,113,113,109,109,109,79,79,79,79,69,69,69,162,162,195,195,148,148,95,95,150,150,150,81,81,81,81,56,56,56,56,-87,-87,-87,22,22,52,52,74,74,74,114,114,114,86,86,86,97,97,116,116,93,93,112,112,112,124,124,124,124,59,59,59,59,89,89,89,89,-38,-38,-38,97,97,97,77,77,77,62,62,62,62,116,116,116,116,116,145,145,145,145,102,102,102,113,113,76,76,76,84,84,84,84,98,98,98,98,98,101,101,101,101,57,57,57,87,87,76,76,76,41,41,41,41,110,110,110,110,110,96,96,96,96,96,139,139,139,158,158,47,47,47,-30,-30,-30,-30,31,31,31,31,31,-7,-7,-7,-7,-1,-1,-1,30,30,4,4,4,65,65,65,65,43,43,43,43,106,106,106,106,77,77,77,36,36,36,62,62,62,75,75,75,46,46,-11,-11,-11,52,52,52,75,75,75,87,87,69,69,103,103,103,22,22,22,22,26,26,26,26,72,72,72,79,79,79,37,37,43,43,43,104,104,104,152,152,152,152,117,117,117,175,175,175,83,83,83,31,31,31,70,70,70,70,107,107,107,107,143,143,143,164,164,164,103,103,29,29,29,29,113,113,113,113,137,137,137,137,164,164,164,232,232,195,195,102,102,102,134,134,134,134,264,264,264,264,330,330,330,272,272,232,232,232,146,146,146,30,30,30,30,75,75,75,75,109,109,109,109,117,117,117,132,132,132,182,182,182,182,120,120,120,120,124,124,124,124,173,173,173,164,164,164,121,121,121,73,73,73,73,86,86,86,86,164,164,164,164,124,124,124,96,96,96,185,185,185,185,127,127,127,127,165,165,165,235,235,235,145,145,145,183,183,183,218,218,218,218,195,195,195,195,195,195,195,195,155,155,155,170,170,170,137,137,137,163,163,163,163,126,126,126,126,159,159,159,160,160,194,194,198,198,198,235,235,235,235,189,189,189,189,166,166,166,190,190,190,177,177,177,148,148,148,100,100,100,100,147,147,147,147,132,132,132,100,100,48,48,72,72,123,123,123,114,114,114,114,111,111,111,111,151,151,151,149,149,111,111,111,106,106,106,189,189,189,145,145,145,145,145,179,179,179,179,243,243,243,151,151,151,175,175,175,171,171,171,171,171,252,252,252,252,253,253,245,245,168,168,168,163,163,163,163,162,162,162,162,38,38,38,38,40,40,40,40,63,63,63,61,61,39,39,60,60,60,-28,-28,-28,46,46,46,72,72,72,61,61,25,25,25,108,108,108,180,180,180,-127,-207,74,74,287,287,136,136,55
101,15.81600000000000072,86,60,12,12,2,2,2,44,44,44,44,54,54,54,133,133,104,104,85,85,-35,-35,88,88,88,69,69,69,69,43,43,43,43,-36,-36,-36,-19,-19,26,26,37,37,37,83,83,83,38,38,38,102,102,60,60,64,64,85,85,85,62,62,62,62,53,53,53,53,53,53,53,53,75,75,75,47,47,47,7,7,7,18,18,18,18,37,37,37,37,37,58,58,58,58,48,48,48,48,48,36,36,36,35,35,35,35,76,76,76,76,76,59,59,59,59,44,44,44,101,101,56,56,56,31,31,31,31,79,79,79,79,79,79,79,79,79,79,97,97,97,124,124,53,53,53,-61,-61,-61,-61,20,20,20,20,20,8,8,8,8,4,4,4,9,9,-55,-55,-55,0,0,0,0,31,31,31,31,62,62,62,62,67,67,67,-25,-25,-25,40,40,40,43,43,43,-14,-14,-25,-25,-25,12,12,12,67,67,67,20,20,-2,-2,20,20,20,-16,-16,-16,-16,0,0,0,0,58,58,58,56,56,56,35,35,23,23,23,97,97,97,172,172,172,172,120,120,120,107,107,107,66,66,66,50,50,50,71,71,71,71,94,94,94,94,162,162,162,164,164,164,39,39,-47,-47,-47,-47,92,92,92,92,133,133,133,133,140,140,140,141,141,95,95,65,65,65,157,157,157,157,284,284,284,284,315,315,315,201,201,104,104,104,50,50,50,-58,-58,-58,-58,8,8,8,8,27,27,27,27,32,32,32,-5,-5,-5,38,38,38,38,134,134,134,134,99,99,99,99,135,135,135,81,81,81,11,11,11,30,30,30,30,107,107,107,107,127,127,127,127,81,81,81,52,52,52,87,87,87,87,79,79,79,79,99,99,99,164,164,164,95,95,95,123,123,123,163,163,163,163,144,144,144,144,167,167,167,167,120,120,120,109,109,109,105,105,105,99,99,99,99,73,73,73,73,132,132,132,119,119,135,135,174,174,174,179,179,179,179,102,102,102,102,122,122,122,133,133,133,164,164,164,146,146,146,43,43,43,43,107,107,107,107,77,77,77,89,89,-5,-5,22,22,103,103,103,88,88,88,88,103,103,103,103,100,100,100,120,120,94,94,94,97,97,97,123,123,123,132,132,132,132,132,181,181,181,181,250,250,250,141,141,141,148,148,148,146,146,146,146,146,205,205,205,205,204,204,199,199,133,133,133,91,91,91,91,136,136,136,136,25,25,25,25,0,0,0,0,24,24,24,52,52,5,5,87,87,87,-37,-37,-37,37,37,37,30,30,30,35,35,-98,-98,-98,65,65,65,149,149,149,-192,-300,-33,-33,197,197,130,130,32
102,16.01600000000000179,35,-99,-102,-102,-45,-45,-45,41,41,41,41,34,34,34,16,16,79,79,-54,-54,-125,-125,54,54,54,-6,-6,-6,-6,48,48,48,48,67,67,67,-35,-35,21,21,59,59,59,33,33,33,58,58,58,36,36,30,30,26,26,45,45,45,5,5,5,5,12,12,12,12,82,82,82,82,100,100,100,25,25,25,3,3,3,-54,-54,-54,-54,75,75,75,75,75,37,37,37,37,20,20,20,2,2,-12,-12,-12,-1,-1,-1,-1,60,60,60,60,60,17,17,17,17,16,16,16,43,43,3,3,3,-2,-2,-2,-2,62,62,62,62,62,60,60,60,60,60,92,92,92,68,68,5,5,5,-78,-78,-78,-78,40,40,40,40,40,51,51,51,51,-17,-17,-17,-39,-39,-55,-55,-55,-13,-13,-13,-13,42,42,42,42,99,99,99,99,17,17,17,-12,-12,-12,3,3,3,5,5,5,-42,-42,-59,-59,-59,7,7,7,19,19,19,-21,-21,16,16,-31,-31,-31,-4,-4,-4,-4,13,13,13,13,59,59,59,34,34,34,8,8,8,8,8,69,69,69,171,171,171,171,85,85,85,64,64,64,56,56,56,73,73,73,34,34,34,34,58,58,58,58,152,152,152,141,141,141,-5,-5,-41,-41,-41,-41,79,79,79,79,130,130,130,130,119,119,119,85,85,1,1,26,26,26,181,181,181,181,239,239,239,239,200,200,200,102,102,38,38,38,-47,-47,-47,-44,-44,-44,-44,-21,-21,-21,-21,23,23,23,23,-42,-42,-42,-89,-89,-89,-16,-16,-16,-16,86,86,86,86,70,70,70,70,83,83,83,10,10,10,-38,-38,-38,-12,-12,-12,-12,103,103,103,103,122,122,122,122,78,78,78,38,38,38,11,11,11,11,48,48,48,48,67,67,67,99,99,99,51,51,51,48,48,48,106,106,106,106,95,95,95,95,108,108,108,108,86,86,86,60,60,60,58,58,58,73,73,73,73,59,59,59,59,94,94,94,72,72,69,69,115,115,115,110,110,110,110,51,51,51,51,64,64,64,129,129,129,121,121,121,102,102,102,36,36,36,36,58,58,58,58,73,73,73,48,48,-31,-31,-4,-4,41,41,41,88,88,88,88,81,81,81,81,47,47,47,41,41,74,74,74,65,65,65,41,41,41,120,120,120,120,120,167,167,167,167,182,182,182,99,99,99,95,95,95,142,142,142,142,142,149,149,149,149,129,129,132,132,56,56,56,6,6,6,6,123,123,123,123,10,10,10,10,17,17,17,17,20,20,20,0,0,-7,-7,72,72,72,-11,-11,-11,61,61,61,11,11,11,19,19,-144,-144,-144,20,20,20,106,106,106,-264,-374,-130,-130,115,115,178,178,89
103,16.21600000000000108,-22,-154,-124,-124,-69,-69,-69,-14,-14,-14,-14,36,36,36,7,7,-25,-25,-150,-150,-158,-158,11,11,11,-37,-37,-37,-37,14,14,14,14,60,60,60,-3,-3,-45,-45,46,46,46,43,43,43,42,42,42,24,24,-6,-6,-32,-32,-22,-22,-22,-39,-39,-39,-39,1,1,1,1,80,80,80,80,40,40,40,14,14,14,-54,-54,-54,-2,-2,-2,-2,62,62,62,62,62,34,34,34,34,23,23,23,-5,-5,-31,-31,-31,-34,-34,-34,-34,32,32,32,32,32,31,31,31,31,-5,-5,-5,20,20,-27,-27,-27,-30,-30,-30,-30,28,28,28,28,28,55,55,55,55,55,23,23,23,24,24,-33,-33,-33,-72,-72,-72,-72,36,36,36,36,36,61,61,61,61,8,8,8,-61,-61,-54,-54,-54,-85,-85,-85,-85,45,45,45,45,93,93,93,93,43,43,43,-5,-5,-5,22,22,22,20,20,20,-57,-57,-44,-44,-44,-12,-12,-12,15,15,15,-35,-35,-7,-7,-77,-77,-77,-32,-32,-32,-32,11,11,11,11,57,57,57,-4,-4,-4,8,8,-14,-14,-14,39,39,39,130,130,130,130,44,44,44,35,35,35,39,39,39,46,46,46,34,34,34,34,95,95,95,95,157,157,157,82,82,82,15,15,-60,-60,-60,-60,92,92,92,92,91,91,91,91,74,74,74,32,32,-54,-54,10,10,10,145,145,145,145,135,135,135,135,52,52,52,50,50,-29,-29,-29,-98,-98,-98,-51,-51,-51,-51,-50,-50,-50,-50,-19,-19,-19,-19,-42,-42,-42,-126,-126,-126,-55,-55,-55,-55,60,60,60,60,28,28,28,28,10,10,10,-50,-50,-50,-33,-33,-33,-32,-32,-32,-32,98,98,98,98,84,84,84,84,50,50,50,28,28,28,-33,-33,-33,-33,29,29,29,29,39,39,39,8,8,8,-37,-37,-37,10,10,10,44,44,44,44,53,53,53,53,81,81,81,81,40,40,40,25,25,25,34,34,34,40,40,40,40,52,52,52,52,43,43,43,6,6,-14,-14,27,27,27,46,46,46,46,-8,-8,-8,-8,42,42,42,102,102,102,69,69,69,71,71,71,2,2,2,2,16,16,16,16,30,30,30,-25,-25,-65,-65,-51,-51,2,2,2,77,77,77,77,52,52,52,52,-17,-17,-17,-22,-22,44,44,44,34,34,34,-14,-14,-14,132,132,132,132,132,166,166,166,166,128,128,128,42,42,42,51,51,51,120,120,120,120,120,83,83,83,83,60,60,51,51,-44,-44,-44,6,6,6,6,113,113,113,113,-4,-4,-4,-4,22,22,22,22,29,29,29,-14,-14,-6,-6,75,75,75,46,46,46,60,60,60,28,28,28,46,46,-101,-101,-101,19,19,19,91,91,91,-321,-435,-199,-199,65,65,217,217,166
104,16.41600000000000037,-1,-150,-114,-114,-120,-120,-120,-58,-58,-58,-58,34,34,34,-46,-46,-94,-94,-168,-168,-143,-143,-95,-95,-95,-70,-70,-70,-70,15,15,15,15,124,124,124,-26,-26,6,6,46,46,46,71,71,71,66,66,66,6,6,3,3,-42,-42,-39,-39,-39,-75,-75,-75,-75,-6,-6,-6,-6,3,3,3,3,25,25,25,23,23,23,-37,-37,-37,-18,-18,-18,-18,98,98,98,98,98,30,30,30,30,29,29,29,-74,-74,-127,-127,-127,-77,-77,-77,-77,-36,-36,-36,-36,-36,30,30,30,30,8,8,8,-7,-7,-82,-82,-82,-85,-85,-85,-85,17,17,17,17,17,32,32,32,32,32,34,34,34,-8,-8,-86,-86,-86,-36,-36,-36,-36,29,29,29,29,29,72,72,72,72,10,10,10,-83,-83,-30,-30,-30,3,3,3,3,0,0,0,0,58,58,58,58,-21,-21,-21,-40,-40,-40,-12,-12,-12,-33,-33,-33,-60,-60,-62,-62,-62,-88,-88,-88,8,8,8,-23,-23,-23,-23,-105,-105,-105,-61,-61,-61,-61,40,40,40,40,45,45,45,-10,-10,-10,12,12,9,9,9,-4,-4,-4,71,71,71,71,47,47,47,-17,-17,-17,5,5,5,-7,-7,-7,17,17,17,17,76,76,76,76,123,123,123,45,45,45,-6,-6,-77,-77,-77,-77,79,79,79,79,97,97,97,97,66,66,66,-31,-31,-102,-102,-23,-23,-23,62,62,62,62,-1,-1,-1,-1,-72,-72,-72,-13,-13,-32,-32,-32,-181,-181,-181,-48,-48,-48,-48,-43,-43,-43,-43,2,2,2,2,-68,-68,-68,-127,-127,-127,-69,-69,-69,-69,18,18,18,18,-42,-42,-42,-42,-31,-31,-31,-78,-78,-78,-60,-60,-60,-55,-55,-55,-55,81,81,81,81,84,84,84,84,67,67,67,7,7,7,-62,-62,-62,-62,3,3,3,3,11,11,11,-43,-43,-43,-69,-69,-69,-21,-21,-21,-2,-2,-2,-2,21,21,21,21,44,44,44,44,22,22,22,-9,-9,-9,-4,-4,-4,8,8,8,8,17,17,17,17,-9,-9,-9,-59,-59,-79,-79,-37,-37,-37,20,20,20,20,-36,-36,-36,-36,-11,-11,-11,66,66,66,-11,-11,-11,17,17,17,-23,-23,-23,-23,1,1,1,1,-12,-12,-12,-58,-58,-66,-66,-63,-63,-39,-39,-39,77,77,77,77,37,37,37,37,-70,-70,-70,-84,-84,-1,-1,-1,-7,-7,-7,-48,-48,-48,98,98,98,98,98,131,131,131,131,78,78,78,-29,-29,-29,3,3,3,108,108,108,108,108,26,26,26,26,-22,-22,-46,-46,-104,-104,-104,-2,-2,-2,-2,87,87,87,87,-20,-20,-20,-20,-17,-17,-17,-17,10,10,10,-44,-44,3,3,77,77,77,91,91,91,53,53,53,27,27,27,52,52,-21,-21,-21,9,9,9,55,55,55,-355,-476,-267,-267,19,19,281,281,231
105,16.61599999999999966,-20,-114,-116,-116,-102,-102,-102,-48,-48,-48,-48,0,0,0,-64,-64,-43,-43,-124,-124,-111,-111,-134,-134,-134,-102,-102,-102,-102,42,42,42,42,157,157,157,62,62,-8,-8,81,81,81,84,84,84,17,17,17,-40,-40,-53,-53,-92,-92,-51,-51,-51,-67,-67,-67,-67,14,14,14,14,32,32,32,32,49,49,49,43,43,43,-16,-16,-16,-12,-12,-12,-12,74,74,74,74,74,54,54,54,54,17,17,17,-57,-57,-98,-98,-98,-101,-101,-101,-101,-50,-50,-50,-50,-50,12,12,12,12,-19,-19,-19,-25,-25,-87,-87,-87,-67,-67,-67,-67,-3,-3,-3,-3,-3,25,25,25,25,25,35,35,35,-37,-37,-64,-64,-64,-42,-42,-42,-42,30,30,30,30,30,44,44,44,44,19,19,19,-98,-98,-53,-53,-53,-18,-18,-18,-18,-15,-15,-15,-15,30,30,30,30,21,21,21,-61,-61,-61,-26,-26,-26,-32,-32,-32,-68,-68,-53,-53,-53,-61,-61,-61,11,11,11,-42,-42,-18,-18,-80,-80,-80,-67,-67,-67,-67,-26,-26,-26,-26,27,27,27,-74,-74,-74,-12,-12,21,21,21,-34,-34,-34,7,7,7,7,6,6,6,-25,-25,-25,7,7,7,-44,-44,-44,33,33,33,33,48,48,48,48,103,103,103,20,20,20,-31,-31,-85,-85,-85,-85,19,19,19,19,64,64,64,64,67,67,67,-45,-45,-113,-113,-29,-29,-29,-38,-38,-38,-38,-74,-74,-74,-74,-128,-128,-128,-5,-5,-46,-46,-46,-189,-189,-189,-48,-48,-48,-48,-23,-23,-23,-23,-4,-4,-4,-4,-56,-56,-56,-109,-109,-109,-99,-99,-99,-99,-45,-45,-45,-45,-63,-63,-63,-63,-39,-39,-39,-77,-77,-77,-50,-50,-50,-66,-66,-66,-66,67,67,67,67,50,50,50,50,51,51,51,26,26,26,-63,-63,-63,-63,-11,-11,-11,-11,-12,-12,-12,-51,-51,-51,-63,-63,-63,-25,-25,-25,-26,-26,-26,-26,-8,-8,-8,-8,7,7,7,7,10,10,10,-12,-12,-12,-49,-49,-49,-14,-14,-14,-14,11,11,11,11,-36,-36,-36,-63,-63,-89,-89,-33,-33,-33,7,7,7,7,-52,-52,-52,-52,-11,-11,-11,23,23,23,-31,-31,-31,-54,-54,-54,-57,-57,-57,-57,-24,-24,-24,-24,-54,-54,-54,-60,-60,-41,-41,-58,-58,-50,-50,-50,53,53,53,53,-9,-9,-9,-9,-112,-112,-112,-132,-132,-35,-35,-35,-18,-18,-18,-20,-20,-20,70,70,70,70,70,100,100,100,100,-4,-4,-4,-2,-2,-2,-49,-49,-49,98,98,98,98,98,14,14,14,14,-74,-74,-81,-81,-74,-74,-74,-21,-21,-21,-21,37,37,37,37,-18,-18,-18,-18,17,17,17,17,-10,-10,-10,-61,-61,-30,-30,55,55,55,118,118,118,39,39,39,11,11,11,43,43,1,1,1,-23,-23,-23,26,26,26,-343,-460,-298,-298,4,4,319,319,280
106,16.81599999999999895,5,-19,-11,-11,-30,-30,-30,11,11,11,11,45,45,45,11,11,2,2,22,22,30,30,-79,-79,-79,-15,-15,-15,-15,-5,-5,-5,-5,182,182,182,145,145,57,57,99,99,99,41,41,41,26,26,26,-13,-13,-29,-29,-42,-42,5,5,5,-14,-14,-14,-14,51,51,51,51,17,17,17,17,45,45,45,59,59,59,46,46,46,27,27,27,27,77,77,77,77,77,72,72,72,72,-10,-10,-10,-19,-19,-65,-65,-65,-59,-59,-59,-59,-30,-30,-30,-30,-30,33,33,33,33,-14,-14,-14,20,20,-31,-31,-31,-49,-49,-49,-49,-2,-2,-2,-2,-2,-12,-12,-12,-12,-12,-5,-5,-5,-16,-16,-36,-36,-36,23,23,23,23,55,55,55,55,55,82,82,82,82,44,44,44,-25,-25,40,40,40,-4,-4,-4,-4,-16,-16,-16,-16,16,16,16,16,30,30,30,-37,-37,-37,-20,-20,-20,6,6,6,-8,-8,-12,-12,-12,5,5,5,74,74,74,-12,-12,1,1,-16,-16,-16,-52,-52,-52,-52,10,10,10,10,45,45,45,35,35,35,36,36,26,26,26,-46,-46,-46,30,30,30,30,-1,-1,-1,-11,-11,-11,2,2,2,-28,-28,-28,61,61,61,61,87,87,87,87,74,74,74,-2,-2,-2,12,12,-54,-54,-54,-54,34,34,34,34,38,38,38,38,91,91,91,27,27,-30,-30,35,35,35,-45,-45,-45,-45,-41,-41,-41,-41,-99,-99,-99,1,1,-15,-15,-15,-101,-101,-101,-24,-24,-24,-24,-12,-12,-12,-12,-19,-19,-19,-19,-6,-6,-6,-8,-8,-8,-66,-66,-66,-66,-72,-72,-72,-72,-27,-27,-27,-27,-34,-34,-34,-16,-16,-16,2,2,2,-17,-17,-17,-17,46,46,46,46,13,13,13,13,54,54,54,28,28,28,-8,-8,-8,-8,26,26,26,26,36,36,36,-15,-15,-15,10,10,10,18,18,18,3,3,3,3,12,12,12,12,40,40,40,40,9,9,9,-7,-7,-7,-39,-39,-39,-12,-12,-12,-12,39,39,39,39,19,19,19,-17,-17,-10,-10,-10,-10,-10,17,17,17,17,-7,-7,-7,-7,-28,-28,-28,23,23,23,-25,-25,-25,-40,-40,-40,-46,-46,-46,-46,6,6,6,6,-31,-31,-31,-2,-2,12,12,9,9,1,1,1,48,48,48,48,0,0,0,0,-66,-66,-66,-85,-85,-6,-6,-6,-12,-12,-12,-15,-15,-15,68,68,68,68,68,40,40,40,40,16,16,16,18,18,18,-43,-43,-43,41,41,41,41,41,-9,-9,-9,-9,-86,-86,-69,-69,4,4,4,38,38,38,38,22,22,22,22,26,26,26,26,62,62,62,62,23,23,23,-42,-42,-29,-29,58,58,58,127,127,127,43,43,43,22,22,22,55,55,58,58,58,-2,-2,-2,16,16,16,-269,-388,-283,-283,-10,-10,305,305,305
107,17.01600000000000179,55,85,80,80,27,27,27,66,66,66,66,73,73,73,48,48,50,50,145,145,159,159,75,75,75,65,65,65,65,56,56,56,56,110,110,110,98,98,137,137,127,127,127,117,117,117,52,52,52,86,86,83,83,21,21,19,19,19,71,71,71,71,17,17,17,17,26,26,26,26,93,93,93,116,116,116,40,40,40,66,66,66,66,79,79,79,79,79,100,100,100,100,57,57,57,29,29,13,13,13,8,8,8,8,30,30,30,30,30,15,15,15,15,37,37,37,40,40,57,57,57,65,65,65,65,38,38,38,38,38,55,55,55,55,55,10,10,10,43,43,69,69,69,61,61,61,61,83,83,83,83,83,97,97,97,97,104,104,104,37,37,83,83,83,104,104,104,104,46,46,46,46,76,76,76,76,31,31,31,32,32,32,59,59,59,60,60,60,75,75,79,79,79,61,61,61,59,59,59,33,33,61,61,48,48,48,23,23,23,23,29,29,29,29,73,73,73,49,49,49,98,98,72,72,72,8,8,8,58,58,58,58,15,15,15,34,34,34,49,49,49,31,31,31,90,90,90,90,69,69,69,69,68,68,68,21,21,21,70,70,60,60,60,60,53,53,53,53,75,75,75,75,108,108,108,85,85,50,50,62,62,62,-12,-12,-12,-12,27,27,27,27,-13,-13,-13,26,26,17,17,17,21,21,21,54,54,54,54,48,48,48,48,29,29,29,29,47,47,47,74,74,74,-6,-6,-6,-6,-9,-9,-9,-9,27,27,27,27,50,50,50,93,93,93,50,50,50,68,68,68,68,106,106,106,106,44,44,44,44,75,75,75,62,62,62,60,60,60,60,73,73,73,73,76,76,76,49,49,49,110,110,110,89,89,89,73,73,73,73,44,44,44,44,70,70,70,70,22,22,22,63,63,63,16,16,16,27,27,27,27,67,67,67,67,27,27,27,63,63,84,84,96,96,96,60,60,60,60,43,43,43,43,32,32,32,25,25,25,17,17,17,30,30,30,34,34,34,34,40,40,40,40,22,22,22,67,67,82,82,98,98,70,70,70,34,34,34,34,60,60,60,60,4,4,4,18,18,66,66,66,30,30,30,49,49,49,93,93,93,93,93,31,31,31,31,5,5,5,94,94,94,64,64,64,50,50,50,50,50,50,50,50,50,-34,-34,-20,-20,85,85,85,111,111,111,111,40,40,40,40,102,102,102,102,116,116,116,116,35,35,35,28,28,15,15,87,87,87,134,134,134,65,65,65,56,56,56,94,94,123,123,123,44,44,44,4,4,4,-150,-253,-300,-300,-3,-3,285,285,289
108,17.21600000000000108,99,122,173,173,118,118,118,135,135,135,135,85,85,85,107,107,120,120,207,207,256,256,208,208,208,143,143,143,143,86,86,86,86,160,160,160,202,202,134,134,147,147,147,131,131,131,131,131,131,73,73,95,95,88,88,91,91,91,113,113,113,113,92,92,92,92,79,79,79,79,92,92,92,117,117,117,81,81,81,91,91,91,91,129,129,129,129,129,117,117,117,117,102,102,102,76,76,89,89,89,71,71,71,71,130,130,130,130,130,95,95,95,95,110,110,110,108,108,116,116,116,109,109,109,109,47,47,47,47,47,45,45,45,45,45,38,38,38,57,57,113,113,113,111,111,111,111,120,120,120,120,120,121,121,121,121,126,126,126,149,149,121,121,121,94,94,94,94,50,50,50,50,39,39,39,39,57,57,57,92,92,92,81,81,81,105,105,105,156,156,162,162,162,149,149,149,81,81,81,134,134,86,86,131,131,131,120,120,120,120,112,112,112,112,73,73,73,89,89,89,82,82,125,125,125,71,71,71,114,114,114,114,53,53,53,70,70,70,90,90,90,103,103,103,153,153,153,153,149,149,149,149,61,61,61,71,71,71,126,126,199,199,199,199,52,52,52,52,100,100,100,100,132,132,132,84,84,130,130,96,96,96,82,82,82,82,55,55,55,55,11,11,11,57,57,71,71,71,144,144,144,105,105,105,105,122,122,122,122,91,91,91,91,122,122,122,173,173,173,113,113,113,113,74,74,74,74,82,82,82,82,126,126,126,153,153,153,126,126,126,186,186,186,186,112,112,112,112,59,59,59,59,97,97,97,101,101,101,121,121,121,121,119,119,119,119,91,91,91,90,90,90,184,184,184,148,148,148,142,142,142,142,105,105,105,105,98,98,98,98,90,90,90,120,120,120,81,81,81,85,85,85,85,136,136,136,136,94,94,94,127,127,134,134,131,131,131,110,110,110,110,81,81,81,81,115,115,115,67,67,67,69,69,69,72,72,72,104,104,104,104,78,78,78,78,82,82,82,123,123,147,147,156,156,133,133,133,110,110,110,110,76,76,76,76,107,107,107,105,105,90,90,90,85,85,85,88,88,88,99,99,99,99,99,77,77,77,77,44,44,44,163,163,163,109,109,109,96,96,96,96,96,94,94,94,94,52,52,76,76,154,154,154,200,200,200,200,94,94,94,94,188,188,188,188,166,166,166,166,84,84,84,79,79,95,95,80,80,80,133,133,133,73,73,73,99,99,99,148,148,157,157,157,77,77,77,50,50,50,23,-132,-288,-288,-23,-23,254,254,245
109,17.41600000000000037,154,173,166,166,189,189,189,183,183,183,183,88,88,88,127,127,97,97,208,208,298,298,213,213,213,164,164,164,164,119,119,119,119,160,160,160,210,210,175,175,120,120,120,174,174,174,181,181,181,196,196,145,145,86,86,85,85,85,125,125,125,125,112,112,112,112,90,90,90,90,111,111,111,147,147,147,140,140,140,157,157,157,157,152,152,152,152,152,129,129,129,129,120,120,120,91,91,122,122,122,128,128,128,128,133,133,133,133,133,96,96,96,96,109,109,109,124,124,164,164,164,154,154,154,154,82,82,82,82,82,95,95,95,95,95,51,51,51,64,64,145,145,145,83,83,83,83,127,127,127,127,127,130,130,130,130,143,143,143,152,152,147,147,147,96,96,96,96,63,63,63,63,38,38,38,38,105,105,105,105,105,105,93,93,93,158,158,158,160,160,218,218,218,144,144,144,112,112,112,77,77,126,126,126,126,126,127,127,127,127,135,135,135,135,112,112,112,129,129,129,119,119,151,151,151,126,126,126,148,148,148,148,94,94,94,93,93,93,123,123,123,135,135,135,117,117,117,117,128,128,128,128,93,93,93,99,99,99,147,147,240,240,240,240,107,107,107,107,94,94,94,94,100,100,100,97,97,158,158,133,133,133,134,134,134,134,89,89,89,89,19,19,19,52,52,130,130,130,197,197,197,167,167,167,167,215,215,215,215,162,162,162,162,146,146,146,190,190,190,200,200,200,200,115,115,115,115,143,143,143,143,145,145,145,202,202,202,158,158,158,218,218,218,218,122,122,122,122,118,118,118,118,95,95,95,78,78,78,119,119,119,119,119,119,119,119,107,107,107,109,109,109,209,209,209,166,166,166,155,155,155,155,152,152,152,152,152,152,152,152,112,112,112,152,152,152,143,143,143,140,140,140,140,157,157,157,157,130,130,130,127,127,138,138,131,131,131,129,129,129,129,120,120,120,120,135,135,135,99,99,99,104,104,104,129,129,129,145,145,145,145,121,121,121,121,130,130,130,108,108,164,164,139,139,124,124,124,112,112,112,112,134,134,134,134,177,177,177,130,130,100,100,100,110,110,110,79,79,79,106,106,106,106,106,81,81,81,81,83,83,83,137,137,137,154,154,154,114,114,114,114,114,185,185,185,185,121,121,109,109,154,154,154,228,228,228,228,155,155,155,155,210,210,210,210,194,194,194,194,125,125,125,126,126,152,152,84,84,84,105,105,105,80,80,80,108,108,108,119,119,194,194,194,107,107,107,59,59,59,133,-80,-294,-294,-67,-67,172,172,215
110,17.61599999999999966,157,105,142,142,176,176,176,109,109,109,109,118,118,118,127,127,97,97,158,158,173,173,128,128,128,146,146,146,146,93,93,93,93,61,61,61,132,132,131,131,87,87,87,151,151,151,117,117,117,125,125,146,146,92,92,58,58,58,107,107,107,107,79,79,79,79,81,81,81,81,112,112,112,114,114,114,84,84,84,118,118,118,118,108,108,108,108,108,101,101,101,101,115,115,115,91,91,115,115,115,112,112,112,112,110,110,110,110,110,99,99,99,99,100,100,100,95,95,93,93,93,128,128,128,128,52,52,52,52,52,87,87,87,87,87,52,52,52,65,65,94,94,94,67,67,67,67,68,68,68,68,68,84,84,84,84,99,99,99,122,122,95,95,95,43,43,43,43,54,54,54,54,42,42,42,42,48,48,48,96,96,96,95,95,95,82,82,82,152,152,142,142,142,84,84,84,91,91,91,82,82,111,111,85,85,85,82,82,82,82,113,113,113,113,34,34,34,102,102,102,44,44,111,111,111,111,111,111,120,120,120,120,103,103,103,85,85,85,84,84,84,90,90,90,102,102,102,102,111,111,111,111,78,78,78,76,76,76,123,123,167,167,167,167,120,120,120,120,60,60,60,60,78,78,78,62,62,67,67,96,96,96,157,157,157,157,59,59,59,59,23,23,23,32,32,103,103,103,175,175,175,160,160,160,160,224,224,224,224,178,178,178,178,151,151,151,151,151,151,193,193,193,193,145,145,145,145,141,141,141,141,139,139,139,177,177,177,150,150,150,161,161,161,161,98,98,98,98,114,114,114,114,90,90,90,32,32,32,102,102,102,102,90,90,90,90,106,106,106,105,105,105,175,175,175,119,119,119,139,139,139,139,113,113,113,113,151,151,151,151,133,133,133,140,140,140,139,139,139,112,112,112,112,110,110,110,110,143,143,143,111,111,93,93,93,93,93,94,94,94,94,108,108,108,108,111,111,111,51,51,51,58,58,58,105,105,105,107,107,107,107,116,116,116,116,119,119,119,62,62,119,119,104,104,78,78,78,100,100,100,100,126,126,126,126,165,165,165,108,108,78,78,78,75,75,75,49,49,49,89,89,89,89,89,71,71,71,71,72,72,72,113,113,113,122,122,122,142,142,142,142,142,193,193,193,193,163,163,106,106,125,125,125,182,182,182,182,152,152,152,152,162,162,162,162,175,175,175,175,83,83,83,94,94,121,121,48,48,48,46,46,46,41,41,41,57,57,57,114,114,154,154,154,131,131,131,75,75,75,160,-57,-324,-324,-119,-119,91,91,142
111,17.81599999999999895,153,56,68,68,84,84,84,58,58,58,58,61,61,61,66,66,23,23,89,89,56,56,35,35,35,59,59,59,59,60,60,60,60,5,5,5,66,66,44,44,-23,-23,-23,45,45,45,73,73,73,107,107,45,45,23,23,-10,-10,-10,29,29,29,29,29,29,29,29,7,7,7,7,54,54,54,48,48,48,49,49,49,64,64,64,64,52,52,52,52,52,105,105,105,105,56,56,56,62,62,52,52,52,65,65,65,65,37,37,37,37,37,60,60,60,60,78,78,78,25,25,53,53,53,22,22,22,22,-8,-8,-8,-8,-8,9,9,9,9,9,26,26,26,17,17,-4,-4,-4,5,5,5,5,-26,-26,-26,-26,-26,6,6,6,6,-2,-2,-2,17,17,2,2,2,8,8,8,8,7,7,7,7,24,24,24,24,9,9,9,21,21,21,17,17,17,0,0,0,43,43,77,77,77,15,15,15,58,58,58,56,56,20,20,8,8,8,-22,-22,-22,-22,55,55,55,55,22,22,22,71,71,71,27,27,30,30,30,12,12,12,27,27,27,27,78,78,78,47,47,47,37,37,37,25,25,25,9,9,9,9,44,44,44,44,44,44,44,67,67,67,26,26,71,71,71,71,76,76,76,76,19,19,19,19,57,57,57,23,23,24,24,39,39,39,78,78,78,78,26,26,26,26,7,7,7,-14,-14,16,16,16,111,111,111,100,100,100,100,181,181,181,181,140,140,140,140,71,71,71,52,52,52,80,80,80,80,114,114,114,114,111,111,111,111,81,81,81,93,93,93,46,46,46,38,38,38,38,34,34,34,34,68,68,68,68,-4,-4,-4,-3,-3,-3,26,26,26,26,53,53,53,53,94,94,94,116,116,116,83,83,83,62,62,62,63,63,63,63,96,96,96,96,91,91,91,91,73,73,73,92,92,92,64,64,64,49,49,49,49,42,42,42,42,104,104,104,73,73,26,26,3,3,3,38,38,38,38,53,53,53,53,58,58,58,19,19,19,40,40,40,39,39,39,23,23,23,23,48,48,48,48,33,33,33,31,31,49,49,-7,-7,4,4,4,38,38,38,38,65,65,65,65,110,110,110,53,53,2,2,2,6,6,6,-32,-32,-32,24,24,24,24,24,86,86,86,86,64,64,64,-7,-7,-7,38,38,38,85,85,85,85,85,176,176,176,176,148,148,101,101,28,28,28,101,101,101,101,118,118,118,118,95,95,95,95,72,72,72,72,17,17,17,11,11,41,41,-29,-29,-29,-23,-23,-23,-28,-28,-28,-47,-47,-47,-16,-16,76,76,76,74,74,74,44,44,44,114,-89,-322,-322,-164,-164,-12,-12,47
112,18.01600000000000179,98,-15,-28,-28,11,11,11,-14,-14,-14,-14,5,5,5,-7,-7,-1,-1,-16,-16,-10,-10,-39,-39,-39,26,26,26,26,13,13,13,13,-32,-32,-32,-43,-43,-50,-50,-40,-40,-40,-12,-12,-12,-38,-38,-38,35,35,45,45,-12,-12,3,3,3,-38,-38,-38,-38,-36,-36,-36,-36,-23,-23,-23,-23,-14,-14,-14,-41,-41,-41,-4,-4,-4,-40,-40,-40,-40,11,11,11,11,11,34,34,34,34,-17,-17,-17,44,44,34,34,34,-1,-1,-1,-1,-13,-13,-13,-13,-13,23,23,23,23,23,23,23,-3,-3,-37,-37,-37,-28,-28,-28,-28,-39,-39,-39,-39,-39,-26,-26,-26,-26,-26,-10,-10,-10,-21,-21,-50,-50,-50,-25,-25,-25,-25,-32,-32,-32,-32,-32,-77,-77,-77,-77,-15,-15,-15,-64,-64,-84,-84,-84,-67,-67,-67,-67,-67,-67,-67,-67,-37,-37,-37,-37,-58,-58,-58,-28,-28,-28,-14,-14,-14,-37,-37,-37,-73,-73,-44,-44,-44,-28,-28,-28,-25,-25,-25,-6,-6,-30,-30,-45,-45,-45,-48,-48,-48,-48,-5,-5,-5,-5,-7,-7,-7,-6,-6,-6,-52,-52,-73,-73,-73,-37,-37,-37,-25,-25,-25,-25,-22,-22,-22,-17,-17,-17,-6,-6,-6,-5,-5,-5,-9,-9,-9,-9,-3,-3,-3,-3,-10,-10,-10,8,8,8,-52,-52,-80,-80,-80,-80,21,21,21,21,2,2,2,2,20,20,20,12,12,-18,-18,12,12,12,3,3,3,3,26,26,26,26,10,10,10,-55,-55,-73,-73,-73,52,52,52,54,54,54,54,99,99,99,99,62,62,62,62,-1,-1,-1,-22,-22,-22,-28,-28,-28,-28,37,37,37,37,44,44,44,44,-4,-4,-4,-13,-13,-13,-76,-76,-76,-100,-100,-100,-100,-50,-50,-50,-50,-17,-17,-17,-17,-45,-45,-45,-21,-21,-21,8,8,8,8,30,30,30,30,73,73,73,84,84,84,32,32,32,5,5,5,-17,-17,-17,-17,9,9,9,9,4,4,4,4,-19,-19,-19,28,28,28,-19,-19,-19,-19,-19,-19,-19,-8,-8,-8,-8,30,30,30,47,47,-7,-7,-43,-43,-43,-42,-42,-42,-42,4,4,4,4,-2,-2,-2,4,4,4,-18,-18,-18,-27,-27,-27,-53,-53,-53,-53,-35,-35,-35,-35,-31,-31,-31,-34,-34,-18,-18,-72,-72,-72,-72,-72,-28,-28,-28,-28,6,6,6,6,28,28,28,3,3,-32,-32,-32,-20,-20,-20,-44,-44,-44,-56,-56,-56,-56,-56,16,16,16,16,40,40,40,-67,-67,-67,-39,-39,-39,20,20,20,20,20,58,58,58,58,92,92,61,61,-19,-19,-19,3,3,3,3,26,26,26,26,-4,-4,-4,-4,-31,-31,-31,-31,-50,-50,-50,-56,-56,-45,-45,-100,-100,-100,-112,-112,-112,-106,-106,-106,-140,-140,-140,-132,-132,-26,-26,-26,29,29,29,-5,-5,-5,37,-100,-283,-283,-225,-225,-106,-106,-35
113,18.21600000000000108,27,-78,-59,-59,-72,-72,-72,-41,-41,-41,-41,-40,-40,-40,-11,-11,7,7,-66,-66,-82,-82,-4,-4,-4,-25,-25,-25,-25,-3,-3,-3,-3,-79,-79,-79,-116,-116,-88,-88,-71,-71,-71,-51,-51,-51,-42,-42,-42,-10,-10,39,39,-8,-8,-24,-24,-24,-23,-23,-23,-23,-22,-22,-22,-22,-74,-74,-74,-74,-39,-39,-39,-38,-38,-38,-11,-11,-11,-62,-62,-62,-62,-35,-35,-35,-35,-35,22,22,22,22,-37,-37,-37,19,19,-22,-22,-22,-40,-40,-40,-40,-27,-27,-27,-27,-27,-28,-28,-28,-28,-27,-27,-27,-44,-44,-61,-61,-61,-55,-55,-55,-55,-27,-27,-27,-27,-27,-36,-36,-36,-36,-36,-24,-24,-24,-27,-27,-41,-41,-41,16,16,16,16,-72,-72,-72,-72,-72,-82,-82,-82,-82,-53,-53,-53,-89,-89,-113,-113,-113,-107,-107,-107,-107,-73,-73,-73,-73,-78,-78,-78,-78,-75,-75,-75,-106,-106,-106,-71,-71,-71,-117,-117,-117,-133,-133,-82,-82,-82,-63,-63,-63,-58,-58,-58,-27,-27,-42,-42,-42,-42,-42,-91,-91,-91,-91,-70,-70,-70,-70,-92,-92,-92,-61,-61,-61,-33,-33,-98,-98,-98,-85,-85,-85,-36,-36,-36,-36,-3,-3,-3,-25,-25,-25,-13,-13,-13,-16,-16,-16,-37,-37,-37,-37,-58,-58,-58,-58,-14,-14,-14,10,10,10,-74,-74,-118,-118,-118,-118,-4,-4,-4,-4,-34,-34,-34,-34,-9,-9,-9,-5,-5,-10,-10,-1,-1,-1,-10,-10,-10,-10,36,36,36,36,6,6,6,-54,-54,-76,-76,-76,-5,-5,-5,21,21,21,21,45,45,45,45,24,24,24,24,-21,-21,-21,-84,-84,-84,-83,-83,-83,-83,2,2,2,2,0,0,0,0,-70,-70,-70,-109,-109,-109,-118,-118,-118,-156,-156,-156,-156,-104,-104,-104,-104,-73,-73,-73,-73,-56,-56,-56,11,11,11,-15,-15,-15,-15,30,30,30,30,51,51,51,70,70,70,8,8,8,-12,-12,-12,-44,-44,-44,-44,-12,-12,-12,-12,-54,-54,-54,-54,-40,-40,-40,-24,-24,-24,-81,-81,-81,-78,-78,-78,-78,-54,-54,-54,-54,-10,-10,-10,14,14,-16,-16,-59,-59,-59,-36,-36,-36,-36,-28,-28,-28,-28,-3,-3,-3,-54,-54,-54,-42,-42,-42,-37,-37,-37,-65,-65,-65,-65,-58,-58,-58,-58,-57,-57,-57,-44,-44,-66,-66,-92,-92,-79,-79,-79,-84,-84,-84,-84,-46,-46,-46,-46,-27,-27,-27,-3,-3,-55,-55,-55,-13,-13,-13,-36,-36,-36,-59,-59,-59,-59,-59,-1,-1,-1,-1,11,11,11,-116,-116,-116,-78,-78,-78,-10,-10,-10,-10,-10,23,23,23,23,70,70,32,32,-44,-44,-44,-65,-65,-65,-65,-21,-21,-21,-21,-66,-66,-66,-66,-81,-81,-81,-81,-84,-84,-84,-81,-81,-75,-75,-105,-105,-105,-137,-137,-137,-125,-125,-125,-149,-149,-149,-187,-187,-53,-53,-53,-14,-14,-14,-22,-22,-22,45,-24,-186,-186,-209,-209,-158,-158,-77
114,18.41600000000000037,-39,-41,-83,-83,-74,-74,-74,15,15,15,15,-23,-23,-23,-19,-19,-49,-49,-43,-43,-37,-37,10,10,10,-28,-28,-28,-28,-94,-94,-94,-94,-8,-8,-8,-65,-65,-86,-86,-73,-73,-73,-57,-57,-57,3,3,3,20,20,4,4,28,28,-33,-33,-33,-9,-9,-9,-9,-30,-30,-30,-30,44,44,44,44,-90,-90,-90,-53,-53,-53,-17,-17,-17,-44,-44,-44,-44,-62,-62,-62,-62,-62,4,4,4,4,-77,-77,-77,8,8,7,7,7,-41,-41,-41,-41,-5,-5,-5,-5,-5,-69,-69,-69,-69,-10,-10,-10,-42,-42,-28,-28,-28,-17,-17,-17,-17,16,16,16,16,16,-16,-16,-16,-16,-16,-20,-20,-20,-26,-26,-8,-8,-8,-1,-1,-1,-1,-77,-77,-77,-77,-77,-87,-87,-87,-87,-56,-56,-56,-60,-60,-71,-71,-71,-68,-68,-68,-68,-25,-25,-25,-25,-80,-80,-80,-80,-80,-80,-80,-47,-47,-47,-83,-83,-83,-110,-110,-110,-113,-113,-107,-107,-107,-59,-59,-59,-58,-58,-58,-18,-18,-10,-10,-42,-42,-42,-22,-22,-22,-22,-61,-61,-61,-61,-65,-65,-65,-26,-26,-26,-21,-21,-108,-108,-108,-63,-63,-63,-31,-31,-31,-31,-13,-13,-13,-10,-10,-10,-17,-17,-17,-22,-22,-22,-22,-22,-22,-22,-51,-51,-51,-51,-33,-33,-33,27,27,27,-68,-68,-67,-67,-67,-67,-24,-24,-24,-24,-55,-55,-55,-55,-1,-1,-1,32,32,36,36,12,12,12,13,13,13,13,57,57,57,57,52,52,52,-44,-44,-58,-58,-58,-24,-24,-24,20,20,20,20,3,3,3,3,4,4,4,4,-1,-1,-1,-56,-56,-56,-48,-48,-48,-48,-33,-33,-33,-33,-38,-38,-38,-38,-56,-56,-56,-65,-65,-65,-81,-81,-81,-97,-97,-97,-97,-93,-93,-93,-93,-88,-88,-88,-88,-49,-49,-49,26,26,26,2,2,2,2,39,39,39,39,24,24,24,47,47,47,-9,-9,-9,-22,-22,-22,-40,-40,-40,-40,-26,-26,-26,-26,-39,-39,-39,-39,3,3,3,-38,-38,-38,-58,-58,-58,-53,-53,-53,-53,-61,-61,-61,-61,-11,-11,-11,-6,-6,5,5,-51,-51,-51,-24,-24,-24,-24,-25,-25,-25,-25,14,14,14,-17,-17,-17,3,3,3,-6,-6,-6,-46,-46,-46,-46,-54,-54,-54,-54,-45,-45,-45,-43,-43,-63,-63,-61,-61,-51,-51,-51,-87,-87,-87,-87,-50,-50,-50,-50,-43,-43,-43,-20,-20,-19,-19,-19,3,3,3,12,12,12,-48,-48,-48,-48,-48,-8,-8,-8,-8,18,18,18,-37,-37,-37,-52,-52,-52,2,2,2,2,2,-21,-21,-21,-21,19,19,46,46,2,2,2,-67,-67,-67,-67,-56,-56,-56,-56,-68,-68,-68,-68,-70,-70,-70,-70,-50,-50,-50,-57,-57,-47,-47,-73,-73,-73,-93,-93,-93,-51,-51,-51,-74,-74,-74,-136,-136,-23,-23,-23,12,12,12,1,1,1,87,76,-52,-52,-145,-145,-169,-169,-84
115,18.61599999999999966,-85,-22,-33,-33,-59,-59,-59,-65,-65,-65,-65,-28,-28,-28,10,10,22,22,-54,-54,18,18,98,98,98,-40,-40,-40,-40,-36,-36,-36,-36,51,51,51,-18,-18,-42,-42,-61,-61,-61,10,10,10,19,19,19,24,24,42,42,3,3,-35,-35,-35,11,11,11,11,13,13,13,13,-10,-10,-10,-10,-27,-27,-27,0,0,0,-9,-9,-9,-22,-22,-22,-22,-51,-51,-51,-51,-51,-1,-1,-1,-1,6,6,6,23,23,20,20,20,-14,-14,-14,-14,45,45,45,45,45,-31,-31,-31,-31,-16,-16,-16,53,53,-7,-7,-7,31,31,31,31,8,8,8,8,8,32,32,32,32,32,0,0,0,3,3,66,66,66,-6,-6,-6,-6,-69,-69,-69,-69,-69,-44,-44,-44,-44,-29,-29,-29,30,30,37,37,37,-8,-8,-8,-8,-8,-8,-8,-8,-49,-49,-49,-49,-2,-2,-2,-25,-25,-25,-64,-64,-64,-60,-60,-60,-49,-49,-74,-74,-74,-46,-46,-46,-63,-63,-63,3,3,-23,-23,2,2,2,56,56,56,56,-52,-52,-52,-52,-83,-83,-83,-17,-17,-17,-5,-5,-60,-60,-60,-3,-3,-3,-23,-23,-23,-23,6,6,6,-1,-1,-1,7,7,7,-11,-11,-11,-49,-49,-49,-49,-54,-54,-54,-54,-23,-23,-23,9,9,9,16,16,-14,-14,-14,-14,-22,-22,-22,-22,2,2,2,2,-20,-20,-20,11,11,38,38,37,37,37,49,49,49,49,56,56,56,56,64,64,64,-18,-18,6,6,6,-46,-46,-46,44,44,44,44,-19,-19,-19,-19,24,24,24,24,24,24,24,16,16,16,21,21,21,21,41,41,41,41,-44,-44,-44,-44,-24,-24,-24,-33,-33,-33,-5,-5,-5,-34,-34,-34,-34,-56,-56,-56,-56,-67,-67,-67,-67,-36,-36,-36,39,39,39,-3,-3,-3,-3,22,22,22,22,-12,-12,-12,35,35,35,-18,-18,-18,-10,-10,-10,-6,-6,-6,-6,4,4,4,4,15,15,15,15,6,6,6,-20,-20,-20,13,13,13,-27,-27,-27,-27,-7,-7,-7,-7,-8,-8,-8,15,15,31,31,-13,-13,-13,37,37,37,37,11,11,11,11,44,44,44,46,46,46,41,41,41,26,26,26,-3,-3,-3,-3,3,3,3,3,-8,-8,-8,4,4,-29,-29,-6,-6,6,6,6,-18,-18,-18,-18,-55,-55,-55,-55,-29,-29,-29,4,4,9,9,9,25,25,25,43,43,43,-41,-41,-41,-41,-41,35,35,35,35,29,29,29,-13,-13,-13,36,36,36,16,16,16,16,16,-35,-35,-35,-35,26,26,-2,-2,25,25,25,-18,-18,-18,-18,-74,-74,-74,-74,-20,-20,-20,-20,-24,-24,-24,-24,-31,-31,-31,-14,-14,47,47,-11,-11,-11,-23,-23,-23,27,27,27,20,20,20,-42,-42,10,10,10,71,71,71,54,54,54,181,181,67,67,-89,-89,-140,-140,-73
116,18.81599999999999895,-117,49,11,11,-29,-29,-29,-3,-3,-3,-3,-1,-1,-1,45,45,-5,-5,-36,-36,10,10,46,46,46,-16,-16,-16,-16,-53,-53,-53,-53,47,47,47,28,28,-30,-30,-23,-23,-23,61,61,61,11,11,11,-4,-4,49,49,18,18,-17,-17,-17,2,2,2,2,9,9,9,9,-24,-24,-24,-24,-4,-4,-4,37,37,37,-22,-22,-22,36,36,36,36,26,26,26,26,26,42,42,42,42,60,60,60,15,15,21,21,21,-22,-22,-22,-22,35,35,35,35,35,11,11,11,11,-1,-1,-1,-14,-14,11,11,11,30,30,30,30,4,4,4,4,4,15,15,15,15,15,41,41,41,7,7,88,88,88,-27,-27,-27,-27,-31,-31,-31,-31,-31,-23,-23,-23,-23,24,24,24,52,52,73,73,73,7,7,7,7,47,47,47,47,50,50,50,50,56,56,56,4,4,4,-15,-15,-15,-19,-19,-19,7,7,-84,-84,-84,-83,-83,-83,-34,-34,-34,-12,-12,-11,-11,28,28,28,91,91,91,91,-35,-35,-35,-35,-41,-41,-41,44,44,44,9,9,-8,-8,-8,21,21,21,39,39,39,39,41,41,41,24,24,24,-33,-33,-33,-33,-33,-33,-45,-45,-45,-45,-10,-10,-10,-10,-27,-27,-27,3,3,3,59,59,-2,-2,-2,-2,-30,-30,-30,-30,-5,-5,-5,-5,-9,-9,-9,-5,-5,42,42,49,49,49,49,49,49,49,17,17,17,17,65,65,65,41,41,58,58,58,-73,-73,-73,-9,-9,-9,-9,0,0,0,0,45,45,45,45,45,45,45,62,62,62,37,37,37,37,5,5,5,5,-23,-23,-23,-23,21,21,21,-19,-19,-19,38,38,38,61,61,61,61,-38,-38,-38,-38,-16,-16,-16,-16,-2,-2,-2,15,15,15,-36,-36,-36,-36,-7,-7,-7,-7,-48,-48,-48,1,1,1,-44,-44,-44,-12,-12,-12,26,26,26,26,26,26,26,26,65,65,65,65,14,14,14,34,34,34,44,44,44,14,14,14,14,38,38,38,38,2,2,2,-9,-9,11,11,0,0,0,54,54,54,54,56,56,56,56,81,81,81,40,40,40,49,49,49,62,62,62,32,32,32,32,22,22,22,22,43,43,43,28,28,-15,-15,15,15,7,7,7,7,7,7,7,-23,-23,-23,-23,-32,-32,-32,-3,-3,31,31,31,62,62,62,21,21,21,18,18,18,18,18,85,85,85,85,88,88,88,57,57,57,68,68,68,43,43,43,43,43,-48,-48,-48,-48,5,5,11,11,32,32,32,-13,-13,-13,-13,-92,-92,-92,-92,15,15,15,15,62,62,62,62,58,58,58,61,61,92,92,43,43,43,58,58,58,90,90,90,80,80,80,73,73,28,28,28,111,111,111,98,98,98,237,246,116,116,-66,-66,-117,-117,-88
117,19.01600000000000179,-121,61,39,39,-26,-26,-26,13,13,13,13,48,48,48,47,47,14,14,3,3,3,3,-20,-20,-20,-40,-40,-40,-40,-69,-69,-69,-69,121,121,121,103,103,38,38,-20,-20,-20,28,28,28,34,34,34,-15,-15,13,13,-20,-20,-29,-29,-29,41,41,41,41,0,0,0,0,-23,-23,-23,-23,13,13,13,56,56,56,22,22,22,39,39,39,39,-11,-11,-11,-11,-11,24,24,24,24,28,28,28,-14,-14,4,4,4,-28,-28,-28,-28,20,20,20,20,20,15,15,15,15,-1,-1,-1,-35,-35,-33,-33,-33,-10,-10,-10,-10,26,26,26,26,26,50,50,50,50,50,13,13,13,31,31,46,46,46,-26,-26,-26,-26,-76,-76,-76,-76,-76,-27,-27,-27,-27,37,37,37,90,90,86,86,86,4,4,4,4,53,53,53,53,95,95,95,95,92,92,92,25,25,25,0,0,0,-1,-1,-1,27,27,-62,-62,-62,-59,-59,-59,-31,-31,-31,10,10,30,30,53,53,53,49,49,49,49,-32,-32,-32,-32,-4,-4,-4,-10,-10,-10,23,23,34,34,34,-3,-3,-3,15,15,15,15,11,11,11,9,9,9,-31,-31,-31,-37,-37,-37,-75,-75,-75,-75,-51,-51,-51,-51,1,1,1,26,26,26,54,54,-35,-35,-35,-35,-9,-9,-9,-9,30,30,30,30,-9,-9,-9,-7,-7,15,15,67,67,67,18,18,18,18,8,8,8,8,45,45,45,49,49,41,41,41,-97,-97,-97,-16,-16,-16,-16,-27,-27,-27,-27,40,40,40,40,30,30,30,50,50,50,-2,-2,-2,-2,15,15,15,15,-29,-29,-29,-29,41,41,41,15,15,15,86,86,86,27,27,27,27,-34,-34,-34,-34,24,24,24,24,4,4,4,29,29,29,-54,-54,-54,-54,-50,-50,-50,-50,-60,-60,-60,-24,-24,-24,-43,-43,-43,-1,-1,-1,7,7,7,7,33,33,33,33,82,82,82,82,60,60,60,30,30,30,30,30,30,-16,-16,-16,-16,56,56,56,56,-1,-1,-1,-22,-22,-31,-31,17,17,17,66,66,66,66,17,17,17,17,61,61,61,39,39,39,39,39,39,37,37,37,13,13,13,13,38,38,38,38,51,51,51,32,32,12,12,34,34,-26,-26,-26,24,24,24,24,-1,-1,-1,-1,-26,-26,-26,-12,-12,37,37,37,53,53,53,-11,-11,-11,2,2,2,2,2,89,89,89,89,108,108,108,85,85,85,67,67,67,36,36,36,36,36,-75,-75,-75,-75,-52,-52,-33,-33,-2,-2,-2,-16,-16,-16,-16,-87,-87,-87,-87,34,34,34,34,98,98,98,98,102,102,102,140,140,105,105,42,42,42,91,91,91,72,72,72,86,86,86,93,93,29,29,29,131,131,131,110,110,110,247,259,149,149,-85,-85,-113,-113,-78
118,19.21600000000000108,-102,37,58,58,-12,-12,-12,42,42,42,42,71,71,71,78,78,56,56,22,22,-11,-11,-72,-72,-72,-38,-38,-38,-38,26,26,26,26,161,161,161,116,116,66,66,60,60,60,71,71,71,15,15,15,55,55,6,6,-1,-1,-41,-41,-41,-22,-22,-22,-22,-19,-19,-19,-19,-38,-38,-38,-38,-3,-3,-3,27,27,27,47,47,47,29,29,29,29,15,15,15,15,15,42,42,42,42,36,36,36,84,84,4,4,4,-15,-15,-15,-15,7,7,7,7,7,-7,-7,-7,-7,25,25,25,12,12,-6,-6,-6,-23,-23,-23,-23,24,24,24,24,24,61,61,61,61,61,34,34,34,31,31,9,9,9,-37,-37,-37,-37,-40,-40,-40,-40,-40,34,34,34,34,28,28,28,119,119,71,71,71,33,33,33,33,51,51,51,51,88,88,88,88,91,91,91,6,6,6,48,48,48,28,28,28,31,31,-11,-11,-11,-15,-15,-15,58,58,58,67,67,86,86,52,52,52,33,33,33,33,7,7,7,7,20,20,20,37,37,37,45,45,78,78,78,-1,-1,-1,11,11,11,11,13,13,13,28,28,28,-26,-26,-26,-28,-28,-28,-47,-47,-47,-47,-32,-32,-32,-32,22,22,22,33,33,33,45,45,-48,-48,-48,-48,-7,-7,-7,-7,7,7,7,7,-17,-17,-17,-20,-20,8,8,48,48,48,24,24,24,24,33,33,33,33,41,41,41,73,73,28,28,28,-77,-77,-77,-11,-11,-11,-11,-36,-36,-36,-36,40,40,40,40,31,31,31,43,43,43,2,2,2,2,-1,-1,-1,-1,12,12,12,12,53,53,53,55,55,55,83,83,83,33,33,33,33,18,18,18,18,66,66,66,66,40,40,40,19,19,19,-17,-17,-17,-17,-24,-24,-24,-24,-44,-44,-44,-12,-12,-12,7,7,7,7,7,7,35,35,35,35,22,22,22,22,66,66,66,66,36,36,36,12,12,12,23,23,23,8,8,8,8,21,21,21,21,12,12,12,-7,-7,3,3,20,20,20,58,58,58,58,13,13,13,13,102,102,102,44,44,44,-2,-2,-2,21,21,21,28,28,28,28,35,35,35,35,41,41,41,48,48,39,39,34,34,-5,-5,-5,24,24,24,24,19,19,19,19,-36,-36,-36,12,12,55,55,55,43,43,43,2,2,2,15,15,15,15,15,78,78,78,78,99,99,99,81,81,81,23,23,23,35,35,35,35,35,-45,-45,-45,-45,-80,-80,-43,-43,-22,-22,-22,-15,-15,-15,-15,-48,-48,-48,-48,46,46,46,46,133,133,133,133,123,123,123,140,140,109,109,69,69,69,91,91,91,61,61,61,80,80,80,70,70,-17,-17,-17,126,126,126,102,102,102,216,264,136,136,-91,-91,-95,-95,-72
119,19.41600000000000037,-76,64,92,92,97,97,97,53,53,53,53,80,80,80,108,108,77,77,70,70,22,22,-51,-51,-51,18,18,18,18,37,37,37,37,113,113,113,129,129,80,80,34,34,34,63,63,63,21,21,21,85,85,56,56,61,61,59,59,59,13,13,13,13,35,35,35,35,34,34,34,34,41,41,41,65,65,65,67,67,67,40,40,40,40,67,67,67,67,67,60,60,60,60,69,69,69,73,73,58,58,58,58,58,58,58,19,19,19,19,19,18,18,18,18,61,61,61,56,56,34,34,34,24,24,24,24,77,77,77,77,77,67,67,67,67,67,76,76,76,97,97,46,46,46,83,83,83,83,48,48,48,48,48,24,24,24,24,103,103,103,93,93,52,52,52,50,50,50,50,119,119,119,119,86,86,86,86,79,79,79,94,94,94,96,96,96,78,78,78,71,71,93,93,93,103,103,103,135,135,135,115,115,99,99,123,123,123,90,90,90,90,69,69,69,69,61,61,61,77,77,77,108,108,132,132,132,93,93,93,71,71,71,71,50,50,50,51,51,51,25,25,25,47,47,47,40,40,40,40,25,25,25,25,59,59,59,69,69,69,116,116,41,41,41,41,8,8,8,8,43,43,43,43,44,44,44,54,54,63,63,103,103,103,103,103,103,103,104,104,104,104,48,48,48,134,134,71,71,71,49,49,49,60,60,60,60,41,41,41,41,56,56,56,56,64,64,64,41,41,41,16,16,16,16,54,54,54,54,27,27,27,27,94,94,94,90,90,90,102,102,102,44,44,44,44,58,58,58,58,80,80,80,80,101,101,101,86,86,86,72,72,72,72,78,78,78,78,33,33,33,75,75,75,82,82,82,100,100,100,78,78,78,78,36,36,36,36,52,52,52,52,57,57,57,56,56,56,55,55,55,41,41,41,41,57,57,57,57,47,47,47,35,35,61,61,72,72,72,95,95,95,95,26,26,26,26,96,96,96,108,108,108,57,57,57,44,44,44,78,78,78,78,92,92,92,92,82,82,82,93,93,90,90,103,103,53,53,53,77,77,77,77,34,34,34,34,26,26,26,66,66,88,88,88,82,82,82,63,63,63,36,36,36,36,36,58,58,58,58,96,96,96,47,47,47,41,41,41,75,75,75,75,75,-2,-2,-2,-2,-41,-41,14,14,28,28,28,58,58,58,58,27,27,27,27,79,79,79,79,155,155,155,155,157,157,157,189,189,119,119,102,102,102,100,100,100,56,56,56,69,69,69,79,79,32,32,32,103,103,103,121,121,121,239,273,192,192,-34,-34,-36,-36,-37
120,19.61599999999999966,19,77,77,77,104,104,104,96,96,96,96,134,134,134,134,134,125,125,90,90,108,108,-28,-28,-28,70,70,70,70,65,65,65,65,110,110,110,149,149,118,118,103,103,103,52,52,52,100,100,100,95,95,143,143,98,98,124,124,124,44,44,44,44,70,70,70,70,106,106,106,106,92,92,92,115,115,115,93,93,93,85,85,85,85,80,80,80,80,80,80,80,80,80,68,68,68,140,140,70,70,70,106,106,106,106,26,26,26,26,26,58,58,58,58,93,93,93,122,122,90,90,90,108,108,108,108,117,117,117,117,117,111,111,111,111,111,108,108,108,127,127,72,72,72,180,180,180,180,67,67,67,67,67,51,51,51,51,90,90,90,144,144,92,92,92,105,105,105,105,141,141,141,141,114,114,114,114,101,101,101,135,135,135,186,186,186,177,177,177,137,137,193,193,193,178,178,178,166,166,166,194,194,154,154,205,205,205,122,122,122,122,165,165,165,165,142,142,142,127,127,127,186,186,203,203,203,160,160,160,144,144,144,144,102,102,102,92,92,92,120,120,120,113,113,113,132,132,132,132,116,116,116,116,149,149,149,170,170,170,159,159,169,169,169,169,95,95,95,95,95,95,95,95,118,118,118,119,119,118,118,171,171,171,197,197,197,197,173,173,173,173,143,143,143,178,178,145,145,145,157,157,157,147,147,147,147,118,118,118,118,143,143,143,143,159,159,159,142,142,142,109,109,109,109,131,131,131,131,138,138,138,138,147,147,147,139,139,139,134,134,134,133,133,133,133,135,135,135,135,121,121,121,121,154,154,154,187,187,187,202,202,202,202,165,165,165,165,135,135,135,153,153,153,216,216,216,201,201,201,167,167,167,167,103,103,103,103,98,98,98,98,104,104,104,129,129,129,130,130,130,138,138,138,138,89,89,89,89,89,89,89,137,137,162,162,163,163,163,152,152,152,152,96,96,96,96,110,110,110,155,155,155,119,119,119,121,121,121,165,165,165,165,155,155,155,155,123,123,123,128,128,155,155,154,154,147,147,147,150,150,150,150,144,144,144,144,105,105,105,129,129,159,159,159,130,130,130,157,157,157,78,78,78,78,78,100,100,100,100,148,148,148,90,90,90,80,80,80,111,111,111,111,111,93,93,93,93,34,34,99,99,114,114,114,160,160,160,160,125,125,125,125,131,131,131,131,190,190,190,190,244,244,244,203,203,143,143,160,160,160,145,145,145,98,98,98,87,87,87,134,134,120,120,120,135,135,135,135,135,135,241,314,286,286,49,49,65,65,61
121,19.8160000000000025,97,75,119,119,133,133,133,145,145,145,145,176,176,176,172,172,200,200,124,124,115,115,-22,-22,-22,123,123,123,123,125,125,125,125,108,108,108,95,95,143,143,133,133,133,113,113,113,98,98,98,137,137,134,134,129,129,147,147,147,80,80,80,80,125,125,125,125,121,121,121,121,127,127,127,122,122,122,118,118,118,135,135,135,135,154,154,154,154,154,138,138,138,138,180,180,180,104,104,101,101,101,151,151,151,151,72,72,72,72,72,96,96,96,96,163,163,163,164,164,139,139,139,149,149,149,149,146,146,146,146,146,133,133,133,133,133,144,144,144,158,158,107,107,107,176,176,176,176,134,134,134,134,134,116,116,116,116,121,121,121,144,144,155,155,155,151,151,151,151,124,124,124,124,157,157,157,157,136,136,136,185,185,185,217,217,217,255,255,255,197,197,233,233,233,199,199,199,190,190,190,216,216,194,194,197,197,197,192,192,192,192,219,219,219,219,170,170,170,190,190,190,225,225,235,235,235,207,207,207,212,212,212,212,160,160,160,184,184,184,150,150,150,181,181,181,210,210,210,210,209,209,209,209,221,221,221,227,227,227,179,179,216,216,216,216,135,135,135,135,148,148,148,148,175,175,175,175,175,177,177,221,221,221,273,273,273,273,242,242,242,242,147,147,147,193,193,211,211,211,241,241,241,208,208,208,208,220,220,220,220,211,211,211,211,211,211,211,198,198,198,163,163,163,163,162,162,162,162,191,191,191,191,184,184,184,202,202,202,187,187,187,239,239,239,239,218,218,218,218,178,178,178,178,209,209,209,225,225,225,254,254,254,254,237,237,237,237,204,204,204,211,211,211,278,278,278,277,277,277,232,232,232,232,143,143,143,143,135,135,135,135,152,152,152,176,176,176,175,175,175,189,189,189,189,128,128,128,128,144,144,144,176,176,210,210,231,231,231,204,204,204,204,153,153,153,153,160,160,160,218,218,218,163,163,163,165,165,165,170,170,170,170,207,207,207,207,172,172,172,160,160,204,204,211,211,195,195,195,197,197,197,197,206,206,206,206,157,157,157,202,202,193,193,193,176,176,176,216,216,216,145,145,145,145,145,131,131,131,131,166,166,166,112,112,112,141,141,141,171,171,171,171,171,166,166,166,166,128,128,172,172,188,188,188,246,246,246,246,185,185,185,185,188,188,188,188,195,195,195,195,270,270,270,255,255,184,184,200,200,200,177,177,177,120,120,120,131,131,131,152,152,151,151,151,146,146,146,139,139,139,226,341,358,358,143,143,144,144,107
122,20.01600000000000179,164,77,128,128,131,131,131,168,168,168,168,212,212,212,167,167,210,210,94,94,86,86,12,12,12,137,137,137,137,187,187,187,187,83,83,83,52,52,133,133,86,86,86,109,109,109,137,137,137,152,152,154,154,155,155,162,162,162,136,136,136,136,119,119,119,119,133,133,133,133,96,96,96,149,149,149,83,83,83,133,133,133,133,155,155,155,155,155,130,130,130,130,87,87,87,107,107,97,97,97,109,109,109,109,102,102,102,102,102,138,138,138,138,158,158,158,153,153,81,81,81,131,131,131,131,180,180,180,180,180,123,123,123,123,123,164,164,164,135,135,64,64,64,164,164,164,164,140,140,140,140,140,133,133,133,133,143,143,143,94,94,114,114,114,159,159,159,159,123,123,123,123,114,114,114,114,111,111,111,152,152,152,164,164,164,232,232,232,169,169,153,153,153,186,186,186,193,193,193,180,180,150,150,142,142,142,111,111,111,111,188,188,188,188,199,199,199,201,201,201,175,175,197,197,197,200,200,200,221,221,221,221,208,208,208,188,188,188,153,153,153,165,165,165,200,200,200,200,204,204,204,204,240,240,240,220,220,220,171,171,212,212,212,212,168,168,168,168,180,180,180,180,204,204,204,201,201,150,150,198,198,198,246,246,246,246,253,253,253,253,144,144,144,198,198,205,205,205,248,248,248,227,227,227,227,260,260,260,260,227,227,227,227,230,230,230,200,200,200,172,172,172,172,164,164,164,164,239,239,239,239,195,195,195,201,201,201,197,197,197,229,229,229,229,259,259,259,259,228,228,228,228,220,220,220,189,189,189,252,252,252,252,230,230,230,230,232,232,232,236,236,236,266,266,266,267,267,267,219,219,219,219,178,178,178,178,168,168,168,168,160,160,160,203,203,203,187,187,187,217,217,217,217,176,176,176,176,207,207,207,214,214,242,242,263,263,263,220,220,220,220,167,167,167,167,175,175,175,225,225,225,209,209,209,186,186,186,202,202,202,202,226,226,226,226,182,182,182,161,161,216,216,191,191,219,219,219,230,230,230,230,211,211,211,211,202,202,202,198,198,194,194,194,198,198,198,226,226,226,211,211,211,211,211,189,189,189,189,169,169,169,144,144,144,136,136,136,230,230,230,230,230,248,248,248,248,211,211,224,224,228,228,228,234,234,234,234,223,223,223,223,198,198,198,198,217,217,217,217,283,283,283,233,233,175,175,189,189,189,166,166,166,151,151,151,166,166,166,176,176,151,151,151,159,159,159,136,136,136,190,317,391,391,164,164,193,193,163
123,20.21600000000000108,200,51,34,34,66,66,66,125,125,125,125,157,157,157,186,186,191,191,43,43,-41,-41,-21,-21,-21,81,81,81,81,155,155,155,155,40,40,40,-43,-43,102,102,121,121,121,188,188,188,99,99,99,107,107,118,118,86,86,141,141,141,156,156,156,156,109,109,109,109,117,117,117,117,153,153,153,151,151,151,53,53,53,81,81,81,81,149,149,149,149,149,73,73,73,73,93,93,93,66,66,61,61,61,45,45,45,45,102,102,102,102,102,107,107,107,107,141,141,141,117,117,43,43,43,20,20,20,20,157,157,157,157,157,127,127,127,127,127,153,153,153,100,100,25,25,25,75,75,75,75,119,119,119,119,119,101,101,101,101,107,107,107,47,47,42,42,42,154,154,154,154,95,95,95,95,118,118,118,118,134,134,134,140,140,140,125,125,125,173,173,173,61,61,53,53,53,78,78,78,156,156,156,161,161,123,123,81,81,81,25,25,25,25,139,139,139,139,200,200,200,143,143,143,105,105,111,111,111,120,120,120,197,197,197,197,164,164,164,167,167,167,144,144,144,147,147,147,170,170,170,170,196,196,196,196,237,237,237,189,189,189,74,74,88,88,88,88,147,147,147,147,172,172,172,172,207,207,207,181,181,112,112,142,142,142,187,187,187,187,202,202,202,202,104,104,104,167,167,130,130,130,202,202,202,203,203,203,203,236,236,236,236,214,214,214,214,199,199,199,175,175,175,132,132,132,132,147,147,147,147,220,220,220,220,175,175,175,187,187,187,158,158,158,167,167,167,167,252,252,252,252,221,221,221,221,208,208,208,137,137,137,197,197,197,197,191,191,191,191,224,224,224,194,194,194,208,208,208,194,194,194,171,171,171,171,188,188,188,188,167,167,167,167,158,158,158,169,169,169,150,150,150,211,211,211,211,163,163,163,163,242,242,242,200,200,171,171,221,221,221,192,192,192,192,166,166,166,166,150,150,150,206,206,206,170,170,170,181,181,181,136,136,136,136,170,170,170,170,128,128,128,114,114,137,137,118,118,162,162,162,206,206,206,206,219,219,219,219,189,189,189,191,191,166,166,166,169,169,169,194,194,194,188,188,188,188,188,213,213,213,213,168,168,168,150,150,150,160,160,160,250,250,250,250,250,256,256,256,256,236,236,232,232,157,157,157,181,181,181,181,189,189,189,189,185,185,185,185,199,199,199,199,255,255,255,184,184,123,123,131,131,131,134,134,134,119,119,119,161,161,161,119,119,49,49,49,131,131,131,113,113,113,172,289,327,327,170,170,202,202,171
124,20.41600000000000037,223,-5,-64,-64,14,14,14,105,105,105,105,102,102,102,95,95,108,108,-6,-6,-108,-108,-28,-28,-28,16,16,16,16,98,98,98,98,-13,-13,-13,-72,-72,19,19,108,108,108,127,127,127,107,107,107,72,72,53,53,48,48,84,84,84,80,80,80,80,82,82,82,82,126,126,126,126,114,114,114,91,91,91,-16,-16,-16,-3,-3,-3,-3,146,146,146,146,146,55,55,55,55,78,78,78,12,12,5,5,5,-25,-25,-25,-25,49,49,49,49,49,116,116,116,116,85,85,85,81,81,-11,-11,-11,-29,-29,-29,-29,98,98,98,98,98,90,90,90,90,90,57,57,57,75,75,-14,-14,-14,-8,-8,-8,-8,88,88,88,88,88,56,56,56,56,68,68,68,-24,-24,-1,-1,-1,108,108,108,108,41,41,41,41,108,108,108,108,52,52,52,51,51,51,77,77,77,103,103,103,-16,-16,-24,-24,-24,31,31,31,91,91,91,116,116,11,11,-34,-34,-34,-10,-10,-10,-10,113,113,113,113,150,150,150,80,80,80,6,6,15,15,15,54,54,54,172,172,172,172,141,141,141,128,128,128,88,88,88,90,90,90,116,116,116,116,175,175,175,175,180,180,180,114,114,114,-48,-48,-14,-14,-14,-14,139,139,139,139,167,167,167,167,179,179,179,147,147,33,33,47,47,47,97,97,97,97,127,127,127,127,87,87,87,155,155,46,46,46,148,148,148,145,145,145,145,189,189,189,189,181,181,181,181,126,126,126,69,69,69,55,55,55,55,100,100,100,100,183,183,183,183,142,142,142,101,101,101,60,60,60,61,61,61,61,193,193,193,193,227,227,227,227,137,137,137,75,75,75,129,129,129,129,131,131,131,131,197,197,197,159,159,159,105,105,105,111,111,111,98,98,98,98,158,158,158,158,152,152,152,152,134,134,134,104,104,104,98,98,98,137,137,137,137,134,134,134,134,175,175,175,138,138,83,83,138,138,138,137,137,137,137,133,133,133,133,112,112,112,135,135,135,94,94,94,83,83,83,78,78,78,78,118,118,118,118,106,106,106,54,54,70,70,49,49,84,84,84,142,142,142,142,182,182,182,182,149,149,149,113,113,92,92,92,106,106,106,117,117,117,160,160,160,160,160,163,163,163,163,123,123,123,101,101,101,73,73,73,217,217,217,217,217,234,234,234,234,219,219,163,163,61,61,61,59,59,59,59,159,159,159,159,141,141,141,141,155,155,155,155,182,182,182,109,109,39,39,70,70,70,81,81,81,81,81,81,121,121,121,87,87,19,19,19,85,85,85,69,69,69,129,220,221,221,146,146,195,195,162
125,20.61599999999999966,168,6,-43,-43,15,15,15,80,80,80,80,41,41,41,67,67,56,56,-2,-2,-112,-112,2,2,2,29,29,29,29,48,48,48,48,34,34,34,-73,-73,14,14,65,65,65,35,35,35,59,59,59,56,56,14,14,20,20,51,51,51,44,44,44,44,80,80,80,80,41,41,41,41,87,87,87,34,34,34,-36,-36,-36,13,13,13,13,110,110,110,110,110,77,77,77,77,34,34,34,-7,-7,-16,-16,-16,-28,-28,-28,-28,54,54,54,54,54,45,45,45,45,53,53,53,56,56,-36,-36,-36,-48,-48,-48,-48,29,29,29,29,29,47,47,47,47,47,66,66,66,68,68,-58,-58,-58,-58,-58,-58,-58,49,49,49,49,49,61,61,61,61,48,48,48,-67,-67,-48,-48,-48,24,24,24,24,30,30,30,30,83,83,83,83,38,38,38,-5,-5,-5,25,25,25,26,26,26,-42,-42,-34,-34,-34,12,12,12,72,72,72,43,43,0,0,-65,-65,-65,-11,-11,-11,-11,84,84,84,84,128,128,128,66,66,66,18,18,-33,-33,-33,41,41,41,152,152,152,152,116,116,116,78,78,78,68,68,68,53,53,53,115,115,115,115,137,137,137,137,186,186,186,97,97,97,-43,-43,-14,-14,-14,-14,94,94,94,94,173,173,173,173,179,179,179,98,98,43,43,15,15,15,54,54,54,54,103,103,103,103,105,105,105,79,79,-7,-7,-7,78,78,78,115,115,115,115,142,142,142,142,122,122,122,122,75,75,75,31,31,31,63,63,63,63,86,86,86,86,123,123,123,123,108,108,108,72,72,72,8,8,8,34,34,34,34,145,145,145,145,151,151,151,151,100,100,100,39,39,39,80,80,80,80,84,84,84,84,151,151,151,119,119,119,66,66,66,69,69,69,78,78,78,78,145,145,145,145,157,157,157,157,119,119,119,85,85,85,62,62,62,130,130,130,130,133,133,133,133,117,117,117,100,100,25,25,87,87,87,103,103,103,103,101,101,101,101,86,86,86,117,117,117,83,83,83,59,59,59,47,47,47,47,70,70,70,70,89,89,89,42,42,7,7,7,7,18,18,18,98,98,98,98,130,130,130,130,91,91,91,65,65,35,35,35,49,49,49,61,61,61,144,144,144,144,144,159,159,159,159,112,112,112,62,62,62,70,70,70,196,196,196,196,196,205,205,205,205,180,180,91,91,24,24,24,32,32,32,32,152,152,152,152,104,104,104,104,104,104,104,104,90,90,90,0,0,-25,-25,34,34,34,32,32,32,57,57,57,109,109,109,52,52,45,45,45,49,49,49,-2,-2,-2,107,165,164,164,144,144,182,182,174
126,20.8160000000000025,129,-16,21,21,50,50,50,15,15,15,15,10,10,10,7,7,16,16,18,18,-37,-37,86,86,86,10,10,10,10,29,29,29,29,24,24,24,-53,-53,37,37,20,20,20,28,28,28,15,15,15,45,45,7,7,18,18,63,63,63,15,15,15,15,20,20,20,20,27,27,27,27,94,94,94,80,80,80,-24,-24,-24,15,15,15,15,71,71,71,71,71,23,23,23,23,15,15,15,-15,-15,-43,-43,-43,-6,-6,-6,-6,25,25,25,25,25,39,39,39,39,26,26,26,-22,-22,-10,-10,-10,-28,-28,-28,-28,25,25,25,25,25,53,53,53,53,53,64,64,64,47,47,-23,-23,-23,-38,-38,-38,-38,48,48,48,48,48,42,42,42,42,25,25,25,-75,-75,-29,-29,-29,-19,-19,-19,-19,-53,-53,-53,-53,-14,-14,-14,-14,-36,-36,-36,-19,-19,-19,-13,-13,-13,1,1,1,-10,-10,-29,-29,-29,-7,-7,-7,-17,-17,-17,3,3,-5,-5,-35,-35,-35,11,11,11,11,6,6,6,6,60,60,60,44,44,44,1,1,-24,-24,-24,21,21,21,85,85,85,85,57,57,57,53,53,53,40,40,40,46,46,46,88,88,88,88,108,108,108,108,151,151,151,41,41,41,7,7,-4,-4,-4,-4,108,108,108,108,119,119,119,119,121,121,121,118,118,49,49,34,34,34,67,67,67,67,62,62,62,62,79,79,79,42,42,17,17,17,31,31,31,86,86,86,86,97,97,97,97,71,71,71,71,33,33,33,21,21,21,74,74,74,74,82,82,82,82,62,62,62,62,51,51,51,13,13,13,-10,-10,-10,3,3,3,3,111,111,111,111,59,59,59,59,49,49,49,59,59,59,94,94,94,94,79,79,79,79,127,127,127,133,133,133,34,34,34,55,55,55,65,65,65,65,124,124,124,124,98,98,98,98,95,95,95,76,76,76,63,63,63,101,101,101,101,107,107,107,107,61,61,61,67,67,21,21,35,35,35,71,71,71,71,80,80,80,80,87,87,87,83,83,83,47,47,47,41,41,41,24,24,24,24,46,46,46,46,37,37,37,-13,-13,-17,-17,-13,-13,13,13,13,64,64,64,64,92,92,92,92,42,42,42,40,40,9,9,9,16,16,16,17,17,17,80,80,80,80,80,157,157,157,157,76,76,76,32,32,32,89,89,89,167,167,167,167,167,135,135,135,135,120,120,75,75,-9,-9,-9,6,6,6,6,109,109,109,109,86,86,86,86,61,61,61,61,57,57,57,-21,-21,-50,-50,8,8,8,-25,-25,-25,36,36,36,66,66,66,64,64,102,102,102,33,33,33,-13,-13,-13,114,135,140,140,160,160,197,197,170
127,21.01600000000000179,118,53,42,42,36,36,36,14,14,14,14,-48,-48,-48,-3,-3,-48,-48,13,13,50,50,120,120,120,2,2,2,2,26,26,26,26,-2,-2,-2,-32,-32,-40,-40,-27,-27,-27,65,65,65,12,12,12,13,13,49,49,18,18,48,48,48,54,54,54,54,-14,-14,-14,-14,33,33,33,33,29,29,29,19,19,19,36,36,36,41,41,41,41,21,21,21,21,21,20,20,20,20,-3,-3,-3,24,24,34,34,34,53,53,53,53,-1,-1,-1,-1,-1,35,35,35,35,-10,-10,-10,-22,-22,2,2,2,36,36,36,36,-14,-14,-14,-14,-14,21,21,21,21,21,29,29,29,15,15,-21,-21,-21,-41,-41,-41,-41,-7,-7,-7,-7,-7,3,3,3,3,23,23,23,2,2,-6,-6,-6,-19,-19,-19,-19,-40,-40,-40,-40,-26,-26,-26,-26,-76,-76,-76,-21,-21,-21,-36,-36,-36,-27,-27,-27,8,8,-4,-4,-4,-51,-51,-51,-4,-4,-4,-29,-29,-48,-48,-4,-4,-4,1,1,1,1,-47,-47,-47,-47,38,38,38,-39,-39,-39,-1,-1,-28,-28,-28,-4,-4,-4,-4,-4,-4,-4,-27,-27,-27,5,5,5,54,54,54,19,19,19,70,70,70,70,77,77,77,77,51,51,51,37,37,37,42,42,7,7,7,7,14,14,14,14,39,39,39,39,77,77,77,57,57,59,59,44,44,44,73,73,73,73,64,64,64,64,72,72,72,14,14,66,66,66,-35,-35,-35,11,11,11,11,2,2,2,2,5,5,5,5,4,4,4,3,3,3,25,25,25,25,46,46,46,46,0,0,0,0,17,17,17,-9,-9,-9,-2,-2,-2,-4,-4,-4,-4,26,26,26,26,29,29,29,29,19,19,19,53,53,53,57,57,57,57,39,39,39,39,97,97,97,81,81,81,40,40,40,37,37,37,45,45,45,45,71,71,71,71,46,46,46,46,26,26,26,13,13,13,20,20,20,73,73,73,73,58,58,58,58,16,16,16,32,32,27,27,16,16,16,50,50,50,50,17,17,17,17,22,22,22,60,60,60,30,30,30,28,28,28,-12,-12,-12,-12,-22,-22,-22,-22,-6,-6,-6,-18,-18,-74,-74,-34,-34,-11,-11,-11,20,20,20,20,46,46,46,46,20,20,20,12,12,4,4,4,-28,-28,-28,-10,-10,-10,83,83,83,83,83,63,63,63,63,29,29,29,49,49,49,50,50,50,70,70,70,70,70,68,68,68,68,45,45,20,20,-35,-35,-35,10,10,10,10,47,47,47,47,16,16,16,16,15,15,15,15,-6,-6,-6,-37,-37,-40,-40,-25,-25,-25,-56,-56,-56,-5,-5,-5,41,41,41,22,22,106,106,106,11,11,11,-33,-33,-33,94,121,168,168,174,174,159,159,162
128,21.21600000000000108,73,64,71,71,47,47,47,-54,-54,-54,-54,-73,-73,-73,-94,-94,-70,-70,21,21,101,101,123,123,123,1,1,1,1,-19,-19,-19,-19,-12,-12,-12,-7,-7,-41,-41,-2,-2,-2,-79,-79,-79,-5,-5,-5,-20,-20,31,31,-11,-11,21,21,21,18,18,18,18,-31,-31,-31,-31,-7,-7,-7,-7,0,0,0,-43,-43,-43,39,39,39,15,15,15,15,10,10,10,10,10,-9,-9,-9,-9,7,7,7,22,22,38,38,38,27,27,27,27,-3,-3,-3,-3,-3,-10,-10,-10,-10,-32,-32,-32,-69,-69,24,24,24,44,44,44,44,-57,-57,-57,-57,-57,-38,-38,-38,-38,-38,-6,-6,-6,-21,-21,17,17,17,-33,-33,-33,-33,-2,-2,-2,-2,-2,15,15,15,15,-35,-35,-35,0,0,-6,-6,-6,-62,-62,-62,-62,-87,-87,-87,-87,-74,-74,-74,-74,-57,-57,-57,-59,-59,-59,-59,-59,-59,-67,-67,-67,23,23,11,11,11,-36,-36,-36,-39,-39,-39,-90,-90,-70,-70,-17,-17,-17,11,11,11,11,-79,-79,-79,-79,-32,-32,-32,-44,-44,-44,-24,-24,-9,-9,-9,-47,-47,-47,-35,-35,-35,-35,-86,-86,-86,-42,-42,-42,26,26,26,-4,-4,-4,34,34,34,34,11,11,11,11,43,43,43,14,14,14,38,38,24,24,24,24,-37,-37,-37,-37,-26,-26,-26,-26,10,10,10,-14,-14,14,14,11,11,11,36,36,36,36,11,11,11,11,33,33,33,-70,-70,51,51,51,-80,-80,-80,-59,-59,-59,-59,-109,-109,-109,-109,-50,-50,-50,-50,-34,-34,-34,-44,-44,-44,-10,-10,-10,-10,11,11,11,11,-60,-60,-60,-60,-37,-37,-37,-46,-46,-46,-49,-49,-49,-15,-15,-15,-15,-22,-22,-22,-22,-28,-28,-28,-28,-43,-43,-43,31,31,31,33,33,33,33,-7,-7,-7,-7,44,44,44,28,28,28,-4,-4,-4,10,10,10,21,21,21,21,3,3,3,3,-33,-33,-33,-33,-28,-28,-28,-18,-18,-18,-25,-25,-25,17,17,17,17,32,32,32,32,-20,-20,-20,-15,-15,-24,-24,-35,-35,-35,13,13,13,13,-17,-17,-17,-17,-4,-4,-4,18,18,18,8,8,8,13,13,13,-27,-27,-27,-27,-39,-39,-39,-39,-45,-45,-45,-47,-47,-84,-84,-48,-48,-42,-42,-42,-1,-1,-1,-1,-40,-40,-40,-40,-32,-32,-32,-38,-38,-17,-17,-17,-53,-53,-53,-24,-24,-24,20,20,20,20,20,39,39,39,39,-28,-28,-28,-14,-14,-14,-7,-7,-7,-6,-6,-6,-6,-6,-15,-15,-15,-15,-7,-7,-17,-17,-16,-16,-16,-21,-21,-21,-21,-2,-2,-2,-2,-15,-15,-15,-15,-38,-38,-38,-38,-86,-86,-86,-67,-67,-74,-74,-54,-54,-54,-100,-100,-100,-79,-79,-79,-30,-30,-30,-4,-4,62,62,62,-27,-27,-27,-77,-77,-77,57,91,175,175,165,165,137,137,157
129,21.41600000000000037,38,59,15,15,-1,-1,-1,-53,-53,-53,-53,-141,-141,-141,-66,-66,-99,-99,-26,-26,62,62,104,104,104,-7,-7,-7,-7,-42,-42,-42,-42,-58,-58,-58,9,9,-54,-54,-37,-37,-37,-18,-18,-18,-72,-72,-72,-42,-42,13,13,-17,-17,-47,-47,-47,-3,-3,-3,-3,14,14,14,14,-37,-37,-37,-37,-25,-25,-25,-68,-68,-68,-3,-3,-3,-52,-52,-52,-52,-32,-32,-32,-32,-32,-76,-76,-76,-76,-38,-38,-38,10,10,-13,-13,-13,9,9,9,9,-36,-36,-36,-36,-36,-54,-54,-54,-54,-71,-71,-71,-83,-83,-6,-6,-6,19,19,19,19,-41,-41,-41,-41,-41,-62,-62,-62,-62,-62,-60,-60,-60,-55,-55,15,15,15,-38,-38,-38,-38,-59,-59,-59,-59,-59,-66,-66,-66,-66,-28,-28,-28,-17,-17,-75,-75,-75,-84,-84,-84,-84,-104,-104,-104,-104,-85,-85,-85,-85,-82,-82,-82,-71,-71,-71,-115,-115,-115,-109,-109,-109,3,3,-27,-27,-27,-66,-66,-66,-97,-97,-97,-89,-89,-96,-96,-50,-50,-50,-48,-48,-48,-48,-100,-100,-100,-100,-91,-91,-91,-84,-84,-84,-91,-91,-23,-23,-23,-58,-58,-58,-64,-64,-64,-64,-107,-107,-107,-89,-89,-89,-20,-20,-20,-58,-58,-58,-10,-10,-10,-10,-55,-55,-55,-55,-51,-51,-51,-44,-44,-44,-23,-23,-35,-35,-35,-35,-61,-61,-61,-61,-51,-51,-51,-51,-41,-41,-41,-43,-43,-44,-44,-24,-24,-24,-33,-33,-33,-33,-52,-52,-52,-52,6,6,6,-100,-100,7,7,7,-127,-127,-127,-109,-109,-109,-109,-157,-157,-157,-157,-121,-121,-121,-121,-72,-72,-72,-85,-85,-85,-52,-52,-52,-52,-43,-43,-43,-43,-121,-121,-121,-121,-112,-112,-112,-72,-72,-72,-77,-77,-77,-79,-79,-79,-79,-80,-80,-80,-80,-87,-87,-87,-87,-59,-59,-59,-43,-43,-43,-30,-30,-30,-30,-58,-58,-58,-58,-48,-48,-48,-30,-30,-30,-41,-41,-41,-33,-33,-33,-35,-35,-35,-35,-48,-48,-48,-48,-67,-67,-67,-67,-85,-85,-85,-58,-58,-58,-76,-76,-76,-21,-21,-21,-21,-35,-35,-35,-35,-45,-45,-45,-48,-48,-39,-39,-89,-89,-89,-47,-47,-47,-47,-58,-58,-58,-58,-82,-82,-82,-25,-25,-25,-48,-48,-48,-28,-28,-28,-79,-79,-79,-79,-92,-92,-92,-92,-101,-101,-101,-80,-80,-97,-97,-59,-59,-86,-86,-86,-40,-40,-40,-40,-76,-76,-76,-76,-76,-76,-76,-76,-76,-50,-50,-50,-81,-81,-81,-57,-57,-57,-38,-38,-38,-38,-38,-26,-26,-26,-26,-48,-48,-48,-73,-73,-73,-73,-73,-73,-46,-46,-46,-46,-46,-66,-66,-66,-66,-88,-88,-81,-81,-41,-41,-41,-21,-21,-21,-21,-58,-58,-58,-58,-64,-64,-64,-64,-84,-84,-84,-84,-126,-126,-126,-73,-73,-73,-73,-99,-99,-99,-114,-114,-114,-112,-112,-112,-79,-79,-79,-50,-50,13,13,13,-51,-51,-51,-93,-93,-93,3,57,140,140,125,125,92,92,118
130,21.61599999999999966,-7,-33,-68,-68,-101,-101,-101,-79,-79,-79,-79,-95,-95,-95,-99,-99,-162,-162,-55,-55,-12,-12,43,43,43,-54,-54,-54,-54,-70,-70,-70,-70,-92,-92,-92,-37,-37,-86,-86,-78,-78,-78,-71,-71,-71,-60,-60,-60,-53,-53,-49,-49,-72,-72,-76,-76,-76,-49,-49,-49,-49,-43,-43,-43,-43,-70,-70,-70,-70,-42,-42,-42,-88,-88,-88,-33,-33,-33,-72,-72,-72,-72,-75,-75,-75,-75,-75,-53,-53,-53,-53,-39,-39,-39,-24,-24,-59,-59,-59,-53,-53,-53,-53,-14,-14,-14,-14,-14,-88,-88,-88,-88,-72,-72,-72,-112,-112,-48,-48,-48,-18,-18,-18,-18,-59,-59,-59,-59,-59,-92,-92,-92,-92,-92,-100,-100,-100,-93,-93,-33,-33,-33,-61,-61,-61,-61,-56,-56,-56,-56,-56,-65,-65,-65,-65,-66,-66,-66,-66,-66,-67,-67,-67,-115,-115,-115,-115,-107,-107,-107,-107,-106,-106,-106,-106,-132,-132,-132,-116,-116,-116,-89,-89,-89,-114,-114,-114,-75,-75,-80,-80,-80,-80,-80,-80,-112,-112,-112,-119,-119,-107,-107,-94,-94,-94,-81,-81,-81,-81,-129,-129,-129,-129,-115,-115,-115,-124,-124,-124,-75,-75,-97,-97,-97,-107,-107,-107,-138,-138,-138,-138,-161,-161,-161,-105,-105,-105,-77,-77,-77,-102,-102,-102,-85,-85,-85,-85,-61,-61,-61,-61,-99,-99,-99,-104,-104,-104,-89,-89,-109,-109,-109,-109,-109,-109,-109,-109,-108,-108,-108,-108,-117,-117,-117,-101,-101,-63,-63,-90,-90,-90,-109,-109,-109,-109,-93,-93,-93,-93,-74,-74,-74,-148,-148,-80,-80,-80,-161,-161,-161,-191,-191,-191,-191,-193,-193,-193,-193,-132,-132,-132,-132,-114,-114,-114,-115,-115,-115,-88,-88,-88,-88,-82,-82,-82,-82,-139,-139,-139,-139,-132,-132,-132,-103,-103,-103,-116,-116,-116,-97,-97,-97,-97,-135,-135,-135,-135,-136,-136,-136,-136,-111,-111,-111,-131,-131,-131,-124,-124,-124,-124,-105,-105,-105,-105,-104,-104,-104,-112,-112,-112,-96,-96,-96,-88,-88,-88,-86,-86,-86,-86,-85,-85,-85,-85,-139,-139,-139,-139,-104,-104,-104,-99,-99,-99,-107,-107,-107,-83,-83,-83,-83,-62,-62,-62,-62,-100,-100,-100,-96,-96,-104,-104,-111,-111,-111,-71,-71,-71,-71,-90,-90,-90,-90,-110,-110,-110,-53,-53,-53,-94,-94,-94,-104,-104,-104,-96,-96,-96,-96,-106,-106,-106,-106,-126,-126,-126,-91,-91,-125,-125,-96,-96,-111,-111,-111,-107,-107,-107,-107,-108,-108,-108,-108,-125,-125,-125,-117,-117,-75,-75,-75,-103,-103,-103,-92,-92,-92,-63,-63,-63,-63,-63,-65,-65,-65,-65,-101,-101,-101,-120,-120,-120,-92,-92,-92,-103,-103,-103,-103,-103,-131,-131,-131,-131,-154,-154,-157,-157,-98,-98,-98,-60,-60,-60,-60,-95,-95,-95,-95,-122,-122,-122,-122,-132,-132,-132,-132,-166,-166,-166,-108,-108,-108,-108,-108,-108,-108,-110,-110,-110,-104,-104,-104,-100,-100,-100,-98,-98,-73,-73,-73,-44,-44,-44,-83,-83,-83,-70,17,126,126,84,84,54,54,108
131,21.8160000000000025,-70,-130,-150,-150,-109,-109,-109,-97,-97,-97,-97,-141,-141,-141,-90,-90,-158,-158,-114,-114,-68,-68,-51,-51,-51,-86,-86,-86,-86,-99,-99,-99,-99,-97,-97,-97,-34,-34,-54,-54,-68,-68,-68,-119,-119,-119,-52,-52,-52,-119,-119,-49,-49,-96,-96,-130,-130,-130,-93,-93,-93,-93,-89,-89,-89,-89,-85,-85,-85,-85,-73,-73,-73,-91,-91,-91,-77,-77,-77,-97,-97,-97,-97,-106,-106,-106,-106,-106,-108,-108,-108,-108,-79,-79,-79,-64,-64,-117,-117,-117,-115,-115,-115,-115,-61,-61,-61,-61,-61,-57,-57,-57,-57,-78,-78,-78,-145,-145,-101,-101,-101,-85,-85,-85,-85,-90,-90,-90,-90,-90,-78,-78,-78,-78,-78,-117,-117,-117,-138,-138,-61,-61,-61,-80,-80,-80,-80,-76,-76,-76,-76,-76,-73,-73,-73,-73,-105,-105,-105,-56,-56,-55,-55,-55,-37,-37,-37,-37,-95,-95,-95,-95,-102,-102,-102,-102,-129,-129,-129,-110,-110,-110,-105,-105,-105,-131,-131,-131,-133,-133,-87,-87,-87,-74,-74,-74,-94,-94,-94,-138,-138,-79,-79,-113,-113,-113,-120,-120,-120,-120,-123,-123,-123,-123,-120,-120,-120,-138,-138,-138,-144,-144,-112,-112,-112,-147,-147,-147,-139,-139,-139,-139,-144,-144,-144,-151,-151,-151,-157,-157,-157,-134,-134,-134,-120,-120,-120,-120,-96,-96,-96,-96,-89,-89,-89,-170,-170,-170,-124,-124,-155,-155,-155,-155,-99,-99,-99,-99,-80,-80,-80,-80,-155,-155,-155,-116,-116,-141,-141,-147,-147,-147,-157,-157,-157,-157,-158,-158,-158,-158,-122,-122,-122,-135,-135,-139,-139,-139,-160,-160,-160,-227,-227,-227,-227,-188,-188,-188,-188,-153,-153,-153,-153,-127,-127,-127,-150,-150,-150,-104,-104,-104,-104,-109,-109,-109,-109,-128,-128,-128,-128,-156,-156,-156,-112,-112,-112,-122,-122,-122,-118,-118,-118,-118,-138,-138,-138,-138,-114,-114,-114,-114,-133,-133,-133,-155,-155,-155,-178,-178,-178,-178,-127,-127,-127,-127,-157,-157,-157,-150,-150,-150,-112,-112,-112,-122,-122,-122,-119,-119,-119,-119,-109,-109,-109,-109,-82,-82,-82,-82,-82,-82,-82,-111,-111,-111,-128,-128,-128,-129,-129,-129,-129,-99,-99,-99,-99,-122,-122,-122,-128,-128,-148,-148,-137,-137,-137,-83,-83,-83,-83,-86,-86,-86,-86,-124,-124,-124,-107,-107,-107,-131,-131,-131,-107,-107,-107,-135,-135,-135,-135,-127,-127,-127,-127,-117,-117,-117,-98,-98,-105,-105,-124,-124,-124,-124,-124,-136,-136,-136,-136,-119,-119,-119,-119,-127,-127,-127,-140,-140,-100,-100,-100,-116,-116,-116,-138,-138,-138,-109,-109,-109,-109,-109,-107,-107,-107,-107,-71,-71,-71,-108,-108,-108,-123,-123,-123,-118,-118,-118,-118,-118,-136,-136,-136,-136,-164,-164,-173,-173,-136,-136,-136,-81,-81,-81,-81,-121,-121,-121,-121,-159,-159,-159,-159,-134,-134,-134,-134,-180,-180,-180,-155,-155,-114,-114,-116,-116,-116,-95,-95,-95,-102,-102,-102,-107,-107,-107,-109,-109,-162,-162,-162,-70,-70,-70,-98,-98,-98,-100,-18,90,90,53,53,18,18,71
132,22.01600000000000179,-120,-154,-149,-149,-132,-132,-132,-108,-108,-108,-108,-90,-90,-90,-108,-108,-117,-117,-97,-97,-123,-123,-121,-121,-121,-69,-69,-69,-69,-71,-71,-71,-71,-113,-113,-113,-36,-36,-99,-99,-72,-72,-72,-117,-117,-117,-116,-116,-116,-77,-77,-134,-134,-86,-86,-113,-113,-113,-65,-65,-65,-65,-91,-91,-91,-91,-56,-56,-56,-56,-71,-71,-71,-72,-72,-72,-125,-125,-125,-114,-114,-114,-114,-79,-79,-79,-79,-79,-69,-69,-69,-69,-65,-65,-65,-74,-74,-111,-111,-111,-126,-126,-126,-126,-24,-24,-24,-24,-24,-91,-91,-91,-91,-78,-78,-78,-112,-112,-99,-99,-99,-100,-100,-100,-100,-66,-66,-66,-66,-66,-32,-32,-32,-32,-32,-134,-134,-134,-118,-118,-36,-36,-36,-76,-76,-76,-76,-87,-87,-87,-87,-87,-59,-59,-59,-59,-96,-96,-96,-60,-60,-91,-91,-91,-56,-56,-56,-56,-34,-34,-34,-34,-60,-60,-60,-60,-116,-116,-116,-99,-99,-99,-105,-105,-105,-139,-139,-139,-129,-129,-95,-95,-95,-90,-90,-90,-115,-115,-115,-44,-44,-80,-80,-90,-90,-90,-109,-109,-109,-109,-99,-99,-99,-99,-91,-91,-91,-147,-147,-147,-89,-89,-138,-138,-138,-148,-148,-148,-109,-109,-109,-109,-112,-112,-112,-120,-120,-120,-174,-174,-174,-127,-127,-127,-141,-141,-141,-141,-85,-85,-85,-85,-116,-116,-116,-135,-135,-135,-107,-107,-136,-136,-136,-136,-117,-117,-117,-117,-103,-103,-103,-103,-119,-119,-119,-115,-115,-122,-122,-160,-160,-160,-198,-198,-198,-198,-157,-157,-157,-157,-147,-147,-147,-132,-132,-109,-109,-109,-163,-163,-163,-207,-207,-207,-207,-169,-169,-169,-169,-117,-117,-117,-117,-113,-113,-113,-127,-127,-127,-110,-110,-110,-110,-136,-136,-136,-136,-75,-75,-75,-75,-112,-112,-112,-91,-91,-91,-95,-95,-95,-102,-102,-102,-102,-128,-128,-128,-128,-118,-118,-118,-118,-118,-118,-118,-168,-168,-168,-177,-177,-177,-177,-110,-110,-110,-110,-168,-168,-168,-157,-157,-157,-135,-135,-135,-117,-117,-117,-118,-118,-118,-118,-94,-94,-94,-94,-66,-66,-66,-66,-85,-85,-85,-99,-99,-99,-139,-139,-139,-150,-150,-150,-150,-119,-119,-119,-119,-125,-125,-125,-144,-144,-155,-155,-107,-107,-107,-79,-79,-79,-79,-66,-66,-66,-66,-106,-106,-106,-113,-113,-113,-152,-152,-152,-132,-132,-132,-118,-118,-118,-118,-97,-97,-97,-97,-115,-115,-115,-70,-70,-78,-78,-132,-132,-153,-153,-153,-143,-143,-143,-143,-109,-109,-109,-109,-125,-125,-125,-146,-146,-116,-116,-116,-121,-121,-121,-143,-143,-143,-114,-114,-114,-114,-114,-109,-109,-109,-109,-64,-64,-64,-105,-105,-105,-119,-119,-119,-86,-86,-86,-86,-86,-137,-137,-137,-137,-147,-147,-212,-212,-126,-126,-126,-89,-89,-89,-89,-101,-101,-101,-101,-166,-166,-166,-166,-153,-153,-153,-153,-158,-158,-158,-119,-119,-83,-83,-82,-82,-82,-89,-89,-89,-98,-98,-98,-96,-96,-96,-129,-129,-185,-185,-185,-73,-73,-73,-76,-76,-76,-125,-51,77,77,75,75,10,10,86
133,22.21600000000000108,-106,-103,-91,-91,-66,-66,-66,-9,-9,-9,-9,-42,-42,-42,-30,-30,-87,-87,-43,-43,-109,-109,-124,-124,-124,-64,-64,-64,-64,-63,-63,-63,-63,-69,-69,-69,-23,-23,-69,-69,-23,-23,-23,-91,-91,-91,-61,-61,-61,-114,-114,-61,-61,-76,-76,-88,-88,-88,-36,-36,-36,-36,-7,-7,-7,-7,-67,-67,-67,-67,-80,-80,-80,-42,-42,-42,-89,-89,-89,-69,-69,-69,-69,-54,-54,-54,-54,-54,-41,-41,-41,-41,-61,-61,-61,-36,-36,-116,-116,-116,-54,-54,-54,-54,-29,-29,-29,-29,-29,-18,-18,-18,-18,-41,-41,-41,-59,-59,-56,-56,-56,-91,-91,-91,-91,-30,-30,-30,-30,-30,-52,-52,-52,-52,-52,-84,-84,-84,-68,-68,1,1,1,-29,-29,-29,-29,-21,-21,-21,-21,-21,-55,-55,-55,-55,-47,-47,-47,-8,-8,-42,-42,-42,-57,-57,-57,-57,-12,-12,-12,-12,-36,-36,-36,-36,-59,-59,-59,-63,-63,-63,-39,-39,-39,-73,-73,-73,-62,-62,-34,-34,-34,-30,-30,-30,-30,-30,-30,-14,-14,-21,-21,-27,-27,-27,-33,-33,-33,-33,-60,-60,-60,-60,-102,-102,-102,-74,-74,-74,-59,-59,-60,-60,-60,-107,-107,-107,-80,-80,-80,-80,-75,-75,-75,-104,-104,-104,-122,-122,-122,-107,-107,-107,-90,-90,-90,-90,-124,-124,-124,-124,-100,-100,-100,-103,-103,-103,-42,-42,-89,-89,-89,-89,-74,-74,-74,-74,-77,-77,-77,-77,-52,-52,-52,-82,-82,-101,-101,-88,-88,-88,-141,-141,-141,-141,-103,-103,-103,-103,-77,-77,-77,-69,-69,-76,-76,-76,-62,-62,-62,-131,-131,-131,-131,-119,-119,-119,-119,-88,-88,-88,-88,-75,-75,-75,-68,-68,-68,-99,-99,-99,-99,-94,-94,-94,-94,-64,-64,-64,-64,-63,-63,-63,-21,-21,-21,-34,-34,-34,-36,-36,-36,-36,-87,-87,-87,-87,-80,-80,-80,-80,-89,-89,-89,-114,-114,-114,-130,-130,-130,-130,-91,-91,-91,-91,-127,-127,-127,-112,-112,-112,-58,-58,-58,-70,-70,-70,-83,-83,-83,-83,-89,-89,-89,-89,-29,-29,-29,-29,-40,-40,-40,-73,-73,-73,-82,-82,-82,-134,-134,-134,-134,-118,-118,-118,-118,-67,-67,-67,-130,-130,-107,-107,-68,-68,-68,-50,-50,-50,-50,-80,-80,-80,-80,-93,-93,-93,-91,-91,-91,-123,-123,-123,-109,-109,-109,-75,-75,-75,-75,-34,-34,-34,-34,-49,-49,-49,-25,-25,-36,-36,-79,-79,-86,-86,-86,-108,-108,-108,-108,-93,-93,-93,-93,-104,-104,-104,-102,-102,-64,-64,-64,-81,-81,-81,-99,-99,-99,-100,-100,-100,-100,-100,-67,-67,-67,-67,-48,-48,-48,-85,-85,-85,-77,-77,-77,-98,-98,-98,-98,-98,-82,-82,-82,-82,-98,-98,-118,-118,-80,-80,-80,-82,-82,-82,-82,-69,-69,-69,-69,-129,-129,-129,-129,-112,-112,-112,-112,-93,-93,-93,-79,-79,-20,-20,-38,-38,-38,-56,-56,-56,-77,-77,-77,-75,-75,-75,-113,-113,-153,-153,-153,-48,-48,-48,-19,-19,-19,-121,-51,70,70,71,71,17,17,73
134,22.41600000000000037,-71,9,20,20,42,42,42,29,29,29,29,-3,-3,-3,9,9,12,12,50,50,36,36,-9,-9,-9,34,34,34,34,8,8,8,8,-59,-59,-59,54,54,20,20,-23,-23,-23,29,29,29,-5,-5,-5,24,24,-4,-4,7,7,-3,-3,-3,-38,-38,-38,-38,-9,-9,-9,-9,-32,-32,-32,-32,20,20,20,11,11,11,30,30,30,17,17,17,17,-8,-8,-8,-8,-8,12,12,12,12,79,79,79,10,10,3,3,3,13,13,13,13,-4,-4,-4,-4,-4,-14,-14,-14,-14,19,19,19,28,28,22,22,22,23,23,23,23,-10,-10,-10,-10,-10,-6,-6,-6,-6,-6,1,1,1,2,2,19,19,19,69,69,69,69,21,21,21,21,21,6,6,6,6,27,27,27,54,54,25,25,25,-30,-30,-30,-30,54,54,54,54,13,13,13,13,-56,-56,-56,6,6,6,6,6,6,24,24,24,6,6,46,46,46,38,38,38,22,22,22,-4,-4,46,46,78,78,78,66,66,66,66,-1,-1,-1,-1,-14,-14,-14,-32,-32,-32,43,43,40,40,40,3,3,3,-17,-17,-17,-17,-23,-23,-23,-11,-11,-11,-42,-42,-42,-23,-23,-23,-65,-65,-65,-65,-43,-43,-43,-43,-32,-32,-32,0,0,0,40,40,34,34,34,34,-3,-3,-3,-3,-38,-38,-38,-38,-11,-11,-11,-10,-10,4,4,20,20,20,8,8,8,8,17,17,17,17,5,5,5,3,3,-2,-2,-2,45,45,45,-25,-25,-25,-25,-10,-10,-10,-10,-30,-30,-30,-30,-5,-5,-5,34,34,34,-63,-63,-63,-63,-16,-16,-16,-16,-6,-6,-6,-6,50,50,50,35,35,35,49,49,49,9,9,9,9,-23,-23,-23,-23,-46,-46,-46,-46,-3,-3,-3,-13,-13,-13,-37,-37,-37,-37,-21,-21,-21,-21,-56,-56,-56,-28,-28,-28,4,4,4,6,6,6,1,1,1,1,-33,-33,-33,-33,-10,-10,-10,-10,-7,-7,-7,-3,-3,-3,3,3,3,-98,-98,-98,-98,-79,-79,-79,-79,-12,-12,-12,-19,-19,18,18,2,2,2,-7,-7,-7,-7,-14,-14,-14,-14,-25,-25,-25,-52,-52,-52,-59,-59,-59,-3,-3,-3,8,8,8,8,17,17,17,17,25,25,25,35,35,24,24,2,2,-14,-14,-14,-38,-38,-38,-38,5,5,5,5,-36,-36,-36,-42,-42,-20,-20,-20,-6,-6,-6,-19,-19,-19,-71,-71,-71,-71,-71,-31,-31,-31,-31,14,14,14,-20,-20,-20,-5,-5,-5,-48,-48,-48,-48,-48,-57,-57,-57,-57,-51,-51,-47,-47,-10,-10,-10,1,1,1,1,-33,-33,-33,-33,-32,-32,-32,-32,-39,-39,-39,-39,-18,-18,-18,-16,-16,43,43,11,11,11,-8,-8,-8,-21,-21,-21,-59,-59,-59,-31,-31,-74,-74,-74,11,11,11,43,43,43,-49,-6,71,71,73,73,37,37,58
135,22.61599999999999966,-16,73,154,154,127,127,127,70,70,70,70,69,69,69,56,56,60,60,164,164,169,169,70,70,70,98,98,98,98,36,36,36,36,58,58,58,76,76,75,75,53,53,53,34,34,34,31,31,31,29,29,102,102,107,107,44,44,44,63,63,63,63,60,60,60,60,87,87,87,87,45,45,45,74,74,74,108,108,108,87,87,87,87,65,65,65,65,65,84,84,84,84,83,83,83,113,113,67,67,67,92,92,92,92,61,61,61,61,61,52,52,52,52,57,57,57,73,73,94,94,94,62,62,62,62,64,64,64,64,64,48,48,48,48,48,38,38,38,57,57,67,67,67,87,87,87,87,36,36,36,36,36,31,31,31,31,103,103,103,95,95,83,83,83,40,40,40,40,10,10,10,10,65,65,65,65,74,74,74,82,82,82,74,74,74,103,103,103,126,126,98,98,98,93,93,93,74,74,74,79,79,116,116,149,149,149,115,115,115,115,33,33,33,33,41,41,41,68,68,68,114,114,151,151,151,115,115,115,50,50,50,50,50,50,50,39,39,39,63,63,63,37,37,37,3,3,3,3,20,20,20,20,12,12,12,70,70,70,139,139,178,178,178,178,64,64,64,64,49,49,49,49,62,62,62,61,61,89,89,121,121,121,121,121,121,121,77,77,77,77,87,87,87,94,94,104,104,104,154,154,154,83,83,83,83,66,66,66,66,53,53,53,53,85,85,85,135,135,135,49,49,49,49,24,24,24,24,55,55,55,55,107,107,107,97,97,97,121,121,121,102,102,102,102,20,20,20,20,44,44,44,44,77,77,77,73,73,73,62,62,62,62,48,48,48,48,33,33,33,57,57,57,90,90,90,90,90,90,72,72,72,72,15,15,15,15,23,23,23,23,54,54,54,76,76,76,99,99,99,-27,-27,-27,-27,21,21,21,21,72,72,72,94,94,110,110,102,102,102,56,56,56,56,46,46,46,46,67,67,67,19,19,19,50,50,50,64,64,64,60,60,60,60,86,86,86,86,66,66,66,89,89,108,108,114,114,106,106,106,7,7,7,7,48,48,48,48,62,62,62,57,57,51,51,51,53,53,53,47,47,47,3,3,3,3,3,20,20,20,20,70,70,70,74,74,74,101,101,101,31,31,31,31,31,41,41,41,41,16,16,54,54,101,101,101,64,64,64,64,48,48,48,48,40,40,40,40,-8,-8,-8,-8,64,64,64,71,71,112,112,57,57,57,34,34,34,25,25,25,-2,-2,-2,72,72,88,88,88,58,58,58,114,114,114,14,56,114,114,99,99,57,57,79
136,22.8160000000000025,28,141,174,174,119,119,119,85,85,85,85,106,106,106,122,122,127,127,177,177,181,181,144,144,144,120,120,120,120,64,64,64,64,116,116,116,117,117,109,109,43,43,43,123,123,123,52,52,52,146,146,166,166,143,143,97,97,97,106,106,106,106,45,45,45,45,64,64,64,64,-31,-31,-31,70,70,70,160,160,160,130,130,130,130,78,78,78,78,78,131,131,131,131,98,98,98,121,121,126,126,126,127,127,127,127,55,55,55,55,55,50,50,50,50,89,89,89,73,73,136,136,136,99,99,99,99,77,77,77,77,77,47,47,47,47,47,80,80,80,83,83,80,80,80,124,124,124,124,57,57,57,57,57,79,79,79,79,100,100,100,115,115,117,117,117,60,60,60,60,71,71,71,71,89,89,89,89,89,89,89,116,116,116,121,121,121,146,146,146,146,146,144,144,144,157,157,157,53,53,53,131,131,153,153,128,128,128,131,131,131,131,63,63,63,63,104,104,104,65,65,65,163,163,185,185,185,180,180,180,127,127,127,127,121,121,121,109,109,109,138,138,138,94,94,94,77,77,77,77,74,74,74,74,75,75,75,153,153,153,172,172,188,188,188,188,157,157,157,157,76,76,76,76,101,101,101,101,101,130,130,188,188,188,212,212,212,212,137,137,137,137,126,126,126,155,155,134,134,134,184,184,184,152,152,152,152,149,149,149,149,123,123,123,123,117,117,117,165,165,165,116,116,116,116,89,89,89,89,103,103,103,103,117,117,117,83,83,83,181,181,181,153,153,153,153,80,80,80,80,105,105,105,105,146,146,146,145,145,145,122,122,122,122,97,97,97,97,103,103,103,142,142,142,163,163,163,151,151,151,141,141,141,141,83,83,83,83,52,52,52,52,100,100,100,132,132,132,128,128,128,47,47,47,47,97,97,97,97,121,121,121,160,160,188,188,157,157,157,103,103,103,103,106,106,106,106,148,148,148,100,100,100,124,124,124,130,130,130,105,105,105,105,111,111,111,111,110,110,110,122,122,126,126,130,130,146,146,146,93,93,93,93,98,98,98,98,125,125,125,89,89,81,81,81,125,125,125,106,106,106,92,92,92,92,92,74,74,74,74,126,126,126,128,128,128,162,162,162,79,79,79,79,79,109,109,109,109,115,115,153,153,168,168,168,139,139,139,139,126,126,126,126,115,115,115,115,69,69,69,69,94,94,94,125,125,137,137,81,81,81,76,76,76,76,76,76,41,41,41,89,89,178,178,178,131,131,131,173,173,173,61,60,128,128,127,127,73,73,77
137,23.01600000000000179,69,79,132,132,115,115,115,113,113,113,113,107,107,107,157,157,123,123,123,123,139,139,137,137,137,108,108,108,108,62,62,62,62,52,52,52,101,101,113,113,70,70,70,90,90,90,129,129,129,153,153,132,132,121,121,69,69,69,44,44,44,44,78,78,78,78,41,41,41,41,42,42,42,100,100,100,94,94,94,93,93,93,93,75,75,75,75,75,112,112,112,112,38,38,38,123,123,92,92,92,66,66,66,66,68,68,68,68,68,55,55,55,55,76,76,76,126,126,85,85,85,100,100,100,100,83,83,83,83,83,86,86,86,86,86,81,81,81,80,80,62,62,62,98,98,98,98,68,68,68,68,68,28,28,28,28,77,77,77,109,109,73,73,73,43,43,43,43,56,56,56,56,80,80,80,80,96,96,96,119,119,119,110,110,110,133,133,133,126,126,133,133,133,119,119,119,94,94,94,85,85,102,102,70,70,70,76,76,76,76,78,78,78,78,103,103,103,102,102,102,137,137,152,152,152,173,173,173,120,120,120,120,98,98,98,137,137,137,175,175,175,123,123,123,88,88,88,88,120,120,120,120,120,120,120,163,163,163,146,146,147,147,147,147,158,158,158,158,106,106,106,106,99,99,99,128,128,124,124,174,174,174,210,210,210,210,172,172,172,172,142,142,142,135,135,159,159,159,198,198,198,161,161,161,161,183,183,183,183,159,159,159,159,142,142,142,135,135,135,146,146,146,146,104,104,104,104,125,125,125,125,119,119,119,102,102,102,128,128,128,96,96,96,96,108,108,108,108,130,130,130,130,131,131,131,136,136,136,143,143,143,143,133,133,133,133,134,134,134,180,180,180,172,172,172,138,138,138,157,157,157,157,99,99,99,99,122,122,122,122,139,139,139,145,145,145,113,113,113,99,99,99,99,103,103,103,103,135,135,135,165,165,160,160,143,143,143,132,132,132,132,125,125,125,125,148,148,148,140,140,140,137,137,137,136,136,136,99,99,99,99,107,107,107,107,81,81,81,97,97,114,114,98,98,137,137,137,137,137,137,137,110,110,110,110,146,146,146,125,125,88,88,88,133,133,133,131,131,131,139,139,139,139,139,115,115,115,115,151,151,151,111,111,111,142,142,142,122,122,122,122,122,139,139,139,139,157,157,171,171,170,170,170,156,156,156,156,132,132,132,132,103,103,103,103,71,71,71,71,117,117,117,109,109,95,95,78,78,78,80,80,80,86,86,86,42,42,42,76,76,195,195,195,171,171,171,172,172,172,46,70,128,128,146,146,95,95,76
138,23.21600000000000108,86,-24,16,16,29,29,29,100,100,100,100,66,66,66,98,98,105,105,74,74,50,50,82,82,82,79,79,79,79,45,45,45,45,98,98,98,18,18,100,100,63,63,63,70,70,70,53,53,53,65,65,72,72,88,88,28,28,28,24,24,24,24,71,71,71,71,26,26,26,26,18,18,18,61,61,61,20,20,20,57,57,57,57,55,55,55,55,55,107,107,107,107,64,64,64,71,71,33,33,33,9,9,9,9,37,37,37,37,37,32,32,32,32,52,52,52,78,78,26,26,26,60,60,60,60,92,92,92,92,92,62,62,62,62,62,97,97,97,70,70,16,16,16,56,56,56,56,17,17,17,17,17,19,19,19,19,52,52,52,45,45,22,22,22,51,51,51,51,20,20,20,20,48,48,48,48,71,71,71,60,60,60,50,50,50,76,76,76,30,30,50,50,50,53,53,53,87,87,87,91,91,45,45,35,35,35,17,17,17,17,31,31,31,31,74,74,74,93,93,93,90,90,91,91,91,131,131,131,119,119,119,119,87,87,87,126,126,126,119,119,119,71,71,71,81,81,81,81,108,108,108,108,129,129,129,149,149,149,74,74,99,99,99,99,101,101,101,101,82,82,82,82,80,80,80,74,74,97,97,126,126,126,179,179,179,179,150,150,150,150,95,95,95,82,82,96,96,96,126,126,126,170,170,170,170,157,157,157,157,137,137,137,137,98,98,98,72,72,72,98,98,98,98,78,78,78,78,132,132,132,132,62,62,62,68,68,68,80,80,80,82,82,82,82,92,92,92,92,106,106,106,106,119,119,119,138,138,138,116,116,116,116,124,124,124,124,150,150,150,172,172,172,128,128,128,109,109,109,134,134,134,134,103,103,103,103,106,106,106,106,83,83,83,109,109,109,117,117,117,121,121,121,121,88,88,88,88,95,95,95,121,121,124,124,80,80,80,114,114,114,114,100,100,100,100,148,148,148,135,135,135,139,139,139,98,98,98,52,52,52,52,68,68,68,68,72,72,72,56,56,76,76,75,75,105,105,105,66,66,66,66,93,93,93,93,105,105,105,104,104,75,75,75,116,116,116,146,146,146,84,84,84,84,84,98,98,98,98,136,136,136,109,109,109,100,100,100,110,110,110,110,110,131,131,131,131,175,175,172,172,109,109,109,153,153,153,153,82,82,82,82,79,79,79,79,78,78,78,78,96,96,96,65,65,60,60,47,47,47,81,81,81,63,63,63,47,47,47,44,44,95,95,95,178,178,178,163,163,163,1,20,78,78,128,128,92,92,42
139,23.41600000000000037,41,-53,-44,-44,6,6,6,43,43,43,43,71,71,71,74,74,104,104,70,70,28,28,71,71,71,39,39,39,39,62,62,62,62,86,86,86,66,66,93,93,53,53,53,93,93,93,73,73,73,40,40,30,30,54,54,6,6,6,30,30,30,30,32,32,32,32,29,29,29,29,77,77,77,45,45,45,20,20,20,37,37,37,37,66,66,66,66,66,69,69,69,69,18,18,18,29,29,36,36,36,15,15,15,15,55,55,55,55,55,37,37,37,37,50,50,50,84,84,15,15,15,10,10,10,10,65,65,65,65,65,61,61,61,61,61,60,60,60,46,46,9,9,9,33,33,33,33,31,31,31,31,31,-8,-8,-8,-8,41,41,41,-10,-10,28,28,28,35,35,35,35,38,38,38,38,59,59,59,59,55,55,55,42,42,42,40,40,40,50,50,50,-7,-7,7,7,7,20,20,20,13,13,13,26,26,8,8,12,12,12,-2,-2,-2,-2,63,63,63,63,94,94,94,76,76,76,60,60,27,27,27,117,117,117,83,83,83,83,80,80,80,78,78,78,87,87,87,73,73,73,72,72,72,72,114,114,114,114,114,114,114,110,110,110,36,36,28,28,28,28,84,84,84,84,72,72,72,72,62,62,62,81,81,51,51,106,106,106,144,144,144,144,119,119,119,119,49,49,49,71,71,82,82,82,64,64,64,138,138,138,138,124,124,124,124,91,91,91,91,83,83,83,4,4,4,59,59,59,59,87,87,87,87,90,90,90,90,48,48,48,31,31,31,31,31,31,8,8,8,8,75,75,75,75,97,97,97,97,98,98,98,114,114,114,115,115,115,115,104,104,104,104,132,132,132,139,139,139,82,82,82,76,76,76,88,88,88,88,82,82,82,82,79,79,79,79,81,81,81,90,90,90,78,78,78,134,134,134,134,72,72,72,72,65,65,65,102,102,81,81,45,45,45,96,96,96,96,63,63,63,63,84,84,84,93,93,93,94,94,94,93,93,93,56,56,56,56,51,51,51,51,49,49,49,22,22,59,59,60,60,77,77,77,84,84,84,84,65,65,65,65,86,86,86,94,94,64,64,64,88,88,88,96,96,96,78,78,78,78,78,105,105,105,105,137,137,137,65,65,65,63,63,63,117,117,117,117,117,85,85,85,85,132,132,123,123,60,60,60,112,112,112,112,78,78,78,78,45,45,45,45,43,43,43,43,90,90,90,61,61,18,18,31,31,31,66,66,66,72,72,72,45,45,45,33,33,67,67,67,147,147,147,157,157,157,-5,-32,0,0,121,121,85,85,39
140,23.61599999999999966,12,4,-11,-11,39,39,39,69,69,69,69,61,61,61,82,82,93,93,87,87,73,73,132,132,132,54,54,54,54,19,19,19,19,172,172,172,112,112,116,116,65,65,65,77,77,77,115,115,115,78,78,42,42,76,76,49,49,49,30,30,30,30,35,35,35,35,16,16,16,16,18,18,18,41,41,41,0,0,0,67,67,67,67,84,84,84,84,84,58,58,58,58,40,40,40,58,58,49,49,49,46,46,46,46,35,35,35,35,35,39,39,39,39,49,49,49,102,102,41,41,41,15,15,15,15,85,85,85,85,85,24,24,24,24,24,62,62,62,72,72,30,30,30,14,14,14,14,44,44,44,44,44,34,34,34,34,39,39,39,3,3,37,37,37,34,34,34,34,65,65,65,65,61,61,61,61,67,67,67,26,26,26,55,55,55,22,22,22,-16,-16,36,36,36,-14,-14,-14,33,33,33,55,55,25,25,60,60,60,40,40,40,40,52,52,52,52,85,85,85,74,74,74,37,37,54,54,54,94,94,94,97,97,97,97,57,57,57,104,104,104,120,120,120,62,62,62,58,58,58,58,103,103,103,103,80,80,80,117,117,117,14,14,52,52,52,52,64,64,64,64,75,75,75,75,44,44,44,82,82,106,106,105,105,105,109,109,109,109,92,92,92,92,34,34,34,62,62,76,76,76,30,30,30,119,119,119,119,111,111,111,111,99,99,99,99,77,77,77,26,26,26,67,67,67,67,81,81,81,81,70,70,70,70,48,48,48,48,48,48,42,42,42,22,22,22,22,66,66,66,66,59,59,59,59,76,76,76,135,135,135,114,114,114,114,113,113,113,113,120,120,120,149,149,149,68,68,68,88,88,88,83,83,83,83,86,86,86,86,80,80,80,80,65,65,65,66,66,66,93,93,93,138,138,138,138,48,48,48,48,81,81,81,93,93,86,86,50,50,50,94,94,94,94,82,82,82,82,105,105,105,88,88,88,88,88,88,88,88,88,74,74,74,74,68,68,68,68,58,58,58,28,28,45,45,72,72,80,80,80,70,70,70,70,75,75,75,75,50,50,50,105,105,83,83,83,75,75,75,99,99,99,78,78,78,78,78,131,131,131,131,114,114,114,79,79,79,63,63,63,70,70,70,70,70,65,65,65,65,95,95,121,121,88,88,88,93,93,93,93,65,65,65,65,88,88,88,88,85,85,85,85,99,99,99,85,85,45,45,78,78,78,92,92,92,93,93,93,95,95,95,89,89,59,59,59,135,135,135,171,171,171,34,-41,-24,-24,94,94,103,103,48
141,23.8160000000000025,18,65,144,144,87,87,87,67,67,67,67,95,95,95,100,100,129,129,105,105,180,180,152,152,152,98,98,98,98,92,92,92,92,181,181,181,147,147,104,104,91,91,91,118,118,118,105,105,105,141,141,113,113,90,90,91,91,91,59,59,59,59,84,84,84,84,46,46,46,46,119,119,119,115,115,115,114,114,114,57,57,57,57,70,70,70,70,70,52,52,52,52,99,99,99,100,100,102,102,102,53,53,53,53,88,88,88,88,88,45,45,45,45,99,99,99,109,109,85,85,85,71,71,71,71,61,61,61,61,61,75,75,75,75,75,111,111,111,104,104,67,67,67,46,46,46,46,46,46,46,46,46,65,65,65,65,40,40,40,54,54,87,87,87,79,79,79,79,108,108,108,108,81,81,81,81,65,65,65,55,55,55,70,70,70,51,51,51,44,44,62,62,62,31,31,31,53,53,53,46,46,73,73,105,105,105,103,103,103,103,74,74,74,74,63,63,63,98,98,98,75,75,69,69,69,103,103,103,128,128,128,128,102,102,102,125,125,125,125,125,125,97,97,97,80,80,80,80,98,98,98,98,101,101,101,85,85,85,112,112,57,57,57,57,62,62,62,62,94,94,94,94,88,88,88,91,91,148,148,158,158,158,130,130,130,130,122,122,122,122,69,69,69,85,85,99,99,99,32,32,32,112,112,112,112,97,97,97,97,107,107,107,107,89,89,89,86,86,86,94,94,94,94,120,120,120,120,76,76,76,76,90,90,90,104,104,104,88,88,88,62,62,62,62,74,74,74,74,78,78,78,78,107,107,107,144,144,144,128,128,128,128,118,118,118,118,123,123,123,147,147,147,102,102,102,107,107,107,108,108,108,108,120,120,120,120,98,98,98,98,103,103,103,100,100,100,112,112,112,152,152,152,152,104,104,104,104,84,84,84,90,90,105,105,68,68,68,117,117,117,117,71,71,71,71,109,109,109,106,106,106,89,89,89,108,108,108,111,111,111,111,74,74,74,74,88,88,88,77,77,82,82,116,116,130,130,130,111,111,111,111,72,72,72,72,89,89,89,94,94,115,115,115,77,77,77,99,99,99,86,86,86,86,86,112,112,112,112,116,116,116,113,113,113,107,107,107,89,89,89,89,89,79,79,79,79,85,85,132,132,85,85,85,101,101,101,101,87,87,87,87,104,104,104,104,112,112,112,112,113,113,113,135,135,118,118,110,110,110,132,132,132,131,131,131,190,190,190,172,172,128,128,128,136,136,136,163,163,163,66,-9,-2,-2,135,135,138,138,118
142,24.01600000000000179,32,164,152,152,94,94,94,93,93,93,93,84,84,84,143,143,112,112,110,110,126,126,90,90,90,93,93,93,93,62,62,62,62,151,151,151,190,190,116,116,140,140,140,149,149,149,118,118,118,129,129,106,106,94,94,81,81,81,91,91,91,91,58,58,58,58,80,80,80,80,76,76,76,132,132,132,141,141,141,105,105,105,105,56,56,56,56,56,77,77,77,77,89,89,89,82,82,106,106,106,75,75,75,75,81,81,81,81,81,75,75,75,75,75,75,75,76,76,95,95,95,85,85,85,85,77,77,77,77,77,68,68,68,68,68,113,113,113,87,87,148,148,148,93,93,93,93,62,62,62,62,62,60,60,60,60,59,59,59,92,92,107,107,107,74,74,74,74,86,86,86,86,79,79,79,79,78,78,78,82,82,82,83,83,83,67,67,67,78,78,73,73,73,81,81,81,91,91,91,74,74,80,80,95,95,95,134,134,134,134,99,99,99,99,102,102,102,63,63,63,107,107,83,83,83,126,126,126,99,99,99,99,116,116,116,128,128,128,114,114,114,104,104,104,87,87,87,87,81,81,81,81,80,80,80,118,118,118,128,128,90,90,90,90,65,65,65,65,105,105,105,105,105,105,105,134,134,161,161,146,146,146,102,102,102,102,75,75,75,75,104,104,104,104,104,68,68,68,22,22,22,108,108,108,108,109,109,109,109,102,102,102,102,108,108,108,108,108,108,98,98,98,98,119,119,119,119,40,40,40,40,116,116,116,123,123,123,130,130,130,126,126,126,126,103,103,103,103,118,118,118,118,123,123,123,123,123,123,136,136,136,136,132,132,132,132,125,125,125,144,144,144,96,96,96,120,120,120,152,152,152,152,110,110,110,110,134,134,134,134,129,129,129,108,108,108,118,118,118,146,146,146,146,60,60,60,60,90,90,90,102,102,110,110,76,76,76,117,117,117,117,81,81,81,81,87,87,87,114,114,114,125,125,125,117,117,117,129,129,129,129,114,114,114,114,107,107,107,96,96,96,96,125,125,121,121,121,123,123,123,123,89,89,89,89,90,90,90,129,129,140,140,140,111,111,111,112,112,112,117,117,117,117,117,128,128,128,128,140,140,140,155,155,155,121,121,121,110,110,110,110,110,64,64,64,64,66,66,114,114,114,114,114,111,111,111,111,99,99,99,99,127,127,127,127,149,149,149,149,143,143,143,166,166,129,129,135,135,135,142,142,142,142,142,142,189,189,189,201,201,150,150,150,123,123,123,165,165,165,56,10,-8,-8,147,147,168,168,147
143,24.21600000000000108,80,136,116,116,62,62,62,44,44,44,44,30,30,30,66,66,84,84,23,23,6,6,-44,-44,-44,41,41,41,41,55,55,55,55,102,102,102,62,62,102,102,68,68,68,59,59,59,129,129,129,120,120,111,111,41,41,100,100,100,69,69,69,69,54,54,54,54,59,59,59,59,113,113,113,87,87,87,114,114,114,57,57,57,57,54,54,54,54,54,80,80,80,80,71,71,71,65,65,46,46,46,42,42,42,42,35,35,35,35,35,47,47,47,47,48,48,48,68,68,95,95,95,27,27,27,27,58,58,58,58,58,52,52,52,52,52,31,31,31,36,36,98,98,98,26,26,26,26,68,68,68,68,68,73,73,73,73,43,43,43,94,94,121,121,121,74,74,74,74,82,82,82,82,36,36,36,36,89,89,89,91,91,91,80,80,80,44,44,44,97,97,81,81,81,46,46,46,79,79,79,96,96,83,83,74,74,74,115,115,115,115,89,89,89,89,84,84,84,81,81,81,61,61,106,106,106,50,50,50,100,100,100,100,85,85,85,94,94,94,66,66,66,83,83,83,52,52,52,52,91,91,91,91,70,70,70,90,90,90,98,98,60,60,60,60,28,28,28,28,76,76,76,76,53,53,53,91,91,87,87,111,111,111,42,42,42,42,22,22,22,22,63,63,63,82,82,46,46,46,11,11,11,97,97,97,97,91,91,91,91,110,110,110,110,86,86,86,81,81,81,54,54,54,54,93,93,93,93,48,48,48,48,96,96,96,140,140,140,114,114,114,112,112,112,112,95,95,95,95,81,81,81,81,108,108,108,91,91,91,115,115,115,115,113,113,113,113,91,91,91,96,96,96,68,68,68,132,132,132,107,107,107,107,86,86,86,86,86,86,86,86,110,110,110,95,95,95,75,75,75,94,94,94,94,61,61,61,61,34,34,34,58,58,74,74,47,47,47,122,122,122,122,54,54,54,54,72,72,72,103,103,103,81,81,81,117,117,117,128,128,128,128,107,107,107,107,91,91,91,106,106,62,62,91,91,75,75,75,112,112,112,112,74,74,74,74,60,60,60,107,107,124,124,124,74,74,74,108,108,108,103,103,103,103,103,90,90,90,90,108,108,108,105,105,105,98,98,98,87,87,87,87,87,42,42,42,42,34,34,77,77,52,52,52,74,74,74,74,67,67,67,67,83,83,83,83,127,127,127,127,100,100,100,127,127,107,107,139,139,139,110,110,110,101,101,101,146,146,146,136,136,81,81,81,86,86,86,135,135,135,17,-39,-25,-25,153,153,197,197,176
144,24.41600000000000037,60,68,-4,-4,16,16,16,-26,-26,-26,-26,64,64,64,23,23,15,15,-108,-108,-138,-138,-157,-157,-157,28,28,28,28,34,34,34,34,26,26,26,8,8,30,30,90,90,90,47,47,47,93,93,93,15,15,48,48,42,42,57,57,57,41,41,41,41,28,28,28,28,53,53,53,53,73,73,73,45,45,45,3,3,3,36,36,36,36,31,31,31,31,31,46,46,46,46,7,7,7,22,22,32,32,32,28,28,28,28,39,39,39,39,39,24,24,24,24,45,45,45,53,53,17,17,17,31,31,31,31,28,28,28,28,28,29,29,29,29,29,-1,-1,-1,5,5,23,23,23,20,20,20,20,36,36,36,36,36,28,28,28,28,33,33,33,58,58,35,35,35,44,44,44,44,68,68,68,68,75,75,75,75,64,64,64,71,71,71,67,67,67,42,42,42,52,52,43,43,43,38,38,38,63,63,63,75,75,68,68,25,25,25,27,27,27,27,80,80,80,80,71,71,71,70,70,70,19,19,61,61,61,-5,-5,-5,79,79,79,79,40,40,40,70,70,70,18,18,18,15,15,15,25,25,25,25,33,33,33,33,80,80,80,37,37,37,38,38,24,24,24,24,-4,-4,-4,-4,66,66,66,66,65,65,65,77,77,56,56,17,17,17,21,21,21,21,-22,-22,-22,-22,48,48,48,51,51,4,4,4,-15,-15,-15,40,40,40,40,57,57,57,57,88,88,88,88,81,81,81,43,43,43,32,32,32,32,65,65,65,65,32,32,32,32,52,52,52,98,98,98,70,70,70,67,67,67,67,113,113,113,113,52,52,52,52,56,56,56,32,32,32,77,77,77,77,60,60,60,60,75,75,75,57,57,57,92,92,92,101,101,101,59,59,59,59,68,68,68,68,69,69,69,69,73,73,73,70,70,70,25,25,25,41,41,41,41,48,48,48,48,8,8,8,7,7,27,27,59,59,59,83,83,83,83,35,35,35,35,50,50,50,70,70,70,66,66,66,57,57,57,65,65,65,65,60,60,60,60,52,52,52,79,79,43,43,38,38,32,32,32,82,82,82,82,69,69,69,69,47,47,47,67,67,108,108,108,79,79,79,83,83,83,78,78,78,78,78,85,85,85,85,65,65,65,63,63,63,18,18,18,76,76,76,76,76,29,29,29,29,21,21,15,15,33,33,33,63,63,63,63,37,37,37,37,45,45,45,45,107,107,107,107,60,60,60,86,86,78,78,106,106,106,62,62,62,43,43,43,58,58,58,54,54,14,14,14,27,27,27,76,76,76,-47,-99,-28,-28,142,142,169,169,181
145,24.61599999999999966,61,-12,-48,-48,-35,-35,-35,-15,-15,-15,-15,25,25,25,25,25,6,6,-95,-95,-154,-154,-150,-150,-150,8,8,8,8,-7,-7,-7,-7,-17,-17,-17,-26,-26,-37,-37,41,41,41,12,12,12,48,48,48,24,24,32,32,-2,-2,41,41,41,35,35,35,35,28,28,28,28,24,24,24,24,51,51,51,40,40,40,0,0,0,21,21,21,21,18,18,18,18,18,16,16,16,16,23,23,23,-22,-22,1,1,1,-17,-17,-17,-17,-7,-7,-7,-7,-7,24,24,24,24,21,21,21,33,33,-1,-1,-1,-20,-20,-20,-20,27,27,27,27,27,11,11,11,11,11,18,18,18,26,26,7,7,7,31,31,31,31,2,2,2,2,2,8,8,8,8,28,28,28,5,5,31,31,31,74,74,74,74,7,7,7,7,-4,-4,-4,-4,7,7,7,52,52,52,33,33,33,28,28,28,6,6,5,5,5,27,27,27,72,72,72,87,87,40,40,-10,-10,-10,-33,-33,-33,-33,32,32,32,32,44,44,44,7,7,7,-11,-11,43,43,43,-52,-52,-52,22,22,22,22,38,38,38,17,17,17,-11,-11,-11,50,50,50,37,37,37,37,40,40,40,40,85,85,85,26,26,26,-12,-12,-21,-21,-21,-21,25,25,25,25,50,50,50,50,44,44,44,33,33,-7,-7,-60,-60,-60,-20,-20,-20,-20,-18,-18,-18,-18,30,30,30,-5,-5,-16,-16,-16,-18,-18,-18,15,15,15,15,66,66,66,66,59,59,59,59,35,35,35,5,5,5,-8,-8,-8,-8,30,30,30,30,21,21,21,21,65,65,65,44,44,44,28,28,28,57,57,57,57,85,85,85,85,38,38,38,38,63,63,63,-3,-3,-3,59,59,59,59,51,51,51,51,40,40,40,16,16,16,58,58,58,74,74,74,14,14,14,14,48,48,48,48,41,41,41,41,49,49,49,30,30,30,-12,-12,-12,9,9,9,9,79,79,79,79,7,7,7,-19,-19,-11,-11,64,64,64,35,35,35,35,23,23,23,23,59,59,59,71,71,71,14,14,14,19,19,19,29,29,29,29,47,47,47,47,16,16,16,25,25,23,23,-10,-10,-6,-6,-6,43,43,43,43,52,52,52,52,7,7,7,48,48,68,68,68,61,61,61,52,52,52,29,29,29,29,29,14,14,14,14,41,41,41,-11,-11,-11,2,2,2,70,70,70,70,70,35,35,35,35,-2,-2,-19,-19,-14,-14,-14,16,16,16,16,32,32,32,32,34,34,34,34,78,78,78,78,25,25,25,32,32,38,38,70,70,70,38,38,38,11,11,11,28,28,28,-19,-19,-61,-61,-61,10,10,10,18,18,18,-88,-125,-36,-36,128,128,170,170,195
146,24.8160000000000025,49,-40,-21,-21,-15,-15,-15,48,48,48,48,47,47,47,40,40,10,10,-52,-52,-89,-89,-97,-97,-97,-19,-19,-19,-19,38,38,38,38,-30,-30,-30,-9,-9,-10,-10,35,35,35,26,26,26,50,50,50,41,41,5,5,28,28,5,5,5,20,20,20,20,22,22,22,22,77,77,77,77,28,28,28,34,34,34,-22,-22,-22,-3,-3,-3,-3,8,8,8,8,8,21,21,21,21,33,33,33,-30,-30,-2,-2,-2,12,12,12,12,48,48,48,48,48,48,48,48,48,57,57,57,30,30,-35,-35,-35,-7,-7,-7,-7,60,60,60,60,60,31,31,31,31,31,24,24,24,30,30,-33,-33,-33,40,40,40,40,7,7,7,7,7,15,15,15,15,40,40,40,-27,-27,24,24,24,-4,-4,-4,-4,-2,-2,-2,-2,1,1,1,1,-66,-66,-66,25,25,25,25,25,25,30,30,30,11,11,28,28,28,47,47,47,70,70,70,63,63,70,70,1,1,1,-34,-34,-34,-34,62,62,62,62,74,74,74,65,65,65,-1,-1,24,24,24,-38,-38,-38,27,27,27,27,4,4,4,20,20,20,-12,-12,-12,51,51,51,47,47,47,47,78,78,78,78,80,80,80,23,23,23,-21,-21,-11,-11,-11,-11,34,34,34,34,56,56,56,56,83,83,83,51,51,15,15,-14,-14,-14,21,21,21,21,14,14,14,14,66,66,66,24,24,-28,-28,-28,35,35,35,39,39,39,39,76,76,76,76,71,71,71,71,65,65,65,35,35,35,11,11,11,11,65,65,65,65,73,73,73,73,40,40,40,12,12,12,0,0,0,31,31,31,31,61,61,61,61,35,35,35,35,48,48,48,-19,-19,-19,57,57,57,57,64,64,64,64,68,68,68,53,53,53,62,62,62,64,64,64,3,3,3,3,44,44,44,44,50,50,50,50,37,37,37,36,36,36,13,13,13,32,32,32,32,72,72,72,72,58,58,58,3,3,22,22,83,83,83,25,25,25,25,34,34,34,34,67,67,67,71,71,71,17,17,17,1,1,1,4,4,4,4,42,42,42,42,19,19,19,30,30,36,36,-8,-8,-18,-18,-18,37,37,37,37,41,41,41,41,19,19,19,23,23,57,57,57,68,68,68,23,23,23,40,40,40,40,40,77,77,77,77,70,70,70,-30,-30,-30,-17,-17,-17,84,84,84,84,84,48,48,48,48,46,46,-1,-1,10,10,10,11,11,11,11,51,51,51,51,50,50,50,50,80,80,80,80,34,34,34,34,34,32,32,60,60,60,23,23,23,9,9,9,0,0,0,-2,-2,-21,-21,-21,2,2,2,0,0,0,-86,-94,-40,-40,117,117,172,172,213
147,25.01600000000000179,89,2,-1,-1,30,30,30,56,56,56,56,80,80,80,48,48,29,29,38,38,25,25,11,11,11,21,21,21,21,65,65,65,65,-8,-8,-8,-59,-59,16,16,39,39,39,25,25,25,45,45,45,68,68,51,51,40,40,32,32,32,26,26,26,26,34,34,34,34,53,53,53,53,64,64,64,28,28,28,16,16,16,21,21,21,21,62,62,62,62,62,31,31,31,31,38,38,38,8,8,-5,-5,-5,53,53,53,53,24,24,24,24,24,109,109,109,109,79,79,79,28,28,-11,-11,-11,21,21,21,21,24,24,24,24,24,52,52,52,52,52,32,32,32,42,42,-5,-5,-5,27,27,27,27,66,66,66,66,66,61,61,61,61,45,45,45,-17,-17,-63,-63,-63,-5,-5,-5,-5,40,40,40,40,16,16,16,16,-36,-36,-36,7,7,7,30,30,30,45,45,45,28,28,43,43,43,61,61,61,64,64,64,34,34,52,52,23,23,23,-8,-8,-8,-8,48,48,48,48,59,59,59,37,37,37,17,17,28,28,28,18,18,18,61,61,61,61,26,26,26,39,39,39,17,17,17,52,52,52,93,93,93,93,80,80,80,80,92,92,92,53,53,53,12,12,27,27,27,27,76,76,76,76,51,51,51,51,72,72,72,58,58,12,12,29,29,29,75,75,75,75,46,46,46,46,67,67,67,48,48,29,29,29,71,71,71,51,51,51,51,102,102,102,102,76,76,76,76,59,59,59,52,52,52,26,26,26,26,78,78,78,78,100,100,100,100,71,71,71,11,11,11,-4,-4,-4,27,27,27,27,85,85,85,85,71,71,71,71,46,46,46,9,9,9,61,61,61,61,90,90,90,90,60,60,60,50,50,50,84,84,84,70,70,70,10,10,10,10,70,70,70,70,57,57,57,57,58,58,58,83,83,83,52,52,52,71,71,71,71,116,116,116,116,70,70,70,33,33,52,52,75,75,75,38,38,38,38,55,55,55,55,76,76,76,68,68,68,31,31,31,42,42,42,18,18,18,18,56,56,56,56,34,34,34,31,31,19,19,35,35,-2,-2,-2,76,76,76,76,69,69,69,69,51,51,51,30,30,48,48,48,42,42,42,-9,-9,-9,33,33,33,33,33,61,61,61,61,59,59,59,7,7,7,22,22,22,124,124,124,124,124,82,82,82,82,95,95,32,32,28,28,28,36,36,36,36,99,99,99,99,78,78,78,78,81,81,81,81,61,61,61,51,51,44,44,48,48,48,35,35,35,45,45,45,20,20,20,37,37,-12,-12,-12,33,33,33,21,21,21,-28,-80,-26,-26,97,97,172,172,251
148,25.21600000000000108,88,29,47,47,98,98,98,60,60,60,60,87,87,87,28,28,32,32,76,76,77,77,58,58,58,27,27,27,27,79,79,79,79,-32,-32,-32,9,9,1,1,22,22,22,-26,-26,-26,50,50,50,65,65,83,83,72,72,27,27,27,18,18,18,18,44,44,44,44,39,39,39,39,39,39,39,7,7,7,12,12,12,31,31,31,31,57,57,57,57,57,39,39,39,39,83,83,83,42,42,3,3,3,46,46,46,46,54,54,54,54,54,85,85,85,85,18,18,18,21,21,21,21,21,31,31,31,31,20,20,20,20,20,45,45,45,45,45,41,41,41,66,66,-15,-15,-15,13,13,13,13,38,38,38,38,38,7,7,7,7,54,54,54,14,14,-22,-22,-22,12,12,12,12,11,11,11,11,22,22,22,22,-5,-5,-5,18,18,18,58,58,58,37,37,37,34,34,35,35,35,37,37,37,13,13,13,88,88,2,2,-9,-9,-9,-22,-22,-22,-22,32,32,32,32,58,58,58,42,42,42,11,11,62,62,62,43,43,43,89,89,89,89,24,24,24,33,33,33,26,26,26,18,18,18,88,88,88,88,46,46,46,46,100,100,100,26,26,26,28,28,55,55,55,55,63,63,63,63,66,66,66,66,51,51,51,82,82,10,10,39,39,39,125,125,125,125,73,73,73,73,80,80,80,47,47,33,33,33,101,101,101,67,67,67,67,75,75,75,75,74,74,74,74,58,58,58,47,47,47,66,66,66,66,83,83,83,83,108,108,108,108,51,51,51,-6,-6,-6,-1,-1,-1,25,25,25,25,82,82,82,82,51,51,51,51,46,46,46,8,8,8,56,56,56,56,54,54,54,54,60,60,60,55,55,55,75,75,75,56,56,56,28,28,28,28,74,74,74,74,77,77,77,77,44,44,44,58,58,58,67,67,67,104,104,104,104,110,110,110,110,94,94,94,72,72,20,20,65,65,65,42,42,42,42,59,59,59,59,85,85,85,75,75,75,45,45,45,52,52,52,4,4,4,4,66,66,66,66,37,37,37,11,11,53,53,34,34,27,27,27,54,54,54,54,59,59,59,59,35,35,35,37,37,23,23,23,18,18,18,-19,-19,-19,54,54,54,54,54,93,93,93,93,48,48,48,23,23,23,50,50,50,130,130,130,130,130,128,128,128,128,114,114,52,52,22,22,22,63,63,63,63,103,103,103,103,92,92,92,92,88,88,88,88,59,59,59,68,68,38,38,34,34,34,32,32,32,36,36,36,62,62,62,51,51,56,56,56,61,61,61,46,46,46,14,-56,-30,-30,78,78,160,160,247
149,25.41600000000000037,79,55,20,20,25,25,25,12,12,12,12,35,35,35,18,18,35,35,98,98,40,40,54,54,54,-9,-9,-9,-9,41,41,41,41,-25,-25,-25,-73,-73,-16,-16,8,8,8,7,7,7,29,29,29,33,33,32,32,15,15,-8,-8,-8,-5,-5,-5,-5,41,41,41,41,19,19,19,19,9,9,9,4,4,4,26,26,26,37,37,37,37,34,34,34,34,34,15,15,15,15,2,2,2,36,36,-3,-3,-3,37,37,37,37,18,18,18,18,18,19,19,19,19,15,15,15,-43,-43,-13,-13,-13,28,28,28,28,2,2,2,2,2,32,32,32,32,32,12,12,12,3,3,-40,-40,-40,-38,-38,-38,-38,23,23,23,23,23,18,18,18,18,45,45,45,-16,-16,-54,-54,-54,-12,-12,-12,-12,-21,-21,-21,-21,8,8,8,8,-23,-23,-23,17,17,17,3,3,3,35,35,35,13,13,-52,-52,-52,-4,-4,-4,-17,-17,-17,5,5,12,12,-25,-25,-25,-49,-49,-49,-49,-9,-9,-9,-9,6,6,6,4,4,4,4,4,26,26,26,13,13,13,69,69,69,69,3,3,3,18,18,18,5,5,5,-19,-19,-19,51,51,51,51,56,56,56,56,69,69,69,25,25,25,22,22,31,31,31,31,39,39,39,39,62,62,62,62,36,36,36,22,22,-23,-23,38,38,38,92,92,92,92,70,70,70,70,42,42,42,25,25,11,11,11,39,39,39,10,10,10,10,22,22,22,22,43,43,43,43,13,13,13,23,23,23,29,29,29,29,23,23,23,23,69,69,69,69,22,22,22,-38,-38,-38,-26,-26,-26,-8,-8,-8,-8,45,45,45,45,42,42,42,42,2,2,2,16,16,16,32,32,32,32,16,16,16,16,44,44,44,36,36,36,38,38,38,10,10,10,5,5,5,5,43,43,43,43,61,61,61,61,53,53,53,50,50,50,41,41,41,43,43,43,43,51,51,51,51,49,49,49,55,55,43,43,48,48,48,22,22,22,22,49,49,49,49,52,52,52,45,45,45,34,34,34,46,46,46,4,4,4,4,8,8,8,8,-8,-8,-8,19,19,-9,-9,-14,-14,16,16,16,21,21,21,21,48,48,48,48,21,21,21,-19,-19,-27,-27,-27,-4,-4,-4,-1,-1,-1,41,41,41,41,41,57,57,57,57,32,32,32,20,20,20,26,26,26,98,98,98,98,98,80,80,80,80,72,72,6,6,2,2,2,19,19,19,19,52,52,52,52,47,47,47,47,72,72,72,72,49,49,49,23,23,-23,-23,-5,-5,-5,-3,-3,-3,5,5,5,12,12,12,28,28,49,49,49,39,39,39,14,14,14,17,-43,-50,-50,18,18,126,126,208
150,25.61599999999999966,78,-8,-56,-56,-41,-41,-41,-44,-44,-44,-44,-58,-58,-58,-44,-44,-34,-34,3,3,-58,-58,-22,-22,-22,-55,-55,-55,-55,-4,-4,-4,-4,-56,-56,-56,-93,-93,1,1,-76,-76,-76,-49,-49,-49,-48,-48,-48,-7,-7,-16,-16,7,7,-23,-23,-23,-47,-47,-47,-47,-25,-25,-25,-25,-34,-34,-34,-34,-45,-45,-45,-73,-73,-73,-51,-51,-51,-4,-4,-4,-4,-11,-11,-11,-11,-11,-24,-24,-24,-24,-57,-57,-57,-46,-46,-19,-19,-19,-63,-63,-63,-63,-35,-35,-35,-35,-35,-59,-59,-59,-59,-28,-28,-28,-26,-26,-22,-22,-22,-28,-28,-28,-28,-11,-11,-11,-11,-11,1,1,1,1,1,2,2,2,-16,-16,-77,-77,-77,-77,-77,-77,-77,-19,-19,-19,-19,-19,-20,-20,-20,-20,-41,-41,-41,-45,-45,-57,-57,-57,-32,-32,-32,-32,-20,-20,-20,-20,-16,-16,-16,-16,-51,-51,-51,-45,-45,-45,-53,-53,-53,-46,-46,-46,-41,-41,-95,-95,-95,-88,-88,-88,-49,-49,-49,-51,-51,-72,-72,-100,-100,-100,-110,-110,-110,-110,-60,-60,-60,-60,-30,-30,-30,-52,-52,-52,-36,-36,-44,-44,-44,-53,-53,-53,-36,-36,-36,-36,-38,-38,-38,-62,-62,-62,-44,-44,-44,-64,-64,-64,-12,-12,-12,-12,-40,-40,-40,-40,0,0,0,-18,-18,-18,-29,-29,-70,-70,-70,-70,-21,-21,-21,-21,2,2,2,2,8,8,8,-30,-30,-41,-41,-17,-17,-17,32,32,32,32,28,28,28,28,-5,-5,-5,-1,-1,-9,-9,-9,-8,-8,-8,-40,-40,-40,-40,-22,-22,-22,-22,-28,-28,-28,-28,-21,-21,-21,-24,-24,-24,-18,-18,-18,-18,-45,-45,-45,-45,4,4,4,4,-17,-17,-17,-53,-53,-53,-60,-60,-60,-32,-32,-32,-32,-53,-53,-53,-53,-1,-1,-1,-1,-42,-42,-42,-33,-33,-33,-34,-34,-34,-34,-28,-28,-28,-28,-15,-15,-15,-22,-22,-22,-15,-15,-15,-61,-61,-61,-27,-27,-27,-27,-12,-12,-12,-12,1,1,1,1,8,8,8,-6,-6,-6,-22,-22,-22,1,1,1,1,-69,-69,-69,-69,-6,-6,-6,17,17,5,5,13,13,13,20,20,20,20,-12,-12,-12,-12,-37,-37,-37,-7,-7,-7,-3,-3,-3,-3,-3,-3,-54,-54,-54,-54,-40,-40,-40,-40,-37,-37,-37,-43,-43,-49,-49,-70,-70,-50,-50,-50,-57,-57,-57,-57,-13,-13,-13,-13,-9,-9,-9,-84,-84,-64,-64,-64,-57,-57,-57,-4,-4,-4,12,12,12,12,12,26,26,26,26,-22,-22,-22,-22,-22,-22,-10,-10,-10,34,34,34,34,34,42,42,42,42,24,24,1,1,3,3,3,-31,-31,-31,-31,-6,-6,-6,-6,-15,-15,-15,-15,-9,-9,-9,-9,4,4,4,-39,-39,-46,-46,-59,-59,-59,-31,-31,-31,-26,-26,-26,-21,-21,-21,-54,-54,10,10,10,11,11,11,-18,-18,-18,1,-35,-76,-76,-58,-58,66,66,129
151,25.81599999999999895,11,-46,-89,-89,-100,-100,-100,-57,-57,-57,-57,-87,-87,-87,-62,-62,-47,-47,-54,-54,-88,-88,-26,-26,-26,-91,-91,-91,-91,-100,-100,-100,-100,-92,-92,-92,-153,-153,-54,-54,-76,-76,-76,-62,-62,-62,-115,-115,-115,-69,-69,-30,-30,-80,-80,-69,-69,-69,-38,-38,-38,-38,-54,-54,-54,-54,-62,-62,-62,-62,-115,-115,-115,-69,-69,-69,-35,-35,-35,-78,-78,-78,-78,-13,-13,-13,-13,-13,-62,-62,-62,-62,-59,-59,-59,-96,-96,-77,-77,-77,-78,-78,-78,-78,-28,-28,-28,-28,-28,-97,-97,-97,-97,-103,-103,-103,-77,-77,-58,-58,-58,-45,-45,-45,-45,-50,-50,-50,-50,-50,-58,-58,-58,-58,-58,-48,-48,-48,-71,-71,-102,-102,-102,-139,-139,-139,-139,-42,-42,-42,-42,-42,-68,-68,-68,-68,-37,-37,-37,-57,-57,-88,-88,-88,-82,-82,-82,-82,-55,-55,-55,-55,-74,-74,-74,-74,-84,-84,-84,-71,-71,-71,-94,-94,-94,-36,-36,-36,-80,-80,-151,-151,-151,-140,-140,-140,-127,-127,-127,-114,-114,-121,-121,-113,-113,-113,-86,-86,-86,-86,-94,-94,-94,-94,-74,-74,-74,-88,-88,-88,-79,-79,-70,-70,-70,-81,-81,-81,-99,-99,-99,-99,-107,-107,-107,-105,-105,-105,-75,-75,-75,-100,-100,-100,-59,-59,-59,-59,-92,-92,-92,-92,-26,-26,-26,-39,-39,-39,-79,-79,-91,-91,-91,-91,-36,-36,-36,-36,-30,-30,-30,-30,-35,-35,-35,-64,-64,-43,-43,-10,-10,-10,6,6,6,6,38,38,38,38,-19,-19,-19,-45,-45,-53,-53,-53,-39,-39,-39,-71,-71,-71,-71,-70,-70,-70,-70,-42,-42,-42,-42,-51,-51,-51,-68,-68,-68,-60,-60,-60,-60,-112,-112,-112,-112,-41,-41,-41,-41,-39,-39,-39,-99,-99,-99,-81,-81,-81,-68,-68,-68,-68,-106,-106,-106,-106,-54,-54,-54,-54,-70,-70,-70,-36,-36,-36,-57,-57,-57,-57,-76,-76,-76,-76,-62,-62,-62,-62,-62,-62,-68,-68,-68,-83,-83,-83,-65,-65,-65,-65,-55,-55,-55,-55,-21,-21,-21,-21,-65,-65,-65,-63,-63,-63,-56,-56,-56,-69,-69,-69,-69,-79,-79,-79,-79,-36,-36,-36,-21,-21,-48,-48,-24,-24,-24,-17,-17,-17,-17,-36,-36,-36,-36,-81,-81,-81,-35,-35,-35,-25,-25,-25,-39,-39,-39,-91,-91,-91,-91,-94,-94,-94,-94,-77,-77,-77,-75,-75,-82,-82,-118,-118,-90,-90,-90,-69,-69,-69,-69,-27,-27,-27,-27,-40,-40,-40,-86,-86,-105,-105,-105,-91,-91,-91,-25,-25,-25,-61,-61,-61,-61,-61,-4,-4,-4,-4,-35,-35,-35,-49,-49,-49,-58,-58,-58,-27,-27,-27,-27,-27,-4,-4,-4,-4,-23,-23,-34,-34,-27,-27,-27,-74,-74,-74,-74,-80,-80,-80,-80,-43,-43,-43,-43,-42,-42,-42,-42,-17,-17,-17,-57,-57,-100,-100,-99,-99,-99,-76,-76,-76,-66,-66,-66,-60,-60,-60,-91,-91,-3,-3,-3,-43,-43,-43,-61,-61,-61,8,-22,-74,-74,-88,-88,28,28,51
152,26.01599999999999824,-32,-18,-70,-70,-64,-64,-64,-55,-55,-55,-55,-114,-114,-114,-136,-136,-87,-87,-38,-38,2,2,10,10,10,-67,-67,-67,-67,-83,-83,-83,-83,-70,-70,-70,-115,-115,-27,-27,-91,-91,-91,-53,-53,-53,-71,-71,-71,-32,-32,-5,-5,-42,-42,-71,-71,-71,-31,-31,-31,-31,-39,-39,-39,-39,-60,-60,-60,-60,-82,-82,-82,-80,-80,-80,-55,-55,-55,-43,-43,-43,-43,-64,-64,-64,-64,-64,16,16,16,16,-21,-21,-21,-17,-17,-57,-57,-57,-77,-77,-77,-77,-26,-26,-26,-26,-26,-70,-70,-70,-70,-109,-109,-109,-52,-52,-38,-38,-38,-21,-21,-21,-21,-62,-62,-62,-62,-62,-51,-51,-51,-51,-51,-22,-22,-22,-44,-44,-43,-43,-43,-76,-76,-76,-76,-44,-44,-44,-44,-44,-15,-15,-15,-15,-22,-22,-22,-34,-34,-29,-29,-29,-75,-75,-75,-75,-61,-61,-61,-61,-41,-41,-41,-41,-30,-30,-30,-88,-88,-88,-103,-103,-103,-59,-59,-59,-55,-55,-60,-60,-60,-114,-114,-114,-86,-86,-86,-100,-100,-78,-78,-41,-41,-41,-49,-49,-49,-49,-86,-86,-86,-86,-34,-34,-34,-83,-83,-83,-60,-60,-77,-77,-77,-61,-61,-61,-84,-84,-84,-84,-59,-59,-59,-92,-92,-92,-56,-56,-56,-115,-115,-115,-68,-68,-68,-68,-78,-78,-78,-78,-45,-45,-45,-57,-57,-57,-79,-79,-63,-63,-63,-63,-44,-44,-44,-44,-60,-60,-60,-60,-53,-53,-53,-67,-67,-69,-69,-18,-18,-18,5,5,5,5,44,44,44,44,-17,-17,-17,-32,-32,-21,-21,-21,-50,-50,-50,-48,-48,-48,-48,-101,-101,-101,-101,-71,-71,-71,-71,-48,-48,-48,-27,-27,-27,-56,-56,-56,-56,-74,-74,-74,-74,-67,-67,-67,-67,-73,-73,-73,-88,-88,-88,-52,-52,-52,-90,-90,-90,-90,-100,-100,-100,-100,-58,-58,-58,-58,-69,-69,-69,-20,-20,-20,-79,-79,-79,-79,-71,-71,-71,-71,-55,-55,-55,-74,-74,-74,-62,-62,-62,-92,-92,-92,-30,-30,-30,-30,-75,-75,-75,-75,-34,-34,-34,-34,-67,-67,-67,-62,-62,-62,-59,-59,-59,-76,-76,-76,-76,-68,-68,-68,-68,-9,-9,-9,-49,-49,-67,-67,-45,-45,-45,-17,-17,-17,-17,-82,-82,-82,-82,-75,-75,-75,-53,-53,-53,-48,-48,-48,-60,-60,-60,-53,-53,-53,-53,-92,-92,-92,-92,-45,-45,-45,-88,-88,-98,-98,-87,-87,-59,-59,-59,-84,-84,-84,-84,-50,-50,-50,-50,-68,-68,-68,-84,-84,-90,-90,-90,-80,-80,-80,-38,-38,-38,-62,-62,-62,-62,-62,-58,-58,-58,-58,-29,-29,-29,-41,-41,-41,-22,-22,-22,-35,-35,-35,-35,-35,-46,-46,-46,-46,-66,-66,-27,-27,-42,-42,-42,-62,-62,-62,-62,-108,-108,-108,-108,-55,-55,-55,-55,-66,-66,-66,-66,-12,-12,-12,-48,-48,-76,-76,-91,-91,-91,-58,-58,-58,-61,-61,-61,-68,-68,-68,-61,-61,22,22,22,-31,-31,-31,-71,-71,-71,69,49,-42,-42,-102,-102,-28,-28,7
153,26.21599999999999753,-51,-21,-7,-7,-25,-25,-25,-28,-28,-28,-28,-50,-50,-50,-88,-88,-72,-72,-9,-9,49,49,58,58,58,-32,-32,-32,-32,-41,-41,-41,-41,-49,-49,-49,2,2,-12,-12,-33,-33,-33,6,6,6,-51,-51,-51,-21,-21,21,21,-33,-33,-34,-34,-34,11,11,11,11,-9,-9,-9,-9,-24,-24,-24,-24,-68,-68,-68,-52,-52,-52,-46,-46,-46,-3,-3,-3,-3,-38,-38,-38,-38,-38,-7,-7,-7,-7,-29,-29,-29,-55,-55,-17,-17,-17,-11,-11,-11,-11,-17,-17,-17,-17,-17,-24,-24,-24,-24,-51,-51,-51,-42,-42,-23,-23,-23,-39,-39,-39,-39,-27,-27,-27,-27,-27,-19,-19,-19,-19,-19,-56,-56,-56,-32,-32,-19,-19,-19,-46,-46,-46,-46,-33,-33,-33,-33,-33,-47,-47,-47,-47,1,1,1,-2,-2,-7,-7,-7,-33,-33,-33,-33,-16,-16,-16,-16,-6,-6,-6,-6,-48,-48,-48,-48,-48,-48,-63,-63,-63,-79,-79,-79,-20,-20,1,1,1,-11,-11,-11,-35,-35,-35,-70,-70,-75,-75,-36,-36,-36,70,70,70,70,-30,-30,-30,-30,-23,-23,-23,-48,-48,-48,-32,-32,-33,-33,-33,7,7,7,-71,-71,-71,-71,-45,-45,-45,-50,-50,-50,-9,-9,-9,-64,-64,-64,-36,-36,-36,-36,-46,-46,-46,-46,-56,-56,-56,-24,-24,-24,-20,-20,-11,-11,-11,-11,-33,-33,-33,-33,7,7,7,7,-47,-47,-47,-38,-38,-27,-27,-22,-22,-22,3,3,3,3,54,54,54,54,-29,-29,-29,15,15,22,22,22,-64,-64,-64,-31,-31,-31,-31,-71,-71,-71,-71,-32,-32,-32,-32,-17,-17,-17,2,2,2,-15,-15,-15,-15,-41,-41,-41,-41,-35,-35,-35,-35,-25,-25,-25,-20,-20,-20,-28,-28,-28,-13,-13,-13,-13,-86,-86,-86,-86,-42,-42,-42,-42,-54,-54,-54,2,2,2,-42,-42,-42,-42,-58,-58,-58,-58,-45,-45,-45,-34,-34,-34,-33,-33,-33,-58,-58,-58,-17,-17,-17,-17,-47,-47,-47,-47,-23,-23,-23,-23,1,1,1,-38,-38,-38,-30,-30,-30,-30,-30,-30,-30,10,10,10,10,-31,-31,-31,-18,-18,-43,-43,-42,-42,-42,-6,-6,-6,-6,-33,-33,-33,-33,-66,-66,-66,-48,-48,-48,-47,-47,-47,2,2,2,-12,-12,-12,-12,-62,-62,-62,-62,-31,-31,-31,-49,-49,-54,-54,-45,-45,-33,-33,-33,-51,-51,-51,-51,-34,-34,-34,-34,-27,-27,-27,-39,-39,-89,-89,-89,-68,-68,-68,-32,-32,-32,-35,-35,-35,-35,-35,-32,-32,-32,-32,-59,-59,-59,-25,-25,-25,-9,-9,-9,-22,-22,-22,-22,-22,-43,-43,-43,-43,-52,-52,-47,-47,-20,-20,-20,-20,-20,-20,-20,-31,-31,-31,-31,-49,-49,-49,-49,-29,-29,-29,-29,0,0,0,-27,-27,-32,-32,-45,-45,-45,-29,-29,-29,-47,-47,-47,-35,-35,-35,-26,-26,35,35,35,-7,-7,-7,-45,-45,-45,131,98,-14,-14,-93,-93,-39,-39,-30
154,26.41599999999999682,-36,-8,-7,-7,27,27,27,5,5,5,5,-41,-41,-41,-41,-41,-38,-38,-27,-27,42,42,47,47,47,10,10,10,10,-1,-1,-1,-1,-33,-33,-33,-12,-12,14,14,8,8,8,2,2,2,-42,-42,-42,-25,-25,-30,-30,-10,-10,-13,-13,-13,4,4,4,4,-8,-8,-8,-8,2,2,2,2,-50,-50,-50,-23,-23,-23,12,12,12,43,43,43,43,-12,-12,-12,-12,-12,-16,-16,-16,-16,-29,-29,-29,22,22,7,7,7,4,4,4,4,-5,-5,-5,-5,-5,-47,-47,-47,-47,-18,-18,-18,-16,-16,9,9,9,41,41,41,41,-16,-16,-16,-16,-16,-19,-19,-19,-19,-19,-24,-24,-24,-69,-69,42,42,42,-30,-30,-30,-30,-32,-32,-32,-32,-32,-23,-23,-23,-23,-37,-37,-37,9,9,18,18,18,14,14,14,14,27,27,27,27,-22,-22,-22,-22,6,6,6,-15,-15,-15,12,12,12,-53,-53,-53,1,1,33,33,33,2,2,2,20,20,20,-22,-22,11,11,38,38,38,63,63,63,63,-41,-41,-41,-41,-42,-42,-42,-13,-13,-13,18,18,-20,-20,-20,10,10,10,-17,-17,-17,-17,-15,-15,-15,-27,-27,-27,-1,-1,-1,-46,-46,-46,-3,-3,-3,-3,-23,-23,-23,-23,-22,-22,-22,25,25,25,17,17,26,26,26,26,-33,-33,-33,-33,-15,-15,-15,-15,-47,-47,-47,-27,-27,-10,-10,19,19,19,16,16,16,16,4,4,4,4,-18,-18,-18,27,27,69,69,69,-60,-60,-60,-11,-11,-11,-11,-39,-39,-39,-39,-13,-13,-13,-13,17,17,17,11,11,11,22,22,22,22,-16,-16,-16,-16,-35,-35,-35,-35,-15,-15,-15,15,15,15,-20,-20,-20,38,38,38,38,-46,-46,-46,-46,-17,-17,-17,-17,-19,-19,-19,-4,-4,-4,-40,-40,-40,-40,-48,-48,-48,-48,-34,-34,-34,-13,-13,-13,-34,-34,-34,-5,-5,-5,31,31,31,31,1,1,1,1,-23,-23,-23,-23,-14,-14,-14,-22,-22,-22,-2,-2,-2,-8,-8,-8,-8,-1,-1,-1,-1,-26,-26,-26,-33,-33,-43,-43,-62,-62,-62,9,9,9,9,-39,-39,-39,-39,-29,-29,-29,-29,-29,-29,-28,-28,-28,-12,-12,-12,-1,-1,-1,-1,-28,-28,-28,-28,22,22,22,-19,-19,-47,-47,-20,-20,-22,-22,-22,-36,-36,-36,-36,-6,-6,-6,-6,-18,-18,-18,-3,-3,-47,-47,-47,-47,-47,-47,-25,-25,-25,-15,-15,-15,-15,-15,-13,-13,-13,-13,-6,-6,-6,-37,-37,-37,29,29,29,-17,-17,-17,-17,-17,-68,-68,-68,-68,-55,-55,-50,-50,-26,-26,-26,5,5,5,5,-6,-6,-6,-6,-31,-31,-31,-31,-13,-13,-13,-13,23,23,23,-4,-4,-20,-20,-18,-18,-18,-21,-21,-21,-20,-20,-20,0,0,0,12,12,37,37,37,27,27,27,9,9,9,156,138,-22,-22,-98,-98,-40,-40,-43
155,26.61599999999999966,-76,-4,17,17,25,25,25,5,5,5,5,-22,-22,-22,-60,-60,-25,-25,-37,-37,-25,-25,2,2,2,22,22,22,22,-15,-15,-15,-15,-12,-12,-12,-17,-17,21,21,0,0,0,11,11,11,-16,-16,-16,-3,-3,-29,-29,-29,-29,-14,-14,-14,17,17,17,17,-19,-19,-19,-19,17,17,17,17,31,31,31,-2,-2,-2,7,7,7,-14,-14,-14,-14,22,22,22,22,22,20,20,20,20,4,4,4,-32,-32,8,8,8,9,9,9,9,6,6,6,6,6,-9,-9,-9,-9,-32,-32,-32,-26,-26,-14,-14,-14,-9,-9,-9,-9,-24,-24,-24,-24,-24,-33,-33,-33,-33,-33,-32,-32,-32,0,0,14,14,14,-7,-7,-7,-7,-25,-25,-25,-25,-25,-11,-11,-11,-11,-41,-41,-41,8,8,0,0,0,51,51,51,51,41,41,41,41,8,8,8,8,24,24,24,3,3,3,26,26,26,8,8,8,14,14,23,23,23,-16,-16,-16,19,19,19,52,52,-24,-24,6,6,6,47,47,47,47,-1,-1,-1,-1,9,9,9,8,8,8,26,26,-19,-19,-19,31,31,31,-4,-4,-4,-4,-5,-5,-5,-25,-25,-25,2,2,2,-12,-12,-12,-56,-56,-56,-56,-16,-16,-16,-16,-1,-1,-1,-2,-2,-2,10,10,11,11,11,11,-59,-59,-59,-59,-25,-25,-25,-25,-8,-8,-8,-33,-33,-34,-34,-15,-15,-15,-51,-51,-51,-51,-19,-19,-19,-19,-19,-19,-19,13,13,56,56,56,-52,-52,-52,3,3,3,3,-34,-34,-34,-34,-19,-19,-19,-19,-4,-4,-4,-28,-28,-28,-19,-19,-19,-19,6,6,6,6,-28,-28,-28,-28,-22,-22,-22,31,31,31,22,22,22,13,13,13,13,-45,-45,-45,-45,-14,-14,-14,-14,20,20,20,-10,-10,-10,-26,-26,-26,-26,-25,-25,-25,-25,-37,-37,-37,-4,-4,-4,-35,-35,-35,5,5,5,29,29,29,29,-17,-17,-17,-17,-17,-17,-17,-17,-16,-16,-16,-16,-16,-16,-22,-22,-22,-34,-34,-34,-34,-27,-27,-27,-27,-21,-21,-21,-40,-40,-37,-37,-51,-51,-51,23,23,23,23,-31,-31,-31,-31,-34,-34,-34,-26,-26,-26,-6,-6,-6,-20,-20,-20,6,6,6,6,-10,-10,-10,-10,24,24,24,-7,-7,-1,-1,-3,-3,-27,-27,-27,3,3,3,3,-44,-44,-44,-44,-35,-35,-35,-6,-6,-33,-33,-33,-15,-15,-15,-45,-45,-45,-10,-10,-10,-10,-10,-38,-38,-38,-38,-51,-51,-51,-4,-4,-4,-5,-5,-5,-20,-20,-20,-20,-20,-60,-60,-60,-60,-60,-60,-51,-51,-31,-31,-31,-8,-8,-8,-8,-7,-7,-7,-7,-10,-10,-10,-10,2,2,2,2,33,33,33,7,7,-17,-17,0,0,0,-29,-29,-29,-11,-11,-11,-37,-37,-37,-7,-7,-46,-46,-46,9,9,9,23,23,23,107,146,-11,-11,-74,-74,-56,-56,-97
156,26.81599999999999895,-16,-11,2,2,7,7,7,-10,-10,-10,-10,-16,-16,-16,-47,-47,-71,-71,-61,-61,-78,-78,-61,-61,-61,21,21,21,21,-26,-26,-26,-26,-55,-55,-55,20,20,-14,-14,-12,-12,-12,-6,-6,-6,-20,-20,-20,-2,-2,5,5,-46,-46,-17,-17,-17,18,18,18,18,18,18,18,18,-8,-8,-8,-8,11,11,11,4,4,4,9,9,9,-29,-29,-29,-29,-5,-5,-5,-5,-5,-21,-21,-21,-21,4,4,4,8,8,-14,-14,-14,-30,-30,-30,-30,-21,-21,-21,-21,-21,-8,-8,-8,-8,-5,-5,-5,-10,-10,-9,-9,-9,-19,-19,-19,-19,19,19,19,19,19,-37,-37,-37,-37,-37,-36,-36,-36,5,5,-2,-2,-2,-7,-7,-7,-7,-30,-30,-30,-30,-30,-15,-15,-15,-15,-1,-1,-1,-8,-8,9,9,9,15,15,15,15,43,43,43,43,16,16,16,16,44,44,44,6,6,6,39,39,39,-6,-6,-6,-38,-38,9,9,9,30,30,30,55,55,55,11,11,-2,-2,3,3,3,24,24,24,24,29,29,29,29,18,18,18,-5,-5,-5,26,26,-14,-14,-14,-13,-13,-13,8,8,8,8,4,4,4,14,14,14,-4,-4,-4,-23,-23,-23,-16,-16,-16,-16,1,1,1,1,9,9,9,33,33,33,-27,-27,-16,-16,-16,-16,-4,-4,-4,-4,-23,-23,-23,-23,6,6,6,-36,-36,-33,-33,-39,-39,-39,-89,-89,-89,-89,-59,-59,-59,-59,-5,-5,-5,10,10,-6,-6,-6,-16,-16,-16,12,12,12,12,-6,-6,-6,-6,-16,-16,-16,-16,-29,-29,-29,-76,-76,-76,-73,-73,-73,-73,-31,-31,-31,-31,-62,-62,-62,-62,6,6,6,58,58,58,41,41,41,-27,-27,-27,-27,-5,-5,-5,-5,-3,-3,-3,-3,23,23,23,-24,-24,-24,-26,-26,-26,-26,-15,-15,-15,-15,-8,-8,-8,12,12,12,-2,-2,-2,38,38,38,28,28,28,28,-20,-20,-20,-20,-27,-27,-27,-27,-26,-26,-26,-32,-32,-32,-45,-45,-45,-38,-38,-38,-38,-48,-48,-48,-48,-51,-51,-51,-36,-36,-25,-25,-19,-19,-19,3,3,3,3,-49,-49,-49,-49,-22,-22,-22,-43,-43,-43,-25,-25,-25,-21,-21,-21,3,3,3,3,-6,-6,-6,-6,6,6,6,-1,-1,1,1,-5,-5,-24,-24,-24,8,8,8,8,-51,-51,-51,-51,-47,-47,-47,16,16,7,7,7,2,2,2,-35,-35,-35,-11,-11,-11,-11,-11,-14,-14,-14,-14,-30,-30,-30,-27,-27,-27,-31,-31,-31,-35,-35,-35,-35,-35,-62,-62,-62,-62,-66,-66,-42,-42,-44,-44,-44,-9,-9,-9,-9,-25,-25,-25,-25,-26,-26,-26,-26,-9,-9,-9,-9,31,31,31,6,6,-17,-17,-12,-12,-12,-23,-23,-23,-20,-20,-20,-24,-24,-24,-19,-19,-71,-71,-71,9,9,9,26,26,26,89,102,16,16,-67,-67,-56,-56,-129
157,27.01599999999999824,-37,-2,4,4,20,20,20,38,38,38,38,36,36,36,-1,-1,-18,-18,-61,-61,-43,-43,7,7,7,15,15,15,15,-45,-45,-45,-45,3,3,3,43,43,-11,-11,28,28,28,5,5,5,-8,-8,-8,-27,-27,-6,-6,-10,-10,-3,-3,-3,38,38,38,38,6,6,6,6,39,39,39,39,42,42,42,37,37,37,-36,-36,-36,-55,-55,-55,-55,-29,-29,-29,-29,-29,-27,-27,-27,-27,-1,-1,-1,-6,-6,-23,-23,-23,-32,-32,-32,-32,-9,-9,-9,-9,-9,7,7,7,7,44,44,44,28,28,3,3,3,-23,-23,-23,-23,26,26,26,26,26,-25,-25,-25,-25,-25,-11,-11,-11,6,6,16,16,16,30,30,30,30,21,21,21,21,21,-13,-13,-13,-13,15,15,15,4,4,26,26,26,30,30,30,30,63,63,63,63,3,3,3,3,33,33,33,26,26,26,60,60,60,35,35,35,-1,-1,8,8,8,27,27,27,51,51,51,11,11,57,57,23,23,23,6,6,6,6,32,32,32,32,57,57,57,30,30,30,9,9,11,11,11,-8,-8,-8,53,53,53,53,35,35,35,28,28,28,-3,-3,-3,33,33,33,-10,-10,-10,-10,6,6,6,6,15,15,15,40,40,40,13,13,-43,-43,-43,-43,20,20,20,20,50,50,50,50,40,40,40,19,19,-21,-21,-15,-15,-15,-25,-25,-25,-25,-25,-25,-25,-25,38,38,38,-27,-27,-31,-31,-31,30,30,30,38,38,38,38,21,21,21,21,32,32,32,32,3,3,3,-19,-19,-19,-46,-46,-46,-46,0,0,0,0,-17,-17,-17,-17,25,25,25,76,76,76,69,69,69,45,45,45,45,36,36,36,36,27,27,27,27,51,51,51,-1,-1,-1,26,26,26,26,18,18,18,18,23,23,23,42,42,42,32,32,32,74,74,74,49,49,49,49,-9,-9,-9,-9,5,5,5,5,1,1,1,-3,-3,-3,-45,-45,-45,2,2,2,2,1,1,1,1,-30,-30,-30,-17,-17,6,6,1,1,1,20,20,20,20,-25,-25,-25,-25,52,52,52,1,1,1,0,0,0,-22,-22,-22,12,12,12,12,40,40,40,40,28,28,28,29,29,31,31,31,31,2,2,2,-3,-3,-3,-3,-32,-32,-32,-32,-32,-32,-32,32,32,39,39,39,50,50,50,22,22,22,-39,-39,-39,-39,-39,-9,-9,-9,-9,17,17,17,-28,-28,-28,-31,-31,-31,-50,-50,-50,-50,-50,-37,-37,-37,-37,-47,-47,-9,-9,-31,-31,-31,3,3,3,3,15,15,15,15,-8,-8,-8,-8,12,12,12,12,20,20,20,3,3,-15,-15,21,21,21,-26,-26,-26,-35,-35,-35,-22,-22,-22,-19,-19,-71,-71,-71,16,16,16,24,24,24,76,104,53,53,-42,-42,-49,-49,-106
158,27.21599999999999753,-22,17,31,31,27,27,27,64,64,64,64,41,41,41,75,75,32,32,17,17,13,13,60,60,60,41,41,41,41,3,3,3,3,-13,-13,-13,0,0,9,9,5,5,5,26,26,26,28,28,28,7,7,60,60,36,36,80,80,80,5,5,5,5,-6,-6,-6,-6,25,25,25,25,21,21,21,22,22,22,32,32,32,9,9,9,9,43,43,43,43,43,33,33,33,33,37,37,37,34,34,22,22,22,19,19,19,19,56,56,56,56,56,27,27,27,27,88,88,88,49,49,43,43,43,43,43,43,43,68,68,68,68,68,14,14,14,14,14,17,17,17,61,61,65,65,65,89,89,89,89,37,37,37,37,37,17,17,17,17,42,42,42,41,41,62,62,62,48,48,48,48,73,73,73,73,18,18,18,18,60,60,60,50,50,50,92,92,92,22,22,22,43,43,50,50,50,93,93,93,93,93,93,70,70,99,99,79,79,79,72,72,72,72,82,82,82,82,43,43,43,47,47,47,75,75,50,50,50,54,54,54,86,86,86,86,44,44,44,76,76,76,27,27,27,68,68,68,52,52,52,52,51,51,51,51,35,35,35,67,67,67,61,61,7,7,7,7,82,82,82,82,74,74,74,74,96,96,96,80,80,45,45,34,34,34,25,25,25,25,0,0,0,0,91,91,91,28,28,-9,-9,-9,107,107,107,69,69,69,69,84,84,84,84,47,47,47,47,21,21,21,23,23,23,11,11,11,11,78,78,78,78,41,41,41,41,66,66,66,90,90,90,116,116,116,85,85,85,85,79,79,79,79,73,73,73,73,111,111,111,43,43,43,90,90,90,90,77,77,77,77,96,96,96,96,96,96,86,86,86,142,142,142,80,80,80,80,40,40,40,40,45,45,45,45,36,36,36,44,44,44,4,4,4,59,59,59,59,57,57,57,57,25,25,25,27,27,72,72,61,61,61,54,54,54,54,23,23,23,23,62,62,62,56,56,56,42,42,42,28,28,28,52,52,52,52,56,56,56,56,44,44,44,73,73,77,77,68,68,48,48,48,70,70,70,70,33,33,33,33,42,42,42,71,71,87,87,87,97,97,97,70,70,70,43,43,43,43,43,39,39,39,39,59,59,59,15,15,15,31,31,31,29,29,29,29,29,22,22,22,22,21,21,43,43,32,32,32,63,63,63,63,57,57,57,57,21,21,21,21,39,39,39,39,44,44,44,39,39,32,32,22,22,22,30,30,30,14,14,14,21,21,21,36,36,-13,-13,-13,49,49,49,44,44,44,66,145,129,129,29,29,-11,-11,-55
159,27.41599999999999682,50,36,70,70,91,91,91,101,101,101,101,26,26,26,98,98,96,96,63,63,110,110,92,92,92,114,114,114,114,46,46,46,46,65,65,65,87,87,62,62,86,86,86,58,58,58,100,100,100,85,85,48,48,84,84,73,73,73,75,75,75,75,72,72,72,72,75,75,75,75,50,50,50,78,78,78,59,59,59,65,65,65,65,43,43,43,43,43,55,55,55,55,59,59,59,50,50,73,73,73,76,76,76,76,62,62,62,62,62,102,102,102,102,116,116,116,85,85,74,74,74,91,91,91,91,102,102,102,102,102,54,54,54,54,54,84,84,84,91,91,77,77,77,119,119,119,119,57,57,57,57,57,80,80,80,80,84,84,84,79,79,66,66,66,78,78,78,78,43,43,43,43,79,79,79,79,86,86,86,85,85,85,93,93,93,95,95,95,92,92,89,89,89,117,117,117,105,105,105,128,128,113,113,110,110,110,95,95,95,95,143,143,143,143,89,89,89,86,86,86,80,80,108,108,108,113,113,113,130,130,130,130,104,104,104,126,126,126,89,89,89,101,101,101,124,124,124,124,129,129,129,129,125,125,125,120,120,120,171,171,114,114,114,114,120,120,120,120,90,90,90,90,127,127,127,115,115,109,109,70,70,70,122,122,122,122,66,66,66,66,67,67,67,63,63,55,55,55,178,178,178,122,122,122,122,134,134,134,134,118,118,118,118,83,83,83,110,110,110,83,83,83,83,150,150,150,150,112,112,112,112,124,124,124,113,113,113,122,122,122,113,113,113,113,131,131,131,131,118,118,118,118,132,132,132,97,97,97,142,142,142,142,150,150,150,150,124,124,124,147,147,147,132,132,132,180,180,180,110,110,110,110,117,117,117,117,103,103,103,103,112,112,112,103,103,103,82,82,82,129,129,129,129,83,83,83,83,87,87,87,89,89,117,117,86,86,86,83,83,83,83,115,115,115,115,154,154,154,98,98,98,96,96,96,87,87,87,85,85,85,85,141,141,141,141,80,80,80,118,118,127,127,104,104,101,101,101,126,126,126,126,105,105,105,105,84,84,84,103,103,131,131,131,123,123,123,101,101,101,84,84,84,84,84,83,83,83,83,105,105,105,76,76,76,63,63,63,116,116,116,116,116,74,74,74,74,89,89,79,79,80,80,80,127,127,127,127,113,113,113,113,52,52,52,52,76,76,76,76,69,69,69,90,90,73,73,67,67,67,68,68,68,60,60,60,64,64,64,62,62,41,41,41,84,84,84,75,75,75,93,181,207,207,94,94,58,58,41
160,27.61599999999999966,99,63,114,114,108,108,108,130,130,130,130,140,140,140,136,136,155,155,134,134,161,161,121,121,121,136,136,136,136,69,69,69,69,93,93,93,73,73,109,109,68,68,68,88,88,88,148,148,148,118,118,134,134,150,150,105,105,105,100,100,100,100,112,112,112,112,118,118,118,118,107,107,107,98,98,98,132,132,132,97,97,97,97,134,134,134,134,134,117,117,117,117,129,129,129,100,100,105,105,105,128,128,128,128,160,160,160,160,160,134,134,134,134,131,131,131,135,135,117,117,117,135,135,135,135,152,152,152,152,152,123,123,123,123,123,108,108,108,106,106,77,77,77,131,131,131,131,89,89,89,89,89,90,90,90,90,107,107,107,90,90,107,107,107,82,82,82,82,105,105,105,105,90,90,90,90,97,97,97,117,117,117,138,138,138,112,112,112,109,109,99,99,99,137,137,137,124,124,124,102,102,135,135,98,98,98,97,97,97,97,122,122,122,122,101,101,101,130,130,130,117,117,124,124,124,120,120,120,158,158,158,158,140,140,140,164,164,164,117,117,117,134,134,134,151,151,151,151,159,159,159,159,141,141,141,100,100,100,165,165,128,128,128,128,147,147,147,147,147,147,147,147,158,158,158,157,157,186,186,119,119,119,172,172,172,172,129,129,129,129,90,90,90,86,86,112,112,112,193,193,193,141,141,141,141,170,170,170,170,153,153,153,153,128,128,128,143,143,143,156,156,156,156,162,162,162,162,159,159,159,159,152,152,152,121,121,121,146,146,146,121,121,121,121,180,180,180,180,140,140,140,140,148,148,148,122,122,122,156,156,156,156,168,168,168,168,159,159,159,149,149,149,183,183,183,172,172,172,142,142,142,142,131,131,131,131,133,133,133,133,150,150,150,126,126,126,119,119,119,170,170,170,170,135,135,135,135,99,99,99,132,132,143,143,120,120,120,110,110,110,110,142,142,142,142,158,158,158,147,147,147,133,133,133,155,155,155,116,116,116,116,151,151,151,151,105,105,105,121,121,137,137,135,135,121,121,121,167,167,167,167,128,128,128,128,116,116,116,125,125,134,134,134,139,139,139,142,142,142,131,131,131,131,131,139,139,139,139,143,143,143,129,129,129,128,128,128,133,133,133,133,133,127,127,127,127,137,137,149,149,142,142,142,181,181,181,181,130,130,130,130,111,111,111,111,86,86,86,86,49,49,49,104,104,109,109,91,91,91,99,99,99,103,103,103,109,109,109,150,150,133,133,133,109,109,109,96,96,96,139,214,252,252,145,145,105,105,101
161,27.81599999999999895,143,109,131,131,90,90,90,94,94,94,94,142,142,142,175,175,130,130,139,139,143,143,134,134,134,135,135,135,135,187,187,187,187,151,151,151,106,106,129,129,93,93,93,120,120,120,126,126,126,131,131,106,106,123,123,90,90,90,108,108,108,108,90,90,90,90,141,141,141,141,96,96,96,102,102,102,125,125,125,144,144,144,144,117,117,117,117,117,142,142,142,142,150,150,150,135,135,124,124,124,135,135,135,135,143,143,143,143,143,147,147,147,147,149,149,149,131,131,102,102,102,108,108,108,108,130,130,130,130,130,122,122,122,122,122,97,97,97,99,99,56,56,56,98,98,98,98,109,109,109,109,109,92,92,92,92,100,100,100,96,96,59,59,59,52,52,52,52,94,94,94,94,100,100,100,100,95,95,95,102,102,102,66,66,66,111,111,111,68,68,72,72,72,108,108,108,97,97,97,126,126,125,125,114,114,114,85,85,85,85,125,125,125,125,113,113,113,128,128,128,84,84,147,147,147,143,143,143,127,127,127,127,104,104,104,146,146,146,85,85,85,114,114,114,125,125,125,125,144,144,144,144,157,157,157,166,166,166,144,144,131,131,131,131,136,136,136,136,126,126,126,126,102,102,102,167,167,145,145,156,156,156,170,170,170,170,139,139,139,139,66,66,66,88,88,119,119,119,163,163,163,102,102,102,102,145,145,145,145,148,148,148,148,143,143,143,129,129,129,147,147,147,147,154,154,154,154,155,155,155,155,146,146,146,130,130,130,119,119,119,110,110,110,110,157,157,157,157,127,127,127,127,138,138,138,118,118,118,154,154,154,154,157,157,157,157,158,158,158,155,155,155,149,149,149,151,151,151,128,128,128,128,175,175,175,175,151,151,151,151,148,148,148,150,150,150,130,130,130,144,144,144,144,144,144,144,144,157,157,157,147,147,153,153,114,114,114,115,115,115,115,143,143,143,143,176,176,176,155,155,155,127,127,127,148,148,148,108,108,108,108,145,145,145,145,91,91,91,124,124,124,124,114,114,146,146,146,154,154,154,154,144,144,144,144,117,117,117,101,101,118,118,118,130,130,130,139,139,139,129,129,129,129,129,162,162,162,162,174,174,174,145,145,145,145,145,145,148,148,148,148,148,152,152,152,152,151,151,150,150,128,128,128,183,183,183,183,155,155,155,155,114,114,114,114,112,112,112,112,61,61,61,101,101,116,116,104,104,104,98,98,98,115,115,115,123,123,123,153,153,173,173,173,151,151,151,122,122,122,143,199,220,220,167,167,135,135,153
162,28.01599999999999824,161,124,100,100,72,72,72,104,104,104,104,107,107,107,177,177,178,178,169,169,187,187,125,125,125,94,94,94,94,99,99,99,99,124,124,124,134,134,106,106,112,112,112,123,123,123,131,131,131,137,137,189,189,156,156,53,53,53,101,101,101,101,75,75,75,75,120,120,120,120,135,135,135,71,71,71,101,101,101,118,118,118,118,149,149,149,149,149,126,126,126,126,98,98,98,147,147,101,101,101,106,106,106,106,113,113,113,113,113,104,104,104,104,135,135,135,145,145,126,126,126,107,107,107,107,115,115,115,115,115,116,116,116,116,116,87,87,87,122,122,74,74,74,88,88,88,88,70,70,70,70,70,33,33,33,33,67,67,67,98,98,85,85,85,39,39,39,39,72,72,72,72,87,87,87,87,70,70,70,78,78,78,63,63,63,108,108,108,90,90,71,71,71,62,62,62,49,49,49,56,56,108,108,75,75,75,77,77,77,77,59,59,59,59,96,96,96,82,82,82,111,111,113,113,113,98,98,98,108,108,108,108,103,103,103,106,106,106,112,112,112,95,95,95,128,128,128,128,125,125,125,125,156,156,156,129,129,129,109,109,123,123,123,123,118,118,118,118,76,76,76,76,124,124,124,100,100,123,123,152,152,152,159,159,159,159,154,154,154,154,76,76,76,123,123,136,136,136,110,110,110,59,59,59,59,129,129,129,129,116,116,116,116,83,83,83,164,164,164,110,110,110,110,123,123,123,123,140,140,140,140,108,108,108,65,65,65,76,76,76,83,83,83,83,131,131,131,131,128,128,128,128,97,97,97,117,117,117,139,139,139,139,139,139,139,139,136,136,136,136,136,136,166,166,166,111,111,111,109,109,109,109,129,129,129,129,191,191,191,191,123,123,123,149,149,149,138,138,138,155,155,155,155,117,117,117,117,146,146,146,150,150,126,126,140,140,140,88,88,88,88,144,144,144,144,130,130,130,159,159,159,121,121,121,131,131,131,105,105,105,105,114,114,114,114,92,92,92,118,118,114,114,114,114,114,114,114,137,137,137,137,144,144,144,144,125,125,125,95,95,89,89,89,102,102,102,158,158,158,134,134,134,134,134,166,166,166,166,171,171,171,115,115,115,122,122,122,162,162,162,162,162,133,133,133,133,148,148,147,147,145,145,145,148,148,148,148,129,129,129,129,89,89,89,89,106,106,106,106,58,58,58,103,103,83,83,78,78,78,84,84,84,118,118,118,126,126,126,131,131,171,171,171,116,116,116,110,110,110,136,171,207,207,177,177,159,159,176
163,28.21599999999999753,148,108,100,100,88,88,88,108,108,108,108,84,84,84,116,116,153,153,157,157,143,143,49,49,49,90,90,90,90,134,134,134,134,141,141,141,193,193,97,97,128,128,128,107,107,107,155,155,155,115,115,114,114,77,77,79,79,79,96,96,96,96,130,130,130,130,113,113,113,113,57,57,57,83,83,83,80,80,80,65,65,65,65,86,86,86,86,86,120,120,120,120,93,93,93,120,120,80,80,80,67,67,67,67,97,97,97,97,97,86,86,86,86,67,67,67,137,137,77,77,77,68,68,68,68,86,86,86,86,86,110,110,110,110,110,114,114,114,75,75,41,41,41,59,59,59,59,68,68,68,68,68,48,48,48,48,65,65,65,54,54,55,55,55,1,1,1,1,32,32,32,32,54,54,54,54,65,65,65,60,60,60,23,23,23,33,33,33,75,75,77,77,77,54,54,54,15,15,15,50,50,28,28,37,37,37,31,31,31,31,63,63,63,63,68,68,68,77,77,77,53,53,90,90,90,99,99,99,91,91,91,91,65,65,65,85,85,85,94,94,94,84,84,84,129,129,129,129,101,101,101,101,145,145,145,94,94,94,74,74,61,61,61,61,119,119,119,119,78,78,78,78,75,75,75,80,80,79,79,129,129,129,130,130,130,130,159,159,159,159,70,70,70,79,79,105,105,105,16,16,16,48,48,48,48,84,84,84,84,99,99,99,99,91,91,91,116,116,116,119,119,119,119,108,108,108,108,121,121,121,121,74,74,74,47,47,47,47,47,47,38,38,38,38,68,68,68,68,86,86,86,86,61,61,61,97,97,97,92,92,92,92,107,107,107,107,109,109,109,104,104,104,125,125,125,86,86,86,79,79,79,79,122,122,122,122,115,115,115,115,103,103,103,123,123,123,115,115,115,94,94,94,94,116,116,116,116,108,108,108,116,116,124,124,120,120,120,84,84,84,84,88,88,88,88,85,85,85,131,131,131,138,138,138,136,136,136,47,47,47,47,87,87,87,87,69,69,69,97,97,81,81,101,101,114,114,114,110,110,110,110,125,125,125,125,118,118,118,69,69,60,60,60,98,98,98,111,111,111,88,88,88,88,88,145,145,145,145,163,163,163,139,139,139,122,122,122,133,133,133,133,133,145,145,145,145,132,132,124,124,135,135,135,139,139,139,139,137,137,137,137,101,101,101,101,63,63,63,63,39,39,39,63,63,90,90,69,69,69,86,86,86,88,88,88,116,116,116,109,109,143,143,143,97,97,97,104,104,104,104,120,165,165,169,169,145,145,199
164,28.41599999999999682,107,15,8,8,13,13,13,60,60,60,60,68,68,68,14,14,64,64,73,73,70,70,54,54,54,70,70,70,70,94,94,94,94,143,143,143,89,89,91,91,16,16,16,98,98,98,101,101,101,95,95,78,78,46,46,52,52,52,24,24,24,24,59,59,59,59,36,36,36,36,49,49,49,23,23,23,51,51,51,78,78,78,78,42,42,42,42,42,81,81,81,81,94,94,94,82,82,43,43,43,28,28,28,28,38,38,38,38,38,96,96,96,96,33,33,33,40,40,42,42,42,51,51,51,51,59,59,59,59,59,54,54,54,54,54,70,70,70,35,35,28,28,28,25,25,25,25,26,26,26,26,26,48,48,48,48,43,43,43,13,13,64,64,64,28,28,28,28,-5,-5,-5,-5,16,16,16,16,18,18,18,21,21,21,-21,-21,-21,28,28,28,33,33,23,23,23,-13,-13,-13,10,10,10,7,7,15,15,1,1,1,16,16,16,16,48,48,48,48,27,27,27,32,32,32,43,43,64,64,64,58,58,58,70,70,70,70,20,20,20,37,37,37,68,68,68,42,42,42,58,58,58,58,66,66,66,66,78,78,78,56,56,56,42,42,47,47,47,47,56,56,56,56,69,69,69,69,44,44,44,28,28,37,37,69,69,69,107,107,107,107,96,96,96,96,22,22,22,68,68,61,61,61,0,0,0,30,30,30,30,31,31,31,31,53,53,53,53,64,64,64,45,45,45,73,73,73,73,68,68,68,68,88,88,88,88,49,49,49,10,10,10,26,26,26,48,48,48,48,42,42,42,42,40,40,40,40,7,7,7,76,76,76,53,53,53,53,55,55,55,55,75,75,75,64,64,64,91,91,91,48,48,48,57,57,57,57,75,75,75,75,108,108,108,108,67,67,67,94,94,94,95,95,95,58,58,58,58,88,88,88,88,109,109,109,108,108,74,74,98,98,98,57,57,57,57,84,84,84,84,63,63,63,95,95,95,89,89,89,83,83,83,39,39,39,39,33,33,33,33,64,64,64,58,58,62,62,51,51,72,72,72,84,84,84,84,104,104,104,104,91,91,91,45,45,48,48,48,48,48,48,71,71,71,97,97,97,97,97,111,111,111,111,125,125,125,80,80,80,111,111,111,93,93,93,93,93,108,108,108,108,89,89,77,77,70,70,70,118,118,118,118,65,65,65,65,54,54,54,54,57,57,57,57,48,48,48,41,41,56,56,38,38,38,58,58,58,57,57,57,68,68,68,71,71,102,102,102,81,81,81,57,57,57,45,87,130,130,140,140,157,157,196
165,28.61599999999999966,60,-46,-26,-26,-23,-23,-23,39,39,39,39,43,43,43,10,10,45,45,-45,-45,-5,-5,-80,-80,-80,20,20,20,20,49,49,49,49,78,78,78,64,64,11,11,121,121,121,55,55,55,23,23,23,70,70,37,37,2,2,17,17,17,9,9,9,9,40,40,40,40,42,42,42,42,-5,-5,-5,18,18,18,-15,-15,-15,60,60,60,60,22,22,22,22,22,84,84,84,84,22,22,22,37,37,-7,-7,-7,-42,-42,-42,-42,-49,-49,-49,-49,-49,23,23,23,23,0,0,0,22,22,-1,-1,-1,14,14,14,14,31,31,31,31,31,22,22,22,22,22,0,0,0,26,26,-22,-22,-22,-32,-32,-32,-32,17,17,17,17,17,14,14,14,14,8,8,8,-17,-17,-40,-40,-40,-56,-56,-56,-56,-44,-44,-44,-44,-38,-38,-38,-38,3,3,3,-25,-25,-25,-27,-27,-27,-3,-3,-3,-8,-8,-30,-30,-30,-41,-41,-41,51,51,51,-2,-2,-24,-24,-55,-55,-55,-32,-32,-32,-32,-5,-5,-5,-5,-23,-23,-23,31,31,31,15,15,8,8,8,14,14,14,-17,-17,-17,-17,-9,-9,-9,7,7,7,8,8,8,-10,-10,-10,42,42,42,42,26,26,26,26,61,61,61,-5,-5,-5,-11,-11,-34,-34,-34,-34,10,10,10,10,-2,-2,-2,-2,16,16,16,-8,-8,-11,-11,12,12,12,62,62,62,62,54,54,54,54,-15,-15,-15,20,20,16,16,16,-61,-61,-61,10,10,10,10,1,1,1,1,11,11,11,11,19,19,19,-2,-2,-2,7,7,7,7,-1,-1,-1,-1,34,34,34,34,12,12,12,-24,-24,-24,-23,-23,-23,13,13,13,13,-14,-14,-14,-14,25,25,25,25,0,0,0,20,20,20,-9,-9,-9,-9,-9,-9,-9,-9,19,19,19,20,20,20,13,13,13,-3,-3,-3,7,7,7,7,28,28,28,28,47,47,47,47,36,36,36,64,64,64,51,51,51,5,5,5,5,57,57,57,57,51,51,51,24,24,11,11,22,22,22,61,61,61,61,3,3,3,3,27,27,27,72,72,72,26,26,26,17,17,17,-14,-14,-14,-14,-9,-9,-9,-9,-2,-2,-2,-2,-2,-16,-16,-18,-18,22,22,22,43,43,43,43,54,54,54,54,46,46,46,-2,-2,9,9,9,14,14,14,10,10,10,66,66,66,66,66,83,83,83,83,82,82,82,28,28,28,62,62,62,83,83,83,83,83,77,77,77,77,70,70,11,11,21,21,21,47,47,47,47,43,43,43,43,35,35,35,35,22,22,22,22,48,48,48,34,34,27,27,28,28,28,38,38,38,29,29,29,25,25,25,0,0,27,27,27,49,49,49,40,40,40,8,30,92,92,88,88,117,117,159
166,28.81599999999999895,-9,-88,-76,-76,-41,-41,-41,-17,-17,-17,-17,-10,-10,-10,16,16,-25,-25,-108,-108,-101,-101,-120,-120,-120,-21,-21,-21,-21,37,37,37,37,64,64,64,36,36,25,25,26,26,26,10,10,10,60,60,60,9,9,7,7,33,33,-24,-24,-24,-8,-8,-8,-8,6,6,6,6,3,3,3,3,-19,-19,-19,8,8,8,-38,-38,-38,13,13,13,13,13,13,13,13,13,-23,-23,-23,-23,-28,-28,-28,20,20,-24,-24,-24,-66,-66,-66,-66,-47,-47,-47,-47,-47,-24,-24,-24,-24,-32,-32,-32,7,7,-43,-43,-43,-44,-44,-44,-44,-35,-35,-35,-35,-35,8,8,8,8,8,-31,-31,-31,-43,-43,-19,-19,-19,-50,-50,-50,-50,-19,-19,-19,-19,-19,0,0,0,0,-19,-19,-19,-50,-50,-26,-26,-26,32,32,32,32,-23,-23,-23,-23,-30,-30,-30,-30,-34,-34,-34,-65,-65,-65,-26,-26,-26,-20,-20,-20,-59,-59,-53,-53,-53,-63,-63,-63,-38,-38,-38,15,15,-16,-16,-52,-52,-52,-37,-37,-37,-37,-40,-40,-40,-40,-31,-31,-31,12,12,12,2,2,-60,-60,-60,-38,-38,-38,-30,-30,-30,-30,-2,-2,-2,-33,-33,-33,-4,-4,-4,-23,-23,-23,15,15,15,15,2,2,2,2,-21,-21,-21,4,4,4,-70,-70,-44,-44,-44,-44,-1,-1,-1,-1,25,25,25,25,-21,-21,-21,-12,-12,-51,-51,-18,-18,-18,7,7,7,7,-1,-1,-1,-1,-10,-10,-10,13,13,20,20,20,-54,-54,-54,14,14,14,14,-34,-34,-34,-34,8,8,8,8,5,5,5,-39,-39,-39,-48,-48,-48,-48,-35,-35,-35,-35,0,0,0,0,-26,-26,-26,-33,-33,-33,-69,-69,-69,-11,-11,-11,-11,-31,-31,-31,-31,-16,-16,-16,-16,4,4,4,3,3,3,-48,-48,-48,-48,-8,-8,-8,-8,-5,-5,-5,6,6,6,-44,-44,-44,-28,-28,-28,-30,-30,-30,-30,14,14,14,14,20,20,20,20,14,14,14,13,13,13,-4,-4,-4,-8,-8,-8,-8,51,51,51,51,13,13,13,-19,-19,-18,-18,3,3,3,25,25,25,25,-21,-21,-21,-21,-11,-11,-11,12,12,12,-17,-17,-17,-29,-29,-29,-43,-43,-43,-43,-34,-34,-34,-34,7,7,7,-54,-54,-30,-30,-45,-45,-34,-34,-34,23,23,23,23,23,23,23,23,-16,-16,-16,-12,-12,-7,-7,-7,-13,-13,-13,-21,-21,-21,13,13,13,13,13,77,77,77,77,24,24,24,-32,-32,-32,-3,-3,-3,43,43,43,43,43,19,19,19,19,25,25,-10,-10,-34,-34,-34,12,12,12,12,2,2,2,2,11,11,11,11,-5,-5,-5,-5,22,22,22,-1,-1,22,22,18,18,18,19,19,19,-24,-24,-24,-10,-10,-10,-25,-25,-40,-40,-40,36,36,36,22,22,22,-25,2,51,51,68,68,96,96,127
167,29.01599999999999824,-22,-58,-48,-48,-26,-26,-26,1,1,1,1,-13,-13,-13,22,22,-36,-36,-64,-64,-50,-50,-69,-69,-69,-19,-19,-19,-19,51,51,51,51,22,22,22,32,32,-20,-20,47,47,47,42,42,42,-9,-9,-9,-47,-47,10,10,36,36,29,29,29,-16,-16,-16,-16,-3,-3,-3,-3,47,47,47,47,24,24,24,35,35,35,-27,-27,-27,-18,-18,-18,-18,14,14,14,14,14,-12,-12,-12,-12,2,2,2,36,36,-14,-14,-14,-30,-30,-30,-30,-19,-19,-19,-19,-19,-34,-34,-34,-34,4,4,4,33,33,-59,-59,-59,-36,-36,-36,-36,-14,-14,-14,-14,-14,-38,-38,-38,-38,-38,-8,-8,-8,-19,-19,-9,-9,-9,-25,-25,-25,-25,10,10,10,10,10,2,2,2,2,-2,-2,-2,-23,-23,-53,-53,-53,-12,-12,-12,-12,7,7,7,7,-35,-35,-35,-35,-24,-24,-24,-37,-37,-37,12,12,12,-21,-21,-21,-36,-36,-40,-40,-40,-3,-3,-3,-17,-17,-17,-17,-17,-35,-35,-28,-28,-28,-2,-2,-2,-2,-26,-26,-26,-26,-2,-2,-2,20,20,20,-21,-21,-33,-33,-33,-54,-54,-54,-57,-57,-57,-57,9,9,9,-16,-16,-16,9,9,9,-7,-7,-7,21,21,21,21,-24,-24,-24,-24,-6,-6,-6,-6,-6,-6,-67,-67,-58,-58,-58,-58,-2,-2,-2,-2,-19,-19,-19,-19,-9,-9,-9,-19,-19,-44,-44,16,16,16,-12,-12,-12,-12,19,19,19,19,27,27,27,50,50,-2,-2,-2,-28,-28,-28,44,44,44,44,-13,-13,-13,-13,5,5,5,5,4,4,4,-9,-9,-9,-45,-45,-45,-45,-25,-25,-25,-25,-14,-14,-14,-14,-25,-25,-25,-34,-34,-34,-56,-56,-56,10,10,10,10,-11,-11,-11,-11,3,3,3,3,17,17,17,1,1,1,-18,-18,-18,-18,-15,-15,-15,-15,-8,-8,-8,41,41,41,-12,-12,-12,-19,-19,-19,-12,-12,-12,-12,0,0,0,0,15,15,15,15,-8,-8,-8,-18,-18,-18,-14,-14,-14,-9,-9,-9,-9,14,14,14,14,2,2,2,0,0,-15,-15,-22,-22,-22,29,29,29,29,-7,-7,-7,-7,-14,-14,-14,-12,-12,-12,-24,-24,-24,-15,-15,-15,-5,-5,-5,-5,-36,-36,-36,-36,6,6,6,-25,-25,-28,-28,-30,-30,-39,-39,-39,-10,-10,-10,-10,16,16,16,16,-13,-13,-13,-16,-16,-3,-3,-3,-10,-10,-10,-20,-20,-20,18,18,18,18,18,53,53,53,53,7,7,7,-15,-15,-15,-13,-13,-13,27,27,27,27,27,12,12,12,12,-1,-1,-23,-23,-14,-14,-14,-11,-11,-11,-11,-13,-13,-13,-13,26,26,26,26,-6,-6,-6,-6,33,33,33,3,3,11,11,41,41,41,22,22,22,-32,-32,-32,4,4,4,4,4,-19,-19,-19,29,29,29,-2,-2,-2,-24,-4,31,31,37,37,72,72,103
168,29.21599999999999753,-64,26,-8,-8,19,19,19,17,17,17,17,8,8,8,28,28,4,4,0,0,23,23,-23,-23,-23,28,28,28,28,-18,-18,-18,-18,30,30,30,29,29,33,33,-29,-29,-29,60,60,60,48,48,48,-11,-11,-7,-7,35,35,-4,-4,-4,35,35,35,35,3,3,3,3,31,31,31,31,29,29,29,44,44,44,54,54,54,51,51,51,51,15,15,15,15,15,12,12,12,12,3,3,3,-32,-32,6,6,6,13,13,13,13,14,14,14,14,14,-4,-4,-4,-4,24,24,24,18,18,23,23,23,12,12,12,12,27,27,27,27,27,7,7,7,7,7,24,24,24,32,32,45,45,45,5,5,5,5,12,12,12,12,12,29,29,29,29,56,56,56,33,33,-12,-12,-12,30,30,30,30,38,38,38,38,-16,-16,-16,-16,-33,-33,-33,5,5,5,28,28,28,8,8,8,41,41,50,50,50,-5,-5,-5,23,23,23,27,27,46,46,64,64,64,49,49,49,49,18,18,18,18,31,31,31,54,54,54,36,36,9,9,9,-21,-21,-21,8,8,8,8,14,14,14,7,7,7,40,40,40,17,17,17,21,21,21,21,-4,-4,-4,-4,21,21,21,49,49,49,10,10,10,10,10,10,21,21,21,21,4,4,4,4,25,25,25,22,22,40,40,56,56,56,32,32,32,32,34,34,34,34,89,89,89,64,64,20,20,20,27,27,27,91,91,91,91,25,25,25,25,36,36,36,36,2,2,2,40,40,40,9,9,9,9,6,6,6,6,-1,-1,-1,-1,33,33,33,38,38,38,42,42,42,40,40,40,40,-2,-2,-2,-2,34,34,34,34,49,49,49,53,53,53,42,42,42,42,31,31,31,31,34,34,34,79,79,79,37,37,37,52,52,52,64,64,64,64,32,32,32,32,14,14,14,14,31,31,31,26,26,26,31,31,31,15,15,15,15,30,30,30,30,46,46,46,26,26,25,25,19,19,19,44,44,44,44,26,26,26,26,19,19,19,-2,-2,-2,11,11,11,2,2,2,33,33,33,33,25,25,25,25,37,37,37,21,21,3,3,5,5,11,11,11,9,9,9,9,32,32,32,32,6,6,6,50,50,16,16,16,18,18,18,31,31,31,34,34,34,34,34,24,24,24,24,49,49,49,-6,-6,-6,38,38,38,48,48,48,48,48,26,26,26,26,18,18,20,20,33,33,33,21,21,21,21,38,38,38,38,33,33,33,33,19,19,19,19,50,50,50,32,32,46,46,65,65,65,36,36,36,32,32,32,36,36,36,45,45,23,23,23,56,56,56,21,21,21,-11,7,27,27,50,50,91,91,63
169,29.41599999999999682,-35,68,66,66,35,35,35,13,13,13,13,30,30,30,41,41,19,19,35,35,72,72,66,66,66,4,4,4,4,18,18,18,18,-9,-9,-9,25,25,-3,-3,72,72,72,59,59,59,44,44,44,9,9,-8,-8,38,38,76,76,76,79,79,79,79,51,51,51,51,-21,-21,-21,-21,14,14,14,28,28,28,57,57,57,55,55,55,55,63,63,63,63,63,38,38,38,38,46,46,46,14,14,54,54,54,11,11,11,11,24,24,24,24,24,34,34,34,34,44,44,44,14,14,27,27,27,21,21,21,21,10,10,10,10,10,14,14,14,14,14,55,55,55,61,61,69,69,69,19,19,19,19,-2,-2,-2,-2,-2,60,60,60,60,53,53,53,25,25,61,61,61,51,51,51,51,79,79,79,79,51,51,51,51,34,34,34,32,32,32,63,63,63,39,39,39,75,75,69,69,69,61,61,61,46,46,46,21,21,50,50,89,89,89,82,82,82,82,31,31,31,31,72,72,72,49,49,49,67,67,47,47,47,42,42,42,58,58,58,58,54,54,54,29,29,29,54,54,54,53,53,53,42,42,42,42,27,27,27,27,26,26,26,66,66,66,84,84,65,65,65,65,25,25,25,25,61,61,61,61,60,60,60,75,75,62,62,58,58,58,49,49,49,49,39,39,39,39,97,97,97,68,68,51,51,51,85,85,85,119,119,119,119,77,77,77,77,63,63,63,63,101,101,101,97,97,97,45,45,45,45,43,43,43,43,10,10,10,10,82,82,82,98,98,98,104,104,104,87,87,87,87,19,19,19,19,48,48,48,48,71,71,71,61,61,61,71,71,71,71,48,48,48,48,42,42,42,87,87,87,81,81,81,93,93,93,98,98,98,98,54,54,54,54,54,54,54,54,69,69,69,56,56,56,74,74,74,59,59,59,59,26,26,26,26,47,47,47,56,56,61,61,37,37,37,88,88,88,88,71,71,71,71,35,35,35,29,29,29,59,59,59,34,34,34,62,62,62,62,56,56,56,56,83,83,83,64,64,63,63,56,56,38,38,38,46,46,46,46,22,22,22,22,36,36,36,79,79,57,57,57,65,65,65,58,58,58,47,47,47,47,47,44,44,44,44,41,41,41,77,77,77,63,63,63,51,51,51,51,51,47,47,47,47,35,35,50,50,100,100,100,52,52,52,52,38,38,38,38,47,47,47,47,26,26,26,26,68,68,68,59,59,75,75,88,88,88,63,63,63,55,55,55,61,61,61,67,67,80,80,80,64,64,64,29,29,29,12,34,41,41,45,45,59,59,60
170,29.61599999999999966,9,76,67,67,5,5,5,9,9,9,9,-7,-7,-7,19,19,-9,-9,11,11,27,27,44,44,44,38,38,38,38,32,32,32,32,1,1,1,2,2,7,7,19,19,19,28,28,28,34,34,34,51,51,10,10,44,44,37,37,37,45,45,45,45,0,0,0,0,3,3,3,3,-1,-1,-1,30,30,30,4,4,4,39,39,39,39,33,33,33,33,33,25,25,25,25,-28,-28,-28,12,12,-18,-18,-18,32,32,32,32,25,25,25,25,25,68,68,68,68,27,27,27,21,21,35,35,35,20,20,20,20,-9,-9,-9,-9,-9,27,27,27,27,27,52,52,52,35,35,25,25,25,9,9,9,9,13,13,13,13,13,24,24,24,24,65,65,65,75,75,30,30,30,57,57,57,57,55,55,55,55,41,41,41,41,67,67,67,10,10,10,50,50,50,47,47,47,64,64,37,37,37,41,41,41,67,67,67,50,50,84,84,46,46,46,30,30,30,30,13,13,13,13,12,12,12,38,38,38,16,16,55,55,55,42,42,42,41,41,41,41,60,60,60,45,45,45,14,14,14,24,24,24,-4,-4,-4,-4,45,45,45,45,23,23,23,62,62,62,82,82,70,70,70,70,6,6,6,6,62,62,62,62,45,45,45,59,59,60,60,21,21,21,35,35,35,35,28,28,28,28,68,68,68,-8,-8,-14,-14,-14,60,60,60,75,75,75,75,59,59,59,59,58,58,58,58,44,44,44,60,60,60,29,29,29,29,48,48,48,48,-6,-6,-6,-6,76,76,76,97,97,97,87,87,87,73,73,73,73,57,57,57,57,44,44,44,44,48,48,48,2,2,2,44,44,44,44,32,32,32,32,31,31,31,47,47,47,42,42,42,101,101,101,92,92,92,92,45,45,45,45,68,68,68,68,58,58,58,42,42,42,59,59,59,65,65,65,65,14,14,14,14,20,20,20,22,22,34,34,65,65,65,61,61,61,61,68,68,68,68,49,49,49,34,34,34,48,48,48,23,23,23,38,38,38,38,49,49,49,49,58,58,58,40,40,44,44,11,11,34,34,34,54,54,54,54,10,10,10,10,13,13,13,73,73,50,50,50,47,47,47,60,60,60,35,35,35,35,35,36,36,36,36,47,47,47,65,65,65,50,50,50,40,40,40,40,40,10,10,10,10,40,40,47,47,44,44,44,43,43,43,43,15,15,15,15,18,18,18,18,79,79,79,79,75,75,75,58,58,50,50,70,70,70,63,63,63,45,45,45,49,49,49,23,23,41,41,41,75,75,75,59,59,59,0,8,24,24,31,31,35,35,15
171,29.81599999999999895,4,26,20,20,-27,-27,-27,-30,-30,-30,-30,-6,-6,-6,-53,-53,-16,-16,-59,-59,-87,-87,-36,-36,-36,-5,-5,-5,-5,-27,-27,-27,-27,-80,-80,-80,-63,-63,-19,-19,-46,-46,-46,14,14,14,14,14,14,-34,-34,-16,-16,-27,-27,6,6,6,-2,-2,-2,-2,12,12,12,12,12,12,12,12,-19,-19,-19,-7,-7,-7,-59,-59,-59,-6,-6,-6,-6,20,20,20,20,20,6,6,6,6,-74,-74,-74,-30,-30,-46,-46,-46,-26,-26,-26,-26,9,9,9,9,9,-8,-8,-8,-8,-4,-4,-4,-9,-9,-45,-45,-45,-55,-55,-55,-55,-2,-2,-2,-2,-2,17,17,17,17,17,12,12,12,-3,-3,-9,-9,-9,-36,-36,-36,-36,-49,-49,-49,-49,-49,11,11,11,11,-10,-10,-10,42,42,-17,-17,-17,-2,-2,-2,-2,46,46,46,46,25,25,25,25,27,27,27,9,9,9,39,39,39,8,8,8,-38,-38,-20,-20,-20,7,7,7,43,43,43,14,14,17,17,-34,-34,-34,-24,-24,-24,-24,0,0,0,0,13,13,13,0,0,0,-17,-17,-26,-26,-26,-22,-22,-22,42,42,42,42,8,8,8,9,9,9,-45,-45,-45,-42,-42,-42,-28,-28,-28,-28,25,25,25,25,-9,-9,-9,16,16,16,-4,-4,-26,-26,-26,-26,2,2,2,2,12,12,12,12,23,23,23,1,1,-3,-3,-51,-51,-51,-11,-11,-11,-11,-4,-4,-4,-4,5,5,5,-37,-37,-49,-49,-49,-9,-9,-9,10,10,10,10,54,54,54,54,37,37,37,37,0,0,0,-27,-27,-27,-13,-13,-13,-13,-7,-7,-7,-7,-9,-9,-9,-9,30,30,30,38,38,38,36,36,36,-17,-17,-17,-17,13,13,13,13,62,62,62,62,-2,-2,-2,-64,-64,-64,4,4,4,4,-9,-9,-9,-9,3,3,3,-19,-19,-19,-3,-3,-3,36,36,36,6,6,6,6,19,19,19,19,37,37,37,37,33,33,33,-14,-14,-14,-7,-7,-7,10,10,10,10,-11,-11,-11,-11,-16,-16,-16,-14,-14,-36,-36,9,9,9,33,33,33,33,25,25,25,25,15,15,15,16,16,16,0,0,0,-17,-17,-17,-35,-35,-35,-35,41,41,41,41,26,26,26,12,12,-21,-21,-52,-52,-47,-47,-47,-16,-16,-16,-16,-6,-6,-6,-6,-25,-25,-25,8,8,33,33,33,15,15,15,-8,-8,-8,20,20,20,20,20,14,14,14,14,7,7,7,29,29,29,7,7,7,11,11,11,11,11,5,5,5,5,-9,-9,23,23,-17,-17,-17,-8,-8,-8,-8,-5,-5,-5,-5,-11,-11,-11,-11,57,57,57,57,50,50,50,39,39,-8,-8,16,16,16,14,14,14,1,1,1,3,3,3,-3,-3,-31,-31,-31,55,55,55,35,35,35,-44,-27,-22,-22,-4,-4,-21,-21,-24
172,30.01599999999999824,41,-2,3,3,-28,-28,-28,-22,-22,-22,-22,-9,-9,-9,23,23,-78,-78,-61,-61,-82,-82,-47,-47,-47,-34,-34,-34,-34,-23,-23,-23,-23,-2,-2,-2,-98,-98,-14,-14,-32,-32,-32,-44,-44,-44,3,3,3,-44,-44,-40,-40,-49,-49,-40,-40,-40,-58,-58,-58,-58,-15,-15,-15,-15,-46,-46,-46,-46,-21,-21,-21,-28,-28,-28,-72,-72,-72,-3,-3,-3,-3,-8,-8,-8,-8,-8,-17,-17,-17,-17,-39,-39,-39,-23,-23,-66,-66,-66,-38,-38,-38,-38,16,16,16,16,16,-9,-9,-9,-9,-4,-4,-4,-30,-30,-57,-57,-57,-43,-43,-43,-43,-7,-7,-7,-7,-7,-25,-25,-25,-25,-25,2,2,2,-15,-15,-50,-50,-50,-55,-55,-55,-55,-37,-37,-37,-37,-37,-12,-12,-12,-12,-10,-10,-10,-46,-46,-60,-60,-60,9,9,9,9,45,45,45,45,15,15,15,15,-15,-15,-15,-19,-19,-19,4,4,4,-17,-17,-17,-84,-84,-14,-14,-14,11,11,11,12,12,12,2,2,-22,-22,-30,-30,-30,-55,-55,-55,-55,-26,-26,-26,-26,53,53,53,-3,-3,-3,-35,-35,-38,-38,-38,-36,-36,-36,33,33,33,33,17,17,17,2,2,2,-54,-54,-54,-33,-33,-33,-41,-41,-41,-41,-6,-6,-6,-6,8,8,8,-10,-10,-10,-69,-69,-76,-76,-76,-76,51,51,51,51,31,31,31,31,41,41,41,-15,-15,-13,-13,-48,-48,-48,-5,-5,-5,-5,19,19,19,19,-5,-5,-5,-60,-60,-85,-85,-85,12,12,12,-12,-12,-12,-12,24,24,24,24,0,0,0,0,-29,-29,-29,-72,-72,-72,-50,-50,-50,-50,-30,-30,-30,-30,-23,-23,-23,-23,29,29,29,-23,-23,-23,-29,-29,-29,-52,-52,-52,-52,1,1,1,1,22,22,22,22,-22,-22,-22,-70,-70,-70,-22,-22,-22,-22,3,3,3,3,-9,-9,-9,-56,-56,-56,-27,-27,-27,-4,-4,-4,-40,-40,-40,-40,15,15,15,15,12,12,12,12,-7,-7,-7,-35,-35,-35,-62,-62,-62,-14,-14,-14,-14,-11,-11,-11,-11,-21,-21,-21,-34,-34,-45,-45,-24,-24,-24,-13,-13,-13,-13,-2,-2,-2,-2,-21,-21,-21,-2,-2,-2,-27,-27,-27,-50,-50,-50,-57,-57,-57,-57,-12,-12,-12,-12,-42,-42,-42,-22,-22,-43,-43,-53,-53,-55,-55,-55,-46,-46,-46,-46,-34,-34,-34,-34,-44,-44,-44,-25,-25,-15,-15,-15,-30,-30,-30,-45,-45,-45,-16,-16,-16,-16,-16,-14,-14,-14,-14,-32,-32,-32,-67,-67,-67,-46,-46,-46,4,4,4,4,4,-9,-9,-9,-9,-13,-13,-13,-13,-53,-53,-53,-54,-54,-54,-54,-40,-40,-40,-40,-8,-8,-8,-8,19,19,19,19,24,24,24,-7,-7,-28,-28,-46,-46,-46,-7,-7,-7,-31,-31,-31,-44,-44,-44,-60,-60,-41,-41,-41,33,33,33,46,46,46,-67,-79,-20,-20,-27,-27,-27,-27,-48
173,30.21599999999999753,7,43,52,52,15,15,15,28,28,28,28,-6,-6,-6,14,14,-1,-1,26,26,29,29,20,20,20,9,9,9,9,20,20,20,20,-18,-18,-18,-19,-19,-75,-75,-22,-22,-22,-34,-34,-34,35,35,35,-18,-18,-2,-2,-3,-3,-10,-10,-10,-5,-5,-5,-5,-12,-12,-12,-12,5,5,5,5,-35,-35,-35,-14,-14,-14,-43,-43,-43,-13,-13,-13,-13,30,30,30,30,30,-5,-5,-5,-5,22,22,22,-15,-15,1,1,1,6,6,6,6,48,48,48,48,48,-11,-11,-11,-11,30,30,30,-3,-3,-37,-37,-37,-2,-2,-2,-2,-6,-6,-6,-6,-6,9,9,9,9,9,10,10,10,23,23,-11,-11,-11,-15,-15,-15,-15,16,16,16,16,16,16,16,16,16,-18,-18,-18,-27,-27,-38,-38,-38,37,37,37,37,18,18,18,18,12,12,12,12,15,15,15,23,23,23,-12,-12,-12,48,48,48,-27,-27,15,15,15,13,13,13,-2,-2,-2,10,10,35,35,14,14,14,-24,-24,-24,-24,25,25,25,25,13,13,13,38,38,38,2,2,-1,-1,-1,22,22,22,40,40,40,40,22,22,22,12,12,12,-5,-5,-5,23,23,23,-24,-24,-24,-24,38,38,38,38,20,20,20,12,12,12,-18,-18,-12,-12,-12,-12,60,60,60,60,12,12,12,12,46,46,46,25,25,44,44,25,25,25,56,56,56,56,58,58,58,58,29,29,29,-12,-12,-42,-42,-42,27,27,27,-35,-35,-35,-35,19,19,19,19,31,31,31,31,15,15,15,-22,-22,-22,-6,-6,-6,-6,1,1,1,1,46,46,46,46,32,32,32,-25,-25,-25,-26,-26,-26,-35,-35,-35,-35,20,20,20,20,29,29,29,29,-1,-1,-1,-3,-3,-3,17,17,17,17,36,36,36,36,15,15,15,-17,-17,-17,8,8,8,24,24,24,-20,-20,-20,-20,13,13,13,13,17,17,17,17,13,13,13,-43,-43,-43,-38,-38,-38,-6,-6,-6,-6,9,9,9,9,4,4,4,8,8,-2,-2,2,2,2,-35,-35,-35,-35,14,14,14,14,12,12,12,-1,-1,-1,5,5,5,-31,-31,-31,-25,-25,-25,-25,12,12,12,12,-5,-5,-5,-11,-11,-20,-20,-16,-16,-29,-29,-29,0,0,0,0,7,7,7,7,-6,-6,-6,-14,-14,6,6,6,-14,-14,-14,-32,-32,-32,-18,-18,-18,-18,-18,18,18,18,18,-26,-26,-26,-47,-47,-47,-30,-30,-30,28,28,28,28,28,11,11,11,11,11,11,14,14,-21,-21,-21,-28,-28,-28,-28,-4,-4,-4,-4,20,20,20,20,38,38,38,38,24,24,24,-11,-11,-1,-1,-25,-25,-25,-24,-24,-24,-27,-27,-27,-27,-27,-27,-35,-35,-7,-7,-7,39,39,39,39,39,39,-72,-67,-13,-13,0,0,-5,-5,-17
174,30.41599999999999682,17,73,77,77,89,89,89,52,52,52,52,16,16,16,44,44,68,68,91,91,129,129,85,85,85,60,60,60,60,2,2,2,2,49,49,49,29,29,102,102,42,42,42,17,17,17,26,26,26,51,51,72,72,55,55,24,24,24,20,20,20,20,38,38,38,38,14,14,14,14,-9,-9,-9,20,20,20,12,12,12,55,55,55,55,42,42,42,42,42,61,61,61,61,57,57,57,49,49,53,53,53,81,81,81,81,78,78,78,78,78,36,36,36,36,10,10,10,55,55,72,72,72,67,67,67,67,67,67,67,67,67,65,65,65,65,65,66,66,66,65,65,49,49,49,26,26,26,26,54,54,54,54,54,39,39,39,39,44,44,44,31,31,43,43,43,26,26,26,26,26,26,26,26,54,54,54,54,54,54,54,55,55,55,26,26,26,66,66,66,45,45,46,46,46,45,45,45,48,48,48,35,35,67,67,79,79,79,69,69,69,69,62,62,62,62,65,65,65,35,35,35,26,26,76,76,76,62,62,62,51,51,51,51,24,24,24,82,82,82,94,94,94,79,79,79,79,79,79,79,59,59,59,59,81,81,81,42,42,42,80,80,73,73,73,73,81,81,81,81,70,70,70,70,94,94,94,92,92,121,121,95,95,95,117,117,117,117,107,107,107,107,50,50,50,28,28,69,69,69,67,67,67,4,4,4,4,78,78,78,78,80,80,80,80,76,76,76,60,60,60,57,57,57,57,72,72,72,72,69,69,69,69,68,68,68,18,18,18,23,23,23,36,36,36,36,58,58,58,58,60,60,60,60,64,64,64,91,91,91,84,84,84,84,70,70,70,70,54,54,54,51,51,51,92,92,92,76,76,76,43,43,43,43,51,51,51,51,50,50,50,50,38,38,38,42,42,42,40,40,40,50,50,50,50,55,55,55,55,41,41,41,57,57,79,79,56,56,56,15,15,15,15,40,40,40,40,81,81,81,62,62,62,55,55,55,40,40,40,70,70,70,70,48,48,48,48,35,35,35,53,53,48,48,30,30,58,58,58,37,37,37,37,19,19,19,19,49,49,49,16,16,49,49,49,26,26,26,24,24,24,5,5,5,5,5,43,43,43,43,34,34,34,19,19,19,16,16,16,71,71,71,71,71,54,54,54,54,43,43,47,47,20,20,20,59,59,59,59,28,28,28,28,35,35,35,35,61,61,61,61,47,47,47,53,53,43,43,14,14,14,8,8,8,26,26,26,44,44,44,17,17,52,52,52,47,47,47,56,56,56,-36,-36,53,53,40,40,27,27,18
175,30.61599999999999966,41,81,110,110,86,86,86,72,72,72,72,13,13,13,73,73,55,55,135,135,160,160,137,137,137,104,104,104,104,46,46,46,46,26,26,26,45,45,29,29,28,28,28,45,45,45,67,67,67,43,43,54,54,72,72,44,44,44,41,41,41,41,54,54,54,54,36,36,36,36,-14,-14,-14,37,37,37,81,81,81,45,45,45,45,68,68,68,68,68,77,77,77,77,69,69,69,49,49,79,79,79,99,99,99,99,37,37,37,37,37,89,89,89,89,54,54,54,69,69,65,65,65,87,87,87,87,93,93,93,93,93,93,93,93,93,93,41,41,41,56,56,83,83,83,96,96,96,96,21,21,21,21,21,42,42,42,42,70,70,70,98,98,93,93,93,65,65,65,65,32,32,32,32,36,36,36,36,68,68,68,40,40,40,29,29,29,103,103,103,102,102,84,84,84,74,74,74,20,20,20,48,48,29,29,104,104,104,77,77,77,77,65,65,65,65,60,60,60,46,46,46,84,84,87,87,87,96,96,96,94,94,94,94,60,60,60,93,93,93,108,108,108,77,77,77,92,92,92,92,92,92,92,92,102,102,102,65,65,65,113,113,113,113,113,113,73,73,73,73,95,95,95,95,97,97,97,88,88,123,123,124,124,124,138,138,138,138,95,95,95,95,56,56,56,88,88,115,115,115,35,35,35,33,33,33,33,69,69,69,69,80,80,80,80,89,89,89,133,133,133,109,109,109,109,89,89,89,89,112,112,112,112,85,85,85,34,34,34,79,79,79,73,73,73,73,83,83,83,83,68,68,68,68,81,81,81,106,106,106,96,96,96,96,105,105,105,105,62,62,62,89,89,89,109,109,109,82,82,82,65,65,65,65,93,93,93,93,47,47,47,47,52,52,52,72,72,72,82,82,82,52,52,52,52,73,73,73,73,73,73,73,83,83,114,114,94,94,94,60,60,60,60,51,51,51,51,102,102,102,113,113,113,95,95,95,99,99,99,92,92,92,92,47,47,47,47,71,71,71,91,91,84,84,100,100,90,90,90,67,67,67,67,47,47,47,47,73,73,73,36,36,52,52,52,50,50,50,70,70,70,68,68,68,68,68,59,59,59,59,72,72,72,89,89,89,93,93,93,50,50,50,50,50,66,66,66,66,65,65,81,81,80,80,80,96,96,96,96,56,56,56,56,83,83,83,83,84,84,84,84,74,74,74,67,67,49,49,44,44,44,51,51,51,60,60,60,66,66,66,84,84,115,115,115,76,76,76,70,70,70,-8,1,64,64,89,89,66,66,40
176,30.81599999999999895,71,26,15,15,28,28,28,55,55,55,55,44,44,44,19,19,51,51,30,30,68,68,60,60,60,70,70,70,70,23,23,23,23,49,49,49,41,41,42,42,-10,-10,-10,30,30,30,53,53,53,43,43,54,54,29,29,33,33,33,25,25,25,25,46,46,46,46,16,16,16,16,19,19,19,22,22,22,47,47,47,39,39,39,39,19,19,19,19,19,63,63,63,63,34,34,34,61,61,20,20,20,57,57,57,57,49,49,49,49,49,8,8,8,8,57,57,57,47,47,60,60,60,55,55,55,55,64,64,64,64,64,57,57,57,57,57,39,39,39,36,36,45,45,45,37,37,37,37,95,95,95,95,95,56,56,56,56,38,38,38,70,70,64,64,64,7,7,7,7,16,16,16,16,71,71,71,71,61,61,61,38,38,38,36,36,36,19,19,19,54,54,46,46,46,38,38,38,15,15,15,-12,-12,26,26,14,14,14,50,50,50,50,42,42,42,42,41,41,41,11,11,11,42,42,81,81,81,55,55,55,50,50,50,50,15,15,15,32,32,32,26,26,26,50,50,50,68,68,68,68,73,73,73,73,74,74,74,46,46,46,95,95,71,71,71,71,24,24,24,24,81,81,81,81,40,40,40,64,64,59,59,53,53,53,64,64,64,64,46,46,46,46,24,24,24,26,26,82,82,82,-9,-9,-9,27,27,27,27,48,48,48,48,86,86,86,86,75,75,75,97,97,97,90,90,90,90,77,77,77,77,76,76,76,76,49,49,49,35,35,35,45,45,45,64,64,64,64,51,51,51,51,63,63,63,63,31,31,31,45,45,45,40,40,40,40,56,56,56,56,45,45,45,39,39,39,80,80,80,46,46,46,30,30,30,30,52,52,52,52,60,60,60,60,74,74,74,64,64,64,54,54,54,35,35,35,35,56,56,56,56,51,51,51,56,56,65,65,42,42,42,37,37,37,37,42,42,42,42,67,67,67,79,79,79,77,77,77,89,89,89,66,66,66,66,64,64,64,64,18,18,18,26,26,62,62,45,45,69,69,69,73,73,73,73,47,47,47,47,50,50,50,34,34,28,28,28,51,51,51,54,54,54,70,70,70,70,70,79,79,79,79,41,41,41,61,61,61,81,81,81,73,73,73,73,73,38,38,38,38,37,37,50,50,54,54,54,77,77,77,77,26,26,26,26,94,94,94,94,61,61,61,61,84,84,84,78,78,21,21,36,36,36,39,39,39,36,36,36,88,88,88,60,60,104,104,104,65,65,65,51,51,51,12,-17,49,49,79,79,74,74,68
177,31.01599999999999824,96,-31,-70,-70,-7,-7,-7,17,17,17,17,27,27,27,-55,-55,58,58,-39,-39,-53,-53,-28,-28,-28,29,29,29,29,2,2,2,2,-31,-31,-31,24,24,17,17,34,34,34,-22,-22,-22,27,27,27,14,14,-40,-40,-23,-23,-12,-12,-12,-7,-7,-7,-7,19,19,19,19,24,24,24,24,-11,-11,-11,-18,-18,-18,-12,-12,-12,12,12,12,12,23,23,23,23,23,12,12,12,12,18,18,18,16,16,-3,-3,-3,20,20,20,20,-9,-9,-9,-9,-9,29,29,29,29,5,5,5,-24,-24,-18,-18,-18,14,14,14,14,21,21,21,21,21,33,33,33,33,33,-24,-24,-24,-12,-12,-24,-24,-24,2,2,2,2,44,44,44,44,44,14,14,14,14,38,38,38,38,38,-8,-8,-8,36,36,36,36,-9,-9,-9,-9,28,28,28,28,35,35,35,-15,-15,-15,-41,-41,-41,-7,-7,-7,-10,-10,-18,-18,-18,-25,-25,-25,-21,-21,-21,-16,-16,-26,-26,-33,-33,-33,-11,-11,-11,-11,14,14,14,14,24,24,24,-49,-49,-49,-5,-5,-21,-21,-21,-5,-5,-5,7,7,7,7,0,0,0,-1,-1,-1,14,14,14,-24,-24,-24,19,19,19,19,20,20,20,20,36,36,36,-14,-14,-14,-8,-8,1,1,1,1,-9,-9,-9,-9,12,12,12,12,4,4,4,-19,-19,-29,-29,-22,-22,-22,27,27,27,27,26,26,26,26,-33,-33,-33,-3,-3,4,4,4,-81,-81,-81,-14,-14,-14,-14,1,1,1,1,13,13,13,13,25,25,25,-16,-16,-16,-13,-13,-13,-13,17,17,17,17,47,47,47,47,2,2,2,-22,-22,-22,-9,-9,-9,4,4,4,4,14,14,14,14,13,13,13,13,-23,-23,-23,-7,-7,-7,-21,-21,-21,-21,-6,-6,-6,-6,-8,-8,-8,-4,-4,-4,-2,-2,-2,-19,-19,-19,-12,-12,-12,-12,3,3,3,3,-2,-2,-2,-2,-12,-12,-12,18,18,18,-4,-4,-4,-5,-5,-5,-5,-3,-3,-3,-3,-10,-10,-10,1,1,-10,-10,17,17,17,4,4,4,4,-13,-13,-13,-13,39,39,39,44,44,44,6,6,6,23,23,23,7,7,7,7,-31,-31,-31,-31,-8,-8,-8,-23,-23,-18,-18,-30,-30,-16,-16,-16,44,44,44,44,11,11,11,11,-14,-14,-14,-38,-38,-6,-6,-6,-4,-4,-4,-28,-28,-28,25,25,25,25,25,57,57,57,57,-17,-17,-17,27,27,27,15,15,15,47,47,47,47,47,6,6,6,6,-31,-31,-22,-22,-43,-43,-43,11,11,11,11,-12,-12,-12,-12,55,55,55,55,46,46,46,46,64,64,64,32,32,-26,-26,-2,-2,-2,1,1,1,-3,-3,-3,18,18,18,19,19,10,10,10,28,28,28,39,39,39,-6,-41,5,5,76,76,66,66,62
178,31.21599999999999753,46,-49,-74,-74,-27,-27,-27,-8,-8,-8,-8,-24,-24,-24,-1,-1,60,60,-92,-92,-78,-78,-67,-67,-67,14,14,14,14,-20,-20,-20,-20,-1,-1,-1,-35,-35,-3,-3,6,6,6,14,14,14,-43,-43,-43,-25,-25,2,2,-25,-25,-88,-88,-88,-41,-41,-41,-41,-1,-1,-1,-1,-2,-2,-2,-2,-9,-9,-9,-16,-16,-16,-54,-54,-54,-40,-40,-40,-40,5,5,5,5,5,10,10,10,10,-16,-16,-16,-65,-65,-54,-54,-54,-52,-52,-52,-52,-13,-13,-13,-13,-13,15,15,15,15,-9,-9,-9,-35,-35,-81,-81,-81,-41,-41,-41,-41,22,22,22,22,22,31,31,31,31,31,27,27,27,-19,-19,-47,-47,-47,-30,-30,-30,-30,4,4,4,4,4,25,25,25,25,-21,-21,-21,-54,-54,-35,-35,-35,-33,-33,-33,-33,-10,-10,-10,-10,6,6,6,6,-42,-42,-42,-40,-40,-40,-29,-29,-29,-44,-44,-44,-49,-49,-60,-60,-60,-43,-43,-43,-26,-26,-26,-82,-82,-72,-72,-74,-74,-74,-43,-43,-43,-43,-28,-28,-28,-28,25,25,25,-35,-35,-35,-50,-50,-37,-37,-37,-44,-44,-44,-6,-6,-6,-6,-23,-23,-23,-32,-32,-32,-45,-45,-45,-69,-69,-69,16,16,16,16,-3,-3,-3,-3,-3,-3,-3,-18,-18,-18,-79,-79,-48,-48,-48,-48,-13,-13,-13,-13,-9,-9,-9,-9,-45,-45,-45,-39,-39,-61,-61,-48,-48,-48,-46,-46,-46,-46,-23,-23,-23,-23,-23,-23,-23,-8,-8,-49,-49,-49,-86,-86,-86,2,2,2,2,-24,-24,-24,-24,-19,-19,-19,-19,-31,-31,-31,-31,-31,-31,-26,-26,-26,-26,-11,-11,-11,-11,-30,-30,-30,-30,-66,-66,-66,-33,-33,-33,-46,-46,-46,-22,-22,-22,-22,2,2,2,2,-13,-13,-13,-13,-26,-26,-26,-29,-29,-29,-56,-56,-56,-56,-35,-35,-35,-35,-22,-22,-22,-11,-11,-11,-38,-38,-38,-62,-62,-62,-43,-43,-43,-43,-38,-38,-38,-38,-30,-30,-30,-30,2,2,2,-20,-20,-20,-39,-39,-39,-19,-19,-19,-19,5,5,5,5,-20,-20,-20,-22,-22,-52,-52,-46,-46,-46,-19,-19,-19,-19,-34,-34,-34,-34,-6,-6,-6,-14,-14,-14,-20,-20,-20,-10,-10,-10,-23,-23,-23,-23,-31,-31,-31,-31,-42,-42,-42,-80,-80,-50,-50,-36,-36,-19,-19,-19,-3,-3,-3,-3,13,13,13,13,-18,-18,-18,-49,-49,-44,-44,-44,-27,-27,-27,-29,-29,-29,2,2,2,2,2,35,35,35,35,-10,-10,-10,-47,-47,-47,-21,-21,-21,22,22,22,22,22,13,13,13,13,-40,-40,-42,-42,-59,-59,-59,-58,-58,-58,-58,-31,-31,-31,-31,50,50,50,50,17,17,17,17,37,37,37,4,4,-53,-53,-17,-17,-17,-24,-24,-24,-12,-12,-12,-15,-15,-15,-26,-26,-33,-33,-33,10,10,10,18,18,18,-25,-70,-36,-36,67,67,52,52,60
179,31.41599999999999682,20,7,5,5,7,7,7,-27,-27,-27,-27,-7,-7,-7,6,6,33,33,0,0,-21,-21,-55,-55,-55,-5,-5,-5,-5,5,5,5,5,-39,-39,-39,17,17,-2,-2,8,8,8,12,12,12,0,0,0,20,20,-4,-4,20,20,-39,-39,-39,-28,-28,-28,-28,-7,-7,-7,-7,27,27,27,27,-12,-12,-12,-22,-22,-22,-7,-7,-7,14,14,14,14,12,12,12,12,12,-29,-29,-29,-29,-12,-12,-12,-50,-50,-29,-29,-29,-6,-6,-6,-6,-22,-22,-22,-22,-22,-8,-8,-8,-8,16,16,16,-26,-26,-25,-25,-25,-14,-14,-14,-14,17,17,17,17,17,14,14,14,14,14,-22,-22,-22,-12,-12,10,10,10,-4,-4,-4,-4,31,31,31,31,31,-2,-2,-2,-2,21,21,21,-34,-34,-36,-36,-36,-26,-26,-26,-26,-51,-51,-51,-51,6,6,6,6,-52,-52,-52,-31,-31,-31,15,15,15,-26,-26,-26,-13,-13,-12,-12,-12,-15,-15,-15,-45,-45,-45,-52,-52,-29,-29,-45,-45,-45,8,8,8,8,7,7,7,7,12,12,12,-4,-4,-4,-14,-14,-19,-19,-19,16,16,16,0,0,0,0,16,16,16,-25,-25,-25,0,0,0,-15,-15,-15,2,2,2,2,28,28,28,28,6,6,6,13,13,13,-31,-31,-16,-16,-16,-16,13,13,13,13,-13,-13,-13,-13,-3,-3,-3,-29,-29,-10,-10,21,21,21,-20,-20,-20,-20,4,4,4,4,43,43,43,27,27,2,2,2,-57,-57,-57,24,24,24,24,0,0,0,0,-5,-5,-5,-5,11,11,11,-25,-25,-25,-25,-25,-25,-25,1,1,1,1,8,8,8,8,13,13,13,-8,-8,-8,-17,-17,-17,-8,-8,-8,-8,1,1,1,1,13,13,13,13,4,4,4,0,0,0,-17,-17,-17,-17,7,7,7,7,7,7,7,42,42,42,-13,-13,-13,-13,-13,-13,-13,-13,-13,-13,-12,-12,-12,-12,12,12,12,12,-14,-14,-14,3,3,3,-11,-11,-11,20,20,20,20,19,19,19,19,8,8,8,-2,-2,-8,-8,-2,-2,-2,13,13,13,13,-6,-6,-6,-6,-10,-10,-10,1,1,1,5,5,5,-2,-2,-2,-9,-9,-9,-9,-34,-34,-34,-34,-33,-33,-33,-28,-28,-1,-1,-16,-16,-18,-18,-18,-20,-20,-20,-20,17,17,17,17,17,17,17,-16,-16,-8,-8,-8,-17,-17,-17,15,15,15,1,1,1,1,1,21,21,21,21,-2,-2,-2,7,7,7,-6,-6,-6,46,46,46,46,46,10,10,10,10,-38,-38,-36,-36,-38,-38,-38,-13,-13,-13,-13,36,36,36,36,41,41,41,41,15,15,15,15,21,21,21,0,0,-10,-10,8,8,8,-7,-7,-7,11,11,11,6,6,6,-16,-16,-11,-11,-11,11,11,11,11,11,11,-6,-33,-49,-49,52,52,67,67,72
180,31.61599999999999966,15,72,93,93,65,65,65,39,39,39,39,33,33,33,62,62,71,71,53,53,100,100,68,68,68,15,15,15,15,44,44,44,44,40,40,40,82,82,33,33,15,15,15,80,80,80,7,7,7,34,34,42,42,18,18,66,66,66,26,26,26,26,35,35,35,35,44,44,44,44,-53,-53,-53,66,66,66,44,44,44,51,51,51,51,38,38,38,38,38,16,16,16,16,-12,-12,-12,28,28,14,14,14,47,47,47,47,3,3,3,3,3,0,0,0,0,30,30,30,32,32,51,51,51,57,57,57,57,30,30,30,30,30,2,2,2,2,2,7,7,7,29,29,65,65,65,42,42,42,42,58,58,58,58,58,42,42,42,42,21,21,21,-2,-2,15,15,15,-16,-16,-16,-16,8,8,8,8,31,31,31,31,3,3,3,17,17,17,38,38,38,55,55,55,54,54,29,29,29,1,1,1,56,56,56,8,8,52,52,47,47,47,77,77,77,77,8,8,8,8,46,46,46,36,36,36,51,51,47,47,47,28,28,28,-5,-5,-5,-5,41,41,41,15,15,15,64,64,64,60,60,60,41,41,41,41,35,35,35,35,28,28,28,36,36,36,34,34,84,84,84,84,-10,-10,-10,-10,21,21,21,21,22,22,22,28,28,57,57,87,87,87,48,48,48,48,25,25,25,25,80,80,80,66,66,64,64,64,5,5,5,97,97,97,97,32,32,32,32,23,23,23,23,40,40,40,69,69,69,49,49,49,49,53,53,53,53,26,26,26,26,53,53,53,73,73,73,31,31,31,41,41,41,41,62,62,62,62,34,34,34,34,58,58,58,52,52,52,48,48,48,48,43,43,43,43,65,65,65,103,103,103,43,43,43,54,54,54,67,67,67,67,27,27,27,27,25,25,25,25,30,30,30,59,59,59,71,71,71,76,76,76,76,47,47,47,47,58,58,58,61,61,55,55,31,31,31,60,60,60,60,67,67,67,67,24,24,24,30,30,30,56,56,56,61,61,61,20,20,20,20,21,21,21,21,41,41,41,42,42,52,52,82,82,62,62,62,46,46,46,46,43,43,43,43,48,48,48,28,28,19,19,19,31,31,31,62,62,62,41,41,41,41,41,54,54,54,54,44,44,44,51,51,51,47,47,47,40,40,40,40,40,39,39,39,39,19,19,38,38,60,60,60,25,25,25,25,52,52,52,52,68,68,68,68,49,49,49,49,40,40,40,44,44,20,20,42,42,42,17,17,17,15,15,15,38,38,38,18,18,16,16,16,12,12,12,33,33,33,21,12,4,4,51,51,89,89,115
181,31.81599999999999895,48,109,105,105,68,68,68,53,53,53,53,86,86,86,43,43,93,93,92,92,135,135,102,102,102,49,49,49,49,66,66,66,66,60,60,60,63,63,44,44,36,36,36,74,74,74,72,72,72,76,76,64,64,74,74,110,110,110,108,108,108,108,55,55,55,55,35,35,35,35,56,56,56,78,78,78,132,132,132,86,86,86,86,52,52,52,52,52,18,18,18,18,66,66,66,52,52,68,68,68,43,43,43,43,31,31,31,31,31,40,40,40,40,54,54,54,40,40,80,80,80,78,78,78,78,44,44,44,44,44,1,1,1,1,1,11,11,11,55,55,80,80,80,55,55,55,55,5,5,5,5,5,39,39,39,39,91,91,91,75,75,64,64,64,59,59,59,59,52,52,52,52,22,22,22,22,54,54,54,32,32,32,56,56,56,41,41,41,99,99,39,39,39,42,42,42,55,55,55,56,56,57,57,98,98,98,84,84,84,84,9,9,9,9,24,24,24,32,32,32,90,90,88,88,88,51,51,51,24,24,24,24,84,84,84,68,68,68,112,112,112,69,69,69,31,31,31,31,45,45,45,45,51,51,51,70,70,70,104,104,75,75,75,75,19,19,19,19,38,38,38,38,21,21,21,54,54,71,71,108,108,108,71,71,71,71,63,63,63,63,89,89,89,86,86,81,81,81,35,35,35,96,96,96,96,46,46,46,46,54,54,54,54,77,77,77,96,96,96,75,75,75,75,22,22,22,22,46,46,46,46,100,100,100,120,120,120,93,93,93,82,82,82,82,44,44,44,44,63,63,63,63,99,99,99,79,79,79,77,77,77,77,72,72,72,72,87,87,87,123,123,123,85,85,85,92,92,92,116,116,116,116,53,53,53,53,79,79,79,79,74,74,74,99,99,99,90,90,90,76,76,76,76,70,70,70,70,70,70,70,97,97,93,93,85,85,85,85,85,85,85,69,69,69,69,59,59,59,62,62,62,82,82,82,86,86,86,50,50,50,50,41,41,41,41,71,71,71,72,72,86,86,79,79,92,92,92,72,72,72,72,70,70,70,70,61,61,61,87,87,71,71,71,53,53,53,92,92,92,74,74,74,74,74,73,73,73,73,83,83,83,101,101,101,61,61,61,70,70,70,70,70,43,43,43,43,17,17,79,79,104,104,104,116,116,116,116,77,77,77,77,60,60,60,60,68,68,68,68,57,57,57,54,54,67,67,69,69,69,38,38,38,39,39,39,64,64,64,53,53,39,39,39,23,23,23,18,18,18,74,55,21,21,67,67,114,114,131
182,32.01599999999999824,52,85,80,80,65,65,65,84,84,84,84,62,62,62,49,49,83,83,43,43,77,77,88,88,88,59,59,59,59,-11,-11,-11,-11,68,68,68,11,11,35,35,78,78,78,56,56,56,-28,-28,-28,56,56,103,103,56,56,76,76,76,39,39,39,39,34,34,34,34,36,36,36,36,68,68,68,81,81,81,83,83,83,33,33,33,33,61,61,61,61,61,27,27,27,27,15,15,15,66,66,70,70,70,36,36,36,36,58,58,58,58,58,46,46,46,46,47,47,47,40,40,56,56,56,83,83,83,83,29,29,29,29,29,4,4,4,4,4,59,59,59,34,34,60,60,60,25,25,25,25,4,4,4,4,4,13,13,13,13,63,63,63,77,77,53,53,53,41,41,41,41,35,35,35,35,63,63,63,63,71,71,71,52,52,52,75,75,75,72,72,72,74,74,41,41,41,24,24,24,44,44,44,58,58,68,68,65,65,65,65,65,65,65,15,15,15,15,18,18,18,66,66,66,38,38,75,75,75,43,43,43,36,36,36,36,51,51,51,33,33,33,59,59,59,46,46,46,12,12,12,12,31,31,31,31,43,43,43,74,74,74,70,70,62,62,62,62,16,16,16,16,66,66,66,66,60,60,60,54,54,71,71,49,49,49,70,70,70,70,41,41,41,41,51,51,51,29,29,59,59,59,25,25,25,83,83,83,83,18,18,18,18,61,61,61,61,53,53,53,70,70,70,55,55,55,55,48,48,48,48,41,41,41,41,92,92,92,128,128,128,92,92,92,68,68,68,68,65,65,65,65,76,76,76,76,67,67,67,38,38,38,40,40,40,40,41,41,41,41,74,74,74,82,82,82,73,73,73,92,92,92,94,94,94,94,47,47,47,47,74,74,74,74,64,64,64,97,97,97,53,53,53,78,78,78,78,74,74,74,74,66,66,66,73,73,61,61,84,84,84,85,85,85,85,69,69,69,69,52,52,52,47,47,47,79,79,79,69,69,69,43,43,43,43,58,58,58,58,91,91,91,63,63,48,48,59,59,61,61,61,46,46,46,46,84,84,84,84,58,58,58,91,91,89,89,89,63,63,63,77,77,77,71,71,71,71,71,83,83,83,83,82,82,82,51,51,51,75,75,75,49,49,49,49,49,51,51,51,51,31,31,70,70,85,85,85,106,106,106,106,72,72,72,72,56,56,56,56,69,69,69,69,72,72,72,61,61,61,61,46,46,46,44,44,44,61,61,61,69,69,69,76,76,37,37,37,12,12,12,16,16,16,81,96,42,42,55,55,90,90,130
183,32.21600000000000108,37,47,46,46,49,49,49,36,36,36,36,83,83,83,78,78,81,81,-12,-12,17,17,42,42,42,48,48,48,48,-3,-3,-3,-3,80,80,80,51,51,33,33,46,46,46,30,30,30,77,77,77,70,70,53,53,39,39,48,48,48,7,7,7,7,47,47,47,47,72,72,72,72,64,64,64,36,36,36,35,35,35,60,60,60,60,59,59,59,59,59,76,76,76,76,32,32,32,1,1,6,6,6,-9,-9,-9,-9,51,51,51,51,51,16,16,16,16,49,49,49,9,9,26,26,26,17,17,17,17,46,46,46,46,46,11,11,11,11,11,59,59,59,11,11,14,14,14,-9,-9,-9,-9,14,14,14,14,14,12,12,12,12,48,48,48,26,26,29,29,29,51,51,51,51,48,48,48,48,78,78,78,78,28,28,28,31,31,31,42,42,42,27,27,27,13,13,6,6,6,9,9,9,64,64,64,-2,-2,35,35,9,9,9,20,20,20,20,30,30,30,30,32,32,32,25,25,25,6,6,2,2,2,-24,-24,-24,34,34,34,34,53,53,53,8,8,8,-2,-2,-2,29,29,29,-41,-41,-41,-41,5,5,5,5,15,15,15,46,46,46,36,36,3,3,3,3,41,41,41,41,21,21,21,21,61,61,61,57,57,33,33,5,5,5,42,42,42,42,8,8,8,8,-2,-2,-2,-2,-2,-31,-31,-31,10,10,10,22,22,22,22,6,6,6,6,45,45,45,45,30,30,30,10,10,10,17,17,17,17,33,33,33,33,39,39,39,39,54,54,54,64,64,64,63,63,63,28,28,28,28,48,48,48,48,58,58,58,58,23,23,23,1,1,1,21,21,21,21,27,27,27,27,47,47,47,19,19,19,50,50,50,54,54,54,63,63,63,63,52,52,52,52,60,60,60,60,67,67,67,70,70,70,50,50,50,50,50,50,50,55,55,55,55,57,57,57,38,38,-4,-4,46,46,46,64,64,64,64,50,50,50,50,64,64,64,45,45,45,32,32,32,42,42,42,12,12,12,12,27,27,27,27,50,50,50,39,39,8,8,25,25,35,35,35,22,22,22,22,44,44,44,44,44,44,44,54,54,74,74,74,55,55,55,30,30,30,64,64,64,64,64,65,65,65,65,85,85,85,74,74,74,70,70,70,51,51,51,51,51,39,39,39,39,56,56,64,64,33,33,33,71,71,71,71,41,41,41,41,20,20,20,20,54,54,54,54,42,42,42,28,28,35,35,49,49,49,48,48,48,41,41,41,58,58,58,58,58,35,35,35,32,32,32,17,17,17,68,67,37,37,58,58,106,106,129
184,32.41599999999999682,38,14,-16,-16,-1,-1,-1,25,25,25,25,13,13,13,23,23,44,44,-16,-16,-39,-39,-29,-29,-29,2,2,2,2,44,44,44,44,35,35,35,43,43,16,16,40,40,40,30,30,30,65,65,65,-8,-8,45,45,35,35,-1,-1,-1,4,4,4,4,40,40,40,40,49,49,49,49,46,46,46,-1,-1,-1,-26,-26,-26,22,22,22,22,43,43,43,43,43,50,50,50,50,71,71,71,-17,-17,9,9,9,-20,-20,-20,-20,47,47,47,47,47,77,77,77,77,6,6,6,-23,-23,-11,-11,-11,8,8,8,8,28,28,28,28,28,32,32,32,32,32,38,38,38,22,22,-5,-5,-5,-30,-30,-30,-30,22,22,22,22,22,11,11,11,11,90,90,90,21,21,-25,-25,-25,55,55,55,55,25,25,25,25,10,10,10,10,-4,-4,-4,-25,-25,-25,49,49,49,-16,-16,-16,-44,-44,8,8,8,8,8,8,45,45,45,5,5,27,27,4,4,4,-21,-21,-21,-21,10,10,10,10,29,29,29,31,31,31,-41,-41,-40,-40,-40,-11,-11,-11,17,17,17,17,25,25,25,40,40,40,-4,-4,-4,-14,-14,-14,-8,-8,-8,-8,43,43,43,43,26,26,26,5,5,5,-10,-10,-69,-69,-69,-69,59,59,59,59,22,22,22,22,53,53,53,13,13,23,23,-33,-33,-33,-13,-13,-13,-13,3,3,3,3,-41,-41,-41,-11,-11,-56,-56,-56,11,11,11,-18,-18,-18,-18,-1,-1,-1,-1,39,39,39,39,23,23,23,-32,-32,-32,12,12,12,12,17,17,17,17,25,25,25,25,60,60,60,38,38,38,21,21,21,-5,-5,-5,-5,34,34,34,34,46,46,46,46,14,14,14,-17,-17,-17,10,10,10,10,20,20,20,20,32,32,32,-12,-12,-12,8,8,8,33,33,33,37,37,37,37,60,60,60,60,44,44,44,44,52,52,52,28,28,28,8,8,8,25,25,25,25,54,54,54,54,41,41,41,8,8,-28,-28,30,30,30,44,44,44,44,23,23,23,23,26,26,26,10,10,10,24,24,24,-4,-4,-4,-3,-3,-3,-3,17,17,17,17,25,25,25,33,33,17,17,-15,-15,-4,-4,-4,41,41,41,41,14,14,14,14,13,13,13,34,34,54,54,54,38,38,38,-15,-15,-15,39,39,39,39,39,45,45,45,45,46,46,46,15,15,15,25,25,25,45,45,45,45,45,60,60,60,60,26,26,36,36,8,8,8,32,32,32,32,22,22,22,22,1,1,1,1,39,39,39,39,27,27,27,9,9,26,26,7,7,7,35,35,35,26,26,26,38,38,38,19,19,3,3,3,23,23,23,30,30,30,86,63,33,33,70,70,99,99,109
185,32.61599999999999966,13,30,-31,-31,-32,-32,-32,-12,-12,-12,-12,32,32,32,52,52,25,25,16,16,14,14,-47,-47,-47,25,25,25,25,53,53,53,53,67,67,67,63,63,59,59,27,27,27,27,27,27,18,18,18,25,25,22,22,22,22,7,7,7,52,52,52,52,35,35,35,35,3,3,3,3,57,57,57,28,28,28,-31,-31,-31,18,18,18,18,47,47,47,47,47,65,65,65,65,-6,-6,-6,-7,-7,-36,-36,-36,13,13,13,13,34,34,34,34,34,23,23,23,23,28,28,28,18,18,7,7,7,10,10,10,10,6,6,6,6,6,23,23,23,23,23,50,50,50,-6,-6,1,1,1,28,28,28,28,14,14,14,14,14,-21,-21,-21,-21,-6,-6,-6,-8,-8,-25,-25,-25,-2,-2,-2,-2,31,31,31,31,40,40,40,40,10,10,10,-34,-34,-34,23,23,23,4,4,4,-24,-24,6,6,6,29,29,29,9,9,9,15,15,13,13,16,16,16,-30,-30,-30,-30,13,13,13,13,39,39,39,15,15,15,4,4,-10,-10,-10,4,4,4,47,47,47,47,31,31,31,16,16,16,26,26,26,-5,-5,-5,1,1,1,1,38,38,38,38,44,44,44,3,3,3,24,24,-9,-9,-9,-9,17,17,17,17,34,34,34,34,35,35,35,41,41,18,18,-11,-11,-11,-15,-15,-15,-15,9,9,9,9,-14,-14,-14,10,10,-19,-19,-19,30,30,30,3,3,3,3,25,25,25,25,50,50,50,50,7,7,7,-9,-9,-9,3,3,3,3,22,22,22,22,42,42,42,42,40,40,40,17,17,17,33,33,33,3,3,3,3,-2,-2,-2,-2,31,31,31,31,22,22,22,-24,-24,-24,5,5,5,5,23,23,23,23,13,13,13,-1,-1,-1,19,19,19,38,38,38,22,22,22,22,31,31,31,31,68,68,68,68,61,61,61,27,27,27,22,22,22,36,36,36,36,47,47,47,47,49,49,49,27,27,-16,-16,16,16,16,16,16,16,16,29,29,29,29,57,57,57,28,28,28,46,46,46,7,7,7,14,14,14,14,46,46,46,46,27,27,27,24,24,-6,-6,-1,-1,-3,-3,-3,25,25,25,25,43,43,43,43,4,4,4,25,25,20,20,20,16,16,16,-6,-6,-6,2,2,2,2,2,46,46,46,46,61,61,61,43,43,43,3,3,3,59,59,59,59,59,47,47,47,47,53,53,42,42,-9,-9,-9,29,29,29,29,6,6,6,6,7,7,7,7,30,30,30,30,32,32,32,16,16,21,21,25,25,25,17,17,17,28,28,28,31,31,31,4,4,-7,-7,-7,37,37,37,33,33,33,73,63,51,51,68,68,86,86,100
186,32.8159999999999954,41,26,-6,-6,41,41,41,-4,-4,-4,-4,-8,-8,-8,33,33,30,30,42,42,7,7,-18,-18,-18,6,6,6,6,50,50,50,50,84,84,84,21,21,34,34,32,32,32,28,28,28,-6,-6,-6,43,43,37,37,16,16,36,36,36,30,30,30,30,33,33,33,33,36,36,36,36,56,56,56,43,43,43,0,0,0,-8,-8,-8,-8,23,23,23,23,23,16,16,16,16,68,68,68,36,36,25,25,25,36,36,36,36,28,28,28,28,28,0,0,0,0,31,31,31,28,28,17,17,17,41,41,41,41,27,27,27,27,27,25,25,25,25,25,74,74,74,32,32,3,3,3,49,49,49,49,39,39,39,39,39,1,1,1,1,11,11,11,2,2,34,34,34,51,51,51,51,-1,-1,-1,-1,41,41,41,41,6,6,6,-6,-6,-6,7,7,7,49,49,49,26,26,32,32,32,9,9,9,29,29,29,66,66,29,29,31,31,31,-3,-3,-3,-3,23,23,23,23,17,17,17,19,19,19,16,16,36,36,36,33,33,33,32,32,32,32,46,46,46,54,54,54,38,38,38,8,8,8,13,13,13,13,61,61,61,61,66,66,66,35,35,35,52,52,39,39,39,39,45,45,45,45,41,41,41,41,56,56,56,52,52,58,58,40,40,40,16,16,16,16,13,13,13,13,40,40,40,61,61,49,49,49,65,65,65,5,5,5,5,38,38,38,38,71,71,71,71,34,34,34,38,38,38,48,48,48,48,48,48,48,48,71,71,71,71,38,38,38,38,38,38,61,61,61,34,34,34,34,56,56,56,56,30,30,30,30,79,79,79,43,43,43,20,20,20,20,40,40,40,40,26,26,26,34,34,34,61,61,61,54,54,54,27,27,27,27,60,60,60,60,57,57,57,57,82,82,82,35,35,35,46,46,46,37,37,37,37,41,41,41,41,80,80,80,38,38,12,12,53,53,53,24,24,24,24,50,50,50,50,68,68,68,45,45,45,39,39,39,24,24,24,23,23,23,23,55,55,55,55,73,73,73,54,54,35,35,37,37,36,36,36,58,58,58,58,36,36,36,36,42,42,42,47,47,56,56,56,30,30,30,1,1,1,43,43,43,43,43,10,10,10,10,47,47,47,43,43,43,39,39,39,71,71,71,71,71,45,45,45,45,66,66,33,33,41,41,41,33,33,33,33,19,19,19,19,-3,-3,-3,-3,42,42,42,42,18,18,18,35,35,41,41,9,9,9,30,30,30,13,13,13,5,5,5,11,11,15,15,15,46,46,46,40,40,40,100,92,77,77,71,71,80,80,64
187,33.01599999999999824,18,34,30,30,38,38,38,19,19,19,19,54,54,54,48,48,46,46,63,63,48,48,21,21,21,24,24,24,24,38,38,38,38,61,61,61,80,80,42,42,44,44,44,53,53,53,21,21,21,24,24,80,80,11,11,3,3,3,27,27,27,27,36,36,36,36,43,43,43,43,24,24,24,46,46,46,62,62,62,35,35,35,35,2,2,2,2,2,46,46,46,46,53,53,53,43,43,66,66,66,34,34,34,34,49,49,49,49,49,-12,-12,-12,-12,25,25,25,38,38,49,49,49,27,27,27,27,28,28,28,28,28,23,23,23,23,23,52,52,52,13,13,32,32,32,19,19,19,19,25,25,25,25,25,0,0,0,0,-1,-1,-1,28,28,9,9,9,7,7,7,7,32,32,32,32,16,16,16,16,14,14,14,29,29,29,14,14,14,29,29,29,53,53,70,70,70,39,39,39,56,56,56,37,37,62,62,49,49,49,26,26,26,26,40,40,40,40,53,53,53,51,51,51,59,59,72,72,72,36,36,36,58,58,58,58,27,27,27,75,75,75,73,73,73,46,46,46,72,72,72,72,82,82,82,82,54,54,54,86,86,86,90,90,78,78,78,78,72,72,72,72,73,73,73,73,45,45,45,51,51,74,74,64,64,64,50,50,50,50,82,82,82,82,61,61,61,57,57,106,106,106,78,78,78,30,30,30,30,57,57,57,57,89,89,89,89,52,52,52,60,60,60,60,60,60,60,55,55,55,55,87,87,87,87,50,50,50,36,36,36,65,65,65,46,46,46,46,35,35,35,35,46,46,46,46,47,47,47,69,69,69,61,61,61,61,62,62,62,62,48,48,48,74,74,74,79,79,79,46,46,46,24,24,24,24,76,76,76,76,82,82,82,82,68,68,68,57,57,57,39,39,39,46,46,46,46,63,63,63,63,54,54,54,71,71,43,43,60,60,60,22,22,22,22,50,50,50,50,71,71,71,74,74,74,53,53,53,44,44,44,51,51,51,51,80,80,80,80,80,80,80,89,89,51,51,63,63,47,47,47,55,55,55,55,46,46,46,46,68,68,68,32,32,56,56,56,60,60,60,18,18,18,76,76,76,76,76,25,25,25,25,38,38,38,33,33,33,76,76,76,69,69,69,69,69,33,33,33,33,74,74,59,59,62,62,62,41,41,41,41,12,12,12,12,34,34,34,34,46,46,46,46,17,17,17,45,45,57,57,30,30,30,29,29,29,31,31,31,11,11,11,14,14,56,56,56,60,60,60,33,33,33,110,93,61,61,53,53,56,56,42
188,33.21600000000000108,15,64,18,18,62,62,62,78,78,78,78,6,6,6,47,47,36,36,62,62,77,77,58,58,58,50,50,50,50,52,52,52,52,44,44,44,94,94,34,34,56,56,56,5,5,5,35,35,35,45,45,15,15,31,31,31,31,31,50,50,50,50,31,31,31,31,65,65,65,65,16,16,16,21,21,21,38,38,38,10,10,10,10,32,32,32,32,32,55,55,55,55,61,61,61,62,62,70,70,70,37,37,37,37,41,41,41,41,41,2,2,2,2,16,16,16,65,65,35,35,35,35,35,35,35,28,28,28,28,28,28,28,28,28,28,42,42,42,32,32,15,15,15,42,42,42,42,34,34,34,34,34,-44,-44,-44,-44,49,49,49,8,8,37,37,37,23,23,23,23,16,16,16,16,18,18,18,18,59,59,59,46,46,46,-12,-12,-12,22,22,22,44,44,69,69,69,41,41,41,25,25,25,81,81,48,48,44,44,44,13,13,13,13,47,47,47,47,13,13,13,56,56,56,65,65,58,58,58,76,76,76,51,51,51,51,38,38,38,45,45,45,74,74,74,61,61,61,50,50,50,50,61,61,61,61,71,71,71,59,59,59,74,74,79,79,79,79,59,59,59,59,66,66,66,66,85,85,85,60,60,48,48,51,51,51,79,79,79,79,58,58,58,58,82,82,82,55,55,96,96,96,61,61,61,53,53,53,53,60,60,60,60,46,46,46,46,72,72,72,62,62,62,53,53,53,53,65,65,65,65,39,39,39,39,15,15,15,23,23,23,40,40,40,39,39,39,39,36,36,36,36,58,58,58,58,41,41,41,54,54,54,63,63,63,63,73,73,73,73,54,54,54,90,90,90,74,74,74,64,64,64,48,48,48,48,80,80,80,80,81,81,81,81,43,43,43,47,47,47,23,23,23,53,53,53,53,65,65,65,65,74,74,74,52,52,71,71,54,54,54,27,27,27,27,80,80,80,80,83,83,83,69,69,69,50,50,50,42,42,42,61,61,61,61,70,70,70,70,61,61,61,61,61,29,29,52,52,63,63,63,59,59,59,59,56,56,56,56,68,68,68,42,42,61,61,61,40,40,40,48,48,48,49,49,49,49,49,37,37,37,37,81,81,81,40,40,40,70,70,70,46,46,46,46,46,29,29,29,29,55,55,61,61,80,80,80,59,59,59,59,43,43,43,43,34,34,34,34,37,37,37,37,15,15,15,43,43,46,46,25,25,25,12,12,12,20,20,20,0,0,0,27,27,71,71,71,67,67,67,61,61,61,95,90,89,89,86,86,63,63,21
189,33.41599999999999682,29,66,26,26,27,27,27,-26,-26,-26,-26,12,12,12,24,24,14,14,47,47,64,64,41,41,41,62,62,62,62,-23,-23,-23,-23,4,4,4,78,78,46,46,29,29,29,60,60,60,12,12,12,27,27,10,10,-16,-16,-2,-2,-2,21,21,21,21,31,31,31,31,36,36,36,36,24,24,24,-6,-6,-6,38,38,38,68,68,68,68,-5,-5,-5,-5,-5,52,52,52,52,35,35,35,68,68,52,52,52,26,26,26,26,-28,-28,-28,-28,-28,30,30,30,30,26,26,26,2,2,-4,-4,-4,36,36,36,36,30,30,30,30,30,0,0,0,0,0,7,7,7,27,27,4,4,4,26,26,26,26,8,8,8,8,8,39,39,39,39,46,46,46,3,3,39,39,39,-3,-3,-3,-3,-29,-29,-29,-29,9,9,9,9,8,8,8,34,34,34,5,5,5,9,9,9,9,9,38,38,38,18,18,18,-8,-8,-8,20,20,38,38,1,1,1,7,7,7,7,16,16,16,16,28,28,28,12,12,12,32,32,44,44,44,48,48,48,39,39,39,39,30,30,30,52,52,52,42,42,42,33,33,33,43,43,43,43,52,52,52,52,52,52,52,50,50,50,22,22,34,34,34,34,61,61,61,61,55,55,55,55,33,33,33,46,46,4,4,21,21,21,76,76,76,76,34,34,34,34,30,30,30,16,16,61,61,61,14,14,14,34,34,34,34,63,63,63,63,52,52,52,52,39,39,39,45,45,45,25,25,25,25,46,46,46,46,48,48,48,48,-12,-12,-12,-8,-8,-8,25,25,25,50,50,50,50,43,43,43,43,47,47,47,47,38,38,38,67,67,67,48,48,48,48,58,58,58,58,26,26,26,71,71,71,81,81,81,44,44,44,49,49,49,49,37,37,37,37,45,45,45,45,26,26,26,26,26,26,30,30,30,43,43,43,43,50,50,50,50,36,36,36,33,33,48,48,43,43,43,27,27,27,27,39,39,39,39,71,71,71,63,63,63,27,27,27,52,52,52,38,38,38,38,31,31,31,31,15,15,15,37,37,54,54,23,23,38,38,38,43,43,43,43,46,46,46,46,40,40,40,24,24,34,34,34,63,63,63,43,43,43,35,35,35,35,35,76,76,76,76,58,58,58,45,45,45,56,56,56,77,77,77,77,77,16,16,16,16,67,67,46,46,52,52,52,35,35,35,35,25,25,25,25,10,10,10,10,17,17,17,17,28,28,28,19,19,-5,-5,19,19,19,21,21,21,-6,-6,-6,13,13,13,8,8,62,62,62,62,62,62,43,43,43,87,84,70,70,66,66,46,46,17
190,33.61599999999999966,0,27,7,7,9,9,9,20,20,20,20,-9,-9,-9,-9,-9,15,15,-15,-15,37,37,-23,-23,-23,24,24,24,24,33,33,33,33,2,2,2,8,8,-13,-13,39,39,39,0,0,0,63,63,63,28,28,22,22,-19,-19,-23,-23,-23,-6,-6,-6,-6,29,29,29,29,-1,-1,-1,-1,-52,-52,-52,18,18,18,-2,-2,-2,33,33,33,33,-22,-22,-22,-22,-22,16,16,16,16,2,2,2,-16,-16,-9,-9,-9,-4,-4,-4,-4,-11,-11,-11,-11,-11,13,13,13,13,1,1,1,7,7,-28,-28,-28,-26,-26,-26,-26,26,26,26,26,26,40,40,40,40,40,7,7,7,-6,-6,8,8,8,3,3,3,3,-26,-26,-26,-26,-26,-27,-27,-27,-27,-20,-20,-20,-28,-28,-39,-39,-39,-18,-18,-18,-18,-17,-17,-17,-17,2,2,2,2,-12,-12,-12,-43,-43,-43,-37,-37,-37,-8,-8,-8,-49,-49,-30,-30,-30,-30,-30,-30,-30,-30,-30,-7,-7,-21,-21,-25,-25,-25,-33,-33,-33,-33,5,5,5,5,12,12,12,10,10,10,-13,-13,-4,-4,-4,21,21,21,36,36,36,36,21,21,21,10,10,10,30,30,30,13,13,13,11,11,11,11,8,8,8,8,29,29,29,10,10,10,-13,-13,11,11,11,11,16,16,16,16,19,19,19,19,11,11,11,-12,-12,-22,-22,2,2,2,51,51,51,51,8,8,8,8,9,9,9,18,18,17,17,17,-15,-15,-15,21,21,21,21,47,47,47,47,23,23,23,23,12,12,12,-8,-8,-8,-5,-5,-5,-5,26,26,26,26,5,5,5,5,10,10,10,-17,-17,-17,-1,-1,-1,2,2,2,2,25,25,25,25,17,17,17,17,23,23,23,10,10,10,14,14,14,14,27,27,27,27,17,17,17,40,40,40,14,14,14,11,11,11,13,13,13,13,8,8,8,8,10,10,10,10,-2,-2,-2,15,15,15,-6,-6,-6,8,8,8,8,37,37,37,37,1,1,1,7,7,19,19,44,44,44,22,22,22,22,17,17,17,17,19,19,19,42,42,42,14,14,14,5,5,5,8,8,8,8,-3,-3,-3,-3,-19,-19,-19,-29,-29,-10,-10,-21,-21,5,5,5,36,36,36,36,23,23,23,23,-6,-6,-6,-11,-11,-15,-15,-15,20,20,20,18,18,18,38,38,38,38,38,30,30,30,30,26,26,26,16,16,16,34,34,34,48,48,48,48,48,39,39,39,39,16,16,9,9,-1,-1,-1,32,32,32,32,17,17,17,17,10,10,10,10,-4,-4,-4,-4,-18,-18,-18,-8,-8,-28,-28,13,13,13,9,9,9,-8,-8,-8,-8,-8,-8,-28,-28,26,26,26,42,42,42,57,57,57,52,65,44,44,22,22,42,42,5
191,33.8159999999999954,-16,-28,-32,-32,26,26,26,-9,-9,-9,-9,6,6,6,-40,-40,-23,-23,-40,-40,-50,-50,-33,-33,-33,-22,-22,-22,-22,-15,-15,-15,-15,-33,-33,-33,-19,-19,-9,-9,44,44,44,37,37,37,-25,-25,-25,-9,-9,12,12,-3,-3,-28,-28,-28,-30,-30,-30,-30,-7,-7,-7,-7,-4,-4,-4,-4,12,12,12,-43,-43,-43,-44,-44,-44,-22,-22,-22,-22,-45,-45,-45,-45,-45,-14,-14,-14,-14,-24,-24,-24,0,0,-23,-23,-23,-15,-15,-15,-15,-38,-38,-38,-38,-38,-21,-21,-21,-21,6,6,6,-1,-1,-41,-41,-41,-40,-40,-40,-40,-3,-3,-3,-3,-3,-12,-12,-12,-12,-12,7,7,7,6,6,-8,-8,-8,-6,-6,-6,-6,-14,-14,-14,-14,-14,30,30,30,30,-3,-3,-3,-40,-40,-20,-20,-20,-36,-36,-36,-36,-51,-51,-51,-51,-25,-25,-25,-25,-41,-41,-41,-23,-23,-23,-35,-35,-35,-21,-21,-21,-66,-66,-37,-37,-37,-38,-38,-38,12,12,12,13,13,-63,-63,-43,-43,-43,-54,-54,-54,-54,-29,-29,-29,-29,-3,-3,-3,-33,-33,-33,-25,-25,-26,-26,-26,-10,-10,-10,1,1,1,1,-1,-1,-1,-11,-11,-11,-8,-8,-8,-9,-9,-9,-22,-22,-22,-22,-16,-16,-16,-16,47,47,47,11,11,11,-39,-39,-20,-20,-20,-20,-37,-37,-37,-37,-12,-12,-12,-12,-47,-47,-47,-26,-26,-51,-51,-17,-17,-17,28,28,28,28,-7,-7,-7,-7,9,9,9,1,1,12,12,12,-40,-40,-40,31,31,31,31,25,25,25,25,-17,-17,-17,-17,-21,-21,-21,-23,-23,-23,-28,-28,-28,-28,-13,-13,-13,-13,-26,-26,-26,-26,-7,-7,-7,-16,-16,-16,-28,-28,-28,-33,-33,-33,-33,-4,-4,-4,-4,-5,-5,-5,-5,0,0,0,9,9,9,-6,-6,-6,-6,9,9,9,9,20,20,20,18,18,18,-19,-19,-19,-18,-18,-18,8,8,8,8,-21,-21,-21,-21,-12,-12,-12,-12,-20,-20,-20,5,5,5,-1,-1,-1,1,1,1,1,20,20,20,20,-27,-27,-27,-20,-20,-13,-13,-7,-7,-7,2,2,2,2,-22,-22,-22,-22,12,12,12,7,7,7,-10,-10,-10,-13,-13,-13,-35,-35,-35,-35,-19,-19,-19,-19,-48,-48,-48,-45,-45,-21,-21,-8,-8,-26,-26,-26,-35,-35,-35,-35,-21,-21,-21,-21,13,13,13,-29,-29,-19,-19,-19,-8,-8,-8,0,0,0,1,1,1,1,1,10,10,10,10,7,7,7,-10,-10,-10,-15,-15,-15,16,16,16,16,16,17,17,17,17,-25,-25,9,9,-30,-30,-30,3,3,3,3,2,2,2,2,16,16,16,16,-18,-18,-18,-18,-20,-20,-20,-16,-16,-33,-33,0,0,0,-12,-12,-12,-27,-27,-27,-30,-30,-30,-39,-39,-14,-14,-14,40,40,40,55,55,55,50,51,47,47,27,27,13,13,-3
192,34.01599999999999824,-1,-42,-65,-65,-14,-14,-14,-23,-23,-23,-23,12,12,12,-17,-17,-6,-6,-36,-36,-65,-65,-37,-37,-37,-50,-50,-50,-50,-28,-28,-28,-28,-5,-5,-5,-54,-54,1,1,29,29,29,-8,-8,-8,13,13,13,18,18,-4,-4,-18,-18,-15,-15,-15,7,7,7,7,17,17,17,17,-4,-4,-4,-4,15,15,15,1,1,1,-40,-40,-40,-46,-46,-46,-46,-28,-28,-28,-28,-28,-21,-21,-21,-21,18,18,18,-35,-35,-31,-31,-31,-9,-9,-9,-9,-28,-28,-28,-28,-28,-3,-3,-3,-3,-12,-12,-12,22,22,-11,-11,-11,-13,-13,-13,-13,7,7,7,7,7,-21,-21,-21,-21,-21,-10,-10,-10,-7,-7,2,2,2,-31,-31,-31,-31,-6,-6,-6,-6,-6,-24,-24,-24,-24,9,9,9,-43,-43,-58,-58,-58,-35,-35,-35,-35,-5,-5,-5,-5,-14,-14,-14,-14,-20,-20,-20,-41,-41,-41,-35,-35,-35,-15,-15,-15,-21,-21,-26,-26,-26,-47,-47,-47,-15,-15,-15,-24,-24,-26,-26,-16,-16,-16,-8,-8,-8,-8,-12,-12,-12,-12,-14,-14,-14,37,37,37,-7,-7,-16,-16,-16,-5,-5,-5,-1,-1,-1,-1,11,11,11,-29,-29,-29,38,38,38,3,3,3,-17,-17,-17,-17,-11,-11,-11,-11,6,6,6,2,2,2,-38,-38,-29,-29,-29,-29,-26,-26,-26,-26,-14,-14,-14,-14,10,10,10,-18,-18,-22,-22,19,19,19,38,38,38,38,-4,-4,-4,-4,18,18,18,37,37,22,22,22,-27,-27,-27,47,47,47,47,8,8,8,8,15,15,15,15,-10,-10,-10,6,6,6,-22,-22,-22,-22,-30,-30,-30,-30,-20,-20,-20,-20,15,15,15,-2,-2,-2,-26,-26,-26,-18,-18,-18,-18,-10,-10,-10,-10,12,12,12,12,22,22,22,10,10,10,31,31,31,31,7,7,7,7,21,21,21,35,35,35,-3,-3,-3,-6,-6,-6,14,14,14,14,-31,-31,-31,-31,-9,-9,-9,-9,-6,-6,-6,-3,-3,-3,-3,-3,-3,15,15,15,15,22,22,22,22,5,5,5,7,7,9,9,-25,-25,-25,19,19,19,19,2,2,2,2,12,12,12,5,5,5,-10,-10,-10,-9,-9,-9,-6,-6,-6,-6,-15,-15,-15,-15,-17,-17,-17,-29,-29,-27,-27,-7,-7,-2,-2,-2,-13,-13,-13,-13,1,1,1,1,-17,-17,-17,-10,-10,-22,-22,-22,-16,-16,-16,22,22,22,-11,-11,-11,-11,-11,1,1,1,1,15,15,15,-9,-9,-9,7,7,7,0,0,0,0,0,-13,-13,-13,-13,-17,-17,9,9,-29,-29,-29,13,13,13,13,7,7,7,7,19,19,19,19,2,2,2,2,5,5,5,1,1,-12,-12,7,7,7,-11,-11,-11,7,7,7,-1,-1,-1,-11,-11,-17,-17,-17,35,35,35,53,53,53,47,33,-1,-1,6,6,25,25,18
193,34.21600000000000108,-30,16,11,11,-3,-3,-3,-24,-24,-24,-24,-14,-14,-14,3,3,-10,-10,3,3,-8,-8,-27,-27,-27,-15,-15,-15,-15,-16,-16,-16,-16,-26,-26,-26,3,3,12,12,8,8,8,20,20,20,15,15,15,45,45,3,3,16,16,20,20,20,42,42,42,42,9,9,9,9,-18,-18,-18,-18,3,3,3,13,13,13,31,31,31,-2,-2,-2,-2,18,18,18,18,18,8,8,8,8,14,14,14,27,27,28,28,28,21,21,21,21,7,7,7,7,7,36,36,36,36,30,30,30,49,49,26,26,26,27,27,27,27,-14,-14,-14,-14,-14,-5,-5,-5,-5,-5,9,9,9,25,25,21,21,21,16,16,16,16,3,3,3,3,3,7,7,7,7,40,40,40,-2,-2,-1,-1,-1,8,8,8,8,47,47,47,47,-2,-2,-2,-2,13,13,13,17,17,17,29,29,29,5,5,5,32,32,-9,-9,-9,14,14,14,25,25,25,-12,-12,-9,-9,14,14,14,37,37,37,37,-17,-17,-17,-17,6,6,6,15,15,15,24,24,17,17,17,24,24,24,-16,-16,-16,-16,19,19,19,30,30,30,20,20,20,24,24,24,5,5,5,5,-9,-9,-9,-9,9,9,9,32,32,32,22,22,1,1,1,1,-2,-2,-2,-2,7,7,7,7,21,21,21,1,1,32,32,59,59,59,46,46,46,46,-10,-10,-10,-10,13,13,13,33,33,14,14,14,17,17,17,29,29,29,29,12,12,12,12,1,1,1,1,31,31,31,34,34,34,-11,-11,-11,-11,-17,-17,-17,-17,-20,-20,-20,-20,11,11,11,-10,-10,-10,1,1,1,2,2,2,2,34,34,34,34,36,36,36,36,42,42,42,19,19,19,75,75,75,75,52,52,52,52,47,47,47,29,29,29,-10,-10,-10,45,45,45,32,32,32,32,-19,-19,-19,-19,1,1,1,1,22,22,22,28,28,28,26,26,26,22,22,22,22,29,29,29,29,27,27,27,25,25,28,28,-11,-11,-11,18,18,18,18,-11,-11,-11,-11,17,17,17,-1,-1,-1,11,11,11,20,20,20,25,25,25,25,7,7,7,7,17,17,17,16,16,14,14,26,26,21,21,21,1,1,1,1,15,15,15,15,23,23,23,13,13,-16,-16,-16,11,11,11,48,48,48,4,4,4,4,4,25,25,25,25,-4,-4,-4,15,15,15,9,9,9,7,7,7,7,7,8,8,8,8,20,20,31,31,5,5,5,31,31,31,31,8,8,8,8,14,14,14,14,-6,-6,-6,-6,12,12,12,19,19,3,3,19,19,19,16,16,16,30,30,30,36,36,36,25,25,8,8,8,49,49,49,60,60,60,42,26,-3,-3,-16,-16,5,5,38
194,34.41599999999999682,8,26,36,36,-3,-3,-3,-18,-18,-18,-18,22,22,22,13,13,-1,-1,40,40,16,16,-21,-21,-21,-21,-21,-21,-21,-11,-11,-11,-11,16,16,16,21,21,11,11,-10,-10,-10,27,27,27,26,26,26,13,13,27,27,50,50,41,41,41,17,17,17,17,30,30,30,30,19,19,19,19,78,78,78,21,21,21,43,43,43,12,12,12,12,22,22,22,22,22,-16,-16,-16,-16,25,25,25,58,58,31,31,31,35,35,35,35,25,25,25,25,25,-19,-19,-19,-19,14,14,14,14,14,65,65,65,19,19,19,19,31,31,31,31,31,-1,-1,-1,-1,-1,-4,-4,-4,30,30,29,29,29,23,23,23,23,-10,-10,-10,-10,-10,7,7,7,7,38,38,38,27,27,25,25,25,6,6,6,6,-2,-2,-2,-2,18,18,18,18,31,31,31,-6,-6,-6,56,56,56,29,29,29,31,31,18,18,18,43,43,43,-2,-2,-2,3,3,-6,-6,56,56,56,46,46,46,46,-1,-1,-1,-1,23,23,23,8,8,8,18,18,18,18,18,37,37,37,-4,-4,-4,-4,23,23,23,8,8,8,34,34,34,36,36,36,16,16,16,16,10,10,10,10,2,2,2,11,11,11,54,54,22,22,22,22,-29,-29,-29,-29,-3,-3,-3,-3,23,23,23,33,33,53,53,76,76,76,33,33,33,33,12,12,12,12,27,27,27,40,40,42,42,42,23,23,23,7,7,7,7,-4,-4,-4,-4,7,7,7,7,18,18,18,53,53,53,12,12,12,12,-11,-11,-11,-11,2,2,2,2,49,49,49,3,3,3,38,38,38,18,18,18,18,8,8,8,8,13,13,13,13,45,45,45,28,28,28,57,57,57,57,42,42,42,42,47,47,47,56,56,56,17,17,17,56,56,56,45,45,45,45,16,16,16,16,10,10,10,10,26,26,26,22,22,22,39,39,39,8,8,8,8,22,22,22,22,15,15,15,45,45,28,28,10,10,10,26,26,26,26,18,18,18,18,10,10,10,20,20,20,26,26,26,45,45,45,26,26,26,26,28,28,28,28,9,9,9,22,22,43,43,33,33,47,47,47,14,14,14,14,5,5,5,5,30,30,30,2,2,10,10,10,14,14,14,43,43,43,25,25,25,25,25,48,48,48,48,-1,-1,-1,36,36,36,12,12,12,22,22,22,22,22,24,24,24,24,1,1,32,32,27,27,27,58,58,58,58,42,42,42,42,20,20,20,20,1,1,1,1,11,11,11,21,21,20,20,31,31,31,16,16,16,40,40,40,42,42,42,57,57,59,59,59,47,47,47,36,36,36,28,24,6,6,11,11,25,25,56
195,34.61599999999999966,29,55,26,26,-16,-16,-16,-19,-19,-19,-19,3,3,3,36,36,17,17,22,22,37,37,-10,-10,-10,-40,-40,-40,-40,9,9,9,9,58,58,58,27,27,-2,-2,-8,-8,-8,-30,-30,-30,28,28,28,66,66,29,29,19,19,39,39,39,33,33,33,33,-8,-8,-8,-8,-2,-2,-2,-2,-14,-14,-14,13,13,13,25,25,25,33,33,33,33,4,4,4,4,4,-20,-20,-20,-20,-3,-3,-3,20,20,23,23,23,10,10,10,10,21,21,21,21,21,-9,-9,-9,-9,9,9,9,38,38,21,21,21,23,23,23,23,11,11,11,11,11,-7,-7,-7,-7,-7,25,25,25,14,14,29,29,29,3,3,3,3,5,5,5,5,5,16,16,16,16,50,50,50,43,43,7,7,7,10,10,10,10,45,45,45,45,20,20,20,20,43,43,43,17,17,17,51,51,51,13,13,13,40,40,7,7,7,22,22,22,8,8,8,2,2,38,38,19,19,19,27,27,27,27,-5,-5,-5,-5,3,3,3,-35,-35,-35,12,12,5,5,5,15,15,15,6,6,6,6,14,14,14,-28,-28,-28,7,7,7,27,27,27,3,3,3,3,32,32,32,32,5,5,5,5,5,5,25,25,-6,-6,-6,-6,-44,-44,-44,-44,24,24,24,24,28,28,28,36,36,27,27,28,28,28,29,29,29,29,-5,-5,-5,-5,-7,-7,-7,-14,-14,4,4,4,23,23,23,20,20,20,20,-35,-35,-35,-35,-20,-20,-20,-20,10,10,10,14,14,14,8,8,8,8,-7,-7,-7,-7,-16,-16,-16,-16,1,1,1,30,30,30,34,34,34,-14,-14,-14,-14,-9,-9,-9,-9,23,23,23,23,26,26,26,14,14,14,59,59,59,59,27,27,27,27,21,21,21,11,11,11,27,27,27,54,54,54,20,20,20,20,-20,-20,-20,-20,4,4,4,4,13,13,13,25,25,25,27,27,27,2,2,2,2,-23,-23,-23,-23,-16,-16,-16,9,9,1,1,21,21,21,35,35,35,35,-5,-5,-5,-5,2,2,2,-4,-4,-4,2,2,2,39,39,39,34,34,34,34,-1,-1,-1,-1,-24,-24,-24,6,6,-36,-36,-9,-9,15,15,15,-5,-5,-5,-5,-7,-7,-7,-7,-21,-21,-21,0,0,20,20,20,7,7,7,38,38,38,-20,-20,-20,-20,-20,19,19,19,19,4,4,4,11,11,11,12,12,12,8,8,8,8,8,-5,-5,-5,-5,-7,-7,0,0,11,11,11,51,51,51,51,9,9,9,9,3,3,3,3,14,14,14,14,4,4,4,2,2,7,7,6,6,6,-5,-5,-5,17,17,17,44,44,44,36,36,39,39,39,28,28,28,34,34,34,0,16,10,10,18,18,23,23,74
196,34.8159999999999954,21,-6,33,33,-20,-20,-20,3,3,3,3,-20,-20,-20,-6,-6,-15,-15,33,33,10,10,22,22,22,-4,-4,-4,-4,-9,-9,-9,-9,18,18,18,0,0,10,10,2,2,2,-51,-51,-51,20,20,20,26,26,11,11,43,43,21,21,21,45,45,45,45,11,11,11,11,-9,-9,-9,-9,14,14,14,10,10,10,15,15,15,18,18,18,18,42,42,42,42,42,-67,-67,-67,-67,-3,-3,-3,-2,-2,-23,-23,-23,19,19,19,19,9,9,9,9,9,27,27,27,27,3,3,3,-26,-26,-4,-4,-4,-17,-17,-17,-17,12,12,12,12,12,-10,-10,-10,-10,-10,-15,-15,-15,-8,-8,-27,-27,-27,-5,-5,-5,-5,-2,-2,-2,-2,-2,-24,-24,-24,-24,10,10,10,16,16,-6,-6,-6,12,12,12,12,-14,-14,-14,-14,5,5,5,5,11,11,11,11,11,11,22,22,22,17,17,17,-1,-1,-20,-20,-20,-1,-1,-1,12,12,12,31,31,15,15,18,18,18,-16,-16,-16,-16,2,2,2,2,13,13,13,-28,-28,-28,-9,-9,8,8,8,-4,-4,-4,-34,-34,-34,-34,-23,-23,-23,1,1,1,-53,-53,-53,-3,-3,-3,5,5,5,5,5,5,5,5,6,6,6,-2,-2,-2,-2,-2,-49,-49,-49,-49,2,2,2,2,-19,-19,-19,-19,8,8,8,-22,-22,2,2,-5,-5,-5,-4,-4,-4,-4,16,16,16,16,3,3,3,-14,-14,-18,-18,-18,-1,-1,-1,-30,-30,-30,-30,-64,-64,-64,-64,5,5,5,5,-18,-18,-18,-42,-42,-42,-43,-43,-43,-43,-5,-5,-5,-5,-22,-22,-22,-22,-2,-2,-2,-22,-22,-22,-6,-6,-6,-17,-17,-17,-17,-16,-16,-16,-16,-24,-24,-24,-24,-15,-15,-15,-27,-27,-27,8,8,8,8,11,11,11,11,-9,-9,-9,-22,-22,-22,-15,-15,-15,41,41,41,-26,-26,-26,-26,-4,-4,-4,-4,-33,-33,-33,-33,2,2,2,-10,-10,-10,2,2,2,-7,-7,-7,-7,-29,-29,-29,-29,-27,-27,-27,-24,-24,-45,-45,-32,-32,-32,-2,-2,-2,-2,-7,-7,-7,-7,-3,-3,-3,-17,-17,-17,-22,-22,-22,22,22,22,0,0,0,0,-12,-12,-12,-12,-46,-46,-46,-49,-49,-13,-13,-18,-18,-45,-45,-45,-18,-18,-18,-18,-15,-15,-15,-15,-23,-23,-23,-26,-26,-7,-7,-7,10,10,10,0,0,0,-12,-12,-12,-12,-12,-8,-8,-8,-8,-12,-12,-12,-6,-6,-6,-8,-8,-8,-15,-15,-15,-15,-15,-9,-9,-9,-9,-25,-25,-12,-12,-12,-12,-12,3,3,3,3,-16,-16,-16,-16,-22,-22,-22,-22,-22,-22,-22,-22,3,3,3,4,4,-32,-32,-9,-9,-9,-18,-18,-18,-15,-15,-15,8,8,8,-7,-7,18,18,18,27,27,27,20,20,20,-5,15,35,35,16,16,18,18,84
197,35.01599999999999824,44,10,-16,-16,-9,-9,-9,-14,-14,-14,-14,-36,-36,-36,1,1,-31,-31,12,12,24,24,28,28,28,-8,-8,-8,-8,26,26,26,26,13,13,13,4,4,-30,-30,7,7,7,-32,-32,-32,-31,-31,-31,-2,-2,22,22,3,3,20,20,20,-49,-49,-49,-49,-14,-14,-14,-14,-12,-12,-12,-12,-45,-45,-45,28,28,28,-13,-13,-13,39,39,39,39,-4,-4,-4,-4,-4,14,14,14,14,-25,-25,-25,-19,-19,19,19,19,5,5,5,5,19,19,19,19,19,35,35,35,35,31,31,31,-20,-20,-1,-1,-1,3,3,3,3,3,3,3,3,3,-4,-4,-4,-4,-4,2,2,2,7,7,-25,-25,-25,2,2,2,2,29,29,29,29,29,-15,-15,-15,-15,-28,-28,-28,-5,-5,-16,-16,-16,2,2,2,2,28,28,28,28,19,19,19,19,12,12,12,26,26,26,18,18,18,-5,-5,-5,-3,-3,-12,-12,-12,20,20,20,-27,-27,-27,15,15,-5,-5,-18,-18,-18,-1,-1,-1,-1,-20,-20,-20,-20,32,32,32,-10,-10,-10,-27,-27,-5,-5,-5,11,11,11,-1,-1,-1,-1,-40,-40,-40,-7,-7,-7,-32,-32,-32,-7,-7,-7,-27,-27,-27,-27,-16,-16,-16,-16,4,4,4,-35,-35,-35,-14,-14,-27,-27,-27,-27,-1,-1,-1,-1,-11,-11,-11,-11,-19,-19,-19,1,1,6,6,-12,-12,-12,4,4,4,4,41,41,41,41,13,13,13,-10,-10,-8,-8,-8,-1,-1,-1,-27,-27,-27,-27,-13,-13,-13,-13,20,20,20,20,-28,-28,-28,-32,-32,-32,-20,-20,-20,-20,5,5,5,5,-4,-4,-4,-4,-9,-9,-9,-47,-47,-47,2,2,2,-22,-22,-22,-22,-11,-11,-11,-11,-21,-21,-21,-21,-27,-27,-27,-36,-36,-36,-1,-1,-1,-1,-13,-13,-13,-13,-21,-21,-21,-30,-30,-30,-18,-18,-18,-2,-2,-2,-48,-48,-48,-48,-18,-18,-18,-18,-31,-31,-31,-31,-18,-18,-18,-27,-27,-27,3,3,3,-2,-2,-2,-2,-23,-23,-23,-23,-18,-18,-18,-35,-35,-28,-28,-19,-19,-19,-39,-39,-39,-39,-10,-10,-10,-10,-25,-25,-25,-22,-22,-22,-45,-45,-45,7,7,7,-15,-15,-15,-15,-2,-2,-2,-2,-14,-14,-14,-15,-15,0,0,-11,-11,-32,-32,-32,-20,-20,-20,-20,-25,-25,-25,-25,-9,-9,-9,-11,-11,-9,-9,-9,1,1,1,-29,-29,-29,-29,-29,-29,-29,-29,-6,-6,-6,-6,-34,-34,-34,-44,-44,-44,-48,-48,-48,-18,-18,-18,-18,-18,-2,-2,-2,-2,-30,-30,-33,-33,-41,-41,-41,-29,-29,-29,-29,0,0,0,0,3,3,3,3,-11,-11,-11,-11,23,23,23,20,20,-14,-14,-27,-27,-27,-4,-4,-4,-5,-5,-5,-14,-14,-14,-6,-6,-13,-13,-13,-1,-1,-1,22,22,22,-22,13,38,38,11,11,43,43,81
198,35.21600000000000108,39,20,13,13,24,24,24,19,19,19,19,2,2,2,36,36,-24,-24,33,33,43,43,42,42,42,30,30,30,30,36,36,36,36,3,3,3,-1,-1,-8,-8,28,28,28,18,18,18,-19,-19,-19,6,6,-22,-22,10,10,23,23,23,-43,-43,-43,-43,21,21,21,21,5,5,5,5,-80,-80,-80,14,14,14,-18,-18,-18,2,2,2,2,-6,-6,-6,-6,-6,-11,-11,-11,-11,2,2,2,19,19,10,10,10,4,4,4,4,51,51,51,51,51,3,3,3,3,12,12,12,20,20,31,31,31,16,16,16,16,17,17,17,17,17,8,8,8,8,8,11,11,11,20,20,14,14,14,49,49,49,49,28,28,28,28,28,-11,-11,-11,-11,66,66,66,12,12,-9,-9,-9,20,20,20,20,16,16,16,16,34,34,34,34,12,12,12,77,77,77,24,24,24,-9,-9,-9,49,49,34,34,34,37,37,37,20,20,20,-11,-11,52,52,19,19,19,23,23,23,23,32,32,32,32,32,32,32,-45,-45,-45,1,1,41,41,41,34,34,34,32,32,32,32,3,3,3,10,10,10,25,25,25,25,25,25,36,36,36,36,43,43,43,43,28,28,28,-32,-32,-32,17,17,-7,-7,-7,-7,49,49,49,49,8,8,8,8,22,22,22,0,0,41,41,10,10,10,59,59,59,59,58,58,58,58,34,34,34,24,24,22,22,22,17,17,17,15,15,15,15,29,29,29,29,32,32,32,32,15,15,15,0,0,0,36,36,36,36,46,46,46,46,27,27,27,27,13,13,13,-28,-28,-28,12,12,12,30,30,30,30,30,30,30,30,-8,-8,-8,-8,-4,-4,-4,9,9,9,31,31,31,31,33,33,33,33,2,2,2,25,25,25,4,4,4,17,17,17,-31,-31,-31,-31,16,16,16,16,12,12,12,12,-8,-8,-8,-5,-5,-5,17,17,17,29,29,29,29,-12,-12,-12,-12,25,25,25,5,5,9,9,-15,-15,-15,-19,-19,-19,-19,1,1,1,1,3,3,3,9,9,9,8,8,8,8,8,8,16,16,16,16,2,2,2,2,20,20,20,17,17,-15,-15,8,8,12,12,12,15,15,15,15,13,13,13,13,8,8,8,10,10,6,6,6,15,15,15,-22,-22,-22,13,13,13,13,13,-3,-3,-3,-3,-23,-23,-23,-22,-22,-22,-1,-1,-1,22,22,22,22,22,15,15,15,15,9,9,-3,-3,-15,-15,-15,-2,-2,-2,-2,11,11,11,11,23,23,23,23,27,27,27,27,31,31,31,45,45,23,23,4,4,4,21,21,21,22,22,22,11,11,11,32,32,11,11,11,24,24,24,11,11,11,8,15,42,42,17,17,35,35,69
199,35.41599999999999682,51,52,70,70,65,65,65,9,9,9,9,-7,-7,-7,46,46,43,43,71,71,57,57,47,47,47,67,67,67,67,26,26,26,26,-31,-31,-31,13,13,29,29,12,12,12,24,24,24,39,39,39,27,27,2,2,55,55,9,9,9,40,40,40,40,25,25,25,25,73,73,73,73,7,7,7,49,49,49,56,56,56,64,64,64,64,41,41,41,41,41,57,57,57,57,24,24,24,60,60,48,48,48,47,47,47,47,30,30,30,30,30,-17,-17,-17,-17,22,22,22,-6,-6,63,63,63,35,35,35,35,40,40,40,40,40,33,33,33,33,33,8,8,8,24,24,-9,-9,-9,28,28,28,28,44,44,44,44,44,0,0,0,0,37,37,37,23,23,58,58,58,4,4,4,4,70,70,70,70,19,19,19,19,49,49,49,52,52,52,36,36,36,24,24,24,66,66,52,52,52,36,36,36,47,47,47,42,42,74,74,59,59,59,54,54,54,54,60,60,60,60,39,39,39,17,17,17,63,63,65,65,65,63,63,63,53,53,53,53,48,48,48,45,45,45,35,35,35,30,30,30,68,68,68,68,69,69,69,69,70,70,70,28,28,28,63,63,57,57,57,57,61,61,61,61,47,47,47,47,53,53,53,43,43,52,52,45,45,45,72,72,72,72,61,61,61,61,49,49,49,36,36,51,51,51,34,34,34,40,40,40,40,76,76,76,76,60,60,60,60,66,66,66,58,58,58,41,41,41,41,67,67,67,67,68,68,68,68,27,27,27,18,18,18,58,58,58,45,45,45,45,56,56,56,56,13,13,13,13,18,18,18,57,57,57,78,78,78,78,58,58,58,58,35,35,35,66,66,66,41,41,41,43,43,43,35,35,35,35,39,39,39,39,41,41,41,41,47,47,47,34,34,34,26,26,26,62,62,62,62,11,11,11,11,39,39,39,42,42,35,35,27,27,27,-4,-4,-4,-4,42,42,42,42,44,44,44,50,50,50,27,27,27,37,37,37,61,61,61,61,33,33,33,33,43,43,43,58,58,51,51,52,52,17,17,17,45,45,45,45,31,31,31,31,22,22,22,45,45,40,40,40,8,8,8,16,16,16,64,64,64,64,64,15,15,15,15,23,23,23,20,20,20,19,19,19,43,43,43,43,43,49,49,49,49,20,20,7,7,44,44,44,23,23,23,23,32,32,32,32,55,55,55,55,56,56,56,56,43,43,43,68,68,59,59,37,37,37,44,44,44,29,29,29,15,15,15,40,40,39,39,39,25,25,25,15,15,15,2,21,42,42,32,32,61,61,39
200,35.61599999999999966,65,40,73,73,23,23,23,63,63,63,63,55,55,55,27,27,43,43,30,30,42,42,25,25,25,15,15,15,15,28,28,28,28,-18,-18,-18,-4,-4,3,3,13,13,13,68,68,68,40,40,40,19,19,63,63,34,34,8,8,8,29,29,29,29,-4,-4,-4,-4,23,23,23,23,-8,-8,-8,27,27,27,40,40,40,50,50,50,50,23,23,23,23,23,-12,-12,-12,-12,34,34,34,31,31,33,33,33,42,42,42,42,26,26,26,26,26,49,49,49,49,14,14,14,2,2,11,11,11,49,49,49,49,26,26,26,26,26,32,32,32,32,32,63,63,63,11,11,-2,-2,-2,41,41,41,41,23,23,23,23,23,6,6,6,6,13,13,13,37,37,75,75,75,55,55,55,55,54,54,54,54,50,50,50,50,61,61,61,58,58,58,35,35,35,38,38,38,73,73,64,64,64,37,37,37,22,22,22,24,24,58,58,27,27,27,45,45,45,45,41,41,41,41,42,42,42,12,12,12,49,49,70,70,70,26,26,26,57,57,57,57,24,24,24,58,58,58,37,37,37,30,30,30,70,70,70,70,72,72,72,72,75,75,75,67,67,67,65,65,77,77,77,77,45,45,45,45,83,83,83,83,50,50,50,56,56,50,50,33,33,33,70,70,70,70,46,46,46,46,27,27,27,15,15,48,48,48,24,24,24,38,38,38,38,70,70,70,70,43,43,43,43,79,79,79,60,60,60,51,51,51,51,91,91,91,91,57,57,57,57,20,20,20,45,45,45,46,46,46,44,44,44,44,57,57,57,57,45,45,45,45,40,40,40,59,59,59,66,66,66,66,63,63,63,63,28,28,28,73,73,73,80,80,80,50,50,50,57,57,57,57,70,70,70,70,36,36,36,36,43,43,43,49,49,49,35,35,35,44,44,44,44,26,26,26,26,37,37,37,41,41,40,40,34,34,34,39,39,39,39,40,40,40,40,74,74,74,54,54,54,57,57,57,34,34,34,64,64,64,64,50,50,50,50,48,48,48,38,38,54,54,37,37,28,28,28,42,42,42,42,48,48,48,48,40,40,40,68,68,50,50,50,27,27,27,53,53,53,36,36,36,36,36,40,40,40,40,40,40,40,68,68,68,54,54,54,49,49,49,49,49,66,66,66,66,40,40,15,15,59,59,59,43,43,43,43,42,42,42,42,61,61,61,61,59,59,59,59,50,50,50,66,66,66,66,33,33,33,31,31,31,20,20,20,42,42,42,43,43,28,28,28,11,11,11,22,22,22,-31,-6,22,22,38,38,60,60,36
201,35.8159999999999954,35,12,3,3,20,20,20,7,7,7,7,23,23,23,6,6,14,14,-7,-7,-31,-31,-12,-12,-12,29,29,29,29,10,10,10,10,-1,-1,-1,-44,-44,19,19,47,47,47,-2,-2,-2,0,0,0,-11,-11,17,17,-14,-14,9,9,9,-16,-16,-16,-16,-4,-4,-4,-4,59,59,59,59,25,25,25,11,11,11,-3,-3,-3,41,41,41,41,73,73,73,73,73,9,9,9,9,10,10,10,5,5,17,17,17,15,15,15,15,16,16,16,16,16,2,2,2,2,8,8,8,13,13,8,8,8,1,1,1,1,33,33,33,33,33,0,0,0,0,0,0,0,0,14,14,1,1,1,25,25,25,25,8,8,8,8,8,-4,-4,-4,-4,1,1,1,-5,-5,10,10,10,23,23,23,23,20,20,20,20,14,14,14,14,11,11,11,26,26,26,31,31,31,4,4,4,-8,-8,13,13,13,10,10,10,58,58,58,51,51,36,36,-46,-46,-46,7,7,7,7,37,37,37,37,58,58,58,13,13,13,17,17,9,9,9,27,27,27,48,48,48,48,43,43,43,37,37,37,3,3,3,7,7,7,57,57,57,57,35,35,35,35,40,40,40,36,36,36,32,32,23,23,23,23,45,45,45,45,38,38,38,38,53,53,53,20,20,8,8,-6,-6,-6,39,39,39,39,21,21,21,21,8,8,8,0,0,3,3,3,4,4,4,39,39,39,39,72,72,72,72,44,44,44,44,66,66,66,33,33,33,41,41,41,41,35,35,35,35,24,24,24,24,25,25,25,42,42,42,33,33,33,47,47,47,47,36,36,36,36,2,2,2,2,30,30,30,26,26,26,45,45,45,45,40,40,40,40,20,20,20,56,56,56,38,38,38,10,10,10,43,43,43,43,69,69,69,69,55,55,55,55,8,8,8,11,11,11,7,7,7,14,14,14,14,27,27,27,27,7,7,7,18,18,28,28,35,35,35,28,28,28,28,-6,-6,-6,-6,46,46,46,63,63,63,44,44,44,28,28,28,27,27,27,27,29,29,29,29,24,24,24,55,55,25,25,16,16,6,6,6,47,47,47,47,35,35,35,35,32,32,32,34,34,31,31,31,79,79,79,24,24,24,57,57,57,57,57,65,65,65,65,57,57,57,28,28,28,24,24,24,85,85,85,85,85,11,11,11,11,20,20,21,21,19,19,19,31,31,31,31,8,8,8,8,23,23,23,23,51,51,51,51,14,14,14,26,26,38,38,31,31,31,29,29,29,10,10,10,-2,-2,-2,15,15,41,41,41,-1,-1,-1,15,15,15,-30,-16,7,7,12,12,44,44,4
202,36.01599999999999824,22,-17,17,17,41,41,41,26,26,26,26,24,24,24,12,12,46,46,-34,-34,-22,-22,-21,-21,-21,11,11,11,11,-1,-1,-1,-1,-65,-65,-65,-14,-14,20,20,41,41,41,16,16,16,10,10,10,-1,-1,-7,-7,8,8,-3,-3,-3,18,18,18,18,9,9,9,9,20,20,20,20,-12,-12,-12,33,33,33,-4,-4,-4,-2,-2,-2,-2,-26,-26,-26,-26,-26,50,50,50,50,38,38,38,25,25,-23,-23,-23,-8,-8,-8,-8,22,22,22,22,22,24,24,24,24,-6,-6,-6,-2,-2,-33,-33,-33,-11,-11,-11,-11,34,34,34,34,34,22,22,22,22,22,8,8,8,-9,-9,7,7,7,1,1,1,1,-20,-20,-20,-20,-20,-23,-23,-23,-23,22,22,22,-23,-23,-8,-8,-8,43,43,43,43,0,0,0,0,28,28,28,28,-25,-25,-25,15,15,15,-41,-41,-41,-6,-6,-6,-30,-30,-3,-3,-3,15,15,15,25,25,25,1,1,3,3,-23,-23,-23,0,0,0,0,26,26,26,26,30,30,30,2,2,2,-12,-12,-15,-15,-15,-1,-1,-1,15,15,15,15,38,38,38,15,15,15,4,4,4,-1,-1,-1,37,37,37,37,20,20,20,20,39,39,39,14,14,14,-19,-19,-5,-5,-5,-5,34,34,34,34,30,30,30,30,33,33,33,19,19,-12,-12,11,11,11,30,30,30,30,46,46,46,46,7,7,7,14,14,-5,-5,-5,-18,-18,-18,25,25,25,25,48,48,48,48,26,26,26,26,28,28,28,15,15,15,23,23,23,23,29,29,29,29,19,19,19,19,24,24,24,-7,-7,-7,3,3,3,23,23,23,23,19,19,19,19,43,43,43,43,30,30,30,23,23,23,35,35,35,35,29,29,29,29,22,22,22,42,42,42,29,29,29,22,22,22,35,35,35,35,36,36,36,36,37,37,37,37,21,21,21,20,20,20,-2,-2,-2,7,7,7,7,-7,-7,-7,-7,5,5,5,21,21,24,24,33,33,33,38,38,38,38,13,13,13,13,30,30,30,26,26,26,15,15,15,0,0,0,43,43,43,43,25,25,25,25,16,16,16,20,20,11,11,-6,-6,3,3,3,49,49,49,49,37,37,37,37,17,17,17,30,30,10,10,10,14,14,14,21,21,21,34,34,34,34,34,37,37,37,37,30,30,30,38,38,38,42,42,42,66,66,66,66,66,21,21,21,21,26,26,18,18,30,30,30,9,9,9,9,21,21,21,21,11,11,11,11,46,46,46,46,44,44,44,6,6,32,32,36,36,36,-3,-3,-3,-19,-19,-19,-10,-10,-10,15,15,22,22,22,3,3,3,21,21,21,-34,-22,22,22,9,9,23,23,1
203,36.21600000000000108,43,-2,5,5,34,34,34,32,32,32,32,56,56,56,40,40,23,23,17,17,2,2,2,2,2,1,1,1,1,37,37,37,37,16,16,16,-49,-49,12,12,60,60,60,20,20,20,9,9,9,38,38,36,36,39,39,32,32,32,28,28,28,28,-1,-1,-1,-1,56,56,56,56,59,59,59,6,6,6,16,16,16,25,25,25,25,52,52,52,52,52,-10,-10,-10,-10,70,70,70,6,6,26,26,26,20,20,20,20,-12,-12,-12,-12,-12,49,49,49,49,28,28,28,70,70,25,25,25,8,8,8,8,33,33,33,33,33,-6,-6,-6,-6,-6,9,9,9,33,33,0,0,0,3,3,3,3,20,20,20,20,20,5,5,5,5,3,3,3,-5,-5,-12,-12,-12,2,2,2,2,-12,-12,-12,-12,-1,-1,-1,-1,-27,-27,-27,9,9,9,18,18,18,9,9,9,-16,-16,26,26,26,-5,-5,-5,28,28,28,-3,-3,-16,-16,4,4,4,13,13,13,13,-7,-7,-7,-7,48,48,48,64,64,64,14,14,2,2,2,49,49,49,33,33,33,33,58,58,58,21,21,21,48,48,48,-5,-5,-5,12,12,12,12,13,13,13,13,56,56,56,32,32,32,-7,-7,7,7,7,7,28,28,28,28,41,41,41,41,46,46,46,28,28,-9,-9,60,60,60,71,71,71,71,42,42,42,42,44,44,44,47,47,-1,-1,-1,20,20,20,57,57,57,57,51,51,51,51,48,48,48,48,28,28,28,30,30,30,27,27,27,27,40,40,40,40,25,25,25,25,3,3,3,15,15,15,-7,-7,-7,4,4,4,4,40,40,40,40,56,56,56,56,43,43,43,45,45,45,31,31,31,31,39,39,39,39,54,54,54,44,44,44,35,35,35,21,21,21,51,51,51,51,34,34,34,34,21,21,21,21,19,19,19,23,23,23,24,24,24,20,20,20,20,40,40,40,40,42,42,42,39,39,38,38,41,41,41,56,56,56,56,8,8,8,8,46,46,46,34,34,34,34,34,34,17,17,17,38,38,38,38,26,26,26,26,37,37,37,18,18,5,5,30,30,7,7,7,47,47,47,47,45,45,45,45,62,62,62,26,26,11,11,11,13,13,13,24,24,24,25,25,25,25,25,62,62,62,62,66,66,66,27,27,27,47,47,47,45,45,45,45,45,42,42,42,42,11,11,14,14,28,28,28,31,31,31,31,39,39,39,39,15,15,15,15,49,49,49,49,29,29,29,4,4,39,39,48,48,48,2,2,2,16,16,16,2,2,2,31,31,26,26,26,35,35,35,39,39,39,-17,-9,23,23,30,30,38,38,-4
204,36.41599999999999682,34,4,46,46,67,67,67,43,43,43,43,52,52,52,43,43,64,64,56,56,39,39,24,24,24,12,12,12,12,28,28,28,28,29,29,29,30,30,40,40,51,51,51,55,55,55,83,83,83,24,24,9,9,37,37,3,3,3,67,67,67,67,33,33,33,33,6,6,6,6,29,29,29,41,41,41,20,20,20,49,49,49,49,25,25,25,25,25,68,68,68,68,28,28,28,33,33,29,29,29,30,30,30,30,28,28,28,28,28,14,14,14,14,37,37,37,42,42,24,24,24,19,19,19,19,11,11,11,11,11,32,32,32,32,32,20,20,20,2,2,3,3,3,22,22,22,22,-16,-16,-16,-16,-16,35,35,35,35,50,50,50,-15,-15,12,12,12,11,11,11,11,-3,-3,-3,-3,40,40,40,40,-20,-20,-20,-11,-11,-11,21,21,21,38,38,38,21,21,29,29,29,7,7,7,64,64,64,-7,-7,17,17,16,16,16,21,21,21,21,41,41,41,41,53,53,53,51,51,51,50,50,34,34,34,31,31,31,76,76,76,76,90,90,90,23,23,23,63,63,63,54,54,54,45,45,45,45,51,51,51,51,61,61,61,54,54,54,28,28,23,23,23,23,49,49,49,49,29,29,29,29,60,60,60,30,30,31,31,61,61,61,72,72,72,72,54,54,54,54,39,39,39,37,37,40,40,40,87,87,87,64,64,64,64,56,56,56,56,70,70,70,70,51,51,51,64,64,64,56,56,56,56,55,55,55,55,46,46,46,46,47,47,47,64,64,64,23,23,23,45,45,45,45,57,57,57,57,49,49,49,49,67,67,67,24,24,24,44,44,44,44,51,51,51,51,79,79,79,65,65,65,51,51,51,55,55,55,54,54,54,54,66,66,66,66,65,65,65,65,35,35,35,51,51,51,37,37,37,54,54,54,54,67,67,67,67,79,79,79,54,54,49,49,73,73,73,42,42,42,42,50,50,50,50,66,66,66,51,51,51,42,42,42,23,23,23,36,36,36,36,60,60,60,60,53,53,53,39,39,23,23,48,48,39,39,39,44,44,44,44,60,60,60,60,68,68,68,31,31,26,26,26,33,33,33,46,46,46,58,58,58,58,58,38,38,38,38,58,58,58,53,53,53,51,51,51,60,60,60,60,60,47,47,47,47,72,72,29,29,60,60,60,32,32,32,32,48,48,48,48,60,60,60,60,41,41,41,41,22,22,22,25,25,54,54,49,49,49,-3,-3,-3,22,22,22,26,26,26,43,43,63,63,63,70,70,70,31,31,31,14,18,31,31,36,36,35,35,21
205,36.61599999999999966,43,9,30,30,31,31,31,69,69,69,69,22,22,22,26,26,36,36,66,66,10,10,24,24,24,-12,-12,-12,-12,22,22,22,22,25,25,25,60,60,39,39,60,60,60,75,75,75,35,35,35,36,36,43,43,-12,-12,27,27,27,5,5,5,5,44,44,44,44,43,43,43,43,21,21,21,35,35,35,35,35,35,36,36,36,36,52,52,52,52,52,18,18,18,18,57,57,57,-5,-5,6,6,6,38,38,38,38,-6,-6,-6,-6,-6,15,15,15,15,1,1,1,43,43,17,17,17,37,37,37,37,6,6,6,6,6,40,40,40,40,40,23,23,23,19,19,-2,-2,-2,-10,-10,-10,-10,-6,-6,-6,-6,-6,35,35,35,35,33,33,33,19,19,-6,-6,-6,-21,-21,-21,-21,-4,-4,-4,-4,-34,-34,-34,-34,7,7,7,22,22,22,29,29,29,28,28,28,48,48,-8,-8,-8,14,14,14,48,48,48,40,40,4,4,15,15,15,30,30,30,30,22,22,22,22,45,45,45,54,54,54,65,65,42,42,42,40,40,40,22,22,22,22,46,46,46,22,22,22,57,57,57,55,55,55,31,31,31,31,13,13,13,13,44,44,44,48,48,48,59,59,25,25,25,25,4,4,4,4,40,40,40,40,69,69,69,10,10,61,61,43,43,43,62,62,62,62,16,16,16,16,17,17,17,42,42,24,24,24,53,53,53,52,52,52,52,37,37,37,37,53,53,53,53,43,43,43,34,34,34,51,51,51,51,36,36,36,36,64,64,64,64,50,50,50,67,67,67,25,25,25,49,49,49,49,45,45,45,45,50,50,50,50,48,48,48,53,53,53,26,26,26,26,24,24,24,24,63,63,63,66,66,66,60,60,60,64,64,64,60,60,60,60,72,72,72,72,39,39,39,39,71,71,71,41,41,41,41,41,41,44,44,44,44,65,65,65,65,54,54,54,64,64,58,58,65,65,65,66,66,66,66,97,97,97,97,47,47,47,56,56,56,39,39,39,37,37,37,35,35,35,35,47,47,47,47,30,30,30,28,28,39,39,31,31,40,40,40,49,49,49,49,34,34,34,34,40,40,40,22,22,22,22,22,16,16,16,33,33,33,60,60,60,60,60,75,75,75,75,109,109,109,45,45,45,80,80,80,82,82,82,82,82,50,50,50,50,37,37,35,35,61,61,61,48,48,48,48,59,59,59,59,57,57,57,57,46,46,46,46,18,18,18,32,32,34,34,43,43,43,34,34,34,21,21,21,24,24,24,43,43,43,43,43,44,44,44,42,42,42,16,13,14,14,24,24,55,55,30
206,36.8159999999999954,26,10,35,35,6,6,6,28,28,28,28,40,40,40,66,66,16,16,27,27,36,36,44,44,44,-7,-7,-7,-7,15,15,15,15,34,34,34,40,40,7,7,47,47,47,63,63,63,9,9,9,4,4,6,6,-2,-2,31,31,31,12,12,12,12,58,58,58,58,-11,-11,-11,-11,20,20,20,35,35,35,35,35,35,5,5,5,5,-15,-15,-15,-15,-15,19,19,19,19,9,9,9,3,3,-14,-14,-14,-7,-7,-7,-7,10,10,10,10,10,0,0,0,0,14,14,14,10,10,9,9,9,29,29,29,29,15,15,15,15,15,19,19,19,19,19,26,26,26,11,11,7,7,7,-14,-14,-14,-14,12,12,12,12,12,9,9,9,9,11,11,11,7,7,38,38,38,-18,-18,-18,-18,3,3,3,3,-2,-2,-2,-2,4,4,4,-3,-3,-3,26,26,26,39,39,39,16,16,-10,-10,-10,-3,-3,-3,15,15,15,-16,-16,-15,-15,3,3,3,-4,-4,-4,-4,-4,-4,-4,-4,-15,-15,-15,27,27,27,-4,-4,-6,-6,-6,5,5,5,3,3,3,3,26,26,26,28,28,28,5,5,5,31,31,31,26,26,26,26,15,15,15,15,30,30,30,28,28,28,22,22,27,27,27,27,18,18,18,18,18,18,18,18,15,15,15,23,23,48,48,35,35,35,-2,-2,-2,-2,-2,-2,-2,-2,4,4,4,27,27,26,26,26,17,17,17,24,24,24,24,-10,-10,-10,-10,15,15,15,15,12,12,12,0,0,0,-1,-1,-1,-1,-12,-12,-12,-12,27,27,27,27,44,44,44,43,43,43,6,6,6,8,8,8,8,15,15,15,15,30,30,30,30,40,40,40,41,41,41,7,7,7,7,19,19,19,19,62,62,62,36,36,36,23,23,23,62,62,62,7,7,7,7,29,29,29,29,22,22,22,22,49,49,49,35,35,35,20,20,20,22,22,22,22,47,47,47,47,20,20,20,46,46,26,26,52,52,52,24,24,24,24,44,44,44,44,18,18,18,32,32,32,28,28,28,11,11,11,-4,-4,-4,-4,15,15,15,15,3,3,3,26,26,-18,-18,0,0,14,14,14,9,9,9,9,31,31,31,31,25,25,25,19,19,-3,-3,-3,18,18,18,20,20,20,22,22,22,22,22,59,59,59,59,40,40,40,47,47,47,49,49,49,34,34,34,34,34,26,26,26,26,29,29,39,39,40,40,40,41,41,41,41,44,44,44,44,17,17,17,17,22,22,22,22,-9,-9,-9,6,6,-4,-4,24,24,24,-5,-5,-5,-9,-9,-9,-6,-6,-6,-6,-6,16,16,16,19,19,19,22,22,22,2,-10,-9,-9,37,37,45,45,20
207,37.01599999999999824,34,-20,-25,-25,-31,-31,-31,0,0,0,0,33,33,33,3,3,10,10,-19,-19,32,32,39,39,39,21,21,21,21,34,34,34,34,46,46,46,47,47,16,16,10,10,10,29,29,29,-8,-8,-8,-32,-32,-4,-4,2,2,13,13,13,-26,-26,-26,-26,-41,-41,-41,-41,19,19,19,19,2,2,2,-47,-47,-47,-8,-8,-8,-28,-28,-28,-28,35,35,35,35,35,3,3,3,3,-17,-17,-17,4,4,-15,-15,-15,-15,-15,-15,-15,34,34,34,34,34,-30,-30,-30,-30,-4,-4,-4,14,14,4,4,4,-12,-12,-12,-12,-8,-8,-8,-8,-8,-4,-4,-4,-4,-4,-9,-9,-9,22,22,10,10,10,-32,-32,-32,-32,-3,-3,-3,-3,-3,2,2,2,2,18,18,18,-5,-5,-29,-29,-29,-36,-36,-36,-36,40,40,40,40,-3,-3,-3,-3,-22,-22,-22,-12,-12,-12,12,12,12,-29,-29,-29,-32,-32,-20,-20,-20,-2,-2,-2,12,12,12,12,12,-10,-10,-16,-16,-16,-2,-2,-2,-2,-30,-30,-30,-30,-29,-29,-29,11,11,11,-3,-3,-41,-41,-41,-28,-28,-28,0,0,0,0,11,11,11,-16,-16,-16,6,6,6,-1,-1,-1,-25,-25,-25,-25,22,22,22,22,15,15,15,10,10,10,22,22,-27,-27,-27,-27,-13,-13,-13,-13,19,19,19,19,-16,-16,-16,30,30,17,17,-1,-1,-1,-2,-2,-2,-2,-5,-5,-5,-5,-8,-8,-8,9,9,3,3,3,14,14,14,12,12,12,12,-27,-27,-27,-27,-4,-4,-4,-4,-29,-29,-29,-15,-15,-15,-10,-10,-10,-10,-11,-11,-11,-11,4,4,4,4,15,15,15,-1,-1,-1,0,0,0,-8,-8,-8,-8,-31,-31,-31,-31,1,1,1,1,-2,-2,-2,24,24,24,14,14,14,14,-8,-8,-8,-8,8,8,8,19,19,19,4,4,4,28,28,28,0,0,0,0,7,7,7,7,-9,-9,-9,-9,21,21,21,23,23,23,0,0,0,8,8,8,8,21,21,21,21,-1,-1,-1,16,16,-15,-15,12,12,12,23,23,23,23,25,25,25,25,2,2,2,6,6,6,10,10,10,-19,-19,-19,-15,-15,-15,-15,-15,-15,-15,-15,8,8,8,-13,-13,-5,-5,-20,-20,-14,-14,-14,-10,-10,-10,-10,-30,-30,-30,-30,4,4,4,-21,-21,-4,-4,-4,13,13,13,-10,-10,-10,13,13,13,13,13,18,18,18,18,48,48,48,9,9,9,21,21,21,41,41,41,41,41,7,7,7,7,34,34,12,12,22,22,22,12,12,12,12,32,32,32,32,-13,-13,-13,-13,-9,-9,-9,-9,-2,-2,-2,-26,-26,-15,-15,-5,-5,-5,2,2,2,-18,-18,-18,-15,-15,-15,-10,-10,13,13,13,17,17,17,7,7,7,5,-2,-13,-13,21,21,4,4,35
208,37.21600000000000108,0,-7,-14,-14,-27,-27,-27,-12,-12,-12,-12,-14,-14,-14,15,15,-18,-18,-13,-13,63,63,53,53,53,39,39,39,39,24,24,24,24,33,33,33,38,38,21,21,37,37,37,19,19,19,-44,-44,-44,10,10,-18,-18,-4,-4,-4,-4,-4,-9,-9,-9,-9,-9,-9,-9,-9,-44,-44,-44,-44,-1,-1,-1,0,0,0,-18,-18,-18,-1,-1,-1,-1,16,16,16,16,16,47,47,47,47,16,16,16,21,21,11,11,11,6,6,6,6,39,39,39,39,39,39,39,39,39,23,23,23,10,10,11,11,11,13,13,13,13,9,9,9,9,9,2,2,2,2,2,-9,-9,-9,9,9,35,35,35,10,10,10,10,9,9,9,9,9,11,11,11,11,23,23,23,20,20,16,16,16,36,36,36,36,20,20,20,20,-18,-18,-18,-18,-7,-7,-7,-8,-8,-8,18,18,18,-23,-23,-23,-4,-4,0,0,0,2,2,2,18,18,18,18,18,14,14,13,13,13,32,32,32,32,6,6,6,6,-14,-14,-14,11,11,11,-6,-6,-16,-16,-16,-2,-2,-2,-26,-26,-26,-26,-19,-19,-19,-26,-26,-26,8,8,8,20,20,20,12,12,12,12,14,14,14,14,-20,-20,-20,9,9,9,2,2,9,9,9,9,49,49,49,49,27,27,27,27,13,13,13,12,12,31,31,5,5,5,-15,-15,-15,-15,21,21,21,21,9,9,9,-13,-13,17,17,17,9,9,9,-10,-10,-10,-10,-24,-24,-24,-24,14,14,14,14,-28,-28,-28,-2,-2,-2,-22,-22,-22,-22,-1,-1,-1,-1,2,2,2,2,15,15,15,4,4,4,4,4,4,19,19,19,19,-15,-15,-15,-15,0,0,0,0,-16,-16,-16,-4,-4,-4,13,13,13,13,19,19,19,19,20,20,20,19,19,19,11,11,11,38,38,38,-11,-11,-11,-11,6,6,6,6,19,19,19,19,25,25,25,10,10,10,32,32,32,27,27,27,27,44,44,44,44,45,45,45,13,13,8,8,9,9,9,-5,-5,-5,-5,33,33,33,33,11,11,11,3,3,3,9,9,9,15,15,15,20,20,20,20,-4,-4,-4,-4,2,2,2,3,3,31,31,4,4,17,17,17,-18,-18,-18,-18,-10,-10,-10,-10,2,2,2,-16,-16,2,2,2,15,15,15,19,19,19,25,25,25,25,25,14,14,14,14,-9,-9,-9,-5,-5,-5,17,17,17,10,10,10,10,10,36,36,36,36,6,6,13,13,5,5,5,19,19,19,19,9,9,9,9,7,7,7,7,-17,-17,-17,-17,2,2,2,20,20,-16,-16,4,4,4,9,9,9,20,20,20,2,2,2,15,15,41,41,41,30,30,30,25,25,25,50,33,28,28,28,28,36,36,58
209,37.41599999999999682,-3,-4,25,25,18,18,18,15,15,15,15,3,3,3,-27,-27,-5,-5,13,13,72,72,52,52,52,45,45,45,45,28,28,28,28,35,35,35,69,69,3,3,-2,-2,-2,54,54,54,44,44,44,42,42,39,39,30,30,8,8,8,20,20,20,20,23,23,23,23,17,17,17,17,6,6,6,1,1,1,36,36,36,42,42,42,42,13,13,13,13,13,42,42,42,42,33,33,33,18,18,31,31,31,27,27,27,27,51,51,51,51,51,90,90,90,90,43,43,43,79,79,31,31,31,48,48,48,48,48,48,48,48,48,11,11,11,11,11,7,7,7,49,49,58,58,58,50,50,50,50,56,56,56,56,56,68,68,68,68,46,46,46,4,4,4,4,4,46,46,46,46,40,40,40,40,24,24,24,24,4,4,4,48,48,48,21,21,21,41,41,41,32,32,30,30,30,47,47,47,45,45,45,34,34,9,9,40,40,40,58,58,58,58,-3,-3,-3,-3,4,4,4,8,8,8,25,25,31,31,31,31,31,31,3,3,3,3,-13,-13,-13,5,5,5,11,11,11,8,8,8,1,1,1,1,25,25,25,25,0,0,0,-7,-7,-7,60,60,28,28,28,28,49,49,49,49,3,3,3,3,-12,-12,-12,-14,-14,69,69,43,43,43,42,42,42,42,25,25,25,25,13,13,13,36,36,54,54,54,15,15,15,-3,-3,-3,-3,-7,-7,-7,-7,22,22,22,22,32,32,32,32,32,32,17,17,17,17,29,29,29,29,30,30,30,30,19,19,19,10,10,10,1,1,1,10,10,10,10,5,5,5,5,-10,-10,-10,-10,-10,-10,-10,21,21,21,6,6,6,6,-4,-4,-4,-4,-11,-11,-11,20,20,20,28,28,28,24,24,24,18,18,18,18,24,24,24,24,19,19,19,19,56,56,56,24,24,24,34,34,34,18,18,18,18,33,33,33,33,16,16,16,29,29,-5,-5,18,18,18,7,7,7,7,23,23,23,23,25,25,25,19,19,19,26,26,26,14,14,14,36,36,36,36,16,16,16,16,15,15,15,23,23,17,17,41,41,10,10,10,15,15,15,15,7,7,7,7,-2,-2,-2,20,20,16,16,16,33,33,33,19,19,19,0,0,0,0,0,1,1,1,1,0,0,0,13,13,13,12,12,12,28,28,28,28,28,12,12,12,12,9,9,11,11,13,13,13,32,32,32,32,17,17,17,17,27,27,27,27,-17,-17,-17,-17,11,11,11,35,35,17,17,18,18,18,15,15,15,38,38,38,30,30,30,28,28,56,56,56,56,56,56,39,39,39,57,46,52,52,49,49,39,39,73
210,37.61599999999999966,8,32,59,59,21,21,21,-9,-9,-9,-9,8,8,8,31,31,20,20,43,43,59,59,60,60,60,31,31,31,31,10,10,10,10,56,56,56,58,58,44,44,49,49,49,3,3,3,20,20,20,1,1,48,48,68,68,37,37,37,14,14,14,14,24,24,24,24,-7,-7,-7,-7,10,10,10,17,17,17,51,51,51,54,54,54,54,57,57,57,57,57,67,67,67,67,42,42,42,38,38,55,55,55,12,12,12,12,16,16,16,16,16,40,40,40,40,33,33,33,55,55,46,46,46,41,41,41,41,27,27,27,27,27,3,3,3,3,3,18,18,18,32,32,36,36,36,32,32,32,32,6,6,6,6,6,52,52,52,52,28,28,28,49,49,42,42,42,72,72,72,72,44,44,44,44,55,55,55,55,79,79,79,62,62,62,61,61,61,55,55,55,56,56,47,47,47,23,23,23,31,31,31,57,57,66,66,72,72,72,50,50,50,50,2,2,2,2,22,22,22,-7,-7,-7,53,53,57,57,57,27,27,27,11,11,11,11,6,6,6,25,25,25,16,16,16,26,26,26,25,25,25,25,41,41,41,41,7,7,7,9,9,9,28,28,26,26,26,26,25,25,25,25,31,31,31,31,44,44,44,17,17,29,29,71,71,71,30,30,30,30,24,24,24,24,0,0,0,43,43,77,77,77,18,18,18,21,21,21,21,33,33,33,33,39,39,39,39,48,48,48,54,54,54,40,40,40,40,41,41,41,41,21,21,21,21,29,29,29,33,33,33,45,45,45,27,27,27,27,12,12,12,12,13,13,13,13,-7,-7,-7,4,4,4,47,47,47,47,37,37,37,37,-3,-3,-3,36,36,36,36,36,36,54,54,54,30,30,30,30,10,10,10,10,54,54,54,54,32,32,32,33,33,33,23,23,23,26,26,26,26,33,33,33,33,32,32,32,33,33,39,39,31,31,31,26,26,26,26,23,23,23,23,21,21,21,25,25,25,15,15,15,54,54,54,40,40,40,40,26,26,26,26,42,42,42,33,33,56,56,32,32,24,24,24,1,1,1,1,21,21,21,21,22,22,22,22,22,33,33,33,39,39,39,10,10,10,23,23,23,23,23,9,9,9,9,-4,-4,-4,18,18,18,29,29,29,15,15,15,15,15,3,3,3,3,11,11,33,33,34,34,34,32,32,32,32,27,27,27,27,38,38,38,38,-4,-4,-4,-4,22,22,22,32,32,45,45,10,10,10,30,30,30,44,44,44,47,47,47,43,43,45,45,45,47,47,47,47,47,47,68,52,60,60,34,34,38,38,58
211,37.8159999999999954,14,34,32,32,33,33,33,46,46,46,46,35,35,35,43,43,29,29,33,33,10,10,25,25,25,2,2,2,2,16,16,16,16,67,67,67,-2,-2,-3,-3,77,77,77,11,11,11,60,60,60,33,33,36,36,-19,-19,32,32,32,27,27,27,27,-26,-26,-26,-26,28,28,28,28,25,25,25,46,46,46,11,11,11,54,54,54,54,86,86,86,86,86,16,16,16,16,36,36,36,69,69,45,45,45,25,25,25,25,59,59,59,59,59,-15,-15,-15,-15,35,35,35,60,60,58,58,58,38,38,38,38,54,54,54,54,54,42,42,42,42,42,28,28,28,28,28,44,44,44,33,33,33,33,7,7,7,7,7,53,53,53,53,29,29,29,48,48,49,49,49,83,83,83,83,63,63,63,63,66,66,66,66,96,96,96,55,55,55,5,5,5,89,89,89,59,59,34,34,34,55,55,55,67,67,67,42,42,51,51,39,39,39,52,52,52,52,14,14,14,14,30,30,30,20,20,20,68,68,36,36,36,51,51,51,16,16,16,16,34,34,34,34,34,34,32,32,32,16,16,16,31,31,31,31,33,33,33,33,27,27,27,21,21,21,33,33,54,54,54,54,58,58,58,58,15,15,15,15,14,14,14,41,41,30,30,45,45,45,34,34,34,34,65,65,65,65,37,37,37,55,55,76,76,76,8,8,8,30,30,30,30,47,47,47,47,46,46,46,46,29,29,29,27,27,27,15,15,15,15,25,25,25,25,44,44,44,44,16,16,16,48,48,48,34,34,34,33,33,33,33,37,37,37,37,10,10,10,10,-1,-1,-1,5,5,5,38,38,38,38,27,27,27,27,0,0,0,13,13,13,48,48,48,32,32,32,45,45,45,45,26,26,26,26,20,20,20,20,41,41,41,18,18,18,23,23,23,26,26,26,26,18,18,18,18,31,31,31,53,53,41,41,18,18,18,18,18,18,18,14,14,14,14,28,28,28,36,36,36,35,35,35,30,30,30,45,45,45,45,42,42,42,42,28,28,28,22,22,63,63,47,47,11,11,11,12,12,12,12,18,18,18,18,26,26,26,29,29,20,20,20,47,47,47,3,3,3,20,20,20,20,20,-3,-3,-3,-3,25,25,25,20,20,20,34,34,34,14,14,14,14,14,24,24,24,24,13,13,28,28,35,35,35,20,20,20,20,27,27,27,27,24,24,24,24,16,16,16,16,34,34,34,39,39,43,43,30,30,30,34,34,34,25,25,25,28,28,28,20,20,16,16,16,42,42,42,46,46,46,45,49,30,30,47,47,29,29,52
212,38.01599999999999824,-4,30,28,28,9,9,9,45,45,45,45,28,28,28,35,35,4,4,69,69,22,22,-16,-16,-16,17,17,17,17,17,17,17,17,45,45,45,-6,-6,59,59,-7,-7,-7,16,16,16,3,3,3,44,44,29,29,36,36,19,19,19,46,46,46,46,41,41,41,41,-3,-3,-3,-3,64,64,64,30,30,30,39,39,39,31,31,31,31,28,28,28,28,28,80,80,80,80,12,12,12,45,45,53,53,53,25,25,25,25,43,43,43,43,43,70,70,70,70,34,34,34,34,34,28,28,28,27,27,27,27,46,46,46,46,46,40,40,40,40,40,41,41,41,37,37,16,16,16,59,59,59,59,29,29,29,29,29,31,31,31,31,16,16,16,22,22,20,20,20,48,48,48,48,37,37,37,37,47,47,47,47,56,56,56,56,56,56,46,46,46,62,62,62,20,20,43,43,43,7,7,7,55,55,55,52,52,43,43,38,38,38,41,41,41,41,40,40,40,40,42,42,42,42,42,42,63,63,44,44,44,26,26,26,56,56,56,56,33,33,33,27,27,27,28,28,28,4,4,4,31,31,31,31,22,22,22,22,30,30,30,72,72,72,49,49,46,46,46,46,54,54,54,54,13,13,13,13,56,56,56,30,30,39,39,48,48,48,36,36,36,36,58,58,58,58,56,56,56,45,45,53,53,53,34,34,34,41,41,41,41,71,71,71,71,32,32,32,32,48,48,48,48,48,48,21,21,21,21,33,33,33,33,25,25,25,25,43,43,43,23,23,23,30,30,30,18,18,18,18,22,22,22,22,30,30,30,30,38,38,38,47,47,47,40,40,40,40,25,25,25,25,5,5,5,45,45,45,54,54,54,53,53,53,46,46,46,46,27,27,27,27,40,40,40,40,24,24,24,29,29,29,24,24,24,17,17,17,17,13,13,13,13,31,31,31,40,40,57,57,45,45,45,51,51,51,51,23,23,23,23,56,56,56,47,47,47,31,31,31,49,49,49,37,37,37,37,24,24,24,24,22,22,22,45,45,58,58,65,65,6,6,6,27,27,27,27,40,40,40,40,28,28,28,50,50,51,51,51,61,61,61,3,3,3,37,37,37,37,37,13,13,13,13,32,32,32,30,30,30,36,36,36,33,33,33,33,33,51,51,51,51,55,55,26,26,32,32,32,30,30,30,30,32,32,32,32,18,18,18,18,25,25,25,25,57,57,57,40,40,38,38,28,28,28,40,40,40,20,20,20,37,37,37,20,20,24,24,24,39,39,39,39,39,39,40,24,35,35,49,49,30,30,35
213,38.21600000000000108,12,50,49,49,66,66,66,68,68,68,68,20,20,20,18,18,33,33,36,36,13,13,21,21,21,42,42,42,42,34,34,34,34,51,51,51,12,12,87,87,46,46,46,35,35,35,-1,-1,-1,29,29,29,29,58,58,45,45,45,101,101,101,101,30,30,30,30,30,30,30,30,45,45,45,49,49,49,38,38,38,50,50,50,50,71,71,71,71,71,43,43,43,43,10,10,10,29,29,20,20,20,9,9,9,9,17,17,17,17,17,35,35,35,35,31,31,31,49,49,39,39,39,77,77,77,77,64,64,64,64,64,57,57,57,57,57,63,63,63,58,58,22,22,22,61,61,61,61,24,24,24,24,24,66,66,66,66,55,55,55,21,21,66,66,66,38,38,38,38,91,91,91,91,59,59,59,59,36,36,36,23,23,23,45,45,45,33,33,33,1,1,18,18,18,20,20,20,35,35,35,64,64,76,76,0,0,0,50,50,50,50,44,44,44,44,37,37,37,74,74,74,57,57,40,40,40,62,62,62,54,54,54,54,41,41,41,40,40,40,55,55,55,42,42,42,47,47,47,47,46,46,46,46,60,60,60,61,61,61,48,48,53,53,53,53,26,26,26,26,58,58,58,58,50,50,50,34,34,45,45,61,61,61,62,62,62,62,54,54,54,54,59,59,59,54,54,48,48,48,36,36,36,78,78,78,78,101,101,101,101,58,58,58,58,32,32,32,51,51,51,54,54,54,54,66,66,66,66,91,91,91,91,45,45,45,42,42,42,41,41,41,44,44,44,44,37,37,37,37,71,71,71,71,63,63,63,60,60,60,43,43,43,43,50,50,50,50,36,36,36,46,46,46,96,96,96,37,37,37,57,57,57,57,58,58,58,58,43,43,43,43,30,30,30,59,59,59,28,28,28,48,48,48,48,13,13,13,13,50,50,50,43,43,53,53,61,61,61,53,53,53,53,21,21,21,21,68,68,68,56,56,56,34,34,34,46,46,46,51,51,51,51,75,75,75,75,60,60,60,67,67,48,48,67,67,36,36,36,57,57,57,57,56,56,56,56,48,48,48,54,54,67,67,67,53,53,53,27,27,27,31,31,31,31,31,21,21,21,21,26,26,26,35,35,35,43,43,43,54,54,54,54,54,51,51,51,51,29,29,54,54,46,46,46,55,55,55,55,59,59,59,59,6,6,6,6,54,54,54,54,55,55,55,34,34,58,58,47,47,47,51,51,51,38,38,38,28,28,28,31,31,36,36,36,64,64,64,63,63,63,36,25,34,34,57,57,63,63,51
214,38.41599999999999682,31,36,41,41,44,44,44,47,47,47,47,67,67,67,34,34,75,75,49,49,17,17,24,24,24,35,35,35,35,42,42,42,42,21,21,21,40,40,50,50,40,40,40,91,91,91,83,83,83,69,69,51,51,70,70,44,44,44,77,77,77,77,29,29,29,29,49,49,49,49,52,52,52,59,59,59,52,52,52,64,64,64,64,56,56,56,56,56,42,42,42,42,47,47,47,33,33,65,65,65,74,74,74,74,25,25,25,25,25,35,35,35,35,36,36,36,50,50,23,23,23,47,47,47,47,55,55,55,55,55,108,108,108,108,108,25,25,25,62,62,37,37,37,64,64,64,64,29,29,29,29,29,35,35,35,35,48,48,48,28,28,75,75,75,50,50,50,50,35,35,35,35,47,47,47,47,64,64,64,14,14,14,21,21,21,41,41,41,38,38,40,40,40,63,63,63,23,23,23,72,72,51,51,16,16,16,54,54,54,54,66,66,66,66,64,64,64,76,76,76,46,46,63,63,63,43,43,43,95,95,95,95,65,65,65,76,76,76,75,75,75,32,32,32,24,24,24,24,63,63,63,63,103,103,103,65,65,65,66,66,35,35,35,35,75,75,75,75,59,59,59,59,80,80,80,52,52,30,30,65,65,65,101,101,101,101,71,71,71,71,65,65,65,61,61,47,47,47,66,66,66,88,88,88,88,97,97,97,97,76,76,76,76,67,67,67,84,84,84,54,54,54,54,77,77,77,77,70,70,70,70,72,72,72,57,57,57,51,51,51,54,54,54,54,57,57,57,57,87,87,87,87,79,79,79,65,65,65,54,54,54,54,71,71,71,71,58,58,58,46,46,46,72,72,72,51,51,51,65,65,65,65,54,54,54,54,69,69,69,69,71,71,71,66,66,66,71,71,71,64,64,64,64,38,38,38,38,49,49,49,66,66,52,52,63,63,63,33,33,33,33,63,63,63,63,77,77,77,73,73,73,71,71,71,67,67,67,73,73,73,73,56,56,56,56,77,77,77,60,60,53,53,53,53,49,49,49,70,70,70,70,78,78,78,78,70,70,70,57,57,71,71,71,52,52,52,36,36,36,64,64,64,64,64,64,64,64,64,83,83,83,72,72,72,63,63,63,50,50,50,50,50,45,45,45,45,54,54,75,75,59,59,59,57,57,57,57,43,43,43,43,69,69,69,69,90,90,90,90,79,79,79,61,61,69,69,58,58,58,67,67,67,51,51,51,77,77,77,88,88,71,71,71,82,82,82,80,80,80,46,38,46,46,59,59,67,67,60
215,38.61599999999999966,59,18,38,38,86,86,86,68,68,68,68,67,67,67,61,61,70,70,39,39,62,62,-3,-3,-3,59,59,59,59,89,89,89,89,39,39,39,69,69,18,18,15,15,15,75,75,75,35,35,35,73,73,8,8,81,81,47,47,47,38,38,38,38,33,33,33,33,55,55,55,55,58,58,58,-2,-2,-2,92,92,92,67,67,67,67,64,64,64,64,64,41,41,41,41,57,57,57,62,62,48,48,48,27,27,27,27,72,72,72,72,72,58,58,58,58,45,45,45,63,63,27,27,27,18,18,18,18,89,89,89,89,89,99,99,99,99,99,47,47,47,42,42,35,35,35,48,48,48,48,43,43,43,43,43,35,35,35,35,41,41,41,40,40,52,52,52,62,62,62,62,-12,-12,-12,-12,37,37,37,37,34,34,34,33,33,33,55,55,55,47,47,47,28,28,6,6,6,57,57,57,48,48,48,46,46,24,24,41,41,41,43,43,43,43,38,38,38,38,70,70,70,52,52,52,64,64,52,52,52,48,48,48,88,88,88,88,56,56,56,70,70,70,51,51,51,50,50,50,50,50,50,50,79,79,79,79,74,74,74,51,51,51,46,46,54,54,54,54,52,52,52,52,49,49,49,49,49,49,49,42,42,28,28,74,74,74,143,143,143,143,62,62,62,62,109,109,109,55,55,37,37,37,85,85,85,97,97,97,97,66,66,66,66,74,74,74,74,52,52,52,63,63,63,68,68,68,68,67,67,67,67,38,38,38,38,63,63,63,63,63,63,51,51,51,46,46,46,46,68,68,68,68,82,82,82,82,85,85,85,63,63,63,54,54,54,54,55,55,55,55,77,77,77,67,67,67,61,61,61,44,44,44,65,65,65,65,83,83,83,83,64,64,64,64,47,47,47,55,55,55,59,59,59,63,63,63,63,71,71,71,71,77,77,77,60,60,45,45,74,74,74,68,68,68,68,65,65,65,65,85,85,85,61,61,61,69,69,69,59,59,59,51,51,51,51,67,67,67,67,51,51,51,48,48,22,22,40,40,57,57,57,84,84,84,84,53,53,53,53,64,64,64,39,39,50,50,50,46,46,46,50,50,50,67,67,67,67,67,61,61,61,61,74,74,74,69,69,69,63,63,63,60,60,60,60,60,58,58,58,58,55,55,41,41,51,51,51,56,56,56,56,43,43,43,43,60,60,60,60,77,77,77,77,79,79,79,60,60,75,75,58,58,58,56,56,56,70,70,70,71,71,71,68,68,69,69,69,77,77,77,83,83,83,42,52,48,48,78,78,82,82,34
216,38.8160000000000025,78,44,25,25,28,28,28,42,42,42,42,36,36,36,36,36,39,39,14,14,32,32,27,27,27,67,67,67,67,47,47,47,47,22,22,22,13,13,36,36,57,57,57,144,144,144,86,86,86,78,78,39,39,15,15,48,48,48,30,30,30,30,-18,-18,-18,-18,41,41,41,41,11,11,11,44,44,44,49,49,49,73,73,73,73,86,86,86,86,86,45,45,45,45,36,36,36,31,31,22,22,22,28,28,28,28,24,24,24,24,24,26,26,26,26,-12,-12,-12,41,41,-5,-5,-5,11,11,11,11,62,62,62,62,62,54,54,54,54,54,6,6,6,20,20,35,35,35,30,30,30,30,20,20,20,20,20,19,19,19,19,29,29,29,4,4,13,13,13,28,28,28,28,41,41,41,41,46,46,46,46,19,19,19,26,26,26,45,45,45,51,51,51,34,34,-2,-2,-2,23,23,23,59,59,59,43,43,1,1,33,33,33,21,21,21,21,61,61,61,61,77,77,77,17,17,17,48,48,36,36,36,40,40,40,65,65,65,65,77,77,77,67,67,67,48,48,48,39,39,39,37,37,37,37,38,38,38,38,68,68,68,56,56,56,27,27,15,15,15,15,11,11,11,11,40,40,40,40,49,49,49,54,54,45,45,54,54,54,122,122,122,122,76,76,76,76,84,84,84,61,61,34,34,34,47,47,47,57,57,57,57,28,28,28,28,65,65,65,65,47,47,47,42,42,42,48,48,48,48,52,52,52,52,44,44,44,44,87,87,87,55,55,55,42,42,42,50,50,50,50,58,58,58,58,91,91,91,91,44,44,44,70,70,70,45,45,45,45,52,52,52,52,86,86,86,72,72,72,51,51,51,32,32,32,30,30,30,30,46,46,46,46,77,77,77,77,43,43,43,33,33,33,44,44,44,74,74,74,74,59,59,59,59,45,45,45,59,59,47,47,58,58,58,64,64,64,64,66,66,66,66,57,57,57,70,70,70,78,78,78,43,43,43,53,53,53,53,51,51,51,51,44,44,44,27,27,55,55,32,32,56,56,56,76,76,76,76,71,71,71,71,73,73,73,42,42,34,34,34,51,51,51,27,27,27,90,90,90,90,90,91,91,91,91,47,47,47,40,40,40,54,54,54,48,48,48,48,48,61,61,61,61,69,69,75,75,46,46,46,45,45,45,45,58,58,58,58,78,78,78,78,112,112,112,112,68,68,68,46,46,58,58,52,52,52,44,44,44,46,46,46,54,54,54,42,42,60,60,60,68,68,68,69,69,69,37,35,32,32,83,83,69,69,22
217,39.01599999999999824,58,55,14,14,-2,-2,-2,19,19,19,19,25,25,25,28,28,59,59,26,26,-1,-1,43,43,43,34,34,34,34,30,30,30,30,24,24,24,3,3,-51,-51,44,44,44,54,54,54,45,45,45,18,18,14,14,15,15,31,31,31,31,31,31,31,50,50,50,50,20,20,20,20,49,49,49,40,40,40,35,35,35,31,31,31,31,40,40,40,40,40,51,51,51,51,-4,-4,-4,11,11,16,16,16,12,12,12,12,18,18,18,18,18,25,25,25,25,16,16,16,14,14,16,16,16,10,10,10,10,20,20,20,20,20,61,61,61,61,61,13,13,13,15,15,5,5,5,37,37,37,37,24,24,24,24,24,4,4,4,4,26,26,26,31,31,32,32,32,12,12,12,12,22,22,22,22,39,39,39,39,18,18,18,-8,-8,-8,12,12,12,10,10,10,20,20,-22,-22,-22,34,34,34,21,21,21,-17,-17,19,19,33,33,33,-12,-12,-12,-12,26,26,26,26,67,67,67,17,17,17,9,9,28,28,28,30,30,30,41,41,41,41,64,64,64,33,33,33,56,56,56,43,43,43,27,27,27,27,23,23,23,23,49,49,49,22,22,22,5,5,15,15,15,15,42,42,42,42,61,61,61,61,27,27,27,54,54,19,19,40,40,40,97,97,97,97,56,56,56,56,64,64,64,38,38,2,2,2,24,24,24,34,34,34,34,24,24,24,24,25,25,25,25,35,35,35,35,35,35,49,49,49,49,48,48,48,48,62,62,62,62,75,75,75,24,24,24,39,39,39,37,37,37,37,50,50,50,50,95,95,95,95,55,55,55,49,49,49,50,50,50,50,52,52,52,52,78,78,78,68,68,68,53,53,53,42,42,42,27,27,27,27,63,63,63,63,47,47,47,47,39,39,39,43,43,43,40,40,40,71,71,71,71,71,71,71,71,54,54,54,37,37,22,22,56,56,56,66,66,66,66,64,64,64,64,48,48,48,54,54,54,44,44,44,28,28,28,34,34,34,34,52,52,52,52,53,53,53,29,29,18,18,30,30,26,26,26,68,68,68,68,57,57,57,57,46,46,46,47,47,46,46,46,21,21,21,32,32,32,61,61,61,61,61,74,74,74,74,44,44,44,51,51,51,57,57,57,71,71,71,71,71,46,46,46,46,53,53,45,45,58,58,58,63,63,63,63,48,48,48,48,58,58,58,58,82,82,82,82,48,48,48,46,46,15,15,24,24,24,24,24,24,28,28,28,18,18,18,30,30,22,22,22,41,41,41,50,50,50,25,12,14,14,41,41,57,57,38
218,39.21600000000000108,35,19,43,43,11,11,11,22,22,22,22,17,17,17,28,28,35,35,9,9,-19,-19,-25,-25,-25,12,12,12,12,30,30,30,30,41,41,41,37,37,20,20,9,9,9,5,5,5,-17,-17,-17,44,44,-5,-5,-11,-11,13,13,13,-1,-1,-1,-1,6,6,6,6,20,20,20,20,-22,-22,-22,37,37,37,-11,-11,-11,23,23,23,23,23,23,23,23,23,30,30,30,30,-10,-10,-10,2,2,-7,-7,-7,16,16,16,16,-13,-13,-13,-13,-13,23,23,23,23,-9,-9,-9,-8,-8,30,30,30,15,15,15,15,12,12,12,12,12,-5,-5,-5,-5,-5,0,0,0,-6,-6,-17,-17,-17,-16,-16,-16,-16,15,15,15,15,15,19,19,19,19,7,7,7,8,8,-1,-1,-1,-11,-11,-11,-11,-2,-2,-2,-2,40,40,40,40,-5,-5,-5,4,4,4,-20,-20,-20,-14,-14,-14,5,5,-16,-16,-16,14,14,14,6,6,6,2,2,-3,-3,1,1,1,-23,-23,-23,-23,17,17,17,17,-1,-1,-1,10,10,10,1,1,-2,-2,-2,23,23,23,18,18,18,18,41,41,41,11,11,11,12,12,12,29,29,29,41,41,41,41,34,34,34,34,49,49,49,22,22,22,10,10,-20,-20,-20,-20,10,10,10,10,30,30,30,30,24,24,24,26,26,26,26,19,19,19,64,64,64,64,39,39,39,39,27,27,27,7,7,5,5,5,-7,-7,-7,10,10,10,10,-3,-3,-3,-3,26,26,26,26,19,19,19,8,8,8,36,36,36,36,34,34,34,34,69,69,69,69,44,44,44,33,33,33,35,35,35,36,36,36,36,46,46,46,46,63,63,63,63,22,22,22,19,19,19,41,41,41,41,41,41,41,41,64,64,64,34,34,34,25,25,25,32,32,32,0,0,0,0,50,50,50,50,37,37,37,37,44,44,44,30,30,30,44,44,44,72,72,72,72,68,68,68,68,34,34,34,28,28,9,9,61,61,61,36,36,36,36,67,67,67,67,41,41,41,45,45,45,36,36,36,35,35,35,28,28,28,28,34,34,34,34,7,7,7,-3,-3,14,14,1,1,30,30,30,38,38,38,38,40,40,40,40,31,31,31,28,28,21,21,21,34,34,34,30,30,30,54,54,54,54,54,74,74,74,74,72,72,72,41,41,41,48,48,48,59,59,59,59,59,61,61,61,61,57,57,23,23,31,31,31,28,28,28,28,55,55,55,55,38,38,38,38,77,77,77,77,35,35,35,29,29,-7,-7,29,29,29,25,25,25,12,12,12,37,37,37,7,7,23,23,23,10,10,10,17,17,17,6,6,-14,-14,28,28,58,58,54
219,39.41599999999999682,2,46,23,23,24,24,24,28,28,28,28,-11,-11,-11,0,0,-48,-48,10,10,20,20,5,5,5,-23,-23,-23,-23,22,22,22,22,11,11,11,-39,-39,-38,-38,33,33,33,8,8,8,-12,-12,-12,-18,-18,-11,-11,-14,-14,18,18,18,-37,-37,-37,-37,-15,-15,-15,-15,30,30,30,30,-47,-47,-47,18,18,18,37,37,37,-14,-14,-14,-14,3,3,3,3,3,-1,-1,-1,-1,-11,-11,-11,18,18,12,12,12,16,16,16,16,6,6,6,6,6,19,19,19,19,-11,-11,-11,18,18,-15,-15,-15,-20,-20,-20,-20,-11,-11,-11,-11,-11,3,3,3,3,3,-33,-33,-33,-10,-10,-7,-7,-7,-22,-22,-22,-22,-8,-8,-8,-8,-8,0,0,0,0,-11,-11,-11,3,3,0,0,0,-22,-22,-22,-22,-35,-35,-35,-35,16,16,16,16,-20,-20,-20,2,2,2,-13,-13,-13,8,8,8,-9,-9,1,1,1,10,10,10,-20,-20,-20,-42,-42,-32,-32,8,8,8,-9,-9,-9,-9,-7,-7,-7,-7,12,12,12,-48,-48,-48,-18,-18,1,1,1,-16,-16,-16,-8,-8,-8,-8,0,0,0,-6,-6,-6,-8,-8,-8,-11,-11,-11,35,35,35,35,25,25,25,25,5,5,5,-3,-3,-3,-5,-5,-3,-3,-3,-3,-27,-27,-27,-27,23,23,23,23,19,19,19,24,24,11,11,5,5,5,32,32,32,32,-14,-14,-14,-14,-4,-4,-4,-5,-5,12,12,12,-26,-26,-26,-12,-12,-12,-12,-21,-21,-21,-21,-1,-1,-1,-1,12,12,12,-4,-4,-4,13,13,13,13,-2,-2,-2,-2,14,14,14,14,0,0,0,2,2,2,14,14,14,36,36,36,36,18,18,18,18,13,13,13,13,-8,-8,-8,-1,-1,-1,2,2,2,2,15,15,15,15,33,33,33,15,15,15,-11,-11,-11,11,11,11,-13,-13,-13,-13,32,32,32,32,18,18,18,18,23,23,23,19,19,19,20,20,20,43,43,43,43,71,71,71,71,2,2,2,24,24,-30,-30,18,18,18,15,15,15,15,21,21,21,21,14,14,14,7,7,7,4,4,4,16,16,16,10,10,10,10,-12,-12,-12,-12,-4,-4,-4,11,11,-17,-17,-18,-18,-5,-5,-5,30,30,30,30,33,33,33,33,-3,-3,-3,-5,-5,16,16,16,13,13,13,20,20,20,49,49,49,49,49,45,45,45,45,11,11,11,31,31,31,24,24,24,24,24,24,24,24,-9,-9,-9,-9,25,25,-13,-13,1,1,1,8,8,8,8,16,16,16,16,21,21,21,21,43,43,43,43,17,17,17,-12,-12,-25,-25,-3,-3,-3,10,10,10,-12,-12,-12,23,23,23,20,20,29,29,29,11,11,11,21,21,21,23,-13,-1,-1,30,30,34,34,62
220,39.61599999999999966,14,12,-11,-11,-11,-11,-11,18,18,18,18,-18,-18,-18,7,7,-25,-25,-17,-17,2,2,6,6,6,16,16,16,16,-21,-21,-21,-21,-27,-27,-27,-51,-51,-46,-46,-23,-23,-23,0,0,0,-5,-5,-5,-15,-15,-22,-22,9,9,-17,-17,-17,-12,-12,-12,-12,-10,-10,-10,-10,23,23,23,23,-54,-54,-54,-53,-53,-53,-26,-26,-26,-37,-37,-37,-37,-19,-19,-19,-19,-19,-31,-31,-31,-31,-12,-12,-12,53,53,-30,-30,-30,14,14,14,14,-10,-10,-10,-10,-10,-42,-42,-42,-42,-25,-25,-25,-35,-35,-19,-19,-19,2,2,2,2,-13,-13,-13,-13,-13,22,22,22,22,22,-49,-49,-49,-31,-31,-17,-17,-17,7,7,7,7,-8,-8,-8,-8,-8,-23,-23,-23,-23,-17,-17,-17,-23,-23,-35,-35,-35,-44,-44,-44,-44,-52,-52,-52,-52,-25,-25,-25,-25,-8,-8,-8,-41,-41,-41,6,6,6,-36,-36,-36,-23,-23,-15,-15,-15,-5,-5,-5,-42,-42,-42,-48,-48,-34,-34,-32,-32,-32,-28,-28,-28,-28,-6,-6,-6,-6,-20,-20,-20,42,42,42,-41,-41,-41,-41,-41,-18,-18,-18,-1,-1,-1,-1,-23,-23,-23,-21,-21,-21,-36,-36,-36,-14,-14,-14,18,18,18,18,19,19,19,19,-8,-8,-8,-32,-32,-32,-16,-16,-25,-25,-25,-25,-9,-9,-9,-9,-6,-6,-6,-6,-8,-8,-8,-29,-29,-7,-7,-17,-17,-17,11,11,11,11,-8,-8,-8,-8,-3,-3,-3,-22,-22,-12,-12,-12,-59,-59,-59,-19,-19,-19,-19,-33,-33,-33,-33,5,5,5,5,-3,-3,-3,-29,-29,-29,-31,-31,-31,-31,-28,-28,-28,-28,-11,-11,-11,-11,-24,-24,-24,-14,-14,-14,-12,-12,-12,-17,-17,-17,-17,10,10,10,10,-27,-27,-27,-27,-32,-32,-32,-39,-39,-39,4,4,4,4,6,6,6,6,-17,-17,-17,-4,-4,-4,-22,-22,-22,-19,-19,-19,-22,-22,-22,-22,-5,-5,-5,-5,-6,-6,-6,-6,-4,-4,-4,-9,-9,-9,-35,-35,-35,-10,-10,-10,-10,-6,-6,-6,-6,-8,-8,-8,-26,-26,-19,-19,-13,-13,-13,-5,-5,-5,-5,-30,-30,-30,-30,1,1,1,-9,-9,-9,-24,-24,-24,-24,-24,-24,-32,-32,-32,-32,-13,-13,-13,-13,-25,-25,-25,-40,-40,-49,-49,-29,-29,-16,-16,-16,-24,-24,-24,-24,-2,-2,-2,-2,-25,-25,-25,-41,-41,-19,-19,-19,-15,-15,-15,-10,-10,-10,20,20,20,20,20,40,40,40,40,-24,-24,-24,-1,-1,-1,-15,-15,-15,19,19,19,19,19,11,11,11,11,-21,-21,-7,-7,-12,-12,-12,-7,-7,-7,-7,-38,-38,-38,-38,-13,-13,-13,-13,21,21,21,21,-3,-3,-3,-14,-14,-35,-35,-28,-28,-28,-21,-21,-21,-19,-19,-19,2,2,2,9,9,1,1,1,-12,-12,-12,-10,-10,-10,10,-3,0,0,17,17,28,28,53
221,39.8160000000000025,0,-9,-5,-5,-47,-47,-47,-27,-27,-27,-27,-4,-4,-4,7,7,-36,-36,2,2,39,39,13,13,13,-7,-7,-7,-7,-2,-2,-2,-2,-18,-18,-18,-30,-30,-25,-25,-19,-19,-19,-36,-36,-36,-14,-14,-14,-6,-6,-9,-9,-16,-16,-7,-7,-7,-30,-30,-30,-30,-5,-5,-5,-5,1,1,1,1,-40,-40,-40,9,9,9,7,7,7,-25,-25,-25,-25,38,38,38,38,38,-6,-6,-6,-6,-37,-37,-37,-19,-19,-61,-61,-61,-23,-23,-23,-23,-19,-19,-19,-19,-19,12,12,12,12,-54,-54,-54,-22,-22,-8,-8,-8,-15,-15,-15,-15,-50,-50,-50,-50,-50,-2,-2,-2,-2,-2,-24,-24,-24,-16,-16,-38,-38,-38,-31,-31,-31,-31,-32,-32,-32,-32,-32,-23,-23,-23,-23,-9,-9,-9,-50,-50,-55,-55,-55,-9,-9,-9,-9,-31,-31,-31,-31,-15,-15,-15,-15,-26,-26,-26,-27,-27,-27,-15,-15,-15,-17,-17,-17,9,9,20,20,20,23,23,23,-46,-46,-46,-23,-23,-42,-42,-4,-4,-4,-4,-4,-4,-4,-17,-17,-17,-17,-50,-50,-50,-45,-45,-45,-6,-6,-24,-24,-24,-28,-28,-28,-41,-41,-41,-41,-5,-5,-5,-13,-13,-13,-49,-49,-49,-31,-31,-31,-17,-17,-17,-17,-19,-19,-19,-19,-8,-8,-8,-12,-12,-12,-29,-29,-12,-12,-12,-12,3,3,3,3,-25,-25,-25,-25,-24,-24,-24,-15,-15,-11,-11,-7,-7,-7,-39,-39,-39,-39,-36,-36,-36,-36,6,6,6,5,5,-20,-20,-20,-50,-50,-50,-42,-42,-42,-42,-16,-16,-16,-16,-24,-24,-24,-24,-16,-16,-16,-15,-15,-15,-34,-34,-34,-34,-35,-35,-35,-35,-24,-24,-24,-24,-33,-33,-33,-38,-38,-38,-27,-27,-27,-15,-15,-15,-15,-22,-22,-22,-22,-32,-32,-32,-32,-32,-32,-32,-37,-37,-37,1,1,1,1,-11,-11,-11,-11,-20,-20,-20,-22,-22,-22,-10,-10,-10,-14,-14,-14,-34,-34,-34,-34,-49,-49,-49,-49,-15,-15,-15,-15,-40,-40,-40,-21,-21,-21,-23,-23,-23,-15,-15,-15,-15,-18,-18,-18,-18,-4,-4,-4,-10,-10,-36,-36,-18,-18,-18,-19,-19,-19,-19,-35,-35,-35,-35,-38,-38,-38,-8,-8,-8,-10,-10,-10,-17,-17,-17,-13,-13,-13,-13,-57,-57,-57,-57,-12,-12,-12,-11,-11,-21,-21,-19,-19,-38,-38,-38,-25,-25,-25,-25,-18,-18,-18,-18,-29,-29,-29,-27,-27,-31,-31,-31,-31,-31,-31,-20,-20,-20,-12,-12,-12,-12,-12,-4,-4,-4,-4,-12,-12,-12,-41,-41,-41,-16,-16,-16,5,5,5,5,5,-17,-17,-17,-17,-21,-21,-23,-23,-17,-17,-17,-27,-27,-27,-27,-10,-10,-10,-10,-8,-8,-8,-8,-24,-24,-24,-24,-29,-29,-29,-25,-25,-31,-31,-33,-33,-33,-37,-37,-37,-12,-12,-12,-3,-3,-3,-22,-22,13,13,13,-12,-12,-12,-17,-17,-17,-11,-5,10,10,-6,-6,38,38,58
222,40.01599999999999824,20,-9,-15,-15,-17,-17,-17,-16,-16,-16,-16,-5,-5,-5,-19,-19,-24,-24,4,4,-40,-40,-19,-19,-19,-5,-5,-5,-5,-59,-59,-59,-59,-61,-61,-61,-61,-61,-27,-27,-26,-26,-26,-50,-50,-50,-35,-35,-35,-18,-18,4,4,34,34,-14,-14,-14,-25,-25,-25,-25,2,2,2,2,-4,-4,-4,-4,-61,-61,-61,4,4,4,-18,-18,-18,-23,-23,-23,-23,-10,-10,-10,-10,-10,-23,-23,-23,-23,4,4,4,-8,-8,8,8,8,-18,-18,-18,-18,-24,-24,-24,-24,-24,-24,-24,-24,-24,-44,-44,-44,-2,-2,-37,-37,-37,10,10,10,10,-39,-39,-39,-39,-39,1,1,1,1,1,-4,-4,-4,13,13,6,6,6,-34,-34,-34,-34,-10,-10,-10,-10,-10,-16,-16,-16,-16,-17,-17,-17,-16,-16,-18,-18,-18,29,29,29,29,-32,-32,-32,-32,-21,-21,-21,-21,-14,-14,-14,-20,-20,-20,-7,-7,-7,-18,-18,-18,0,0,37,37,37,-10,-10,-10,-3,-3,-3,-39,-39,-18,-18,2,2,2,-22,-22,-22,-22,8,8,8,8,-28,-28,-28,-9,-9,-9,-1,-1,1,1,1,-33,-33,-33,-56,-56,-56,-56,-30,-30,-30,-16,-16,-16,-25,-25,-25,-16,-16,-16,-40,-40,-40,-40,-15,-15,-15,-15,-31,-31,-31,-37,-37,-37,8,8,5,5,5,5,5,5,5,5,-2,-2,-2,-2,29,29,29,-3,-3,-22,-22,-5,-5,-5,-35,-35,-35,-35,-4,-4,-4,-4,5,5,5,-4,-4,3,3,3,-37,-37,-37,-28,-28,-28,-28,-5,-5,-5,-5,-9,-9,-9,-9,-1,-1,-1,-34,-34,-34,-39,-39,-39,-39,-32,-32,-32,-32,-19,-19,-19,-19,-43,-43,-43,-20,-20,-20,-4,-4,-4,-7,-7,-7,-7,-10,-10,-10,-10,-32,-32,-32,-32,-41,-41,-41,-16,-16,-16,1,1,1,1,0,0,0,0,-40,-40,-40,-24,-24,-24,3,3,3,13,13,13,-19,-19,-19,-19,-36,-36,-36,-36,-28,-28,-28,-28,-29,-29,-29,-18,-18,-18,-11,-11,-11,-20,-20,-20,-20,-19,-19,-19,-19,-6,-6,-6,7,7,9,9,-9,-9,-9,-19,-19,-19,-19,-7,-7,-7,-7,-9,-9,-9,-15,-15,-15,-14,-14,-14,-19,-19,-19,-7,-7,-7,-7,-31,-31,-31,-31,-11,-11,-11,8,8,11,11,-26,-26,-15,-15,-15,-14,-14,-14,-14,-24,-24,-24,-24,-3,-3,-3,-22,-22,4,4,4,-16,-16,-16,1,1,1,-24,-24,-24,-24,-24,-17,-17,-17,-17,-21,-21,-21,-15,-15,-15,-35,-35,-35,-1,-1,-1,-1,-1,-3,-3,-3,-3,-41,-41,-17,-17,19,19,19,-17,-17,-17,-17,-4,-4,-4,-4,-29,-29,-29,-29,-18,-18,-18,-18,-19,-19,-19,-20,-20,-10,-10,-19,-19,-19,-15,-15,-15,-24,-24,-24,-8,-8,-8,-29,-29,0,0,0,-22,-22,-22,-33,-33,-33,8,21,26,26,28,28,38,38,51
223,40.21600000000000108,4,-12,-10,-10,-31,-31,-31,-24,-24,-24,-24,-23,-23,-23,-27,-27,-19,-19,-39,-39,-19,-19,-30,-30,-30,-17,-17,-17,-17,-61,-61,-61,-61,-23,-23,-23,-5,-5,-40,-40,-40,-40,-40,-50,-50,-50,21,21,21,-28,-28,17,17,-3,-3,-24,-24,-24,13,13,13,13,34,34,34,34,-6,-6,-6,-6,-4,-4,-4,13,13,13,-22,-22,-22,5,5,5,5,-21,-21,-21,-21,-21,-16,-16,-16,-16,13,13,13,6,6,-26,-26,-26,4,4,4,4,-2,-2,-2,-2,-2,-25,-25,-25,-25,-4,-4,-4,25,25,-4,-4,-4,-3,-3,-3,-3,-27,-27,-27,-27,-27,-31,-31,-31,-31,-31,1,1,1,8,8,-37,-37,-37,-22,-22,-22,-22,-11,-11,-11,-11,-11,20,20,20,20,23,23,23,-14,-14,-20,-20,-20,-1,-1,-1,-1,-5,-5,-5,-5,-9,-9,-9,-9,-9,-9,-9,16,16,16,-3,-3,-3,1,1,1,-12,-12,-26,-26,-26,-7,-7,-7,-27,-27,-27,-18,-18,-10,-10,-13,-13,-13,-3,-3,-3,-3,-21,-21,-21,-21,2,2,2,-25,-25,-25,-9,-9,2,2,2,-25,-25,-25,-29,-29,-29,-29,-17,-17,-17,-10,-10,-10,-30,-30,-30,-22,-22,-22,-34,-34,-34,-34,-35,-35,-35,-35,-43,-43,-43,17,17,17,1,1,1,1,1,1,-24,-24,-24,-24,2,2,2,2,-15,-15,-15,-5,-5,-24,-24,-24,-24,-24,-14,-14,-14,-14,-10,-10,-10,-10,9,9,9,0,0,-7,-7,-7,-4,-4,-4,-1,-1,-1,-1,-6,-6,-6,-6,-2,-2,-2,-2,6,6,6,4,4,4,-27,-27,-27,-27,-26,-26,-26,-26,8,8,8,8,-13,-13,-13,2,2,2,-1,-1,-1,-2,-2,-2,-2,-43,-43,-43,-43,-19,-19,-19,-19,-21,-21,-21,-29,-29,-29,-13,-13,-13,-13,-5,-5,-5,-5,-36,-36,-36,-17,-17,-17,45,45,45,14,14,14,10,10,10,10,-2,-2,-2,-2,0,0,0,0,-13,-13,-13,4,4,4,-6,-6,-6,-31,-31,-31,-31,-17,-17,-17,-17,-19,-19,-19,10,10,7,7,19,19,19,18,18,18,18,4,4,4,4,-8,-8,-8,-19,-19,-19,-7,-7,-7,-6,-6,-6,-17,-17,-17,-17,-20,-20,-20,-20,0,0,0,3,3,-3,-3,-24,-24,-15,-15,-15,-21,-21,-21,-21,-21,-21,-21,-21,10,10,10,-4,-4,11,11,11,16,16,16,-10,-10,-10,-7,-7,-7,-7,-7,0,0,0,0,-20,-20,-20,-15,-15,-15,-5,-5,-5,8,8,8,8,8,-6,-6,-6,-6,-5,-5,4,4,-6,-6,-6,15,15,15,15,-2,-2,-2,-2,-22,-22,-22,-22,-1,-1,-1,-1,-11,-11,-11,-18,-18,-5,-5,4,4,4,-7,-7,-7,-12,-12,-12,-28,-28,-28,-27,-27,-11,-11,-11,-7,-7,-7,-16,-16,-16,28,24,20,20,34,34,30,30,62
224,40.41599999999999682,-14,-40,-30,-30,-31,-31,-31,-2,-2,-2,-2,36,36,36,-8,-8,-26,-26,21,21,-5,-5,-16,-16,-16,-49,-49,-49,-49,-20,-20,-20,-20,-19,-19,-19,14,14,-38,-38,-27,-27,-27,3,3,3,-42,-42,-42,-3,-3,-19,-19,7,7,2,2,2,38,38,38,38,18,18,18,18,-2,-2,-2,-2,81,81,81,-60,-60,-60,1,1,1,26,26,26,26,-81,-81,-81,-81,-81,-32,-32,-32,-32,-6,-6,-6,-27,-27,-14,-14,-14,35,35,35,35,2,2,2,2,2,-33,-33,-33,-33,-26,-26,-26,2,2,-13,-13,-13,-6,-6,-6,-6,-27,-27,-27,-27,-27,12,12,12,12,12,-7,-7,-7,-7,-7,-4,-4,-4,-29,-29,-29,-29,-33,-33,-33,-33,-33,11,11,11,11,4,4,4,14,14,6,6,6,10,10,10,10,-4,-4,-4,-4,-15,-15,-15,-15,-3,-3,-3,6,6,6,12,12,12,-14,-14,-14,-13,-13,-23,-23,-23,-26,-26,-26,1,1,1,7,7,-5,-5,1,1,1,-23,-23,-23,-23,10,10,10,10,-23,-23,-23,-12,-12,-12,2,2,4,4,4,-18,-18,-18,-9,-9,-9,-9,-15,-15,-15,-35,-35,-35,-24,-24,-24,-33,-33,-33,-37,-37,-37,-37,-33,-33,-33,-33,-25,-25,-25,5,5,5,15,15,6,6,6,6,-26,-26,-26,-26,-10,-10,-10,-10,-7,-7,-7,-10,-10,-58,-58,-20,-20,-20,-7,-7,-7,-7,-15,-15,-15,-15,5,5,5,-17,-17,5,5,5,6,6,6,21,21,21,21,21,21,21,21,12,12,12,12,-25,-25,-25,-13,-13,-13,-19,-19,-19,-19,-2,-2,-2,-2,-19,-19,-19,-19,-15,-15,-15,16,16,16,2,2,2,-2,-2,-2,-2,-18,-18,-18,-18,-7,-7,-7,-7,-30,-30,-30,-7,-7,-7,-22,-22,-22,-22,-19,-19,-19,-19,-25,-25,-25,4,4,4,7,7,7,-7,-7,-7,3,3,3,3,12,12,12,12,-20,-20,-20,-20,-9,-9,-9,2,2,2,-9,-9,-9,-40,-40,-40,-40,-23,-23,-23,-23,-2,-2,-2,-29,-29,11,11,-2,-2,-2,8,8,8,8,14,14,14,14,-3,-3,-3,-27,-27,-27,-7,-7,-7,0,0,0,-14,-14,-14,-14,-9,-9,-9,-9,8,8,8,-21,-21,-12,-12,-13,-13,-44,-44,-44,-9,-9,-9,-9,-38,-38,-38,-38,-17,-17,-17,-19,-19,2,2,2,4,4,4,-3,-3,-3,-11,-11,-11,-11,-11,-12,-12,-12,-12,23,23,23,0,0,0,-1,-1,-1,-12,-12,-12,-12,-12,-15,-15,-15,-15,-20,-20,-1,-1,13,13,13,5,5,5,5,4,4,4,4,-20,-20,-20,-20,10,10,10,10,-3,-3,-3,-10,-10,-8,-8,27,27,27,-12,-12,-12,-6,-6,-6,-26,-26,-26,-13,-13,2,2,2,4,4,4,1,1,1,31,27,19,19,32,32,27,27,73
225,40.61599999999999966,4,-14,-26,-26,12,12,12,-9,-9,-9,-9,-20,-20,-20,0,0,6,6,12,12,17,17,36,36,36,12,12,12,12,-20,-20,-20,-20,3,3,3,37,37,21,21,-22,-22,-22,-51,-51,-51,30,30,30,16,16,23,23,33,33,-14,-14,-14,-3,-3,-3,-3,34,34,34,34,-27,-27,-27,-27,31,31,31,-1,-1,-1,4,4,4,43,43,43,43,-25,-25,-25,-25,-25,-19,-19,-19,-19,1,1,1,6,6,33,33,33,-20,-20,-20,-20,9,9,9,9,9,9,9,9,9,-22,-22,-22,-1,-1,15,15,15,24,24,24,24,-3,-3,-3,-3,-3,25,25,25,25,25,-13,-13,-13,-4,-4,19,19,19,25,25,25,25,-7,-7,-7,-7,-7,3,3,3,3,29,29,29,-18,-18,6,6,6,28,28,28,28,19,19,19,19,5,5,5,5,-17,-17,-17,12,12,12,19,19,19,-6,-6,-6,19,19,8,8,8,-18,-18,-18,7,7,7,3,3,-14,-14,-12,-12,-12,-7,-7,-7,-7,4,4,4,4,8,8,8,-3,-3,-3,-9,-9,9,9,9,17,17,17,-1,-1,-1,-1,-3,-3,-3,-9,-9,-9,13,13,13,-5,-5,-5,11,11,11,11,-13,-13,-13,-13,23,23,23,20,20,20,-23,-23,15,15,15,15,8,8,8,8,26,26,26,26,12,12,12,18,18,4,4,18,18,18,5,5,5,5,16,16,16,16,14,14,14,-27,-27,15,15,15,39,39,39,17,17,17,17,22,22,22,22,-2,-2,-2,-2,30,30,30,-2,-2,-2,1,1,1,1,3,3,3,3,-3,-3,-3,-3,-2,-2,-2,31,31,31,16,16,16,-17,-17,-17,-17,16,16,16,16,4,4,4,4,5,5,5,33,33,33,-11,-11,-11,-11,-21,-21,-21,-21,-10,-10,-10,5,5,5,-1,-1,-1,-14,-14,-14,22,22,22,22,-14,-14,-14,-14,-8,-8,-8,-8,0,0,0,24,24,24,-3,-3,-3,-21,-21,-21,-21,-44,-44,-44,-44,-2,-2,-2,7,7,27,27,17,17,17,24,24,24,24,-5,-5,-5,-5,0,0,0,0,0,0,-13,-13,-13,-12,-12,-12,-6,-6,-6,-6,-5,-5,-5,-5,-5,-5,-5,-3,-3,1,1,-11,-11,-18,-18,-18,-30,-30,-30,-30,-13,-13,-13,-13,7,7,7,7,7,-16,-16,-16,3,3,3,-17,-17,-17,-4,-4,-4,-4,-4,-7,-7,-7,-7,6,6,6,-15,-15,-15,-23,-23,-23,0,0,0,0,0,-42,-42,-42,-42,-2,-2,-3,-3,-11,-11,-11,10,10,10,10,3,3,3,3,10,10,10,10,-11,-11,-11,-11,8,8,8,1,1,15,15,7,7,7,-4,-4,-4,-14,-14,-14,-17,-17,-17,-20,-20,14,14,14,35,35,35,10,10,10,42,33,27,27,28,28,52,52,63
226,40.8160000000000025,14,3,23,23,17,17,17,-24,-24,-24,-24,9,9,9,-17,-17,10,10,7,7,54,54,46,46,46,5,5,5,5,-24,-24,-24,-24,22,22,22,0,0,47,47,-1,-1,-1,26,26,26,15,15,15,-26,-26,27,27,20,20,3,3,3,-15,-15,-15,-15,28,28,28,28,6,6,6,6,22,22,22,42,42,42,40,40,40,37,37,37,37,-15,-15,-15,-15,-15,-5,-5,-5,-5,1,1,1,20,20,4,4,4,55,55,55,55,6,6,6,6,6,-1,-1,-1,-1,0,0,0,19,19,24,24,24,5,5,5,5,14,14,14,14,14,30,30,30,30,30,38,38,38,52,52,38,38,38,76,76,76,76,0,0,0,0,0,19,19,19,19,25,25,25,10,10,5,5,5,6,6,6,6,11,11,11,11,15,15,15,15,-2,-2,-2,27,27,27,24,24,24,29,29,29,36,36,6,6,6,-21,-21,-21,6,6,6,11,11,39,39,13,13,13,13,13,13,13,27,27,27,27,19,19,19,41,41,41,25,25,42,42,42,14,14,14,16,16,16,16,32,32,32,10,10,10,42,42,42,43,43,43,28,28,28,28,-6,-6,-6,-6,33,33,33,31,31,31,-6,-6,29,29,29,29,15,15,15,15,5,5,5,5,29,29,29,17,17,7,7,35,35,35,49,49,49,49,21,21,21,21,22,22,22,5,5,33,33,33,53,53,53,34,34,34,34,28,28,28,28,28,28,28,28,29,29,29,19,19,19,23,23,23,23,15,15,15,15,14,14,14,14,35,35,35,-8,-8,-8,12,12,12,2,2,2,2,0,0,0,0,34,34,34,34,37,37,37,54,54,54,43,43,43,43,38,38,38,38,39,39,39,52,52,52,27,27,27,3,3,3,34,34,34,34,30,30,30,30,24,24,24,24,26,26,26,25,25,25,16,16,16,26,26,26,26,-9,-9,-9,-9,31,31,31,16,16,32,32,5,5,5,41,41,41,41,0,0,0,0,19,19,19,14,14,14,14,14,14,2,2,2,15,15,15,15,8,8,8,8,42,42,42,23,23,25,25,28,28,-1,-1,-1,-12,-12,-12,-12,17,17,17,17,19,19,19,23,23,-3,-3,-3,22,22,22,8,8,8,1,1,1,1,1,27,27,27,27,8,8,8,-17,-17,-17,27,27,27,9,9,9,9,9,16,16,16,16,11,11,23,23,13,13,13,13,13,13,13,16,16,16,16,4,4,4,4,-10,-10,-10,-10,13,13,13,6,6,20,20,17,17,17,-14,-14,-14,-8,-8,-8,-18,-18,-18,2,2,45,45,45,33,33,33,30,30,30,51,54,34,34,27,27,48,48,54
227,41.01599999999999824,27,17,44,44,50,50,50,-2,-2,-2,-2,14,14,14,3,3,38,38,10,10,27,27,39,39,39,-13,-13,-13,-13,-16,-16,-16,-16,34,34,34,53,53,34,34,9,9,9,8,8,8,-4,-4,-4,31,31,28,28,32,32,58,58,58,23,23,23,23,47,47,47,47,17,17,17,17,12,12,12,19,19,19,66,66,66,24,24,24,24,71,71,71,71,71,13,13,13,13,44,44,44,38,38,3,3,3,29,29,29,29,31,31,31,31,31,20,20,20,20,22,22,22,50,50,25,25,25,12,12,12,12,36,36,36,36,36,27,27,27,27,27,35,35,35,39,39,-9,-9,-9,83,83,83,83,22,22,22,22,22,25,25,25,25,48,48,48,18,18,33,33,33,23,23,23,23,-11,-11,-11,-11,11,11,11,11,21,21,21,46,46,46,31,31,31,17,17,17,2,2,15,15,15,30,30,30,31,31,31,58,58,6,6,24,24,24,20,20,20,20,34,34,34,34,24,24,24,31,31,31,37,37,46,46,46,38,38,38,40,40,40,40,20,20,20,41,41,41,57,57,57,25,25,25,60,60,60,60,44,44,44,44,78,78,78,15,15,15,46,46,33,33,33,33,17,17,17,17,38,38,38,38,35,35,35,31,31,32,32,41,41,41,68,68,68,68,53,53,53,53,31,31,31,25,25,40,40,40,94,94,94,49,49,49,49,38,38,38,38,32,32,32,32,47,47,47,18,18,18,31,31,31,31,34,34,34,34,36,36,36,36,41,41,41,29,29,29,21,21,21,22,22,22,22,27,27,27,27,40,40,40,40,64,64,64,60,60,60,55,55,55,55,37,37,37,37,63,63,63,81,81,81,34,34,34,54,54,54,54,54,54,54,19,19,19,19,7,7,7,7,21,21,21,18,18,18,27,27,27,53,53,53,53,23,23,23,23,33,33,33,36,36,58,58,18,18,18,47,47,47,47,22,22,22,22,36,36,36,44,44,44,39,39,39,21,21,21,49,49,49,49,13,13,13,13,38,38,38,38,38,40,40,18,18,59,59,59,40,40,40,40,17,17,17,17,24,24,24,3,3,27,27,27,26,26,26,24,24,24,26,26,26,26,26,17,17,17,17,-1,-1,-1,21,21,21,15,15,15,13,13,13,13,13,28,28,28,28,-5,-5,29,29,30,30,30,26,26,26,26,34,34,34,34,32,32,32,32,14,14,14,14,4,4,4,24,24,26,26,17,17,17,16,16,16,13,13,13,-5,-5,-5,-3,-3,40,40,40,42,42,42,31,31,31,57,54,26,26,26,26,50,50,23
228,41.21600000000000108,43,-20,24,24,31,31,31,11,11,11,11,45,45,45,5,5,21,21,-20,-20,-32,-32,2,2,2,16,16,16,16,36,36,36,36,11,11,11,-43,-43,39,39,35,35,35,21,21,21,60,60,60,24,24,-13,-13,25,25,45,45,45,35,35,35,35,27,27,27,27,-6,-6,-6,-6,18,18,18,19,19,19,7,7,7,43,43,43,43,61,61,61,61,61,9,9,9,9,19,19,19,7,7,-10,-10,-10,30,30,30,30,-6,-6,-6,-6,-6,1,1,1,1,26,26,26,54,54,27,27,27,16,16,16,16,37,37,37,37,37,24,24,24,24,24,36,36,36,33,33,2,2,2,25,25,25,25,21,21,21,21,21,8,8,8,8,39,39,39,17,17,-8,-8,-8,21,21,21,21,20,20,20,20,10,10,10,10,10,10,10,-7,-7,-7,8,8,8,20,20,20,11,11,5,5,5,33,33,33,36,36,36,21,21,25,25,-2,-2,-2,30,30,30,30,15,15,15,15,-18,-18,-18,12,12,12,36,36,17,17,17,43,43,43,26,26,26,26,54,54,54,34,34,34,22,22,22,44,44,44,41,41,41,41,12,12,12,12,44,44,44,28,28,28,29,29,34,34,34,34,40,40,40,40,-5,-5,-5,-5,18,18,18,21,21,41,41,25,25,25,52,52,52,52,53,53,53,53,-4,-4,-4,6,6,38,38,38,64,64,64,43,43,43,43,24,24,24,24,25,25,25,25,23,23,23,40,40,40,28,28,28,28,8,8,8,8,13,13,13,13,36,36,36,39,39,39,36,36,36,30,30,30,30,22,22,22,22,50,50,50,50,29,29,29,44,44,44,48,48,48,48,30,30,30,30,50,50,50,64,64,64,31,31,31,28,28,28,59,59,59,59,17,17,17,17,24,24,24,24,20,20,20,41,41,41,31,31,31,40,40,40,40,10,10,10,10,16,16,16,32,32,39,39,9,9,9,25,25,25,25,15,15,15,15,54,54,54,33,33,33,29,29,29,47,47,47,21,21,21,21,25,25,25,25,-7,-7,-7,25,25,27,27,20,20,34,34,34,29,29,29,29,11,11,11,11,42,42,42,32,32,39,39,39,37,37,37,18,18,18,-5,-5,-5,-5,-5,5,5,5,5,14,14,14,23,23,23,36,36,36,40,40,40,40,40,23,23,23,23,22,22,45,45,34,34,34,39,39,39,39,37,37,37,37,9,9,9,9,20,20,20,20,0,0,0,28,28,44,44,26,26,26,13,13,13,1,1,1,11,11,11,1,1,14,14,14,30,30,30,30,30,30,50,60,27,27,1,1,12,12,-13
229,41.41599999999999682,8,1,-7,-7,31,31,31,34,34,34,34,37,37,37,26,26,-11,-11,-6,-6,-36,-36,-13,-13,-13,22,22,22,22,115,115,115,115,0,0,0,12,12,13,13,45,45,45,9,9,9,-23,-23,-23,18,18,33,33,4,4,-20,-20,-20,-2,-2,-2,-2,-22,-22,-22,-22,-23,-23,-23,-23,1,1,1,3,3,3,-12,-12,-12,9,9,9,9,16,16,16,16,16,27,27,27,27,3,3,3,4,4,-13,-13,-13,-4,-4,-4,-4,12,12,12,12,12,10,10,10,10,38,38,38,12,12,-5,-5,-5,3,3,3,3,7,7,7,7,7,-3,-3,-3,-3,-3,-2,-2,-2,11,11,-18,-18,-18,10,10,10,10,40,40,40,40,40,17,17,17,17,-15,-15,-15,23,23,22,22,22,27,27,27,27,16,16,16,16,39,39,39,39,16,16,16,13,13,13,49,49,49,23,23,23,-18,-18,0,0,0,10,10,10,44,44,44,40,40,-12,-12,4,4,4,4,4,4,4,32,32,32,32,28,28,28,31,31,31,14,14,17,17,17,19,19,19,-7,-7,-7,-7,-9,-9,-9,27,27,27,8,8,8,18,18,18,22,22,22,22,38,38,38,38,9,9,9,16,16,16,-15,-15,2,2,2,2,20,20,20,20,4,4,4,4,-4,-4,-4,21,21,16,16,35,35,35,28,28,28,28,-3,-3,-3,-3,5,5,5,25,25,23,23,23,27,27,27,36,36,36,36,10,10,10,10,18,18,18,18,9,9,9,-9,-9,-9,29,29,29,29,23,23,23,23,-4,-4,-4,-4,39,39,39,27,27,27,37,37,37,31,31,31,31,-4,-4,-4,-4,36,36,36,36,43,43,43,24,24,24,42,42,42,42,16,16,16,16,44,44,44,46,46,46,20,20,20,40,40,40,49,49,49,49,35,35,35,35,-4,-4,-4,-4,28,28,28,22,22,22,16,16,16,20,20,20,20,-1,-1,-1,-1,5,5,5,20,20,5,5,6,6,6,12,12,12,12,8,8,8,8,24,24,24,30,30,30,24,24,24,21,21,21,14,14,14,14,12,12,12,12,5,5,5,-9,-9,8,8,24,24,9,9,9,24,24,24,24,12,12,12,12,11,11,11,17,17,29,29,29,29,29,29,30,30,30,-10,-10,-10,-10,-10,27,27,27,27,49,49,49,14,14,14,33,33,33,-11,-11,-11,-11,-11,4,4,4,4,41,41,9,9,6,6,6,5,5,5,5,17,17,17,17,2,2,2,2,21,21,21,21,13,13,13,14,14,20,20,11,11,11,27,27,27,22,22,22,32,32,32,14,14,-4,-4,-4,23,23,23,6,6,6,17,28,0,0,-6,-6,-16,-16,-38
230,41.61599999999999966,20,3,-1,-1,21,21,21,76,76,76,76,-17,-17,-17,-1,-1,-2,-2,22,22,-15,-15,14,14,14,10,10,10,10,61,61,61,61,28,28,28,12,12,29,29,5,5,5,-19,-19,-19,-12,-12,-12,19,19,23,23,3,3,32,32,32,-37,-37,-37,-37,18,18,18,18,25,25,25,25,3,3,3,29,29,29,-13,-13,-13,-10,-10,-10,-10,19,19,19,19,19,25,25,25,25,12,12,12,10,10,25,25,25,15,15,15,15,16,16,16,16,16,2,2,2,2,14,14,14,-5,-5,22,22,22,14,14,14,14,25,25,25,25,25,15,15,15,15,15,7,7,7,35,35,22,22,22,11,11,11,11,30,30,30,30,30,-14,-14,-14,-14,32,32,32,13,13,-12,-12,-12,4,4,4,4,22,22,22,22,24,24,24,24,-14,-14,-14,0,0,0,30,30,30,6,6,6,6,6,20,20,20,-16,-16,-16,31,31,31,15,15,15,15,31,31,31,14,14,14,14,16,16,16,16,44,44,44,-11,-11,-11,33,33,19,19,19,11,11,11,-7,-7,-7,-7,-2,-2,-2,21,21,21,8,8,8,43,43,43,56,56,56,56,6,6,6,6,37,37,37,20,20,20,25,25,11,11,11,11,31,31,31,31,16,16,16,16,29,29,29,25,25,29,29,36,36,36,20,20,20,20,5,5,5,5,29,29,29,20,20,1,1,1,15,15,15,33,33,33,33,3,3,3,3,-6,-6,-6,-6,29,29,29,22,22,22,21,21,21,21,42,42,42,42,8,8,8,8,8,8,8,11,11,11,24,24,24,26,26,26,26,1,1,1,1,12,12,12,12,18,18,18,25,25,25,41,41,41,41,40,40,40,40,46,46,46,27,27,27,14,14,14,50,50,50,29,29,29,29,24,24,24,24,13,13,13,13,6,6,6,23,23,23,22,22,22,11,11,11,11,4,4,4,4,2,2,2,23,23,23,23,31,31,31,3,3,3,3,15,15,15,15,3,3,3,17,17,17,39,39,39,37,37,37,32,32,32,32,-3,-3,-3,-3,3,3,3,-8,-8,28,28,18,18,17,17,17,6,6,6,6,22,22,22,22,11,11,11,9,9,18,18,18,30,30,30,20,20,20,21,21,21,21,21,26,26,26,26,41,41,41,17,17,17,20,20,20,13,13,13,13,13,17,17,17,17,14,14,17,17,7,7,7,14,14,14,14,50,50,50,50,10,10,10,10,20,20,20,20,25,25,25,11,11,10,10,5,5,5,22,22,22,31,31,31,25,25,25,27,27,-9,-9,-9,18,18,18,18,18,18,25,13,6,6,-10,-10,-1,-1,-34
231,41.8160000000000025,20,46,57,57,24,24,24,54,54,54,54,70,70,70,21,21,39,39,38,38,41,41,64,64,64,43,43,43,43,67,67,67,67,29,29,29,-2,-2,7,7,46,46,46,28,28,28,3,3,3,10,10,14,14,11,11,38,38,38,7,7,7,7,42,42,42,42,3,3,3,3,27,27,27,5,5,5,-2,-2,-2,50,50,50,50,27,27,27,27,27,24,24,24,24,38,38,38,22,22,51,51,51,22,22,22,22,69,69,69,69,69,21,21,21,21,64,64,64,16,16,32,32,32,44,44,44,44,42,42,42,42,42,29,29,29,29,29,13,13,13,6,6,24,24,24,41,41,41,41,28,28,28,28,28,-3,-3,-3,-3,9,9,9,20,20,44,44,44,9,9,9,9,40,40,40,40,24,24,24,24,41,41,41,24,24,24,47,47,47,21,21,21,51,51,26,26,26,52,52,52,35,35,35,77,77,46,46,60,60,60,48,48,48,48,47,47,47,47,23,23,23,21,21,21,54,54,29,29,29,55,55,55,21,21,21,21,33,33,33,26,26,26,18,18,18,81,81,81,41,41,41,41,56,56,56,56,46,46,46,21,21,21,20,20,25,25,25,25,57,57,57,57,17,17,17,17,32,32,32,40,40,16,16,78,78,78,44,44,44,44,36,36,36,36,49,49,49,58,58,40,40,40,-6,-6,-6,23,23,23,23,7,7,7,7,26,26,26,26,35,35,35,46,46,46,30,30,30,30,32,32,32,32,18,18,18,18,35,35,35,2,2,2,35,35,35,38,38,38,38,38,38,38,38,25,25,25,25,36,36,36,41,41,41,73,73,73,73,49,49,49,49,34,34,34,39,39,39,26,26,26,62,62,62,46,46,46,46,51,51,51,51,31,31,31,31,19,19,19,40,40,40,17,17,17,27,27,27,27,38,38,38,38,29,29,29,27,27,25,25,41,41,41,16,16,16,16,32,32,32,32,17,17,17,20,20,20,20,20,20,34,34,34,35,35,35,35,24,24,24,24,15,15,15,41,41,34,34,36,36,28,28,28,14,14,14,14,7,7,7,7,23,23,23,29,29,39,39,39,33,33,33,41,41,41,50,50,50,50,50,34,34,34,34,50,50,50,53,53,53,50,50,50,46,46,46,46,46,23,23,23,23,8,8,30,30,25,25,25,36,36,36,36,38,38,38,38,32,32,32,32,26,26,26,26,41,41,41,28,28,32,32,13,13,13,33,33,33,54,54,54,33,33,33,43,43,45,45,45,28,28,28,34,34,34,25,24,20,20,-3,-3,-19,-19,-27
232,42.01599999999999824,28,54,78,78,69,69,69,85,85,85,85,27,27,27,23,23,61,61,79,79,91,91,40,40,40,65,65,65,65,41,41,41,41,0,0,0,15,15,30,30,30,30,30,13,13,13,19,19,19,59,59,58,58,48,48,-9,-9,-9,39,39,39,39,18,18,18,18,45,45,45,45,17,17,17,28,28,28,45,45,45,34,34,34,34,-6,-6,-6,-6,-6,30,30,30,30,62,62,62,75,75,50,50,50,58,58,58,58,37,37,37,37,37,45,45,45,45,30,30,30,63,63,40,40,40,67,67,67,67,29,29,29,29,29,55,55,55,55,55,30,30,30,32,32,36,36,36,24,24,24,24,47,47,47,47,47,34,34,34,34,35,35,35,42,42,49,49,49,44,44,44,44,0,0,0,0,17,17,17,17,12,12,12,33,33,33,30,30,30,56,56,56,42,42,75,75,75,52,52,52,15,15,15,59,59,49,49,78,78,78,60,60,60,60,48,48,48,48,27,27,27,22,22,22,68,68,56,56,56,76,76,76,41,41,41,41,45,45,45,29,29,29,56,56,56,36,36,36,72,72,72,72,96,96,96,96,45,45,45,37,37,37,64,64,53,53,53,53,25,25,25,25,44,44,44,44,53,53,53,51,51,69,69,73,73,73,76,76,76,76,57,57,57,57,74,74,74,83,83,49,49,49,12,12,12,0,0,0,0,28,28,28,28,52,52,52,52,45,45,45,57,57,57,46,46,46,46,57,57,57,57,38,38,38,38,27,27,27,46,46,46,54,54,54,46,46,46,46,39,39,39,39,20,20,20,20,34,34,34,43,43,43,67,67,67,67,73,73,73,73,46,46,46,52,52,52,68,68,68,80,80,80,53,53,53,53,53,53,53,53,38,38,38,38,43,43,43,73,73,73,46,46,46,55,55,55,55,45,45,45,45,43,43,43,40,40,44,44,53,53,53,47,47,47,47,15,15,15,15,35,35,35,49,49,49,51,51,51,56,56,56,34,34,34,34,40,40,40,40,30,30,30,47,47,60,60,46,46,50,50,50,69,69,69,69,41,41,41,41,45,45,45,29,29,35,35,35,56,56,56,39,39,39,45,45,45,45,45,35,35,35,35,56,56,56,48,48,48,31,31,31,39,39,39,39,39,28,28,28,28,30,30,45,45,54,54,54,68,68,68,68,49,49,49,49,44,44,44,44,43,43,43,43,43,43,43,50,50,42,42,28,28,28,44,44,44,36,36,36,43,43,43,71,71,53,53,53,39,39,39,38,38,38,23,48,32,32,31,31,19,19,4
233,42.21600000000000108,33,58,56,56,20,20,20,47,47,47,47,63,63,63,61,61,61,61,44,44,68,68,66,66,66,50,50,50,50,31,31,31,31,47,47,47,41,41,32,32,47,47,47,62,62,62,41,41,41,73,73,63,63,43,43,-30,-30,-30,61,61,61,61,22,22,22,22,-1,-1,-1,-1,29,29,29,31,31,31,31,31,31,-15,-15,-15,-15,-13,-13,-13,-13,-13,32,32,32,32,16,16,16,61,61,78,78,78,45,45,45,45,44,44,44,44,44,6,6,6,6,34,34,34,51,51,34,34,34,37,37,37,37,42,42,42,42,42,20,20,20,20,20,29,29,29,26,26,20,20,20,36,36,36,36,26,26,26,26,26,2,2,2,2,26,26,26,58,58,8,8,8,39,39,39,39,22,22,22,22,-10,-10,-10,-10,46,46,46,42,42,42,27,27,27,61,61,61,62,62,44,44,44,64,64,64,31,31,31,46,46,82,82,67,67,67,41,41,41,41,24,24,24,24,51,51,51,39,39,39,60,60,44,44,44,66,66,66,48,48,48,48,33,33,33,35,35,35,20,20,20,38,38,38,40,40,40,40,53,53,53,53,53,53,53,42,42,42,74,74,56,56,56,56,41,41,41,41,51,51,51,51,39,39,39,14,14,23,23,45,45,45,18,18,18,18,68,68,68,68,72,72,72,69,69,55,55,55,-4,-4,-4,26,26,26,26,24,24,24,24,33,33,33,33,31,31,31,63,63,63,23,23,23,23,50,50,50,50,34,34,34,34,-7,-7,-7,75,75,75,46,46,46,42,42,42,42,10,10,10,10,27,27,27,27,16,16,16,36,36,36,50,50,50,50,49,49,49,49,48,48,48,42,42,42,65,65,65,70,70,70,47,47,47,47,62,62,62,62,50,50,50,50,70,70,70,45,45,45,31,31,31,51,51,51,51,50,50,50,50,12,12,12,67,67,21,21,63,63,63,37,37,37,37,28,28,28,28,28,28,28,28,28,28,29,29,29,63,63,63,38,38,38,38,58,58,58,58,33,33,33,50,50,51,51,48,48,48,48,48,73,73,73,73,42,42,42,42,42,42,42,41,41,42,42,42,50,50,50,54,54,54,32,32,32,32,32,29,29,29,29,61,61,61,45,45,45,36,36,36,49,49,49,49,49,38,38,38,38,51,51,54,54,57,57,57,68,68,68,68,27,27,27,27,57,57,57,57,36,36,36,36,17,17,17,45,45,45,45,43,43,43,30,30,30,52,52,52,55,55,55,72,72,46,46,46,31,31,31,41,41,41,8,21,56,56,55,55,47,47,26
234,42.41599999999999682,34,41,51,51,40,40,40,53,53,53,53,25,25,25,51,51,49,49,45,45,81,81,48,48,48,34,34,34,34,73,73,73,73,-28,-28,-28,40,40,61,61,-2,-2,-2,-24,-24,-24,17,17,17,-8,-8,54,54,46,46,13,13,13,1,1,1,1,-2,-2,-2,-2,53,53,53,53,39,39,39,66,66,66,24,24,24,46,46,46,46,27,27,27,27,27,73,73,73,73,33,33,33,46,46,7,7,7,1,1,1,1,4,4,4,4,4,-2,-2,-2,-2,35,35,35,31,31,37,37,37,-19,-19,-19,-19,47,47,47,47,47,31,31,31,31,31,13,13,13,-11,-11,-10,-10,-10,20,20,20,20,16,16,16,16,16,31,31,31,31,56,56,56,25,25,25,25,25,50,50,50,50,7,7,7,7,36,36,36,36,25,25,25,27,27,27,19,19,19,42,42,42,12,12,-12,-12,-12,15,15,15,-5,-5,-5,49,49,9,9,5,5,5,10,10,10,10,21,21,21,21,39,39,39,29,29,29,42,42,37,37,37,19,19,19,35,35,35,35,11,11,11,15,15,15,25,25,25,10,10,10,32,32,32,32,32,32,32,32,54,54,54,62,62,62,28,28,49,49,49,49,58,58,58,58,9,9,9,9,25,25,25,29,29,23,23,20,20,20,31,31,31,31,48,48,48,48,53,53,53,59,59,36,36,36,-7,-7,-7,11,11,11,11,31,31,31,31,33,33,33,33,16,16,16,40,40,40,43,43,43,43,50,50,50,50,47,47,47,47,17,17,17,31,31,31,34,34,34,31,31,31,31,32,32,32,32,16,16,16,16,24,24,24,18,18,18,32,32,32,32,20,20,20,20,10,10,10,22,22,22,55,55,55,34,34,34,37,37,37,37,33,33,33,33,36,36,36,36,35,35,35,33,33,33,19,19,19,25,25,25,25,57,57,57,57,39,39,39,38,38,36,36,16,16,16,57,57,57,57,30,30,30,30,13,13,13,31,31,31,29,29,29,39,39,39,39,39,39,39,44,44,44,44,51,51,51,39,39,40,40,40,40,29,29,29,52,52,52,52,49,49,49,49,37,37,37,17,17,48,48,48,26,26,26,48,48,48,57,57,57,57,57,55,55,55,55,36,36,36,34,34,34,31,31,31,38,38,38,38,38,52,52,52,52,49,49,34,34,48,48,48,34,34,34,34,24,24,24,24,44,44,44,44,14,14,14,14,26,26,26,44,44,31,31,47,47,47,42,42,42,28,28,28,33,33,33,29,29,31,31,31,17,17,17,25,25,25,2,10,44,44,59,59,47,47,84
235,42.61599999999999966,40,0,4,4,10,10,10,19,19,19,19,66,66,66,44,44,33,33,6,6,-6,-6,-1,-1,-1,25,25,25,25,34,34,34,34,-23,-23,-23,22,22,41,41,25,25,25,56,56,56,27,27,27,58,58,48,48,28,28,40,40,40,72,72,72,72,54,54,54,54,21,21,21,21,16,16,16,28,28,28,8,8,8,12,12,12,12,68,68,68,68,68,20,20,20,20,32,32,32,-2,-2,20,20,20,-1,-1,-1,-1,38,38,38,38,38,58,58,58,58,38,38,38,3,3,38,38,38,-2,-2,-2,-2,25,25,25,25,25,43,43,43,43,43,33,33,33,15,15,19,19,19,13,13,13,13,10,10,10,10,10,10,10,10,10,44,44,44,-8,-8,-18,-18,-18,-15,-15,-15,-15,9,9,9,9,3,3,3,3,27,27,27,12,12,12,7,7,7,-9,-9,-9,22,22,16,16,16,23,23,23,36,36,36,18,18,16,16,11,11,11,-8,-8,-8,-8,28,28,28,28,24,24,24,27,27,27,-2,-2,18,18,18,17,17,17,41,41,41,41,14,14,14,15,15,15,14,14,14,-9,-9,-9,24,24,24,24,59,59,59,59,43,43,43,37,37,37,7,7,-2,-2,-2,-2,34,34,34,34,27,27,27,27,15,15,15,21,21,26,26,1,1,1,24,24,24,24,40,40,40,40,13,13,13,13,13,14,14,14,-8,-8,-8,12,12,12,12,34,34,34,34,23,23,23,23,14,14,14,17,17,17,31,31,31,31,24,24,24,24,36,36,36,36,38,38,38,37,37,37,28,28,28,5,5,5,5,16,16,16,16,40,40,40,40,20,20,20,17,17,17,5,5,5,5,16,16,16,16,38,38,38,33,33,33,20,20,20,33,33,33,30,30,30,30,57,57,57,57,58,58,58,58,34,34,34,18,18,18,17,17,17,26,26,26,26,10,10,10,10,36,36,36,20,20,12,12,32,32,32,30,30,30,30,19,19,19,19,55,55,55,29,29,29,3,3,3,6,6,6,25,25,25,25,52,52,52,52,55,55,55,41,41,16,16,12,12,-3,-3,-3,48,48,48,48,13,13,13,13,31,31,31,7,7,41,41,41,14,14,14,20,20,20,37,37,37,37,37,31,31,31,31,64,64,64,34,34,34,23,23,23,34,34,34,34,34,33,33,33,33,45,45,9,9,26,26,26,18,18,18,18,39,39,39,39,24,24,24,24,39,39,39,39,29,29,29,32,32,25,25,37,37,37,36,36,36,29,29,29,14,14,14,13,13,37,37,37,54,54,54,29,29,29,-1,-3,15,15,53,53,81,81,102
236,42.8160000000000025,21,-9,29,29,61,61,61,35,35,35,35,32,32,32,50,50,23,23,2,2,-31,-31,-36,-36,-36,0,0,0,0,97,97,97,97,-31,-31,-31,19,19,17,17,36,36,36,19,19,19,53,53,53,16,16,15,15,27,27,-9,-9,-9,34,34,34,34,46,46,46,46,40,40,40,40,46,46,46,1,1,1,11,11,11,33,33,33,33,35,35,35,35,35,55,55,55,55,29,29,29,31,31,-25,-25,-25,-15,-15,-15,-15,26,26,26,26,26,33,33,33,33,23,23,23,8,8,-9,-9,-9,14,14,14,14,38,38,38,38,38,33,33,33,33,33,18,18,18,16,16,0,0,0,18,18,18,18,27,27,27,27,27,44,44,44,44,30,30,30,-3,-3,-25,-25,-25,30,30,30,30,-3,-3,-3,-3,17,17,17,17,30,30,30,21,21,21,30,30,30,5,5,5,-7,-7,-10,-10,-10,13,13,13,20,20,20,15,15,-12,-12,-18,-18,-18,12,12,12,12,32,32,32,32,20,20,20,19,19,19,1,1,3,3,3,38,38,38,17,17,17,17,-7,-7,-7,38,38,38,32,32,32,-11,-11,-11,52,52,52,52,39,39,39,39,28,28,28,40,40,40,-2,-2,5,5,5,5,39,39,39,39,49,49,49,49,35,35,35,41,41,19,19,9,9,9,19,19,19,19,44,44,44,44,22,22,22,28,28,21,21,21,21,21,21,5,5,5,5,46,46,46,46,22,22,22,22,33,33,33,-6,-6,-6,13,13,13,13,46,46,46,46,28,28,28,28,38,38,38,36,36,36,13,13,13,21,21,21,21,35,35,35,35,48,48,48,48,42,42,42,30,30,30,-14,-14,-14,-14,24,24,24,24,40,40,40,59,59,59,6,6,6,7,7,7,10,10,10,10,40,40,40,40,22,22,22,22,66,66,66,49,49,49,28,28,28,35,35,35,35,25,25,25,25,51,51,51,34,34,29,29,24,24,24,49,49,49,49,10,10,10,10,35,35,35,12,12,12,19,19,19,31,31,31,10,10,10,10,71,71,71,71,40,40,40,34,34,19,19,22,22,27,27,27,49,49,49,49,25,25,25,25,29,29,29,23,23,7,7,7,20,20,20,28,28,28,38,38,38,38,38,58,58,58,58,46,46,46,23,23,23,34,34,34,58,58,58,58,58,51,51,51,51,28,28,19,19,32,32,32,19,19,19,19,25,25,25,25,29,29,29,29,18,18,18,18,23,23,23,29,29,25,25,30,30,30,12,12,12,27,27,27,17,17,17,31,31,41,41,41,48,48,48,48,48,48,-6,-1,23,23,68,68,70,70,100
237,43.01599999999999824,20,21,32,32,24,24,24,5,5,5,5,34,34,34,7,7,39,39,0,0,-14,-14,-10,-10,-10,33,33,33,33,25,25,25,25,-4,-4,-4,30,30,47,47,17,17,17,46,46,46,41,41,41,40,40,73,73,31,31,-15,-15,-15,36,36,36,36,34,34,34,34,31,31,31,31,61,61,61,35,35,35,62,62,62,21,21,21,21,13,13,13,13,13,51,51,51,51,62,62,62,21,21,6,6,6,38,38,38,38,20,20,20,20,20,-9,-9,-9,-9,25,25,25,6,6,30,30,30,30,30,30,30,19,19,19,19,19,50,50,50,50,50,32,32,32,47,47,10,10,10,23,23,23,23,47,47,47,47,47,30,30,30,30,41,41,41,-2,-2,17,17,17,31,31,31,31,-3,-3,-3,-3,39,39,39,39,3,3,3,13,13,13,29,29,29,29,29,29,16,16,-1,-1,-1,16,16,16,28,28,28,43,43,29,29,-16,-16,-16,6,6,6,6,0,0,0,0,22,22,22,56,56,56,10,10,27,27,27,19,19,19,36,36,36,36,43,43,43,22,22,22,39,39,39,22,22,22,28,28,28,28,32,32,32,32,28,28,28,34,34,34,6,6,18,18,18,18,22,22,22,22,57,57,57,57,46,46,46,3,3,41,41,5,5,5,66,66,66,66,39,39,39,39,33,33,33,18,18,35,35,35,38,38,38,38,38,38,38,65,65,65,65,41,41,41,41,22,22,22,35,35,35,34,34,34,34,25,25,25,25,47,47,47,47,53,53,53,20,20,20,25,25,25,23,23,23,23,39,39,39,39,63,63,63,63,45,45,45,46,46,46,27,27,27,27,17,17,17,17,43,43,43,62,62,62,26,26,26,30,30,30,40,40,40,40,28,28,28,28,38,38,38,38,51,51,51,11,11,11,38,38,38,51,51,51,51,18,18,18,18,39,39,39,28,28,29,29,36,36,36,32,32,32,32,33,33,33,33,57,57,57,43,43,43,44,44,44,40,40,40,36,36,36,36,46,46,46,46,35,35,35,33,33,17,17,16,16,15,15,15,36,36,36,36,18,18,18,18,26,26,26,26,26,31,31,31,25,25,25,27,27,27,25,25,25,25,25,37,37,37,37,42,42,42,17,17,17,26,26,26,36,36,36,36,36,40,40,40,40,35,35,31,31,15,15,15,49,49,49,49,41,41,41,41,24,24,24,24,29,29,29,29,31,31,31,29,29,27,27,30,30,30,35,35,35,18,18,18,13,13,13,23,23,47,47,47,60,60,60,49,49,49,7,-1,22,22,69,69,85,85,103
238,43.21600000000000108,23,12,23,23,32,32,32,32,32,32,32,17,17,17,24,24,40,40,41,41,7,7,37,37,37,25,25,25,25,24,24,24,24,-1,-1,-1,61,61,30,30,-10,-10,-10,31,31,31,1,1,1,2,2,18,18,-10,-10,47,47,47,20,20,20,20,58,58,58,58,60,60,60,60,49,49,49,25,25,25,59,59,59,5,5,5,5,46,46,46,46,46,50,50,50,50,23,23,23,38,38,20,20,20,10,10,10,10,-20,-20,-20,-20,-20,16,16,16,16,34,34,34,30,30,26,26,26,32,32,32,32,38,38,38,38,38,58,58,58,58,58,19,19,19,23,23,9,9,9,26,26,26,26,1,1,1,1,1,12,12,12,12,26,26,26,21,21,7,7,7,-1,-1,-1,-1,6,6,6,6,13,13,13,13,16,16,16,22,22,22,23,23,23,13,13,13,16,16,27,27,27,27,27,27,28,28,28,51,51,50,50,-3,-3,-3,11,11,11,11,15,15,15,15,47,47,47,6,6,6,21,21,15,15,15,32,32,32,20,20,20,20,43,43,43,16,16,16,36,36,36,15,15,15,-8,-8,-8,-8,11,11,11,11,48,48,48,34,34,34,15,15,33,33,33,33,41,41,41,41,72,72,72,72,41,41,41,59,59,50,50,23,23,23,53,53,53,53,28,28,28,28,15,15,15,9,9,39,39,39,67,67,67,43,43,43,43,67,67,67,67,63,63,63,63,15,15,15,33,33,33,31,31,31,31,26,26,26,26,29,29,29,29,23,23,23,29,29,29,33,33,33,11,11,11,11,30,30,30,30,47,47,47,47,61,61,61,56,56,56,46,46,46,46,36,36,36,36,59,59,59,51,51,51,41,41,41,31,31,31,26,26,26,26,40,40,40,40,46,46,46,46,43,43,43,22,22,22,32,32,32,53,53,53,53,26,26,26,26,40,40,40,38,38,25,25,37,37,37,44,44,44,44,25,25,25,25,35,35,35,46,46,46,29,29,29,23,23,23,19,19,19,19,46,46,46,46,32,32,32,11,11,4,4,21,21,14,14,14,17,17,17,17,6,6,6,6,60,60,60,42,42,15,15,15,19,19,19,17,17,17,52,52,52,52,52,46,46,46,46,19,19,19,14,14,14,35,35,35,58,58,58,58,58,33,33,33,33,44,44,39,39,9,9,9,58,58,58,58,49,49,49,49,37,37,37,37,24,24,24,24,25,25,25,27,27,19,19,38,38,38,26,26,26,28,28,28,11,11,11,35,35,67,67,67,53,53,53,61,61,61,4,-6,13,13,49,49,59,59,62
239,43.41599999999999682,16,19,-14,-14,33,33,33,8,8,8,8,2,2,2,4,4,8,8,15,15,16,16,14,14,14,10,10,10,10,-67,-67,-67,-67,14,14,14,16,16,2,2,49,49,49,20,20,20,42,42,42,-5,-5,15,15,-7,-7,26,26,26,27,27,27,27,9,9,9,9,22,22,22,22,40,40,40,16,16,16,28,28,28,16,16,16,16,50,50,50,50,50,50,50,50,50,69,69,69,60,60,27,27,27,40,40,40,40,28,28,28,28,28,-6,-6,-6,-6,25,25,25,-8,-8,-1,-1,-1,32,32,32,32,26,26,26,26,26,37,37,37,37,37,13,13,13,5,5,-8,-8,-8,-9,-9,-9,-9,18,18,18,18,18,8,8,8,8,7,7,7,2,2,23,23,23,8,8,8,8,-14,-14,-14,-14,4,4,4,4,2,2,2,3,3,3,-4,-4,-4,26,26,26,9,9,7,7,7,20,20,20,6,6,6,11,11,12,12,3,3,3,24,24,24,24,30,30,30,30,23,23,23,16,16,16,8,8,30,30,30,13,13,13,18,18,18,18,35,35,35,34,34,34,15,15,15,11,11,11,43,43,43,43,48,48,48,48,14,14,14,6,6,6,-1,-1,19,19,19,19,35,35,35,35,27,27,27,27,53,53,53,24,24,53,53,16,16,16,56,56,56,56,37,37,37,37,0,0,0,18,18,11,11,11,50,50,50,35,35,35,35,29,29,29,29,38,38,38,38,15,15,15,21,21,21,31,31,31,31,30,30,30,30,32,32,32,32,36,36,36,30,30,30,40,40,40,26,26,26,26,51,51,51,51,38,38,38,38,45,45,45,30,30,30,53,53,53,53,38,38,38,38,45,45,45,32,32,32,37,37,37,41,41,41,37,37,37,37,31,31,31,31,35,35,35,35,29,29,29,15,15,15,12,12,12,27,27,27,27,39,39,39,39,41,41,41,26,26,33,33,44,44,44,29,29,29,29,34,34,34,34,15,15,15,29,29,29,31,31,31,31,31,31,19,19,19,19,40,40,40,40,30,30,30,21,21,19,19,18,18,21,21,21,12,12,12,12,20,20,20,20,37,37,37,45,45,24,24,24,39,39,39,29,29,29,39,39,39,39,39,43,43,43,43,31,31,31,6,6,6,29,29,29,68,68,68,68,68,21,21,21,21,42,42,20,20,23,23,23,27,27,27,27,27,27,27,27,8,8,8,8,26,26,26,26,35,35,35,8,8,19,19,17,17,17,25,25,25,19,19,19,-8,-8,-8,9,9,52,52,52,53,53,53,74,74,74,12,14,21,21,19,19,29,29,41
240,43.61599999999999966,3,-8,-30,-30,-3,-3,-3,9,9,9,9,-44,-44,-44,-4,-4,12,12,2,2,-2,-2,2,2,2,7,7,7,7,-18,-18,-18,-18,-19,-19,-19,3,3,-4,-4,7,7,7,7,7,7,1,1,1,9,9,18,18,-10,-10,-11,-11,-11,-18,-18,-18,-18,37,37,37,37,-32,-32,-32,-32,39,39,39,20,20,20,15,15,15,24,24,24,24,65,65,65,65,65,45,45,45,45,29,29,29,-7,-7,21,21,21,3,3,3,3,18,18,18,18,18,43,43,43,43,25,25,25,-2,-2,-24,-24,-24,-23,-23,-23,-23,23,23,23,23,23,-20,-20,-20,-20,-20,30,30,30,-17,-17,-3,-3,-3,-28,-28,-28,-28,-22,-22,-22,-22,-22,9,9,9,9,20,20,20,-1,-1,-2,-2,-2,2,2,2,2,4,4,4,4,30,30,30,30,8,8,8,-17,-17,-17,7,7,7,-13,-13,-13,2,2,16,16,16,42,42,42,11,11,11,-9,-9,-7,-7,-27,-27,-27,4,4,4,4,22,22,22,22,10,10,10,20,20,20,-2,-2,2,2,2,24,24,24,6,6,6,6,67,67,67,16,16,16,0,0,0,-5,-5,-5,24,24,24,24,16,16,16,16,44,44,44,-5,-5,-5,7,7,8,8,8,8,43,43,43,43,81,81,81,81,26,26,26,22,22,26,26,15,15,15,39,39,39,39,27,27,27,27,-9,-9,-9,20,20,13,13,13,35,35,35,68,68,68,68,36,36,36,36,44,44,44,44,21,21,21,7,7,7,-6,-6,-6,-6,35,35,35,35,45,45,45,45,43,43,43,-8,-8,-8,9,9,9,13,13,13,13,39,39,39,39,32,32,32,32,18,18,18,4,4,4,48,48,48,48,23,23,23,23,32,32,32,8,8,8,23,23,23,42,42,42,3,3,3,3,32,32,32,32,4,4,4,4,17,17,17,8,8,8,16,16,16,21,21,21,21,35,35,35,35,7,7,7,10,10,-5,-5,15,15,15,19,19,19,19,52,52,52,52,43,43,43,-1,-1,-1,39,39,39,-1,-1,-1,8,8,8,8,-4,-4,-4,-4,-27,-27,-27,-19,-19,-2,-2,17,17,17,17,17,38,38,38,38,17,17,17,17,8,8,8,35,35,33,33,33,11,11,11,19,19,19,26,26,26,26,26,33,33,33,33,-10,-10,-10,8,8,8,36,36,36,26,26,26,26,26,51,51,51,51,21,21,4,4,-1,-1,-1,16,16,16,16,26,26,26,26,27,27,27,27,11,11,11,11,21,21,21,9,9,0,0,11,11,11,26,26,26,12,12,12,-9,-9,-9,6,6,39,39,39,52,52,52,38,38,38,-3,-18,-24,-24,-12,-12,-5,-5,-20
241,43.8160000000000025,-13,0,-35,-35,1,1,1,9,9,9,9,-33,-33,-33,-3,-3,-6,-6,10,10,20,20,22,22,22,-17,-17,-17,-17,83,83,83,83,21,21,21,-17,-17,11,11,-30,-30,-30,43,43,43,-10,-10,-10,7,7,-25,-25,18,18,21,21,21,13,13,13,13,-5,-5,-5,-5,9,9,9,9,-49,-49,-49,20,20,20,-17,-17,-17,33,33,33,33,20,20,20,20,20,1,1,1,1,12,12,12,10,10,-2,-2,-2,-12,-12,-12,-12,28,28,28,28,28,-18,-18,-18,-18,-54,-54,-54,-2,-2,-47,-47,-47,-11,-11,-11,-11,-1,-1,-1,-1,-1,22,22,22,22,22,12,12,12,-3,-3,2,2,2,13,13,13,13,40,40,40,40,40,21,21,21,21,22,22,22,-19,-19,-21,-21,-21,11,11,11,11,-24,-24,-24,-24,30,30,30,30,18,18,18,11,11,11,2,2,2,-16,-16,-16,16,16,16,16,16,37,37,37,18,18,18,-4,-4,-17,-17,20,20,20,0,0,0,0,19,19,19,19,28,28,28,6,6,6,-15,-15,55,55,55,55,55,55,20,20,20,20,5,5,5,2,2,2,-11,-11,-11,28,28,28,30,30,30,30,58,58,58,58,30,30,30,10,10,10,20,20,6,6,6,6,26,26,26,26,36,36,36,36,20,20,20,18,18,-6,-6,12,12,12,29,29,29,29,27,27,27,27,5,5,5,32,32,-3,-3,-3,10,10,10,42,42,42,42,20,20,20,20,16,16,16,16,1,1,1,9,9,9,0,0,0,0,17,17,17,17,13,13,13,13,18,18,18,6,6,6,-10,-10,-10,21,21,21,21,29,29,29,29,23,23,23,23,-17,-17,-17,-9,-9,-9,36,36,36,36,32,32,32,32,17,17,17,0,0,0,14,14,14,19,19,19,6,6,6,6,22,22,22,22,-2,-2,-2,-2,11,11,11,8,8,8,14,14,14,17,17,17,17,32,32,32,32,7,7,7,7,7,31,31,15,15,15,4,4,4,4,15,15,15,15,8,8,8,4,4,4,10,10,10,2,2,2,19,19,19,19,14,14,14,14,-20,-20,-20,2,2,-2,-2,-1,-1,-13,-13,-13,4,4,4,4,-3,-3,-3,-3,1,1,1,18,18,3,3,3,15,15,15,10,10,10,4,4,4,4,4,36,36,36,36,7,7,7,17,17,17,7,7,7,8,8,8,8,8,17,17,17,17,-13,-13,0,0,-2,-2,-2,31,31,31,31,24,24,24,24,26,26,26,26,31,31,31,31,21,21,21,4,4,5,5,-8,-8,-8,12,12,12,8,8,8,-1,-1,-1,12,12,12,12,12,33,33,33,45,45,45,10,-15,-24,-24,-22,-22,-8,-8,-33
242,44.01599999999999824,5,46,49,49,11,11,11,-3,-3,-3,-3,37,37,37,29,29,32,32,82,82,102,102,48,48,48,37,37,37,37,17,17,17,17,-33,-33,-33,-19,-19,45,45,-28,-28,-28,11,11,11,19,19,19,16,16,-2,-2,33,33,36,36,36,21,21,21,21,15,15,15,15,-14,-14,-14,-14,2,2,2,30,30,30,4,4,4,11,11,11,11,38,38,38,38,38,12,12,12,12,24,24,24,33,33,45,45,45,23,23,23,23,50,50,50,50,50,-6,-6,-6,-6,57,57,57,-2,-2,44,44,44,25,25,25,25,33,33,33,33,33,-14,-14,-14,-14,-14,20,20,20,24,24,52,52,52,40,40,40,40,-8,-8,-8,-8,-8,3,3,3,3,-4,-4,-4,54,54,8,8,8,-1,-1,-1,-1,26,26,26,26,-15,-15,-15,-15,2,2,2,41,41,41,13,13,13,31,31,31,43,43,27,27,27,-3,-3,-3,20,20,20,-5,-5,41,41,33,33,33,47,47,47,47,-7,-7,-7,-7,31,31,31,-1,-1,-1,43,43,40,40,40,20,20,20,-7,-7,-7,-7,22,22,22,23,23,23,15,15,15,24,24,24,31,31,31,31,12,12,12,12,33,33,33,35,35,35,47,47,33,33,33,33,21,21,21,21,43,43,43,43,32,32,32,19,19,28,28,77,77,77,18,18,18,18,18,18,18,18,41,41,41,51,51,26,26,26,1,1,1,38,38,38,38,17,17,17,17,14,14,14,14,26,26,26,45,45,45,-19,-19,-19,-19,44,44,44,44,20,20,20,20,25,25,25,8,8,8,-4,-4,-4,27,27,27,27,27,27,27,27,-9,-9,-9,-9,20,20,20,17,17,17,47,47,47,47,41,41,41,41,-7,-7,-7,8,8,8,22,22,22,31,31,31,22,22,22,22,16,16,16,16,14,14,14,14,-9,-9,-9,31,31,31,20,20,20,32,32,32,32,8,8,8,8,34,34,34,24,24,14,14,20,20,20,-19,-19,-19,-19,-3,-3,-3,-3,36,36,36,17,17,17,-3,-3,-3,10,10,10,19,19,19,19,17,17,17,17,33,33,33,2,2,33,33,18,18,6,6,6,14,14,14,14,14,14,14,14,5,5,5,-4,-4,12,12,12,16,16,16,6,6,6,11,11,11,11,11,14,14,14,14,2,2,2,38,38,38,38,38,38,-3,-3,-3,-3,-3,3,3,3,3,8,8,28,28,31,31,31,40,40,40,40,10,10,10,10,36,36,36,36,21,21,21,21,20,20,20,17,17,32,32,1,1,1,10,10,10,9,9,9,17,17,17,27,27,44,44,44,25,25,25,24,24,24,30,40,15,15,3,3,7,7,-20
243,44.21600000000000108,35,74,88,88,59,59,59,14,14,14,14,15,15,15,61,61,60,60,91,91,75,75,81,81,81,41,41,41,41,-69,-69,-69,-69,-54,-54,-54,9,9,33,33,16,16,16,10,10,10,4,4,4,39,39,4,4,23,23,-13,-13,-13,4,4,4,4,13,13,13,13,-1,-1,-1,-1,50,50,50,25,25,25,33,33,33,17,17,17,17,0,0,0,0,0,37,37,37,37,15,15,15,30,30,65,65,65,41,41,41,41,28,28,28,28,28,46,46,46,46,25,25,25,18,18,56,56,56,18,18,18,18,-10,-10,-10,-10,-10,-11,-11,-11,-11,-11,30,30,30,-15,-15,56,56,56,17,17,17,17,30,30,30,30,30,36,36,36,36,30,30,30,41,41,16,16,16,-21,-21,-21,-21,1,1,1,1,-4,-4,-4,-4,49,49,49,32,32,32,13,13,13,18,18,18,49,49,24,24,24,14,14,14,-7,-7,-7,-7,-7,7,7,43,43,43,29,29,29,29,17,17,17,17,16,16,16,30,30,30,65,65,39,39,39,-1,-1,-1,12,12,12,12,-14,-14,-14,21,21,21,23,23,23,32,32,32,23,23,23,23,53,53,53,53,48,48,48,34,34,34,44,44,43,43,43,43,3,3,3,3,32,32,32,32,24,24,24,41,41,46,46,44,44,44,51,51,51,51,50,50,50,50,62,62,62,49,49,51,51,51,13,13,13,25,25,25,25,20,20,20,20,19,19,19,19,34,34,34,38,38,38,21,21,21,21,8,8,8,8,30,30,30,30,23,23,23,-7,-7,-7,22,22,22,24,24,24,24,28,28,28,28,27,27,27,27,0,0,0,26,26,26,52,52,52,52,31,31,31,31,1,1,1,23,23,23,39,39,39,32,32,32,16,16,16,16,41,41,41,41,29,29,29,29,33,33,33,27,27,27,34,34,34,10,10,10,10,12,12,12,12,28,28,28,29,29,28,28,26,26,26,7,7,7,7,8,8,8,8,23,23,23,12,12,12,28,28,28,30,30,30,21,21,21,21,-3,-3,-3,-3,21,21,21,23,23,29,29,53,53,34,34,34,17,17,17,17,28,28,28,28,17,17,17,2,2,5,5,5,13,13,13,7,7,7,20,20,20,20,20,4,4,4,4,4,4,4,39,39,39,9,9,9,24,24,24,24,24,28,28,28,28,1,1,35,35,48,48,48,26,26,26,26,14,14,14,14,39,39,39,39,31,31,31,31,17,17,17,26,26,22,22,4,4,4,9,9,9,10,10,10,36,36,36,32,32,31,31,31,0,0,0,40,40,40,27,42,19,19,21,21,29,29,-13
244,44.41599999999999682,23,53,68,68,52,52,52,40,40,40,40,36,36,36,27,27,26,26,48,48,56,56,35,35,35,28,28,28,28,-36,-36,-36,-36,-29,-29,-29,11,11,44,44,31,31,31,33,33,33,5,5,5,38,38,51,51,4,4,54,54,54,-4,-4,-4,-4,5,5,5,5,28,28,28,28,4,4,4,2,2,2,43,43,43,9,9,9,9,5,5,5,5,5,12,12,12,12,-2,-2,-2,22,22,56,56,56,40,40,40,40,0,0,0,0,0,22,22,22,22,26,26,26,15,15,22,22,22,24,24,24,24,-2,-2,-2,-2,-2,-1,-1,-1,-1,-1,25,25,25,21,21,33,33,33,-5,-5,-5,-5,30,30,30,30,30,-7,-7,-7,-7,11,11,11,55,55,37,37,37,37,37,37,37,-16,-16,-16,-16,6,6,6,6,28,28,28,22,22,22,36,36,36,13,13,13,28,28,8,8,8,-11,-11,-11,-16,-16,-16,-5,-5,3,3,16,16,16,7,7,7,7,1,1,1,1,-5,-5,-5,31,31,31,51,51,30,30,30,-1,-1,-1,-8,-8,-8,-8,14,14,14,19,19,19,5,5,5,10,10,10,-9,-9,-9,-9,25,25,25,25,30,30,30,25,25,25,39,39,16,16,16,16,2,2,2,2,6,6,6,6,15,15,15,21,21,32,32,-8,-8,-8,27,27,27,27,37,37,37,37,25,25,25,28,28,17,17,17,-24,-24,-24,-13,-13,-13,-13,21,21,21,21,-23,-23,-23,-23,23,23,23,21,21,21,-2,-2,-2,-2,-3,-3,-3,-3,17,17,17,17,27,27,27,12,12,12,33,33,33,36,36,36,36,20,20,20,20,25,25,25,25,12,12,12,3,3,3,32,32,32,32,12,12,12,12,6,6,6,23,23,23,26,26,26,31,31,31,20,20,20,20,30,30,30,30,21,21,21,21,-1,-1,-1,18,18,18,30,30,30,6,6,6,6,15,15,15,15,19,19,19,24,24,18,18,35,35,35,-4,-4,-4,-4,-1,-1,-1,-1,7,7,7,24,24,24,17,17,17,32,32,32,5,5,5,5,11,11,11,11,10,10,10,2,2,14,14,28,28,22,22,22,40,40,40,40,10,10,10,10,7,7,7,-7,-7,-2,-2,-2,9,9,9,35,35,35,20,20,20,20,20,-4,-4,-4,-4,4,4,4,18,18,18,29,29,29,11,11,11,11,11,-6,-6,-6,-6,5,5,15,15,47,47,47,5,5,5,5,21,21,21,21,20,20,20,20,35,35,35,35,14,14,14,12,12,13,13,-6,-6,-6,10,10,10,12,12,12,17,17,17,13,13,29,29,29,13,13,13,8,8,8,29,38,39,39,34,34,19,19,8
245,44.61599999999999966,17,27,2,2,32,32,32,-12,-12,-12,-12,13,13,13,15,15,37,37,-23,-23,-1,-1,-5,-5,-5,-1,-1,-1,-1,-1,-1,-1,-1,-16,-16,-16,-21,-21,18,18,5,5,5,-13,-13,-13,-26,-26,-26,19,19,10,10,5,5,11,11,11,-47,-47,-47,-47,-23,-23,-23,-23,-12,-12,-12,-12,9,9,9,41,41,41,30,30,30,10,10,10,10,-40,-40,-40,-40,-40,5,5,5,5,-36,-36,-36,3,3,35,35,35,-19,-19,-19,-19,21,21,21,21,21,-44,-44,-44,-44,-6,-6,-6,3,3,26,26,26,-4,-4,-4,-4,-5,-5,-5,-5,-5,-3,-3,-3,-3,-3,-13,-13,-13,19,19,25,25,25,-28,-28,-28,-28,-22,-22,-22,-22,-22,66,66,66,66,23,23,23,25,25,32,32,32,-9,-9,-9,-9,-1,-1,-1,-1,21,21,21,21,17,17,17,-14,-14,-14,14,14,14,-14,-14,-14,-16,-16,-11,-11,-11,-39,-39,-39,-24,-24,-24,-25,-25,20,20,29,29,29,-46,-46,-46,-46,-28,-28,-28,-28,-21,-21,-21,-19,-19,-19,27,27,12,12,12,-1,-1,-1,-7,-7,-7,-7,3,3,3,-28,-28,-28,37,37,37,-6,-6,-6,-10,-10,-10,-10,8,8,8,8,-7,-7,-7,-7,-7,-7,11,11,-15,-15,-15,-15,-20,-20,-20,-20,-14,-14,-14,-14,-9,-9,-9,-8,-8,-17,-17,-16,-16,-16,1,1,1,1,-12,-12,-12,-12,-11,-11,-11,17,17,15,15,15,-31,-31,-31,-41,-41,-41,-41,-20,-20,-20,-20,-11,-11,-11,-11,-3,-3,-3,8,8,8,0,0,0,0,-6,-6,-6,-6,-4,-4,-4,-4,2,2,2,-13,-13,-13,-8,-8,-8,-14,-14,-14,-14,-3,-3,-3,-3,1,1,1,1,-21,-21,-21,-10,-10,-10,-29,-29,-29,-29,-12,-12,-12,-12,-11,-11,-11,-9,-9,-9,-12,-12,-12,2,2,2,15,15,15,15,2,2,2,2,9,9,9,9,-16,-16,-16,3,3,3,-12,-12,-12,-6,-6,-6,-6,-5,-5,-5,-5,-11,-11,-11,7,7,-5,-5,-12,-12,-12,5,5,5,5,-22,-22,-22,-22,-1,-1,-1,-12,-12,-12,8,8,8,5,5,5,-17,-17,-17,-17,-10,-10,-10,-10,-3,-3,-3,-12,-12,3,3,6,6,-4,-4,-4,12,12,12,12,-10,-10,-10,-10,8,8,8,-10,-10,-17,-17,-17,-33,-33,-33,-7,-7,-7,11,11,11,11,11,12,12,12,12,24,24,24,31,31,31,5,5,5,13,13,13,13,13,-3,-3,-3,-3,9,9,14,14,13,13,13,1,1,1,1,0,0,0,0,-17,-17,-17,-17,6,6,6,6,25,25,25,0,0,-19,-19,-13,-13,-13,-5,-5,-5,3,3,3,10,10,10,-6,-6,-4,-4,-4,-3,-3,-3,2,2,2,19,20,40,40,37,37,33,33,14
246,44.8160000000000025,3,-7,11,11,6,6,6,-13,-13,-13,-13,-11,-11,-11,1,1,-3,-3,-44,-44,-30,-30,-19,-19,-19,3,3,3,3,45,45,45,45,64,64,64,0,0,-16,-16,-16,-16,-16,-5,-5,-5,-32,-32,-32,3,3,-38,-38,1,1,-18,-18,-18,16,16,16,16,-43,-43,-43,-43,-50,-50,-50,-50,-3,-3,-3,-39,-39,-39,15,15,15,-17,-17,-17,-17,-46,-46,-46,-46,-46,0,0,0,0,4,4,4,-8,-8,-11,-11,-11,20,20,20,20,-22,-22,-22,-22,-22,-32,-32,-32,-32,7,7,7,14,14,-18,-18,-18,-8,-8,-8,-8,-2,-2,-2,-2,-2,-13,-13,-13,-13,-13,-13,-13,-13,-14,-14,-18,-18,-18,-29,-29,-29,-29,-9,-9,-9,-9,-9,-27,-27,-27,-27,-9,-9,-9,13,13,19,19,19,-10,-10,-10,-10,10,10,10,10,27,27,27,27,7,7,7,8,8,8,-21,-21,-21,15,15,15,-24,-24,-39,-39,-39,-19,-19,-19,-29,-29,-29,-33,-33,-25,-25,-37,-37,-37,-21,-21,-21,-21,-33,-33,-33,-33,-2,-2,-2,32,32,32,-1,-1,-25,-25,-25,-4,-4,-4,-17,-17,-17,-17,-25,-25,-25,16,16,16,5,5,5,-15,-15,-15,-51,-51,-51,-51,10,10,10,10,-24,-24,-24,3,3,3,-44,-44,-14,-14,-14,-14,4,4,4,4,-7,-7,-7,-7,-26,-26,-26,-27,-27,-47,-47,-35,-35,-35,-27,-27,-27,-27,-18,-18,-18,-18,-25,-25,-25,-11,-11,-10,-10,-10,-38,-38,-38,-39,-39,-39,-39,-13,-13,-13,-13,-19,-19,-19,-19,-19,-19,-19,-16,-16,-16,-19,-19,-19,-19,-26,-26,-26,-26,-14,-14,-14,-14,-23,-23,-23,-22,-22,-22,7,7,7,-2,-2,-2,-2,-24,-24,-24,-24,-29,-29,-29,-29,-18,-18,-18,-17,-17,-17,-60,-60,-60,-60,-25,-25,-25,-25,-25,-25,-25,6,6,6,-18,-18,-18,-26,-26,-26,-32,-32,-32,-32,-19,-19,-19,-19,-2,-2,-2,-2,-1,-1,-1,-21,-21,-21,-17,-17,-17,-5,-5,-5,-5,8,8,8,8,3,3,3,-3,-3,-6,-6,-15,-15,-15,2,2,2,2,-11,-11,-11,-11,-31,-31,-31,-4,-4,-4,5,5,5,-6,-6,-6,-16,-16,-16,-16,-39,-39,-39,-39,-19,-19,-19,-8,-8,-3,-3,1,1,-9,-9,-9,5,5,5,5,-9,-9,-9,-9,5,5,5,-8,-8,-30,-30,-30,-19,-19,-19,-23,-23,-23,-9,-9,-9,-9,-9,-12,-12,-12,-12,15,15,15,-18,-18,-18,-1,-1,-1,-10,-10,-10,-10,-10,-12,-12,-12,-12,-1,-1,-12,-12,-18,-18,-18,-11,-11,-11,-11,-7,-7,-7,-7,-11,-11,-11,-11,-16,-16,-16,-16,-1,-1,-1,-28,-28,-25,-25,-8,-8,-8,0,0,0,1,1,1,2,2,2,-9,-9,-19,-19,-19,-8,-8,-8,-18,-18,-18,2,19,36,36,36,36,29,29,37
247,45.01599999999999824,-4,-19,4,4,12,12,12,-7,-7,-7,-7,28,28,28,-23,-23,21,21,-23,-23,-25,-25,-19,-19,-19,-5,-5,-5,-5,-33,-33,-33,-33,51,51,51,-7,-7,14,14,5,5,5,45,45,45,-14,-14,-14,12,12,10,10,-26,-26,-7,-7,-7,3,3,3,3,-31,-31,-31,-31,-9,-9,-9,-9,17,17,17,-10,-10,-10,24,24,24,7,7,7,7,-30,-30,-30,-30,-30,20,20,20,20,-10,-10,-10,-26,-26,1,1,1,-29,-29,-29,-29,-27,-27,-27,-27,-27,3,3,3,3,1,1,1,10,10,-5,-5,-5,13,13,13,13,9,9,9,9,9,-19,-19,-19,-19,-19,50,50,50,18,18,-27,-27,-27,-18,-18,-18,-18,-32,-32,-32,-32,-32,-46,-46,-46,-46,29,29,29,-4,-4,-24,-24,-24,-8,-8,-8,-8,23,23,23,23,5,5,5,5,-1,-1,-1,-24,-24,-24,8,8,8,6,6,6,-25,-25,-13,-13,-13,-18,-18,-18,6,6,6,-7,-7,-6,-6,-5,-5,-5,-14,-14,-14,-14,-11,-11,-11,-11,6,6,6,28,28,28,-6,-6,4,4,4,-2,-2,-2,-22,-22,-22,-22,-27,-27,-27,3,3,3,2,2,2,-36,-36,-36,-11,-11,-11,-11,-17,-17,-17,-17,-17,-17,-17,-7,-7,-7,-25,-25,6,6,6,6,-9,-9,-9,-9,9,9,9,9,-8,-8,-8,1,1,-16,-16,-10,-10,-10,-5,-5,-5,-5,-15,-15,-15,-15,-20,-20,-20,16,16,7,7,7,2,2,2,-27,-27,-27,-27,-8,-8,-8,-8,-20,-20,-20,-20,1,1,1,-16,-16,-16,24,24,24,24,-18,-18,-18,-18,13,13,13,13,-16,-16,-16,5,5,5,4,4,4,-13,-13,-13,-13,2,2,2,2,-4,-4,-4,-4,6,6,6,-32,-32,-32,-40,-40,-40,-40,-7,-7,-7,-7,2,2,2,2,2,2,-14,-14,-14,-15,-15,-15,-28,-28,-28,-28,5,5,5,5,21,21,21,21,-7,-7,-7,-5,-5,-5,-11,-11,-11,13,13,13,13,-25,-25,-25,-25,2,2,2,5,5,-10,-10,-15,-15,-15,8,8,8,8,-3,-3,-3,-3,5,5,5,-7,-7,-7,4,4,4,-13,-13,-13,-10,-10,-10,-10,-5,-5,-5,-5,1,1,1,-30,-30,-10,-10,8,8,18,18,18,5,5,5,5,1,1,1,1,0,0,0,-10,-10,-2,-2,-2,-17,-17,-17,-29,-29,-29,-12,-12,-12,-12,-12,10,10,10,10,9,9,9,-35,-35,-35,2,2,2,23,23,23,23,23,-12,-12,-12,-12,2,2,-14,-14,-13,-13,-13,-18,-18,-18,-18,-16,-16,-16,-16,11,11,11,11,-12,-12,-12,-12,-20,-20,-20,-13,-13,-16,-16,-1,-1,-1,-1,-1,-1,6,6,6,19,19,19,-6,-6,-14,-14,-14,-5,-5,-5,4,4,4,20,8,21,21,37,37,30,30,42
248,45.21600000000000108,28,14,6,6,29,29,29,20,20,20,20,57,57,57,20,20,29,29,16,16,13,13,-21,-21,-21,-16,-16,-16,-16,5,5,5,5,66,66,66,-12,-12,5,5,-9,-9,-9,52,52,52,13,13,13,12,12,11,11,-2,-2,41,41,41,37,37,37,37,29,29,29,29,-3,-3,-3,-3,12,12,12,14,14,14,-4,-4,-4,-4,-4,-4,-4,-43,-43,-43,-43,-43,4,4,4,4,44,44,44,6,6,36,36,36,16,16,16,16,3,3,3,3,3,23,23,23,23,29,29,29,21,21,13,13,13,38,38,38,38,21,21,21,21,21,32,32,32,32,32,-7,-7,-7,26,26,33,33,33,1,1,1,1,-11,-11,-11,-11,-11,37,37,37,37,11,11,11,-7,-7,-4,-4,-4,5,5,5,5,17,17,17,17,-7,-7,-7,-7,26,26,26,16,16,16,20,20,20,22,22,22,-9,-9,20,20,20,-11,-11,-11,11,11,11,2,2,38,38,20,20,20,46,46,46,46,-1,-1,-1,-1,11,11,11,1,1,1,4,4,24,24,24,-3,-3,-3,13,13,13,13,9,9,9,13,13,13,26,26,26,25,25,25,12,12,12,12,-20,-20,-20,-20,7,7,7,13,13,13,5,5,30,30,30,30,11,11,11,11,21,21,21,21,-2,-2,-2,-13,-13,18,18,22,22,22,1,1,1,1,-7,-7,-7,-7,-3,-3,-3,-9,-9,11,11,11,8,8,8,-18,-18,-18,-18,20,20,20,20,7,7,7,7,26,26,26,21,21,21,2,2,2,2,22,22,22,22,-1,-1,-1,-1,2,2,2,19,19,19,45,45,45,-3,-3,-3,-3,-15,-15,-15,-15,31,31,31,31,20,20,20,25,25,25,1,1,1,1,-2,-2,-2,-2,16,16,16,41,41,41,37,37,37,9,9,9,-4,-4,-4,-4,9,9,9,9,1,1,1,1,1,1,1,31,31,31,3,3,3,4,4,4,4,5,5,5,5,13,13,13,25,25,17,17,17,17,17,11,11,11,11,10,10,10,10,15,15,15,14,14,14,-1,-1,-1,29,29,29,23,23,23,23,3,3,3,3,34,34,34,9,9,12,12,12,12,9,9,9,6,6,6,6,22,22,22,22,15,15,15,22,22,12,12,12,20,20,20,4,4,4,12,12,12,12,12,23,23,23,23,3,3,3,-1,-1,-1,7,7,7,4,4,4,4,4,12,12,12,12,17,17,9,9,16,16,16,4,4,4,4,-1,-1,-1,-1,12,12,12,12,10,10,10,10,1,1,1,16,16,7,7,27,27,27,9,9,9,26,26,26,22,22,22,20,20,12,12,12,-9,-9,-9,1,1,1,26,14,37,37,50,50,21,21,71
249,45.41599999999999682,40,61,35,35,51,51,51,52,52,52,52,45,45,45,31,31,-10,-10,39,39,59,59,36,36,36,45,45,45,45,40,40,40,40,15,15,15,43,43,22,22,43,43,43,19,19,19,55,55,55,51,51,16,16,37,37,34,34,34,21,21,21,21,21,21,21,21,-7,-7,-7,-7,49,49,49,55,55,55,23,23,23,29,29,29,29,-4,-4,-4,-4,-4,35,35,35,35,28,28,28,11,11,43,43,43,11,11,11,11,13,13,13,13,13,30,30,30,30,22,22,22,9,9,44,44,44,66,66,66,66,51,51,51,51,51,-13,-13,-13,-13,-13,33,33,33,18,18,25,25,25,38,38,38,38,12,12,12,12,12,11,11,11,11,30,30,30,39,39,35,35,35,63,63,63,63,47,47,47,47,27,27,27,27,42,42,42,19,19,19,49,49,49,34,34,34,64,64,42,42,42,40,40,40,13,13,13,35,35,20,20,34,34,34,22,22,22,22,23,23,23,23,26,26,26,43,43,43,14,14,38,38,38,39,39,39,6,6,6,6,11,11,11,26,26,26,44,44,44,28,28,28,23,23,23,23,22,22,22,22,37,37,37,34,34,34,53,53,52,52,52,52,28,28,28,28,5,5,5,5,6,6,6,19,19,28,28,65,65,65,4,4,4,4,6,6,6,6,-2,-2,-2,-2,-2,27,27,27,51,51,51,19,19,19,19,8,8,8,8,44,44,44,44,28,28,28,59,59,59,33,33,33,33,17,17,17,17,2,2,2,2,71,71,71,54,54,54,43,43,43,26,26,26,26,16,16,16,16,60,60,60,60,62,62,62,38,38,38,29,29,29,29,40,40,40,40,51,51,51,59,59,59,42,42,42,44,44,44,23,23,23,23,17,17,17,17,35,35,35,35,32,32,32,19,19,19,8,8,8,41,41,41,41,24,24,24,24,39,39,39,18,18,47,47,36,36,36,37,37,37,37,33,33,33,33,40,40,40,34,34,34,31,31,31,53,53,53,40,40,40,40,7,7,7,7,27,27,27,54,54,39,39,34,34,46,46,46,38,38,38,38,23,23,23,23,38,38,38,46,46,18,18,18,30,30,30,38,38,38,19,19,19,19,19,39,39,39,39,40,40,40,26,26,26,21,21,21,35,35,35,35,35,8,8,8,8,39,39,44,44,32,32,32,28,28,28,28,53,53,53,53,17,17,17,17,-2,-2,-2,-2,19,19,19,27,27,31,31,44,44,44,18,18,18,26,26,26,23,23,23,22,22,26,26,26,8,8,8,16,16,16,44,35,32,32,56,56,60,60,86
250,45.61599999999999966,18,22,17,17,39,39,39,23,23,23,23,52,52,52,36,36,43,43,28,28,35,35,35,35,35,63,63,63,63,10,10,10,10,12,12,12,33,33,13,13,47,47,47,31,31,31,67,67,67,39,39,5,5,16,16,38,38,38,55,55,55,55,13,13,13,13,55,55,55,55,50,50,50,49,49,49,31,31,31,15,15,15,15,43,43,43,43,43,6,6,6,6,67,67,67,28,28,44,44,44,47,47,47,47,29,29,29,29,29,6,6,6,6,12,12,12,13,13,15,15,15,46,46,46,46,24,24,24,24,24,32,32,32,32,32,51,51,51,28,28,9,9,9,37,37,37,37,21,21,21,21,21,34,34,34,34,31,31,31,22,22,56,56,56,-4,-4,-4,-4,-4,-4,-4,-4,58,58,58,58,22,22,22,52,52,52,10,10,10,48,48,48,42,42,44,44,44,28,28,28,27,27,27,21,21,34,34,48,48,48,46,46,46,46,29,29,29,29,27,27,27,31,31,31,47,47,41,41,41,36,36,36,24,24,24,24,25,25,25,22,22,22,58,58,58,33,33,33,24,24,24,24,24,24,24,24,12,12,12,9,9,9,71,71,63,63,63,63,1,1,1,1,47,47,47,47,22,22,22,41,41,64,64,39,39,39,23,23,23,23,24,24,24,24,18,18,18,11,11,25,25,25,64,64,64,46,46,46,46,23,23,23,23,55,55,55,55,38,38,38,40,40,40,34,34,34,34,62,62,62,62,40,40,40,40,56,56,56,61,61,61,63,63,63,26,26,26,26,18,18,18,18,33,33,33,33,53,53,53,37,37,37,31,31,31,31,40,40,40,40,76,76,76,35,35,35,57,57,57,47,47,47,42,42,42,42,39,39,39,39,29,29,29,29,36,36,36,52,52,52,15,15,15,36,36,36,36,25,25,25,25,22,22,22,34,34,31,31,24,24,24,46,46,46,46,40,40,40,40,38,38,38,44,44,44,39,39,39,59,59,59,42,42,42,42,28,28,28,28,45,45,45,60,60,30,30,17,17,46,46,46,47,47,47,47,43,43,43,43,47,47,47,46,46,73,73,73,54,54,54,23,23,23,32,32,32,32,32,63,63,63,63,55,55,55,45,45,45,33,33,33,25,25,25,25,25,39,39,39,39,39,39,39,39,59,59,59,55,55,55,55,54,54,54,54,19,19,19,19,32,32,32,32,26,26,26,40,40,50,50,41,41,41,22,22,22,20,20,20,39,39,39,42,42,34,34,34,11,11,11,18,18,18,43,53,46,46,35,35,48,48,73
