"","TRACE",1,2,3,4,5,6,7,8,9,10,11,12,13,14,15,16,17,18,19,20,21,22,23,24,25,26,27,28,29,30,31,32,33,34,35,36,37,38,39,40,41,42,43,44,45,46,47,48,49,50,51,52,53,54,55,56,57,58,59,60,61,62,63,64,65,66,67,68,69,70,71,72,73,74,75,76,77,78,79,80,81,82,83,84,85,86,87,88,89,90,91,92,93,94,95,96,97,98,99,100,101,102,103,104,105,106,107,108,109,110,111,112,113,114,115,116,117,118,119,120,121,122,123,124,125,126,127,128,129,130,131,132,133,134,135,136,137,138,139,140,141,142,143,144,145,146,147,148,149,150,151,152,153,154,155,156,157,158,159,160,161,162,163,164,165,166,167,168,169,170,171,172,173,174,175,176,177,178,179,180,181,182,183,184,185,186,187,188,189,190,191,192,193,194,195,196,197,198,199,200,201,202,203,204,205,206,207,208,209,210,211,212,213,214,215,216,217,218,219,220,221,222,223,224,225,226,227,228,229,230,231,232,233,234,235,236,237,238,239,240,241,242,243,244,245,246,247,248,249,250,251,252,253,254,255,256,257,258,259,260,261,262,263,264,265,266,267,268,269,270,271,272,273,274,275,276,277,278,279,280,281,282,283,284,285,286,287,288,289,290,291,292,293,294,295,296,297,298,299,300,301,302,303,304,305,306,307,308,309,310,311,312,313,314,315,316,317,318,319,320,321,322,323,324,325,326,327,328,329,330,331,332,333,334,335,336,337,338,339,340,341,342,343,344,345,346,347,348,349,350,351,352,353,354,355,356,357,358,359,360,361,362,363,364,365,366,367,368,369,370,371,372,373,374,375,376,377,378,379,380,381,382,383,384,385,386,387,388,389,390,391,392,393,394,395,396,397,398,399,400,401,402,403,404,405,406,407,408,409,410,411,412,413,414,415,416,417,418,419,420,421,422,423,424,425,426,427,428,429,430,431,432,433,434,435,436,437,438,439,440,441,442,443,444,445,446,447,448,449,450,451,452,453,454,455,456,457,458,459,460,461,462,463,464,465,466,467,468,469,470,471,472,473,474,475,476,477,478,479,480,481,482,483,484,485,486,487,488,489,490,491,492,493,494,495,496,497,498,499,500,501,502,503,504,505,506,507,508,509,510,511,512,513,514,515,516,517,518,519,520,521,522,523,524,525,526,527,528,529,530,531,532,533,534,535,536,537,538,539,540,541,542,543,544,545,546,547,548,549,550,551,552,553,554,555,556,557,558,559,560,561,562,563,564,565,566,567,568,569,570,571,572,573,574,575,576,577,578,579,580,581,582,583,584,585,586,587,588,589,590,591,592,593,594
"","Position (m)",0,0.02000000000000000042,0.04000000000000000083,0.05999999999999999778,0.08000000000000000167,0.1000000000000000056,0.1200000000000000094,0.1400000000000000133,0.1600000000000000033,0.1799999999999999933,0.1999999999999999833,0.2199999999999999734,0.2399999999999999634,0.2599999999999999534,0.2799999999999999711,0.2999999999999999889,0.3200000000000000067,0.3400000000000000244,0.3600000000000000422,0.38000000000000006,0.4000000000000000777,0.4200000000000000955,0.4400000000000001132,0.460000000000000131,0.4800000000000001488,0.500000000000000111,0.5200000000000001288,0.5400000000000001465,0.5600000000000001643,0.5800000000000001821,0.6000000000000001998,0.6200000000000002176,0.6400000000000002354,0.6600000000000002531,0.6800000000000002709,0.7000000000000002887,0.7200000000000003064,0.7400000000000003242,0.7600000000000003419,0.7800000000000003597,0.8000000000000003775,0.8200000000000003952,0.840000000000000413,0.8600000000000004308,0.8800000000000004485,0.9000000000000004663,0.9200000000000004841,0.9400000000000005018,0.9600000000000005196,0.9800000000000005373,1.000000000000000444,1.020000000000000462,1.04000000000000048,1.060000000000000497,1.080000000000000515,1.100000000000000533,1.120000000000000551,1.140000000000000568,1.160000000000000586,1.180000000000000604,1.200000000000000622,1.220000000000000639,1.240000000000000657,1.260000000000000675,1.280000000000000693,1.300000000000000711,1.320000000000000728,1.340000000000000746,1.360000000000000764,1.380000000000000782,1.400000000000000799,1.420000000000000817,1.440000000000000835,1.460000000000000853,1.48000000000000087,1.500000000000000888,1.520000000000000906,1.540000000000000924,1.560000000000000941,1.580000000000000959,1.600000000000000977,1.620000000000000995,1.640000000000001013,1.66000000000000103,1.680000000000001048,1.700000000000001066,1.720000000000001084,1.740000000000001101,1.760000000000001119,1.780000000000001137,1.800000000000001155,1.820000000000001172,1.84000000000000119,1.860000000000001208,1.880000000000001226,1.900000000000001243,1.920000000000001261,1.940000000000001279,1.960000000000001297,1.980000000000001315,2.000000000000001332,2.02000000000000135,2.040000000000001368,2.060000000000001386,2.080000000000001403,2.100000000000001421,2.120000000000001439,2.140000000000001457,2.160000000000001474,2.180000000000001492,2.20000000000000151,2.220000000000001528,2.240000000000001545,2.260000000000001563,2.280000000000001581,2.300000000000001599,2.320000000000001616,2.340000000000001634,2.360000000000001652,2.38000000000000167,2.400000000000001688,2.420000000000001705,2.440000000000001723,2.460000000000001741,2.480000000000001759,2.500000000000001776,2.520000000000001794,2.540000000000001812,2.56000000000000183,2.580000000000001847,2.600000000000001865,2.620000000000001883,2.640000000000001901,2.660000000000001918,2.680000000000001936,2.700000000000001954,2.720000000000001972,2.74000000000000199,2.760000000000002007,2.780000000000002025,2.800000000000002043,2.820000000000002061,2.840000000000002078,2.860000000000002096,2.880000000000002114,2.900000000000002132,2.920000000000002149,2.940000000000002167,2.960000000000002185,2.980000000000002203,3.00000000000000222,3.020000000000002238,3.040000000000002256,3.060000000000002274,3.080000000000002292,3.100000000000002309,3.120000000000002327,3.140000000000002345,3.160000000000002363,3.18000000000000238,3.200000000000002398,3.220000000000002416,3.240000000000002434,3.260000000000002451,3.280000000000002469,3.300000000000002487,3.320000000000002505,3.340000000000002522,3.36000000000000254,3.380000000000002558,3.400000000000002576,3.420000000000002593,3.440000000000002611,3.460000000000002629,3.480000000000002647,3.500000000000002665,3.520000000000002682,3.5400000000000027,3.560000000000002718,3.580000000000002736,3.600000000000002753,3.620000000000002771,3.640000000000002789,3.660000000000002807,3.680000000000002824,3.700000000000002842,3.72000000000000286,3.740000000000002878,3.760000000000002895,3.780000000000002913,3.800000000000002931,3.820000000000002949,3.840000000000002967,3.860000000000002984,3.880000000000003002,3.90000000000000302,3.920000000000003038,3.940000000000003055,3.960000000000003073,3.980000000000003091,4.000000000000002665,4.020000000000002238,4.040000000000001812,4.060000000000001386,4.080000000000000959,4.100000000000000533,4.120000000000000107,4.13999999999999968,4.159999999999999254,4.179999999999998828,4.199999999999998401,4.219999999999997975,4.239999999999997549,4.259999999999997122,4.279999999999996696,4.29999999999999627,4.319999999999995843,4.339999999999995417,4.359999999999994991,4.379999999999994564,4.399999999999994138,4.419999999999993712,4.439999999999993285,4.459999999999992859,4.479999999999992433,4.499999999999992006,4.51999999999999158,4.539999999999991154,4.559999999999990727,4.579999999999990301,4.599999999999989875,4.619999999999989448,4.639999999999989022,4.659999999999988596,4.679999999999988169,4.699999999999987743,4.719999999999987317,4.73999999999998689,4.759999999999986464,4.779999999999986038,4.799999999999985612,4.819999999999985185,4.839999999999984759,4.859999999999984333,4.879999999999983906,4.89999999999998348,4.919999999999983054,4.939999999999982627,4.959999999999982201,4.979999999999981775,4.999999999999981348,5.019999999999980922,5.039999999999980496,5.059999999999980069,5.079999999999979643,5.099999999999979217,5.11999999999997879,5.139999999999978364,5.159999999999977938,5.179999999999977511,5.199999999999977085,5.219999999999976659,5.239999999999976232,5.259999999999975806,5.27999999999997538,5.299999999999974953,5.319999999999974527,5.339999999999974101,5.359999999999973674,5.379999999999973248,5.399999999999972822,5.419999999999972395,5.439999999999971969,5.459999999999971543,5.479999999999971116,5.49999999999997069,5.519999999999970264,5.539999999999969837,5.559999999999969411,5.579999999999968985,5.599999999999968558,5.619999999999968132,5.639999999999967706,5.65999999999996728,5.679999999999966853,5.699999999999966427,5.719999999999966001,5.739999999999965574,5.759999999999965148,5.779999999999964722,5.799999999999964295,5.819999999999963869,5.839999999999963443,5.859999999999963016,5.87999999999996259,5.899999999999962164,5.919999999999961737,5.939999999999961311,5.959999999999960885,5.979999999999960458,5.999999999999960032,6.019999999999959606,6.039999999999959179,6.059999999999958753,6.079999999999958327,6.0999999999999579,6.119999999999957474,6.139999999999957048,6.159999999999956621,6.179999999999956195,6.199999999999955769,6.219999999999955342,6.239999999999954916,6.25999999999995449,6.279999999999954063,6.299999999999953637,6.319999999999953211,6.339999999999952784,6.359999999999952358,6.379999999999951932,6.399999999999951505,6.419999999999951079,6.439999999999950653,6.459999999999950226,6.4799999999999498,6.499999999999949374,6.519999999999948948,6.539999999999948521,6.559999999999948095,6.579999999999947669,6.599999999999947242,6.619999999999946816,6.63999999999994639,6.659999999999945963,6.679999999999945537,6.699999999999945111,6.719999999999944684,6.739999999999944258,6.759999999999943832,6.779999999999943405,6.799999999999942979,6.819999999999942553,6.839999999999942126,6.8599999999999417,6.879999999999941274,6.899999999999940847,6.919999999999940421,6.939999999999939995,6.959999999999939568,6.979999999999939142,6.999999999999938716,7.019999999999938289,7.039999999999937863,7.059999999999937437,7.07999999999993701,7.099999999999936584,7.119999999999936158,7.139999999999935731,7.159999999999935305,7.179999999999934879,7.199999999999934452,7.219999999999934026,7.2399999999999336,7.259999999999933173,7.279999999999932747,7.299999999999932321,7.319999999999931894,7.339999999999931468,7.359999999999931042,7.379999999999930616,7.399999999999930189,7.419999999999929763,7.439999999999929337,7.45999999999992891,7.479999999999928484,7.499999999999928058,7.519999999999927631,7.539999999999927205,7.559999999999926779,7.579999999999926352,7.599999999999925926,7.6199999999999255,7.639999999999925073,7.659999999999924647,7.679999999999924221,7.699999999999923794,7.719999999999923368,7.739999999999922942,7.759999999999922515,7.779999999999922089,7.799999999999921663,7.819999999999921236,7.83999999999992081,7.859999999999920384,7.879999999999919957,7.899999999999919531,7.919999999999919105,7.939999999999918678,7.959999999999918252,7.979999999999917826,7.999999999999917399,8.019999999999917861,8.039999999999917435,8.059999999999917009,8.079999999999916582,8.099999999999916156,8.11999999999991573,8.139999999999915303,8.159999999999914877,8.179999999999914451,8.199999999999914024,8.219999999999913598,8.239999999999913172,8.259999999999912745,8.279999999999912319,8.299999999999911893,8.319999999999911466,8.33999999999991104,8.359999999999910614,8.379999999999910187,8.399999999999909761,8.419999999999909335,8.439999999999908908,8.459999999999908482,8.479999999999908056,8.499999999999907629,8.519999999999907203,8.539999999999906777,8.55999999999990635,8.579999999999905924,8.599999999999905498,8.619999999999905071,8.639999999999904645,8.659999999999904219,8.679999999999903793,8.699999999999903366,8.71999999999990294,8.739999999999902514,8.759999999999902087,8.779999999999901661,8.799999999999901235,8.819999999999900808,8.839999999999900382,8.859999999999899956,8.879999999999899529,8.899999999999899103,8.919999999999898677,8.93999999999989825,8.959999999999897824,8.979999999999897398,8.999999999999896971,9.019999999999896545,9.039999999999896119,9.059999999999895692,9.079999999999895266,9.09999999999989484,9.119999999999894413,9.139999999999893987,9.159999999999893561,9.179999999999893134,9.199999999999892708,9.219999999999892282,9.239999999999891855,9.259999999999891429,9.279999999999891003,9.299999999999890576,9.31999999999989015,9.339999999999889724,9.359999999999889297,9.379999999999888871,9.399999999999888445,9.419999999999888018,9.439999999999887592,9.459999999999887166,9.479999999999886739,9.499999999999886313,9.519999999999885887,9.539999999999885461,9.559999999999885034,9.579999999999884608,9.599999999999884182,9.619999999999883755,9.639999999999883329,9.659999999999882903,9.679999999999882476,9.69999999999988205,9.719999999999881624,9.739999999999881197,9.759999999999880771,9.779999999999880345,9.799999999999879918,9.819999999999879492,9.839999999999879066,9.859999999999878639,9.879999999999878213,9.899999999999877787,9.91999999999987736,9.939999999999876934,9.959999999999876508,9.979999999999876081,9.999999999999875655,10.01999999999987523,10.0399999999998748,10.05999999999987438,10.07999999999987395,10.09999999999987352,10.1199999999998731,10.13999999999987267,10.15999999999987224,10.17999999999987182,10.19999999999987139,10.21999999999987097,10.23999999999987054,10.25999999999987011,10.27999999999986969,10.29999999999986926,10.31999999999986883,10.33999999999986841,10.35999999999986798,10.37999999999986755,10.39999999999986713,10.4199999999998667,10.43999999999986628,10.45999999999986585,10.47999999999986542,10.499999999999865,10.51999999999986457,10.53999999999986414,10.55999999999986372,10.57999999999986329,10.59999999999986287,10.61999999999986244,10.63999999999986201,10.65999999999986159,10.67999999999986116,10.69999999999986073,10.71999999999986031,10.73999999999985988,10.75999999999985945,10.77999999999985903,10.7999999999998586,10.81999999999985818,10.83999999999985775,10.85999999999985732,10.8799999999998569,10.89999999999985647,10.91999999999985604,10.93999999999985562,10.95999999999985519,10.97999999999985477,10.99999999999985434,11.01999999999985391,11.03999999999985349,11.05999999999985306,11.07999999999985263,11.09999999999985221,11.11999999999985178,11.13999999999985135,11.15999999999985093,11.1799999999998505,11.19999999999985008,11.21999999999984965,11.23999999999984922,11.2599999999998488,11.27999999999984837,11.29999999999984794,11.31999999999984752,11.33999999999984709,11.35999999999984666,11.37999999999984624,11.39999999999984581,11.41999999999984539,11.43999999999984496,11.45999999999984453,11.47999999999984411,11.49999999999984368,11.51999999999984325,11.53999999999984283,11.5599999999998424,11.57999999999984198,11.59999999999984155,11.61999999999984112,11.6399999999998407,11.65999999999984027,11.67999999999983984,11.69999999999983942,11.71999999999983899,11.73999999999983856,11.75999999999983814,11.77999999999983771,11.79999999999983729,11.81999999999983686,11.83999999999983643,11.85999999999983601
"Point","Time (ns)"
1,-4.307999999999999829,6,11,10,18,18,25,25,10,10,18,18,38,38,15,20,19,19,-1,-1,1,1,15,15,23,23,4,4,38,38,16,16,9,9,9,49,49,49,-11,-11,-11,12,12,12,34,34,34,-10,-10,-10,26,26,-2,-2,1,1,17,17,17,4,4,4,28,28,28,10,10,-7,-7,-16,-16,-19,-19,-19,17,17,17,18,18,-13,-23,54,54,12,12,12,25,25,19,19,13,13,26,26,8,8,8,17,17,17,12,12,16,12,12,9,9,0,0,0,21,21,-7,-7,6,6,15,15,20,20,14,27,8,1,25,25,21,21,13,13,12,12,12,44,44,-8,-8,13,13,14,14,14,22,22,22,32,32,18,18,13,13,48,48,5,5,5,5,5,23,23,4,4,17,17,20,20,11,11,11,18,18,24,-8,-8,7,7,20,20,20,31,31,31,34,34,37,37,12,12,18,18,47,47,17,17,-29,-29,14,14,7,7,-3,-3,9,9,10,10,10,0,0,26,26,15,15,24,24,11,11,-4,-4,19,6,15,15,6,6,4,4,0,0,6,6,6,21,21,21,11,11,11,8,8,8,3,3,3,25,25,15,15,0,0,21,21,15,15,15,19,19,19,14,14,14,-7,-7,14,14,14,24,24,24,25,25,25,19,19,19,18,18,18,-5,-5,11,11,36,36,36,28,28,28,41,41,41,8,8,28,28,0,0,6,6,16,16,16,-4,-4,-4,-4,15,15,24,24,4,4,34,34,34,12,12,12,12,5,5,5,20,20,17,17,24,24,24,-2,-2,-2,-2,14,14,14,14,-1,-1,-1,8,8,5,5,-8,-8,-8,-8,8,8,8,-6,-6,-6,11,11,11,20,20,24,24,24,-1,-1,-1,-1,16,16,16,-4,-4,-4,13,13,14,14,13,13,13,7,7,7,18,18,18,10,10,3,3,13,13,13,21,21,21,16,16,16,16,-2,-2,-2,-2,15,15,15,-2,-2,-2,10,10,10,7,7,7,33,33,33,34,34,34,25,25,25,22,22,22,3,3,3,25,25,25,25,31,31,31,31,16,16,16,24,24,11,11,11,20,20,20,2,2,10,10,15,15,16,16,4,4,4,22,22,22,18,18,18,18,7,7,7,7,22,22,20,20,19,19,-2,-2,3,3,3,-1,-1,-1,12,12,12,7,7,7,6,6,6,20,20,20,20,30,30,30,5,5,5,3,3,3,19,19,22,22,13,13,-15,-15,-15,-1,-1,-1,-1,10,10,10,10,7,7,7,47,47,47,15,15,15,5,5,5,5,-1,-1,-1,0,0,19,19,26,26,-9,-9,-9,28,28,28,25,25,25,25,21,21,21,16,16,16,13,13,13,10,10,10,10,32,32,32,32,21,21,21,21,-10,-10,-10,-10,49,49,49,49,3,3,3,16,16,16,19,19,19,43
2,-4.107999999999999652,20,22,-11,-5,-5,-6,-6,12,12,38,38,-4,-4,3,15,9,9,3,3,12,12,8,8,0,0,10,10,18,18,-4,-4,12,12,12,18,18,18,3,3,3,18,18,18,-20,-20,-20,6,6,6,30,30,18,18,28,28,4,4,4,-19,-19,-19,16,16,16,4,4,10,10,7,7,-8,-8,-8,1,1,1,10,10,31,14,-3,-3,37,37,37,16,16,27,27,16,16,9,9,0,0,0,24,24,24,5,5,16,32,32,14,14,11,11,11,12,12,16,16,28,28,22,22,-2,-2,18,25,16,-1,2,2,4,4,7,7,7,7,7,18,18,-2,-2,31,31,47,47,47,9,9,9,38,38,-14,-14,21,21,5,5,23,23,23,15,15,8,8,13,13,26,26,10,10,16,16,16,16,16,15,-5,-5,40,40,6,6,6,26,26,26,17,17,19,19,47,47,15,15,27,27,8,8,18,18,1,1,-6,-6,16,16,16,16,27,27,27,18,18,25,25,11,11,23,23,17,17,6,6,-9,11,3,3,25,25,-3,-3,-2,-2,3,3,3,-6,-6,-6,22,22,22,16,16,16,-6,-6,-6,29,29,-9,-9,14,14,7,7,7,7,7,18,18,18,25,25,25,13,13,29,29,29,12,12,12,7,7,7,-19,-19,-19,6,6,6,10,10,22,22,29,29,29,20,20,20,17,17,17,39,39,10,10,12,12,18,18,-10,-10,-10,18,18,18,18,21,21,26,26,-1,-1,4,4,4,35,35,35,35,9,9,9,5,5,-13,-13,13,13,13,22,22,22,22,1,1,1,1,4,4,4,9,9,2,2,9,9,9,9,1,1,1,14,14,14,27,27,27,14,14,6,6,6,0,0,0,0,-1,-1,-1,21,21,21,14,14,2,2,34,34,34,19,19,19,13,13,13,7,7,4,4,17,17,17,-4,-4,-4,6,6,6,6,31,31,31,31,24,24,24,31,31,31,29,29,29,6,6,6,24,24,24,29,29,29,4,4,4,27,27,27,35,35,35,1,1,1,1,22,22,22,22,17,17,17,8,8,7,7,7,-5,-5,-5,-7,-7,7,7,4,4,1,1,-4,-4,-4,7,7,7,6,6,6,6,23,23,23,23,4,4,16,16,11,11,26,26,1,1,1,12,12,12,26,26,26,12,12,12,2,2,2,25,25,25,25,30,30,30,13,13,13,28,28,28,35,35,-11,-11,21,21,34,34,34,23,23,23,23,16,16,16,16,35,35,35,10,10,10,27,27,27,16,16,16,16,26,26,26,18,18,31,31,6,6,33,33,33,19,19,19,3,3,3,3,8,8,8,28,28,28,12,12,12,22,22,22,22,20,20,20,20,38,38,38,38,24,24,24,24,2,2,2,2,19,19,19,7,7,7,17,17,17,14
3,-3.907999999999999918,24,5,-22,2,2,43,43,50,50,22,22,28,28,18,35,25,25,17,17,18,18,40,40,23,23,12,12,42,42,10,10,29,29,29,25,25,25,17,17,17,-4,-4,-4,42,42,42,3,3,3,1,1,35,35,9,9,28,28,28,25,25,25,1,1,1,-1,-1,2,2,20,20,-2,-2,-2,6,6,6,39,39,18,3,26,26,2,2,2,-1,-1,13,13,8,8,-4,-4,27,27,27,18,18,18,19,19,-5,9,9,7,7,-21,-21,-21,14,14,1,1,-2,-2,-2,-2,13,13,22,16,21,14,10,10,16,16,29,29,11,11,11,-12,-12,11,11,24,24,29,29,29,22,22,22,20,20,39,39,-1,-1,21,21,31,31,31,15,15,28,28,25,25,22,22,15,15,18,18,18,21,21,19,15,15,25,25,26,26,26,19,19,19,1,1,1,1,-4,-4,30,30,20,20,17,17,29,29,0,0,16,16,25,25,20,20,19,19,19,5,5,21,21,19,19,16,16,23,23,7,7,27,16,19,19,18,18,16,16,14,14,27,27,27,19,19,19,26,26,26,27,27,27,20,20,20,16,16,15,15,8,8,11,11,8,8,8,19,19,19,-7,-7,-7,13,13,17,17,17,0,0,0,27,27,27,8,8,8,24,24,24,11,11,38,38,27,27,27,23,23,23,23,23,23,7,7,15,15,23,23,20,20,20,20,20,11,11,11,11,13,13,27,27,-8,-8,12,12,12,27,27,27,27,21,21,21,35,35,12,12,17,17,17,22,22,22,22,20,20,20,20,19,19,19,27,27,37,37,33,33,33,33,25,25,25,36,36,36,18,18,18,18,18,21,21,21,25,25,25,25,-2,-2,-2,5,5,5,11,11,9,9,8,8,8,0,0,0,16,16,16,26,26,8,8,21,21,21,12,12,12,35,35,35,35,6,6,6,6,42,42,42,12,12,12,26,26,26,10,10,10,14,14,14,20,20,20,36,36,36,37,37,37,44,44,44,-1,-1,-1,-1,38,38,38,38,29,29,29,9,9,7,7,7,27,27,27,26,26,39,39,14,14,22,22,15,15,15,6,6,6,13,13,13,13,-5,-5,-5,-5,8,8,16,16,12,12,29,29,31,31,31,17,17,17,4,4,4,11,11,11,4,4,4,-6,-6,-6,-6,40,40,40,25,25,25,33,33,33,14,14,9,9,28,28,0,0,0,19,19,19,19,14,14,14,14,36,36,36,-3,-3,-3,17,17,17,21,21,21,21,21,21,21,-4,-4,33,33,7,7,28,28,28,24,24,24,1,1,1,1,8,8,8,27,27,27,22,22,22,30,30,30,30,-9,-9,-9,-9,8,8,8,8,31,31,31,31,38,38,38,38,21,21,21,38,38,38,16,16,16,0
4,-3.708000000000000185,16,24,52,23,23,22,22,29,29,33,33,28,28,34,-8,-1,-1,25,25,13,13,20,20,26,26,34,34,46,46,28,28,19,19,19,52,52,52,23,23,23,35,35,35,30,30,30,16,16,16,39,39,23,23,24,24,46,46,46,24,24,24,26,26,26,17,17,11,11,28,28,19,19,19,40,40,40,1,1,29,8,29,29,28,28,28,27,27,5,5,5,5,24,24,22,22,22,-6,-6,-6,22,22,12,16,16,-2,-2,27,27,27,15,15,5,5,32,32,26,26,37,37,24,20,21,27,3,3,16,16,41,41,4,4,4,50,50,21,21,51,51,28,28,28,16,16,16,32,32,15,15,53,53,33,33,19,19,19,4,4,8,8,24,24,31,31,24,24,20,20,20,9,9,32,18,18,29,29,11,11,11,25,25,25,45,45,31,31,31,31,18,18,26,26,17,17,37,37,19,19,49,49,24,24,56,56,30,30,30,37,37,10,10,25,25,29,29,20,20,37,37,20,22,37,37,29,29,24,24,34,34,12,12,12,12,12,12,40,40,40,23,23,23,27,27,27,30,30,20,20,12,12,36,36,13,13,13,16,16,16,31,31,31,35,35,36,36,36,27,27,27,38,38,38,25,25,25,42,42,42,55,55,5,5,17,17,17,11,11,11,11,11,11,29,29,20,20,60,60,42,42,16,16,16,11,11,11,11,34,34,35,35,35,35,32,32,32,31,31,31,31,31,31,31,22,22,9,9,52,52,52,-11,-11,-11,-11,40,40,40,40,10,10,10,37,37,28,28,26,26,26,26,12,12,12,29,29,29,13,13,13,9,9,28,28,28,33,33,33,33,24,24,24,18,18,18,32,32,28,28,29,29,29,34,34,34,32,32,32,17,17,34,34,34,34,34,29,29,29,25,25,25,25,47,47,47,47,15,15,15,15,15,15,36,36,36,28,28,28,28,28,28,33,33,33,9,9,9,23,23,23,24,24,24,29,29,29,29,34,34,34,34,7,7,7,33,33,27,27,27,27,27,27,19,19,42,42,26,26,26,26,21,21,21,24,24,24,23,23,23,23,40,40,40,40,28,28,6,6,28,28,17,17,22,22,22,31,31,31,25,25,25,7,7,7,8,8,8,16,16,16,16,13,13,13,28,28,28,12,12,12,33,33,33,33,5,5,34,34,34,47,47,47,47,46,46,46,46,17,17,17,20,20,20,13,13,13,7,7,7,7,27,27,27,24,24,19,19,12,12,20,20,20,5,5,5,-2,-2,-2,-2,37,37,37,22,22,22,18,18,18,31,31,31,31,10,10,10,10,37,37,37,37,28,28,28,28,34,34,34,34,31,31,31,27,27,27,10,10,10,17
5,-3.508000000000000007,65,45,44,36,36,-1,-1,33,33,39,39,33,33,25,62,9,9,34,34,22,22,37,37,41,41,54,54,52,52,-1,-1,47,47,47,37,37,37,23,23,23,40,40,40,50,50,50,43,43,43,60,60,34,34,45,45,10,10,10,42,42,42,50,50,50,19,19,25,25,19,19,29,29,29,31,31,31,15,15,40,29,38,38,39,39,39,31,31,6,6,7,7,27,27,28,28,28,16,16,16,40,40,30,37,37,31,31,39,39,39,27,27,10,10,41,41,30,30,43,43,29,21,24,32,41,41,35,35,34,34,49,49,49,22,22,28,28,21,21,30,30,30,42,42,42,33,33,45,45,40,40,35,35,12,12,12,27,27,51,51,32,32,43,43,38,38,9,9,9,28,28,20,37,37,32,32,59,59,59,43,43,43,28,28,22,22,35,35,22,22,26,26,55,55,43,43,46,46,35,35,36,36,52,52,28,28,28,51,51,52,52,22,22,29,29,24,24,38,38,36,27,36,36,33,33,34,34,31,31,36,36,36,32,32,32,25,25,25,23,23,23,41,41,41,42,42,35,35,44,44,48,48,43,43,43,57,57,57,44,44,44,37,37,31,31,31,38,38,38,32,32,32,17,17,17,40,40,40,61,61,36,36,21,21,21,61,61,61,70,70,70,11,11,61,61,58,58,46,46,27,27,27,52,52,52,52,27,27,66,66,33,33,47,47,47,30,30,30,30,37,37,37,41,41,44,44,37,37,37,23,23,23,23,25,25,25,25,27,27,27,17,17,39,39,47,47,47,47,23,23,23,35,35,35,37,37,37,39,39,30,30,30,7,7,7,7,24,24,24,33,33,33,11,11,42,42,31,31,31,43,43,43,37,37,37,41,41,45,45,32,32,32,40,40,40,39,39,39,39,49,49,49,49,33,33,33,44,44,44,34,34,34,46,46,46,37,37,37,69,69,69,49,49,49,43,43,43,59,59,59,53,53,53,53,51,51,51,51,57,57,57,64,64,52,52,52,31,31,31,24,24,28,28,33,33,33,33,10,10,10,32,32,32,28,28,28,28,51,51,51,51,17,17,17,17,32,32,39,39,42,42,42,15,15,15,26,26,26,29,29,29,22,22,22,32,32,32,32,24,24,24,26,26,26,30,30,30,61,61,44,44,66,66,32,32,32,9,9,9,9,28,28,28,28,41,41,41,28,28,28,22,22,22,24,24,24,24,27,27,27,38,38,43,43,33,33,38,38,38,75,75,75,32,32,32,32,38,38,38,38,38,38,40,40,40,37,37,37,37,43,43,43,43,11,11,11,11,37,37,37,37,16,16,16,16,46,46,46,38,38,38,34,34,34,46
6,-3.307999999999999829,29,61,65,82,82,45,45,61,61,60,60,45,45,74,36,56,56,63,63,61,61,52,52,48,48,40,40,56,56,67,67,45,45,45,56,56,56,67,67,67,70,70,70,56,56,56,79,79,79,90,90,63,63,64,64,63,63,63,54,54,54,60,60,60,40,40,41,41,38,38,42,42,42,61,61,61,78,78,47,79,52,52,46,46,46,74,74,45,45,29,29,23,23,45,45,45,57,57,57,40,40,64,39,39,52,52,51,51,51,42,42,62,62,46,46,35,35,63,63,50,57,46,50,51,51,43,43,71,71,54,54,54,23,23,43,43,27,27,75,75,75,66,66,66,66,66,63,63,57,57,45,45,43,43,43,41,41,35,35,45,45,49,49,46,46,33,33,33,50,50,63,43,43,79,79,68,68,68,72,72,72,64,64,75,75,52,52,50,50,54,54,54,54,87,87,48,48,97,97,61,61,56,56,55,55,55,28,28,33,33,39,39,38,38,66,66,60,60,66,60,65,65,47,47,50,50,55,55,65,65,65,57,57,57,59,59,59,42,42,42,56,56,56,63,63,56,56,63,63,64,64,79,79,79,62,62,62,51,51,51,66,66,54,54,54,55,55,55,68,68,68,69,69,69,74,74,74,80,80,41,41,45,45,45,54,54,54,60,60,60,51,51,52,52,67,67,52,52,86,86,86,52,52,52,52,54,54,60,60,66,66,77,77,77,61,61,61,61,51,51,51,64,64,52,52,54,54,54,56,56,56,56,64,64,64,64,64,64,64,48,48,102,102,62,62,62,62,56,56,56,62,62,62,56,56,56,51,51,51,51,51,26,26,26,26,58,58,58,49,49,49,53,53,60,60,63,63,63,37,37,37,65,65,65,66,66,54,54,36,36,36,38,38,38,42,42,42,42,61,61,61,61,53,53,53,39,39,39,64,64,64,50,50,50,73,73,73,72,72,72,82,82,82,32,32,32,33,33,33,80,80,80,80,72,72,72,72,85,85,85,65,65,75,75,75,81,81,81,32,32,61,61,64,64,47,47,63,63,63,57,57,57,51,51,51,51,50,50,50,50,55,55,70,70,42,42,42,42,28,28,28,52,52,52,50,50,50,63,63,63,33,33,33,65,65,65,65,52,52,52,47,47,47,45,45,45,54,54,49,49,60,60,62,62,62,79,79,79,79,57,57,57,57,28,28,28,47,47,47,26,26,26,26,26,26,26,50,50,50,63,63,64,64,73,73,48,48,48,72,72,72,57,57,57,57,44,44,44,48,48,48,60,60,60,44,44,44,44,59,59,59,59,66,66,66,66,62,62,62,62,48,48,48,48,45,45,45,81,81,81,69,69,69,65
7,-3.108000000000000096,45,73,76,129,129,68,68,89,89,103,103,61,61,115,82,62,62,59,59,76,76,67,67,76,76,56,56,70,70,81,81,53,53,53,57,57,57,79,79,79,57,57,57,98,98,98,76,76,76,107,107,79,79,57,57,105,105,105,83,83,83,66,66,66,54,54,46,46,38,38,63,63,63,47,47,47,79,79,79,74,81,81,100,100,100,63,63,54,54,37,37,57,57,42,42,42,66,66,66,75,75,65,75,75,81,81,58,58,58,61,61,50,50,43,43,80,80,46,46,66,59,52,59,61,61,55,55,104,104,59,59,59,80,80,51,51,81,81,100,100,100,61,61,61,87,87,89,89,91,91,95,95,82,82,82,92,92,65,65,61,61,45,45,56,56,60,60,60,44,44,63,86,86,92,92,91,91,91,78,78,78,56,56,77,77,67,67,77,77,82,82,92,92,100,100,117,117,100,100,93,93,73,73,76,76,76,58,58,64,64,40,40,63,63,81,81,63,63,92,66,59,59,79,79,82,82,82,82,64,64,64,67,67,67,61,61,61,85,85,85,75,75,75,84,84,71,71,87,87,96,96,87,87,87,72,72,72,80,80,80,61,61,52,52,52,77,77,77,61,61,61,78,78,78,67,67,67,85,85,66,66,77,77,77,75,75,75,96,96,96,76,76,101,101,113,113,101,101,75,75,75,82,82,82,82,85,85,70,70,104,104,109,109,109,45,45,45,45,83,83,83,83,83,78,78,85,85,85,87,87,87,87,59,59,59,59,92,92,92,97,97,118,118,81,81,81,81,80,80,80,81,81,81,97,97,97,59,59,83,83,83,41,41,41,41,63,63,63,65,65,65,82,82,94,94,63,63,63,69,69,69,79,79,79,95,95,70,70,52,52,52,61,61,61,100,100,100,100,112,112,112,112,90,90,90,89,89,89,84,84,84,118,118,118,100,100,100,106,106,106,89,89,89,37,37,37,114,114,114,110,110,110,110,71,71,71,71,87,87,87,82,82,68,68,68,89,89,89,73,73,66,66,60,60,51,51,76,76,76,62,62,62,58,58,58,58,81,81,81,81,65,65,66,66,80,80,46,46,63,63,63,61,61,61,47,47,47,53,53,53,53,53,53,56,56,56,56,58,58,58,69,69,69,99,99,99,71,71,91,91,73,73,77,77,77,93,93,93,93,75,75,75,75,51,51,51,82,82,82,57,57,57,59,59,59,59,71,71,71,78,78,74,74,87,87,89,89,89,68,68,68,84,84,84,84,44,44,44,50,50,50,77,77,77,76,76,76,76,51,51,51,51,52,52,52,52,67,67,67,67,96,96,96,96,77,77,77,98,98,98,84,84,84,92
8,-2.907999999999999918,78,95,109,121,121,140,140,139,139,99,99,115,115,99,124,96,96,70,70,100,100,63,63,67,67,71,71,70,70,93,93,109,109,109,51,51,51,134,134,134,84,84,84,91,91,91,106,106,106,107,107,100,100,126,126,137,137,137,85,85,85,71,71,71,67,67,41,41,47,47,60,60,60,63,63,63,96,96,98,141,115,115,77,77,77,59,59,57,57,40,40,38,38,35,35,35,61,61,61,91,91,98,109,109,112,112,56,56,56,82,82,62,62,83,83,107,107,96,96,78,44,55,47,52,52,58,58,89,89,103,103,103,123,123,79,79,126,126,96,96,96,121,121,121,79,79,119,119,96,96,130,130,106,106,106,104,104,77,77,54,54,62,62,101,101,39,39,39,64,64,56,104,104,106,106,120,120,120,127,127,127,71,71,95,95,101,101,67,67,83,83,97,97,135,135,137,137,108,108,90,90,100,100,96,96,96,70,70,69,69,29,29,72,72,100,100,114,114,99,74,82,82,102,102,127,127,126,126,89,89,89,90,90,90,116,116,116,115,115,115,115,115,115,88,88,94,94,146,146,120,120,136,136,136,96,96,96,85,85,85,91,91,50,50,50,65,65,65,73,73,73,114,114,114,109,109,109,120,120,69,69,69,69,69,128,128,128,85,85,85,115,115,134,134,125,125,107,107,122,122,122,107,107,107,107,112,112,103,103,133,133,118,118,118,83,83,83,83,110,110,110,105,105,94,94,98,98,98,89,89,89,89,66,66,66,66,94,94,94,137,137,159,159,94,94,94,94,96,96,96,91,91,91,82,82,82,127,127,112,112,112,87,87,87,87,104,104,104,85,85,85,101,101,99,99,60,60,60,87,87,87,87,87,87,110,110,72,72,28,28,28,53,53,53,94,94,94,94,123,123,123,123,110,110,110,112,112,112,117,117,117,118,118,118,115,115,115,142,142,142,114,114,114,100,100,100,121,121,121,164,164,164,164,111,111,111,111,137,137,137,131,131,124,124,124,120,120,120,94,94,59,59,87,87,66,66,90,90,90,69,69,69,83,83,83,83,90,90,90,90,95,95,72,72,90,90,41,41,50,50,50,64,64,64,49,49,49,67,67,67,44,44,44,62,62,62,62,95,95,95,69,69,69,144,144,144,90,90,74,74,88,88,83,83,83,97,97,97,97,82,82,82,82,104,104,104,80,80,80,62,62,62,75,75,75,75,86,86,86,83,83,109,109,98,98,86,86,86,119,119,119,119,119,119,119,56,56,56,84,84,84,102,102,102,74,74,74,74,69,69,69,69,58,58,58,58,124,124,124,124,112,112,112,112,81,81,81,109,109,109,107,107,107,112
9,-2.708000000000000185,90,125,147,132,132,162,162,129,129,104,104,116,116,104,129,119,119,52,52,63,63,79,79,52,52,61,61,88,88,81,81,89,89,89,100,100,100,89,89,89,76,76,76,111,111,111,132,132,132,155,155,123,123,143,143,168,168,168,104,104,104,54,54,54,65,65,47,47,30,30,92,92,92,87,87,87,124,124,138,124,126,126,102,102,102,79,79,67,67,34,34,23,23,47,47,47,74,74,74,82,82,80,109,109,114,114,75,75,75,64,64,80,80,96,96,103,103,114,114,87,67,52,68,57,57,70,70,111,111,105,105,105,109,109,124,124,156,156,118,118,118,115,115,115,92,92,134,134,136,136,165,165,135,135,135,96,96,107,107,60,60,75,75,90,90,26,26,26,49,49,55,106,106,159,159,160,160,160,143,143,143,124,124,92,92,111,111,90,90,69,69,123,123,168,168,201,201,134,134,100,100,113,113,80,80,80,82,82,54,54,24,24,73,73,145,145,140,140,126,111,85,85,120,120,120,120,154,154,109,109,109,105,105,105,147,147,147,137,137,137,144,144,144,118,118,113,113,156,156,116,116,165,165,165,118,118,118,105,105,105,76,76,69,69,69,45,45,45,95,95,95,132,132,132,164,164,164,126,126,56,56,98,98,98,106,106,106,134,134,134,101,101,157,157,148,148,117,117,118,118,118,153,153,153,153,114,114,117,117,163,163,161,161,161,100,100,100,100,113,113,113,119,119,118,118,118,118,118,109,109,109,109,86,86,86,86,121,121,121,131,131,209,209,114,114,114,114,94,94,94,62,62,62,86,86,86,153,153,106,106,106,107,107,107,107,109,109,109,67,67,67,111,111,123,123,56,56,56,89,89,89,110,110,110,130,130,66,66,26,26,26,86,86,86,112,112,112,112,148,148,148,148,170,170,170,104,104,104,138,138,138,152,152,152,150,150,150,149,149,149,153,153,153,96,96,96,145,145,145,179,179,179,179,122,122,122,122,141,141,141,120,120,102,102,102,111,111,111,80,80,77,77,101,101,76,76,81,81,81,66,66,66,85,85,85,85,135,135,135,135,82,82,79,79,101,101,63,63,43,43,43,61,61,61,62,62,62,70,70,70,42,42,42,92,92,92,92,109,109,109,59,59,59,122,122,122,123,123,102,102,98,98,96,96,96,103,103,103,103,87,87,87,87,91,91,91,85,85,85,89,89,89,112,112,112,112,112,112,112,125,125,116,116,109,109,130,130,130,129,129,129,95,95,95,95,72,72,72,66,66,66,114,114,114,70,70,70,70,87,87,87,87,86,86,86,86,136,136,136,136,110,110,110,110,118,118,118,139,139,139,136,136,136,147
10,-2.508000000000000007,127,140,113,119,119,124,124,105,105,85,85,86,86,129,120,96,96,60,60,67,67,38,38,26,26,38,38,28,28,45,45,109,109,109,92,92,92,98,98,98,53,53,53,127,127,127,184,184,184,141,141,128,128,148,148,156,156,156,110,110,110,46,46,46,9,9,40,40,20,20,67,67,67,87,87,87,140,140,143,138,126,126,112,112,112,56,56,51,51,5,5,18,18,9,9,9,65,65,65,81,81,75,90,90,104,104,78,78,78,65,65,59,59,97,97,107,107,102,102,47,43,28,44,31,31,47,47,78,78,78,78,78,95,95,109,109,134,134,110,110,110,121,121,121,108,108,127,127,124,124,146,146,99,99,99,81,81,82,82,34,34,70,70,70,70,31,31,31,40,40,70,111,111,166,166,122,122,122,118,118,118,90,90,92,92,66,66,95,95,63,63,132,132,188,188,192,192,114,114,88,88,96,96,78,78,78,67,67,39,39,-12,-12,79,79,138,138,150,150,122,80,73,73,95,95,157,157,135,135,113,113,113,114,114,114,141,141,141,128,128,128,101,101,101,124,124,96,96,154,154,126,126,160,160,160,88,88,88,53,53,53,69,69,29,29,29,38,38,38,73,73,73,108,108,108,146,146,146,117,117,49,49,86,86,86,92,92,92,140,140,140,125,125,162,162,127,127,115,115,115,115,115,115,115,115,115,125,125,127,127,204,204,156,156,156,102,102,102,102,135,135,135,108,108,85,85,104,104,104,113,113,113,113,72,72,72,72,115,115,115,140,140,213,213,98,98,98,98,107,107,107,97,97,97,100,100,100,118,118,68,68,68,93,93,93,93,112,112,112,84,84,84,114,114,91,91,62,62,62,61,61,61,136,136,136,103,103,38,38,16,16,16,74,74,74,142,142,142,142,171,171,171,171,162,162,162,118,118,118,154,154,154,139,139,139,156,156,156,164,164,164,138,138,138,71,71,71,128,128,128,188,188,188,188,115,115,115,115,127,127,127,119,119,111,111,111,100,100,100,71,71,55,55,91,91,84,84,68,68,68,45,45,45,97,97,97,97,67,67,67,67,93,93,72,72,38,38,28,28,39,39,39,57,57,57,30,30,30,66,66,66,38,38,38,101,101,101,101,53,53,53,66,66,66,157,157,157,114,114,102,102,92,92,87,87,87,101,101,101,101,108,108,108,108,92,92,92,76,76,76,86,86,86,89,89,89,89,103,103,103,138,138,122,122,121,121,128,128,128,169,169,169,126,126,126,126,82,82,82,55,55,55,99,99,99,65,65,65,65,76,76,76,76,59,59,59,59,147,147,147,147,97,97,97,97,95,95,95,146,146,146,120,120,120,109
11,-2.307999999999999829,115,117,169,168,168,145,145,133,133,68,68,80,80,144,140,75,75,37,37,45,45,48,48,19,19,48,48,40,40,60,60,60,60,60,92,92,92,82,82,82,56,56,56,126,126,126,129,129,129,122,122,154,154,181,181,141,141,141,78,78,78,60,60,60,22,22,46,46,26,26,71,71,71,94,94,94,160,160,143,138,124,124,89,89,89,67,67,40,40,-4,-4,-10,-10,25,25,25,32,32,32,54,54,66,53,53,97,97,43,43,43,25,25,67,67,82,82,51,51,63,63,26,31,33,25,78,78,86,86,114,114,82,82,82,135,135,87,87,90,90,97,97,97,85,85,85,90,90,138,138,99,99,132,132,112,112,112,98,98,86,86,46,46,63,63,64,64,-4,-4,-4,29,29,61,118,118,129,129,120,120,120,118,118,118,69,69,83,83,87,87,80,80,54,54,90,90,142,142,171,171,104,104,59,59,110,110,79,79,79,61,61,36,36,6,6,88,88,93,93,123,123,80,46,66,66,74,74,135,135,121,121,89,89,89,97,97,97,125,125,125,104,104,104,113,113,113,102,102,107,107,160,160,124,124,117,117,117,78,78,78,79,79,79,45,45,3,3,3,34,34,34,68,68,68,102,102,102,135,135,135,86,86,30,30,92,92,92,123,123,123,111,111,111,130,130,152,152,142,142,127,127,115,115,115,105,105,105,105,104,104,126,126,151,151,170,170,170,85,85,85,85,107,107,107,105,105,64,64,92,92,92,65,65,65,65,43,43,43,43,91,91,91,127,127,185,185,78,78,78,78,93,93,93,68,68,68,88,88,88,102,102,88,88,88,67,67,67,67,95,95,95,70,70,70,69,69,98,98,43,43,43,32,32,32,95,95,95,111,111,42,42,-7,-7,-7,51,51,51,93,93,93,93,120,120,120,120,143,143,143,71,71,71,153,153,153,136,136,136,140,140,140,129,129,129,110,110,110,72,72,72,111,111,111,188,188,188,188,97,97,97,97,114,114,114,111,111,119,119,119,58,58,58,52,52,43,43,71,71,71,71,53,53,53,36,36,36,76,76,76,76,84,84,84,84,60,60,60,60,34,34,31,31,47,47,47,77,77,77,10,10,10,56,56,56,27,27,27,92,92,92,92,58,58,58,59,59,59,114,114,114,118,118,105,105,107,107,63,63,63,92,92,92,92,64,64,64,64,62,62,62,43,43,43,58,58,58,61,61,61,61,78,78,78,136,136,89,89,67,67,108,108,108,96,96,96,60,60,60,60,42,42,42,66,66,66,72,72,72,49,49,49,49,58,58,58,58,45,45,45,45,132,132,132,132,84,84,84,84,98,98,98,132,132,132,120,120,120,142
12,-2.108000000000000096,112,248,298,299,299,314,314,298,298,270,270,309,309,317,338,318,318,213,213,225,225,250,250,211,211,193,193,209,209,235,235,230,230,230,247,247,247,250,250,250,235,235,235,289,289,289,278,278,278,229,229,289,289,341,341,286,286,286,254,254,254,255,255,255,227,227,265,265,248,248,227,227,227,224,224,224,275,275,264,373,254,254,211,211,211,211,211,208,208,170,170,207,207,190,190,190,150,150,150,176,176,195,227,227,238,238,194,194,194,139,139,172,172,227,227,232,232,192,192,206,198,208,295,335,335,353,353,348,348,241,241,241,246,246,231,231,259,259,287,287,287,256,256,256,285,285,249,249,282,282,304,304,207,207,207,190,190,208,208,198,198,196,196,220,220,163,163,163,193,193,201,247,247,306,306,240,240,240,259,259,259,230,230,241,241,235,235,216,216,243,243,303,303,357,357,339,339,269,269,242,242,281,281,263,263,263,223,223,198,198,224,224,244,244,287,287,234,234,218,181,194,194,179,179,305,305,317,317,211,211,211,205,205,205,234,234,234,296,296,296,249,249,249,267,267,218,218,272,272,225,225,263,263,263,227,227,227,288,288,288,297,297,227,227,227,195,195,195,190,190,190,249,249,249,259,259,259,232,232,146,146,185,185,185,256,256,256,248,248,248,270,270,307,307,247,247,254,254,212,212,212,230,230,230,230,239,239,263,263,361,361,296,296,296,175,175,175,175,178,178,178,224,224,220,220,238,238,238,224,224,224,224,210,210,210,210,236,236,236,282,282,377,377,227,227,227,227,212,212,212,185,185,185,164,164,164,237,237,228,228,228,210,210,210,210,267,267,267,228,228,228,218,218,242,242,246,246,246,251,251,251,292,292,292,308,308,270,270,191,191,191,207,207,207,245,245,245,245,249,249,249,249,239,239,239,214,214,214,324,324,324,337,337,337,326,326,326,354,354,354,253,253,253,142,142,142,275,275,275,356,356,356,356,311,311,311,311,356,356,356,384,384,286,286,286,232,232,232,203,203,168,168,218,218,225,225,269,269,269,257,257,257,200,200,200,200,193,193,193,193,220,220,213,213,225,225,222,222,275,275,275,285,285,285,211,211,211,181,181,181,208,208,208,301,301,301,301,213,213,213,204,204,204,234,234,234,248,248,223,223,238,238,218,218,218,262,262,262,262,166,166,166,166,170,170,170,182,182,182,160,160,160,189,189,189,189,207,207,207,244,244,260,260,216,216,204,204,204,199,199,199,213,213,213,213,166,166,166,160,160,160,253,253,253,188,188,188,188,199,199,199,199,153,153,153,153,262,262,262,262,232,232,232,232,221,221,221,373,373,373,372,372,372,297
13,-1.907999999999999918,244,609,652,656,656,693,693,617,617,637,637,603,603,714,734,641,641,530,530,572,572,571,571,523,523,536,536,457,457,547,547,551,551,551,507,507,507,535,535,535,592,592,592,654,654,654,667,667,667,622,622,649,649,753,753,684,684,684,617,617,617,545,545,545,575,575,607,607,563,563,523,523,523,496,496,496,513,513,557,602,643,643,586,586,586,586,586,564,564,530,530,454,454,442,442,442,425,425,425,426,426,413,497,497,618,618,448,448,448,453,453,462,462,486,486,476,476,461,461,465,492,507,576,677,677,714,714,692,692,516,516,516,502,502,525,525,617,617,582,582,582,603,603,603,587,587,650,650,630,630,676,676,541,541,541,562,562,499,499,500,500,528,528,529,529,397,397,397,441,441,462,535,535,616,616,532,532,532,582,582,582,582,582,625,625,556,556,547,547,535,535,574,574,634,634,638,638,590,590,499,499,659,659,623,623,623,538,538,471,471,469,469,511,511,579,579,531,531,469,417,418,418,636,636,750,750,762,762,432,432,432,512,512,512,621,621,621,675,675,675,623,623,623,589,589,549,549,618,618,582,582,635,635,635,553,553,553,645,645,645,656,656,569,569,569,412,412,412,491,491,491,535,535,535,629,629,629,567,567,467,467,573,573,573,690,690,690,604,604,604,492,492,611,611,649,649,642,642,564,564,564,571,571,571,571,559,559,591,591,712,712,712,712,712,464,464,464,464,562,562,562,578,578,606,606,534,534,534,522,522,522,522,559,559,559,559,531,531,531,659,659,854,854,522,522,522,522,531,531,531,574,574,574,445,445,445,568,568,609,609,609,532,532,532,532,604,604,604,506,506,506,574,574,632,632,572,572,572,547,547,547,646,646,646,620,620,574,574,445,445,445,453,453,453,564,564,564,564,555,555,555,555,562,562,562,619,619,619,669,669,669,674,674,674,631,631,631,759,759,759,667,667,667,425,425,425,703,703,703,751,751,751,751,496,496,496,496,813,813,813,869,869,675,675,675,553,553,553,514,514,427,427,570,570,578,578,512,512,512,532,532,532,493,493,493,493,522,522,522,522,513,513,532,532,572,572,528,528,580,580,580,589,589,589,427,427,427,458,458,458,507,507,507,666,666,666,666,520,520,520,503,503,503,581,581,581,648,648,558,558,542,542,627,627,627,662,662,662,662,506,506,506,506,499,499,499,460,460,460,449,449,449,454,454,454,454,531,531,531,555,555,623,623,547,547,564,564,564,560,560,560,543,543,543,543,501,501,501,535,535,535,641,641,641,441,441,441,441,498,498,498,498,457,457,457,457,558,558,558,558,562,562,562,562,528,528,528,858,858,858,796,796,796,721
14,-1.707999999999999963,568,588,597,739,739,792,792,606,606,580,580,632,632,812,871,722,722,391,391,429,429,454,454,655,655,425,425,343,343,528,528,425,425,425,387,387,387,504,504,504,576,576,576,807,807,807,829,829,829,826,826,881,881,1001,1001,974,974,974,799,799,799,620,620,620,654,654,557,557,462,462,435,435,435,367,367,367,454,454,478,572,854,854,733,733,733,654,654,690,690,381,381,189,189,140,140,140,348,348,348,238,238,164,480,480,665,665,352,352,352,452,452,410,410,442,442,441,441,442,442,378,331,318,353,442,442,581,581,699,699,537,537,537,452,452,442,442,751,751,744,744,744,780,780,780,786,786,870,870,810,810,838,838,636,636,636,700,700,613,613,477,477,625,625,389,389,196,196,196,226,226,237,520,520,443,443,269,269,269,507,507,507,603,603,853,853,607,607,526,526,475,475,333,333,425,425,452,452,417,417,232,232,580,580,718,718,718,592,592,233,233,83,83,376,376,430,430,430,430,307,209,244,244,815,815,1119,1119,1006,1006,503,503,503,663,663,663,833,833,833,751,751,751,715,715,715,697,697,683,683,768,768,748,748,754,754,754,517,517,517,641,641,641,398,398,399,399,399,134,134,134,348,348,348,308,308,308,722,722,722,684,684,554,554,715,715,715,777,777,777,461,461,461,61,61,395,395,565,565,626,626,644,644,644,731,731,731,731,622,622,647,647,867,867,1084,1084,1084,652,652,652,652,908,908,908,830,830,583,583,481,481,481,571,571,571,571,426,426,426,426,618,618,618,668,668,947,947,391,391,391,391,527,527,527,726,726,726,540,540,540,535,535,502,502,502,550,550,550,550,692,692,692,523,523,523,648,648,711,711,547,547,547,367,367,367,591,591,591,385,385,137,137,190,190,190,352,352,352,514,514,514,514,497,497,497,497,560,560,560,774,774,774,823,823,823,879,879,879,684,684,684,724,724,724,754,754,754,445,445,445,668,668,668,608,608,608,608,141,141,141,141,807,807,807,908,908,946,946,946,579,579,579,438,438,370,370,455,455,558,558,121,121,121,212,212,212,465,465,465,465,625,625,625,625,460,460,583,583,548,548,368,368,297,297,297,213,213,213,76,76,76,325,325,325,339,339,339,531,531,531,531,489,489,489,327,327,327,742,742,742,793,793,587,587,499,499,748,748,748,693,693,693,693,614,614,614,614,559,559,559,571,571,571,447,447,447,518,518,518,518,606,606,606,626,626,587,587,486,486,580,580,580,777,777,777,659,659,659,659,635,635,635,700,700,700,657,657,657,285,285,285,285,426,426,426,426,440,440,440,440,496,496,496,496,622,622,622,622,542,542,542,1020,1020,1020,923,923,923,767
15,-1.508000000000000007,662,276,283,393,393,352,352,130,130,91,91,240,240,379,377,350,350,-32,-32,-155,-155,-113,-113,177,177,-6,-6,-190,-190,-21,-21,-106,-106,-106,-143,-143,-143,105,105,105,159,159,159,363,363,363,624,624,624,631,631,474,474,764,764,817,817,817,600,600,600,309,309,309,276,276,147,147,56,56,90,90,90,-158,-158,-158,41,41,103,193,689,689,352,352,352,341,341,216,216,-52,-52,-231,-231,-422,-422,-422,-57,-57,-57,-315,-315,-436,-10,-10,290,290,51,51,51,2,2,95,95,29,29,71,71,-24,-24,-171,-241,-193,-138,-16,-16,117,117,354,354,230,230,230,141,141,-29,-29,394,394,638,638,638,514,514,514,663,663,600,600,602,602,584,584,282,282,282,312,312,356,356,-11,-11,224,224,-52,-52,-221,-221,-221,-148,-148,-221,164,164,159,159,-179,-179,-179,128,128,128,56,56,535,535,213,213,21,21,-22,-22,-194,-194,-69,-69,135,135,39,39,-300,-300,113,113,269,269,269,281,281,-281,-281,-616,-616,-158,-158,-318,-318,-406,-406,-344,-258,-360,-360,19,19,734,734,431,431,75,75,75,96,96,96,566,566,566,176,176,176,248,248,248,231,231,303,303,417,417,382,382,446,446,446,83,83,83,202,202,202,-375,-375,-197,-197,-197,-435,-435,-435,-217,-217,-217,-289,-289,-289,122,122,122,340,340,195,195,196,196,196,378,378,378,-218,-218,-218,-681,-681,-154,-154,27,27,94,94,168,168,168,431,431,431,431,206,206,221,221,512,512,831,831,831,293,293,293,293,571,571,571,518,518,177,177,-225,-225,-225,98,98,98,98,-228,-228,-228,-228,145,145,145,253,253,460,460,-71,-71,-71,-71,75,75,75,341,341,341,314,314,314,47,47,-55,-55,-55,-57,-57,-57,-57,225,225,225,25,25,25,128,128,40,40,39,39,39,-280,-280,-280,123,123,123,-29,-29,-467,-467,-328,-328,-328,-133,-133,-133,141,141,141,141,-156,-156,-156,-156,115,115,115,222,222,222,404,404,404,541,541,541,257,257,257,-85,-85,-85,359,359,359,173,173,173,220,220,220,48,48,48,48,-450,-450,-450,-450,131,131,131,164,164,862,862,862,-65,-65,-65,-247,-247,-207,-207,-288,-288,58,58,-577,-577,-577,-522,-522,-522,-92,-92,-92,-92,185,185,185,185,-161,-161,-12,-12,-82,-82,-288,-288,-312,-312,-312,-519,-519,-519,-471,-471,-471,-288,-288,-288,-305,-305,-305,-219,-219,-219,-219,-156,-156,-156,-280,-280,-280,237,237,237,169,169,106,106,-21,-21,173,173,173,136,136,136,136,143,143,143,143,50,50,50,163,163,163,48,48,48,26,26,26,26,126,126,126,294,294,20,20,14,14,110,110,110,499,499,499,149,149,149,149,159,159,159,175,175,175,125,125,125,-286,-286,-286,-286,-210,-210,-210,-210,12,12,12,12,24,24,24,24,147,147,147,147,94,94,94,431,431,431,616,616,616,440
16,-1.307999999999999829,336,639,620,556,556,260,260,145,145,62,62,167,167,269,291,381,381,184,184,-10,-10,-54,-54,63,63,175,175,157,157,183,183,178,178,178,167,167,167,357,357,357,256,256,256,518,518,518,706,706,706,866,866,393,393,790,790,976,976,976,586,586,586,404,404,404,296,296,440,440,608,608,564,564,564,247,247,247,336,336,358,560,580,580,369,369,369,352,352,91,91,442,442,648,648,511,511,511,211,211,211,317,317,130,77,77,191,191,302,302,302,196,196,378,378,363,363,320,320,131,131,146,125,192,285,503,503,619,619,889,889,654,654,654,658,658,441,441,585,585,999,999,999,744,744,744,994,994,906,906,886,886,848,848,561,561,561,386,386,480,480,60,60,179,179,505,505,370,370,370,710,710,735,652,652,1041,1041,528,528,528,580,580,580,138,138,190,190,188,188,155,155,20,20,215,215,364,364,659,659,455,455,250,250,216,216,308,308,308,421,421,394,394,424,424,228,228,44,44,-112,-112,12,174,32,32,-512,-512,128,128,-82,-82,224,224,224,141,141,141,616,616,616,483,483,483,411,411,411,229,229,383,383,462,462,389,389,479,479,479,245,245,245,50,50,50,-209,-209,-105,-105,-105,32,32,32,284,284,284,73,73,73,219,219,219,278,278,229,229,130,130,130,453,453,453,-63,-63,-63,168,168,274,274,469,469,329,329,133,133,133,466,466,466,466,291,291,257,257,585,585,511,511,511,275,275,275,275,66,66,66,284,284,449,449,280,280,280,178,178,178,178,90,90,90,90,249,249,249,567,567,547,547,272,272,272,272,180,180,180,190,190,190,483,483,483,336,336,166,166,166,-5,-5,-5,-5,109,109,109,44,44,44,137,137,-44,-44,39,39,39,70,70,70,345,345,345,552,552,496,496,129,129,129,427,427,427,563,563,563,563,156,156,156,156,300,300,300,-78,-78,-78,229,229,229,454,454,454,365,365,365,-107,-107,-107,316,316,316,274,274,274,368,368,368,364,364,364,364,104,104,104,104,151,151,151,-66,-66,635,635,635,-117,-117,-117,-228,-228,-100,-100,-248,-248,29,29,-84,-84,-84,23,23,23,-85,-85,-85,-85,49,49,49,49,-79,-79,-175,-175,-153,-153,12,12,309,309,309,60,60,60,467,467,467,55,55,55,169,169,169,-31,-31,-31,-31,-101,-101,-101,77,77,77,9,9,9,-133,-133,20,20,113,113,-92,-92,-92,35,35,35,35,148,148,148,148,58,58,58,150,150,150,313,313,313,103,103,103,103,127,127,127,434,434,362,362,234,234,238,238,238,525,525,525,109,109,109,109,-170,-170,-170,-113,-113,-113,128,128,128,148,148,148,148,-158,-158,-158,-158,164,164,164,164,290,290,290,290,128,128,128,128,270,270,270,353,353,353,638,638,638,587
17,-1.107999999999999874,422,1335,1280,1191,1191,874,874,673,673,574,574,492,492,711,814,848,848,813,813,703,703,681,681,619,619,806,806,1041,1041,1148,1148,1224,1224,1224,1167,1167,1167,1058,1058,1058,1185,1185,1185,1346,1346,1346,1466,1466,1466,1644,1644,1293,1293,1220,1220,1520,1520,1520,990,990,990,993,993,993,987,987,1618,1618,1912,1912,1653,1653,1653,1411,1411,1411,1135,1135,1069,1342,1068,1068,1028,1028,1028,1120,1120,1207,1207,1827,1827,2163,2163,2111,2111,2111,1297,1297,1297,1429,1429,1430,994,994,896,896,971,971,971,949,949,1168,1168,1574,1574,1259,1259,1126,1126,1298,1485,1483,1301,1561,1561,1701,1701,1916,1916,1794,1794,1794,1575,1575,1728,1728,1549,1549,1814,1814,1814,1663,1663,1663,1748,1748,1789,1789,1676,1676,1522,1522,1266,1266,1266,1047,1047,1078,1078,1057,1057,1058,1058,1477,1477,1366,1366,1366,1753,1753,1975,1706,1706,1798,1798,1490,1490,1490,1460,1460,1460,1167,1167,675,675,814,814,939,939,867,867,1074,1074,1140,1140,1250,1250,1091,1091,780,780,543,543,874,874,874,1069,1069,1621,1621,2186,2186,1702,1702,1350,1350,1368,1368,1188,1262,1375,1375,896,896,826,826,893,893,1006,1006,1006,1172,1172,1172,1242,1242,1242,1655,1655,1655,1179,1179,1179,952,952,1037,1037,1064,1064,959,959,775,775,775,839,839,839,457,457,457,767,767,549,549,549,1098,1098,1098,1280,1280,1280,1029,1029,1029,1304,1304,1304,896,896,629,629,971,971,971,1102,1102,1102,988,988,988,1277,1277,1116,1116,1213,1213,1115,1115,644,644,644,937,937,937,937,1065,1065,885,885,1173,1173,910,910,910,1042,1042,1042,1042,540,540,540,820,820,1137,1137,1385,1385,1385,1043,1043,1043,1043,1132,1132,1132,1132,1041,1041,1041,1321,1321,1211,1211,876,876,876,876,855,855,855,734,734,734,1094,1094,1094,1184,1184,1036,1036,1036,906,906,906,906,811,811,811,880,880,880,888,888,861,861,909,909,909,1031,1031,1031,1218,1218,1218,1358,1358,1546,1546,1207,1207,1207,1364,1364,1364,1197,1197,1197,1197,1156,1156,1156,1156,751,751,751,774,774,774,949,949,949,1078,1078,1078,987,987,987,571,571,571,737,737,737,712,712,712,878,878,878,828,828,828,828,731,731,731,731,773,773,773,946,946,888,888,888,952,952,952,824,824,701,701,662,662,673,673,1022,1022,1022,1154,1154,1154,722,722,722,722,704,704,704,704,747,747,722,722,1100,1100,1203,1203,1520,1520,1520,1817,1817,1817,1780,1780,1780,1600,1600,1600,1590,1590,1590,1258,1258,1258,1258,987,987,987,1059,1059,1059,584,584,584,552,552,737,737,857,857,667,667,667,904,904,904,904,960,960,960,960,855,855,855,873,873,873,1257,1257,1257,1081,1081,1081,1081,992,992,992,995,995,1046,1046,842,842,975,975,975,1021,1021,1021,902,902,902,902,491,491,491,659,659,659,950,950,950,1138,1138,1138,1138,768,768,768,768,754,754,754,754,1222,1222,1222,1222,892,892,892,892,1007,1007,1007,1204,1204,1204,1098,1098,1098,898
18,-0.9079999999999999183,1178,1960,1689,1583,1583,1246,1246,1010,1010,901,901,997,997,1164,1331,1312,1312,1362,1362,1059,1059,1249,1249,1144,1144,1083,1083,1549,1549,1781,1781,1916,1916,1916,1578,1578,1578,1682,1682,1682,2075,2075,2075,1834,1834,1834,1999,1999,1999,2405,2405,1883,1883,1293,1293,1587,1587,1587,1478,1478,1478,1543,1543,1543,1763,1763,2286,2286,2600,2600,2435,2435,2435,2188,2188,2188,1667,1667,1664,1894,1952,1952,1826,1826,1826,2138,2138,2338,2338,2456,2456,2725,2725,2364,2364,2364,1721,1721,1721,1524,1524,1553,1516,1516,1214,1214,1139,1139,1139,1245,1245,1809,1809,2052,2052,1811,1811,1811,1811,1896,2065,2210,2107,2025,2025,2139,2139,2091,2091,2295,2295,2295,1853,1853,2095,2095,2156,2156,2166,2166,2166,2158,2158,2158,2169,2169,2263,2263,1996,1996,1476,1476,1425,1425,1425,1511,1511,1496,1496,1718,1718,1814,1814,1489,1489,1377,1377,1377,1375,1375,1478,1623,1623,1178,1178,1498,1498,1498,1407,1407,1407,1553,1553,1774,1774,1286,1286,1333,1333,1573,1573,1276,1276,1069,1069,1037,1037,752,752,374,374,204,204,809,809,809,1131,1131,1830,1830,2294,2294,2124,2124,1614,1614,1801,1801,1709,1509,1791,1791,1928,1928,1752,1752,1554,1554,1169,1169,1169,1437,1437,1437,1635,1635,1635,1817,1817,1817,1253,1253,1253,1208,1208,1235,1235,1241,1241,992,992,770,770,770,934,934,934,1006,1006,1006,1122,1122,1266,1266,1266,1383,1383,1383,1582,1582,1582,1065,1065,1065,1310,1310,1310,1033,1033,799,799,1259,1259,1259,1377,1377,1377,1643,1643,1643,935,935,777,777,655,655,811,811,738,738,738,924,924,924,924,1101,1101,1066,1066,1301,1301,1577,1577,1577,1357,1357,1357,1357,1338,1338,1338,1139,1139,765,765,1080,1080,1080,1260,1260,1260,1260,1137,1137,1137,1137,1297,1297,1297,1196,1196,865,865,547,547,547,547,682,682,682,1057,1057,1057,1320,1320,1320,1086,1086,1289,1289,1289,1326,1326,1326,1326,1314,1314,1314,1435,1435,1435,1516,1516,1703,1703,1620,1620,1620,1285,1285,1285,1409,1409,1409,1409,1409,1284,1284,1313,1313,1313,1212,1212,1212,1175,1175,1175,1175,986,986,986,986,595,595,595,1313,1313,1313,1367,1367,1367,1329,1329,1329,1002,1002,1002,421,421,421,744,744,744,874,874,874,885,885,885,591,591,591,591,494,494,494,494,741,741,741,1474,1474,1661,1661,1661,1594,1594,1594,1185,1185,1030,1030,1142,1142,1318,1318,1453,1453,1453,1315,1315,1315,1364,1364,1364,1364,1266,1266,1266,1266,1130,1130,1347,1347,2020,2020,2131,2131,2009,2009,2009,2589,2589,2589,1834,1834,1834,2250,2250,2250,2484,2484,2484,2017,2017,2017,2017,1585,1585,1585,1402,1402,1402,1004,1004,1004,1024,1024,1166,1166,984,984,1473,1473,1473,1499,1499,1499,1499,1228,1228,1228,1228,1252,1252,1252,1448,1448,1448,1637,1637,1637,1511,1511,1511,1511,1344,1344,1344,1048,1048,656,656,852,852,911,911,911,1081,1081,1081,1047,1047,1047,1047,1111,1111,1111,1133,1133,1133,1297,1297,1297,1255,1255,1255,1255,1012,1012,1012,1012,1031,1031,1031,1031,1062,1062,1062,1062,1206,1206,1206,1206,1178,1178,1178,1590,1590,1590,1349,1349,1349,794
19,-0.7079999999999998517,1625,2440,1981,1678,1678,1499,1499,1296,1296,1274,1274,1535,1535,1642,1710,1763,1763,1456,1456,1348,1348,1617,1617,1690,1690,1681,1681,1798,1798,2365,2365,1826,1826,1826,1605,1605,1605,2147,2147,2147,2152,2152,2152,2106,2106,2106,2329,2329,2329,2551,2551,1675,1675,1275,1275,1701,1701,1701,1889,1889,1889,2092,2092,2092,2415,2415,2493,2493,2015,2015,2177,2177,2177,2277,2277,2277,2074,2074,2042,2003,2157,2157,2036,2036,2036,2443,2443,2589,2589,2274,2274,1976,1976,1960,1960,1960,1430,1430,1430,1506,1506,1409,1550,1550,1459,1459,1353,1353,1353,1473,1473,2146,2146,2019,2019,2095,2095,2017,2017,2077,2035,2044,2107,1899,1899,1693,1693,1614,1614,1724,1724,1724,1999,1999,1973,1973,2078,2078,2164,2164,2164,2290,2290,2290,2449,2449,2253,2253,2105,2105,1532,1532,1496,1496,1496,1590,1590,1836,1836,1603,1603,1688,1688,1401,1401,1138,1138,1138,1113,1113,1105,1326,1326,1272,1272,1649,1649,1649,1533,1533,1533,1420,1420,2096,2096,1796,1796,1404,1404,1372,1372,1305,1305,1123,1123,1001,1001,449,449,341,341,138,138,674,674,674,1049,1049,1298,1298,1059,1059,1348,1348,1419,1419,1317,1317,1359,1235,1017,1017,639,639,1526,1526,1083,1083,1035,1035,1035,1156,1156,1156,1867,1867,1867,1683,1683,1683,1374,1374,1374,1231,1231,1366,1366,1317,1317,965,965,932,932,932,1109,1109,1109,1360,1360,1360,1243,1243,1403,1403,1403,977,977,977,1416,1416,1416,1101,1101,1101,703,703,703,793,793,711,711,634,634,634,1616,1616,1616,1281,1281,1281,665,665,381,381,499,499,443,443,717,717,717,1143,1143,1143,1143,1178,1178,1288,1288,1543,1543,1490,1490,1490,1436,1436,1436,1436,1514,1514,1514,1266,1266,715,715,659,659,659,1346,1346,1346,1346,1347,1347,1347,1347,1273,1273,1273,891,891,429,429,787,787,787,787,1094,1094,1094,1520,1520,1520,1938,1938,1938,1396,1396,1365,1365,1365,1526,1526,1526,1526,1670,1670,1670,1456,1456,1456,1858,1858,1851,1851,1955,1955,1955,1578,1578,1578,1347,1347,1347,1484,1484,1230,1230,1311,1311,1311,1156,1156,1156,1515,1515,1515,1515,1257,1257,1257,1257,1093,1093,1093,1380,1380,1380,1734,1734,1734,1644,1644,1644,1011,1011,1011,567,567,567,641,641,641,693,693,693,900,900,900,726,726,726,726,229,229,229,229,94,94,94,291,291,1768,1768,1768,1373,1373,1373,1186,1186,1428,1428,1459,1459,1683,1683,1543,1543,1543,1488,1488,1488,1459,1459,1459,1459,1777,1777,1777,1777,1615,1615,1638,1638,2109,2109,2193,2193,1728,1728,1728,1769,1769,1769,1204,1204,1204,1431,1431,1431,2312,2312,2312,1876,1876,1876,1876,1655,1655,1655,1778,1778,1778,1813,1813,1813,1523,1523,1493,1493,1286,1286,1835,1835,1835,1809,1809,1809,1809,1480,1480,1480,1480,1581,1581,1581,1778,1778,1778,1927,1927,1927,1520,1520,1520,1520,1402,1402,1402,1189,1189,720,720,840,840,1031,1031,1031,1170,1170,1170,956,956,956,956,1284,1284,1284,1322,1322,1322,1536,1536,1536,1039,1039,1039,1039,1064,1064,1064,1064,1324,1324,1324,1324,1242,1242,1242,1242,1376,1376,1376,1376,1174,1174,1174,1358,1358,1358,1211,1211,1211,777
20,-0.5079999999999998961,2291,2086,1953,1849,1849,1821,1821,1416,1416,1626,1626,1600,1600,1478,1217,1497,1497,737,737,1238,1238,1279,1279,1604,1604,1689,1689,1706,1706,1980,1980,1131,1131,1131,1366,1366,1366,1929,1929,1929,1859,1859,1859,2123,2123,2123,2415,2415,2415,2407,2407,1656,1656,1661,1661,2189,2189,2189,2164,2164,2164,2110,2110,2110,2522,2522,2099,2099,1117,1117,736,736,736,1937,1937,1937,2088,2088,1877,1258,1547,1547,2017,2017,2017,2506,2506,1762,1762,1122,1122,168,168,1067,1067,1067,1079,1079,1079,1516,1516,1547,1336,1336,1752,1752,1663,1663,1663,1950,1950,2126,2126,1672,1672,2097,2097,1761,1761,1818,1567,1224,1024,1043,1043,709,709,718,718,1277,1277,1277,1923,1923,2233,2233,1960,1960,2008,2008,2008,2591,2591,2591,2916,2916,2603,2603,2336,2336,2250,2250,2123,2123,2123,1971,1971,2130,2130,1567,1567,1119,1119,890,890,1100,1100,1100,1305,1305,1345,1717,1717,1708,1708,2467,2467,2467,2136,2136,2136,1861,1861,1936,1936,2072,2072,1577,1577,688,688,743,743,1221,1221,827,827,449,449,850,850,181,181,790,790,790,1006,1006,1,1,-532,-532,329,329,775,775,806,806,940,844,239,239,-588,-588,366,366,925,925,1024,1024,1024,1038,1038,1038,2096,2096,2096,1911,1911,1911,1701,1701,1701,1505,1505,1879,1879,1734,1734,1214,1214,872,872,872,1360,1360,1360,1380,1380,1380,825,825,564,564,564,204,204,204,768,768,768,607,607,607,1084,1084,1084,819,819,373,373,103,103,103,1556,1556,1556,644,644,644,448,448,411,411,815,815,560,560,907,907,907,1790,1790,1790,1790,1738,1738,1593,1593,1770,1770,853,853,853,2100,2100,2100,2100,1989,1989,1989,1426,1426,1177,1177,1238,1238,1238,1399,1399,1399,1399,1980,1980,1980,1980,1412,1412,1412,1003,1003,347,347,1612,1612,1612,1612,2034,2034,2034,2500,2500,2500,2571,2571,2571,2248,2248,1641,1641,1641,1856,1856,1856,1856,2002,2002,2002,1745,1745,1745,2034,2034,1618,1618,1757,1757,1757,2041,2041,2041,1171,1171,1171,1238,1238,1282,1282,1180,1180,1180,1196,1196,1196,1958,1958,1958,1958,2170,2170,2170,2170,2253,2253,2253,1893,1893,1893,2105,2105,2105,1932,1932,1932,1018,1018,1018,1221,1221,1221,520,520,520,-87,-87,-87,423,423,423,-138,-138,-138,-138,-450,-450,-450,-450,-1010,-1010,-1010,-1884,-1884,1071,1071,1071,1322,1322,1322,1112,1112,1532,1532,1871,1871,1507,1507,758,758,758,1282,1282,1282,1310,1310,1310,1310,2210,2210,2210,2210,1967,1967,1980,1980,1349,1349,1088,1088,828,828,828,-40,-40,-40,151,151,151,183,183,183,1351,1351,1351,1447,1447,1447,1447,1448,1448,1448,1793,1793,1793,2625,2625,2625,2289,2289,1706,1706,1929,1929,2031,2031,2031,1874,1874,1874,1874,2719,2719,2719,2719,2180,2180,2180,2291,2291,2291,2337,2337,2337,1738,1738,1738,1738,1688,1688,1688,1629,1629,1473,1473,806,806,1429,1429,1429,1759,1759,1759,1594,1594,1594,1594,1303,1303,1303,1354,1354,1354,1255,1255,1255,1035,1035,1035,1035,957,957,957,957,1344,1344,1344,1344,2227,2227,2227,2227,1531,1531,1531,1531,1201,1201,1201,1336,1336,1336,819,819,819,735
21,-0.3079999999999998295,2473,1169,1483,1955,1955,1890,1890,1294,1294,1840,1840,1740,1740,1211,356,896,896,380,380,1167,1167,952,952,1416,1416,1357,1357,1323,1323,826,826,779,779,779,1075,1075,1075,1742,1742,1742,1688,1688,1688,1858,1858,1858,2127,2127,2127,2150,2150,2030,2030,2099,2099,2402,2402,2402,2340,2340,2340,2166,2166,2166,2122,2122,1126,1126,535,535,-320,-320,-320,1335,1335,1335,2021,2021,1648,435,1013,1013,2183,2183,2183,2532,2532,896,896,-591,-591,-1024,-1024,-241,-241,-241,868,868,868,1321,1321,1428,1200,1200,1591,1591,1788,1788,1788,2049,2049,2062,2062,1129,1129,1926,1926,1455,1455,1110,935,450,74,-14,-14,68,68,-334,-334,1080,1080,1080,1463,1463,1859,1859,1225,1225,1638,1638,1638,2820,2820,2820,3179,3179,2969,2969,2451,2451,2445,2445,2408,2408,2408,2271,2271,2417,2417,1972,1972,883,883,270,270,1136,1136,1136,980,980,699,1717,1717,1510,1510,2559,2559,2559,2525,2525,2525,2455,2455,2271,2271,2587,2587,1999,1999,823,823,123,123,847,847,448,448,225,225,1101,1101,434,434,691,691,691,735,735,-704,-704,-1423,-1423,-371,-371,-394,-394,-2,-2,475,543,377,377,142,142,377,377,1191,1191,979,979,979,1056,1056,1056,2142,2142,2142,1800,1800,1800,1704,1704,1704,1751,1751,2013,2013,1782,1782,974,974,639,639,639,1200,1200,1200,1105,1105,1105,-175,-175,-116,-116,-116,-89,-89,-89,-585,-585,-585,-149,-149,-149,1700,1700,1700,1185,1185,338,338,61,61,61,1209,1209,1209,186,186,186,-292,-292,-44,-44,528,528,569,569,1141,1141,1141,2066,2066,2066,2066,2114,2114,2064,2064,1515,1515,434,434,434,2671,2671,2671,2671,2310,2310,2310,1591,1591,1237,1237,1684,1684,1684,1015,1015,1015,1015,1932,1932,1932,1932,1391,1391,1391,988,988,396,396,2073,2073,2073,2073,2589,2589,2589,3001,3001,3001,2849,2849,2849,2393,2393,1740,1740,1740,2058,2058,2058,2058,2203,2203,2203,2466,2466,2466,2267,2267,1403,1403,1948,1948,1948,2213,2213,2213,969,969,969,790,790,942,942,1244,1244,1244,756,756,756,2057,2057,2057,2057,2873,2873,2873,2873,2975,2975,2975,2664,2664,2664,2687,2687,2687,2039,2039,2039,1222,1222,1222,1643,1643,1643,344,344,344,-805,-805,-805,-169,-169,-169,-1330,-1330,-1330,-1330,-1204,-1204,-1204,-1204,-1425,-1425,-1425,-2378,-2378,1184,1184,1184,1391,1391,1391,1151,1151,1559,1559,1802,1802,1148,1148,-18,-18,-18,518,518,518,1305,1305,1305,1305,2691,2691,2691,2691,2246,2246,1957,1957,428,428,55,55,96,96,96,-965,-965,-965,-666,-666,-666,-317,-317,-317,934,934,934,1289,1289,1289,1289,1230,1230,1230,1728,1728,1728,3226,3226,3226,2386,2386,1870,1870,2433,2433,1776,1776,1776,1876,1876,1876,1876,3691,3691,3691,3691,2399,2399,2399,2404,2404,2404,2153,2153,2153,1933,1933,1933,1933,1807,1807,1807,1981,1981,1985,1985,832,832,1422,1422,1422,2058,2058,2058,2476,2476,2476,2476,1714,1714,1714,1134,1134,1134,684,684,684,964,964,964,964,487,487,487,487,828,828,828,828,2761,2761,2761,2761,1579,1579,1579,1579,1342,1342,1342,1245,1245,1245,925,925,925,754
22,-0.1079999999999998322,2317,1572,1720,2588,2588,2482,2482,1860,1860,2537,2537,3141,3141,2297,1115,1628,1628,1751,1751,2456,2456,1993,1993,2461,2461,2503,2503,1997,1997,1445,1445,1781,1781,1781,2302,2302,2302,2816,2816,2816,2187,2187,2187,2135,2135,2135,1978,1978,1978,2101,2101,2492,2492,2618,2618,2669,2669,2669,2907,2907,2907,2821,2821,2821,2303,2303,1055,1055,679,679,248,248,248,1500,1500,1500,2673,2673,2554,1019,1253,1253,2886,2886,2886,2722,2722,1402,1402,-231,-231,-386,-386,936,936,936,2198,2198,2198,2424,2424,2296,2468,2468,2280,2280,2754,2754,2754,3067,3067,3046,3046,1837,1837,2287,2287,2206,2206,1569,1218,833,603,1010,1010,783,783,352,352,1356,1356,1356,1614,1614,1178,1178,111,111,1281,1281,1281,2730,2730,2730,3038,3038,3408,3408,2931,2931,2596,2596,2953,2953,2953,2582,2582,3192,3192,3028,3028,2349,2349,1956,1956,2652,2652,2652,2164,2164,1363,2096,2096,2432,2432,2555,2555,2555,3076,3076,3076,3085,3085,3791,3791,4333,4333,3756,3756,2725,2725,1956,1956,1996,1996,1816,1816,1343,1343,2567,2567,2003,2003,1884,1884,1884,1721,1721,1254,1254,1007,1007,1434,1434,964,964,1059,1059,1362,1530,2108,2108,2056,2056,2091,2091,2477,2477,2317,2317,2317,2045,2045,2045,2768,2768,2768,2682,2682,2682,2895,2895,2895,3039,3039,2955,2955,2709,2709,1717,1717,1744,1744,1744,1440,1440,1440,1341,1341,1341,403,403,1027,1027,1027,1331,1331,1331,366,366,366,1546,1546,1546,2752,2752,2752,2643,2643,1716,1716,1514,1514,1514,2388,2388,2388,1533,1533,1533,732,732,1053,1053,1517,1517,1613,1613,2194,2194,2194,3066,3066,3066,3066,2984,2984,3370,3370,2389,2389,985,985,985,3554,3554,3554,3554,3328,3328,3328,2924,2924,2875,2875,2934,2934,2934,1972,1972,1972,1972,3071,3071,3071,3071,2769,2769,2769,2508,2508,2130,2130,3717,3717,3717,3717,3696,3696,3696,4125,4125,4125,4099,4099,4099,3728,3728,2901,2901,2901,3780,3780,3780,3780,3690,3690,3690,4114,4114,4114,3918,3918,2523,2523,3740,3740,3740,3639,3639,3639,2687,2687,2687,2252,2252,2570,2570,3216,3216,3216,2425,2425,2425,4235,4235,4235,4235,4758,4758,4758,4758,4764,4764,4764,3900,3900,3900,3957,3957,3957,3302,3302,3302,2450,2450,2450,3448,3448,3448,1771,1771,1771,289,289,289,898,898,898,536,536,536,536,259,259,259,259,1096,1096,1096,403,403,3478,3478,3478,2939,2939,2939,2846,2846,3362,3362,3175,3175,2118,2118,1870,1870,1870,2185,2185,2185,2488,2488,2488,2488,3939,3939,3939,3939,3572,3572,2737,2737,1187,1187,926,926,1603,1603,1603,1082,1082,1082,992,992,992,1230,1230,1230,2461,2461,2461,3243,3243,3243,3243,2737,2737,2737,3206,3206,3206,4483,4483,4483,3628,3628,3357,3357,3838,3838,2648,2648,2648,3637,3637,3637,3637,5421,5421,5421,5421,3736,3736,3736,3623,3623,3623,2632,2632,2632,3162,3162,3162,3162,3478,3478,3478,3889,3889,3898,3898,2930,2930,2688,2688,2688,3223,3223,3223,3723,3723,3723,3723,3161,3161,3161,2302,2302,2302,1817,1817,1817,2747,2747,2747,2747,1648,1648,1648,1648,1821,1821,1821,1821,3775,3775,3775,3775,2743,2743,2743,2743,2503,2503,2503,1747,1747,1747,2304,2304,2304,2391
23,0.09200000000000017886,3163,3418,2930,3637,3637,3719,3719,3636,3636,3975,3975,4652,4652,4388,3645,3631,3631,4111,4111,4631,4631,4345,4345,4398,4398,4583,4583,3922,3922,3574,3574,3843,3843,3843,4771,4771,4771,4266,4266,4266,3165,3165,3165,2723,2723,2723,2306,2306,2306,2433,2433,2826,2826,3268,3268,3623,3623,3623,3437,3437,3437,3595,3595,3595,2973,2973,2138,2138,1705,1705,2213,2213,2213,2341,2341,2341,3438,3438,3460,2383,1945,1945,3315,3315,3315,2492,2492,2234,2234,2027,2027,2250,2250,3865,3865,3865,4798,4798,4798,5103,5103,4847,4869,4869,4408,4408,4609,4609,4609,4809,4809,4591,4591,3518,3518,3110,3110,3426,3426,3050,2680,2332,2565,3224,3224,2602,2602,2614,2614,2181,2181,2181,1904,1904,1449,1449,29,29,881,881,881,2534,2534,2534,2902,2902,3637,3637,3739,3739,3368,3368,3829,3829,3829,3343,3343,4337,4337,4741,4741,4903,4903,5051,5051,5218,5218,5218,4970,4970,4242,3699,3699,4260,4260,3903,3903,3903,4535,4535,4535,5187,5187,5402,5402,6453,6453,5876,5876,5004,5004,5008,5008,4974,4974,4806,4806,4643,4643,5193,5193,5219,5219,4806,4806,4806,4282,4282,4955,4955,5527,5527,4838,4838,4663,4663,4315,4315,4161,4408,5046,5046,5029,5029,4609,4609,5016,5016,5162,5162,5162,4304,4304,4304,4144,4144,4144,4981,4981,4981,5192,5192,5192,5652,5652,5198,5198,4768,4768,3995,3995,4098,4098,4098,3474,3474,3474,3205,3205,3205,3025,3025,3468,3468,3468,4238,4238,4238,3421,3421,3421,4927,4927,4927,5317,5317,5317,5438,5438,4254,4254,4161,4161,4161,4573,4573,4573,4590,4590,4590,4499,4499,4025,4025,4400,4400,4436,4436,4435,4435,4435,5081,5081,5081,5081,4997,4997,5825,5825,4918,4918,3174,3174,3174,5566,5566,5566,5566,5356,5356,5356,5770,5770,6082,6082,6222,6222,6222,4769,4769,4769,4769,5715,5715,5715,5715,5533,5533,5533,5297,5297,5280,5280,6550,6550,6550,6550,6293,6293,6293,5792,5792,5792,6341,6341,6341,6164,6164,5906,5906,5906,6359,6359,6359,6359,5753,5753,5753,6554,6554,6554,5925,5925,4964,4964,6281,6281,6281,6077,6077,6077,5461,5461,5461,5320,5320,6323,6323,6377,6377,6377,5886,5886,5886,6959,6959,6959,6959,7824,7824,7824,7824,6841,6841,6841,6104,6104,6104,6181,6181,6181,5927,5927,5927,5186,5186,5186,6137,6137,6137,4621,4621,4621,3201,3201,3201,4088,4088,4088,3401,3401,3401,3401,3933,3933,3933,3933,5251,5251,5251,4578,4578,5689,5689,5689,5285,5285,5285,5630,5630,6194,6194,5888,5888,4663,4663,5130,5130,5130,5641,5641,5641,4895,4895,4895,4895,5842,5842,5842,5842,5916,5916,5134,5134,3653,3653,3605,3605,4502,4502,4502,5483,5483,5483,5183,5183,5183,4714,4714,4714,5132,5132,5132,6088,6088,6088,6088,5528,5528,5528,6349,6349,6349,6782,6782,6782,6155,6155,6395,6395,6388,6388,5030,5030,5030,5545,5545,5545,5545,7593,7593,7593,7593,6060,6060,6060,5535,5535,5535,4439,4439,4439,5907,5907,5907,5907,6398,6398,6398,6648,6648,6832,6832,6113,6113,5058,5058,5058,5341,5341,5341,5960,5960,5960,5960,5860,5860,5860,5080,5080,5080,4858,4858,4858,5973,5973,5973,5973,4608,4608,4608,4608,4308,4308,4308,4308,6557,6557,6557,6557,5014,5014,5014,5014,5061,5061,5061,3601,3601,3601,4721,4721,4721,4870
24,0.2920000000000002038,4607,3797,2976,3837,3837,4410,4410,4792,4792,5125,5125,5853,5853,5900,5757,5359,5359,5904,5904,6360,6360,5997,5997,5494,5494,5510,5510,5160,5160,4737,4737,5302,5302,5302,5709,5709,5709,4497,4497,4497,3124,3124,3124,2156,2156,2156,1866,1866,1866,1440,1440,1877,1877,2672,2672,3110,3110,3110,2973,2973,2973,2679,2679,2679,2522,2522,2006,2006,1842,1842,2538,2538,2538,2092,2092,2092,2420,2420,2597,2293,2095,2095,2488,2488,2488,1059,1059,1825,1825,3301,3301,4190,4190,5086,5086,5086,5993,5993,5993,5956,5956,6070,6176,6176,5840,5840,5784,5784,5784,5728,5728,4531,4531,3264,3264,2448,2448,2870,2870,2855,2739,2832,3615,3764,3764,3560,3560,3271,3271,2032,2032,2032,206,206,240,240,-452,-452,-722,-722,-722,1147,1147,1147,1611,1611,2322,2322,2880,2880,2584,2584,3392,3392,3392,3677,3677,4136,4136,5689,5689,6355,6355,6025,6025,6218,6218,6218,5296,5296,4767,3951,3951,3642,3642,3819,3819,3819,5196,5196,5196,6383,6383,6081,6081,6960,6960,6970,6970,6789,6789,6865,6865,7050,7050,6907,6907,7496,7496,7909,7909,8079,8079,7467,7467,7467,6212,6212,6927,6927,8819,8819,6937,6937,6377,6377,6687,6687,6300,6154,7084,7084,7880,7880,6375,6375,6870,6870,6409,6409,6409,5247,5247,5247,4780,4780,4780,6210,6210,6210,6155,6155,6155,6584,6584,6721,6721,5983,5983,5782,5782,5752,5752,5752,5813,5813,5813,5990,5990,5990,6503,6503,6021,6021,6021,6652,6652,6652,6101,6101,6101,7140,7140,7140,8217,8217,8217,8284,8284,7125,7125,6761,6761,6761,6693,6693,6693,7170,7170,7170,7114,7114,7190,7190,7213,7213,6940,6940,6578,6578,6578,5825,5825,5825,5825,6465,6465,7558,7558,6904,6904,5753,5753,5753,6745,6745,6745,6745,7008,7008,7008,7514,7514,7909,7909,8235,8235,8235,6564,6564,6564,6564,7977,7977,7977,7977,7657,7657,7657,7456,7456,7378,7378,7914,7914,7914,7914,7793,7793,7793,7117,7117,7117,6772,6772,6772,7096,7096,7817,7817,7817,8081,8081,8081,8081,7366,7366,7366,7800,7800,7800,7085,7085,6894,6894,6976,6976,6976,7077,7077,7077,6130,6130,6130,6154,6154,7641,7641,8198,8198,8198,7749,7749,7749,8051,8051,8051,8051,9165,9165,9165,9165,7704,7704,7704,7739,7739,7739,7485,7485,7485,7950,7950,7950,7516,7516,7516,8735,8735,8735,7840,7840,7840,6532,6532,6532,7577,7577,7577,6358,6358,6358,6358,8016,8016,8016,8016,8467,8467,8467,8383,8383,6632,6632,6632,7105,7105,7105,7781,7781,8091,8091,8433,8433,7329,7329,8250,8250,8250,8717,8717,8717,6946,6946,6946,6946,6610,6610,6610,6610,7396,7396,7152,7152,5572,5572,6174,6174,6682,6682,6682,7766,7766,7766,7364,7364,7364,6876,6876,6876,6587,6587,6587,7535,7535,7535,7535,7094,7094,7094,7906,7906,7906,7861,7861,7861,8127,8127,8249,8249,8124,8124,7235,7235,7235,6873,6873,6873,6873,8823,8823,8823,8823,7757,7757,7757,6642,6642,6642,5596,5596,5596,7379,7379,7379,7379,8586,8586,8586,8483,8483,8423,8423,8109,8109,6935,6935,6935,6716,6716,6716,8061,8061,8061,8061,8550,8550,8550,7407,7407,7407,7009,7009,7009,8708,8708,8708,8708,7495,7495,7495,7495,6740,6740,6740,6740,8436,8436,8436,8436,7064,7064,7064,7064,6723,6723,6723,5679,5679,5679,5944,5944,5944,6447
25,0.4920000000000002149,4056,650,510,1321,1321,2416,2416,3612,3612,3698,3698,4567,4567,5087,5109,4282,4282,4263,4263,4609,4609,4157,4157,3440,3440,3707,3707,3005,3005,2931,2931,3038,3038,3038,2865,2865,2865,2285,2285,2285,163,163,163,-1057,-1057,-1057,-1207,-1207,-1207,-1937,-1937,-1629,-1629,-966,-966,-556,-556,-556,197,197,197,-540,-540,-540,-917,-917,-1237,-1237,-1145,-1145,-137,-137,-137,-398,-398,-398,-745,-745,-964,-653,-225,-225,-740,-740,-740,-2246,-2246,-823,-823,1408,1408,1637,1637,1779,1779,1779,3977,3977,3977,3863,3863,3842,3982,3982,4137,4137,4078,4078,4078,3042,3042,1175,1175,-178,-178,-1229,-1229,-198,-198,-662,-486,136,1043,765,765,885,885,23,23,-680,-680,-680,-3082,-3082,-3538,-3538,-3270,-3270,-4604,-4604,-4604,-3062,-3062,-3062,-2520,-2520,-1775,-1775,-1757,-1757,-1732,-1732,-69,-69,-69,685,685,1306,1306,3023,3023,4235,4235,3743,3743,3115,3115,3115,1629,1629,1219,634,634,-85,-85,342,342,342,2389,2389,2389,3443,3443,3552,3552,4656,4656,5089,5089,5790,5790,6523,6523,6462,6462,6537,6537,7819,7819,7925,7925,7861,7861,7866,7866,7866,6295,6295,5858,5858,6059,6059,4343,4343,4148,4148,4392,4392,4396,3987,4612,4612,6050,6050,4971,4971,4691,4691,4446,4446,4446,3069,3069,3069,2484,2484,2484,4371,4371,4371,4248,4248,4248,4337,4337,4771,4771,4298,4298,4194,4194,4610,4610,4610,5811,5811,5811,6568,6568,6568,7659,7659,7443,7443,7443,6986,6986,6986,5678,5678,5678,6712,6712,6712,7750,7750,7750,7761,7761,6521,6521,5940,5940,5940,5917,5917,5917,7276,7276,7276,6995,6995,7118,7118,7444,7444,6185,6185,5267,5267,5267,3735,3735,3735,3735,5023,5023,6633,6633,5654,5654,5363,5363,5363,4409,4409,4409,4409,5699,5699,5699,6547,6547,5697,5697,6137,6137,6137,6027,6027,6027,6027,6775,6775,6775,6775,7312,7312,7312,6138,6138,5272,5272,6616,6616,6616,6616,5709,5709,5709,5812,5812,5812,4600,4600,4600,4700,4700,6352,6352,6352,6506,6506,6506,6506,5214,5214,5214,5171,5171,5171,4702,4702,4503,4503,3909,3909,3909,4434,4434,4434,3927,3927,3927,3690,3690,4734,4734,6566,6566,6566,5805,5805,5805,5818,5818,5818,5818,6197,6197,6197,6197,4771,4771,4771,6229,6229,6229,5653,5653,5653,7071,7071,7071,7543,7543,7543,9169,9169,9169,9155,9155,9155,7889,7889,7889,9386,9386,9386,8009,8009,8009,8009,9149,9149,9149,9149,9468,9468,9468,8204,8204,5357,5357,5357,5526,5526,5526,6882,6882,6931,6931,7079,7079,6987,6987,8326,8326,8326,8012,8012,8012,6275,6275,6275,6275,5089,5089,5089,5089,5623,5623,5259,5259,4860,4860,5241,5241,4497,4497,4497,6088,6088,6088,5040,5040,5040,4511,4511,4511,2705,2705,2705,4209,4209,4209,4209,5175,5175,5175,5699,5699,5699,5766,5766,5766,6616,6616,7111,7111,6216,6216,5893,5893,5893,5278,5278,5278,5278,5807,5807,5807,5807,5922,5922,5922,4338,4338,4338,2904,2904,2904,5060,5060,5060,5060,6983,6983,6983,6422,6422,5774,5774,6571,6571,5388,5388,5388,4690,4690,4690,7326,7326,7326,7326,8275,8275,8275,7270,7270,7270,6558,6558,6558,7666,7666,7666,7666,7306,7306,7306,7306,6519,6519,6519,6519,6793,6793,6793,6793,6727,6727,6727,6727,4969,4969,4969,4478,4478,4478,5255,5255,5255,5283
26,0.6920000000000001705,480,-4132,-4518,-4216,-4216,-2507,-2507,-448,-448,-1581,-1581,-253,-253,332,-56,-478,-478,-1303,-1303,-1150,-1150,-1846,-1846,-2072,-2072,-2379,-2379,-2455,-2455,-2614,-2614,-2467,-2467,-2467,-4026,-4026,-4026,-3321,-3321,-3321,-5462,-5462,-5462,-6044,-6044,-6044,-6443,-6443,-6443,-6670,-6670,-7091,-7091,-6873,-6873,-6474,-6474,-6474,-5705,-5705,-5705,-6037,-6037,-6037,-7022,-7022,-6843,-6843,-6717,-6717,-5065,-5065,-5065,-4905,-4905,-4905,-5861,-5861,-6280,-6053,-5757,-5757,-6329,-6329,-6329,-7798,-7798,-5668,-5668,-3391,-3391,-4271,-4271,-5025,-5025,-5025,-1586,-1586,-1586,-951,-951,-1889,-2143,-2143,-1506,-1506,-1453,-1453,-1453,-3047,-3047,-5111,-5111,-6117,-6117,-6865,-6865,-5988,-5988,-6595,-6453,-5628,-5184,-4987,-4987,-4748,-4748,-5827,-5827,-5500,-5500,-5500,-6816,-6816,-8172,-8172,-7438,-7438,-8939,-8939,-8939,-9257,-9257,-9257,-8810,-8810,-8520,-8520,-8100,-8100,-8145,-8145,-5907,-5907,-5907,-4612,-4612,-4198,-4198,-3558,-3558,-1823,-1823,-2224,-2224,-3179,-3179,-3179,-4176,-4176,-4474,-4602,-4602,-6076,-6076,-6023,-6023,-6023,-4151,-4151,-4151,-3470,-3470,-3163,-3163,-1805,-1805,-324,-324,1602,1602,3126,3126,2721,2721,3317,3317,5023,5023,4744,4744,3760,3760,4977,4977,4977,3051,3051,991,991,-891,-891,-2080,-2080,-1445,-1445,-1074,-1074,-1337,-2093,-2119,-2119,-973,-973,-566,-566,-1516,-1516,-1413,-1413,-1413,-1939,-1939,-1939,-2787,-2787,-2787,-1191,-1191,-1191,-669,-669,-669,-906,-906,-381,-381,-363,-363,-110,-110,583,583,583,2065,2065,2065,4219,4219,4219,5850,5850,6000,6000,6000,3546,3546,3546,2171,2171,2171,2840,2840,2840,3208,3208,3208,2858,2858,2109,2109,1294,1294,1294,1791,1791,1791,3859,3859,3859,4165,4165,4231,4231,4733,4733,2535,2535,796,796,796,-933,-933,-933,-933,405,405,2157,2157,557,557,180,180,180,-1546,-1546,-1546,-1546,590,590,590,1906,1906,87,87,541,541,541,2626,2626,2626,2626,1980,1980,1980,1980,4293,4293,4293,2281,2281,346,346,2025,2025,2025,2025,581,581,581,705,705,705,-418,-418,-418,-1050,-1050,1299,1299,1299,1642,1642,1642,1642,-732,-732,-732,-1973,-1973,-1973,-1449,-1449,-2108,-2108,-3427,-3427,-3427,-1990,-1990,-1990,-1312,-1312,-1312,-1379,-1379,-1360,-1360,445,445,445,492,492,492,-276,-276,-276,-276,-1539,-1539,-1539,-1539,-1332,-1332,-1332,11,11,11,-255,-255,-255,1423,1423,1423,4682,4682,4682,6282,6282,6282,7233,7233,7233,6506,6506,6506,7748,7748,7748,7383,7383,7383,7383,7735,7735,7735,7735,7110,7110,7110,3930,3930,39,39,39,553,553,553,1808,1808,782,782,1097,1097,2454,2454,4042,4042,4042,2895,2895,2895,2138,2138,2138,2138,-151,-151,-151,-151,-880,-880,-737,-737,-229,-229,-107,-107,-1287,-1287,-1287,-724,-724,-724,-1771,-1771,-1771,-2210,-2210,-2210,-5497,-5497,-5497,-3594,-3594,-3594,-3594,-953,-953,-953,-506,-506,-506,158,158,158,488,488,1729,1729,91,91,358,358,358,111,111,111,111,-657,-657,-657,-657,500,500,500,-1788,-1788,-1788,-3001,-3001,-3001,-953,-953,-953,-953,852,852,852,388,388,-208,-208,1330,1330,606,606,606,-278,-278,-278,2627,2627,2627,2627,2819,2819,2819,3393,3393,3393,2191,2191,2191,3079,3079,3079,3079,3879,3879,3879,3879,3473,3473,3473,3473,1917,1917,1917,1917,3020,3020,3020,3020,-522,-522,-522,49,49,49,1188,1188,1188,1654
27,0.8920000000000002371,-4318,-8308,-9277,-9258,-9258,-8057,-8057,-6262,-6262,-7815,-7815,-7531,-7531,-7556,-7272,-7206,-7206,-7993,-7993,-8521,-8521,-8786,-8786,-9137,-9137,-9252,-9252,-8772,-8772,-9330,-9330,-9053,-9053,-9053,-10730,-10730,-10730,-9640,-9640,-9640,-10817,-10817,-10817,-11164,-11164,-11164,-11181,-11181,-11181,-10485,-10485,-11276,-11276,-11701,-11701,-12312,-12312,-12312,-11086,-11086,-11086,-12101,-12101,-12101,-13234,-13234,-12298,-12298,-10801,-10801,-10013,-10013,-10013,-9281,-9281,-9281,-10603,-10603,-11394,-10913,-10328,-10328,-11724,-11724,-11724,-11787,-11787,-10310,-10310,-9103,-9103,-9741,-9741,-11540,-11540,-11540,-8500,-8500,-8500,-7250,-7250,-8769,-9636,-9636,-9068,-9068,-7935,-7935,-7935,-10611,-10611,-12226,-12226,-11188,-11188,-12159,-12159,-11544,-11544,-11947,-11812,-11207,-11781,-11544,-11544,-11243,-11243,-10992,-10992,-9709,-9709,-9709,-9507,-9507,-10692,-10692,-10142,-10142,-11700,-11700,-11700,-14211,-14211,-14211,-14387,-14387,-14166,-14166,-14115,-14115,-13217,-13217,-11215,-11215,-11215,-10071,-10071,-10914,-10914,-10879,-10879,-10106,-10106,-9854,-9854,-9558,-9558,-9558,-10500,-10500,-10421,-9313,-9313,-11824,-11824,-11169,-11169,-11169,-10820,-10820,-10820,-10234,-10234,-10865,-10865,-10051,-10051,-7390,-7390,-5422,-5422,-3321,-3321,-3149,-3149,-2201,-2201,-150,-150,-1036,-1036,-3001,-3001,-1861,-1861,-1861,-2311,-2311,-5257,-5257,-8947,-8947,-9411,-9411,-8737,-8737,-7709,-7709,-7426,-8421,-8445,-8445,-8732,-8732,-8026,-8026,-8860,-8860,-7622,-7622,-7622,-8363,-8363,-8363,-9285,-9285,-9285,-8691,-8691,-8691,-7264,-7264,-7264,-7903,-7903,-6964,-6964,-6332,-6332,-6406,-6406,-5523,-5523,-5523,-2945,-2945,-2945,-698,-698,-698,1214,1214,1641,1641,1641,-1599,-1599,-1599,-3450,-3450,-3450,-4056,-4056,-4056,-4191,-4191,-4191,-4410,-4410,-3971,-3971,-5394,-5394,-5394,-6216,-6216,-6216,-2713,-2713,-2713,-913,-913,-1187,-1187,-1456,-1456,-3433,-3433,-5165,-5165,-5165,-7018,-7018,-7018,-7018,-6094,-6094,-5655,-5655,-6539,-6539,-5819,-5819,-5819,-8727,-8727,-8727,-8727,-6567,-6567,-6567,-5044,-5044,-7087,-7087,-6324,-6324,-6324,-3202,-3202,-3202,-3202,-5322,-5322,-5322,-5322,-2687,-2687,-2687,-3853,-3853,-6228,-6228,-5010,-5010,-5010,-5010,-7046,-7046,-7046,-5923,-5923,-5923,-7657,-7657,-7657,-8714,-8714,-5679,-5679,-5679,-6428,-6428,-6428,-6428,-7855,-7855,-7855,-9396,-9396,-9396,-9768,-9768,-9629,-9629,-11376,-11376,-11376,-9099,-9099,-9099,-8018,-8018,-8018,-8154,-8154,-9123,-9123,-7656,-7656,-7656,-7198,-7198,-7198,-8811,-8811,-8811,-8811,-10282,-10282,-10282,-10282,-9389,-9389,-9389,-6951,-6951,-6951,-9269,-9269,-9269,-6561,-6561,-6561,-844,-844,-844,-32,-32,-32,1815,1815,1815,2838,2838,2838,3109,3109,3109,3970,3970,3970,3970,3902,3902,3902,3902,1795,1795,1795,-2067,-2067,-7262,-7262,-7262,-6076,-6076,-6076,-5100,-5100,-6752,-6752,-8049,-8049,-4759,-4759,-3677,-3677,-3677,-6496,-6496,-6496,-5033,-5033,-5033,-5033,-8052,-8052,-8052,-8052,-10024,-10024,-9103,-9103,-7549,-7549,-7001,-7001,-8952,-8952,-8952,-9662,-9662,-9662,-9579,-9579,-9579,-9513,-9513,-9513,-13009,-13009,-13009,-11678,-11678,-11678,-11678,-8219,-8219,-8219,-9086,-9086,-9086,-8337,-8337,-8337,-8089,-8089,-6123,-6123,-7880,-7880,-6843,-6843,-6843,-7959,-7959,-7959,-7959,-9264,-9264,-9264,-9264,-7313,-7313,-7313,-9087,-9087,-9087,-9316,-9316,-9316,-8203,-8203,-8203,-8203,-7526,-7526,-7526,-7961,-7961,-8311,-8311,-6232,-6232,-5847,-5847,-5847,-7138,-7138,-7138,-4684,-4684,-4684,-4684,-4797,-4797,-4797,-3370,-3370,-3370,-4122,-4122,-4122,-4822,-4822,-4822,-4822,-2467,-2467,-2467,-2467,-2435,-2435,-2435,-2435,-5519,-5519,-5519,-5519,-2975,-2975,-2975,-2975,-6773,-6773,-6773,-5883,-5883,-5883,-4849,-4849,-4849,-5047
28,1.092000000000000304,-9474,-12259,-13518,-14153,-14153,-13765,-13765,-12818,-12818,-13995,-13995,-15060,-15060,-15283,-15014,-13790,-13790,-13840,-13840,-15429,-15429,-14954,-14954,-15464,-15464,-15470,-15470,-14260,-14260,-15039,-15039,-15105,-15105,-15105,-16703,-16703,-16703,-15720,-15720,-15720,-14492,-14492,-14492,-14155,-14155,-14155,-14267,-14267,-14267,-12667,-12667,-13256,-13256,-15105,-15105,-16317,-16317,-16317,-15528,-15528,-15528,-15735,-15735,-15735,-16243,-16243,-14522,-14522,-11461,-11461,-12066,-12066,-12066,-12543,-12543,-12543,-13646,-13646,-13982,-12774,-13409,-13409,-14547,-14547,-14547,-12712,-12712,-12497,-12497,-13441,-13441,-12599,-12599,-16046,-16046,-16046,-14944,-14944,-14944,-14422,-14422,-15404,-16411,-16411,-16159,-16159,-14970,-14970,-14970,-17082,-17082,-17708,-17708,-14904,-14904,-14866,-14866,-15140,-15140,-14638,-13772,-13616,-15588,-16310,-16310,-15581,-15581,-15114,-15114,-12949,-12949,-12949,-9537,-9537,-10050,-10050,-9438,-9438,-10193,-10193,-10193,-16341,-16341,-16341,-17390,-17390,-17302,-17302,-17502,-17502,-16339,-16339,-15624,-15624,-15624,-14750,-14750,-16036,-16036,-16436,-16436,-16891,-16891,-16209,-16209,-15242,-15242,-15242,-15965,-15965,-15463,-14170,-14170,-16459,-16459,-16227,-16227,-16227,-16786,-16786,-16786,-16244,-16244,-17298,-17298,-17283,-17283,-14847,-14847,-12531,-12531,-11415,-11415,-11375,-11375,-9896,-9896,-7771,-7771,-8688,-8688,-10837,-10837,-10842,-10842,-10842,-9676,-9676,-12201,-12201,-15535,-15535,-15203,-15203,-14840,-14840,-14118,-14118,-13459,-13228,-14105,-14105,-15076,-15076,-14382,-14382,-15285,-15285,-13942,-13942,-13942,-13999,-13999,-13999,-15354,-15354,-15354,-16238,-16238,-16238,-14492,-14492,-14492,-15000,-15000,-14448,-14448,-13369,-13369,-12436,-12436,-11603,-11603,-11603,-9416,-9416,-9416,-7742,-7742,-7742,-5287,-5287,-5331,-5331,-5331,-7811,-7811,-7811,-9830,-9830,-9830,-11468,-11468,-11468,-12984,-12984,-12984,-13061,-13061,-10415,-10415,-11868,-11868,-11868,-14029,-14029,-14029,-10842,-10842,-10842,-9284,-9284,-9283,-9283,-10174,-10174,-10684,-10684,-12157,-12157,-12157,-13583,-13583,-13583,-13583,-13689,-13689,-14001,-14001,-14947,-14947,-12796,-12796,-12796,-15256,-15256,-15256,-15256,-14364,-14364,-14364,-12601,-12601,-14613,-14613,-14443,-14443,-14443,-10816,-10816,-10816,-10816,-14243,-14243,-14243,-14243,-11667,-11667,-11667,-10974,-10974,-12810,-12810,-12975,-12975,-12975,-12975,-15286,-15286,-15286,-14229,-14229,-14229,-15132,-15132,-15132,-15932,-15932,-13099,-13099,-13099,-14278,-14278,-14278,-14278,-15221,-15221,-15221,-16483,-16483,-16483,-16373,-16373,-15957,-15957,-17776,-17776,-17776,-16204,-16204,-16204,-14791,-14791,-14791,-14832,-14832,-16442,-16442,-15508,-15508,-15508,-14843,-14843,-14843,-16996,-16996,-16996,-16996,-18839,-18839,-18839,-18839,-16534,-16534,-16534,-15575,-15575,-15575,-17099,-17099,-17099,-15742,-15742,-15742,-8735,-8735,-8735,-10266,-10266,-10266,-6487,-6487,-6487,-3066,-3066,-3066,-4838,-4838,-4838,-764,-764,-764,-764,-2475,-2475,-2475,-2475,-6789,-6789,-6789,-8191,-8191,-14059,-14059,-14059,-12879,-12879,-12879,-12864,-12864,-14871,-14871,-16764,-16764,-13100,-13100,-12064,-12064,-12064,-15873,-15873,-15873,-12878,-12878,-12878,-12878,-15938,-15938,-15938,-15938,-17653,-17653,-17123,-17123,-14216,-14216,-13793,-13793,-15542,-15542,-15542,-16574,-16574,-16574,-15557,-15557,-15557,-15193,-15193,-15193,-17715,-17715,-17715,-18352,-18352,-18352,-18352,-15024,-15024,-15024,-16984,-16984,-16984,-16999,-16999,-16999,-16639,-16639,-15402,-15402,-16576,-16576,-15262,-15262,-15262,-15471,-15471,-15471,-15471,-18094,-18094,-18094,-18094,-15577,-15577,-15577,-15611,-15611,-15611,-15305,-15305,-15305,-15104,-15104,-15104,-15104,-16090,-16090,-16090,-16178,-16178,-15788,-15788,-13651,-13651,-13232,-13232,-13232,-14241,-14241,-14241,-13099,-13099,-13099,-13099,-13861,-13861,-13861,-12021,-12021,-12021,-11653,-11653,-11653,-13680,-13680,-13680,-13680,-10325,-10325,-10325,-10325,-9787,-9787,-9787,-9787,-14120,-14120,-14120,-14120,-10896,-10896,-10896,-10896,-13220,-13220,-13220,-12592,-12592,-12592,-11286,-11286,-11286,-11352
29,1.292000000000000259,-13860,-13131,-13293,-15552,-15552,-16813,-16813,-16247,-16247,-16948,-16948,-18842,-18842,-19138,-18505,-17538,-17538,-16287,-16287,-18354,-18354,-17317,-17317,-17447,-17447,-17648,-17648,-15673,-15673,-16186,-16186,-16856,-16856,-16856,-16648,-16648,-16648,-17683,-17683,-17683,-12278,-12278,-12278,-11438,-11438,-11438,-11867,-11867,-11867,-10594,-10594,-10092,-10092,-12781,-12781,-15286,-15286,-15286,-14963,-14963,-14963,-13602,-13602,-13602,-12979,-12979,-10182,-10182,-7222,-7222,-7951,-7951,-7951,-11106,-11106,-11106,-11920,-11920,-11096,-8582,-11043,-11043,-11535,-11535,-11535,-8826,-8826,-9139,-9139,-11143,-11143,-9753,-9753,-13378,-13378,-13378,-17924,-17924,-17924,-18374,-18374,-18114,-18825,-18825,-18937,-18937,-18560,-18560,-18560,-18558,-18558,-17470,-17470,-12538,-12538,-11638,-11638,-11798,-11798,-10541,-9509,-9440,-11866,-13445,-13445,-13333,-13333,-12024,-12024,-11464,-11464,-11464,-5808,-5808,-5176,-5176,-5057,-5057,-5150,-5150,-5150,-12245,-12245,-12245,-15299,-15299,-15284,-15284,-14555,-14555,-13434,-13434,-14723,-14723,-14723,-15655,-15655,-16789,-16789,-18432,-18432,-19328,-19328,-17979,-17979,-16783,-16783,-16783,-15401,-15401,-13776,-15464,-15464,-14632,-14632,-16219,-16219,-16219,-18869,-18869,-18869,-19142,-19142,-19734,-19734,-20542,-20542,-19057,-19057,-16872,-16872,-16841,-16841,-17352,-17352,-16174,-16174,-15097,-15097,-15703,-15703,-16975,-16975,-17350,-17350,-17350,-15338,-15338,-15692,-15692,-17442,-17442,-16259,-16259,-16189,-16189,-17033,-17033,-16086,-14840,-16692,-16692,-18110,-18110,-17372,-17372,-18161,-18161,-16818,-16818,-16818,-15947,-15947,-15947,-17969,-17969,-17969,-19893,-19893,-19893,-18217,-18217,-18217,-18105,-18105,-18826,-18826,-17579,-17579,-16116,-16116,-15344,-15344,-15344,-14731,-14731,-14731,-13966,-13966,-13966,-11212,-11212,-11865,-11865,-11865,-13562,-13562,-13562,-13590,-13590,-13590,-16515,-16515,-16515,-19380,-19380,-19380,-18953,-18953,-15014,-15014,-16251,-16251,-16251,-18555,-18555,-18555,-17152,-17152,-17152,-14800,-14800,-15545,-15545,-16620,-16620,-15968,-15968,-16613,-16613,-16613,-17427,-17427,-17427,-17427,-18480,-18480,-19647,-19647,-19371,-19371,-17097,-17097,-17097,-18417,-18417,-18417,-18417,-18850,-18850,-18850,-18059,-18059,-18244,-18244,-18935,-18935,-18935,-16030,-16030,-16030,-16030,-19050,-19050,-19050,-19050,-18000,-18000,-18000,-16659,-16659,-16626,-16626,-18748,-18748,-18748,-18748,-19555,-19555,-19555,-18931,-18931,-18931,-18999,-18999,-18999,-19128,-19128,-17907,-17907,-17907,-19026,-19026,-19026,-19026,-19166,-19166,-19166,-19583,-19583,-19583,-19609,-19609,-18772,-18772,-19487,-19487,-19487,-19304,-19304,-19304,-17628,-17628,-17628,-17559,-17559,-19067,-19067,-19362,-19362,-19362,-18643,-18643,-18643,-20525,-20525,-20525,-20525,-22702,-22702,-22702,-22702,-20097,-20097,-20097,-20389,-20389,-20389,-20747,-20747,-20747,-20664,-20664,-20664,-15836,-15836,-15836,-17804,-17804,-17804,-13931,-13931,-13931,-8960,-8960,-8960,-12443,-12443,-12443,-6298,-6298,-6298,-6298,-9365,-9365,-9365,-9365,-13494,-13494,-13494,-12773,-12773,-17566,-17566,-17566,-17046,-17046,-17046,-17714,-17714,-19272,-19272,-20786,-20786,-18410,-18410,-17910,-17910,-17910,-20606,-20606,-20606,-18103,-18103,-18103,-18103,-19998,-19998,-19998,-19998,-20660,-20660,-20145,-20145,-16957,-16957,-17070,-17070,-17774,-17774,-17774,-18903,-18903,-18903,-16937,-16937,-16937,-16668,-16668,-16668,-17539,-17539,-17539,-20070,-20070,-20070,-20070,-18213,-18213,-18213,-20273,-20273,-20273,-21365,-21365,-21365,-20883,-20883,-20076,-20076,-20636,-20636,-19347,-19347,-19347,-19274,-19274,-19274,-19274,-22383,-22383,-22383,-22383,-20146,-20146,-20146,-18716,-18716,-18716,-17388,-17388,-17388,-18663,-18663,-18663,-18663,-20510,-20510,-20510,-20427,-20427,-19620,-19620,-17964,-17964,-17653,-17653,-17653,-18601,-18601,-18601,-19494,-19494,-19494,-19494,-19704,-19704,-19704,-17920,-17920,-17920,-16471,-16471,-16471,-18607,-18607,-18607,-18607,-15837,-15837,-15837,-15837,-15124,-15124,-15124,-15124,-19565,-19565,-19565,-19565,-16654,-16654,-16654,-16654,-16788,-16788,-16788,-16640,-16640,-16640,-15704,-15704,-15704,-15548
30,1.492000000000000215,-15183,-8576,-7659,-10926,-10926,-14965,-14965,-15879,-15879,-14767,-14767,-18281,-18281,-18788,-17643,-16801,-16801,-13485,-13485,-15896,-15896,-13671,-13671,-13531,-13531,-13573,-13573,-11293,-11293,-11926,-11926,-13050,-13050,-13050,-10227,-10227,-10227,-13691,-13691,-13691,-5882,-5882,-5882,-4737,-4737,-4737,-5082,-5082,-5082,-4614,-4614,-2952,-2952,-5376,-5376,-8243,-8243,-8243,-8994,-8994,-8994,-6236,-6236,-6236,-3767,-3767,-1493,-1493,-633,-633,-2067,-2067,-2067,-5668,-5668,-5668,-5697,-5697,-3882,-1724,-4785,-4785,-4195,-4195,-4195,-2589,-2589,-2250,-2250,-4817,-4817,-3376,-3376,-5293,-5293,-5293,-15293,-15293,-15293,-17213,-17213,-15376,-15050,-15050,-16549,-16549,-17074,-17074,-17074,-13199,-13199,-10639,-10639,-5736,-5736,-4413,-4413,-3877,-3877,-2451,-1313,-1663,-3269,-4566,-4566,-5389,-5389,-4153,-4153,-5613,-5613,-5613,-1559,-1559,1319,1319,1373,1373,1601,1601,1601,-3545,-3545,-3545,-7011,-7011,-7667,-7667,-5540,-5540,-5367,-5367,-7661,-7661,-7661,-9973,-9973,-11498,-11498,-13500,-13500,-16051,-16051,-14397,-14397,-12279,-12279,-12279,-8627,-8627,-7109,-11225,-11225,-7662,-7662,-10089,-10089,-10089,-15086,-15086,-15086,-16475,-16475,-17052,-17052,-19673,-19673,-19844,-19844,-18335,-18335,-19669,-19669,-19995,-19995,-19359,-19359,-19552,-19552,-20151,-20151,-20015,-20015,-21165,-21165,-21165,-18623,-18623,-16387,-16387,-14831,-14831,-12900,-12900,-12933,-12933,-14676,-14676,-14203,-12224,-13936,-13936,-16065,-16065,-17265,-17265,-16847,-16847,-15116,-15116,-15116,-12038,-12038,-12038,-15981,-15981,-15981,-19453,-19453,-19453,-18566,-18566,-18566,-17455,-17455,-19192,-19192,-18337,-18337,-16016,-16016,-16308,-16308,-16308,-17384,-17384,-17384,-18156,-18156,-18156,-16859,-16859,-17420,-17420,-17420,-16995,-16995,-16995,-15129,-15129,-15129,-18773,-18773,-18773,-22574,-22574,-22574,-21476,-21476,-16809,-16809,-16991,-16991,-16991,-20064,-20064,-20064,-19986,-19986,-19986,-18295,-18295,-18961,-18961,-20252,-20252,-18025,-18025,-17337,-17337,-17337,-16799,-16799,-16799,-16799,-19868,-19868,-21996,-21996,-20622,-20622,-17905,-17905,-17905,-17398,-17398,-17398,-17398,-20073,-20073,-20073,-20435,-20435,-18647,-18647,-19676,-19676,-19676,-18635,-18635,-18635,-18635,-20525,-20525,-20525,-20525,-21528,-21528,-21528,-18956,-18956,-17669,-17669,-20899,-20899,-20899,-20899,-20346,-20346,-20346,-20883,-20883,-20883,-19670,-19670,-19670,-18598,-18598,-19633,-19633,-19633,-20651,-20651,-20651,-20651,-19964,-19964,-19964,-18708,-18708,-18708,-18505,-18505,-17109,-17109,-16098,-16098,-16098,-18074,-18074,-18074,-16622,-16622,-16622,-16572,-16572,-17268,-17268,-20013,-20013,-20013,-19130,-19130,-19130,-21212,-21212,-21212,-21212,-22134,-22134,-22134,-22134,-19496,-19496,-19496,-21115,-21115,-21115,-20486,-20486,-20486,-22474,-22474,-22474,-20344,-20344,-20344,-22851,-22851,-22851,-19620,-19620,-19620,-15006,-15006,-15006,-18984,-18984,-18984,-13345,-13345,-13345,-13345,-15942,-15942,-15942,-15942,-18839,-18839,-18839,-16093,-16093,-18414,-18414,-18414,-18442,-18442,-18442,-19586,-19586,-20266,-20266,-20495,-20495,-20429,-20429,-21074,-21074,-21074,-21614,-21614,-21614,-20053,-20053,-20053,-20053,-20239,-20239,-20239,-20239,-18762,-18762,-17872,-17872,-15192,-15192,-15743,-15743,-15103,-15103,-15103,-16290,-16290,-16290,-12779,-12779,-12779,-12773,-12773,-12773,-11728,-11728,-11728,-16551,-16551,-16551,-16551,-18086,-18086,-18086,-19684,-19684,-19684,-22474,-22474,-22474,-21771,-21771,-22347,-22347,-21142,-21142,-20147,-20147,-20147,-20080,-20080,-20080,-20080,-22913,-22913,-22913,-22913,-21182,-21182,-21182,-18034,-18034,-18034,-14427,-14427,-14427,-18825,-18825,-18825,-18825,-22150,-22150,-22150,-21904,-21904,-20234,-20234,-19380,-19380,-18562,-18562,-18562,-19359,-19359,-19359,-22724,-22724,-22724,-22724,-22182,-22182,-22182,-20534,-20534,-20534,-19023,-19023,-19023,-21025,-21025,-21025,-21025,-18539,-18539,-18539,-18539,-18293,-18293,-18293,-18293,-21830,-21830,-21830,-21830,-20029,-20029,-20029,-20029,-16930,-16930,-16930,-17423,-17423,-17423,-17464,-17464,-17464,-17183
31,1.692000000000000171,-11515,-2951,-695,-4314,-4314,-8653,-8653,-10627,-10627,-8394,-8394,-11515,-11515,-12577,-11174,-11228,-11228,-7647,-7647,-7907,-7907,-6211,-6211,-5513,-5513,-4778,-4778,-4650,-4650,-4982,-4982,-5882,-5882,-5882,-1451,-1451,-1451,-5794,-5794,-5794,398,398,398,1360,1360,1360,1656,1656,1656,106,106,3088,3088,1971,1971,116,116,116,-1307,-1307,-1307,1973,1973,1973,4437,4437,4670,4670,3232,3232,2743,2743,2743,199,199,199,567,567,2110,3569,1625,1625,1997,1997,1997,2306,2306,2443,2443,1791,1791,1283,1283,2569,2569,2569,-7511,-7511,-7511,-11035,-11035,-8139,-6679,-6679,-8394,-8394,-9545,-9545,-9545,-3390,-3390,146,146,1314,1314,2485,2485,3449,3449,4116,4228,4388,4987,4655,4655,3134,3134,3220,3220,964,964,964,1110,1110,4382,4382,4620,4620,4912,4912,4912,5167,5167,5167,2189,2189,1587,1587,3415,3415,2557,2557,434,434,434,-1918,-1918,-3015,-3015,-4131,-4131,-7261,-7261,-6410,-6410,-4696,-4696,-4696,-715,-715,-371,-4307,-4307,573,573,-2256,-2256,-2256,-6601,-6601,-6601,-8613,-8613,-9206,-9206,-13290,-13290,-15670,-15670,-16009,-16009,-18870,-18870,-19126,-19126,-19951,-19951,-21879,-21879,-22159,-22159,-19800,-19800,-21341,-21341,-21341,-19338,-19338,-14233,-14233,-9525,-9525,-7800,-7800,-7387,-7387,-8561,-8561,-8719,-8190,-7715,-7715,-9239,-9239,-12774,-12774,-11035,-11035,-10022,-10022,-10022,-6249,-6249,-6249,-10131,-10131,-10131,-13996,-13996,-13996,-14742,-14742,-14742,-12098,-12098,-14868,-14868,-15122,-15122,-12101,-12101,-13578,-13578,-13578,-17768,-17768,-17768,-20233,-20233,-20233,-20342,-20342,-20399,-20399,-20399,-17633,-17633,-17633,-14879,-14879,-14879,-17712,-17712,-17712,-21314,-21314,-21314,-20330,-20330,-15733,-15733,-13282,-13282,-13282,-17573,-17573,-17573,-19889,-19889,-19889,-19017,-19017,-19809,-19809,-20334,-20334,-15961,-15961,-13638,-13638,-13638,-11568,-11568,-11568,-11568,-16215,-16215,-18870,-18870,-16708,-16708,-13918,-13918,-13918,-11979,-11979,-11979,-11979,-17360,-17360,-17360,-19396,-19396,-15279,-15279,-15927,-15927,-15927,-18425,-18425,-18425,-18425,-17489,-17489,-17489,-17489,-21553,-21553,-21553,-18682,-18682,-15691,-15691,-18850,-18850,-18850,-18850,-15802,-15802,-15802,-18649,-18649,-18649,-15901,-15901,-15901,-13768,-13768,-18189,-18189,-18189,-18207,-18207,-18207,-18207,-16611,-16611,-16611,-13257,-13257,-13257,-12681,-12681,-10883,-10883,-7942,-7942,-7942,-11634,-11634,-11634,-11400,-11400,-11400,-10946,-10946,-10967,-10967,-15432,-15432,-15432,-15116,-15116,-15116,-16792,-16792,-16792,-16792,-14859,-14859,-14859,-14859,-13978,-13978,-13978,-15943,-15943,-15943,-14578,-14578,-14578,-19152,-19152,-19152,-22652,-22652,-22652,-24176,-24176,-24176,-22611,-22611,-22611,-18943,-18943,-18943,-22880,-22880,-22880,-19245,-19245,-19245,-19245,-20724,-20724,-20724,-20724,-21819,-21819,-21819,-17908,-17908,-15978,-15978,-15978,-16734,-16734,-16734,-17243,-17243,-16050,-16050,-14545,-14545,-18871,-18871,-20329,-20329,-20329,-16679,-16679,-16679,-17187,-17187,-17187,-17187,-14681,-14681,-14681,-14681,-10490,-10490,-9009,-9009,-9176,-9176,-9968,-9968,-8355,-8355,-8355,-8289,-8289,-8289,-6035,-6035,-6035,-5841,-5841,-5841,-3722,-3722,-3722,-8210,-8210,-8210,-8210,-13570,-13570,-13570,-13633,-13633,-13633,-17597,-17597,-17597,-17729,-17729,-19633,-19633,-15729,-15729,-15547,-15547,-15547,-16110,-16110,-16110,-16110,-18120,-18120,-18120,-18120,-17208,-17208,-17208,-12954,-12954,-12954,-8775,-8775,-8775,-15006,-15006,-15006,-15006,-19320,-19320,-19320,-19010,-19010,-16671,-16671,-17322,-17322,-15638,-15638,-15638,-15915,-15915,-15915,-21325,-21325,-21325,-21325,-19790,-19790,-19790,-19122,-19122,-19122,-18963,-18963,-18963,-20440,-20440,-20440,-20440,-18950,-18950,-18950,-18950,-18774,-18774,-18774,-18774,-20649,-20649,-20649,-20649,-20160,-20160,-20160,-20160,-13668,-13668,-13668,-15313,-15313,-15313,-16269,-16269,-16269,-15830
32,1.892000000000000348,-3860,2668,4273,2535,2535,766,766,-1174,-1174,1020,1020,1529,1529,481,695,-1501,-1501,174,174,2802,2802,2666,2666,3493,3493,4893,4893,1887,1887,2269,2269,2516,2516,2516,5817,5817,5817,3808,3808,3808,4137,4137,4137,4576,4576,4576,4884,4884,4884,3287,3287,5186,5186,6565,6565,6345,6345,6345,5238,5238,5238,6802,6802,6802,8101,8101,6835,6835,4275,4275,4216,4216,4216,3896,3896,3896,4537,4537,5416,5348,5127,5127,5158,5158,5158,3979,3979,4196,4196,5382,5382,3745,3745,6720,6720,6720,2415,2415,2415,204,204,1548,4357,4357,2818,2818,1576,1576,1576,6366,6366,8584,8584,6245,6245,6268,6268,7227,7227,7068,6313,6915,8996,9744,9744,9082,9082,8000,8000,5886,5886,5886,2473,2473,4312,4312,4833,4833,5169,5169,5169,8909,8909,8909,8805,8805,7416,7416,8682,8682,7680,7680,6388,6388,6388,5062,5062,5083,5083,5947,5947,4640,4640,3764,3764,3305,3305,3305,5802,5802,5635,2874,2874,6814,6814,5156,5156,5156,3436,3436,3436,1910,1910,1284,1284,-229,-229,-4902,-4902,-8602,-8602,-11391,-11391,-12265,-12265,-14928,-14928,-19701,-19701,-19230,-19230,-13367,-13367,-14862,-14862,-14862,-14700,-14700,-8157,-8157,-2824,-2824,-1230,-1230,-371,-371,-942,-942,-2264,-2483,-568,-568,-175,-175,-4523,-4523,-2370,-2370,-2164,-2164,-2164,857,857,857,-1039,-1039,-1039,-1696,-1696,-1696,-5560,-5560,-5560,-3374,-3374,-4732,-4732,-6934,-6934,-4890,-4890,-6978,-6978,-6978,-13742,-13742,-13742,-18870,-18870,-18870,-20635,-20635,-20333,-20333,-20333,-13352,-13352,-13352,-10310,-10310,-10310,-10483,-10483,-10483,-12503,-12503,-12503,-12608,-12608,-10443,-10443,-5013,-5013,-5013,-8466,-8466,-8466,-13916,-13916,-13916,-14267,-14267,-14954,-14954,-14307,-14307,-8047,-8047,-5266,-5266,-5266,-3362,-3362,-3362,-3362,-6387,-6387,-7656,-7656,-5319,-5319,-5545,-5545,-5545,-4077,-4077,-4077,-4077,-8866,-8866,-8866,-12318,-12318,-7313,-7313,-6266,-6266,-6266,-12598,-12598,-12598,-12598,-8449,-8449,-8449,-8449,-14719,-14719,-14719,-12985,-12985,-8170,-8170,-9749,-9749,-9749,-9749,-4719,-4719,-4719,-10331,-10331,-10331,-6625,-6625,-6625,-4375,-4375,-10996,-10996,-10996,-9939,-9939,-9939,-9939,-7396,-7396,-7396,-3567,-3567,-3567,-1736,-1736,-1076,-1076,2457,2457,2457,-1036,-1036,-1036,-2261,-2261,-2261,-1870,-1870,142,142,-4393,-4393,-4393,-5614,-5614,-5614,-6029,-6029,-6029,-6029,-961,-961,-961,-961,-2538,-2538,-2538,-4240,-4240,-4240,-3265,-3265,-3265,-8712,-8712,-8712,-20428,-20428,-20428,-19876,-19876,-19876,-21932,-21932,-21932,-20774,-20774,-20774,-24081,-24081,-24081,-22784,-22784,-22784,-22784,-23068,-23068,-23068,-23068,-21582,-21582,-21582,-15977,-15977,-8611,-8611,-8611,-10040,-10040,-10040,-8640,-8640,-5776,-5776,-1791,-1791,-11091,-11091,-13057,-13057,-13057,-4396,-4396,-4396,-8277,-8277,-8277,-8277,-2708,-2708,-2708,-2708,2023,2023,2405,2405,-1231,-1231,-1426,-1426,510,510,510,1677,1677,1677,1032,1032,1032,1513,1513,1513,3610,3610,3610,1924,1924,1924,1924,-4564,-4564,-4564,-1465,-1465,-1465,-5689,-5689,-5689,-5902,-5902,-8490,-8490,-3989,-3989,-5675,-5675,-5675,-6099,-6099,-6099,-6099,-4573,-4573,-4573,-4573,-6926,-6926,-6926,-3998,-3998,-3998,-1839,-1839,-1839,-6827,-6827,-6827,-6827,-9600,-9600,-9600,-9665,-9665,-7498,-7498,-9606,-9606,-7638,-7638,-7638,-6905,-6905,-6905,-13069,-13069,-13069,-13069,-9362,-9362,-9362,-10890,-10890,-10890,-13640,-13640,-13640,-13335,-13335,-13335,-13335,-14460,-14460,-14460,-14460,-13746,-13746,-13746,-13746,-13197,-13197,-13197,-13197,-15204,-15204,-15204,-15204,-7021,-7021,-7021,-8518,-8518,-8518,-10422,-10422,-10422,-9410
33,2.092000000000000082,2266,5853,6841,6928,6928,8074,8074,7704,7704,8011,8011,10966,10966,11859,10890,7726,7726,7207,7207,10058,10058,8862,8862,8714,8714,9500,9500,6018,6018,7198,7198,8356,8356,8356,8932,8932,8932,9298,9298,9298,5308,5308,5308,4908,4908,4908,5368,5368,5368,4525,4525,5099,5099,7374,7374,8287,8287,8287,8156,8156,8156,7569,7569,7569,7800,7800,5948,5948,3954,3954,3662,3662,3662,5606,5606,5606,5648,5648,5748,5152,6639,6639,5453,5453,5453,3910,3910,3978,3978,6490,6490,4824,4824,7582,7582,7582,9501,9501,9501,9253,9253,8719,10696,10696,10617,10617,10578,10578,10578,10589,10589,10733,10733,7435,7435,6853,6853,7453,7453,6536,5670,6604,8794,9686,9686,10124,10124,9389,9389,7615,7615,7615,2774,2774,2835,2835,3627,3627,3688,3688,3688,8523,8523,8523,10585,10585,9557,9557,9453,9453,8991,8991,8265,8265,8265,9040,9040,9431,9431,11268,11268,12049,12049,10241,10241,8380,8380,8380,8823,8823,8620,8322,8322,9371,9371,9236,9236,9236,9941,9941,9941,9756,9756,9221,9221,10446,10446,5690,5690,-32,-32,732,732,-178,-178,-3889,-3889,-8913,-8913,-8684,-8684,-1117,-1117,-1580,-1580,-1580,-5357,-5357,-43,-43,4571,4571,4133,4133,5441,5441,6536,6536,4984,3956,5781,5781,7262,7262,5064,5064,6708,6708,4449,4449,4449,6288,6288,6288,6261,6261,6261,8686,8686,8686,4153,4153,4153,4737,4737,5252,5252,2984,2984,2469,2469,1135,1135,1135,-5042,-5042,-5042,-10321,-10321,-10321,-14220,-14220,-13424,-13424,-13424,-4249,-4249,-4249,-2539,-2539,-2539,856,856,856,1966,1966,1966,1284,1284,-1678,-1678,3832,3832,3832,3552,3552,3552,-1974,-1974,-1974,-4078,-4078,-3600,-3600,-2549,-2549,1855,1855,3698,3698,3698,3645,3645,3645,3645,5478,5478,5556,5556,6300,6300,3901,3901,3901,2841,2841,2841,2841,1318,1318,1318,-492,-492,2716,2716,4089,4089,4089,-2537,-2537,-2537,-2537,2173,2173,2173,2173,-1379,-1379,-1379,-3490,-3490,1656,1656,2394,2394,2394,2394,6022,6022,6022,776,776,776,3234,3234,3234,3802,3802,-939,-939,-939,1130,1130,1130,1130,4260,4260,4260,5785,5785,5785,6825,6825,8183,8183,8734,8734,8734,7789,7789,7789,6178,6178,6178,6217,6217,8220,8220,7371,7371,7371,5492,5492,5492,6191,6191,6191,6191,11541,11541,11541,11541,5996,5996,5996,6728,6728,6728,7584,7584,7584,5561,5561,5561,-10851,-10851,-10851,-7175,-7175,-7175,-14758,-14758,-14758,-16788,-16788,-16788,-19217,-19217,-19217,-22515,-22515,-22515,-22515,-19495,-19495,-19495,-19495,-15245,-15245,-15245,-7713,-7713,46,46,46,-405,-405,-405,1869,1869,5525,5525,9346,9346,920,920,963,963,963,8870,8870,8870,4097,4097,4097,4097,7810,7810,7810,7810,10172,10172,9414,9414,5561,5561,6342,6342,7122,7122,7122,9505,9505,9505,6330,6330,6330,6972,6972,6972,8067,8067,8067,9652,9652,9652,9652,5036,5036,5036,8735,8735,8735,7590,7590,7590,6959,6959,6084,6084,7569,7569,5653,5653,5653,4563,4563,4563,4563,9286,9286,9286,9286,4782,4782,4782,3852,3852,3852,4197,4197,4197,2386,2386,2386,2386,4506,4506,4506,4006,4006,2915,2915,464,464,920,920,920,3074,3074,3074,1461,1461,1461,1461,3804,3804,3804,607,607,607,-2863,-2863,-2863,-226,-226,-226,-226,-4537,-4537,-4537,-4537,-4072,-4072,-4072,-4072,-1620,-1620,-1620,-1620,-3953,-3953,-3953,-3953,133,133,133,7,7,7,-2288,-2288,-2288,-1380
34,2.292000000000000259,6461,6398,6499,8012,8012,10951,10951,12273,12273,11528,11528,13715,13715,15140,14665,12512,12512,9929,9929,11673,11673,10626,10626,9923,9923,9185,9185,6888,6888,8659,8659,10174,10174,10174,8582,8582,8582,10764,10764,10764,5183,5183,5183,3897,3897,3897,4094,4094,4094,4328,4328,3510,3510,5301,5301,6851,6851,6851,7984,7984,7984,5781,5781,5781,4771,4771,3287,3287,2999,2999,2707,2707,2707,5239,5239,5239,4774,4774,4163,3807,6034,6034,4078,4078,4078,3222,3222,2976,2976,5451,5451,4617,4617,5883,5883,5883,11683,11683,11683,12994,12994,11934,11955,11955,13314,13314,13154,13154,13154,9681,9681,8460,8460,6399,6399,5491,5491,5194,5194,4112,3819,4671,5318,5751,5751,7651,7651,7480,7480,6589,6589,6589,2976,2976,1196,1196,2021,2021,1885,1885,1885,5449,5449,5449,8522,8522,8571,8571,6693,6693,6839,6839,6798,6798,6798,8898,8898,9569,9569,11386,11386,13909,13909,12438,12438,9697,9697,9697,7913,7913,7943,9887,9887,8090,8090,9350,9350,9350,11791,11791,11791,12618,12618,12136,12136,13928,13928,12257,12257,7949,7949,10179,10179,10143,10143,7082,7082,6485,6485,6636,6636,10329,10329,11436,11436,11436,6052,6052,7102,7102,9243,9243,7790,7790,8438,8438,9607,9607,9238,8428,9349,9349,10715,10715,10965,10965,10454,10454,8544,8544,8544,8363,8363,8363,10408,10408,10408,13090,13090,13090,10347,10347,10347,9054,9054,10760,10760,9466,9466,8003,8003,7278,7278,7278,5697,5697,5697,2676,2676,2676,-293,-293,476,476,476,4827,4827,4827,4727,4727,4727,9772,9772,9772,14225,14225,14225,12563,12563,6995,6995,9346,9346,9346,11963,11963,11963,9474,9474,9474,6885,6885,7941,7941,8180,8180,8124,8124,8746,8746,8746,7612,7612,7612,7612,12182,12182,13993,13993,12860,12860,10465,10465,10465,6899,6899,6899,6899,9577,9577,9577,10039,10039,8850,8850,9709,9709,9709,6527,6527,6527,6527,9200,9200,9200,9200,10666,10666,10666,5969,5969,8935,8935,11282,11282,11282,11282,10783,10783,10783,9144,9144,9144,8126,8126,8126,7980,7980,7954,7954,7954,8919,8919,8919,8919,11054,11054,11054,10000,10000,10000,10511,10511,11216,11216,10465,10465,10465,10779,10779,10779,9801,9801,9801,9860,9860,11527,11527,12500,12500,12500,10725,10725,10725,12397,12397,12397,12397,13930,13930,13930,13930,9996,9996,9996,10979,10979,10979,10893,10893,10893,12732,12732,12732,4395,4395,4395,8577,8577,8577,-667,-667,-667,-7043,-7043,-7043,-5583,-5583,-5583,-16250,-16250,-16250,-16250,-7801,-7801,-7801,-7801,-1076,-1076,-1076,2520,2520,6605,6605,6605,7560,7560,7560,9062,9062,11335,11335,12763,12763,10605,10605,12692,12692,12692,14250,14250,14250,11725,11725,11725,11725,12266,12266,12266,12266,11943,11943,10703,10703,9111,9111,9749,9749,10054,10054,10054,12095,12095,12095,8321,8321,8321,8938,8938,8938,8943,8943,8943,11659,11659,11659,11659,10670,10670,10670,12377,12377,12377,13870,13870,13870,13292,13292,14681,14681,12437,12437,11845,11845,11845,10836,10836,10836,10836,13883,13883,13883,13883,11614,11614,11614,8255,8255,8255,7585,7585,7585,8157,8157,8157,8157,12775,12775,12775,12408,12408,9712,9712,8577,8577,7254,7254,7254,9008,9008,9008,12626,12626,12626,12626,12295,12295,12295,9616,9616,9616,7465,7465,7465,10676,10676,10676,10676,4920,4920,4920,4920,5873,5873,5873,5873,7986,7986,7986,7986,6822,6822,6822,6822,5951,5951,5951,7213,7213,7213,4495,4495,4495,5319
35,2.492000000000000437,6973,4896,4300,6601,6601,9893,9893,11925,11925,10838,10838,10791,10791,11737,12221,12177,12177,9592,9592,8629,8629,8602,8602,7520,7520,5669,5669,5781,5781,7391,7391,8520,8520,8520,6118,6118,6118,8776,8776,8776,4743,4743,4743,3187,3187,3187,3024,3024,3024,3786,3786,2012,2012,2455,2455,4480,4480,4480,5870,5870,5870,3404,3404,3404,2036,2036,1817,1817,2444,2444,2297,2297,2297,3895,3895,3895,3382,3382,2272,2310,4045,4045,2914,2914,2914,3022,3022,2636,2636,3607,3607,3824,3824,3347,3347,3347,9758,9758,9758,11861,11861,10881,8980,8980,11210,11210,10528,10528,10528,6392,6392,4463,4463,4459,4459,3771,3771,2466,2466,2060,2473,2342,1130,1533,1533,3315,3315,4107,4107,4045,4045,4045,3429,3429,1038,1038,1131,1131,1491,1491,1491,2562,2562,2562,5100,5100,5708,5708,3312,3312,3711,3711,4053,4053,4053,5744,5744,6763,6763,7300,7300,10735,10735,10071,10071,7998,7998,7998,5229,5229,5301,8404,8404,5246,5246,7221,7221,7221,9613,9613,9613,10849,10849,11313,11313,12087,12087,13158,13158,11778,11778,14195,14195,14102,14102,13682,13682,15525,15525,15188,15188,14177,14177,15629,15629,15629,12816,12816,11350,11350,10985,10985,9499,9499,9643,9643,9738,9738,10500,10166,9610,9610,10264,10264,12852,12852,10942,10942,9843,9843,9843,7905,7905,7905,11254,11254,11254,13168,13168,13168,12617,12617,12617,10790,10790,12140,12140,12116,12116,10074,10074,10849,10849,10849,12431,12431,12431,13595,13595,13595,12910,12910,12792,12792,12792,10621,10621,10621,10290,10290,10290,13839,13839,13839,15895,15895,15895,15599,15599,11114,11114,10292,10292,10292,14626,14626,14626,14545,14545,14545,13296,13296,13723,13723,12592,12592,9889,9889,10845,10845,10845,9071,9071,9071,9071,13180,13180,14287,14287,13348,13348,11825,11825,11825,8488,8488,8488,8488,12104,12104,12104,13618,13618,11423,11423,11255,11255,11255,11383,11383,11383,11383,10855,10855,10855,10855,14326,14326,14326,10620,10620,11673,11673,13003,13003,13003,13003,10711,10711,10711,11711,11711,11711,9714,9714,9714,9192,9192,11992,11992,11992,12295,12295,12295,12295,12741,12741,12741,10969,10969,10969,10292,10292,10136,10136,9142,9142,9142,9711,9711,9711,10384,10384,10384,10453,10453,10448,10448,12365,12365,12365,11957,11957,11957,13486,13486,13486,13486,11308,11308,11308,11308,10054,10054,10054,10561,10561,10561,10127,10127,10127,13526,13526,13526,14382,14382,14382,15682,15682,15682,11918,11918,11918,6351,6351,6351,10715,10715,10715,-1593,-1593,-1593,-1593,8326,8326,8326,8326,12543,12543,12543,10561,10561,9956,9956,9956,11130,11130,11130,11255,11255,11937,11937,10925,10925,14552,14552,15216,15216,15216,12939,12939,12939,13662,13662,13662,13662,11942,11942,11942,11942,10009,10009,8877,8877,9844,9844,9769,9769,10199,10199,10199,10150,10150,10150,8195,8195,8195,8115,8115,8115,7874,7874,7874,10327,10327,10327,10327,12330,12330,12330,11338,11338,11338,13775,13775,13775,13917,13917,14686,14686,11952,11952,12530,12530,12530,12678,12678,12678,12678,13336,13336,13336,13336,13001,13001,13001,10094,10094,10094,9012,9012,9012,11165,11165,11165,11165,14867,14867,14867,15017,15017,12493,12493,12074,12074,10290,10290,10290,11342,11342,11342,14642,14642,14642,14642,13380,13380,13380,12349,12349,12349,12669,12669,12669,14976,14976,14976,14976,10946,10946,10946,10946,10891,10891,10891,10891,12150,12150,12150,12150,12428,12428,12428,12428,9268,9268,9268,11119,11119,11119,9000,9000,9000,8813
36,2.692000000000000171,5283,2811,2314,4223,4223,6051,6051,7601,7601,6705,6705,4939,4939,4660,5802,8027,8027,6511,6511,4165,4165,5017,5017,3973,3973,1812,1812,4159,4159,4884,4884,5480,5480,5480,3612,3612,3612,5332,5332,5332,4523,4523,4523,3427,3427,3427,3109,3109,3109,3369,3369,1792,1792,1052,1052,2735,2735,2735,3664,3664,3664,2139,2139,2139,845,845,1372,1372,2322,2322,2190,2190,2190,2872,2872,2872,2496,2496,1568,1453,2135,2135,2768,2768,2768,3375,3375,2789,2789,2087,2087,2876,2876,1537,1537,1537,5858,5858,5858,7080,7080,7416,4733,4733,6022,6022,5629,5629,5629,3227,3227,1477,1477,2635,2635,2677,2677,1036,1036,1241,1989,878,-1494,-1397,-1397,-675,-675,787,787,2072,2072,2072,3627,3627,2053,2053,1396,1396,1974,1974,1974,1418,1418,1418,2111,2111,2962,2962,1135,1135,1572,1572,2301,2301,2301,2721,2721,3657,3657,2675,2675,5032,5032,5403,5403,5124,5124,5124,2312,2312,2140,5114,5114,2143,2143,4503,4503,4503,5980,5980,5980,6473,6473,7988,7988,7794,7794,10491,10491,12093,12093,13192,13192,13296,13296,14403,14403,16134,16134,16129,16129,13289,13289,14408,14408,14408,14696,14696,11944,11944,9724,9724,8998,8998,8177,8177,7790,7790,8950,9086,7729,7729,7644,7644,10823,10823,8882,8882,9028,9028,9028,6273,6273,6273,9758,9758,9758,10290,10290,10290,11766,11766,11766,10234,10234,10756,10756,11520,11520,9722,9722,11026,11026,11026,14275,14275,14275,16267,16267,16267,16743,16743,16355,16355,16355,12197,12197,12197,12186,12186,12186,12836,12836,12836,13046,13046,13046,13312,13312,12191,12191,8683,8683,8683,12708,12708,12708,14805,14805,14805,14442,14442,14385,14385,13127,13127,8423,8423,10140,10140,10140,8942,8942,8942,8942,10183,10183,10789,10789,10133,10133,10134,10134,10134,8697,8697,8697,8697,11732,11732,11732,12986,12986,10724,10724,10265,10265,10265,12311,12311,12311,12311,9337,9337,9337,9337,13136,13136,13136,11989,11989,10421,10421,11073,11073,11073,11073,8216,8216,8216,11510,11510,11510,9102,9102,9102,8873,8873,12381,12381,12381,12179,12179,12179,12179,11068,11068,11068,9716,9716,9716,8318,8318,6856,6856,6531,6531,6531,7178,7178,7178,8650,8650,8650,8760,8760,7405,7405,9061,9061,9061,10314,10314,10314,11022,11022,11022,11022,7368,7368,7368,7368,8777,8777,8777,8588,8588,8588,7823,7823,7823,10678,10678,10678,16274,16274,16274,14117,14117,14117,15572,15572,15572,13377,13377,13377,16991,16991,16991,12071,12071,12071,12071,15930,15930,15930,15930,16535,16535,16535,13639,13639,10637,10637,10637,11593,11593,11593,10686,10686,9387,9387,7200,7200,13817,13817,12421,12421,12421,8578,8578,8578,11248,11248,11248,11248,8931,8931,8931,8931,7163,7163,6881,6881,8266,8266,7521,7521,7961,7961,7961,6003,6003,6003,6808,6808,6808,6137,6137,6137,6170,6170,6170,7561,7561,7561,7561,10512,10512,10512,7962,7962,7962,10727,10727,10727,10945,10945,10270,10270,9234,9234,10158,10158,10158,11529,11529,11529,11529,10257,10257,10257,10257,11515,11515,11515,10335,10335,10335,8997,8997,8997,11599,11599,11599,11599,13371,13371,13371,13607,13607,12767,12767,12533,12533,11020,11020,11020,11189,11189,11189,13153,13153,13153,13153,11192,11192,11192,11578,11578,11578,13281,13281,13281,14259,14259,14259,14259,12875,12875,12875,12875,12024,12024,12024,12024,12989,12989,12989,12989,13353,13353,13353,13353,10635,10635,10635,11887,11887,11887,10500,10500,10500,9861
37,2.892000000000000348,3287,1530,1243,2397,2397,2080,2080,2009,2009,2105,2105,-765,-765,-2561,-1410,3110,3110,3447,3447,1180,1180,1983,1983,1978,1978,931,931,3506,3506,3160,3160,2620,2620,2620,2148,2148,2148,2296,2296,2296,4316,4316,4316,3959,3959,3959,3822,3822,3822,3266,3266,2506,2506,1670,1670,2516,2516,2516,2384,2384,2384,2055,2055,2055,1266,1266,1779,1779,2318,2318,2236,2236,2236,2585,2585,2585,2528,2528,2021,1345,1196,1196,3433,3433,3433,3812,3812,3063,3063,1430,1430,2086,2086,996,996,996,1914,1914,1914,2658,2658,3167,1224,1224,974,974,879,879,879,2184,2184,1171,1171,1963,1963,2378,2378,1376,1376,1693,1883,456,-1252,-1540,-1540,-2242,-2242,-1163,-1163,1372,1372,1372,3586,3586,2938,2938,2049,2049,2578,2578,2578,1798,1798,1798,1211,1211,1398,1398,640,640,1141,1141,1977,1977,1977,1225,1225,1676,1676,-54,-54,-506,-506,1466,1466,2591,2591,2591,988,988,371,2047,2047,896,896,2561,2561,2561,3059,3059,3059,2893,2893,4628,4628,3609,3609,6868,6868,10187,10187,9864,9864,9716,9716,12061,12061,12998,12998,13216,13216,9513,9513,10252,10252,10252,12918,12918,9884,9884,6766,6766,7230,7230,6039,6039,5466,5466,6323,6438,4941,4941,4889,4889,6868,6868,6153,6153,7306,7306,7306,4579,4579,4579,6866,6866,6866,6470,6470,6470,9111,9111,9111,8337,8337,8291,8291,9084,9084,8076,8076,9139,9139,9139,12754,12754,12754,15051,15051,15051,15647,15647,15071,15071,15071,10778,10778,10778,10966,10966,10966,9465,9465,9465,7908,7908,7908,8170,8170,10688,10688,6366,6366,6366,8872,8872,8872,11733,11733,11733,12193,12193,11658,11658,11212,11212,6332,6332,8293,8293,8293,8052,8052,8052,8052,6109,6109,5733,5733,6143,6143,7093,7093,7093,8439,8439,8439,8439,9741,9741,9741,10279,10279,8674,8674,8126,8126,8126,10756,10756,10756,10756,7425,7425,7425,7425,9683,9683,9683,11008,11008,7635,7635,7504,7504,7504,7504,6150,6150,6150,10102,10102,10102,8358,8358,8358,8302,8302,10749,10749,10749,10265,10265,10265,10265,7996,7996,7996,7684,7684,7684,6395,6395,4150,4150,5046,5046,5046,5381,5381,5381,6427,6427,6427,6710,6710,4715,4715,5620,5620,5620,7891,7891,7891,7754,7754,7754,7754,4600,4600,4600,4600,7499,7499,7499,6997,6997,6997,6434,6434,6434,7419,7419,7419,14716,14716,14716,10030,10030,10030,14821,14821,14821,15337,15337,15337,15766,15766,15766,16698,16698,16698,16698,16241,16241,16241,16241,15417,15417,15417,13110,13110,9794,9794,9794,10381,10381,10381,9098,9098,6332,6332,4499,4499,10798,10798,7625,7625,7625,4078,4078,4078,7546,7546,7546,7546,6064,6064,6064,6064,5186,5186,5492,5492,5996,5996,5078,5078,4852,4852,4852,2441,2441,2441,5205,5205,5205,4329,4329,4329,4932,4932,4932,5262,5262,5262,5262,7736,7736,7736,5632,5632,5632,7081,7081,7081,7400,7400,5227,5227,6661,6661,7246,7246,7246,9446,9446,9446,9446,7556,7556,7556,7556,9417,9417,9417,9570,9570,9570,8108,8108,8108,10629,10629,10629,10629,10362,10362,10362,10595,10595,11506,11506,11366,11366,10343,10343,10343,9960,9960,9960,10375,10375,10375,10375,8462,8462,8462,9452,9452,9452,11486,11486,11486,10675,10675,10675,10675,12227,12227,12227,12227,11031,11031,11031,11031,11984,11984,11984,11984,11903,11903,11903,11903,10502,10502,10502,10541,10541,10541,10500,10500,10500,9362
38,3.092000000000000526,2459,1441,1571,2043,2043,660,660,-1463,-1463,-713,-713,-2207,-2207,-5018,-4083,331,331,1940,1940,1611,1611,1640,1640,2521,2521,3047,3047,4160,4160,3456,3456,1677,1677,1677,2220,2220,2220,1043,1043,1043,3842,3842,3842,4355,4355,4355,4354,4354,4354,3441,3441,3406,3406,3249,3249,3491,3491,3491,2301,2301,2301,2718,2718,2718,2681,2681,2738,2738,2687,2687,2554,2554,2554,2983,2983,2983,3158,3158,3144,1968,1522,1522,4033,4033,4033,3975,3975,3269,3269,1708,1708,2162,2162,1943,1943,1943,518,518,518,321,321,753,365,365,-859,-859,-353,-353,-353,2684,2684,2583,2583,2319,2319,2790,2790,2620,2620,2766,2099,1133,874,461,461,-887,-887,-703,-703,1836,1836,1836,3539,3539,3391,3391,2739,2739,2876,2876,2876,2512,2512,2512,1661,1661,1247,1247,1527,1527,2096,2096,2703,2703,2703,1749,1749,1707,1707,198,198,-2436,-2436,186,186,1948,1948,1948,1592,1592,987,752,752,1511,1511,2371,2371,2371,2083,2083,2083,1676,1676,2707,2707,2223,2223,4195,4195,7850,7850,6031,6031,5982,5982,8621,8621,6860,6860,8309,8309,5736,5736,5549,5549,5549,9662,9662,6819,6819,4397,4397,5651,5651,4746,4746,4281,4281,4213,4208,3110,3110,3294,3294,3521,3521,4702,4702,5681,5681,5681,3761,3761,3761,4279,4279,4279,3699,3699,3699,6641,6641,6641,6815,6815,6579,6579,6645,6645,6822,6822,6849,6849,6849,9539,9539,9539,11320,11320,11320,11647,11647,11208,11208,11208,8525,8525,8525,8863,8863,8863,5844,5844,5844,2684,2684,2684,3387,3387,8466,8466,5108,5108,5108,4060,4060,4060,7356,7356,7356,8475,8475,8074,8074,8948,8948,5381,5381,6458,6458,6458,7390,7390,7390,7390,3821,3821,3101,3101,4059,4059,4946,4946,4946,8331,8331,8331,8331,7925,7925,7925,7860,7860,7103,7103,6933,6933,6933,8587,8587,8587,8587,7007,7007,7007,7007,7028,7028,7028,9655,9655,5620,5620,5544,5544,5544,5544,5906,5906,5906,9062,9062,9062,8633,8633,8633,8361,8361,8831,8831,8831,8437,8437,8437,8437,6137,6137,6137,6470,6470,6470,5633,5633,3819,3819,5113,5113,5113,5355,5355,5355,5249,5249,5249,5724,5724,4041,4041,3921,3921,3921,6275,6275,6275,5461,5461,5461,5461,5117,5117,5117,5117,7263,7263,7263,7025,7025,7025,6939,6939,6939,5873,5873,5873,10881,10881,10881,6553,6553,6553,12147,12147,12147,14450,14450,14450,12506,12506,12506,16654,16654,16654,16654,14153,14153,14153,14153,11795,11795,11795,11132,11132,8808,8808,8808,9102,9102,9102,8124,8124,5096,5096,4712,4712,6714,6714,4217,4217,4217,2596,2596,2596,4641,4641,4641,4641,4595,4595,4595,4595,4596,4596,5380,5380,4556,4556,4100,4100,3134,3134,3134,1719,1719,1719,4621,4621,4621,3785,3785,3785,4669,4669,4669,4693,4693,4693,4693,5851,5851,5851,5705,5705,5705,5436,5436,5436,5301,5301,2703,2703,5973,5973,5936,5936,5936,7723,7723,7723,7723,6510,6510,6510,6510,7771,7771,7771,8633,8633,8633,7213,7213,7213,9258,9258,9258,9258,7458,7458,7458,7440,7440,9601,9601,9881,9881,9177,9177,9177,8769,8769,8769,7991,7991,7991,7991,7099,7099,7099,8057,8057,8057,9136,9136,9136,6849,6849,6849,6849,10774,10774,10774,10774,9712,9712,9712,9712,11008,11008,11008,11008,10016,10016,10016,10016,9745,9745,9745,8716,8716,8716,9810,9810,9810,8884
39,3.292000000000000259,2852,2049,2621,2763,2763,1638,1638,-1416,-1416,-863,-863,-103,-103,-2231,-2130,534,534,2147,2147,3367,3367,2758,2758,4246,4246,5380,5380,5091,5091,4254,4254,2152,2152,2152,2540,2540,2540,1127,1127,1127,2967,2967,2967,3796,3796,3796,3962,3962,3962,3384,3384,3737,3737,4352,4352,3897,3897,3897,2557,2557,2557,3192,3192,3192,3603,3603,3276,3276,2964,2964,2926,2926,2926,3396,3396,3396,3652,3652,3769,2754,2327,2327,3834,3834,3834,3527,3527,3022,3022,2177,2177,2377,2377,3158,3158,3158,903,903,903,428,428,388,1380,1380,-34,-34,1134,1134,1134,3160,3160,3698,3698,2618,2618,2991,2991,3428,3428,3138,2162,2066,3177,2611,2611,1208,1208,642,642,2296,2296,2296,2997,2997,3285,3285,2938,2938,2565,2565,2565,2718,2718,2718,2304,2304,1703,1703,2589,2589,2990,2990,3398,3398,3398,2830,2830,2465,2465,1825,1825,-904,-904,619,619,2153,2153,2153,2772,2772,2486,1282,1282,2527,2527,3008,3008,3008,2499,2499,2499,2277,2277,2498,2498,2895,2895,3267,3267,5879,5879,4050,4050,4025,4025,5837,5837,2070,2070,3283,3283,3942,3942,2401,2401,2401,5364,5364,4121,4121,2970,2970,4246,4246,3613,3613,3668,3668,2949,2730,2553,2553,2649,2649,1831,1831,3933,3933,4306,4306,4306,3500,3500,3500,2605,2605,2605,2423,2423,2423,4373,4373,4373,5441,5441,5261,5261,4990,4990,5609,5609,5055,5055,5055,5784,5784,5784,5295,5295,5295,4444,4444,5131,5131,5131,6344,6344,6344,5944,5944,5944,3149,3149,3149,1098,1098,1098,1728,1728,6122,6122,4926,4926,4926,1324,1324,1324,3278,3278,3278,4366,4366,4704,4704,7035,7035,5769,5769,4826,4826,4826,6397,6397,6397,6397,3544,3544,3029,3029,3907,3907,4341,4341,4341,8174,8174,8174,8174,7047,7047,7047,6331,6331,6186,6186,6539,6539,6539,6723,6723,6723,6723,7835,7835,7835,7835,6366,6366,6366,8485,8485,5569,5569,5218,5218,5218,5218,6652,6652,6652,8282,8282,8282,9122,9122,9122,8257,8257,7316,7316,7316,7253,7253,7253,7253,5464,5464,5464,5677,5677,5677,5422,5422,4777,4777,5347,5347,5347,5709,5709,5709,4415,4415,4415,5041,5041,4371,4371,3958,3958,3958,5367,5367,5367,4549,4549,4549,4549,6759,6759,6759,6759,7486,7486,7486,7511,7511,7511,7948,7948,7948,6269,6269,6269,6639,6639,6639,6260,6260,6260,9142,9142,9142,11654,11654,11654,8025,8025,8025,15174,15174,15174,15174,9688,9688,9688,9688,6875,6875,6875,8189,8189,8036,8036,8036,7791,7791,7791,7190,7190,5358,5358,6125,6125,3857,3857,3954,3954,3954,3509,3509,3509,3636,3636,3636,3636,4472,4472,4472,4472,4193,4193,4903,4903,3681,3681,4013,4013,2344,2344,2344,2503,2503,2503,4018,4018,4018,3841,3841,3841,4272,4272,4272,4610,4610,4610,4610,4840,4840,4840,6808,6808,6808,5570,5570,5570,5021,5021,3620,3620,6108,6108,6025,6025,6025,6415,6415,6415,6415,6447,6447,6447,6447,6463,6463,6463,7054,7054,7054,6022,6022,6022,7347,7347,7347,7347,5333,5333,5333,5290,5290,7305,7305,8019,8019,7617,7617,7617,7257,7257,7257,6707,6707,6707,6707,6926,6926,6926,7461,7461,7461,7197,7197,7197,4334,4334,4334,4334,8986,8986,8986,8986,8626,8626,8626,8626,9718,9718,9718,9718,8706,8706,8706,8706,8419,8419,8419,7200,7200,7200,8610,8610,8610,8299
40,3.492000000000000437,3613,2382,3074,3277,3277,2827,2827,365,365,489,489,2348,2348,1922,1231,1679,1679,2526,2526,3990,3990,3148,3148,4688,4688,5724,5724,4813,4813,4050,4050,2262,2262,2262,2103,2103,2103,1236,1236,1236,1369,1369,1369,2218,2218,2218,2334,2334,2334,2526,2526,3059,3059,3897,3897,2962,2962,2962,2228,2228,2228,2827,2827,2827,3344,3344,2832,2832,2393,2393,2695,2695,2695,3018,3018,3018,3323,3323,3343,2586,2525,2525,2377,2377,2377,2336,2336,2147,2147,1948,1948,1827,1827,3053,3053,3053,1381,1381,1381,977,977,683,2226,2226,1250,1250,2240,2240,2240,2440,2440,3240,3240,2064,2064,2224,2224,2872,2872,2202,1596,2174,3527,3103,3103,2644,2644,1426,1426,1794,1794,1794,1737,1737,2352,2352,2187,2187,1641,1641,1641,1983,1983,1983,2148,2148,1950,1950,2782,2782,2852,2852,3053,3053,3053,2954,2954,2613,2613,2493,2493,1129,1129,924,924,1994,1994,1994,3095,3095,3032,1887,1887,2775,2775,3089,3089,3089,2632,2632,2632,2344,2344,2285,2285,3413,3413,2964,2964,4003,4003,2944,2944,3352,3352,3733,3733,154,154,1075,1075,3396,3396,1461,1461,1461,2217,2217,2146,2146,1913,1913,2687,2687,2300,2300,2441,2441,1858,1432,2165,2165,1823,1823,1031,1031,2751,2751,2489,2489,2489,2788,2788,2788,1544,1544,1544,1753,1753,1753,2392,2392,2392,3902,3902,3768,3768,3394,3394,4153,4153,3546,3546,3546,2480,2480,2480,475,475,475,-2153,-2153,1083,1083,1083,4344,4344,4344,3649,3649,3649,1746,1746,1746,1521,1521,1521,2158,2158,3461,3461,4233,4233,4233,448,448,448,728,728,728,1206,1206,2712,2712,5195,5195,5548,5548,2529,2529,2529,4440,4440,4440,4440,3744,3744,3706,3706,3953,3953,3480,3480,3480,6735,6735,6735,6735,5872,5872,5872,4994,4994,4838,4838,5643,5643,5643,5196,5196,5196,5196,7943,7943,7943,7943,6473,6473,6473,6995,6995,5664,5664,5096,5096,5096,5096,6372,6372,6372,6848,6848,6848,8336,8336,8336,6993,6993,5401,5401,5401,5956,5956,5956,5956,4731,4731,4731,4168,4168,4168,4416,4416,4578,4578,4198,4198,4198,4763,4763,4763,3020,3020,3020,3366,3366,3788,3788,3980,3980,3980,3778,3778,3778,4106,4106,4106,4106,7057,7057,7057,7057,6890,6890,6890,6725,6725,6725,7459,7459,7459,6753,6753,6753,3783,3783,3783,7868,7868,7868,7027,7027,7027,7938,7938,7938,4322,4322,4322,11704,11704,11704,11704,5180,5180,5180,5180,2276,2276,2276,5209,5209,6748,6748,6748,6071,6071,6071,5606,5606,5485,5485,6232,6232,2011,2011,4690,4690,4690,4630,4630,4630,3168,3168,3168,3168,4220,4220,4220,4220,3001,3001,3033,3033,2575,2575,3349,3349,1902,1902,1902,2678,2678,2678,2845,2845,2845,3265,3265,3265,2855,2855,2855,3529,3529,3529,3529,3574,3574,3574,6284,6284,6284,5515,5515,5515,4731,4731,4960,4960,5340,5340,5330,5330,5330,4380,4380,4380,4380,5535,5535,5535,5535,4236,4236,4236,4768,4768,4768,4000,4000,4000,4787,4787,4787,4787,3058,3058,3058,3125,3125,3873,3873,5057,5057,5221,5221,5221,4935,4935,4935,5067,5067,5067,5067,5941,5941,5941,6296,6296,6296,5399,5399,5399,3166,3166,3166,3166,6524,6524,6524,6524,7180,7180,7180,7180,7337,7337,7337,7337,7026,7026,7026,7026,5698,5698,5698,5229,5229,5229,6663,6663,6663,6920
41,3.692000000000000171,3766,2096,2403,2833,2833,2750,2750,1634,1634,1698,1698,3307,3307,4534,3106,1893,1893,1811,1811,2496,2496,1864,1864,2960,2960,3621,3621,3106,3106,2066,2066,1176,1176,1176,803,803,803,724,724,724,-481,-481,-481,121,121,121,313,313,313,1261,1261,1510,1510,2257,2257,1024,1024,1024,1104,1104,1104,1502,1502,1502,1788,1788,1295,1295,1046,1046,1612,1612,1612,1853,1853,1853,2002,2002,1827,1396,1531,1531,738,738,738,577,577,677,677,899,899,386,386,1559,1559,1559,1106,1106,1106,908,908,501,1786,1786,1694,1694,2119,2119,2119,908,908,1351,1351,521,521,582,582,1011,1011,507,362,1160,1807,1775,1775,2218,2218,1155,1155,455,455,455,44,44,599,599,821,821,300,300,300,701,701,701,1241,1241,1423,1423,1949,1949,1768,1768,1722,1722,1722,1625,1625,1432,1432,1505,1505,1767,1767,399,399,897,897,897,2063,2063,2241,1867,1867,1993,1993,2120,2120,2120,1844,1844,1844,1405,1405,1202,1202,2462,2462,2156,2156,1534,1534,1696,1696,2603,2603,1956,1956,114,114,483,483,2583,2583,1026,1026,1026,-286,-286,497,497,652,652,432,432,543,543,620,620,386,-57,978,978,359,359,136,136,860,860,422,422,422,1378,1378,1378,418,418,418,886,886,886,581,581,581,1514,1514,1257,1257,1642,1642,1614,1614,1912,1912,1912,-12,-12,-12,-2990,-2990,-2990,-5538,-5538,-1155,-1155,-1155,2251,2251,2251,924,924,924,537,537,537,1874,1874,1874,2398,2398,378,378,2416,2416,2416,301,301,301,-915,-915,-915,-668,-668,852,852,2677,2677,3993,3993,-67,-67,-67,1744,1744,1744,1744,2784,2784,3152,3152,2672,2672,1662,1662,1662,4005,4005,4005,4005,3839,3839,3839,2921,2921,2569,2569,3406,3406,3406,3193,3193,3193,3193,6104,6104,6104,6104,5305,5305,5305,4471,4471,4492,4492,3741,3741,3741,3741,4384,4384,4384,4200,4200,4200,5671,5671,5671,4114,4114,3027,3027,3027,3600,3600,3600,3600,2847,2847,2847,2020,2020,2020,2457,2457,2662,2662,1912,1912,1912,2199,2199,2199,737,737,737,726,726,1746,1746,2584,2584,2584,1554,1554,1554,3068,3068,3068,3068,4881,4881,4881,4881,4673,4673,4673,3910,3910,3910,4811,4811,4811,5765,5765,5765,2142,2142,2142,8335,8335,8335,5544,5544,5544,4154,4154,4154,3205,3205,3205,6436,6436,6436,6436,1943,1943,1943,1943,62,62,62,1450,1450,4362,4362,4362,3115,3115,3115,2675,2675,3987,3987,4232,4232,762,762,4149,4149,4149,4120,4120,4120,2114,2114,2114,2114,2964,2964,2964,2964,1071,1071,360,360,935,935,1477,1477,1221,1221,1221,1559,1559,1559,1193,1193,1193,1807,1807,1807,824,824,824,1386,1386,1386,1386,1528,1528,1528,3689,3689,3689,3988,3988,3988,3280,3280,4884,4884,3136,3136,3049,3049,3049,1609,1609,1609,1609,3326,3326,3326,3326,1404,1404,1404,1732,1732,1732,1587,1587,1587,1701,1701,1701,1701,327,327,327,719,719,208,208,1296,1296,2324,2324,2324,1862,1862,1862,2640,2640,2640,2640,3343,3343,3343,3876,3876,3876,3020,3020,3020,1812,1812,1812,1812,3044,3044,3044,3044,4679,4679,4679,4679,3826,3826,3826,3826,4301,4301,4301,4301,2424,2424,2424,2677,2677,2677,3911,3911,3911,4526
42,3.892000000000000348,3005,1268,1236,1413,1413,1219,1219,1698,1698,1668,1668,2396,2396,4071,2873,683,683,21,21,-291,-291,-216,-216,17,17,553,553,274,274,-464,-464,-719,-719,-719,-793,-793,-793,-291,-291,-291,-1897,-1897,-1897,-1565,-1565,-1565,-1404,-1404,-1404,-479,-479,-137,-137,98,98,-755,-755,-755,-301,-301,-301,-158,-158,-158,-252,-252,-455,-455,-489,-489,201,201,201,459,459,459,430,430,37,-189,-50,-50,-886,-886,-886,-1005,-1005,-765,-765,-519,-519,-952,-952,-408,-408,-408,126,126,126,-77,-77,-360,368,368,1051,1051,830,830,830,-802,-802,-818,-818,-1228,-1228,-1118,-1118,-889,-889,-1235,-853,-544,-209,15,15,509,509,291,291,-1042,-1042,-1042,-1441,-1441,-947,-947,-528,-528,-689,-689,-689,-462,-462,-462,32,32,315,315,595,595,288,288,-415,-415,-415,-494,-494,-335,-335,-187,-187,879,879,-984,-984,-742,-742,-742,385,385,639,1108,1108,399,399,364,364,364,565,565,565,58,58,-450,-450,442,442,586,586,-1153,-1153,-413,-413,930,930,-113,-113,359,359,97,97,860,860,61,61,61,-2136,-2136,-996,-996,-710,-710,-1701,-1701,-1437,-1437,-1109,-1109,-1118,-1406,-346,-346,-1093,-1093,-828,-828,-1122,-1122,-1694,-1694,-1694,-292,-292,-292,-660,-660,-660,-200,-200,-200,-1313,-1313,-1313,-928,-928,-824,-824,-502,-502,-752,-752,-89,-89,-89,-2068,-2068,-2068,-4246,-4246,-4246,-5696,-5696,-1866,-1866,-1866,-162,-162,-162,-1462,-1462,-1462,-687,-687,-687,1256,1256,1256,1438,1438,-2382,-2382,-67,-67,-67,9,9,9,-1876,-1876,-1876,-2097,-2097,-799,-799,-42,-42,1138,1138,-2608,-2608,-2608,-1256,-1256,-1256,-1256,703,703,1398,1398,544,544,-783,-783,-783,654,654,654,654,1118,1118,1118,183,183,-198,-198,614,614,614,700,700,700,700,2378,2378,2378,2378,2423,2423,2423,1034,1034,1954,1954,1443,1443,1443,1443,1414,1414,1414,1028,1028,1028,1387,1387,1387,671,671,-135,-135,-135,689,689,689,689,352,352,352,-244,-244,-244,504,504,531,531,-756,-756,-756,-344,-344,-344,-1471,-1471,-1471,-2256,-2256,-736,-736,368,368,368,-856,-856,-856,1082,1082,1082,1082,1170,1170,1170,1170,1871,1871,1871,1207,1207,1207,1133,1133,1133,3287,3287,3287,862,862,862,6441,6441,6441,3666,3666,3666,1203,1203,1203,2720,2720,2720,1290,1290,1290,1290,426,426,426,426,-943,-943,-943,-1568,-1568,1129,1129,1129,147,147,147,-52,-52,1498,1498,973,973,-556,-556,1652,1652,1652,2299,2299,2299,218,218,218,218,807,807,807,807,-679,-679,-1476,-1476,-765,-765,-289,-289,122,122,122,-124,-124,-124,-670,-670,-670,349,349,349,-1137,-1137,-1137,-1076,-1076,-1076,-1076,-1102,-1102,-1102,53,53,53,1656,1656,1656,939,939,2773,2773,460,460,196,196,196,-1416,-1416,-1416,-1416,583,583,583,583,-1074,-1074,-1074,-903,-903,-903,-850,-850,-850,-1140,-1140,-1140,-1140,-1692,-1692,-1692,-1457,-1457,-2785,-2785,-2305,-2305,-600,-600,-600,-1092,-1092,-1092,-187,-187,-187,-187,142,142,142,595,595,595,95,95,95,61,61,61,61,-450,-450,-450,-450,1368,1368,1368,1368,241,241,241,241,408,408,408,408,-1188,-1188,-1188,-327,-327,-327,527,527,527,1036
43,4.092000000000000526,1436,363,-213,-288,-288,-643,-643,834,834,575,575,207,207,1852,1345,-1029,-1029,-2015,-2015,-2618,-2618,-2382,-2382,-2711,-2711,-2161,-2161,-2075,-2075,-2671,-2671,-2288,-2288,-2288,-1805,-1805,-1805,-1083,-1083,-1083,-2207,-2207,-2207,-2131,-2131,-2131,-2101,-2101,-2101,-1524,-1524,-1365,-1365,-1440,-1440,-1707,-1707,-1707,-1273,-1273,-1273,-1404,-1404,-1404,-1636,-1636,-1695,-1695,-1611,-1611,-1093,-1093,-1093,-1028,-1028,-1028,-863,-863,-943,-1009,-1152,-1152,-1623,-1623,-1623,-1765,-1765,-1513,-1513,-1418,-1418,-1696,-1696,-1848,-1848,-1848,-881,-881,-881,-1132,-1132,-1403,-1111,-1111,-119,-119,-936,-936,-936,-1793,-1793,-2263,-2263,-2255,-2255,-2146,-2146,-2195,-2195,-2061,-1748,-1759,-1794,-1465,-1465,-877,-877,-557,-557,-1885,-1885,-1885,-2325,-2325,-1969,-1969,-1399,-1399,-1192,-1192,-1192,-1172,-1172,-1172,-794,-794,-606,-606,-555,-555,-1019,-1019,-1955,-1955,-1955,-1865,-1865,-1856,-1856,-1662,-1662,-556,-556,-2009,-2009,-1813,-1813,-1813,-1035,-1035,-804,99,99,-747,-747,-1433,-1433,-1433,-974,-974,-974,-1233,-1233,-1952,-1952,-1434,-1434,-1272,-1272,-3390,-3390,-2381,-2381,-1336,-1336,-2012,-2012,49,49,-609,-609,-1140,-1140,-1228,-1228,-1228,-3392,-3392,-2222,-2222,-1941,-1941,-3176,-3176,-2723,-2723,-2425,-2425,-2282,-2264,-1734,-1734,-1832,-1832,-1558,-1558,-2515,-2515,-2835,-2835,-2835,-1648,-1648,-1648,-1672,-1672,-1672,-1276,-1276,-1276,-2527,-2527,-2527,-2827,-2827,-2880,-2880,-2157,-2157,-2865,-2865,-1976,-1976,-1976,-3384,-3384,-3384,-4083,-4083,-4083,-3657,-3657,-2115,-2115,-2115,-2333,-2333,-2333,-3320,-3320,-3320,-1651,-1651,-1651,262,262,262,-131,-131,-4196,-4196,-2345,-2345,-2345,-529,-529,-529,-2180,-2180,-2180,-2879,-2879,-2429,-2429,-2686,-2686,-1450,-1450,-4254,-4254,-4254,-3237,-3237,-3237,-3237,-1589,-1589,-962,-962,-1644,-1644,-2769,-2769,-2769,-2501,-2501,-2501,-2501,-1559,-1559,-1559,-2123,-2123,-2503,-2503,-2145,-2145,-2145,-1708,-1708,-1708,-1708,-1698,-1698,-1698,-1698,-1370,-1370,-1370,-2211,-2211,-911,-911,-1130,-1130,-1130,-1130,-1478,-1478,-1478,-1928,-1928,-1928,-2556,-2556,-2556,-2389,-2389,-2526,-2526,-2526,-2055,-2055,-2055,-2055,-2343,-2343,-2343,-2056,-2056,-2056,-1049,-1049,-1345,-1345,-2476,-2476,-2476,-2410,-2410,-2410,-2644,-2644,-2644,-3901,-3901,-2789,-2789,-1987,-1987,-1987,-2350,-2350,-2350,-1091,-1091,-1091,-1091,-2262,-2262,-2262,-2262,-1522,-1522,-1522,-1446,-1446,-1446,-2089,-2089,-2089,-236,-236,-236,-624,-624,-624,2188,2188,2188,895,895,895,-1917,-1917,-1917,2045,2045,2045,-2986,-2986,-2986,-2986,-673,-673,-673,-673,-1542,-1542,-1542,-3925,-3925,-1734,-1734,-1734,-2882,-2882,-2882,-2382,-2382,-1579,-1579,-1910,-1910,-1638,-1638,-1345,-1345,-1345,-159,-159,-159,-1776,-1776,-1776,-1776,-1288,-1288,-1288,-1288,-2043,-2043,-2606,-2606,-1908,-1908,-1560,-1560,-770,-770,-770,-1308,-1308,-1308,-1917,-1917,-1917,-1172,-1172,-1172,-2183,-2183,-2183,-2722,-2722,-2722,-2722,-2961,-2961,-2961,-2940,-2940,-2940,-1180,-1180,-1180,-1354,-1354,83,83,-1746,-1746,-2236,-2236,-2236,-3365,-3365,-3365,-3365,-1740,-1740,-1740,-1740,-2437,-2437,-2437,-2983,-2983,-2983,-2465,-2465,-2465,-2922,-2922,-2922,-2922,-2756,-2756,-2756,-2955,-2955,-4347,-4347,-4426,-4426,-2680,-2680,-2680,-3205,-3205,-3205,-2523,-2523,-2523,-2523,-2621,-2621,-2621,-2416,-2416,-2416,-2428,-2428,-2428,-1990,-1990,-1990,-1990,-3419,-3419,-3419,-3419,-2013,-2013,-2013,-2013,-2602,-2602,-2602,-2602,-3108,-3108,-3108,-3108,-3858,-3858,-3858,-2652,-2652,-2652,-2328,-2328,-2328,-1874
44,4.292000000000000703,6,-232,-930,-1582,-1582,-1870,-1870,-241,-241,-758,-758,-1201,-1201,-647,-465,-2208,-2208,-3304,-3304,-3651,-3651,-3444,-3444,-4098,-4098,-3552,-3552,-3508,-3508,-3309,-3309,-2783,-2783,-2783,-2041,-2041,-2041,-1248,-1248,-1248,-1651,-1651,-1651,-1852,-1852,-1852,-1893,-1893,-1893,-1820,-1820,-1979,-1979,-1992,-1992,-1651,-1651,-1651,-1531,-1531,-1531,-2060,-2060,-2060,-2269,-2269,-2040,-2040,-1807,-1807,-1489,-1489,-1489,-1984,-1984,-1984,-1653,-1653,-1418,-1022,-1343,-1343,-1682,-1682,-1682,-1756,-1756,-1593,-1593,-1469,-1469,-1501,-1501,-2081,-2081,-2081,-1273,-1273,-1273,-1473,-1473,-1853,-1884,-1884,-848,-848,-1765,-1765,-1765,-2056,-2056,-2530,-2530,-2127,-2127,-2120,-2120,-2239,-2239,-1927,-1796,-1933,-2255,-1749,-1749,-1438,-1438,-737,-737,-1907,-1907,-1907,-2180,-2180,-2047,-2047,-1584,-1584,-1204,-1204,-1204,-1206,-1206,-1206,-1049,-1049,-1010,-1010,-1106,-1106,-1650,-1650,-2500,-2500,-2500,-2245,-2245,-2300,-2300,-2030,-2030,-1550,-1550,-2200,-2200,-2021,-2021,-2021,-1636,-1636,-1435,-751,-751,-1324,-1324,-2523,-2523,-2523,-1806,-1806,-1806,-1724,-1724,-2729,-2729,-2512,-2512,-2623,-2623,-4602,-4602,-3609,-3609,-3211,-3211,-3425,-3425,-625,-625,-1528,-1528,-2963,-2963,-2306,-2306,-2306,-3760,-3760,-2932,-2932,-2471,-2471,-3534,-3534,-2907,-2907,-2757,-2757,-2623,-2451,-2436,-2436,-2011,-2011,-1785,-1785,-2913,-2913,-3136,-3136,-3136,-2427,-2427,-2427,-2221,-2221,-2221,-2062,-2062,-2062,-3027,-3027,-3027,-3887,-3887,-3734,-3734,-3209,-3209,-3908,-3908,-3421,-3421,-3421,-3889,-3889,-3889,-3027,-3027,-3027,-1292,-1292,-2238,-2238,-2238,-3716,-3716,-3716,-4149,-4149,-4149,-2298,-2298,-2298,-551,-551,-551,-1719,-1719,-4626,-4626,-3825,-3825,-3825,-1265,-1265,-1265,-2200,-2200,-2200,-3124,-3124,-3633,-3633,-4504,-4504,-3207,-3207,-4397,-4397,-4397,-4100,-4100,-4100,-4100,-3222,-3222,-2593,-2593,-2848,-2848,-3660,-3660,-3660,-4488,-4488,-4488,-4488,-3526,-3526,-3526,-3523,-3523,-3634,-3634,-3961,-3961,-3961,-3491,-3491,-3491,-3491,-4464,-4464,-4464,-4464,-3982,-3982,-3982,-4386,-4386,-3175,-3175,-2815,-2815,-2815,-2815,-3240,-3240,-3240,-3803,-3803,-3803,-5088,-5088,-5088,-4357,-4357,-3703,-3703,-3703,-3992,-3992,-3992,-3992,-3633,-3633,-3633,-2942,-2942,-2942,-1863,-1863,-2155,-2155,-3171,-3171,-3171,-3312,-3312,-3312,-2716,-2716,-2716,-3905,-3905,-3813,-3813,-3298,-3298,-3298,-3122,-3122,-3122,-2762,-2762,-2762,-2762,-4525,-4525,-4525,-4525,-4074,-4074,-4074,-3178,-3178,-3178,-4282,-4282,-4282,-3230,-3230,-3230,-2305,-2305,-2305,-1927,-1927,-1927,-2017,-2017,-2017,-3882,-3882,-3882,643,643,643,-5871,-5871,-5871,-5871,-1436,-1436,-1436,-1436,-1916,-1916,-1916,-5051,-5051,-4032,-4032,-4032,-4451,-4451,-4451,-3888,-3888,-3486,-3486,-3830,-3830,-2573,-2573,-3831,-3831,-3831,-2174,-2174,-2174,-3319,-3319,-3319,-3319,-3138,-3138,-3138,-3138,-2664,-2664,-2633,-2633,-2216,-2216,-1975,-1975,-1325,-1325,-1325,-1565,-1565,-1565,-2503,-2503,-2503,-2098,-2098,-2098,-2418,-2418,-2418,-3337,-3337,-3337,-3337,-3746,-3746,-3746,-4678,-4678,-4678,-3231,-3231,-3231,-2816,-2816,-2125,-2125,-2860,-2860,-3407,-3407,-3407,-4168,-4168,-4168,-4168,-3235,-3235,-3235,-3235,-2900,-2900,-2900,-3991,-3991,-3991,-3114,-3114,-3114,-3789,-3789,-3789,-3789,-2842,-2842,-2842,-3141,-3141,-4484,-4484,-4965,-4965,-3694,-3694,-3694,-3935,-3935,-3935,-3565,-3565,-3565,-3565,-3987,-3987,-3987,-4156,-4156,-4156,-4012,-4012,-4012,-3261,-3261,-3261,-3261,-5256,-5256,-5256,-5256,-4299,-4299,-4299,-4299,-4029,-4029,-4029,-4029,-5320,-5320,-5320,-5320,-5022,-5022,-5022,-3851,-3851,-3851,-4078,-4078,-4078,-3895
45,4.491999999999999993,-1015,-633,-1310,-2272,-2272,-2253,-2253,-1017,-1017,-1646,-1646,-1914,-1914,-1875,-1518,-2576,-2576,-3613,-3613,-3515,-3515,-3447,-3447,-3937,-3937,-3813,-3813,-3853,-3853,-2933,-2933,-2316,-2316,-2316,-1663,-1663,-1663,-986,-986,-986,-740,-740,-740,-1101,-1101,-1101,-1244,-1244,-1244,-1491,-1491,-1869,-1869,-2004,-2004,-1205,-1205,-1205,-1340,-1340,-1340,-2023,-2023,-2023,-2152,-2152,-1722,-1722,-1497,-1497,-1587,-1587,-1587,-2420,-2420,-2420,-1951,-1951,-1508,-820,-982,-982,-1362,-1362,-1362,-1378,-1378,-1213,-1213,-1130,-1130,-908,-908,-1547,-1547,-1547,-1236,-1236,-1236,-1212,-1212,-1602,-1862,-1862,-1057,-1057,-1805,-1805,-1805,-1835,-1835,-1999,-1999,-1333,-1333,-1597,-1597,-1553,-1553,-1252,-1289,-1364,-1725,-1273,-1273,-1157,-1157,-576,-576,-1276,-1276,-1276,-1546,-1546,-1472,-1472,-1389,-1389,-979,-979,-979,-907,-907,-907,-969,-969,-934,-934,-1235,-1235,-1694,-1694,-2204,-2204,-2204,-1745,-1745,-1751,-1751,-1481,-1481,-1639,-1639,-1708,-1708,-1738,-1738,-1738,-1721,-1721,-1686,-1367,-1367,-1612,-1612,-2772,-2772,-2772,-2098,-2098,-2098,-1663,-1663,-2598,-2598,-2694,-2694,-3445,-3445,-4772,-4772,-4071,-4071,-4512,-4512,-4191,-4191,-1813,-1813,-2620,-2620,-4091,-4091,-2892,-2892,-2892,-3455,-3455,-3303,-3303,-2700,-2700,-3105,-3105,-2690,-2690,-2658,-2658,-2521,-2276,-2527,-2527,-1771,-1771,-1755,-1755,-2744,-2744,-2737,-2737,-2737,-2652,-2652,-2652,-2320,-2320,-2320,-2508,-2508,-2508,-3007,-3007,-3007,-4235,-4235,-3993,-3993,-3743,-3743,-4149,-4149,-4206,-4206,-4206,-3764,-3764,-3764,-1954,-1954,-1954,340,340,-2447,-2447,-2447,-4381,-4381,-4381,-4315,-4315,-4315,-2749,-2749,-2749,-1024,-1024,-1024,-2618,-2618,-3892,-3892,-4443,-4443,-4443,-2190,-2190,-2190,-2373,-2373,-2373,-3209,-3209,-4252,-4252,-5448,-5448,-3823,-3823,-3518,-3518,-3518,-3922,-3922,-3922,-3922,-3645,-3645,-3153,-3153,-3344,-3344,-3464,-3464,-3464,-5121,-5121,-5121,-5121,-4567,-4567,-4567,-3982,-3982,-3858,-3858,-4692,-4692,-4692,-4441,-4441,-4441,-4441,-5972,-5972,-5972,-5972,-5238,-5238,-5238,-5432,-5432,-4627,-4627,-3587,-3587,-3587,-3587,-3978,-3978,-3978,-4780,-4780,-4780,-6159,-6159,-6159,-5101,-5101,-3999,-3999,-3999,-4722,-4722,-4722,-4722,-3875,-3875,-3875,-3073,-3073,-3073,-2332,-2332,-2542,-2542,-2951,-2951,-2951,-3342,-3342,-3342,-2230,-2230,-2230,-2874,-2874,-3713,-3713,-3809,-3809,-3809,-3274,-3274,-3274,-3883,-3883,-3883,-3883,-5351,-5351,-5351,-5351,-5689,-5689,-5689,-4173,-4173,-4173,-5199,-5199,-5199,-5396,-5396,-5396,-3915,-3915,-3915,-5399,-5399,-5399,-4829,-4829,-4829,-5385,-5385,-5385,-1357,-1357,-1357,-7428,-7428,-7428,-7428,-2531,-2531,-2531,-2531,-2392,-2392,-2392,-5344,-5344,-5225,-5225,-5225,-5145,-5145,-5145,-4642,-4642,-4649,-4649,-4637,-4637,-3403,-3403,-5340,-5340,-5340,-3559,-3559,-3559,-4075,-4075,-4075,-4075,-4051,-4051,-4051,-4051,-2615,-2615,-2121,-2121,-2064,-2064,-2015,-2015,-1735,-1735,-1735,-1524,-1524,-1524,-2690,-2690,-2690,-2779,-2779,-2779,-2482,-2482,-2482,-3384,-3384,-3384,-3384,-3800,-3800,-3800,-5075,-5075,-5075,-4273,-4273,-4273,-3653,-3653,-3540,-3540,-3444,-3444,-3785,-3785,-3785,-4203,-4203,-4203,-4203,-3955,-3955,-3955,-3955,-2946,-2946,-2946,-4197,-4197,-4197,-3134,-3134,-3134,-3981,-3981,-3981,-3981,-2571,-2571,-2571,-2586,-2586,-3744,-3744,-4404,-4404,-3988,-3988,-3988,-3706,-3706,-3706,-3665,-3665,-3665,-3665,-4166,-4166,-4166,-4764,-4764,-4764,-4631,-4631,-4631,-3695,-3695,-3695,-3695,-5851,-5851,-5851,-5851,-5533,-5533,-5533,-5533,-4271,-4271,-4271,-4271,-5874,-5874,-5874,-5874,-4892,-4892,-4892,-4042,-4042,-4042,-4828,-4828,-4828,-4754
46,4.692000000000000171,-1559,-1060,-1572,-2380,-2380,-1971,-1971,-1415,-1415,-1887,-1887,-1581,-1581,-1934,-1748,-2187,-2187,-2939,-2939,-2747,-2747,-2625,-2625,-2903,-2903,-3358,-3358,-3345,-3345,-2189,-2189,-1382,-1382,-1382,-1026,-1026,-1026,-599,-599,-599,-218,-218,-218,-362,-362,-362,-586,-586,-586,-1099,-1099,-1553,-1553,-1754,-1754,-1055,-1055,-1055,-1058,-1058,-1058,-1620,-1620,-1620,-1673,-1673,-1234,-1234,-1083,-1083,-1618,-1618,-1618,-2424,-2424,-2424,-2015,-2015,-1556,-789,-601,-601,-965,-965,-965,-919,-919,-865,-865,-863,-863,-605,-605,-981,-981,-981,-999,-999,-999,-802,-802,-997,-1370,-1370,-1050,-1050,-1417,-1417,-1417,-1397,-1397,-1170,-1170,-638,-638,-933,-933,-813,-813,-638,-651,-629,-937,-656,-656,-615,-615,-498,-498,-688,-688,-688,-832,-832,-785,-785,-1066,-1066,-778,-778,-778,-654,-654,-654,-897,-897,-770,-770,-1148,-1148,-1589,-1589,-1395,-1395,-1395,-999,-999,-871,-871,-716,-716,-1113,-1113,-860,-860,-1333,-1333,-1333,-1700,-1700,-1898,-1958,-1958,-1774,-1774,-2548,-2548,-2548,-2186,-2186,-2186,-1458,-1458,-1926,-1926,-2215,-2215,-3383,-3383,-4031,-4031,-3643,-3643,-4545,-4545,-4273,-4273,-2762,-2762,-3303,-3303,-4393,-4393,-2715,-2715,-2715,-2823,-2823,-3170,-3170,-2732,-2732,-2492,-2492,-2313,-2313,-2430,-2430,-2359,-2171,-2406,-2406,-1580,-1580,-1675,-1675,-2368,-2368,-2096,-2096,-2096,-2493,-2493,-2493,-2139,-2139,-2139,-2678,-2678,-2678,-2717,-2717,-2717,-4050,-4050,-3883,-3883,-3779,-3779,-3935,-3935,-4321,-4321,-4321,-3452,-3452,-3452,-1231,-1231,-1231,694,694,-2730,-2730,-2730,-4465,-4465,-4465,-4053,-4053,-4053,-2855,-2855,-2855,-1307,-1307,-1307,-2724,-2724,-2962,-2962,-4296,-4296,-4296,-2687,-2687,-2687,-2449,-2449,-2449,-2983,-2983,-4346,-4346,-5474,-5474,-3713,-3713,-2234,-2234,-2234,-3163,-3163,-3163,-3163,-3208,-3208,-2901,-2901,-3065,-3065,-2649,-2649,-2649,-4630,-4630,-4630,-4630,-4758,-4758,-4758,-3945,-3945,-3494,-3494,-4595,-4595,-4595,-4282,-4282,-4282,-4282,-5805,-5805,-5805,-5805,-4965,-4965,-4965,-5331,-5331,-5147,-5147,-3488,-3488,-3488,-3488,-3938,-3938,-3938,-4786,-4786,-4786,-5547,-5547,-5547,-4968,-4968,-3709,-3709,-3709,-4437,-4437,-4437,-4437,-3277,-3277,-3277,-2806,-2806,-2806,-2711,-2711,-2783,-2783,-2287,-2287,-2287,-2812,-2812,-2812,-1639,-1639,-1639,-1546,-1546,-2896,-2896,-3473,-3473,-3473,-3015,-3015,-3015,-4020,-4020,-4020,-4020,-4886,-4886,-4886,-4886,-6229,-6229,-6229,-4462,-4462,-4462,-5072,-5072,-5072,-6206,-6206,-6206,-4777,-4777,-4777,-7219,-7219,-7219,-6881,-6881,-6881,-6172,-6172,-6172,-3770,-3770,-3770,-7668,-7668,-7668,-7668,-3885,-3885,-3885,-3885,-3002,-3002,-3002,-4941,-4941,-5399,-5399,-5399,-5015,-5015,-5015,-4706,-4706,-4521,-4521,-4610,-4610,-3670,-3670,-5220,-5220,-5220,-3896,-3896,-3896,-3797,-3797,-3797,-3797,-3860,-3860,-3860,-3860,-2152,-2152,-1655,-1655,-1776,-1776,-2064,-2064,-1999,-1999,-1999,-1490,-1490,-1490,-2589,-2589,-2589,-3099,-3099,-3099,-2471,-2471,-2471,-3078,-3078,-3078,-3078,-3377,-3377,-3377,-4579,-4579,-4579,-4331,-4331,-4331,-3757,-3757,-4065,-4065,-3609,-3609,-3611,-3611,-3611,-3645,-3645,-3645,-3645,-3920,-3920,-3920,-3920,-2964,-2964,-2964,-3729,-3729,-3729,-2944,-2944,-2944,-3748,-3748,-3748,-3748,-2256,-2256,-2256,-1988,-1988,-2743,-2743,-3443,-3443,-3762,-3762,-3762,-3092,-3092,-3092,-3270,-3270,-3270,-3270,-3564,-3564,-3564,-4377,-4377,-4377,-4454,-4454,-4454,-3366,-3366,-3366,-3366,-5291,-5291,-5291,-5291,-5661,-5661,-5661,-5661,-4062,-4062,-4062,-4062,-5008,-5008,-5008,-5008,-3999,-3999,-3999,-3676,-3676,-3676,-4546,-4546,-4546,-4609
47,4.892000000000000348,-1794,-1476,-1635,-2003,-2003,-1364,-1364,-1475,-1475,-1388,-1388,-642,-642,-1019,-1204,-1152,-1152,-1624,-1624,-1469,-1469,-1338,-1338,-1352,-1352,-2144,-2144,-2296,-2296,-1317,-1317,-391,-391,-391,-278,-278,-278,-183,-183,-183,-123,-123,-123,131,131,131,-134,-134,-134,-663,-663,-1021,-1021,-1296,-1296,-1017,-1017,-1017,-856,-856,-856,-962,-962,-962,-942,-942,-656,-656,-717,-717,-1554,-1554,-1554,-2055,-2055,-2055,-1965,-1965,-1625,-1032,-482,-482,-547,-547,-547,-559,-559,-561,-561,-611,-611,-454,-454,-456,-456,-456,-645,-645,-645,-300,-300,-253,-605,-605,-844,-844,-856,-856,-856,-754,-754,-279,-279,-37,-37,-345,-345,-160,-160,-50,-47,6,-104,-95,-95,-100,-100,-452,-452,-165,-165,-165,-254,-254,-224,-224,-652,-652,-597,-597,-597,-435,-435,-435,-689,-689,-590,-590,-935,-935,-1194,-1194,-484,-484,-484,-299,-299,-23,-23,-24,-24,-226,-226,75,75,-867,-867,-867,-1554,-1554,-1895,-2305,-2305,-1720,-1720,-1939,-1939,-1939,-1888,-1888,-1888,-1146,-1146,-976,-976,-1328,-1328,-2661,-2661,-2730,-2730,-2481,-2481,-3371,-3371,-3409,-3409,-2879,-2879,-3146,-3146,-3649,-3649,-1820,-1820,-1820,-1715,-1715,-2458,-2458,-2284,-2284,-1536,-1536,-1619,-1619,-1938,-1938,-1933,-1839,-1987,-1987,-1413,-1413,-1461,-1461,-1628,-1628,-1176,-1176,-1176,-1909,-1909,-1909,-1750,-1750,-1750,-2458,-2458,-2458,-2244,-2244,-2244,-3217,-3217,-3279,-3279,-3280,-3280,-3087,-3087,-3459,-3459,-3459,-2643,-2643,-2643,-584,-584,-584,655,655,-2557,-2557,-2557,-3868,-3868,-3868,-3245,-3245,-3245,-2406,-2406,-2406,-1505,-1505,-1505,-2168,-2168,-1838,-1838,-3203,-3203,-3203,-2589,-2589,-2589,-2131,-2131,-2131,-2143,-2143,-3346,-3346,-4106,-4106,-2960,-2960,-765,-765,-765,-1893,-1893,-1893,-1893,-2134,-2134,-1993,-1993,-2316,-2316,-1501,-1501,-1501,-3281,-3281,-3281,-3281,-4057,-4057,-4057,-3201,-3201,-2581,-2581,-3536,-3536,-3536,-3101,-3101,-3101,-3101,-4288,-4288,-4288,-4288,-3546,-3546,-3546,-4011,-4011,-4458,-4458,-2718,-2718,-2718,-2718,-3089,-3089,-3089,-3771,-3771,-3771,-3791,-3791,-3791,-3911,-3911,-2866,-2866,-2866,-3364,-3364,-3364,-3364,-2129,-2129,-2129,-1992,-1992,-1992,-2783,-2783,-2683,-2683,-1400,-1400,-1400,-1771,-1771,-1771,-954,-954,-954,-275,-275,-1504,-1504,-2253,-2253,-2253,-2293,-2293,-2293,-3254,-3254,-3254,-3254,-3576,-3576,-3576,-3576,-5203,-5203,-5203,-3973,-3973,-3973,-3840,-3840,-3840,-5470,-5470,-5470,-4312,-4312,-4312,-7086,-7086,-7086,-7057,-7057,-7057,-5836,-5836,-5836,-5376,-5376,-5376,-6793,-6793,-6793,-6793,-4833,-4833,-4833,-4833,-3101,-3101,-3101,-3693,-3693,-4646,-4646,-4646,-3944,-3944,-3944,-3746,-3746,-3561,-3561,-3565,-3565,-2974,-2974,-3742,-3742,-3742,-3286,-3286,-3286,-2520,-2520,-2520,-2520,-2675,-2675,-2675,-2675,-1286,-1286,-1079,-1079,-1460,-1460,-2080,-2080,-1981,-1981,-1981,-1553,-1553,-1553,-2071,-2071,-2071,-2840,-2840,-2840,-2164,-2164,-2164,-2282,-2282,-2282,-2282,-2582,-2582,-2582,-3249,-3249,-3249,-3494,-3494,-3494,-3123,-3123,-3688,-3688,-3394,-3394,-3073,-3073,-3073,-2492,-2492,-2492,-2492,-3087,-3087,-3087,-3087,-2723,-2723,-2723,-2622,-2622,-2622,-2432,-2432,-2432,-2963,-2963,-2963,-2963,-1780,-1780,-1780,-1351,-1351,-1520,-1520,-2182,-2182,-2887,-2887,-2887,-2258,-2258,-2258,-2557,-2557,-2557,-2557,-2410,-2410,-2410,-3216,-3216,-3216,-3417,-3417,-3417,-2279,-2279,-2279,-2279,-3521,-3521,-3521,-3521,-4472,-4472,-4472,-4472,-3268,-3268,-3268,-3268,-3251,-3251,-3251,-3251,-2396,-2396,-2396,-2764,-2764,-2764,-3413,-3413,-3413,-3526
48,5.092000000000000526,-1801,-1517,-1429,-1336,-1336,-676,-676,-1077,-1077,-499,-499,230,230,32,-417,-112,-112,-143,-143,-126,-126,31,31,-51,-51,-857,-857,-1193,-1193,-696,-696,387,387,387,323,323,323,17,17,17,-291,-291,-291,319,319,319,228,228,228,-336,-336,-593,-593,-715,-715,-887,-887,-887,-675,-675,-675,-412,-412,-412,-245,-245,-222,-222,-494,-494,-1384,-1384,-1384,-1465,-1465,-1465,-1663,-1663,-1487,-1274,-486,-486,-259,-259,-259,-328,-328,-403,-403,-370,-370,-384,-384,-141,-141,-141,-221,-221,-221,49,49,260,-68,-68,-565,-565,-313,-313,-313,-183,-183,331,331,208,208,-28,-28,169,169,218,265,278,565,246,246,142,142,-374,-374,79,79,79,44,44,11,11,-232,-232,-379,-379,-379,-319,-319,-319,-490,-490,-524,-524,-671,-671,-683,-683,132,132,132,190,190,481,481,464,464,708,708,833,833,-440,-440,-440,-1180,-1180,-1540,-2201,-2201,-1497,-1497,-1035,-1035,-1035,-1334,-1334,-1334,-673,-673,15,15,-502,-502,-1361,-1361,-1226,-1226,-1152,-1152,-1625,-1625,-2052,-2052,-1832,-1832,-2016,-2016,-2221,-2221,-659,-659,-659,-387,-387,-1363,-1363,-1364,-1364,-743,-743,-926,-926,-1021,-1021,-1125,-1146,-1237,-1237,-934,-934,-965,-965,-726,-726,-280,-280,-280,-1090,-1090,-1090,-1245,-1245,-1245,-1732,-1732,-1732,-1618,-1618,-1618,-1894,-1894,-2129,-2129,-2404,-2404,-1788,-1788,-2015,-2015,-2015,-1484,-1484,-1484,342,342,342,850,850,-1617,-1617,-1617,-2713,-2713,-2713,-1972,-1972,-1972,-1546,-1546,-1546,-1450,-1450,-1450,-1178,-1178,-688,-688,-1722,-1722,-1722,-1999,-1999,-1999,-1341,-1341,-1341,-941,-941,-1655,-1655,-1970,-1970,-1808,-1808,514,514,514,-882,-882,-882,-882,-914,-914,-973,-973,-1190,-1190,-263,-263,-263,-1708,-1708,-1708,-1708,-2578,-2578,-2578,-2107,-2107,-1452,-1452,-1937,-1937,-1937,-1598,-1598,-1598,-1598,-2347,-2347,-2347,-2347,-1953,-1953,-1953,-2108,-2108,-2847,-2847,-1745,-1745,-1745,-1745,-1773,-1773,-1773,-2442,-2442,-2442,-2051,-2051,-2051,-2373,-2373,-1985,-1985,-1985,-2064,-2064,-2064,-2064,-1114,-1114,-1114,-1167,-1167,-1167,-2353,-2353,-1913,-1913,-748,-748,-748,-688,-688,-688,-499,-499,-499,374,374,-130,-130,-1002,-1002,-1002,-1342,-1342,-1342,-2107,-2107,-2107,-2107,-1703,-1703,-1703,-1703,-3240,-3240,-3240,-2845,-2845,-2845,-2003,-2003,-2003,-3595,-3595,-3595,-2793,-2793,-2793,-5214,-5214,-5214,-5340,-5340,-5340,-4251,-4251,-4251,-5124,-5124,-5124,-4727,-4727,-4727,-4727,-4472,-4472,-4472,-4472,-2178,-2178,-2178,-1778,-1778,-3161,-3161,-3161,-2334,-2334,-2334,-2240,-2240,-2046,-2046,-2095,-2095,-1632,-1632,-1630,-1630,-1630,-2195,-2195,-2195,-1038,-1038,-1038,-1038,-1394,-1394,-1394,-1394,-357,-357,-478,-478,-1167,-1167,-1832,-1832,-1809,-1809,-1809,-1528,-1528,-1528,-1386,-1386,-1386,-2035,-2035,-2035,-1420,-1420,-1420,-1165,-1165,-1165,-1165,-1485,-1485,-1485,-1702,-1702,-1702,-2353,-2353,-2353,-2111,-2111,-2737,-2737,-2707,-2707,-2112,-2112,-2112,-1140,-1140,-1140,-1140,-1811,-1811,-1811,-1811,-2054,-2054,-2054,-1428,-1428,-1428,-1794,-1794,-1794,-1797,-1797,-1797,-1797,-1016,-1016,-1016,-765,-765,-522,-522,-1035,-1035,-1764,-1764,-1764,-1236,-1236,-1236,-1636,-1636,-1636,-1636,-1164,-1164,-1164,-1795,-1795,-1795,-2069,-2069,-2069,-1092,-1092,-1092,-1092,-1290,-1290,-1290,-1290,-2700,-2700,-2700,-2700,-2279,-2279,-2279,-2279,-1308,-1308,-1308,-1308,-929,-929,-929,-1732,-1732,-1732,-1960,-1960,-1960,-2031
49,5.292000000000000703,-1608,-1180,-1024,-408,-408,-64,-64,-288,-288,371,371,811,811,886,476,680,680,990,990,1019,1019,967,967,830,830,319,319,20,20,-184,-184,907,907,907,726,726,726,218,218,218,-429,-429,-429,125,125,125,388,388,388,-36,-36,-155,-155,-248,-248,-684,-684,-684,-583,-583,-583,103,103,103,241,241,66,66,-320,-320,-992,-992,-992,-809,-809,-809,-1130,-1130,-1133,-1183,-519,-519,-30,-30,-30,-198,-198,-203,-203,-87,-87,-300,-300,-51,-51,-51,124,124,124,343,343,484,390,390,-228,-228,241,241,241,315,315,610,610,273,273,100,100,244,244,152,182,337,796,530,530,306,306,-198,-198,241,241,241,141,141,-68,-68,-30,-30,-125,-125,-125,-325,-325,-325,-341,-341,-517,-517,-443,-443,-210,-210,387,387,387,364,364,588,588,801,801,1511,1511,1281,1281,-21,-21,-21,-641,-641,-791,-1435,-1435,-845,-845,-149,-149,-149,-757,-757,-757,-315,-315,642,642,284,284,-131,-131,357,357,278,278,279,279,-252,-252,-83,-83,-432,-432,-377,-377,505,505,505,676,676,18,18,-165,-165,25,25,-296,-296,-242,-242,-205,-298,-289,-289,-340,-340,-164,-164,207,207,298,298,298,-178,-178,-178,-624,-624,-624,-762,-762,-762,-886,-886,-886,-528,-528,-792,-792,-1053,-1053,-476,-476,-605,-605,-605,-169,-169,-169,1159,1159,1159,1187,1187,-114,-114,-114,-1116,-1116,-1116,-372,-372,-372,-431,-431,-431,-910,-910,-910,-116,-116,325,325,-25,-25,-25,-1159,-1159,-1159,-383,-383,-383,261,261,533,533,582,582,-269,-269,1242,1242,1242,38,38,38,38,257,257,44,44,-108,-108,763,763,763,-232,-232,-232,-232,-819,-819,-819,-539,-539,-346,-346,-137,-137,-137,-194,-194,-194,-194,-296,-296,-296,-296,-336,-336,-336,-344,-344,-717,-717,-625,-625,-625,-625,-673,-673,-673,-924,-924,-924,-614,-614,-614,-621,-621,-1002,-1002,-1002,-779,-779,-779,-779,-311,-311,-311,-376,-376,-376,-1441,-1441,-836,-836,-345,-345,-345,56,56,56,-155,-155,-155,572,572,813,813,185,185,185,-487,-487,-487,-854,-854,-854,-854,-68,-68,-68,-68,-945,-945,-945,-1413,-1413,-1413,-186,-186,-186,-1178,-1178,-1178,-492,-492,-492,-2369,-2369,-2369,-2350,-2350,-2350,-1760,-1760,-1760,-2889,-2889,-2889,-1988,-1988,-1988,-1988,-2853,-2853,-2853,-2853,-678,-678,-678,219,219,-1149,-1149,-1149,-700,-700,-700,-441,-441,-719,-719,-507,-507,-124,-124,423,423,423,-909,-909,-909,416,416,416,416,-152,-152,-152,-152,86,86,-210,-210,-834,-834,-1443,-1443,-1306,-1306,-1306,-1010,-1010,-1010,-728,-728,-728,-1038,-1038,-1038,-691,-691,-691,-211,-211,-211,-211,-383,-383,-383,-304,-304,-304,-1051,-1051,-1051,-1095,-1095,-1183,-1183,-1690,-1690,-887,-887,-887,94,94,94,94,-580,-580,-580,-580,-1152,-1152,-1152,-385,-385,-385,-1091,-1091,-1091,-695,-695,-695,-695,-308,-308,-308,-323,-323,118,118,-32,-32,-781,-781,-781,-501,-501,-501,-733,-733,-733,-733,-144,-144,-144,-515,-515,-515,-571,-571,-571,-52,-52,-52,-52,433,433,433,433,-756,-756,-756,-756,-1254,-1254,-1254,-1254,105,105,105,105,134,134,134,-602,-602,-602,-447,-447,-447,-576
50,5.492000000000000881,-1266,-669,-467,135,135,277,277,414,414,684,684,683,683,1080,839,886,886,1471,1471,1643,1643,1408,1408,994,994,839,839,560,560,162,162,931,931,931,661,661,661,231,231,231,-358,-358,-358,-337,-337,-337,201,201,201,213,213,66,66,-64,-64,-426,-426,-426,-527,-527,-527,273,273,273,433,433,194,194,-158,-158,-312,-312,-312,-322,-322,-322,-617,-617,-703,-826,-644,-644,-95,-95,-95,-195,-195,-101,-101,151,151,-216,-216,-92,-92,-92,307,307,307,535,535,489,440,440,-2,-2,575,575,575,420,420,488,488,134,134,62,62,28,28,-186,-110,160,432,430,430,253,253,-74,-74,188,188,188,62,62,-228,-228,-125,-125,-65,-65,-65,-367,-367,-367,-325,-325,-583,-583,-373,-373,20,20,279,279,279,196,196,308,308,789,789,1841,1841,1226,1226,220,220,220,-124,-124,-94,-358,-358,-197,-197,370,370,370,-309,-309,-309,-191,-191,711,711,555,555,650,650,1332,1332,1337,1337,1348,1348,1218,1218,1395,1395,1203,1203,1070,1070,1151,1151,1151,1408,1408,1010,1010,784,784,565,565,312,312,346,346,536,560,430,430,98,98,416,416,677,677,505,505,505,256,256,256,-167,-167,-167,199,199,199,-245,-245,-245,485,485,502,502,175,175,449,449,453,453,453,1060,1060,1060,1709,1709,1709,1426,1426,1536,1536,1536,375,375,375,1071,1071,1071,538,538,538,-221,-221,-221,577,577,1005,1005,835,835,835,-397,-397,-397,571,571,571,1293,1293,2011,2011,2551,2551,888,888,1304,1304,1304,467,467,467,467,907,907,619,619,670,670,1137,1137,1137,467,467,467,467,232,232,232,588,588,285,285,898,898,898,727,727,727,727,999,999,999,999,569,569,569,806,806,803,803,79,79,79,79,-33,-33,-33,79,79,79,231,231,231,394,394,-211,-211,-211,43,43,43,43,235,235,235,39,39,39,-647,-647,-90,-90,-382,-382,-382,306,306,306,-28,-28,-28,305,305,1135,1135,761,761,761,37,37,37,97,97,97,97,1027,1027,1027,1027,700,700,700,-340,-340,-340,954,954,954,540,540,540,1193,1193,1193,484,484,484,495,495,495,812,812,812,-304,-304,-304,1037,1037,1037,1037,-499,-499,-499,-499,822,822,822,1725,1725,304,304,304,592,592,592,743,743,329,329,428,428,908,908,1622,1622,1622,0,0,0,1156,1156,1156,1156,571,571,571,571,77,77,-212,-212,-552,-552,-877,-877,-674,-674,-674,-275,-275,-275,-242,-242,-242,-334,-334,-334,-98,-98,-98,421,421,421,421,402,402,402,586,586,586,-168,-168,-168,-336,-336,5,5,-750,-750,-25,-25,-25,741,741,741,741,151,151,151,151,-362,-362,-362,110,110,110,-584,-584,-584,12,12,12,12,114,114,114,-16,-16,340,340,433,433,-149,-149,-149,-72,-72,-72,-68,-68,-68,-68,200,200,200,199,199,199,392,392,392,608,608,608,608,1289,1289,1289,1289,408,408,408,408,-484,-484,-484,-484,861,861,861,861,471,471,471,144,144,144,431,431,431,382
51,5.692000000000000171,-671,-376,-229,191,191,156,156,727,727,456,456,22,22,475,583,515,515,1229,1229,1519,1519,1127,1127,574,574,700,700,566,566,219,219,441,441,441,253,253,253,-77,-77,-77,-279,-279,-279,-819,-819,-819,-308,-308,-308,102,102,-17,-17,-93,-93,-216,-216,-216,-511,-511,-511,138,138,138,283,283,105,105,-125,-125,92,92,92,-71,-71,-71,-177,-177,-366,-600,-855,-855,-314,-314,-314,-284,-284,-164,-164,40,40,-208,-208,-277,-277,-277,227,227,227,398,398,167,53,53,39,39,493,493,493,135,135,-47,-47,-254,-254,-266,-266,-348,-348,-561,-484,-260,-253,-103,-103,-181,-181,-246,-246,-125,-125,-125,-163,-163,-370,-370,-447,-447,-303,-303,-303,-421,-421,-421,-514,-514,-740,-740,-531,-531,-47,-47,-91,-91,-91,-278,-278,-267,-267,310,310,1264,1264,497,497,157,157,157,91,91,271,536,536,214,214,334,334,334,-163,-163,-163,-470,-470,110,110,280,280,732,732,1564,1564,1561,1561,1555,1555,1655,1655,2081,2081,2077,2077,1654,1654,1147,1147,1147,1423,1423,1191,1191,1099,1099,685,685,467,467,510,510,733,814,720,720,113,113,506,506,615,615,229,229,229,263,263,263,117,117,117,657,657,657,188,188,188,961,961,1134,1134,942,942,773,773,839,839,839,1605,1605,1605,1690,1690,1690,1182,1182,2308,2308,2308,1327,1327,1327,1891,1891,1891,1060,1060,1060,185,185,185,672,672,1113,1113,946,946,946,251,251,251,1036,1036,1036,1555,1555,2760,2760,3496,3496,1585,1585,850,850,850,371,371,371,371,941,941,611,611,678,678,752,752,752,550,550,550,550,756,756,756,955,955,304,304,1214,1214,1214,929,929,929,929,1303,1303,1303,1303,778,778,778,1058,1058,1310,1310,336,336,336,336,-24,-24,-24,483,483,483,484,484,484,728,728,203,203,203,380,380,380,380,325,325,325,97,97,97,-121,-121,46,46,-567,-567,-567,33,33,33,-220,-220,-220,-226,-226,808,808,685,685,685,151,151,151,545,545,545,545,1206,1206,1206,1206,1445,1445,1445,217,217,217,1074,1074,1074,1315,1315,1315,2126,2126,2126,2198,2198,2198,2221,2221,2221,2357,2357,2357,1999,1999,1999,3105,3105,3105,3105,1439,1439,1439,1439,1788,1788,1788,2076,2076,1110,1110,1110,1181,1181,1181,1208,1208,719,719,664,664,1270,1270,1797,1797,1797,421,421,421,1148,1148,1148,1148,699,699,699,699,-323,-323,-440,-440,-429,-429,-415,-415,-166,-166,-166,241,241,241,10,10,10,127,127,127,121,121,121,539,539,539,539,744,744,744,864,864,864,333,333,333,134,134,691,691,38,38,356,356,356,703,703,703,703,324,324,324,324,174,174,174,316,316,316,-228,-228,-228,268,268,268,268,114,114,114,-45,-45,165,165,407,407,1,1,1,-19,-19,-19,126,126,126,126,-62,-62,-62,328,328,328,710,710,710,778,778,778,778,1111,1111,1111,1111,953,953,953,953,-144,-144,-144,-144,841,841,841,841,352,352,352,291,291,291,629,629,629,651
52,5.892000000000000348,-209,-200,-212,-109,-109,-139,-139,494,494,-36,-36,-603,-603,-274,-52,-6,-6,585,585,846,846,511,511,152,152,307,307,274,274,125,125,-175,-175,-175,-278,-278,-278,-389,-389,-389,-143,-143,-143,-1101,-1101,-1101,-783,-783,-783,-172,-172,-151,-151,-260,-260,-215,-215,-215,-421,-421,-421,-144,-144,-144,-18,-18,-79,-79,-183,-183,305,305,305,198,198,198,107,107,-139,-502,-1030,-1030,-574,-574,-574,-303,-303,-246,-246,-202,-202,-260,-260,-437,-437,-437,21,21,21,-19,-19,-270,-375,-375,-113,-113,132,132,132,-156,-156,-470,-470,-569,-569,-490,-490,-608,-608,-726,-667,-624,-795,-524,-524,-587,-587,-506,-506,-429,-429,-429,-419,-419,-560,-560,-761,-761,-599,-599,-599,-436,-436,-436,-668,-668,-901,-901,-618,-618,-233,-233,-360,-360,-360,-692,-692,-781,-781,-359,-359,191,191,-270,-270,-79,-79,-79,90,90,342,852,852,219,219,-59,-59,-59,-115,-115,-115,-774,-774,-606,-606,-207,-207,440,440,1268,1268,1325,1325,1107,1107,1309,1309,1739,1739,1976,1976,1423,1423,740,740,740,986,986,787,787,845,845,514,514,363,363,385,385,573,650,580,580,-30,-30,274,274,184,184,-104,-104,-104,19,19,19,227,227,227,635,635,635,482,482,482,932,932,1139,1139,1072,1072,494,494,661,661,661,1500,1500,1500,1217,1217,1217,724,724,2316,2316,2316,1742,1742,1742,2003,2003,2003,1132,1132,1132,82,82,82,199,199,757,757,618,618,618,776,776,776,1107,1107,1107,1316,1316,2583,2583,3478,3478,1749,1749,317,317,317,78,78,78,78,363,363,274,274,200,200,-50,-50,-50,258,258,258,258,657,657,657,689,689,20,20,880,880,880,537,537,537,537,982,982,982,982,645,645,645,729,729,968,968,244,244,244,244,-331,-331,-331,321,321,321,321,321,321,382,382,351,351,351,424,424,424,424,235,235,235,-26,-26,-26,53,53,-178,-178,-545,-545,-545,-273,-273,-273,-370,-370,-370,-584,-584,260,260,315,315,315,127,127,127,654,654,654,654,849,849,849,849,1333,1333,1333,426,426,426,558,558,558,1296,1296,1296,2138,2138,2138,2447,2447,2447,2644,2644,2644,2892,2892,2892,2843,2843,2843,4445,4445,4445,4445,2712,2712,2712,2712,1995,1995,1995,1680,1680,1302,1302,1302,1292,1292,1292,1087,1087,704,704,547,547,1012,1012,1261,1261,1261,556,556,556,750,750,750,750,548,548,548,548,-526,-526,-581,-581,-306,-306,-60,-60,208,208,208,536,536,536,240,240,240,387,387,387,216,216,216,424,424,424,424,750,750,750,758,758,758,428,428,428,345,345,758,758,492,492,350,350,350,362,362,362,362,146,146,146,146,331,331,331,294,294,294,-57,-57,-57,292,292,292,292,-15,-15,-15,-150,-150,-129,-129,218,218,-1,-1,-1,-176,-176,-176,62,62,62,62,-487,-487,-487,91,91,91,601,601,601,514,514,514,514,537,537,537,537,855,855,855,855,-132,-132,-132,-132,366,366,366,366,6,6,6,79,79,79,439,439,439,399
53,6.092000000000000526,160,-17,-111,-230,-230,-262,-262,160,160,-378,-378,-680,-680,-563,-342,-260,-260,43,43,230,230,113,113,50,50,123,123,216,216,217,217,-530,-530,-530,-403,-403,-403,-399,-399,-399,129,129,129,-860,-860,-860,-910,-910,-910,-420,-420,-59,-59,-61,-61,79,79,79,-105,-105,-105,-242,-242,-242,-120,-120,-112,-112,-126,-126,461,461,461,647,647,647,465,465,267,-139,-723,-723,-547,-547,-547,-125,-125,-126,-126,-296,-296,-104,-104,-206,-206,-206,-30,-30,-30,-272,-272,-362,-468,-468,-68,-68,-81,-81,-81,-222,-222,-528,-528,-561,-561,-479,-479,-502,-502,-465,-445,-582,-735,-541,-541,-607,-607,-516,-516,-469,-469,-469,-397,-397,-424,-424,-601,-601,-579,-579,-579,-254,-254,-254,-623,-623,-642,-642,-374,-374,-209,-209,-332,-332,-332,-629,-629,-839,-839,-607,-607,-717,-717,-690,-690,-9,-9,-9,337,337,454,841,841,246,246,-173,-173,-173,245,245,245,-525,-525,-960,-960,-397,-397,176,176,903,903,950,950,635,635,703,703,1032,1032,1397,1397,998,998,330,330,330,496,496,449,449,583,583,455,455,437,437,468,468,503,593,569,569,113,113,133,133,-41,-41,-124,-124,-124,-15,-15,-15,439,439,439,604,604,604,823,823,823,974,974,1072,1072,1105,1105,353,353,472,472,472,1177,1177,1177,737,737,737,457,457,1765,1765,1765,1862,1862,1862,1871,1871,1871,1152,1152,1152,-40,-40,-40,-226,-226,563,563,528,528,528,1624,1624,1624,1341,1341,1341,1039,1039,2079,2079,2957,2957,1925,1925,276,276,276,24,24,24,24,-130,-130,55,55,-27,-27,-524,-524,-524,247,247,247,247,534,534,534,347,347,-8,-8,521,521,521,257,257,257,257,624,624,624,624,561,561,561,474,474,667,667,304,304,304,304,-329,-329,-329,143,143,143,315,315,315,43,43,592,592,592,505,505,505,505,250,250,250,26,26,26,168,168,-138,-138,-49,-49,-49,-135,-135,-135,-110,-110,-110,-387,-387,47,47,187,187,187,363,363,363,745,745,745,745,598,598,598,598,1006,1006,1006,616,616,616,95,95,95,1029,1029,1029,1646,1646,1646,1864,1864,1864,2374,2374,2374,2779,2779,2779,2587,2587,2587,4754,4754,4754,4754,3189,3189,3189,3189,1922,1922,1922,1276,1276,1397,1397,1397,1354,1354,1354,932,932,708,708,601,601,755,755,688,688,688,708,708,708,498,498,498,498,445,445,445,445,-309,-309,-275,-275,27,27,406,406,559,559,559,732,732,732,621,621,621,684,684,684,438,438,438,532,532,532,532,822,822,822,735,735,735,527,527,527,592,592,738,738,897,897,492,492,492,271,271,271,271,107,107,107,107,558,558,558,394,394,394,258,258,258,532,532,532,532,111,111,111,-22,-22,42,42,338,338,261,261,261,-109,-109,-109,125,125,125,125,-484,-484,-484,43,43,43,511,511,511,337,337,337,337,216,216,216,216,693,693,693,693,-29,-29,-29,-29,-109,-109,-109,-109,-55,-55,-55,-105,-105,-105,224,224,224,86
54,6.292000000000000703,459,309,219,-98,-98,41,41,36,36,-222,-222,-210,-210,-280,-182,-91,-91,-185,-185,-120,-120,43,43,215,215,227,227,394,394,407,407,-494,-494,-494,-331,-331,-331,-161,-161,-161,433,433,433,-348,-348,-348,-730,-730,-730,-301,-301,255,255,325,325,370,370,370,346,346,346,-182,-182,-182,-70,-70,-53,-53,13,13,460,460,460,1042,1042,1042,818,818,743,483,-130,-130,-317,-317,-317,122,122,78,78,-106,-106,159,159,220,220,220,40,40,40,-140,-140,-148,-124,-124,198,198,-57,-57,-57,-50,-50,-261,-261,-211,-211,-221,-221,-130,-130,0,-18,-174,-189,-239,-239,-238,-238,-177,-177,-309,-309,-309,-298,-298,-86,-86,-96,-96,-172,-172,-172,31,31,31,-240,-240,-92,-92,112,112,-61,-61,-81,-81,-81,-260,-260,-373,-373,-383,-383,-1034,-1034,-667,-667,288,288,288,676,676,675,632,632,366,366,149,149,149,813,813,813,294,294,-658,-658,-207,-207,226,226,657,657,599,599,360,360,399,399,495,495,793,793,693,693,239,239,239,201,201,274,274,417,417,462,462,616,616,626,626,602,655,702,702,583,583,238,238,-7,-7,105,105,105,240,240,240,686,686,686,628,628,628,1146,1146,1146,1112,1112,1107,1107,1039,1039,430,430,422,422,422,903,903,903,486,486,486,571,571,1135,1135,1135,1800,1800,1800,1602,1602,1602,1128,1128,1128,156,156,156,-103,-103,645,645,808,808,808,2345,2345,2345,1534,1534,1534,956,956,1297,1297,2080,2080,2068,2068,679,679,679,288,288,288,288,-351,-351,105,105,104,104,-366,-366,-366,485,485,485,485,617,617,617,310,310,310,310,425,425,425,137,137,137,137,410,410,410,410,642,642,642,491,491,594,594,497,497,497,497,68,68,68,124,124,124,451,451,451,-42,-42,822,822,822,635,635,635,635,383,383,383,195,195,195,376,376,222,222,629,629,629,185,185,185,268,268,268,125,125,196,196,419,419,419,713,713,713,819,819,819,819,515,515,515,515,696,696,696,764,764,764,-53,-53,-53,748,748,748,948,948,948,992,992,992,1610,1610,1610,2136,2136,2136,1917,1917,1917,4143,4143,4143,4143,2914,2914,2914,2914,1725,1725,1725,1116,1116,1395,1395,1395,1324,1324,1324,825,825,738,738,897,897,645,645,514,514,514,942,942,942,504,504,504,504,462,462,462,462,270,270,273,273,554,554,954,954,870,870,870,785,785,785,920,920,920,943,943,943,647,647,647,705,705,705,705,936,936,936,822,822,822,738,738,738,813,813,784,784,1237,1237,813,813,813,434,434,434,434,287,287,287,287,793,793,793,574,574,574,669,669,669,806,806,806,806,495,495,495,368,368,473,473,684,684,671,671,671,240,240,240,401,401,401,401,-16,-16,-16,264,264,264,532,532,532,322,322,322,322,302,302,302,302,567,567,567,567,278,278,278,278,-232,-232,-232,-232,67,67,67,-23,-23,-23,123,123,123,-46
55,6.492000000000000881,619,532,457,227,227,411,411,107,107,134,134,461,461,294,206,211,211,-192,-192,-163,-163,58,58,351,351,363,363,601,601,558,558,-309,-309,-309,-245,-245,-245,143,143,143,480,480,480,37,37,37,-320,-320,-320,-87,-87,424,424,530,530,535,535,535,567,567,567,-75,-75,-75,-27,-27,-90,-90,70,70,396,396,396,1061,1061,1061,997,997,998,1030,491,491,-102,-102,-102,187,187,206,206,115,115,272,272,488,488,488,45,45,45,97,97,148,291,291,429,429,69,69,69,13,13,-21,-21,81,81,69,69,150,150,306,275,223,322,99,99,240,240,229,229,18,18,18,-112,-112,244,244,420,420,259,259,259,108,108,108,96,96,428,428,430,430,42,42,114,114,114,192,192,81,81,-19,-19,-836,-836,-335,-335,528,528,528,783,783,653,324,324,473,473,599,599,599,1129,1129,1129,1046,1046,26,26,172,172,420,420,490,490,268,268,216,216,314,314,310,310,425,425,578,578,298,298,298,93,93,234,234,267,267,449,449,662,662,685,685,629,625,743,743,921,921,427,427,163,163,273,273,273,486,486,486,836,836,836,682,682,682,1227,1227,1227,1186,1186,1106,1106,925,925,687,687,501,501,501,677,677,677,488,488,488,887,887,735,735,735,1518,1518,1518,1169,1169,1169,990,990,990,709,709,709,402,402,741,741,1283,1283,1283,2659,2659,2659,1581,1581,1581,871,871,445,445,797,797,1893,1893,961,961,961,608,608,608,608,-266,-266,288,288,453,453,79,79,79,700,700,700,700,695,695,695,522,522,717,717,433,433,433,153,153,153,153,264,264,264,264,724,724,724,653,653,637,637,606,606,606,606,560,560,560,280,280,280,689,689,689,127,127,915,915,915,762,762,762,762,403,403,403,266,266,266,448,448,503,503,945,945,945,407,407,407,521,521,521,527,527,340,340,687,687,687,877,877,877,820,820,820,820,504,504,504,504,392,392,392,805,805,805,-1,-1,-1,525,525,525,368,368,368,365,365,365,804,804,804,1279,1279,1279,1072,1072,1072,2908,2908,2908,2908,2144,2144,2144,2144,1382,1382,1382,972,972,1190,1190,1190,1076,1076,1076,673,673,752,752,1044,1044,658,658,591,591,591,1017,1017,1017,605,605,605,605,523,523,523,523,657,657,630,630,964,964,1186,1186,906,906,906,671,671,671,905,905,905,879,879,879,641,641,641,688,688,688,688,879,879,879,776,776,776,771,771,771,842,842,863,863,1226,1226,1006,1006,1006,619,619,619,619,523,523,523,523,834,834,834,574,574,574,856,856,856,923,923,923,923,772,772,772,703,703,835,835,951,951,915,915,915,561,561,561,800,800,800,800,616,616,616,608,608,608,713,713,713,428,428,428,428,469,469,469,469,425,425,425,425,654,654,654,654,-20,-20,-20,-20,201,201,201,235,235,235,174,174,174,42
56,6.692000000000000171,531,456,457,476,476,618,618,150,150,349,349,814,814,717,512,448,448,-10,-10,-170,-170,31,31,234,234,336,336,611,611,468,468,-32,-32,-32,-205,-205,-205,243,243,243,282,282,282,174,174,174,-31,-31,-31,155,155,375,375,414,414,435,435,435,483,483,483,-24,-24,-24,-113,-113,-232,-232,32,32,266,266,266,665,665,665,844,844,922,1149,756,756,-40,-40,-40,108,108,133,133,119,119,166,166,429,429,429,-75,-75,-75,159,159,348,512,512,417,417,48,48,48,-47,-47,41,41,178,178,212,212,243,243,264,266,339,447,227,227,472,472,565,565,189,189,189,49,49,357,357,657,657,533,533,533,87,87,87,282,282,664,664,486,486,73,73,153,153,153,321,321,384,384,149,149,-441,-441,-112,-112,515,515,515,534,534,331,-51,-51,444,444,783,783,783,1120,1120,1120,1436,1436,660,660,432,432,570,570,247,247,-2,-2,160,160,315,315,323,323,306,306,458,458,377,377,377,28,28,226,226,100,100,288,288,491,491,462,462,424,403,551,551,903,903,475,475,211,211,219,219,219,517,517,517,724,724,724,653,653,653,1040,1040,1040,996,996,899,899,716,716,794,794,539,539,539,397,397,397,573,573,573,1119,1119,576,576,576,1052,1052,1052,597,597,597,717,717,717,1185,1185,1185,934,934,712,712,1482,1482,1482,2301,2301,2301,1287,1287,1287,730,730,-400,-400,-628,-628,1327,1327,943,943,943,735,735,735,735,48,48,405,405,653,653,418,418,418,655,655,655,655,656,656,656,730,730,984,984,368,368,368,219,219,219,219,81,81,81,81,754,754,754,644,644,531,531,521,521,521,521,900,900,900,564,564,564,850,850,850,406,406,835,835,835,795,795,795,795,312,312,312,240,240,240,362,362,526,526,793,793,793,421,421,421,523,523,523,602,602,339,339,769,769,769,784,784,784,662,662,662,662,434,434,434,434,215,215,215,566,566,566,70,70,70,411,411,411,3,3,3,28,28,28,260,260,260,406,406,406,333,333,333,1365,1365,1365,1365,1039,1039,1039,1039,926,926,926,627,627,785,785,785,630,630,630,401,401,614,614,938,938,663,663,674,674,674,821,821,821,591,591,591,591,473,473,473,473,752,752,704,704,969,969,1029,1029,710,710,710,388,388,388,592,592,592,542,542,542,372,372,372,431,431,431,431,643,643,643,574,574,574,714,714,714,732,732,781,781,832,832,878,878,878,651,651,651,651,641,641,641,641,654,654,654,398,398,398,772,772,772,780,780,780,780,772,772,772,835,835,883,883,931,931,852,852,852,762,762,762,1043,1043,1043,1043,990,990,990,724,724,724,765,765,765,655,655,655,655,546,546,546,546,341,341,341,341,958,958,958,958,316,316,316,316,240,240,240,486,486,486,319,319,319,281
57,6.892000000000000348,209,112,98,360,360,357,357,37,37,355,355,613,613,647,472,418,418,9,9,-170,-170,-187,-187,-70,-70,134,134,408,408,127,127,18,18,18,-342,-342,-342,69,69,69,-121,-121,-121,96,96,96,105,105,105,90,90,147,147,62,62,125,125,125,230,230,230,-31,-31,-31,-334,-334,-407,-407,-96,-96,42,42,42,90,90,90,433,433,533,693,617,617,-95,-95,-95,-125,-125,-98,-98,-54,-54,-18,-18,123,123,123,-203,-203,-203,52,52,269,338,338,136,136,-84,-84,-84,-209,-209,-45,-45,13,13,177,177,142,142,43,78,162,254,126,126,339,339,495,495,215,215,215,116,116,302,302,466,466,382,382,382,-27,-27,-27,235,235,502,502,249,249,-33,-33,19,19,19,218,218,350,350,15,15,-244,-244,-43,-43,284,284,284,22,22,-237,-385,-385,160,160,557,557,557,726,726,726,1204,1204,987,987,494,494,525,525,-53,-53,-253,-253,50,50,281,281,373,373,264,264,278,278,391,391,391,-14,-14,87,87,-87,-87,-57,-57,185,185,136,136,86,13,126,126,553,553,294,294,154,154,-78,-78,-78,255,255,255,368,368,368,375,375,375,591,591,591,544,544,453,453,356,356,647,647,489,489,489,164,164,164,636,636,636,1208,1208,539,539,539,444,444,444,-63,-63,-63,282,282,282,1225,1225,1225,1159,1159,404,404,1287,1287,1287,1397,1397,1397,718,718,718,387,387,-1122,-1122,-2008,-2008,158,158,605,605,605,643,643,643,643,252,252,355,355,472,472,386,386,386,427,427,427,427,472,472,472,717,717,856,856,163,163,163,197,197,197,197,-114,-114,-114,-114,530,530,530,457,457,144,144,252,252,252,252,880,880,880,842,842,842,828,828,828,590,590,513,513,513,612,612,612,612,99,99,99,106,106,106,129,129,338,338,393,393,393,235,235,235,272,272,272,334,334,59,59,573,573,573,481,481,481,355,355,355,355,165,165,165,165,37,37,37,172,172,172,64,64,64,292,292,292,-66,-66,-66,0,0,0,15,15,15,-257,-257,-257,26,26,26,135,135,135,135,185,185,185,185,456,456,456,200,200,176,176,176,71,71,71,104,104,358,358,532,532,529,529,548,548,548,426,426,426,373,373,373,373,299,299,299,299,523,523,507,507,626,626,580,580,253,253,253,-21,-21,-21,165,165,165,142,142,142,57,57,57,60,60,60,60,246,246,246,185,185,185,455,455,455,415,415,495,495,173,173,451,451,451,421,421,421,421,583,583,583,583,326,326,326,182,182,182,472,472,472,496,496,496,496,605,605,605,691,691,678,678,594,594,563,563,563,687,687,687,991,991,991,991,974,974,974,630,630,630,602,602,602,745,745,745,745,512,512,512,512,289,289,289,289,914,914,914,914,593,593,593,593,252,252,252,559,559,559,387,387,387,476
58,7.092000000000000526,-157,-317,-262,61,61,-97,-97,-176,-176,187,187,228,228,368,301,335,335,111,111,-141,-141,-279,-279,-269,-269,73,73,110,110,-167,-167,87,87,87,-349,-349,-349,-139,-139,-139,-378,-378,-378,32,32,32,245,245,245,21,21,-126,-126,-124,-124,-113,-113,-113,-23,-23,-23,38,38,38,-381,-381,-375,-375,-58,-58,-89,-89,-89,-357,-357,-357,-22,-22,25,92,339,339,-64,-64,-64,-288,-288,-204,-204,-182,-182,-143,-143,-133,-133,-133,-199,-199,-199,-102,-102,7,43,43,-205,-205,-188,-188,-188,-227,-227,-44,-44,-103,-103,124,124,55,55,-65,-51,-57,-36,12,12,81,81,251,251,174,174,174,191,191,121,121,113,113,97,97,97,-83,-83,-83,145,145,189,189,14,14,-42,-42,-57,-57,-57,82,82,211,211,-171,-171,-85,-85,55,55,27,27,27,-367,-367,-524,-493,-493,-99,-99,160,160,160,267,267,267,720,720,991,991,518,518,357,357,-221,-221,-278,-278,2,2,216,216,392,392,286,286,64,64,286,286,286,58,58,27,27,-134,-134,-248,-248,-97,-97,-84,-84,-139,-249,-208,-208,105,105,103,103,103,103,-221,-221,-221,-32,-32,-32,-26,-26,-26,123,123,123,183,183,183,67,67,13,13,42,42,397,397,478,478,478,77,77,77,669,669,669,1156,1156,617,617,617,-23,-23,-23,-529,-529,-529,-90,-90,-90,916,916,916,1071,1071,140,140,853,853,853,357,357,357,73,73,73,-22,-22,-1427,-1427,-2780,-2780,-1035,-1035,204,204,204,450,450,450,450,420,420,157,157,111,111,160,160,160,170,170,170,170,316,316,316,587,587,585,585,-36,-36,-36,185,185,185,185,-204,-204,-204,-204,247,247,247,275,275,-164,-164,51,51,51,51,720,720,720,1047,1047,1047,692,692,692,739,739,332,332,332,415,415,415,415,-29,-29,-29,82,82,82,18,18,157,157,27,27,27,133,133,133,98,98,98,72,72,-146,-146,310,310,310,167,167,167,87,87,87,87,-56,-56,-56,-56,61,61,61,-51,-51,-51,64,64,64,308,308,308,158,158,158,181,181,181,121,121,121,-449,-449,-449,177,177,177,-481,-481,-481,-481,-282,-282,-282,-282,131,131,131,-134,-134,-300,-300,-300,-294,-294,-294,-47,-47,167,167,152,152,374,374,334,334,334,88,88,88,112,112,112,112,139,139,139,139,240,240,243,243,186,186,84,84,-102,-102,-102,-302,-302,-302,-146,-146,-146,-77,-77,-77,-102,-102,-102,-155,-155,-155,-155,-60,-60,-60,-52,-52,-52,252,252,252,204,204,138,138,-195,-195,1,1,1,198,198,198,198,462,462,462,462,137,137,137,92,92,92,239,239,239,253,253,253,253,419,419,419,467,467,469,469,314,314,293,293,293,475,475,475,736,736,736,736,755,755,755,483,483,483,467,467,467,752,752,752,752,582,582,582,582,373,373,373,373,741,741,741,741,798,798,798,798,357,357,357,591,591,591,416,416,416,535
59,7.292000000000000703,-433,-456,-299,-55,-55,-286,-286,-171,-171,102,102,-38,-38,206,306,282,282,246,246,65,65,-112,-112,-61,-61,223,223,12,12,-93,-93,269,269,269,-98,-98,-98,-168,-168,-168,-354,-354,-354,239,239,239,432,432,432,15,15,-165,-165,-99,-99,-40,-40,-40,19,19,19,230,230,230,-110,-110,-83,-83,123,123,22,22,22,-419,-419,-419,-293,-293,-198,-246,233,233,222,222,222,-193,-193,-135,-135,-42,-42,-39,-39,-129,-129,-129,61,61,61,-52,-52,-14,-78,-78,-233,-233,-34,-34,-34,96,96,223,223,21,21,158,158,146,146,67,11,-33,-75,82,82,25,25,117,117,262,262,262,374,374,76,76,-38,-38,-102,-102,-102,-7,-7,-7,183,183,60,60,0,0,158,158,55,55,55,139,139,199,199,-90,-90,217,217,315,315,25,25,25,-348,-348,-386,-222,-222,-114,-114,-157,-157,-157,1,1,1,313,313,880,880,660,660,302,302,-96,-96,-43,-43,140,140,303,303,577,577,413,413,82,82,298,298,298,330,330,160,160,85,85,-153,-153,-108,-108,6,6,-84,-170,-218,-218,-24,-24,117,117,225,225,-28,-28,-28,-61,-61,-61,-159,-159,-159,71,71,71,36,36,36,-118,-118,-128,-128,18,18,305,305,628,628,628,282,282,282,731,731,731,1014,1014,660,660,660,-158,-158,-158,-600,-600,-600,-251,-251,-251,600,600,600,911,911,127,127,358,358,358,-367,-367,-367,-332,-332,-332,-194,-194,-1204,-1204,-2633,-2633,-1871,-1871,39,39,39,308,308,308,308,669,669,171,171,43,43,73,73,73,176,176,176,176,371,371,371,553,553,406,406,71,71,71,268,268,268,268,-1,-1,-1,-1,150,150,150,318,318,-112,-112,126,126,126,126,629,629,629,1151,1151,1151,582,582,582,885,885,376,376,376,376,376,376,376,72,72,72,188,188,188,178,178,248,248,4,4,4,208,208,208,150,150,150,79,79,-86,-86,164,164,164,112,112,112,10,10,10,10,-20,-20,-20,-20,272,272,272,80,80,80,231,231,231,475,475,475,551,551,551,577,577,577,480,480,480,-156,-156,-156,704,704,704,-411,-411,-411,-411,-281,-281,-281,-281,78,78,78,-74,-74,-388,-388,-388,-283,-283,-283,98,98,159,159,34,34,298,298,189,189,189,-32,-32,-32,-72,-72,-72,-72,96,96,96,96,133,133,136,136,-70,-70,-84,-84,-203,-203,-203,-314,-314,-314,-158,-158,-158,4,4,4,69,69,69,-41,-41,-41,-41,-53,-53,-53,14,14,14,249,249,249,165,165,58,58,-189,-189,-147,-147,-147,127,127,127,127,447,447,447,447,219,219,219,216,216,216,202,202,202,214,214,214,214,422,422,422,390,390,437,437,306,306,223,223,223,394,394,394,544,544,544,544,601,601,601,462,462,462,432,432,432,724,724,724,724,726,726,726,726,491,491,491,491,643,643,643,643,888,888,888,888,560,560,560,633,633,633,459,459,459,544
60,7.492000000000000881,-444,-219,4,-9,-9,-144,-144,79,79,135,135,-6,-6,239,437,358,358,391,391,347,347,151,151,286,286,404,404,80,80,185,185,472,472,472,303,303,303,-40,-40,-40,-127,-127,-127,434,434,434,555,555,555,152,152,20,20,86,86,97,97,97,202,202,202,463,463,463,302,302,355,355,383,383,246,246,246,-169,-169,-169,-253,-253,-203,-136,316,316,518,518,518,43,43,95,95,295,295,184,184,34,34,34,368,368,368,196,196,86,23,23,2,2,261,261,261,488,488,546,546,352,352,285,285,311,311,346,283,137,120,319,319,152,152,99,99,380,380,380,481,481,175,175,31,31,-99,-99,-99,200,200,200,324,324,139,139,197,197,382,382,272,272,272,347,347,306,306,236,236,615,615,667,667,168,168,168,-26,-26,122,286,286,70,70,-178,-178,-178,-142,-142,-142,93,93,781,781,818,818,376,376,236,236,370,370,479,479,573,573,739,739,486,486,229,229,386,386,386,628,628,415,415,360,360,128,128,117,117,235,235,181,128,66,66,96,96,302,302,468,468,399,399,399,159,159,159,-8,-8,-8,236,236,236,96,96,96,-46,-46,12,12,197,197,447,447,796,796,796,533,533,533,720,720,720,768,768,608,608,608,-99,-99,-99,-418,-418,-418,-237,-237,-237,460,460,460,750,750,271,271,32,32,32,-596,-596,-596,-332,-332,-332,-138,-138,-516,-516,-1806,-1806,-2097,-2097,45,45,45,328,328,328,328,849,849,378,378,167,167,171,171,171,364,364,364,364,545,545,545,592,592,377,377,302,302,302,415,415,415,415,366,366,366,366,194,194,194,550,550,255,255,333,333,333,333,550,550,550,1030,1030,1030,512,512,512,917,917,524,524,524,405,405,405,405,366,366,366,386,386,386,469,469,474,474,102,102,102,354,354,354,359,359,359,259,259,173,173,157,157,157,269,269,269,145,145,145,145,224,224,224,224,490,490,490,402,402,402,542,542,542,643,643,643,891,891,891,901,901,901,843,843,843,280,280,280,1122,1122,1122,79,79,79,79,-50,-50,-50,-50,249,249,249,263,263,-139,-139,-139,-22,-22,-22,294,294,227,227,166,166,327,327,223,223,223,73,73,73,-113,-113,-113,-113,135,135,135,135,180,180,192,192,-28,-28,-24,-24,-36,-36,-36,-75,-75,-75,44,44,44,225,225,225,293,293,293,225,225,225,225,141,141,141,259,259,259,354,354,354,362,362,180,180,144,144,48,48,48,186,186,186,186,520,520,520,520,415,415,415,378,378,378,291,291,291,334,334,334,334,523,523,523,438,438,491,491,425,425,302,302,302,395,395,395,466,466,466,466,524,524,524,490,490,490,485,485,485,648,648,648,648,872,872,872,872,579,579,579,579,607,607,607,607,897,897,897,897,682,682,682,662,662,662,475,475,475,461
61,7.692000000000000171,-221,251,432,251,251,181,181,413,413,247,247,159,159,414,665,498,498,521,521,535,535,468,468,615,615,527,527,232,232,410,410,601,601,601,627,627,627,154,154,154,124,124,124,613,613,613,566,566,566,280,280,211,211,286,286,307,307,307,401,401,401,576,576,576,557,557,616,616,604,604,463,463,463,111,111,111,-89,-89,-20,135,488,488,677,677,677,234,234,304,304,555,555,362,362,225,225,225,592,592,592,443,443,269,277,277,380,380,560,560,560,784,784,741,741,599,599,373,373,424,424,550,514,408,355,487,487,331,331,194,194,468,468,468,569,569,412,412,217,217,-26,-26,-26,388,388,388,500,500,301,301,407,407,594,594,450,450,450,517,517,396,396,529,529,890,890,888,888,302,302,302,313,313,552,710,710,325,325,-71,-71,-71,-113,-113,-113,41,41,598,598,906,906,426,426,532,532,724,724,809,809,928,928,911,911,623,623,418,418,524,524,524,822,822,592,592,546,546,404,404,354,354,437,437,418,385,363,363,270,270,503,503,618,618,755,755,755,404,404,404,247,247,247,461,461,461,288,288,288,155,155,235,235,481,481,637,637,963,963,963,712,712,712,594,594,594,418,418,468,468,468,-8,-8,-8,-72,-72,-72,-128,-128,-128,427,427,427,590,590,528,528,-157,-157,-157,-481,-481,-481,-186,-186,-186,68,68,315,315,-602,-602,-1812,-1812,83,83,83,347,347,347,347,907,907,638,638,407,407,365,365,365,456,456,456,456,731,731,731,641,641,368,368,527,527,527,567,567,567,567,682,682,682,682,377,377,377,766,766,765,765,533,533,533,533,470,470,470,734,734,734,411,411,411,739,739,620,620,620,474,474,474,474,598,598,598,530,530,530,679,679,646,646,303,303,303,448,448,448,534,534,534,529,529,458,458,218,218,218,506,506,506,353,353,353,353,544,544,544,544,716,716,716,769,769,769,819,819,819,752,752,752,1072,1072,1072,1149,1149,1149,1070,1070,1070,713,713,713,1394,1394,1394,593,593,593,593,254,254,254,254,370,370,370,609,609,212,212,212,286,286,286,454,454,345,345,365,365,421,421,409,409,409,328,328,328,21,21,21,21,220,220,220,220,300,300,326,326,182,182,232,232,246,246,246,261,261,261,244,244,244,411,411,411,491,491,491,476,476,476,476,351,351,351,506,506,506,529,529,529,572,572,422,422,504,504,341,341,341,341,341,341,341,532,532,532,532,530,530,530,565,565,565,372,372,372,449,449,449,449,581,581,581,507,507,510,510,529,529,413,413,413,428,428,428,448,448,448,448,515,515,515,571,571,571,612,612,612,593,593,593,593,909,909,909,909,592,592,592,592,526,526,526,526,868,868,868,868,739,739,739,588,588,588,484,484,484,408
62,7.892000000000000348,109,584,806,462,462,483,483,661,661,299,299,409,409,558,720,574,574,582,582,532,532,635,635,744,744,440,440,235,235,434,434,601,601,601,743,743,743,296,296,296,242,242,242,585,585,585,440,440,440,298,298,272,272,357,357,339,339,339,457,457,457,493,493,493,596,596,699,699,653,653,505,505,505,400,400,400,117,117,99,347,473,473,670,670,670,346,346,339,339,607,607,375,375,316,316,316,612,612,612,547,547,409,449,449,650,650,714,714,714,818,818,741,741,669,669,324,324,400,400,576,592,547,516,500,500,418,418,267,267,450,450,450,536,536,471,471,280,280,95,95,95,478,478,478,570,570,442,442,462,462,604,604,468,468,468,518,518,419,419,662,662,909,909,827,827,292,292,292,477,477,691,855,855,526,526,79,79,79,-118,-118,-118,-34,-34,290,290,664,664,407,407,587,587,881,881,916,916,988,988,901,901,656,656,518,518,569,569,569,810,810,628,628,567,567,533,533,411,411,416,416,484,493,448,448,309,309,569,569,595,595,939,939,939,529,529,529,476,476,476,602,602,602,369,369,369,286,286,360,360,632,632,769,769,857,857,857,705,705,705,408,408,408,92,92,217,217,217,7,7,7,251,251,251,42,42,42,410,410,410,412,412,587,587,-192,-192,-192,-172,-172,-172,69,69,69,281,281,854,854,387,387,-1288,-1288,21,21,21,345,345,345,345,822,822,693,693,557,557,478,478,478,419,419,419,419,646,646,646,586,586,289,289,620,620,620,634,634,634,634,800,800,800,800,505,505,505,815,815,991,991,553,553,553,553,369,369,369,355,355,355,220,220,220,456,456,528,528,528,396,396,396,396,680,680,680,535,535,535,724,724,702,702,387,387,387,412,412,412,516,516,516,613,613,594,594,253,253,253,601,601,601,485,485,485,485,678,678,678,678,775,775,775,948,948,948,917,917,917,675,675,675,1057,1057,1057,1136,1136,1136,1083,1083,1083,929,929,929,1300,1300,1300,934,934,934,934,503,503,503,503,368,368,368,702,702,439,439,439,509,509,509,513,513,430,430,447,447,454,454,550,550,550,514,514,514,163,163,163,163,286,286,286,286,344,344,387,387,400,400,356,356,471,471,471,525,525,525,418,418,418,510,510,510,519,519,519,618,618,618,618,465,465,465,624,624,624,601,601,601,677,677,608,608,679,679,554,554,554,422,422,422,422,496,496,496,496,565,565,565,574,574,574,398,398,398,431,431,431,431,510,510,510,510,510,432,432,530,530,453,453,453,388,388,388,401,401,401,401,480,480,480,591,591,591,636,636,636,467,467,467,467,741,741,741,741,509,509,509,509,416,416,416,416,727,727,727,727,676,676,676,457,457,457,386,386,386,345
63,8.092000000000000526,431,709,733,453,453,536,536,624,624,311,311,446,446,576,551,492,492,379,379,381,381,527,527,593,593,226,226,134,134,255,255,363,363,363,593,593,593,280,280,280,186,186,186,413,413,413,212,212,212,169,169,172,172,234,234,225,225,225,300,300,300,260,260,260,406,406,531,531,502,502,389,389,389,452,452,452,209,209,135,243,276,276,410,410,410,306,306,248,248,369,369,253,253,301,301,301,356,356,356,411,411,379,446,446,646,646,579,579,579,557,557,457,457,463,463,255,255,280,280,410,485,465,481,295,295,266,266,242,242,305,305,305,296,296,353,353,216,216,172,172,172,395,395,395,471,471,423,423,412,412,407,407,339,339,339,277,277,276,276,560,560,659,659,509,509,103,103,103,363,363,529,672,672,400,400,105,105,105,-126,-126,-126,-180,-180,-122,-122,258,258,275,275,424,424,733,733,737,737,753,753,662,662,542,542,361,361,494,494,494,570,570,451,451,402,402,350,350,239,239,174,174,333,374,276,276,165,165,432,432,395,395,744,744,744,399,399,399,470,470,470,457,457,457,258,258,258,208,208,320,320,465,465,558,558,513,513,513,499,499,499,96,96,96,-200,-200,-26,-26,-26,-112,-112,-112,390,390,390,191,191,191,271,271,271,138,138,460,460,-175,-175,-175,-17,-17,-17,213,213,213,366,366,1089,1089,922,922,-747,-747,-238,-238,-238,227,227,227,227,471,471,517,517,324,324,394,394,394,150,150,150,150,357,357,357,313,313,137,137,474,474,474,497,497,497,497,649,649,649,649,457,457,457,559,559,805,805,345,345,345,345,156,156,156,-99,-99,-99,-14,-14,-14,39,39,238,238,238,217,217,217,217,519,519,519,387,387,387,564,564,500,500,301,301,301,269,269,269,315,315,315,418,418,488,488,159,159,159,481,481,481,464,464,464,464,514,514,514,514,534,534,534,875,875,875,781,781,781,452,452,452,831,831,831,929,929,929,900,900,900,886,886,886,903,903,903,1021,1021,1021,1021,624,624,624,624,286,286,286,530,530,412,412,412,520,520,520,389,389,356,356,312,312,377,377,497,497,497,532,532,532,221,221,221,221,245,245,245,245,318,318,312,312,387,387,346,346,464,464,464,479,479,479,382,382,382,441,441,441,379,379,379,461,461,461,461,374,374,374,537,537,537,491,491,491,562,562,510,510,556,556,488,488,488,362,362,362,362,346,346,346,346,384,384,384,426,426,426,275,275,275,297,297,297,297,285,285,285,366,366,244,244,312,312,297,297,297,284,284,284,278,278,278,278,359,359,359,474,474,474,502,502,502,340,340,340,340,483,483,483,483,361,361,361,361,204,204,204,204,454,454,454,454,481,481,481,293,293,293,262,262,262,197
64,8.291999999999999815,585,574,455,254,254,371,371,388,388,191,191,337,337,294,179,243,243,99,99,93,93,271,271,252,252,13,13,-55,-55,-6,-6,53,53,53,318,318,318,187,187,187,105,105,105,136,136,136,-21,-21,-21,-56,-56,40,40,60,60,6,6,6,99,99,99,33,33,33,170,170,312,312,190,190,84,84,84,327,327,327,232,232,69,6,-34,-34,169,169,169,208,208,73,73,62,62,57,57,158,158,158,57,57,57,180,180,241,279,279,437,437,267,267,267,178,178,103,103,111,111,106,106,116,116,125,202,261,250,3,3,-35,-35,133,133,44,44,44,-9,-9,29,29,-14,-14,157,157,157,291,291,291,293,293,289,289,155,155,80,80,116,116,116,-70,-70,31,31,228,228,207,207,41,41,-138,-138,-138,86,86,162,246,246,199,199,116,116,116,-131,-131,-131,-347,-347,-470,-470,-173,-173,86,86,133,133,352,352,368,368,280,280,314,314,349,349,147,147,301,301,301,270,270,184,184,114,114,84,84,-19,-19,-83,-83,36,157,77,77,-97,-97,66,66,49,49,326,326,326,134,134,134,221,221,221,188,188,188,34,34,34,27,27,110,110,222,222,219,219,43,43,43,145,145,145,-189,-189,-189,-387,-387,-198,-198,-198,-248,-248,-248,395,395,395,280,280,280,30,30,30,-159,-159,186,186,-115,-115,-115,4,4,4,272,272,272,299,299,867,867,1073,1073,-350,-350,-465,-465,-465,-25,-25,-25,-25,37,37,175,175,-2,-2,109,109,109,-183,-183,-183,-183,-31,-31,-31,-13,-13,-74,-74,182,182,182,286,286,286,286,284,284,284,284,202,202,202,122,122,243,243,74,74,74,74,-128,-128,-128,-357,-357,-357,-209,-209,-209,-296,-296,-133,-133,-133,-44,-44,-44,-44,242,242,242,188,188,188,255,255,192,192,143,143,143,99,99,99,0,0,0,99,99,238,238,21,21,21,165,165,165,291,291,291,291,271,271,271,271,194,194,194,562,562,562,369,369,369,132,132,132,399,399,399,572,572,572,559,559,559,576,576,576,468,468,468,876,876,876,876,586,586,586,586,194,194,194,143,143,267,267,267,281,281,281,177,177,194,194,144,144,207,207,311,311,311,364,364,364,207,207,207,207,207,207,207,207,211,211,158,158,179,179,137,137,267,267,267,304,304,304,208,208,208,209,209,209,157,157,157,188,188,188,188,162,162,162,309,309,309,323,323,323,296,296,325,325,222,222,223,223,223,234,234,234,234,171,171,171,171,154,154,154,175,175,175,85,85,85,97,97,97,97,48,48,48,168,168,-19,-19,13,13,82,82,82,88,88,88,87,87,87,87,165,165,165,283,283,283,261,261,261,114,114,114,114,168,168,168,168,218,218,218,218,0,0,0,0,186,186,186,186,269,269,269,74,74,74,48,48,48,43
65,8.492000000000000881,546,325,129,111,111,198,198,131,131,109,109,144,144,40,-145,-26,-26,-128,-128,-33,-33,49,49,-14,-14,-141,-141,-120,-120,-123,-123,-79,-79,-79,104,104,104,160,160,160,53,53,53,-76,-76,-76,-171,-171,-171,-163,-163,-84,-84,-71,-71,-89,-89,-89,-58,-58,-58,-76,-76,-76,85,85,182,182,-16,-16,-127,-127,-127,190,190,190,219,219,56,-214,-214,-214,8,8,8,109,109,-37,-37,-150,-150,-75,-75,53,53,53,-154,-154,-154,37,37,130,113,113,153,153,46,46,46,-167,-167,-198,-198,-99,-99,48,48,9,9,-89,-64,33,42,-228,-228,-195,-195,15,15,-82,-82,-82,-160,-160,-164,-164,-176,-176,170,170,170,200,200,200,130,130,107,107,-45,-45,-185,-185,-66,-66,-66,-269,-269,-140,-140,-17,-17,-104,-104,-311,-311,-265,-265,-265,-96,-96,-89,-100,-100,9,9,129,129,129,-29,-29,-29,-372,-372,-601,-601,-454,-454,-36,-36,-42,-42,-7,-7,-71,-71,-203,-203,-58,-58,113,113,-43,-43,139,139,139,13,13,-9,-9,-74,-74,-97,-97,-141,-141,-247,-247,-158,-100,-149,-149,-211,-211,-216,-216,-124,-124,-70,-70,-70,-102,-102,-102,-2,-2,-2,-68,-68,-68,-130,-130,-130,-107,-107,-63,-63,-34,-34,-141,-141,-334,-334,-334,-139,-139,-139,-271,-271,-271,-340,-340,-255,-255,-255,-293,-293,-293,314,314,314,322,322,322,-205,-205,-205,-338,-338,-116,-116,-134,-134,-134,-98,-98,-98,234,234,234,170,170,568,568,969,969,-19,-19,-571,-571,-571,-107,-107,-107,-107,-238,-238,-137,-137,-243,-243,-141,-141,-141,-429,-429,-429,-429,-411,-411,-411,-259,-259,-199,-199,-56,-56,-56,61,61,61,61,-27,-27,-27,-27,1,1,1,-323,-323,-251,-251,-144,-144,-144,-144,-274,-274,-274,-398,-398,-398,-240,-240,-240,-425,-425,-357,-357,-357,-198,-198,-198,-198,10,10,10,51,51,51,8,8,-22,-22,35,35,35,-6,-6,-6,-201,-201,-201,-135,-135,48,48,-87,-87,-87,-92,-92,-92,135,135,135,135,49,49,49,49,-120,-120,-120,172,172,172,-7,-7,-7,-176,-176,-176,32,32,32,130,130,130,32,32,32,219,219,219,46,46,46,630,630,630,630,452,452,452,452,89,89,89,-190,-190,79,79,79,94,94,94,-16,-16,29,29,-15,-15,48,48,158,158,158,186,186,186,166,166,166,166,131,131,131,131,92,92,54,54,-33,-33,-25,-25,36,36,36,122,122,122,3,3,3,16,16,16,10,10,10,-23,-23,-23,-23,-28,-28,-28,151,151,151,178,178,178,57,57,125,125,-9,-9,29,29,29,112,112,112,112,63,63,63,63,5,5,5,-16,-16,-16,-90,-90,-90,-85,-85,-85,-85,-82,-82,-82,41,41,-152,-152,-221,-221,-57,-57,-57,-43,-43,-43,-39,-39,-39,-39,37,37,37,59,59,59,-13,-13,-13,-87,-87,-87,-87,-140,-140,-140,-140,98,98,98,98,-140,-140,-140,-140,-52,-52,-52,-52,40,40,40,-91,-91,-91,-88,-88,-88,-120
66,8.692000000000000171,511,89,-107,2,2,15,15,-43,-43,52,52,16,16,-158,-276,-186,-186,-252,-252,-109,-109,-121,-121,-180,-180,-161,-161,-91,-91,-62,-62,-120,-120,-120,-28,-28,-28,183,183,183,78,78,78,-169,-169,-169,-107,-107,-107,-102,-102,-40,-40,-84,-84,-49,-49,-49,-95,-95,-95,-65,-65,-65,142,142,147,147,-130,-130,-251,-251,-251,5,5,5,154,154,44,-209,-228,-228,-8,-8,-8,151,151,-26,-26,-225,-225,-83,-83,0,0,0,-162,-162,-162,33,33,131,26,26,-36,-36,-56,-56,-56,-303,-303,-313,-313,-177,-177,68,68,-7,-7,-191,-223,-155,-116,-277,-277,-214,-214,-32,-32,-107,-107,-107,-202,-202,-213,-213,-146,-146,182,182,182,158,158,158,51,51,-4,-4,-148,-148,-161,-161,-142,-142,-142,-270,-270,-144,-144,-139,-139,-256,-256,-414,-414,-223,-223,-223,-106,-106,-157,-165,-165,-66,-66,204,204,204,143,143,143,-238,-238,-514,-514,-471,-471,-68,-68,-115,-115,-210,-210,-292,-292,-455,-455,-283,-283,-27,-27,-83,-83,18,18,18,-113,-113,-134,-134,-139,-139,-98,-98,-118,-118,-154,-154,-201,-190,-192,-192,-219,-219,-327,-327,-161,-161,-324,-324,-324,-180,-180,-180,-84,-84,-84,-162,-162,-162,-121,-121,-121,-70,-70,-73,-73,-140,-140,-312,-312,-481,-481,-481,-278,-278,-278,-176,-176,-176,-190,-190,-226,-226,-226,-283,-283,-283,134,134,134,352,352,352,-287,-287,-287,-386,-386,-339,-339,-231,-231,-231,-132,-132,-132,148,148,148,104,104,272,272,713,713,312,312,-500,-500,-500,-74,-74,-74,-74,-273,-273,-230,-230,-298,-298,-199,-199,-199,-454,-454,-454,-454,-543,-543,-543,-361,-361,-177,-177,-173,-173,-173,-72,-72,-72,-72,-117,-117,-117,-117,-99,-99,-99,-486,-486,-505,-505,-158,-158,-158,-158,-271,-271,-271,-277,-277,-277,-90,-90,-90,-321,-321,-349,-349,-349,-202,-202,-202,-202,-40,-40,-40,29,29,29,-66,-66,-182,-182,-6,-6,-6,-58,-58,-58,-236,-236,-236,-241,-241,-39,-39,-121,-121,-121,-186,-186,-186,36,36,36,36,-12,-12,-12,-12,-227,-227,-227,-156,-156,-156,-235,-235,-235,-304,-304,-304,-260,-260,-260,-106,-106,-106,-301,-301,-301,-150,-150,-150,-221,-221,-221,256,256,256,256,319,319,319,319,78,78,78,-454,-454,-51,-51,-51,-31,-31,-31,-107,-107,-67,-67,-57,-57,-58,-58,16,16,16,34,34,34,160,160,160,160,92,92,92,92,7,7,-9,-9,-124,-124,-113,-113,-118,-118,-118,7,7,7,-121,-121,-121,-123,-123,-123,-65,-65,-65,-127,-127,-127,-127,-98,-98,-98,61,61,61,104,104,104,-103,-103,9,9,-82,-82,-36,-36,-36,85,85,85,85,40,40,40,40,-31,-31,-31,-77,-77,-77,-144,-144,-144,-111,-111,-111,-111,-35,-35,-35,-17,-17,-147,-147,-212,-212,-108,-108,-108,-47,-47,-47,-49,-49,-49,-49,-59,-59,-59,-70,-70,-70,-170,-170,-170,-244,-244,-244,-244,-361,-361,-361,-361,25,25,25,25,20,20,20,20,-222,-222,-222,-222,-86,-86,-86,-127,-127,-127,-141,-141,-141,-119
67,8.892000000000001236,389,-77,-126,-4,-4,15,15,-87,-87,68,68,7,7,-145,-241,-228,-228,-198,-198,-63,-63,-162,-162,-197,-197,-114,-114,-66,-66,39,39,-70,-70,-70,38,38,38,203,203,203,160,160,160,-98,-98,-98,77,77,77,-3,-3,62,62,8,8,101,101,101,-8,-8,-8,55,55,55,245,245,137,137,-141,-141,-211,-211,-211,-90,-90,-90,141,141,134,-15,-12,-12,73,73,73,231,231,73,73,-151,-151,6,6,18,18,18,-26,-26,-26,112,112,133,36,36,-27,-27,-10,-10,-10,-179,-179,-204,-204,-93,-93,153,153,88,88,-94,-185,-197,-127,-114,-114,8,8,55,55,5,5,5,-55,-55,-92,-92,100,100,231,231,231,178,178,178,103,103,14,14,-12,-12,-22,-22,-61,-61,-61,-88,-88,-57,-57,-67,-67,-155,-155,-316,-316,-72,-72,-72,-30,-30,-49,-128,-128,-43,-43,311,311,311,321,321,321,19,19,-226,-226,-269,-269,19,19,-55,-55,-231,-231,-285,-285,-443,-443,-262,-262,-41,-41,31,31,-13,-13,-13,-68,-68,-109,-109,-53,-53,78,78,64,64,-14,-14,-91,-147,-117,-117,-46,-46,-186,-186,-53,-53,-327,-327,-327,-101,-101,-101,-9,-9,-9,-48,-48,-48,9,9,9,56,56,5,5,-43,-43,-263,-263,-388,-388,-388,-246,-246,-246,14,14,14,9,9,-108,-108,-108,-117,-117,-117,24,24,24,405,405,405,-225,-225,-225,-305,-305,-394,-394,-276,-276,-276,-21,-21,-21,126,126,126,142,142,243,243,581,581,603,603,-187,-187,-187,122,122,122,122,-56,-56,-108,-108,-61,-61,-44,-44,-44,-272,-272,-272,-272,-397,-397,-397,-311,-311,-62,-62,-130,-130,-130,-163,-163,-163,-163,-21,-21,-21,-21,-20,-20,-20,-439,-439,-411,-411,-12,-12,-12,-12,-99,-99,-99,9,9,9,104,104,104,-101,-101,-197,-197,-197,-67,-67,-67,-67,23,23,23,104,104,104,-76,-76,-174,-174,51,51,51,25,25,25,-93,-93,-93,-157,-157,-64,-64,-25,-25,-25,-123,-123,-123,75,75,75,75,79,79,79,79,-146,-146,-146,-282,-282,-282,-243,-243,-243,-270,-270,-270,-315,-315,-315,-173,-173,-173,-565,-565,-565,-338,-338,-338,-283,-283,-283,97,97,97,97,283,283,283,283,158,158,158,-379,-379,21,21,21,-17,-17,-17,-66,-66,-66,-66,-26,-26,-67,-67,-17,-17,-17,-57,-57,-57,158,158,158,158,51,51,51,51,3,3,21,21,-102,-102,-84,-84,-90,-90,-90,12,12,12,-104,-104,-104,-159,-159,-159,-61,-61,-61,-63,-63,-63,-63,-69,-69,-69,31,31,31,104,104,104,-46,-46,20,20,-10,-10,-51,-51,-51,56,56,56,56,98,98,98,98,27,27,27,-51,-51,-51,-91,-91,-91,-29,-29,-29,-29,106,106,106,75,75,-43,-43,-75,-75,-25,-25,-25,36,36,36,11,11,11,11,-73,-73,-73,-81,-81,-81,-150,-150,-150,-243,-243,-243,-243,-367,-367,-367,-367,124,124,124,124,224,224,224,224,-186,-186,-186,-186,-75,-75,-75,-26,-26,-26,-9,-9,-9,9
68,9.092000000000000526,256,-73,-62,61,61,116,116,46,46,102,102,41,41,-26,-105,-174,-174,-12,-12,48,48,-90,-90,-77,-77,14,14,91,91,214,214,97,97,97,178,178,178,360,360,360,267,267,267,28,28,28,213,213,213,105,105,211,211,185,185,267,267,267,108,108,108,197,197,197,329,329,166,166,-72,-72,-84,-84,-84,-109,-109,-109,81,81,198,280,271,271,222,222,222,309,309,194,194,43,43,142,142,121,121,121,214,214,214,224,224,155,114,114,85,85,115,115,115,63,63,63,63,112,112,250,250,241,241,126,5,-62,20,156,156,238,238,161,161,140,140,140,173,173,155,155,328,328,283,283,283,196,196,196,146,146,58,58,189,189,254,254,95,95,95,139,139,91,91,117,117,63,63,-47,-47,154,154,154,168,168,128,69,69,113,113,442,442,442,464,464,464,293,293,90,90,2,2,110,110,182,182,-52,-52,-122,-122,-182,-182,-88,-88,87,87,223,223,95,95,95,96,96,72,72,128,128,263,263,296,296,186,186,85,10,78,78,158,158,80,80,147,147,-100,-100,-100,91,91,91,187,187,187,177,177,177,207,207,207,263,263,193,193,149,149,-99,-99,-177,-177,-177,-31,-31,-31,260,260,260,305,305,70,70,70,104,104,104,-14,-14,-14,355,355,355,-27,-27,-27,-61,-61,-258,-258,-208,-208,-208,115,115,115,234,234,234,347,347,267,267,448,448,834,834,185,185,185,379,379,379,379,263,263,147,147,335,335,307,307,307,97,97,97,97,-88,-88,-88,-75,-75,143,143,33,33,33,-78,-78,-78,-78,231,231,231,231,218,218,218,-210,-210,-78,-78,212,212,212,212,143,143,143,251,251,251,375,375,375,235,235,64,64,64,163,163,163,163,177,177,177,234,234,234,90,90,-12,-12,133,133,133,154,154,154,167,167,167,55,55,17,17,172,172,172,45,45,45,184,184,184,184,292,292,292,292,60,60,60,-251,-251,-251,-65,-65,-65,-74,-74,-74,-180,-180,-180,-151,-151,-151,-518,-518,-518,-287,-287,-287,-171,-171,-171,132,132,132,132,297,297,297,297,279,279,279,-97,-97,178,178,178,127,127,127,94,94,72,72,101,101,61,61,22,22,22,-9,-9,-9,208,208,208,208,103,103,103,103,80,80,127,127,47,47,74,74,62,62,62,149,149,149,35,35,35,-24,-24,-24,95,95,95,154,154,154,154,88,88,88,106,106,106,156,156,156,140,140,168,168,184,184,145,145,145,152,152,152,152,198,198,198,198,171,171,171,112,112,112,124,124,124,177,177,177,177,330,330,330,207,207,190,190,192,192,150,150,150,257,257,257,140,140,140,140,24,24,24,18,18,18,2,2,2,-69,-69,-69,-69,-91,-91,-91,-91,251,251,251,251,501,501,501,501,20,20,20,20,126,126,126,241,241,241,246,246,246,273
69,9.291999999999999815,158,-62,-1,201,201,211,211,107,107,109,109,112,112,90,27,-66,-66,77,77,106,106,61,61,69,69,110,110,209,209,257,257,204,204,204,248,248,248,347,347,347,352,352,352,185,185,185,308,308,308,254,254,207,207,287,287,337,337,337,231,231,231,281,281,281,290,290,155,155,-3,-3,27,27,27,-75,-75,-75,45,45,190,376,404,404,305,305,305,304,304,309,309,247,247,255,255,228,228,228,400,400,400,319,319,208,175,175,195,195,216,216,216,272,272,251,251,282,282,268,268,303,303,275,174,108,161,319,319,385,385,181,181,186,186,186,221,221,308,308,452,452,313,313,313,202,202,202,170,170,120,120,300,300,411,411,252,252,252,273,273,201,201,241,241,221,221,192,192,322,322,322,284,284,238,197,197,202,202,446,446,446,477,477,477,440,440,280,280,220,220,185,185,305,305,138,138,96,96,96,96,144,144,211,211,314,314,158,158,158,231,231,227,227,291,291,310,310,343,343,321,321,197,142,202,202,248,248,266,266,260,260,127,127,127,155,155,155,311,311,311,299,299,299,350,350,350,340,340,314,314,245,245,47,47,11,11,11,179,179,179,443,443,443,465,465,244,244,244,334,334,334,-32,-32,-32,231,231,231,180,180,180,142,142,-56,-56,-175,-175,-175,206,206,206,314,314,314,428,428,296,296,328,328,782,782,384,384,384,498,498,498,498,508,508,357,357,508,508,488,488,488,397,397,397,397,224,224,224,107,107,295,295,257,257,257,64,64,64,64,412,412,412,412,396,396,396,129,129,182,182,295,295,295,295,274,274,274,357,357,357,456,456,456,411,411,240,240,240,283,283,283,283,267,267,267,277,277,277,215,215,139,139,174,174,174,226,226,226,267,267,267,218,218,118,118,346,346,346,178,178,178,229,229,229,229,430,430,430,430,217,217,217,-91,-91,-91,68,68,68,130,130,130,39,39,39,-55,-55,-55,-267,-267,-267,-109,-109,-109,88,88,88,151,151,151,151,336,336,336,336,371,371,371,141,141,311,311,311,309,309,309,225,225,185,185,215,215,171,171,69,69,69,109,109,109,257,257,257,257,181,181,181,181,168,168,227,227,164,164,151,151,160,160,160,247,247,247,212,212,212,105,105,105,201,201,201,260,260,260,260,213,213,213,131,131,131,219,219,219,217,217,255,255,275,275,260,260,260,160,160,160,160,278,278,278,278,262,262,262,215,215,215,281,281,281,330,330,330,330,412,412,412,311,311,333,333,378,378,306,306,306,381,381,381,273,273,273,273,189,189,189,184,184,184,137,137,137,105,105,105,105,174,174,174,174,411,411,411,411,690,690,690,690,235,235,235,235,303,303,303,427,427,427,432,432,432,437
70,9.492000000000000881,37,-63,52,187,187,182,182,112,112,77,77,78,78,88,16,25,25,171,171,158,158,142,142,172,172,178,178,196,196,190,190,206,206,206,214,214,214,332,332,332,363,363,363,234,234,234,247,247,247,216,216,218,218,288,288,291,291,291,221,221,221,264,264,264,209,209,89,89,6,6,-2,-2,-2,-77,-77,-77,-97,-97,-21,182,235,235,235,235,235,251,251,286,286,268,268,254,254,256,256,256,405,405,405,235,235,135,139,139,215,215,248,248,248,322,322,310,310,264,264,138,138,213,213,281,276,218,249,393,393,345,345,87,87,117,117,117,156,156,227,227,346,346,210,210,210,150,150,150,162,162,103,103,302,302,347,347,246,246,246,278,278,194,194,191,191,260,260,306,306,337,337,337,232,232,200,220,220,177,177,260,260,260,358,358,358,429,429,343,343,321,321,233,233,327,327,194,194,203,203,226,226,276,276,275,275,292,292,231,231,231,257,257,290,290,299,299,200,200,250,250,278,278,213,169,210,210,235,235,235,235,228,228,247,247,247,134,134,134,247,247,247,268,268,268,327,327,327,255,255,289,289,146,146,0,0,87,87,87,284,284,284,509,509,509,577,577,370,370,370,422,422,422,-46,-46,-46,-74,-74,-74,315,315,315,295,295,95,95,-126,-126,-126,83,83,83,265,265,265,317,317,179,179,109,109,544,544,345,345,345,322,322,322,322,457,457,410,410,495,495,404,404,404,561,561,561,561,344,344,344,226,226,295,295,388,388,388,129,129,129,129,432,432,432,432,448,448,448,274,274,171,171,200,200,200,200,248,248,248,255,255,255,337,337,337,437,437,348,348,348,327,327,327,327,247,247,247,237,237,237,220,220,195,195,210,210,210,247,247,247,251,251,251,212,212,140,140,409,409,409,152,152,152,156,156,156,156,348,348,348,348,266,266,266,30,30,30,119,119,119,248,248,248,191,191,191,57,57,57,7,7,7,87,87,87,259,259,259,121,121,121,121,284,284,284,284,358,358,358,257,257,283,283,283,393,393,393,322,322,213,213,230,230,240,240,74,74,74,140,140,140,222,222,222,222,191,191,191,191,210,210,229,229,213,213,209,209,189,189,189,233,233,233,244,244,244,112,112,112,222,222,222,250,250,250,250,293,293,293,111,111,111,190,190,190,230,230,212,212,245,245,255,255,255,164,164,164,164,248,248,248,248,269,269,269,247,247,247,312,312,312,319,319,319,319,330,330,330,292,292,387,387,381,381,335,335,335,343,343,343,300,300,300,300,268,268,268,251,251,251,161,161,161,221,221,221,221,352,352,352,352,395,395,395,395,640,640,640,640,361,361,361,361,357,357,357,474,474,474,497,497,497,459
71,9.692000000000000171,-80,-80,21,152,152,153,153,90,90,-1,-1,57,57,72,45,60,60,137,137,174,174,185,185,173,173,168,168,166,166,144,144,178,178,178,159,159,159,246,246,246,299,299,299,187,187,187,186,186,186,219,219,131,131,177,177,157,157,157,170,170,170,185,185,185,109,109,-12,-12,-17,-17,7,7,7,-28,-28,-28,-106,-106,-148,-98,-15,-15,133,133,133,160,160,206,206,229,229,181,181,203,203,203,335,335,335,131,131,31,76,76,166,166,147,147,147,258,258,268,268,131,131,6,6,80,80,200,268,234,225,284,284,252,252,-1,-1,-41,-41,-41,4,4,57,57,141,141,89,89,89,84,84,84,99,99,43,43,184,184,218,218,209,209,209,249,249,179,179,127,127,208,208,339,339,293,293,293,160,160,107,151,151,147,147,72,72,72,173,173,173,360,360,397,397,356,356,244,244,313,313,273,273,231,231,298,298,290,290,279,279,242,242,272,272,272,268,268,243,243,237,237,130,130,154,154,197,197,165,160,145,145,191,191,186,186,158,158,244,244,244,98,98,98,148,148,148,186,186,186,251,251,251,175,175,209,209,24,24,-73,-73,76,76,76,312,312,312,535,535,535,616,616,451,451,451,419,419,419,-11,-11,-11,-213,-213,-213,376,376,376,354,354,136,136,11,11,11,-86,-86,-86,157,157,157,113,113,11,11,-131,-131,172,172,186,186,186,113,113,113,113,322,322,359,359,328,328,184,184,184,553,553,553,553,359,359,359,244,244,252,252,380,380,380,177,177,177,177,316,316,316,316,363,363,363,297,297,163,163,110,110,110,110,154,154,154,139,139,139,217,217,217,396,396,399,399,399,295,295,295,295,217,217,217,234,234,234,200,200,276,276,249,249,249,218,218,218,210,210,210,184,184,155,155,359,359,359,150,150,150,62,62,62,62,159,159,159,159,243,243,243,135,135,135,180,180,180,346,346,346,292,292,292,197,197,197,323,323,323,237,237,237,437,437,437,211,211,211,211,205,205,205,205,303,303,303,340,340,271,271,271,361,361,361,352,352,276,276,265,265,265,265,125,125,125,222,222,222,212,212,212,212,196,196,196,196,199,199,177,177,233,233,184,184,175,175,175,176,176,176,253,253,253,136,136,136,185,185,185,228,228,228,228,297,297,297,110,110,110,171,171,171,244,244,217,217,180,180,192,192,192,183,183,183,183,219,219,219,219,227,227,227,210,210,210,204,204,204,232,232,232,232,217,217,217,230,230,364,364,332,332,267,267,267,312,312,312,305,305,305,305,305,305,305,300,300,300,185,185,185,221,221,221,221,424,424,424,424,326,326,326,326,562,562,562,562,383,383,383,383,310,310,310,450,450,450,441,441,441,451
72,9.892000000000001236,-180,9,34,152,152,131,131,28,28,-71,-71,3,3,76,102,119,119,106,106,167,167,185,185,119,119,125,125,141,141,76,76,122,122,122,108,108,108,148,148,148,189,189,189,141,141,141,191,191,191,170,170,99,99,113,113,83,83,83,95,95,95,91,91,91,14,14,-97,-97,-13,-13,81,81,81,59,59,59,-40,-40,-135,-216,-255,-255,16,16,16,88,88,144,144,125,125,63,63,165,165,165,231,231,231,84,84,34,101,101,155,155,116,116,116,170,170,208,208,51,51,-82,-82,-34,-34,38,144,198,174,215,215,172,172,-24,-24,-112,-112,-112,-50,-50,-18,-18,-17,-17,4,4,4,6,6,6,68,68,86,86,133,133,83,83,168,168,168,246,246,165,165,36,36,199,199,286,286,263,263,263,100,100,50,115,115,88,88,-19,-19,-19,66,66,66,335,335,375,375,361,361,221,221,274,274,406,406,315,315,364,364,326,326,277,277,209,209,313,313,313,262,262,190,190,195,195,188,188,206,206,198,198,200,174,146,146,223,223,177,177,143,143,251,251,251,139,139,139,72,72,72,123,123,123,212,212,212,150,150,200,200,61,61,-41,-41,142,142,142,360,360,360,556,556,556,584,584,462,462,462,413,413,413,88,88,88,-183,-183,-183,410,410,410,339,339,182,182,145,145,145,-247,-247,-247,14,14,14,-78,-78,-140,-140,-209,-209,-84,-84,72,72,72,-31,-31,-31,-31,152,152,313,313,236,236,92,92,92,506,506,506,506,444,444,444,286,286,183,183,339,339,339,224,224,224,224,230,230,230,230,308,308,308,359,359,163,163,44,44,44,44,103,103,103,90,90,90,122,122,122,351,351,429,429,429,261,261,261,261,239,239,239,227,227,227,205,205,295,295,304,304,304,256,256,256,173,173,173,154,154,146,146,238,238,238,149,149,149,64,64,64,64,70,70,70,70,271,271,271,239,239,239,277,277,277,421,421,421,372,372,372,273,273,273,507,507,507,401,401,401,521,521,521,348,348,348,348,199,199,199,199,312,312,312,455,455,313,313,313,370,370,370,298,298,302,302,255,255,302,302,170,170,170,285,285,285,198,198,198,198,202,202,202,202,216,216,152,152,209,209,182,182,156,156,156,138,138,138,220,220,220,191,191,191,159,159,159,235,235,235,235,293,293,293,207,207,207,225,225,225,264,264,224,224,139,139,236,236,236,247,247,247,247,185,185,185,185,219,219,219,265,265,265,199,199,199,244,244,244,244,188,188,188,224,224,271,271,318,318,247,247,247,260,260,260,348,348,348,348,319,319,319,298,298,298,198,198,198,217,217,217,217,392,392,392,392,296,296,296,296,356,356,356,356,343,343,343,343,232,232,232,374,374,374,337,337,337,369
73,10.09200000000000053,-170,102,111,31,31,60,60,15,15,-95,-95,-41,-41,9,70,68,68,6,6,73,73,68,68,18,18,2,2,47,47,17,17,76,76,76,-7,-7,-7,42,42,42,70,70,70,105,105,105,110,110,110,124,124,134,134,129,129,30,30,30,43,43,43,-34,-34,-34,-78,-78,-148,-148,-21,-21,110,110,110,133,133,133,35,35,-31,-207,-246,-246,-122,-122,-122,8,8,78,78,23,23,-64,-64,75,75,75,126,126,126,53,53,49,124,124,119,119,72,72,72,81,81,147,147,31,31,-28,-28,-130,-130,-138,-5,66,99,102,102,109,109,9,9,-128,-128,-128,-79,-79,-28,-28,-97,-97,-14,-14,-14,-64,-64,-64,50,50,115,115,74,74,2,2,179,179,179,264,264,200,200,24,24,169,169,204,204,185,185,185,56,56,17,63,63,13,13,-77,-77,-77,2,2,2,246,246,361,361,293,293,144,144,194,194,380,380,394,394,402,402,341,341,282,282,197,197,282,282,282,217,217,123,123,131,131,249,249,200,200,193,193,191,223,170,170,219,219,231,231,121,121,224,224,224,209,209,209,76,76,76,97,97,97,157,157,157,157,157,178,178,140,140,72,72,252,252,252,360,360,360,491,491,491,468,468,405,405,405,319,319,319,191,191,191,-52,-52,-52,348,348,348,298,298,184,184,180,180,180,-314,-314,-314,-152,-152,-152,-186,-186,-102,-102,-156,-156,-214,-214,32,32,32,-142,-142,-142,-142,-3,-3,280,280,226,226,94,94,94,413,413,413,413,463,463,463,225,225,73,73,276,276,276,260,260,260,260,86,86,86,86,168,168,168,370,370,272,272,64,64,64,64,61,61,61,75,75,75,57,57,57,233,233,442,442,442,258,258,258,258,165,165,165,177,177,177,151,151,228,228,267,267,267,187,187,187,75,75,75,94,94,89,89,53,53,53,127,127,127,86,86,86,86,15,15,15,15,228,228,228,254,254,254,291,291,291,469,469,469,393,393,393,312,312,312,606,606,606,458,458,458,521,521,521,425,425,425,425,217,217,217,217,313,313,313,432,432,256,256,256,280,280,280,213,213,222,222,204,204,250,250,163,163,163,204,204,204,117,117,117,117,157,157,157,157,124,124,61,61,131,131,139,139,96,96,96,64,64,64,125,125,125,148,148,148,69,69,69,173,173,173,173,220,220,220,194,194,194,204,204,204,226,226,233,233,123,123,227,227,227,226,226,226,226,149,149,149,149,159,159,159,229,229,229,156,156,156,176,176,176,176,151,151,151,178,178,174,174,257,257,180,180,180,211,211,211,283,283,283,283,244,244,244,197,197,197,170,170,170,187,187,187,187,261,261,261,261,187,187,187,187,182,182,182,182,295,295,295,295,142,142,142,262,262,262,229,229,229,270
74,10.29200000000000159,-93,114,48,-20,-20,-10,-10,-5,-5,-116,-116,-144,-144,-102,-54,-22,-22,-89,-89,-104,-104,-100,-100,-130,-130,-128,-128,-44,-44,-39,-39,-10,-10,-10,-92,-92,-92,-80,-80,-80,-93,-93,-93,-9,-9,-9,36,36,36,102,102,88,88,41,41,5,5,5,-23,-23,-23,-165,-165,-165,-209,-209,-206,-206,-32,-32,102,102,102,115,115,115,88,88,61,-56,-241,-241,-270,-270,-270,-111,-111,-12,-12,-55,-55,-138,-138,-22,-22,-22,0,0,0,16,16,60,96,96,34,34,5,5,5,17,17,49,49,-30,-30,-59,-59,-197,-197,-233,-160,-83,-45,-55,-55,-42,-42,42,42,-118,-118,-118,-87,-87,-75,-75,-154,-154,-46,-46,-46,-74,-74,-74,22,22,120,120,-7,-7,-80,-80,102,102,102,179,179,130,130,45,45,127,127,135,135,80,80,80,-20,-20,-23,27,27,39,39,-55,-55,-55,-70,-70,-70,123,123,221,221,168,168,63,63,65,65,282,282,369,369,353,353,362,362,234,234,128,128,180,180,180,109,109,36,36,68,68,242,242,179,179,141,141,205,173,121,121,137,137,169,169,100,100,185,185,185,218,218,218,67,67,67,80,80,80,69,69,69,127,127,140,140,183,183,213,213,289,289,289,264,264,264,303,303,303,292,292,270,270,270,195,195,195,269,269,269,113,113,113,282,282,282,168,168,184,184,140,140,140,-326,-326,-326,-276,-276,-276,-216,-216,11,11,84,84,-229,-229,-6,-6,-6,-224,-224,-224,-224,-66,-66,216,216,249,249,188,188,188,312,312,312,312,396,396,396,180,180,6,6,161,161,161,185,185,185,185,-56,-56,-56,-56,23,23,23,334,334,341,341,92,92,92,92,13,13,13,68,68,68,14,14,14,107,107,342,342,342,218,218,218,218,64,64,64,64,64,64,94,94,122,122,155,155,155,89,89,89,4,4,4,41,41,30,30,-80,-80,-80,53,53,53,64,64,64,64,-33,-33,-33,-33,103,103,103,211,211,211,225,225,225,419,419,419,355,355,355,326,326,326,584,584,584,449,449,449,532,532,532,502,502,502,502,158,158,158,158,247,247,247,322,322,137,137,137,81,81,81,104,104,131,131,97,97,126,126,146,146,146,123,123,123,16,16,16,16,58,58,58,58,36,36,-50,-50,24,24,-7,-7,0,0,0,-21,-21,-21,27,27,27,68,68,68,-50,-50,-50,53,53,53,53,100,100,100,154,154,154,145,145,145,127,127,187,187,96,96,169,169,169,165,165,165,165,78,78,78,78,65,65,65,126,126,126,111,111,111,118,118,118,118,130,130,130,142,142,96,96,146,146,101,101,101,117,117,117,182,182,182,182,96,96,96,98,98,98,118,118,118,85,85,85,85,82,82,82,82,72,72,72,72,-7,-7,-7,-7,155,155,155,155,46,46,46,112,112,112,137,137,137,149
75,10.49200000000000088,-77,39,19,-97,-97,-59,-59,-26,-26,-86,-86,-195,-195,-150,-169,-131,-131,-177,-177,-182,-182,-178,-178,-180,-180,-128,-128,-105,-105,-58,-58,-86,-86,-86,-196,-196,-196,-164,-164,-164,-173,-173,-173,-69,-69,-69,-66,-66,-66,48,48,66,66,44,44,-27,-27,-27,-67,-67,-67,-220,-220,-220,-282,-282,-203,-203,-44,-44,59,59,59,86,86,86,59,59,105,25,-158,-158,-280,-280,-280,-190,-190,-71,-71,-58,-58,-134,-134,-75,-75,-75,-101,-101,-101,3,3,48,53,53,-21,-21,-6,-6,-6,-68,-68,-50,-50,-97,-97,-63,-63,-184,-184,-215,-200,-164,-135,-152,-152,-165,-165,-2,-2,-67,-67,-67,-42,-42,-91,-91,-162,-162,-81,-81,-81,-76,-76,-76,9,9,75,75,-78,-78,-121,-121,44,44,44,59,59,80,80,8,8,23,23,65,65,-17,-17,-17,-40,-40,-31,-9,-9,48,48,-40,-40,-40,-74,-74,-74,5,5,94,94,122,122,-1,-1,-60,-60,154,154,285,285,271,271,304,304,174,174,30,30,31,31,31,-28,-28,-25,-25,6,6,124,124,92,92,104,104,162,145,65,65,55,55,114,114,101,101,106,106,106,175,175,175,33,33,33,54,54,54,-21,-21,-21,64,64,72,72,155,155,245,245,220,220,220,118,118,118,96,96,96,123,123,193,193,193,95,95,95,281,281,281,222,222,222,116,116,116,98,98,185,185,-38,-38,-38,-267,-267,-267,-285,-285,-285,-107,-107,91,91,334,334,-133,-133,29,29,29,-282,-282,-282,-282,-125,-125,110,110,229,229,176,176,176,141,141,141,141,287,287,287,120,120,-38,-38,6,6,6,179,179,179,179,-158,-158,-158,-158,-64,-64,-64,220,220,327,327,145,145,145,145,15,15,15,50,50,50,-42,-42,-42,-36,-36,226,226,226,142,142,142,142,-85,-85,-85,-85,-85,-85,20,20,41,41,57,57,57,-4,-4,-4,-7,-7,-7,10,10,24,24,-137,-137,-137,16,16,16,110,110,110,110,-10,-10,-10,-10,23,23,23,144,144,144,145,145,145,226,226,226,290,290,290,244,244,244,425,425,425,345,345,345,425,425,425,467,467,467,467,97,97,97,97,191,191,191,180,180,-23,-23,-23,-31,-31,-31,35,35,50,50,7,7,58,58,110,110,110,19,19,19,-22,-22,-22,-22,-24,-24,-24,-24,-31,-31,-91,-91,-56,-56,-51,-51,-27,-27,-27,-53,-53,-53,-30,-30,-30,21,21,21,-87,-87,-87,7,7,7,7,7,7,7,87,87,87,62,62,62,56,56,97,97,81,81,98,98,98,76,76,76,76,6,6,6,6,26,26,26,59,59,59,69,69,69,65,65,65,65,77,77,77,133,133,35,35,63,63,42,42,42,41,41,41,103,103,103,103,-8,-8,-8,-33,-33,-33,62,62,62,62,62,62,62,-16,-16,-16,-16,-41,-41,-41,-41,-131,-131,-131,-131,26,26,26,26,-63,-63,-63,-19,-19,-19,31,31,31,70
76,10.69200000000000017,-52,-24,-34,-131,-131,-59,-59,-32,-32,-6,-6,-146,-146,-98,-98,-138,-138,-117,-117,-199,-199,-154,-154,-143,-143,-83,-83,-120,-120,-63,-63,-86,-86,-86,-170,-170,-170,-175,-175,-175,-162,-162,-162,-100,-100,-100,-116,-116,-116,28,28,28,28,-23,-23,-24,-24,-24,-60,-60,-60,-173,-173,-173,-246,-246,-121,-121,23,23,16,16,16,52,52,52,77,77,94,70,-32,-32,-227,-227,-227,-211,-211,-79,-79,-17,-17,-44,-44,-66,-66,-66,-119,-119,-119,-6,-6,50,14,14,-41,-41,-28,-28,-28,-92,-92,-109,-109,-111,-111,-70,-70,-104,-104,-130,-159,-137,-91,-179,-179,-160,-160,-1,-1,11,11,11,-3,-3,-60,-60,-135,-135,-114,-114,-114,-56,-56,-56,-22,-22,62,62,-145,-145,-169,-169,-50,-50,-50,-58,-58,-3,-3,28,28,-6,-6,5,5,-91,-91,-91,-44,-44,-11,-40,-40,25,25,-42,-42,-42,-72,-72,-72,-69,-69,28,28,44,44,-29,-29,-50,-50,55,55,193,193,156,156,226,226,134,134,-37,-37,-85,-85,-85,-96,-96,-44,-44,-16,-16,-17,-17,-32,-32,35,35,90,51,27,27,8,8,13,13,63,63,55,55,55,136,136,136,0,0,0,-10,-10,-10,-55,-55,-55,-1,-1,-18,-18,56,56,135,135,110,110,110,-29,-29,-29,-60,-60,-60,14,14,154,154,154,52,52,52,282,282,282,306,306,306,-30,-30,-30,31,31,144,144,-159,-159,-159,-214,-214,-214,-162,-162,-162,9,9,218,218,619,619,91,91,127,127,127,-303,-303,-303,-303,-202,-202,24,24,135,135,99,99,99,18,18,18,18,189,189,189,95,95,-70,-70,-81,-81,-81,113,113,113,113,-224,-224,-224,-224,-97,-97,-97,141,141,218,218,175,175,175,175,37,37,37,45,45,45,-85,-85,-85,-118,-118,81,81,81,80,80,80,80,-89,-89,-89,-197,-197,-197,-28,-28,-23,-23,-44,-44,-44,-48,-48,-48,6,6,6,29,29,56,56,-61,-61,-61,-4,-4,-4,63,63,63,63,19,19,19,19,-91,-91,-91,96,96,96,22,22,22,30,30,30,146,146,146,164,164,164,201,201,201,251,251,251,300,300,300,391,391,391,391,29,29,29,29,130,130,130,85,85,-160,-160,-160,-113,-113,-113,-27,-27,21,21,-9,-9,23,23,83,83,83,-13,-13,-13,-29,-29,-29,-29,0,0,0,0,-42,-42,-96,-96,-74,-74,-81,-81,-15,-15,-15,-43,-43,-43,-57,-57,-57,-8,-8,-8,-61,-61,-61,-57,-57,-57,-57,-17,-17,-17,47,47,47,8,8,8,-8,-8,54,54,28,28,-26,-26,-26,-5,-5,-5,-5,-24,-24,-24,-24,-26,-26,-26,1,1,1,69,69,69,21,21,21,21,71,71,71,93,93,30,30,15,15,7,7,7,-11,-11,-11,0,0,0,0,-41,-41,-41,-89,-89,-89,38,38,38,16,16,16,16,-44,-44,-44,-44,-121,-121,-121,-121,-183,-183,-183,-183,-47,-47,-47,-47,-96,-96,-96,-144,-144,-144,-36,-36,-36,-18
77,10.89200000000000124,21,39,-24,-98,-98,-86,-86,99,99,138,138,49,49,50,60,-60,-60,17,17,-52,-52,-51,-51,2,2,66,66,1,1,17,17,-14,-14,-14,-77,-77,-77,-123,-123,-123,-117,-117,-117,-46,-46,-46,-100,-100,-100,28,28,41,41,-9,-9,44,44,44,1,1,1,-52,-52,-52,-113,-113,-18,-18,73,73,27,27,27,46,46,46,104,104,104,74,117,117,-81,-81,-81,-156,-156,-55,-55,23,23,32,32,-4,-4,-4,-83,-83,-83,44,44,76,73,73,11,11,1,1,1,-75,-75,-98,-98,-5,-5,2,2,34,34,25,8,-35,-14,-105,-105,-112,-112,12,12,84,84,84,40,40,36,36,2,2,-35,-35,-35,40,40,40,3,3,30,30,-57,-57,-97,-97,-64,-64,-64,-76,-76,-38,-38,65,65,31,31,-9,-9,-70,-70,-70,-16,-16,8,1,1,-39,-39,37,37,37,-25,-25,-25,2,2,47,47,75,75,33,33,-56,-56,-13,-13,106,106,102,102,181,181,139,139,24,24,-39,-39,-39,-37,-37,-30,-30,-52,-52,-75,-75,-67,-67,-11,-11,46,49,17,17,2,2,37,37,70,70,7,7,7,86,86,86,20,20,20,23,23,23,-19,-19,-19,36,36,-22,-22,10,10,87,87,2,2,2,-58,-58,-58,-85,-85,-85,9,9,123,123,123,-1,-1,-1,260,260,260,368,368,368,-21,-21,-21,62,62,104,104,-196,-196,-196,-81,-81,-81,10,10,10,133,133,348,348,837,837,393,393,261,261,261,-209,-209,-209,-209,-209,-209,33,33,27,27,61,61,61,-52,-52,-52,-52,125,125,125,136,136,13,13,-128,-128,-128,137,137,137,137,-159,-159,-159,-159,-97,-97,-97,74,74,217,217,266,266,266,266,169,169,169,132,132,132,-20,-20,-20,-83,-83,10,10,10,86,86,86,86,10,10,10,-145,-145,-145,-49,-49,-3,-3,-30,-30,-30,-15,-15,-15,90,90,90,108,108,152,152,27,27,27,43,43,43,108,108,108,108,131,131,131,131,-49,-49,-49,102,102,102,18,18,18,-3,-3,-3,152,152,152,180,180,180,79,79,79,123,123,123,196,196,196,272,272,272,272,53,53,53,53,79,79,79,46,46,-115,-115,-115,-94,-94,-94,-46,-46,41,41,58,58,29,29,121,121,121,-7,-7,-7,-9,-9,-9,-9,12,12,12,12,11,11,-26,-26,-55,-55,-36,-36,9,9,9,-4,-4,-4,-63,-63,-63,-6,-6,-6,-2,-2,-2,-16,-16,-16,-16,-5,-5,-5,35,35,35,31,31,31,13,13,38,38,18,18,17,17,17,-10,-10,-10,-10,26,26,26,26,-11,-11,-11,20,20,20,34,34,34,62,62,62,62,119,119,119,137,137,98,98,73,73,23,23,23,-10,-10,-10,67,67,67,67,-11,-11,-11,-57,-57,-57,59,59,59,58,58,58,58,-43,-43,-43,-43,-137,-137,-137,-137,-92,-92,-92,-92,-73,-73,-73,-73,-51,-51,-51,-135,-135,-135,-59,-59,-59,-65
78,11.09200000000000053,104,55,23,8,8,73,73,160,160,273,273,209,209,258,252,93,93,115,115,105,105,107,107,132,132,149,149,110,110,62,62,63,63,63,28,28,28,-73,-73,-73,-31,-31,-31,-17,-17,-17,4,4,4,1,1,49,49,65,65,126,126,126,74,74,74,50,50,50,74,74,88,88,93,93,49,49,49,56,56,56,138,138,104,138,210,210,58,58,58,-44,-44,-35,-35,42,42,40,40,39,39,39,9,9,9,43,43,74,131,131,125,125,82,82,82,21,21,4,4,32,32,58,58,163,163,176,97,74,66,33,33,-5,-5,90,90,178,178,178,64,64,106,106,125,125,15,15,15,108,108,108,59,59,18,18,32,32,25,25,-25,-25,-25,-19,-19,3,3,116,116,104,104,25,25,-40,-40,-40,66,66,67,-1,-1,4,4,65,65,65,82,82,82,70,70,96,96,118,118,63,63,28,28,5,5,87,87,79,79,180,180,161,161,129,129,121,121,121,118,118,-7,-7,-43,-43,-100,-100,-92,-92,-17,-17,31,46,12,12,28,28,95,95,120,120,16,16,16,48,48,48,116,116,116,108,108,108,62,62,62,99,99,78,78,21,21,53,53,0,0,0,-10,-10,-10,-31,-31,-31,19,19,111,111,111,-46,-46,-46,207,207,207,343,343,343,8,8,8,82,82,99,99,-52,-52,-52,1,1,1,202,202,202,260,260,444,444,959,959,687,687,348,348,348,-28,-28,-28,-28,-116,-116,-3,-3,21,21,147,147,147,10,10,10,10,150,150,150,274,274,111,111,-86,-86,-86,148,148,148,148,-27,-27,-27,-27,-25,-25,-25,69,69,222,222,355,355,355,355,331,331,331,268,268,268,67,67,67,6,6,-22,-22,-22,76,76,76,76,122,122,122,-22,-22,-22,6,6,26,26,6,6,6,81,81,81,166,166,166,159,159,175,175,121,121,121,158,158,158,152,152,152,152,228,228,228,228,65,65,65,151,151,151,108,108,108,75,75,75,194,194,194,174,174,174,46,46,46,104,104,104,127,127,127,223,223,223,223,100,100,100,100,105,105,105,52,52,3,3,3,-78,-78,-78,11,11,49,49,59,59,81,81,112,112,112,91,91,91,83,83,83,83,71,71,71,71,34,34,70,70,16,16,20,20,46,46,46,39,39,39,-44,-44,-44,1,1,1,49,49,49,54,54,54,54,66,66,66,79,79,79,64,64,64,96,96,93,93,74,74,55,55,55,60,60,60,60,84,84,84,84,71,71,71,45,45,45,70,70,70,141,141,141,141,202,202,202,148,148,169,169,135,135,97,97,97,91,91,91,120,120,120,120,93,93,93,41,41,41,103,103,103,92,92,92,92,13,13,13,13,-84,-84,-84,-84,-39,-39,-39,-39,34,34,34,34,31,31,31,-21,-21,-21,-8,-8,-8,-73
79,11.29200000000000159,99,18,0,56,56,111,111,159,159,267,267,271,271,346,286,139,139,151,151,160,160,130,130,169,169,157,157,117,117,115,115,82,82,82,65,65,65,-40,-40,-40,-31,-31,-31,46,46,46,3,3,3,-18,-18,17,17,59,59,158,158,158,82,82,82,106,106,106,104,104,102,102,66,66,8,8,8,22,22,22,72,72,123,109,203,203,140,140,140,4,4,-67,-67,-8,-8,-3,-3,33,33,33,18,18,18,43,43,64,122,122,162,162,106,106,106,69,69,40,40,74,74,76,76,168,168,176,103,69,73,82,82,71,71,104,104,144,144,144,112,112,104,104,151,151,69,69,69,135,135,135,77,77,17,17,114,114,138,138,24,24,24,-14,-14,47,47,148,148,138,138,25,25,-7,-7,-7,72,72,65,45,45,2,2,84,84,84,166,166,166,113,113,100,100,92,92,72,72,50,50,-9,-9,48,48,84,84,133,133,165,165,181,181,240,240,240,187,187,-25,-25,-96,-96,-93,-93,-120,-120,-65,-65,-57,-22,28,28,52,52,158,158,149,149,10,10,10,-16,-16,-16,134,134,134,184,184,184,108,108,108,122,122,100,100,54,54,93,93,0,0,0,45,45,45,27,27,27,6,6,91,91,91,-50,-50,-50,101,101,101,236,236,236,89,89,89,125,125,73,73,93,93,93,133,133,133,349,349,349,240,240,437,437,928,928,883,883,369,369,369,125,125,125,125,-42,-42,-11,-11,38,38,143,143,143,30,30,30,30,155,155,155,273,273,166,166,-2,-2,-2,162,162,162,162,125,125,125,125,71,71,71,82,82,158,158,316,316,316,316,431,431,431,367,367,367,192,192,192,59,59,-55,-55,-55,66,66,66,66,164,164,164,79,79,79,-1,-1,13,13,-18,-18,-18,127,127,127,184,184,184,158,158,115,115,150,150,150,180,180,180,201,201,201,201,245,245,245,245,138,138,138,171,171,171,187,187,187,146,146,146,197,197,197,219,219,219,43,43,43,66,66,66,99,99,99,185,185,185,185,180,180,180,180,73,73,73,-32,-32,100,100,100,-29,-29,-29,-7,-7,21,21,41,41,79,79,85,85,85,115,115,115,107,107,107,107,80,80,80,80,20,20,64,64,27,27,49,49,46,46,46,9,9,9,-81,-81,-81,-29,-29,-29,29,29,29,60,60,60,60,48,48,48,94,94,94,81,81,81,33,33,80,80,64,64,95,95,95,90,90,90,90,138,138,138,138,79,79,79,13,13,13,49,49,49,164,164,164,164,201,201,201,159,159,159,159,146,146,91,91,91,142,142,142,166,166,166,166,128,128,128,53,53,53,120,120,120,149,149,149,149,6,6,6,6,-56,-56,-56,-56,82,82,82,82,44,44,44,44,49,49,49,20,20,20,-46,-46,-46,-71
80,11.49200000000000088,65,-39,18,71,71,57,57,65,65,144,144,272,272,291,222,166,166,135,135,119,119,84,84,128,128,109,109,78,78,14,14,-16,-16,-16,18,18,18,30,30,30,-49,-49,-49,-23,-23,-23,2,2,2,-75,-75,-27,-27,57,57,56,56,56,39,39,39,79,79,79,89,89,54,54,-18,-18,-57,-57,-57,-46,-46,-46,-21,-21,7,5,126,126,112,112,112,-4,-4,-110,-110,-76,-76,-36,-36,-66,-66,-66,19,19,19,42,42,13,34,34,76,76,75,75,75,96,96,53,53,48,48,-3,-3,59,59,90,29,15,-37,55,55,42,42,57,57,82,82,82,85,85,62,62,40,40,36,36,36,86,86,86,64,64,-63,-63,-11,-11,106,106,-23,-23,-23,-30,-30,60,60,118,118,93,93,-43,-43,-17,-17,-17,31,31,32,46,46,-8,-8,60,60,60,146,146,146,38,38,29,29,20,20,31,31,34,34,-32,-32,19,19,44,44,92,92,153,153,108,108,206,206,206,146,146,-61,-61,-124,-124,-176,-176,-138,-138,-158,-158,-136,-97,1,1,31,31,82,82,72,72,-32,-32,-32,-98,-98,-98,126,126,126,142,142,142,116,116,116,64,64,71,71,66,66,-27,-27,-54,-54,-54,36,36,36,74,74,74,-25,-25,10,10,10,-133,-133,-133,-112,-112,-112,60,60,60,145,145,145,101,101,-2,-2,186,186,186,149,149,149,334,334,334,224,224,275,275,675,675,843,843,201,201,201,174,174,174,174,11,11,-43,-43,12,12,30,30,30,39,39,39,39,52,52,52,181,181,146,146,44,44,44,120,120,120,120,216,216,216,216,114,114,114,57,57,-27,-27,175,175,175,175,387,387,387,397,397,397,231,231,231,43,43,-125,-125,-125,-27,-27,-27,-27,97,97,97,104,104,104,-4,-4,-73,-73,-73,-73,-73,109,109,109,91,91,91,71,71,55,55,119,119,119,148,148,148,142,142,142,142,194,194,194,194,138,138,138,100,100,100,142,142,142,167,167,167,143,143,143,231,231,231,-17,-17,-17,-39,-39,-39,33,33,33,58,58,58,58,189,189,189,189,8,8,8,-131,-131,143,143,143,-4,-4,-4,1,1,-5,-5,-38,-38,0,0,27,27,27,75,75,75,90,90,90,90,93,93,93,93,19,19,26,26,-33,-33,20,20,-2,-2,-2,-13,-13,-13,-113,-113,-113,-59,-59,-59,-21,-21,-21,22,22,22,22,-3,-3,-3,63,63,63,36,36,36,-23,-23,10,10,65,65,19,19,19,50,50,50,50,122,122,122,122,53,53,53,-31,-31,-31,-24,-24,-24,69,69,69,69,134,134,134,71,71,78,78,70,70,102,102,102,122,122,122,151,151,151,151,104,104,104,58,58,58,77,77,77,143,143,143,143,-45,-45,-45,-45,-52,-52,-52,-52,67,67,67,67,4,4,4,4,-20,-20,-20,-41,-41,-41,-81,-81,-81,-76
81,11.69200000000000017,62,-92,-58,-49,-49,-35,-35,-9,-9,23,23,213,213,181,105,152,152,120,120,119,119,27,27,99,99,72,72,17,17,-71,-71,-62,-62,-62,6,6,6,46,46,46,-35,-35,-35,-55,-55,-55,5,5,5,-92,-92,-74,-74,-32,-32,-38,-38,-38,-34,-34,-34,51,51,51,39,39,-33,-33,-56,-56,-102,-102,-102,-79,-79,-79,-121,-121,-124,-107,-8,-8,34,34,34,-17,-17,-129,-129,-52,-52,-32,-32,-78,-78,-78,-3,-3,-3,40,40,-37,-20,-20,-39,-39,-1,-1,-1,40,40,13,13,-41,-41,-75,-75,-33,-33,-27,-36,-30,-88,-52,-52,-25,-25,-69,-69,-23,-23,-23,-13,-13,-39,-39,-100,-100,-50,-50,-50,14,14,14,-11,-11,-78,-78,-80,-80,-11,-11,-43,-43,-43,-72,-72,36,36,27,27,-19,-19,-72,-72,-11,-11,-11,7,7,-21,18,18,-39,-39,-45,-45,-45,49,49,49,-54,-54,-42,-42,-16,-16,14,14,46,46,-74,-74,-61,-61,2,2,12,12,61,61,-4,-4,108,108,108,58,58,-53,-53,-80,-80,-182,-182,-148,-148,-163,-163,-173,-118,-33,-33,-30,-30,31,31,10,10,-83,-83,-83,-168,-168,-168,61,61,61,81,81,81,68,68,68,-17,-17,0,0,-26,-26,-115,-115,-109,-109,-109,-20,-20,-20,35,35,35,-6,-6,-4,-4,-4,-144,-144,-144,-216,-216,-216,-95,-95,-95,154,154,154,73,73,-73,-73,261,261,261,147,147,147,228,228,228,88,88,108,108,375,375,627,627,28,28,28,149,149,149,149,42,42,-73,-73,-90,-90,-154,-154,-154,12,12,12,12,-50,-50,-50,57,57,87,87,64,64,64,52,52,52,52,203,203,203,203,99,99,99,-47,-47,-193,-193,-6,-6,-6,-6,262,262,262,373,373,373,220,220,220,-13,-13,-156,-156,-156,-102,-102,-102,-102,13,13,13,115,115,115,-84,-84,-109,-109,-56,-56,-56,88,88,88,52,52,52,7,7,6,6,95,95,95,58,58,58,60,60,60,60,86,86,86,86,69,69,69,34,34,34,45,45,45,73,73,73,110,110,110,218,218,218,-55,-55,-55,-103,-103,-103,23,23,23,-55,-55,-55,-55,195,195,195,195,-51,-51,-51,-187,-187,122,122,122,66,66,66,26,26,20,20,-51,-51,-31,-31,22,22,22,36,36,36,75,75,75,75,59,59,59,59,-4,-4,10,10,-47,-47,-11,-11,-50,-50,-50,-23,-23,-23,-58,-58,-58,-31,-31,-31,-10,-10,-10,2,2,2,2,-11,-11,-11,55,55,55,36,36,36,-18,-18,-45,-45,-2,-2,-82,-82,-82,-20,-20,-20,-20,51,51,51,51,-2,-2,-2,-68,-68,-68,-83,-83,-83,2,2,2,2,4,4,4,-10,-10,7,7,13,13,22,22,22,15,15,15,48,48,48,48,85,85,85,12,12,12,20,20,20,94,94,94,94,-74,-74,-74,-74,-68,-68,-68,-68,48,48,48,48,-58,-58,-58,-58,-131,-131,-131,-85,-85,-85,-85,-85,-85,-111
82,11.89200000000000124,45,-75,-84,-60,-60,-52,-52,-63,-63,2,2,198,198,181,145,211,211,170,170,185,185,122,122,93,93,98,98,31,31,-24,-24,20,20,20,79,79,79,161,161,161,11,11,11,-44,-44,-44,-3,-3,-3,-101,-101,-93,-93,-101,-101,-131,-131,-131,-59,-59,-59,32,32,32,41,41,-1,-1,2,2,-58,-58,-58,-36,-36,-36,-105,-105,-135,-146,-104,-104,49,49,49,6,6,-60,-60,10,10,59,59,3,3,3,51,51,51,83,83,-13,-65,-65,-39,-39,4,4,4,15,15,13,13,-73,-73,-58,-58,-22,-22,6,-24,-24,-51,-40,-40,3,3,-95,-95,-99,-99,-99,-53,-53,-56,-56,-125,-125,-127,-127,-127,-44,-44,-44,-2,-2,-88,-88,-85,-85,-89,-89,-94,-94,-94,-79,-79,-4,-4,20,20,-59,-59,-69,-69,16,16,16,10,10,-21,18,18,-29,-29,-53,-53,-53,34,34,34,-33,-33,-42,-42,-6,-6,65,65,60,60,-3,-3,-116,-116,-51,-51,3,3,14,14,-81,-81,0,0,0,18,18,23,23,16,16,-88,-88,-55,-55,-66,-66,-103,-59,-11,-11,-11,-11,-30,-30,-23,-23,-84,-84,-84,-137,-137,-137,-19,-19,-19,33,33,33,92,92,92,-44,-44,-57,-57,-89,-89,-152,-152,-124,-124,-124,-40,-40,-40,71,71,71,77,77,45,45,45,-40,-40,-40,-189,-189,-189,-112,-112,-112,178,178,178,95,95,-65,-65,310,310,310,184,184,184,181,181,181,40,40,-90,-90,12,12,375,375,-163,-163,-163,133,133,133,133,117,117,-93,-93,-112,-112,-230,-230,-230,28,28,28,28,-79,-79,-79,1,1,125,125,94,94,94,43,43,43,43,222,222,222,222,143,143,143,-80,-80,-295,-295,-68,-68,-68,-68,158,158,158,310,310,310,213,213,213,10,10,-97,-97,-97,-60,-60,-60,-60,-13,-13,-13,177,177,177,-17,-17,-17,-17,8,8,8,53,53,53,53,53,53,2,2,39,39,135,135,135,52,52,52,45,45,45,45,11,11,11,11,65,65,65,-22,-22,-22,-7,-7,-7,7,7,7,80,80,80,263,263,263,22,22,22,-73,-73,-73,83,83,83,4,4,4,4,234,234,234,234,14,14,14,-82,-82,147,147,147,156,156,156,114,114,45,45,0,0,21,21,43,43,43,54,54,54,50,50,50,50,52,52,52,52,30,30,40,40,-27,-27,37,37,-12,-12,-12,46,46,46,66,66,66,67,67,67,76,76,76,39,39,39,39,49,49,49,62,62,62,81,81,81,43,43,-13,-13,-19,-19,-87,-87,-87,6,6,6,6,68,68,68,68,51,51,51,-30,-30,-30,-54,-54,-54,-1,-1,-1,-1,-9,-9,-9,-36,-36,7,7,18,18,-6,-6,-6,-29,-29,-29,-17,-17,-17,-17,53,53,53,54,54,54,58,58,58,97,97,97,97,-15,-15,-15,-15,-32,-32,-32,-32,16,16,16,16,-42,-42,-42,-42,-66,-66,-66,-116,-116,-116,-46,-46,-46,-25
83,12.09200000000000053,44,-2,5,15,15,39,39,22,22,115,115,241,241,245,228,246,246,246,246,287,287,205,205,131,131,128,128,80,80,59,59,130,130,130,242,242,242,260,260,260,153,153,153,26,26,26,110,110,110,-23,-23,2,2,-36,-36,-97,-97,-97,-15,-15,-15,113,113,113,132,132,106,106,115,115,102,102,102,74,74,74,15,15,-8,-42,-41,-41,114,114,114,93,93,63,63,74,74,176,176,128,128,128,104,104,104,111,111,82,37,37,49,49,39,39,39,51,51,52,52,31,31,47,47,28,28,51,47,32,53,65,65,88,88,-48,-48,-51,-51,-51,-46,-46,6,6,-57,-57,-84,-84,-84,-43,-43,-43,12,12,36,36,4,4,10,10,-12,-12,-12,12,12,32,32,65,65,28,28,27,27,162,162,162,86,86,77,113,113,41,41,-31,-31,-31,93,93,93,67,67,57,57,105,105,130,130,156,156,108,108,-2,-2,-23,-23,41,41,39,39,-8,-8,35,35,35,69,69,152,152,186,186,119,119,150,150,126,126,93,72,73,73,114,114,67,67,26,26,22,22,22,-40,-40,-40,-2,-2,-2,67,67,67,107,107,107,50,50,-6,-6,-39,-39,-53,-53,62,62,62,68,68,68,147,147,147,191,191,149,149,149,102,102,102,27,27,27,-40,-40,-40,168,168,168,170,170,57,57,345,345,345,293,293,293,181,181,181,81,81,-172,-172,-212,-212,181,181,-126,-126,-126,199,199,199,199,199,199,17,17,-40,-40,-89,-89,-89,78,78,78,78,-16,-16,-16,32,32,169,169,177,177,177,67,67,67,67,238,238,238,238,220,220,220,-21,-21,-143,-143,-70,-70,-70,-70,99,99,99,272,272,272,239,239,239,115,115,73,73,73,24,24,24,24,75,75,75,247,247,247,146,146,100,100,138,138,138,74,74,74,112,112,112,63,63,90,90,186,186,186,121,121,121,43,43,43,43,16,16,16,16,139,139,139,47,47,47,71,71,71,77,77,77,129,129,129,253,253,253,173,173,173,89,89,89,255,255,255,180,180,180,180,317,317,317,317,178,178,178,161,161,225,225,225,274,274,274,185,185,153,153,98,98,113,113,129,129,129,87,87,87,66,66,66,66,118,118,118,118,97,97,108,108,116,116,105,105,90,90,90,179,179,179,235,235,235,193,193,193,184,184,184,130,130,130,130,157,157,157,134,134,134,127,127,127,162,162,90,90,65,65,49,49,49,96,96,96,96,114,114,114,114,150,150,150,67,67,67,38,38,38,70,70,70,70,58,58,58,11,11,59,59,84,84,49,49,49,-32,-32,-32,1,1,1,1,109,109,109,134,134,134,104,104,104,206,206,206,206,167,167,167,167,27,27,27,27,13,13,13,13,58,58,58,58,43,43,43,14,14,14,70,70,70,79
84,12.29200000000000159,194,144,162,129,129,157,157,181,181,215,215,318,318,280,293,300,300,280,280,306,306,276,276,198,198,158,158,166,166,193,193,265,265,265,320,320,320,331,331,331,222,222,222,131,131,131,198,198,198,56,56,85,85,71,71,39,39,39,130,130,130,153,153,153,187,187,215,215,197,197,184,184,184,159,159,159,106,106,145,110,48,48,140,140,140,145,145,175,175,125,125,196,196,217,217,217,197,197,197,186,186,154,108,108,147,147,136,136,136,132,132,141,141,166,166,135,135,101,101,85,104,106,164,166,166,169,169,82,82,20,20,20,37,37,61,61,73,73,16,16,16,23,23,23,86,86,133,133,153,153,96,96,94,94,94,119,119,79,79,157,157,116,116,135,135,239,239,239,199,199,162,166,166,153,153,74,74,74,134,134,134,169,169,154,154,171,171,202,202,249,249,225,225,97,97,118,118,130,130,105,105,112,112,111,111,111,190,190,272,272,279,279,263,263,286,286,273,273,241,202,184,184,242,242,164,164,111,111,119,119,119,90,90,90,108,108,108,113,113,113,175,175,175,134,134,105,105,119,119,115,115,251,251,251,224,224,224,272,272,272,313,313,268,268,268,285,285,285,235,235,235,111,111,111,242,242,242,228,228,198,198,447,447,447,401,401,401,244,244,244,135,135,-93,-93,-327,-327,25,25,-2,-2,-2,242,242,242,242,309,309,163,163,167,167,155,155,155,186,186,186,186,138,138,138,104,104,257,257,266,266,266,83,83,83,83,230,230,230,230,254,254,254,87,87,77,77,30,30,30,30,39,39,39,208,208,208,187,187,187,211,211,198,198,198,152,152,152,152,160,160,160,295,295,295,304,304,231,231,220,220,220,113,113,113,152,152,152,153,153,142,142,207,207,207,152,152,152,105,105,105,105,91,91,91,91,207,207,207,114,114,114,174,174,174,146,146,146,212,212,212,298,298,298,342,342,342,320,320,320,415,415,415,353,353,353,353,377,377,377,377,366,366,366,367,367,260,260,260,279,279,279,211,211,200,200,170,170,214,214,192,192,192,148,148,148,122,122,122,122,174,174,174,174,175,175,203,203,215,215,201,201,173,173,173,247,247,247,304,304,304,241,241,241,221,221,221,213,213,213,213,244,244,244,182,182,182,208,208,208,249,249,219,219,206,206,209,209,209,186,186,186,186,204,204,204,204,212,212,212,185,185,185,158,158,158,129,129,129,129,149,149,149,128,128,173,173,152,152,75,75,75,53,53,53,50,50,50,50,157,157,157,225,225,225,209,209,209,295,295,295,295,282,282,282,282,112,112,112,112,65,65,65,65,201,201,201,201,190,190,190,162,162,162,148,148,148,165
85,12.49200000000000088,235,232,253,204,204,269,269,257,257,250,250,261,261,282,260,238,238,216,216,208,208,219,219,169,169,151,151,174,174,197,197,220,220,220,248,248,248,264,264,264,239,239,239,166,166,166,134,134,134,86,86,99,99,145,145,70,70,70,173,173,173,142,142,142,206,206,187,187,156,156,182,182,182,179,179,179,181,181,183,219,147,147,103,103,103,152,152,208,208,134,134,112,112,186,186,186,189,189,189,171,171,143,118,118,174,174,172,172,172,158,158,172,172,197,197,170,170,121,121,77,21,41,129,198,198,171,171,87,87,91,91,91,50,50,69,69,116,116,91,91,91,59,59,59,104,104,188,188,187,187,99,99,127,127,127,158,158,102,102,137,137,158,158,194,194,221,221,221,203,203,203,203,203,205,205,142,142,142,132,132,132,157,157,152,152,232,232,235,235,268,268,250,250,169,169,220,220,200,200,135,135,163,163,171,171,171,254,254,263,263,250,250,265,265,301,301,312,312,262,238,226,226,214,214,220,220,132,132,155,155,155,163,163,163,152,152,152,149,149,149,131,131,131,135,135,176,176,209,209,297,297,312,312,312,293,293,293,323,323,323,351,351,329,329,329,353,353,353,330,330,330,216,216,216,265,265,265,249,249,289,289,438,438,438,475,475,475,252,252,252,180,180,4,4,-319,-319,-78,-78,119,119,119,303,303,303,303,353,353,262,262,267,267,307,307,307,231,231,231,231,166,166,166,126,126,224,224,279,279,279,112,112,112,112,221,221,221,221,211,211,211,169,169,198,198,60,60,60,60,-23,-23,-23,47,47,47,128,128,128,216,216,272,272,272,169,169,169,169,178,178,178,254,254,254,298,298,253,253,207,207,207,106,106,106,131,131,131,174,174,137,137,182,182,182,125,125,125,101,101,101,101,102,102,102,102,193,193,193,195,195,195,211,211,211,190,190,190,255,255,255,276,276,276,415,415,415,432,432,432,502,502,502,433,433,433,433,313,313,313,313,402,402,402,407,407,259,259,259,222,222,222,179,179,162,162,188,188,235,235,206,206,206,175,175,175,124,124,124,124,141,141,141,141,163,163,177,177,208,208,176,176,198,198,198,221,221,221,248,248,248,210,210,210,143,143,143,185,185,185,185,223,223,223,168,168,168,175,175,175,223,223,232,232,211,211,275,275,275,202,202,202,202,205,205,205,205,210,210,210,201,201,201,203,203,203,153,153,153,153,159,159,159,160,160,156,156,182,182,114,114,114,87,87,87,102,102,102,102,154,154,154,220,220,220,219,219,219,318,318,318,318,311,311,311,311,167,167,167,167,92,92,92,92,259,259,259,259,262,262,262,267,267,267,183,183,183,197
86,12.69200000000000017,240,189,175,196,196,249,249,252,252,134,134,101,101,91,96,120,120,58,58,89,89,82,82,34,34,33,33,72,72,100,100,89,89,89,54,54,54,109,109,109,112,112,112,63,63,63,29,29,29,85,85,20,20,20,20,65,65,65,90,90,90,48,48,48,72,72,107,107,30,30,53,53,53,56,56,56,72,72,119,129,114,114,11,11,11,35,35,84,84,41,41,-23,-23,22,22,22,46,46,46,57,57,39,41,41,118,118,93,93,93,96,96,96,96,96,96,107,107,-3,-3,-28,-74,-62,15,93,93,63,63,69,69,20,20,20,24,24,21,21,89,89,119,119,119,33,33,33,23,23,114,114,157,157,85,85,80,80,80,104,104,36,36,66,66,118,118,119,119,123,123,123,126,126,124,116,116,141,141,105,105,105,45,45,45,86,86,115,115,167,167,170,170,211,211,171,171,147,147,182,182,162,162,109,109,139,139,148,148,148,197,197,184,184,109,109,155,155,163,163,190,190,180,160,124,124,122,122,136,136,77,77,127,127,127,153,153,153,108,108,108,106,106,106,43,43,43,47,47,142,142,198,198,267,267,320,320,320,253,253,253,243,243,243,259,259,260,260,260,315,315,315,283,283,283,194,194,194,186,186,186,172,172,294,294,386,386,386,481,481,481,226,226,226,165,165,29,29,-272,-272,-214,-214,203,203,203,231,231,231,231,281,281,243,243,223,223,295,295,295,163,163,163,163,109,109,109,137,137,142,142,192,192,192,30,30,30,30,78,78,78,78,112,112,112,198,198,250,250,25,25,25,25,-142,-142,-142,-122,-122,-122,-44,-44,-44,114,114,196,196,196,151,151,151,151,93,93,93,94,94,94,187,187,159,159,127,127,127,46,46,46,51,51,51,137,137,89,89,77,77,77,6,6,6,26,26,26,26,23,23,23,23,81,81,81,129,129,129,129,129,129,120,120,120,210,210,210,165,165,165,329,329,329,374,374,374,448,448,448,365,365,365,365,155,155,155,155,286,286,286,300,300,134,134,134,107,107,107,80,80,35,35,115,115,194,194,153,153,153,130,130,130,95,95,95,95,118,118,118,118,111,111,102,102,133,133,111,111,118,118,118,88,88,88,101,101,101,77,77,77,8,8,8,115,115,115,115,96,96,96,56,56,56,97,97,97,136,136,202,202,158,158,181,181,181,140,140,140,140,142,142,142,142,118,118,118,141,141,141,102,102,102,68,68,68,68,81,81,81,119,119,109,109,95,95,78,78,78,102,102,102,72,72,72,72,83,83,83,127,127,127,159,159,159,236,236,236,236,218,218,218,218,144,144,144,144,105,105,105,105,221,221,221,221,168,168,168,185,185,185,158,158,158,134
87,12.89200000000000301,116,19,42,90,90,158,158,148,148,6,6,-18,-18,-54,-40,-2,-2,-48,-48,-54,-54,-56,-56,-30,-30,-54,-54,-33,-33,54,54,-72,-72,-72,-109,-109,-109,-94,-94,-94,-44,-44,-44,-66,-66,-66,-66,-66,-66,-46,-46,-73,-73,-64,-64,-8,-8,-8,-8,-8,-8,-54,-54,-54,-37,-37,-31,-31,-103,-103,-80,-80,-80,-82,-82,-82,-68,-68,-67,23,24,24,-50,-50,-50,-51,-51,-44,-44,-107,-107,-149,-149,-98,-98,-98,-42,-42,-42,-42,-42,-60,-81,-81,3,3,-11,-11,-11,-43,-43,-18,-18,-20,-20,-23,-23,-108,-108,-114,-115,-117,-61,-65,-65,-86,-86,10,10,-4,-4,-4,-57,-57,-56,-56,8,8,41,41,41,-50,-50,-50,-82,-82,6,6,32,32,3,3,14,14,14,26,26,-43,-43,-67,-67,49,49,32,32,-30,-30,-30,-3,-3,-13,-27,-27,42,42,26,26,26,-27,-27,-27,-26,-26,-25,-25,79,79,70,70,72,72,74,74,75,75,107,107,102,102,54,54,75,75,47,47,47,80,80,33,33,-12,-12,19,19,34,34,4,4,31,43,25,25,-26,-26,-7,-7,-17,-17,30,30,30,91,91,91,18,18,18,14,14,14,-51,-51,-51,-52,-52,59,59,111,111,203,203,161,161,161,111,111,111,175,175,175,166,166,154,154,154,180,180,180,156,156,156,131,131,131,100,100,100,77,77,213,213,265,265,265,427,427,427,183,183,183,110,110,23,23,-255,-255,-252,-252,204,204,204,124,124,124,124,118,118,106,106,57,57,140,140,140,27,27,27,27,74,74,74,68,68,27,27,14,14,14,-76,-76,-76,-76,-45,-45,-45,-45,31,31,31,163,163,206,206,-48,-48,-48,-48,-250,-250,-250,-297,-297,-297,-137,-137,-137,-3,-3,60,60,60,56,56,56,56,32,32,32,-62,-62,-62,20,20,19,19,34,34,34,-25,-25,-25,0,0,0,59,59,32,32,-29,-29,-29,-81,-81,-81,-71,-71,-71,-71,-49,-49,-49,-49,-49,-49,-49,27,27,27,49,49,49,21,21,21,108,108,108,47,47,47,192,192,192,207,207,207,260,260,260,226,226,226,226,-22,-22,-22,-22,162,162,162,108,108,17,17,17,-31,-31,-31,-18,-18,-32,-32,28,28,123,123,67,67,67,27,27,27,33,33,33,33,52,52,52,52,35,35,15,15,49,49,17,17,17,17,17,-33,-33,-33,-45,-45,-45,-79,-79,-79,-81,-81,-81,-31,-31,-31,-31,-54,-54,-54,-33,-33,-33,-22,-22,-22,46,46,64,64,19,19,66,66,66,40,40,40,40,27,27,27,27,22,22,22,65,65,65,-10,-10,-10,-4,-4,-4,-4,21,21,21,57,57,-12,-12,16,16,-25,-25,-25,96,96,96,41,41,41,41,-9,-9,-9,4,4,4,88,88,88,127,127,127,127,113,113,113,113,57,57,57,57,71,71,71,71,83,83,83,83,65,65,65,70,70,70,58,58,58,64
88,13.0920000000000023,-30,-75,-67,15,15,49,49,24,24,-98,-98,-140,-140,-101,-121,-81,-81,-137,-137,-99,-99,-116,-116,-115,-115,-122,-122,-65,-65,-49,-49,-117,-117,-117,-200,-200,-200,-277,-277,-277,-124,-124,-124,-156,-156,-156,-178,-178,-178,-113,-113,-158,-158,-150,-150,-44,-44,-44,-89,-89,-89,-123,-123,-123,-97,-97,-92,-92,-145,-145,-150,-150,-150,-131,-131,-131,-89,-89,-78,-60,-44,-44,-117,-117,-117,-84,-84,-118,-118,-169,-169,-167,-167,-141,-141,-141,-118,-118,-118,-124,-124,-162,-145,-145,-91,-91,-81,-81,-81,-135,-135,-88,-88,-124,-124,-82,-82,-110,-110,-98,-73,-88,-118,-144,-144,-104,-104,-12,-12,-27,-27,-27,-48,-48,-79,-79,-54,-54,0,0,0,-91,-91,-91,-132,-132,-96,-96,-62,-62,-71,-71,-20,-20,-20,-31,-31,-69,-69,-108,-108,10,10,-34,-34,-145,-145,-145,-113,-113,-145,-120,-120,-86,-86,-45,-45,-45,-89,-89,-89,-83,-83,-91,-91,-28,-28,-40,-40,-33,-33,-15,-15,7,7,11,11,27,27,-2,-2,-15,-15,-19,-19,-19,-21,-21,-51,-51,-59,-59,-49,-49,-52,-52,-106,-106,-54,-68,-87,-87,-137,-137,-137,-137,-96,-96,-48,-48,-48,-6,-6,-6,-45,-45,-45,-77,-77,-77,-87,-87,-87,-119,-119,-44,-44,8,8,78,78,10,10,10,4,4,4,78,78,78,92,92,57,57,57,65,65,65,50,50,50,66,66,66,-41,-41,-41,-40,-40,106,106,189,189,189,350,350,350,93,93,93,67,67,42,42,-189,-189,-258,-258,173,173,173,31,31,31,31,2,2,-18,-18,-107,-107,-40,-40,-40,-52,-52,-52,-52,6,6,6,27,27,-52,-52,-71,-71,-71,-152,-152,-152,-152,-91,-91,-91,-91,-27,-27,-27,68,68,109,109,-142,-142,-142,-142,-341,-341,-341,-382,-382,-382,-224,-224,-224,-97,-97,-79,-79,-79,-4,-4,-4,-4,-16,-16,-16,-165,-165,-165,-88,-88,-47,-47,-42,-42,-42,-65,-65,-65,-18,-18,-18,-33,-33,-33,-33,-123,-123,-123,-118,-118,-118,-129,-129,-129,-129,-106,-106,-106,-106,-132,-132,-132,-68,-68,-68,-39,-39,-39,-14,-14,-14,28,28,28,-112,-112,-112,42,42,42,60,60,60,101,101,101,138,138,138,138,-109,-109,-109,-109,46,46,46,39,39,-24,-24,-24,-48,-48,-48,-63,-63,-85,-85,-9,-9,63,63,0,0,0,-15,-15,-15,-30,-30,-30,-30,-36,-36,-36,-36,-18,-18,-74,-74,-45,-45,-46,-46,-45,-45,-45,-99,-99,-99,-97,-97,-97,-110,-110,-110,-122,-122,-122,-94,-94,-94,-94,-130,-130,-130,-105,-105,-105,-85,-85,-85,-42,-42,-26,-26,-115,-115,-62,-62,-62,-53,-53,-53,-53,-72,-72,-72,-72,-96,-96,-96,-55,-55,-55,-78,-78,-78,-68,-68,-68,-68,-47,-47,-47,25,25,-79,-79,-87,-87,-57,-57,-57,4,4,4,-8,-8,-8,-8,-42,-42,-42,-39,-39,-39,51,51,51,0,0,0,0,11,11,11,11,37,37,37,37,10,10,10,10,10,10,10,10,-43,-43,-43,2,2,2,5,5,5,26
89,13.29200000000000159,-88,-139,-139,-55,-55,-29,-29,-30,-30,-104,-104,-68,-68,-70,-75,-70,-70,-113,-113,-114,-114,-120,-120,-95,-95,-115,-115,-84,-84,7,7,-93,-93,-93,-158,-158,-158,-269,-269,-269,-167,-167,-167,-136,-136,-136,-196,-196,-196,-138,-138,-130,-130,-128,-128,-66,-66,-66,-143,-143,-143,-105,-105,-105,-75,-75,-81,-81,-120,-120,-100,-100,-100,-103,-103,-103,-79,-79,-92,-88,-71,-71,-75,-75,-75,-37,-37,-94,-94,-139,-139,-122,-122,-95,-95,-95,-121,-121,-121,-108,-108,-125,-130,-130,-97,-97,-112,-112,-112,-119,-119,-102,-102,-126,-126,-93,-93,-95,-95,-62,12,-4,-28,-134,-134,-97,-97,6,6,10,10,10,-36,-36,-50,-50,-82,-82,-58,-58,-58,-75,-75,-75,-122,-122,-94,-94,-65,-65,-51,-51,-69,-69,-69,-47,-47,-67,-67,-126,-126,-46,-46,-54,-54,-216,-216,-216,-178,-178,-188,-174,-174,-103,-103,-96,-96,-96,-112,-112,-112,-86,-86,-127,-127,-91,-91,-118,-118,-86,-86,-38,-38,4,4,-45,-45,-27,-27,-23,-23,-35,-35,-35,-35,-35,-73,-73,-71,-71,-48,-48,-44,-44,-97,-97,-123,-123,-120,-107,-161,-161,-169,-169,-138,-138,-135,-135,-84,-84,-84,-28,-28,-28,-117,-117,-117,-119,-119,-119,-88,-88,-88,-76,-76,-58,-58,-35,-35,5,5,-83,-83,-83,-31,-31,-31,87,87,87,54,54,-18,-18,-18,-9,-9,-9,-21,-21,-21,20,20,20,-76,-76,-76,-112,-112,42,42,81,81,81,262,262,262,56,56,56,49,49,42,42,-146,-146,-213,-213,135,135,135,-37,-37,-37,-37,-102,-102,-96,-96,-184,-184,-137,-137,-137,-142,-142,-142,-142,1,1,1,6,6,-66,-66,-115,-115,-115,-146,-146,-146,-146,-110,-110,-110,-110,-32,-32,-32,42,42,70,70,-180,-180,-180,-180,-308,-308,-308,-357,-357,-357,-197,-197,-197,-114,-114,-95,-95,-95,-11,-11,-11,-11,12,12,12,-148,-148,-148,-127,-127,-92,-92,-68,-68,-68,-86,-86,-86,-58,-58,-58,-54,-54,-49,-49,-152,-152,-152,-131,-131,-131,-120,-120,-120,-120,-105,-105,-105,-105,-168,-168,-168,-115,-115,-115,-129,-129,-129,-35,-35,-35,-33,-33,-33,-122,-122,-122,-27,-27,-27,-3,-3,-3,15,15,15,111,111,111,111,-121,-121,-121,-121,21,21,21,-28,-28,-52,-52,-52,-71,-71,-71,-76,-76,-80,-80,-41,-41,47,47,-24,-24,-24,-47,-47,-47,-66,-66,-66,-66,-14,-14,-14,-14,-35,-35,-92,-92,-55,-55,-64,-64,-56,-56,-56,-61,-61,-61,-123,-123,-123,-127,-127,-127,-110,-110,-110,-101,-101,-101,-101,-121,-121,-121,-121,-121,-121,-77,-77,-77,-72,-72,-70,-70,-165,-165,-113,-113,-113,-36,-36,-36,-36,-93,-93,-93,-93,-112,-112,-112,-79,-79,-79,-103,-103,-103,-49,-49,-49,-49,-28,-28,-28,-15,-15,-99,-99,-96,-96,-74,-74,-74,13,13,13,-8,-8,-8,-8,-81,-81,-81,-55,-55,-55,-24,-24,-24,-44,-44,-44,-44,-4,-4,-4,-4,3,3,3,3,26,26,26,26,-52,-52,-52,-52,-58,-58,-58,-34,-34,-34,-16,-16,-16,-23
90,13.49200000000000266,-78,-92,-60,-69,-69,-47,-47,-36,-36,-54,-54,-18,-18,5,8,-37,-37,-78,-78,-61,-61,10,10,-42,-42,-68,-68,-70,-70,70,70,-6,-6,-6,-71,-71,-71,-183,-183,-183,-147,-147,-147,-116,-116,-116,-104,-104,-104,-80,-80,-48,-48,-18,-18,-34,-34,-34,-95,-95,-95,-43,-43,-43,-27,-27,-49,-49,-59,-59,-24,-24,-24,-44,-44,-44,-27,-27,-12,-47,-14,-14,-6,-6,-6,-5,-5,-46,-46,-68,-68,-48,-48,-40,-40,-40,-52,-52,-52,-79,-79,-100,-49,-49,-48,-48,-55,-55,-55,-91,-91,-64,-64,-52,-52,-13,-13,13,13,46,88,80,56,-56,-56,4,4,62,62,64,64,64,64,64,20,20,-9,-9,-21,-21,-21,-16,-16,-16,-86,-86,-43,-43,-89,-89,-7,-7,-54,-54,-54,-28,-28,-37,-37,-66,-66,29,29,-57,-57,-186,-186,-186,-165,-165,-140,-153,-153,-88,-88,-52,-52,-52,-122,-122,-122,-88,-88,-125,-125,-134,-134,-171,-171,-83,-83,-49,-49,-8,-8,-72,-72,-34,-34,-18,-18,-6,-6,-15,-15,-15,-97,-97,-59,-59,-15,-15,4,4,-75,-75,-74,-74,-91,-128,-96,-96,-119,-119,-91,-91,-94,-94,-83,-83,-83,-35,-35,-35,-84,-84,-84,-80,-80,-80,-72,-72,-72,-60,-60,-28,-28,-9,-9,-38,-38,-70,-70,-70,-45,-45,-45,100,100,100,55,55,-42,-42,-42,-79,-79,-79,-28,-28,-28,0,0,0,-98,-98,-98,-118,-118,-26,-26,31,31,31,209,209,209,44,44,44,43,43,100,100,-73,-73,-117,-117,93,93,93,-4,-4,-4,-4,-116,-116,-106,-106,-144,-144,-162,-162,-162,-181,-181,-181,-181,-29,-29,-29,-9,-9,-52,-52,-91,-91,-91,-119,-119,-119,-119,-87,-87,-87,-87,-23,-23,-23,50,50,115,115,-134,-134,-134,-134,-251,-251,-251,-247,-247,-247,-136,-136,-136,-95,-95,-42,-42,-42,17,17,17,17,22,22,22,-152,-152,-152,-101,-101,-48,-48,-87,-87,-87,-74,-74,-74,-62,-62,-62,-85,-85,-81,-81,-144,-144,-144,-67,-67,-67,-86,-86,-86,-86,-80,-80,-80,-80,-126,-126,-126,-120,-120,-120,-112,-112,-112,7,7,7,-61,-61,-61,-131,-131,-131,-12,-12,-12,-63,-63,-63,-27,-27,-27,110,110,110,110,-37,-37,-37,-37,51,51,51,-60,-60,-52,-52,-52,-85,-85,-85,-83,-83,-68,-68,-2,-2,51,51,-30,-30,-30,-39,-39,-39,-72,-72,-72,-72,-55,-55,-55,-55,-58,-58,-80,-80,-16,-16,-57,-57,-16,-16,-16,-38,-38,-38,-104,-104,-104,-76,-76,-76,-39,-39,-39,-77,-77,-77,-77,-115,-115,-115,-88,-88,-88,-62,-62,-62,-85,-85,-74,-74,-143,-143,-80,-80,-80,-37,-37,-37,-37,-107,-107,-107,-107,-101,-101,-101,-74,-74,-74,-55,-55,-55,-20,-20,-20,-20,-6,-6,-6,-30,-30,-60,-60,-70,-70,-44,-44,-44,12,12,12,-9,-9,-9,-9,-58,-58,-58,-24,-24,-24,63,63,63,-50,-50,-50,-50,-38,-38,-38,-38,38,38,38,38,59,59,59,59,-46,-46,-46,-46,-19,-19,-19,19,19,19,-10,-10,-10,-6
91,13.69200000000000195,-58,31,27,13,13,-46,-46,-10,-10,-1,-1,66,66,128,137,46,46,24,24,3,3,37,37,58,58,1,1,2,2,108,108,54,54,54,-19,-19,-19,-86,-86,-86,-23,-23,-23,30,30,30,19,19,19,68,68,85,85,88,88,49,49,49,-16,-16,-16,-9,-9,-9,14,14,-9,-9,19,19,58,58,58,22,22,22,34,34,57,77,60,60,19,19,19,33,33,-5,-5,26,26,4,4,21,21,21,2,2,2,-28,-28,26,51,51,37,37,6,6,6,12,12,67,67,42,42,21,21,110,110,119,99,102,129,75,75,98,98,146,146,124,124,124,115,115,88,88,52,52,77,77,77,70,70,70,45,45,32,32,-10,-10,-12,-12,3,3,3,7,7,20,20,3,3,76,76,9,9,-112,-112,-112,-95,-95,-74,-71,-71,-32,-32,-36,-36,-36,-59,-59,-59,-50,-50,-119,-119,-102,-102,-133,-133,-64,-64,-25,-25,12,12,-24,-24,13,13,6,6,14,14,13,13,13,-66,-66,-36,-36,-22,-22,29,29,-43,-43,-58,-58,-91,-99,-42,-42,-25,-25,-5,-5,-50,-50,-55,-55,-55,-31,-31,-31,9,9,9,-25,-25,-25,-47,-47,-47,15,15,-8,-8,0,0,-13,-13,-57,-57,-57,36,36,36,106,106,106,68,68,-27,-27,-27,-130,-130,-130,-42,-42,-42,-36,-36,-36,-88,-88,-88,-107,-107,-106,-106,-12,-12,-12,172,172,172,108,108,108,80,80,116,116,-1,-1,-24,-24,35,35,35,-19,-19,-19,-19,-32,-32,-65,-65,-52,-52,-138,-138,-138,-175,-175,-175,-175,-4,-4,-4,4,4,-10,-10,-52,-52,-52,-28,-28,-28,-28,-22,-22,-22,-22,7,7,7,104,104,62,62,-110,-110,-110,-110,-147,-147,-147,-96,-96,-96,-23,-23,-23,-21,-21,12,12,12,55,55,55,55,37,37,37,-91,-91,-91,-46,-46,-24,-24,-75,-75,-75,-94,-94,-94,-96,-96,-96,-103,-103,-51,-51,-126,-126,-126,-34,-34,-34,-16,-16,-16,-16,-25,-25,-25,-25,-113,-113,-113,-111,-111,-111,-79,-79,-79,38,38,38,-58,-58,-58,-94,-94,-94,-18,-18,-18,-44,-44,-44,-40,-40,-40,148,148,148,148,-8,-8,-8,-8,54,54,54,-34,-34,-32,-32,-32,-92,-92,-92,-118,-118,-22,-22,-7,-7,33,33,-53,-53,-53,-44,-44,-44,-44,-44,-44,-44,-51,-51,-51,-51,-50,-50,-49,-49,9,9,-25,-25,14,14,14,11,11,11,-64,-64,-64,-51,-51,-51,-34,-34,-34,-57,-57,-57,-57,-55,-55,-55,-80,-80,-80,-50,-50,-50,-65,-65,-64,-64,-80,-80,0,0,0,-14,-14,-14,-14,-80,-80,-80,-80,-70,-70,-70,-62,-62,-62,-15,-15,-15,-6,-6,-6,-6,11,11,11,-13,-13,-54,-54,-87,-87,-50,-50,-50,24,24,24,8,8,8,8,-24,-24,-24,-1,-1,-1,56,56,56,-39,-39,-39,-39,-8,-8,-8,-8,42,42,42,42,92,92,92,92,-31,-31,-31,-31,-1,-1,-1,69,69,69,-8,-8,-8,2
92,13.89200000000000301,-63,87,67,17,17,-32,-32,44,44,42,42,102,102,158,180,113,113,23,23,8,8,52,52,92,92,58,58,19,19,119,119,108,108,108,-7,-7,-7,22,22,22,64,64,64,124,124,124,68,68,68,151,151,146,146,146,146,138,138,138,75,75,75,48,48,48,30,30,1,1,52,52,81,81,81,77,77,77,107,107,144,157,108,108,82,82,82,60,60,27,27,55,55,21,21,-5,-5,-5,29,29,29,20,20,85,117,117,114,114,77,77,77,54,54,94,94,106,106,62,62,116,116,129,94,106,122,154,154,148,148,145,145,131,131,131,131,131,145,145,112,112,114,114,114,90,90,90,133,133,71,71,21,21,48,48,21,21,21,11,11,40,40,46,46,82,82,36,36,-33,-33,-33,0,0,-1,11,11,6,6,-11,-11,-11,-19,-19,-19,-33,-33,-75,-75,-113,-113,-115,-115,-68,-68,-18,-18,3,3,2,2,23,23,19,19,22,22,51,51,51,-42,-42,-55,-55,-52,-52,-24,-24,-53,-53,-44,-44,-50,-68,14,14,56,56,31,31,-2,-2,-50,-50,-50,-25,-25,-25,33,33,33,-7,-7,-7,-21,-21,-21,35,35,22,22,6,6,-27,-27,-48,-48,-48,35,35,35,73,73,73,47,47,-35,-35,-35,-181,-181,-181,-29,-29,-29,-89,-89,-89,-35,-35,-35,-43,-43,-132,-132,-92,-92,-92,113,113,113,120,120,120,122,122,153,153,-11,-11,-11,-11,16,16,16,16,16,16,16,28,28,27,27,50,50,-66,-66,-66,-159,-159,-159,-159,-40,-40,-40,2,2,-14,-14,-33,-33,-33,18,18,18,18,-4,-4,-4,-4,28,28,28,55,55,1,1,-69,-69,-69,-69,-37,-37,-37,-7,-7,-7,75,75,75,43,43,40,40,40,62,62,62,62,30,30,30,-58,-58,-58,-41,-41,-32,-32,-51,-51,-51,-128,-128,-128,-118,-118,-118,-108,-108,-83,-83,-129,-129,-129,-22,-22,-22,27,27,27,27,43,43,43,43,-88,-88,-88,-72,-72,-72,-34,-34,-34,32,32,32,-65,-65,-65,-80,-80,-80,-47,-47,-47,-116,-116,-116,-77,-77,-77,87,87,87,87,45,45,45,45,35,35,35,-76,-76,-77,-77,-77,-100,-100,-100,-117,-117,-35,-35,-11,-11,27,27,-67,-67,-67,-43,-43,-43,-17,-17,-17,-17,-51,-51,-51,-51,-71,-71,-17,-17,21,21,3,3,14,14,14,17,17,17,-80,-80,-80,-43,-43,-43,-24,-24,-24,-17,-17,-17,-17,-60,-60,-60,-78,-78,-78,-43,-43,-43,-74,-74,-17,-17,-33,-33,18,18,18,-9,-9,-9,-9,-35,-35,-35,-35,-38,-38,-38,-34,-34,-34,-17,-17,-17,-14,-14,-14,-14,29,29,29,-57,-57,-28,-28,-54,-54,-50,-50,-50,14,14,14,36,36,36,36,-2,-2,-2,24,24,24,28,28,28,-35,-35,-35,-35,-16,-16,-16,-16,24,24,24,24,77,77,77,77,-50,-50,-50,-50,-36,-36,-36,24,24,24,-18,-18,-18,-42
93,14.0920000000000023,6,113,92,65,65,16,16,48,48,61,61,118,118,193,189,110,110,76,76,30,30,49,49,142,142,80,80,26,26,33,33,52,52,52,34,34,34,87,87,87,50,50,50,123,123,123,121,121,121,206,206,175,175,159,159,116,116,116,80,80,80,56,56,56,-23,-23,-14,-14,32,32,48,48,48,74,74,74,114,114,128,151,89,89,70,70,70,21,21,49,49,51,51,10,10,-24,-24,-24,75,75,75,106,106,124,158,158,95,95,63,63,63,77,77,82,82,125,125,61,61,120,120,97,68,85,111,165,165,150,150,117,117,120,120,120,130,130,190,190,123,123,82,82,82,105,105,105,89,89,84,84,66,66,57,57,55,55,55,22,22,74,74,44,44,38,38,51,51,13,13,13,40,40,49,26,26,45,45,-44,-44,-44,-5,-5,-5,-21,-21,13,13,-35,-35,-59,-59,-36,-36,-23,-23,-7,-7,35,35,35,35,29,29,0,0,41,41,41,-32,-32,-48,-48,-96,-96,-64,-64,-73,-73,-57,-57,-64,-64,14,14,46,46,67,67,13,13,-53,-53,-53,-1,-1,-1,26,26,26,33,33,33,3,3,3,65,65,36,36,22,22,-54,-54,-30,-30,-30,19,19,19,44,44,44,27,27,-55,-55,-55,-206,-206,-206,-102,-102,-102,-102,-102,-102,-21,-21,-21,8,8,-163,-163,-107,-107,-107,61,61,61,78,78,78,93,93,74,74,-47,-47,-1,-1,-61,-61,-61,-5,-5,-5,-5,52,52,81,81,82,82,-24,-24,-24,-132,-132,-132,-132,-62,-62,-62,-44,-44,-48,-48,-11,-11,-11,6,6,6,6,7,7,7,7,19,19,19,17,17,-82,-82,-52,-52,-52,-52,29,29,29,60,60,60,74,74,74,13,13,42,42,42,22,22,22,22,-11,-11,-11,-10,-10,-10,-19,-19,-22,-22,-93,-93,-93,-125,-125,-125,-132,-132,-132,-127,-127,-74,-74,-69,-69,-69,10,10,10,79,79,79,79,51,51,51,51,-25,-25,-25,-45,-45,-45,-17,-17,-17,15,15,15,-77,-77,-77,-64,-64,-64,-86,-86,-86,-164,-164,-164,-102,-102,-102,-16,-16,-16,-16,48,48,48,48,-3,-3,-3,-63,-63,-98,-98,-98,-105,-105,-105,-80,-80,-34,-34,-29,-29,22,22,-68,-68,-68,-14,-14,-14,-9,-9,-9,-9,-26,-26,-26,-26,-52,-52,-20,-20,-9,-9,-11,-11,-10,-10,-10,-3,-3,-3,-70,-70,-70,-15,-15,-15,-13,-13,-13,1,1,1,1,-42,-42,-42,-61,-61,-61,-11,-11,-11,-60,-60,2,2,11,11,46,46,46,-21,-21,-21,-21,10,10,10,10,4,4,4,-41,-41,-41,-18,-18,-18,-50,-50,-50,-50,-14,-14,-14,-52,-52,-34,-34,-41,-41,-40,-40,-40,3,3,3,4,4,4,4,-4,-4,-4,-36,-36,-36,-40,-40,-40,-73,-73,-73,-73,-38,-38,-38,-38,-20,-20,-20,-20,69,69,69,69,-60,-60,-60,-60,-98,-98,-98,22,22,22,-72,-72,-72,-63
94,14.29200000000000159,-18,152,47,17,17,33,33,66,66,73,73,153,153,179,163,114,114,86,86,71,71,86,86,117,117,126,126,14,14,31,31,16,16,16,70,70,70,138,138,138,85,85,85,104,104,104,162,162,162,194,194,159,159,174,174,130,130,130,115,115,115,77,77,77,31,31,-8,-8,21,21,48,48,48,82,82,82,141,141,122,114,65,65,101,101,101,15,15,39,39,48,48,30,30,17,17,17,71,71,71,134,134,170,174,174,102,102,77,77,77,110,110,107,107,131,131,99,99,77,77,100,78,120,114,158,158,146,146,121,121,48,48,48,41,41,102,102,102,102,102,102,102,78,78,78,126,126,123,123,77,77,114,114,58,58,58,70,70,103,103,70,70,43,43,68,68,85,85,85,105,105,77,64,64,8,8,-3,-3,-3,57,57,57,54,54,99,99,48,48,-4,-4,5,5,7,7,7,7,60,60,59,59,66,66,35,35,88,88,88,33,33,-14,-14,-66,-66,-72,-72,-29,-29,-38,-38,-31,-37,31,31,75,75,103,103,43,43,-17,-17,-17,27,27,27,57,57,57,58,58,58,46,46,46,62,62,50,50,-15,-15,-97,-97,-31,-31,-31,33,33,33,27,27,27,3,3,-21,-21,-21,-166,-166,-166,-109,-109,-109,-67,-67,-67,56,56,56,71,71,-108,-108,-103,-103,-103,53,53,53,84,84,84,79,79,38,38,-68,-68,-48,-48,-91,-91,-91,-15,-15,-15,-15,103,103,133,133,86,86,15,15,15,-54,-54,-54,-54,-101,-101,-101,-41,-41,-41,-41,11,11,11,66,66,66,66,2,2,2,2,44,44,44,-16,-16,-131,-131,22,22,22,22,92,92,92,111,111,111,94,94,94,31,31,51,51,51,-22,-22,-22,-22,-17,-17,-17,31,31,31,11,11,-2,-2,-23,-23,-23,-89,-89,-89,-78,-78,-78,-64,-64,-31,-31,24,24,24,72,72,72,81,81,81,81,95,95,95,95,53,53,53,7,7,7,72,72,72,9,9,9,-53,-53,-53,15,15,15,-72,-72,-72,-146,-146,-146,-57,-57,-57,-92,-92,-92,-92,29,29,29,29,5,5,5,-33,-33,-85,-85,-85,-59,-59,-59,18,18,16,16,18,18,43,43,5,5,5,-19,-19,-19,30,30,30,30,-25,-25,-25,-25,-17,-17,53,53,5,5,16,16,0,0,0,6,6,6,-36,-36,-36,9,9,9,8,8,8,73,73,73,73,7,7,7,5,5,5,32,32,32,15,15,40,40,53,53,49,49,49,25,25,25,25,49,49,49,49,74,74,74,40,40,40,18,18,18,-14,-14,-14,-14,3,3,3,-14,-14,30,30,2,2,-43,-43,-43,0,0,0,28,28,28,28,16,16,16,-28,-28,-28,-33,-33,-33,-57,-57,-57,-57,-4,-4,-4,-4,-10,-10,-10,-10,21,21,21,21,-59,-59,-59,-59,-80,-80,-80,-37,-37,-37,-71,-71,-71,-34
95,14.49200000000000266,4,194,149,104,104,80,80,56,56,90,90,140,140,172,186,87,87,115,115,95,95,150,150,157,157,164,164,80,80,-3,-3,44,44,44,114,114,114,204,204,204,80,80,80,95,95,95,138,138,138,130,130,140,140,154,154,149,149,149,129,129,129,128,128,128,61,61,59,59,57,57,61,61,61,63,63,63,81,81,76,7,66,66,83,83,83,51,51,100,100,82,82,84,84,48,48,48,101,101,101,196,196,171,189,189,122,122,152,152,152,118,118,143,143,114,114,112,112,99,99,93,102,135,127,152,152,130,130,79,79,28,28,28,44,44,77,77,12,12,34,34,34,93,93,93,121,121,160,160,140,140,118,118,125,125,125,77,77,141,141,107,107,39,39,81,81,140,140,140,158,158,125,110,110,85,85,59,59,59,135,135,135,132,132,162,162,122,122,92,92,76,76,107,107,64,64,122,122,159,159,125,125,107,107,142,142,142,140,140,67,67,28,28,7,7,48,48,34,34,33,46,81,81,125,125,163,163,90,90,56,56,56,30,30,30,107,107,107,100,100,100,147,147,147,156,156,103,103,52,52,-46,-46,45,45,45,59,59,59,51,51,51,51,51,81,81,81,-95,-95,-95,-51,-51,-51,25,25,25,130,130,130,143,143,9,9,18,18,18,102,102,102,79,79,79,77,77,-4,-4,-114,-114,-60,-60,-51,-51,-51,-18,-18,-18,-18,94,94,149,149,106,106,91,91,91,20,20,20,20,-50,-50,-50,-11,-11,-8,-8,73,73,73,67,67,67,67,36,36,36,36,73,73,73,-16,-16,-90,-90,103,103,103,103,154,154,154,137,137,137,106,106,106,92,92,97,97,97,-2,-2,-2,-2,55,55,55,114,114,114,82,82,57,57,42,42,42,23,23,23,4,4,4,13,13,33,33,141,141,141,143,143,143,171,171,171,171,133,133,133,133,120,120,120,95,95,95,114,114,114,59,59,59,46,46,46,51,51,51,-22,-22,-22,-50,-50,-50,40,40,40,-32,-32,-32,-32,90,90,90,90,30,30,30,43,43,17,17,17,34,34,34,89,89,93,93,98,98,79,79,80,80,80,70,70,70,87,87,87,87,44,44,44,44,79,79,109,109,42,42,62,62,39,39,39,29,29,29,39,39,39,97,97,97,78,78,78,135,135,135,135,100,100,100,77,77,77,70,70,70,98,98,126,126,122,122,79,79,79,62,62,62,62,101,101,101,101,149,149,149,98,98,98,38,38,38,26,26,26,26,81,81,81,40,40,99,99,66,66,23,23,23,26,26,26,68,68,68,68,71,71,71,24,24,24,-11,-11,-11,-22,-22,-22,-22,25,25,25,25,73,73,73,73,64,64,64,64,58,58,58,58,0,0,0,29,29,29,56,56,56,60
96,14.69200000000000195,85,160,129,124,124,100,100,110,110,76,76,134,134,111,96,90,90,106,106,137,137,156,156,188,188,176,176,156,156,11,11,70,70,70,128,128,128,187,187,187,157,157,157,124,124,124,164,164,164,92,92,90,90,102,102,130,130,130,175,175,175,160,160,160,135,135,125,125,88,88,58,58,58,73,73,73,46,46,56,-3,32,32,91,91,91,63,63,127,127,152,152,137,137,133,133,133,121,121,121,183,183,178,155,155,171,171,180,180,180,159,159,143,143,129,129,119,119,107,107,126,131,153,117,118,118,119,119,26,26,7,7,7,23,23,16,16,25,25,23,23,23,95,95,95,145,145,150,150,134,134,156,156,156,156,156,131,131,141,141,168,168,87,87,134,134,181,181,181,184,184,165,140,140,113,113,146,146,146,192,192,192,191,191,209,209,204,204,192,192,178,178,198,198,171,171,235,235,236,236,209,209,155,155,188,188,188,259,259,167,167,114,114,86,86,115,115,127,127,127,157,157,157,172,172,226,226,163,163,142,142,142,79,79,79,161,161,161,176,176,176,189,189,189,159,159,132,132,100,100,71,71,94,94,94,126,126,126,97,97,97,138,138,149,149,149,79,79,79,58,58,58,102,102,102,224,224,224,214,214,187,187,93,93,93,117,117,117,112,112,112,78,78,8,8,-83,-83,-58,-58,-22,-22,-22,74,74,74,74,120,120,176,176,109,109,169,169,169,120,120,120,120,8,8,8,-6,-6,48,48,140,140,140,191,191,191,191,85,85,85,85,106,106,106,21,21,3,3,158,158,158,158,215,215,215,172,172,172,146,146,146,129,129,128,128,128,94,94,94,94,126,126,126,169,169,169,151,151,152,152,78,78,78,87,87,87,87,87,87,102,102,133,133,207,207,207,216,216,216,198,198,198,198,156,156,156,156,167,167,167,164,164,164,137,137,137,107,107,107,139,139,139,165,165,165,137,137,137,134,134,134,235,235,235,115,115,115,115,144,144,144,144,129,129,129,138,138,93,93,93,148,148,148,172,172,160,160,150,150,138,138,139,139,139,118,118,118,109,109,109,109,127,127,127,127,127,127,174,174,90,90,114,114,71,71,71,105,105,105,152,152,152,153,153,153,162,162,162,185,185,185,185,167,167,167,140,140,140,174,174,174,188,188,186,186,208,208,152,152,152,129,129,129,129,171,171,171,171,186,186,186,131,131,131,112,112,112,115,115,115,115,116,116,116,133,133,111,111,176,176,115,115,115,61,61,61,145,145,145,145,137,137,137,99,99,99,70,70,70,69,69,69,69,98,98,98,98,146,146,146,146,118,118,118,118,163,163,163,163,113,113,113,97,97,97,118,118,118,122
97,14.89200000000000301,141,155,134,129,129,124,124,132,132,70,70,93,93,87,62,82,82,92,92,124,124,121,121,129,129,166,166,152,152,40,40,110,110,110,157,157,157,169,169,169,138,138,138,139,139,139,129,129,129,59,59,28,28,54,54,97,97,97,175,175,175,169,169,169,156,156,127,127,97,97,66,66,66,19,19,19,14,14,-10,-22,42,42,80,80,80,92,92,107,107,169,169,157,157,141,141,141,157,157,157,179,179,141,130,130,177,177,209,209,209,154,154,141,141,74,74,105,105,125,125,101,93,90,102,64,64,69,69,11,11,0,0,0,-6,-6,1,1,43,43,29,29,29,109,109,109,137,137,116,116,113,113,118,118,170,170,170,113,113,120,120,180,180,131,131,177,177,224,224,224,174,174,182,152,152,154,154,162,162,162,188,188,188,187,187,209,209,212,212,251,251,220,220,254,254,215,215,264,264,309,309,228,228,183,183,242,242,242,288,288,238,238,195,195,146,146,193,193,178,178,199,245,216,216,190,190,202,202,194,194,178,178,178,115,115,115,168,168,168,194,194,194,208,208,208,156,156,165,165,171,171,171,171,190,190,190,201,201,201,158,158,158,226,226,250,250,250,221,221,221,191,191,191,183,183,183,285,285,285,276,276,297,297,135,135,135,133,133,133,124,124,124,113,113,40,40,-48,-48,-37,-37,57,57,57,95,95,95,95,159,159,187,187,157,157,230,230,230,186,186,186,186,52,52,52,69,69,91,91,187,187,187,248,248,248,248,90,90,90,90,95,95,95,22,22,77,77,215,215,215,215,236,236,236,204,204,204,159,159,159,174,174,174,174,174,169,169,169,169,160,160,160,204,204,204,166,166,171,171,111,111,111,156,156,156,140,140,140,165,165,163,163,241,241,241,210,210,210,193,193,193,193,145,145,145,145,190,190,190,165,165,165,164,164,164,162,162,162,193,193,193,230,230,230,228,228,228,230,230,230,369,369,369,261,261,261,261,209,209,209,209,173,173,173,194,194,156,156,156,197,197,197,203,203,165,165,140,140,182,182,214,214,214,187,187,187,146,146,146,146,147,147,147,147,178,178,204,204,148,148,144,144,114,114,114,108,108,108,202,202,202,185,185,185,166,166,166,168,168,168,168,229,229,229,175,175,175,217,217,217,228,228,227,227,193,193,155,155,155,192,192,192,192,192,192,192,192,168,168,168,156,156,156,131,131,131,155,155,155,155,124,124,124,135,135,178,178,223,223,189,189,189,178,178,178,147,147,147,147,196,196,196,147,147,147,132,132,132,86,86,86,86,193,193,193,193,190,190,190,190,168,168,168,168,230,230,230,230,209,209,209,164,164,164,169,169,169,127
98,15.0920000000000023,173,83,60,28,28,64,64,54,54,8,8,-1,-1,-47,-39,5,5,27,27,90,90,63,63,103,103,115,115,122,122,67,67,89,89,89,80,80,80,119,119,119,69,69,69,70,70,70,78,78,78,3,3,7,7,9,9,33,33,33,115,115,115,117,117,117,117,117,82,82,88,88,65,65,65,-1,-1,-1,-35,-35,-37,20,31,31,53,53,53,16,16,74,74,108,108,100,100,137,137,137,102,102,102,124,124,103,95,95,122,122,127,127,127,122,122,89,89,58,58,59,59,68,68,56,8,-14,39,42,42,27,27,-13,-13,22,22,22,-41,-41,-35,-35,-8,-8,33,33,33,68,68,68,59,59,47,47,53,53,64,64,125,125,125,103,103,76,76,115,115,151,151,165,165,157,157,157,148,148,107,115,115,105,105,127,127,127,184,184,184,168,168,175,175,211,211,276,276,240,240,231,231,215,215,271,271,301,301,261,261,167,167,208,208,208,298,298,245,245,218,218,146,146,207,207,205,205,208,230,162,162,163,163,148,148,151,151,177,177,177,118,118,118,158,158,158,179,179,179,175,175,175,136,136,145,145,168,168,219,219,209,209,209,192,192,192,177,177,177,271,271,306,306,306,313,313,313,251,251,251,160,160,160,291,291,291,232,232,309,309,81,81,81,129,129,129,113,113,113,117,117,-5,-5,-29,-29,1,1,74,74,74,91,91,91,91,124,124,113,113,171,171,261,261,261,200,200,200,200,76,76,76,75,75,82,82,141,141,141,280,280,280,280,92,92,92,92,69,69,69,42,42,91,91,221,221,221,221,277,277,277,207,207,207,157,157,157,111,111,165,165,165,149,149,149,149,147,147,147,169,169,169,155,155,144,144,75,75,75,168,168,168,145,145,145,150,150,163,163,220,220,220,198,198,198,176,176,176,176,95,95,95,95,138,138,138,138,138,138,143,143,143,188,188,188,199,199,199,285,285,285,263,263,263,321,321,321,471,471,471,341,341,341,341,231,231,231,231,193,193,193,181,181,163,163,163,220,220,220,181,181,164,164,134,134,139,139,203,203,203,182,182,182,173,173,173,173,172,172,172,172,165,165,159,159,95,95,137,137,108,108,108,146,146,146,196,196,196,166,166,166,137,137,137,181,181,181,181,198,198,198,188,188,188,205,205,205,208,208,220,220,216,216,177,177,177,184,184,184,184,176,176,176,176,130,130,130,130,130,130,139,139,139,138,138,138,138,124,124,124,122,122,172,172,204,204,204,204,204,133,133,133,164,164,164,164,210,210,210,155,155,155,115,115,115,128,128,128,128,175,175,175,175,207,207,207,207,220,220,220,220,217,217,217,217,212,212,212,160,160,160,161,161,161,98
99,15.29200000000000159,136,-37,-55,-54,-54,-6,-6,33,33,-68,-68,-84,-84,-137,-130,-51,-51,-33,-33,-19,-19,-37,-37,-20,-20,40,40,49,49,14,14,22,22,22,32,32,32,80,80,80,18,18,18,-10,-10,-10,3,3,3,-68,-68,-44,-44,-92,-92,-39,-39,-39,34,34,34,3,3,3,-1,-1,13,13,24,24,17,17,17,-33,-33,-33,-65,-65,-69,23,16,16,-3,-3,-3,10,10,29,29,38,38,59,59,80,80,80,85,85,85,59,59,49,31,31,62,62,45,45,45,54,54,-3,-3,-26,-26,-13,-13,-50,-50,-69,-78,-79,-47,-13,-13,-25,-25,-71,-71,17,17,17,-26,-26,-55,-55,-50,-50,-12,-12,-12,12,12,12,2,2,-5,-5,10,10,9,9,43,43,43,44,44,22,22,52,52,95,95,88,88,86,86,86,54,54,50,63,63,36,36,91,91,91,132,132,132,114,114,134,134,196,196,228,228,214,214,174,174,146,146,170,170,221,221,212,212,138,138,155,155,155,211,211,185,185,186,186,120,120,143,143,164,164,182,164,116,116,102,102,51,51,111,111,158,158,158,136,136,136,104,104,104,144,144,144,159,159,159,104,104,115,115,150,150,149,149,151,151,151,134,134,134,167,167,167,272,272,263,263,263,324,324,324,238,238,238,164,164,164,233,233,233,199,199,228,228,-12,-12,-12,34,34,34,66,66,66,89,89,26,26,20,20,-28,-28,72,72,72,54,54,54,54,47,47,79,79,164,164,218,218,218,161,161,161,161,124,124,124,109,109,82,82,106,106,106,203,203,203,203,45,45,45,45,28,28,28,70,70,115,115,180,180,180,180,201,201,201,196,196,196,88,88,88,81,81,69,69,69,121,121,121,121,123,123,123,146,146,146,89,89,95,95,79,79,79,167,167,167,164,164,164,118,118,138,138,159,159,159,140,140,140,107,107,107,107,49,49,49,49,49,49,49,105,105,105,45,45,45,83,83,83,147,147,147,212,212,212,252,252,252,308,308,308,436,436,436,309,309,309,309,216,216,216,216,239,239,239,180,180,167,167,167,226,226,226,155,155,148,148,110,110,122,122,175,175,175,168,168,168,159,159,159,159,143,143,143,143,161,161,90,90,99,99,105,105,64,64,64,102,102,102,138,138,138,102,102,102,84,84,84,95,95,95,95,145,145,145,180,180,180,188,188,188,168,168,165,165,147,147,140,140,140,126,126,126,126,185,185,185,185,84,84,84,97,97,97,99,99,99,105,105,105,105,122,122,122,127,127,134,134,159,159,149,149,149,112,112,112,167,167,167,167,145,145,145,119,119,119,56,56,56,143,143,143,143,164,164,164,164,158,158,158,158,127,127,127,127,153,153,153,153,106,106,106,82,82,82,81,81,81,61
100,15.49200000000000266,86,-85,-61,-82,-82,-23,-23,-47,-47,-86,-86,-111,-111,-149,-137,-103,-103,-137,-137,-68,-68,-72,-72,-78,-78,-43,-43,-22,-22,-23,-23,-7,-7,-7,19,19,19,30,30,30,-1,-1,-1,-57,-57,-57,-7,-7,-7,-68,-68,-30,-30,-103,-103,-75,-75,-75,-30,-30,-30,-58,-58,-58,-70,-70,-35,-35,21,21,-15,-15,-15,-54,-54,-54,-58,-58,-52,-24,-18,-18,-34,-34,-34,-23,-23,-47,-47,-44,-44,-22,-22,21,21,21,22,22,22,4,4,-1,-4,-4,-12,-12,-10,-10,-10,-31,-31,-70,-70,-82,-82,-69,-69,-72,-72,-108,-106,-88,-75,-18,-18,-59,-59,-63,-63,10,10,10,13,13,-50,-50,-20,-20,-55,-55,-55,-9,-9,-9,32,32,-32,-32,-35,-35,-15,-15,9,9,9,43,43,13,13,31,31,35,35,11,11,23,23,23,30,30,9,-5,-5,-8,-8,43,43,43,81,81,81,116,116,105,105,142,142,155,155,138,138,104,104,122,122,138,138,187,187,164,164,118,118,104,104,104,137,137,110,110,129,129,105,105,61,61,102,102,129,108,70,70,47,47,-16,-16,75,75,89,89,89,90,90,90,58,58,58,133,133,133,131,131,131,60,60,73,73,98,98,63,63,81,81,81,97,97,97,176,176,176,224,224,211,211,211,269,269,269,194,194,194,118,118,118,158,158,158,100,100,160,160,-128,-128,-128,13,13,13,-12,-12,-12,82,82,69,69,76,76,-17,-17,75,75,75,44,44,44,44,60,60,84,84,137,137,158,158,158,148,148,148,148,131,131,131,139,139,84,84,47,47,47,136,136,136,136,14,14,14,14,-32,-32,-32,73,73,111,111,127,127,127,127,156,156,156,173,173,173,66,66,66,57,57,53,53,53,71,71,71,71,72,72,72,76,76,76,53,53,24,24,83,83,83,149,149,149,154,154,154,118,118,119,119,124,124,124,97,97,97,84,84,84,84,31,31,31,31,37,37,37,67,67,67,47,47,47,59,59,59,132,132,132,174,174,174,222,222,222,294,294,294,355,355,355,292,292,292,292,213,213,213,213,231,231,231,156,156,167,167,167,184,184,184,119,119,156,156,109,109,104,104,159,159,159,125,125,125,123,123,123,123,103,103,103,103,147,147,50,50,56,56,48,48,61,61,61,82,82,82,82,82,82,60,60,60,56,56,56,44,44,44,44,95,95,95,176,176,176,141,141,141,153,153,111,111,82,82,66,66,66,113,113,113,113,107,107,107,107,72,72,72,105,105,105,109,109,109,113,113,113,113,134,134,134,168,168,128,128,105,105,86,86,86,86,86,86,128,128,128,128,117,117,117,91,91,91,43,43,43,88,88,88,88,94,94,94,94,122,122,122,122,76,76,76,76,99,99,99,99,97,97,97,10,10,10,21,21,21,-8
101,15.69200000000000195,-18,-85,-102,-76,-76,-50,-50,-61,-61,-88,-88,-88,-88,-70,-113,-94,-94,-136,-136,-89,-89,-94,-94,-107,-107,-76,-76,-58,-58,-35,-35,-9,-9,-9,-31,-31,-31,26,26,26,8,8,8,-65,-65,-65,-39,-39,-39,-44,-44,-5,-5,-80,-80,-39,-39,-39,-25,-25,-25,-69,-69,-69,-36,-36,-47,-47,-19,-19,-61,-61,-61,-51,-51,-51,-28,-28,10,-5,32,32,-42,-42,-42,-29,-29,-20,-20,-59,-59,-21,-21,-18,-18,-18,8,8,8,-18,-18,-46,-26,-26,-22,-22,-69,-69,-69,-49,-49,-39,-39,-116,-116,-44,-44,-77,-77,-71,-56,-37,-46,-8,-8,-14,-14,-8,-8,-4,-4,-4,-22,-22,-35,-35,-7,-7,11,11,11,7,7,7,48,48,35,35,21,21,7,7,-27,-27,-27,14,14,18,18,34,34,49,49,-53,-53,-38,-38,-38,-10,-10,2,-18,-18,-17,-17,14,14,14,57,57,57,113,113,69,69,106,106,95,95,57,57,62,62,83,83,87,87,147,147,139,139,86,86,110,110,110,83,83,60,60,101,101,82,82,-11,-11,34,34,48,73,26,26,26,26,-4,-4,58,58,99,99,99,68,68,68,48,48,48,106,106,106,73,73,73,28,28,90,90,60,60,45,45,67,67,67,70,70,70,172,172,172,199,199,142,142,142,208,208,208,132,132,132,145,145,145,61,61,61,72,72,102,102,-167,-167,-167,-51,-51,-51,-62,-62,-62,9,9,126,126,168,168,2,2,64,64,64,57,57,57,57,74,74,96,96,110,110,141,141,141,130,130,130,130,161,161,161,160,160,110,110,69,69,69,34,34,34,34,45,45,45,45,20,20,20,77,77,140,140,129,129,129,129,113,113,113,143,143,143,40,40,40,43,43,42,42,42,79,79,79,79,71,71,71,55,55,55,4,4,35,35,127,127,127,133,133,133,165,165,165,104,104,121,121,111,111,111,71,71,71,26,26,26,26,26,26,26,26,50,50,50,53,53,53,84,84,84,69,69,69,126,126,126,121,121,121,180,180,180,209,209,209,261,261,261,257,257,257,257,233,233,233,233,270,270,270,157,157,159,159,159,159,159,159,100,100,95,95,104,104,134,134,140,140,140,112,112,112,97,97,97,97,97,97,97,97,111,111,45,45,39,39,21,21,52,52,52,66,66,66,3,3,3,23,23,23,32,32,32,45,45,45,45,77,77,77,103,103,103,100,100,100,108,108,96,96,63,63,51,51,51,104,104,104,104,104,104,104,104,70,70,70,99,99,99,84,84,84,119,119,119,119,194,194,194,167,167,128,128,124,124,87,87,87,116,116,116,139,139,139,139,101,101,101,89,89,89,40,40,40,48,48,48,48,88,88,88,88,125,125,125,125,93,93,93,93,82,82,82,82,93,93,93,42,42,42,43,43,43,28
102,15.89200000000000301,-90,-66,-43,-28,-28,-34,-34,-73,-73,-41,-41,2,2,11,-37,-71,-71,-115,-115,-71,-71,-83,-83,-103,-103,-83,-83,-32,-32,-23,-23,-22,-22,-22,-8,-8,-8,-28,-28,-28,-6,-6,-6,-16,-16,-16,-24,-24,-24,-42,-42,-49,-49,40,40,-5,-5,-5,-7,-7,-7,-22,-22,-22,10,10,13,13,-26,-26,-31,-31,-31,-13,-13,-13,-7,-7,11,-35,5,5,-8,-8,-8,2,2,-2,-2,-30,-30,-12,-12,-27,-27,-27,2,2,2,-55,-55,-86,-46,-46,-7,-7,-56,-56,-56,-30,-30,-24,-24,-107,-107,-10,-10,-64,-64,-48,-12,-15,-24,-6,-6,39,39,14,14,-36,-36,-36,-37,-37,-48,-48,-15,-15,57,57,57,36,36,36,59,59,83,83,76,76,-25,-25,-23,-23,-23,26,26,14,14,56,56,80,80,-59,-59,-40,-40,-40,-19,-19,-6,-10,-10,-39,-39,20,20,20,34,34,34,98,98,47,47,42,42,27,27,1,1,-27,-27,52,52,50,50,105,105,99,99,100,100,78,78,78,32,32,18,18,41,41,45,45,-55,-55,-35,-35,8,-1,-27,-27,0,0,4,4,50,50,48,48,48,16,16,16,14,14,14,85,85,85,44,44,44,33,33,59,59,26,26,27,27,35,35,35,94,94,94,190,190,190,167,167,91,91,91,110,110,110,104,104,104,99,99,99,42,42,42,59,59,29,29,-202,-202,-202,-19,-19,-19,-105,-105,-105,-4,-4,116,116,213,213,0,0,50,50,50,79,79,79,79,122,122,78,78,63,63,75,75,75,116,116,116,116,191,191,191,151,151,101,101,55,55,55,-18,-18,-18,-18,38,38,38,38,30,30,30,67,67,127,127,102,102,102,102,99,99,99,145,145,145,47,47,47,23,23,78,78,78,67,67,67,67,47,47,47,21,21,21,19,19,56,56,148,148,148,133,133,133,150,150,150,100,100,123,123,80,80,80,42,42,42,50,50,50,50,38,38,38,38,35,35,35,77,77,77,71,71,71,72,72,72,105,105,105,112,112,112,115,115,115,154,154,154,137,137,137,215,215,215,215,153,153,153,153,191,191,191,72,72,158,158,158,88,88,88,88,88,75,75,108,108,139,139,79,79,79,61,61,61,74,74,74,74,84,84,84,84,87,87,47,47,25,25,9,9,36,36,36,31,31,31,-18,-18,-18,20,20,20,21,21,21,28,28,28,28,28,28,28,55,55,55,81,81,81,74,74,62,62,-7,-7,31,31,31,99,99,99,99,97,97,97,97,88,88,88,76,76,76,90,90,90,146,146,146,146,167,167,167,170,170,105,105,102,102,46,46,46,113,113,113,137,137,137,137,118,118,118,136,136,136,38,38,38,29,29,29,29,71,71,71,71,113,113,113,113,116,116,116,116,130,130,130,130,137,137,137,79,79,79,78,78,78,53
103,16.0920000000000023,-75,-38,-16,8,8,-8,-8,-65,-65,-22,-22,35,35,13,-21,-7,-7,-69,-69,-43,-43,-71,-71,-107,-107,-75,-75,-19,-19,21,21,4,4,4,-8,-8,-8,-21,-21,-21,18,18,18,5,5,5,-5,-5,-5,11,11,70,70,88,88,67,67,67,24,24,24,22,22,22,59,59,63,63,-6,-6,-32,-32,-32,2,2,2,-27,-27,35,-45,6,6,22,22,22,12,12,36,36,13,13,-20,-20,3,3,3,1,1,1,-38,-38,-74,-55,-55,23,23,1,1,1,-1,-1,-13,-13,-85,-85,-36,-36,-8,-8,13,12,-4,0,0,0,11,11,-41,-41,-44,-44,-44,-50,-50,-62,-62,33,33,100,100,100,69,69,69,63,63,51,51,65,65,13,13,-27,-27,-27,29,29,18,18,23,23,34,34,-23,-23,-60,-60,-60,-38,-38,-27,-29,-29,-27,-27,-20,-20,-20,-23,-23,-23,22,22,10,10,0,0,-44,-44,-30,-30,-22,-22,-11,-11,-6,-6,77,77,75,75,27,27,68,68,68,5,5,-12,-12,-12,-12,-52,-52,-122,-122,-84,-84,-90,-66,-95,-95,-45,-45,-16,-16,37,37,12,12,12,-17,-17,-17,-3,-3,-3,45,45,45,3,3,3,-4,-4,34,34,-1,-1,11,11,-1,-1,-1,106,106,106,208,208,208,126,126,51,51,51,11,11,11,18,18,18,45,45,45,34,34,34,12,12,-73,-73,-199,-199,-199,-72,-72,-72,-123,-123,-123,-50,-50,78,78,214,214,-11,-11,-8,-8,-8,38,38,38,38,95,95,65,65,20,20,1,1,1,62,62,62,62,144,144,144,148,148,93,93,56,56,56,-50,-50,-50,-50,15,15,15,15,72,72,72,46,46,93,93,103,103,103,103,63,63,63,119,119,119,44,44,44,19,19,82,82,82,77,77,77,77,37,37,37,15,15,15,32,32,73,73,130,130,130,122,122,122,97,97,97,101,101,98,98,54,54,54,28,28,28,21,21,21,21,39,39,39,39,33,33,33,90,90,90,57,57,57,85,85,85,116,116,116,92,92,92,50,50,50,25,25,25,31,31,31,196,196,196,196,135,135,135,135,89,89,89,-21,-21,90,90,90,56,56,56,57,57,49,49,36,36,105,105,46,46,46,13,13,13,22,22,22,22,82,82,82,82,59,59,16,16,14,14,-12,-12,33,33,33,25,25,25,-40,-40,-40,-20,-20,-20,2,2,2,19,19,19,19,-1,-1,-1,21,21,21,61,61,61,11,11,34,34,4,4,16,16,16,64,64,64,64,71,71,71,71,39,39,39,32,32,32,28,28,28,112,112,112,112,163,163,163,89,89,23,23,31,31,61,61,61,90,90,90,154,154,154,154,104,104,104,94,94,94,43,43,43,6,6,6,6,12,12,12,12,92,92,92,92,105,105,105,105,130,130,130,130,98,98,98,141,141,141,112,112,112,123
104,16.29200000000000159,-69,16,-31,11,11,-26,-26,6,6,16,16,40,40,41,-3,49,49,3,3,24,24,-50,-50,-62,-62,-18,-18,21,21,47,47,25,25,25,-22,-22,-22,-33,-33,-33,5,5,5,-10,-10,-10,13,13,13,30,30,53,53,85,85,88,88,88,48,48,48,77,77,77,85,85,54,54,36,36,-20,-20,-20,19,19,19,18,18,22,-35,15,15,34,34,34,51,51,39,39,30,30,3,3,10,10,10,16,16,16,14,14,-33,-7,-7,13,13,38,38,38,12,12,-2,-2,-45,-45,-28,-28,-5,-5,-7,16,-6,-22,-35,-35,-16,-16,-33,-33,-50,-50,-50,-40,-40,-30,-30,11,11,54,54,54,69,69,69,50,50,50,50,63,63,9,9,-23,-23,-23,19,19,14,14,34,34,28,28,-6,-6,-30,-30,-30,-45,-45,-47,10,10,-7,-7,-18,-18,-18,-8,-8,-8,-3,-3,11,11,-21,-21,-45,-45,-48,-48,-33,-33,-58,-58,1,1,20,20,33,33,-26,-26,26,26,26,-20,-20,-47,-47,-48,-48,-56,-56,-101,-101,-94,-94,-104,-113,-118,-118,-102,-102,-39,-39,22,22,-52,-52,-52,-51,-51,-51,4,4,4,33,33,33,-20,-20,-20,-25,-25,20,20,-34,-34,-22,-22,-35,-35,-35,57,57,57,142,142,142,68,68,33,33,33,-73,-73,-73,-13,-13,-13,-5,-5,-5,13,13,13,-26,-26,-148,-148,-221,-221,-221,-122,-122,-122,-103,-103,-103,-56,-56,51,51,182,182,-7,-7,-27,-27,-27,46,46,46,46,54,54,71,71,-26,-26,-76,-76,-76,45,45,45,45,128,128,128,128,128,53,53,22,22,22,-49,-49,-49,-49,60,60,60,60,87,87,87,13,13,-13,-13,55,55,55,55,40,40,40,90,90,90,64,64,64,38,38,110,110,110,40,40,40,40,19,19,19,-6,-6,-6,77,77,81,81,104,104,104,104,104,104,50,50,50,71,71,77,77,-4,-4,-4,-8,-8,-8,63,63,63,63,77,77,77,77,32,32,32,70,70,70,62,62,62,120,120,120,94,94,94,88,88,88,-1,-1,-1,-42,-42,-42,7,7,7,111,111,111,111,86,86,86,86,-48,-48,-48,-72,-72,-3,-3,-3,-9,-9,-9,42,42,15,15,14,14,45,45,38,38,38,5,5,5,20,20,20,20,36,36,36,36,25,25,-39,-39,7,7,-7,-7,23,23,23,19,19,19,-41,-41,-41,-22,-22,-22,-5,-5,-5,10,10,10,10,25,25,25,12,12,12,36,36,36,-3,-3,8,8,-25,-25,10,10,10,42,42,42,42,53,53,53,53,21,21,21,0,0,0,42,42,42,93,93,93,93,102,102,102,56,56,-9,-9,5,5,56,56,56,110,110,110,107,107,107,107,95,95,95,67,67,67,9,9,9,8,8,8,8,-19,-19,-19,-19,73,73,73,73,146,146,146,146,119,119,119,119,84,84,84,140,140,140,153,153,153,149
105,16.49200000000000088,-3,23,32,80,80,20,20,58,58,76,76,66,66,39,86,68,68,73,73,92,92,1,1,20,20,55,55,31,31,87,87,46,46,46,13,13,13,8,8,8,67,67,67,36,36,36,35,35,35,76,76,85,85,101,101,112,112,112,56,56,56,92,92,92,84,84,87,87,42,42,27,27,27,65,65,65,60,60,19,51,32,32,47,47,47,75,75,71,71,68,68,44,44,64,64,64,22,22,22,66,66,51,63,63,54,54,43,43,43,23,23,33,33,31,31,7,7,12,12,-28,25,33,9,-26,-26,14,14,-11,-11,-8,-8,-8,2,2,-13,-13,-6,-6,71,71,71,91,91,91,62,62,58,58,52,52,8,8,-4,-4,-4,45,45,39,39,39,39,30,30,35,35,4,4,4,4,4,17,44,44,31,31,21,21,21,-19,-19,-19,9,9,25,25,-6,-6,-19,-19,-5,-5,11,11,3,3,-18,-18,27,27,31,31,-20,-20,24,24,24,-35,-35,-29,-29,-19,-19,7,7,-65,-65,-40,-40,-48,-69,-88,-88,-62,-62,-35,-35,1,1,-50,-50,-50,-37,-37,-37,36,36,36,28,28,28,9,9,9,24,24,49,49,-10,-10,-7,-7,-39,-39,-39,51,51,51,106,106,106,53,53,25,25,25,-94,-94,-94,-57,-57,-57,-43,-43,-43,5,5,5,-74,-74,-209,-209,-204,-204,-204,-126,-126,-126,-74,-74,-74,-40,-40,54,54,203,203,0,0,-41,-41,-41,49,49,49,49,48,48,47,47,-5,-5,-62,-62,-62,62,62,62,62,97,97,97,112,112,49,49,-3,-3,-3,-34,-34,-34,-34,107,107,107,107,134,134,134,52,52,1,1,37,37,37,37,48,48,48,83,83,83,90,90,90,33,33,100,100,100,21,21,21,21,10,10,10,23,23,23,58,58,64,64,101,101,101,71,71,71,43,43,43,70,70,76,76,17,17,17,12,12,12,76,76,76,76,94,94,94,94,33,33,33,89,89,89,139,139,139,126,126,126,131,131,131,79,79,79,-17,-17,-17,-48,-48,-48,54,54,54,71,71,71,71,37,37,37,37,-66,-66,-66,-43,-43,-47,-47,-47,15,15,15,51,51,20,20,14,14,25,25,26,26,26,27,27,27,34,34,34,34,33,33,33,33,-26,-26,-27,-27,-16,-16,15,15,51,51,51,8,8,8,-29,-29,-29,-12,-12,-12,25,25,25,4,4,4,4,41,41,41,39,39,39,83,83,83,-1,-1,26,26,20,20,32,32,32,33,33,33,33,41,41,41,41,4,4,4,10,10,10,33,33,33,62,62,62,62,49,49,49,27,27,14,14,42,42,31,31,31,67,67,67,114,114,114,114,66,66,66,61,61,61,6,6,6,8,8,8,8,-30,-30,-30,-30,79,79,79,79,101,101,101,101,91,91,91,91,73,73,73,129,129,129,160,160,160,178
106,16.69200000000000372,29,96,83,86,86,57,57,120,120,103,103,124,124,148,102,126,126,155,155,133,133,56,56,90,90,85,85,87,87,125,125,84,84,84,57,57,57,58,58,58,104,104,104,106,106,106,81,81,81,117,117,127,127,104,104,106,106,106,65,65,65,112,112,112,101,101,94,94,120,120,96,96,96,121,121,121,77,77,84,134,72,72,81,81,81,91,91,95,95,93,93,110,110,103,103,103,62,62,62,109,109,131,116,116,113,113,125,125,125,63,63,133,133,124,124,30,30,46,46,19,23,83,34,57,57,75,75,75,75,72,72,72,68,68,65,65,55,55,60,60,60,81,81,81,106,106,79,79,115,115,78,78,61,61,61,73,73,83,83,69,69,86,86,117,117,70,70,70,86,86,120,100,100,74,74,64,64,64,35,35,35,33,33,78,78,65,65,61,61,98,98,91,91,94,94,73,73,76,76,78,78,45,45,36,36,36,-11,-11,18,18,65,65,95,95,57,57,22,22,15,4,14,14,23,23,14,14,80,80,-7,-7,-7,50,50,50,76,76,76,64,64,64,74,74,74,72,72,82,82,66,66,60,60,5,5,5,63,63,63,75,75,75,30,30,56,56,56,-76,-76,-76,0,0,0,-2,-2,-2,38,38,38,-48,-48,-145,-145,-117,-117,-117,-98,-98,-98,26,26,26,4,4,102,102,205,205,65,65,-4,-4,-4,21,21,21,21,67,67,84,84,55,55,50,50,50,115,115,115,115,98,98,98,106,106,85,85,22,22,22,17,17,17,17,180,180,180,180,175,175,175,160,160,96,96,86,86,86,86,46,46,46,104,104,104,133,133,133,101,101,94,94,94,32,32,32,32,57,57,57,53,53,53,50,50,81,81,92,92,92,82,82,82,71,71,71,82,82,69,69,49,49,49,70,70,70,136,136,136,136,139,139,139,139,122,122,122,165,165,165,183,183,183,169,169,169,137,137,137,143,143,143,34,34,34,20,20,20,172,172,172,106,106,106,106,69,69,69,69,4,4,4,25,25,25,25,25,48,48,48,81,81,64,64,43,43,68,68,62,62,62,79,79,79,60,60,60,60,45,45,45,45,1,1,14,14,53,53,49,49,64,64,64,43,43,43,30,30,30,28,28,28,88,88,88,70,70,70,70,100,100,100,119,119,119,106,106,106,37,37,96,96,86,86,68,68,68,64,64,64,64,35,35,35,35,20,20,20,34,34,34,48,48,48,87,87,87,87,84,84,84,80,80,77,77,93,93,28,28,28,78,78,78,80,80,80,80,79,79,79,55,55,55,34,34,34,53,53,53,53,32,32,32,32,90,90,90,90,78,78,78,78,80,80,80,80,53,53,53,139,139,139,176,176,176,171
107,16.89200000000000301,66,171,132,116,116,118,118,151,151,178,178,183,183,197,179,188,188,194,194,148,148,150,150,159,159,116,116,112,112,136,136,104,104,104,103,103,103,105,105,105,173,173,173,158,158,158,141,141,141,154,154,113,113,105,105,98,98,98,100,100,100,126,126,126,122,122,116,116,141,141,145,145,145,158,158,158,145,145,139,167,121,121,124,124,124,132,132,121,121,94,94,136,136,136,136,136,123,123,123,155,155,182,184,184,118,118,133,133,133,117,117,149,149,179,179,108,108,88,88,69,45,89,89,89,89,117,117,127,127,98,98,98,113,113,126,126,96,96,60,60,60,77,77,77,65,65,126,126,117,117,123,123,112,112,112,135,135,150,150,138,138,131,131,147,147,148,148,148,163,163,185,183,183,108,108,105,105,105,143,143,143,142,142,110,110,138,138,153,153,171,171,167,167,191,191,143,143,136,136,107,107,106,106,100,100,100,51,51,73,73,109,109,163,163,150,150,83,83,83,78,138,138,139,139,118,118,147,147,71,71,71,105,105,105,154,154,154,87,87,87,121,121,121,105,105,159,159,134,134,90,90,75,75,75,93,93,93,108,108,108,79,79,105,105,105,-30,-30,-30,29,29,29,93,93,93,115,115,115,-5,-5,-42,-42,26,26,26,9,9,9,109,109,109,91,91,154,154,243,243,180,180,29,29,29,66,66,66,66,98,98,186,186,149,149,115,115,115,134,134,134,134,145,145,145,141,141,135,135,41,41,41,99,99,99,99,231,231,231,231,241,241,241,252,252,213,213,121,121,121,121,86,86,86,135,135,135,180,180,180,105,105,56,56,56,75,75,75,75,89,89,89,107,107,107,96,96,83,83,86,86,86,93,93,93,92,92,92,111,111,75,75,69,69,69,123,123,123,171,171,171,171,190,190,190,190,125,125,125,172,172,172,241,241,241,224,224,224,208,208,208,184,184,184,142,142,142,127,127,127,262,262,262,154,154,154,154,125,125,125,125,95,95,95,136,136,111,111,111,95,95,95,93,93,100,100,75,75,117,117,85,85,85,117,117,117,99,99,99,99,78,78,78,78,40,40,79,79,79,79,87,87,103,103,103,60,60,60,53,53,53,76,76,76,126,126,126,129,129,129,129,140,140,140,144,144,144,141,141,141,92,92,131,131,142,142,134,134,134,77,77,77,77,63,63,63,63,90,90,90,97,97,97,92,92,92,110,110,110,110,120,120,120,98,98,149,149,165,165,117,117,117,134,134,134,92,92,92,92,82,82,82,93,93,93,75,75,75,139,139,139,139,127,127,127,127,84,84,84,84,93,93,93,93,98,98,98,98,99,99,99,142,142,142,180,180,180,193
108,17.0920000000000023,155,130,142,168,168,147,147,174,174,186,186,189,189,251,215,184,184,193,193,154,154,141,141,147,147,147,147,100,100,95,95,118,118,118,113,113,113,137,137,137,152,152,152,218,218,218,175,175,175,121,121,125,125,69,69,93,93,93,71,71,71,118,118,118,95,95,81,81,102,102,148,148,148,157,157,157,147,147,129,90,82,82,145,145,145,114,114,94,94,56,56,98,98,115,115,115,123,123,123,187,187,144,188,188,133,133,170,170,170,149,149,147,147,166,166,135,135,110,110,114,49,71,55,104,104,135,135,134,134,91,91,91,66,66,113,113,89,89,52,52,52,118,118,118,88,88,133,133,131,131,120,120,157,157,157,143,143,149,149,131,131,161,161,177,177,198,198,198,182,182,181,181,181,149,149,133,133,133,153,153,153,182,182,162,162,175,175,174,174,205,205,197,197,211,211,223,223,193,193,173,173,156,156,134,134,134,96,96,84,84,101,101,156,156,180,180,140,140,142,136,172,172,234,234,228,228,173,173,110,110,110,111,111,111,185,185,185,133,133,133,133,133,133,139,139,155,155,164,164,165,165,138,138,138,106,106,106,142,142,142,106,106,102,102,102,1,1,1,71,71,71,148,148,148,159,159,159,51,51,50,50,115,115,115,42,42,42,155,155,155,179,179,223,223,288,288,242,242,97,97,97,117,117,117,117,96,96,177,177,206,206,171,171,171,165,165,165,165,154,154,154,107,107,123,123,81,81,81,95,95,95,95,244,244,244,244,254,254,254,263,263,215,215,111,111,111,111,103,103,103,111,111,111,181,181,181,103,103,43,43,43,114,114,114,114,152,152,152,147,147,147,99,99,76,76,105,105,105,92,92,92,96,96,96,107,107,70,70,102,102,102,125,125,125,116,116,116,116,236,236,236,236,201,201,201,202,202,202,237,237,237,247,247,247,244,244,244,274,274,274,196,196,196,184,184,184,293,293,293,202,202,202,202,162,162,162,162,184,184,184,180,180,181,181,181,107,107,107,96,96,77,77,87,87,124,124,117,117,117,131,131,131,122,122,122,122,107,107,107,107,67,67,123,123,101,101,108,108,123,123,123,91,91,91,95,95,95,92,92,92,125,125,125,148,148,148,148,157,157,157,149,149,149,173,173,173,118,118,160,160,147,147,202,202,202,86,86,86,86,113,113,113,113,119,119,119,92,92,92,106,106,106,116,116,116,116,129,129,129,161,161,166,166,183,183,128,128,128,122,122,122,124,124,124,124,91,91,91,111,111,111,135,135,135,160,160,160,160,169,169,169,169,99,99,99,99,123,123,123,123,105,105,105,105,127,127,127,161,161,161,204,204,204,188
109,17.29200000000000159,190,100,90,125,125,147,147,190,190,138,138,156,156,169,124,118,118,152,152,145,145,106,106,133,133,103,103,60,60,72,72,85,85,85,92,92,92,151,151,151,86,86,86,142,142,142,138,138,138,62,62,26,26,68,68,56,56,56,20,20,20,61,61,61,58,58,37,37,64,64,101,101,101,100,100,100,126,126,88,34,28,28,109,109,109,92,92,47,47,23,23,66,66,105,105,105,121,121,121,113,113,94,123,123,106,106,163,163,163,137,137,114,114,132,132,111,111,135,135,120,68,58,38,74,74,34,34,48,48,58,58,58,43,43,6,6,17,17,40,40,40,58,58,58,-9,-9,53,53,70,70,81,81,138,138,138,94,94,97,97,75,75,113,113,141,141,171,171,171,150,150,125,141,141,99,99,137,137,137,147,147,147,110,110,146,146,174,174,147,147,191,191,155,155,214,214,247,247,207,207,170,170,187,187,159,159,159,135,135,85,85,97,97,94,94,166,166,151,151,139,124,144,144,215,215,226,226,141,141,122,122,122,97,97,97,140,140,140,111,111,111,115,115,115,115,115,125,125,175,175,87,87,107,107,107,117,117,117,127,127,127,113,113,127,127,127,43,43,43,90,90,90,152,152,152,153,153,153,105,105,97,97,169,169,169,42,42,42,232,232,232,188,188,171,171,234,234,206,206,101,101,101,101,101,101,101,77,77,150,150,108,108,151,151,151,144,144,144,144,105,105,105,85,85,62,62,98,98,98,99,99,99,99,180,180,180,180,235,235,235,223,223,156,156,167,167,167,167,88,88,88,112,112,112,136,136,136,73,73,37,37,37,95,95,95,95,147,147,147,129,129,129,83,83,60,60,72,72,72,84,84,84,82,82,82,80,80,28,28,69,69,69,133,133,133,143,143,143,143,169,169,169,169,195,195,195,144,144,144,167,167,167,232,232,232,239,239,239,259,259,259,223,223,223,215,215,215,271,271,271,277,277,277,277,183,183,183,183,233,233,233,200,200,191,191,191,126,126,126,78,78,60,60,90,90,128,128,104,104,104,122,122,122,124,124,124,124,125,125,125,125,69,69,100,100,88,88,101,101,98,98,98,92,92,92,122,122,122,102,102,102,84,84,84,149,149,149,149,142,142,142,119,119,119,135,135,135,141,141,146,146,120,120,135,135,135,98,98,98,98,106,106,106,106,99,99,99,99,99,99,72,72,72,89,89,89,89,99,99,99,119,119,127,127,160,160,143,143,143,80,80,80,96,96,96,96,73,73,73,88,88,88,129,129,129,182,182,182,182,149,149,149,149,72,72,72,72,118,118,118,118,142,142,142,142,121,121,121,156,156,156,193,193,193,171
110,17.49200000000000088,172,59,46,65,65,102,102,119,119,106,106,90,90,127,82,64,64,104,104,76,76,113,113,96,96,53,53,40,40,-9,-9,40,40,40,28,28,28,82,82,82,24,24,24,50,50,50,73,73,73,39,39,21,21,14,14,1,1,1,-19,-19,-19,-3,-3,-3,-17,-17,-16,-16,17,17,57,57,57,39,39,39,45,45,57,-24,-9,-9,56,56,56,40,40,30,30,-9,-9,35,35,52,52,52,85,85,85,62,62,67,89,89,71,71,95,95,95,75,75,55,55,47,47,36,36,81,81,64,51,21,12,17,17,-4,-4,28,28,25,25,25,-7,-7,-19,-19,-31,-31,-28,-28,-28,-20,-20,-20,-9,-9,-39,-39,-1,-1,41,41,104,104,104,63,63,48,48,51,51,83,83,91,91,111,111,111,70,70,36,90,90,64,64,112,112,112,96,96,96,57,57,108,108,130,130,116,116,167,167,176,176,173,173,161,161,177,177,146,146,188,188,152,152,152,147,147,80,80,71,71,60,60,145,145,144,144,120,117,119,119,153,153,148,148,98,98,100,100,100,58,58,58,91,91,91,80,80,80,94,94,94,77,77,86,86,126,126,43,43,99,99,99,103,103,103,110,110,110,124,124,113,113,113,85,85,85,121,121,121,144,144,144,114,114,114,112,112,138,138,193,193,193,75,75,75,183,183,183,150,150,105,105,190,190,172,172,120,120,120,106,106,106,106,58,58,85,85,43,43,94,94,94,102,102,102,102,42,42,42,22,22,32,32,130,130,130,114,114,114,114,110,110,110,110,171,171,171,184,184,92,92,83,83,83,83,70,70,70,69,69,69,79,79,79,33,33,32,32,32,108,108,108,108,109,109,109,131,131,131,85,85,68,68,71,71,71,60,60,60,80,80,80,54,54,20,20,38,38,38,76,76,76,67,67,67,67,97,97,97,97,134,134,134,99,99,99,125,125,125,162,162,162,195,195,195,196,196,196,193,193,193,199,199,199,230,230,230,263,263,263,263,178,178,178,178,228,228,228,198,198,173,173,173,109,109,109,54,54,45,45,58,58,76,76,66,66,66,79,79,79,89,89,89,89,95,95,95,95,66,66,76,76,80,80,76,76,62,62,62,73,73,73,109,109,109,48,48,48,54,54,54,107,107,107,107,107,107,107,78,78,78,102,102,102,91,91,83,83,90,90,106,106,106,92,92,92,92,105,105,105,105,90,90,90,29,29,29,34,34,34,68,68,68,68,52,52,52,74,74,99,99,130,130,104,104,104,62,62,62,69,69,69,69,44,44,44,51,51,51,116,116,116,179,179,179,179,133,133,133,133,21,21,21,21,117,117,117,117,155,155,155,155,48,48,48,74,74,74,125,125,125,133
111,17.69200000000000372,147,9,10,33,33,74,74,41,41,0,0,31,31,69,41,-4,-4,51,51,39,39,62,62,29,29,34,34,11,11,-21,-21,-7,-7,-7,37,37,37,-3,-3,-3,-25,-25,-25,6,6,6,15,15,15,-12,-12,-11,-11,-42,-42,-61,-61,-61,-48,-48,-48,-72,-72,-72,-70,-70,-84,-84,-37,-37,10,10,10,-34,-34,-34,22,22,-6,-45,-65,-65,-50,-50,-50,-13,-13,-33,-33,-23,-23,-14,-14,30,30,30,58,58,58,46,46,43,64,64,59,59,11,11,11,18,18,-13,-13,-14,-14,-3,-3,17,17,13,24,5,20,-17,-17,-34,-34,-29,-29,-22,-22,-22,-37,-37,-20,-20,-79,-79,-62,-62,-62,-57,-57,-57,-34,-34,-84,-84,-72,-72,-29,-29,20,20,20,-22,-22,-8,-8,3,3,17,17,46,46,50,50,50,55,55,-13,12,12,22,22,83,83,83,45,45,45,-10,-10,29,29,79,79,57,57,88,88,134,134,128,128,170,170,117,117,85,85,104,104,96,96,96,106,106,72,72,44,44,27,27,93,93,106,106,108,102,63,63,66,66,114,114,14,14,76,76,76,69,69,69,48,48,48,30,30,30,47,47,47,34,34,18,18,65,65,51,51,62,62,62,82,82,82,105,105,105,96,96,126,126,126,116,116,116,132,132,132,116,116,116,112,112,112,130,130,147,147,206,206,206,32,32,32,187,187,187,149,149,62,62,120,120,173,173,106,106,106,18,18,18,18,19,19,12,12,40,40,47,47,47,31,31,31,31,-10,-10,-10,-26,-26,49,49,112,112,112,90,90,90,90,33,33,33,33,74,74,74,113,113,59,59,16,16,16,16,30,30,30,14,14,14,36,36,36,28,28,19,19,19,47,47,47,47,40,40,40,64,64,64,69,69,34,34,7,7,7,32,32,32,17,17,17,-9,-9,-2,-2,31,31,31,27,27,27,15,15,15,15,57,57,57,57,80,80,80,11,11,11,-12,-12,-12,72,72,72,125,125,125,133,133,133,174,174,174,159,159,159,133,133,133,224,224,224,224,113,113,113,113,205,205,205,135,135,140,140,140,52,52,52,28,28,27,27,36,36,30,30,11,11,11,42,42,42,41,41,41,41,41,41,41,41,39,39,42,42,18,18,36,36,6,6,6,44,44,44,87,87,87,51,51,51,6,6,6,72,72,72,72,30,30,30,27,27,27,75,75,75,87,87,59,59,39,39,61,61,61,52,52,52,52,90,90,90,90,49,49,49,28,28,28,25,25,25,4,4,4,4,37,37,37,57,57,63,63,65,65,52,52,52,22,22,22,11,11,11,11,33,33,33,9,9,9,138,138,138,146,146,146,146,78,78,78,78,-43,-43,-43,-43,12,12,12,12,49,49,49,49,24,24,24,29,29,29,51,51,51,73
112,17.89200000000000301,106,5,-33,-37,-37,-9,-9,14,14,-27,-27,-33,-33,1,-10,-41,-41,24,24,-22,-22,-8,-8,-25,-25,-16,-16,-29,-29,-84,-84,-43,-43,-43,-7,-7,-7,-52,-52,-52,-121,-121,-121,-86,-86,-86,-68,-68,-68,-48,-48,-23,-23,-72,-72,-81,-81,-81,-93,-93,-93,-127,-127,-127,-133,-133,-119,-119,-108,-108,-66,-66,-66,-65,-65,-65,-39,-39,-59,-39,-94,-94,-90,-90,-90,-87,-87,-69,-69,-48,-48,-56,-56,-19,-19,-19,24,24,24,12,12,41,12,12,-43,-43,-60,-60,-60,-61,-61,-80,-80,-64,-64,-62,-62,-56,-56,-66,-27,-52,22,-13,-13,-63,-63,-53,-53,-51,-51,-51,-53,-53,-23,-23,-28,-28,-87,-87,-87,-73,-73,-73,-83,-83,-81,-81,-115,-115,-94,-94,-70,-70,-70,-54,-54,-59,-59,-48,-48,-23,-23,-15,-15,-19,-19,-19,-34,-34,-29,-11,-11,-14,-14,-11,-11,-11,10,10,10,-40,-40,5,5,17,17,15,15,30,30,87,87,90,90,88,88,74,74,41,41,21,21,14,14,14,73,73,18,18,11,11,12,12,59,59,61,61,45,47,34,34,2,2,36,36,-45,-45,8,8,8,17,17,17,-17,-17,-17,10,10,10,-6,-6,-6,-8,-8,-4,-4,24,24,22,22,59,59,59,77,77,77,44,44,44,95,95,82,82,82,119,119,119,122,122,122,82,82,82,75,75,75,113,113,107,107,197,197,197,13,13,13,141,141,141,126,126,14,14,72,72,160,160,77,77,77,-3,-3,-3,-3,-29,-29,-38,-38,-9,-9,0,0,0,-20,-20,-20,-20,-15,-15,-15,-7,-7,16,16,79,79,79,54,54,54,54,-31,-31,-31,-31,27,27,27,40,40,-18,-18,-12,-12,-12,-12,1,1,1,-34,-34,-34,-14,-14,-14,11,11,12,12,12,14,14,14,14,-42,-42,-42,4,4,4,17,17,-13,-13,-43,-43,-43,-2,-2,-2,-33,-33,-33,-9,-9,-2,-2,13,13,13,-6,-6,-6,-75,-75,-75,-75,-54,-54,-54,-54,-32,-32,-32,-58,-58,-58,-75,-75,-75,-29,-29,-29,32,32,32,87,87,87,73,73,73,71,71,71,36,36,36,176,176,176,176,63,63,63,63,138,138,138,43,43,67,67,67,28,28,28,2,2,0,0,-5,-5,-5,-5,-13,-13,-13,-19,-19,-19,-25,-25,-25,-25,-14,-14,-14,-14,-26,-26,-51,-51,-23,-23,-5,-5,-45,-45,-45,-24,-24,-24,45,45,45,33,33,33,-26,-26,-26,-5,-5,-5,-5,-5,-5,-5,2,2,2,9,9,9,46,46,-6,-6,-30,-30,-43,-43,-43,39,39,39,39,26,26,26,26,-9,-9,-9,-27,-27,-27,-22,-22,-22,-22,-22,-22,-22,18,18,18,-6,-6,21,21,29,29,21,21,21,-5,-5,-5,-8,-8,-8,-8,-10,-10,-10,-23,-23,-23,86,86,86,56,56,56,56,-2,-2,-2,-2,-90,-90,-90,-90,-49,-49,-49,-49,-38,-38,-38,-38,-59,-59,-59,-78,-78,-78,2,2,2,-12
113,18.0920000000000023,51,-16,-41,-101,-101,-61,-61,-50,-50,-80,-80,-55,-55,-39,-60,-57,-57,-50,-50,-98,-98,-75,-75,-99,-99,-83,-83,-51,-51,-97,-97,-95,-95,-95,-64,-64,-64,-97,-97,-97,-148,-148,-148,-147,-147,-147,-125,-125,-125,-101,-101,-61,-61,-92,-92,-114,-114,-114,-91,-91,-91,-139,-139,-139,-148,-148,-117,-117,-136,-136,-112,-112,-112,-110,-110,-110,-96,-96,-75,-44,-117,-117,-160,-160,-160,-130,-130,-94,-94,-72,-72,-64,-64,-85,-85,-85,-57,-57,-57,-36,-36,-48,-82,-82,-94,-94,-126,-126,-126,-89,-89,-127,-127,-94,-94,-55,-55,-87,-87,-104,-74,-62,-8,-25,-25,-84,-84,-75,-75,-89,-89,-89,-81,-81,-41,-41,-31,-31,-89,-89,-89,-104,-104,-104,-100,-100,-97,-97,-139,-139,-104,-104,-122,-122,-122,-104,-104,-94,-94,-67,-67,-73,-73,-82,-82,-84,-84,-84,-85,-85,-63,-63,-63,-72,-72,-57,-57,-57,-30,-30,-30,-70,-70,-71,-71,-42,-42,-42,-42,-54,-54,-8,-8,28,28,29,29,10,10,-36,-36,-51,-51,-62,-62,-62,1,1,-28,-28,-39,-39,-62,-62,-8,-8,-9,-9,12,5,-4,-4,-47,-47,-29,-29,-119,-119,-36,-36,-36,-20,-20,-20,-49,-49,-49,-61,-61,-61,-59,-59,-59,-54,-54,-49,-49,-50,-50,9,9,-1,-1,-1,31,31,31,46,46,46,81,81,68,68,68,110,110,110,84,84,84,39,39,39,13,13,13,45,45,84,84,138,138,138,29,29,29,82,82,82,88,88,2,2,41,41,101,101,35,35,35,-27,-27,-27,-27,-52,-52,-80,-80,-35,-35,-63,-63,-63,-63,-63,-63,-63,-34,-34,-34,-36,-36,-55,-55,28,28,28,7,7,7,7,-50,-50,-50,-50,-39,-39,-39,-36,-36,-34,-34,-57,-57,-57,-57,-51,-51,-51,-52,-52,-52,-54,-54,-54,-34,-34,-44,-44,-44,-46,-46,-46,-46,-92,-92,-92,-64,-64,-64,-56,-56,-74,-74,-86,-86,-86,-62,-62,-62,-64,-64,-64,-49,-49,-37,-37,-12,-12,-12,-63,-63,-63,-110,-110,-110,-110,-133,-133,-133,-133,-103,-103,-103,-146,-146,-146,-107,-107,-107,-110,-110,-110,-56,-56,-56,-42,-42,-42,-5,-5,-5,-66,-66,-66,-54,-54,-54,133,133,133,133,19,19,19,19,61,61,61,-25,-25,-33,-33,-33,-35,-35,-35,-67,-67,-34,-34,-37,-37,-38,-38,-41,-41,-41,-61,-61,-61,-118,-118,-118,-118,-64,-64,-64,-64,-29,-29,-52,-52,-65,-65,-55,-55,-78,-78,-78,-55,-55,-55,2,2,2,0,0,0,-70,-70,-70,-99,-99,-99,-99,-78,-78,-78,-61,-61,-61,-75,-75,-75,-24,-24,-55,-55,-51,-51,-68,-68,-68,-15,-15,-15,-15,-7,-7,-7,-7,-28,-28,-28,-42,-42,-42,-46,-46,-46,-25,-25,-25,-25,-24,-24,-24,-12,-12,-38,-38,-60,-60,-9,-9,-9,-43,-43,-43,-54,-54,-54,-54,-47,-47,-47,-55,-55,-55,59,59,59,26,26,26,26,-57,-57,-57,-57,-172,-172,-172,-172,-112,-112,-112,-112,-110,-110,-110,-110,-108,-108,-108,-157,-157,-157,-76,-76,-76,-88
114,18.29200000000000159,-26,-43,-59,-127,-127,-134,-134,-95,-95,-102,-102,-78,-78,-86,-51,-136,-136,-137,-137,-125,-125,-132,-132,-165,-165,-129,-129,-106,-106,-119,-119,-131,-131,-131,-117,-117,-117,-122,-122,-122,-165,-165,-165,-149,-149,-149,-160,-160,-160,-153,-153,-106,-106,-107,-107,-123,-123,-123,-76,-76,-76,-145,-145,-145,-125,-125,-126,-126,-159,-159,-103,-103,-103,-142,-142,-142,-95,-95,-96,-30,-71,-71,-146,-146,-146,-156,-156,-118,-118,-132,-132,-111,-111,-112,-112,-112,-97,-97,-97,-80,-80,-118,-155,-155,-174,-174,-167,-167,-167,-118,-118,-113,-113,-75,-75,-87,-87,-87,-87,-93,-109,-65,-51,-33,-33,-73,-73,-85,-85,-98,-98,-98,-82,-82,-77,-77,-50,-50,-85,-85,-85,-117,-117,-117,-104,-104,-93,-93,-120,-120,-167,-167,-136,-136,-136,-144,-144,-116,-116,-91,-91,-101,-101,-154,-154,-163,-163,-163,-112,-112,-98,-129,-129,-138,-138,-120,-120,-120,-118,-118,-118,-93,-93,-123,-123,-114,-114,-127,-127,-125,-125,-87,-87,-76,-76,-46,-46,-62,-62,-81,-81,-94,-94,-96,-96,-96,-10,-10,-72,-72,-76,-76,-99,-99,-74,-74,-90,-90,-96,-61,-55,-55,-72,-72,-90,-90,-147,-147,-80,-80,-80,-49,-49,-49,-92,-92,-92,-68,-68,-68,-85,-85,-85,-84,-84,-84,-84,-69,-69,-62,-62,-73,-73,-73,-23,-23,-23,1,1,1,17,17,3,3,3,63,63,63,-2,-2,-2,25,25,25,-40,-40,-40,6,6,8,8,76,76,76,-36,-36,-36,-39,-39,-39,23,23,-47,-47,-5,-5,13,13,-25,-25,-25,-65,-65,-65,-65,-70,-70,-105,-105,-75,-75,-66,-66,-66,-81,-81,-81,-81,-38,-38,-38,-81,-81,-92,-92,-24,-24,-24,-38,-38,-38,-38,-95,-95,-95,-95,-71,-71,-71,-74,-74,-87,-87,-97,-97,-97,-97,-58,-58,-58,-135,-135,-135,-98,-98,-98,-14,-14,-86,-86,-86,-85,-85,-85,-85,-98,-98,-98,-109,-109,-109,-111,-111,-128,-128,-106,-106,-106,-81,-81,-81,-111,-111,-111,-58,-58,-49,-49,-55,-55,-55,-109,-109,-109,-119,-119,-119,-119,-125,-125,-125,-125,-130,-130,-130,-145,-145,-145,-142,-142,-142,-188,-188,-188,-95,-95,-95,-85,-85,-85,-86,-86,-86,-117,-117,-117,-128,-128,-128,41,41,41,41,22,22,22,22,-16,-16,-16,-107,-107,-81,-81,-81,-103,-103,-103,-117,-117,-78,-78,-65,-65,-53,-53,-97,-97,-97,-94,-94,-94,-116,-116,-116,-116,-111,-111,-111,-111,-60,-60,-108,-108,-81,-81,-72,-72,-65,-65,-65,-89,-89,-89,-91,-91,-91,-67,-67,-67,-95,-95,-95,-131,-131,-131,-131,-116,-116,-116,-101,-101,-101,-107,-107,-107,-70,-70,-115,-115,-146,-146,-138,-138,-138,-44,-44,-44,-44,-49,-49,-49,-49,-57,-57,-57,-37,-37,-37,-63,-63,-63,-46,-46,-46,-46,-31,-31,-31,-69,-69,-91,-91,-116,-116,-70,-70,-70,-65,-65,-65,-98,-98,-98,-98,-91,-91,-91,-65,-65,-65,19,19,19,21,21,21,21,-83,-83,-83,-83,-191,-191,-191,-191,-156,-156,-156,-156,-177,-177,-177,-177,-137,-137,-137,-150,-150,-150,-149,-149,-149,-129
115,18.49200000000000088,-162,-100,-72,-146,-146,-135,-135,-115,-115,-73,-73,-95,-95,-107,-84,-117,-117,-134,-134,-133,-133,-137,-137,-141,-141,-133,-133,-124,-124,-142,-142,-105,-105,-105,-106,-106,-106,-115,-115,-115,-130,-130,-130,-144,-144,-144,-171,-171,-171,-141,-141,-106,-106,-92,-92,-55,-55,-55,-51,-51,-51,-104,-104,-104,-81,-81,-71,-71,-126,-126,-120,-120,-120,-115,-115,-115,-102,-102,-73,-20,-48,-48,-138,-138,-138,-143,-143,-114,-114,-118,-118,-150,-150,-138,-138,-138,-126,-126,-126,-115,-115,-163,-212,-212,-159,-159,-138,-138,-138,-98,-98,-67,-67,-78,-78,-70,-70,-71,-71,-65,-84,-51,-45,-74,-74,-63,-63,-59,-59,-118,-118,-118,-69,-69,-40,-40,-49,-49,-67,-67,-67,-78,-78,-78,-84,-84,-72,-72,-126,-126,-148,-148,-157,-157,-157,-132,-132,-124,-124,-105,-105,-119,-119,-146,-146,-169,-169,-169,-128,-128,-121,-131,-131,-155,-155,-131,-131,-131,-139,-139,-139,-121,-121,-149,-149,-159,-159,-151,-151,-187,-187,-138,-138,-146,-146,-114,-114,-81,-81,-82,-82,-109,-109,-109,-109,-109,-55,-55,-80,-80,-118,-118,-128,-128,-109,-109,-93,-93,-105,-114,-94,-94,-118,-118,-120,-120,-153,-153,-92,-92,-92,-76,-76,-76,-100,-100,-100,-87,-87,-87,-92,-92,-92,-96,-96,-104,-104,-126,-126,-62,-62,-66,-66,-66,-50,-50,-50,13,13,13,16,16,-34,-34,-34,-3,-3,-3,-60,-60,-60,-50,-50,-50,-89,-89,-89,-47,-47,-94,-94,60,60,60,-60,-60,-60,-33,-33,-33,-58,-58,-81,-81,-52,-52,-45,-45,-26,-26,-26,-76,-76,-76,-76,-68,-68,-103,-103,-92,-92,-29,-29,-29,-147,-147,-147,-147,-43,-43,-43,-85,-85,-114,-114,-69,-69,-69,-90,-90,-90,-90,-117,-117,-117,-117,-132,-132,-132,-106,-106,-94,-94,-107,-107,-107,-107,-105,-105,-105,-132,-132,-132,-72,-72,-72,-24,-24,-77,-77,-77,-48,-48,-48,-48,-97,-97,-97,-125,-125,-125,-103,-103,-112,-112,-128,-128,-128,-129,-129,-129,-92,-92,-92,-61,-61,-80,-80,-74,-74,-74,-95,-95,-95,-94,-94,-94,-94,-128,-128,-128,-128,-128,-128,-128,-140,-140,-140,-136,-136,-136,-171,-171,-171,-97,-97,-97,-84,-84,-84,-122,-122,-122,-107,-107,-107,-102,-102,-102,4,4,4,4,-3,-3,-3,-3,-63,-63,-63,-156,-156,-177,-177,-177,-141,-141,-141,-162,-162,-105,-105,-52,-52,-54,-54,-87,-87,-87,-109,-109,-109,-119,-119,-119,-119,-93,-93,-93,-93,-69,-69,-93,-93,-113,-113,-69,-69,-57,-57,-57,-65,-65,-65,-116,-116,-116,-61,-61,-61,-105,-105,-105,-93,-93,-93,-93,-141,-141,-141,-125,-125,-125,-105,-105,-105,-77,-77,-101,-101,-121,-121,-147,-147,-147,-75,-75,-75,-75,-81,-81,-81,-81,-38,-38,-38,-69,-69,-69,-47,-47,-47,-34,-34,-34,-34,-30,-30,-30,-37,-37,-95,-95,-133,-133,-80,-80,-80,-69,-69,-69,-108,-108,-108,-108,-87,-87,-87,-59,-59,-59,-26,-26,-26,18,18,18,18,-50,-50,-50,-50,-176,-176,-176,-176,-112,-112,-112,-112,-158,-158,-158,-158,-114,-114,-114,-139,-139,-139,-159,-159,-159,-179
116,18.69200000000000372,-192,-101,-50,-96,-96,-68,-68,-41,-41,-55,-55,-36,-36,-38,-21,-61,-61,-98,-98,-73,-73,-62,-62,-108,-108,-100,-100,-77,-77,-52,-52,-63,-63,-63,-92,-92,-92,-91,-91,-91,-79,-79,-79,-84,-84,-84,-104,-104,-104,-77,-77,-61,-61,-24,-24,4,4,4,29,29,29,-7,-7,-7,-23,-23,-1,-1,-81,-81,-68,-68,-68,-62,-62,-62,-57,-57,-18,13,16,16,-45,-45,-45,-112,-112,-83,-83,-85,-85,-110,-110,-95,-95,-95,-115,-115,-115,-105,-105,-96,-121,-121,-91,-91,-79,-79,-79,-9,-9,-54,-54,-58,-58,-7,-7,-13,-13,-11,33,12,11,-24,-24,36,36,11,11,-45,-45,-45,-5,-5,6,6,-32,-32,13,13,13,-8,-8,-8,7,7,-22,-22,-50,-50,-33,-33,-91,-91,-91,-83,-83,-84,-84,-60,-60,-85,-85,-83,-83,-146,-146,-146,-109,-109,-74,-87,-87,-123,-123,-125,-125,-125,-140,-140,-140,-81,-81,-129,-129,-153,-153,-122,-122,-135,-135,-134,-134,-156,-156,-95,-95,-37,-37,-51,-51,-37,-37,-46,-46,-46,-41,-41,-41,-41,-79,-79,-91,-91,-117,-117,-111,-111,-79,-88,-68,-68,-98,-98,-121,-121,-130,-130,-75,-75,-75,-88,-88,-88,-98,-98,-98,-43,-43,-43,-91,-91,-91,-81,-81,-85,-85,-80,-80,-32,-32,-16,-16,-16,-20,-20,-20,29,29,29,7,7,-67,-67,-67,-25,-25,-25,-72,-72,-72,-61,-61,-61,-101,-101,-101,-62,-62,-60,-60,58,58,58,-29,-29,-29,-32,-32,-32,-71,-71,-49,-49,-35,-35,-40,-40,-28,-28,-28,-45,-45,-45,-45,-25,-25,-84,-84,-22,-22,15,15,15,-99,-99,-99,-99,-17,-17,-17,-54,-54,-66,-66,-75,-75,-75,-73,-73,-73,-73,-94,-94,-94,-94,-105,-105,-105,-59,-59,-30,-30,-80,-80,-80,-80,-82,-82,-82,-88,-88,-88,-60,-60,-60,-24,-24,-35,-35,-35,-35,-35,-35,-35,-68,-68,-68,-103,-103,-103,-62,-62,-70,-70,-97,-97,-97,-103,-103,-103,-57,-57,-57,-66,-66,-45,-45,-46,-46,-46,-50,-50,-50,-48,-48,-48,-48,-46,-46,-46,-46,-60,-60,-60,-65,-65,-65,-85,-85,-85,-78,-78,-78,-72,-72,-72,-105,-105,-105,-74,-74,-74,-43,-43,-43,-37,-37,-37,34,34,34,34,-17,-17,-17,-17,-69,-69,-69,-150,-150,-190,-190,-190,-97,-97,-97,-140,-140,-84,-84,-22,-22,-19,-19,-36,-36,-36,-53,-53,-53,-84,-84,-84,-84,-79,-79,-79,-79,-17,-17,-64,-64,-68,-68,-55,-55,-12,-12,-12,-15,-15,-15,-97,-97,-97,-63,-63,-63,-86,-86,-86,-107,-107,-107,-107,-116,-116,-116,-58,-58,-58,-45,-45,-45,-108,-108,-69,-69,-85,-85,-74,-74,-74,-76,-76,-76,-76,-55,-55,-55,-55,-42,-42,-42,-42,-42,-42,-27,-27,-27,-26,-26,-26,-26,-17,-17,-17,-23,-23,-74,-74,-150,-150,-91,-91,-91,-62,-62,-62,-29,-29,-29,-29,-71,-71,-71,-42,-42,-42,3,3,3,18,18,18,18,-34,-34,-34,-34,-134,-134,-134,-134,-89,-89,-89,-89,-102,-102,-102,-102,-68,-68,-68,-96,-96,-96,-183,-183,-183,-177
117,18.89200000000000301,-167,-36,12,12,12,-6,-6,45,45,62,62,13,13,28,69,9,9,-39,-39,-9,-9,1,1,-27,-27,13,13,10,10,26,26,28,28,28,-18,-18,-18,-3,-3,-3,42,42,42,-9,-9,-9,-25,-25,-25,-26,-26,40,40,66,66,81,81,81,86,86,86,40,40,40,46,46,70,70,20,20,25,25,25,-29,-29,-29,45,45,48,117,90,90,18,18,18,-35,-35,-21,-21,-19,-19,-39,-39,-40,-40,-40,-76,-76,-76,-87,-87,-10,-17,-17,46,46,9,9,9,27,27,52,52,20,20,44,44,13,13,64,112,95,87,61,61,126,126,129,129,54,54,54,82,82,70,70,64,64,49,49,49,30,30,30,90,90,65,65,54,54,23,23,-7,-7,-7,10,10,-5,-5,9,9,46,46,-26,-26,-60,-60,-60,-26,-26,-24,-2,-2,14,14,-42,-42,-42,-56,-56,-56,-34,-34,-75,-75,-76,-76,-71,-71,-98,-98,-74,-74,-80,-80,-60,-60,8,8,24,24,5,5,9,9,9,-48,-48,17,17,6,6,-37,-37,-88,-88,-42,-42,-68,-50,8,8,-47,-47,-55,-55,-43,-43,-29,-29,-29,0,0,0,-41,-41,-41,-12,-12,-12,-22,-22,-22,-49,-49,-32,-32,-18,-18,20,20,42,42,42,20,20,20,80,80,80,0,0,-62,-62,-62,-45,-45,-45,-54,-54,-54,-42,-42,-42,-51,-51,-51,-5,-5,12,12,88,88,88,47,47,47,27,27,27,-11,-11,-5,-5,-9,-9,-18,-18,-4,-4,-4,-11,-11,-11,-11,-15,-15,-5,-5,65,65,79,79,79,-57,-57,-57,-57,-1,-1,-1,42,42,4,4,-10,-10,-10,-34,-34,-34,-34,-64,-64,-64,-64,-50,-50,-50,26,26,57,57,-36,-36,-36,-36,-43,-43,-43,-57,-57,-57,-31,-31,-31,25,25,60,60,60,0,0,0,0,-29,-29,-29,-83,-83,-83,2,2,28,28,-43,-43,-43,-68,-68,-68,-14,-14,-14,-13,-13,0,0,-9,-9,-9,13,13,13,28,28,28,28,33,33,33,33,-19,-19,-19,-1,-1,-1,11,11,11,3,3,3,4,4,4,-31,-31,-31,-24,-24,-24,61,61,61,92,92,92,62,62,62,62,2,2,2,2,-46,-46,-46,-102,-102,-165,-165,-165,-53,-53,-53,-72,-72,-50,-50,17,17,55,55,4,4,4,28,28,28,-44,-44,-44,-44,-36,-36,-36,-36,5,5,-31,-31,-11,-11,11,11,42,42,42,-15,-15,-15,-71,-71,-71,-14,-14,-14,-29,-29,-29,-45,-45,-45,-45,-70,-70,-70,-58,-58,-58,-55,-55,-55,-43,-43,13,13,37,37,-3,-3,-3,-41,-41,-41,-41,-12,-12,-12,-12,10,10,10,-3,-3,-3,-1,-1,-1,-9,-9,-9,-9,36,36,36,36,36,-2,-2,-58,-58,-27,-27,-27,-18,-18,-18,-3,-3,-3,-3,-30,-30,-30,7,7,7,60,60,60,51,51,51,51,-2,-2,-2,-2,-43,-43,-43,-43,-37,-37,-37,-37,-24,-24,-24,-24,28,28,28,-42,-42,-42,-137,-137,-137,-136
118,19.0920000000000023,-129,22,91,110,110,113,113,140,140,135,135,132,132,183,155,105,105,91,91,114,114,102,102,106,106,84,84,82,82,123,123,97,97,97,91,91,91,77,77,77,74,74,74,69,69,69,44,44,44,105,105,86,86,160,160,137,137,137,116,116,116,103,103,103,112,112,106,106,90,90,62,62,62,64,64,64,99,99,118,161,130,130,95,95,95,71,71,44,44,85,85,13,13,21,21,21,3,3,3,-4,-4,97,119,119,137,137,109,109,109,121,121,117,117,106,106,95,95,92,92,112,161,121,136,136,136,216,216,182,182,106,106,106,121,121,124,124,107,107,116,116,116,114,114,114,107,107,105,105,114,114,119,119,74,74,74,94,94,98,98,103,103,150,150,74,74,11,11,11,34,34,59,71,71,106,106,39,39,39,-18,-18,-18,39,39,13,13,-10,-10,21,21,-45,-45,18,18,13,13,30,30,86,86,68,68,47,47,75,75,75,27,27,80,80,52,52,49,49,-33,-33,-15,-15,16,-6,61,61,9,9,51,51,47,47,29,29,29,51,51,51,11,11,11,24,24,24,12,12,12,30,30,33,33,61,61,62,62,71,71,71,68,68,68,107,107,107,28,28,-35,-35,-35,-52,-52,-52,3,3,3,-1,-1,-1,29,29,29,56,56,63,63,148,148,148,77,77,77,91,91,91,56,56,70,70,35,35,20,20,32,32,32,6,6,6,6,68,68,93,93,139,139,109,109,109,25,25,25,25,47,47,47,87,87,76,76,57,57,57,30,30,30,30,11,11,11,11,15,15,15,55,55,98,98,21,21,21,21,9,9,9,-4,-4,-4,5,5,5,83,83,126,126,126,52,52,52,52,36,36,36,-1,-1,-1,59,59,115,115,25,25,25,4,4,4,41,41,41,24,24,53,53,55,55,55,79,79,79,78,78,78,78,93,93,93,93,38,38,38,77,77,77,58,58,58,76,76,76,35,35,35,49,49,49,21,21,21,109,109,109,138,138,138,64,64,64,64,36,36,36,36,18,18,18,0,0,-115,-115,-115,30,30,30,18,18,42,42,75,75,106,106,84,84,84,99,99,99,41,41,41,41,25,25,25,25,65,65,54,54,81,81,39,39,88,88,88,28,28,28,13,13,13,36,36,36,70,70,70,39,39,39,39,18,18,18,-4,-4,-4,36,36,36,-2,-2,99,99,98,98,84,84,84,17,17,17,17,23,23,23,23,54,54,54,51,51,51,43,43,43,34,34,34,34,76,76,76,71,71,82,82,33,33,39,39,39,69,69,69,47,47,47,47,49,49,49,18,18,18,87,87,87,60,60,60,60,51,51,51,51,61,61,61,61,104,104,104,104,29,29,29,29,67,67,67,28,28,28,-97,-97,-97,-118
119,19.29200000000000159,-26,126,158,180,180,229,229,219,219,197,197,231,231,203,221,205,205,182,182,185,185,198,198,183,183,191,191,156,156,179,179,171,171,171,163,163,163,184,184,184,159,159,159,152,152,152,162,162,162,122,122,148,148,169,169,176,176,176,158,158,158,151,151,151,131,131,157,157,170,170,142,142,142,126,126,126,163,163,123,182,162,162,163,163,163,143,143,126,126,170,170,111,111,95,95,95,89,89,89,97,97,164,200,200,205,205,158,158,158,170,170,168,168,168,168,158,158,127,127,153,165,135,154,194,194,220,220,200,200,187,187,187,208,208,137,137,140,140,135,135,135,164,164,164,146,146,187,187,161,161,168,168,146,146,146,157,157,171,171,144,144,218,218,148,148,121,121,121,121,121,130,155,155,145,145,86,86,86,126,126,126,122,122,97,97,80,80,83,83,50,50,63,63,74,74,106,106,159,159,141,141,115,115,133,133,133,93,93,145,145,110,110,103,103,70,70,78,78,51,93,125,125,114,114,139,139,158,158,108,108,108,107,107,107,59,59,59,105,105,105,110,110,110,101,101,102,102,131,131,106,106,150,150,150,115,115,115,131,131,131,95,95,41,41,41,-17,-17,-17,70,70,70,87,87,87,126,126,126,110,110,140,140,214,214,214,166,166,166,183,183,183,152,152,96,96,70,70,106,106,75,75,75,83,83,83,83,127,127,153,153,176,176,110,110,110,51,51,51,51,165,165,165,167,167,135,135,93,93,93,78,78,78,78,93,93,93,93,124,124,124,79,79,151,151,105,105,105,105,107,107,107,57,57,57,73,73,73,123,123,178,178,178,134,134,134,134,157,157,157,85,85,85,118,118,170,170,104,104,104,76,76,76,145,145,145,101,101,120,120,133,133,133,158,158,158,171,171,171,171,137,137,137,137,144,144,144,139,139,139,117,117,117,157,157,157,93,93,93,58,58,58,39,39,39,132,132,132,210,210,210,109,109,109,109,91,91,91,91,112,112,112,75,75,19,19,19,124,124,124,139,139,143,143,153,153,210,210,173,173,173,187,187,187,94,94,94,94,103,103,103,103,123,123,133,133,149,149,120,120,132,132,132,102,102,102,101,101,101,107,107,107,152,152,152,72,72,72,72,87,87,87,60,60,60,103,103,103,92,92,184,184,186,186,136,136,136,97,97,97,97,113,113,113,113,120,120,120,89,89,89,93,93,93,103,103,103,103,143,143,143,125,125,133,133,129,129,95,95,95,111,111,111,143,143,143,143,80,80,80,85,85,85,113,113,113,116,116,116,116,107,107,107,107,148,148,148,148,141,141,141,141,88,88,88,88,111,111,111,82,82,82,-36,-36,-36,-27
120,19.49200000000000443,78,189,204,207,207,229,229,255,255,260,260,300,300,262,284,294,294,242,242,285,285,239,239,228,228,242,242,216,216,192,192,225,225,225,211,211,211,221,221,221,213,213,213,186,186,186,204,204,204,159,159,173,173,171,171,152,152,152,173,173,173,193,193,193,190,190,205,205,171,171,175,175,175,143,143,143,175,175,146,131,161,161,203,203,203,217,217,179,179,207,207,209,209,173,173,173,170,170,170,215,215,237,254,254,219,219,214,214,214,171,171,186,186,221,221,190,190,206,206,162,126,133,146,203,203,182,182,192,192,192,192,192,206,206,148,148,140,140,160,160,160,190,190,190,194,194,199,199,209,209,224,224,175,175,175,198,198,211,211,200,200,218,218,215,215,201,201,201,194,194,186,171,171,181,181,188,188,188,173,173,173,178,178,156,156,148,148,169,169,110,110,123,123,126,126,133,133,196,196,200,200,169,169,224,224,224,158,158,205,205,183,183,146,146,116,116,136,136,140,141,139,139,189,189,234,234,243,243,178,178,178,148,148,148,153,153,153,156,156,156,158,158,158,157,157,166,166,162,162,108,108,131,131,131,137,137,137,170,170,170,175,175,120,120,120,77,77,77,102,102,102,130,130,130,209,209,209,194,194,188,188,252,252,252,238,238,238,223,223,223,169,169,182,182,111,111,101,101,133,133,133,135,135,135,135,186,186,192,192,175,175,92,92,92,149,149,149,149,166,166,166,199,199,149,149,150,150,150,137,137,137,137,175,175,175,175,176,176,176,177,177,157,157,205,205,205,205,158,158,158,155,155,155,114,114,114,159,159,217,217,217,161,161,161,161,219,219,219,207,207,207,180,180,238,238,175,175,175,170,170,170,187,187,187,177,177,175,175,189,189,189,210,210,210,210,210,210,210,169,169,169,169,206,206,206,159,159,159,163,163,163,201,201,201,146,146,146,152,152,152,114,114,114,110,110,110,239,239,239,120,120,120,120,98,98,98,98,196,196,196,231,231,133,133,133,218,218,218,244,244,226,226,218,218,271,271,254,254,254,234,234,234,171,171,171,171,216,216,216,216,202,202,222,222,219,219,198,198,180,180,180,178,178,178,197,197,197,172,172,172,223,223,223,195,195,195,195,205,205,205,185,185,185,199,199,199,190,190,266,266,245,245,190,190,190,182,182,182,182,163,163,163,163,185,185,185,160,160,160,142,142,142,179,179,179,179,172,172,172,168,168,190,190,185,185,172,172,172,186,186,186,163,163,163,163,159,159,159,125,125,125,152,152,152,107,107,107,107,152,152,152,152,181,181,181,181,238,238,238,238,155,155,155,155,117,117,117,137,137,137,91,91,91,61
121,19.69200000000000372,164,209,233,249,249,246,246,254,254,269,269,292,292,302,262,359,359,290,290,307,307,267,267,293,293,252,252,233,233,199,199,182,182,182,197,197,197,240,240,240,178,178,178,207,207,207,200,200,200,137,137,179,179,150,150,160,160,160,174,174,174,237,237,237,202,202,187,187,215,215,208,208,208,163,163,163,145,145,123,98,144,144,223,223,223,248,248,225,225,226,226,237,237,234,234,234,221,221,221,264,264,211,239,239,230,230,243,243,243,185,185,198,198,213,213,197,197,196,196,172,108,124,135,155,155,152,152,139,139,195,195,195,209,209,140,140,150,150,164,164,164,206,206,206,173,173,160,160,216,216,185,185,193,193,193,200,200,207,207,208,208,193,193,240,240,225,225,225,211,211,193,203,203,193,193,196,196,196,217,217,217,206,206,212,212,218,218,239,239,219,219,199,199,192,192,170,170,215,215,225,225,240,240,253,253,253,177,177,240,240,216,216,202,202,172,172,190,190,172,166,165,165,227,227,221,221,287,287,189,189,189,176,176,176,198,198,198,202,202,202,214,214,214,210,210,215,215,178,178,111,111,136,136,136,176,176,176,213,213,213,246,246,184,184,184,128,128,128,166,166,166,159,159,159,258,258,258,233,233,238,238,284,284,284,301,301,301,255,255,255,214,214,184,184,132,132,136,136,164,164,164,212,212,212,212,218,218,227,227,150,150,134,134,134,219,219,219,219,206,206,206,202,202,154,154,207,207,207,195,195,195,195,236,236,236,236,241,241,241,188,188,153,153,223,223,223,223,217,217,217,211,211,211,168,168,168,151,151,201,201,201,214,214,214,214,275,275,275,248,248,248,209,209,219,219,229,229,229,200,200,200,195,195,195,202,202,236,236,241,241,241,227,227,227,216,216,216,216,200,200,200,200,236,236,236,208,208,208,184,184,184,212,212,212,182,182,182,224,224,224,188,188,188,170,170,170,257,257,257,221,221,221,221,191,191,191,191,271,271,271,282,282,226,226,226,280,280,280,297,297,280,280,247,247,289,289,281,281,281,271,271,271,242,242,242,242,233,233,233,233,211,211,252,252,242,242,237,237,214,214,214,213,213,213,246,246,246,221,221,221,253,253,253,243,243,243,243,284,284,284,265,265,265,269,269,269,260,260,276,276,249,249,216,216,216,230,230,230,230,223,223,223,223,236,236,236,205,205,205,182,182,182,237,237,237,237,210,210,210,191,191,201,201,258,258,193,193,193,231,231,231,216,216,216,216,206,206,206,207,207,207,195,195,195,159,159,159,159,222,222,222,222,252,252,252,252,236,236,236,236,200,200,200,200,173,173,173,205,205,205,140,140,140,131
122,19.89200000000000301,210,207,181,209,209,192,192,222,222,224,224,290,290,284,245,333,333,252,252,283,283,294,294,280,280,229,229,212,212,219,219,168,168,168,159,159,159,204,204,204,176,176,176,181,181,181,214,214,214,113,113,139,139,116,116,136,136,136,144,144,144,213,213,213,155,155,137,137,158,158,168,168,168,148,148,148,114,114,55,40,120,120,183,183,183,224,224,208,208,180,180,205,205,238,238,238,274,274,274,237,237,218,237,237,206,206,243,243,243,191,191,175,175,164,164,136,136,193,193,193,121,132,126,124,124,86,86,129,129,158,158,158,173,173,139,139,111,111,143,143,143,192,192,192,163,163,152,152,146,146,159,159,203,203,203,180,180,201,201,190,190,178,178,238,238,253,253,253,194,194,173,192,192,172,172,190,190,190,251,251,251,236,236,245,245,258,258,260,260,272,272,224,224,225,225,202,202,237,237,256,256,226,226,297,297,297,213,213,206,206,236,236,222,222,183,183,183,183,195,168,149,149,221,221,234,234,276,276,195,195,195,180,180,180,254,254,254,205,205,205,245,245,245,249,249,238,238,185,185,160,160,141,141,141,212,212,212,240,240,240,288,288,250,250,250,175,175,175,206,206,206,183,183,183,255,255,255,270,270,264,264,308,308,308,314,314,314,238,238,238,208,208,215,215,148,148,141,141,207,207,207,216,216,216,216,258,258,222,222,143,143,151,151,151,234,234,234,234,195,195,195,196,196,189,189,242,242,242,261,261,261,261,255,255,255,255,225,225,225,170,170,148,148,220,220,220,220,254,254,254,268,268,268,183,183,183,180,180,217,217,217,221,221,221,221,251,251,251,281,281,281,216,216,204,204,206,206,206,230,230,230,201,201,201,190,190,227,227,252,252,252,246,246,246,192,192,192,192,183,183,183,183,249,249,249,229,229,229,224,224,224,225,225,225,207,207,207,286,286,286,260,260,260,228,228,228,311,311,311,259,259,259,259,258,258,258,258,273,273,273,319,319,278,278,278,280,280,280,284,284,286,286,229,229,278,278,289,289,289,247,247,247,232,232,232,232,250,250,250,250,207,207,262,262,208,208,203,203,167,167,167,206,206,206,254,254,254,198,198,198,247,247,247,260,260,260,260,312,312,312,286,286,286,292,292,292,275,275,256,256,240,240,233,233,233,266,266,266,266,227,227,227,227,243,243,243,215,215,215,181,181,181,230,230,230,230,222,222,222,216,216,223,223,287,287,208,208,208,193,193,193,238,238,238,238,265,265,265,283,283,283,208,208,208,169,169,169,169,247,247,247,247,278,278,278,278,269,269,269,269,229,229,229,229,227,227,227,281,281,281,221,221,221,226
123,20.0920000000000023,253,137,132,188,188,145,145,136,136,155,155,240,240,209,182,242,242,206,206,178,178,184,184,221,221,188,188,153,153,153,153,117,117,117,141,141,141,128,128,128,109,109,109,139,139,139,153,153,153,121,121,112,112,71,71,112,112,112,68,68,68,144,144,144,105,105,75,75,98,98,122,122,122,83,83,83,72,72,48,19,71,71,112,112,112,171,171,147,147,125,125,148,148,169,169,169,233,233,233,200,200,151,179,179,191,191,195,195,195,137,137,125,125,101,101,73,73,153,153,113,109,75,70,74,74,51,51,79,79,141,141,141,87,87,79,79,70,70,92,92,92,149,149,149,136,136,134,134,147,147,137,137,148,148,148,154,154,168,168,144,144,114,114,172,172,189,189,189,151,151,107,169,169,139,139,155,155,155,178,178,178,208,208,245,245,259,259,260,260,281,281,254,254,225,225,177,177,239,239,211,211,213,213,263,263,263,200,200,156,156,188,188,188,188,186,186,190,190,142,164,118,118,192,192,175,175,218,218,145,145,145,120,120,120,227,227,227,222,222,222,210,210,210,195,195,246,246,172,172,172,172,148,148,148,223,223,223,252,252,252,285,285,278,278,278,237,237,237,214,214,214,176,176,176,250,250,250,219,219,238,238,267,267,267,298,298,298,222,222,222,200,200,180,180,133,133,116,116,170,170,170,222,222,222,222,209,209,167,167,122,122,127,127,127,237,237,237,237,220,220,220,199,199,199,199,229,229,229,271,271,271,271,243,243,243,243,198,198,198,143,143,143,143,217,217,217,217,219,219,219,252,252,252,200,200,200,139,139,160,160,160,144,144,144,144,204,204,204,233,233,233,160,160,160,160,189,189,189,207,207,207,165,165,165,167,167,194,194,197,197,197,211,211,211,176,176,176,176,158,158,158,158,184,184,184,219,219,219,213,213,213,241,241,241,221,221,221,317,317,317,282,282,282,263,263,263,328,328,328,290,290,290,290,279,279,279,279,263,263,263,305,305,336,336,336,269,269,269,226,226,244,244,199,199,222,222,222,222,222,208,208,208,227,227,227,227,203,203,203,203,177,177,195,195,149,149,161,161,107,107,107,165,165,165,145,145,145,150,150,150,177,177,177,221,221,221,221,248,248,248,256,256,256,271,271,271,237,237,240,240,192,192,214,214,214,217,217,217,217,231,231,231,231,209,209,209,171,171,171,169,169,169,237,237,237,237,198,198,198,210,210,208,208,223,223,219,219,219,212,212,212,225,225,225,225,278,278,278,279,279,279,192,192,192,179,179,179,179,220,220,220,220,283,283,283,283,296,296,296,296,257,257,257,257,239,239,239,267,267,267,275,275,275,256
124,20.29200000000000159,223,51,45,92,92,66,66,49,49,44,44,148,148,160,89,151,151,81,81,66,66,92,92,120,120,121,121,99,99,69,69,59,59,59,78,78,78,35,35,35,52,52,52,96,96,96,106,106,106,91,91,11,11,7,7,24,24,24,-9,-9,-9,68,68,68,26,26,12,12,11,11,45,45,45,69,69,69,22,22,8,-32,-6,-6,48,48,48,71,71,47,47,43,43,44,44,101,101,101,176,176,176,156,156,67,93,93,86,86,124,124,124,83,83,33,33,38,38,15,15,53,53,63,6,15,15,10,10,-8,-8,7,7,53,53,53,31,31,-6,-6,24,24,67,67,67,79,79,79,77,77,56,56,90,90,35,35,97,97,97,84,84,78,78,58,58,68,68,76,76,104,104,104,75,75,11,78,78,91,91,94,94,94,171,171,171,126,126,179,179,242,242,219,219,204,204,174,174,186,186,170,170,166,166,123,123,117,117,185,185,185,166,166,98,98,112,112,114,114,142,142,95,95,104,100,68,68,92,92,108,108,143,143,93,93,93,48,48,48,180,180,180,161,161,161,160,160,160,150,150,176,176,127,127,147,147,150,150,150,176,176,176,212,212,212,207,207,244,244,244,213,213,213,175,175,175,167,167,167,208,208,208,165,165,151,151,155,155,155,247,247,247,155,155,155,137,137,148,148,95,95,87,87,136,136,136,132,132,132,132,160,160,118,118,50,50,91,91,91,221,221,221,221,140,140,140,156,156,127,127,172,172,172,226,226,226,226,186,186,186,186,167,167,167,94,94,31,31,158,158,158,158,188,188,188,227,227,227,158,158,158,84,84,117,117,117,111,111,111,111,157,157,157,188,188,188,116,116,101,101,129,129,129,193,193,193,84,84,84,90,90,144,144,125,125,125,115,115,115,107,107,107,107,120,120,120,120,128,128,128,155,155,155,150,150,150,229,229,229,190,190,190,287,287,287,240,240,240,204,204,204,315,315,315,254,254,254,254,257,257,257,257,186,186,186,185,185,278,278,278,191,191,191,163,163,150,150,119,119,104,104,124,124,124,133,133,133,148,148,148,148,164,164,164,164,86,86,102,102,41,41,82,82,37,37,37,102,102,102,99,99,99,103,103,103,76,76,76,148,148,148,148,166,166,166,179,179,179,206,206,206,193,193,118,118,134,134,171,171,171,187,187,187,187,168,168,168,168,119,119,119,147,147,147,119,119,119,162,162,162,162,162,162,162,170,170,151,151,154,154,153,153,153,171,171,171,180,180,180,180,244,244,244,240,240,240,158,158,158,133,133,133,133,206,206,206,206,220,220,220,220,232,232,232,232,231,231,231,231,214,214,214,264,264,264,259,259,259,260
125,20.49200000000000443,165,-3,-25,26,26,7,7,-8,-8,-9,-9,34,34,20,0,9,9,-5,-5,-36,-36,2,2,42,42,18,18,30,30,14,14,-21,-21,-21,10,10,10,6,6,6,-20,-20,-20,-7,-7,-7,9,9,9,-10,-10,-37,-37,-47,-47,-30,-30,-30,-50,-50,-50,-38,-38,-38,-43,-43,-60,-60,-44,-44,-23,-23,-23,-35,-35,-35,-27,-27,-29,-55,-50,-50,-59,-59,-59,6,6,-31,-31,-29,-29,-30,-30,11,11,11,59,59,59,40,40,-49,8,8,27,27,48,48,48,25,25,-13,-13,-33,-33,-54,-54,-23,-23,-42,-63,-40,-10,-39,-39,-29,-29,-58,-58,-6,-6,-6,-30,-30,-27,-27,-30,-30,-19,-19,-19,-17,-17,-17,11,11,-1,-1,17,17,-3,-3,38,38,38,3,3,8,8,-12,-12,-22,-22,-8,-8,16,16,16,2,2,-41,-22,-22,-21,-21,41,41,41,98,98,98,85,85,102,102,182,182,143,143,179,179,129,129,130,130,106,106,135,135,80,80,43,43,113,113,113,126,126,29,29,21,21,29,29,87,87,84,84,61,63,10,10,14,14,10,10,8,8,29,29,29,7,7,7,91,91,91,96,96,96,101,101,101,66,66,84,84,63,63,62,62,63,63,63,105,105,105,123,123,123,113,113,182,182,182,162,162,162,76,76,76,80,80,80,135,135,135,62,62,51,51,63,63,63,173,173,173,96,96,96,85,85,82,82,20,20,8,8,54,54,54,80,80,80,80,87,87,67,67,28,28,70,70,70,137,137,137,137,119,119,119,61,61,73,73,85,85,85,146,146,146,146,131,131,131,131,79,79,79,12,12,-51,-51,67,67,67,67,96,96,96,168,168,168,94,94,94,14,14,13,13,13,15,15,15,15,66,66,66,91,91,91,42,42,32,32,78,78,78,110,110,110,43,43,43,24,24,76,76,33,33,33,25,25,25,70,70,70,70,58,58,58,58,49,49,49,65,65,65,93,93,93,148,148,148,83,83,83,208,208,208,150,150,150,148,148,148,261,261,261,170,170,170,170,207,207,207,207,123,123,123,57,57,206,206,206,105,105,105,88,88,65,65,36,36,46,46,28,28,28,15,15,15,85,85,85,85,102,102,102,102,29,29,31,31,-16,-16,7,7,-17,-17,-17,33,33,33,34,34,34,31,31,31,5,5,5,70,70,70,70,79,79,79,103,103,103,89,89,89,109,109,46,46,31,31,37,37,37,100,100,100,100,96,96,96,96,57,57,57,54,54,54,57,57,57,108,108,108,108,106,106,106,76,76,61,61,95,95,78,78,78,90,90,90,126,126,126,126,187,187,187,202,202,202,59,59,59,57,57,57,57,139,139,139,139,180,180,180,180,184,184,184,184,182,182,182,182,141,141,141,171,171,171,193,193,193,201
126,20.69200000000000372,118,-52,-67,-50,-50,-48,-48,-67,-67,-69,-69,-29,-29,-19,-106,-68,-68,-60,-60,-92,-92,-52,-52,-39,-39,-29,-29,-10,-10,-15,-15,-24,-24,-24,3,3,3,-51,-51,-51,-60,-60,-60,-50,-50,-50,-23,-23,-23,-81,-81,-86,-86,-84,-84,-54,-54,-54,-93,-93,-93,-62,-62,-62,-65,-65,-88,-88,-89,-89,-52,-52,-52,-53,-53,-53,-44,-44,-40,-49,-60,-60,-80,-80,-80,-63,-63,-47,-47,-59,-59,-48,-48,-23,-23,-23,-11,-11,-11,-42,-42,-95,-68,-68,-58,-58,-48,-48,-48,-42,-42,-49,-49,-117,-117,-76,-76,-95,-95,-63,-107,-71,-33,-66,-66,-71,-71,-69,-69,-39,-39,-39,-73,-73,-62,-62,-60,-60,-45,-45,-45,-26,-26,-26,-4,-4,-58,-58,-66,-66,-63,-63,-45,-45,-45,-56,-56,-75,-75,-44,-44,-75,-75,-69,-69,-28,-28,-28,-12,-12,-70,-68,-68,-80,-80,-26,-26,-26,24,24,24,-3,-3,54,54,79,79,69,69,91,91,62,62,33,33,61,61,66,66,18,18,17,17,26,26,26,79,79,-22,-22,3,3,-41,-41,4,4,6,6,25,6,-3,-3,-18,-18,-27,-27,-66,-66,-33,-33,-33,-32,-32,-32,53,53,53,49,49,49,18,18,18,5,5,43,43,-29,-29,10,10,-20,-20,-20,38,38,38,69,69,69,46,46,102,102,102,67,67,67,39,39,39,36,36,36,31,31,31,-10,-10,-20,-20,-64,-64,-64,73,73,73,-4,-4,-4,13,13,6,6,-41,-41,-16,-16,26,26,26,49,49,49,49,-11,-11,-10,-10,-7,-7,-9,-9,-9,74,74,74,74,42,42,42,-5,-5,-7,-7,13,13,13,69,69,69,69,27,27,27,27,5,5,5,-28,-28,-48,-48,11,11,11,11,36,36,36,66,66,66,43,43,43,-35,-35,-29,-29,-29,-14,-14,-14,-14,24,24,24,28,28,28,-24,-24,-27,-27,19,19,19,45,45,45,1,1,1,-13,-13,-12,-12,-25,-25,-25,-17,-17,-17,5,5,5,5,-9,-9,-9,-9,-32,-32,-32,37,37,37,37,37,37,53,53,53,61,61,61,117,117,117,89,89,89,106,106,106,160,160,160,130,130,130,130,170,170,170,170,26,26,26,13,13,147,147,147,67,67,67,33,33,-6,-6,-19,-19,-27,-27,-26,-26,-26,-38,-38,-38,29,29,29,29,14,14,14,14,-30,-30,-38,-38,-45,-45,-11,-11,-21,-21,-21,7,7,7,-29,-29,-29,9,9,9,-43,-43,-43,33,33,33,33,39,39,39,40,40,40,30,30,30,55,55,-16,-16,-24,-24,-20,-20,-20,63,63,63,63,47,47,47,47,27,27,27,7,7,7,47,47,47,59,59,59,59,37,37,37,10,10,-16,-16,17,17,16,16,16,10,10,10,62,62,62,62,109,109,109,104,104,104,15,15,15,10,10,10,10,97,97,97,97,110,110,110,110,146,146,146,146,89,89,89,89,35,35,35,77,77,77,152,152,152,104
127,20.89200000000000301,41,-14,-69,-77,-77,-72,-72,-70,-70,-91,-91,-88,-88,-83,-135,-112,-112,-111,-111,-86,-86,-81,-81,-39,-39,-64,-64,-25,-25,-13,-13,-28,-28,-28,-23,-23,-23,-34,-34,-34,-65,-65,-65,-76,-76,-76,-43,-43,-43,-82,-82,-110,-110,-72,-72,-76,-76,-76,-78,-78,-78,-75,-75,-75,-49,-49,-77,-77,-74,-74,-101,-101,-101,-68,-68,-68,-65,-65,-51,-37,-61,-61,-84,-84,-84,-94,-94,-45,-45,-44,-44,-49,-49,-57,-57,-57,-56,-56,-56,-49,-49,-111,-127,-127,-102,-102,-88,-88,-88,-85,-85,-97,-97,-73,-73,-107,-107,-88,-88,-44,-71,-22,-29,-39,-39,-39,-39,-57,-57,-97,-97,-97,-90,-90,-68,-68,-72,-72,-46,-46,-46,-62,-62,-62,-34,-34,-71,-71,-102,-102,-98,-98,-67,-67,-67,-88,-88,-81,-81,-47,-47,-72,-72,-83,-83,-30,-30,-30,-44,-44,-57,-67,-67,-120,-120,-62,-62,-62,12,12,12,-4,-4,3,3,1,1,21,21,32,32,20,20,12,12,22,22,-10,-10,3,3,-14,-14,-13,-13,-13,38,38,-32,-32,-52,-52,-88,-88,-28,-28,-23,-23,-28,17,1,1,-30,-30,-60,-60,-90,-90,-65,-65,-65,-30,-30,-30,-22,-22,-22,0,0,0,-38,-38,-38,-21,-21,-30,-30,-38,-38,-4,-4,-58,-58,-58,4,4,4,41,41,41,29,29,64,64,64,16,16,16,-35,-35,-35,10,10,10,-6,-6,-6,-38,-38,-60,-60,-110,-110,-110,17,17,17,-33,-33,-33,-28,-28,-37,-37,-73,-73,-60,-60,-18,-18,-18,2,2,2,2,-13,-13,-47,-47,-38,-38,-26,-26,-26,19,19,19,19,3,3,3,-6,-6,-11,-11,-31,-31,-31,-35,-35,-35,-35,-39,-39,-39,-39,1,1,1,-31,-31,-47,-47,-72,-72,-72,-72,-25,-25,-25,24,24,24,-18,-18,-18,-59,-59,-43,-43,-43,1,1,1,1,10,10,10,-12,-12,-12,-64,-64,-45,-45,-1,-1,-1,-19,-19,-19,-17,-17,-17,-23,-23,-23,-23,-49,-49,-49,-52,-52,-52,-45,-45,-45,-45,-65,-65,-65,-65,-56,-56,-56,-34,-34,-34,-15,-15,-15,18,18,18,7,7,7,-4,-4,-4,66,66,66,116,116,116,89,89,89,94,94,94,94,109,109,109,109,4,4,4,-48,-48,63,63,63,9,9,9,-3,-3,-70,-70,-49,-49,-30,-30,-39,-39,-39,-81,-81,-81,-7,-7,-7,-7,-19,-19,-19,-19,-49,-49,-57,-57,-44,-44,-37,-37,-27,-27,-27,-16,-16,-16,-76,-76,-76,7,7,7,-35,-35,-35,-18,-18,-18,-18,-40,-40,-40,-50,-50,-50,-28,-28,-28,-6,-6,-40,-40,-61,-61,-36,-36,-36,-18,-18,-18,-18,6,6,6,6,-29,-29,-29,-28,-28,-28,12,12,12,-5,-5,-5,-5,11,11,11,-14,-14,-24,-24,-14,-14,-61,-61,-61,-3,-3,-3,38,38,38,38,43,43,43,19,19,19,-24,-24,-24,-67,-67,-67,-67,7,7,7,7,84,84,84,84,101,101,101,101,88,88,88,88,-11,-11,-11,15,15,15,118,118,118,91
128,21.0920000000000023,-24,-40,-39,-70,-70,-46,-46,-36,-36,-74,-74,-132,-132,-107,-105,-113,-113,-109,-109,-50,-50,-77,-77,-75,-75,-47,-47,-50,-50,-27,-27,-31,-31,-31,-22,-22,-22,-49,-49,-49,-53,-53,-53,-49,-49,-49,-72,-72,-72,-31,-31,-71,-71,-88,-88,-62,-62,-62,-23,-23,-23,-46,-46,-46,-16,-16,-50,-50,-44,-44,-60,-60,-60,-65,-65,-65,-93,-93,-27,-50,-63,-63,-98,-98,-98,-63,-63,-41,-41,-32,-32,-33,-33,-75,-75,-75,-97,-97,-97,-88,-88,-103,-87,-87,-73,-73,-101,-101,-101,-104,-104,-89,-89,-83,-83,-66,-66,-69,-69,-56,-24,-8,-7,16,16,-11,-11,-58,-58,-87,-87,-87,-78,-78,-44,-44,-52,-52,-62,-62,-62,-65,-65,-65,-49,-49,-38,-38,-63,-63,-77,-77,-77,-77,-77,-106,-106,-55,-55,-14,-14,-59,-59,-80,-80,-71,-71,-71,-23,-23,-30,-90,-90,-89,-89,-84,-84,-84,-39,-39,-39,-48,-48,-17,-17,-40,-40,-37,-37,-34,-34,0,0,-6,-6,14,14,29,29,-5,-5,-30,-30,-69,-69,-69,-4,-4,-40,-40,-67,-67,-84,-84,-52,-52,-42,-42,-30,1,-2,-2,-25,-25,-61,-61,-93,-93,-81,-81,-81,-46,-46,-46,-60,-60,-60,-18,-18,-18,-73,-73,-73,-62,-62,-47,-47,-57,-57,-33,-33,-21,-21,-21,6,6,6,26,26,26,9,9,7,7,7,-8,-8,-8,-5,-5,-5,-12,-12,-12,-51,-51,-51,-40,-40,-48,-48,-150,-150,-150,-18,-18,-18,-56,-56,-56,-25,-25,-69,-69,-57,-57,-84,-84,-30,-30,-30,-27,-27,-27,-27,-69,-69,-51,-51,-32,-32,-54,-54,-54,-94,-94,-94,-94,-25,-25,-25,-26,-26,-23,-23,-70,-70,-70,-65,-65,-65,-65,-50,-50,-50,-50,-41,-41,-41,-53,-53,-32,-32,-108,-108,-108,-108,-100,-100,-100,-37,-37,-37,-35,-35,-35,-55,-55,-69,-69,-69,-15,-15,-15,-15,-48,-48,-48,-61,-61,-61,-72,-72,-71,-71,-49,-49,-49,-64,-64,-64,-53,-53,-53,-55,-55,-59,-59,-61,-61,-61,-23,-23,-23,-77,-77,-77,-77,-85,-85,-85,-85,-104,-104,-104,-56,-56,-56,-55,-55,-55,12,12,12,10,10,10,21,21,21,19,19,19,19,19,19,33,33,33,107,107,107,107,43,43,43,43,13,13,13,-32,-32,-5,-5,-5,-53,-53,-53,-86,-86,-97,-97,-60,-60,-28,-28,-68,-68,-68,-71,-71,-71,-55,-55,-55,-55,-65,-65,-65,-65,-60,-60,-67,-67,-38,-38,-52,-52,-37,-37,-37,-32,-32,-32,-85,-85,-85,-23,-23,-23,-52,-52,-52,-72,-72,-72,-72,-60,-60,-60,-70,-70,-70,-90,-90,-90,-51,-51,-75,-75,-85,-85,-59,-59,-59,-50,-50,-50,-50,-47,-47,-47,-47,-49,-49,-49,-75,-75,-75,-43,-43,-43,-19,-19,-19,-19,-14,-14,-14,-39,-39,-27,-27,-37,-37,-57,-57,-57,14,14,14,-6,-6,-6,-6,7,7,7,-24,-24,-24,-69,-69,-69,-81,-81,-81,-81,-34,-34,-34,-34,54,54,54,54,64,64,64,64,43,43,43,43,-30,-30,-30,-19,-19,-19,69,69,69,79
129,21.29200000000000159,-57,-29,-37,-108,-108,-71,-71,-62,-62,-76,-76,-108,-108,-104,-126,-107,-107,-95,-95,-89,-89,-74,-74,-67,-67,-53,-53,-67,-67,-59,-59,-30,-30,-30,-63,-63,-63,-44,-44,-44,-57,-57,-57,-44,-44,-44,-51,-51,-51,-26,-26,-27,-27,-39,-39,-37,-37,-37,-46,-46,-46,-52,-52,-52,-40,-40,-33,-33,-45,-45,-60,-60,-60,-42,-42,-42,-44,-44,-52,-68,-42,-42,-68,-68,-68,-62,-62,-51,-51,-39,-39,-56,-56,-69,-69,-69,-87,-87,-87,-90,-90,-82,-84,-84,-58,-58,-90,-90,-90,-86,-86,-59,-59,-83,-83,-46,-46,-90,-90,-80,-6,-19,-51,-26,-26,-21,-21,-42,-42,-74,-74,-74,-48,-48,-44,-44,-19,-19,-20,-20,-20,-56,-56,-56,-43,-43,-33,-33,-31,-31,-95,-95,-90,-90,-90,-83,-83,-81,-81,-42,-42,-37,-37,-102,-102,-83,-83,-83,-49,-49,-33,-90,-90,-84,-84,-106,-106,-106,-100,-100,-100,-91,-91,-94,-94,-88,-88,-105,-105,-72,-72,-80,-80,-46,-46,20,20,25,25,-28,-28,-72,-72,-91,-91,-91,-60,-60,-69,-69,-47,-47,-64,-64,-69,-69,-71,-71,-82,-69,-42,-42,-29,-29,-51,-51,-133,-133,-85,-85,-85,-68,-68,-68,-85,-85,-85,-60,-60,-60,-92,-92,-92,-98,-98,-76,-76,-74,-74,-58,-58,-30,-30,-30,-16,-16,-16,-8,-8,-8,-12,-12,-20,-20,-20,-61,-61,-61,2,2,2,-4,-4,-4,-45,-45,-45,-29,-29,-70,-70,-191,-191,-191,-75,-75,-75,-101,-101,-101,-27,-27,-80,-80,-114,-114,-94,-94,-88,-88,-88,-52,-52,-52,-52,-80,-80,-84,-84,-60,-60,-100,-100,-100,-125,-125,-125,-125,-55,-55,-55,-40,-40,-41,-41,-83,-83,-83,-111,-111,-111,-111,-90,-90,-90,-90,-33,-33,-33,-50,-50,-48,-48,-123,-123,-123,-123,-107,-107,-107,-67,-67,-67,-28,-28,-28,-62,-62,-54,-54,-54,-54,-54,-54,-54,-87,-87,-87,-91,-91,-91,-91,-91,-79,-79,-106,-106,-106,-100,-100,-100,-70,-70,-70,-65,-65,-79,-79,-90,-90,-90,-71,-71,-71,-81,-81,-81,-81,-116,-116,-116,-116,-144,-144,-144,-84,-84,-84,-81,-81,-81,-49,-49,-49,7,7,7,-42,-42,-42,30,30,30,-45,-45,-45,-29,-29,-29,65,65,65,65,-10,-10,-10,-10,16,16,16,-83,-83,-70,-70,-70,-99,-99,-99,-89,-89,-112,-112,-84,-84,-65,-65,-91,-91,-91,-90,-90,-90,-95,-95,-95,-95,-85,-85,-85,-85,-104,-104,-114,-114,-50,-50,-72,-72,-53,-53,-53,-65,-65,-65,-110,-110,-110,-64,-64,-64,-81,-81,-81,-84,-84,-84,-84,-91,-91,-91,-80,-80,-80,-90,-90,-90,-90,-90,-120,-120,-81,-81,-81,-81,-81,-78,-78,-78,-78,-77,-77,-77,-77,-68,-68,-68,-120,-120,-120,-81,-81,-81,-74,-74,-74,-74,-57,-57,-57,-64,-64,-52,-52,-57,-57,-72,-72,-72,-20,-20,-20,-17,-17,-17,-17,-50,-50,-50,-85,-85,-85,-96,-96,-96,-113,-113,-113,-113,-66,-66,-66,-66,2,2,2,2,26,26,26,26,-9,-9,-9,-9,-50,-50,-50,-56,-56,-56,43,43,43,26
130,21.49200000000000443,-87,-32,-68,-113,-113,-105,-105,-81,-81,-70,-70,-132,-132,-106,-146,-143,-143,-140,-140,-85,-85,-107,-107,-87,-87,-77,-77,-70,-70,-85,-85,-51,-51,-51,-78,-78,-78,-45,-45,-45,7,7,7,-97,-97,-97,-45,-45,-45,-35,-35,-20,-20,-4,-4,-46,-46,-46,-30,-30,-30,-82,-82,-82,-57,-57,-42,-42,-54,-54,-63,-63,-63,-12,-12,-12,-50,-50,-34,-45,-72,-72,-77,-77,-77,-92,-92,-68,-68,-76,-76,-86,-86,-88,-88,-88,-113,-113,-113,-90,-90,-51,-107,-107,-69,-69,-90,-90,-90,-83,-83,-51,-51,-57,-57,-57,-57,-96,-96,-91,-71,-83,-73,-90,-90,-67,-67,-61,-61,-93,-93,-93,-70,-70,-74,-74,-41,-41,-42,-42,-42,-74,-74,-74,-64,-64,-42,-42,-34,-34,-56,-56,-116,-116,-116,-72,-72,-80,-80,-56,-56,-70,-70,-93,-93,-106,-106,-106,-58,-58,-79,-70,-70,-57,-57,-98,-98,-98,-117,-117,-117,-122,-122,-132,-132,-122,-122,-113,-113,-127,-127,-85,-85,-77,-77,-25,-25,-24,-24,-66,-66,-144,-144,-130,-130,-130,-96,-96,-114,-114,-98,-98,-92,-92,-120,-120,-86,-86,-110,-98,-99,-99,-105,-105,-64,-64,-117,-117,-116,-116,-116,-78,-78,-78,-141,-141,-141,-85,-85,-85,-98,-98,-98,-113,-113,-94,-94,-96,-96,-105,-105,-86,-86,-86,-35,-35,-35,-47,-47,-47,-47,-47,-74,-74,-74,-125,-125,-125,-28,-28,-28,-37,-37,-37,-79,-79,-79,-79,-79,-136,-136,-256,-256,-256,-110,-110,-110,-102,-102,-102,-71,-71,-97,-97,-124,-124,-115,-115,-74,-74,-74,-94,-94,-94,-94,-84,-84,-67,-67,-67,-67,-114,-114,-114,-124,-124,-124,-124,-75,-75,-75,-104,-104,-124,-124,-117,-117,-117,-138,-138,-138,-138,-123,-123,-123,-123,-68,-68,-68,-64,-64,-72,-72,-102,-102,-102,-102,-124,-124,-124,-92,-92,-92,-52,-52,-52,-74,-74,-89,-89,-89,-82,-82,-82,-82,-128,-128,-128,-97,-97,-97,-97,-97,-117,-117,-104,-104,-104,-120,-120,-120,-112,-112,-112,-127,-127,-133,-133,-149,-149,-149,-99,-99,-99,-99,-99,-99,-99,-104,-104,-104,-104,-118,-118,-118,-110,-110,-110,-91,-91,-91,-80,-80,-80,-24,-24,-24,-42,-42,-42,-67,-67,-67,-88,-88,-88,-101,-101,-101,14,14,14,14,-56,-56,-56,-56,-61,-61,-61,-126,-126,-111,-111,-111,-140,-140,-140,-166,-166,-145,-145,-133,-133,-101,-101,-117,-117,-117,-91,-91,-91,-111,-111,-111,-111,-106,-106,-106,-106,-133,-133,-149,-149,-96,-96,-99,-99,-85,-85,-85,-123,-123,-123,-121,-121,-121,-138,-138,-138,-134,-134,-134,-103,-103,-103,-103,-153,-153,-153,-84,-84,-84,-126,-126,-126,-145,-145,-105,-105,-97,-97,-82,-82,-82,-103,-103,-103,-103,-129,-129,-129,-129,-109,-109,-109,-134,-134,-134,-116,-116,-116,-127,-127,-127,-127,-105,-105,-105,-51,-51,-77,-77,-93,-93,-96,-96,-96,-46,-46,-46,-83,-83,-83,-83,-110,-110,-110,-118,-118,-118,-138,-138,-138,-120,-120,-120,-120,-112,-112,-112,-112,-74,-74,-74,-74,-19,-19,-19,-19,-37,-37,-37,-37,-62,-62,-62,-68,-68,-68,-39,-39,-39,-21
131,21.69200000000000372,-52,-62,-80,-83,-83,-115,-115,-129,-129,-119,-119,-120,-120,-165,-151,-179,-179,-145,-145,-138,-138,-158,-158,-131,-131,-90,-90,-105,-105,-88,-88,-70,-70,-70,-69,-69,-69,-44,-44,-44,-35,-35,-35,-78,-78,-78,-101,-101,-101,-14,-14,-34,-34,-82,-82,-50,-50,-50,-61,-61,-61,-110,-110,-110,-86,-86,-100,-100,-73,-73,-83,-83,-83,-54,-54,-54,-50,-50,-15,-26,-65,-65,-77,-77,-77,-99,-99,-80,-80,-121,-121,-117,-117,-115,-115,-115,-98,-98,-98,-81,-81,-15,-76,-76,-88,-88,-109,-109,-109,-76,-76,-55,-55,-89,-89,-54,-54,-133,-133,-98,-90,-121,-120,-131,-131,-86,-86,-76,-76,-57,-57,-57,-33,-33,-49,-49,-88,-88,-54,-54,-54,-71,-71,-71,-59,-59,-56,-56,-64,-64,-67,-67,-78,-78,-78,-102,-102,-81,-81,-76,-76,-72,-72,-108,-108,-136,-136,-136,-115,-115,-101,-79,-79,-77,-77,-81,-81,-81,-127,-127,-127,-139,-139,-125,-125,-145,-145,-129,-129,-166,-166,-70,-70,-98,-98,-107,-107,-67,-67,-66,-66,-169,-169,-146,-146,-146,-149,-149,-139,-139,-140,-140,-115,-115,-124,-124,-112,-112,-112,-124,-115,-115,-129,-129,-101,-101,-131,-131,-123,-123,-123,-116,-116,-116,-167,-167,-167,-118,-118,-118,-125,-125,-125,-119,-119,-117,-117,-121,-121,-125,-125,-146,-146,-146,-92,-92,-92,-68,-68,-68,-126,-126,-137,-137,-137,-179,-179,-179,-93,-93,-93,-77,-77,-77,-91,-91,-91,-134,-134,-168,-168,-287,-287,-287,-153,-153,-153,-119,-119,-119,-122,-122,-115,-115,-126,-126,-178,-178,-98,-98,-98,-106,-106,-106,-106,-114,-114,-67,-67,-64,-64,-122,-122,-122,-132,-132,-132,-132,-142,-142,-142,-131,-131,-128,-128,-138,-138,-138,-145,-145,-145,-145,-137,-137,-137,-137,-85,-85,-85,-70,-70,-72,-72,-108,-108,-108,-108,-133,-133,-133,-119,-119,-119,-86,-86,-86,-81,-81,-101,-101,-101,-154,-154,-154,-154,-164,-164,-164,-142,-142,-142,-116,-116,-162,-162,-139,-139,-139,-139,-139,-139,-121,-121,-121,-147,-147,-158,-158,-134,-134,-134,-120,-120,-120,-100,-100,-100,-100,-78,-78,-78,-78,-122,-122,-122,-111,-111,-111,-115,-115,-115,-105,-105,-105,-73,-73,-73,-54,-54,-54,-128,-128,-128,-149,-149,-149,-99,-99,-99,-37,-37,-37,-37,-127,-127,-127,-127,-148,-148,-148,-202,-202,-167,-167,-167,-170,-170,-170,-190,-190,-153,-153,-135,-135,-124,-124,-138,-138,-138,-87,-87,-87,-126,-126,-126,-126,-151,-151,-151,-151,-144,-144,-187,-187,-145,-145,-143,-143,-111,-111,-111,-141,-141,-141,-137,-137,-137,-163,-163,-163,-151,-151,-151,-147,-147,-147,-147,-139,-139,-139,-122,-122,-122,-150,-150,-150,-164,-164,-144,-144,-118,-118,-139,-139,-139,-140,-140,-140,-140,-160,-160,-160,-160,-133,-133,-133,-160,-160,-160,-119,-119,-119,-173,-173,-173,-173,-131,-131,-131,-108,-108,-108,-108,-116,-116,-96,-96,-96,-107,-107,-107,-118,-118,-118,-118,-149,-149,-149,-162,-162,-162,-178,-178,-178,-147,-147,-147,-147,-151,-151,-151,-151,-90,-90,-90,-90,-111,-111,-111,-111,-89,-89,-89,-89,-68,-68,-68,-84,-84,-84,-88,-88,-88,-76
132,21.89200000000000301,-91,-55,-9,-64,-64,-85,-85,-92,-92,-92,-92,-117,-117,-119,-143,-128,-128,-110,-110,-123,-123,-116,-116,-116,-116,-80,-80,-69,-69,-62,-62,-73,-73,-73,-53,-53,-53,-39,-39,-39,-2,-2,-2,-69,-69,-69,-54,-54,-54,-16,-16,-17,-17,-39,-39,-59,-59,-59,-48,-48,-48,-74,-74,-74,-90,-90,-70,-70,-58,-58,-68,-68,-68,-37,-37,-37,-44,-44,-46,-18,-53,-53,-71,-71,-71,-64,-64,-92,-92,-110,-110,-116,-116,-95,-95,-95,-96,-96,-96,-73,-73,-20,-59,-59,-71,-71,-77,-77,-77,-63,-63,-26,-26,-49,-49,-76,-76,-102,-102,-106,-101,-109,-103,-121,-121,-94,-94,-70,-70,-14,-14,-14,-39,-39,-28,-28,-54,-54,-36,-36,-36,-56,-56,-56,-92,-92,-72,-72,-39,-39,-48,-48,-86,-86,-86,-80,-80,-57,-57,-62,-62,-42,-42,-68,-68,-111,-111,-111,-105,-105,-80,-48,-48,-48,-48,-70,-70,-70,-99,-99,-99,-103,-103,-82,-82,-98,-98,-103,-103,-144,-144,-98,-98,-81,-81,-88,-88,-80,-80,-61,-61,-92,-92,-136,-136,-136,-164,-164,-119,-119,-111,-111,-99,-99,-135,-135,-114,-114,-98,-97,-105,-105,-129,-129,-72,-72,-79,-79,-92,-92,-92,-84,-84,-84,-146,-146,-146,-126,-126,-126,-90,-90,-90,-102,-102,-105,-105,-96,-96,-116,-116,-109,-109,-109,-103,-103,-103,-93,-93,-93,-125,-125,-136,-136,-136,-181,-181,-181,-122,-122,-122,-85,-85,-85,-98,-98,-98,-128,-128,-201,-201,-284,-284,-284,-141,-141,-141,-156,-156,-156,-80,-80,-107,-107,-113,-113,-96,-96,-67,-67,-67,-110,-110,-110,-110,-92,-92,-75,-75,-71,-71,-82,-82,-82,-128,-128,-128,-128,-152,-152,-152,-126,-126,-117,-117,-122,-122,-122,-159,-159,-159,-159,-151,-151,-151,-151,-60,-60,-60,-64,-64,-44,-44,-58,-58,-58,-58,-70,-70,-70,-122,-122,-122,-71,-71,-71,-78,-78,-79,-79,-79,-128,-128,-128,-128,-145,-145,-145,-122,-122,-122,-107,-107,-145,-145,-137,-137,-137,-137,-137,-137,-113,-113,-113,-114,-114,-114,-114,-155,-155,-155,-110,-110,-110,-85,-85,-85,-85,-32,-32,-32,-32,-35,-35,-35,-105,-105,-105,-86,-86,-86,-85,-85,-85,-13,-13,-13,-68,-68,-68,-146,-146,-146,-118,-118,-118,-111,-111,-111,-75,-75,-75,-75,-167,-167,-167,-167,-139,-139,-139,-204,-204,-176,-176,-176,-159,-159,-159,-128,-128,-123,-123,-131,-131,-127,-127,-112,-112,-112,-51,-51,-51,-107,-107,-107,-107,-128,-128,-128,-128,-130,-130,-165,-165,-113,-113,-137,-137,-82,-82,-82,-149,-149,-149,-133,-133,-133,-166,-166,-166,-142,-142,-142,-116,-116,-116,-116,-158,-158,-158,-74,-74,-74,-111,-111,-111,-144,-144,-114,-114,-103,-103,-126,-126,-126,-148,-148,-148,-148,-107,-107,-107,-107,-137,-137,-137,-131,-131,-131,-141,-141,-141,-153,-153,-153,-153,-130,-130,-130,-99,-99,-92,-92,-102,-102,-136,-136,-136,-139,-139,-139,-107,-107,-107,-107,-161,-161,-161,-220,-220,-220,-196,-196,-196,-111,-111,-111,-111,-109,-109,-109,-109,-127,-127,-127,-127,-152,-152,-152,-152,-139,-139,-139,-139,-95,-95,-95,-132,-132,-132,-120,-120,-120,-113
133,22.0920000000000023,-91,-37,-11,-10,-10,-55,-55,-53,-53,-19,-19,-65,-65,-76,-77,-49,-49,-60,-60,-37,-37,-71,-71,-41,-41,-41,-41,-36,-36,-34,-34,-2,-2,-2,-16,-16,-16,5,5,5,11,11,11,23,23,23,-23,-23,-23,18,18,59,59,0,0,-19,-19,-19,-23,-23,-23,-20,-20,-20,-67,-67,-28,-28,-6,-6,-17,-17,-17,3,3,3,13,13,-23,44,24,24,-41,-41,-41,-18,-18,-34,-34,-58,-58,-46,-46,-14,-14,-14,-68,-68,-68,-16,-16,55,-1,-1,-35,-35,-46,-46,-46,-11,-11,10,10,-18,-18,-2,-2,-67,-67,-17,15,-22,-41,-51,-51,-37,-37,-11,-11,-26,-26,-26,-1,-1,-7,-7,-18,-18,-21,-21,-21,-44,-44,-44,-42,-42,7,7,7,7,30,30,-13,-13,-13,0,0,17,17,-19,-19,-2,-2,26,26,-39,-39,-39,-52,-52,-22,7,7,1,1,-8,-8,-8,-46,-46,-46,-34,-34,-57,-57,-30,-30,-2,-2,-67,-67,-6,-6,-18,-18,-63,-63,-20,-20,-8,-8,-24,-24,-76,-76,-76,-131,-131,-47,-47,-32,-32,-17,-17,-84,-84,-72,-72,-45,-39,-19,-19,-53,-53,-38,-38,18,18,25,25,25,-21,-21,-21,-116,-116,-116,-85,-85,-85,-21,-21,-21,-35,-35,-54,-54,-82,-82,-85,-85,-75,-75,-75,-85,-85,-85,-78,-78,-78,-66,-66,-79,-79,-79,-123,-123,-123,-98,-98,-98,-40,-40,-40,-38,-38,-38,-104,-104,-96,-96,-177,-177,-177,-121,-121,-121,-90,-90,-90,-21,-21,-36,-36,-48,-48,-64,-64,-30,-30,-30,-69,-69,-69,-69,-45,-45,-15,-15,22,22,-21,-21,-21,-103,-103,-103,-103,-108,-108,-108,-68,-68,-64,-64,-33,-33,-33,-87,-87,-87,-87,-122,-122,-122,-122,-21,-21,-21,-9,-9,8,8,34,34,34,34,4,4,4,-61,-61,-61,-6,-6,-6,-13,-13,-19,-19,-19,-25,-25,-25,-25,-95,-95,-95,-76,-76,-76,-28,-28,-73,-73,-106,-106,-106,-100,-100,-100,-45,-45,-45,-31,-31,-44,-44,-65,-65,-65,-39,-39,-39,-39,-39,-39,-39,3,3,3,3,30,30,30,-24,-24,-24,-43,-43,-43,-57,-57,-57,23,23,23,-23,-23,-23,-115,-115,-115,-104,-104,-104,-43,-43,-43,-40,-40,-40,-40,-145,-145,-145,-145,-101,-101,-101,-103,-103,-156,-156,-156,-69,-69,-69,-84,-84,-48,-48,-63,-63,-64,-64,-40,-40,-40,-4,-4,-4,-49,-49,-49,-49,-33,-33,-33,-33,-63,-63,-83,-83,-61,-61,-78,-78,-31,-31,-31,-68,-68,-68,-59,-59,-59,-71,-71,-71,-71,-71,-71,-67,-67,-67,-67,-62,-62,-62,-61,-61,-61,-59,-59,-59,-94,-94,-33,-33,-12,-12,-73,-73,-73,-105,-105,-105,-105,-67,-67,-67,-67,-53,-53,-53,-47,-47,-47,-73,-73,-73,-127,-127,-127,-127,-64,-64,-64,-73,-73,-23,-23,-41,-41,-62,-62,-62,-98,-98,-98,-111,-111,-111,-111,-98,-98,-98,-170,-170,-170,-110,-110,-110,-72,-72,-72,-72,-57,-57,-57,-57,-88,-88,-88,-88,-122,-122,-122,-122,-110,-110,-110,-110,-100,-100,-100,-127,-127,-127,-85,-85,-85,-122
134,22.29200000000000159,-72,-11,34,33,33,60,60,28,28,37,37,17,17,41,11,15,15,43,43,29,29,9,9,11,11,43,43,41,41,43,43,46,46,46,35,35,35,61,61,61,35,35,35,15,15,15,34,34,34,57,57,38,38,52,52,75,75,75,43,43,43,49,49,49,18,18,40,40,59,59,55,55,55,53,53,53,13,13,61,51,5,5,29,29,29,32,32,42,42,44,44,44,44,49,49,49,38,38,38,62,62,106,68,68,39,39,78,78,78,91,91,57,57,48,48,24,24,36,36,40,62,77,60,62,62,23,23,42,42,28,28,28,10,10,57,57,14,14,12,12,12,14,14,14,13,13,14,14,37,37,59,59,40,40,40,91,91,86,86,77,77,76,76,98,98,45,45,45,45,45,54,72,72,72,72,35,35,35,19,19,19,72,72,51,51,17,17,44,44,28,28,35,35,62,62,26,26,73,73,87,87,85,85,21,21,21,-22,-22,55,55,67,67,48,48,-7,-7,6,6,36,36,88,88,47,47,40,40,95,95,84,84,84,65,65,65,-35,-35,-35,-25,-25,-25,26,26,26,45,45,24,24,15,15,37,37,28,28,28,15,15,15,-1,-1,-1,28,28,26,26,26,0,0,0,-12,-12,-12,31,31,31,42,42,42,31,31,30,30,-69,-69,-69,-66,-66,-66,-7,-7,-7,62,62,25,25,1,1,18,18,34,34,34,12,12,12,12,34,34,83,83,84,84,43,43,43,-23,-23,-23,-23,8,8,8,42,42,48,48,24,24,24,-37,-37,-37,-37,-26,-26,-26,-26,4,4,4,49,49,113,113,87,87,87,87,45,45,45,37,37,37,28,28,28,51,51,67,67,67,21,21,21,21,7,7,7,26,26,26,77,77,42,42,-13,-13,-13,12,12,12,38,38,38,66,66,59,59,59,59,59,75,75,75,44,44,44,44,80,80,80,80,128,128,128,70,70,70,49,49,49,22,22,22,41,41,41,15,15,15,0,0,0,4,4,4,45,45,45,14,14,14,14,-69,-69,-69,-69,30,30,30,64,64,-54,-54,-54,18,18,18,28,28,49,49,71,71,61,61,58,58,58,96,96,96,59,59,59,59,21,21,21,21,50,50,24,24,50,50,0,0,53,53,53,29,29,29,24,24,24,27,27,27,30,30,30,52,52,52,52,36,36,36,1,1,1,15,15,15,30,30,76,76,78,78,12,12,12,-8,-8,-8,-8,6,6,6,6,7,7,7,19,19,19,-2,-2,-2,-25,-25,-25,-25,19,19,19,31,31,17,17,52,52,33,33,33,-31,-31,-31,6,6,6,6,-57,-57,-57,-75,-75,-75,1,1,1,35,35,35,35,-1,-1,-1,-1,-44,-44,-44,-44,-75,-75,-75,-75,-78,-78,-78,-78,-52,-52,-52,-103,-103,-103,-67,-67,-67,-64
135,22.49200000000000443,-3,39,57,102,102,27,27,117,117,78,78,83,83,114,122,100,100,153,153,135,135,94,94,34,34,61,61,75,75,79,79,96,96,96,82,82,82,87,87,87,61,61,61,93,93,93,66,66,66,88,88,115,115,74,74,94,94,94,82,82,82,117,117,117,81,81,98,98,95,95,100,100,100,44,44,44,45,45,87,90,103,103,62,62,62,57,57,83,83,125,125,119,119,105,105,105,96,96,96,132,132,138,114,114,122,122,130,130,130,151,151,85,85,97,97,76,76,114,114,111,99,112,100,99,99,61,61,87,87,82,82,82,58,58,67,67,82,82,63,63,63,55,55,55,19,19,65,65,97,97,114,114,113,113,113,128,128,137,137,105,105,118,118,165,165,96,96,96,125,125,119,100,100,121,121,116,116,116,94,94,94,127,127,75,75,79,79,95,95,82,82,105,105,120,120,148,148,147,147,145,145,169,169,120,120,120,59,59,143,143,143,143,118,118,96,96,65,65,120,102,118,118,153,153,113,113,151,151,150,150,150,124,124,124,69,69,69,45,45,45,98,98,98,105,105,91,91,104,104,105,105,98,98,98,65,65,65,89,89,89,127,127,116,116,116,114,114,114,96,96,96,93,93,93,126,126,126,105,105,143,143,58,58,58,53,53,53,93,93,93,117,117,107,107,101,101,87,87,111,111,111,72,72,72,72,117,117,127,127,138,138,104,104,104,42,42,42,42,45,45,45,116,116,127,127,119,119,119,44,44,44,44,45,45,45,45,83,83,83,119,119,180,180,170,170,170,170,129,129,129,90,90,90,98,98,98,122,122,153,153,153,139,139,139,139,98,98,98,102,102,102,138,138,149,149,69,69,69,62,62,62,130,130,130,143,143,135,135,139,139,139,161,161,161,127,127,127,127,118,118,118,118,137,137,137,96,96,96,69,69,69,98,98,98,77,77,77,96,96,96,103,103,103,151,151,151,94,94,94,68,68,68,68,48,48,48,48,155,155,155,168,168,39,39,39,94,94,94,113,113,120,120,150,150,156,156,150,150,150,137,137,137,128,128,128,128,105,105,105,105,124,124,129,129,104,104,88,88,126,126,126,99,99,99,121,121,121,105,105,105,125,125,125,109,109,109,109,126,126,126,72,72,72,74,74,74,108,108,162,162,154,154,110,110,110,65,65,65,65,98,98,98,98,97,97,97,96,96,96,73,73,73,60,60,60,60,114,114,114,91,91,105,105,120,120,97,97,97,72,72,72,79,79,79,79,44,44,44,46,46,46,76,76,76,143,143,143,143,85,85,85,85,-27,-27,-27,-27,-36,-36,-36,-36,-3,-3,-3,-3,-17,-17,-17,-14,-14,-14,-5,-5,-5,14
136,22.69200000000000372,28,11,51,79,79,119,119,115,115,59,59,116,116,140,136,137,137,132,132,162,162,92,92,83,83,50,50,79,79,71,71,120,120,120,80,80,80,50,50,50,16,16,16,146,146,146,77,77,77,90,90,101,101,122,122,83,83,83,77,77,77,147,147,147,96,96,84,84,68,68,89,89,89,41,41,41,59,59,79,57,44,44,91,91,91,64,64,86,86,114,114,100,100,118,118,118,119,119,119,144,144,134,159,159,175,175,153,153,153,124,124,71,71,95,95,80,80,123,123,97,96,79,80,77,77,67,67,96,96,77,77,77,44,44,68,68,80,80,75,75,75,66,66,66,46,46,61,61,82,82,108,108,99,99,99,104,104,130,130,111,111,152,152,149,149,120,120,120,98,98,137,111,111,135,135,114,114,114,115,115,115,145,145,89,89,91,91,108,108,121,121,135,135,135,135,186,186,199,199,183,183,204,204,155,155,155,141,141,174,174,181,181,148,148,115,115,154,154,132,115,139,139,155,155,117,117,153,153,155,155,155,141,141,141,119,119,119,90,90,90,131,131,131,133,133,137,137,146,146,163,163,173,173,173,165,165,165,137,137,137,185,185,165,165,165,201,201,201,135,135,135,124,124,124,154,154,154,172,172,194,194,152,152,152,86,86,86,126,126,126,151,151,160,160,120,120,132,132,119,119,119,99,99,99,99,144,144,154,154,173,173,143,143,143,85,85,85,85,94,94,94,133,133,142,142,176,176,176,111,111,111,111,82,82,82,82,101,101,101,156,156,189,189,180,180,180,180,164,164,164,138,138,138,109,109,109,191,191,166,166,166,148,148,148,148,165,165,165,128,128,128,172,172,174,174,126,126,126,97,97,97,148,148,148,158,158,140,140,188,188,188,173,173,173,163,163,163,163,136,136,136,136,134,134,134,116,116,116,108,108,108,100,100,100,113,113,113,152,152,152,166,166,166,190,190,190,161,161,161,145,145,145,145,114,114,114,114,185,185,185,209,209,94,94,94,138,138,138,128,128,153,153,183,183,191,191,174,174,174,159,159,159,134,134,134,134,154,154,154,154,152,152,185,185,151,151,154,154,136,136,136,163,163,163,171,171,171,170,170,170,126,126,126,111,111,111,111,149,149,149,125,125,125,131,131,131,152,152,200,200,197,197,169,169,169,125,125,125,125,115,115,115,115,122,122,122,129,129,129,112,112,112,107,107,107,107,152,152,152,123,123,106,106,157,157,170,170,170,116,116,116,110,110,110,110,98,98,98,124,124,124,149,149,149,197,197,197,197,117,117,117,117,-13,-13,-13,-13,7,7,7,7,38,38,38,38,53,53,53,44,44,44,29,29,29,30
137,22.89200000000000301,48,-15,16,4,4,41,41,90,90,36,36,73,73,70,87,105,105,90,90,98,98,49,49,48,48,16,16,24,24,48,48,59,59,59,45,45,45,19,19,19,-1,-1,-1,70,70,70,33,33,33,30,30,45,45,65,65,51,51,51,63,63,63,76,76,76,20,20,33,33,10,10,18,18,18,65,65,65,9,9,30,48,31,31,55,55,55,77,77,41,41,76,76,59,59,84,84,84,95,95,95,94,94,91,117,117,99,99,101,101,101,98,98,15,15,63,63,46,46,89,89,70,29,19,21,50,50,28,28,55,55,35,35,35,45,45,21,21,61,61,32,32,32,69,69,69,47,47,28,28,23,23,73,73,125,125,125,68,68,69,69,62,62,95,95,130,130,86,86,86,71,71,88,100,100,100,100,87,87,87,108,108,108,105,105,88,88,58,58,91,91,91,91,128,128,92,92,167,167,157,157,160,160,151,151,152,152,152,127,127,144,144,133,133,113,113,151,151,121,121,102,109,119,119,117,117,72,72,113,113,106,106,106,82,82,82,108,108,108,81,81,81,97,97,97,93,93,102,102,124,124,112,112,141,141,141,146,146,146,112,112,112,170,170,184,184,184,187,187,187,153,153,153,131,131,131,140,140,140,119,119,158,158,159,159,159,94,94,94,103,103,103,138,138,136,136,125,125,119,119,96,96,96,102,102,102,102,133,133,112,112,139,139,156,156,156,107,107,107,107,93,93,93,119,119,90,90,137,137,137,115,115,115,115,134,134,134,134,106,106,106,132,132,138,138,113,113,113,113,127,127,127,119,119,119,107,107,107,139,139,133,133,133,107,107,107,107,130,130,130,78,78,78,117,117,134,134,84,84,84,114,114,114,108,108,108,111,111,130,130,141,141,141,122,122,122,113,113,113,113,101,101,101,101,102,102,102,78,78,78,39,39,39,92,92,92,82,82,82,129,129,129,148,148,148,154,154,154,172,172,172,145,145,145,145,154,154,154,154,162,162,162,159,159,81,81,81,128,128,128,108,108,116,116,146,146,159,159,137,137,137,148,148,148,117,117,117,117,134,134,134,134,130,130,160,160,106,106,140,140,120,120,120,123,123,123,164,164,164,141,141,141,96,96,96,109,109,109,109,129,129,129,113,113,113,86,86,86,115,115,155,155,136,136,152,152,152,130,130,130,130,110,110,110,110,100,100,100,104,104,104,105,105,105,110,110,110,110,113,113,113,124,124,115,115,95,95,142,142,142,96,96,96,109,109,109,109,113,113,113,132,132,132,158,158,158,169,169,169,169,91,91,91,91,-17,-17,-17,-17,50,50,50,50,53,53,53,53,51,51,51,44,44,44,18,18,18,8
138,23.0920000000000023,29,-50,-4,-54,-54,17,17,68,68,11,11,34,34,68,46,42,42,43,43,4,4,9,9,16,16,-11,-11,-8,-8,4,4,-26,-26,-26,-13,-13,-13,-16,-16,-16,-60,-60,-60,22,22,22,12,12,12,-23,-23,10,10,-9,-9,-9,-9,-9,11,11,11,22,22,22,-16,-16,4,4,-7,-7,22,22,22,10,10,10,-17,-17,2,7,-7,-7,31,31,31,30,30,0,0,32,32,22,22,36,36,36,59,59,59,49,49,15,63,63,36,36,47,47,47,-19,-19,-65,-65,28,28,3,3,37,37,54,-15,-19,3,1,1,17,17,23,23,-6,-6,-6,-21,-21,31,31,7,7,-18,-18,-18,81,81,81,32,32,-3,-3,-32,-32,5,5,27,27,27,39,39,14,14,24,24,58,58,50,50,37,37,37,48,48,54,41,41,46,46,41,41,41,74,74,74,6,6,21,21,38,38,60,60,93,93,67,67,62,62,110,110,133,133,88,88,134,134,133,133,133,104,104,90,90,67,67,61,61,116,116,101,101,65,60,65,65,55,55,16,16,31,31,45,45,45,29,29,29,87,87,87,70,70,70,38,38,38,46,46,44,44,38,38,65,65,79,79,79,122,122,122,129,129,129,151,151,148,148,148,145,145,145,85,85,85,80,80,80,89,89,89,51,51,74,74,120,120,120,45,45,45,90,90,90,94,94,87,87,119,119,64,64,68,68,68,39,39,39,39,66,66,80,80,66,66,73,73,73,66,66,66,66,76,76,76,81,81,49,49,77,77,77,116,116,116,116,117,117,117,117,78,78,78,41,41,54,54,48,48,48,48,44,44,44,63,63,63,66,66,66,75,75,66,66,66,51,51,51,51,106,106,106,35,35,35,48,48,81,81,77,77,77,86,86,86,66,66,66,74,74,108,108,94,94,94,81,81,81,75,75,75,75,49,49,49,49,25,25,25,19,19,19,53,53,53,52,52,52,32,32,32,83,83,83,89,89,89,79,79,79,123,123,123,138,138,138,138,132,132,132,132,107,107,107,69,69,32,32,32,88,88,88,85,85,67,67,95,95,119,119,73,73,73,77,77,77,85,85,85,85,94,94,94,94,106,106,121,121,41,41,101,101,6,6,6,102,102,102,78,78,78,119,119,119,67,67,67,83,83,83,83,83,83,83,86,86,86,85,85,85,57,57,89,89,48,48,69,69,69,67,67,67,67,95,95,95,95,77,77,77,56,56,56,71,71,71,72,72,72,72,75,75,75,73,73,60,60,44,44,110,110,110,103,103,103,85,85,85,85,87,87,87,95,95,95,107,107,107,130,130,130,130,87,87,87,87,-23,-23,-23,-23,-37,-37,-37,-37,8,8,8,8,58,58,58,36,36,36,1,1,1,-1
139,23.29200000000000159,-17,-58,-40,-31,-31,18,18,35,35,9,9,22,22,50,1,0,0,-22,-22,-30,-30,17,17,2,2,-15,-15,2,2,-47,-47,-28,-28,-28,-46,-46,-46,-17,-17,-17,-40,-40,-40,-15,-15,-15,28,28,28,-47,-47,-30,-30,-41,-41,-25,-25,-25,8,8,8,11,11,11,28,28,-7,-7,-34,-34,-6,-6,-6,-6,-6,-6,-8,-8,3,-15,-19,-19,38,38,38,26,26,6,6,10,10,24,24,17,17,17,45,45,45,-17,-17,-5,-16,-16,-16,-16,-8,-8,-8,-40,-40,-54,-54,-3,-3,-2,-2,44,44,18,-27,14,56,25,25,28,28,12,12,-23,-23,-23,-2,-2,-13,-13,15,15,7,7,7,51,51,51,54,54,-15,-15,-33,-33,-30,-30,1,1,1,-17,-17,-8,-8,0,0,-7,-7,19,19,23,23,23,3,3,30,19,19,25,25,35,35,35,15,15,15,13,13,-11,-11,56,56,28,28,74,74,44,44,41,41,60,60,77,77,41,41,66,66,104,104,104,126,126,50,50,26,26,6,6,72,72,76,76,32,28,45,45,30,30,-9,-9,5,5,47,47,47,0,0,0,80,80,80,92,92,92,28,28,28,33,33,-7,-7,-2,-2,8,8,54,54,54,109,109,109,118,118,118,140,140,84,84,84,113,113,113,87,87,87,105,105,105,48,48,48,41,41,11,11,130,130,130,47,47,47,47,47,47,54,54,79,79,118,118,45,45,16,16,16,45,45,45,45,49,49,53,53,39,39,34,34,34,87,87,87,87,92,92,92,73,73,18,18,29,29,29,57,57,57,57,72,72,72,72,39,39,39,20,20,-5,-5,26,26,26,26,57,57,57,33,33,33,30,30,30,36,36,41,41,41,31,31,31,31,91,91,91,19,19,19,-2,-2,43,43,71,71,71,77,77,77,46,46,46,64,64,90,90,70,70,70,28,28,28,66,66,66,66,42,42,42,42,10,10,10,6,6,6,18,18,18,23,23,23,7,7,7,54,54,54,63,63,63,39,39,39,75,75,75,134,134,134,134,142,142,142,142,97,97,97,60,60,47,47,47,60,60,60,74,74,80,80,86,86,81,81,79,79,79,49,49,49,38,38,38,38,68,68,68,68,83,83,83,83,15,15,53,53,-2,-2,-2,86,86,86,60,60,60,65,65,65,63,63,63,42,42,42,42,63,63,63,56,56,56,61,61,61,71,71,24,24,4,4,11,11,11,55,55,55,55,74,74,74,74,69,69,69,59,59,59,45,45,45,76,76,76,76,57,57,57,54,54,73,73,48,48,45,45,45,56,56,56,59,59,59,59,68,68,68,83,83,83,86,86,86,94,94,94,94,44,44,44,44,-12,-12,-12,-12,-1,-1,-1,-1,7,7,7,7,38,38,38,17,17,17,-13,-13,-13,-44
140,23.49200000000000443,17,-39,0,-13,-13,56,56,20,20,18,18,-5,-5,38,43,19,19,-16,-16,-42,-42,24,24,15,15,12,12,46,46,-20,-20,-57,-57,-57,12,12,12,16,16,16,15,15,15,5,5,5,5,5,5,-14,-14,-40,-40,3,3,26,26,26,7,7,7,28,28,28,70,70,37,37,-9,-9,-2,-2,-2,48,48,48,15,15,44,30,36,36,46,46,46,31,31,26,26,38,38,17,17,22,22,22,13,13,13,7,7,-33,-36,-36,-7,-7,14,14,14,-18,-18,9,9,16,16,18,18,42,42,59,32,70,108,89,89,78,78,-8,-8,-17,-17,-17,22,22,-22,-22,20,20,-4,-4,-4,78,78,78,82,82,19,19,-13,-13,-18,-18,-21,-21,-21,21,21,17,17,50,50,22,22,2,2,51,51,51,36,36,24,21,21,20,20,30,30,30,38,38,38,36,36,47,47,50,50,54,54,37,37,38,38,68,68,30,30,69,69,46,46,83,83,130,130,130,133,133,56,56,15,15,-4,-4,70,70,40,40,48,52,25,25,62,62,40,40,-13,-13,46,46,46,8,8,8,106,106,106,85,85,85,53,53,53,32,32,13,13,1,1,27,27,67,67,67,120,120,120,130,130,130,140,140,68,68,68,58,58,58,60,60,60,52,52,52,29,29,29,37,37,34,34,91,91,91,38,38,38,70,70,70,23,23,71,71,66,66,22,22,-7,-7,-7,28,28,28,28,77,77,13,13,13,13,21,21,21,89,89,89,89,96,96,96,88,88,48,48,43,43,43,67,67,67,67,78,78,78,78,64,64,64,-1,-1,-1,-1,20,20,20,20,41,41,41,49,49,49,25,25,25,40,40,5,5,5,44,44,44,44,98,98,98,15,15,15,12,12,51,51,64,64,64,69,69,69,55,55,55,70,70,82,82,71,71,71,65,65,65,43,43,43,43,49,49,49,49,17,17,17,41,41,41,63,63,63,83,83,83,7,7,7,41,41,41,65,65,65,69,69,69,127,127,127,174,174,174,174,199,199,199,199,118,118,118,71,71,49,49,49,73,73,73,76,76,86,86,101,101,87,87,99,99,99,57,57,57,36,36,36,36,71,71,71,71,55,55,93,93,25,25,62,62,49,49,49,75,75,75,54,54,54,90,90,90,78,78,78,59,59,59,59,55,55,55,49,49,49,51,51,51,98,98,68,68,11,11,16,16,16,103,103,103,103,84,84,84,84,85,85,85,80,80,80,70,70,70,129,129,129,129,113,113,113,89,89,56,56,29,29,69,69,69,80,80,80,60,60,60,60,90,90,90,91,91,91,107,107,107,84,84,84,84,84,84,84,84,7,7,7,7,14,14,14,14,22,22,22,22,60,60,60,32,32,32,10,10,10,-17
141,23.69200000000000372,-14,8,52,62,62,63,63,56,56,34,34,47,47,68,65,28,28,19,19,28,28,67,67,70,70,22,22,56,56,8,8,11,11,11,10,10,10,13,13,13,37,37,37,32,32,32,53,53,53,42,42,19,19,68,68,77,77,77,85,85,85,56,56,56,114,114,94,94,75,75,26,26,26,52,52,52,59,59,53,54,62,62,79,79,79,55,55,82,82,67,67,57,57,37,37,37,43,43,43,32,32,17,21,21,41,41,28,28,28,24,24,47,47,12,12,72,72,67,67,82,75,125,137,134,134,121,121,43,43,13,13,13,-4,-4,7,7,59,59,70,70,70,72,72,72,108,108,99,99,61,61,12,12,8,8,8,46,46,40,40,75,75,56,56,8,8,87,87,87,79,79,61,18,18,36,36,49,49,49,42,42,42,51,51,63,63,62,62,67,67,54,54,58,58,53,53,56,56,60,60,36,36,79,79,142,142,142,162,162,62,62,64,64,35,35,63,63,81,81,46,67,59,59,89,89,69,69,20,20,76,76,76,66,66,66,106,106,106,109,109,109,46,46,46,64,64,29,29,49,49,78,78,82,82,82,139,139,139,155,155,155,151,151,54,54,54,68,68,68,100,100,100,94,94,94,58,58,58,82,82,57,57,106,106,106,86,86,86,88,88,88,55,55,79,79,96,96,70,70,35,35,35,95,95,95,95,73,73,23,23,62,62,80,80,80,111,111,111,111,138,138,138,106,106,90,90,58,58,58,90,90,90,90,98,98,98,98,111,111,111,56,56,62,62,35,35,35,35,52,52,52,76,76,76,62,62,62,46,46,72,72,72,60,60,60,60,97,97,97,96,96,96,49,49,71,71,91,91,91,78,78,78,62,62,62,65,65,78,78,90,90,90,75,75,75,58,58,58,58,67,67,67,67,50,50,50,78,78,78,103,103,103,101,101,101,83,83,83,92,92,92,72,72,72,134,134,134,177,177,177,186,186,186,186,180,180,180,180,116,116,116,105,105,95,95,95,87,87,87,130,130,107,107,99,99,120,120,94,94,94,57,57,57,78,78,78,78,58,58,58,58,102,102,104,104,72,72,90,90,94,94,94,106,106,106,89,89,89,112,112,112,138,138,138,95,95,95,95,65,65,65,59,59,59,83,83,83,106,106,71,71,56,56,76,76,76,103,103,103,103,92,92,92,92,146,146,146,95,95,95,100,100,100,147,147,147,147,123,123,123,88,88,96,96,58,58,54,54,54,92,92,92,72,72,72,72,110,110,110,128,128,128,133,133,133,124,124,124,124,62,62,62,62,62,62,62,62,55,55,55,55,114,114,114,114,128,128,128,52,52,52,46,46,46,36
142,23.89200000000000301,23,80,89,65,65,87,87,95,95,75,75,78,78,107,65,65,65,47,47,82,82,94,94,91,91,89,89,108,108,52,52,60,60,60,38,38,38,62,62,62,79,79,79,68,68,68,46,46,46,66,66,68,68,94,94,98,98,98,116,116,116,75,75,75,149,149,117,117,76,76,62,62,62,57,57,57,100,100,96,111,75,75,63,63,63,54,54,85,85,72,72,81,81,52,52,52,52,52,52,46,46,68,79,79,103,103,57,57,57,69,69,117,117,77,77,87,87,88,88,83,110,123,142,132,132,132,132,58,58,56,56,56,24,24,58,58,90,90,77,77,77,95,95,95,133,133,124,124,45,45,76,76,14,14,14,53,53,66,66,104,104,84,84,22,22,111,111,111,107,107,98,46,46,36,36,71,71,71,96,96,96,82,82,104,104,86,86,67,67,74,74,65,65,44,44,57,57,80,80,68,68,73,73,136,136,136,159,159,94,94,66,66,37,37,66,66,40,40,34,65,79,79,98,98,99,99,49,49,57,57,57,58,58,58,119,119,119,134,134,134,84,84,84,59,59,82,82,124,124,89,89,115,115,115,127,127,127,147,147,147,127,127,57,57,57,42,42,42,73,73,73,102,102,102,74,74,74,91,91,74,74,84,84,84,89,89,89,91,91,91,48,48,43,43,83,83,67,67,48,48,48,90,90,90,90,65,65,73,73,67,67,101,101,101,131,131,131,131,124,124,124,138,138,117,117,86,86,86,95,95,95,95,127,127,127,127,108,108,108,87,87,82,82,67,67,67,67,60,60,60,72,72,72,85,85,85,68,68,85,85,85,75,75,75,75,113,113,113,105,105,105,64,64,83,83,108,108,108,64,64,64,79,79,79,79,79,75,75,80,80,80,58,58,58,108,108,108,108,100,100,100,100,88,88,88,109,109,109,121,121,121,152,152,152,96,96,96,65,65,65,102,102,102,137,137,137,172,172,172,176,176,176,176,164,164,164,164,109,109,109,113,113,104,104,104,100,100,100,123,123,95,95,88,88,118,118,128,128,128,82,82,82,99,99,99,99,92,92,92,92,100,100,84,84,90,90,106,106,107,107,107,112,112,112,84,84,84,97,97,97,128,128,128,87,87,87,87,91,91,91,102,102,102,79,79,79,97,97,84,84,92,92,127,127,127,136,136,136,136,143,143,143,143,133,133,133,120,120,120,147,147,147,156,156,156,156,115,115,115,122,122,87,87,85,85,70,70,70,98,98,98,95,95,95,95,105,105,105,114,114,114,154,154,154,132,132,132,132,103,103,103,103,112,112,112,112,106,106,106,106,127,127,127,127,121,121,121,93,93,93,31,31,31,42
143,24.0920000000000023,47,81,105,88,88,98,98,96,96,86,86,37,37,69,61,62,62,63,63,89,89,110,110,41,41,72,72,98,98,51,51,43,43,43,91,91,91,90,90,90,80,80,80,62,62,62,39,39,39,79,79,107,107,118,118,83,83,83,110,110,110,63,63,63,109,109,108,108,84,84,70,70,70,61,61,61,56,56,83,96,93,93,91,91,91,49,49,81,81,61,61,50,50,52,52,52,66,66,66,51,51,80,90,90,69,69,83,83,83,68,68,112,112,63,63,79,79,61,61,59,84,84,77,107,107,96,96,67,67,48,48,48,58,58,60,60,84,84,64,64,64,89,89,89,111,111,95,95,80,80,35,35,30,30,30,73,73,69,69,99,99,120,120,71,71,74,74,74,79,79,90,83,83,48,48,30,30,30,59,59,59,56,56,75,75,74,74,74,74,58,58,54,54,28,28,31,31,76,76,59,59,51,51,88,88,88,121,121,60,60,78,78,41,41,29,29,47,47,25,45,43,43,85,85,93,93,41,41,42,42,42,89,89,89,105,105,105,128,128,128,77,77,77,71,71,73,73,63,63,91,91,97,97,97,108,108,108,96,96,96,84,84,64,64,64,-1,-1,-1,51,51,51,31,31,31,125,125,125,90,90,40,40,103,103,103,70,70,70,86,86,86,9,9,61,61,80,80,45,45,0,0,0,74,74,74,74,64,64,51,51,60,60,97,97,97,90,90,90,90,104,104,104,95,95,82,82,62,62,62,94,94,94,94,137,137,137,137,124,124,124,67,67,40,40,23,23,23,23,65,65,65,52,52,52,82,82,82,40,40,59,59,59,87,87,87,87,58,58,58,104,104,104,75,75,68,68,113,113,113,73,73,73,29,29,29,43,43,66,66,58,58,58,62,62,62,94,94,94,94,120,120,120,120,53,53,53,97,97,97,89,89,89,136,136,136,103,103,103,107,107,107,103,103,103,119,119,119,196,196,196,186,186,186,186,112,112,112,112,86,86,86,68,68,106,106,106,86,86,86,101,101,87,87,54,54,100,100,97,97,97,72,72,72,64,64,64,64,84,84,84,84,67,67,72,72,93,93,103,103,117,117,117,60,60,60,61,61,61,69,69,69,101,101,101,88,88,88,88,90,90,90,72,72,72,87,87,87,100,100,85,85,81,81,104,104,104,109,109,109,109,123,123,123,123,112,112,112,101,101,101,93,93,93,131,131,131,131,76,76,76,92,92,87,87,80,80,64,64,64,79,79,79,81,81,81,81,88,88,88,129,129,129,116,116,116,80,80,80,80,94,94,94,94,100,100,100,100,72,72,72,72,119,119,119,119,103,103,103,100,100,100,70,70,70,50
144,24.29200000000000159,26,94,81,93,93,100,100,96,96,108,108,58,58,98,86,81,81,85,85,111,111,80,80,87,87,78,78,83,83,91,91,59,59,59,55,55,55,76,76,76,72,72,72,54,54,54,35,35,35,45,45,71,71,43,43,66,66,66,71,71,71,29,29,29,87,87,54,54,99,99,75,75,75,69,69,69,29,29,34,61,65,65,62,62,62,62,62,76,76,40,40,37,37,33,33,33,61,61,61,85,85,82,72,72,107,107,81,81,81,63,63,99,99,80,80,80,80,26,26,52,67,36,56,52,52,63,63,68,68,56,56,56,44,44,37,37,35,35,31,31,31,31,31,31,31,31,78,78,68,68,46,46,49,49,49,62,62,64,64,89,89,112,112,91,91,71,71,71,84,84,57,102,102,47,47,57,57,57,81,81,81,54,54,45,45,76,76,82,82,53,53,27,27,23,23,17,17,25,25,49,49,28,28,36,36,36,51,51,52,52,60,60,49,49,17,17,24,24,7,23,39,39,50,50,62,62,52,52,47,47,47,55,55,55,52,52,52,109,109,109,71,71,71,64,64,64,64,57,57,56,56,65,65,65,40,40,40,75,75,75,68,68,53,53,53,-25,-25,-25,25,25,25,33,33,33,97,97,97,93,93,12,12,49,49,49,52,52,52,64,64,64,22,22,29,29,67,67,16,16,-5,-5,-5,43,43,43,43,38,38,41,41,54,54,51,51,51,53,53,53,53,94,94,94,69,69,56,56,49,49,49,102,102,102,102,95,95,95,95,104,104,104,33,33,27,27,45,45,45,45,41,41,41,44,44,44,51,51,51,-23,-23,13,13,13,62,62,62,62,59,59,59,84,84,84,47,47,38,38,72,72,72,53,53,53,54,54,54,50,50,51,51,52,52,52,63,63,63,47,47,47,47,32,32,32,32,75,75,75,93,93,93,91,91,91,114,114,114,93,93,93,97,97,97,70,70,70,95,95,95,183,183,183,119,119,119,119,84,84,84,84,38,38,38,40,40,83,83,83,73,73,73,90,90,64,64,40,40,71,71,91,91,91,78,78,78,93,93,93,93,57,57,57,57,58,58,21,21,93,93,62,62,85,85,85,17,17,17,54,54,54,29,29,29,70,70,70,68,68,68,68,79,79,79,99,99,99,92,92,92,104,104,60,60,96,96,82,82,82,74,74,74,74,86,86,86,86,95,95,95,67,67,67,80,80,80,77,77,77,77,56,56,56,54,54,78,78,63,63,30,30,30,46,46,46,65,65,65,65,75,75,75,68,68,68,56,56,56,58,58,58,58,51,51,51,51,96,96,96,96,91,91,91,91,82,82,82,82,48,48,48,97,97,97,52,52,52,64
145,24.49200000000000443,52,106,101,92,92,84,84,104,104,96,96,105,105,116,101,114,114,103,103,121,121,108,108,79,79,89,89,71,71,67,67,80,80,80,40,40,40,62,62,62,72,72,72,14,14,14,-19,-19,-19,35,35,47,47,60,60,70,70,70,51,51,51,30,30,30,49,49,55,55,66,66,99,99,99,81,81,81,36,36,55,70,46,46,71,71,71,42,42,61,61,27,27,47,47,58,58,58,87,87,87,68,68,98,91,91,118,118,33,33,33,66,66,75,75,41,41,70,70,24,24,11,31,5,22,34,34,25,25,59,59,45,45,45,27,27,30,30,19,19,22,22,22,29,29,29,71,71,50,50,59,59,63,63,51,51,51,66,66,54,54,93,93,76,76,70,70,36,36,36,53,53,18,58,58,25,25,20,20,20,78,78,78,75,75,97,97,119,119,85,85,73,73,61,61,18,18,18,18,36,36,55,55,-7,-7,20,20,20,39,39,36,36,61,61,48,48,37,37,43,43,19,19,8,8,46,46,106,106,61,61,65,65,65,56,56,56,43,43,43,75,75,75,68,68,68,61,61,73,73,49,49,4,4,30,30,30,29,29,29,76,76,76,41,41,46,46,46,1,1,1,33,33,33,41,41,41,83,83,83,49,49,4,4,51,51,51,56,56,56,69,69,69,47,47,0,0,53,53,26,26,16,16,16,39,39,39,39,54,54,86,86,15,15,42,42,42,49,49,49,49,50,50,50,63,63,32,32,37,37,37,86,86,86,86,99,99,99,99,91,91,91,20,20,21,21,9,9,9,9,53,53,53,50,50,50,75,75,75,26,26,19,19,19,61,61,61,61,35,35,35,68,68,68,44,44,49,49,49,49,49,45,45,45,47,47,47,36,36,54,54,31,31,31,60,60,60,22,22,22,22,37,37,37,37,37,37,37,66,66,66,62,62,62,113,113,113,100,100,100,88,88,88,88,88,88,44,44,44,152,152,152,123,123,123,123,65,65,65,65,14,14,14,36,36,88,88,88,86,86,86,87,87,70,70,22,22,73,73,79,79,79,93,93,93,84,84,84,84,71,71,71,71,37,37,-5,-5,69,69,30,30,49,49,49,5,5,5,33,33,33,-9,-9,-9,56,56,56,67,67,67,67,59,59,59,94,94,94,114,114,114,72,72,60,60,82,82,83,83,83,41,41,41,41,97,97,97,97,48,48,48,35,35,35,59,59,59,64,64,64,64,63,63,63,36,36,46,46,75,75,38,38,38,40,40,40,30,30,30,30,42,42,42,44,44,44,30,30,30,49,49,49,49,91,91,91,91,92,92,92,92,98,98,98,98,54,54,54,54,62,62,62,81,81,81,57,57,57,85
146,24.69200000000000372,83,110,99,98,98,111,111,90,90,89,89,108,108,118,103,102,102,106,106,110,110,99,99,76,76,80,80,95,95,60,60,87,87,87,59,59,59,92,92,92,54,54,54,38,38,38,5,5,5,20,20,41,41,53,53,71,71,71,25,25,25,4,4,4,43,43,26,26,17,17,77,77,77,59,59,59,39,39,38,6,31,31,43,43,43,42,42,33,33,29,29,31,31,83,83,83,97,97,97,55,55,63,71,71,56,56,30,30,30,68,68,83,83,22,22,76,76,31,31,22,30,-1,22,3,3,35,35,41,41,42,42,42,8,8,31,31,18,18,42,42,42,-1,-1,-1,14,14,24,24,60,60,47,47,64,64,64,89,89,57,57,71,71,70,70,58,58,27,27,27,27,27,20,52,52,40,40,28,28,28,77,77,77,93,93,81,81,69,69,55,55,78,78,66,66,69,69,34,34,58,58,46,46,22,22,30,30,30,35,35,41,41,56,56,97,97,49,49,40,40,44,27,8,8,10,10,111,111,78,78,44,44,44,38,38,38,41,41,41,51,51,51,83,83,83,79,79,81,81,68,68,13,13,25,25,25,41,41,41,103,103,103,48,48,54,54,54,25,25,25,66,66,66,60,60,60,99,99,99,95,95,26,26,102,102,102,50,50,50,83,83,83,59,59,95,95,92,92,32,32,53,53,53,46,46,46,46,38,38,74,74,45,45,29,29,29,75,75,75,75,85,85,85,48,48,48,48,71,71,71,86,86,86,86,48,48,48,48,77,77,77,46,46,42,42,50,50,50,50,84,84,84,79,79,79,56,56,56,-11,-11,51,51,51,91,91,91,91,18,18,18,67,67,67,29,29,54,54,52,52,52,20,20,20,56,56,56,36,36,42,42,25,25,25,62,62,62,17,17,17,17,49,49,49,49,83,83,83,83,83,83,47,47,47,85,85,85,116,116,116,104,104,104,99,99,99,50,50,50,123,123,123,134,134,134,134,90,90,90,90,53,53,53,81,81,127,127,127,93,93,93,78,78,59,59,49,49,66,66,82,82,82,87,87,87,56,56,56,56,34,34,34,34,37,37,-13,-13,60,60,21,21,11,11,11,-6,-6,-6,44,44,44,-14,-14,-14,22,22,22,92,92,92,92,66,66,66,101,101,101,100,100,100,75,75,90,90,69,69,57,57,57,30,30,30,30,67,67,67,67,47,47,47,25,25,25,52,52,52,33,33,33,33,55,55,55,60,60,45,45,55,55,39,39,39,49,49,49,47,47,47,47,51,51,51,43,43,43,39,39,39,69,69,69,69,104,104,104,104,110,110,110,110,107,107,107,107,63,63,63,63,60,60,60,117,117,117,82,82,82,112
147,24.89200000000000301,69,57,79,96,96,83,83,92,92,81,81,145,145,138,143,130,130,101,101,107,107,102,102,51,51,47,47,16,16,95,95,66,66,66,69,69,69,29,29,29,45,45,45,-18,-18,-18,-6,-6,-6,38,38,0,0,16,16,53,53,53,6,6,6,18,18,18,-1,-1,14,14,5,5,28,28,28,10,10,10,51,51,-19,15,25,25,33,33,33,59,59,33,33,10,10,24,24,40,40,40,71,71,71,16,16,55,52,52,77,77,28,28,28,76,76,68,68,24,24,35,35,18,18,21,21,-7,-2,-25,-25,-22,-22,32,32,41,41,41,4,4,-11,-11,19,19,11,11,11,-8,-8,-8,-27,-27,32,32,47,47,47,47,81,81,81,43,43,59,59,52,52,65,65,48,48,20,20,20,26,26,14,50,50,30,30,49,49,49,84,84,84,81,81,84,84,82,82,63,63,88,88,62,62,82,82,55,55,104,104,72,72,58,58,15,15,15,19,19,24,24,45,45,83,83,17,17,28,28,54,33,13,13,25,25,104,104,106,106,50,50,50,44,44,44,19,19,19,55,55,55,72,72,72,89,89,93,93,64,64,51,51,26,26,26,63,63,63,89,89,89,70,70,89,89,89,87,87,87,67,67,67,73,73,73,103,103,103,90,90,67,67,114,114,114,64,64,64,96,96,96,83,83,88,88,116,116,60,60,70,70,70,23,23,23,23,70,70,49,49,23,23,50,50,50,36,36,36,36,87,87,87,52,52,81,81,105,105,105,84,84,84,84,38,38,38,38,67,67,67,68,68,56,56,46,46,46,46,86,86,86,102,102,102,60,60,60,19,19,75,75,75,110,110,110,110,40,40,40,81,81,81,49,49,62,62,53,53,53,4,4,4,34,34,34,35,35,27,27,38,38,38,66,66,66,4,4,4,4,-12,-12,-12,-12,53,53,53,44,44,44,60,60,60,93,93,93,106,106,106,102,102,102,114,114,114,51,51,51,117,117,117,127,127,127,127,97,97,97,97,129,129,129,106,106,133,133,133,86,86,86,67,67,66,66,51,51,79,79,47,47,47,71,71,71,38,38,38,38,50,50,50,50,6,6,20,20,66,66,2,2,22,22,22,24,24,24,53,53,53,-2,-2,-2,18,18,18,77,77,77,77,83,83,83,65,65,65,73,73,73,81,81,58,58,90,90,101,101,101,29,29,29,29,52,52,52,52,31,31,31,42,42,42,47,47,47,65,65,65,65,61,61,61,63,63,63,63,96,96,75,75,75,66,66,66,61,61,61,61,83,83,83,72,72,72,76,76,76,80,80,80,80,105,105,105,105,112,112,112,112,115,115,115,115,81,81,81,81,69,69,69,99,99,99,114,114,114,123
148,25.0920000000000023,68,53,22,66,66,57,57,35,35,27,27,91,91,110,73,88,88,89,89,77,77,14,14,37,37,22,22,21,21,38,38,58,58,58,-3,-3,-3,20,20,20,1,1,1,-5,-5,-5,18,18,18,19,19,18,18,4,4,32,32,32,-23,-23,-23,-5,-5,-5,-34,-34,-3,-3,-16,-16,-12,-12,-12,-13,-13,-13,0,0,-38,-51,15,15,11,11,11,34,34,3,3,14,14,-3,-3,2,2,2,44,44,44,28,28,32,19,19,33,33,34,34,34,66,66,21,21,25,25,-4,-4,34,34,23,22,-10,-48,-56,-56,-52,-52,-1,-1,3,3,3,-12,-12,-12,-12,14,14,-10,-10,-10,-13,-13,-13,-47,-47,6,6,10,10,38,38,61,61,61,39,39,30,30,22,22,56,56,39,39,6,6,6,-15,-15,-11,-27,-27,21,21,11,11,11,39,39,39,30,30,75,75,60,60,53,53,84,84,81,81,90,90,75,75,96,96,98,98,45,45,37,37,37,24,24,47,47,44,44,61,61,-17,-17,5,5,42,38,27,27,2,2,35,35,81,81,51,51,51,27,27,27,-15,-15,-15,23,23,23,58,58,58,59,59,74,74,84,84,65,65,49,49,49,80,80,80,121,121,121,84,84,119,119,119,106,106,106,95,95,95,41,41,41,107,107,107,77,77,106,106,156,156,156,92,92,92,70,70,70,99,99,97,97,123,123,77,77,58,58,58,25,25,25,25,52,52,64,64,69,69,24,24,24,23,23,23,23,66,66,66,35,35,54,54,92,92,92,79,79,79,79,22,22,22,22,47,47,47,69,69,54,54,70,70,70,70,32,32,32,83,83,83,59,59,59,25,25,82,82,82,81,81,81,81,27,27,27,43,43,43,47,47,88,88,34,34,34,11,11,11,16,16,16,21,21,26,26,32,32,32,47,47,47,-4,-4,-4,-4,12,12,12,12,36,36,36,57,57,57,42,42,42,85,85,85,94,94,94,98,98,98,106,106,106,60,60,60,109,109,109,114,114,114,114,93,93,93,93,117,117,117,92,92,84,84,84,72,72,72,41,41,27,27,44,44,61,61,11,11,11,29,29,29,-6,-6,-6,-6,46,46,46,46,10,10,26,26,43,43,3,3,12,12,12,21,21,21,40,40,40,12,12,12,5,5,5,38,38,38,38,30,30,30,70,70,70,43,43,43,32,32,47,47,73,73,63,63,63,0,0,0,0,30,30,30,30,0,0,0,6,6,6,45,45,45,16,16,16,16,54,54,54,40,40,35,35,84,84,64,64,64,64,64,64,101,101,101,101,91,91,91,110,110,110,82,82,82,63,63,63,63,110,110,110,110,123,123,123,123,134,134,134,134,69,69,69,69,36,36,36,111,111,111,123,123,123,105
149,25.29200000000000159,70,-6,5,-6,-6,-14,-14,13,13,1,1,43,43,44,48,46,46,53,53,23,23,9,9,-6,-6,-7,-7,-25,-25,48,48,16,16,16,4,4,4,-31,-31,-31,-32,-32,-32,-15,-15,-15,-49,-49,-49,-7,-7,-2,-2,-47,-47,-49,-49,-49,-45,-45,-45,-26,-26,-26,-52,-52,-53,-53,-43,-43,-18,-18,-18,-30,-30,-30,-15,-15,-50,-50,-22,-22,-35,-35,-35,-28,-28,-46,-46,-1,-1,-22,-22,-22,-22,-22,2,2,2,10,10,-28,-21,-21,-22,-22,-9,-9,-9,7,7,-23,-23,6,6,-45,-45,10,10,-5,16,-27,-56,-79,-79,-57,-57,11,11,-26,-26,-26,-28,-28,-10,-10,-14,-14,-3,-3,-3,-41,-41,-41,-85,-85,-40,-40,-49,-49,-34,-34,7,7,7,-16,-16,1,1,-24,-24,22,22,8,8,-46,-46,-46,-37,-37,-49,-51,-51,27,27,-13,-13,-13,4,4,4,12,12,25,25,35,35,11,11,60,60,52,52,85,85,106,106,93,93,58,58,30,30,-2,-2,-2,1,1,19,19,-1,-1,29,29,-25,-25,-40,-40,44,-6,-1,-1,-28,-28,-16,-16,39,39,7,7,7,8,8,8,-15,-15,-15,-20,-20,-20,-1,-1,-1,9,9,56,56,35,35,56,56,40,40,40,57,57,57,88,88,88,82,82,126,126,126,96,96,96,71,71,71,1,1,1,60,60,60,58,58,84,84,116,116,116,47,47,47,91,91,91,68,68,77,77,102,102,88,88,60,60,60,-17,-17,-17,-17,47,47,43,43,34,34,5,5,5,-7,-7,-7,-7,3,3,3,21,21,30,30,62,62,62,48,48,48,48,-25,-25,-25,-25,18,18,18,61,61,61,61,10,10,10,10,24,24,24,42,42,42,44,44,44,9,9,57,57,57,36,36,36,36,14,14,14,-10,-10,-10,28,28,34,34,-11,-11,-11,-31,-31,-31,21,21,21,4,4,2,2,10,10,10,1,1,1,-11,-11,-11,-11,-20,-20,-20,-20,13,13,13,39,39,39,2,2,2,59,59,59,66,66,66,71,71,71,90,90,90,62,62,62,78,78,78,44,44,44,44,90,90,90,90,125,125,125,70,70,60,60,60,35,35,35,3,3,-6,-6,26,26,40,40,-49,-49,-49,-17,-17,-17,-18,-18,-18,-18,-4,-4,-4,-4,-27,-27,-3,-3,1,1,-6,-6,-25,-25,-25,9,9,9,28,28,28,12,12,12,-48,-48,-48,-9,-9,-9,-9,16,16,16,38,38,38,-14,-14,-14,-7,-7,-5,-5,29,29,46,46,46,-21,-21,-21,-21,-27,-27,-27,-27,-13,-13,-13,-9,-9,-9,-7,-7,-7,-2,-2,-2,-2,17,17,17,12,12,14,14,25,25,42,42,42,30,30,30,71,71,71,71,72,72,72,67,67,67,44,44,44,49,49,49,49,82,82,82,82,62,62,62,62,114,114,114,114,52,52,52,52,25,25,25,79,79,79,63,63,63,60
150,25.49200000000000443,60,-41,-58,-36,-36,-57,-57,-33,-33,-55,-55,23,23,6,15,-25,-25,-8,-8,-26,-26,-57,-57,-22,-22,-50,-50,-47,-47,-10,-10,-13,-13,-13,-27,-27,-27,-59,-59,-59,-70,-70,-70,-74,-74,-74,-82,-82,-82,-62,-62,-18,-18,-68,-68,-91,-91,-91,-94,-94,-94,-20,-20,-20,-94,-94,-63,-63,-76,-76,-35,-35,-35,-76,-76,-76,-60,-60,-58,-62,-50,-50,-82,-82,-82,-98,-98,-76,-76,-44,-44,-40,-40,-73,-73,-73,-46,-46,-46,-7,-7,-49,-78,-78,-45,-45,-50,-50,-50,-6,-6,-47,-47,-42,-42,-52,-52,-33,-33,-17,-45,-46,-49,-72,-72,-83,-83,-61,-61,-44,-44,-44,-63,-63,-56,-56,-41,-41,-42,-42,-42,-51,-51,-51,-94,-94,-62,-62,-38,-38,-44,-44,-51,-51,-51,-32,-32,-56,-56,-76,-76,-32,-32,-45,-45,-73,-73,-73,-50,-50,-62,-68,-68,-34,-34,-57,-57,-57,-45,-45,-45,-33,-33,-25,-25,-3,-3,-47,-47,16,16,31,31,14,14,56,56,68,68,26,26,4,4,-44,-44,-44,-47,-47,-6,-6,-33,-33,-52,-52,-41,-41,-55,-55,-7,-1,-9,-9,-70,-70,-79,-79,-11,-11,-42,-42,-42,-38,-38,-38,-53,-53,-53,-59,-59,-59,-33,-33,-33,-41,-41,-6,-6,0,0,36,36,19,19,19,43,43,43,56,56,56,40,40,68,68,68,47,47,47,25,25,25,-18,-18,-18,-18,-18,-18,-5,-5,34,34,89,89,89,5,5,5,21,21,21,39,39,29,29,62,62,63,63,17,17,17,-33,-33,-33,-33,-23,-23,-19,-19,25,25,11,11,11,-52,-52,-52,-52,-48,-48,-48,-22,-22,-20,-20,1,1,1,-32,-32,-32,-32,-60,-60,-60,-60,-55,-55,-55,1,1,-48,-48,-16,-16,-16,-16,-15,-15,-15,27,27,27,-7,-7,-7,-20,-20,23,23,23,-50,-50,-50,-50,-37,-37,-37,-63,-63,-63,-29,-29,-32,-32,-58,-58,-58,-39,-39,-39,-34,-34,-34,-35,-35,-28,-28,-42,-42,-42,-35,-35,-35,-22,-22,-22,-22,-54,-54,-54,-54,-35,-35,-35,-20,-20,-20,-35,-35,-35,-6,-6,-6,19,19,19,54,54,54,39,39,39,38,38,38,63,63,63,14,14,14,14,-5,-5,-5,-5,26,26,26,13,13,-21,-21,-21,-26,-26,-26,-58,-58,-27,-27,-54,-54,-18,-18,-57,-57,-57,-53,-53,-53,-79,-79,-79,-79,-60,-60,-60,-60,-66,-66,-46,-46,-42,-42,-37,-37,-40,-40,-40,-20,-20,-20,-86,-86,-86,-16,-16,-16,-64,-64,-64,-58,-58,-58,-58,-35,-35,-35,-60,-60,-60,-34,-34,-34,-35,-35,-40,-40,-35,-35,10,10,10,-25,-25,-25,-25,-22,-22,-22,-22,-75,-75,-75,-6,-6,-6,-28,-28,-28,-58,-58,-58,-58,4,4,4,-15,-15,-24,-24,-17,-17,14,14,14,7,7,7,13,13,13,13,29,29,29,21,21,21,7,7,7,-5,-5,-5,-5,-7,-7,-7,-7,1,1,1,1,44,44,44,44,14,14,14,14,-44,-44,-44,30,30,30,52,52,52,38
151,25.69200000000000372,-28,-79,-112,-112,-112,-116,-116,-54,-54,-74,-74,-22,-22,-58,-54,-46,-46,-45,-45,-94,-94,-79,-79,-43,-43,-67,-67,-62,-62,-37,-37,-43,-43,-43,-62,-62,-62,-87,-87,-87,-105,-105,-105,-82,-82,-82,-58,-58,-58,-77,-77,-54,-54,-110,-110,-110,-110,-110,-119,-119,-119,-48,-48,-48,-104,-104,-106,-106,-75,-75,-51,-51,-51,-91,-91,-91,-86,-86,-75,-71,-69,-69,-87,-87,-87,-96,-96,-99,-99,-76,-76,-65,-65,-78,-78,-78,-70,-70,-70,-15,-15,-72,-105,-105,-135,-135,-86,-86,-86,-76,-76,-88,-88,-46,-46,-57,-57,-46,-46,-29,-68,-58,-62,-43,-43,-90,-90,-72,-72,-65,-65,-65,-60,-60,-53,-53,-43,-43,-60,-60,-60,-42,-42,-42,-79,-79,-101,-101,-83,-83,-62,-62,-67,-67,-67,-84,-84,-67,-67,-90,-90,-85,-85,-74,-74,-88,-88,-88,-75,-75,-43,-145,-145,-89,-89,-80,-80,-80,-90,-90,-90,-85,-85,-59,-59,-62,-62,-43,-43,-42,-42,-58,-58,-27,-27,2,2,32,32,-28,-28,-56,-56,-47,-47,-47,-91,-91,-63,-63,-99,-99,-62,-62,-73,-73,-73,-73,-39,-49,-50,-50,-105,-105,-115,-115,-67,-67,-90,-90,-90,-82,-82,-82,-64,-64,-64,-89,-89,-89,-81,-81,-81,-96,-96,-65,-65,-46,-46,-28,-28,-25,-25,-25,-19,-19,-19,-11,-11,-11,-7,-7,24,24,24,-50,-50,-50,-33,-33,-33,-47,-47,-47,-84,-84,-84,-85,-85,-42,-42,35,35,35,-27,-27,-27,-35,-35,-35,-12,-12,-32,-32,-7,-7,12,12,-21,-21,-21,-60,-60,-60,-60,-45,-45,-16,-16,-43,-43,-8,-8,-8,-126,-126,-126,-126,-88,-88,-88,-64,-64,-71,-71,-65,-65,-65,-97,-97,-97,-97,-107,-107,-107,-107,-64,-64,-64,-69,-69,-62,-62,-56,-56,-56,-56,-84,-84,-84,-43,-43,-43,-40,-40,-40,-70,-70,-47,-47,-47,-116,-116,-116,-116,-44,-44,-44,-119,-119,-119,-77,-77,-68,-68,-89,-89,-89,-70,-70,-70,-70,-70,-70,-56,-56,-65,-65,-70,-70,-70,-60,-60,-60,-45,-45,-45,-45,-27,-27,-27,-27,-80,-80,-80,-101,-101,-101,-107,-107,-107,-69,-69,-69,-50,-50,-50,-11,-11,-11,-8,-8,-8,-61,-61,-61,28,28,28,-42,-42,-42,-42,-49,-49,-49,-49,-34,-34,-34,-67,-67,-99,-99,-99,-77,-77,-77,-98,-98,-79,-79,-57,-57,-56,-56,-98,-98,-98,-82,-82,-82,-99,-99,-99,-99,-86,-86,-86,-86,-74,-74,-55,-55,-79,-79,-76,-76,-73,-73,-73,-59,-59,-59,-104,-104,-104,-65,-65,-65,-117,-117,-117,-88,-88,-88,-88,-91,-91,-91,-79,-79,-79,-72,-72,-72,-97,-97,-86,-86,-78,-78,-42,-42,-42,-36,-36,-36,-36,-81,-81,-81,-81,-68,-68,-68,-68,-68,-68,-71,-71,-71,-85,-85,-85,-85,-48,-48,-48,-75,-75,-84,-84,-62,-62,-71,-71,-71,-38,-38,-38,-43,-43,-43,-43,-34,-34,-34,-30,-30,-30,-58,-58,-58,-68,-68,-68,-68,-33,-33,-33,-33,-11,-11,-11,-11,-5,-5,-5,-5,-43,-43,-43,-43,-64,-64,-64,-27,-27,-27,-11,-11,-11,-40
152,25.89200000000000301,-38,-110,-90,-114,-114,-99,-99,-92,-92,-72,-72,-44,-44,-39,-53,-82,-82,-104,-104,-94,-94,-82,-82,-66,-66,-100,-100,-95,-95,-60,-60,-74,-74,-74,-23,-23,-23,-83,-83,-83,-115,-115,-115,-71,-71,-71,-29,-29,-29,-112,-112,-57,-57,-96,-96,-109,-109,-109,-94,-94,-94,-59,-59,-59,-106,-106,-100,-100,-56,-56,-67,-67,-67,-63,-63,-63,-68,-68,-83,-80,-70,-70,-103,-103,-103,-140,-140,-98,-98,-51,-51,-73,-73,-82,-82,-82,-87,-87,-87,-23,-23,-102,-103,-103,-99,-99,-69,-69,-69,-94,-94,-94,-94,-88,-88,-72,-72,-36,-36,-46,-73,-63,-67,-42,-42,-57,-57,-59,-59,-43,-43,-43,-38,-38,-58,-58,-74,-74,-64,-64,-64,-75,-75,-75,-50,-50,-48,-48,-77,-77,-83,-83,-104,-104,-104,-110,-110,-102,-102,-110,-110,-114,-114,-85,-85,-88,-88,-88,-77,-77,-94,-141,-141,-123,-123,-90,-90,-90,-95,-95,-95,-115,-115,-142,-142,-84,-84,-101,-101,-112,-112,-72,-72,-64,-64,-30,-30,6,6,-61,-61,-62,-62,-58,-58,-58,-106,-106,-64,-64,-112,-112,-135,-135,-77,-77,-64,-64,-74,-56,-68,-68,-102,-102,-143,-143,-113,-113,-119,-119,-119,-127,-127,-127,-88,-88,-88,-126,-126,-126,-96,-96,-96,-115,-115,-91,-91,-112,-112,-97,-97,-64,-64,-64,-59,-59,-59,-63,-63,-63,-63,-63,-28,-28,-28,-68,-68,-68,-71,-71,-71,-81,-81,-81,-110,-110,-110,-110,-110,-99,-99,2,2,2,-68,-68,-68,-64,-64,-64,-42,-42,-79,-79,-40,-40,-53,-53,-68,-68,-68,-119,-119,-119,-119,-73,-73,-104,-104,-108,-108,-66,-66,-66,-144,-144,-144,-144,-144,-144,-144,-100,-100,-97,-97,-90,-90,-90,-94,-94,-94,-94,-102,-102,-102,-102,-105,-105,-105,-89,-89,-82,-82,-109,-109,-109,-109,-116,-116,-116,-100,-100,-100,-77,-77,-77,-81,-81,-76,-76,-76,-125,-125,-125,-125,-56,-56,-56,-116,-116,-116,-101,-101,-101,-101,-95,-95,-95,-97,-97,-97,-91,-91,-91,-77,-77,-74,-74,-100,-100,-100,-74,-74,-74,-63,-63,-63,-63,-69,-69,-69,-69,-98,-98,-98,-109,-109,-109,-113,-113,-113,-93,-93,-93,-78,-78,-78,-59,-59,-59,-60,-60,-60,-70,-70,-70,-51,-51,-51,-32,-32,-32,-32,-73,-73,-73,-73,-68,-68,-68,-117,-117,-148,-148,-148,-124,-124,-124,-109,-109,-108,-108,-91,-91,-103,-103,-117,-117,-117,-124,-124,-124,-93,-93,-93,-93,-99,-99,-99,-99,-104,-104,-70,-70,-84,-84,-77,-77,-75,-75,-75,-56,-56,-56,-103,-103,-103,-59,-59,-59,-96,-96,-96,-110,-110,-110,-110,-122,-122,-122,-115,-115,-115,-118,-118,-118,-114,-114,-119,-119,-99,-99,-120,-120,-120,-48,-48,-48,-48,-98,-98,-98,-98,-76,-76,-76,-92,-92,-92,-88,-88,-88,-99,-99,-99,-99,-67,-67,-67,-59,-59,-74,-74,-111,-111,-74,-74,-74,-56,-56,-56,-60,-60,-60,-60,-84,-84,-84,-82,-82,-82,-71,-71,-71,-85,-85,-85,-85,-90,-90,-90,-90,-30,-30,-30,-30,-58,-58,-58,-58,-67,-67,-67,-67,-70,-70,-70,-96,-96,-96,-78,-78,-78,-91
153,26.0920000000000023,-53,-74,-60,-75,-75,-80,-80,-56,-56,-64,-64,-84,-84,-72,-96,-64,-64,-73,-73,-69,-69,-53,-53,-38,-38,-68,-68,-44,-44,-47,-47,-46,-46,-46,-3,-3,-3,-48,-48,-48,-90,-90,-90,-39,-39,-39,-28,-28,-28,-96,-96,-51,-51,-89,-89,-53,-53,-53,-56,-56,-56,-30,-30,-30,-60,-60,-65,-65,-33,-33,-42,-42,-42,-41,-41,-41,-61,-61,-35,-72,-56,-56,-68,-68,-68,-89,-89,-56,-56,-33,-33,-33,-33,-57,-57,-57,-75,-75,-75,-65,-65,-88,-75,-75,-80,-80,-66,-66,-66,-81,-81,-85,-85,-41,-41,-22,-22,-56,-56,-15,-49,-59,-28,-15,-15,-9,-9,-20,-20,-12,-12,-12,-18,-18,-41,-41,-44,-44,-44,-44,-44,-15,-15,-15,-67,-67,-31,-31,-58,-58,-61,-61,-86,-86,-86,-96,-96,-89,-89,-79,-79,-107,-107,-76,-76,-41,-41,-41,-47,-47,-48,-89,-89,-63,-63,-40,-40,-40,-94,-94,-94,-97,-97,-100,-100,-70,-70,-83,-83,-85,-85,-77,-77,-76,-76,-43,-43,2,2,-56,-56,-34,-34,-58,-58,-58,-103,-103,-48,-48,-104,-104,-110,-110,-46,-46,-32,-32,-47,-57,-71,-71,-66,-66,-84,-84,-110,-110,-83,-83,-83,-122,-122,-122,-78,-78,-78,-79,-79,-79,-89,-89,-89,-90,-90,-118,-118,-122,-122,-105,-105,-69,-69,-69,-41,-41,-41,-50,-50,-50,-30,-30,-62,-62,-62,-86,-86,-86,-58,-58,-58,-75,-75,-75,-101,-101,-101,-123,-123,-98,-98,-65,-65,-65,-87,-87,-87,-89,-89,-89,-31,-31,-31,-31,-75,-75,-44,-44,-44,-44,-44,-49,-49,-49,-49,-56,-56,-86,-86,-89,-89,-95,-95,-95,-96,-96,-96,-96,-95,-95,-95,-94,-94,-94,-94,-119,-119,-119,-103,-103,-103,-103,-80,-80,-80,-80,-110,-110,-110,-60,-60,-38,-38,-50,-50,-50,-50,-96,-96,-96,-101,-101,-101,-60,-60,-60,-62,-62,-55,-55,-55,-81,-81,-81,-81,-44,-44,-44,-112,-112,-112,-61,-61,-89,-89,-64,-64,-64,-48,-48,-48,-69,-69,-69,-74,-74,-67,-67,-89,-89,-89,-83,-83,-83,-39,-39,-39,-39,-54,-54,-54,-54,-94,-94,-94,-79,-79,-79,-107,-107,-107,-91,-91,-91,-54,-54,-54,-57,-57,-57,-82,-82,-82,-59,-59,-59,-56,-56,-56,12,12,12,12,-54,-54,-54,-54,-78,-78,-78,-122,-122,-150,-150,-150,-101,-101,-101,-128,-128,-110,-110,-73,-73,-60,-60,-85,-85,-85,-89,-89,-89,-64,-64,-64,-64,-77,-77,-77,-77,-57,-57,-52,-52,-101,-101,-50,-50,-46,-46,-46,-10,-10,-10,-81,-81,-81,-56,-56,-56,-51,-51,-51,-97,-97,-97,-97,-97,-97,-97,-73,-73,-73,-117,-117,-117,-97,-97,-103,-103,-113,-113,-86,-86,-86,-52,-52,-52,-52,-46,-46,-46,-46,-96,-96,-96,-88,-88,-88,-53,-53,-53,-48,-48,-48,-48,-89,-89,-89,-72,-72,-68,-68,-97,-97,-74,-74,-74,-66,-66,-66,-46,-46,-46,-46,-68,-68,-68,-97,-97,-97,-83,-83,-83,-77,-77,-77,-77,-73,-73,-73,-73,-14,-14,-14,-14,-43,-43,-43,-43,-43,-43,-43,-43,-44,-44,-44,-108,-108,-108,-49,-49,-49,-106
154,26.29200000000000159,-49,-37,10,-3,-3,-27,-27,-44,-44,-37,-37,-67,-67,-36,-27,-50,-50,-44,-44,-13,-13,2,2,4,4,5,5,5,5,-39,-39,-31,-31,-31,18,18,18,-4,-4,-4,21,21,21,5,5,5,-11,-11,-11,9,9,-9,-9,-6,-6,-19,-19,-19,1,1,1,-11,-11,-11,16,16,-5,-5,30,30,-15,-15,-15,-6,-6,-6,3,3,-3,-8,17,17,-9,-9,-9,-54,-54,2,2,-4,-4,-7,-7,3,3,3,-55,-55,-55,-40,-40,-42,6,6,-40,-40,0,0,0,-11,-11,3,3,-3,-3,25,25,32,32,14,-1,15,31,43,43,29,29,-29,-29,13,13,13,-9,-9,51,51,39,39,0,0,0,18,18,18,39,39,-4,-4,-10,-10,13,13,-45,-45,-45,-56,-56,-56,-56,-17,-17,-50,-50,-32,-32,8,8,8,-5,-5,7,-29,-29,-48,-48,0,0,0,-42,-42,-42,-34,-34,-73,-73,-35,-35,-18,-18,-48,-48,-40,-40,-31,-31,-9,-9,8,8,-12,-12,-30,-30,17,17,17,-57,-57,-17,-17,-26,-26,-42,-42,29,29,-3,-3,-13,-7,-6,-6,6,6,-39,-39,-67,-67,-40,-40,-40,-57,-57,-57,-29,-29,-29,-29,-29,-29,-38,-38,-38,-58,-58,-65,-65,-43,-43,-47,-47,-16,-16,-16,-37,-37,-37,-28,-28,-28,-27,-27,-43,-43,-43,-49,-49,-49,-49,-49,-49,-1,-1,-1,-62,-62,-62,-54,-54,-49,-49,-60,-60,-60,-33,-33,-33,-47,-47,-47,14,14,-25,-25,-51,-51,-11,-11,-8,-8,-8,-35,-35,-35,-35,-38,-38,-88,-88,-55,-55,-20,-20,-20,-41,-41,-41,-41,-69,-69,-69,-43,-43,-52,-52,-81,-81,-81,-66,-66,-66,-66,-10,-10,-10,-10,-46,-46,-46,-16,-16,-7,-7,-43,-43,-43,-43,-67,-67,-67,-74,-74,-74,-25,-25,-25,-9,-9,-22,-22,-22,-37,-37,-37,-37,-13,-13,-13,-56,-56,-56,-27,-27,-46,-46,-41,-41,-41,2,2,2,-32,-32,-32,-50,-50,-40,-40,-53,-53,-53,-39,-39,-39,14,14,14,14,15,15,15,15,-32,-32,-32,-40,-40,-40,-19,-19,-19,-39,-39,-39,-36,-36,-36,-37,-37,-37,-39,-39,-39,-24,-24,-24,-38,-38,-38,19,19,19,19,-25,-25,-25,-25,-23,-23,-23,-78,-78,-110,-110,-110,-70,-70,-70,-66,-66,-79,-79,-35,-35,-26,-26,-33,-33,-33,-43,-43,-43,-7,-7,-7,-7,-14,-14,-14,-14,-16,-16,-16,-16,-54,-54,-10,-10,-7,-7,-7,19,19,19,-25,-25,-25,-10,-10,-10,28,28,28,-23,-23,-23,-23,-28,-28,-28,-68,-68,-68,-42,-42,-42,-27,-27,-72,-72,-53,-53,-53,-53,-53,-16,-16,-16,-16,-26,-26,-26,-26,-41,-41,-41,-41,-41,-41,-36,-36,-36,-31,-31,-31,-31,-44,-44,-44,-43,-43,-33,-33,-42,-42,-56,-56,-56,-40,-40,-40,-59,-59,-59,-59,-36,-36,-36,-60,-60,-60,-34,-34,-34,-48,-48,-48,-48,-47,-47,-47,-47,-2,-2,-2,-2,-10,-10,-10,-10,-11,-11,-11,-11,-20,-20,-20,-75,-75,-75,-48,-48,-48,-89
155,26.49200000000000443,-32,6,23,-26,-26,31,31,13,13,17,17,-15,-15,-3,15,-33,-33,-10,-10,8,8,41,41,47,47,34,34,50,50,25,25,39,39,39,47,47,47,62,62,62,58,58,58,37,37,37,50,50,50,34,34,40,40,53,53,23,23,23,72,72,72,25,25,25,52,52,28,28,21,21,44,44,44,47,47,47,18,18,61,69,79,79,14,14,14,25,25,47,47,7,7,28,28,45,45,45,-11,-11,-11,-6,-6,50,84,84,29,29,49,49,49,24,24,49,49,52,52,53,53,9,9,51,29,63,71,92,92,106,106,40,40,32,32,32,81,81,40,40,62,62,48,48,48,59,59,59,100,100,42,42,37,37,23,23,15,15,15,11,11,-2,-2,45,45,37,37,11,11,30,30,30,50,50,50,48,48,24,24,51,51,51,-7,-7,-7,16,16,1,1,25,25,20,20,19,19,25,25,-2,-2,10,10,-13,-13,13,13,19,19,57,57,57,16,16,25,25,0,0,18,18,56,56,72,72,35,51,37,37,46,46,13,13,-6,-6,14,14,14,29,29,29,43,43,43,34,34,34,-10,-10,-10,-13,-13,-23,-23,-10,-10,28,28,29,29,29,28,28,28,13,13,13,18,18,-41,-41,-41,-33,-33,-33,-16,-16,-16,6,6,6,-24,-24,-24,12,12,17,17,-21,-21,-21,-7,-7,-7,-1,-1,-1,32,32,8,8,-53,-53,18,18,10,10,10,-20,-20,-20,-20,-10,-10,-29,-29,2,2,23,23,23,-10,-10,-10,-10,-40,-40,-40,36,36,7,7,-7,-7,-7,-29,-29,-29,-29,32,32,32,32,25,25,25,43,43,22,22,0,0,0,0,3,3,3,-47,-47,-47,-12,-12,-12,20,20,10,10,10,-17,-17,-17,-17,7,7,7,16,16,16,6,6,-9,-9,7,7,7,42,42,42,-1,-1,-1,-16,-16,7,7,7,7,7,4,4,4,50,50,50,50,34,34,34,34,20,20,20,7,7,7,21,21,21,7,7,7,19,19,19,22,22,22,6,6,6,31,31,31,24,24,24,35,35,35,35,16,16,16,16,1,1,1,-30,-30,-55,-55,-55,-46,-46,-46,-12,-12,-23,-23,-2,-2,11,11,30,30,30,17,17,17,57,57,57,57,18,18,18,18,35,35,0,0,-17,-17,24,24,31,31,31,32,32,32,21,21,21,26,26,26,44,44,44,5,5,5,5,-6,-6,-6,-13,-13,-13,-14,-14,-14,20,20,-22,-22,-4,-4,-6,-6,-6,23,23,23,23,10,10,10,10,-18,-18,-18,-3,-3,-3,-6,-6,-6,16,16,16,16,-8,-8,-8,-9,-9,26,26,20,20,-4,-4,-4,-36,-36,-36,6,6,6,6,-16,-16,-16,-34,-34,-34,-54,-54,-54,-19,-19,-19,-19,-3,-3,-3,-3,30,30,30,30,1,1,1,1,14,14,14,14,13,13,13,-37,-37,-37,-30,-30,-30,-69
156,26.69200000000000372,-11,55,40,37,37,42,42,45,45,32,32,-12,-12,-8,39,-8,-8,-10,-10,15,15,68,68,66,66,80,80,68,68,46,46,36,36,36,73,73,73,115,115,115,64,64,64,50,50,50,77,77,77,57,57,55,55,79,79,79,79,79,81,81,81,5,5,5,71,71,45,45,63,63,41,41,41,37,37,37,40,40,70,100,65,65,34,34,34,18,18,56,56,12,12,14,14,47,47,47,48,48,48,10,10,105,106,106,58,58,35,35,35,58,58,70,70,44,44,34,34,25,25,36,45,82,92,119,119,124,124,52,52,50,50,50,87,87,65,65,87,87,83,83,83,86,86,86,104,104,84,84,23,23,36,36,52,52,52,53,53,52,52,89,89,66,66,28,28,53,53,53,69,69,111,128,128,68,68,33,33,33,79,79,79,64,64,67,67,58,58,57,57,3,3,35,35,23,23,3,3,29,29,27,27,45,45,72,72,72,42,42,39,39,56,56,28,28,67,67,27,27,24,80,91,91,68,68,51,51,38,38,44,44,44,47,47,47,77,77,77,74,74,74,53,53,53,25,25,30,30,31,31,34,34,37,37,37,14,14,14,45,45,45,5,5,-7,-7,-7,-4,-4,-4,12,12,12,36,36,36,53,53,53,57,57,48,48,-34,-34,-34,21,21,21,21,21,21,8,8,8,8,-9,-9,3,3,37,37,37,25,25,25,25,24,24,45,45,42,42,30,30,30,46,46,46,46,7,7,7,11,11,25,25,12,12,12,6,6,6,6,41,41,41,41,55,55,55,33,33,34,34,46,46,46,46,19,19,19,-24,-24,-24,-1,-1,-1,56,56,15,15,15,5,5,5,5,13,13,13,-1,-1,-1,18,18,12,12,29,29,29,51,51,51,41,41,41,39,39,44,44,49,49,49,28,28,28,32,32,32,32,57,57,57,57,17,17,17,22,22,22,31,31,31,42,42,42,25,25,25,46,46,46,13,13,13,23,23,23,43,43,43,61,61,61,61,39,39,39,39,10,10,10,2,2,-19,-19,-19,-5,-5,-5,30,30,7,7,14,14,48,48,79,79,79,63,63,63,60,60,60,60,35,35,35,35,72,72,29,29,16,16,30,30,58,58,58,25,25,25,33,33,33,-3,-3,-3,34,34,34,33,33,33,33,21,21,21,5,5,5,40,40,40,30,30,43,43,43,43,37,37,37,26,26,26,26,43,43,43,43,31,31,31,18,18,18,23,23,23,52,52,52,52,18,18,18,23,23,46,46,52,52,16,16,16,-5,-5,-5,-15,-15,-15,-15,-26,-26,-26,-17,-17,-17,-29,-29,-29,-9,-9,-9,-9,-36,-36,-36,-36,40,40,40,40,-27,-27,-27,-27,17,17,17,17,39,39,39,6,6,6,-62,-62,-62,-63
157,26.89200000000000301,22,53,90,42,42,78,78,47,47,68,68,12,12,14,20,7,7,10,10,39,39,65,65,58,58,93,93,79,79,37,37,83,83,83,85,85,85,83,83,83,56,56,56,67,67,67,103,103,103,68,68,60,60,95,95,91,91,91,80,80,80,35,35,35,81,81,71,71,50,50,41,41,41,90,90,90,57,57,52,102,31,31,62,62,62,75,75,50,50,2,2,35,35,77,77,77,68,68,68,66,66,84,93,93,72,72,46,46,46,46,46,68,68,15,15,60,60,21,21,17,63,73,66,88,88,84,84,53,53,68,68,68,42,42,76,76,62,62,82,82,82,96,96,96,136,136,104,104,81,81,63,63,59,59,59,72,72,85,85,110,110,91,91,64,64,47,47,47,91,91,91,86,86,56,56,72,72,72,86,86,86,53,53,67,67,64,64,89,89,-7,-7,16,16,36,36,50,50,35,35,32,32,26,26,62,62,62,73,73,40,40,46,46,41,41,57,57,37,37,12,73,85,85,91,91,70,70,60,60,60,60,60,82,82,82,56,56,56,100,100,100,63,63,63,60,60,39,39,12,12,26,26,7,7,7,14,14,14,5,5,5,15,15,-8,-8,-8,-3,-3,-3,6,6,6,67,67,67,98,98,98,60,60,42,42,-48,-48,-48,70,70,70,23,23,23,15,15,-16,-16,-23,-23,-7,-7,30,30,30,69,69,69,69,59,59,59,59,44,44,26,26,26,47,47,47,47,66,66,66,58,58,43,43,37,37,37,27,27,27,27,74,74,74,74,77,77,77,61,61,37,37,25,25,25,25,60,60,60,17,17,17,5,5,5,49,49,28,28,28,32,32,32,32,-10,-10,-10,40,40,40,50,50,17,17,70,70,70,58,58,58,49,49,49,43,43,55,55,55,55,55,66,66,66,80,80,80,80,73,73,73,73,37,37,37,47,47,47,30,30,30,46,46,46,44,44,44,55,55,55,14,14,14,25,25,25,65,65,65,56,56,56,56,54,54,54,54,8,8,8,-11,-11,40,40,40,22,22,22,73,73,39,39,49,49,56,56,92,92,92,63,63,63,114,114,114,114,87,87,87,87,73,73,44,44,56,56,31,31,64,64,64,11,11,11,52,52,52,16,16,16,25,25,25,60,60,60,60,61,61,61,74,74,74,28,28,28,58,58,67,67,58,58,37,37,37,47,47,47,47,73,73,73,73,67,67,67,54,54,54,51,51,51,73,73,73,73,46,46,46,64,64,31,31,51,51,42,42,42,33,33,33,-7,-7,-7,-7,-5,-5,-5,-30,-30,-30,-1,-1,-1,-18,-18,-18,-18,-10,-10,-10,-10,9,9,9,9,-6,-6,-6,-6,10,10,10,10,45,45,45,38,38,38,-12,-12,-12,-25
158,27.0920000000000023,6,6,49,51,51,99,99,45,45,84,84,16,16,43,53,66,66,50,50,66,66,53,53,82,82,107,107,78,78,70,70,70,70,70,58,58,58,112,112,112,79,79,79,51,51,51,54,54,54,71,71,49,49,65,65,87,87,87,73,73,73,71,71,71,77,77,53,53,54,54,34,34,34,68,68,68,52,52,83,34,57,57,71,71,71,62,62,71,71,46,46,42,42,103,103,103,118,118,118,93,93,111,107,107,111,111,21,21,21,57,57,88,88,9,9,41,41,34,34,27,49,66,72,55,55,60,60,79,79,35,35,35,51,51,26,26,32,32,79,79,79,82,82,82,93,93,76,76,64,64,97,97,68,68,68,117,117,83,83,116,116,100,100,94,94,72,72,72,82,82,93,118,118,75,75,78,78,78,112,112,112,101,101,97,97,80,80,65,65,20,20,29,29,23,23,-2,-2,48,48,62,62,79,79,59,59,59,107,107,77,77,77,77,63,63,49,49,45,45,15,64,61,61,91,91,73,73,83,83,81,81,81,98,98,98,52,52,52,104,104,104,78,78,78,74,74,46,46,17,17,-14,-14,1,1,1,0,0,0,62,62,62,54,54,16,16,16,5,5,5,37,37,37,91,91,91,124,124,124,101,101,37,37,-62,-62,-62,52,52,52,36,36,36,15,15,-1,-1,-36,-36,-22,-22,25,25,25,89,89,89,89,66,66,87,87,8,8,38,38,38,41,41,41,41,65,65,65,42,42,47,47,40,40,40,79,79,79,79,85,85,85,85,88,88,88,28,28,70,70,88,88,88,88,117,117,117,53,53,53,21,21,21,59,59,20,20,20,59,59,59,59,36,36,36,86,86,86,60,60,24,24,82,82,82,69,69,69,49,49,49,90,90,65,65,81,81,81,74,74,74,95,95,95,95,65,65,65,65,69,69,69,42,42,42,48,48,48,34,34,34,60,60,60,35,35,35,26,26,26,36,36,36,49,49,49,87,87,87,87,84,84,84,84,26,26,26,25,25,44,44,44,81,81,81,105,105,94,94,66,66,77,77,136,136,136,115,115,115,123,123,123,123,106,106,106,106,125,125,51,51,46,46,46,46,75,75,75,19,19,19,68,68,68,58,58,58,63,63,63,74,74,74,74,73,73,73,71,71,71,76,76,76,89,89,88,88,52,52,21,21,21,61,61,61,61,87,87,87,87,96,96,96,50,50,50,39,39,39,86,86,86,86,67,67,67,61,61,71,71,82,82,52,52,52,13,13,13,24,24,24,24,5,5,5,2,2,2,13,13,13,14,14,14,14,11,11,11,11,22,22,22,22,35,35,35,35,41,41,41,41,33,33,33,72,72,72,29,29,29,21
159,27.29200000000000159,40,57,83,72,72,98,98,93,93,99,99,98,98,88,104,102,102,95,95,125,125,97,97,80,80,87,87,91,91,83,83,104,104,104,112,112,112,113,113,113,52,52,52,60,60,60,86,86,86,90,90,57,57,103,103,80,80,80,64,64,64,121,121,121,107,107,82,82,56,56,56,56,56,72,72,72,56,56,43,46,54,54,90,90,90,116,116,88,88,59,59,69,69,118,118,118,128,128,128,114,114,132,87,87,147,147,66,66,66,96,96,84,84,67,67,46,46,36,36,37,68,83,76,48,48,17,17,72,72,89,89,89,56,56,32,32,36,36,62,62,62,92,92,92,113,113,108,108,93,93,97,97,87,87,87,100,100,104,104,125,125,106,106,120,120,89,89,89,109,109,89,119,119,71,71,102,102,102,139,139,139,141,141,131,131,92,92,108,108,73,73,86,86,61,61,75,75,84,84,121,121,118,118,84,84,84,142,142,114,114,134,134,110,110,75,75,48,48,80,66,76,76,76,76,134,134,135,135,122,122,122,91,91,91,91,91,91,131,131,131,120,120,120,111,111,109,109,63,63,29,29,51,51,51,70,70,70,113,113,113,125,125,57,57,57,73,73,73,82,82,82,90,90,90,136,136,136,130,130,81,81,15,15,15,104,104,104,89,89,89,71,71,45,45,18,18,30,30,98,98,98,98,98,98,98,123,123,98,98,45,45,62,62,62,87,87,87,87,108,108,108,79,79,97,97,82,82,82,94,94,94,94,101,101,101,101,95,95,95,80,80,109,109,104,104,104,104,151,151,151,79,79,79,55,55,55,53,53,57,57,57,121,121,121,121,77,77,77,162,162,162,95,95,87,87,128,128,128,59,59,59,99,99,99,128,128,98,98,114,114,114,109,109,109,103,103,103,103,104,104,104,104,111,111,111,94,94,94,117,117,117,86,86,86,114,114,114,89,89,89,79,79,79,86,86,86,125,125,125,129,129,129,129,136,136,136,136,56,56,56,74,74,101,101,101,122,122,122,160,160,123,123,122,122,119,119,140,140,140,138,138,138,113,113,113,113,127,127,127,127,136,136,74,74,96,96,77,77,97,97,97,46,46,46,93,93,93,83,83,83,74,74,74,125,125,125,125,129,129,129,141,141,141,141,141,141,142,142,119,119,79,79,57,57,57,101,101,101,101,143,143,143,143,114,114,114,100,100,100,91,91,91,109,109,109,109,87,87,87,117,117,60,60,84,84,101,101,101,103,103,103,53,53,53,53,60,60,60,68,68,68,56,56,56,93,93,93,93,77,77,77,77,57,57,57,57,74,74,74,74,44,44,44,44,80,80,80,109,109,109,72,72,72,51
160,27.49200000000000443,16,80,114,108,108,142,142,115,115,112,112,137,137,144,118,129,129,97,97,141,141,73,73,80,80,95,95,90,90,87,87,104,104,104,67,67,67,110,110,110,93,93,93,97,97,97,65,65,65,75,75,93,93,88,88,97,97,97,71,71,71,123,123,123,126,126,98,98,83,83,92,92,92,60,60,60,86,86,64,67,123,123,64,64,64,117,117,108,108,104,104,81,81,123,123,123,142,142,142,166,166,131,107,107,164,164,123,123,123,115,115,112,112,72,72,60,60,82,82,57,103,80,82,64,64,26,26,79,79,72,72,72,106,106,65,65,97,97,94,94,94,87,87,87,121,121,110,110,103,103,108,108,125,125,125,142,142,108,108,110,110,133,133,168,168,99,99,99,92,92,95,118,118,113,113,128,128,128,160,160,160,145,145,165,165,134,134,153,153,134,134,135,135,123,123,137,137,153,153,151,151,158,158,130,130,130,189,189,148,148,171,171,160,160,107,107,78,78,116,100,91,91,86,86,149,149,157,157,163,163,163,150,150,150,119,119,119,159,159,159,163,163,163,143,143,159,159,141,141,101,101,124,124,124,121,121,121,165,165,165,184,184,142,142,142,155,155,155,176,176,176,167,167,167,173,173,173,167,167,129,129,82,82,82,187,187,187,138,138,138,117,117,109,109,85,85,91,91,97,97,97,171,171,171,171,166,166,137,137,100,100,109,109,109,102,102,102,102,141,141,141,95,95,101,101,128,128,128,134,134,134,134,154,154,154,154,134,134,134,109,109,132,132,130,130,130,130,146,146,146,134,134,134,119,119,119,102,102,103,103,103,175,175,175,175,106,106,106,154,154,154,132,132,108,108,137,137,137,77,77,77,138,138,138,129,129,121,121,147,147,147,158,158,158,137,137,137,137,141,141,141,141,151,151,151,160,160,160,156,156,156,123,123,123,168,168,168,125,125,125,133,133,133,158,158,158,193,193,193,175,175,175,175,207,207,207,207,132,132,132,135,135,188,188,188,183,183,183,171,171,162,162,147,147,154,154,153,153,153,165,165,165,134,134,134,134,141,141,141,141,150,150,108,108,135,135,96,96,125,125,125,95,95,95,118,118,118,118,118,118,99,99,99,148,148,148,148,156,156,156,174,174,174,194,194,194,169,169,182,182,125,125,140,140,140,91,91,91,91,147,147,147,147,142,142,142,112,112,112,121,121,121,168,168,168,168,164,164,164,147,147,118,118,141,141,116,116,116,160,160,160,132,132,132,132,123,123,123,119,119,119,125,125,125,148,148,148,148,128,128,128,128,80,80,80,80,134,134,134,134,104,104,104,104,119,119,119,118,118,118,97,97,97,143
161,27.69200000000000372,52,68,98,140,140,104,104,129,129,109,109,126,126,143,117,114,114,106,106,124,124,80,80,50,50,106,106,82,82,109,109,105,105,105,80,80,80,94,94,94,70,70,70,74,74,74,63,63,63,94,94,48,48,110,110,89,89,89,57,57,57,96,96,96,96,96,111,111,87,87,83,83,83,76,76,76,92,92,96,33,71,71,100,100,100,114,114,91,91,106,106,103,103,120,120,120,140,140,140,138,138,133,97,97,155,155,106,106,106,104,104,115,115,113,113,59,59,81,81,67,131,71,60,48,48,31,31,70,70,43,43,43,85,85,73,73,86,86,72,72,72,93,93,93,117,117,105,105,118,118,114,114,157,157,157,133,133,134,134,97,97,110,110,147,147,92,92,92,97,97,72,122,122,139,139,116,116,116,150,150,150,143,143,148,148,156,156,158,158,191,191,184,184,190,190,186,186,181,181,176,176,184,184,143,143,143,178,178,157,157,177,177,195,195,138,138,113,113,160,119,94,94,109,109,172,172,194,194,194,194,194,149,149,149,120,120,120,155,155,155,167,167,167,179,179,204,204,165,165,170,170,183,183,183,161,161,161,203,203,203,203,203,184,184,184,188,188,188,189,189,189,154,154,154,217,217,217,156,156,161,161,160,160,160,218,218,218,174,174,174,188,188,167,167,109,109,116,116,153,153,153,180,180,180,180,185,185,165,165,116,116,124,124,124,170,170,170,170,187,187,187,141,141,150,150,171,171,171,132,132,132,132,145,145,145,145,159,159,159,179,179,160,160,138,138,138,138,160,160,160,167,167,167,154,154,154,129,129,139,139,139,173,173,173,173,142,142,142,176,176,176,156,156,130,130,140,140,140,93,93,93,151,151,151,142,142,153,153,149,149,149,154,154,154,146,146,146,146,140,140,140,140,165,165,165,183,183,183,142,142,142,197,197,197,181,181,181,165,165,165,171,171,171,209,209,209,261,261,261,230,230,230,230,232,232,232,232,185,185,185,207,207,218,218,218,189,189,189,176,176,187,187,173,173,195,195,151,151,151,161,161,161,128,128,128,128,137,137,137,137,125,125,109,109,146,146,116,116,144,144,144,130,130,130,136,136,136,155,155,155,128,128,128,179,179,179,179,191,191,191,187,187,187,193,193,193,162,162,179,179,128,128,164,164,164,118,118,118,118,141,141,141,141,155,155,155,154,154,154,171,171,171,178,178,178,178,171,171,171,174,174,168,168,163,163,154,154,154,190,190,190,184,184,184,184,172,172,172,181,181,181,144,144,144,163,163,163,163,158,158,158,158,101,101,101,101,118,118,118,118,156,156,156,156,153,153,153,143,143,143,126,126,126,169
162,27.89200000000000301,110,68,52,90,90,114,114,96,96,61,61,176,176,138,99,88,88,89,89,80,80,21,21,18,18,47,47,53,53,98,98,72,72,72,37,37,37,31,31,31,71,71,71,66,66,66,18,18,18,75,75,79,79,83,83,66,66,66,41,41,41,85,85,85,61,61,59,59,68,68,74,74,74,52,52,52,83,83,35,33,30,30,75,75,75,69,69,47,47,69,69,58,58,56,56,56,104,104,104,113,113,90,66,66,97,97,77,77,77,64,64,48,48,105,105,57,57,94,94,70,70,34,53,4,4,-6,-6,49,49,35,35,35,73,73,62,62,60,60,81,81,81,71,71,71,73,73,72,72,109,109,109,109,90,90,90,86,86,91,91,39,39,100,100,108,108,77,77,77,73,73,78,98,98,109,109,81,81,81,126,126,126,133,133,128,128,132,132,152,152,191,191,210,210,203,203,201,201,198,198,166,166,170,170,133,133,133,164,164,145,145,139,139,150,150,103,103,100,100,145,91,93,93,106,106,154,154,173,173,156,156,156,152,152,152,122,122,122,121,121,121,149,149,149,165,165,166,166,174,174,175,175,181,181,181,171,171,171,211,211,211,218,218,196,196,196,190,190,190,192,192,192,146,146,146,176,176,176,157,157,185,185,162,162,162,181,181,181,182,182,182,173,173,166,166,116,116,105,105,175,175,175,146,146,146,146,160,160,152,152,143,143,139,139,139,158,158,158,158,180,180,180,147,147,139,139,165,165,165,169,169,169,169,136,136,136,136,122,122,122,143,143,149,149,125,125,125,125,139,139,139,153,153,153,138,138,138,144,144,130,130,130,144,144,144,144,140,140,140,135,135,135,132,132,128,128,127,127,127,129,129,129,142,142,142,147,147,137,137,132,132,132,150,150,150,116,116,116,116,126,126,126,126,153,153,153,159,159,159,150,150,150,201,201,201,165,165,165,194,194,194,187,187,187,183,183,183,264,264,264,232,232,232,232,211,211,211,211,225,225,225,199,199,192,192,192,187,187,187,158,158,169,169,175,175,177,177,136,136,136,155,155,155,91,91,91,91,113,113,113,113,106,106,119,119,129,129,93,93,120,120,120,126,126,126,107,107,107,131,131,131,133,133,133,142,142,142,142,140,140,140,142,142,142,157,157,157,145,145,155,155,118,118,157,157,157,114,114,114,114,128,128,128,128,147,147,147,136,136,136,142,142,142,148,148,148,148,189,189,189,169,169,165,165,208,208,166,166,166,164,164,164,126,126,126,126,166,166,166,190,190,190,171,171,171,147,147,147,147,145,145,145,145,120,120,120,120,180,180,180,180,154,154,154,154,159,159,159,134,134,134,171,171,171,192
163,28.0920000000000023,97,26,33,59,59,74,74,65,65,50,50,95,95,77,60,64,64,49,49,24,24,-4,-4,7,7,6,6,-18,-18,50,50,28,28,28,17,17,17,9,9,9,27,27,27,27,27,27,30,30,30,55,55,33,33,50,50,36,36,36,-2,-2,-2,22,22,22,15,15,9,9,7,7,19,19,19,16,16,16,45,45,12,23,28,28,12,12,12,54,54,9,9,44,44,33,33,18,18,18,46,46,46,69,69,22,48,48,15,15,38,38,38,52,52,8,8,42,42,39,39,42,42,61,29,24,-9,-39,-39,-16,-16,39,39,-8,-8,-8,37,37,35,35,1,1,30,30,30,45,45,45,15,15,17,17,62,62,52,52,83,83,83,57,57,42,42,19,19,50,50,55,55,48,48,48,18,18,35,40,40,51,51,49,49,49,75,75,75,79,79,86,86,85,85,155,155,148,148,167,167,186,186,178,178,185,185,164,164,150,150,122,122,122,102,102,78,78,77,77,103,103,93,93,68,68,123,64,75,75,79,79,71,71,137,137,113,113,113,105,105,105,97,97,97,72,72,72,106,106,106,119,119,140,140,143,143,131,131,145,145,145,152,152,152,162,162,162,161,161,170,170,170,143,143,143,156,156,156,129,129,129,132,132,132,95,95,132,132,127,127,127,153,153,153,137,137,137,149,149,143,143,109,109,101,101,76,76,76,99,99,99,99,132,132,143,143,148,148,89,89,89,163,163,163,163,168,168,168,130,130,134,134,133,133,133,110,110,110,110,115,115,115,115,111,111,111,130,130,103,103,84,84,84,84,130,130,130,130,130,130,119,119,119,89,89,76,76,76,94,94,94,94,131,131,131,73,73,73,91,91,111,111,107,107,107,114,114,114,121,121,121,111,111,91,91,94,94,94,100,100,100,78,78,78,78,69,69,69,69,120,120,120,119,119,119,120,120,120,197,197,197,132,132,132,178,178,178,153,153,153,182,182,182,257,257,257,216,216,216,216,147,147,147,147,177,177,177,141,141,171,171,171,125,125,125,89,89,134,134,129,129,128,128,81,81,81,105,105,105,57,57,57,57,101,101,101,101,67,67,61,61,90,90,83,83,79,79,79,106,106,106,72,72,72,83,83,83,102,102,102,103,103,103,103,99,99,99,110,110,110,123,123,123,110,110,114,114,102,102,139,139,139,76,76,76,76,79,79,79,79,91,91,91,99,99,99,94,94,94,109,109,109,109,133,133,133,132,132,133,133,154,154,139,139,139,159,159,159,128,128,128,128,142,142,142,173,173,173,108,108,108,109,109,109,109,144,144,144,144,97,97,97,97,136,136,136,136,108,108,108,108,129,129,129,95,95,95,157,157,157,158
164,28.29200000000000159,59,13,23,-9,-9,20,20,17,17,-10,-10,19,19,39,26,26,26,-5,-5,2,2,-42,-42,-27,-27,-37,-37,-45,-45,-5,-5,-10,-10,-10,-34,-34,-34,-30,-30,-30,-18,-18,-18,25,25,25,-11,-11,-11,12,12,29,29,-21,-21,28,28,28,-15,-15,-15,-8,-8,-8,-17,-17,-9,-9,-18,-18,1,1,1,32,32,32,1,1,-8,-26,-34,-34,-5,-5,-5,-24,-24,-39,-39,0,0,24,24,-43,-43,-43,4,4,4,39,39,-21,16,16,-13,-13,-24,-24,-24,-33,-33,-52,-52,-2,-2,-1,-1,8,8,2,-33,-10,-33,-55,-55,-36,-36,-24,-24,-6,-6,-6,-30,-30,-14,-14,-9,-9,-20,-20,-20,10,10,10,-49,-49,-19,-19,-1,-1,7,7,13,13,13,16,16,2,2,-20,-20,0,0,-14,-14,12,12,12,-1,-1,-13,-16,-16,-24,-24,4,4,4,10,10,10,17,17,30,30,33,33,55,55,100,100,118,118,121,121,116,116,137,137,88,88,68,68,98,98,98,33,33,26,26,-14,-14,10,10,17,17,25,25,13,4,7,7,31,31,22,22,66,66,30,30,30,28,28,28,52,52,52,15,15,15,52,52,52,54,54,78,78,104,104,78,78,104,104,104,108,108,108,113,113,113,98,98,130,130,130,94,94,94,81,81,81,59,59,59,54,54,54,-7,-7,31,31,78,78,78,115,115,115,70,70,70,75,75,120,120,85,85,39,39,71,71,71,22,22,22,22,40,40,53,53,70,70,45,45,45,105,105,105,105,107,107,107,89,89,63,63,100,100,100,70,70,70,70,65,65,65,65,76,76,76,91,91,56,56,38,38,38,38,74,74,74,75,75,75,86,86,86,50,50,54,54,54,53,53,53,53,83,83,83,22,22,22,45,45,31,31,66,66,66,93,93,93,58,58,58,65,65,66,66,34,34,34,99,99,99,60,60,60,60,45,45,45,45,48,48,48,67,67,67,59,59,59,109,109,109,110,110,110,129,129,129,110,110,110,110,110,110,193,193,193,147,147,147,147,89,89,89,89,132,132,132,67,67,90,90,90,80,80,80,44,44,85,85,71,71,84,84,19,19,19,39,39,39,-3,-3,-3,-3,26,26,26,26,12,12,-1,-1,-6,-6,31,31,10,10,10,59,59,59,32,32,32,56,56,56,47,47,47,59,59,59,59,29,29,29,55,55,55,50,50,50,53,53,47,47,55,55,47,47,47,45,45,45,45,32,32,32,32,40,40,40,77,77,77,66,66,66,57,57,57,57,81,81,81,99,99,91,91,83,83,89,89,89,92,92,92,109,109,109,109,73,73,73,96,96,96,70,70,70,71,71,71,71,48,48,48,48,33,33,33,33,111,111,111,111,77,77,77,77,62,62,62,57,57,57,113,113,113,116
165,28.49200000000000443,17,-44,-49,-51,-51,-57,-57,-10,-10,-46,-46,8,8,-12,-33,-40,-40,-19,-19,-32,-32,-53,-53,-30,-30,-66,-66,-19,-19,-30,-30,-78,-78,-78,-41,-41,-41,-65,-65,-65,-26,-26,-26,-28,-28,-28,-40,-40,-40,-60,-60,-22,-22,-62,-62,-38,-38,-38,-38,-38,-38,-28,-28,-28,-55,-55,-49,-49,-53,-53,-37,-37,-37,-52,-52,-52,6,6,-14,-45,-62,-62,-27,-27,-27,-23,-23,-38,-38,-27,-27,-28,-28,-62,-62,-62,-41,-41,-41,-8,-8,-56,-28,-28,-63,-63,-23,-23,-23,-44,-44,-85,-85,-38,-38,-15,-15,-11,-11,-23,-73,-41,-45,-40,-40,-35,-35,-8,-8,-45,-45,-45,-59,-59,-27,-27,-58,-58,-56,-56,-56,-13,-13,-13,-49,-49,-53,-53,-45,-45,-46,-46,-2,-2,-2,-44,-44,-32,-32,-66,-66,-35,-35,-35,-35,-26,-26,-26,-42,-42,-56,-29,-29,-53,-53,8,8,8,-9,-9,-9,-70,-70,-24,-24,25,25,8,8,12,12,24,24,55,55,61,61,81,81,50,50,3,3,43,43,43,-30,-30,-23,-23,-49,-49,-29,-29,-30,-30,-12,-12,-5,-30,-31,-31,-20,-20,-56,-56,16,16,-27,-27,-27,-58,-58,-58,-4,-4,-4,-39,-39,-39,-12,-12,-12,8,8,22,22,-5,-5,-6,-6,39,39,39,42,42,42,64,64,64,30,30,58,58,58,3,3,3,18,18,18,10,10,10,-10,-10,-10,-55,-55,-23,-23,38,38,38,24,24,24,7,7,7,31,31,46,46,54,54,20,20,24,24,24,-32,-32,-32,-32,-20,-20,17,17,-3,-3,13,13,13,32,32,32,32,33,33,33,36,36,33,33,44,44,44,62,62,62,62,-16,-16,-16,-16,17,17,17,7,7,0,0,10,10,10,10,20,20,20,37,37,37,32,32,32,-2,-2,42,42,42,-27,-27,-27,-27,36,36,36,-11,-11,-11,10,10,9,9,30,30,30,42,42,42,2,2,2,5,5,15,15,-25,-25,-25,-24,-24,-24,0,0,0,0,25,25,25,25,35,35,35,36,36,36,42,42,42,51,51,51,46,46,46,99,99,99,55,55,55,35,35,35,86,86,86,88,88,88,88,32,32,32,32,64,64,64,18,18,10,10,10,-1,-1,-1,-2,-2,38,38,8,8,8,8,-22,-22,-22,-15,-15,-15,-49,-49,-49,-49,-28,-28,-28,-28,-27,-27,-32,-32,-44,-44,14,14,-28,-28,-28,13,13,13,-7,-7,-7,-12,-12,-12,30,30,30,13,13,13,13,-17,-17,-17,9,9,9,19,19,19,-14,-14,5,5,-6,-6,18,18,18,18,18,18,18,16,16,16,16,29,29,29,13,13,13,23,23,23,21,21,21,21,34,34,34,32,32,46,46,24,24,31,31,31,69,69,69,54,54,54,54,19,19,19,49,49,49,35,35,35,35,35,35,35,37,37,37,37,28,28,28,28,56,56,56,56,27,27,27,27,38,38,38,0,0,0,62,62,62,71
166,28.69200000000000372,27,-30,-28,-58,-58,-45,-45,-66,-66,-44,-44,-48,-48,-72,-49,-59,-59,-43,-43,-52,-52,-28,-28,-32,-32,-46,-46,-62,-62,-64,-64,-40,-40,-40,-31,-31,-31,-36,-36,-36,-56,-56,-56,-42,-42,-42,-4,-4,-4,-52,-52,-42,-42,-55,-55,-52,-52,-52,-25,-25,-25,-23,-23,-23,-37,-37,-30,-30,-56,-56,-39,-39,-39,-34,-34,-34,-26,-26,-71,-59,-53,-53,-3,-3,-3,-49,-49,-31,-31,-57,-57,-21,-21,-66,-66,-66,-33,-33,-33,-48,-48,-62,-6,-6,-74,-74,-45,-45,-45,-28,-28,-63,-63,-43,-43,-34,-34,-35,-35,-17,-69,-36,-47,-7,-7,6,6,-42,-42,-39,-39,-39,-54,-54,-59,-59,-79,-79,-51,-51,-51,-25,-25,-25,-39,-39,-40,-40,-77,-77,-78,-78,-38,-38,-38,-59,-59,-72,-72,-46,-46,-73,-73,-61,-61,-15,-15,-15,-44,-44,-47,-20,-20,-48,-48,-22,-22,-22,-69,-69,-69,-76,-76,-60,-60,-11,-11,-44,-44,-38,-38,-11,-11,-6,-6,25,25,20,20,-11,-11,-31,-31,12,12,12,-52,-52,-52,-52,-67,-67,-56,-56,-37,-37,-16,-16,-24,-47,-56,-56,-33,-33,-75,-75,-71,-71,-81,-81,-81,-88,-88,-88,-2,-2,-2,-51,-51,-51,-7,-7,-7,-39,-39,2,2,-17,-17,-26,-26,-24,-24,-24,9,9,9,32,32,32,-9,-9,31,31,31,-52,-52,-52,-22,-22,-22,-21,-21,-21,-40,-40,-40,-72,-72,-60,-60,-26,-26,-26,-15,-15,-15,8,8,8,-7,-7,15,15,19,19,-32,-32,-45,-45,-45,-49,-49,-49,-49,-21,-21,-19,-19,-25,-25,-3,-3,-3,-4,-4,-4,-4,-4,-4,-4,12,12,6,6,29,29,29,14,14,14,14,-1,-1,-1,-1,-4,-4,-4,-10,-10,21,21,22,22,22,22,12,12,12,35,35,35,52,52,52,-5,-5,27,27,27,-27,-27,-27,-27,18,18,18,-37,-37,-37,-16,-16,-1,-1,-9,-9,-9,9,9,9,-36,-36,-36,-3,-3,1,1,-13,-13,-13,2,2,2,1,1,1,1,28,28,28,28,-5,-5,-5,16,16,16,5,5,5,35,35,35,62,62,62,81,81,81,31,31,31,6,6,6,36,36,36,32,32,32,32,9,9,9,9,13,13,13,-26,-26,-37,-37,-37,-14,-14,-14,-36,-36,-18,-18,-26,-26,-8,-8,-20,-20,-20,-38,-38,-38,-49,-49,-49,-49,-27,-27,-27,-27,-55,-55,-25,-25,-52,-52,-15,-15,-50,-50,-50,3,3,3,-28,-28,-28,-30,-30,-30,12,12,12,-23,-23,-23,-23,-16,-16,-16,-24,-24,-24,-20,-20,-20,-11,-11,-31,-31,-7,-7,-18,-18,-18,-20,-20,-20,-20,-1,-1,-1,-1,0,0,0,-12,-12,-12,-8,-8,-8,-13,-13,-13,-13,-4,-4,-4,1,1,39,39,1,1,1,1,1,16,16,16,29,29,29,29,32,32,32,14,14,14,28,28,28,18,18,18,18,4,4,4,4,21,21,21,21,15,15,15,15,17,17,17,17,-3,-3,-3,20,20,20,0,0,0,1
167,28.89200000000000301,-14,-12,-34,-9,-9,-33,-33,-40,-40,-17,-17,-34,-34,-45,-47,-58,-58,-51,-51,-42,-42,-49,-49,15,15,-8,-8,-8,-8,-30,-30,-70,-70,-70,-10,-10,-10,-34,-34,-34,-45,-45,-45,-18,-18,-18,7,7,7,-33,-33,-15,-15,-10,-10,-39,-39,-39,5,5,5,3,3,3,-13,-13,-2,-2,-17,-17,-16,-16,-16,1,1,1,12,12,-36,-34,-33,-33,-16,-16,-16,-42,-42,0,0,-35,-35,-5,-5,-29,-29,-29,-55,-55,-55,-20,-20,-12,-3,-3,-48,-48,-5,-5,-5,1,1,-45,-45,-1,-1,-2,-2,-12,-12,-2,-26,4,10,31,31,33,33,-57,-57,-36,-36,-36,-10,-10,-9,-9,10,10,-25,-25,-25,-2,-2,-2,-19,-19,-23,-23,-54,-54,-52,-52,-28,-28,-28,-45,-45,-20,-20,-5,-5,-29,-29,-36,-36,6,6,6,-23,-23,-25,-27,-27,-15,-15,-28,-28,-28,-62,-62,-62,-66,-66,-41,-41,-22,-22,-40,-40,-11,-11,-5,-5,-15,-15,5,5,30,30,3,3,-36,-36,-3,-3,-3,-86,-86,-69,-69,-57,-57,-46,-46,-17,-17,2,2,-59,-7,-31,-31,-14,-14,-58,-58,-76,-76,-57,-57,-57,-59,-59,-59,-16,-16,-16,-49,-49,-49,-44,-44,-44,-17,-17,-4,-4,-23,-23,-31,-31,-16,-16,-16,20,20,20,8,8,8,-20,-20,11,11,11,-45,-45,-45,-44,-44,-44,-36,-36,-36,-46,-46,-46,-24,-24,-43,-43,-7,-7,-7,0,0,0,-14,-14,-14,22,22,4,4,31,31,-1,-1,-2,-2,-2,-55,-55,-55,-55,-23,-23,-19,-19,9,9,-9,-9,-9,17,17,17,17,-16,-16,-16,3,3,30,30,1,1,1,-19,-19,-19,-19,1,1,1,1,22,22,22,2,2,40,40,40,40,40,40,-12,-12,-12,33,33,33,38,38,38,19,19,54,54,54,13,13,13,13,29,29,29,-19,-19,-19,-15,-15,26,26,7,7,7,-2,-2,-2,-29,-29,-29,-2,-2,-1,-1,-15,-15,-15,-6,-6,-6,19,19,19,19,26,26,26,26,12,12,12,10,10,10,23,23,23,36,36,36,63,63,63,76,76,76,16,16,16,1,1,1,23,23,23,44,44,44,44,14,14,14,14,12,12,12,-2,-2,-26,-26,-26,-13,-13,-13,-7,-7,-14,-14,-22,-22,1,1,-24,-24,-24,-52,-52,-52,-4,-4,-4,-4,-35,-35,-35,-35,-21,-21,-10,-10,-52,-52,-6,-6,-7,-7,-7,-4,-4,-4,-10,-10,-10,-27,-27,-27,27,27,27,-32,-32,-32,-32,-20,-20,-20,-26,-26,-26,-14,-14,-14,-3,-3,-14,-14,5,5,15,15,15,15,15,15,15,0,0,0,0,-5,-5,-5,-16,-16,-16,-6,-6,-6,8,8,8,8,-3,-3,-3,27,27,10,10,4,4,4,4,4,-21,-21,-21,40,40,40,40,11,11,11,15,15,15,54,54,54,44,44,44,44,9,9,9,9,-4,-4,-4,-4,38,38,38,38,-1,-1,-1,-1,37,37,37,2,2,2,-20,-20,-20,-28
168,29.0920000000000023,-43,32,-24,0,0,40,40,-11,-11,7,7,7,7,-11,-30,1,1,-9,-9,-7,-7,21,21,41,41,7,7,14,14,14,14,-23,-23,-23,52,52,52,2,2,2,27,27,27,13,13,13,13,13,13,7,7,19,19,-5,-5,2,2,2,29,29,29,6,6,6,-28,-28,5,5,1,1,8,8,8,-6,-6,-6,-12,-12,45,35,-22,-22,9,9,9,-8,-8,13,13,-10,-10,9,9,-10,-10,-10,8,8,8,3,3,19,28,28,-12,-12,37,37,37,2,2,40,40,32,32,18,18,7,7,26,-17,35,41,70,70,50,50,-4,-4,15,15,15,17,17,19,19,6,6,2,2,2,-22,-22,-22,-8,-8,-2,-2,-5,-5,-35,-35,-17,-17,-17,-15,-15,-13,-13,48,48,10,10,-7,-7,31,31,31,38,38,27,9,9,19,19,-6,-6,-6,-15,-15,-15,-4,-4,-19,-19,33,33,-14,-14,15,15,-7,-7,-9,-9,40,40,28,28,-7,-7,-18,-18,-5,-5,-5,-53,-53,-17,-17,-3,-3,-13,-13,56,56,50,50,5,29,17,17,51,51,-15,-15,-43,-43,-31,-31,-31,-8,-8,-8,-3,-3,-3,2,2,2,-20,-20,-20,-9,-9,-8,-8,21,21,15,15,22,22,22,15,15,15,-5,-5,-5,-3,-3,15,15,15,-20,-20,-20,-7,-7,-7,22,22,22,-20,-20,-20,1,1,-7,-7,-20,-20,-20,-17,-17,-17,37,37,37,14,14,32,32,22,22,17,17,8,8,8,-36,-36,-36,-36,-19,-19,16,16,62,62,50,50,50,-7,-7,-7,-7,-4,-4,-4,56,56,60,60,20,20,20,24,24,24,24,74,74,74,74,63,63,63,29,29,53,53,38,38,38,38,38,38,38,41,41,41,52,52,52,76,76,65,65,65,5,5,5,5,25,25,25,26,26,26,22,22,39,39,1,1,1,24,24,24,26,26,26,-6,-6,14,14,12,12,12,1,1,1,49,49,49,49,33,33,33,33,3,3,3,46,46,46,56,56,56,32,32,32,-4,-4,-4,83,83,83,18,18,18,35,35,35,41,41,41,42,42,42,42,5,5,5,5,47,47,47,6,6,-29,-29,-29,-12,-12,-12,1,1,-11,-11,-6,-6,6,6,8,8,8,-36,-36,-36,-1,-1,-1,-1,7,7,7,7,30,30,20,20,1,1,36,36,50,50,50,29,29,29,44,44,44,11,11,11,51,51,51,4,4,4,4,-9,-9,-9,9,9,9,9,9,9,42,42,47,47,53,53,31,31,31,2,2,2,2,23,23,23,23,34,34,34,29,29,29,3,3,3,22,22,22,22,-3,-3,-3,11,11,8,8,32,32,20,20,20,3,3,3,26,26,26,26,3,3,3,21,21,21,62,62,62,80,80,80,80,17,17,17,17,-9,-9,-9,-9,-1,-1,-1,-1,7,7,7,7,-4,-4,-4,20,20,20,11,11,11,15
169,29.29200000000000159,11,82,50,39,39,51,51,18,18,26,26,24,24,33,31,25,25,20,20,22,22,76,76,50,50,30,30,77,77,27,27,43,43,43,41,41,41,41,41,41,54,54,54,53,53,53,50,50,50,-17,-17,49,49,25,25,30,30,30,58,58,58,7,7,7,20,20,35,35,31,31,39,39,39,42,42,42,5,5,41,72,37,37,17,17,17,11,11,58,58,5,5,38,38,37,37,37,35,35,35,31,31,60,5,5,10,10,45,45,45,40,40,70,70,54,54,14,14,32,32,40,49,62,43,82,82,82,82,55,55,34,34,34,29,29,12,12,48,48,11,11,11,8,8,8,24,24,43,43,7,7,-14,-14,4,4,4,-12,-12,18,18,86,86,67,67,28,28,53,53,53,40,40,56,22,22,36,36,14,14,14,16,16,16,0,0,29,29,19,19,21,21,28,28,7,7,8,8,16,16,16,16,-1,-1,-18,-18,-2,-2,-2,1,1,-1,-1,2,2,17,17,48,48,44,44,37,51,70,70,74,74,18,18,-20,-20,3,3,3,24,24,24,36,36,36,28,28,28,2,2,2,0,0,12,12,37,37,48,48,15,15,15,23,23,23,-5,-5,-5,1,1,5,5,5,-7,-7,-7,-4,-4,-4,8,8,8,14,14,14,45,45,33,33,-22,-22,-22,-16,-16,-16,29,29,29,28,28,27,27,26,26,37,37,19,19,19,28,28,28,28,-5,-5,31,31,111,111,49,49,49,-6,-6,-6,-6,18,18,18,22,22,47,47,51,51,51,-3,-3,-3,-3,72,72,72,72,73,73,73,52,52,103,103,33,33,33,33,5,5,5,37,37,37,25,25,25,63,63,64,64,64,26,26,26,26,19,19,19,29,29,29,24,24,33,33,10,10,10,37,37,37,29,29,29,6,6,22,22,15,15,15,-9,-9,-9,46,46,46,46,56,56,56,56,3,3,3,15,15,15,49,49,49,43,43,43,57,57,57,75,75,75,36,36,36,48,48,48,71,71,71,65,65,65,65,35,35,35,35,58,58,58,27,27,-16,-16,-16,-5,-5,-5,10,10,-16,-16,6,6,19,19,34,34,34,-3,-3,-3,11,11,11,11,13,13,13,13,27,27,61,61,17,17,62,62,54,54,54,21,21,21,29,29,29,7,7,7,14,14,14,46,46,46,46,20,20,20,14,14,14,26,26,26,26,26,32,32,46,46,47,47,47,9,9,9,9,33,33,33,33,7,7,7,11,11,11,26,26,26,5,5,5,5,1,1,1,-22,-22,45,45,32,32,6,6,6,-16,-16,-16,-1,-1,-1,-1,1,1,1,15,15,15,49,49,49,58,58,58,58,31,31,31,31,16,16,16,16,16,16,16,16,-3,-3,-3,-3,-1,-1,-1,20,20,20,38,38,38,14
170,29.49200000000000443,10,78,42,45,45,76,76,19,19,11,11,55,55,34,48,5,5,22,22,43,43,56,56,25,25,28,28,65,65,12,12,49,49,49,28,28,28,34,34,34,58,58,58,23,23,23,68,68,68,44,44,15,15,25,25,21,21,21,14,14,14,12,12,12,23,23,22,22,3,3,23,23,23,23,23,23,9,9,42,45,50,50,23,23,23,-11,-11,24,24,13,13,-17,-17,42,42,42,25,25,25,10,10,41,15,15,26,26,30,30,30,32,32,37,37,4,4,10,10,11,11,21,23,53,49,48,48,72,72,47,47,21,21,21,19,19,7,7,18,18,38,38,38,6,6,6,28,28,47,47,9,9,13,13,16,16,16,29,29,7,7,88,88,49,49,38,38,35,35,35,46,46,25,34,34,23,23,-1,-1,-1,25,25,25,25,25,24,24,26,26,6,6,-7,-7,-25,-25,-36,-36,6,6,-6,-6,-20,-20,1,1,-17,-17,-17,33,33,-9,-9,3,3,7,7,2,2,12,12,-10,31,53,53,56,56,21,21,-13,-13,-5,-5,-5,34,34,34,17,17,17,28,28,28,-2,-2,-2,1,1,5,5,15,15,27,27,19,19,19,-2,-2,-2,20,20,20,-1,-1,-2,-2,-2,-13,-13,-13,-13,-13,-13,44,44,44,42,42,42,57,57,5,5,5,5,5,-11,-11,-11,1,1,1,-21,-21,-25,-25,11,11,-7,-7,-19,-19,-19,35,35,35,35,-18,-18,39,39,59,59,67,67,67,-14,-14,-14,-14,12,12,12,13,13,15,15,46,46,46,19,19,19,19,36,36,36,36,39,39,39,50,50,52,52,-15,-15,-15,-15,0,0,0,27,27,27,23,23,23,23,23,9,9,9,39,39,39,39,-1,-1,-1,12,12,12,15,15,8,8,-38,-38,-38,11,11,11,9,9,9,-5,-5,-28,-28,-28,-28,-28,25,25,25,51,51,51,51,25,25,25,25,-1,-1,-1,-4,-4,-4,46,46,46,60,60,60,0,0,0,54,54,54,57,57,57,55,55,55,56,56,56,46,46,46,46,-2,-2,-2,-2,33,33,33,-15,-15,8,8,8,-15,-15,-15,-6,-6,-28,-28,-1,-1,8,8,32,32,32,25,25,25,40,40,40,40,19,19,19,19,43,43,48,48,28,28,51,51,43,43,43,11,11,11,10,10,10,-7,-7,-7,-12,-12,-12,-5,-5,-5,-5,-7,-7,-7,8,8,8,14,14,14,1,1,27,27,5,5,16,16,16,24,24,24,24,46,46,46,46,15,15,15,-3,-3,-3,-8,-8,-8,5,5,5,5,-31,-31,-31,-26,-26,-22,-22,3,3,-4,-4,-4,-32,-32,-32,-21,-21,-21,-21,-7,-7,-7,1,1,1,32,32,32,38,38,38,38,26,26,26,26,-4,-4,-4,-4,-19,-19,-19,-19,-25,-25,-25,-25,-12,-12,-12,-6,-6,-6,-6,-6,-6,2
171,29.69200000000000372,62,49,9,3,3,44,44,8,8,20,20,32,32,31,55,17,17,26,26,18,18,19,19,18,18,29,29,-4,-4,-11,-11,-10,-10,-10,-28,-28,-28,3,3,3,-21,-21,-21,-10,-10,-10,12,12,12,-27,-27,-16,-16,-2,-2,25,25,25,-4,-4,-4,4,4,4,-13,-13,8,8,29,29,8,8,8,0,0,0,2,2,3,-26,2,2,39,39,39,0,0,-4,-4,-27,-27,-37,-37,7,7,7,-4,-4,-4,2,2,13,-5,-5,14,14,20,20,20,12,12,7,7,-21,-21,-21,-21,-19,-19,-4,31,4,18,38,38,42,42,15,15,22,22,22,26,26,-13,-13,-6,-6,-11,-11,-11,-13,-13,-13,35,35,8,8,23,23,16,16,17,17,17,9,9,30,30,46,46,41,41,8,8,0,0,0,-5,-5,16,-12,-12,-13,-13,2,2,2,9,9,9,-2,-2,-1,-1,-41,-41,-16,-16,-44,-44,-55,-55,-76,-76,3,3,-35,-35,-47,-47,-17,-17,-8,-8,-8,46,46,-6,-6,-9,-9,-20,-20,-42,-42,-33,-33,-34,-14,1,1,15,15,12,12,-24,-24,1,1,1,-1,-1,-1,-10,-10,-10,6,6,6,-34,-34,-34,-36,-36,-38,-38,-16,-16,-53,-53,-16,-16,-16,-25,-25,-25,17,17,17,-7,-7,-54,-54,-54,-30,-30,-30,-23,-23,-23,16,16,16,16,16,16,38,38,-12,-12,-8,-8,-8,-39,-39,-39,-33,-33,-33,-20,-20,-28,-28,9,9,-40,-40,-34,-34,-34,15,15,15,15,-3,-3,-13,-13,-27,-27,-2,-2,-2,-31,-31,-31,-31,-41,-41,-41,-5,-5,-17,-17,-7,-7,-7,-3,-3,-3,-3,9,9,9,9,-2,-2,-2,-2,-2,-10,-10,-30,-30,-30,-30,-26,-26,-26,-18,-18,-18,-30,-30,-30,-3,-3,-12,-12,-12,14,14,14,14,-32,-32,-32,-5,-5,-5,-28,-28,-28,-28,-31,-31,-31,-22,-22,-22,-23,-23,-23,-30,-30,-15,-15,-20,-20,-20,-16,-16,-16,18,18,18,18,-19,-19,-19,-19,-3,-3,-3,-6,-6,-6,0,0,0,13,13,13,-6,-6,-6,5,5,5,27,27,27,23,23,23,26,26,26,7,7,7,7,-4,-4,-4,-4,-29,-29,-29,-21,-21,-6,-6,-6,-17,-17,-17,2,2,-50,-50,-33,-33,-2,-2,18,18,18,48,48,48,42,42,42,42,21,21,21,21,18,18,13,13,21,21,9,9,10,10,10,-37,-37,-37,-36,-36,-36,-24,-24,-24,-46,-46,-46,-19,-19,-19,-19,-37,-37,-37,-11,-11,-11,-16,-16,-16,-1,-1,-14,-14,-16,-16,-30,-30,-30,6,6,6,6,27,27,27,27,0,0,0,-31,-31,-31,-35,-35,-35,-2,-2,-2,-2,-37,-37,-37,-30,-30,-47,-47,-62,-62,-48,-48,-48,-57,-57,-57,-46,-46,-46,-46,-28,-28,-28,-39,-39,-39,-14,-14,-14,0,0,0,0,-24,-24,-24,-24,-24,-24,-24,-24,-13,-13,-13,-13,-44,-44,-44,-44,-1,-1,-1,-19,-19,-19,-16,-16,-16,1
172,29.89200000000000301,6,6,-15,-8,-8,13,13,-29,-29,3,3,-13,-13,14,27,0,0,-1,-1,24,24,2,2,18,18,-6,-6,-13,-13,-41,-41,16,16,16,12,12,12,3,3,3,15,15,15,-43,-43,-43,-28,-28,-28,-18,-18,6,6,-25,-25,21,21,21,-28,-28,-28,-3,-3,-3,-11,-11,14,14,-3,-3,-18,-18,-18,-17,-17,-17,-1,-1,-21,-24,1,1,11,11,11,6,6,-39,-39,-15,-15,-42,-42,6,6,6,6,6,6,-5,-5,19,-15,-15,9,9,-8,-8,-8,18,18,8,8,-18,-18,5,5,1,1,-13,26,11,9,16,16,5,5,2,2,-8,-8,-8,6,6,-37,-37,-6,-6,-12,-12,-12,-13,-13,-13,4,4,-13,-13,42,42,34,34,-1,-1,-1,31,31,25,25,46,46,7,7,5,5,-19,-19,-19,-26,-26,-31,-11,-11,-20,-20,-21,-21,-21,4,4,4,24,24,26,26,-10,-10,-37,-37,-64,-64,-69,-69,-79,-79,-58,-58,-33,-33,-25,-25,-7,-7,7,7,7,44,44,-30,-30,-11,-11,-11,-11,-49,-49,-44,-44,-32,-30,-33,-33,-28,-28,10,10,-14,-14,-8,-8,-8,-21,-21,-21,-26,-26,-26,3,3,3,-31,-31,-31,-38,-38,-50,-50,-77,-77,-73,-73,-45,-45,-45,-18,-18,-18,23,23,23,12,12,-30,-30,-30,-42,-42,-42,-21,-21,-21,20,20,20,34,34,34,48,48,-30,-30,-56,-56,-56,-70,-70,-70,-31,-31,-31,-36,-36,-34,-34,-9,-9,-34,-34,-27,-27,-27,7,7,7,7,-25,-25,-35,-35,-69,-69,-31,-31,-31,-36,-36,-36,-36,-11,-11,-11,-51,-51,-36,-36,-40,-40,-40,-38,-38,-38,-38,-57,-57,-57,-57,-30,-30,-30,-53,-53,-28,-28,-22,-22,-22,-22,-29,-29,-29,-19,-19,-19,-61,-61,-61,-43,-43,-9,-9,-9,0,0,0,0,-49,-49,-49,-12,-12,-12,-19,-19,-8,-8,-16,-16,-16,-21,-21,-21,-17,-17,-17,-15,-15,-19,-19,-31,-31,-31,-29,-29,-29,-37,-37,-37,-37,-53,-53,-53,-53,-11,-11,-11,-38,-38,-38,-8,-8,-8,-27,-27,-27,-17,-17,-17,-25,-25,-25,-23,-23,-23,16,16,16,-16,-16,-16,-17,-17,-17,-17,19,19,19,19,-27,-27,-27,-33,-33,-3,-3,-3,-14,-14,-14,-6,-6,-18,-18,-19,-19,-2,-2,1,1,1,25,25,25,15,15,15,15,5,5,5,5,3,3,-1,-1,-14,-14,-44,-44,-23,-23,-23,-30,-30,-30,-21,-21,-21,-40,-40,-40,-68,-68,-68,-31,-31,-31,-31,5,5,5,-3,-3,-3,6,6,6,-36,-36,-13,-13,-45,-45,-32,-32,-32,3,3,3,3,37,37,37,37,14,14,14,-42,-42,-42,-30,-30,-30,-19,-19,-19,-19,-9,-9,-9,-31,-31,-65,-65,-71,-71,-50,-50,-50,-35,-35,-35,-34,-34,-34,-34,-33,-33,-33,-3,-3,-3,7,7,7,-17,-17,-17,-17,-47,-47,-47,-47,-31,-31,-31,-31,-39,-39,-39,-39,-27,-27,-27,-27,-35,-35,-35,5,5,5,-25,-25,-25,-14
173,30.0920000000000023,10,-34,21,1,1,16,16,34,34,41,41,35,35,9,60,19,19,39,39,71,71,-11,-11,0,0,8,8,16,16,39,39,14,14,14,17,17,17,23,23,23,12,12,12,5,5,5,19,19,19,4,4,-15,-15,13,13,3,3,3,-22,-22,-22,10,10,10,27,27,12,12,24,24,9,9,9,12,12,12,26,26,-27,-35,24,24,15,15,15,41,41,-3,-3,44,44,0,0,42,42,42,39,39,39,35,35,22,-8,-8,75,75,3,3,3,45,45,41,41,-22,-22,38,38,9,9,16,44,7,13,13,13,-6,-6,32,32,5,5,5,10,10,-26,-26,8,8,16,16,16,15,15,15,76,76,36,36,54,54,26,26,15,15,15,9,9,45,45,22,22,29,29,36,36,2,2,2,-4,-4,-1,-2,-2,-7,-7,-15,-15,-15,34,34,34,38,38,32,32,9,9,-5,-5,-48,-48,-37,-37,-47,-47,-39,-39,5,5,7,7,37,37,13,13,13,58,58,32,32,37,37,11,11,-19,-19,-31,-31,16,13,-18,-18,-22,-22,46,46,18,18,4,4,4,9,9,9,-23,-23,-23,13,13,13,17,17,17,-15,-15,-6,-6,-2,-2,-21,-21,-6,-6,-6,7,7,7,46,46,46,49,49,2,2,2,3,3,3,30,30,30,30,30,30,32,32,32,55,55,23,23,24,24,24,12,12,12,-6,-6,-6,-14,-14,-11,-11,24,24,-4,-4,0,0,0,11,11,11,11,16,16,-26,-26,-58,-58,-28,-28,-28,-27,-27,-27,-27,0,0,0,-19,-19,-34,-34,5,5,5,-3,-3,-3,-3,-42,-42,-42,-42,-23,-23,-23,-46,-46,-31,-31,-2,-2,-2,-2,-34,-34,-34,-22,-22,-22,-10,-10,-10,-9,-9,18,18,18,6,6,6,6,4,4,4,39,39,39,33,33,1,1,3,3,3,-16,-16,-16,-8,-8,-8,9,9,15,15,-6,-6,-6,-2,-2,-2,-43,-43,-43,-43,-3,-3,-3,-3,-2,-2,-2,-2,-2,-2,-15,-15,-15,-16,-16,-16,-21,-21,-21,-31,-31,-31,3,3,3,19,19,19,15,15,15,0,0,0,0,58,58,58,58,10,10,10,6,6,23,23,23,11,11,11,17,17,-19,-19,-3,-3,21,21,19,19,19,36,36,36,19,19,19,19,37,37,37,37,-4,-4,36,36,24,24,-22,-22,8,8,8,-9,-9,-9,8,8,8,7,7,7,-8,-8,-8,-9,-9,-9,-9,4,4,4,0,0,0,10,10,10,0,0,-17,-17,-19,-19,-26,-26,-26,19,19,19,19,17,17,17,17,4,4,4,-20,-20,-20,11,11,11,-13,-13,-13,-13,32,32,32,-31,-31,-45,-45,-48,-48,-43,-43,-43,-17,-17,-17,7,7,7,7,1,1,1,19,19,19,19,19,19,1,1,1,1,-3,-3,-3,-3,-15,-15,-15,-15,-5,-5,-5,-5,-6,-6,-6,-6,-21,-21,-21,-6,-6,-6,3,3,3,-2
174,30.29200000000000159,19,20,19,23,23,24,24,73,73,71,71,119,119,79,67,105,105,62,62,75,75,45,45,46,46,67,67,15,15,61,61,56,56,56,33,33,33,30,30,30,66,66,66,40,40,40,42,42,42,45,45,67,67,71,71,36,36,36,32,32,32,65,65,65,78,78,52,52,57,57,32,32,32,41,41,41,62,62,56,17,82,82,67,67,67,57,57,47,47,80,80,59,59,60,60,60,48,48,48,69,69,59,44,44,60,60,61,61,61,68,68,40,40,40,40,59,59,47,47,73,71,59,44,42,42,15,15,44,44,46,46,46,50,50,33,33,62,62,50,50,50,34,34,34,50,50,40,40,74,74,59,59,54,54,54,74,74,59,59,56,56,60,60,78,78,44,44,44,42,42,41,21,21,40,40,40,40,40,42,42,42,73,73,48,48,23,23,24,24,26,26,43,43,29,29,16,16,49,49,67,67,81,81,69,69,69,95,95,91,91,73,73,95,95,39,39,28,28,51,34,45,45,42,42,80,80,75,75,82,82,82,58,58,58,27,27,27,46,46,46,71,71,71,38,38,26,26,-1,-1,17,17,40,40,40,69,69,69,92,92,92,93,93,64,64,64,71,71,71,76,76,76,36,36,36,77,77,77,88,88,52,52,75,75,75,12,12,12,40,40,40,51,51,33,33,57,57,24,24,64,64,64,80,80,80,80,40,40,27,27,3,3,-7,-7,-7,33,33,33,33,46,46,46,40,40,20,20,17,17,17,16,16,16,16,-3,-3,-3,-3,1,1,1,14,14,-5,-5,9,9,9,9,28,28,28,20,20,20,-10,-10,-10,26,26,27,27,27,32,32,32,32,75,75,75,75,75,75,43,43,38,38,73,73,73,41,41,41,51,51,51,54,54,35,35,59,59,59,9,9,9,17,17,17,17,16,16,16,16,20,20,20,16,16,16,13,13,13,17,17,17,6,6,6,6,6,6,26,26,26,26,26,26,29,29,29,84,84,84,84,118,118,118,118,60,60,60,75,75,87,87,87,77,77,77,43,43,35,35,33,33,66,66,30,30,30,62,62,62,48,48,48,48,42,42,42,42,39,39,42,42,62,62,12,12,51,51,51,62,62,62,34,34,34,51,51,51,44,44,44,41,41,41,41,42,42,42,61,61,61,30,30,30,13,13,13,13,41,41,13,13,13,47,47,47,47,39,39,39,39,64,64,64,21,21,21,23,23,23,33,33,33,33,41,41,41,42,42,17,17,18,18,9,9,9,49,49,49,17,17,17,17,32,32,32,61,61,61,54,54,54,27,27,27,27,33,33,33,33,33,33,33,33,-13,-13,-13,-13,38,38,38,38,17,17,17,56,56,56,23,23,23,32
175,30.49200000000000443,60,61,62,44,44,67,67,96,96,118,118,100,100,97,88,112,112,114,114,88,88,70,70,62,62,68,68,49,49,79,79,56,56,56,34,34,34,42,42,42,64,64,64,27,27,27,54,54,54,94,94,102,102,86,86,105,105,105,55,55,55,85,85,85,69,69,74,74,79,79,79,79,79,68,68,68,84,84,110,87,63,63,81,81,81,81,81,62,62,106,106,82,82,80,80,80,80,80,80,127,127,60,96,96,108,108,85,85,85,91,91,45,45,90,90,75,75,80,80,84,83,49,58,19,19,51,51,80,80,105,105,105,105,105,85,85,91,91,71,71,71,51,51,51,65,65,97,97,96,96,94,94,61,61,61,84,84,64,64,45,45,78,78,92,92,65,65,65,59,59,70,71,71,63,63,72,72,72,66,66,66,105,105,77,77,56,56,83,83,93,93,96,96,96,96,64,64,94,94,81,81,97,97,98,98,98,109,109,105,105,117,117,109,109,93,93,77,77,92,76,99,99,65,65,107,107,121,121,110,110,110,96,96,96,55,55,55,50,50,50,71,71,71,99,99,85,85,55,55,71,71,95,95,95,62,62,62,103,103,103,123,123,91,91,91,99,99,99,100,100,100,57,57,57,105,105,105,88,88,93,93,111,111,111,68,68,68,90,90,90,69,69,76,76,47,47,74,74,121,121,121,95,95,95,95,90,90,86,86,68,68,40,40,40,56,56,56,56,72,72,72,48,48,40,40,36,36,36,81,81,81,81,56,56,56,56,31,31,31,96,96,46,46,43,43,43,43,63,63,63,21,21,21,32,32,32,66,66,25,25,25,38,38,38,38,70,70,70,51,51,51,62,62,58,58,75,75,75,44,44,44,85,85,85,65,65,80,80,79,79,79,54,54,54,36,36,36,36,48,48,48,48,42,42,42,58,58,58,31,31,31,21,21,21,56,56,56,60,60,60,49,49,49,61,61,61,75,75,75,105,105,105,105,156,156,156,156,98,98,98,110,110,120,120,120,63,63,63,63,63,89,89,59,59,93,93,76,76,76,83,83,83,62,62,62,62,71,71,71,71,22,22,76,76,69,69,59,59,74,74,74,81,81,81,59,59,59,72,72,72,74,74,74,62,62,62,62,90,90,90,77,77,77,50,50,50,56,56,72,72,91,91,80,80,80,64,64,64,64,65,65,65,65,58,58,58,72,72,72,64,64,64,49,49,49,49,68,68,68,60,60,66,66,71,71,37,37,37,42,42,42,48,48,48,48,80,80,80,80,80,80,52,52,52,39,39,39,39,68,68,68,68,75,75,75,75,63,63,63,63,72,72,72,72,40,40,40,55,55,55,47,47,47,49
176,30.69200000000000372,40,82,75,69,69,66,66,75,75,97,97,117,117,86,98,121,121,121,121,90,90,55,55,64,64,55,55,60,60,64,64,54,54,54,53,53,53,53,53,53,68,68,68,28,28,28,20,20,20,70,70,90,90,85,85,56,56,56,55,55,55,69,69,69,61,61,50,50,62,62,66,66,66,63,63,63,106,106,70,100,74,74,54,54,54,64,64,66,66,79,79,95,95,95,95,95,68,68,68,135,135,65,78,78,92,92,104,104,104,64,64,51,51,76,76,62,62,63,63,75,45,28,14,19,19,72,72,84,84,93,93,93,69,69,79,79,57,57,98,98,98,43,43,43,66,66,60,60,92,92,102,102,120,120,120,75,75,48,48,32,32,70,70,76,76,69,69,69,84,84,70,73,73,70,70,60,60,60,98,98,98,106,106,84,84,59,59,82,82,104,104,93,93,125,125,95,95,106,106,98,98,106,106,109,109,109,98,98,117,117,106,106,90,90,73,73,69,69,62,60,65,65,50,50,81,81,104,104,90,90,90,110,110,110,87,87,87,51,51,51,79,79,79,76,76,91,91,62,62,82,82,98,98,98,82,82,82,86,86,86,101,101,90,90,90,94,94,94,123,123,123,59,59,59,95,95,95,88,88,72,72,100,100,100,74,74,74,78,78,78,77,77,89,89,69,69,94,94,106,106,106,94,94,94,94,80,80,62,62,79,79,48,48,48,82,82,82,82,94,94,94,65,65,35,35,62,62,62,51,51,51,51,61,61,61,61,47,47,47,45,45,48,48,16,16,16,16,41,41,41,23,23,23,25,25,25,30,30,24,24,24,50,50,50,50,71,71,71,54,54,54,47,47,49,49,75,75,75,19,19,19,65,65,65,88,88,67,67,94,94,94,65,65,65,49,49,49,49,48,48,48,48,21,21,21,52,52,52,15,15,15,62,62,62,49,49,49,53,53,53,63,63,63,62,62,62,111,111,111,92,92,92,92,124,124,124,124,95,95,95,85,85,108,108,108,60,60,60,71,71,72,72,62,62,96,96,62,62,62,99,99,99,28,28,28,28,79,79,79,79,46,46,54,54,71,71,51,51,58,58,58,76,76,76,40,40,40,50,50,50,59,59,59,62,62,62,62,68,68,68,71,71,71,59,59,59,64,64,75,75,57,57,84,84,84,59,59,59,59,56,56,56,56,52,52,52,66,66,66,34,34,34,61,61,61,61,93,93,93,80,80,56,56,72,72,75,75,75,61,61,61,83,83,83,83,64,64,64,79,79,79,35,35,35,49,49,49,49,70,70,70,70,83,83,83,83,66,66,66,66,49,49,49,49,49,49,49,65,65,65,54,54,54,34
177,30.89200000000000301,73,63,50,20,20,16,16,50,50,62,62,82,82,71,72,72,72,64,64,44,44,39,39,35,35,-1,-1,19,19,85,85,45,45,45,17,17,17,-4,-4,-4,29,29,29,28,28,28,12,12,12,28,28,57,57,63,63,65,65,65,53,53,53,51,51,51,26,26,13,13,21,21,14,14,14,35,35,35,47,47,5,60,43,43,52,52,52,43,43,37,37,19,19,40,40,42,42,42,39,39,39,70,70,30,67,67,73,73,62,62,62,52,52,41,41,57,57,19,19,58,58,48,-12,-3,-21,15,15,-8,-8,80,80,67,67,67,47,47,32,32,48,48,82,82,82,55,55,55,22,22,37,37,63,63,47,47,63,63,63,70,70,13,13,26,26,56,56,48,48,49,49,49,54,54,56,43,43,53,53,43,43,43,31,31,31,69,69,42,42,85,85,68,68,75,75,80,80,81,81,77,77,62,62,82,82,89,89,95,95,95,55,55,48,48,40,40,37,37,35,35,49,49,46,13,29,29,14,14,46,46,77,77,61,61,61,71,71,71,80,80,80,20,20,20,64,64,64,75,75,72,72,32,32,70,70,88,88,88,82,82,82,85,85,85,93,93,83,83,83,79,79,79,56,56,56,30,30,30,65,65,65,-1,-1,35,35,102,102,102,73,73,73,91,91,91,72,72,53,53,60,60,82,82,81,81,81,30,30,30,30,82,82,43,43,35,35,42,42,42,39,39,39,39,40,40,40,48,48,21,21,39,39,39,71,71,71,71,56,56,56,56,17,17,17,56,56,28,28,13,13,13,13,32,32,32,28,28,28,2,2,2,21,21,12,12,12,14,14,14,14,42,42,42,16,16,16,12,12,-9,-9,40,40,40,14,14,14,43,43,43,44,44,44,44,43,43,43,82,82,82,59,59,59,59,62,62,62,62,38,38,38,43,43,43,31,31,31,66,66,66,53,53,53,53,53,53,73,73,73,36,36,36,121,121,121,75,75,75,75,87,87,87,87,36,36,36,39,39,52,52,52,73,73,73,30,30,54,54,55,55,59,59,45,45,45,82,82,82,35,35,35,35,52,52,52,52,16,16,-17,-17,40,40,35,35,1,1,1,62,62,62,-3,-3,-3,14,14,14,29,29,29,29,29,29,29,17,17,17,41,41,41,53,53,53,48,48,60,60,36,36,44,44,44,39,39,39,39,35,35,35,35,21,21,21,40,40,40,28,28,28,57,57,57,57,62,62,62,87,87,84,84,56,56,58,58,58,65,65,65,49,49,49,49,59,59,59,52,52,52,13,13,13,30,30,30,30,83,83,83,83,66,66,66,66,88,88,88,88,51,51,51,51,55,55,55,44,44,44,25,25,25,8
178,31.0920000000000023,58,2,10,36,36,-23,-23,30,30,12,12,21,21,18,47,72,72,8,8,-26,-26,33,33,22,22,21,21,-10,-10,52,52,13,13,13,29,29,29,0,0,0,-35,-35,-35,32,32,32,-13,-13,-13,-14,-14,4,4,30,30,51,51,51,48,48,48,-14,-14,-14,2,2,-1,-1,-3,-3,-1,-1,-1,14,14,14,2,2,12,-4,-6,-6,12,12,12,-2,-2,13,13,-12,-12,-4,-4,10,10,10,42,42,42,45,45,-17,25,25,5,5,42,42,42,25,25,-2,-2,-10,-10,20,20,-5,-5,3,-55,-39,-14,-16,-16,-17,-17,25,25,-8,-8,-8,-59,-59,14,14,-4,-4,6,6,6,38,38,38,-9,-9,1,1,17,17,16,16,24,24,24,3,3,5,5,0,0,21,21,-1,-1,27,27,27,13,13,4,10,10,-10,-10,41,41,41,21,21,21,24,24,39,39,47,47,59,59,51,51,68,68,71,71,52,52,77,77,48,48,61,61,77,77,77,35,35,13,13,-3,-3,-15,-15,-1,-1,21,21,-14,1,-13,-13,5,5,3,3,12,12,-13,-13,-13,28,28,28,56,56,56,11,11,11,16,16,16,35,35,74,74,32,32,27,27,36,36,36,76,76,76,80,80,80,49,49,63,63,63,14,14,14,25,25,25,11,11,11,19,19,19,-28,-28,22,22,58,58,58,62,62,62,84,84,84,55,55,43,43,44,44,31,31,29,29,29,25,25,25,25,36,36,37,37,8,8,12,12,12,46,46,46,46,52,52,52,48,48,12,12,34,34,34,19,19,19,19,25,25,25,25,27,27,27,-17,-17,-7,-7,13,13,13,13,33,33,33,27,27,27,49,49,49,-28,-28,12,12,12,49,49,49,49,39,39,39,-10,-10,-10,-13,-13,-12,-12,27,27,27,10,10,10,0,0,0,14,14,23,23,22,22,22,48,48,48,14,14,14,14,51,51,51,51,41,41,41,51,51,51,35,35,35,33,33,33,29,29,29,42,42,42,34,34,34,51,51,51,86,86,86,65,65,65,65,51,51,51,51,16,16,16,33,33,21,21,21,29,29,29,-7,-7,26,26,35,35,35,35,16,16,16,58,58,58,-19,-19,-19,-19,-3,-3,-3,-3,6,6,-21,-21,4,4,9,9,-30,-30,-30,13,13,13,0,0,0,-12,-12,-12,15,15,15,2,2,2,2,18,18,18,-11,-11,-11,-6,-6,-6,20,20,12,12,23,23,27,27,27,23,23,23,23,10,10,10,10,0,0,0,6,6,6,18,18,18,28,28,28,28,57,57,57,56,56,46,46,64,64,51,51,51,77,77,77,36,36,36,36,29,29,29,6,6,6,12,12,12,10,10,10,10,48,48,48,48,91,91,91,91,75,75,75,75,26,26,26,26,68,68,68,54,54,54,6,6,6,12
179,31.29200000000000159,25,-2,13,8,8,32,32,47,47,27,27,31,31,-11,18,26,26,30,30,9,9,25,25,35,35,-11,-11,9,9,29,29,4,4,4,22,22,22,5,5,5,-18,-18,-18,-4,-4,-4,1,1,1,47,47,31,31,54,54,21,21,21,29,29,29,2,2,2,4,4,-13,-13,-2,-2,-4,-4,-4,-27,-27,-27,-2,-2,4,-26,-17,-17,13,13,13,-6,-6,21,21,-12,-12,19,19,-3,-3,-3,13,13,13,29,29,-22,54,54,2,2,14,14,14,2,2,-5,-5,15,15,2,2,-22,-22,-7,-30,-20,6,12,12,30,30,16,16,-29,-29,-29,-4,-4,3,3,18,18,12,12,12,14,14,14,4,4,24,24,44,44,12,12,19,19,19,32,32,-19,-19,-29,-29,7,7,-15,-15,25,25,25,30,30,10,9,9,19,19,24,24,24,31,31,31,32,32,42,42,45,45,46,46,47,47,49,49,61,61,93,93,75,75,49,49,52,52,59,59,59,1,1,0,0,-14,-14,-8,-8,27,27,30,30,-27,12,12,12,31,31,-11,-11,24,24,-3,-3,-3,15,15,15,59,59,59,31,31,31,49,49,49,21,21,36,36,52,52,68,68,40,40,40,69,69,69,76,76,76,53,53,55,55,55,20,20,20,15,15,15,6,6,6,11,11,11,-1,-1,52,52,29,29,29,54,54,54,53,53,53,63,63,25,25,40,40,43,43,23,23,23,4,4,4,4,34,34,56,56,2,2,14,14,14,33,33,33,33,40,40,40,46,46,30,30,46,46,46,6,6,6,6,17,17,17,17,24,24,24,57,57,81,81,28,28,28,28,42,42,42,26,26,26,33,33,33,29,29,47,47,47,17,17,17,17,36,36,36,18,18,18,3,3,-1,-1,13,13,13,-4,-4,-4,11,11,11,32,32,26,26,19,19,19,55,55,55,-20,-20,-20,-20,29,29,29,29,36,36,36,26,26,26,26,26,26,54,54,54,40,40,40,89,89,89,49,49,49,67,67,67,72,72,72,83,83,83,83,58,58,58,58,40,40,40,20,20,19,19,19,32,32,32,14,14,40,40,31,31,60,60,33,33,33,24,24,24,-7,-7,-7,-7,10,10,10,10,0,0,-26,-26,-9,-9,14,14,-19,-19,-19,25,25,25,-7,-7,-7,-15,-15,-15,7,7,7,22,22,22,22,-5,-5,-5,22,22,22,12,12,12,32,32,10,10,26,26,49,49,49,31,31,31,31,0,0,0,0,5,5,5,5,5,5,10,10,10,66,66,66,66,36,36,36,45,45,52,52,75,75,39,39,39,76,76,76,70,70,70,70,60,60,60,-2,-2,-2,17,17,17,0,0,0,0,49,49,49,49,88,88,88,88,68,68,68,68,47,47,47,47,61,61,61,42,42,42,-2,-2,-2,6
180,31.49200000000000443,31,46,52,33,33,60,60,57,57,9,9,42,42,56,50,47,47,16,16,-4,-4,62,62,53,53,25,25,86,86,39,39,37,37,37,57,57,57,19,19,19,31,31,31,60,60,60,47,47,47,54,54,61,61,76,76,47,47,47,52,52,52,17,17,17,32,32,17,17,25,25,-3,-3,-3,11,11,11,26,26,21,40,17,17,17,17,17,9,9,52,52,8,8,16,16,4,4,4,36,36,36,20,20,16,30,30,15,15,19,19,19,22,22,35,35,44,44,-2,-2,10,10,-4,22,44,56,46,46,66,66,-29,-29,11,11,11,27,27,46,46,18,18,44,44,44,34,34,34,23,23,52,52,60,60,26,26,12,12,12,18,18,15,15,34,34,27,27,-2,-2,61,61,61,13,13,44,24,24,68,68,83,83,83,42,42,42,46,46,31,31,83,83,67,67,92,92,64,64,50,50,118,118,76,76,67,67,43,43,61,61,61,-10,-10,17,17,8,8,28,28,55,55,76,76,49,60,58,58,97,97,10,10,12,12,2,2,2,36,36,36,86,86,86,55,55,55,37,37,37,48,48,66,66,86,86,82,82,89,89,89,78,78,78,83,83,83,58,58,80,80,80,31,31,31,25,25,25,57,57,57,57,57,57,14,14,38,38,84,84,84,65,65,65,81,81,81,64,64,54,54,38,38,30,30,57,57,57,49,49,49,49,39,39,79,79,64,64,49,49,49,67,67,67,67,58,58,58,68,68,63,63,43,43,43,46,46,46,46,84,84,84,84,68,68,68,90,90,37,37,40,40,40,40,36,36,36,63,63,63,71,71,71,42,42,44,44,44,61,61,61,61,40,40,40,-25,-25,-25,54,54,51,51,39,39,39,8,8,8,56,56,56,45,45,38,38,42,42,42,60,60,60,77,77,77,77,42,42,42,42,38,38,38,37,37,37,66,66,66,91,91,91,41,41,41,105,105,105,73,73,73,94,94,94,122,122,122,118,118,118,118,50,50,50,50,71,71,71,62,62,29,29,29,21,21,21,35,35,45,45,41,41,59,59,49,49,49,26,26,26,13,13,13,13,37,37,37,37,48,48,30,30,7,7,39,39,25,25,25,43,43,43,31,31,31,31,31,31,56,56,56,29,29,29,29,33,33,33,39,39,39,49,49,49,49,49,52,52,36,36,56,56,56,66,66,66,66,13,13,13,13,29,29,29,56,56,56,55,55,55,99,99,99,99,57,57,57,57,57,82,82,82,82,98,98,98,69,69,69,76,76,76,76,67,67,67,54,54,54,53,53,53,32,32,32,32,48,48,48,48,84,84,84,84,47,47,47,47,57,57,57,57,85,85,85,74,74,74,58,58,58,37
181,31.69200000000000372,36,63,71,49,49,81,81,44,44,38,38,70,70,50,72,57,57,22,22,36,36,51,51,79,79,70,70,88,88,90,90,64,64,64,60,60,60,72,72,72,27,27,27,82,82,82,84,84,84,39,39,57,57,114,114,48,48,48,51,51,51,38,38,38,53,53,49,49,52,52,12,12,12,55,55,55,48,48,57,70,24,24,53,53,53,30,30,48,48,7,7,22,22,12,12,12,39,39,39,49,49,50,34,34,27,27,-1,-1,-1,34,34,77,77,41,41,28,28,35,35,29,45,63,70,96,96,59,59,19,19,5,5,5,28,28,45,45,47,47,17,17,17,77,77,77,61,61,29,29,66,66,27,27,31,31,31,59,59,48,48,59,59,51,51,10,10,52,52,52,55,55,60,55,55,54,54,98,98,98,84,84,84,60,60,67,67,109,109,83,83,82,82,82,82,128,128,125,125,95,95,51,51,40,40,40,40,40,12,12,39,39,18,18,47,47,70,70,88,88,43,89,79,79,109,109,44,44,7,7,29,29,29,43,43,43,90,90,90,84,84,84,54,54,54,53,53,60,60,79,79,95,95,80,80,80,85,85,85,76,76,76,42,42,49,49,49,35,35,35,37,37,37,63,63,63,83,83,83,67,67,74,74,107,107,107,109,109,109,99,99,99,91,91,56,56,69,69,59,59,22,22,22,19,19,19,19,57,57,78,78,103,103,59,59,59,71,71,71,71,68,68,68,75,75,80,80,88,88,88,55,55,55,55,96,96,96,96,99,99,99,90,90,89,89,72,72,72,72,95,95,95,83,83,83,92,92,92,71,71,80,80,80,72,72,72,72,37,37,37,54,54,54,77,77,69,69,52,52,52,38,38,38,58,58,58,58,58,45,45,58,58,58,47,47,47,68,68,68,68,79,79,79,79,22,22,22,72,72,72,96,96,96,100,100,100,79,79,79,91,91,91,57,57,57,101,101,101,132,132,132,107,107,107,107,69,69,69,69,113,113,113,105,105,52,52,52,36,36,36,52,52,61,61,66,66,77,77,57,57,57,49,49,49,50,50,50,50,9,9,9,9,78,78,58,58,46,46,77,77,57,57,57,23,23,23,73,73,73,44,44,44,33,33,33,64,64,64,64,56,56,56,61,61,61,51,51,51,69,69,64,64,83,83,109,109,109,82,82,82,82,51,51,51,51,59,59,59,71,71,71,88,88,88,71,71,71,71,97,97,97,79,79,111,111,97,97,73,73,73,101,101,101,88,88,88,88,76,76,76,53,53,53,71,71,71,62,62,62,62,52,52,52,52,93,93,93,93,97,97,97,97,80,80,80,80,117,117,117,95,95,95,46,46,46,86
182,31.89200000000000301,33,86,81,47,47,70,70,16,16,40,40,57,57,48,49,40,40,22,22,14,14,49,49,73,73,54,54,75,75,49,49,78,78,78,69,69,69,69,69,69,80,80,80,91,91,91,94,94,94,55,55,72,72,67,67,48,48,48,48,48,48,34,34,34,41,41,42,42,20,20,30,30,30,52,52,52,43,43,58,54,24,24,44,44,44,28,28,41,41,41,41,16,16,11,11,11,52,52,52,26,26,25,28,28,42,42,29,29,29,5,5,38,38,50,50,60,60,8,8,23,34,53,70,61,61,74,74,23,23,8,8,8,51,51,46,46,31,31,14,14,14,54,54,54,43,43,55,55,58,58,29,29,50,50,50,39,39,55,55,84,84,40,40,6,6,37,37,37,47,47,50,51,51,38,38,74,74,74,72,72,72,64,64,88,88,92,92,82,82,85,85,96,96,74,74,89,89,87,87,54,54,40,40,19,19,19,35,35,29,29,32,32,30,30,64,64,73,73,46,73,44,44,90,90,27,27,34,34,38,38,38,31,31,31,66,66,66,67,67,67,77,77,77,45,45,70,70,69,69,71,71,89,89,89,93,93,93,68,68,68,47,47,57,57,57,24,24,24,34,34,34,90,90,90,81,81,81,46,46,52,52,93,93,93,100,100,100,84,84,84,91,91,47,47,61,61,51,51,15,15,15,30,30,30,30,71,71,76,76,99,99,62,62,62,74,74,74,74,55,55,55,70,70,79,79,83,83,83,58,58,58,58,69,69,69,69,117,117,117,93,93,74,74,72,72,72,72,65,65,65,78,78,78,95,95,95,63,63,79,79,79,57,57,57,57,39,39,39,78,78,78,64,64,64,64,63,63,63,50,50,50,71,71,71,25,25,39,39,38,38,38,72,72,72,67,67,67,67,87,87,87,87,61,61,61,59,59,59,96,96,96,112,112,112,65,65,65,99,99,99,87,87,87,100,100,100,158,158,158,107,107,107,107,39,39,39,39,79,79,79,79,79,62,62,62,29,29,29,69,69,50,50,51,51,56,56,53,53,53,28,28,28,52,52,52,52,51,51,51,51,56,56,65,65,49,49,77,77,64,64,64,35,35,35,34,34,34,45,45,45,41,41,41,48,48,48,48,53,53,53,32,32,32,73,73,73,91,91,61,61,39,39,76,76,76,87,87,87,87,50,50,50,50,36,36,36,75,75,75,51,51,51,65,65,65,65,69,69,69,62,62,86,86,83,83,76,76,76,91,91,91,76,76,76,76,43,43,43,93,93,93,69,69,69,67,67,67,67,42,42,42,42,85,85,85,85,65,65,65,65,62,62,62,62,76,76,76,76,76,76,77,77,77,65
183,32.09200000000000585,79,109,56,90,90,58,58,49,49,30,30,30,30,61,34,9,9,21,21,-1,-1,41,41,42,42,23,23,86,86,2,2,47,47,47,27,27,27,57,57,57,46,46,46,27,27,27,57,57,57,40,40,53,53,29,29,47,47,47,16,16,16,8,8,8,16,16,7,7,30,30,62,62,62,49,49,49,53,53,70,55,5,5,31,31,31,26,26,-6,-6,-6,-6,-19,-19,28,28,28,25,25,25,-7,-7,23,47,47,5,5,34,34,34,29,29,55,55,11,11,11,11,12,12,-14,21,42,24,36,36,46,46,15,15,35,35,35,13,13,27,27,17,17,27,27,27,44,44,44,60,60,51,51,20,20,37,37,10,10,10,32,32,32,32,87,87,18,18,13,13,15,15,15,32,32,24,24,24,6,6,42,42,42,43,43,43,45,45,94,94,83,83,51,51,43,43,66,66,76,76,89,89,46,46,51,51,7,7,-2,-2,-2,22,22,-9,-9,25,25,21,21,37,37,14,14,28,33,32,32,65,65,41,41,23,23,21,21,21,47,47,47,46,46,46,85,85,85,35,35,35,20,20,56,56,55,55,78,78,36,36,36,47,47,47,83,83,83,27,27,65,65,65,-2,-2,-2,44,44,44,83,83,83,55,55,55,26,26,14,14,51,51,51,59,59,59,49,49,49,51,51,17,17,26,26,30,30,18,18,18,58,58,58,58,26,26,49,49,85,85,47,47,47,43,43,43,43,36,36,36,54,54,33,33,56,56,56,51,51,51,51,50,50,50,50,92,92,92,71,71,58,58,38,38,38,38,33,33,33,85,85,85,52,52,52,23,23,12,12,12,72,72,72,72,43,43,43,45,45,45,31,31,44,44,14,14,14,56,56,56,30,30,30,34,34,8,8,20,20,20,39,39,39,53,53,53,53,49,49,49,49,37,37,37,21,21,21,95,95,95,116,116,116,50,50,50,102,102,102,89,89,89,91,91,91,159,159,159,110,110,110,110,24,24,24,24,69,69,69,25,25,18,18,18,42,42,42,33,33,20,20,45,45,31,31,27,27,27,50,50,50,72,72,72,72,40,40,40,40,39,39,76,76,57,57,58,58,65,65,65,-31,-31,-31,37,37,37,14,14,14,-2,-2,-2,56,56,56,56,9,9,9,31,31,31,76,76,76,67,67,62,62,55,55,43,43,43,72,72,72,72,45,45,45,45,33,33,33,55,55,55,46,46,46,51,51,51,51,20,20,20,43,43,68,68,72,72,44,44,44,60,60,60,71,71,71,71,40,40,40,54,54,54,58,58,58,46,46,46,46,50,50,50,50,65,65,65,65,87,87,87,87,73,73,73,73,76,76,76,79,79,79,106,106,106,102
184,32.29200000000000159,55,58,25,74,74,37,37,12,12,14,14,24,24,9,17,-20,-20,-19,-19,-15,-15,0,0,-20,-20,7,7,6,6,5,5,30,30,30,4,4,4,58,58,58,45,45,45,41,41,41,37,37,37,6,6,3,3,-1,-1,53,53,53,14,14,14,16,16,16,9,9,3,3,2,2,17,17,17,10,10,10,29,29,22,6,14,14,34,34,34,7,7,-13,-13,17,17,-22,-22,-16,-16,-16,46,46,46,-44,-44,9,34,34,17,17,9,9,9,40,40,42,42,-8,-8,0,0,-13,-13,-26,0,20,9,29,29,18,18,5,5,-5,-5,-5,34,34,-19,-19,25,25,29,29,29,50,50,50,38,38,54,54,31,31,32,32,35,35,35,18,18,22,22,43,43,20,20,35,35,-28,-28,-28,-21,-21,-1,6,6,4,4,43,43,43,9,9,9,46,46,68,68,27,27,27,27,20,20,35,35,58,58,64,64,53,53,30,30,17,17,21,21,21,39,39,-10,-10,-6,-6,15,15,2,2,-14,-14,-6,-8,1,1,21,21,39,39,50,50,-6,-6,-6,8,8,8,26,26,26,63,63,63,27,27,27,4,4,20,20,46,46,29,29,53,53,53,33,33,33,70,70,70,19,19,5,5,5,-26,-26,-26,29,29,29,74,74,74,48,48,48,25,25,7,7,21,21,21,26,26,26,26,26,26,13,13,52,52,14,14,43,43,24,24,24,54,54,54,54,54,54,48,48,67,67,44,44,44,36,36,36,36,8,8,8,18,18,11,11,46,46,46,32,32,32,32,25,25,25,25,72,72,72,25,25,54,54,47,47,47,47,23,23,23,48,48,48,33,33,33,29,29,36,36,36,47,47,47,47,24,24,24,49,49,49,27,27,29,29,3,3,3,37,37,37,-2,-2,-2,-5,-5,-11,-11,-5,-5,-5,27,27,27,25,25,25,25,8,8,8,8,40,40,40,41,41,41,68,68,68,94,94,94,89,89,89,59,59,59,50,50,50,85,85,85,125,125,125,59,59,59,59,17,17,17,17,40,40,40,41,41,13,13,13,19,19,19,20,20,-10,-10,12,12,30,30,24,24,24,36,36,36,65,65,65,65,34,34,34,34,45,45,39,39,9,9,12,12,29,29,29,-9,-9,-9,15,15,15,31,31,31,-16,-16,-16,29,29,29,29,25,25,25,36,36,36,67,67,67,49,49,38,38,40,40,27,27,27,54,54,54,54,58,58,58,58,26,26,26,16,16,16,7,7,7,38,38,38,38,33,33,33,22,22,20,20,12,12,26,26,26,41,41,41,44,44,44,44,12,12,12,74,74,74,57,57,57,39,39,39,39,28,28,28,28,52,52,52,52,59,59,59,59,40,40,40,40,20,20,20,31,31,31,97,97,97,111
185,32.49200000000000443,45,11,40,14,14,40,40,20,20,-2,-2,23,23,30,27,-13,-13,-11,-11,-9,-9,-12,-12,-28,-28,-1,-1,14,14,14,14,0,0,0,-21,-21,-21,1,1,1,26,26,26,21,21,21,5,5,5,32,32,-6,-6,12,12,21,21,21,-11,-11,-11,19,19,19,8,8,-6,-6,10,10,28,28,28,20,20,20,0,0,21,28,-2,-2,16,16,16,-1,-1,-16,-16,4,4,-10,-10,8,8,8,29,29,29,-14,-14,25,24,24,27,27,2,2,2,57,57,32,32,11,11,8,8,-13,-13,-14,27,22,47,7,7,8,8,16,16,22,22,22,18,18,0,0,-6,-6,13,13,13,55,55,55,61,61,35,35,23,23,27,27,25,25,25,43,43,29,29,50,50,60,60,31,31,-26,-26,-26,-4,-4,-1,15,15,13,13,-2,-2,-2,20,20,20,18,18,54,54,8,8,13,13,23,23,36,36,46,46,62,62,60,60,7,7,8,8,36,36,36,43,43,4,4,-2,-2,25,25,-2,-2,-2,-2,8,-11,2,2,8,8,69,69,15,15,41,41,41,19,19,19,21,21,21,73,73,73,38,38,38,30,30,37,37,46,46,21,21,27,27,27,17,17,17,48,48,48,18,18,0,0,0,-4,-4,-4,33,33,33,72,72,72,81,81,81,49,49,21,21,33,33,33,53,53,53,-3,-3,-3,12,12,23,23,32,32,62,62,16,16,16,61,61,61,61,14,14,28,28,43,43,26,26,26,37,37,37,37,11,11,11,10,10,27,27,22,22,22,21,21,21,21,14,14,14,14,1,1,1,41,41,55,55,45,45,45,45,33,33,33,46,46,46,52,52,52,48,48,59,59,59,39,39,39,39,44,44,44,49,49,49,28,28,21,21,7,7,7,55,55,55,23,23,23,-4,-4,8,8,-13,-13,-13,5,5,5,-21,-21,-21,-21,32,32,32,32,48,48,48,35,35,35,52,52,52,67,67,67,47,47,47,68,68,68,58,58,58,64,64,64,110,110,110,77,77,77,77,22,22,22,22,39,39,39,23,23,25,25,25,-1,-1,-1,21,21,4,4,0,0,0,0,25,25,25,16,16,16,47,47,47,47,19,19,19,19,3,3,13,13,2,2,-4,-4,26,26,26,-1,-1,-1,2,2,2,16,16,16,0,0,0,33,33,33,33,21,21,21,47,47,47,73,73,73,33,33,44,44,21,21,28,28,28,37,37,37,37,51,51,51,51,32,32,32,-11,-11,-11,36,36,36,25,25,25,25,19,19,19,34,34,2,2,6,6,6,6,6,47,47,47,55,55,55,55,7,7,7,17,17,17,28,28,28,23,23,23,23,27,27,27,27,30,30,30,30,50,50,50,50,48,48,48,48,14,14,14,26,26,26,84,84,84,79
186,32.69200000000000017,50,32,50,69,69,15,15,18,18,54,54,43,43,47,37,-17,-17,2,2,48,48,-17,-17,-26,-26,15,15,14,14,20,20,-10,-10,-10,-5,-5,-5,21,21,21,26,26,26,30,30,30,-15,-15,-15,9,9,23,23,38,38,17,17,17,-8,-8,-8,13,13,13,30,30,7,7,-2,-2,15,15,15,24,24,24,55,55,20,33,-11,-11,14,14,14,13,13,3,3,15,15,24,24,17,17,17,43,43,43,12,12,43,19,19,29,29,32,32,32,36,36,19,19,12,12,46,46,20,20,19,48,25,15,20,20,2,2,4,4,21,21,21,46,46,31,31,36,36,18,18,18,5,5,5,40,40,29,29,47,47,60,60,32,32,32,36,36,50,50,32,32,40,40,36,36,11,11,11,8,8,-2,27,27,21,21,24,24,24,43,43,43,-3,-3,21,21,6,6,-7,-7,47,47,22,22,53,53,68,68,42,42,30,30,26,26,44,44,44,74,74,22,22,38,38,52,52,1,1,12,12,29,9,-1,-1,18,18,99,99,54,54,47,47,47,52,52,52,35,35,35,54,54,54,47,47,47,40,40,21,21,39,39,25,25,41,41,41,68,68,68,44,44,44,23,23,17,17,17,25,25,25,39,39,39,61,61,61,63,63,63,52,52,37,37,56,56,56,18,18,18,10,10,10,46,46,44,44,47,47,74,74,26,26,26,63,63,63,63,38,38,54,54,30,30,21,21,21,21,21,21,21,3,3,3,5,5,15,15,40,40,40,13,13,13,13,14,14,14,14,-6,-6,-6,49,49,38,38,51,51,51,51,21,21,21,42,42,42,42,42,42,54,54,61,61,61,59,59,59,59,57,57,57,67,67,67,32,32,29,29,40,40,40,48,48,48,35,35,35,56,56,15,15,17,17,17,20,20,20,18,18,18,18,29,29,29,29,21,21,21,15,15,15,22,22,22,51,51,51,53,53,53,75,75,75,62,62,62,69,69,69,88,88,88,67,67,67,67,72,72,72,72,69,69,69,41,41,66,66,66,44,44,44,19,19,-1,-1,-17,-17,32,32,8,8,8,36,36,36,53,53,53,53,30,30,30,30,22,22,32,32,10,10,-6,-6,50,50,50,38,38,38,5,5,5,24,24,24,30,30,30,38,38,38,38,22,22,22,25,25,25,41,41,41,34,34,30,30,22,22,9,9,9,39,39,39,39,46,46,46,46,46,46,46,4,4,4,21,21,21,27,27,27,27,49,49,49,62,62,4,4,-2,-2,-2,-2,-2,45,45,45,28,28,28,28,29,29,29,41,41,41,36,36,36,11,11,11,11,0,0,0,0,27,27,27,27,65,65,65,65,35,35,35,35,9,9,9,14,14,14,62,62,62,63
187,32.89200000000000301,32,48,11,54,54,24,24,42,42,42,42,57,57,40,38,5,5,10,10,42,42,-9,-9,-20,-20,34,34,-4,-4,24,24,8,8,8,20,20,20,23,23,23,11,11,11,-2,-2,-2,10,10,10,44,44,14,14,36,36,8,8,8,-24,-24,-24,23,23,23,16,16,2,2,16,16,14,14,14,8,8,8,48,48,14,15,10,10,25,25,25,-11,-11,18,18,46,46,55,55,-1,-1,-1,45,45,45,23,23,51,54,54,34,34,25,25,25,25,25,-22,-22,13,13,28,28,17,17,18,30,0,-2,10,10,1,1,11,11,18,18,18,34,34,26,26,5,5,11,11,11,3,3,3,21,21,3,3,18,18,36,36,28,28,28,46,46,46,46,13,13,50,50,28,28,14,14,14,15,15,9,4,4,58,58,1,1,1,20,20,20,22,22,2,2,-10,-10,11,11,32,32,48,48,60,60,70,70,72,72,33,33,38,38,48,48,48,60,60,24,24,57,57,78,78,32,32,40,40,43,8,20,20,14,14,62,62,57,57,63,63,63,61,61,61,18,18,18,35,35,35,33,33,33,64,64,43,43,33,33,10,10,-9,-9,-9,66,66,66,58,58,58,34,34,8,8,8,53,53,53,70,70,70,68,68,68,65,65,65,49,49,52,52,58,58,58,32,32,32,30,30,30,31,31,37,37,62,62,17,17,37,37,37,8,8,8,8,26,26,40,40,30,30,52,52,52,36,36,36,36,54,54,54,36,36,33,33,39,39,39,35,35,35,35,27,27,27,27,32,32,32,49,49,48,48,57,57,57,57,26,26,26,44,44,44,18,18,18,69,69,53,53,53,84,84,84,84,54,54,54,63,63,63,77,77,59,59,45,45,45,56,56,56,61,61,61,56,56,32,32,40,40,40,31,31,31,9,9,9,9,35,35,35,35,48,48,48,37,37,37,24,24,24,31,31,31,70,70,70,56,56,56,54,54,54,31,31,31,64,64,64,65,65,65,65,56,56,56,56,67,67,67,40,40,63,63,63,52,52,52,38,38,39,39,21,21,45,45,34,34,34,51,51,51,59,59,59,59,24,24,24,24,18,18,26,26,47,47,10,10,48,48,48,30,30,30,14,14,14,23,23,23,54,54,54,49,49,49,49,57,57,57,44,44,44,59,59,59,27,27,15,15,49,49,30,30,30,38,38,38,38,51,51,51,51,53,53,53,25,25,25,32,32,32,11,11,11,11,63,63,63,52,52,26,26,33,33,43,43,43,14,14,14,44,44,44,44,41,41,41,35,35,35,52,52,52,22,22,22,22,35,35,35,35,7,7,7,7,24,24,24,24,18,18,18,18,-11,-11,-11,28,28,28,36,36,36,32
188,33.09200000000000585,-6,4,16,20,20,14,14,32,32,37,37,51,51,27,-5,8,8,27,27,4,4,-16,-16,-11,-11,23,23,-2,-2,23,23,-3,-3,-3,-2,-2,-2,4,4,4,17,17,17,21,21,21,8,8,8,8,8,10,10,40,40,8,8,8,9,9,9,14,14,14,0,0,-2,-2,-10,-10,-33,-33,-33,4,4,4,23,23,22,1,0,0,43,43,43,11,11,9,9,24,24,21,21,-11,-11,-11,22,22,22,22,22,31,40,40,36,36,28,28,28,5,5,-22,-22,28,28,32,32,23,23,36,19,-28,-50,-31,-31,6,6,34,34,35,35,35,66,66,6,6,-26,-26,1,1,1,2,2,2,13,13,-9,-9,13,13,40,40,22,22,22,24,24,27,27,15,15,65,65,31,31,7,7,7,9,9,24,27,27,10,10,39,39,39,26,26,26,48,48,7,7,28,28,5,5,40,40,56,56,56,56,38,38,47,47,32,32,28,28,46,46,46,33,33,43,43,55,55,51,51,39,39,15,15,38,7,25,25,9,9,62,62,78,78,66,66,66,53,53,53,29,29,29,29,29,29,43,43,43,31,31,35,35,8,8,13,13,-6,-6,-6,49,49,49,35,35,35,60,60,48,48,48,73,73,73,62,62,62,44,44,44,72,72,72,19,19,39,39,22,22,22,-2,-2,-2,25,25,25,19,19,44,44,28,28,55,55,51,51,51,27,27,27,27,56,56,33,33,55,55,40,40,40,41,41,41,41,48,48,48,39,39,28,28,36,36,36,14,14,14,14,22,22,22,22,48,48,48,74,74,49,49,48,48,48,48,31,31,31,59,59,59,42,42,42,66,66,57,57,57,58,58,58,58,65,65,65,66,66,66,52,52,47,47,60,60,60,67,67,67,50,50,50,60,60,27,27,44,44,44,20,20,20,5,5,5,5,77,77,77,77,39,39,39,26,26,26,16,16,16,29,29,29,61,61,61,30,30,30,30,30,30,23,23,23,30,30,30,41,41,41,41,101,101,101,101,48,48,48,31,31,63,63,63,57,57,57,49,49,35,35,33,33,34,34,26,26,26,58,58,58,19,19,19,19,23,23,23,23,0,0,40,40,27,27,30,30,28,28,28,54,54,54,28,28,28,43,43,43,67,67,67,26,26,26,26,35,35,35,32,32,32,59,59,59,45,45,64,64,40,40,61,61,61,26,26,26,26,36,36,36,36,46,46,46,40,40,40,57,57,57,13,13,13,13,51,51,51,45,45,58,58,44,44,22,22,22,25,25,25,16,16,16,16,42,42,42,35,35,35,61,61,61,30,30,30,30,52,52,52,52,23,23,23,23,31,31,31,31,27,27,27,27,4,4,4,13,13,13,-22,-22,-22,-13
189,33.29200000000000159,-11,5,-6,-19,-19,27,27,0,0,10,10,50,50,-4,45,9,9,-1,-1,30,30,-24,-24,-9,-9,-8,-8,-26,-26,14,14,-18,-18,-18,-18,-18,-18,-44,-44,-44,1,1,1,-16,-16,-16,16,16,16,9,9,4,4,2,2,-13,-13,-13,-9,-9,-9,3,3,3,5,5,2,2,-7,-7,-1,-1,-1,3,3,3,12,12,24,9,-16,-16,-9,-9,-9,12,12,14,14,-9,-9,13,13,-44,-44,-44,27,27,27,-2,-2,24,31,31,38,38,17,17,17,7,7,-36,-36,18,18,23,23,14,14,32,-15,-40,-20,-25,-25,-16,-16,-9,-9,25,25,25,4,4,-21,-21,-13,-13,-28,-28,-28,-2,-2,-2,-4,-4,-49,-49,-7,-7,-8,-8,18,18,18,9,9,11,11,-25,-25,3,3,13,13,28,28,28,8,8,13,41,41,-16,-16,-5,-5,-5,13,13,13,22,22,-32,-32,-25,-25,18,18,16,16,29,29,34,34,31,31,37,37,32,32,51,51,46,46,46,0,0,34,34,27,27,33,33,25,25,22,22,2,-9,-8,-8,10,10,9,9,34,34,15,15,15,18,18,18,37,37,37,-4,-4,-4,57,57,57,17,17,14,14,10,10,21,21,0,0,0,15,15,15,30,30,30,57,57,25,25,25,51,51,51,39,39,39,47,47,47,34,34,34,28,28,15,15,9,9,9,35,35,35,19,19,19,12,12,52,52,32,32,30,30,23,23,23,9,9,9,9,50,50,1,1,56,56,16,16,16,26,26,26,26,31,31,31,7,7,15,15,28,28,28,10,10,10,10,40,40,40,40,33,33,33,44,44,44,44,13,13,13,13,37,37,37,-2,-2,-2,2,2,2,46,46,20,20,20,27,27,27,27,61,61,61,45,45,45,6,6,31,31,63,63,63,31,31,31,43,43,43,37,37,47,47,40,40,40,27,27,27,11,11,11,11,56,56,56,56,25,25,25,35,35,35,45,45,45,32,32,32,40,40,40,32,32,32,28,28,28,14,14,14,50,50,50,38,38,38,38,67,67,67,67,36,36,36,4,4,36,36,36,56,56,56,12,12,36,36,2,2,30,30,8,8,8,60,60,60,17,17,17,17,22,22,22,22,7,7,10,10,8,8,6,6,26,26,26,37,37,37,14,14,14,5,5,5,25,25,25,5,5,5,5,0,0,0,53,53,53,19,19,19,11,11,35,35,36,36,28,28,28,1,1,1,1,24,24,24,24,43,43,43,15,15,15,-9,-9,-9,27,27,27,27,16,16,16,51,51,27,27,39,39,56,56,56,18,18,18,-4,-4,-4,-4,30,30,30,35,35,35,17,17,17,30,30,30,30,27,27,27,27,19,19,19,19,5,5,5,5,18,18,18,18,1,1,1,6,6,6,-25,-25,-25,-1
190,33.49200000000000443,-4,-20,-44,-2,-2,-17,-17,18,18,-10,-10,-2,-2,37,2,-12,-12,3,3,-8,-8,-14,-14,-8,-8,-16,-16,-33,-33,-29,-29,-24,-24,-24,-16,-16,-16,-10,-10,-10,-30,-30,-30,-41,-41,-41,-10,-10,-10,-43,-43,0,0,-18,-18,-8,-8,-8,15,15,15,-29,-29,-29,5,5,-23,-23,-39,-39,-20,-20,-20,-12,-12,-12,-8,-8,-8,-41,-28,-28,10,10,10,1,1,-10,-10,-12,-12,18,18,-9,-9,-9,-1,-1,-1,-32,-32,2,24,24,20,20,-1,-1,-1,2,2,5,5,38,38,-25,-25,4,4,-3,-12,-5,-31,-6,-6,-5,-5,-15,-15,-25,-25,-25,-29,-29,-15,-15,-11,-11,6,6,6,32,32,32,-48,-48,-14,-14,-48,-48,-44,-44,-18,-18,-18,-14,-14,-7,-7,-15,-15,22,22,-14,-14,-1,-1,-1,-3,-3,12,-2,-2,-11,-11,-7,-7,-7,-1,-1,-1,4,4,-30,-30,-13,-13,6,6,27,27,2,2,14,14,7,7,24,24,-19,-19,25,25,51,51,51,18,18,3,3,7,7,-14,-14,-10,-10,10,10,-38,-14,8,8,-32,-32,-17,-17,-12,-12,-9,-9,-9,-11,-11,-11,22,22,22,-18,-18,-18,5,5,5,-1,-1,4,4,13,13,-8,-8,4,4,4,-4,-4,-4,39,39,39,43,43,49,49,49,36,36,36,4,4,4,-12,-12,-12,35,35,35,-12,-12,34,34,0,0,0,2,2,2,12,12,12,-12,-12,5,5,-18,-18,5,5,25,25,25,-5,-5,-5,-5,28,28,19,19,-1,-1,5,5,5,-6,-6,-6,-6,13,13,13,-16,-16,-9,-9,6,6,6,22,22,22,22,12,12,12,12,4,4,4,33,33,14,14,22,22,22,22,51,51,51,15,15,15,16,16,16,18,18,16,16,16,-6,-6,-6,-6,18,18,18,-2,-2,-2,-11,-11,0,0,6,6,6,33,33,33,0,0,0,18,18,22,22,11,11,11,14,14,14,35,35,35,35,63,63,63,63,-31,-31,-31,1,1,1,13,13,13,-23,-23,-23,25,25,25,46,46,46,17,17,17,4,4,4,0,0,0,43,43,43,43,44,44,44,44,7,7,7,13,13,23,23,23,17,17,17,-4,-4,27,27,-6,-6,4,4,10,10,10,37,37,37,-16,-16,-16,-16,27,27,27,27,0,0,-6,-6,-37,-37,-2,-2,-17,-17,-17,18,18,18,-17,-17,-17,-1,-1,-1,-16,-16,-16,-5,-5,-5,-5,19,19,19,7,7,7,21,21,21,3,3,24,24,-3,-3,-9,-9,-9,25,25,25,25,-2,-2,-2,-2,-1,-1,-1,1,1,1,16,16,16,38,38,38,38,10,10,10,8,8,23,23,1,1,1,1,1,7,7,7,26,26,26,26,18,18,18,-20,-20,-20,9,9,9,-11,-11,-11,-11,11,11,11,11,-22,-22,-22,-22,-3,-3,-3,-3,12,12,12,12,8,8,8,30,30,30,-9,-9,-9,-25
191,33.69200000000000017,-5,-29,-42,-44,-44,-1,-1,-3,-3,-20,-20,1,1,-24,21,7,7,2,2,26,26,3,3,7,7,-29,-29,-39,-39,-5,-5,-44,-44,-44,-16,-16,-16,-18,-18,-18,-40,-40,-40,-10,-10,-10,-8,-8,-8,-53,-53,-38,-38,-17,-17,-27,-27,-27,-13,-13,-13,-6,-6,-6,-16,-16,-30,-30,-31,-31,-11,-11,-11,-25,-25,-25,-42,-42,-53,-28,-39,-39,-8,-8,-8,-16,-16,3,3,-12,-12,13,13,-44,-44,-44,-25,-25,-25,-7,-7,-6,-4,-4,2,2,-4,-4,-4,-23,-23,-17,-17,-34,-34,-13,-13,-4,-4,-1,-15,7,-14,11,11,6,6,-31,-31,-17,-17,-17,-44,-44,-53,-53,-27,-27,-34,-34,-34,-19,-19,-19,-50,-50,-75,-75,-26,-26,-20,-20,-7,-7,-7,3,3,-11,-11,-10,-10,-7,-7,10,10,8,8,8,-8,-8,-20,-8,-8,-45,-45,-41,-41,-41,-9,-9,-9,-4,-4,-17,-17,-4,-4,1,1,8,8,-5,-5,-31,-31,8,8,12,12,3,3,13,13,5,5,5,-7,-7,-11,-11,-35,-35,-19,-19,-22,-22,-13,-13,-26,0,-25,-25,6,6,-35,-35,-13,-13,-51,-51,-51,-33,-33,-33,18,18,18,-13,-13,-13,-1,-1,-1,9,9,0,0,-13,-13,-5,-5,17,17,17,-11,-11,-11,20,20,20,38,38,22,22,22,8,8,8,-15,-15,-15,-13,-13,-13,-8,-8,-8,-26,-26,12,12,-14,-14,-14,-3,-3,-3,4,4,4,-5,-5,17,17,-25,-25,-14,-14,4,4,4,-26,-26,-26,-26,18,18,14,14,-18,-18,-9,-9,-9,-4,-4,-4,-4,0,0,0,5,5,-1,-1,-4,-4,-4,52,52,52,52,10,10,10,10,7,7,7,-19,-19,0,0,-13,-13,-13,-13,16,16,16,-3,-3,-3,25,25,25,9,9,12,12,12,-19,-19,-19,-19,19,19,19,-19,-19,-19,-16,-16,-18,-18,-12,-12,-12,26,26,26,-4,-4,-4,4,4,17,17,20,20,20,18,18,18,4,4,4,4,-13,-13,-13,-13,-3,-3,-3,0,0,0,5,5,5,5,5,5,16,16,16,14,14,14,8,8,8,-12,-12,-12,20,20,20,21,21,21,21,34,34,34,34,9,9,9,8,8,-18,-18,-18,2,2,2,-11,-11,-4,-4,-2,-2,8,8,2,2,2,7,7,7,-48,-48,-48,-48,-37,-37,-37,-37,-13,-13,-32,-32,-32,-32,-32,-32,-40,-40,-40,-2,-2,-2,-33,-33,-33,-5,-5,-5,2,2,2,-28,-28,-28,-28,-25,-25,-25,-15,-15,-15,-35,-35,-35,8,8,-13,-13,0,0,6,6,6,21,21,21,21,5,5,5,5,2,2,2,-12,-12,-12,-8,-8,-8,-9,-9,-9,-9,4,4,4,-5,-5,-3,-3,11,11,-3,-3,-3,6,6,6,7,7,7,7,-1,-1,-1,-8,-8,-8,-12,-12,-12,-7,-7,-7,-7,4,4,4,4,-12,-12,-12,-12,24,24,24,24,-9,-9,-9,-9,1,1,1,-24,-24,-24,-38,-38,-38,-28
192,33.89200000000000301,-34,1,-39,-57,-57,0,0,-12,-12,-37,-37,-26,-26,-14,8,4,4,7,7,4,4,31,31,8,8,6,6,-17,-17,-42,-42,3,3,3,-16,-16,-16,-45,-45,-45,-54,-54,-54,-1,-1,-1,-23,-23,-23,-12,-12,-29,-29,-49,-49,-16,-16,-16,1,1,1,-14,-14,-14,-3,-3,-7,-7,-28,-28,0,0,0,-8,-8,-8,-19,-19,-22,-58,-20,-20,-4,-4,-4,27,27,16,16,15,15,5,5,-11,-11,-11,-6,-6,-6,16,16,-16,-9,-9,14,14,1,1,1,-22,-22,-11,-11,-9,-9,-25,-25,-24,-24,32,-12,28,20,47,47,-7,-7,-35,-35,-20,-20,-20,-55,-55,-43,-43,-38,-38,-20,-20,-20,6,6,6,-31,-31,-44,-44,-42,-42,-14,-14,-8,-8,-8,-21,-21,-19,-19,-2,-2,-7,-7,17,17,26,26,26,7,7,-13,-16,-16,-15,-15,-14,-14,-14,-32,-32,-32,9,9,-6,-6,-17,-17,-10,-10,-16,-16,-36,-36,-1,-1,-30,-30,-8,-8,20,20,5,5,13,13,13,-3,-3,5,5,-11,-11,-21,-21,-5,-5,11,11,-15,11,24,24,3,3,-39,-39,-27,-27,-26,-26,-26,-56,-56,-56,15,15,15,-26,-26,-26,-30,-30,-30,-4,-4,-7,-7,-17,-17,-11,-11,-5,-5,-5,2,2,2,27,27,27,37,37,25,25,25,14,14,14,-13,-13,-13,6,6,6,-32,-32,-32,-8,-8,1,1,-8,-8,-8,10,10,10,22,22,22,-17,-17,-18,-18,-44,-44,-45,-45,10,10,10,-55,-55,-55,-55,11,11,-15,-15,-29,-29,-33,-33,-33,8,8,8,8,62,62,62,21,21,11,11,8,8,8,46,46,46,46,20,20,20,20,8,8,8,-5,-5,-34,-34,-8,-8,-8,-8,18,18,18,20,20,20,-2,-2,-2,-19,-19,7,7,7,-7,-7,-7,-7,17,17,17,-19,-19,-19,0,0,-17,-17,-6,-6,-6,4,4,4,32,32,32,34,34,27,27,-2,-2,-2,0,0,0,22,22,22,22,-11,-11,-11,-11,6,6,6,-23,-23,-23,-24,-24,-24,-5,-5,-5,-38,-38,-38,39,39,39,1,1,1,-9,-9,-9,-2,-2,-2,37,37,37,37,37,37,37,37,23,23,23,-7,-7,-15,-15,-15,25,25,25,-1,-1,15,15,27,27,13,13,-3,-3,-3,-7,-7,-7,-33,-33,-33,-33,-6,-6,-6,-6,29,29,-10,-10,-17,-17,-10,-10,-21,-21,-21,3,3,3,33,33,33,-5,-5,-5,-10,-10,-10,-24,-24,-24,-24,-26,-26,-26,-26,-26,-26,-28,-28,-28,26,26,9,9,-16,-16,-14,-14,-14,-24,-24,-24,-24,-1,-1,-1,-1,-1,-1,-1,-15,-15,-15,16,16,16,3,3,3,3,34,34,34,-4,-4,3,3,5,5,-4,-4,-4,10,10,10,23,23,23,23,-16,-16,-16,-27,-27,-27,-10,-10,-10,-9,-9,-9,-9,-5,-5,-5,-5,1,1,1,1,46,46,46,46,-11,-11,-11,-11,3,3,3,12,12,12,-16,-16,-16,-18
193,34.09200000000000585,-3,12,-13,-41,-41,-5,-5,-23,-23,-5,-5,7,7,8,4,34,34,-4,-4,9,9,21,21,51,51,23,23,15,15,23,23,-1,-1,-1,6,6,6,-18,-18,-18,-49,-49,-49,11,11,11,-14,-14,-14,-16,-16,2,2,-38,-38,-1,-1,-1,10,10,10,-3,-3,-3,15,15,-5,-5,5,5,1,1,1,-16,-16,-16,-30,-30,-8,-29,-2,-2,-33,-33,-33,33,33,19,19,34,34,21,21,13,13,13,16,16,16,25,25,-8,-9,-9,-4,-4,-28,-28,-28,-27,-27,22,22,20,20,-48,-48,5,5,11,28,21,52,22,22,15,15,-12,-12,-39,-39,-39,-22,-22,-30,-30,-9,-9,2,2,2,11,11,11,-27,-27,-17,-17,-11,-11,-33,-33,-10,-10,-10,-30,-30,-3,-3,4,4,-11,-11,30,30,17,17,17,-2,-2,-2,-27,-27,-20,-20,-13,-13,-13,-7,-7,-7,-3,-3,-6,-6,22,22,9,9,0,0,-18,-18,-7,-7,-7,-7,11,11,-2,-2,4,4,9,9,9,-6,-6,1,1,-7,-7,-31,-31,41,41,25,25,-2,44,32,32,36,36,-49,-49,-40,-40,-33,-33,-33,-16,-16,-16,4,4,4,-5,-5,-5,-24,-24,-24,-19,-19,-33,-33,-5,-5,-3,-3,-1,-1,-1,29,29,29,25,25,25,47,47,42,42,42,10,10,10,-31,-31,-31,-24,-24,-24,5,5,5,-4,-4,34,34,-1,-1,-1,21,21,21,38,38,38,11,11,-32,-32,-42,-42,5,5,12,12,12,-37,-37,-37,-37,15,15,-17,-17,-32,-32,-37,-37,-37,42,42,42,42,26,26,26,5,5,9,9,36,36,36,43,43,43,43,33,33,33,33,48,48,48,4,4,-5,-5,-13,-13,-13,-13,6,6,6,12,12,12,-6,-6,-6,-16,-16,5,5,5,-12,-12,-12,-12,-3,-3,-3,9,9,9,8,8,-12,-12,-13,-13,-13,29,29,29,-12,-12,-12,21,21,16,16,23,23,23,-6,-6,-6,30,30,30,30,8,8,8,8,-8,-8,-8,-15,-15,-15,-11,-11,-11,-13,-13,-13,19,19,19,34,34,34,10,10,10,-2,-2,-2,15,15,15,46,46,46,46,28,28,28,28,27,27,27,24,24,23,23,23,7,7,7,25,25,12,12,31,31,30,30,31,31,31,-18,-18,-18,-3,-3,-3,-3,14,14,14,14,32,32,-3,-3,21,21,15,15,-17,-17,-17,30,30,30,12,12,12,16,16,16,18,18,18,-2,-2,-2,-2,23,23,23,20,20,20,-27,-27,-27,13,13,2,2,13,13,-10,-10,-10,5,5,5,5,14,14,14,14,-3,-3,-3,-5,-5,-5,13,13,13,14,14,14,14,34,34,34,8,8,20,20,-5,-5,-4,-4,-4,-1,-1,-1,19,19,19,19,24,24,24,-8,-8,-8,21,21,21,7,7,7,7,6,6,6,6,-1,-1,-1,-1,20,20,20,20,-14,-14,-14,-14,-8,-8,-8,-17,-17,-17,-10,-10,-10,-11
194,34.29200000000000159,5,6,-9,-6,-6,23,23,-12,-12,-7,-7,-35,-35,-27,59,24,24,7,7,21,21,29,29,19,19,12,12,-9,-9,7,7,25,25,25,38,38,38,12,12,12,-26,-26,-26,-3,-3,-3,4,4,4,-1,-1,12,12,26,26,-10,-10,-10,13,13,13,0,0,0,-5,-5,17,17,33,33,9,9,9,2,2,2,-8,-8,13,-6,-16,-16,-25,-25,-25,10,10,5,5,9,9,-18,-18,36,36,36,28,28,28,17,17,-11,-22,-22,-34,-34,-25,-25,-25,-4,-4,7,7,-13,-13,-15,-15,-5,-5,5,18,-15,33,53,53,9,9,5,5,8,8,8,-33,-33,-22,-22,-18,-18,1,1,1,-3,-3,-3,7,7,-24,-24,-35,-35,2,2,-10,-10,-10,-28,-28,-10,-10,5,5,-23,-23,25,25,4,4,4,-4,-4,-11,-14,-14,-27,-27,-19,-19,-19,-1,-1,-1,-10,-10,14,14,32,32,25,25,6,6,-5,-5,-42,-42,-10,-10,21,21,-9,-9,-30,-30,-8,-8,-8,-5,-5,1,1,12,12,-29,-29,19,19,17,17,1,43,29,29,31,31,-44,-44,-33,-33,-37,-37,-37,-21,-21,-21,-27,-27,-27,-2,-2,-2,-17,-17,-17,-11,-11,10,10,10,10,15,15,7,7,7,42,42,42,39,39,39,44,44,31,31,31,10,10,10,-11,-11,-11,-19,-19,-19,-2,-2,-2,-6,-6,-17,-17,-17,-17,-17,9,9,9,32,32,32,0,0,-7,-7,-16,-16,-12,-12,-6,-6,-6,-34,-34,-34,-34,3,3,-7,-7,-44,-44,-9,-9,-9,22,22,22,22,14,14,14,-23,-23,-2,-2,-2,-2,-2,36,36,36,36,29,29,29,29,12,12,12,11,11,-34,-34,-13,-13,-13,-13,-7,-7,-7,14,14,14,-9,-9,-9,-4,-4,4,4,4,-15,-15,-15,-15,-7,-7,-7,-14,-14,-14,11,11,8,8,-6,-6,-6,-4,-4,-4,-19,-19,-19,-7,-7,18,18,5,5,5,-17,-17,-17,1,1,1,1,-44,-44,-44,-44,-7,-7,-7,7,7,7,-3,-3,-3,10,10,10,1,1,1,10,10,10,14,14,14,28,28,28,31,31,31,42,42,42,42,36,36,36,36,16,16,16,0,0,-22,-22,-22,-5,-5,-5,26,26,4,4,10,10,9,9,27,27,27,-1,-1,-1,18,18,18,18,14,14,14,14,21,21,-15,-15,32,32,44,44,7,7,7,15,15,15,30,30,30,34,34,34,4,4,4,5,5,5,5,6,6,6,14,14,14,-29,-29,-29,3,3,3,3,-10,-10,10,10,10,15,15,15,15,7,7,7,7,-5,-5,-5,9,9,9,17,17,17,-4,-4,-4,-4,17,17,17,-13,-13,-1,-1,-5,-5,-2,-2,-2,-7,-7,-7,-9,-9,-9,-9,-18,-18,-18,19,19,19,12,12,12,12,12,12,12,15,15,15,15,-8,-8,-8,-8,0,0,0,0,5,5,5,5,-15,-15,-15,-24,-24,-24,-23,-23,-23,-12
195,34.49200000000000443,16,-8,-35,-9,-9,8,8,-13,-13,-15,-15,6,6,18,1,21,21,13,13,-5,-5,31,31,24,24,45,45,7,7,13,13,4,4,4,25,25,25,20,20,20,6,6,6,-1,-1,-1,19,19,19,-11,-11,-4,-4,-32,-32,-23,-23,-23,23,23,23,-21,-21,-21,-11,-11,3,3,26,26,-15,-15,-15,-14,-14,-14,-17,-17,-21,-1,10,10,-13,-13,-13,1,1,5,5,0,0,-12,-12,26,26,26,17,17,17,7,7,10,-23,-23,-18,-18,2,2,2,-7,-7,7,7,-7,-7,-24,-24,-48,-48,13,2,0,11,13,13,29,29,13,13,15,15,15,-12,-12,-12,-12,-9,-9,13,13,13,-15,-15,-15,-9,-9,-26,-26,-30,-30,-28,-28,-8,-8,-8,-37,-37,19,19,15,15,-17,-17,14,14,3,3,3,6,6,-16,-22,-22,-61,-61,-44,-44,-44,-20,-20,-20,-30,-30,30,30,-10,-10,28,28,-13,-13,-19,-19,-21,-21,-28,-28,1,1,4,4,-17,-17,-17,-17,-17,-13,-13,-5,-5,-14,-14,-29,-29,-14,-14,8,8,-10,22,6,6,21,21,-25,-25,-29,-29,-47,-47,-47,-33,-33,-33,-45,-45,-45,-9,-9,-9,-39,-39,-39,-11,-11,-14,-14,-30,-30,-28,-28,2,2,2,28,28,28,29,29,29,16,16,12,12,12,-14,-14,-14,-30,-30,-30,-18,-18,-18,-16,-16,-16,-19,-19,-22,-22,-29,-29,-29,1,1,1,-22,-22,-22,6,6,-5,-5,-31,-31,-35,-35,-34,-34,-34,-26,-26,-26,-26,0,0,-24,-24,-9,-9,-47,-47,-47,17,17,17,17,-3,-3,-3,-11,-11,-14,-14,-24,-24,-24,-6,-6,-6,-6,2,2,2,2,32,32,32,-62,-62,-35,-35,-19,-19,-19,-19,-8,-8,-8,-10,-10,-10,-50,-50,-50,-32,-32,-18,-18,-18,-28,-28,-28,-28,-32,-32,-32,-20,-20,-20,-20,-20,0,0,-33,-33,-33,-12,-12,-12,-40,-40,-40,-35,-35,18,18,-8,-8,-8,-18,-18,-18,-18,-18,-18,-18,-28,-28,-28,-28,-14,-14,-14,-5,-5,-5,-6,-6,-6,-46,-46,-46,-12,-12,-12,9,9,9,0,0,0,21,21,21,34,34,34,30,30,30,30,-3,-3,-3,-3,-36,-36,-36,1,1,-45,-45,-45,-43,-43,-43,21,21,-7,-7,9,9,15,15,2,2,2,-43,-43,-43,6,6,6,6,2,2,2,2,16,16,-5,-5,35,35,36,36,-13,-13,-13,-9,-9,-9,1,1,1,1,1,1,-38,-38,-38,-30,-30,-30,-30,-5,-5,-5,6,6,6,-12,-12,-12,16,16,-22,-22,-8,-8,3,3,3,4,4,4,4,22,22,22,22,-3,-3,-3,4,4,4,2,2,2,-31,-31,-31,-31,-19,-19,-19,-7,-7,-37,-37,-38,-38,-11,-11,-11,-13,-13,-13,-5,-5,-5,-5,-10,-10,-10,-27,-27,-27,13,13,13,8,8,8,8,16,16,16,16,19,19,19,19,-6,-6,-6,-6,2,2,2,2,-18,-18,-18,-23,-23,-23,-3,-3,-3,3
196,34.69200000000000017,51,23,9,29,29,13,13,5,5,-19,-19,-10,-10,-3,-16,-10,-10,-21,-21,-8,-8,-7,-7,19,19,31,31,3,3,19,19,3,3,3,-5,-5,-5,24,24,24,-14,-14,-14,6,6,6,-39,-39,-39,11,11,5,5,-9,-9,30,30,30,-19,-19,-19,10,10,10,7,7,15,15,17,17,-19,-19,-19,5,5,5,-16,-16,4,-12,4,4,15,15,15,21,21,-16,-16,-8,-8,-11,-11,39,39,39,0,0,0,-6,-6,-7,-20,-20,-30,-30,-7,-7,-7,0,0,-5,-5,-17,-17,-10,-10,-9,-9,9,3,-6,21,26,26,9,9,4,4,8,8,8,-45,-45,-2,-2,13,13,-20,-20,-20,6,6,6,-8,-8,-7,-7,-38,-38,-2,-2,1,1,1,8,8,38,38,16,16,12,12,4,4,-11,-11,-11,-19,-19,15,-15,-15,-8,-8,-53,-53,-53,-35,-35,-35,-16,-16,1,1,-11,-11,13,13,-20,-20,-18,-18,-43,-43,-20,-20,16,16,2,2,-14,-14,-6,-6,-6,14,14,14,14,-6,-6,-34,-34,-41,-41,7,7,-3,-11,-32,-32,-20,-20,-14,-14,-41,-41,-18,-18,-18,-27,-27,-27,-39,-39,-39,11,11,11,-42,-42,-42,-14,-14,-20,-20,-28,-28,-43,-43,-13,-13,-13,35,35,35,19,19,19,4,4,0,0,0,-36,-36,-36,-8,-8,-8,8,8,8,-32,-32,-32,-18,-18,-59,-59,-41,-41,-41,-22,-22,-22,0,0,0,-27,-27,-31,-31,-21,-21,-39,-39,-64,-64,-64,6,6,6,6,-43,-43,6,6,-26,-26,-36,-36,-36,-29,-29,-29,-29,-29,-29,-29,-23,-23,-31,-31,-37,-37,-37,-26,-26,-26,-26,-10,-10,-10,-10,-23,-23,-23,-29,-29,-33,-33,-28,-28,-28,-28,-34,-34,-34,5,5,5,-25,-25,-25,-64,-64,-41,-41,-41,-12,-12,-12,-12,-18,-18,-18,-46,-46,-46,-44,-44,-60,-60,-35,-35,-35,-27,-27,-27,-32,-32,-32,-59,-59,-11,-11,-28,-28,-28,-14,-14,-14,-27,-27,-27,-27,-59,-59,-59,-59,-60,-60,-60,-16,-16,-16,-28,-28,-28,-30,-30,-30,-31,-31,-31,3,3,3,-9,-9,-9,45,45,45,34,34,34,26,26,26,26,-16,-16,-16,-16,-23,-23,-23,-7,-7,-70,-70,-70,-45,-45,-45,-12,-12,-27,-27,14,14,-3,-3,-15,-15,-15,-10,-10,-10,9,9,9,9,16,16,16,16,11,11,-17,-17,14,14,9,9,8,8,8,-35,-35,-35,-4,-4,-4,-5,-5,-5,-24,-24,-24,-3,-3,-3,-3,-22,-22,-22,4,4,4,3,3,3,-12,-12,-48,-48,-22,-22,-20,-20,-20,13,13,13,13,13,13,13,13,-17,-17,-17,7,7,7,-10,-10,-10,0,0,0,0,-14,-14,-14,-35,-35,-41,-41,-43,-43,-47,-47,-47,-8,-8,-8,25,25,25,25,-6,-6,-6,-29,-29,-29,-6,-6,-6,33,33,33,33,-5,-5,-5,-5,-24,-24,-24,-24,-21,-21,-21,-21,-5,-5,-5,-5,-12,-12,-12,-8,-8,-8,-1,-1,-1,40
197,34.89200000000000301,36,21,34,0,0,14,14,-19,-19,20,20,44,44,19,15,12,12,38,38,57,57,31,31,14,14,46,46,18,18,0,0,-5,-5,-5,20,20,20,28,28,28,-20,-20,-20,19,19,19,-6,-6,-6,11,11,57,57,3,3,6,6,6,-1,-1,-1,10,10,10,16,16,33,33,27,27,-4,-4,-4,11,11,11,31,31,26,-11,5,5,8,8,8,23,23,-28,-28,29,29,11,11,32,32,32,6,6,6,20,20,-1,21,21,19,19,42,42,42,25,25,9,9,-5,-5,0,0,10,10,21,46,9,44,36,36,16,16,20,20,24,24,24,25,25,2,2,15,15,13,13,13,37,37,37,24,24,5,5,-5,-5,24,24,17,17,17,10,10,22,22,47,47,21,21,-5,-5,6,6,6,4,4,3,-18,-18,-15,-15,-35,-35,-35,3,3,3,0,0,13,13,-26,-26,-13,-13,24,24,-34,-34,-2,-2,31,31,38,38,23,23,6,6,13,13,13,33,33,31,31,17,17,-5,-5,-20,-20,-11,-11,-2,-14,-21,-21,1,1,24,24,-10,-10,14,14,14,-8,-8,-8,-30,-30,-30,13,13,13,-25,-25,-25,-46,-46,0,0,-19,-19,-35,-35,0,0,0,22,22,22,13,13,13,-3,-3,2,2,2,-25,-25,-25,6,6,6,0,0,0,-3,-3,-3,-13,-13,-13,-13,-28,-28,-28,1,1,1,3,3,3,-19,-19,-1,-1,0,0,-24,-24,-52,-52,-52,-18,-18,-18,-18,-10,-10,-11,-11,-11,-11,-15,-15,-15,-15,-15,-15,-15,-15,-15,-15,-10,-10,-10,-10,-20,-20,-20,-28,-28,-28,-28,-26,-26,-26,-26,-29,-29,-29,-34,-34,-27,-27,-32,-32,-32,-32,-19,-19,-19,-12,-12,-12,-8,-8,-8,-48,-48,-35,-35,-35,-6,-6,-6,-6,-14,-14,-14,-2,-2,-2,-27,-27,-20,-20,-28,-28,-28,-30,-30,-30,3,3,3,-11,-11,19,19,-17,-17,-17,-5,-5,-5,-26,-26,-26,-26,-54,-54,-54,-54,-23,-23,-23,-16,-16,-16,-18,-18,-18,-7,-7,-7,-32,-32,-32,16,16,16,13,13,13,13,13,13,51,51,51,29,29,29,29,-12,-12,-12,-12,-18,-18,-18,5,5,-13,-13,-13,-6,-6,-6,-6,-6,-1,-1,-8,-8,8,8,34,34,34,-28,-28,-28,25,25,25,25,5,5,5,5,-12,-12,12,12,17,17,16,16,12,12,12,-44,-44,-44,-5,-5,-5,4,4,4,-6,-6,-6,6,6,6,6,12,12,12,-12,-12,-12,1,1,1,-19,-19,-28,-28,-23,-23,-23,-23,-23,14,14,14,14,10,10,10,10,-20,-20,-20,15,15,15,-12,-12,-12,-12,-12,-12,-12,-1,-1,-1,-21,-21,-6,-6,-26,-26,-42,-42,-42,2,2,2,13,13,13,13,-2,-2,-2,-22,-22,-22,32,32,32,35,35,35,35,12,12,12,12,-11,-11,-11,-11,0,0,0,0,4,4,4,4,-6,-6,-6,-25,-25,-25,7,7,7,21
198,35.09200000000000585,32,30,39,18,18,31,31,33,33,34,34,0,0,31,14,52,52,61,61,51,51,34,34,24,24,38,38,47,47,33,33,16,16,16,16,16,16,63,63,63,40,40,40,20,20,20,20,20,20,30,30,43,43,14,14,44,44,44,27,27,27,11,11,11,46,46,49,49,46,46,20,20,20,51,51,51,40,40,38,15,19,19,19,19,19,17,17,19,19,44,44,48,48,60,60,60,39,39,39,49,49,51,35,35,50,50,54,54,54,66,66,32,32,9,9,29,29,37,37,53,43,58,19,56,56,31,31,13,13,47,47,47,42,42,57,57,69,69,62,62,62,57,57,57,27,27,73,73,22,22,-10,-10,38,38,38,49,49,33,33,46,46,40,40,25,25,19,19,19,33,33,35,20,20,19,19,-27,-27,-27,12,12,12,38,38,0,0,26,26,28,28,27,27,-5,-5,11,11,43,43,71,71,68,68,29,29,78,78,78,76,76,59,59,45,45,29,29,4,4,10,10,14,9,22,22,17,17,54,54,20,20,18,18,18,35,35,35,30,30,30,22,22,22,10,10,10,26,26,11,11,15,15,16,16,33,33,33,13,13,13,33,33,33,39,39,-9,-9,-9,-4,-4,-4,51,51,51,22,22,22,28,28,28,46,46,53,53,12,12,12,16,16,16,23,23,23,33,33,-2,-2,37,37,37,37,-22,-22,-22,36,36,36,36,8,8,-9,-9,9,9,24,24,24,-4,-4,-4,-4,-11,-11,-11,25,25,35,35,18,18,18,-30,-30,-30,-30,-1,-1,-1,-1,26,26,26,-11,-11,37,37,-4,-4,-4,-4,17,17,17,25,25,25,33,33,33,-5,-5,6,6,6,27,27,27,27,24,24,24,43,43,43,15,15,14,14,16,16,16,16,16,16,50,50,50,6,6,21,21,34,34,34,15,15,15,1,1,1,1,9,9,9,9,29,29,29,13,13,13,0,0,0,13,13,13,20,20,20,1,1,1,50,50,50,42,42,42,52,52,52,35,35,35,35,9,9,9,9,55,55,55,33,33,7,7,7,28,28,28,15,15,5,5,28,28,56,56,27,27,27,12,12,12,24,24,24,24,17,17,17,17,-6,-6,39,39,44,44,38,38,54,54,54,32,32,32,27,27,27,30,30,30,29,29,29,38,38,38,38,24,24,24,59,59,59,10,10,10,-3,-3,26,26,21,21,33,33,33,24,24,24,24,42,42,42,42,24,24,24,27,27,27,31,31,31,41,41,41,41,-10,-10,-10,16,16,8,8,11,11,-9,-9,-9,26,26,26,12,12,12,12,20,20,20,24,24,24,20,20,20,21,21,21,21,17,17,17,17,8,8,8,8,27,27,27,27,9,9,9,9,46,46,46,-5,-5,-5,20,20,20,12
199,35.29200000000000159,40,44,57,86,86,30,30,38,38,70,70,44,44,21,34,56,56,83,83,57,57,31,31,43,43,27,27,49,49,63,63,20,20,20,15,15,15,53,53,53,68,68,68,32,32,32,59,59,59,28,28,38,38,45,45,46,46,46,49,49,49,39,39,39,47,47,38,38,31,31,24,24,24,63,63,63,35,35,56,31,18,18,37,37,37,12,12,47,47,39,39,41,41,27,27,27,61,61,61,44,44,39,72,72,66,66,62,62,62,69,69,-1,-1,34,34,35,35,53,53,64,63,12,34,25,25,2,2,50,50,49,49,49,28,28,70,70,45,45,49,49,49,27,27,27,61,61,45,45,24,24,42,42,63,63,63,50,50,57,57,54,54,73,73,48,48,38,38,38,48,48,43,54,54,86,86,2,2,2,37,37,37,18,18,14,14,15,15,41,41,52,52,41,41,35,35,91,91,89,89,96,96,80,80,70,70,70,81,81,76,76,64,64,60,60,39,39,6,6,32,10,26,26,36,36,86,86,69,69,81,81,81,70,70,70,60,60,60,45,45,45,32,32,32,53,53,42,42,66,66,55,55,47,47,47,45,45,45,61,61,61,42,42,31,31,31,55,55,55,74,74,74,42,42,42,58,58,58,88,88,70,70,23,23,23,69,69,69,47,47,47,71,71,53,53,89,89,96,96,64,64,64,39,39,39,39,53,53,32,32,74,74,39,39,39,6,6,6,6,47,47,47,42,42,42,42,50,50,50,-5,-5,-5,-5,-2,-2,-2,-2,14,14,14,32,32,49,49,27,27,27,27,18,18,18,25,25,25,58,58,58,45,45,49,49,49,48,48,48,48,45,45,45,69,69,69,56,56,51,51,34,34,34,32,32,32,49,49,49,50,50,38,38,27,27,27,29,29,29,38,38,38,38,64,64,64,64,29,29,29,40,40,40,28,28,28,31,31,31,-15,-15,-15,79,79,79,72,72,72,45,45,45,76,76,76,75,75,75,75,48,48,48,48,59,59,59,46,46,37,37,37,43,43,43,35,35,44,44,51,51,62,62,64,64,64,28,28,28,41,41,41,41,24,24,24,24,13,13,55,55,59,59,47,47,80,80,80,42,42,42,40,40,40,36,36,36,44,44,44,50,50,50,50,65,65,65,58,58,58,48,48,48,7,7,32,32,34,34,51,51,51,47,47,47,47,38,38,38,38,27,27,27,32,32,32,40,40,40,66,66,66,66,19,19,19,57,57,43,43,62,62,33,33,33,42,42,42,36,36,36,36,46,46,46,70,70,70,72,72,72,64,64,64,64,30,30,30,30,35,35,35,35,23,23,23,23,32,32,32,32,36,36,36,24,24,24,11,11,11,16
200,35.49200000000000443,-12,34,52,51,51,28,28,36,36,27,27,78,78,21,37,48,48,45,45,58,58,10,10,33,33,46,46,39,39,61,61,38,38,38,5,5,5,55,55,55,38,38,38,54,54,54,35,35,35,14,14,68,68,33,33,4,4,4,48,48,48,31,31,31,23,23,31,31,35,35,45,45,45,27,27,27,9,9,17,21,19,19,50,50,50,11,11,43,43,53,53,42,42,35,35,35,36,36,36,46,46,47,72,72,38,38,59,59,59,31,31,10,10,33,33,24,24,55,55,48,19,-1,8,20,20,18,18,35,35,18,18,18,23,23,54,54,38,38,27,27,27,33,33,33,45,45,44,44,51,51,49,49,41,41,41,27,27,61,61,40,40,67,67,46,46,40,40,40,56,56,45,46,46,52,52,53,53,53,62,62,62,57,57,24,24,31,31,62,62,47,47,73,73,69,69,97,97,82,82,72,72,65,65,63,63,63,87,87,59,59,92,92,55,55,17,17,31,31,48,1,50,50,49,49,71,71,83,83,83,83,83,56,56,56,80,80,80,36,36,36,76,76,76,76,76,55,55,66,66,62,62,66,66,66,42,42,42,49,49,49,45,45,39,39,39,80,80,80,81,81,81,50,50,50,74,74,74,82,82,73,73,49,49,49,37,37,37,71,71,71,67,67,70,70,89,89,71,71,82,82,82,33,33,33,33,52,52,31,31,88,88,57,57,57,14,14,14,14,30,30,30,29,29,50,50,61,61,61,39,39,39,39,55,55,55,55,39,39,39,46,46,56,56,35,35,35,35,34,34,34,48,48,48,65,65,65,32,32,60,60,60,45,45,45,45,46,46,46,37,37,37,52,52,66,66,49,49,49,44,44,44,36,36,36,39,39,40,40,31,31,31,59,59,59,36,36,36,36,74,74,74,74,53,53,53,36,36,36,3,3,3,48,48,48,43,43,43,64,64,64,54,54,54,70,70,70,55,55,55,68,68,68,68,26,26,26,26,32,32,32,27,27,57,57,57,25,25,25,44,44,48,48,30,30,65,65,59,59,59,67,67,67,42,42,42,42,63,63,63,63,48,48,61,61,43,43,46,46,53,53,53,49,49,49,20,20,20,50,50,50,50,50,50,38,38,38,38,79,79,79,64,64,64,49,49,49,26,26,66,66,62,62,22,22,22,35,35,35,35,17,17,17,17,28,28,28,27,27,27,29,29,29,45,45,45,45,7,7,7,34,34,65,65,60,60,49,49,49,46,46,46,46,46,46,46,60,60,60,74,74,74,51,51,51,49,49,49,49,34,34,34,34,13,13,13,13,45,45,45,45,22,22,22,22,36,36,36,32,32,32,-30,-30,-30,9
201,35.69200000000000017,10,-15,16,27,27,39,39,-6,-6,15,15,39,39,26,7,19,19,4,4,9,9,13,13,8,8,-7,-7,-12,-12,18,18,10,10,10,17,17,17,23,23,23,53,53,53,-21,-21,-21,48,48,48,3,3,19,19,21,21,15,15,15,-1,-1,-1,-8,-8,-8,-9,-9,4,4,-3,-3,27,27,27,45,45,45,-7,-7,-25,10,-6,-6,31,31,31,3,3,13,13,10,10,37,37,-5,-5,-5,18,18,18,29,29,9,2,2,11,11,-9,-9,-9,14,14,0,0,31,31,34,34,-2,-2,25,-24,-31,-17,-26,-26,-40,-40,-19,-19,4,4,4,46,46,7,7,13,13,-3,-3,-3,2,2,2,-28,-28,9,9,42,42,48,48,4,4,4,25,25,33,33,9,9,19,19,45,45,20,20,20,32,32,34,39,39,27,27,88,88,88,28,28,28,35,35,16,16,31,31,30,30,14,14,33,33,40,40,69,69,69,69,58,58,44,44,38,38,38,47,47,22,22,47,47,35,35,29,29,19,19,4,12,4,4,6,6,30,30,52,52,36,36,36,54,54,54,72,72,72,36,36,36,51,51,51,55,55,41,41,15,15,-12,-12,16,16,16,20,20,20,52,52,52,36,36,55,55,55,42,42,42,46,46,46,10,10,10,64,64,64,33,33,53,53,54,54,54,15,15,15,47,47,47,45,45,56,56,63,63,27,27,65,65,65,60,60,60,60,26,26,-2,-2,66,66,40,40,40,19,19,19,19,17,17,17,38,38,29,29,65,65,65,32,32,32,32,17,17,17,17,37,37,37,17,17,15,15,33,33,33,33,25,25,25,14,14,14,36,36,36,29,29,28,28,28,-10,-10,-10,-10,-7,-7,-7,3,3,3,13,13,50,50,20,20,20,42,42,42,27,27,27,37,37,40,40,24,24,24,12,12,12,48,48,48,48,49,49,49,49,18,18,18,0,0,0,9,9,9,36,36,36,21,21,21,37,37,37,32,32,32,63,63,63,37,37,37,12,12,12,12,30,30,30,30,46,46,46,10,10,74,74,74,35,35,35,18,18,46,46,36,36,38,38,44,44,44,67,67,67,35,35,35,35,27,27,27,27,27,27,37,37,5,5,37,37,2,2,2,65,65,65,6,6,6,5,5,5,30,30,30,43,43,43,43,43,43,43,57,57,57,20,20,20,39,39,36,36,44,44,-1,-1,-1,7,7,7,7,33,33,33,33,44,44,44,8,8,8,10,10,10,12,12,12,12,18,18,18,48,48,40,40,51,51,45,45,45,46,46,46,36,36,36,36,40,40,40,29,29,29,21,21,21,53,53,53,53,15,15,15,15,30,30,30,30,2,2,2,2,20,20,20,20,5,5,5,44,44,44,3,3,3,3
202,35.89200000000000301,-13,-35,-24,-5,-5,-13,-13,12,12,-5,-5,13,13,11,-5,-7,-7,-1,-1,27,27,-11,-11,6,6,-25,-25,-11,-11,-25,-25,18,18,18,13,13,13,-30,-30,-30,-3,-3,-3,-19,-19,-19,20,20,20,-8,-8,-53,-53,-62,-62,-16,-16,-16,-22,-22,-22,5,5,5,-37,-37,-22,-22,-4,-4,-7,-7,-7,-13,-13,-13,-8,-8,-20,-16,-6,-6,22,22,22,-26,-26,-1,-1,8,8,9,9,-8,-8,-8,16,16,16,-1,-1,-5,11,11,-7,-7,-30,-30,-30,9,9,9,9,4,4,16,16,21,21,-18,-21,-31,-36,-31,-31,-32,-32,-9,-9,-43,-43,-43,-33,-33,-37,-37,-27,-27,23,23,23,-6,-6,-6,-9,-9,-7,-7,54,54,-6,-6,-40,-40,-40,21,21,-16,-16,-14,-14,-8,-8,22,22,18,18,18,21,21,8,-6,-6,15,15,76,76,76,40,40,40,-10,-10,2,2,45,45,15,15,-30,-30,26,26,36,36,33,33,35,35,26,26,38,38,15,15,15,9,9,12,12,22,22,2,2,-18,-18,17,17,5,0,-15,-15,-2,-2,-6,-6,30,30,-1,-1,-1,3,3,3,42,42,42,-3,-3,-3,48,48,48,41,41,23,23,36,36,-5,-5,5,5,5,24,24,24,38,38,38,36,36,30,30,30,21,21,21,13,13,13,-1,-1,-1,50,50,50,2,2,21,21,27,27,27,40,40,40,14,14,14,44,44,19,19,34,34,11,11,46,46,46,-1,-1,-1,-1,34,34,10,10,0,0,43,43,43,0,0,0,0,6,6,6,-10,-10,17,17,38,38,38,36,36,36,36,16,16,16,16,29,29,29,13,13,15,15,41,41,41,41,13,13,13,45,45,45,51,51,51,19,19,63,63,63,15,15,15,15,23,23,23,-1,-1,-1,5,5,36,36,26,26,26,34,34,34,-2,-2,-2,17,17,16,16,17,17,17,18,18,18,44,44,44,44,28,28,28,28,8,8,8,32,32,32,9,9,9,19,19,19,33,33,33,25,25,25,-8,-8,-8,32,32,32,13,13,13,14,14,14,14,39,39,39,39,37,37,37,-12,-12,29,29,29,33,33,33,18,18,59,59,27,27,20,20,13,13,13,29,29,29,1,1,1,1,6,6,6,6,31,31,6,6,-13,-13,-16,-16,-21,-21,-21,-8,-8,-8,-6,-6,-6,27,27,27,1,1,1,19,19,19,19,25,25,25,42,42,42,26,26,26,32,32,0,0,45,45,-16,-16,-16,11,11,11,11,38,38,38,38,44,44,44,7,7,7,11,11,11,38,38,38,38,17,17,17,42,42,31,31,39,39,43,43,43,40,40,40,27,27,27,27,38,38,38,43,43,43,33,33,33,3,3,3,3,8,8,8,8,55,55,55,55,57,57,57,57,20,20,20,20,14,14,14,39,39,39,-1,-1,-1,-9
203,36.09200000000000585,-19,-36,-25,22,22,-29,-29,3,3,22,22,-3,-3,34,-10,-18,-18,-7,-7,3,3,13,13,-10,-10,-5,-5,0,0,-14,-14,19,19,19,23,23,23,-1,-1,-1,-32,-32,-32,-15,-15,-15,-29,-29,-29,-25,-25,5,5,-2,-2,5,5,5,11,11,11,-4,-4,-4,8,8,-28,-28,0,0,7,7,7,15,15,15,25,25,22,-10,1,1,17,17,17,-19,-19,22,22,8,8,-10,-10,-11,-11,-11,0,0,0,-1,-1,7,-11,-11,5,5,8,8,8,-8,-8,24,24,16,16,6,6,35,35,8,13,-11,5,-24,-24,-33,-33,-4,-4,-34,-34,-34,-1,-1,-17,-17,-2,-2,-18,-18,-18,5,5,5,7,7,4,4,34,34,-16,-16,-10,-10,-10,-8,-8,-9,-9,-28,-28,-21,-21,16,16,34,34,34,18,18,4,10,10,2,2,54,54,54,19,19,19,37,37,37,37,25,25,10,10,32,32,-2,-2,37,37,16,16,40,40,22,22,20,20,10,10,10,1,1,20,20,13,13,2,2,18,18,26,26,-4,11,0,0,23,23,7,7,8,8,17,17,17,3,3,3,9,9,9,7,7,7,33,33,33,31,31,55,55,6,6,0,0,-1,-1,-1,53,53,53,53,53,53,68,68,53,53,53,28,28,28,26,26,26,31,31,31,22,22,22,-1,-1,13,13,50,50,50,15,15,15,17,17,17,37,37,41,41,19,19,9,9,19,19,19,10,10,10,10,26,26,-1,-1,19,19,48,48,48,23,23,23,23,28,28,28,26,26,45,45,65,65,65,73,73,73,73,30,30,30,30,15,15,15,41,41,35,35,60,60,60,60,43,43,43,37,37,37,38,38,38,63,63,75,75,75,7,7,7,7,14,14,14,24,24,24,12,12,51,51,48,48,48,24,24,24,15,15,15,35,35,20,20,25,25,25,-4,-4,-4,39,39,39,39,36,36,36,36,33,33,33,27,27,27,25,25,25,57,57,57,38,38,38,45,45,45,35,35,35,33,33,33,63,63,63,73,73,73,73,67,67,67,67,61,61,61,16,16,62,62,62,74,74,74,32,32,74,74,35,35,22,22,21,21,21,60,60,60,10,10,10,10,19,19,19,19,9,9,15,15,-13,-13,10,10,5,5,5,36,36,36,28,28,28,35,35,35,23,23,23,30,30,30,30,16,16,16,36,36,36,31,31,31,71,71,26,26,21,21,18,18,18,29,29,29,29,51,51,51,51,34,34,34,26,26,26,26,26,26,50,50,50,50,33,33,33,48,48,59,59,56,56,10,10,10,38,38,38,43,43,43,43,46,46,46,42,42,42,30,30,30,37,37,37,37,13,13,13,13,35,35,35,35,59,59,59,59,40,40,40,40,22,22,22,69,69,69,50,50,50,34
204,36.29200000000000159,-3,15,-5,8,8,14,14,4,4,30,30,31,31,27,30,23,23,24,24,45,45,47,47,19,19,23,23,1,1,37,37,47,47,47,33,33,33,17,17,17,0,0,0,55,55,55,17,17,17,4,4,19,19,-3,-3,30,30,30,27,27,27,1,1,1,21,21,17,17,29,29,16,16,16,15,15,15,16,16,34,9,40,40,19,19,19,42,42,42,42,31,31,34,34,-4,-4,-4,44,44,44,25,25,12,6,6,53,53,27,27,27,1,1,74,74,33,33,51,51,32,32,31,35,32,24,8,8,11,11,-7,-7,32,32,32,14,14,-35,-35,21,21,28,28,28,36,36,36,10,10,1,1,7,7,5,5,18,18,18,17,17,7,7,14,14,11,11,25,25,39,39,39,31,31,25,-5,-5,34,34,75,75,75,19,19,19,36,36,63,63,40,40,16,16,44,44,61,61,50,50,39,39,72,72,33,33,27,27,8,8,8,22,22,26,26,44,44,16,16,68,68,79,79,54,41,45,45,20,20,35,35,13,13,22,22,22,12,12,12,24,24,24,53,53,53,55,55,55,49,49,34,34,42,42,26,26,49,49,49,62,62,62,89,89,89,77,77,69,69,69,48,48,48,30,30,30,49,49,49,15,15,15,27,27,30,30,47,47,47,63,63,63,25,25,25,43,43,61,61,49,49,26,26,42,42,42,34,34,34,34,48,48,13,13,40,40,41,41,41,81,81,81,81,58,58,58,30,30,20,20,35,35,35,70,70,70,70,34,34,34,34,50,50,50,32,32,64,64,51,51,51,51,55,55,55,72,72,72,50,50,50,82,82,91,91,91,47,47,47,47,54,54,54,42,42,42,63,63,26,26,58,58,58,38,38,38,41,41,41,23,23,32,32,44,44,44,31,31,31,77,77,77,77,61,61,61,61,60,60,60,76,76,76,49,49,49,82,82,82,93,93,93,100,100,100,47,47,47,70,70,70,76,76,76,89,89,89,89,78,78,78,78,87,87,87,48,48,85,85,85,75,75,75,47,47,66,66,59,59,64,64,60,60,60,54,54,54,37,37,37,37,31,31,31,31,49,49,2,2,15,15,42,42,33,33,33,60,60,60,78,78,78,58,58,58,69,69,69,42,42,42,42,53,53,53,67,67,67,61,61,61,91,91,50,50,48,48,55,55,55,50,50,50,50,63,63,63,63,68,68,68,60,60,60,63,63,63,83,83,83,83,89,89,89,40,40,60,60,67,67,53,53,53,57,57,57,80,80,80,80,57,57,57,61,61,61,65,65,65,47,47,47,47,57,57,57,57,81,81,81,81,66,66,66,66,58,58,58,58,73,73,73,129,129,129,39,39,39,70
205,36.49200000000000443,11,3,24,14,14,44,44,41,41,12,12,-1,-1,48,30,10,10,3,3,40,40,13,13,53,53,35,35,42,42,30,30,28,28,28,65,65,65,5,5,5,10,10,10,3,3,3,27,27,27,11,11,-3,-3,33,33,17,17,17,26,26,26,14,14,14,-8,-8,27,27,43,43,26,26,26,23,23,23,63,63,40,40,28,28,53,53,53,31,31,32,32,28,28,14,14,32,32,32,27,27,27,2,2,46,31,31,19,19,11,11,11,44,44,56,56,24,24,25,25,10,10,15,24,47,38,30,30,6,6,15,15,15,15,15,37,37,38,38,-1,-1,16,16,16,13,13,13,8,8,8,8,34,34,30,30,27,27,27,12,12,-10,-10,17,17,-13,-13,30,30,43,43,43,24,24,39,17,17,13,13,57,57,57,17,17,17,29,29,49,49,69,69,41,41,62,62,49,49,78,78,40,40,55,55,31,31,29,29,18,18,18,18,18,18,18,36,36,25,25,95,95,77,77,50,82,69,69,36,36,38,38,37,37,35,35,35,51,51,51,33,33,33,38,38,38,42,42,42,54,54,41,41,54,54,34,34,56,56,56,78,78,78,85,85,85,90,90,76,76,76,56,56,56,46,46,46,62,62,62,38,38,38,10,10,34,34,35,35,35,40,40,40,50,50,50,62,62,63,63,4,4,41,41,40,40,40,35,35,35,35,50,50,36,36,71,71,79,79,79,74,74,74,74,59,59,59,57,57,40,40,65,65,65,84,84,84,84,71,71,71,71,65,65,65,41,41,48,48,57,57,57,57,58,58,58,51,51,51,31,31,31,67,67,83,83,83,35,35,35,35,33,33,33,37,37,37,47,47,44,44,46,46,46,56,56,56,44,44,44,24,24,20,20,57,57,57,46,46,46,66,66,66,66,61,61,61,61,80,80,80,54,54,54,77,77,77,71,71,71,88,88,88,98,98,98,81,81,81,74,74,74,100,100,100,102,102,102,102,103,103,103,103,68,68,68,61,61,54,54,54,52,52,52,56,56,58,58,52,52,54,54,62,62,62,56,56,56,56,56,56,56,46,46,46,46,48,48,20,20,67,67,49,49,28,28,28,41,41,41,71,71,71,45,45,45,57,57,57,58,58,58,58,45,45,45,66,66,66,62,62,62,82,82,44,44,59,59,58,58,58,71,71,71,71,79,79,79,79,52,52,52,54,54,54,67,67,67,53,53,53,53,73,73,73,79,79,68,68,67,67,60,60,60,85,85,85,48,48,48,48,63,63,63,50,50,50,59,59,59,26,26,26,26,81,81,81,81,90,90,90,90,82,82,82,82,48,48,48,48,68,68,68,51,51,51,72,72,72,48
206,36.69200000000000017,47,17,12,10,10,35,35,34,34,33,33,-2,-2,22,-15,9,9,-1,-1,-7,-7,0,0,1,1,23,23,11,11,45,45,4,4,4,59,59,59,-6,-6,-6,22,22,22,35,35,35,22,22,22,37,37,24,24,21,21,40,40,40,0,0,0,-49,-49,-49,-15,-15,-6,-6,8,8,-16,-16,-16,18,18,18,28,28,22,42,17,17,-28,-28,-28,-4,-4,-17,-17,9,9,-20,-20,17,17,17,35,35,35,42,42,18,-1,-1,45,45,-11,-11,-11,18,18,13,13,-26,-26,-18,-18,-24,-24,15,4,25,29,10,10,24,24,16,16,51,51,51,34,34,9,9,-6,-6,-6,-6,-6,32,32,32,14,14,20,20,35,35,-23,-23,20,20,20,-6,-6,-2,-2,24,24,12,12,-2,-2,25,25,25,15,15,29,19,19,19,19,35,35,35,14,14,14,15,15,56,56,61,61,73,73,41,41,52,52,42,42,18,18,13,13,31,31,11,11,17,17,17,10,10,-9,-9,8,8,22,22,57,57,69,69,33,57,41,41,36,36,44,44,12,12,14,14,14,35,35,35,20,20,20,48,48,48,30,30,30,30,30,40,40,63,63,48,48,42,42,42,49,49,49,72,72,72,29,29,79,79,79,23,23,23,57,57,57,70,70,70,40,40,40,30,30,-5,-5,-8,-8,-8,43,43,43,26,26,26,45,45,30,30,23,23,2,2,31,31,31,33,33,33,33,14,14,32,32,46,46,30,30,30,49,49,49,49,52,52,52,61,61,25,25,49,49,49,73,73,73,73,87,87,87,87,29,29,29,79,79,53,53,23,23,23,23,38,38,38,27,27,27,42,42,42,50,50,20,20,20,63,63,63,63,20,20,20,3,3,3,12,12,26,26,1,1,1,33,33,33,22,22,22,24,24,28,28,28,28,28,29,29,29,45,45,45,45,42,42,42,42,22,22,22,42,42,42,79,79,79,46,46,46,71,71,71,83,83,83,63,63,63,72,72,72,54,54,54,100,100,100,100,89,89,89,89,22,22,22,20,20,37,37,37,46,46,46,44,44,38,38,45,45,36,36,43,43,43,41,41,41,51,51,51,51,21,21,21,21,27,27,9,9,32,32,28,28,8,8,8,20,20,20,20,20,20,35,35,35,37,37,37,37,37,37,37,27,27,27,58,58,58,8,8,8,50,50,38,38,51,51,45,45,45,18,18,18,18,62,62,62,62,12,12,12,41,41,41,61,61,61,52,52,52,52,63,63,63,31,31,44,44,32,32,24,24,24,53,53,53,23,23,23,23,19,19,19,23,23,23,35,35,35,20,20,20,20,39,39,39,39,55,55,55,55,61,61,61,61,61,61,61,61,45,45,45,27,27,27,57,57,57,72
207,36.89200000000000301,21,13,-11,36,36,16,16,16,16,-4,-4,-20,-20,-27,13,-8,-8,-3,-3,-19,-19,-4,-4,-5,-5,0,0,-7,-7,46,46,-41,-41,-41,8,8,8,-20,-20,-20,-24,-24,-24,42,42,42,19,19,19,4,4,3,3,-30,-30,6,6,6,-49,-49,-49,-43,-43,-43,-26,-26,-27,-27,-21,-21,-28,-28,-28,-7,-7,-7,-3,-3,-7,13,-11,-11,-11,-11,-11,-11,-11,-38,-38,-30,-30,-22,-22,-1,-1,-1,11,11,11,0,0,5,-26,-26,-8,-8,10,10,10,7,7,-5,-5,-48,-48,-54,-54,-26,-26,-35,4,1,-3,-15,-15,37,37,4,4,8,8,8,-19,-19,-4,-4,8,8,-21,-21,-21,-17,-17,-17,-15,-15,6,6,-16,-16,23,23,-1,-1,-1,-17,-17,-20,-20,7,7,-6,-6,-25,-25,-17,-17,-17,-9,-9,-4,16,16,-11,-11,1,1,1,23,23,23,16,16,39,39,29,29,45,45,13,13,27,27,49,49,7,7,-11,-11,-4,-4,18,18,-11,-11,-11,-24,-24,-33,-33,-27,-27,-6,-6,-12,-12,-9,-9,10,20,12,12,25,25,-10,-10,-16,-16,2,2,2,2,2,2,-14,-14,-14,4,4,4,-2,-2,-2,1,1,22,22,-6,-6,20,20,6,6,6,26,26,26,28,28,28,14,14,26,26,26,2,2,2,17,17,17,55,55,55,14,14,14,12,12,-39,-39,11,11,11,37,37,37,-11,-11,-11,-5,-5,34,34,-16,-16,5,5,30,30,30,7,7,7,7,10,10,32,32,1,1,3,3,3,44,44,44,44,28,28,28,25,25,15,15,-5,-5,-5,39,39,39,39,6,6,6,6,41,41,41,21,21,1,1,13,13,13,13,15,15,15,30,30,30,8,8,8,4,4,-25,-25,-25,17,17,17,17,-14,-14,-14,-27,-27,-27,-21,-21,-38,-38,-3,-3,-3,12,12,12,11,11,11,11,11,11,11,-6,-6,-6,9,9,9,5,5,5,5,11,11,11,11,3,3,3,21,21,21,29,29,29,42,42,42,55,55,55,68,68,68,30,30,30,21,21,21,55,55,55,70,70,70,70,27,27,27,27,15,15,15,-29,-29,23,23,23,8,8,8,18,18,4,4,11,11,-16,-16,12,12,12,31,31,31,1,1,1,1,-3,-3,-3,-3,-2,-2,-20,-20,-5,-5,3,3,-13,-13,-13,-24,-24,-24,-28,-28,-28,-12,-12,-12,1,1,1,-4,-4,-4,-4,-21,-21,-21,17,17,17,21,21,21,16,16,3,3,6,6,3,3,3,14,14,14,14,12,12,12,12,-26,-26,-26,14,14,14,13,13,13,19,19,19,19,26,26,26,41,41,-10,-10,1,1,-1,-1,-1,18,18,18,3,3,3,3,0,0,0,-10,-10,-10,-14,-14,-14,-15,-15,-15,-15,11,11,11,11,16,16,16,16,39,39,39,39,5,5,5,5,17,17,17,18,18,18,39,39,39,81
208,37.09200000000000585,20,7,11,11,11,23,23,29,29,-2,-2,16,16,25,17,-36,-36,1,1,-19,-19,-34,-34,0,0,-7,-7,-2,-2,4,4,-44,-44,-44,7,7,7,-9,-9,-9,-46,-46,-46,22,22,22,-2,-2,-2,25,25,15,15,33,33,-18,-18,-18,-7,-7,-7,-10,-10,-10,-13,-13,-12,-12,-26,-26,10,10,10,12,12,12,17,17,-12,1,-31,-31,-15,-15,-15,-13,-13,1,1,-17,-17,-33,-33,-10,-10,-10,-5,-5,-5,-1,-1,8,-26,-26,7,7,-3,-3,-3,-7,-7,-32,-32,3,3,-40,-40,-16,-16,-6,5,8,19,15,15,28,28,26,26,21,21,21,49,49,-30,-30,-3,-3,3,3,3,2,2,2,29,29,2,2,-7,-7,-6,-6,1,1,1,-12,-12,-6,-6,14,14,-2,-2,-36,-36,-32,-32,-32,-25,-25,-19,-12,-12,9,9,-30,-30,-30,-2,-2,-2,12,12,3,3,16,16,17,17,-12,-12,25,25,13,13,21,21,11,11,-24,-24,5,5,9,9,9,-15,-15,-25,-25,-17,-17,-35,-35,-7,-7,-11,-11,-12,-14,1,1,-15,-15,-3,-3,-24,-24,0,0,0,-8,-8,-8,-18,-18,-18,9,9,9,-14,-14,-14,-21,-21,-24,-24,3,3,-17,-17,17,17,17,18,18,18,9,9,9,6,6,-11,-11,-11,-25,-25,-25,3,3,3,22,22,22,7,7,7,-7,-7,-36,-36,1,1,1,-2,-2,-2,3,3,3,4,4,-1,-1,-9,-9,-23,-23,2,2,2,3,3,3,3,5,5,4,4,-36,-36,-23,-23,-23,-15,-15,-15,-15,26,26,26,-11,-11,-7,-7,4,4,4,-20,-20,-20,-20,14,14,14,14,30,30,30,15,15,6,6,-31,-31,-31,-31,-14,-14,-14,-17,-17,-17,-9,-9,-9,-36,-36,-50,-50,-50,11,11,11,11,-18,-18,-18,-20,-20,-20,-23,-23,-47,-47,-1,-1,-1,-9,-9,-9,-4,-4,-4,-18,-18,8,8,-11,-11,-11,3,3,3,8,8,8,8,-9,-9,-9,-9,-9,-9,-9,-7,-7,-7,13,13,13,37,37,37,46,46,46,34,34,34,40,40,40,8,8,8,51,51,51,64,64,64,64,13,13,13,13,-25,-25,-25,-26,-26,7,7,7,4,4,4,21,21,-11,-11,1,1,2,2,0,0,0,12,12,12,19,19,19,19,8,8,8,8,-19,-19,-14,-14,-26,-26,-12,-12,23,23,23,-31,-31,-31,1,1,1,-32,-32,-32,8,8,8,17,17,17,17,-33,-33,-33,-1,-1,-1,4,4,4,-19,-19,10,10,-13,-13,-10,-10,-10,7,7,7,7,-2,-2,-2,-2,1,1,1,-4,-4,-4,10,10,10,-1,-1,-1,-1,3,3,3,11,11,-16,-16,-10,-10,-13,-13,-13,-6,-6,-6,-25,-25,-25,-25,-16,-16,-16,-3,-3,-3,1,1,1,-19,-19,-19,-19,36,36,36,36,9,9,9,9,23,23,23,23,-26,-26,-26,-26,5,5,5,-48,-48,-48,13,13,13,44
209,37.29200000000000159,-10,12,29,53,53,14,14,54,54,35,35,29,29,16,7,-25,-25,30,30,27,27,7,7,12,12,26,26,-2,-2,31,31,6,6,6,61,61,61,35,35,35,-7,-7,-7,45,45,45,10,10,10,46,46,16,16,37,37,38,38,38,4,4,4,14,14,14,36,36,60,60,15,15,33,33,33,43,43,43,33,33,38,8,13,13,10,10,10,24,24,0,0,24,24,9,9,24,24,24,34,34,34,32,32,29,9,9,1,1,12,12,12,34,34,9,9,-18,-18,14,14,14,14,33,34,28,31,33,33,17,17,21,21,36,36,36,12,12,20,20,40,40,48,48,48,8,8,8,29,29,14,14,4,4,36,36,19,19,19,-4,-4,6,6,18,18,28,28,-16,-16,-25,-25,-25,-1,-1,4,22,22,28,28,-18,-18,-18,9,9,9,21,21,-16,-16,-18,-18,17,17,30,30,8,8,28,28,25,25,49,49,34,34,9,9,16,16,16,17,17,-4,-4,21,21,-3,-3,-18,-18,-13,-13,1,10,29,29,-5,-5,19,19,17,17,16,16,16,21,21,21,8,8,8,13,13,13,0,0,0,-8,-8,-17,-17,27,27,20,20,32,32,32,17,17,17,35,35,35,20,20,1,1,1,-25,-25,-25,15,15,15,21,21,21,25,25,25,39,39,7,7,23,23,23,48,48,48,3,3,3,28,28,20,20,-17,-17,15,15,-6,-6,-6,5,5,5,5,0,0,26,26,-27,-27,-12,-12,-12,18,18,18,18,15,15,15,13,13,-3,-3,7,7,7,-10,-10,-10,-10,-4,-4,-4,-4,-19,-19,-19,-10,-10,-2,-2,21,21,21,21,-4,-4,-4,-1,-1,-1,-15,-15,-15,-13,-13,-22,-22,-22,32,32,32,32,-19,-19,-19,13,13,13,1,1,-9,-9,-7,-7,-7,-24,-24,-24,17,17,17,26,26,29,29,21,21,21,3,3,3,-5,-5,-5,-5,35,35,35,35,0,0,0,-22,-22,-22,20,20,20,25,25,25,44,44,44,34,34,34,23,23,23,28,28,28,63,63,63,62,62,62,62,15,15,15,15,5,5,5,-27,-27,-28,-28,-28,21,21,21,22,22,5,5,16,16,27,27,17,17,17,4,4,4,17,17,17,17,33,33,33,33,-1,-1,-12,-12,19,19,4,4,33,33,33,-17,-17,-17,14,14,14,33,33,33,-3,-3,-3,1,1,1,1,14,14,14,5,5,5,20,20,20,-17,-17,0,0,-10,-10,5,5,5,12,12,12,12,19,19,19,19,0,0,0,-1,-1,-1,1,1,1,24,24,24,24,-22,-22,-22,29,29,-3,-3,-13,-13,1,1,1,21,21,21,0,0,0,0,-5,-5,-5,-21,-21,-21,27,27,27,6,6,6,6,16,16,16,16,10,10,10,10,32,32,32,32,13,13,13,13,24,24,24,-7,-7,-7,-4,-4,-4,24
210,37.49200000000000443,27,55,51,28,28,44,44,53,53,40,40,58,58,79,43,41,41,56,56,60,60,41,41,32,32,34,34,11,11,54,54,72,72,72,42,42,42,76,76,76,34,34,34,44,44,44,73,73,73,46,46,56,56,90,90,37,37,37,52,52,52,65,65,65,69,69,50,50,25,25,53,53,53,44,44,44,42,42,44,58,36,36,48,48,48,47,47,43,43,43,43,45,45,43,43,43,13,13,13,81,81,51,16,16,55,55,48,48,48,55,55,38,38,70,70,43,43,40,40,55,94,67,53,68,68,68,68,75,75,37,37,37,76,76,83,83,68,68,68,68,68,11,11,11,44,44,53,53,35,35,52,52,43,43,43,55,55,53,53,60,60,65,65,24,24,27,27,27,48,48,33,57,57,54,54,34,34,34,32,32,32,31,31,8,8,-6,-6,32,32,39,39,34,34,26,26,59,59,46,46,108,108,47,47,36,36,36,56,56,33,33,44,44,79,79,8,8,-17,-17,33,0,34,34,33,33,65,65,63,63,50,50,50,40,40,40,58,58,58,46,46,46,28,28,28,10,10,25,25,26,26,34,34,44,44,44,23,23,23,40,40,40,48,48,10,10,10,14,14,14,40,40,40,21,21,21,13,13,13,56,56,28,28,62,62,62,71,71,71,45,45,45,33,33,27,27,12,12,47,47,-1,-1,-1,35,35,35,35,49,49,39,39,43,43,16,16,16,11,11,11,11,15,15,15,44,44,44,44,27,27,27,-6,-6,-6,-6,39,39,39,39,42,42,42,26,26,45,45,39,39,39,39,28,28,28,12,12,12,16,16,16,33,33,-6,-6,-6,21,21,21,21,25,25,25,29,29,29,62,62,15,15,29,29,29,35,35,35,44,44,44,64,64,50,50,34,34,34,72,72,72,26,26,26,26,13,13,13,13,49,49,49,38,38,38,35,35,35,29,29,29,29,29,29,52,52,52,53,53,53,65,65,65,64,64,64,71,71,71,71,47,47,47,47,17,17,17,50,50,5,5,5,15,15,15,23,23,-1,-1,38,38,31,31,21,21,21,28,28,28,32,32,32,32,3,3,3,3,3,3,25,25,25,25,46,46,77,77,77,19,19,19,15,15,15,48,48,48,30,30,30,38,38,38,38,23,23,23,24,24,24,15,15,15,19,19,58,58,67,67,49,49,49,30,30,30,30,13,13,13,13,21,21,21,22,22,22,31,31,31,22,22,22,22,10,10,10,21,21,39,39,37,37,16,16,16,28,28,28,23,23,23,23,35,35,35,30,30,30,44,44,44,43,43,43,43,28,28,28,28,1,1,1,1,11,11,11,11,24,24,24,24,36,36,36,11,11,11,4,4,4,35
211,37.69200000000000017,22,58,31,20,20,44,44,73,73,51,51,73,73,80,61,74,74,51,51,56,56,47,47,76,76,58,58,64,64,65,65,30,30,30,27,27,27,67,67,67,67,67,67,72,72,72,66,66,66,67,67,42,42,83,83,69,69,69,44,44,44,61,61,61,73,73,71,71,50,50,62,62,62,28,28,28,78,78,97,48,49,49,53,53,53,43,43,76,76,50,50,45,45,53,53,53,48,48,48,88,88,54,90,90,109,109,54,54,54,63,63,30,30,66,66,79,79,60,60,65,75,61,75,74,74,63,63,58,58,92,92,92,41,41,51,51,47,47,52,52,52,58,58,58,83,83,47,47,62,62,56,56,69,69,69,94,94,90,90,64,64,93,93,73,73,41,41,41,57,57,57,63,63,59,59,16,16,16,42,42,42,40,40,33,33,24,24,54,54,53,53,77,77,25,25,75,75,84,84,77,77,68,68,66,66,66,47,47,65,65,67,67,69,69,23,23,27,27,50,22,49,49,59,59,70,70,72,72,72,72,72,91,91,91,63,63,63,63,63,63,53,53,53,41,41,40,40,48,48,53,53,59,59,59,44,44,44,61,61,61,41,41,34,34,34,39,39,39,56,56,56,4,4,4,80,80,80,78,78,80,80,97,97,97,76,76,76,79,79,79,63,63,29,29,49,49,61,61,22,22,22,58,58,58,58,47,47,79,79,65,65,66,66,66,30,30,30,30,46,46,46,55,55,56,56,48,48,48,10,10,10,10,30,30,30,30,30,30,30,36,36,107,107,45,45,45,45,58,58,58,47,47,47,52,52,52,49,49,22,22,22,41,41,41,41,43,43,43,76,76,76,93,93,32,32,20,20,20,51,51,51,74,74,74,57,57,76,76,82,82,82,29,29,29,67,67,67,67,15,15,15,15,37,37,37,44,44,44,28,28,28,41,41,41,16,16,16,47,47,47,41,41,41,84,84,84,56,56,56,57,57,57,57,65,65,65,65,58,58,58,44,44,20,20,20,32,32,32,28,28,29,29,36,36,63,63,30,30,30,31,31,31,49,49,49,49,48,48,48,48,53,53,64,64,42,42,48,48,61,61,61,51,51,51,31,31,31,49,49,49,46,46,46,38,38,38,38,53,53,53,35,35,35,43,43,43,46,46,45,45,76,76,63,63,63,27,27,27,27,16,16,16,16,44,44,44,54,54,54,45,45,45,32,32,32,32,11,11,11,32,32,66,66,34,34,29,29,29,40,40,40,40,40,40,40,37,37,37,47,47,47,62,62,62,47,47,47,47,26,26,26,26,12,12,12,12,-21,-21,-21,-21,24,24,24,24,13,13,13,8,8,8,16,16,16,-16
212,37.89200000000000301,23,25,64,55,55,39,39,75,75,46,46,93,93,54,65,68,68,75,75,82,82,64,64,29,29,44,44,45,45,61,61,75,75,75,52,52,52,94,94,94,99,99,99,36,36,36,57,57,57,59,59,52,52,83,83,58,58,58,51,51,51,51,51,51,23,23,47,47,19,19,40,40,40,76,76,76,49,49,38,64,72,72,66,66,66,38,38,45,45,40,40,46,46,56,56,56,42,42,42,64,64,75,85,85,85,85,57,57,57,73,73,34,34,94,94,75,75,62,62,44,28,39,37,65,65,65,65,70,70,18,18,18,54,54,87,87,57,57,87,87,87,62,62,62,74,74,84,84,57,57,72,72,77,77,77,83,83,64,64,75,75,68,68,77,77,55,55,55,82,82,50,67,67,64,64,77,77,77,28,28,28,65,65,18,18,44,44,41,41,52,52,56,56,62,62,67,67,66,66,63,63,76,76,80,80,80,70,70,54,54,54,54,26,26,39,39,33,33,27,27,65,65,44,44,54,54,77,77,49,49,49,56,56,56,91,91,91,23,23,23,66,66,66,65,65,35,35,50,50,55,55,73,73,73,47,47,47,51,51,51,42,42,34,34,34,50,50,50,44,44,44,44,44,44,89,89,89,67,67,69,69,83,83,83,59,59,59,93,93,93,48,48,51,51,84,84,75,75,32,32,32,71,71,71,71,84,84,69,69,83,83,71,71,71,36,36,36,36,32,32,32,58,58,77,77,69,69,69,30,30,30,30,50,50,50,50,12,12,12,47,47,50,50,100,100,100,100,54,54,54,52,52,52,48,48,48,57,57,47,47,47,27,27,27,27,57,57,57,61,61,61,72,72,36,36,38,38,38,52,52,52,57,57,57,56,56,60,60,70,70,70,33,33,33,15,15,15,15,21,21,21,21,48,48,48,47,47,47,30,30,30,58,58,58,-2,-2,-2,14,14,14,23,23,23,56,56,56,26,26,26,45,45,45,45,28,28,28,28,60,60,60,45,45,38,38,38,35,35,35,31,31,25,25,49,49,55,55,30,30,30,56,56,56,29,29,29,29,30,30,30,30,50,50,82,82,61,61,51,51,41,41,41,58,58,58,13,13,13,40,40,40,47,47,47,38,38,38,38,67,67,67,59,59,59,54,54,54,55,55,60,60,87,87,52,52,52,46,46,46,46,25,25,25,25,42,42,42,47,47,47,42,42,42,54,54,54,54,48,48,48,38,38,60,60,74,74,53,53,53,37,37,37,51,51,51,51,42,42,42,38,38,38,42,42,42,36,36,36,36,39,39,39,39,9,9,9,9,45,45,45,45,18,18,18,18,34,34,34,24,24,24,5,5,5,-3
213,38.09200000000000585,29,12,75,78,78,18,18,20,20,37,37,40,40,61,68,57,57,33,33,31,31,63,63,63,63,27,27,0,0,9,9,41,41,41,25,25,25,35,35,35,28,28,28,33,33,33,40,40,40,2,2,36,36,44,44,68,68,68,59,59,59,53,53,53,21,21,31,31,-3,-3,-1,-1,-1,14,14,14,42,42,16,30,42,42,43,43,43,17,17,56,56,37,37,51,51,16,16,16,34,34,34,46,46,50,57,57,47,47,30,30,30,35,35,42,42,52,52,77,77,29,29,3,-5,6,22,43,43,45,45,24,24,46,46,46,62,62,9,9,22,22,62,62,62,64,64,64,69,69,66,66,54,54,64,64,52,52,52,60,60,75,75,64,64,53,53,68,68,53,53,53,34,34,45,73,73,51,51,60,60,60,62,62,62,72,72,60,60,78,78,38,38,62,62,62,62,20,20,59,59,58,58,54,54,67,67,93,93,93,70,70,22,22,38,38,37,37,11,11,23,23,18,10,25,25,50,50,62,62,70,70,34,34,34,37,37,37,69,69,69,37,37,37,46,46,46,60,60,57,57,63,63,43,43,27,27,27,44,44,44,38,38,38,45,45,27,27,27,41,41,41,29,29,29,15,15,15,69,69,69,37,37,52,52,97,97,97,67,67,67,62,62,62,45,45,28,28,43,43,39,39,62,62,62,65,65,65,65,70,70,80,80,34,34,52,52,52,17,17,17,17,26,26,26,42,42,49,49,40,40,40,51,51,51,51,45,45,45,45,67,67,67,29,29,47,47,47,47,47,47,41,41,41,32,32,32,59,59,59,20,20,19,19,19,35,35,35,35,63,63,63,61,61,61,41,41,51,51,54,54,54,82,82,82,44,44,44,31,31,57,57,46,46,46,76,76,76,38,38,38,38,51,51,51,51,14,14,14,29,29,29,39,39,39,20,20,20,-22,-22,-22,8,8,8,41,41,41,7,7,7,16,16,16,26,26,26,26,56,56,56,56,21,21,21,22,22,32,32,32,10,10,10,41,41,19,19,60,60,37,37,38,38,38,52,52,52,31,31,31,31,20,20,20,20,53,53,61,61,16,16,31,31,33,33,33,47,47,47,18,18,18,18,18,18,33,33,33,29,29,29,29,45,45,45,29,29,29,50,50,50,57,57,38,38,46,46,15,15,15,58,58,58,58,19,19,19,19,41,41,41,24,24,24,23,23,23,55,55,55,55,55,55,55,52,52,42,42,50,50,77,77,77,28,28,28,43,43,43,43,76,76,76,43,43,43,17,17,17,40,40,40,40,39,39,39,39,31,31,31,31,26,26,26,26,18,18,18,18,16,16,16,34,34,34,5,5,5,0
214,38.29200000000000159,7,7,42,48,48,40,40,46,46,30,30,57,57,42,42,45,45,15,15,57,57,38,38,38,38,24,24,40,40,17,17,73,73,73,26,26,26,21,21,21,13,13,13,31,31,31,13,13,13,9,9,6,6,32,32,9,9,9,57,57,57,65,65,65,31,31,28,28,9,9,33,33,33,-6,-6,-6,17,17,30,9,47,47,63,63,63,37,37,51,51,55,55,18,18,26,26,26,59,59,59,60,60,9,43,43,46,46,5,5,5,21,21,41,41,38,38,55,55,34,34,28,21,37,28,15,15,37,37,-7,-7,-1,-1,-1,16,16,19,19,16,16,32,32,32,42,42,42,44,44,49,49,35,35,60,60,50,50,50,56,56,53,53,39,39,35,35,72,72,53,53,53,49,49,50,68,68,37,37,32,32,32,70,70,70,67,67,66,66,62,62,48,48,60,60,63,63,54,54,75,75,79,79,48,48,45,45,86,86,86,64,64,21,21,45,45,37,37,36,36,71,71,23,31,59,59,45,45,44,44,69,69,23,23,23,43,43,43,55,55,55,34,34,34,62,62,62,57,57,42,42,-5,-5,6,6,45,45,45,53,53,53,43,43,43,55,55,49,49,49,54,54,54,22,22,22,17,17,17,80,80,80,52,52,68,68,59,59,59,66,66,66,64,64,64,67,67,53,53,70,70,44,44,70,70,70,92,92,92,92,64,64,36,36,50,50,67,67,67,33,33,33,33,66,66,66,30,30,53,53,69,69,69,42,42,42,42,37,37,37,37,35,35,35,20,20,39,39,62,62,62,62,83,83,83,64,64,64,36,36,36,37,37,62,62,62,39,39,39,39,90,90,90,57,57,57,13,13,67,67,59,59,59,61,61,61,45,45,45,45,45,75,75,43,43,43,59,59,59,42,42,42,42,53,53,53,53,31,31,31,47,47,47,56,56,56,54,54,54,9,9,9,56,56,56,10,10,10,36,36,36,33,33,33,55,55,55,55,76,76,76,76,62,62,62,55,55,64,64,64,49,49,49,44,44,55,55,59,59,44,44,51,51,51,46,46,46,24,24,24,24,26,26,26,26,63,63,67,67,33,33,39,39,8,8,8,53,53,53,43,43,43,27,27,27,48,48,48,49,49,49,49,66,66,66,40,40,40,52,52,52,92,92,46,46,32,32,25,25,25,46,46,46,46,46,46,46,46,49,49,49,62,62,62,36,36,36,54,54,54,54,38,38,38,67,67,35,35,35,35,51,51,51,57,57,57,61,61,61,61,45,45,45,62,62,62,39,39,39,50,50,50,50,31,31,31,31,56,56,56,56,49,49,49,49,42,42,42,42,9,9,9,62,62,62,6,6,6,9
215,38.49200000000000443,37,55,25,27,27,27,27,46,46,28,28,33,33,19,53,25,25,16,16,40,40,70,70,53,53,27,27,51,51,36,36,39,39,39,46,46,46,34,34,34,-16,-16,-16,36,36,36,31,31,31,10,10,7,7,37,37,41,41,41,66,66,66,38,38,38,39,39,24,24,12,12,27,27,27,47,47,47,23,23,5,18,41,41,50,50,50,39,39,45,45,40,40,32,32,44,44,44,45,45,45,54,54,20,32,32,44,44,61,61,61,19,19,52,52,48,48,68,68,60,60,28,46,43,36,12,12,33,33,-7,-7,-2,-2,-2,-20,-20,31,31,23,23,48,48,48,34,34,34,45,45,31,31,40,40,50,50,29,29,29,39,39,32,32,24,24,14,14,54,54,44,44,44,29,29,45,6,6,8,8,62,62,62,65,65,65,65,65,85,85,69,69,78,78,58,58,59,59,48,48,77,77,102,102,49,49,29,29,92,92,92,52,52,45,45,64,64,63,63,76,76,75,75,39,48,60,60,54,54,34,34,68,68,23,23,23,32,32,32,48,48,48,50,50,50,35,35,35,59,59,53,53,34,34,25,25,40,40,40,76,76,76,95,95,95,90,90,68,68,68,60,60,60,27,27,27,43,43,43,58,58,58,54,54,59,59,74,74,74,53,53,53,58,58,58,47,47,40,40,66,66,55,55,68,68,68,50,50,50,50,53,53,69,69,25,25,65,65,65,29,29,29,29,61,61,61,64,64,43,43,64,64,64,63,63,63,63,56,56,56,56,51,51,51,15,15,35,35,51,51,51,51,70,70,70,77,77,77,60,60,60,34,34,96,96,96,55,55,55,55,87,87,87,55,55,55,64,64,92,92,66,66,66,69,69,69,50,50,50,34,34,55,55,37,37,37,40,40,40,39,39,39,39,47,47,47,47,65,65,65,32,32,32,29,29,29,71,71,71,32,32,32,34,34,34,58,58,58,81,81,81,66,66,66,71,71,71,71,85,85,85,85,95,95,95,79,79,75,75,75,85,85,85,59,59,54,54,83,83,71,71,37,37,37,58,58,58,38,38,38,38,56,56,56,56,75,75,59,59,33,33,40,40,22,22,22,70,70,70,64,64,64,51,51,51,89,89,89,76,76,76,76,52,52,52,65,65,65,31,31,31,78,78,32,32,39,39,72,72,72,55,55,55,55,40,40,40,40,54,54,54,50,50,50,60,60,60,77,77,77,77,82,82,82,42,42,67,67,57,57,61,61,61,50,50,50,94,94,94,94,84,84,84,68,68,68,75,75,75,71,71,71,71,49,49,49,49,67,67,67,67,52,52,52,52,50,50,50,50,80,80,80,74,74,74,50,50,50,42
216,38.69200000000000728,50,35,27,24,24,29,29,3,3,24,24,46,46,30,39,13,13,28,28,16,16,63,63,55,55,36,36,22,22,31,31,43,43,43,25,25,25,24,24,24,27,27,27,38,38,38,-6,-6,-6,9,9,19,19,33,33,15,15,15,22,22,22,33,33,33,38,38,40,40,35,35,36,36,36,34,34,34,43,43,10,22,42,42,28,28,28,25,25,20,20,14,14,20,20,52,52,52,69,69,69,9,9,26,39,39,56,56,45,45,45,32,32,40,40,11,11,36,36,39,39,40,41,44,59,42,42,20,20,6,6,11,11,11,1,1,-5,-5,42,42,32,32,32,50,50,50,43,43,39,39,25,25,42,42,15,15,15,38,38,33,33,24,24,40,40,40,40,47,47,47,26,26,23,25,25,12,12,23,23,23,35,35,35,26,26,68,68,82,82,61,61,63,63,88,88,44,44,72,72,84,84,42,42,37,37,69,69,69,71,71,43,43,62,62,40,40,64,64,57,57,67,78,54,54,71,71,66,66,47,47,28,28,28,45,45,45,42,42,42,59,59,59,50,50,50,45,45,75,75,47,47,53,53,62,62,62,92,92,92,101,101,101,98,98,90,90,90,86,86,86,65,65,65,50,50,50,37,37,37,40,40,85,85,42,42,42,70,70,70,54,54,54,77,77,60,60,41,41,70,70,69,69,69,47,47,47,47,43,43,26,26,62,62,66,66,66,63,63,63,63,58,58,58,51,51,42,42,62,62,62,34,34,34,34,73,73,73,73,50,50,50,38,38,88,88,100,100,100,100,27,27,27,82,82,82,73,73,73,59,59,93,93,93,70,70,70,70,73,73,73,36,36,36,75,75,76,76,52,52,52,56,56,56,63,63,63,33,33,32,32,54,54,54,61,61,61,42,42,42,42,55,55,55,55,25,25,25,62,62,62,62,62,62,64,64,64,49,49,49,84,84,84,65,65,65,86,86,86,140,140,140,118,118,118,118,94,94,94,94,86,86,86,90,90,74,74,74,62,62,62,60,60,73,73,73,73,88,88,65,65,65,45,45,45,34,34,34,34,51,51,51,51,82,82,32,32,72,72,77,77,40,40,40,50,50,50,47,47,47,51,51,51,79,79,79,59,59,59,59,61,61,61,35,35,35,39,39,39,74,74,69,69,37,37,74,74,74,66,66,66,66,72,72,72,72,73,73,73,48,48,48,46,46,46,65,65,65,65,79,79,79,55,55,50,50,58,58,61,61,61,68,68,68,65,65,65,65,64,64,64,73,73,73,72,72,72,52,52,52,52,66,66,66,66,69,69,69,69,61,61,61,61,59,59,59,59,69,69,69,75,75,75,63,63,63,89
217,38.89200000000000301,66,29,45,37,37,21,21,37,37,35,35,18,18,23,31,15,15,10,10,10,10,34,34,34,34,23,23,48,48,14,14,32,32,32,52,52,52,9,9,9,48,48,48,23,23,23,18,18,18,30,30,12,12,12,12,28,28,28,8,8,8,-5,-5,-5,3,3,27,27,1,1,23,23,23,19,19,19,39,39,6,40,11,11,26,26,26,26,26,-10,-10,8,8,20,20,20,20,20,48,48,48,-3,-3,32,34,34,24,24,-7,-7,-7,22,22,40,40,-9,-9,3,3,13,13,-11,15,9,29,15,15,27,27,31,31,-28,-28,-28,16,16,-9,-9,-3,-3,14,14,14,33,33,33,-9,-9,18,18,19,19,10,10,-6,-6,-6,1,1,22,22,40,40,31,31,15,15,27,27,27,22,22,7,4,4,9,9,55,55,55,47,47,47,42,42,57,57,37,37,44,44,47,47,75,75,57,57,58,58,46,46,52,52,30,30,54,54,54,49,49,47,47,47,47,26,26,38,38,32,32,26,45,31,31,47,47,18,18,27,27,24,24,24,47,47,47,37,37,37,35,35,35,58,58,58,59,59,51,51,63,63,105,105,66,66,66,92,92,92,102,102,102,85,85,74,74,74,60,60,60,72,72,72,45,45,45,62,62,62,6,6,54,54,2,2,2,10,10,10,43,43,43,57,57,42,42,50,50,52,52,57,57,57,46,46,46,46,23,23,33,33,74,74,71,71,71,57,57,57,57,59,59,59,28,28,29,29,55,55,55,54,54,54,54,60,60,60,60,50,50,50,46,46,32,32,72,72,72,72,87,87,87,82,82,82,53,53,53,62,62,82,82,82,63,63,63,63,53,53,53,48,48,48,45,45,48,48,51,51,51,24,24,24,64,64,64,15,15,29,29,26,26,26,45,45,45,42,42,42,42,26,26,26,26,19,19,19,34,34,34,65,65,65,76,76,76,38,38,38,82,82,82,70,70,70,81,81,81,109,109,109,102,102,102,102,85,85,85,85,75,75,75,84,84,45,45,45,38,38,38,53,53,43,43,40,40,50,50,74,74,74,45,45,45,23,23,23,23,32,32,32,32,64,64,45,45,57,57,42,42,22,22,22,29,29,29,46,46,46,45,45,45,48,48,48,33,33,33,33,39,39,39,41,41,41,57,57,57,56,56,1,1,45,45,79,79,79,55,55,55,55,45,45,45,45,40,40,40,59,59,59,33,33,33,55,55,55,55,60,60,60,36,36,44,44,30,30,58,58,58,71,71,71,74,74,74,74,57,57,57,87,87,87,77,77,77,78,78,78,78,82,82,82,82,75,75,75,75,78,78,78,78,77,77,77,77,55,55,55,88,88,88,80,80,80,54
218,39.09200000000000585,73,29,13,29,29,19,19,12,12,14,14,32,32,26,13,-5,-5,-16,-16,-26,-26,10,10,15,15,17,17,50,50,-2,-2,-33,-33,-33,8,8,8,0,0,0,-9,-9,-9,-3,-3,-3,-2,-2,-2,-21,-21,-12,-12,16,16,-8,-8,-8,1,1,1,-35,-35,-35,0,0,-8,-8,-18,-18,1,1,1,19,19,19,17,17,5,4,5,5,2,2,2,18,18,-39,-39,-10,-10,-31,-31,3,3,3,4,4,4,-1,-1,-2,21,21,12,12,-2,-2,-2,2,2,-9,-9,-74,-74,-66,-66,-44,-44,-25,-13,6,-24,10,10,0,0,-9,-9,14,14,14,9,9,-15,-15,-29,-29,4,4,4,25,25,25,-14,-14,11,11,11,11,-12,-12,-2,-2,-2,-1,-1,-4,-4,16,16,19,19,-18,-18,8,8,8,5,5,-12,-3,-3,-1,-1,12,12,12,38,38,38,16,16,55,55,24,24,33,33,15,15,10,10,24,24,46,46,19,19,1,1,26,26,30,30,30,16,16,-4,-4,-4,-4,-5,-5,21,21,14,14,-3,11,1,1,26,26,28,28,-13,-13,10,10,10,4,4,4,36,36,36,21,21,21,19,19,19,18,18,41,41,18,18,58,58,30,30,30,84,84,84,64,64,64,51,51,44,44,44,17,17,17,32,32,32,32,32,32,25,25,25,-20,-20,11,11,28,28,28,14,14,14,31,31,31,6,6,57,57,21,21,15,15,31,31,31,31,31,31,31,40,40,56,56,48,48,44,44,44,36,36,36,36,57,57,57,22,22,10,10,27,27,27,17,17,17,17,47,47,47,47,38,38,38,60,60,65,65,22,22,22,22,27,27,27,64,64,64,35,35,35,42,42,50,50,50,42,42,42,42,23,23,23,24,24,24,9,9,36,36,19,19,19,15,15,15,35,35,35,19,19,-2,-2,14,14,14,29,29,29,32,32,32,32,38,38,38,38,40,40,40,26,26,26,39,39,39,34,34,34,55,55,55,79,79,79,51,51,51,67,67,67,88,88,88,27,27,27,27,84,84,84,84,18,18,18,46,46,41,41,41,34,34,34,34,34,20,20,20,20,21,21,26,26,26,19,19,19,7,7,7,7,27,27,27,27,26,26,8,8,35,35,42,42,19,19,19,7,7,7,32,32,32,-6,-6,-6,15,15,15,24,24,24,24,8,8,8,33,33,33,20,20,20,32,32,43,43,22,22,47,47,47,42,42,42,42,12,12,12,12,31,31,31,29,29,29,19,19,19,39,39,39,39,41,41,41,46,46,30,30,8,8,19,19,19,68,68,68,46,46,46,46,18,18,18,32,32,32,56,56,56,42,42,42,42,60,60,60,60,39,39,39,39,52,52,52,52,41,41,41,41,55,55,55,68,68,68,47,47,47,57
219,39.29200000000000159,59,21,17,1,1,21,21,-7,-7,4,4,-13,-13,9,-17,22,22,-9,-9,-31,-31,-13,-13,-22,-22,-1,-1,-3,-3,-21,-21,-34,-34,-34,-4,-4,-4,-33,-33,-33,-19,-19,-19,-24,-24,-24,-57,-57,-57,-12,-12,-15,-15,-28,-28,-42,-42,-42,-44,-44,-44,-15,-15,-15,-12,-12,-14,-14,-12,-12,-22,-22,-22,-13,-13,-13,-21,-21,17,-7,-38,-38,-24,-24,-24,-17,-17,-32,-32,-41,-41,-37,-37,-37,-37,-37,-3,-3,-3,-37,-37,-21,3,3,-6,-6,-10,-10,-10,-24,-24,-51,-51,-60,-60,-40,-40,-67,-67,-40,-36,-17,-39,-23,-23,0,0,-32,-32,-43,-43,-43,-29,-29,-2,-2,-7,-7,-23,-23,-23,14,14,14,-18,-18,-35,-35,-25,-25,-19,-19,-7,-7,-7,-17,-17,-19,-19,14,14,-2,-2,-40,-40,-9,-9,-9,-4,-4,-13,-29,-29,-39,-39,-30,-30,-30,-8,-8,-8,6,6,14,14,2,2,-3,-3,22,22,3,3,22,22,23,23,28,28,-26,-26,-7,-7,-10,-10,-10,3,3,-22,-22,-41,-41,1,1,-23,-23,-18,-18,-20,-28,-8,-8,3,3,-6,-6,-25,-25,-21,-21,-21,-3,-3,-3,24,24,24,18,18,18,-14,-14,-14,-9,-9,25,25,24,24,17,17,22,22,22,21,21,21,48,48,48,28,28,4,4,4,-1,-1,-1,9,9,9,25,25,25,1,1,1,-14,-14,-13,-13,6,6,6,4,4,4,-15,-15,-15,-10,-10,25,25,-1,-1,-17,-17,29,29,29,-2,-2,-2,-2,-29,-29,-2,-2,7,7,16,16,16,39,39,39,39,20,20,20,10,10,-29,-29,-14,-14,-14,14,14,14,14,26,26,26,26,28,28,28,37,37,2,2,-8,-8,-8,-8,-8,-8,-8,14,14,14,18,18,18,6,6,-5,-5,-5,7,7,7,7,-11,-11,-11,-4,-4,-4,-36,-36,-1,-1,-21,-21,-21,-7,-7,-7,-2,-2,-2,-15,-15,-29,-29,11,11,11,-17,-17,-17,-6,-6,-6,-6,-6,-6,-6,-6,-22,-22,-22,9,9,9,17,17,17,63,63,63,23,23,23,16,16,16,48,48,48,24,24,24,51,51,51,28,28,28,28,52,52,52,52,14,14,14,21,21,-10,-10,-10,12,12,12,-9,-9,-22,-22,-8,-8,-1,-1,-6,-6,-6,-1,-1,-1,-3,-3,-3,-3,-9,-9,-9,-9,-2,-2,-25,-25,-13,-13,-16,-16,-10,-10,-10,-29,-29,-29,-16,-16,-16,-7,-7,-7,-3,-3,-3,7,7,7,7,-24,-24,-24,8,8,8,31,31,31,-4,-4,22,22,10,10,15,15,15,28,28,28,28,4,4,4,4,11,11,11,-9,-9,-9,5,5,5,3,3,3,3,2,2,2,2,2,5,5,7,7,7,7,7,13,13,13,-1,-1,-1,-1,2,2,2,0,0,0,14,14,14,13,13,13,13,37,37,37,37,22,22,22,22,37,37,37,37,33,33,33,33,39,39,39,14,14,14,33,33,33,32
220,39.49200000000000443,-13,6,-19,3,3,6,6,31,31,-20,-20,2,2,29,4,18,18,-13,-13,-6,-6,-54,-54,-16,-16,6,6,-12,-12,8,8,-43,-43,-43,-46,-46,-46,-5,-5,-5,-17,-17,-17,-2,-2,-2,11,11,11,-6,-6,-16,-16,4,4,-6,-6,-6,-58,-58,-58,-41,-41,-41,-3,-3,-18,-18,-22,-22,-24,-24,-24,-11,-11,-11,1,1,-9,-41,-32,-32,1,1,1,-17,-17,-12,-12,-8,-8,-23,-23,-24,-24,-24,-29,-29,-29,-11,-11,-8,-16,-16,-8,-8,-40,-40,-40,-34,-34,-61,-61,-29,-29,-47,-47,-30,-30,-26,-11,-2,-44,-16,-16,-16,-16,-36,-36,-16,-16,-16,1,1,-9,-9,4,4,-23,-23,-23,-21,-21,-21,-29,-29,1,1,-34,-34,-21,-21,-22,-22,-22,-8,-8,-27,-27,4,4,-17,-17,-42,-42,-37,-37,-37,8,8,-2,-15,-15,-25,-25,-13,-13,-13,-2,-2,-2,-21,-21,-25,-25,-30,-30,-3,-3,7,7,6,6,-15,-15,12,12,7,7,-16,-16,-3,-3,-40,-40,-40,0,0,-10,-10,-33,-33,-25,-25,-44,-44,-40,-40,-37,-22,-31,-31,-27,-27,-10,-10,-34,-34,-21,-21,-21,-5,-5,-5,-15,-15,-15,28,28,28,-4,-4,-4,-5,-5,-7,-7,0,0,12,12,21,21,21,0,0,0,14,14,14,-9,-9,0,0,0,-35,-35,-35,11,11,11,-10,-10,-10,-1,-1,-1,15,15,-27,-27,-14,-14,-14,-35,-35,-35,-17,-17,-17,-13,-13,-26,-26,4,4,-28,-28,-33,-33,-33,-15,-15,-15,-15,-6,-6,-5,-5,-16,-16,-44,-44,-44,32,32,32,32,-22,-22,-22,0,0,-30,-30,-7,-7,-7,-16,-16,-16,-16,4,4,4,4,16,16,16,16,16,-6,-6,-34,-34,-34,-34,-19,-19,-19,-24,-24,-24,-35,-35,-35,-14,-14,-35,-35,-35,-20,-20,-20,-20,-30,-30,-30,-14,-14,-14,-34,-34,-24,-24,-11,-11,-11,-28,-28,-28,-3,-3,-3,-20,-20,-27,-27,-31,-31,-31,-10,-10,-10,-47,-47,-47,-47,-47,-47,-47,-47,-7,-7,-7,-24,-24,-24,-8,-8,-8,49,49,49,0,0,0,18,18,18,36,36,36,18,18,18,45,45,45,14,14,14,14,16,16,16,16,1,1,1,-11,-11,-18,-18,-18,-7,-7,-7,-9,-9,-19,-19,5,5,3,3,-8,-8,-8,-8,-8,-8,-30,-30,-30,-30,-9,-9,-9,-9,-46,-46,-15,-15,-42,-42,-23,-23,-28,-28,-28,-23,-23,-23,-42,-42,-42,7,7,7,-30,-30,-30,-28,-28,-28,-28,-20,-20,-20,-14,-14,-14,-12,-12,-12,-29,-29,-22,-22,-8,-8,-19,-19,-19,4,4,4,4,10,10,10,10,-21,-21,-21,-15,-15,-15,-6,-6,-6,-10,-10,-10,-10,-8,-8,-8,-6,-6,-19,-19,-14,-14,-27,-27,-27,-7,-7,-7,-8,-8,-8,-8,-10,-10,-10,-12,-12,-12,-12,-12,-12,-19,-19,-19,-19,15,15,15,15,4,4,4,4,38,38,38,38,4,4,4,4,9,9,9,11,11,11,14,14,14,28
221,39.69200000000000728,30,-10,-18,-14,-14,-28,-28,-11,-11,24,24,-23,-23,-1,-40,2,2,-17,-17,-18,-18,-8,-8,1,1,-7,-7,4,4,0,0,-14,-14,-14,-18,-18,-18,4,4,4,18,18,18,-75,-75,-75,-11,-11,-11,8,8,-6,-6,-2,-2,-28,-28,-28,-40,-40,-40,-17,-17,-17,6,6,23,23,23,23,-17,-17,-17,17,17,17,0,0,-4,-19,-37,-37,5,5,5,-22,-22,7,7,15,15,-1,-1,2,2,2,-13,-13,-13,-12,-12,8,-10,-10,-34,-34,6,6,6,-6,-6,-45,-45,-8,-8,-28,-28,-14,-14,-11,17,-8,0,18,18,-11,-11,-41,-41,-10,-10,-10,2,2,3,3,-5,-5,-5,-5,-5,-1,-1,-1,-12,-12,2,2,11,11,-23,-23,-9,-9,-9,-3,-3,4,4,19,19,16,16,-28,-28,-54,-54,-54,-31,-31,-30,-28,-28,0,0,-10,-10,-10,6,6,6,12,12,-25,-25,-54,-54,-34,-34,-6,-6,12,12,-4,-4,8,8,1,1,-34,-34,25,25,-17,-17,-17,-32,-32,-14,-14,0,0,13,13,-29,-29,-31,-31,2,-40,-29,-29,-18,-18,-2,-2,-44,-44,-18,-18,-18,-15,-15,-15,-23,-23,-23,3,3,3,-6,-6,-6,-12,-12,-21,-21,3,3,1,1,19,19,19,-1,-1,-1,35,35,35,4,4,-8,-8,-8,-9,-9,-9,1,1,1,8,8,8,-20,-20,-20,-13,-13,-6,-6,-23,-23,-23,-26,-26,-26,10,10,10,-16,-16,-2,-2,-13,-13,-32,-32,-36,-36,-36,-12,-12,-12,-12,-27,-27,29,29,-11,-11,-27,-27,-27,-22,-22,-22,-22,34,34,34,-26,-26,6,6,-29,-29,-29,-21,-21,-21,-21,-19,-19,-19,-19,1,1,1,0,0,-17,-17,-32,-32,-32,-32,-36,-36,-36,13,13,13,-6,-6,-6,-26,-26,-25,-25,-25,-20,-20,-20,-20,-22,-22,-22,-27,-27,-27,-6,-6,-8,-8,-19,-19,-19,-31,-31,-31,-27,-27,-27,-23,-23,-29,-29,-16,-16,-16,-40,-40,-40,-39,-39,-39,-39,-30,-30,-30,-30,-24,-24,-24,2,2,2,-7,-7,-7,41,41,41,25,25,25,-3,-3,-3,23,23,23,34,34,34,17,17,17,26,26,26,26,3,3,3,3,-24,-24,-24,0,0,14,14,14,-14,-14,-14,-20,-20,-15,-15,-26,-26,-14,-14,-15,-15,-15,6,6,6,-16,-16,-16,-16,-31,-31,-31,-31,-58,-58,-28,-28,-32,-32,-28,-28,-10,-10,-10,-16,-16,-16,11,11,11,-22,-22,-22,-21,-21,-21,-13,-13,-13,-13,-32,-32,-32,-12,-12,-12,-18,-18,-18,-16,-16,-37,-37,6,6,-11,-11,-11,-22,-22,-22,-22,2,2,2,2,-32,-32,-32,-4,-4,-4,-13,-13,-13,-35,-35,-35,-35,-24,-24,-24,-14,-14,-25,-25,-18,-18,-47,-47,-47,-30,-30,-30,-24,-24,-24,-24,4,4,4,-10,-10,-10,-12,-12,-12,-5,-5,-5,-5,-8,-8,-8,-8,-7,-7,-7,-7,11,11,11,11,-6,-6,-6,-6,-15,-15,-15,-23,-23,-23,9,9,9,6
222,39.89200000000000301,10,6,-8,-15,-15,-3,-3,-11,-11,-21,-21,-9,-9,15,23,26,26,-10,-10,-16,-16,-6,-6,-58,-58,-1,-1,0,0,2,2,15,15,15,-26,-26,-26,27,27,27,5,5,5,-26,-26,-26,-4,-4,-4,-5,-5,16,16,-35,-35,-7,-7,-7,-35,-35,-35,-12,-12,-12,2,2,-3,-3,-9,-9,-11,-11,-11,13,13,13,-28,-28,4,14,-11,-11,-27,-27,-27,-20,-20,6,6,-8,-8,3,3,19,19,19,12,12,12,9,9,-8,12,12,-17,-17,-9,-9,-9,38,38,-32,-32,18,18,8,8,3,3,16,-3,-23,-18,-18,-18,-26,-26,-13,-13,-10,-10,-10,3,3,-6,-6,-13,-13,8,8,8,-18,-18,-18,-35,-35,-12,-12,-1,-1,-36,-36,0,0,0,-18,-18,5,5,-17,-17,24,24,-17,-17,-32,-32,-32,-7,-7,-21,1,1,-14,-14,-36,-36,-36,-36,-36,-36,-19,-19,-21,-21,-23,-23,-43,-43,-12,-12,0,0,-6,-6,6,6,-35,-35,-12,-12,-13,-13,-34,-34,-34,-24,-24,6,6,-3,-3,0,0,-21,-21,-35,-35,6,-44,-18,-18,-36,-36,-1,-1,-21,-21,-26,-26,-26,-10,-10,-10,-15,-15,-15,1,1,1,-12,-12,-12,-31,-31,18,18,-12,-12,-5,-5,-4,-4,-4,-17,-17,-17,-6,-6,-6,-10,-10,-31,-31,-31,-14,-14,-14,5,5,5,-41,-41,-41,-9,-9,-9,6,6,-43,-43,-15,-15,-15,-24,-24,-24,-9,-9,-9,-5,-5,-19,-19,-33,-33,-28,-28,-40,-40,-40,-11,-11,-11,-11,19,19,-7,-7,-35,-35,-48,-48,-48,-23,-23,-23,-23,-48,-48,-48,4,4,-4,-4,-20,-20,-20,-24,-24,-24,-24,-6,-6,-6,-6,-9,-9,-9,-23,-23,-21,-21,-39,-39,-39,-39,-39,-39,-39,-35,-35,-35,-34,-34,-34,-14,-14,-17,-17,-17,-38,-38,-38,-38,-27,-27,-27,-10,-10,-10,-1,-1,-25,-25,-14,-14,-14,-45,-45,-45,-4,-4,-4,-30,-30,-10,-10,-5,-5,-5,-12,-12,-12,-22,-22,-22,-22,5,5,5,5,-7,-7,-7,4,4,4,-31,-31,-31,15,15,15,-11,-11,-11,3,3,3,-9,-9,-9,-38,-38,-38,2,2,2,7,7,7,7,-22,-22,-22,-22,-1,-1,-1,-4,-4,-4,-4,-4,0,0,0,-22,-22,-31,-31,-27,-27,0,0,-13,-13,-13,1,1,1,-21,-21,-21,-21,-22,-22,-22,-22,-21,-21,-33,-33,5,5,-13,-13,4,4,4,17,17,17,4,4,4,-19,-19,-19,-24,-24,-24,-16,-16,-16,-16,-19,-19,-19,-5,-5,-5,-1,-1,-1,-17,-17,-38,-38,-8,-8,10,10,10,-18,-18,-18,-18,-28,-28,-28,-28,12,12,12,-18,-18,-18,-29,-29,-29,-15,-15,-15,-15,-42,-42,-42,-26,-26,-13,-13,-3,-3,-32,-32,-32,-19,-19,-19,0,0,0,0,1,1,1,-11,-11,-11,-28,-28,-28,-6,-6,-6,-6,-28,-28,-28,-28,-21,-21,-21,-21,-27,-27,-27,-27,-3,-3,-3,-3,-7,-7,-7,-14,-14,-14,-31,-31,-31,-42
223,40.09200000000000585,-19,-23,-27,-20,-20,-49,-49,-47,-47,1,1,-35,-35,-33,2,-10,-10,-6,-6,-32,-32,-25,-25,-7,-7,-12,-12,-44,-44,-20,-20,-4,-4,-4,-25,-25,-25,21,21,21,-22,-22,-22,-41,-41,-41,28,28,28,-8,-8,-25,-25,-30,-30,-1,-1,-1,-7,-7,-7,-1,-1,-1,-17,-17,1,1,-28,-28,-14,-14,-14,-1,-1,-1,-14,-14,-34,-17,-14,-14,3,3,3,-21,-21,-6,-6,-5,-5,-9,-9,-15,-15,-15,-23,-23,-23,-8,-8,10,-22,-22,-16,-16,5,5,5,2,2,-20,-20,9,9,23,23,-1,-1,7,-22,-31,-4,-22,-22,-4,-4,5,5,4,4,4,-15,-15,-9,-9,-15,-15,-26,-26,-26,-17,-17,-17,-27,-27,-27,-27,-19,-19,4,4,-5,-5,-5,-19,-19,-22,-22,-11,-11,-21,-21,9,9,-21,-21,-21,-11,-11,-13,-9,-9,-15,-15,-31,-31,-31,-33,-33,-33,-11,-11,-31,-31,-46,-46,-7,-7,-32,-32,-27,-27,-51,-51,-42,-42,-23,-23,-24,-24,-36,-36,-25,-25,-25,-39,-39,-17,-17,-45,-45,-17,-17,-48,-48,-41,-41,-17,-44,-6,-6,-16,-16,-1,-1,-17,-17,-27,-27,-27,-5,-5,-5,-34,-34,-34,-19,-19,-19,-15,-15,-15,-10,-10,-51,-51,-33,-33,-38,-38,-43,-43,-43,-19,-19,-19,-32,-32,-32,-37,-37,-24,-24,-24,-24,-24,-24,-71,-71,-71,-7,-7,-7,-17,-17,-17,-8,-8,-38,-38,-40,-40,-40,-14,-14,-14,-8,-8,-8,-28,-28,6,6,-41,-41,-23,-23,-42,-42,-42,-23,-23,-23,-23,-19,-19,-31,-31,-48,-48,-45,-45,-45,-18,-18,-18,-18,-43,-43,-43,-28,-28,-18,-18,-13,-13,-13,-42,-42,-42,-42,-25,-25,-25,-25,-23,-23,-23,-29,-29,-44,-44,-36,-36,-36,-36,-1,-1,-1,-15,-15,-15,-29,-29,-29,-33,-33,-28,-28,-28,-37,-37,-37,-37,-32,-32,-32,1,1,1,-20,-20,-34,-34,-27,-27,-27,-30,-30,-30,-7,-7,-7,-35,-35,-27,-27,8,8,8,18,18,18,-19,-19,-19,-19,-3,-3,-3,-3,-9,-9,-9,-4,-4,-4,-30,-30,-30,-13,-13,-13,-25,-25,-25,-16,-16,-16,-23,-23,-23,-11,-11,-11,-10,-10,-10,-45,-45,-45,-45,-32,-32,-32,-32,-26,-26,-26,-25,-25,-43,-43,-43,-31,-31,-31,-39,-39,-11,-11,-25,-25,-5,-5,-24,-24,-24,-33,-33,-33,-22,-22,-22,-22,-21,-21,-21,-21,-21,-21,-16,-16,-16,-16,10,10,-5,-5,-5,-19,-19,-19,-32,-32,-32,6,6,6,-21,-21,-21,-34,-34,-34,-34,-23,-23,-23,-13,-13,-13,-27,-27,-27,-15,-15,-10,-10,30,30,-41,-41,-41,-30,-30,-30,-30,-23,-23,-23,-23,-52,-52,-52,-13,-13,-13,-21,-21,-21,-40,-40,-40,-40,-20,-20,-20,-18,-18,11,11,-3,-3,11,11,11,-28,-28,-28,-31,-31,-31,-31,-27,-27,-27,-21,-21,-21,-40,-40,-40,-41,-41,-41,-41,-54,-54,-54,-54,-36,-36,-36,-36,-34,-34,-34,-34,-37,-37,-37,-37,-52,-52,-52,-24,-24,-24,-17,-17,-17,-15
224,40.29200000000000159,-25,-33,-31,-52,-52,-54,-54,-21,-21,-32,-32,-14,-14,-5,-35,-7,-7,-8,-8,-32,-32,-31,-31,-8,-8,-15,-15,-31,-31,-3,-3,3,3,3,-26,-26,-26,3,3,3,-34,-34,-34,-23,-23,-23,27,27,27,4,4,-20,-20,-44,-44,-29,-29,-29,-11,-11,-11,-17,-17,-17,-17,-17,-24,-24,-14,-14,3,3,3,-22,-22,-22,-5,-5,-51,-23,-15,-15,-8,-8,-8,-26,-26,1,1,-16,-16,-2,-2,12,12,12,-35,-35,-35,12,12,-3,-11,-11,-9,-9,2,2,2,-15,-15,-4,-4,32,32,26,26,12,12,10,-10,-34,3,19,19,-34,-34,-4,-4,31,31,31,12,12,-29,-29,-9,-9,5,5,5,-34,-34,-34,13,13,-21,-21,4,4,-14,-14,3,3,3,-13,-13,11,11,-12,-12,-24,-24,35,35,-12,-12,-12,-1,-1,-1,-7,-7,14,14,-31,-31,-31,-4,-4,-4,-41,-41,-33,-33,-50,-50,-21,-21,-33,-33,-10,-10,-44,-44,-48,-48,-10,-10,-8,-8,-50,-50,-2,-2,-2,-31,-31,-13,-13,-34,-34,-41,-41,-55,-55,-24,-24,-22,-9,-16,-16,-20,-20,-38,-38,-21,-21,-12,-12,-12,-33,-33,-33,-9,-9,-9,-29,-29,-29,-17,-17,-17,-9,-9,-54,-54,-41,-41,-45,-45,-66,-66,-66,-7,-7,-7,-30,-30,-30,-44,-44,-23,-23,-23,-19,-19,-19,-35,-35,-35,-14,-14,-14,-14,-14,-14,-19,-19,-49,-49,-8,-8,-8,-29,-29,-29,-11,-11,-11,-19,-19,-43,-43,-18,-18,-27,-27,-26,-26,-26,-20,-20,-20,-20,8,8,-29,-29,-53,-53,-47,-47,-47,-38,-38,-38,-38,-3,-3,-3,-27,-27,-11,-11,-19,-19,-19,-7,-7,-7,-7,-12,-12,-12,-12,-13,-13,-13,-18,-18,-28,-28,-29,-29,-29,-29,6,6,6,12,12,12,-18,-18,-18,-22,-22,-27,-27,-27,-55,-55,-55,-55,-3,-3,-3,-40,-40,-40,-12,-12,-28,-28,-30,-30,-30,-26,-26,-26,-40,-40,-40,-2,-2,-3,-3,-17,-17,-17,0,0,0,-13,-13,-13,-13,16,16,16,16,-10,-10,-10,-19,-19,-19,-43,-43,-43,-36,-36,-36,-18,-18,-18,-35,-35,-35,-31,-31,-31,-30,-30,-30,-41,-41,-41,-59,-59,-59,-59,-47,-47,-47,-47,-42,-42,-42,1,1,-33,-33,-33,-14,-14,-14,-48,-48,-25,-25,-38,-38,-23,-23,-26,-26,-26,11,11,11,-51,-51,-51,-51,-28,-28,-28,-28,7,7,-23,-23,-35,-35,-20,-20,-11,-11,-11,6,6,6,-43,-43,-43,-15,-15,-15,-18,-18,-18,-35,-35,-35,-35,-20,-20,-20,-38,-38,-38,-27,-27,-27,-29,-29,-18,-18,-22,-22,-16,-16,-16,-6,-6,-6,-6,-25,-25,-25,-25,-10,-10,-10,-14,-14,-14,-44,-44,-44,-19,-19,-19,-19,-3,-3,-3,-20,-20,-8,-8,-3,-3,-30,-30,-30,-19,-19,-19,-24,-24,-24,-24,-29,-29,-29,-18,-18,-18,-49,-49,-49,-36,-36,-36,-36,-45,-45,-45,-45,-37,-37,-37,-37,-52,-52,-52,-52,-31,-31,-31,-31,-41,-41,-41,-38,-38,-38,-30,-30,-30,-40
225,40.49200000000000443,-24,-21,-44,-43,-43,-12,-12,5,5,-5,-5,-42,-42,15,17,-13,-13,-6,-6,-20,-20,5,5,2,2,-4,-4,-27,-27,3,3,-1,-1,-1,-18,-18,-18,26,26,26,-14,-14,-14,2,2,2,0,0,0,-8,-8,16,16,-21,-21,-9,-9,-9,26,26,26,14,14,14,-4,-4,-10,-10,6,6,8,8,8,-17,-17,-17,4,4,-19,3,36,36,9,9,9,0,0,4,4,2,2,37,37,10,10,10,-16,-16,-16,11,11,-8,-13,-13,15,15,-7,-7,-7,-10,-10,37,37,41,41,0,0,17,17,5,24,35,29,16,16,23,23,-4,-4,7,7,7,-3,-3,9,9,4,4,-10,-10,-10,-16,-16,-16,-3,-3,37,37,-29,-29,15,15,21,21,21,-3,-3,11,11,18,18,1,1,54,54,9,9,9,16,16,11,-7,-7,22,22,48,48,48,24,24,24,-8,-8,2,2,11,11,4,4,-11,-11,11,11,10,10,-2,-2,23,23,36,36,3,3,40,40,40,13,13,24,24,10,10,-36,-36,-4,-4,37,37,-3,-1,15,15,-11,-11,-27,-27,2,2,-5,-5,-5,-20,-20,-20,16,16,16,-38,-38,-38,7,7,7,-7,-7,-17,-17,-22,-22,-25,-25,-25,-25,-25,-1,-1,-1,8,8,8,-7,-7,7,7,7,-6,-6,-6,-25,-25,-25,-2,-2,-2,-17,-17,-17,4,4,-3,-3,5,5,5,11,11,11,7,7,7,-7,-7,-15,-15,-52,-52,0,0,3,3,3,1,1,1,1,13,13,-26,-26,-40,-40,-9,-9,-9,-27,-27,-27,-27,5,5,5,-2,-2,31,31,40,40,40,-1,-1,-1,-1,-21,-21,-21,-21,22,22,22,-5,-5,23,23,21,21,21,21,12,12,12,6,6,6,0,0,0,-20,-20,-27,-27,-27,19,19,19,19,-1,-1,-1,9,9,9,-3,-3,-10,-10,-14,-14,-14,-7,-7,-7,9,9,9,17,17,28,28,6,6,6,-11,-11,-11,-5,-5,-5,-5,-4,-4,-4,-4,0,0,0,-20,-20,-20,-15,-15,-15,-50,-50,-50,-38,-38,-38,12,12,12,9,9,9,-8,-8,-8,-32,-32,-32,-31,-31,-31,-31,10,10,10,10,-4,-4,-4,18,18,3,3,3,-4,-4,-4,-11,-11,-7,-7,1,1,0,0,-7,-7,-7,8,8,8,-47,-47,-47,-47,2,2,2,2,16,16,-19,-19,-4,-4,-12,-12,-29,-29,-29,8,8,8,-11,-11,-11,18,18,18,6,6,6,-2,-2,-2,-2,-5,-5,-5,-17,-17,-17,11,11,11,31,31,4,4,-11,-11,-33,-33,-33,-10,-10,-10,-10,3,3,3,3,3,3,3,12,12,12,0,0,0,-10,-10,-10,-10,1,1,1,9,9,8,8,-18,-18,-4,-4,-4,-8,-8,-8,7,7,7,7,-10,-10,-10,4,4,4,-15,-15,-15,-13,-13,-13,-13,1,1,1,1,-32,-32,-32,-32,-5,-5,-5,-5,-25,-25,-25,-25,-19,-19,-19,-28,-28,-28,4,4,4,-17
226,40.69200000000000728,-39,8,-6,17,17,-13,-13,11,11,-12,-12,30,30,28,9,-14,-14,35,35,69,69,40,40,22,22,18,18,20,20,30,30,50,50,50,37,37,37,25,25,25,27,27,27,-8,-8,-8,-5,-5,-5,7,7,16,16,11,11,31,31,31,43,43,43,18,18,18,9,9,12,12,9,9,46,46,46,0,0,0,18,18,33,44,48,48,2,2,2,47,47,38,38,27,27,50,50,31,31,31,25,25,25,11,11,26,-18,-18,25,25,23,23,23,41,41,67,67,39,39,34,34,55,55,39,50,69,25,36,36,28,28,18,18,-4,-4,-4,46,46,19,19,12,12,8,8,8,1,1,1,49,49,24,24,31,31,28,28,31,31,31,29,29,36,36,21,21,16,16,97,97,44,44,44,56,56,32,42,42,46,46,6,6,6,35,35,35,25,25,29,29,42,42,25,25,26,26,25,25,7,7,19,19,43,43,34,34,37,37,47,47,47,32,32,56,56,43,43,4,4,48,48,44,44,41,52,43,43,49,49,11,11,21,21,17,17,17,29,29,29,22,22,22,17,17,17,30,30,30,59,59,-3,-3,14,14,21,21,13,13,13,-9,-9,-9,48,48,48,47,47,23,23,23,35,35,35,-6,-6,-6,5,5,5,19,19,19,33,33,28,28,31,31,31,31,31,31,50,50,50,31,31,7,7,17,17,16,16,22,22,22,7,7,7,7,-4,-4,6,6,34,34,24,24,24,-21,-21,-21,-21,9,9,9,31,31,3,3,33,33,33,1,1,1,1,13,13,13,13,8,8,8,-6,-6,68,68,41,41,41,41,30,30,30,28,28,28,-5,-5,-5,14,14,29,29,29,47,47,47,47,19,19,19,32,32,32,31,31,4,4,43,43,43,26,26,26,31,31,31,17,17,42,42,29,29,29,15,15,15,23,23,23,23,26,26,26,26,17,17,17,11,11,11,6,6,6,14,14,14,-5,-5,-5,1,1,1,26,26,26,25,25,25,-16,-16,-16,27,27,27,27,36,36,36,36,54,54,54,27,27,28,28,28,37,37,37,26,26,40,40,16,16,32,32,30,30,30,-6,-6,-6,-16,-16,-16,-16,2,2,2,2,23,23,28,28,49,49,11,11,24,24,24,47,47,47,51,51,51,49,49,49,41,41,41,16,16,16,16,20,20,20,1,1,1,-14,-14,-14,2,2,32,32,24,24,12,12,12,-18,-18,-18,-18,6,6,6,6,29,29,29,21,21,21,34,34,34,21,21,21,21,36,36,36,21,21,40,40,40,40,18,18,18,-3,-3,-3,44,44,44,44,20,20,20,15,15,15,30,30,30,21,21,21,21,42,42,42,42,-1,-1,-1,-1,-5,-5,-5,-5,-15,-15,-15,-15,7,7,7,-3,-3,-3,3,3,3,3
227,40.89200000000000301,-10,-16,-2,-16,-16,33,33,34,34,14,14,-3,-3,49,29,18,18,24,24,5,5,28,28,40,40,58,58,36,36,4,4,32,32,32,46,46,46,32,32,32,-2,-2,-2,44,44,44,-30,-30,-30,35,35,49,49,-7,-7,31,31,31,38,38,38,2,2,2,17,17,47,47,22,22,18,18,18,4,4,4,19,19,25,34,58,58,30,30,30,33,33,38,38,19,19,40,40,33,33,33,69,69,69,20,20,43,13,13,42,42,38,38,38,20,20,70,70,23,23,26,26,31,31,12,46,54,37,41,41,45,45,12,12,54,54,54,43,43,34,34,44,44,29,29,29,25,25,25,29,29,27,27,36,36,18,18,26,26,26,0,0,28,28,13,13,39,39,63,63,57,57,57,34,34,12,15,15,59,59,19,19,19,33,33,33,46,46,53,53,34,34,35,35,55,55,29,29,20,20,43,43,56,56,16,16,47,47,55,55,55,45,45,54,54,54,54,22,22,47,47,67,67,27,72,77,77,33,33,7,7,45,45,32,32,32,21,21,21,21,21,21,9,9,9,42,42,42,19,19,-4,-4,11,11,26,26,44,44,44,29,29,29,65,65,65,79,79,50,50,50,47,47,47,15,15,15,21,21,21,29,29,29,13,13,29,29,38,38,38,39,39,39,59,59,59,26,26,34,34,8,8,30,30,32,32,32,-5,-5,-5,-5,40,40,14,14,0,0,11,11,11,29,29,29,29,24,24,24,32,32,22,22,46,46,46,32,32,32,32,43,43,43,43,16,16,16,-5,-5,29,29,28,28,28,28,41,41,41,20,20,20,22,22,22,38,38,49,49,49,63,63,63,63,8,8,8,15,15,15,11,11,34,34,31,31,31,33,33,33,37,37,37,59,59,46,46,27,27,27,16,16,16,14,14,14,14,-12,-12,-12,-12,8,8,8,32,32,32,-6,-6,-6,36,36,36,5,5,5,26,26,26,39,39,39,39,39,39,26,26,26,68,68,68,68,64,64,64,64,43,43,43,13,13,27,27,27,51,51,51,43,43,35,35,38,38,29,29,38,38,38,27,27,27,27,27,27,27,39,39,39,39,43,43,31,31,37,37,34,34,33,33,33,46,46,46,33,33,33,48,48,48,47,47,47,14,14,14,14,49,49,49,41,41,41,-10,-10,-10,47,47,8,8,25,25,18,18,18,39,39,39,39,42,42,42,42,20,20,20,18,18,18,4,4,4,34,34,34,34,39,39,39,57,57,50,50,51,51,39,39,39,48,48,48,55,55,55,55,25,25,25,25,25,25,72,72,72,63,63,63,63,30,30,30,30,10,10,10,10,-23,-23,-23,-23,30,30,30,30,-28,-28,-28,9,9,9,24,24,24,20
228,41.09200000000000585,16,-15,1,15,15,13,13,19,19,36,36,0,0,-29,3,-2,-2,30,30,11,11,-7,-7,21,21,31,31,39,39,28,28,23,23,23,23,23,23,35,35,35,17,17,17,-4,-4,-4,-20,-20,-20,40,40,37,37,0,0,19,19,19,28,28,28,16,16,16,17,17,14,14,23,23,7,7,7,-12,-12,-12,4,4,-16,8,27,27,20,20,20,28,28,27,27,20,20,11,11,3,3,3,40,40,40,0,0,14,-14,-14,9,9,20,20,20,5,5,-5,-5,-12,-12,16,16,13,13,2,35,31,19,-7,-7,14,14,4,4,0,0,0,-1,-1,0,0,-1,-1,4,4,4,-2,-2,-2,6,6,21,21,8,8,14,14,-3,-3,-3,12,12,11,11,31,31,8,8,41,41,31,31,31,9,9,11,8,8,31,31,-4,-4,-4,21,21,21,10,10,62,62,34,34,31,31,33,33,24,24,23,23,42,42,58,58,16,16,46,46,9,9,9,16,16,49,49,35,35,-6,-6,64,64,31,31,20,50,32,32,31,31,28,28,45,45,25,25,25,28,28,28,18,18,18,14,14,14,7,7,7,12,12,-5,-5,23,23,12,12,34,34,34,35,35,35,58,58,58,57,57,52,52,52,49,49,49,69,69,69,28,28,28,27,27,27,28,28,28,28,33,33,33,57,57,57,36,36,36,30,30,2,2,-6,-6,7,7,30,30,30,14,14,14,14,45,45,8,8,1,1,24,24,24,6,6,6,6,-1,-1,-1,25,25,10,10,26,26,26,59,59,59,59,27,27,27,27,15,15,15,-14,-14,15,15,22,22,22,22,24,24,24,-1,-1,-1,14,14,14,9,9,49,49,49,16,16,16,16,-11,-11,-11,12,12,12,20,20,44,44,28,28,28,25,25,25,27,27,27,25,25,44,44,12,12,12,12,12,12,25,25,25,25,-18,-18,-18,-18,17,17,17,21,21,21,-10,-10,-10,-2,-2,-2,1,1,1,9,9,9,16,16,16,29,29,29,24,24,24,82,82,82,82,54,54,54,54,44,44,44,-4,-4,25,25,25,38,38,38,54,54,23,23,34,34,49,49,51,51,51,35,35,35,37,37,37,37,37,37,37,37,28,28,15,15,30,30,24,24,44,44,44,28,28,28,14,14,14,22,22,22,23,23,23,31,31,31,31,23,23,23,21,21,21,11,11,11,16,16,37,37,50,50,47,47,47,20,20,20,20,19,19,19,19,12,12,12,23,23,23,17,17,17,28,28,28,28,4,4,4,22,22,19,19,43,43,19,19,19,19,19,19,33,33,33,33,11,11,11,32,32,32,39,39,39,32,32,32,32,27,27,27,27,4,4,4,4,15,15,15,15,17,17,17,17,3,3,3,-28,-28,-28,-23,-23,-23,9
229,41.29200000000000159,20,9,-9,19,19,1,1,-5,-5,22,22,8,8,19,22,-2,-2,23,23,15,15,32,32,21,21,10,10,42,42,1,1,-12,-12,-12,51,51,51,9,9,9,-28,-28,-28,-1,-1,-1,-27,-27,-27,15,15,-11,-11,-14,-14,13,13,13,42,42,42,-18,-18,-18,-7,-7,-3,-3,21,21,0,0,0,-7,-7,-7,-47,-47,1,-1,23,23,22,22,22,18,18,0,0,-10,-10,-3,-3,19,19,19,28,28,28,-7,-7,8,12,12,20,20,0,0,0,-18,-18,-20,-20,-39,-39,-23,-23,-24,-24,-21,5,9,-7,-2,-2,0,0,-1,-1,0,0,0,0,0,4,4,-35,-35,7,7,7,-16,-16,-16,7,7,-10,-10,-25,-25,-5,-5,-15,-15,-15,3,3,2,2,30,30,-3,-3,29,29,6,6,6,14,14,11,-9,-9,15,15,-19,-19,-19,17,17,17,-2,-2,42,42,25,25,52,52,2,2,-4,-4,5,5,48,48,65,65,-2,-2,46,46,2,2,2,12,12,24,24,23,23,13,13,12,12,5,5,-12,9,27,27,21,21,18,18,17,17,-1,-1,-1,21,21,21,-6,-6,-6,8,8,8,17,17,17,10,10,29,29,-2,-2,35,35,46,46,46,37,37,37,50,50,50,71,71,35,35,35,28,28,28,53,53,53,29,29,29,25,25,25,26,26,39,39,19,19,19,31,31,31,39,39,39,22,22,28,28,5,5,-13,-13,37,37,37,23,23,23,23,38,38,16,16,23,23,19,19,19,15,15,15,15,30,30,30,19,19,-8,-8,23,23,23,49,49,49,49,16,16,16,16,40,40,40,8,8,32,32,19,19,19,19,16,16,16,21,21,21,12,12,12,28,28,37,37,37,23,23,23,23,-14,-14,-14,0,0,0,11,11,16,16,26,26,26,32,32,32,-5,-5,-5,13,13,39,39,14,14,14,32,32,32,24,24,24,24,4,4,4,4,30,30,30,7,7,7,22,22,22,20,20,20,24,24,24,32,32,32,-6,-6,-6,11,11,11,36,36,36,41,41,41,41,20,20,20,20,40,40,40,2,2,-1,-1,-1,2,2,2,54,54,40,40,17,17,36,36,49,49,49,25,25,25,30,30,30,30,37,37,37,37,25,25,11,11,12,12,13,13,19,19,19,-11,-11,-11,24,24,24,9,9,9,17,17,17,0,0,0,0,21,21,21,40,40,40,22,22,22,17,17,53,53,28,28,6,6,6,33,33,33,33,31,31,31,31,21,21,21,-8,-8,-8,14,14,14,28,28,28,28,31,31,31,37,37,14,14,-3,-3,40,40,40,50,50,50,17,17,17,17,31,31,31,14,14,14,53,53,53,12,12,12,12,37,37,37,37,30,30,30,30,17,17,17,17,21,21,21,21,-16,-16,-16,-34,-34,-34,-14,-14,-14,3
230,41.49200000000000443,-22,15,4,8,8,44,44,31,31,50,50,30,30,39,35,26,26,26,26,51,51,43,43,22,22,33,33,53,53,-20,-20,-10,-10,-10,27,27,27,14,14,14,13,13,13,15,15,15,3,3,3,6,6,31,31,18,18,37,37,37,18,18,18,17,17,17,16,16,9,9,-1,-1,14,14,14,35,35,35,29,29,12,16,-1,-1,21,21,21,31,31,-2,-2,8,8,-23,-23,15,15,15,21,21,21,-4,-4,14,19,19,39,39,26,26,26,41,41,-27,-27,-5,-5,-14,-14,-19,-19,-1,3,-5,23,3,3,-2,-2,16,16,3,3,3,7,7,9,9,-1,-1,-18,-18,-18,2,2,2,3,3,17,17,33,33,27,27,28,28,28,0,0,2,2,22,22,-15,-15,1,1,-3,-3,-3,-4,-4,14,13,13,44,44,40,40,40,17,17,17,34,34,31,31,59,59,34,34,43,43,25,25,18,18,59,59,39,39,40,40,53,53,11,11,11,30,30,41,41,17,17,22,22,29,29,-6,-6,21,-10,10,10,19,19,50,50,29,29,29,29,29,26,26,26,4,4,4,29,29,29,14,14,14,3,3,15,15,-6,-6,3,3,26,26,26,41,41,41,50,50,50,78,78,50,50,50,21,21,21,50,50,50,59,59,59,31,31,31,27,27,29,29,27,27,27,49,49,49,16,16,16,37,37,46,46,20,20,5,5,40,40,40,31,31,31,31,25,25,-10,-10,42,42,33,33,33,43,43,43,43,38,38,38,30,30,26,26,28,28,28,35,35,35,35,27,27,27,27,26,26,26,14,14,31,31,15,15,15,15,34,34,34,35,35,35,28,28,28,37,37,9,9,9,5,5,5,5,-24,-24,-24,6,6,6,7,7,33,33,21,21,21,10,10,10,21,21,21,38,38,31,31,35,35,35,34,34,34,28,28,28,28,48,48,48,48,39,39,39,23,23,23,2,2,2,26,26,26,37,37,37,34,34,34,34,34,34,51,51,51,50,50,50,64,64,64,64,55,55,55,55,43,43,43,11,11,22,22,22,32,32,32,43,43,42,42,35,35,44,44,39,39,39,22,22,22,28,28,28,28,59,59,59,59,-6,-6,18,18,11,11,15,15,28,28,28,14,14,14,36,36,36,12,12,12,3,3,3,37,37,37,37,51,51,51,16,16,16,28,28,28,21,21,54,54,31,31,-4,-4,-4,21,21,21,21,37,37,37,37,18,18,18,23,23,23,31,31,31,44,44,44,44,46,46,46,23,23,32,32,33,33,34,34,34,23,23,23,26,26,26,26,43,43,43,55,55,55,25,25,25,38,38,38,38,44,44,44,44,37,37,37,37,15,15,15,15,0,0,0,0,29,29,29,-26,-26,-26,-23,-23,-23,12
231,41.69200000000000728,1,42,19,57,57,63,63,45,45,45,45,36,36,34,49,34,34,43,43,51,51,34,34,48,48,32,32,63,63,7,7,38,38,38,27,27,27,0,0,0,29,29,29,12,12,12,26,26,26,28,28,16,16,33,33,30,30,30,3,3,3,35,35,35,39,39,32,32,44,44,37,37,37,25,25,25,27,27,43,47,16,16,45,45,45,18,18,29,29,20,20,-13,-13,21,21,21,31,31,31,24,24,25,25,25,18,18,30,30,30,66,66,-6,-6,21,21,4,4,41,41,20,28,35,39,21,21,0,0,25,25,17,17,17,19,19,36,36,4,4,21,21,21,47,47,47,-1,-1,32,32,43,43,24,24,46,46,46,37,37,32,32,47,47,19,19,7,7,18,18,18,41,41,36,15,15,40,40,30,30,30,35,35,35,38,38,62,62,62,62,39,39,58,58,51,51,41,41,62,62,81,81,66,66,54,54,44,44,44,62,62,45,45,40,40,52,52,25,25,29,29,24,35,18,18,44,44,37,37,37,37,70,70,70,37,37,37,27,27,27,54,54,54,49,49,49,19,19,50,50,31,31,37,37,52,52,52,59,59,59,73,73,73,80,80,83,83,83,48,48,48,44,44,44,48,48,48,54,54,54,47,47,37,37,39,39,39,65,65,65,30,30,30,30,30,30,30,40,40,64,64,17,17,17,35,35,35,35,47,47,20,20,54,54,58,58,58,55,55,55,55,36,36,36,52,52,47,47,23,23,23,47,47,47,47,48,48,48,48,25,25,25,37,37,59,59,32,32,32,32,23,23,23,22,22,22,22,22,22,62,62,64,64,64,12,12,12,12,29,29,29,35,35,35,2,2,44,44,31,31,31,46,46,46,39,39,39,42,42,52,52,49,49,49,18,18,18,23,23,23,23,58,58,58,58,49,49,49,50,50,50,30,30,30,67,67,67,66,66,66,44,44,44,53,53,53,83,83,83,76,76,76,115,115,115,115,87,87,87,87,87,87,87,21,21,53,53,53,59,59,59,74,74,49,49,43,43,50,50,34,34,34,30,30,30,68,68,68,68,63,63,63,63,20,20,39,39,15,15,25,25,43,43,43,22,22,22,33,33,33,35,35,35,48,48,48,39,39,39,39,46,46,46,62,62,62,29,29,29,29,29,43,43,30,30,66,66,66,50,50,50,50,42,42,42,42,22,22,22,37,37,37,55,55,55,44,44,44,44,43,43,43,53,53,22,22,70,70,29,29,29,59,59,59,51,51,51,51,32,32,32,46,46,46,46,46,46,49,49,49,49,20,20,20,20,59,59,59,59,55,55,55,55,43,43,43,43,66,66,66,25,25,25,12,12,12,40
232,41.89200000000000301,15,34,35,34,34,63,63,66,66,48,48,20,20,79,50,48,48,73,73,62,62,30,30,35,35,44,44,38,38,46,46,57,57,57,37,37,37,21,21,21,25,25,25,25,25,25,27,27,27,44,44,56,56,33,33,17,17,17,19,19,19,36,36,36,36,36,35,35,63,63,49,49,49,42,42,42,29,29,35,42,61,61,38,38,38,45,45,50,50,51,51,40,40,35,35,35,48,48,48,43,43,51,51,51,60,60,28,28,28,42,42,15,15,36,36,32,32,31,31,32,31,30,50,26,26,30,30,58,58,17,17,17,16,16,30,30,50,50,19,19,19,43,43,43,26,26,35,35,14,14,37,37,36,36,36,35,35,40,40,33,33,40,40,22,22,41,41,41,38,38,59,25,25,46,46,56,56,56,49,49,49,52,52,66,66,47,47,44,44,64,64,68,68,68,68,91,91,76,76,57,57,37,37,51,51,51,59,59,54,54,46,46,66,66,42,42,41,41,31,36,36,36,42,42,42,42,48,48,49,49,49,38,38,38,33,33,33,58,58,58,24,24,24,47,47,58,58,58,58,68,68,62,62,62,61,61,61,76,76,76,91,91,61,61,61,54,54,54,65,65,65,82,82,82,55,55,55,67,67,67,67,77,77,77,74,74,74,78,78,78,88,88,71,71,57,57,59,59,5,5,5,28,28,28,28,49,49,34,34,68,68,62,62,62,64,64,64,64,38,38,38,49,49,49,49,68,68,68,72,72,72,72,41,41,41,41,63,63,63,70,70,74,74,31,31,31,31,47,47,47,38,38,38,48,48,48,38,38,42,42,42,55,55,55,55,52,52,52,23,23,23,51,51,42,42,45,45,45,60,60,60,48,48,48,35,35,65,65,57,57,57,41,41,41,33,33,33,33,96,96,96,96,44,44,44,68,68,68,58,58,58,70,70,70,54,54,54,57,57,57,68,68,68,89,89,89,74,74,74,108,108,108,108,68,68,68,68,69,69,69,28,28,54,54,54,35,35,35,56,56,46,46,66,66,84,84,67,67,67,50,50,50,54,54,54,54,51,51,51,51,30,30,33,33,25,25,24,24,59,59,59,46,46,46,73,73,73,49,49,49,65,65,65,62,62,62,62,68,68,68,68,68,68,86,86,86,44,44,54,54,53,53,50,50,50,31,31,31,31,59,59,59,59,10,10,10,58,58,58,59,59,59,39,39,39,39,35,35,35,32,32,35,35,45,45,48,48,48,73,73,73,37,37,37,37,42,42,42,39,39,39,35,35,35,43,43,43,43,29,29,29,29,75,75,75,75,35,35,35,35,16,16,16,16,43,43,43,45,45,45,22,22,22,20
233,42.09200000000000585,52,17,12,52,52,46,46,42,42,42,42,20,20,33,45,55,55,36,36,51,51,32,32,22,22,33,33,36,36,20,20,40,40,40,20,20,20,52,52,52,32,32,32,12,12,12,39,39,39,38,38,41,41,37,37,27,27,27,17,17,17,48,48,48,16,16,30,30,33,33,49,49,49,32,32,32,14,14,11,20,24,24,37,37,37,6,6,41,41,56,56,35,35,16,16,16,21,21,21,33,33,32,29,29,43,43,11,11,11,60,60,23,23,37,37,43,43,58,58,23,42,2,13,22,22,24,24,43,43,28,28,28,43,43,54,54,25,25,19,19,19,25,25,25,31,31,23,23,-8,-8,38,38,38,38,38,15,15,37,37,26,26,61,61,11,11,30,30,30,48,48,24,38,38,45,45,65,65,65,42,42,42,29,29,38,38,26,26,23,23,43,43,31,31,56,56,53,53,60,60,71,71,12,12,52,52,52,33,33,35,35,47,47,39,39,48,48,28,28,41,23,28,28,42,42,30,30,32,32,54,54,54,49,49,49,44,44,44,44,44,44,57,57,57,68,68,53,53,58,58,56,56,61,61,61,51,51,51,43,43,43,49,49,55,55,55,53,53,53,44,44,44,65,65,65,61,61,61,58,58,52,52,79,79,79,67,67,67,58,58,58,72,72,45,45,55,55,55,55,24,24,24,11,11,11,11,29,29,49,49,46,46,36,36,36,47,47,47,47,65,65,65,68,68,59,59,42,42,42,51,51,51,51,55,55,55,55,54,54,54,50,50,36,36,48,48,48,48,12,12,12,39,39,39,21,21,21,50,50,50,50,50,21,21,21,21,42,42,42,35,35,35,34,34,32,32,36,36,36,25,25,25,23,23,23,46,46,46,46,58,58,58,35,35,35,54,54,54,54,13,13,13,13,33,33,33,73,73,73,57,57,57,74,74,74,45,45,45,60,60,60,59,59,59,86,86,86,90,90,90,76,76,76,76,57,57,57,57,63,63,63,29,29,63,63,63,39,39,39,47,47,38,38,39,39,54,54,51,51,51,49,49,49,29,29,29,29,54,54,54,54,45,45,54,54,67,67,36,36,40,40,40,41,41,41,46,46,46,42,42,42,46,46,46,50,50,50,50,47,47,47,45,45,45,24,24,24,50,50,64,64,46,46,51,51,51,28,28,28,28,54,54,54,54,27,27,27,24,24,24,41,41,41,66,66,66,66,49,49,49,71,71,43,43,25,25,36,36,36,72,72,72,44,44,44,44,14,14,14,21,21,21,10,10,10,35,35,35,35,44,44,44,44,35,35,35,35,64,64,64,64,39,39,39,39,35,35,35,13,13,13,8,8,8,17
234,42.29200000000000159,28,-14,14,17,17,4,4,20,20,-14,-14,16,16,7,42,21,21,-1,-1,-18,-18,3,3,-1,-1,-6,-6,0,0,-8,-8,26,26,26,-23,-23,-23,27,27,27,-1,-1,-1,-5,-5,-5,39,39,39,6,6,3,3,-25,-25,7,7,7,21,21,21,23,23,23,0,0,10,10,8,8,23,23,23,36,36,36,-2,-2,28,11,2,2,18,18,18,-19,-19,21,21,36,36,44,44,-8,-8,-8,8,8,8,42,42,13,39,39,28,28,24,24,24,9,9,37,37,34,34,36,36,2,2,37,-5,-2,-15,-28,-28,1,1,19,19,41,41,41,-10,-10,19,19,11,11,18,18,18,18,18,18,19,19,3,3,3,3,29,29,32,32,32,33,33,35,35,11,11,27,27,8,8,11,11,11,18,18,22,50,50,26,26,31,31,31,11,11,11,15,15,29,29,17,17,22,22,36,36,24,24,48,48,43,43,36,36,44,44,12,12,19,19,19,19,19,-7,-7,20,20,-5,-5,26,26,1,1,20,-20,30,30,17,17,-3,-3,21,21,-4,-4,-4,30,30,30,23,23,23,33,33,33,30,30,30,25,25,20,20,43,43,37,37,23,23,23,14,14,14,13,13,13,19,19,35,35,35,34,34,34,17,17,17,53,53,53,40,40,40,23,23,19,19,53,53,53,32,32,32,20,20,20,42,42,33,33,35,35,20,20,18,18,18,49,49,49,49,29,29,21,21,22,22,9,9,9,29,29,29,29,37,37,37,36,36,40,40,43,43,43,41,41,41,41,41,41,41,41,45,45,45,31,31,22,22,33,33,33,33,30,30,30,29,29,29,19,19,19,47,47,18,18,18,10,10,10,10,43,43,43,13,13,13,21,21,21,21,21,21,21,20,20,20,6,6,6,29,29,4,4,16,16,16,25,25,25,10,10,10,10,28,28,28,28,38,38,38,44,44,44,40,40,40,32,32,32,49,49,49,49,49,49,39,39,39,59,59,59,62,62,62,73,73,73,73,25,25,25,25,32,32,32,33,33,26,26,26,22,22,22,23,23,23,23,36,36,38,38,36,36,36,28,28,28,38,38,38,38,20,20,20,20,36,36,23,23,10,10,11,11,27,27,27,33,33,33,20,20,20,21,21,21,47,47,47,42,42,42,42,34,34,34,30,30,30,56,56,56,27,27,31,31,45,45,34,34,34,29,29,29,29,23,23,23,23,41,41,41,43,43,43,36,36,36,46,46,46,46,4,4,4,44,44,17,17,21,21,21,21,21,28,28,28,24,24,24,24,20,20,20,15,15,15,11,11,11,26,26,26,26,33,33,33,33,40,40,40,40,32,32,32,32,17,17,17,17,38,38,38,34,34,34,30,30,30,6
235,42.49200000000000443,-20,-11,22,14,14,-24,-24,-9,-9,-11,-11,-5,-5,12,11,12,12,-17,-17,-8,-8,-2,-2,-22,-22,-35,-35,-28,-28,-11,-11,12,12,12,-21,-21,-21,-11,-11,-11,6,6,6,-5,-5,-5,23,23,23,-6,-6,3,3,-74,-74,-18,-18,-18,-3,-3,-3,7,7,7,-14,-14,-9,-9,0,0,12,12,12,11,11,11,4,4,-9,-13,0,0,-3,-3,-3,-12,-12,7,7,0,0,-6,-6,32,32,32,2,2,2,40,40,-13,9,9,-12,-12,14,14,14,24,24,41,41,20,20,11,11,21,21,4,20,-41,-12,-18,-18,5,5,21,21,9,9,9,21,21,1,1,11,11,19,19,19,0,0,0,4,4,6,6,1,1,15,15,-6,-6,-6,-16,-16,2,2,-10,-10,6,6,17,17,-9,-9,-9,12,12,1,4,4,-3,-3,44,44,44,42,42,42,2,2,15,15,25,25,-12,-12,19,19,-8,-8,-14,-14,23,23,22,22,1,1,-11,-11,25,25,25,6,6,-17,-17,-7,-7,-8,-8,3,3,3,3,1,-7,-12,-12,-13,-13,-10,-10,-9,-9,-8,-8,-8,-14,-14,-14,6,6,6,-6,-6,-6,-4,-4,-4,-12,-12,8,8,-7,-7,3,3,-14,-14,-14,22,22,22,9,9,9,-6,-6,-11,-11,-11,-15,-15,-15,-10,-10,-10,17,17,17,37,37,37,-1,-1,-8,-8,45,45,45,21,21,21,2,2,2,13,13,26,26,-2,-2,-18,-18,25,25,25,17,17,17,17,17,17,-16,-16,-34,-34,-10,-10,-10,3,3,3,3,24,24,24,17,17,12,12,2,2,2,30,30,30,30,19,19,19,19,5,5,5,23,23,53,53,28,28,28,28,-1,-1,-1,20,20,20,-2,-2,-2,7,7,1,1,1,23,23,23,23,35,35,35,13,13,13,5,5,11,11,4,4,4,-16,-16,-16,3,3,3,-7,-7,-6,-6,-16,-16,-16,-7,-7,-7,29,29,29,29,4,4,4,4,1,1,1,0,0,0,1,1,1,34,34,34,26,26,26,29,29,29,46,46,46,24,24,24,38,38,38,31,31,31,31,50,50,50,50,30,30,30,2,2,-17,-17,-17,17,17,17,4,4,34,34,-5,-5,20,20,-1,-1,-1,44,44,44,17,17,17,17,0,0,0,0,1,1,3,3,23,23,0,0,9,9,9,22,22,22,5,5,5,19,19,19,20,20,20,29,29,29,29,2,2,2,31,31,31,41,41,41,24,24,-5,-5,8,8,24,24,24,15,15,15,15,19,19,19,19,6,6,6,24,24,24,31,31,31,17,17,17,17,36,36,36,17,17,10,10,29,29,13,13,13,26,26,26,8,8,8,8,8,8,8,-1,-1,-1,17,17,17,21,21,21,21,42,42,42,42,50,50,50,50,17,17,17,17,45,45,45,45,7,7,7,47,47,47,30,30,30,64
236,42.69200000000000728,25,-7,21,4,4,28,28,-19,-19,-25,-25,-29,-29,-26,13,12,12,-25,-25,9,9,-35,-35,-1,-1,-21,-21,-28,-28,-11,-11,10,10,10,11,11,11,22,22,22,-3,-3,-3,-1,-1,-1,-7,-7,-7,-3,-3,5,5,-1,-1,3,3,3,21,21,21,-6,-6,-6,-1,-1,3,3,-4,-4,-7,-7,-7,22,22,22,5,5,-6,9,9,9,0,0,0,-7,-7,-6,-6,2,2,-3,-3,-6,-6,-6,-2,-2,-2,-9,-9,0,-2,-2,-2,-2,7,7,7,7,7,38,38,25,25,22,22,36,36,19,15,42,3,41,41,0,0,-12,-12,0,0,0,7,7,-23,-23,11,11,19,19,19,14,14,14,-15,-15,-5,-5,14,14,5,5,12,12,12,13,13,-7,-7,-6,-6,-16,-16,30,30,11,11,11,0,0,-3,8,8,19,19,23,23,23,40,40,40,-10,-10,-4,-4,16,16,-2,-2,6,6,-13,-13,-3,-3,25,25,1,1,15,15,4,4,16,16,16,-18,-18,-11,-11,-1,-1,-7,-7,40,40,21,21,16,4,8,8,14,14,-9,-9,2,2,-3,-3,-3,-6,-6,-6,6,6,6,2,2,2,9,9,9,-3,-3,-1,-1,-2,-2,-9,-9,-18,-18,-18,12,12,12,-10,-10,-10,-32,-32,15,15,15,1,1,1,-3,-3,-3,-8,-8,-8,-13,-13,-13,-12,-12,11,11,-1,-1,-1,5,5,5,12,12,12,23,23,10,10,5,5,-4,-4,20,20,20,-15,-15,-15,-15,41,41,6,6,14,14,-8,-8,-8,-10,-10,-10,-10,12,12,12,-12,-12,-10,-10,-8,-8,-8,13,13,13,13,29,29,29,29,4,4,4,-14,-14,16,16,8,8,8,8,26,26,26,18,18,18,-9,-9,-9,11,11,4,4,4,35,35,35,35,28,28,28,27,27,27,18,18,-8,-8,35,35,35,6,6,6,7,7,7,9,9,13,13,-11,-11,-11,-13,-13,-13,29,29,29,29,11,11,11,11,3,3,3,4,4,4,8,8,8,4,4,4,26,26,26,-4,-4,-4,32,32,32,24,24,24,21,21,21,25,25,25,25,50,50,50,50,13,13,13,24,24,26,26,26,13,13,13,18,18,21,21,15,15,8,8,-7,-7,-7,6,6,6,2,2,2,2,0,0,0,0,4,4,4,4,37,37,3,3,-4,-4,-4,8,8,8,7,7,7,11,11,11,30,30,30,5,5,5,5,4,4,4,5,5,5,-6,-6,-6,20,20,9,9,-5,-5,15,15,15,-9,-9,-9,-9,29,29,29,29,23,23,23,9,9,9,20,20,20,16,16,16,16,12,12,12,21,21,-2,-2,18,18,21,21,21,30,30,30,8,8,8,8,3,3,3,19,19,19,13,13,13,15,15,15,15,37,37,37,37,34,34,34,34,59,59,59,59,49,49,49,49,27,27,27,50,50,50,55,55,55,52
237,42.89200000000000301,34,-4,24,19,19,57,57,10,10,2,2,29,29,11,7,-3,-3,4,4,15,15,-3,-3,16,16,12,12,42,42,6,6,39,39,39,39,39,39,14,14,14,9,9,9,31,31,31,-16,-16,-16,5,5,33,33,-13,-13,17,17,17,35,35,35,5,5,5,11,11,4,4,31,31,9,9,9,41,41,41,36,36,17,34,9,9,56,56,56,10,10,15,15,13,13,56,56,18,18,18,28,28,28,29,29,0,1,1,36,36,22,22,22,31,31,60,60,30,30,20,20,21,21,53,41,57,17,46,46,41,41,3,3,24,24,24,39,39,13,13,10,10,52,52,52,27,27,27,-1,-1,43,43,18,18,-10,-10,-14,-14,-14,26,26,12,12,9,9,20,20,40,40,30,30,30,7,7,51,22,22,53,53,7,7,7,33,33,33,41,41,32,32,11,11,5,5,25,25,23,23,16,16,35,35,50,50,18,18,15,15,19,19,19,7,7,10,10,2,2,13,13,49,49,37,37,39,23,45,45,11,11,26,26,19,19,26,26,26,21,21,21,-8,-8,-8,16,16,16,34,34,34,40,40,6,6,10,10,43,43,25,25,25,21,21,21,22,22,22,-3,-3,4,4,4,23,23,23,4,4,4,-7,-7,-7,2,2,2,29,29,14,14,26,26,26,22,22,22,62,62,62,9,9,31,31,12,12,15,15,29,29,29,11,11,11,11,31,31,-20,-20,-3,-3,-5,-5,-5,6,6,6,6,34,34,34,10,10,16,16,27,27,27,14,14,14,14,7,7,7,7,14,14,14,6,6,36,36,40,40,40,40,37,37,37,-5,-5,-5,39,39,39,8,8,17,17,17,48,48,48,48,17,17,17,19,19,19,24,24,5,5,42,42,42,14,14,14,30,30,30,0,0,20,20,12,12,12,-2,-2,-2,42,42,42,42,12,12,12,12,38,38,38,32,32,32,1,1,1,39,39,39,43,43,43,3,3,3,7,7,7,6,6,6,8,8,8,48,48,48,48,69,69,69,69,62,62,62,32,32,39,39,39,19,19,19,30,30,32,32,32,32,27,27,22,22,22,1,1,1,1,1,1,1,10,10,10,10,29,29,7,7,23,23,3,3,11,11,11,23,23,23,26,26,26,35,35,35,29,29,29,20,20,20,20,9,9,9,32,32,32,25,25,25,55,55,8,8,31,31,1,1,1,41,41,41,41,38,38,38,38,8,8,8,23,23,23,14,14,14,24,24,24,24,26,26,26,21,21,35,35,19,19,35,35,35,35,35,35,17,17,17,17,24,24,24,45,45,45,9,9,9,59,59,59,59,51,51,51,51,78,78,78,78,48,48,48,48,35,35,35,35,42,42,42,22,22,22,29,29,29,41
238,43.09200000000000585,30,32,37,33,33,44,44,8,8,41,41,49,49,9,34,13,13,23,23,50,50,34,34,29,29,40,40,34,34,42,42,46,46,46,53,53,53,16,16,16,42,42,42,23,23,23,13,13,13,50,50,71,71,105,105,9,9,9,17,17,17,10,10,10,16,16,3,3,36,36,15,15,15,1,1,1,37,37,31,31,15,15,25,25,25,18,18,25,25,8,8,16,16,37,37,37,29,29,29,29,29,35,-2,-2,51,51,35,35,35,19,19,44,44,12,12,16,16,26,26,30,48,34,56,44,44,44,44,35,35,53,53,53,28,28,24,24,15,15,36,36,36,20,20,20,27,27,16,16,12,12,8,8,5,5,5,28,28,48,48,40,40,16,16,28,28,35,35,35,20,20,28,17,17,42,42,17,17,17,30,30,30,-7,-7,25,25,31,31,34,34,24,24,29,29,34,34,36,36,29,29,47,47,38,38,8,8,8,10,10,15,15,7,7,7,7,44,44,46,46,35,52,30,30,58,58,15,15,30,30,25,25,25,4,4,4,3,3,3,16,16,16,16,16,16,37,37,18,18,46,46,50,50,40,40,40,19,19,19,53,53,53,15,15,38,38,38,36,36,36,54,54,54,37,37,37,11,11,11,49,49,9,9,9,9,9,8,8,8,40,40,40,65,65,26,26,23,23,42,42,49,49,49,46,46,46,46,70,70,20,20,15,15,27,27,27,39,39,39,39,40,40,40,27,27,17,17,27,27,27,33,33,33,33,16,16,16,16,32,32,32,67,67,24,24,1,1,1,1,36,36,36,38,38,38,41,41,41,42,42,49,49,49,60,60,60,60,19,19,19,31,31,31,36,36,13,13,22,22,22,27,27,27,21,21,21,24,24,23,23,11,11,11,17,17,17,29,29,29,29,26,26,26,26,15,15,15,6,6,6,20,20,20,62,62,62,37,37,37,23,23,23,18,18,18,24,24,24,37,37,37,32,32,32,32,54,54,54,54,49,49,49,17,17,42,42,42,30,30,30,23,23,23,23,34,34,36,36,23,23,23,20,20,20,65,65,65,65,30,30,30,30,23,23,32,32,29,29,57,57,35,35,35,44,44,44,31,31,31,30,30,30,35,35,35,16,16,16,16,19,19,19,18,18,18,21,21,21,41,41,14,14,19,19,36,36,36,38,38,38,38,35,35,35,35,35,35,35,47,47,47,37,37,37,26,26,26,26,18,18,18,23,23,40,40,46,46,23,23,23,1,1,1,37,37,37,37,44,44,44,50,50,50,42,42,42,55,55,55,55,60,60,60,60,86,86,86,86,63,63,63,63,34,34,34,34,14,14,14,23,23,23,33,33,33,50
239,43.29200000000000159,24,-5,24,-2,-2,18,18,29,29,30,30,0,0,5,17,14,14,67,67,39,39,21,21,33,33,44,44,4,4,48,48,32,32,32,4,4,4,42,42,42,9,9,9,24,24,24,27,27,27,-4,-4,21,21,-7,-7,39,39,39,24,24,24,30,30,30,6,6,14,14,-17,-17,-1,-1,-1,12,12,12,25,25,18,14,11,11,-3,-3,-3,19,19,-14,-14,-19,-19,-14,-14,8,8,8,23,23,23,2,2,17,9,9,41,41,16,16,16,9,9,28,28,-8,-8,3,3,6,6,16,28,-6,18,9,9,23,23,15,15,27,27,27,28,28,10,10,5,5,10,10,10,23,23,23,14,14,-31,-31,24,24,15,15,7,7,7,29,29,44,44,37,37,35,35,24,24,13,13,13,10,10,37,8,8,24,24,-2,-2,-2,-2,-2,-2,16,16,5,5,16,16,-9,-9,24,24,25,25,20,20,19,19,21,21,-3,-3,20,20,7,7,7,26,26,33,33,8,8,25,25,34,34,7,7,29,42,23,23,42,42,32,32,22,22,23,23,23,21,21,21,1,1,1,21,21,21,15,15,15,20,20,8,8,18,18,10,10,19,19,19,21,21,21,25,25,25,49,49,23,23,23,14,14,14,35,35,35,25,25,25,26,26,26,22,22,-1,-1,22,22,22,32,32,32,58,58,58,28,28,26,26,7,7,12,12,10,10,10,25,25,25,25,37,37,23,23,2,2,16,16,16,21,21,21,21,-3,-3,-3,27,27,29,29,12,12,12,6,6,6,6,-7,-7,-7,-7,38,38,38,31,31,6,6,15,15,15,15,27,27,27,8,8,8,18,18,18,5,5,48,48,48,29,29,29,29,-10,-10,-10,7,7,7,26,26,16,16,6,6,6,32,32,32,7,7,7,15,15,31,31,26,26,26,-20,-20,-20,24,24,24,24,24,24,24,24,23,23,23,14,14,14,-4,-4,-4,16,16,16,33,33,33,25,25,25,23,23,23,15,15,15,29,29,29,48,48,48,48,34,34,34,34,28,28,28,23,23,3,3,3,33,33,33,18,18,17,17,39,39,34,34,25,25,25,24,24,24,34,34,34,34,21,21,21,21,13,13,24,24,18,18,41,41,8,8,8,2,2,2,33,33,33,20,20,20,-8,-8,-8,5,5,5,5,11,11,11,49,49,49,7,7,7,21,21,34,34,26,26,43,43,43,5,5,5,5,35,35,35,35,8,8,8,23,23,23,20,20,20,14,14,14,14,10,10,10,16,16,-18,-18,24,24,35,35,35,9,9,9,8,8,8,8,31,31,31,46,46,46,19,19,19,42,42,42,42,56,56,56,56,81,81,81,81,12,12,12,12,22,22,22,22,-16,-16,-16,12,12,12,30,30,30,24
240,43.49200000000000443,14,9,-21,23,23,-14,-14,1,1,3,3,15,15,13,-5,-16,-16,54,54,44,44,14,14,11,11,44,44,41,41,26,26,7,7,7,15,15,15,-1,-1,-1,-12,-12,-12,-3,-3,-3,-17,-17,-17,36,36,-34,-34,-8,-8,19,19,19,7,7,7,-5,-5,-5,16,16,-2,-2,-7,-7,-1,-1,-1,-4,-4,-4,14,14,9,-13,14,14,21,21,21,-11,-11,-9,-9,-7,-7,-14,-14,2,2,2,41,41,41,7,7,-3,-11,-11,11,11,10,10,10,3,3,-41,-41,-26,-26,-23,-23,-25,-25,-38,-14,-16,-9,12,12,0,0,-10,-10,10,10,10,9,9,8,8,-16,-16,-16,-16,-16,2,2,2,-1,-1,-4,-4,22,22,11,11,-1,-1,-1,18,18,4,4,22,22,16,16,15,15,3,3,3,4,4,-11,13,13,30,30,14,14,14,15,15,15,-15,-15,12,12,-19,-19,7,7,-18,-18,37,37,4,4,36,36,10,10,-8,-8,10,10,12,12,12,23,23,13,13,-16,-16,17,17,-4,-4,16,16,4,19,14,14,-17,-17,19,19,19,19,0,0,0,-1,-1,-1,6,6,6,7,7,7,15,15,15,-13,-13,-10,-10,-1,-1,-21,-21,7,7,7,9,9,9,54,54,54,26,26,7,7,7,-26,-26,-26,29,29,29,10,10,10,-11,-11,-11,-8,-8,-25,-25,20,20,20,-10,-10,-10,34,34,34,18,18,12,12,1,1,11,11,27,27,27,12,12,12,12,55,55,0,0,-3,-3,8,8,8,-11,-11,-11,-11,4,4,4,-5,-5,16,16,7,7,7,-10,-10,-10,-10,18,18,18,18,24,24,24,9,9,-7,-7,11,11,11,11,8,8,8,31,31,31,19,19,19,8,8,24,24,24,-5,-5,-5,-5,12,12,12,-3,-3,-3,-6,-6,-2,-2,8,8,8,26,26,26,-1,-1,-1,3,3,22,22,0,0,0,12,12,12,15,15,15,15,9,9,9,9,3,3,3,23,23,23,5,5,5,39,39,39,22,22,22,35,35,35,16,16,16,28,28,28,22,22,22,23,23,23,23,26,26,26,26,-2,-2,-2,4,4,-8,-8,-8,-3,-3,-3,13,13,5,5,10,10,11,11,35,35,35,21,21,21,40,40,40,40,19,19,19,19,1,1,6,6,-29,-29,19,19,-1,-1,-1,-12,-12,-12,-7,-7,-7,-12,-12,-12,-3,-3,-3,16,16,16,16,4,4,4,25,25,25,-4,-4,-4,-7,-7,-8,-8,17,17,9,9,9,27,27,27,27,14,14,14,14,13,13,13,-12,-12,-12,6,6,6,20,20,20,20,-1,-1,-1,24,24,32,32,32,32,30,30,30,1,1,1,23,23,23,23,28,28,28,16,16,16,11,11,11,36,36,36,36,3,3,3,3,3,3,3,3,-8,-8,-8,-8,15,15,15,15,13,13,13,5,5,5,16,16,16,9
241,43.69200000000000728,10,-15,11,-9,-9,8,8,16,16,32,32,33,33,15,25,56,56,39,39,16,16,35,35,40,40,19,19,22,22,6,6,28,28,28,40,40,40,24,24,24,0,0,0,-21,-21,-21,10,10,10,-19,-19,5,5,35,35,10,10,10,-8,-8,-8,11,11,11,17,17,8,8,18,18,-2,-2,-2,-18,-18,-18,22,22,1,6,20,20,12,12,12,20,20,-20,-20,9,9,4,4,8,8,8,25,25,25,8,8,27,9,9,10,10,-11,-11,-11,4,4,-5,-5,-15,-15,-6,-6,-3,-3,-14,5,12,-4,-4,-4,3,3,11,11,41,41,41,-6,-6,21,21,20,20,16,16,16,20,20,20,-2,-2,22,22,37,37,7,7,1,1,1,18,18,18,18,34,34,26,26,-3,-3,-26,-26,-26,-16,-16,2,-15,-15,10,10,-6,-6,-6,9,9,9,23,23,29,29,-2,-2,7,7,26,26,-1,-1,-3,-3,15,15,40,40,20,20,26,26,16,16,16,27,27,36,36,0,0,28,28,-7,-7,5,5,-7,1,-1,-1,1,1,16,16,35,35,14,14,14,-7,-7,-7,-4,-4,-4,12,12,12,4,4,4,-2,-2,13,13,-16,-16,6,6,1,1,1,24,24,24,34,34,34,45,45,33,33,33,24,24,24,32,32,32,47,47,47,16,16,16,7,7,18,18,30,30,30,16,16,16,11,11,11,34,34,28,28,4,4,34,34,0,0,0,28,28,28,28,37,37,25,25,-28,-28,3,3,3,27,27,27,27,3,3,3,-1,-1,-4,-4,-5,-5,-5,5,5,5,5,13,13,13,13,18,18,18,18,18,11,11,11,11,11,11,20,20,20,14,14,14,29,29,29,-2,-2,22,22,22,-12,-12,-12,-12,-7,-7,-7,7,7,7,-2,-2,22,22,13,13,13,29,29,29,24,24,24,19,19,40,40,6,6,6,18,18,18,-15,-15,-15,-15,9,9,9,9,4,4,4,35,35,35,20,20,20,-7,-7,-7,33,33,33,51,51,51,11,11,11,28,28,28,24,24,24,1,1,1,1,26,26,26,26,-5,-5,-5,16,16,5,5,5,8,8,8,8,8,9,9,9,9,21,21,6,6,6,12,12,12,16,16,16,16,23,23,23,23,-13,-13,3,3,-24,-24,-7,-7,-10,-10,-10,-2,-2,-2,7,7,7,-5,-5,-5,-3,-3,-3,19,19,19,19,7,7,7,6,6,6,14,14,14,10,10,15,15,8,8,-8,-8,-8,19,19,19,19,10,10,10,10,1,1,1,25,25,25,-2,-2,-2,16,16,16,16,15,15,15,44,44,11,11,-19,-19,6,6,6,8,8,8,16,16,16,16,38,38,38,37,37,37,31,31,31,-11,-11,-11,-11,1,1,1,1,19,19,19,19,27,27,27,27,18,18,18,18,36,36,36,-2,-2,-2,16,16,16,-2
242,43.89200000000000301,15,27,12,39,39,13,13,39,39,45,45,44,44,46,50,41,41,15,15,51,51,62,62,28,28,41,41,32,32,46,46,36,36,36,24,24,24,45,45,45,20,20,20,1,1,1,11,11,11,31,31,30,30,44,44,29,29,29,28,28,28,28,28,28,37,37,40,40,18,18,18,18,18,34,34,34,42,42,19,16,41,41,35,35,35,25,25,55,55,47,47,32,32,28,28,28,16,16,16,16,16,53,31,31,26,26,37,37,37,44,44,22,22,37,37,31,31,36,36,23,42,9,31,31,31,49,49,42,42,58,58,58,42,42,28,28,44,44,20,20,20,30,30,30,39,39,8,8,33,33,32,32,37,37,37,24,24,59,59,48,48,33,33,13,13,25,25,25,27,27,3,15,15,16,16,34,34,34,68,68,68,51,51,18,18,38,38,35,35,43,43,28,28,14,14,85,85,65,65,31,31,34,34,59,59,59,34,34,61,61,30,30,43,43,12,12,25,25,39,46,49,49,27,27,53,53,32,32,42,42,42,33,33,33,48,48,48,42,42,42,43,43,43,21,21,27,27,50,50,35,35,48,48,48,28,28,28,52,52,52,72,72,40,40,40,37,37,37,31,31,31,24,24,24,40,40,40,52,52,39,39,43,43,43,58,58,58,39,39,39,18,18,63,63,63,63,49,49,25,25,25,51,51,51,51,40,40,46,46,51,51,59,59,59,65,65,65,65,55,55,55,27,27,28,28,30,30,30,21,21,21,21,46,46,46,46,31,31,31,35,35,27,27,34,34,34,34,45,45,45,11,11,11,45,45,45,28,28,58,58,58,9,9,9,9,41,41,41,19,19,19,16,16,58,58,19,19,19,43,43,43,40,40,40,32,32,27,27,55,55,55,33,33,33,21,21,21,21,46,46,46,46,29,29,29,38,38,38,58,58,58,38,38,38,83,83,83,53,53,53,49,49,49,70,70,70,67,67,67,63,63,63,63,65,65,65,65,42,42,42,21,21,38,38,38,41,41,41,27,27,16,16,40,40,49,49,56,56,56,35,35,35,44,44,44,44,61,61,61,61,36,36,51,51,31,31,20,20,25,25,25,25,25,25,39,39,39,36,36,36,26,26,26,25,25,25,25,31,31,31,43,43,43,44,44,44,40,40,18,18,52,52,41,41,41,34,34,34,34,23,23,23,23,32,32,32,38,38,38,56,56,56,29,29,29,29,50,50,50,24,24,23,23,49,49,27,27,27,45,45,45,49,49,49,49,31,31,31,39,39,39,61,61,61,60,60,60,60,25,25,25,25,-6,-6,-6,-6,13,13,13,13,28,28,28,28,46,46,46,43,43,43,22,22,22,21
243,44.09200000000000585,40,30,43,43,43,40,40,69,69,21,21,50,50,43,36,43,43,12,12,61,61,26,26,23,23,17,17,63,63,40,40,40,40,40,37,37,37,12,12,12,28,28,28,30,30,30,27,27,27,32,32,21,21,51,51,30,30,30,26,26,26,55,55,55,45,45,47,47,36,36,11,11,11,46,46,46,38,38,61,60,52,52,19,19,19,15,15,42,42,59,59,49,49,34,34,34,23,23,23,13,13,54,56,56,26,26,32,32,32,40,40,25,25,57,57,32,32,32,32,52,28,28,48,25,25,36,36,49,49,33,33,33,23,23,37,37,31,31,57,57,57,35,35,35,15,15,56,56,69,69,56,56,58,58,58,55,55,39,39,48,48,41,41,49,49,22,22,22,38,38,39,36,36,29,29,38,38,38,58,58,58,62,62,18,18,34,34,51,51,54,54,63,63,61,61,60,60,69,69,59,59,30,30,51,51,51,62,62,73,73,68,68,42,42,33,33,26,26,62,39,51,51,9,9,29,29,56,56,40,40,40,60,60,60,68,68,68,52,52,52,43,43,43,59,59,34,34,74,74,57,57,42,42,42,47,47,47,60,60,60,53,53,27,27,27,49,49,49,58,58,58,52,52,52,60,60,60,52,52,64,64,36,36,36,54,54,54,53,53,53,27,27,66,66,55,55,42,42,29,29,29,36,36,36,36,55,55,77,77,55,55,58,58,58,29,29,29,29,44,44,44,30,30,61,61,58,58,58,42,42,42,42,56,56,56,56,54,54,54,26,26,60,60,12,12,12,12,32,32,32,32,32,32,28,28,28,46,46,51,51,51,2,2,2,2,34,34,34,37,37,37,26,26,58,58,30,30,30,27,27,27,62,62,62,49,49,61,61,65,65,65,36,36,36,8,8,8,8,24,24,24,24,36,36,36,33,33,33,52,52,52,39,39,39,26,26,26,49,49,49,81,81,81,91,91,91,67,67,67,55,55,55,55,47,47,47,47,82,82,82,38,38,48,48,48,43,43,43,55,55,43,43,81,81,58,58,57,57,57,41,41,41,47,47,47,47,39,39,39,39,36,36,59,59,27,27,48,48,27,27,27,44,44,44,31,31,31,35,35,35,25,25,25,53,53,53,53,39,39,39,44,44,44,42,42,42,49,49,55,55,40,40,25,25,25,44,44,44,44,28,28,28,28,32,32,32,34,34,34,49,49,49,32,32,32,32,23,23,23,48,48,38,38,41,41,27,27,27,27,27,27,50,50,50,50,67,67,67,59,59,59,39,39,39,36,36,36,36,6,6,6,6,24,24,24,24,26,26,26,26,39,39,39,39,31,31,31,42,42,42,26,26,26,27
244,44.29200000000000159,11,15,18,30,30,29,29,29,29,30,30,17,17,31,5,14,14,-6,-6,-8,-8,24,24,22,22,21,21,5,5,11,11,19,19,19,-6,-6,-6,17,17,17,13,13,13,4,4,4,48,48,48,45,45,69,69,17,17,50,50,50,24,24,24,38,38,38,16,16,30,30,42,42,14,14,14,7,7,7,13,13,25,34,17,17,32,32,32,35,35,43,43,27,27,31,31,24,24,24,18,18,18,46,46,34,47,47,19,19,57,57,57,30,30,31,31,46,46,28,28,49,49,34,16,27,32,27,27,28,28,36,36,62,62,62,30,30,42,42,48,48,7,7,7,35,35,35,18,18,41,41,30,30,28,28,28,28,28,24,24,47,47,50,50,58,58,32,32,23,23,23,45,45,39,36,36,29,29,29,29,29,30,30,30,71,71,36,36,40,40,37,37,54,54,47,47,31,31,53,53,48,48,33,33,24,24,64,64,64,67,67,26,26,40,40,42,42,20,20,32,32,26,0,23,23,25,25,19,19,23,23,47,47,47,60,60,60,47,47,47,46,46,46,37,37,37,38,38,45,45,65,65,61,61,48,48,48,64,64,64,48,48,48,61,61,20,20,20,35,35,35,18,18,18,24,24,24,42,42,42,36,36,61,61,64,64,64,19,19,19,55,55,55,49,49,27,27,32,32,19,19,-3,-3,-3,37,37,37,37,36,36,25,25,69,69,60,60,60,42,42,42,42,59,59,59,43,43,35,35,56,56,56,55,55,55,55,34,34,34,34,67,67,67,25,25,20,20,35,35,35,35,44,44,44,47,47,47,25,25,25,19,19,13,13,13,25,25,25,25,45,45,45,24,24,24,32,32,34,34,21,21,21,45,45,45,63,63,63,41,41,35,35,43,43,43,37,37,37,31,31,31,31,41,41,41,41,23,23,23,59,59,59,44,44,44,34,34,34,-11,-11,-11,54,54,54,59,59,59,66,66,66,53,53,53,42,42,42,42,19,19,19,19,62,62,62,29,29,21,21,21,33,33,33,21,21,15,15,31,31,35,35,45,45,45,42,42,42,7,7,7,7,17,17,17,17,43,43,48,48,53,53,14,14,21,21,21,31,31,31,-1,-1,-1,38,38,38,30,30,30,34,34,34,34,23,23,23,22,22,22,4,4,4,25,25,46,46,57,57,38,38,38,47,47,47,47,29,29,29,29,21,21,21,33,33,33,28,28,28,46,46,46,46,34,34,34,40,40,40,40,20,20,48,48,48,36,36,36,47,47,47,47,44,44,44,34,34,34,25,25,25,29,29,29,29,14,14,14,14,19,19,19,19,0,0,0,0,1,1,1,1,21,21,21,46,46,46,47,47,47,24
245,44.49200000000000443,13,-15,18,-24,-24,2,2,16,16,-32,-32,13,13,5,6,2,2,-41,-41,13,13,-16,-16,-4,-4,-3,-3,-4,-4,12,12,13,13,13,-3,-3,-3,-15,-15,-15,18,18,18,-1,-1,-1,-2,-2,-2,36,36,-21,-21,17,17,-17,-17,-17,22,22,22,20,20,20,12,12,-9,-9,0,0,-12,-12,-12,-10,-10,-10,20,20,6,5,-22,-22,5,5,5,9,9,8,8,21,21,3,3,2,2,2,-1,-1,-1,15,15,27,33,33,10,10,12,12,12,37,37,36,36,21,21,-12,-12,-3,-3,5,-9,15,6,17,17,-5,-5,14,14,5,5,5,6,6,-7,-7,14,14,34,34,34,17,17,17,19,19,29,29,31,31,41,41,20,20,20,17,17,25,25,25,25,36,36,22,22,17,17,17,22,22,14,6,6,31,31,17,17,17,22,22,22,48,48,7,7,34,34,24,24,30,30,20,20,31,31,41,41,22,22,14,14,13,13,46,46,46,24,24,16,16,6,6,0,0,0,0,44,44,3,-12,0,0,14,14,-8,-8,20,20,24,24,24,18,18,18,40,40,40,13,13,13,7,7,7,39,39,45,45,13,13,43,43,29,29,29,32,32,32,39,39,39,23,23,15,15,15,45,45,45,2,2,2,4,4,4,54,54,54,35,35,33,33,29,29,29,21,21,21,12,12,12,40,40,22,22,23,23,7,7,-19,-19,-19,22,22,22,22,17,17,51,51,66,66,14,14,14,9,9,9,9,30,30,30,30,30,28,28,20,20,20,21,21,21,21,8,8,8,8,29,29,29,29,29,24,24,17,17,17,17,11,11,11,9,9,9,27,27,27,13,13,5,5,5,-7,-7,-7,-7,10,10,10,-28,-28,-28,11,11,17,17,-8,-8,-8,34,34,34,31,31,31,12,12,9,9,35,35,35,38,38,38,-7,-7,-7,-7,-5,-5,-5,-5,19,19,19,-1,-1,-1,28,28,28,5,5,5,27,27,27,-4,-4,-4,33,33,33,46,46,46,28,28,28,37,37,37,37,8,8,8,8,10,10,10,13,13,32,32,32,16,16,16,5,5,-1,-1,7,7,31,31,22,22,22,21,21,21,11,11,11,11,17,17,17,17,16,16,9,9,23,23,-1,-1,3,3,3,10,10,10,-18,-18,-18,-3,-3,-3,16,16,16,4,4,4,4,7,7,7,13,13,13,-2,-2,-2,24,24,37,37,18,18,35,35,35,6,6,6,6,14,14,14,14,26,26,26,0,0,0,1,1,1,9,9,9,9,26,26,26,19,19,17,17,11,11,22,22,22,-9,-9,-9,1,1,1,1,6,6,6,30,30,30,31,31,31,8,8,8,8,8,8,8,8,-12,-12,-12,-12,-11,-11,-11,-11,-6,-6,-6,-6,0,0,0,12,12,12,30,30,30,22
246,44.69200000000000728,-3,-18,4,-49,-49,10,10,-13,-13,-9,-9,7,7,15,-7,-15,-15,-13,-13,-7,-7,-20,-20,-35,-35,-5,-5,-19,-19,-17,-17,-11,-11,-11,-5,-5,-5,-3,-3,-3,9,9,9,0,0,0,13,13,13,5,5,4,4,43,43,-13,-13,-13,24,24,24,-6,-6,-6,-26,-26,-11,-11,-5,-5,12,12,12,-1,-1,-1,8,8,-24,-12,3,3,10,10,10,2,2,21,21,11,11,5,5,11,11,11,1,1,1,25,25,13,24,24,3,3,-19,-19,-19,9,9,28,28,25,25,9,9,-15,-15,8,-16,9,-4,-3,-3,9,9,3,3,5,5,5,-25,-25,-21,-21,-22,-22,5,5,5,24,24,24,14,14,29,29,7,7,20,20,36,36,36,7,7,12,12,12,12,-13,-13,20,20,11,11,11,6,6,-5,4,4,0,0,22,22,22,29,29,29,22,22,40,40,32,32,33,33,30,30,6,6,25,25,34,34,21,21,25,25,22,22,27,27,27,-4,-4,-6,-6,-9,-9,-9,-9,7,7,-2,-2,23,-5,-17,-17,-6,-6,-11,-11,-16,-16,15,15,15,-3,-3,-3,26,26,26,-15,-15,-15,5,5,5,22,22,9,9,-4,-4,6,6,-3,-3,-3,16,16,16,5,5,5,-6,-6,-13,-13,-13,-14,-14,-14,-5,-5,-5,3,3,3,4,4,4,-2,-2,8,8,13,13,13,2,2,2,-6,-6,-6,17,17,4,4,12,12,16,16,-6,-6,-6,0,0,0,0,-3,-3,-23,-23,3,3,-8,-8,-8,35,35,35,35,19,19,19,6,6,10,10,3,3,3,1,1,1,1,-2,-2,-2,-2,10,10,10,-17,-17,-6,-6,-2,-2,-2,-2,16,16,16,13,13,13,27,27,27,1,1,-12,-12,-12,4,4,4,4,-15,-15,-15,-11,-11,-11,-23,-23,4,4,1,1,1,-9,-9,-9,32,32,32,-1,-1,2,2,2,2,2,11,11,11,12,12,12,12,-6,-6,-6,-6,8,8,8,-23,-23,-23,-10,-10,-10,21,21,21,23,23,23,-6,-6,-6,14,14,14,41,41,41,2,2,2,30,30,30,30,-7,-7,-7,-7,17,17,17,-17,-17,11,11,11,19,19,19,3,3,4,4,10,10,-1,-1,20,20,20,20,20,20,6,6,6,6,-25,-25,-25,-25,2,2,-4,-4,18,18,0,0,-9,-9,-9,-5,-5,-5,-19,-19,-19,10,10,10,-2,-2,-2,-1,-1,-1,-1,1,1,1,-8,-8,-8,-17,-17,-17,-3,-3,8,8,10,10,15,15,15,-1,-1,-1,-1,-1,-1,-1,-1,-14,-14,-14,-19,-19,-19,-8,-8,-8,15,15,15,15,47,47,47,14,14,-3,-3,16,16,-19,-19,-19,-6,-6,-6,-21,-21,-21,-21,-4,-4,-4,-14,-14,-14,-2,-2,-2,-22,-22,-22,-22,-8,-8,-8,-8,-24,-24,-24,-24,14,14,14,14,-23,-23,-23,-23,33,33,33,22,22,22,18,18,18,25
247,44.89200000000000301,-2,0,-6,15,15,46,46,-7,-7,-6,-6,13,13,4,-18,-10,-10,12,12,-6,-6,-21,-21,9,9,-9,-9,-29,-29,-36,-36,5,5,5,5,5,5,7,7,7,2,2,2,36,36,36,18,18,18,1,1,1,1,21,21,-17,-17,-17,24,24,24,-21,-21,-21,9,9,5,5,-7,-7,22,22,22,37,37,37,17,17,6,-1,0,0,5,5,5,11,11,2,2,4,4,13,13,-16,-16,-16,1,1,1,-4,-4,-29,15,15,-9,-9,29,29,29,18,18,30,30,11,11,35,35,9,9,36,5,11,11,30,30,14,14,10,10,-5,-5,-5,-16,-16,10,10,-5,-5,0,0,0,12,12,12,23,23,25,25,-1,-1,4,4,3,3,3,4,4,5,5,19,19,-16,-16,21,21,8,8,8,8,8,6,34,34,-10,-10,28,28,28,0,0,0,26,26,-3,-3,29,29,20,20,15,15,6,6,15,15,19,19,3,3,14,14,8,8,3,3,3,-8,-8,-16,-16,14,14,5,5,25,25,16,16,14,-11,-17,-17,17,17,-8,-8,-22,-22,7,7,7,-13,-13,-13,8,8,8,6,6,6,-2,-2,-2,3,3,4,4,5,5,16,16,-8,-8,-8,9,9,9,1,1,1,-12,-12,-33,-33,-33,-9,-9,-9,17,17,17,-1,-1,-1,15,15,15,7,7,-16,-16,11,11,11,29,29,29,7,7,7,18,18,-8,-8,-3,-3,11,11,8,8,8,-2,-2,-2,-2,24,24,19,19,3,3,1,1,1,-9,-9,-9,-9,14,14,14,21,21,-11,-11,1,1,1,-9,-9,-9,-9,12,12,12,12,15,15,15,-11,-11,6,6,3,3,3,3,-23,-23,-23,1,1,1,2,2,2,12,12,-4,-4,-4,-12,-12,-12,-12,18,18,18,-20,-20,-20,1,1,1,1,3,3,3,-4,-4,-4,-12,-12,-12,9,9,14,14,5,5,5,-2,-2,-2,31,31,31,31,7,7,7,7,-14,-14,-14,10,10,10,19,19,19,41,41,41,12,12,12,16,16,16,-21,-21,-21,42,42,42,12,12,12,33,33,33,33,30,30,30,30,-6,-6,-6,9,9,1,1,1,15,15,15,4,4,11,11,13,13,5,5,12,12,12,-25,-25,-25,13,13,13,13,-7,-7,-7,-7,-12,-12,-22,-22,-3,-3,13,13,10,10,10,-11,-11,-11,-17,-17,-17,5,5,5,13,13,13,17,17,17,17,0,0,0,3,3,3,2,2,2,19,19,-14,-14,-18,-18,5,5,5,-8,-8,-8,-8,8,8,8,8,-18,-18,-18,4,4,4,20,20,20,31,31,31,31,47,47,47,23,23,-9,-9,-13,-13,-11,-11,-11,-16,-16,-16,-21,-21,-21,-21,2,2,2,4,4,4,14,14,14,-22,-22,-22,-22,21,21,21,21,-6,-6,-6,-6,-11,-11,-11,-11,9,9,9,9,-1,-1,-1,-26,-26,-26,23,23,23,20
248,45.09200000000000585,37,18,36,61,61,36,36,19,19,15,15,-8,-8,-3,5,9,9,22,22,19,19,9,9,2,2,-12,-12,25,25,-20,-20,26,26,26,15,15,15,17,17,17,4,4,4,21,21,21,35,35,35,-1,-1,5,5,30,30,15,15,15,30,30,30,-4,-4,-4,14,14,19,19,11,11,2,2,2,34,34,34,-13,-13,7,34,11,11,14,14,14,16,16,8,8,18,18,28,28,6,6,6,-6,-6,-6,30,30,3,29,29,10,10,31,31,31,34,34,53,53,-4,-4,31,31,31,31,14,29,47,41,14,14,3,3,22,22,22,22,22,19,19,4,4,10,10,17,17,17,43,43,43,32,32,15,15,2,2,32,32,1,1,1,35,35,18,18,30,30,15,15,17,17,35,35,35,22,22,32,28,28,17,17,24,24,24,10,10,10,48,48,38,38,54,54,31,31,47,47,7,7,18,18,35,35,8,8,11,11,39,39,27,27,27,-6,-6,3,3,13,13,-1,-1,30,30,26,26,4,17,35,35,35,35,30,30,1,1,-13,-13,-13,11,11,11,26,26,26,-2,-2,-2,22,22,22,48,48,38,38,2,2,8,8,14,14,14,38,38,38,-3,-3,-3,14,14,5,5,5,24,24,24,23,23,23,29,29,29,7,7,7,9,9,12,12,28,28,28,36,36,36,15,15,15,25,25,11,11,29,29,8,8,-15,-15,-15,44,44,44,44,27,27,34,34,20,20,42,42,42,35,35,35,35,43,43,43,10,10,14,14,15,15,15,0,0,0,0,36,36,36,36,24,24,24,-2,-2,17,17,15,15,15,15,28,28,28,11,11,11,19,19,19,33,33,4,4,4,26,26,26,26,27,27,27,13,13,13,32,32,33,33,22,22,22,40,40,40,21,21,21,9,9,-10,-10,14,14,14,15,15,15,48,48,48,48,1,1,1,1,2,2,2,7,7,7,14,14,14,-3,-3,-3,6,6,6,-3,-3,-3,15,15,15,16,16,16,27,27,27,45,45,45,45,38,38,38,38,34,34,34,21,21,23,23,23,23,23,23,13,13,19,19,28,28,21,21,6,6,6,8,8,8,18,18,18,18,-10,-10,-10,-10,15,15,8,8,30,30,24,24,27,27,27,18,18,18,13,13,13,20,20,20,28,28,28,22,22,22,22,35,35,35,17,17,17,20,20,20,22,22,33,33,6,6,27,27,27,18,18,18,18,9,9,9,9,6,6,6,32,32,32,19,19,19,24,24,24,24,27,27,27,13,13,20,20,6,6,-7,-7,-7,25,25,25,-1,-1,-1,-1,-4,-4,-4,9,9,9,34,34,34,15,15,15,15,25,25,25,25,-3,-3,-3,-3,13,13,13,13,-8,-8,-8,-8,-11,-11,-11,12,12,12,17,17,17,-7
249,45.29200000000000159,43,28,33,38,38,45,45,27,27,25,25,52,52,41,29,22,22,62,62,33,33,44,44,19,19,40,40,37,37,45,45,36,36,36,33,33,33,33,33,33,28,28,28,68,68,68,61,61,61,16,16,32,32,46,46,29,29,29,19,19,19,15,15,15,34,34,24,24,32,32,31,31,31,35,35,35,34,34,26,61,22,22,15,15,15,56,56,11,11,32,32,49,49,34,34,34,45,45,45,21,21,33,17,17,51,51,43,43,43,40,40,29,29,27,27,37,37,37,37,59,44,63,30,31,31,32,32,10,10,30,30,30,36,36,6,6,35,35,46,46,46,32,32,32,54,54,20,20,19,19,21,21,22,22,22,23,23,39,39,40,40,21,21,52,52,35,35,35,38,38,42,50,50,19,19,18,18,18,35,35,35,48,48,53,53,28,28,24,24,46,46,23,23,54,54,17,17,24,24,33,33,36,36,11,11,11,24,24,20,20,28,28,24,24,49,49,62,62,22,34,36,36,53,53,46,46,36,36,38,38,38,44,44,44,38,38,38,27,27,27,23,23,23,36,36,28,28,30,30,48,48,40,40,40,30,30,30,18,18,18,33,33,21,21,21,33,33,33,24,24,24,49,49,49,15,15,15,16,16,35,35,29,29,29,58,58,58,42,42,42,41,41,-3,-3,24,24,23,23,17,17,17,54,54,54,54,4,4,26,26,15,15,49,49,49,77,77,77,77,31,31,31,33,33,52,52,37,37,37,26,26,26,26,44,44,44,44,50,50,50,53,53,38,38,32,32,32,32,61,61,61,28,28,28,22,22,22,64,64,32,32,32,40,40,40,40,39,39,39,53,53,53,42,42,40,40,43,43,43,23,23,23,31,31,31,28,28,19,19,26,26,26,9,9,9,71,71,71,71,52,52,52,52,47,47,47,17,17,17,31,31,31,58,58,58,15,15,15,28,28,28,26,26,26,52,52,52,66,66,66,59,59,59,59,43,43,43,43,48,48,48,53,53,57,57,57,44,44,44,26,26,15,15,35,35,39,39,40,40,40,32,32,32,46,46,46,46,36,36,36,36,28,28,18,18,44,44,42,42,47,47,47,36,36,36,37,37,37,34,34,34,53,53,53,28,28,28,28,47,47,47,15,15,15,15,15,15,42,42,25,25,15,15,27,27,27,13,13,13,13,40,40,40,40,24,24,24,47,47,47,39,39,39,32,32,32,32,38,38,38,67,67,34,34,-14,-14,33,33,33,15,15,15,21,21,21,21,30,30,30,46,46,46,29,29,29,56,56,56,56,15,15,15,15,-10,-10,-10,-10,19,19,19,19,15,15,15,15,16,16,16,4,4,4,22,22,22,23
250,45.49200000000000443,23,59,26,36,36,60,60,22,22,38,38,33,33,80,47,25,25,65,65,48,48,21,21,45,45,39,39,35,35,37,37,32,32,32,51,51,51,23,23,23,15,15,15,72,72,72,51,51,51,51,51,92,92,59,59,69,69,69,16,16,16,37,37,37,30,30,29,29,8,8,8,8,8,50,50,50,31,31,20,24,43,43,50,50,50,12,12,9,9,40,40,3,3,24,24,24,39,39,39,34,34,44,55,55,35,35,33,33,33,45,45,38,38,27,27,38,38,22,22,46,54,82,42,50,50,43,43,19,19,26,26,26,23,23,-10,-10,22,22,14,14,14,58,58,58,26,26,31,31,7,7,30,30,23,23,23,15,15,3,3,35,35,38,38,33,33,32,32,32,34,34,32,79,79,13,13,53,53,53,33,33,33,14,14,38,38,71,71,63,63,43,43,31,31,47,47,9,9,33,33,25,25,46,46,22,22,22,23,23,15,15,34,34,16,16,56,56,22,22,26,41,50,50,36,36,13,13,49,49,27,27,27,53,53,53,19,19,19,65,65,65,48,48,48,17,17,39,39,52,52,34,34,43,43,43,18,18,18,57,57,57,26,26,48,48,48,23,23,23,52,52,52,80,80,80,27,27,27,15,15,23,23,57,57,57,68,68,68,50,50,50,29,29,31,31,22,22,58,58,35,35,35,43,43,43,43,31,31,48,48,40,40,34,34,34,38,38,38,38,31,31,31,18,18,32,32,64,64,64,16,16,16,16,32,32,32,32,56,56,56,31,31,45,45,41,41,41,41,62,62,62,16,16,16,37,37,37,42,42,12,12,12,58,58,58,58,9,9,9,32,32,32,32,32,32,32,31,31,31,39,39,39,39,39,39,25,25,26,26,26,26,26,54,54,54,28,28,28,28,31,31,31,31,51,51,51,26,26,26,44,44,44,82,82,82,83,83,83,30,30,30,53,53,53,55,55,55,56,56,56,46,46,46,46,50,50,50,50,31,31,31,17,17,22,22,22,43,43,43,46,46,29,29,37,37,51,51,37,37,37,55,55,55,61,61,61,61,43,43,43,43,33,33,43,43,36,36,54,54,37,37,37,40,40,40,64,64,64,39,39,39,35,35,35,39,39,39,39,22,22,22,20,20,20,22,22,22,54,54,29,29,39,39,11,11,11,49,49,49,49,52,52,52,52,75,75,75,37,37,37,31,31,31,44,44,44,44,15,15,15,35,35,37,37,57,57,45,45,45,45,45,45,36,36,36,36,42,42,42,13,13,13,38,38,38,34,34,34,34,25,25,25,25,37,37,37,37,41,41,41,41,19,19,19,19,35,35,35,7,7,7,34,34,34,17
