"","TRACE",1,2,3,4,5,6,7,8,9,10,11,12,13,14,15,16,17,18,19,20,21,22,23,24,25,26,27,28,29,30,31,32,33,34,35,36,37,38,39,40,41,42,43,44,45,46,47,48,49,50,51,52,53,54,55,56,57,58,59,60,61,62,63,64,65,66,67,68,69,70,71,72,73,74,75,76,77,78,79,80,81,82,83,84,85,86,87,88,89,90,91,92,93,94,95,96,97,98,99,100,101,102,103,104,105,106,107,108,109,110,111,112,113,114,115,116,117,118,119,120,121,122,123,124,125,126,127,128,129,130,131,132,133,134,135,136,137,138,139,140,141,142,143,144,145,146,147,148,149,150,151,152,153,154,155,156,157,158,159,160,161,162,163,164,165,166,167,168,169,170,171,172,173,174,175,176,177,178,179,180,181,182,183,184,185,186,187,188,189,190,191,192,193,194,195,196,197,198,199,200,201,202,203,204,205,206,207,208,209,210,211,212,213,214,215,216,217,218,219,220,221,222,223,224,225,226,227,228,229,230,231,232,233,234,235,236,237,238,239,240,241,242,243,244,245,246,247,248,249,250,251,252,253,254,255,256,257,258,259,260,261,262,263,264,265,266,267,268,269,270,271,272,273,274,275,276,277,278,279,280,281,282,283,284,285,286,287,288,289,290,291,292,293,294,295,296,297,298,299,300,301,302,303,304,305,306,307,308,309,310,311,312,313,314,315,316,317,318,319,320,321,322,323,324,325,326,327,328,329,330,331,332,333,334,335,336,337,338,339,340,341,342,343,344,345,346,347,348,349,350,351,352,353,354,355,356,357,358,359,360,361,362,363,364,365,366,367,368,369,370,371,372,373,374,375,376,377,378,379,380,381,382,383,384,385,386,387,388,389,390,391,392,393,394,395,396,397,398,399,400,401,402,403,404,405,406,407,408,409,410,411,412,413,414,415,416,417,418,419,420,421,422,423,424,425,426,427,428,429,430,431,432,433,434,435,436,437,438,439,440,441,442,443,444,445,446,447,448,449,450,451,452,453,454,455,456,457,458,459,460,461,462,463,464,465,466,467,468,469,470,471,472,473,474,475,476,477,478,479,480,481,482,483,484,485,486,487,488,489,490,491,492,493,494,495,496,497,498,499,500,501,502,503,504,505,506,507,508,509,510,511,512,513,514,515,516,517,518,519,520,521,522,523,524,525,526,527,528,529,530,531,532,533,534,535,536,537,538,539,540,541,542,543,544,545,546,547,548,549,550,551,552,553,554,555,556,557,558,559,560,561,562,563,564,565,566,567,568,569,570,571,572,573
"","Position (m)",0,0.02000000000000000042,0.04000000000000000083,0.05999999999999999778,0.08000000000000000167,0.1000000000000000056,0.1200000000000000094,0.1400000000000000133,0.1600000000000000033,0.1799999999999999933,0.1999999999999999833,0.2199999999999999734,0.2399999999999999634,0.2599999999999999534,0.2799999999999999711,0.2999999999999999889,0.3200000000000000067,0.3400000000000000244,0.3600000000000000422,0.38000000000000006,0.4000000000000000777,0.4200000000000000955,0.4400000000000001132,0.460000000000000131,0.4800000000000001488,0.500000000000000111,0.5200000000000001288,0.5400000000000001465,0.5600000000000001643,0.5800000000000001821,0.6000000000000001998,0.6200000000000002176,0.6400000000000002354,0.6600000000000002531,0.6800000000000002709,0.7000000000000002887,0.7200000000000003064,0.7400000000000003242,0.7600000000000003419,0.7800000000000003597,0.8000000000000003775,0.8200000000000003952,0.840000000000000413,0.8600000000000004308,0.8800000000000004485,0.9000000000000004663,0.9200000000000004841,0.9400000000000005018,0.9600000000000005196,0.9800000000000005373,1.000000000000000444,1.020000000000000462,1.04000000000000048,1.060000000000000497,1.080000000000000515,1.100000000000000533,1.120000000000000551,1.140000000000000568,1.160000000000000586,1.180000000000000604,1.200000000000000622,1.220000000000000639,1.240000000000000657,1.260000000000000675,1.280000000000000693,1.300000000000000711,1.320000000000000728,1.340000000000000746,1.360000000000000764,1.380000000000000782,1.400000000000000799,1.420000000000000817,1.440000000000000835,1.460000000000000853,1.48000000000000087,1.500000000000000888,1.520000000000000906,1.540000000000000924,1.560000000000000941,1.580000000000000959,1.600000000000000977,1.620000000000000995,1.640000000000001013,1.66000000000000103,1.680000000000001048,1.700000000000001066,1.720000000000001084,1.740000000000001101,1.760000000000001119,1.780000000000001137,1.800000000000001155,1.820000000000001172,1.84000000000000119,1.860000000000001208,1.880000000000001226,1.900000000000001243,1.920000000000001261,1.940000000000001279,1.960000000000001297,1.980000000000001315,2.000000000000001332,2.02000000000000135,2.040000000000001368,2.060000000000001386,2.080000000000001403,2.100000000000001421,2.120000000000001439,2.140000000000001457,2.160000000000001474,2.180000000000001492,2.20000000000000151,2.220000000000001528,2.240000000000001545,2.260000000000001563,2.280000000000001581,2.300000000000001599,2.320000000000001616,2.340000000000001634,2.360000000000001652,2.38000000000000167,2.400000000000001688,2.420000000000001705,2.440000000000001723,2.460000000000001741,2.480000000000001759,2.500000000000001776,2.520000000000001794,2.540000000000001812,2.56000000000000183,2.580000000000001847,2.600000000000001865,2.620000000000001883,2.640000000000001901,2.660000000000001918,2.680000000000001936,2.700000000000001954,2.720000000000001972,2.74000000000000199,2.760000000000002007,2.780000000000002025,2.800000000000002043,2.820000000000002061,2.840000000000002078,2.860000000000002096,2.880000000000002114,2.900000000000002132,2.920000000000002149,2.940000000000002167,2.960000000000002185,2.980000000000002203,3.00000000000000222,3.020000000000002238,3.040000000000002256,3.060000000000002274,3.080000000000002292,3.100000000000002309,3.120000000000002327,3.140000000000002345,3.160000000000002363,3.18000000000000238,3.200000000000002398,3.220000000000002416,3.240000000000002434,3.260000000000002451,3.280000000000002469,3.300000000000002487,3.320000000000002505,3.340000000000002522,3.36000000000000254,3.380000000000002558,3.400000000000002576,3.420000000000002593,3.440000000000002611,3.460000000000002629,3.480000000000002647,3.500000000000002665,3.520000000000002682,3.5400000000000027,3.560000000000002718,3.580000000000002736,3.600000000000002753,3.620000000000002771,3.640000000000002789,3.660000000000002807,3.680000000000002824,3.700000000000002842,3.72000000000000286,3.740000000000002878,3.760000000000002895,3.780000000000002913,3.800000000000002931,3.820000000000002949,3.840000000000002967,3.860000000000002984,3.880000000000003002,3.90000000000000302,3.920000000000003038,3.940000000000003055,3.960000000000003073,3.980000000000003091,4.000000000000002665,4.020000000000002238,4.040000000000001812,4.060000000000001386,4.080000000000000959,4.100000000000000533,4.120000000000000107,4.13999999999999968,4.159999999999999254,4.179999999999998828,4.199999999999998401,4.219999999999997975,4.239999999999997549,4.259999999999997122,4.279999999999996696,4.29999999999999627,4.319999999999995843,4.339999999999995417,4.359999999999994991,4.379999999999994564,4.399999999999994138,4.419999999999993712,4.439999999999993285,4.459999999999992859,4.479999999999992433,4.499999999999992006,4.51999999999999158,4.539999999999991154,4.559999999999990727,4.579999999999990301,4.599999999999989875,4.619999999999989448,4.639999999999989022,4.659999999999988596,4.679999999999988169,4.699999999999987743,4.719999999999987317,4.73999999999998689,4.759999999999986464,4.779999999999986038,4.799999999999985612,4.819999999999985185,4.839999999999984759,4.859999999999984333,4.879999999999983906,4.89999999999998348,4.919999999999983054,4.939999999999982627,4.959999999999982201,4.979999999999981775,4.999999999999981348,5.019999999999980922,5.039999999999980496,5.059999999999980069,5.079999999999979643,5.099999999999979217,5.11999999999997879,5.139999999999978364,5.159999999999977938,5.179999999999977511,5.199999999999977085,5.219999999999976659,5.239999999999976232,5.259999999999975806,5.27999999999997538,5.299999999999974953,5.319999999999974527,5.339999999999974101,5.359999999999973674,5.379999999999973248,5.399999999999972822,5.419999999999972395,5.439999999999971969,5.459999999999971543,5.479999999999971116,5.49999999999997069,5.519999999999970264,5.539999999999969837,5.559999999999969411,5.579999999999968985,5.599999999999968558,5.619999999999968132,5.639999999999967706,5.65999999999996728,5.679999999999966853,5.699999999999966427,5.719999999999966001,5.739999999999965574,5.759999999999965148,5.779999999999964722,5.799999999999964295,5.819999999999963869,5.839999999999963443,5.859999999999963016,5.87999999999996259,5.899999999999962164,5.919999999999961737,5.939999999999961311,5.959999999999960885,5.979999999999960458,5.999999999999960032,6.019999999999959606,6.039999999999959179,6.059999999999958753,6.079999999999958327,6.0999999999999579,6.119999999999957474,6.139999999999957048,6.159999999999956621,6.179999999999956195,6.199999999999955769,6.219999999999955342,6.239999999999954916,6.25999999999995449,6.279999999999954063,6.299999999999953637,6.319999999999953211,6.339999999999952784,6.359999999999952358,6.379999999999951932,6.399999999999951505,6.419999999999951079,6.439999999999950653,6.459999999999950226,6.4799999999999498,6.499999999999949374,6.519999999999948948,6.539999999999948521,6.559999999999948095,6.579999999999947669,6.599999999999947242,6.619999999999946816,6.63999999999994639,6.659999999999945963,6.679999999999945537,6.699999999999945111,6.719999999999944684,6.739999999999944258,6.759999999999943832,6.779999999999943405,6.799999999999942979,6.819999999999942553,6.839999999999942126,6.8599999999999417,6.879999999999941274,6.899999999999940847,6.919999999999940421,6.939999999999939995,6.959999999999939568,6.979999999999939142,6.999999999999938716,7.019999999999938289,7.039999999999937863,7.059999999999937437,7.07999999999993701,7.099999999999936584,7.119999999999936158,7.139999999999935731,7.159999999999935305,7.179999999999934879,7.199999999999934452,7.219999999999934026,7.2399999999999336,7.259999999999933173,7.279999999999932747,7.299999999999932321,7.319999999999931894,7.339999999999931468,7.359999999999931042,7.379999999999930616,7.399999999999930189,7.419999999999929763,7.439999999999929337,7.45999999999992891,7.479999999999928484,7.499999999999928058,7.519999999999927631,7.539999999999927205,7.559999999999926779,7.579999999999926352,7.599999999999925926,7.6199999999999255,7.639999999999925073,7.659999999999924647,7.679999999999924221,7.699999999999923794,7.719999999999923368,7.739999999999922942,7.759999999999922515,7.779999999999922089,7.799999999999921663,7.819999999999921236,7.83999999999992081,7.859999999999920384,7.879999999999919957,7.899999999999919531,7.919999999999919105,7.939999999999918678,7.959999999999918252,7.979999999999917826,7.999999999999917399,8.019999999999917861,8.039999999999917435,8.059999999999917009,8.079999999999916582,8.099999999999916156,8.11999999999991573,8.139999999999915303,8.159999999999914877,8.179999999999914451,8.199999999999914024,8.219999999999913598,8.239999999999913172,8.259999999999912745,8.279999999999912319,8.299999999999911893,8.319999999999911466,8.33999999999991104,8.359999999999910614,8.379999999999910187,8.399999999999909761,8.419999999999909335,8.439999999999908908,8.459999999999908482,8.479999999999908056,8.499999999999907629,8.519999999999907203,8.539999999999906777,8.55999999999990635,8.579999999999905924,8.599999999999905498,8.619999999999905071,8.639999999999904645,8.659999999999904219,8.679999999999903793,8.699999999999903366,8.71999999999990294,8.739999999999902514,8.759999999999902087,8.779999999999901661,8.799999999999901235,8.819999999999900808,8.839999999999900382,8.859999999999899956,8.879999999999899529,8.899999999999899103,8.919999999999898677,8.93999999999989825,8.959999999999897824,8.979999999999897398,8.999999999999896971,9.019999999999896545,9.039999999999896119,9.059999999999895692,9.079999999999895266,9.09999999999989484,9.119999999999894413,9.139999999999893987,9.159999999999893561,9.179999999999893134,9.199999999999892708,9.219999999999892282,9.239999999999891855,9.259999999999891429,9.279999999999891003,9.299999999999890576,9.31999999999989015,9.339999999999889724,9.359999999999889297,9.379999999999888871,9.399999999999888445,9.419999999999888018,9.439999999999887592,9.459999999999887166,9.479999999999886739,9.499999999999886313,9.519999999999885887,9.539999999999885461,9.559999999999885034,9.579999999999884608,9.599999999999884182,9.619999999999883755,9.639999999999883329,9.659999999999882903,9.679999999999882476,9.69999999999988205,9.719999999999881624,9.739999999999881197,9.759999999999880771,9.779999999999880345,9.799999999999879918,9.819999999999879492,9.839999999999879066,9.859999999999878639,9.879999999999878213,9.899999999999877787,9.91999999999987736,9.939999999999876934,9.959999999999876508,9.979999999999876081,9.999999999999875655,10.01999999999987523,10.0399999999998748,10.05999999999987438,10.07999999999987395,10.09999999999987352,10.1199999999998731,10.13999999999987267,10.15999999999987224,10.17999999999987182,10.19999999999987139,10.21999999999987097,10.23999999999987054,10.25999999999987011,10.27999999999986969,10.29999999999986926,10.31999999999986883,10.33999999999986841,10.35999999999986798,10.37999999999986755,10.39999999999986713,10.4199999999998667,10.43999999999986628,10.45999999999986585,10.47999999999986542,10.499999999999865,10.51999999999986457,10.53999999999986414,10.55999999999986372,10.57999999999986329,10.59999999999986287,10.61999999999986244,10.63999999999986201,10.65999999999986159,10.67999999999986116,10.69999999999986073,10.71999999999986031,10.73999999999985988,10.75999999999985945,10.77999999999985903,10.7999999999998586,10.81999999999985818,10.83999999999985775,10.85999999999985732,10.8799999999998569,10.89999999999985647,10.91999999999985604,10.93999999999985562,10.95999999999985519,10.97999999999985477,10.99999999999985434,11.01999999999985391,11.03999999999985349,11.05999999999985306,11.07999999999985263,11.09999999999985221,11.11999999999985178,11.13999999999985135,11.15999999999985093,11.1799999999998505,11.19999999999985008,11.21999999999984965,11.23999999999984922,11.2599999999998488,11.27999999999984837,11.29999999999984794,11.31999999999984752,11.33999999999984709,11.35999999999984666,11.37999999999984624,11.39999999999984581,11.41999999999984539,11.43999999999984496
"Point","Time (ns)"
1,-4.258000000000000007,8,16,33,33,40,40,29,29,20,20,42,42,42,2,2,-2,-2,17,17,-1,-1,-1,21,21,21,16,16,1,1,16,16,37,37,37,-9,-9,-9,-15,-15,-15,18,18,-7,-7,5,5,5,2,2,2,18,18,18,18,27,27,27,27,17,17,14,14,33,33,33,13,13,13,13,1,1,1,1,29,29,16,16,-10,-10,19,19,19,0,0,0,7,7,7,7,-2,-2,21,21,10,10,10,13,13,13,9,9,9,9,27,27,15,15,-9,-9,14,14,14,28,28,28,98,98,98,10,10,24,24,25,25,25,19,19,19,19,23,23,23,23,10,10,10,32,32,0,0,8,8,8,9,9,9,9,-12,-12,-12,11,11,6,6,13,13,13,20,20,20,8,8,8,8,4,4,4,24,24,11,11,0,0,0,22,22,22,22,12,12,12,12,20,20,20,15,15,9,9,9,25,25,25,25,31,31,31,31,4,4,4,4,4,-2,-2,27,27,10,10,10,15,15,15,15,-6,-6,-6,-6,18,18,-7,-7,21,21,21,34,34,34,34,30,30,30,30,2,2,-1,-1,-3,-3,18,18,18,21,21,21,21,16,16,16,6,6,-2,-2,-5,-5,-5,27,27,27,26,26,26,53,53,53,53,31,31,31,31,33,33,12,12,17,17,17,19,19,19,6,6,6,26,26,63,63,11,11,11,31,31,31,24,24,24,24,19,19,19,19,18,18,0,0,29,29,11,11,11,32,32,32,7,7,7,7,9,9,9,47,47,1,1,23,23,23,29,29,29,29,23,23,23,32,32,-8,-8,8,8,8,1,1,1,16,16,16,16,14,14,14,15,15,15,-6,-6,-6,9,9,9,21,21,21,21,0,0,0,6,6,16,16,18,18,18,25,25,25,25,16,16,16,16,22,22,22,-14,-14,35,35,26,26,26,18,18,18,18,11,11,11,11,17,17,18,8,8,19,19,19,9,9,9,0,0,0,5,5,34,-9,-9,-2,-2,-2,33,33,33,-5,-5,-5,-5,9,9,9,9,9,22,22,22,-1,-1,-1,11,11,11,11,32,32,32,9,9,9,16,16,7,7,34,34,34,22,22,22,9,9,9,12,12,8,8,9,9,9,9,28,28,9,9,8,8,7,7,23,23,23,2,2,2,2,2,2,2,23,23,23,6,6,3,3,13,13,13,13,13,0,0,0,19,19,17,17,15,15,17,17,17,12,12,12,12,10,10,10,7,10,3,3,25,25,19,19,15,15,26,26,6,6,18,18,23,23,23,16,16,16,34,34,34,21,21,21,3,3,13,12,8,8,26,18,18,22,22,12,12,12,14,14,14,2,2,6,6,5,5,6,6
2,-4.057999999999999829,11,6,22,22,67,67,32,32,30,30,36,36,36,30,30,26,26,-12,-12,8,8,8,1,1,1,0,0,-1,-1,16,16,13,13,13,12,12,12,18,18,18,14,14,15,15,31,31,31,30,30,30,21,21,21,21,13,13,13,13,4,4,21,21,12,12,12,26,26,26,26,41,41,41,41,37,37,17,17,33,33,-10,-10,-10,18,18,18,13,13,13,13,13,13,27,27,29,29,29,6,6,6,21,21,21,21,10,10,12,12,20,20,36,36,36,27,27,27,16,16,16,35,35,8,8,21,21,21,-12,-12,-12,-12,18,18,18,18,-7,-7,-7,9,9,8,8,41,41,41,27,27,27,27,4,4,4,4,4,21,21,17,17,17,4,4,4,26,26,26,26,21,21,21,23,23,13,13,5,5,5,26,26,26,26,13,13,13,13,31,31,31,16,16,50,50,50,-11,-11,-11,-11,23,23,23,23,10,10,10,10,10,18,18,7,7,-19,-19,-19,-17,-17,-17,-17,15,15,15,15,40,40,50,50,-11,-11,-11,-16,-16,-16,-16,27,27,27,27,-2,-2,20,20,11,11,14,14,14,13,13,13,13,8,8,8,26,26,27,27,47,47,47,48,48,48,-17,-17,-17,-8,-8,-8,-8,12,12,12,12,20,20,11,11,39,39,39,14,14,14,21,21,21,10,10,1,1,34,34,34,32,32,32,7,7,7,7,-6,-6,-6,-6,22,22,5,5,11,11,9,9,9,36,36,36,30,30,30,30,18,18,18,37,37,-3,-3,2,2,2,16,16,16,16,13,13,13,4,4,-1,-1,5,5,5,52,52,52,16,16,16,16,22,22,22,38,38,38,16,16,16,11,11,11,10,10,10,10,16,16,16,12,12,7,7,19,19,19,5,5,5,5,23,23,23,23,-6,-6,-6,18,18,39,39,7,7,7,5,5,5,5,12,12,12,12,8,8,20,7,7,47,47,47,10,10,10,20,20,20,10,10,6,-3,-3,16,16,16,29,29,29,14,14,14,14,32,32,32,32,32,20,20,20,20,20,20,10,10,10,10,20,20,20,8,8,8,13,13,26,26,21,21,21,20,20,20,4,4,4,10,10,29,29,19,19,18,18,5,5,35,35,-6,-6,8,8,-10,-10,-10,14,14,14,22,22,22,22,16,16,16,25,25,6,6,5,5,29,29,29,20,20,20,15,15,9,9,2,2,16,16,16,10,10,10,10,15,15,15,25,14,5,5,10,10,7,7,14,14,25,25,7,7,2,2,27,27,27,18,18,18,16,16,16,21,21,21,12,12,13,-6,17,17,27,10,10,8,8,29,29,29,12,12,12,16,16,17,17,13,13,27,27
3,-3.858000000000000096,2,13,32,32,10,10,45,45,7,7,10,10,10,34,34,46,46,28,28,2,2,2,30,30,30,18,18,36,36,39,39,25,25,25,17,17,17,11,11,11,5,5,14,14,52,52,52,5,5,5,18,18,18,18,35,35,35,35,7,7,-9,-9,-1,-1,-1,56,56,56,56,28,28,28,28,-17,-17,25,25,-2,-2,14,14,14,29,29,29,30,30,30,30,14,14,27,27,28,28,28,31,31,31,10,10,10,10,40,40,23,23,30,30,32,32,32,48,48,48,27,27,27,16,16,7,7,17,17,17,13,13,13,13,13,13,13,13,30,30,30,26,26,21,21,40,40,40,9,9,9,9,16,16,16,52,52,36,36,1,1,1,33,33,33,4,4,4,4,44,44,44,23,23,7,7,27,27,27,33,33,33,33,20,20,20,20,38,38,38,9,9,39,39,39,41,41,41,41,21,21,21,21,23,23,23,23,23,45,45,59,59,14,14,14,40,40,40,40,15,15,15,15,-2,-2,21,21,25,25,25,25,25,25,25,12,12,12,12,20,20,13,13,17,17,9,9,9,9,9,9,9,9,9,9,41,41,23,23,10,10,10,22,22,22,17,17,17,15,15,15,15,42,42,42,42,13,13,34,34,17,17,17,4,4,4,30,30,30,22,22,1,1,29,29,29,44,44,44,26,26,26,26,33,33,33,33,21,21,22,22,43,43,12,12,12,22,22,22,9,9,9,9,24,24,24,10,10,28,28,27,27,27,12,12,12,12,11,11,11,28,28,21,21,26,26,26,30,30,30,24,24,24,24,30,30,30,32,32,32,10,10,10,-1,-1,-1,21,21,21,21,10,10,10,21,21,21,21,-3,-3,-3,-4,-4,-4,-4,31,31,31,31,20,20,20,29,29,16,16,16,16,16,33,33,33,33,13,13,13,13,64,64,-3,45,45,38,38,38,14,14,14,17,17,17,0,0,24,15,15,4,4,4,18,18,18,13,13,13,13,29,29,29,29,29,43,43,43,32,32,32,21,21,21,21,31,31,31,26,26,26,17,17,-1,-1,19,19,19,28,28,28,29,29,29,24,24,26,26,9,9,8,8,24,24,33,33,44,44,-4,-4,17,17,17,7,7,7,13,13,13,13,32,32,32,26,26,35,35,24,24,33,33,33,29,29,29,37,37,31,31,19,19,21,21,21,21,21,21,21,18,18,18,12,23,15,15,26,26,35,35,15,15,25,25,17,17,8,8,27,27,27,19,19,19,8,8,8,18,18,18,25,25,21,19,18,18,24,28,28,20,20,17,17,17,11,11,11,6,6,5,5,11,11,17,17
4,-3.657999999999999918,21,37,8,8,28,28,39,39,11,11,8,8,8,30,30,11,11,30,30,22,22,22,7,7,7,2,2,35,35,10,10,15,15,15,26,26,26,-4,-4,-4,-2,-2,13,13,28,28,28,22,22,22,16,16,16,16,-35,-35,-35,-35,30,30,14,14,28,28,28,47,47,47,47,7,7,7,7,32,32,43,43,28,28,46,46,46,20,20,20,24,24,24,24,17,17,47,47,42,42,42,49,49,49,32,32,32,32,16,16,26,26,15,15,43,43,43,22,22,22,41,41,41,18,18,56,56,34,34,34,18,18,18,18,46,46,46,46,17,17,17,19,19,29,29,24,24,24,20,20,20,20,15,15,15,29,29,59,59,23,23,23,21,21,21,16,16,16,16,7,7,7,27,27,19,19,27,27,27,43,43,43,43,28,28,28,28,29,29,29,44,44,15,15,15,39,39,39,39,37,37,37,37,21,21,21,21,21,20,20,79,79,15,15,15,11,11,11,11,42,42,42,42,8,8,28,28,33,33,33,21,21,21,21,33,33,33,33,21,21,39,39,32,32,24,24,24,43,43,43,43,32,32,32,30,30,47,47,28,28,28,16,16,16,14,14,14,6,6,6,6,15,15,15,15,17,17,24,24,21,21,21,20,20,20,38,38,38,16,16,43,43,29,29,29,23,23,23,40,40,40,40,58,58,58,58,28,28,28,28,10,10,13,13,13,13,13,13,62,62,62,62,22,22,22,28,28,6,6,37,37,37,44,44,44,44,22,22,22,20,20,23,23,38,38,38,57,57,57,7,7,7,7,28,28,28,12,12,12,12,12,12,35,35,35,41,41,41,41,27,27,27,25,25,40,40,19,19,19,29,29,29,29,44,44,44,44,30,30,30,22,22,13,13,24,24,24,35,35,35,35,37,37,37,37,42,42,43,16,16,38,38,38,20,20,20,25,25,25,36,36,44,41,41,32,32,32,-5,-5,-5,31,31,31,31,22,22,22,22,22,36,36,36,22,22,22,37,37,37,37,52,52,52,40,40,40,29,29,23,23,21,21,21,17,17,17,19,19,19,35,35,31,31,38,38,32,32,12,12,22,22,49,49,10,10,-11,-11,-11,29,29,29,38,38,38,38,26,26,26,29,29,39,39,45,45,17,17,17,12,12,12,35,35,46,46,36,36,24,24,24,29,29,29,29,31,31,31,21,22,26,26,31,31,23,23,23,23,20,20,23,23,37,37,37,37,37,16,16,16,36,36,36,34,34,34,21,21,-3,35,9,9,22,37,37,19,19,19,19,19,44,44,44,16,16,20,20,19,19,20,20
5,-3.458000000000000185,55,35,47,47,54,54,46,46,32,32,48,48,48,2,2,19,19,54,54,57,57,57,23,23,23,28,28,52,52,60,60,31,31,31,22,22,22,39,39,39,4,4,58,58,31,31,31,49,49,49,53,53,53,53,13,13,13,13,67,67,30,30,34,34,34,46,46,46,46,30,30,30,30,61,61,45,45,-8,-8,59,59,59,61,61,61,41,41,41,41,25,25,37,37,46,46,46,22,22,22,52,52,52,52,64,64,44,44,48,48,57,57,57,40,40,40,34,34,34,36,36,21,21,45,45,45,52,52,52,52,34,34,34,34,25,25,25,43,43,48,48,28,28,28,30,30,30,30,31,31,31,35,35,44,44,73,73,73,20,20,20,28,28,28,28,18,18,18,36,36,34,34,62,62,62,34,34,34,34,66,66,66,66,30,30,30,53,53,25,25,25,41,41,41,41,41,41,41,41,13,13,13,13,13,42,42,73,73,27,27,27,63,63,63,63,55,55,55,55,59,59,52,52,16,16,16,51,51,51,51,57,57,57,57,60,60,22,22,42,42,50,50,50,47,47,47,47,36,36,36,35,35,34,34,36,36,36,37,37,37,69,69,69,57,57,57,57,17,17,17,17,79,79,49,49,24,24,24,52,52,52,65,65,65,54,54,22,22,41,41,41,22,22,22,30,30,30,30,50,50,50,50,55,55,46,46,40,40,25,25,25,19,19,19,28,28,28,28,38,38,38,44,44,20,20,40,40,40,33,33,33,33,17,17,17,30,30,14,14,36,36,36,34,34,34,39,39,39,39,44,44,44,36,36,36,20,20,20,51,51,51,21,21,21,21,26,26,26,43,43,48,48,28,28,28,44,44,44,44,29,29,29,29,35,35,35,43,43,53,53,47,47,47,54,54,54,54,48,48,48,48,46,46,69,33,33,56,56,56,30,30,30,44,44,44,57,57,47,56,56,68,68,68,54,54,54,65,65,65,65,14,14,14,14,14,42,42,42,61,61,61,34,34,34,34,41,41,41,44,44,44,46,46,35,35,37,37,37,47,47,47,43,43,43,54,54,53,53,39,39,52,52,29,29,41,41,39,39,28,28,54,54,54,46,46,46,29,29,29,29,41,41,41,52,52,55,55,40,40,47,47,47,39,39,39,41,41,45,45,41,41,32,32,32,22,22,22,22,47,47,47,29,16,3,3,32,32,42,42,29,29,31,31,26,26,42,42,54,54,54,43,43,43,37,37,37,27,27,27,38,38,32,35,32,32,23,34,34,41,41,52,52,52,54,54,54,25,25,34,34,47,47,48,48
6,-3.258000000000000007,44,75,73,73,98,98,90,90,42,42,29,29,29,70,70,84,84,69,69,86,86,86,60,60,60,44,44,43,43,71,71,47,47,47,39,39,39,52,52,52,35,35,51,51,34,34,34,79,79,79,83,83,83,83,75,75,75,75,61,61,60,60,69,69,69,91,91,91,91,59,59,59,59,72,72,60,60,116,116,124,124,124,76,76,76,58,58,58,58,47,47,50,50,82,82,82,65,65,65,71,71,71,71,81,81,81,81,70,70,69,69,69,68,68,68,96,96,96,81,81,74,74,57,57,57,48,48,48,48,32,32,32,32,46,46,46,43,43,52,52,69,69,69,41,41,41,41,54,54,54,69,69,82,82,83,83,83,44,44,44,54,54,54,54,43,43,43,79,79,44,44,48,48,48,53,53,53,53,85,85,85,85,71,71,71,69,69,49,49,49,40,40,40,40,62,62,62,62,69,69,69,69,69,56,56,112,112,67,67,67,51,51,51,51,68,68,68,68,92,92,48,48,63,63,63,74,74,74,74,70,70,70,70,61,61,66,66,58,58,58,58,58,52,52,52,52,41,41,41,74,74,38,38,32,32,32,29,29,29,45,45,45,72,72,72,72,73,73,73,73,67,67,69,69,51,51,51,36,36,36,46,46,46,58,58,94,94,53,53,53,60,60,60,76,76,76,76,65,65,65,65,81,81,42,42,61,61,31,31,31,65,65,65,71,71,71,71,87,87,87,70,70,64,64,63,63,63,49,49,49,49,43,43,43,58,58,55,55,66,66,66,85,85,85,47,47,47,47,49,49,49,92,92,92,65,65,65,33,33,33,80,80,80,80,38,38,38,51,51,57,57,42,42,42,68,68,68,68,80,80,80,80,70,70,70,81,81,55,55,43,43,43,46,46,46,46,67,67,67,67,76,76,67,106,106,103,103,103,55,55,55,52,52,52,68,68,86,46,46,65,65,65,89,89,89,49,49,49,49,71,71,71,71,71,44,44,44,57,57,57,127,127,127,127,88,88,88,60,60,60,55,55,63,63,60,60,60,59,59,59,65,65,65,61,61,63,63,74,74,68,68,54,54,82,82,63,63,102,102,60,60,60,55,55,55,62,62,62,62,61,61,61,70,70,59,59,87,87,98,98,98,67,67,67,71,71,83,83,71,71,78,78,78,56,56,56,56,43,43,43,17,31,3,3,50,50,82,82,59,59,56,56,46,46,71,71,64,64,64,45,45,45,69,69,69,57,57,57,53,53,69,58,54,54,51,42,42,75,75,62,62,62,69,69,69,67,67,69,69,68,68,82,82
7,-3.057999999999999829,88,143,95,95,68,68,127,127,90,90,118,118,118,119,119,91,91,94,94,87,87,87,67,67,67,66,66,96,96,107,107,76,76,76,67,67,67,72,72,72,93,93,94,94,110,110,110,121,121,121,117,117,117,117,77,77,77,77,62,62,70,70,82,82,82,76,76,76,76,61,61,61,61,57,57,94,94,100,100,112,112,112,100,100,100,102,102,102,102,93,93,76,76,80,80,80,123,123,123,96,96,96,96,87,87,90,90,108,108,89,89,89,95,95,95,119,119,119,105,105,78,78,97,97,97,81,81,81,81,71,71,71,71,54,54,54,80,80,88,88,61,61,61,97,97,97,97,81,81,81,74,74,115,115,99,99,99,66,66,66,60,60,60,60,67,67,67,53,53,65,65,66,66,66,67,67,67,67,105,105,105,105,44,44,44,76,76,83,83,83,81,81,81,81,86,86,86,86,63,63,63,63,63,98,98,97,97,107,107,107,110,110,110,110,84,84,84,84,102,102,102,102,103,103,103,119,119,119,119,76,76,76,76,60,60,69,69,49,49,71,71,71,66,66,66,66,65,65,65,93,93,61,61,69,69,69,53,53,53,62,62,62,62,62,62,62,128,128,128,128,94,94,75,75,104,104,104,74,74,74,72,72,72,111,111,87,87,88,88,88,95,95,95,73,73,73,73,62,62,62,62,64,64,57,57,62,62,53,53,53,89,89,89,63,63,63,63,100,100,100,85,85,94,94,74,74,74,76,76,76,76,73,73,73,87,87,78,78,82,82,82,95,95,95,90,90,90,90,58,58,58,77,77,77,66,66,66,52,52,52,85,85,85,85,62,62,62,87,87,115,115,57,57,57,87,87,87,87,111,111,111,111,92,92,92,66,66,81,81,91,91,91,87,87,87,87,66,66,66,66,110,110,90,133,133,80,80,80,85,85,85,91,91,91,88,88,98,72,72,109,109,109,85,85,85,70,70,70,70,72,72,72,72,72,99,99,99,118,118,118,155,155,155,155,88,88,88,85,85,85,88,88,93,93,99,99,99,77,77,77,65,65,65,64,64,77,77,93,93,97,97,79,79,97,97,84,84,72,72,93,93,93,78,78,78,85,85,85,85,75,75,75,63,63,94,94,114,114,86,86,86,111,111,111,75,75,115,115,105,105,77,77,77,57,57,57,57,44,44,44,19,35,34,34,102,102,96,96,66,66,110,110,87,87,74,74,103,103,103,80,80,80,77,77,77,81,81,81,90,90,77,71,64,64,66,92,92,66,66,79,79,79,85,85,85,78,78,76,76,80,80,83,83
8,-2.858000000000000096,101,132,166,166,133,133,137,137,143,143,146,146,146,122,122,141,141,163,163,151,151,151,99,99,99,52,52,89,89,88,88,93,93,93,68,68,68,115,115,115,116,116,100,100,123,123,123,162,162,162,101,101,101,101,129,129,129,129,110,110,65,65,111,111,111,85,85,85,85,98,98,98,98,108,108,118,118,148,148,144,144,144,134,134,134,113,113,113,113,93,93,94,94,110,110,110,89,89,89,104,104,104,104,114,114,135,135,148,148,119,119,119,136,136,136,156,156,156,131,131,127,127,102,102,102,116,116,116,116,79,79,79,79,52,52,52,90,90,79,79,90,90,90,98,98,98,98,75,75,75,121,121,132,132,136,136,136,78,78,78,67,67,67,67,65,65,65,71,71,71,71,72,72,72,115,115,115,115,95,95,95,95,88,88,88,127,127,145,145,145,125,125,125,125,103,103,103,103,108,108,108,108,108,110,110,161,161,121,121,121,111,111,111,111,150,150,150,150,115,115,162,162,161,161,161,104,104,104,104,80,80,80,80,96,96,110,110,72,72,113,113,113,95,95,95,95,93,93,93,79,79,72,72,59,59,59,51,51,51,96,96,96,132,132,132,132,120,120,120,120,58,58,97,97,95,95,95,75,75,75,134,134,134,171,171,107,107,126,126,126,110,110,110,80,80,80,80,114,114,114,114,118,118,89,89,98,98,101,101,101,63,63,63,103,103,103,103,154,154,154,152,152,75,75,100,100,100,85,85,85,85,67,67,67,61,61,97,97,61,61,61,127,127,127,83,83,83,83,100,100,100,99,99,99,95,95,95,87,87,87,113,113,113,113,68,68,68,96,96,118,118,73,73,73,109,109,109,109,125,125,125,125,130,130,130,142,142,113,113,125,125,125,128,128,128,128,107,107,107,107,134,134,154,174,174,137,137,137,101,101,101,110,110,110,147,147,115,84,84,136,136,136,44,44,44,83,83,83,83,104,104,104,104,104,100,100,100,141,141,141,194,194,194,194,183,183,183,119,119,119,109,109,128,128,93,93,93,127,127,127,95,95,95,92,92,102,102,99,99,92,92,119,119,118,118,94,94,108,108,107,107,107,103,103,103,129,129,129,129,91,91,91,114,114,129,129,158,158,146,146,146,137,137,137,93,93,106,106,153,153,110,110,110,51,51,51,51,21,21,21,21,38,51,51,159,159,128,128,134,134,115,115,105,105,125,125,124,124,124,110,110,110,107,107,107,106,106,106,84,84,105,96,80,80,110,104,104,79,79,94,94,94,123,123,123,98,98,89,89,130,130,125,125
9,-2.657999999999999918,141,112,170,170,148,148,163,163,221,221,175,175,175,191,191,202,202,181,181,176,176,176,105,105,105,121,121,140,140,107,107,94,94,94,80,80,80,94,94,94,102,102,103,103,154,154,154,179,179,179,171,171,171,171,157,157,157,157,130,130,106,106,96,96,96,117,117,117,117,99,99,99,99,147,147,144,144,164,164,175,175,175,150,150,150,121,121,121,121,131,131,115,115,117,117,117,98,98,98,165,165,165,165,142,142,144,144,164,164,227,227,227,157,157,157,161,161,161,153,153,153,153,107,107,107,107,107,107,107,53,53,53,53,64,64,64,98,98,94,94,89,89,89,111,111,111,111,111,111,111,118,118,152,152,132,132,132,92,92,92,51,51,51,51,60,60,60,58,58,60,60,101,101,101,105,105,105,105,99,99,99,99,147,147,147,139,139,139,139,139,163,163,163,163,132,132,132,132,139,139,139,139,139,122,122,175,175,134,134,134,157,157,157,157,154,154,154,154,132,132,160,160,152,152,152,159,159,159,159,153,153,153,153,129,129,120,120,81,81,78,78,78,76,76,76,76,83,83,83,113,113,92,92,68,68,68,52,52,52,107,107,107,157,157,157,157,153,153,153,153,128,128,129,129,108,108,108,113,113,113,184,184,184,187,187,142,142,134,134,134,138,138,138,94,94,94,94,122,122,122,122,150,150,92,92,113,113,99,99,99,76,76,76,110,110,110,110,189,189,189,156,156,118,118,128,128,128,112,112,112,112,75,75,75,82,82,111,111,86,86,86,143,143,143,126,126,126,126,92,92,92,149,149,149,105,105,105,67,67,67,124,124,124,124,72,72,72,104,104,147,147,71,71,71,146,146,146,146,162,162,162,162,170,170,170,165,165,129,129,135,135,135,152,152,152,152,127,127,127,127,158,158,190,192,192,205,205,205,144,144,144,120,120,120,174,174,155,130,130,88,88,88,10,10,10,50,50,50,50,123,123,123,123,123,140,140,140,165,165,165,255,255,255,255,178,178,178,115,115,115,116,116,127,127,108,108,108,127,127,127,113,113,113,111,111,127,127,115,115,145,145,133,133,121,121,119,119,120,120,129,129,129,124,124,124,115,115,115,115,116,116,116,128,128,174,174,185,185,176,176,176,134,134,134,96,96,131,131,139,139,126,126,126,36,36,36,36,11,11,11,-1,-26,64,64,147,147,123,123,128,128,132,132,120,120,155,155,162,162,162,112,112,112,142,142,142,113,113,113,109,109,109,98,94,94,106,122,122,71,71,106,106,106,126,126,126,108,108,93,93,135,135,162,162
10,-2.458000000000000185,141,173,191,191,127,127,151,151,168,168,171,171,171,196,196,174,174,174,174,178,178,178,100,100,100,113,113,80,80,123,123,85,85,85,71,71,71,96,96,96,62,62,143,143,147,147,147,199,199,199,152,152,152,152,117,117,117,117,93,93,102,102,124,124,124,133,133,133,133,111,111,111,111,136,136,168,168,161,161,181,181,181,138,138,138,111,111,111,111,97,97,111,111,85,85,85,124,124,124,149,149,149,149,139,139,171,171,179,179,196,196,196,168,168,168,150,150,150,164,164,131,131,132,132,132,118,118,118,118,45,45,45,45,40,40,40,63,63,93,93,78,78,78,83,83,83,83,103,103,103,113,113,145,145,135,135,135,90,90,90,32,32,32,32,65,65,65,41,41,99,99,77,77,77,74,74,74,74,102,102,102,102,102,102,102,141,141,114,114,114,144,144,144,144,130,130,130,130,204,204,204,204,204,153,153,180,180,127,127,127,151,151,151,151,135,135,135,135,96,96,147,147,137,137,137,162,162,162,162,123,123,123,123,129,129,97,97,90,90,64,64,64,81,81,81,81,62,62,62,101,101,77,77,64,64,64,54,54,54,148,148,148,142,142,142,142,142,142,142,142,102,102,146,146,123,123,123,97,97,97,168,168,168,150,150,115,115,115,115,115,116,116,116,80,80,80,80,111,111,111,111,135,135,75,75,99,99,83,83,83,60,60,60,100,100,100,100,182,182,182,159,159,115,115,109,109,109,102,102,102,102,108,108,108,88,88,95,95,89,89,89,143,143,143,117,117,117,117,83,83,83,117,117,117,106,106,106,84,84,84,131,131,131,131,58,58,58,117,117,123,123,52,52,52,127,127,127,127,152,152,152,152,174,174,174,161,161,120,120,134,134,134,138,138,138,138,128,128,128,128,161,161,209,223,223,206,206,206,106,106,106,105,105,105,175,175,168,105,105,58,58,58,-25,-25,-25,0,0,0,0,91,91,91,91,91,102,102,102,145,145,145,244,244,244,244,180,180,180,115,115,115,98,98,126,126,103,103,103,134,134,134,89,89,89,87,87,124,124,109,109,122,122,135,135,141,141,103,103,110,110,109,109,109,143,143,143,132,132,132,132,99,99,99,112,112,179,179,209,209,182,182,182,128,128,128,88,88,119,119,142,142,89,89,89,-10,-10,-10,-10,-52,-52,-52,-65,-76,25,25,175,175,141,141,155,155,144,144,151,151,168,168,125,125,125,135,135,135,155,155,155,117,117,117,96,96,103,95,78,78,81,104,104,81,81,117,117,117,131,131,131,99,99,110,110,104,104,143,143
11,-2.258000000000000007,137,180,158,158,164,164,198,198,168,168,131,131,131,139,139,172,172,162,162,177,177,177,99,99,99,82,82,90,90,133,133,68,68,68,59,59,59,101,101,101,69,69,155,155,133,133,133,163,163,163,135,135,135,135,175,175,175,175,79,79,79,79,84,84,84,111,111,111,111,108,108,108,108,104,104,124,124,172,172,139,139,139,136,136,136,114,114,114,114,92,92,86,86,81,81,81,105,105,105,130,130,130,130,109,109,183,183,164,164,172,172,172,120,120,120,145,145,145,131,131,119,119,96,96,96,103,103,103,103,41,41,41,41,56,56,56,55,55,84,84,67,67,67,82,82,82,82,91,91,91,142,142,116,116,122,122,122,83,83,83,37,37,37,37,60,60,60,21,21,70,70,88,88,88,93,93,93,93,89,89,89,89,110,110,110,120,120,127,127,127,141,141,141,141,125,125,125,125,179,179,179,179,179,161,161,163,163,116,116,116,137,137,137,137,112,112,112,112,111,111,92,92,183,183,183,118,118,118,118,64,64,64,64,62,62,108,108,35,35,79,79,79,50,50,50,50,24,24,24,104,104,29,29,41,41,41,28,28,28,123,123,123,164,164,164,164,84,84,84,84,95,95,100,100,103,103,103,76,76,76,185,185,185,198,198,92,92,134,134,134,117,117,117,80,80,80,80,102,102,102,102,80,80,57,57,65,65,67,67,67,49,49,49,50,50,50,50,153,153,153,126,126,76,76,91,91,91,93,93,93,93,54,54,54,95,95,128,128,59,59,59,125,125,125,112,112,112,112,80,80,80,134,134,134,81,81,81,77,77,77,115,115,115,115,38,38,38,109,109,127,127,41,41,41,110,110,110,110,151,151,151,151,163,163,163,133,133,114,114,132,132,132,140,140,140,140,105,105,105,105,132,132,168,217,217,169,169,169,139,139,139,110,110,110,169,169,150,164,164,95,95,95,-15,-15,-15,-14,-14,-14,-14,32,32,32,32,32,69,69,69,132,132,132,255,255,255,255,147,147,147,102,102,102,104,104,130,130,82,82,82,130,130,130,65,65,65,59,59,99,99,97,97,125,125,82,82,120,120,67,67,116,116,89,89,89,108,108,108,115,115,115,115,85,85,85,94,94,167,167,179,179,160,160,160,102,102,102,39,39,115,115,145,145,82,82,82,2,2,2,2,-85,-85,-85,-144,-156,27,27,161,161,133,133,128,128,131,131,134,134,161,161,105,105,105,123,123,123,140,140,140,111,111,111,93,93,93,90,82,82,73,102,102,63,63,93,93,93,130,130,130,111,111,97,97,113,113,144,144
12,-2.057999999999999829,163,329,343,343,318,318,349,349,350,350,281,281,281,331,331,340,340,330,330,306,306,306,251,251,251,236,236,270,270,290,290,237,237,237,234,234,234,211,211,211,256,256,247,247,333,333,333,369,369,369,275,275,275,275,273,273,273,273,219,219,212,212,241,241,241,199,199,199,199,191,191,191,191,287,287,303,303,354,354,346,346,346,333,333,333,263,263,263,263,261,261,258,258,274,274,274,309,309,309,235,235,235,235,305,305,285,285,323,323,323,323,323,280,280,280,316,316,316,332,332,320,320,291,291,291,279,279,279,279,182,182,182,182,226,226,226,225,225,268,268,289,289,289,309,309,309,309,296,296,296,262,262,289,289,304,304,304,300,300,300,249,249,249,249,245,245,245,204,204,225,225,281,281,281,256,256,256,256,287,287,287,287,225,225,225,261,261,280,280,280,291,291,291,291,259,259,259,259,283,283,283,283,283,323,323,341,341,285,285,285,261,261,261,261,273,273,273,273,225,225,312,312,403,403,403,246,246,246,246,216,216,216,216,231,231,218,218,241,241,295,295,295,257,257,257,257,189,189,189,262,262,249,249,228,228,228,218,218,218,235,235,235,258,258,258,258,273,273,273,273,239,239,309,309,286,286,286,211,211,211,324,324,324,308,308,271,271,211,211,211,355,355,355,216,216,216,216,253,253,253,253,222,222,199,199,180,180,221,221,221,176,176,176,233,233,233,233,263,263,263,261,261,289,289,268,268,268,219,219,219,219,160,160,160,195,195,245,245,177,177,177,227,227,227,204,204,204,204,184,184,184,206,206,206,224,224,224,240,240,240,239,239,239,239,171,171,171,248,248,273,273,175,175,175,297,297,297,297,341,341,341,341,301,301,301,250,250,210,210,201,201,201,290,290,290,290,281,281,281,281,279,279,343,345,345,312,312,312,278,278,278,255,255,255,375,375,356,413,413,430,430,430,335,335,335,189,189,189,189,151,151,151,151,151,240,240,240,374,374,374,520,520,520,520,374,374,374,234,234,234,260,260,319,319,327,327,327,362,362,362,243,243,243,225,225,216,216,260,260,316,316,262,262,249,249,209,209,257,257,209,209,209,264,264,264,249,249,249,249,218,218,218,241,241,252,252,346,346,335,335,335,212,212,212,197,197,314,314,376,376,302,302,302,196,196,196,196,95,95,95,8,58,251,251,308,308,249,249,257,257,290,290,298,298,361,361,269,269,269,284,284,284,269,269,269,319,319,319,287,287,293,277,218,218,216,238,238,237,237,296,296,296,278,278,278,300,300,242,242,289,289,279,279
13,-1.857999999999999874,388,789,746,746,716,716,681,681,715,715,663,663,663,680,680,640,640,666,666,802,802,802,615,615,615,559,559,633,633,667,667,544,544,544,549,549,549,568,568,568,543,543,586,586,743,743,743,704,704,704,647,647,647,647,665,665,665,665,572,572,517,517,617,617,617,569,569,569,569,500,500,500,500,565,565,629,629,801,801,748,748,748,774,774,774,715,715,715,715,663,663,635,635,611,611,611,656,656,656,623,623,623,623,619,619,688,688,771,771,678,678,678,637,637,637,731,731,731,712,712,728,728,677,677,677,676,676,676,676,529,529,529,529,486,486,486,611,611,551,551,506,506,506,603,603,603,603,648,648,648,574,574,640,640,710,710,710,657,657,657,651,651,651,651,564,564,564,512,512,470,470,510,510,510,492,492,492,492,625,625,625,625,604,604,604,552,552,567,567,567,590,590,590,590,621,621,621,621,700,700,700,700,700,657,657,704,704,651,651,651,647,647,647,647,636,636,636,636,577,577,646,646,818,818,818,566,566,566,566,539,539,539,539,561,561,551,551,534,534,560,560,560,585,585,585,585,527,527,527,570,570,457,457,473,473,473,404,404,404,477,477,477,562,562,562,562,542,542,542,542,548,548,678,678,572,572,572,460,460,460,661,661,661,691,691,543,543,493,493,493,723,723,723,551,551,551,551,561,561,561,561,574,574,459,459,463,463,493,493,493,443,443,443,488,488,488,488,579,579,579,520,520,440,440,618,618,618,628,628,628,628,478,478,478,518,518,606,606,485,485,485,483,483,483,452,452,452,452,482,482,482,543,543,543,534,534,534,485,485,485,664,664,664,664,446,446,446,534,534,628,628,494,494,494,609,609,609,609,669,669,669,669,616,616,616,604,604,598,598,587,587,587,771,771,771,771,640,640,640,640,699,699,704,774,774,762,762,762,688,688,688,617,617,617,859,859,741,794,794,864,864,864,727,727,727,630,630,630,630,464,464,464,464,464,581,581,581,696,696,696,964,964,964,964,768,768,768,550,550,550,638,638,752,752,688,688,688,712,712,712,576,576,576,536,536,525,525,620,620,731,731,693,693,562,562,515,515,567,567,537,537,537,590,590,590,648,648,648,648,546,546,546,560,560,603,603,763,763,674,674,674,620,620,620,579,579,725,725,884,884,683,683,683,469,469,469,469,330,330,330,245,472,947,947,883,883,596,596,565,565,643,643,703,703,757,757,668,668,668,604,604,604,698,698,698,686,686,686,573,573,568,630,592,592,625,676,676,623,623,653,653,653,676,676,676,627,627,481,481,615,615,602,602
14,-1.657999999999999918,770,1027,1035,1035,869,869,878,878,907,907,879,879,879,920,920,858,858,987,987,1113,1113,1113,843,843,843,668,668,703,703,697,697,444,444,444,454,454,454,638,638,638,641,641,583,583,752,752,752,807,807,807,752,752,752,752,741,741,741,741,624,624,565,565,651,651,651,665,665,665,665,483,483,483,483,583,583,793,793,978,978,863,863,863,1014,1014,1014,1142,1142,1142,1142,945,945,848,848,614,614,614,571,571,571,588,588,588,588,707,707,968,968,1167,1167,1048,1048,1048,868,868,868,1033,1033,1033,847,847,817,817,726,726,726,733,733,733,733,515,515,515,515,435,435,435,503,503,414,414,124,124,124,463,463,463,463,609,609,609,440,440,548,548,765,765,765,508,508,508,655,655,655,655,607,607,607,418,418,305,305,173,173,173,228,228,228,228,646,646,646,646,690,690,690,586,586,419,419,419,573,573,573,573,741,741,741,741,905,905,905,905,905,710,710,877,877,677,677,677,846,846,846,846,834,834,834,834,636,636,509,509,798,798,798,539,539,539,539,612,612,612,612,647,647,733,733,413,413,196,196,196,430,430,430,430,481,481,481,511,511,213,213,240,240,240,119,119,119,398,398,398,473,473,473,473,336,336,336,336,402,402,697,697,553,553,553,365,365,365,626,626,626,833,833,547,547,338,338,338,805,805,805,420,420,420,420,569,569,569,569,602,602,464,464,397,397,428,428,428,365,365,365,235,235,235,235,464,464,464,296,296,93,93,356,356,356,849,849,849,849,606,606,606,631,631,685,685,545,545,545,392,392,392,511,511,511,511,431,431,431,797,797,797,561,561,561,257,257,257,864,864,864,864,364,364,364,391,391,592,592,442,442,442,495,495,495,495,758,758,758,758,588,588,588,758,758,788,788,849,849,849,1149,1149,1149,1149,619,619,619,619,726,726,738,956,956,860,860,860,835,835,835,797,797,797,1131,1131,879,832,832,623,623,623,566,566,566,736,736,736,736,596,596,596,596,596,661,661,661,589,589,589,1122,1122,1122,1122,989,989,989,666,666,666,879,879,1137,1137,692,692,692,620,620,620,507,507,507,541,541,468,468,638,638,738,738,662,662,542,542,429,429,546,546,675,675,675,638,638,638,690,690,690,690,604,604,604,552,552,750,750,1000,1000,772,772,772,738,738,738,764,764,958,958,982,982,872,872,872,614,614,614,614,632,632,632,754,1366,2896,2896,1576,1576,823,823,658,658,792,792,853,853,1015,1015,742,742,742,598,598,598,706,706,706,874,874,874,542,542,428,490,581,581,738,779,779,566,566,641,641,641,691,691,691,609,609,393,393,536,536,745,745
15,-1.457999999999999963,697,939,941,941,631,631,620,620,761,761,643,643,643,675,675,737,737,903,903,955,955,955,610,610,610,489,489,384,384,352,352,-42,-42,-42,-42,-42,-42,188,188,188,359,359,184,184,386,386,386,551,551,551,328,328,328,328,389,389,389,389,254,254,156,156,175,175,175,104,104,104,104,-38,-38,-38,-38,93,93,315,315,606,606,404,404,404,668,668,668,1021,1021,1021,1021,831,831,704,704,97,97,97,-129,-129,-129,38,38,38,38,368,368,856,856,1242,1242,1238,1238,1238,729,729,729,866,866,866,689,689,659,659,439,439,439,348,348,348,348,89,89,89,89,-66,-66,-66,128,128,44,44,-276,-276,-276,-138,-138,-138,-138,147,147,147,32,32,64,64,282,282,282,21,21,21,213,213,213,213,306,306,306,133,133,-92,-92,-463,-463,-463,-401,-401,-401,-401,152,152,152,152,254,254,254,310,310,-96,-96,-96,324,324,324,324,478,478,478,478,628,628,628,628,628,438,438,745,745,430,430,430,593,593,593,593,440,440,440,440,254,254,74,74,291,291,291,151,151,151,151,275,275,275,275,367,367,332,332,-37,-37,-433,-433,-433,-43,-43,-43,-43,0,0,0,193,193,-194,-194,-364,-364,-364,-403,-403,-403,39,39,39,-13,-13,-13,-13,-183,-183,-183,-183,-145,-145,481,481,316,316,316,93,93,93,165,165,165,341,341,212,212,-30,-30,-30,253,253,253,-231,-231,-231,-231,10,10,10,10,38,38,135,135,95,95,-17,-17,-17,-31,-31,-31,-172,-172,-172,-172,-78,-78,-78,-303,-303,-419,-419,-543,-543,-543,504,504,504,504,244,244,244,257,257,224,224,195,195,195,-20,-20,-20,100,100,100,100,-50,-50,-50,490,490,490,265,265,265,-196,-196,-196,455,455,455,455,-104,-104,-104,-37,-37,-26,-26,-86,-86,-86,-111,-111,-111,-111,508,508,508,508,281,281,281,444,444,400,400,679,679,679,929,929,929,929,143,143,143,143,338,338,468,809,809,571,571,571,469,469,469,523,523,523,836,836,561,519,519,102,102,102,-173,-173,-173,209,209,209,209,485,485,485,485,485,448,448,448,309,309,309,917,917,917,917,683,683,683,342,342,342,576,576,997,997,245,245,245,228,228,228,81,81,81,351,351,28,28,85,85,391,391,210,210,57,57,-42,-42,24,24,179,179,179,338,338,338,134,134,134,134,180,180,180,179,179,543,543,801,801,433,433,433,172,172,172,338,338,786,786,961,961,2093,2093,2093,2572,2572,2572,2572,1840,1840,1840,2909,4050,6079,6079,1820,1820,694,694,294,294,398,398,470,470,760,760,364,364,364,273,273,273,232,232,232,509,509,509,218,218,-14,46,166,166,288,294,294,15,15,2,2,2,53,53,53,56,56,37,37,38,38,540,540
16,-1.258000000000000007,456,1221,1184,1184,916,916,754,754,968,968,574,574,574,693,693,748,748,1032,1032,894,894,894,485,485,485,671,671,621,621,593,593,280,280,280,154,154,154,165,165,165,358,358,494,494,769,769,769,875,875,875,313,313,313,313,335,335,335,335,275,275,108,108,-11,-11,-11,11,11,11,11,31,31,31,31,94,94,228,228,427,427,387,387,387,401,401,401,776,776,776,776,762,762,691,691,294,294,294,149,149,149,149,149,149,149,388,388,803,803,1276,1276,1545,1545,1545,914,914,914,983,983,983,1101,1101,1046,1046,718,718,718,523,523,523,523,332,332,332,332,200,200,200,341,341,563,563,752,752,752,130,130,130,130,363,363,363,456,456,354,354,435,435,435,220,220,220,211,211,211,211,425,425,425,519,519,495,495,183,183,183,-83,-83,-83,-83,157,157,157,157,192,192,192,525,525,256,256,256,619,619,619,619,401,401,401,401,507,507,507,507,507,470,470,740,740,537,537,537,366,366,366,366,224,224,224,224,206,206,302,302,200,200,200,343,343,343,343,224,224,224,224,247,247,204,204,191,191,312,312,312,211,211,211,211,83,83,83,380,380,124,124,-193,-193,-193,30,30,30,241,241,241,124,124,124,124,229,229,229,229,178,178,729,729,687,687,687,250,250,250,203,203,203,40,40,174,174,205,205,205,58,58,58,-141,-141,-141,-141,-36,-36,-36,-36,-30,-30,196,196,588,588,267,267,267,246,246,246,344,344,344,344,127,127,127,-32,-32,111,111,-433,-433,-433,36,36,36,36,40,40,40,150,150,87,87,301,301,301,251,251,251,50,50,50,50,54,54,54,168,168,168,385,385,385,299,299,299,162,162,162,162,72,72,72,199,199,110,110,-187,-187,-187,-59,-59,-59,-59,600,600,600,600,456,456,456,431,431,223,223,723,723,723,507,507,507,507,280,280,280,280,574,574,980,1221,1221,736,736,736,340,340,340,457,457,457,790,790,630,839,839,948,948,948,-93,-93,-93,130,130,130,130,970,970,970,970,970,1148,1148,1148,1110,1110,1110,1199,1199,1199,1199,614,614,614,216,216,216,396,396,898,898,496,496,496,640,640,640,365,365,365,730,730,273,273,68,68,649,649,482,482,272,272,229,229,117,117,242,242,242,509,509,509,175,175,175,175,97,97,97,348,348,677,677,919,919,373,373,373,-102,-102,-102,-38,-38,682,682,1557,1557,5602,5602,5602,6713,6713,6713,6713,4956,4956,4956,6274,8367,8224,8224,1725,1725,983,983,511,511,395,395,367,367,705,705,435,435,435,476,476,476,197,197,197,360,360,360,342,342,201,158,204,204,261,202,202,215,215,14,14,14,85,85,85,49,49,394,394,254,254,730,730
17,-1.057999999999999829,888,1793,1682,1682,1600,1600,1285,1285,1328,1328,959,959,959,1057,1057,1014,1014,1306,1306,1323,1323,1323,753,753,753,942,942,1028,1028,1058,1058,1127,1127,1127,1062,1062,1062,877,877,877,927,927,1138,1138,1467,1467,1467,1412,1412,1412,623,623,623,623,665,665,665,665,592,592,688,688,619,619,619,626,626,626,626,619,619,619,619,597,597,810,810,893,893,870,870,870,585,585,585,877,877,877,877,908,908,998,998,1386,1386,1386,1088,1088,1088,781,781,781,781,798,798,1133,1133,1563,1563,1912,1912,1912,1449,1449,1449,1373,1373,1373,1283,1283,1275,1275,1138,1138,1138,952,952,952,952,838,838,838,838,870,870,870,867,867,1220,1220,1713,1713,1713,958,958,958,958,971,971,971,945,945,989,989,1171,1171,1171,930,930,930,699,699,699,699,901,901,901,1116,1116,1428,1428,1634,1634,1634,903,903,903,903,540,540,540,540,860,860,860,1064,1064,987,987,987,971,971,971,971,751,751,751,751,794,794,794,794,794,556,556,868,868,782,782,782,414,414,414,414,389,389,389,389,373,373,951,951,768,768,768,706,706,706,706,450,450,450,450,469,469,699,699,863,863,1260,1260,1260,857,857,857,857,538,538,538,604,604,789,789,811,811,811,853,853,853,713,713,713,679,679,679,679,668,668,668,668,740,740,827,827,888,888,888,637,637,637,556,556,556,402,402,421,421,497,497,497,542,542,542,483,483,483,483,525,525,525,525,409,409,645,645,1052,1052,854,854,854,655,655,655,753,753,753,753,820,820,820,563,563,955,955,467,467,467,-101,-101,-101,-101,286,286,286,450,450,664,664,886,886,886,867,867,867,512,512,512,512,492,492,492,488,488,488,767,767,767,910,910,910,708,708,708,708,749,749,749,807,807,848,848,521,521,521,757,757,757,757,862,862,862,862,627,627,627,656,656,573,573,1084,1084,1084,761,761,761,761,641,641,641,641,1029,1029,1418,1681,1681,1137,1137,1137,719,719,719,682,682,682,1237,1237,1247,1860,1860,2305,2305,2305,907,907,907,598,598,598,598,1603,1603,1603,1603,1603,2493,2493,2493,2339,2339,2339,1488,1488,1488,1488,784,784,784,397,397,397,748,748,1265,1265,1117,1117,1117,1162,1162,1162,895,895,895,1220,1220,1033,1033,806,806,1142,1142,1218,1218,949,949,851,851,812,812,947,947,947,1052,1052,1052,801,801,801,801,639,639,639,798,798,1206,1206,1337,1337,724,724,724,216,216,216,84,84,724,724,2002,2002,7132,7132,7132,8338,8338,8338,8338,6651,6651,6651,7794,10404,7350,7350,2095,2095,1411,1411,995,995,843,843,907,907,1105,1105,893,893,893,846,846,846,555,555,555,734,734,734,820,820,680,603,825,825,882,1128,1128,996,996,1008,1008,1008,1062,1062,1062,968,968,1223,1223,1421,1421,1230,1230
18,-0.8579999999999998739,1411,1797,1729,1729,1463,1463,1277,1277,1125,1125,903,903,903,929,929,921,921,1057,1057,1084,1084,1084,656,656,656,656,656,673,673,827,827,1097,1097,1097,1214,1214,1214,1346,1346,1346,1398,1398,1099,1099,1309,1309,1309,1059,1059,1059,578,578,578,578,651,651,651,651,611,611,896,896,1114,1114,1114,847,847,847,847,722,722,722,722,736,736,1172,1172,1357,1357,859,859,859,719,719,719,912,912,912,912,678,678,1126,1126,1774,1774,1774,1274,1274,1274,720,720,720,720,539,539,1054,1054,1321,1321,1645,1645,1645,1040,1040,1040,1046,1046,1046,770,770,594,594,663,663,663,868,868,868,868,708,708,708,708,665,665,665,931,931,1355,1355,1425,1425,1425,1204,1204,1204,1204,894,894,894,827,827,735,735,1325,1325,1325,1315,1315,1315,1356,1356,1356,1356,1325,1325,1325,1433,1433,1756,1756,2176,2176,2176,1326,1326,1326,1326,635,635,635,635,1016,1016,1016,1299,1299,1197,1197,1197,1220,1220,1220,1220,893,893,893,893,986,986,986,986,986,678,678,808,808,773,773,773,372,372,372,372,345,345,345,345,318,318,824,824,1104,1104,1104,671,671,671,671,466,466,466,466,511,511,874,874,976,976,1223,1223,1223,807,807,807,807,523,523,523,473,473,1098,1098,1737,1737,1737,1150,1150,1150,975,975,975,850,850,850,850,571,571,571,571,428,428,349,349,389,389,389,785,785,785,550,550,550,636,636,658,658,629,629,629,859,859,859,737,737,737,737,656,656,656,656,428,428,527,527,696,696,555,555,555,361,361,361,483,483,483,483,725,725,725,681,681,967,967,850,850,850,-256,-256,-256,-256,305,305,305,405,405,888,888,924,924,924,738,738,738,669,669,669,669,595,595,595,529,529,529,838,838,838,772,772,772,1179,1179,1179,1179,894,894,894,901,901,1253,1253,1370,1370,1370,876,876,876,876,881,881,881,881,493,493,493,464,464,581,581,1131,1131,1131,934,934,934,934,436,436,436,436,537,537,762,889,889,580,580,580,598,598,598,675,675,675,1190,1190,1424,2053,2053,1965,1965,1965,1404,1404,1404,263,263,263,263,1342,1342,1342,1342,1342,3132,3132,3132,2887,2887,2887,1062,1062,1062,1062,665,665,665,571,571,571,922,922,1431,1431,906,906,906,938,938,938,755,755,755,1029,1029,955,955,1082,1082,1011,1011,993,993,771,771,686,686,800,800,883,883,883,1058,1058,1058,783,783,783,783,1167,1167,1167,1050,1050,1386,1386,1262,1262,735,735,735,-97,-97,-97,31,31,707,707,1911,1911,4917,4917,4917,6788,6788,6788,6788,6947,6947,6947,8468,9849,5080,5080,1966,1966,925,925,640,640,766,766,1034,1034,1212,1212,885,885,885,764,764,764,390,390,390,903,903,903,986,986,948,1011,1212,1212,1273,1628,1628,1302,1302,1317,1317,1317,1390,1390,1390,1519,1519,1723,1723,1826,1826,1406,1406
19,-0.6579999999999999183,1539,1392,1321,1321,1124,1124,1057,1057,1079,1079,864,864,864,851,851,718,718,444,444,528,528,528,522,522,522,756,756,917,917,999,999,1101,1101,1101,1361,1361,1361,1588,1588,1588,1681,1681,1416,1416,1142,1142,1142,868,868,868,852,852,852,852,819,819,819,819,813,813,1043,1043,1186,1186,1186,1248,1248,1248,1248,897,897,897,897,937,937,1234,1234,1202,1202,521,521,521,481,481,481,479,479,479,479,518,518,738,738,574,574,574,740,740,740,644,644,644,644,413,413,435,435,440,440,900,900,900,570,570,570,640,640,640,834,834,255,255,73,73,73,926,926,926,926,953,953,953,953,943,943,943,1302,1302,1308,1308,768,768,768,1124,1124,1124,1124,968,968,968,978,978,675,675,1106,1106,1106,1360,1360,1360,1877,1877,1877,1877,1773,1773,1773,1781,1781,1642,1642,1721,1721,1721,1527,1527,1527,1527,1170,1170,1170,1170,1334,1334,1334,1863,1863,1079,1079,1079,1112,1112,1112,1112,968,968,968,968,1225,1225,1225,1225,1225,1029,1029,639,639,696,696,696,295,295,295,295,454,454,454,454,433,433,-197,-197,486,486,486,767,767,767,767,603,603,603,603,839,839,878,878,673,673,735,735,735,852,852,852,852,725,725,725,578,578,1268,1268,1616,1616,1616,1165,1165,1165,1139,1139,1139,811,811,811,811,657,657,657,657,399,399,117,117,279,279,279,943,943,943,1063,1063,1063,1232,1232,1161,1161,542,542,542,920,920,920,765,765,765,765,726,726,726,726,683,683,431,431,410,410,351,351,351,367,367,367,555,555,555,555,921,921,921,759,759,516,516,386,386,386,221,221,221,221,388,388,388,685,685,1129,1129,1031,1031,1031,818,818,818,931,931,931,931,906,906,906,665,665,665,979,979,979,743,743,743,1170,1170,1170,1170,729,729,729,724,724,1364,1364,1443,1443,1443,854,854,854,854,907,907,907,907,813,813,813,495,495,560,560,780,780,780,415,415,415,415,577,577,577,577,373,373,360,51,51,15,15,15,455,455,455,724,724,724,1145,1145,1191,647,647,-1017,-1017,-1017,18,18,18,411,411,411,411,861,861,861,861,861,3907,3907,3907,3058,3058,3058,539,539,539,539,456,456,456,949,949,949,943,943,879,879,359,359,359,1025,1025,1025,869,869,869,722,722,723,723,1110,1110,1347,1347,1246,1246,988,988,759,759,853,853,979,979,979,1036,1036,1036,1115,1115,1115,1115,1433,1433,1433,1219,1219,1030,1030,759,759,393,393,393,-348,-348,-348,105,105,962,962,1971,1971,3080,3080,3080,4525,4525,4525,4525,7150,7150,7150,9191,8008,1614,1614,987,987,687,687,645,645,846,846,1064,1064,1234,1234,899,899,899,951,951,951,667,667,667,913,913,913,1115,1115,1228,1374,1330,1330,1303,1378,1378,1266,1266,1312,1312,1312,1269,1269,1269,1379,1379,1476,1476,1164,1164,1476,1476
20,-0.4579999999999998517,1632,427,703,703,1017,1017,1039,1039,1156,1156,1070,1070,1070,746,746,654,654,-89,-89,168,168,168,645,645,645,1031,1031,1323,1323,1375,1375,1009,1009,1009,1527,1527,1527,1673,1673,1673,1618,1618,1687,1687,885,885,885,628,628,628,1100,1100,1100,1100,1236,1236,1236,1236,1289,1289,1023,1023,520,520,520,1449,1449,1449,1449,902,902,902,902,1045,1045,1047,1047,576,576,189,189,189,-537,-537,-537,-108,-108,-108,-108,181,181,-122,-122,-1312,-1312,-1312,-331,-331,-331,550,550,550,550,493,493,14,14,-893,-893,-32,-32,-32,509,509,509,560,560,560,1064,1064,345,345,-330,-330,-330,857,857,857,857,1557,1557,1557,1557,1756,1756,1756,1540,1540,530,530,-484,-484,-484,643,643,643,643,878,878,878,895,895,651,651,518,518,518,888,888,888,1992,1992,1992,1992,1841,1841,1841,1525,1525,1051,1051,431,431,431,1480,1480,1480,1480,1767,1767,1767,1767,1966,1966,1966,2012,2012,412,412,412,213,213,213,213,549,549,549,549,1400,1400,1400,1400,1400,691,691,-16,-16,15,15,15,27,27,27,27,571,571,571,571,221,221,-1833,-1833,-1043,-1043,-1043,175,175,175,175,745,745,745,745,1055,1055,597,597,-430,-430,-561,-561,-561,686,686,686,686,797,797,797,815,815,833,833,342,342,342,173,173,173,443,443,443,246,246,246,246,227,227,227,227,401,401,47,47,429,429,429,927,927,927,1322,1322,1322,1589,1589,872,872,-377,-377,-377,233,233,233,-24,-24,-24,-24,210,210,210,210,469,469,141,141,-368,-368,-151,-151,-151,298,298,298,233,233,233,233,569,569,569,91,91,-888,-888,-1127,-1127,-1127,602,602,602,602,389,389,389,856,856,1131,1131,1150,1150,1150,609,609,609,1107,1107,1107,1107,1079,1079,1079,939,939,939,730,730,730,391,391,391,960,960,960,960,454,454,454,269,269,768,768,256,256,256,518,518,518,518,631,631,631,631,657,657,657,548,548,814,814,-338,-338,-338,-655,-655,-655,-655,668,668,668,668,169,169,-543,-664,-664,-207,-207,-207,759,759,759,652,652,652,942,942,307,-1524,-1524,-4025,-4025,-4025,-1453,-1453,-1453,1046,1046,1046,1046,423,423,423,423,423,4062,4062,4062,2514,2514,2514,77,77,77,77,437,437,437,1213,1213,1213,1182,1182,-15,-15,-146,-146,-146,954,954,954,1199,1199,1199,625,625,833,833,1206,1206,1549,1549,1913,1913,1447,1447,1085,1085,1052,1052,1385,1385,1385,1174,1174,1174,1701,1701,1701,1701,1489,1489,1489,1057,1057,276,276,25,25,281,281,281,-34,-34,-34,661,661,1143,1143,1322,1322,66,66,66,463,463,463,463,5951,5951,5951,6192,3393,-2412,-2412,-48,-48,346,346,1040,1040,1062,1062,815,815,974,974,713,713,713,1010,1010,1010,1156,1156,1156,1191,1191,1191,1091,1091,988,1012,1466,1466,1442,999,999,973,973,1669,1669,1669,1300,1300,1300,1044,1044,285,285,271,271,1443,1443
21,-0.2579999999999998406,1507,-237,407,407,580,580,932,932,717,717,1331,1331,1331,788,788,776,776,-440,-440,-52,-52,-52,906,906,906,1193,1193,1297,1297,1184,1184,591,591,591,1505,1505,1505,1649,1649,1649,1360,1360,1157,1157,79,79,79,-136,-136,-136,763,763,763,763,1471,1471,1471,1471,1733,1733,837,837,-433,-433,-433,1380,1380,1380,1380,549,549,549,549,668,668,753,753,122,122,28,28,28,-959,-959,-959,-269,-269,-269,-269,-86,-86,-672,-672,-2675,-2675,-2675,-1348,-1348,-1348,66,66,66,66,276,276,-161,-161,-1521,-1521,-830,-830,-830,-41,-41,-41,589,589,589,1205,1205,428,428,-591,-591,-591,713,713,713,713,1711,1711,1711,1711,1899,1899,1899,1584,1584,-365,-365,-1652,-1652,-1652,119,119,119,119,564,564,564,580,580,300,300,-216,-216,-216,230,230,230,1832,1832,1832,1832,1703,1703,1703,1103,1103,478,478,-358,-358,-358,1388,1388,1388,1388,2446,2446,2446,2446,2683,2683,2683,2158,2158,4,4,4,-301,-301,-301,-301,363,363,363,363,1645,1645,1645,1645,1645,498,498,-242,-242,-379,-379,-379,255,255,255,255,897,897,897,897,215,215,-2277,-2277,-1512,-1512,-1512,-55,-55,-55,-55,1326,1326,1326,1326,1626,1626,942,942,-920,-920,-1490,-1490,-1490,768,768,768,768,1026,1026,1026,1173,1173,960,960,-380,-380,-380,-744,-744,-744,-291,-291,-291,-199,-199,-199,-199,46,46,46,46,516,516,537,537,1041,1041,1041,1074,1074,1074,1594,1594,1594,1756,1756,545,545,-1018,-1018,-1018,-491,-491,-491,-344,-344,-344,-344,-209,-209,-209,-209,328,328,16,16,-991,-991,-617,-617,-617,121,121,121,-227,-227,-227,-227,-1022,-1022,-1022,-1337,-1337,-2273,-2273,-2134,-2134,-2134,895,895,895,895,925,925,925,988,988,1053,1053,1189,1189,1189,178,178,178,1442,1442,1442,1442,1171,1171,1171,1269,1269,1269,274,274,274,-74,-74,-74,916,916,916,916,537,537,537,239,239,556,556,-411,-411,-411,33,33,33,33,298,298,298,298,151,151,151,328,328,986,986,-925,-925,-925,-773,-773,-773,-773,855,855,855,855,-241,-241,-1563,-1509,-1509,178,178,178,1646,1646,1646,937,937,937,630,630,-439,-2562,-2562,-3915,-3915,-3915,-1082,-1082,-1082,2039,2039,2039,2039,674,674,674,674,674,3217,3217,3217,1564,1564,1564,-185,-185,-185,-185,647,647,647,1827,1827,1827,1689,1689,-173,-173,-208,-208,-208,708,708,708,1414,1414,1414,787,787,1135,1135,1535,1535,1347,1347,2016,2016,1682,1682,1192,1192,1322,1322,1458,1458,1458,1383,1383,1383,2133,2133,2133,2133,1690,1690,1690,1135,1135,-173,-173,-304,-304,1002,1002,1002,871,871,871,1625,1625,1675,1675,601,601,-3393,-3393,-3393,-4430,-4430,-4430,-4430,4313,4313,4313,2021,-2331,-5075,-5075,-377,-377,189,189,1243,1243,1027,1027,405,405,620,620,395,395,395,702,702,702,1529,1529,1529,1636,1636,1636,1267,1267,1005,723,1661,1661,1598,1133,1133,1005,1005,2083,2083,2083,1280,1280,1280,1140,1140,-85,-85,-127,-127,1537,1537
22,-0.05799999999999982947,2022,737,1160,1160,1025,1025,1109,1109,1185,1185,2303,2303,2303,1937,1937,1791,1791,601,601,1041,1041,1041,2365,2365,2365,2488,2488,2564,2564,2107,2107,1688,1688,1688,2240,2240,2240,2364,2364,2364,2072,2072,1766,1766,369,369,369,554,554,554,1251,1251,1251,1251,2406,2406,2406,2406,3048,3048,1860,1860,708,708,708,2400,2400,2400,2400,1268,1268,1268,1268,1412,1412,1446,1446,869,869,789,789,789,25,25,25,901,901,901,901,905,905,231,231,-1477,-1477,-1477,-673,-673,-673,913,913,913,913,1131,1131,744,744,-447,-447,-249,-249,-249,480,480,480,1687,1687,1687,2683,2683,1770,1770,1100,1100,1100,2013,2013,2013,2013,2912,2912,2912,2912,3282,3282,3282,2830,2830,768,768,201,201,201,1154,1154,1154,1154,1686,1686,1686,1912,1912,1338,1338,552,552,552,1004,1004,1004,2480,2480,2480,2480,2677,2677,2677,2346,2346,1800,1800,1333,1333,1333,2827,2827,2827,2827,3983,3983,3983,3983,3945,3945,3945,3985,3985,1943,1943,1943,1659,1659,1659,1659,1836,1836,1836,1836,3012,3012,3012,3012,3012,2040,2040,1704,1704,778,778,778,1663,1663,1663,1663,2712,2712,2712,2712,2269,2269,243,243,553,553,553,1986,1986,1986,1986,3167,3167,3167,3167,3463,3463,2895,2895,911,911,698,698,698,2830,2830,2830,2830,2458,2458,2458,2798,2798,2820,2820,1825,1825,1825,763,763,763,595,595,595,1066,1066,1066,1066,2141,2141,2141,2141,2123,2123,2587,2587,3031,3031,3031,2661,2661,2661,2973,2973,2973,2688,2688,1482,1482,282,282,282,785,785,785,1607,1607,1607,1607,1586,1586,1586,1586,2012,2012,2134,2134,1122,1122,946,946,946,1484,1484,1484,957,957,957,957,-1073,-1073,-1073,-754,-754,-848,-848,-438,-438,-438,2765,2765,2765,2765,2846,2846,2846,2473,2473,2334,2334,2777,2777,2777,1415,1415,1415,2870,2870,2870,2870,2390,2390,2390,2957,2957,2957,1526,1526,1526,1389,1389,1389,2655,2655,2655,2655,2369,2369,2369,2170,2170,2700,2700,1063,1063,1063,1301,1301,1301,1301,1027,1027,1027,1027,925,925,925,1299,1299,2113,2113,938,938,938,790,790,790,790,2597,2597,2597,2597,1448,1448,170,-90,-90,2123,2123,2123,3951,3951,3951,3044,3044,3044,1673,1673,512,-133,-133,59,59,59,2366,2366,2366,4976,4976,4976,4976,3266,3266,3266,3266,3266,3104,3104,3104,2367,2367,2367,1607,1607,1607,1607,2123,2123,2123,3659,3659,3659,3183,3183,1813,1813,1717,1717,1717,2497,2497,2497,3181,3181,3181,2449,2449,2968,2968,3186,3186,3092,3092,3273,3273,2893,2893,2771,2771,2910,2910,3185,3185,3185,2577,2577,2577,3650,3650,3650,3650,3399,3399,3399,2869,2869,1314,1314,1289,1289,2895,2895,2895,3404,3404,3404,3621,3621,3789,3789,1700,1700,-2638,-2638,-2638,-4067,-4067,-4067,-4067,4323,4323,4323,1208,-4163,-4399,-4399,1046,1046,2560,2560,2396,2396,2095,2095,1437,1437,1778,1778,1841,1841,1841,2015,2015,2015,2992,2992,2992,2975,2975,2975,2936,2936,2548,2055,3317,3317,2959,2381,2381,2816,2816,3471,3471,3471,2290,2290,2290,2212,2212,1701,1701,1606,1606,2697,2697
23,0.1420000000000001816,3314,2867,2738,2738,2707,2707,2372,2372,2855,2855,3909,3909,3909,4046,4046,4006,4006,3582,3582,3719,3719,3719,4784,4784,4784,4807,4807,4717,4717,4030,4030,4030,4030,4030,3801,3801,3801,3723,3723,3723,3329,3329,3272,3272,2357,2357,2357,2565,2565,2565,2914,2914,2914,2914,4110,4110,4110,4110,4824,4824,4292,4292,3329,3329,3329,4747,4747,4747,4747,3599,3599,3599,3599,3135,3135,3145,3145,2459,2459,2645,2645,2645,2159,2159,2159,2482,2482,2482,2482,2642,2642,1997,1997,1911,1911,1911,2080,2080,2080,3072,3072,3072,3072,3184,3184,2659,2659,1845,1845,1763,1763,1763,2617,2617,2617,3881,3881,3881,4953,4953,4838,4838,4245,4245,4245,4388,4388,4388,4388,4661,4661,4661,4661,5144,5144,5144,4837,4837,3629,3629,3641,3641,3641,3326,3326,3326,3326,3923,3923,3923,4361,4361,4126,4126,2704,2704,2704,3037,3037,3037,3641,3641,3641,3641,4384,4384,4384,4468,4468,4131,4131,4990,4990,4990,5762,5762,5762,5762,6189,6189,6189,6189,6184,6184,6184,6484,6484,5471,5471,5471,5168,5168,5168,5168,4931,4931,4931,4931,5099,5099,5099,5099,5099,4853,4853,4592,4592,3283,3283,3283,4354,4354,4354,4354,5370,5370,5370,5370,5124,5124,4457,4457,4037,4037,4037,5277,5277,5277,5277,6065,6065,6065,6065,6490,6490,5958,5958,4082,4082,4750,4750,4750,5579,5579,5579,5579,5139,5139,5139,4948,4948,5499,5499,4976,4976,4976,4192,4192,4192,3479,3479,3479,3966,3966,3966,3966,4965,4965,4965,4965,5068,5068,5831,5831,6010,6010,6010,4983,4983,4983,5147,5147,5147,4731,4731,3658,3658,2853,2853,2853,3478,3478,3478,4485,4485,4485,4485,4428,4428,4428,4428,4645,4645,4865,4865,4577,4577,3754,3754,3754,3940,3940,3940,3321,3321,3321,3321,231,231,231,1337,1337,3229,3229,3574,3574,3574,5378,5378,5378,5378,5589,5589,5589,5146,5146,4649,4649,5426,5426,5426,4074,4074,4074,5235,5235,5235,5235,4701,4701,4701,5667,5667,5667,4228,4228,4228,4310,4310,4310,5234,5234,5234,5234,4960,4960,4960,5447,5447,5562,5562,4348,4348,4348,3983,3983,3983,3983,3026,3026,3026,3026,3360,3360,3360,4019,4019,4667,4667,3951,3951,3951,3564,3564,3564,3564,5276,5276,5276,5276,4692,4692,3986,3481,3481,5369,5369,5369,6598,6598,6598,5815,5815,5815,4361,4361,3715,4386,4386,5543,5543,5543,7442,7442,7442,9196,9196,9196,9196,6385,6385,6385,6385,6385,4273,4273,4273,4311,4311,4311,4763,4763,4763,4763,4939,4939,4939,6172,6172,6172,5664,5664,4577,4577,5509,5509,5509,5900,5900,5900,6294,6294,6294,5519,5519,5730,5730,5952,5952,6414,6414,6180,6180,5424,5424,5567,5567,6173,6173,6397,6397,6397,5099,5099,5099,6246,6246,6246,6246,6027,6027,6027,5589,5589,4444,4444,3945,3945,5990,5990,5990,6829,6829,6829,6105,6105,5893,5893,4433,4433,1497,1497,1497,221,221,221,221,4367,4367,4367,-32,-4343,-2913,-2913,4092,4092,5650,5650,5283,5283,4421,4421,4331,4331,4784,4784,4962,4962,4962,4605,4605,4605,5176,5176,5176,5681,5681,5681,5847,5847,5344,4717,5731,5731,5151,4824,4824,5254,5254,6057,6057,6057,4799,4799,4799,4612,4612,5036,5036,4797,4797,5303,5303
24,0.3420000000000001927,4503,3307,3049,3049,3115,3115,3133,3133,3476,3476,4785,4785,4785,4998,4998,5433,5433,5954,5954,5618,5618,5618,6237,6237,6237,5906,5906,5433,5433,4837,4837,5220,5220,5220,4745,4745,4745,4290,4290,4290,3919,3919,3419,3419,3447,3447,3447,3677,3677,3677,4091,4091,4091,4091,5796,5796,5796,5796,6884,6884,6485,6485,5667,5667,5667,6209,6209,6209,6209,5425,5425,5425,5425,4782,4782,4347,4347,4005,4005,3949,3949,3949,4324,4324,4324,3345,3345,3345,3345,3312,3312,3071,3071,4507,4507,4507,4563,4563,4563,4146,4146,4146,4146,4035,4035,3747,3747,3350,3350,3134,3134,3134,4166,4166,4166,4747,4747,4747,5627,5627,6094,6094,5876,5876,5876,5579,5579,5579,5579,5655,5655,5655,5655,5762,5762,5762,5386,5386,5251,5251,5947,5947,5947,5461,5461,5461,5461,5585,5585,5585,5479,5479,5562,5562,4357,4357,4357,4453,4453,4453,3984,3984,3984,3984,4696,4696,4696,4942,4942,5266,5266,6742,6742,6742,7574,7574,7574,7574,7505,7505,7505,7505,7863,7863,7863,7805,7805,8449,8449,8449,8239,8239,8239,8239,8139,8139,8139,8139,7627,7627,7627,7627,7627,7658,7658,7482,7482,6656,6656,6656,7412,7412,7412,7412,8301,8301,8301,8301,8003,8003,8358,8358,7977,7977,7977,7795,7795,7795,7795,8992,8992,8992,8992,9009,9009,8377,8377,7643,7643,8634,8634,8634,8422,8422,8422,8422,7670,7670,7670,7405,7405,8063,8063,8561,8561,8561,7729,7729,7729,7093,7093,7093,7185,7185,7185,7185,8191,8191,8191,8191,8011,8011,8098,8098,8008,8008,8008,7557,7557,7557,7170,7170,7170,7041,7041,6466,6466,6222,6222,6222,7289,7289,7289,8030,8030,8030,8030,7376,7376,7376,7376,7631,7631,8004,8004,7953,7953,6729,6729,6729,6738,6738,6738,5895,5895,5895,5895,1717,1717,1717,3839,3839,7055,7055,7819,7819,7819,7647,7647,7647,7647,8182,8182,8182,7649,7649,7505,7505,8221,8221,8221,6858,6858,6858,7849,7849,7849,7849,7487,7487,7487,8236,8236,8236,7106,7106,7106,7420,7420,7420,8300,8300,8300,8300,8069,8069,8069,8342,8342,8489,8489,7377,7377,7377,6743,6743,6743,6743,6071,6071,6071,6071,6249,6249,6249,6927,6927,7906,7906,6967,6967,6967,7134,7134,7134,7134,8224,8224,8224,8224,7763,7763,7444,7175,7175,8153,8153,8153,9307,9307,9307,8685,8685,8685,7087,7087,6867,7384,7384,8851,8851,8851,10272,10272,10272,10933,10933,10933,10933,8760,8760,8760,8760,8760,4869,4869,4869,6021,6021,6021,7676,7676,7676,7676,7451,7451,7451,8102,8102,8102,8179,8179,6252,6252,7524,7524,7524,7880,7880,7880,8198,8198,8198,7135,7135,7323,7323,7776,7776,8111,8111,8182,8182,7595,7595,7852,7852,8545,8545,8616,8616,8616,7284,7284,7284,8015,8015,8015,8015,8461,8461,8461,7844,7844,7120,7120,7161,7161,8946,8946,8946,9619,9619,9619,8857,8857,7857,7857,7099,7099,4933,4933,4933,3276,3276,3276,3276,906,906,906,-3555,-6270,-2083,-2083,6629,6629,7766,7766,7118,7118,6741,6741,7050,7050,7367,7367,7152,7152,7152,6757,6757,6757,7454,7454,7454,8291,8291,8291,8187,8187,7853,7440,7448,7448,6765,6421,6421,7291,7291,7574,7574,7574,7197,7197,7197,6895,6895,6558,6558,7087,7087,7080,7080
25,0.5420000000000001483,3237,982,768,768,1054,1054,1366,1366,1550,1550,3030,3030,3030,3507,3507,4033,4033,4867,4867,4505,4505,4505,5036,5036,5036,4516,4516,3492,3492,2692,2692,3632,3632,3632,3050,3050,3050,2586,2586,2586,2228,2228,1084,1084,1371,1371,1371,2069,2069,2069,3161,3161,3161,3161,5494,5494,5494,5494,6543,6543,6144,6144,5714,5714,5714,5333,5333,5333,5333,4820,4820,4820,4820,3784,3784,3199,3199,2578,2578,2280,2280,2280,3389,3389,3389,2313,2313,2313,2313,2159,2159,2427,2427,3735,3735,3735,3468,3468,3468,3038,3038,3038,3038,2638,2638,2334,2334,2465,2465,1702,1702,1702,2619,2619,2619,2576,2576,2576,3049,3049,3606,3606,4150,4150,4150,4024,4024,4024,4024,4267,4267,4267,4267,4149,4149,4149,3802,3802,4255,4255,4318,4318,4318,5012,5012,5012,5012,4628,4628,4628,4173,4173,4260,4260,3011,3011,3011,2591,2591,2591,2139,2139,2139,2139,2326,2326,2326,2583,2583,2923,2923,3896,3896,3896,5785,5785,5785,5785,6017,6017,6017,6017,6398,6398,6398,6948,6948,8123,8123,8123,8501,8501,8501,8501,8796,8796,8796,8796,8860,8860,8860,8860,8860,9109,9109,9217,9217,8491,8491,8491,9359,9359,9359,9359,10139,10139,10139,10139,9726,9726,9189,9189,8368,8368,8368,8100,8100,8100,8100,9447,9447,9447,9447,9167,9167,9088,9088,8481,8481,9221,9221,9221,9273,9273,9273,9273,8634,8634,8634,7890,7890,8824,8824,10025,10025,10025,9788,9788,9788,9172,9172,9172,9071,9071,9071,9071,9689,9689,9689,9689,9086,9086,8189,8189,8132,8132,8132,8370,8370,8370,8520,8520,8520,8633,8633,8443,8443,8195,8195,8195,8859,8859,8859,9768,9768,9768,9768,8852,8852,8852,8852,9200,9200,9545,9545,9195,9195,8062,8062,8062,8506,8506,8506,8059,8059,8059,8059,3596,3596,3596,6417,6417,8324,8324,9061,9061,9061,8557,8557,8557,8557,9403,9403,9403,8802,8802,9314,9314,9471,9471,9471,8354,8354,8354,9099,9099,9099,9099,8977,8977,8977,9508,9508,9508,8302,8302,8302,8405,8405,8405,8783,8783,8783,8783,8568,8568,8568,8767,8767,8991,8991,8462,8462,8462,8029,8029,8029,8029,8486,8486,8486,8486,8572,8572,8572,8737,8737,9051,9051,6927,6927,6927,8276,8276,8276,8276,10035,10035,10035,10035,9307,9307,8613,7870,7870,8844,8844,8844,9742,9742,9742,9460,9460,9460,8159,8159,7241,5635,5635,6324,6324,6324,7249,7249,7249,8619,8619,8619,8619,8182,8182,8182,8182,8182,4039,4039,4039,5681,5681,5681,7949,7949,7949,7949,7767,7767,7767,7425,7425,7425,7371,7371,5392,5392,6140,6140,6140,6689,6689,6689,7711,7711,7711,6219,6219,6095,6095,6975,6975,7196,7196,7369,7369,7314,7314,7944,7944,8338,8338,7803,7803,7803,6956,6956,6956,7147,7147,7147,7147,8875,8875,8875,8228,8228,7143,7143,6984,6984,9399,9399,9399,10352,10352,10352,9394,9394,7750,7750,6601,6601,5633,5633,5633,3290,3290,3290,3290,-3763,-3763,-3763,-6903,-9405,-1970,-1970,5731,5731,6830,6830,6338,6338,6650,6650,8006,8006,7284,7284,7366,7366,7366,6710,6710,6710,7390,7390,7390,8751,8751,8751,8524,8524,7883,7393,6565,6565,5318,5291,5291,6668,6668,5513,5513,5513,6465,6465,6465,6440,6440,4969,4969,4784,4784,5514,5514
26,0.7420000000000002149,49,-2890,-3303,-3303,-2990,-2990,-2620,-2620,-2325,-2325,-1205,-1205,-1205,-1058,-1058,-135,-135,-14,-14,-331,-331,-331,751,751,751,187,187,-979,-979,-1267,-1267,-740,-740,-740,-1322,-1322,-1322,-2294,-2294,-2294,-2182,-2182,-2875,-2875,-2460,-2460,-2460,-2014,-2014,-2014,194,194,194,194,2747,2747,2747,2747,2518,2518,2139,2139,2043,2043,2043,798,798,798,798,1118,1118,1118,1118,84,84,-911,-911,-2063,-2063,-1608,-1608,-1608,-1109,-1109,-1109,-1370,-1370,-1370,-1370,-1095,-1095,-511,-511,191,191,191,-182,-182,-182,-153,-153,-153,-153,-855,-855,-926,-926,-1097,-1097,-1828,-1828,-1828,-974,-974,-974,-2056,-2056,-2056,-1889,-1889,-1287,-1287,-774,-774,-774,-721,-721,-721,-721,492,492,492,492,100,100,100,48,48,648,648,28,28,28,1733,1733,1733,1733,1060,1060,1060,-262,-262,-210,-210,-1373,-1373,-1373,-2250,-2250,-2250,-2865,-2865,-2865,-2865,-3108,-3108,-3108,-2682,-2682,-2538,-2538,-3772,-3772,-3772,-145,-145,-145,-145,758,758,758,758,1368,1368,1368,2080,2080,3633,3633,3633,3932,3932,3932,3932,5426,5426,5426,5426,7300,7300,7300,7300,7300,7512,7512,8480,8480,7209,7209,7209,8896,8896,8896,8896,9619,9619,9619,9619,8339,8339,6080,6080,4719,4719,4719,4301,4301,4301,4301,6371,6371,6371,6371,5144,5144,6465,6465,5136,5136,5427,5427,5427,7011,7011,7011,7011,6443,6443,6443,5703,5703,5538,5538,7311,7311,7311,8265,8265,8265,7773,7773,7773,8185,8185,8185,8185,8553,8553,8553,8553,7257,7257,4775,4775,5241,5241,5241,6193,6193,6193,6986,6986,6986,7662,7662,7426,7426,7715,7715,7715,6687,6687,6687,8348,8348,8348,8348,7241,7241,7241,7241,7655,7655,8690,8690,7113,7113,7175,7175,7175,8690,8690,8690,8994,8994,8994,8994,5677,5677,5677,8099,8099,6051,6051,6643,6643,6643,5625,5625,5625,5625,7494,7494,7494,7102,7102,8350,8350,7453,7453,7453,7016,7016,7016,6748,6748,6748,6748,7939,7939,7939,7518,7518,7518,6401,6401,6401,6043,6043,6043,5850,5850,5850,5850,5785,5785,5785,4870,4870,5068,5068,5542,5542,5542,6319,6319,6319,6319,8829,8829,8829,8829,8804,8804,8804,7807,7807,6456,6456,3246,3246,3246,5565,5565,5565,5565,9243,9243,9243,9243,8276,8276,6786,6059,6059,6329,6329,6329,6532,6532,6532,6293,6293,6293,5599,5599,3264,-1160,-1160,-433,-433,-433,-571,-571,-571,2212,2212,2212,2212,4466,4466,4466,4466,4466,1109,1109,1109,1641,1641,1641,5063,5063,5063,5063,4667,4667,4667,2969,2969,2969,1999,1999,718,718,951,951,951,1486,1486,1486,3988,3988,3988,2527,2527,2224,2224,2200,2200,2171,2171,2854,2854,3773,3773,5066,5066,4209,4209,2830,2830,2830,3242,3242,3242,2590,2590,2590,2590,5650,5650,5650,5629,5629,3239,3239,3184,3184,6027,6027,6027,8276,8276,8276,6513,6513,4179,4179,2156,2156,3068,3068,3068,884,884,884,884,-9954,-9954,-9954,-12285,-13164,-3470,-3470,1764,1764,2412,2412,2343,2343,3572,3572,4547,4547,3743,3743,4508,4508,4508,3919,3919,3919,4225,4225,4225,5663,5663,5663,4418,4418,4023,3428,2500,2500,1063,1281,1281,2375,2375,-72,-72,-72,2626,2626,2626,2259,2259,-663,-663,-1427,-1427,-14,-14
27,0.9420000000000001705,-4077,-6201,-6970,-6970,-7112,-7112,-6137,-6137,-6659,-6659,-6396,-6396,-6396,-6660,-6660,-5690,-5690,-6156,-6156,-5745,-5745,-5745,-5474,-5474,-5474,-4981,-4981,-6435,-6435,-6673,-6673,-6316,-6316,-6316,-6811,-6811,-6811,-7894,-7894,-7894,-7579,-7579,-7174,-7174,-6726,-6726,-6726,-6073,-6073,-6073,-4104,-4104,-4104,-4104,-2498,-2498,-2498,-2498,-3899,-3899,-4224,-4224,-4039,-4039,-4039,-5868,-5868,-5868,-5868,-3773,-3773,-3773,-3773,-4883,-4883,-6220,-6220,-7372,-7372,-5557,-5557,-5557,-5391,-5391,-5391,-5178,-5178,-5178,-5178,-5045,-5045,-4057,-4057,-4204,-4204,-4204,-4507,-4507,-4507,-4692,-4692,-4692,-4692,-4859,-4859,-4486,-4486,-5127,-5127,-5599,-5599,-5599,-5254,-5254,-5254,-7190,-7190,-7190,-8358,-8358,-7101,-7101,-6407,-6407,-6407,-7155,-7155,-7155,-7155,-5154,-5154,-5154,-5154,-5902,-5902,-5902,-4996,-4996,-4691,-4691,-6030,-6030,-6030,-3354,-3354,-3354,-3354,-5139,-5139,-5139,-6018,-6018,-5545,-5545,-6296,-6296,-6296,-7521,-7521,-7521,-8585,-8585,-8585,-8585,-9429,-9429,-9429,-9187,-9187,-8968,-8968,-11116,-11116,-11116,-7822,-7822,-7822,-7822,-6426,-6426,-6426,-6426,-5340,-5340,-5340,-5684,-5684,-4506,-4506,-4506,-2579,-2579,-2579,-2579,-413,-413,-413,-413,2121,2121,2121,2121,2121,2186,2186,4945,4945,3426,3426,3426,5791,5791,5791,5791,5719,5719,5719,5719,3605,3605,757,757,-2212,-2212,-2212,-1622,-1622,-1622,-1622,-765,-765,-765,-765,-1791,-1791,393,393,-328,-328,-727,-727,-727,795,795,795,795,2116,2116,2116,842,842,-662,-662,862,862,862,4049,4049,4049,3319,3319,3319,4290,4290,4290,4290,3766,3766,3766,3766,2573,2573,-621,-621,-448,-448,-448,983,983,983,2367,2367,2367,3374,3374,3366,3366,4175,4175,4175,1334,1334,1334,3809,3809,3809,3809,2555,2555,2555,2555,2646,2646,3921,3921,1506,1506,3376,3376,3376,6088,6088,6088,7237,7237,7237,7237,6638,6638,6638,7498,7498,1428,1428,2511,2511,2511,644,644,644,644,2715,2715,2715,2414,2414,3961,3961,1943,1943,1943,2114,2114,2114,1672,1672,1672,1672,3848,3848,3848,1696,1696,1696,1169,1169,1169,1598,1598,1598,-1263,-1263,-1263,-1263,483,483,483,-1300,-1300,-1843,-1843,173,173,173,1589,1589,1589,1589,6555,6555,6555,6555,5753,5753,5753,3912,3912,130,130,-2730,-2730,-2730,566,566,566,566,4214,4214,4214,4214,4344,4344,2357,1140,1140,1019,1019,1019,-696,-696,-696,-1020,-1020,-1020,-84,-84,-3450,-9057,-9057,-7268,-7268,-7268,-9151,-9151,-9151,-6270,-6270,-6270,-6270,-1671,-1671,-1671,-1671,-1671,-3872,-3872,-3872,-4699,-4699,-4699,-979,-979,-979,-979,-1418,-1418,-1418,-4772,-4772,-4772,-5651,-5651,-5079,-5079,-5725,-5725,-5725,-5755,-5755,-5755,-3188,-3188,-3188,-2778,-2778,-4493,-4493,-4051,-4051,-5575,-5575,-4218,-4218,-1923,-1923,-768,-768,-2862,-2862,-4040,-4040,-4040,-2857,-2857,-2857,-4877,-4877,-4877,-4877,-1748,-1748,-1748,-666,-666,-2550,-2550,-2779,-2779,132,132,132,3225,3225,3225,679,679,-2891,-2891,-5010,-5010,-3590,-3590,-3590,-5025,-5025,-5025,-5025,-16545,-16545,-16545,-18019,-17252,-7532,-7532,-4962,-4962,-4856,-4856,-3489,-3489,-2569,-2569,-1513,-1513,-3391,-3391,-1348,-1348,-1348,-1915,-1915,-1915,-1889,-1889,-1889,-449,-449,-449,-2825,-2825,-2986,-3220,-4130,-4130,-5984,-4609,-4609,-4852,-4852,-7936,-7936,-7936,-3880,-3880,-3880,-3970,-3970,-7324,-7324,-8079,-8079,-6581,-6581
28,1.142000000000000126,-8522,-9041,-10553,-10553,-10354,-10354,-9662,-9662,-10904,-10904,-11612,-11612,-11612,-12117,-12117,-11239,-11239,-11864,-11864,-11792,-11792,-11792,-11959,-11959,-11959,-11800,-11800,-12429,-12429,-12277,-12277,-12012,-12012,-12012,-12615,-12615,-12615,-13071,-13071,-13071,-12432,-12432,-11482,-11482,-10584,-10584,-10584,-9717,-9717,-9717,-8763,-8763,-8763,-8763,-9628,-9628,-9628,-9628,-11939,-11939,-11468,-11468,-10080,-10080,-10080,-13071,-13071,-13071,-13071,-9697,-9697,-9697,-9697,-10351,-10351,-11457,-11457,-11454,-11454,-8733,-8733,-8733,-8733,-8733,-8733,-8401,-8401,-8401,-8401,-8081,-8081,-6417,-6417,-6498,-6498,-6498,-7739,-7739,-7739,-8549,-8549,-8549,-8549,-8673,-8673,-8339,-8339,-8275,-8275,-8916,-8916,-8916,-9898,-9898,-9898,-12175,-12175,-12175,-14555,-14555,-13411,-13411,-11684,-11684,-11684,-12541,-12541,-12541,-12541,-11396,-11396,-11396,-11396,-12246,-12246,-12246,-11706,-11706,-10887,-10887,-10908,-10908,-10908,-9502,-9502,-9502,-9502,-11274,-11274,-11274,-12280,-12280,-12388,-12388,-10842,-10842,-10842,-12043,-12043,-12043,-13570,-13570,-13570,-13570,-15194,-15194,-15194,-14410,-14410,-14248,-14248,-16423,-16423,-16423,-15703,-15703,-15703,-15703,-14635,-14635,-14635,-14635,-13457,-13457,-13457,-14149,-14149,-12623,-12623,-12623,-10805,-10805,-10805,-10805,-8933,-8933,-8933,-8933,-5550,-5550,-5550,-5550,-5550,-5798,-5798,-3052,-3052,-3543,-3543,-3543,-1089,-1089,-1089,-1089,-2353,-2353,-2353,-2353,-3539,-3539,-5375,-5375,-8599,-8599,-8599,-8745,-8745,-8745,-8745,-9914,-9914,-9914,-9914,-11919,-11919,-8304,-8304,-7414,-7414,-8201,-8201,-8201,-7484,-7484,-7484,-7484,-6346,-6346,-6346,-6195,-6195,-9384,-9384,-8049,-8049,-8049,-4311,-4311,-4311,-4956,-4956,-4956,-3153,-3153,-3153,-3153,-4075,-4075,-4075,-4075,-5120,-5120,-8227,-8227,-8407,-8407,-8407,-6402,-6402,-6402,-6240,-6240,-6240,-5227,-5227,-3983,-3983,-1274,-1274,-1274,-5850,-5850,-5850,-3075,-3075,-3075,-3075,-4606,-4606,-4606,-4606,-4935,-4935,-3563,-3563,-6154,-6154,-3140,-3140,-3140,90,90,90,2182,2182,2182,2182,6659,6659,6659,4123,4123,-3944,-3944,-3064,-3064,-3064,-7697,-7697,-7697,-7697,-6130,-6130,-6130,-5519,-5519,-5125,-5125,-7426,-7426,-7426,-4943,-4943,-4943,-7555,-7555,-7555,-7555,-3517,-3517,-3517,-7740,-7740,-7740,-6522,-6522,-6522,-6477,-6477,-6477,-9939,-9939,-9939,-9939,-6601,-6601,-6601,-9230,-9230,-10514,-10514,-6993,-6993,-6993,-6003,-6003,-6003,-6003,72,72,72,72,-1429,-1429,-1429,-4059,-4059,-8104,-8104,-8851,-8851,-8851,-6069,-6069,-6069,-6069,-3285,-3285,-3285,-3285,-3250,-3250,-4439,-5014,-5014,-7676,-7676,-7676,-11179,-11179,-11179,-10669,-10669,-10669,-9088,-9088,-10906,-14232,-14232,-10917,-10917,-10917,-14716,-14716,-14716,-14609,-14609,-14609,-14609,-8767,-8767,-8767,-8767,-8767,-10636,-10636,-10636,-12989,-12989,-12989,-8768,-8768,-8768,-8768,-9369,-9369,-9369,-13016,-13016,-13016,-14354,-14354,-11138,-11138,-12880,-12880,-12880,-13517,-13517,-13517,-11231,-11231,-11231,-9890,-9890,-11761,-11761,-12401,-12401,-14425,-14425,-13240,-13240,-9864,-9864,-9022,-9022,-12310,-12310,-13643,-13643,-13643,-10011,-10011,-10011,-12967,-12967,-12967,-12967,-11795,-11795,-11795,-9332,-9332,-9528,-9528,-9006,-9006,-9017,-9017,-9017,-5919,-5919,-5919,-7083,-7083,-10352,-10352,-12528,-12528,-11505,-11505,-11505,-12367,-12367,-12367,-12367,-21432,-21432,-21432,-21588,-19568,-12209,-12209,-11859,-11859,-12985,-12985,-11413,-11413,-9881,-9881,-10265,-10265,-11594,-11594,-9196,-9196,-9196,-9127,-9127,-9127,-9865,-9865,-9865,-10054,-10054,-10054,-12129,-12129,-11228,-10999,-12435,-12435,-12901,-11055,-11055,-12696,-12696,-15137,-15137,-15137,-11979,-11979,-11979,-11350,-11350,-12967,-12967,-14016,-14016,-13971,-13971
29,1.342000000000000304,-11897,-8924,-10430,-10430,-9790,-9790,-10455,-10455,-11597,-11597,-14106,-14106,-14106,-14557,-14557,-14675,-14675,-14870,-14870,-15156,-15156,-15156,-16508,-16508,-16508,-16203,-16203,-15748,-15748,-14208,-14208,-14423,-14423,-14423,-15083,-15083,-15083,-14749,-14749,-14749,-14187,-14187,-11693,-11693,-10071,-10071,-10071,-9770,-9770,-9770,-11821,-11821,-11821,-11821,-15231,-15231,-15231,-15231,-17625,-17625,-16370,-16370,-14010,-14010,-14010,-17207,-17207,-17207,-17207,-13061,-13061,-13061,-13061,-13023,-13023,-13420,-13420,-11093,-11093,-8877,-8877,-8877,-8567,-8567,-8567,-8531,-8531,-8531,-8531,-8335,-8335,-6512,-6512,-5162,-5162,-5162,-7464,-7464,-7464,-9688,-9688,-9688,-9688,-9540,-9540,-9462,-9462,-8254,-8254,-8779,-8779,-8779,-11941,-11941,-11941,-13908,-13908,-13908,-17054,-17054,-15508,-15508,-12876,-12876,-12876,-15163,-15163,-15163,-15163,-15485,-15485,-15485,-15485,-16177,-16177,-16177,-15589,-15589,-14056,-14056,-11552,-11552,-11552,-13769,-13769,-13769,-13769,-15259,-15259,-15259,-15194,-15194,-15620,-15620,-11874,-11874,-11874,-12025,-12025,-12025,-15296,-15296,-15296,-15296,-16202,-16202,-16202,-15449,-15449,-15861,-15861,-16496,-16496,-16496,-19431,-19431,-19431,-19431,-19468,-19468,-19468,-19468,-18910,-18910,-18910,-19100,-19100,-17815,-17815,-17815,-16496,-16496,-16496,-16496,-15532,-15532,-15532,-15532,-13621,-13621,-13621,-13621,-13621,-13479,-13479,-10579,-10579,-9798,-9798,-9798,-9267,-9267,-9267,-9267,-10933,-10933,-10933,-10933,-11216,-11216,-10477,-10477,-14052,-14052,-14052,-14743,-14743,-14743,-14743,-17706,-17706,-17706,-17706,-18431,-18431,-16566,-16566,-13526,-13526,-14246,-14246,-14246,-15135,-15135,-15135,-15135,-13646,-13646,-13646,-13174,-13174,-16393,-16393,-15450,-15450,-15450,-11739,-11739,-11739,-12637,-12637,-12637,-10676,-10676,-10676,-10676,-12373,-12373,-12373,-12373,-13316,-13316,-14599,-14599,-15567,-15567,-15567,-14165,-14165,-14165,-14373,-14373,-14373,-14096,-14096,-11553,-11553,-7655,-7655,-7655,-12101,-12101,-12101,-10985,-10985,-10985,-10985,-11613,-11613,-11613,-11613,-12639,-12639,-12309,-12309,-13154,-13154,-9349,-9349,-9349,-8130,-8130,-8130,-4186,-4186,-4186,-4186,4854,4854,4854,-1673,-1673,-7996,-7996,-8034,-8034,-8034,-14674,-14674,-14674,-14674,-14009,-14009,-14009,-13014,-13014,-14552,-14552,-15633,-15633,-15633,-12355,-12355,-12355,-15593,-15593,-15593,-15593,-12344,-12344,-12344,-16527,-16527,-16527,-13415,-13415,-13415,-12538,-12538,-12538,-17059,-17059,-17059,-17059,-13404,-13404,-13404,-15956,-15956,-17552,-17552,-13091,-13091,-13091,-12441,-12441,-12441,-12441,-8235,-8235,-8235,-8235,-9850,-9850,-9850,-12051,-12051,-15604,-15604,-13026,-13026,-13026,-11913,-11913,-11913,-11913,-12897,-12897,-12897,-12897,-11408,-11408,-11279,-11202,-11202,-15349,-15349,-15349,-18997,-18997,-18997,-18252,-18252,-18252,-16654,-16654,-16558,-13831,-13831,-10925,-10925,-10925,-17141,-17141,-17141,-19295,-19295,-19295,-19295,-14809,-14809,-14809,-14809,-14809,-16342,-16342,-16342,-18655,-18655,-18655,-15590,-15590,-15590,-15590,-16047,-16047,-16047,-18644,-18644,-18644,-19422,-19422,-14805,-14805,-16526,-16526,-16526,-18106,-18106,-18106,-17787,-17787,-17787,-15063,-15063,-16529,-16529,-17663,-17663,-19226,-19226,-18879,-18879,-16681,-16681,-15957,-15957,-18475,-18475,-18903,-18903,-18903,-16838,-16838,-16838,-18756,-18756,-18756,-18756,-18728,-18728,-18728,-16495,-16495,-14846,-14846,-14335,-14335,-16314,-16314,-16314,-15303,-15303,-15303,-15138,-15138,-16556,-16556,-17761,-17761,-16267,-16267,-16267,-16673,-16673,-16673,-16673,-23663,-23663,-23663,-22854,-20422,-15970,-15970,-16658,-16658,-17903,-17903,-17211,-17211,-16121,-16121,-17503,-17503,-17770,-17770,-15347,-15347,-15347,-14812,-14812,-14812,-16687,-16687,-16687,-17727,-17727,-17727,-18524,-18524,-17493,-16988,-18124,-18124,-17311,-16172,-16172,-18047,-18047,-18929,-18929,-18929,-17804,-17804,-17804,-17185,-17185,-15253,-15253,-16637,-16637,-18399,-18399
30,1.542000000000000259,-12002,-6056,-6548,-6548,-6388,-6388,-8006,-8006,-8877,-8877,-12225,-12225,-12225,-12179,-12179,-14354,-14354,-14221,-14221,-15435,-15435,-15435,-17332,-17332,-17332,-17660,-17660,-15231,-15231,-12012,-12012,-11858,-11858,-11858,-12694,-12694,-12694,-11426,-11426,-11426,-10974,-10974,-8003,-8003,-6248,-6248,-6248,-7156,-7156,-7156,-11673,-11673,-11673,-11673,-18484,-18484,-18484,-18484,-19970,-19970,-18356,-18356,-15031,-15031,-15031,-17639,-17639,-17639,-17639,-13537,-13537,-13537,-13537,-11600,-11600,-10535,-10535,-7024,-7024,-6328,-6328,-6328,-5126,-5126,-5126,-6179,-6179,-6179,-6179,-6385,-6385,-4917,-4917,-2816,-2816,-2816,-5180,-5180,-5180,-7925,-7925,-7925,-7925,-7553,-7553,-7703,-7703,-5878,-5878,-6426,-6426,-6426,-10492,-10492,-10492,-12134,-12134,-12134,-15033,-15033,-13484,-13484,-10215,-10215,-10215,-13278,-13278,-13278,-13278,-16831,-16831,-16831,-16831,-16656,-16656,-16656,-16257,-16257,-14242,-14242,-9078,-9078,-9078,-15704,-15704,-15704,-15704,-16187,-16187,-16187,-14200,-14200,-14544,-14544,-8972,-8972,-8972,-7883,-7883,-7883,-11742,-11742,-11742,-11742,-12093,-12093,-12093,-11946,-11946,-11983,-11983,-10981,-10981,-10981,-19720,-19720,-19720,-19720,-21056,-21056,-21056,-21056,-21201,-21201,-21201,-21657,-21657,-20213,-20213,-20213,-19458,-19458,-19458,-19458,-20098,-20098,-20098,-20098,-20087,-20087,-20087,-20087,-20087,-19649,-19649,-18040,-18040,-16347,-16347,-16347,-17647,-17647,-17647,-17647,-19272,-19272,-19272,-19272,-18268,-18268,-15705,-15705,-17455,-17455,-17455,-18937,-18937,-18937,-18937,-22321,-22321,-22321,-22321,-22099,-22099,-21600,-21600,-17970,-17970,-18399,-18399,-18399,-20337,-20337,-20337,-20337,-19378,-19378,-19378,-18842,-18842,-20839,-20839,-20554,-20554,-20554,-18327,-18327,-18327,-18797,-18797,-18797,-18320,-18320,-18320,-18320,-19540,-19540,-19540,-19540,-19831,-19831,-19387,-19387,-19958,-19958,-19958,-19706,-19706,-19706,-20552,-20552,-20552,-20520,-20520,-18305,-18305,-14487,-14487,-14487,-17492,-17492,-17492,-18231,-18231,-18231,-18231,-17842,-17842,-17842,-17842,-19311,-19311,-19378,-19378,-18663,-18663,-15888,-15888,-15888,-16800,-16800,-16800,-13460,-13460,-13460,-13460,-2211,-2211,-2211,-9741,-9741,-12586,-12586,-13064,-13064,-13064,-19323,-19323,-19323,-19323,-20074,-20074,-20074,-19275,-19275,-21402,-21402,-21094,-21094,-21094,-18547,-18547,-18547,-20774,-20774,-20774,-20774,-19316,-19316,-19316,-21524,-21524,-21524,-18578,-18578,-18578,-18065,-18065,-18065,-21155,-21155,-21155,-21155,-18540,-18540,-18540,-19704,-19704,-21283,-21283,-17679,-17679,-17679,-18092,-18092,-18092,-18092,-17088,-17088,-17088,-17088,-18429,-18429,-18429,-19407,-19407,-20639,-20639,-15843,-15843,-15843,-17436,-17436,-17436,-17436,-20618,-20618,-20618,-20618,-18466,-18466,-17228,-16798,-16798,-20726,-20726,-20726,-23477,-23477,-23477,-22353,-22353,-22353,-21215,-21215,-19228,-9935,-9935,-9977,-9977,-9977,-17196,-17196,-17196,-22121,-22121,-22121,-22121,-18503,-18503,-18503,-18503,-18503,-19904,-19904,-19904,-21675,-21675,-21675,-20279,-20279,-20279,-20279,-20396,-20396,-20396,-21434,-21434,-21434,-21354,-21354,-16697,-16697,-17466,-17466,-17466,-20227,-20227,-20227,-21242,-21242,-21242,-17921,-17921,-18791,-18791,-20192,-20192,-21630,-21630,-22018,-22018,-20185,-20185,-20020,-20020,-21723,-21723,-21491,-21491,-21491,-20315,-20315,-20315,-21290,-21290,-21290,-21290,-22791,-22791,-22791,-20694,-20694,-17763,-17763,-17697,-17697,-21140,-21140,-21140,-21361,-21361,-21361,-20165,-20165,-20294,-20294,-20380,-20380,-18627,-18627,-18627,-18802,-18802,-18802,-18802,-23431,-23431,-23431,-21357,-19337,-17780,-17780,-19096,-19096,-20273,-20273,-19761,-19761,-19039,-19039,-21099,-21099,-20682,-20682,-19305,-19305,-19305,-18519,-18519,-18519,-20455,-20455,-20455,-22357,-22357,-22357,-22281,-22281,-20966,-20118,-20243,-20243,-18435,-18260,-18260,-20635,-20635,-18861,-18861,-18861,-20588,-20588,-20588,-19919,-19919,-14258,-14258,-14886,-14886,-20005,-20005
31,1.742000000000000215,-8766,-3809,-2926,-2926,-3173,-3173,-5316,-5316,-5783,-5783,-7675,-7675,-7675,-7260,-7260,-10305,-10305,-9963,-9963,-11917,-11917,-11917,-12924,-12924,-12924,-15045,-15045,-10732,-10732,-7789,-7789,-6988,-6988,-6988,-6409,-6409,-6409,-4964,-4964,-4964,-5006,-5006,-3387,-3387,-2628,-2628,-2628,-4385,-4385,-4385,-9028,-9028,-9028,-9028,-18094,-18094,-18094,-18094,-17850,-17850,-16095,-16095,-12438,-12438,-12438,-13049,-13049,-13049,-13049,-10746,-10746,-10746,-10746,-7744,-7744,-5403,-5403,-2327,-2327,-3803,-3803,-3803,-1950,-1950,-1950,-3534,-3534,-3534,-3534,-4343,-4343,-3717,-3717,-2035,-2035,-2035,-3397,-3397,-3397,-5182,-5182,-5182,-5182,-4722,-4722,-4883,-4883,-3304,-3304,-4503,-4503,-4503,-7446,-7446,-7446,-7765,-7765,-7765,-8879,-8879,-8831,-8831,-5853,-5853,-5853,-8578,-8578,-8578,-8578,-13996,-13996,-13996,-13996,-12945,-12945,-12945,-12951,-12951,-10744,-10744,-5436,-5436,-5436,-14028,-14028,-14028,-14028,-13263,-13263,-13263,-9223,-9223,-9928,-9928,-5075,-5075,-5075,-2720,-2720,-2720,-5860,-5860,-5860,-5860,-5216,-5216,-5216,-6342,-6342,-5644,-5644,-3959,-3959,-3959,-14798,-14798,-14798,-14798,-17727,-17727,-17727,-17727,-19455,-19455,-19455,-20695,-20695,-19547,-19547,-19547,-20482,-20482,-20482,-20482,-22246,-22246,-22246,-22246,-23627,-23627,-23627,-23627,-23627,-23156,-23156,-22660,-22660,-20413,-20413,-20413,-22415,-22415,-22415,-22415,-23698,-23698,-23698,-23698,-22425,-22425,-19141,-19141,-19325,-19325,-19325,-21124,-21124,-21124,-21124,-24056,-24056,-24056,-24056,-23126,-23126,-24004,-24004,-20251,-20251,-21118,-21118,-21118,-23210,-23210,-23210,-23210,-22683,-22683,-22683,-21789,-21789,-22844,-22844,-23227,-23227,-23227,-22026,-22026,-22026,-22224,-22224,-22224,-22612,-22612,-22612,-22612,-23209,-23209,-23209,-23209,-23577,-23577,-21587,-21587,-21785,-21785,-21785,-22459,-22459,-22459,-23783,-23783,-23783,-24075,-24075,-21652,-21652,-19306,-19306,-19306,-20340,-20340,-20340,-22557,-22557,-22557,-22557,-21174,-21174,-21174,-21174,-22629,-22629,-23056,-23056,-21222,-21222,-20178,-20178,-20178,-22065,-22065,-22065,-20324,-20324,-20324,-20324,-11522,-11522,-11522,-17392,-17392,-16694,-16694,-17743,-17743,-17743,-21339,-21339,-21339,-21339,-23092,-23092,-23092,-22549,-22549,-24495,-24495,-23676,-23676,-23676,-21771,-21771,-21771,-22877,-22877,-22877,-22877,-23346,-23346,-23346,-23778,-23778,-23778,-21404,-21404,-21404,-20711,-20711,-20711,-22626,-22626,-22626,-22626,-21447,-21447,-21447,-20911,-20911,-22046,-22046,-19993,-19993,-19993,-21009,-21009,-21009,-21009,-22404,-22404,-22404,-22404,-22984,-22984,-22984,-23129,-23129,-22832,-22832,-16998,-16998,-16998,-20347,-20347,-20347,-20347,-24525,-24525,-24525,-24525,-23078,-23078,-21242,-20635,-20635,-23318,-23318,-23318,-24389,-24389,-24389,-23705,-23705,-23705,-23279,-23279,-18399,-5510,-5510,-10392,-10392,-10392,-14132,-14132,-14132,-22628,-22628,-22628,-22628,-20379,-20379,-20379,-20379,-20379,-22026,-22026,-22026,-22451,-22451,-22451,-22969,-22969,-22969,-22969,-22156,-22156,-22156,-20050,-20050,-20050,-18540,-18540,-16545,-16545,-14428,-14428,-14428,-18545,-18545,-18545,-21652,-21652,-21652,-18660,-18660,-18072,-18072,-19891,-19891,-19589,-19589,-21774,-21774,-21392,-21392,-21705,-21705,-21276,-21276,-19751,-19751,-19751,-21056,-21056,-21056,-19932,-19932,-19932,-19932,-23421,-23421,-23421,-22031,-22031,-18452,-18452,-19261,-19261,-23505,-23505,-23505,-24533,-24533,-24533,-22914,-22914,-21813,-21813,-19567,-19567,-17899,-17899,-17899,-19608,-19608,-19608,-19608,-18469,-18469,-18469,-14677,-13897,-16305,-16305,-19541,-19541,-18469,-18469,-18832,-18832,-19213,-19213,-20932,-20932,-20539,-20539,-20391,-20391,-20391,-19705,-19705,-19705,-21339,-21339,-21339,-23909,-23909,-23909,-22446,-22446,-21595,-20175,-18644,-18644,-16070,-17400,-17400,-19089,-19089,-14097,-14097,-14097,-19781,-19781,-19781,-18893,-18893,-10687,-10687,-10218,-10218,-18128,-18128
32,1.942000000000000171,-4688,-1656,-192,-192,-874,-874,-2314,-2314,-1630,-1630,-2170,-2170,-2170,-856,-856,-4029,-4029,-3470,-3470,-5046,-5046,-5046,-4444,-4444,-4444,-6350,-6350,-2652,-2652,-1034,-1034,-600,-600,-600,39,39,39,1222,1222,1222,1389,1389,1047,1047,1078,1078,1078,-1398,-1398,-1398,-4119,-4119,-4119,-4119,-11769,-11769,-11769,-11769,-8842,-8842,-7720,-7720,-6104,-6104,-6104,-2910,-2910,-2910,-2910,-4703,-4703,-4703,-4703,-1791,-1791,173,173,1070,1070,-1595,-1595,-1595,108,108,108,-1311,-1311,-1311,-1311,-1821,-1821,-2789,-2789,-1884,-1884,-1884,-1752,-1752,-1752,-1231,-1231,-1231,-1231,-1501,-1501,-1953,-1953,-1332,-1332,-2323,-2323,-2323,-3188,-3188,-3188,-1845,-1845,-1845,-148,-148,-2005,-2005,-688,-688,-688,-1886,-1886,-1886,-1886,-6434,-6434,-6434,-6434,-4492,-4492,-4492,-5846,-5846,-3296,-3296,-695,-695,-695,-8278,-8278,-8278,-8278,-5480,-5480,-5480,-2067,-2067,-1269,-1269,-796,-796,-796,2022,2022,2022,982,982,982,982,1807,1807,1807,413,413,2055,2055,3568,3568,3568,-3869,-3869,-3869,-3869,-7755,-7755,-7755,-7755,-11378,-11378,-11378,-13125,-13125,-12905,-12905,-12905,-16386,-16386,-16386,-16386,-19783,-19783,-19783,-19783,-24165,-24165,-24165,-24165,-24165,-23576,-23576,-24782,-24782,-22516,-22516,-22516,-25096,-25096,-25096,-25096,-25876,-25876,-25876,-25876,-24477,-24477,-19760,-19760,-17108,-17108,-17108,-18712,-18712,-18712,-18712,-20017,-20017,-20017,-20017,-18340,-18340,-21466,-21466,-18880,-18880,-19213,-19213,-19213,-22311,-22311,-22311,-22311,-22024,-22024,-22024,-21500,-21500,-19912,-19912,-20912,-20912,-20912,-23199,-23199,-23199,-22156,-22156,-22156,-24435,-24435,-24435,-24435,-24242,-24242,-24242,-24242,-23453,-23453,-19272,-19272,-18941,-18941,-18941,-21407,-21407,-21407,-23075,-23075,-23075,-24220,-24220,-22557,-22557,-21558,-21558,-21558,-20075,-20075,-20075,-24021,-24021,-24021,-24021,-21860,-21860,-21860,-21860,-22260,-22260,-23386,-23386,-19915,-19915,-21913,-21913,-21913,-24750,-24750,-24750,-23890,-23890,-23890,-23890,-19867,-19867,-19867,-21848,-21848,-18195,-18195,-19890,-19890,-19890,-19148,-19148,-19148,-19148,-22266,-22266,-22266,-22695,-22695,-23699,-23699,-22226,-22226,-22226,-21826,-21826,-21826,-20280,-20280,-20280,-20280,-24620,-24620,-24620,-20884,-20884,-20884,-21016,-21016,-21016,-19741,-19741,-19741,-18609,-18609,-18609,-18609,-21421,-21421,-21421,-17528,-17528,-17347,-17347,-18804,-18804,-18804,-20286,-20286,-20286,-20286,-25401,-25401,-25401,-25401,-25074,-25074,-25074,-23861,-23861,-19336,-19336,-14252,-14252,-14252,-20649,-20649,-20649,-20649,-25570,-25570,-25570,-25570,-24898,-24898,-22663,-21180,-21180,-21344,-21344,-21344,-19462,-19462,-19462,-19315,-19315,-19315,-19117,-19117,-11654,-1120,-1120,-8223,-8223,-8223,-7443,-7443,-7443,-17831,-17831,-17831,-17831,-18759,-18759,-18759,-18759,-18759,-19548,-19548,-19548,-17457,-17457,-17457,-21581,-21581,-21581,-21581,-18792,-18792,-18792,-12521,-12521,-12521,-8751,-8751,-11759,-11759,-7260,-7260,-7260,-10765,-10765,-10765,-15941,-15941,-15941,-15239,-15239,-11871,-11871,-13513,-13513,-10648,-10648,-14878,-14878,-17576,-17576,-18293,-18293,-14244,-14244,-12150,-12150,-12150,-16456,-16456,-16456,-12216,-12216,-12216,-12216,-17576,-17576,-17576,-18405,-18405,-14593,-14593,-17063,-17063,-21508,-21508,-21508,-23566,-23566,-23566,-22251,-22251,-19120,-19120,-11405,-11405,-11480,-11480,-11480,-16389,-16389,-16389,-16389,-7099,-7099,-7099,-3728,-3686,-9218,-9218,-14499,-14499,-10085,-10085,-11938,-11938,-14433,-14433,-13997,-13997,-14164,-14164,-16194,-16194,-16194,-16007,-16007,-16007,-15938,-15938,-15938,-19955,-19955,-19955,-15673,-15673,-15859,-14433,-11335,-11335,-8316,-11392,-11392,-10630,-10630,-4981,-4981,-4981,-12795,-12795,-12795,-11963,-11963,-4916,-4916,-3227,-3227,-10592,-10592
33,2.142000000000000348,-984,197,1271,1271,523,523,461,461,1728,1728,2425,2425,2425,3820,3820,2530,2530,4268,4268,3709,3709,3709,4439,4439,4439,3292,3292,3991,3991,4104,4104,4492,4492,4492,5225,5225,5225,5285,5285,5285,5729,5729,3563,3563,3111,3111,3111,1063,1063,1063,616,616,616,616,-682,-682,-682,-682,4012,4012,2986,2986,2107,2107,2107,5745,5745,5745,5745,1497,1497,1497,1497,3398,3398,4275,4275,3433,3433,722,722,722,1451,1451,1451,385,385,385,385,409,409,-1310,-1310,-1017,-1017,-1017,532,532,532,1711,1711,1711,1711,1628,1628,1178,1178,1317,1317,373,373,373,1998,1998,1998,3616,3616,3616,5835,5835,4517,4517,3691,3691,3691,3663,3663,3663,3663,1443,1443,1443,1443,3268,3268,3268,1924,1924,3932,3932,3668,3668,3668,507,507,507,507,2486,2486,2486,4263,4263,5248,5248,3178,3178,3178,4754,4754,4754,6042,6042,6042,6042,6539,6539,6539,5052,5052,7120,7120,8288,8288,8288,8676,8676,8676,8676,5203,5203,5203,5203,952,952,952,-909,-909,-1719,-1719,-1719,-6926,-6926,-6926,-6926,-10788,-10788,-10788,-10788,-19218,-19218,-19218,-19218,-19218,-17759,-17759,-21947,-21947,-19583,-19583,-19583,-23162,-23162,-23162,-23162,-23703,-23703,-23703,-23703,-21505,-21505,-14104,-14104,-7712,-7712,-7712,-9158,-9158,-9158,-9158,-9595,-9595,-9595,-9595,-6357,-6357,-12559,-12559,-10992,-10992,-9441,-9441,-9441,-14359,-14359,-14359,-14359,-14779,-14779,-14779,-15056,-15056,-9347,-9347,-11797,-11797,-11797,-18633,-18633,-18633,-15730,-15730,-15730,-20396,-20396,-20396,-20396,-19567,-19567,-19567,-19567,-16976,-16976,-10553,-10553,-10334,-10334,-10334,-14559,-14559,-14559,-16781,-16781,-16781,-18469,-18469,-18428,-18428,-19107,-19107,-19107,-14099,-14099,-14099,-19426,-19426,-19426,-19426,-16275,-16275,-16275,-16275,-15314,-15314,-17409,-17409,-12303,-12303,-17782,-17782,-17782,-22844,-22844,-22844,-23114,-23114,-23114,-23114,-23535,-23535,-23535,-22448,-22448,-13595,-13595,-16027,-16027,-16027,-10358,-10358,-10358,-10358,-14989,-14989,-14989,-16900,-16900,-16643,-16643,-14306,-14306,-14306,-16114,-16114,-16114,-12414,-12414,-12414,-12414,-19963,-19963,-19963,-11765,-11765,-11765,-14268,-14268,-14268,-12761,-12761,-12761,-8466,-8466,-8466,-8466,-15009,-15009,-15009,-7995,-7995,-5804,-5804,-11419,-11419,-11419,-13137,-13137,-13137,-13137,-24197,-24197,-24197,-24197,-21944,-21944,-21944,-17995,-17995,-9620,-9620,-7529,-7529,-7529,-14538,-14538,-14538,-14538,-21879,-21879,-21879,-21879,-21259,-21259,-17628,-14793,-14793,-12625,-12625,-12625,-6928,-6928,-6928,-7977,-7977,-7977,-7895,-7895,-554,3437,3437,-1165,-1165,-1165,2686,2686,2686,-6223,-6223,-6223,-6223,-12216,-12216,-12216,-12216,-12216,-10924,-10924,-10924,-5194,-5194,-5194,-13668,-13668,-13668,-13668,-7258,-7258,-7258,347,347,347,3942,3942,-2947,-2947,1955,1955,1955,691,691,691,-3992,-3992,-3992,-6935,-6935,-2520,-2520,-2839,-2839,1644,1644,-2860,-2860,-7879,-7879,-7964,-7964,-1071,-1071,164,164,164,-4595,-4595,-4595,-1012,-1012,-1012,-1012,-4670,-4670,-4670,-9471,-9471,-7072,-7072,-8935,-8935,-13228,-13228,-13228,-15916,-15916,-15916,-15964,-15964,-10059,-10059,867,867,-2915,-2915,-2915,-6725,-6725,-6725,-6725,6614,6614,6614,7952,8045,1926,1926,-3799,-3799,1162,1162,-63,-63,-4303,-4303,-699,-699,-2150,-2150,-6178,-6178,-6178,-6815,-6815,-6815,-4816,-4816,-4816,-6809,-6809,-6809,-2155,-2155,-2769,-2470,-314,-314,379,-2072,-2072,2119,2119,3318,3318,3318,-357,-357,-357,575,575,1387,1387,4103,4103,1138,1138
34,2.342000000000000082,1491,1649,1705,1705,1307,1307,2662,2662,3751,3751,4925,4925,4925,5668,5668,6716,6716,8204,8204,8967,8967,8967,9207,9207,9207,9918,9918,7478,7478,6095,6095,6575,6575,6575,6772,6772,6772,6015,6015,6015,6607,6607,3720,3720,3551,3551,3551,2611,2611,2611,3844,3844,3844,3844,8544,8544,8544,8544,11760,11760,10992,10992,8320,8320,8320,10195,10195,10195,10195,6199,6199,6199,6199,5913,5913,6273,6273,3868,3868,2436,2436,2436,1807,1807,1807,1442,1442,1442,1442,1845,1845,42,42,310,310,310,1872,1872,1872,3018,3018,3018,3018,3112,3112,3134,3134,2951,2951,2715,2715,2715,5081,5081,5081,6705,6705,6705,8423,8423,7658,7658,5381,5381,5381,6292,6292,6292,6292,7549,7549,7549,7549,7580,7580,7580,7212,7212,8700,8700,6064,6064,6064,7602,7602,7602,7602,8304,8304,8304,7409,7409,8611,8611,5253,5253,5253,5096,5096,5096,7940,7940,7940,7940,8210,8210,8210,7466,7466,8466,8466,9828,9828,9828,13774,13774,13774,13774,12536,12536,12536,12536,10172,10172,10172,10313,10313,8965,8965,8965,5826,5826,5826,5826,2513,2513,2513,2513,-5676,-5676,-5676,-5676,-5676,-4796,-4796,-11545,-11545,-9135,-9135,-9135,-14888,-14888,-14888,-14888,-15527,-15527,-15527,-15527,-10154,-10154,-3123,-3123,4596,4596,4596,3860,3860,3860,3860,7532,7532,7532,7532,8148,8148,3852,3852,2636,2636,5137,5137,5137,-572,-572,-572,-572,-817,-817,-817,-1612,-1612,3634,3634,3462,3462,3462,-6752,-6752,-6752,-2407,-2407,-2407,-8214,-8214,-8214,-8214,-5747,-5747,-5747,-5747,-1720,-1720,2915,2915,2876,2876,2876,-128,-128,-128,-2172,-2172,-2172,-3620,-3620,-6459,-6459,-10041,-10041,-10041,-2320,-2320,-2320,-7234,-7234,-7234,-7234,-3754,-3754,-3754,-3754,-1531,-1531,-3727,-3727,468,468,-5625,-5625,-5625,-12931,-12931,-12931,-15131,-15131,-15131,-15131,-22669,-22669,-22669,-16864,-16864,-4849,-4849,-6715,-6715,-6715,3161,3161,3161,3161,-1096,-1096,-1096,-3812,-3812,-1079,-1079,-39,-39,-39,-1907,-1907,-1907,1094,1094,1094,1094,-7769,-7769,-7769,3131,3131,3131,-1076,-1076,-1076,-887,-887,-887,5761,5761,5761,5761,-1817,-1817,-1817,4203,4203,6981,6981,692,692,692,-732,-732,-732,-732,-15997,-15997,-15997,-15997,-11029,-11029,-11029,-3675,-3675,4776,4776,2017,2017,2017,-1478,-1478,-1478,-1478,-10711,-10711,-10711,-10711,-10075,-10075,-4365,-2123,-2123,1939,1939,1939,8979,8979,8979,6888,6888,6888,7739,7739,9631,5928,5928,6499,6499,6499,9178,9178,9178,8813,8813,8813,8813,-1577,-1577,-1577,-1577,-1577,3479,3479,3479,8297,8297,8297,1833,1833,1833,1833,7711,7711,7711,10586,10586,10586,11011,11011,5725,5725,8004,8004,8004,10034,10034,10034,8776,8776,8776,3355,3355,6711,6711,8263,8263,10856,10856,9224,9224,4019,4019,3946,3946,9727,9727,9395,9395,9395,7513,7513,7513,8046,8046,8046,8046,8813,8813,8813,3462,3462,2779,2779,2446,2446,1800,1800,1800,-1346,-1346,-1346,-2615,-2615,3179,3179,11455,11455,4540,4540,4540,3391,3391,3391,3391,13668,13668,13668,14276,14252,10989,10989,6535,6535,10056,10056,8593,8593,5311,5311,10408,10408,8194,8194,5201,5201,5201,5160,5160,5160,8154,8154,8154,9218,9218,9218,11130,11130,10859,9459,7997,7997,7584,6555,6555,12093,12093,8004,8004,8004,10975,10975,10975,10016,10016,6059,6059,8273,8273,10403,10403
35,2.542000000000000259,2843,2852,1945,1945,2338,2338,4300,4300,4873,4873,5448,5448,5448,4819,4819,7551,7551,8690,8690,10231,10231,10231,9523,9523,9523,11647,11647,8103,8103,5631,5631,6174,6174,6174,5649,5649,5649,4664,4664,4664,4974,4974,2959,2959,3078,3078,3078,3397,3397,3397,5135,5135,5135,5135,12946,12946,12946,12946,13556,13556,13179,13179,10745,10745,10745,9908,9908,9908,9908,7550,7550,7550,7550,6023,6023,5415,5415,3045,3045,3267,3267,3267,1379,1379,1379,2205,2205,2205,2205,2597,2597,1498,1498,1608,1608,1608,2724,2724,2724,3312,3312,3312,3312,3743,3743,3943,3943,3956,3956,4300,4300,4300,6430,6430,6430,7416,7416,7416,8043,8043,8242,8242,5318,5318,5318,6715,6715,6715,6715,9755,9755,9755,9755,8594,8594,8594,9218,9218,9480,9480,6433,6433,6433,10642,10642,10642,10642,10457,10457,10457,7904,7904,8431,8431,5825,5825,5825,4263,4263,4263,7574,7574,7574,7574,7323,7323,7323,7711,7711,7345,7345,8546,8546,8546,13342,13342,13342,13342,13463,13463,13463,13463,13095,13095,13095,14016,14016,13891,13891,13891,12938,12938,12938,12938,12391,12391,12391,12391,10636,10636,10636,10636,10636,11269,11269,5254,5254,5308,5308,5308,1686,1686,1686,1686,2285,2285,2285,2285,6307,6307,9023,9023,13181,13181,13181,13564,13564,13564,13564,15746,15746,15746,15746,14416,14416,15081,15081,12605,12605,14569,14569,14569,12181,12181,12181,12181,11912,11912,11912,10937,10937,13820,13820,14250,14250,14250,8821,8821,8821,11017,11017,11017,8706,8706,8706,8706,11029,11029,11029,11029,13762,13762,12437,12437,11350,11350,11350,11913,11913,11913,12154,12154,12154,11916,11916,7681,7681,4027,4027,4027,9539,9539,9539,9835,9835,9835,9835,10093,10093,10093,10093,11578,11578,10229,10229,11190,11190,7564,7564,7564,3985,3985,3985,2384,2384,2384,2384,-14232,-14232,-14232,-2558,-2558,5493,5493,6177,6177,6177,12157,12157,12157,12157,11988,11988,11988,9593,9593,13705,13705,12431,12431,12431,11452,11452,11452,10771,10771,10771,10771,11005,11005,11005,13006,13006,13006,11751,11751,11751,9929,9929,9929,13818,13818,13818,13818,11635,11635,11635,11193,11193,13591,13591,10458,10458,10458,10760,10760,10760,10760,180,180,180,180,5418,5418,5418,11772,11772,13418,13418,9020,9020,9020,10960,10960,10960,10960,9070,9070,9070,9070,7396,7396,10390,10506,10506,14038,14038,14038,15535,15535,15535,14641,14641,14641,15138,15138,12954,6824,6824,10729,10729,10729,11403,11403,11403,15323,15323,15323,15323,7051,7051,7051,7051,7051,13855,13855,13855,15420,15420,15420,14137,14137,14137,14137,14630,14630,14630,13252,13252,13252,12410,12410,10979,10979,10614,10614,10614,12877,12877,12877,13873,13873,13873,9874,9874,10739,10739,12799,12799,13054,13054,13917,13917,11811,11811,11818,11818,13202,13202,12129,12129,12129,13500,13500,13500,11354,11354,11354,11354,14927,14927,14927,12036,12036,8998,8998,11506,11506,13348,13348,13348,13753,13753,13753,11072,11072,12940,12940,14276,14276,8359,8359,8359,11015,11015,11015,11015,15345,15345,15345,15705,15898,14688,14688,12218,12218,12480,12480,12054,12054,10983,10983,13389,13389,12691,12691,11214,11214,11214,11311,11311,11311,13826,13826,13826,16184,16184,16184,15109,15109,15334,14218,11262,11262,10702,11351,11351,14446,14446,9953,9953,9953,14645,14645,14645,13103,13103,8615,8615,9218,9218,14102,14102
36,2.742000000000000437,3965,3405,2546,2546,3601,3601,5433,5433,5365,5365,5164,5164,5164,3279,3279,6213,6213,6258,6258,7974,7974,7974,7018,7018,7018,9318,9318,6516,6516,3913,3913,4269,4269,4269,3777,3777,3777,3065,3065,3065,2679,2679,2354,2354,2430,2430,2430,3617,3617,3617,5064,5064,5064,5064,11871,11871,11871,11871,9752,9752,10283,10283,8884,8884,8884,6606,6606,6606,6606,6376,6376,6376,6376,4604,4604,3387,3387,1847,1847,3309,3309,3309,1349,1349,1349,2590,2590,2590,2590,2624,2624,2300,2300,2000,2000,2000,2680,2680,2680,2921,2921,2921,2921,3561,3561,3711,3711,3717,3717,4879,4879,4879,6542,6542,6542,6480,6480,6480,6233,6233,6885,6885,4119,4119,4119,5806,5806,5806,5806,9523,9523,9523,9523,7391,7391,7391,8925,8925,7287,7287,4599,4599,4599,9957,9957,9957,9957,9124,9124,9124,6710,6710,6171,6171,5046,5046,5046,3226,3226,3226,5710,5710,5710,5710,5441,5441,5441,6499,6499,4972,4972,5827,5827,5827,9538,9538,9538,9538,10551,10551,10551,10551,12330,12330,12330,13263,13263,13967,13967,13967,14397,14397,14397,14397,14610,14610,14610,14610,16447,16447,16447,16447,16447,16247,16247,15951,15951,14108,14108,14108,15416,15416,15416,15416,15743,15743,15743,15743,15819,15819,13850,13850,14951,14951,14951,15237,15237,15237,15237,15207,15207,15207,15207,14805,14805,16375,16375,15610,15610,15546,15546,15546,15841,15841,15841,15841,15576,15576,15576,15167,15167,15430,15430,15618,15618,15618,15594,15594,15594,15444,15444,15444,17022,17022,17022,17022,16590,16590,16590,16590,16800,16800,14764,14764,13708,13708,13708,15426,15426,15426,16409,16409,16409,16729,16729,14689,14689,13202,13202,13202,13850,13850,13850,16102,16102,16102,16102,14650,14650,14650,14650,14951,14951,15436,15436,14315,14315,14052,14052,14052,15456,15456,15456,14899,14899,14899,14899,2726,2726,2726,10819,10819,10952,10952,12367,12367,12367,14176,14176,14176,14176,15029,15029,15029,15163,15163,16232,16232,15269,15269,15269,15596,15596,15596,13786,13786,13786,13786,17056,17056,17056,14697,14697,14697,15359,15359,15359,13860,13860,13860,15248,15248,15248,15248,15435,15435,15435,13032,13032,14014,14014,13746,13746,13746,14572,14572,14572,14572,15773,15773,15773,15773,17133,17133,17133,16969,16969,14551,14551,11459,11459,11459,15461,15461,15461,15461,17495,17495,17495,17495,17032,17032,15949,14867,14867,16154,16154,16154,14638,14638,14638,15473,15473,15473,15087,15087,11803,5776,5776,10466,10466,10466,10483,10483,10483,15477,15477,15477,15477,11300,11300,11300,11300,11300,16036,16036,16036,15923,15923,15923,16715,16715,16715,16715,15204,15204,15204,12066,12066,12066,10202,10202,12220,12220,10030,10030,10030,11994,11994,11994,13879,13879,13879,12727,12727,11433,11433,13030,13030,11280,11280,13270,13270,14075,14075,13928,13928,12192,12192,11887,11887,11887,14144,14144,14144,11673,11673,11673,11673,14634,14634,14634,14532,14532,11565,11565,14471,14471,15961,15961,15961,16528,16528,16528,15549,15549,15764,15764,11615,11615,8723,8723,8723,13800,13800,13800,13800,14499,14499,14499,14596,14819,14066,14066,13608,13608,10914,10914,11326,11326,12894,12894,12123,12123,13131,13131,12675,12675,12675,12839,12839,12839,14140,14140,14140,15457,15457,15457,13668,13668,13942,13716,11634,11634,10798,12564,12564,11897,11897,9708,9708,9708,13450,13450,13450,12264,12264,8892,8892,8202,8202,13249,13249
37,2.942000000000000171,4945,3486,3365,3365,4619,4619,5727,5727,5394,5394,4783,4783,4783,2551,2551,3907,3907,3176,3176,4655,4655,4655,4586,4586,4586,5542,5542,4846,4846,2713,2713,2471,2471,2471,2724,2724,2724,2491,2491,2491,1558,1558,2432,2432,2394,2394,2394,3754,3754,3754,4746,4746,4746,4746,7813,7813,7813,7813,4652,4652,4635,4635,4815,4815,4815,3155,3155,3155,3155,4399,4399,4399,4399,3253,3253,1386,1386,1042,1042,2924,2924,2924,1763,1763,1763,2949,2949,2949,2949,2528,2528,2617,2617,1886,1886,1886,2328,2328,2328,2466,2466,2466,2466,2903,2903,2984,2984,2674,2674,4562,4562,4562,5719,5719,5719,5140,5140,5140,5139,5139,4987,4987,3120,3120,3120,4967,4967,4967,4967,7863,7863,7863,7863,5996,5996,5996,7183,7183,3779,3779,2481,2481,2481,7300,7300,7300,7300,6427,6427,6427,5167,5167,3693,3693,3785,3785,3785,2763,2763,2763,3995,3995,3995,3995,4132,4132,4132,5122,5122,3128,3128,2682,2682,2682,5068,5068,5068,5068,6969,6969,6969,6969,9625,9625,9625,10277,10277,11065,11065,11065,12769,12769,12769,12769,13509,13509,13509,13509,15856,15856,15856,15856,15856,15792,15792,16496,16496,15991,15991,15991,16977,16977,16977,16977,16836,16836,16836,16836,16660,16660,14869,14869,12429,12429,12429,13571,13571,13571,13571,12213,12213,12213,12213,12537,12537,14492,14492,14515,14515,12304,12304,12304,15141,15141,15141,15141,14688,14688,14688,15164,15164,13673,13673,13408,13408,13408,16065,16065,16065,14646,14646,14646,16136,16136,16136,16136,15693,15693,15693,15693,14411,14411,13508,13508,12693,12693,12693,14531,14531,14531,15179,15179,15179,15534,15534,15733,15733,15693,15693,15693,13968,13968,13968,15725,15725,15725,15725,14764,14764,14764,14764,14039,14039,14577,14577,13707,13707,14985,14985,14985,16804,16804,16804,16210,16210,16210,16210,15599,15599,15599,15641,15641,12443,12443,13689,13689,13689,12317,12317,12317,12317,14042,14042,14042,15389,15389,13461,13461,14276,14276,14276,14916,14916,14916,13222,13222,13222,13222,15664,15664,15664,13002,13002,13002,14746,14746,14746,13756,13756,13756,13310,13310,13310,13310,15013,15013,15013,11946,11946,11178,11178,13085,13085,13085,13785,13785,13785,13785,17093,17093,17093,17093,16334,16334,16334,15721,15721,12360,12360,11096,11096,11096,15055,15055,15055,15055,15495,15495,15495,15495,16519,16519,15734,14669,14669,14471,14471,14471,11349,11349,11349,13632,13632,13632,12038,12038,8423,4254,4254,7761,7761,7761,8424,8424,8424,13416,13416,13416,13416,12855,12855,12855,12855,12855,14554,14554,14554,13771,13771,13771,15446,15446,15446,15446,12479,12479,12479,9239,9239,9239,7475,7475,10651,10651,7972,7972,7972,9485,9485,9485,11414,11414,11414,12693,12693,10263,10263,10683,10683,8737,8737,10626,10626,13396,13396,13074,13074,9481,9481,9978,9978,9978,11798,11798,11798,10553,10553,10553,10553,12029,12029,12029,13597,13597,11653,11653,13680,13680,15015,15015,15015,14742,14742,14742,15775,15775,14980,14980,6596,6596,7326,7326,7326,13416,13416,13416,13416,13037,13037,13037,12715,12547,11382,11382,12091,12091,8474,8474,8633,8633,11988,11988,9417,9417,11269,11269,11956,11956,11956,11343,11343,11343,11568,11568,11568,11697,11697,11697,9910,9910,9738,10161,10252,10252,9416,11115,11115,7979,7979,8594,8594,8594,9553,9553,9553,9656,9656,7973,7973,6696,6696,10042,10042
38,3.142000000000000348,5705,3592,4427,4427,5518,5518,5538,5538,5414,5414,5000,5000,5000,3634,3634,2958,2958,2103,2103,2615,2615,2615,3985,3985,3985,3025,3025,4406,4406,3491,3491,2053,2053,2053,3153,3153,3153,3171,3171,3171,2108,2108,3420,3420,3365,3365,3365,4413,4413,4413,5089,5089,5089,5089,3780,3780,3780,3780,28,28,-163,-163,1381,1381,1381,1671,1671,1671,1671,3585,3585,3585,3585,2948,2948,1081,1081,1683,1683,2888,2888,2888,3052,3052,3052,3556,3556,3556,3556,2930,2930,3102,3102,2388,2388,2388,2739,2739,2739,2508,2508,2508,2508,2483,2483,2503,2503,2056,2056,4319,4319,4319,4945,4945,4945,4682,4682,4682,5339,5339,4506,4506,3483,3483,3483,5035,5035,5035,5035,6463,6463,6463,6463,5638,5638,5638,5445,5445,2034,2034,1751,1751,1751,4416,4416,4416,4416,4211,4211,4211,4517,4517,2979,2979,3273,3273,3273,3246,3246,3246,3180,3180,3180,3180,4070,4070,4070,4548,4548,3062,3062,1692,1692,1692,2575,2575,2575,2575,4477,4477,4477,4477,7397,7397,7397,7347,7347,7837,7837,7837,10158,10158,10158,10158,11419,11419,11419,11419,13829,13829,13829,13829,13829,13842,13842,15089,15089,14833,14833,14833,15762,15762,15762,15762,15731,15731,15731,15731,15534,15534,13799,13799,8603,8603,8603,10440,10440,10440,10440,8459,8459,8459,8459,9660,9660,10366,10366,11419,11419,7598,7598,7598,12717,12717,12717,12717,12058,12058,12058,13081,13081,10889,10889,9672,9672,9672,14364,14364,14364,12488,12488,12488,13882,13882,13882,13882,13458,13458,13458,13458,9870,9870,10719,10719,10665,10665,10665,11726,11726,11726,12134,12134,12134,12358,12358,14275,14275,14927,14927,14927,12404,12404,12404,13396,13396,13396,13396,12662,12662,12662,12662,11538,11538,12098,12098,11347,11347,13416,13416,13416,15718,15718,15718,12230,12230,12230,12230,16783,16783,16783,15601,15601,11616,11616,12105,12105,12105,9371,9371,9371,9371,11778,11778,11778,13678,13678,9448,9448,12062,12062,12062,11992,11992,11992,11285,11285,11285,11285,12057,12057,12057,10242,10242,10242,11801,11801,11801,11575,11575,11575,9970,9970,9970,9970,12650,12650,12650,10281,10281,8281,8281,10896,10896,10896,10899,10899,10899,10899,15484,15484,15484,15484,13837,13837,13837,11700,11700,9302,9302,9611,9611,9611,12232,12232,12232,12232,11722,11722,11722,11722,14606,14606,13321,12251,12251,10933,10933,10933,8479,8479,8479,10902,10902,10902,8332,8332,6051,4299,4299,5078,5078,5078,7639,7639,7639,10390,10390,10390,10390,12785,12785,12785,12785,12785,11064,11064,11064,10523,10523,10523,12267,12267,12267,12267,8649,8649,8649,7020,7020,7020,6275,6275,8378,8378,6730,6730,6730,7478,7478,7478,8895,8895,8895,11281,11281,9110,9110,8130,8130,7180,7180,8249,8249,11577,11577,11275,11275,7729,7729,8709,8709,8709,9051,9051,9051,9718,9718,9718,9718,8880,8880,8880,11329,11329,10771,10771,11195,11195,12711,12711,12711,11516,11516,11516,14232,14232,12142,12142,3071,3071,6367,6367,6367,11415,11415,11415,11415,11785,11785,11785,11184,10694,8380,8380,10172,10172,6901,6901,6556,6556,10265,10265,7706,7706,9467,9467,10802,10802,10802,9251,9251,9251,7893,7893,7893,6551,6551,6551,6820,6820,5713,6643,8825,8825,7987,8749,8749,4638,4638,7852,7852,7852,6012,6012,6012,7460,7460,7169,7169,6166,6166,6625,6625
39,3.342000000000000526,5884,3752,5219,5219,5689,5689,5008,5008,5085,5085,5318,5318,5318,5348,5348,3726,3726,3055,3055,2786,2786,2786,4699,4699,4699,2671,2671,4732,4732,5058,5058,2729,2729,2729,4266,4266,4266,4397,4397,4397,3492,3492,4399,4399,4265,4265,4265,5112,5112,5112,5871,5871,5871,5871,1855,1855,1855,1855,-235,-235,-1259,-1259,22,22,22,2072,2072,2072,2072,3984,3984,3984,3984,3639,3639,2456,2456,3611,3611,3383,3383,3383,4236,4236,4236,4099,4099,4099,4099,3750,3750,3981,3981,3437,3437,3437,3507,3507,3507,2866,2866,2866,2866,2158,2158,2386,2386,2163,2163,4150,4150,4150,4191,4191,4191,4505,4505,4505,5694,5694,4933,4933,4346,4346,4346,5286,5286,5286,5286,5562,5562,5562,5562,5734,5734,5734,4358,4358,2028,2028,2278,2278,2278,3067,3067,3067,3067,3308,3308,3308,4185,4185,3474,3474,3248,3248,3248,3800,3800,3800,3179,3179,3179,3179,4197,4197,4197,4082,4082,3557,3557,1861,1861,1861,2274,2274,2274,2274,4081,4081,4081,4081,6291,6291,6291,5903,5903,5089,5089,5089,7798,7798,7798,7798,9604,9604,9604,9604,10836,10836,10836,10836,10836,10433,10433,11507,11507,12163,12163,12163,12243,12243,12243,12243,12169,12169,12169,12169,12021,12021,10994,10994,4596,4596,4596,7317,7317,7317,7317,6647,6647,6647,6647,7903,7903,6960,6960,7107,7107,3707,3707,3707,9610,9610,9610,9610,9146,9146,9146,10401,10401,8227,8227,7109,7109,7109,11301,11301,11301,9926,9926,9926,9294,9294,9294,9294,9773,9773,9773,9773,5309,5309,8087,8087,8709,8709,8709,8603,8603,8603,8414,8414,8414,8788,8788,11484,11484,12143,12143,12143,9986,9986,9986,10008,10008,10008,10008,9927,9927,9927,9927,9210,9210,9360,9360,8887,8887,10897,10897,10897,12712,12712,12712,5052,5052,5052,5052,14737,14737,14737,13319,13319,9902,9902,9139,9139,9139,6840,6840,6840,6840,9726,9726,9726,11190,11190,7308,7308,9828,9828,9828,8385,8385,8385,9601,9601,9601,9601,7553,7553,7553,8083,8083,8083,7970,7970,7970,9109,9109,9109,7187,7187,7187,7187,9374,9374,9374,9003,9003,6684,6684,8590,8590,8590,7339,7339,7339,7339,10404,10404,10404,10404,8958,8958,8958,6404,6404,7597,7597,8117,8117,8117,7936,7936,7936,7936,5939,5939,5939,5939,10401,10401,9112,9216,9216,7248,7248,7248,7587,7587,7587,8444,8444,8444,6436,6436,5340,5352,5352,3647,3647,3647,7545,7545,7545,8002,8002,8002,8002,11960,11960,11960,11960,11960,6948,6948,6948,7271,7271,7271,7357,7357,7357,7357,5808,5808,5808,6524,6524,6524,6796,6796,6474,6474,6290,6290,6290,6676,6676,6676,7032,7032,7032,9124,9124,8353,8353,6646,6646,6881,6881,7359,7359,9513,9513,9358,9358,7463,7463,8089,8089,8089,7070,7070,7070,9226,9226,9226,9226,7079,7079,7079,8779,8779,9662,9662,7918,7918,9803,9803,9803,8618,8618,8618,11442,11442,8227,8227,2680,2680,5819,5819,5819,8800,8800,8800,8800,10386,10386,10386,9572,9043,6304,6304,8036,8036,6250,6250,6331,6331,8225,8225,7188,7188,7839,7839,9616,9616,9616,7889,7889,7889,5310,5310,5310,3834,3834,3834,5451,5451,4021,4640,7752,7752,7171,6568,6568,3960,3960,7374,7374,7374,4291,4291,4291,6234,6234,6455,6455,6098,6098,4578,4578
40,3.542000000000000259,5280,3548,4961,4961,4686,4686,3746,3746,3833,3833,4840,4840,4840,6180,6180,4894,4894,4265,4265,3644,3644,3644,5109,5109,5109,3259,3259,4815,4815,5742,5742,3531,3531,3531,4473,4473,4473,4582,4582,4582,4286,4286,4528,4528,4007,4007,4007,4983,4983,4983,6055,6055,6055,6055,1881,1881,1881,1881,2057,2057,263,263,222,222,222,2730,2730,2730,2730,3981,3981,3981,3981,3995,3995,4042,4042,4958,4958,3658,3658,3658,4395,4395,4395,3970,3970,3970,3970,4169,4169,4387,4387,3711,3711,3711,3576,3576,3576,3045,3045,3045,3045,1887,1887,2251,2251,2334,2334,3398,3398,3398,2964,2964,2964,3373,3373,3373,4761,4761,4727,4727,4515,4515,4515,4630,4630,4630,4630,4371,4371,4371,4371,5288,5288,5288,3439,3439,2447,2447,2534,2534,2534,2386,2386,2386,2386,2739,2739,2739,3492,3492,3719,3719,3040,3040,3040,3241,3241,3241,2932,2932,2932,2932,3464,3464,3464,3251,3251,3385,3385,1965,1965,1965,2158,2158,2158,2158,4099,4099,4099,4099,5495,5495,5495,5312,5312,3530,3530,3530,5885,5885,5885,5885,8382,8382,8382,8382,8570,8570,8570,8570,8570,7712,7712,8134,8134,8622,8622,8622,7593,7593,7593,7593,8028,8028,8028,8028,7759,7759,7659,7659,2764,2764,2764,5497,5497,5497,5497,6736,6736,6736,6736,7109,7109,5031,5031,3433,3433,2835,2835,2835,7529,7529,7529,7529,7549,7549,7549,7964,7964,6541,6541,6404,6404,6404,7946,7946,7946,8041,8041,8041,5234,5234,5234,5234,7014,7014,7014,7014,3782,3782,6501,6501,7412,7412,7412,6722,6722,6722,6163,6163,6163,6255,6255,8612,8612,8647,8647,8647,8032,8032,8032,7807,7807,7807,7807,8003,8003,8003,8003,7924,7924,7957,7957,6835,6835,8406,8406,8406,8903,8903,8903,-816,-816,-816,-816,11130,11130,11130,9923,9923,8106,8106,6472,6472,6472,5857,5857,5857,5857,8611,8611,8611,8844,8844,7711,7711,8797,8797,8797,6112,6112,6112,8914,8914,8914,8914,4869,4869,4869,7432,7432,7432,5496,5496,5496,7386,7386,7386,5638,5638,5638,5638,6722,6722,6722,8278,8278,6619,6619,7047,7047,7047,5367,5367,5367,5367,3590,3590,3590,3590,4345,4345,4345,2336,2336,6955,6955,6895,6895,6895,4536,4536,4536,4536,2014,2014,2014,2014,4880,4880,5528,6684,6684,4728,4728,4728,7749,7749,7749,6764,6764,6764,6106,6106,5224,5566,5566,2558,2558,2558,6189,6189,6189,5792,5792,5792,5792,10362,10362,10362,10362,10362,3861,3861,3861,4956,4956,4956,3861,3861,3861,3861,4619,4619,4619,6363,6363,6363,7165,7165,4924,4924,5538,5538,5538,5956,5956,5956,5604,5604,5604,6572,6572,7143,7143,5774,5774,6430,6430,7018,7018,7421,7421,7679,7679,7311,7311,7281,7281,7281,5703,5703,5703,8114,8114,8114,8114,6313,6313,6313,6702,6702,7900,7900,5215,5215,6830,6830,6830,7272,7272,7272,8603,8603,4745,4745,3429,3429,5451,5451,5451,6341,6341,6341,6341,8270,8270,8270,7627,7259,4813,4813,5932,5932,5239,5239,6413,6413,5949,5949,6449,6449,6096,6096,7867,7867,7867,7484,7484,7484,4157,4157,4157,3786,3786,3786,5154,5154,4256,4034,6474,6474,6046,4487,4487,4032,4032,6186,6186,6186,4044,4044,4044,4886,4886,5121,5121,4854,4854,3436,3436
41,3.742000000000000437,3877,2728,3575,3575,2984,2984,2194,2194,1809,1809,3178,3178,3178,5324,5324,5292,5292,4310,4310,3661,3661,3661,4073,4073,4073,3404,3404,4017,4017,4920,4920,3679,3679,3679,3459,3459,3459,3556,3556,3556,3842,3842,3782,3782,2617,2617,2617,3660,3660,3660,5089,5089,5089,5089,2209,2209,2209,2209,4384,4384,2274,2274,795,795,795,2487,2487,2487,2487,2761,2761,2761,2761,3247,3247,4498,4498,4731,4731,3206,3206,3206,3146,3146,3146,2994,2994,2994,2994,3773,3773,3924,3924,2833,2833,2833,2407,2407,2407,2887,2887,2887,2887,1761,1761,1801,1801,2109,2109,1709,1709,1709,1019,1019,1019,1244,1244,1244,1881,1881,3047,3047,3500,3500,3500,3159,3159,3159,3159,2623,2623,2623,2623,3489,3489,3489,2214,2214,2113,2113,1896,1896,1896,1655,1655,1655,1655,1915,1915,1915,2108,2108,2992,2992,2129,2129,2129,1932,1932,1932,2041,2041,2041,2041,1961,1961,1961,1682,1682,2238,2238,1361,1361,1361,945,945,945,945,3331,3331,3331,3331,3841,3841,3841,4131,4131,1710,1710,1710,3583,3583,3583,3583,6945,6945,6945,6945,7056,7056,7056,7056,7056,5677,5677,5221,5221,5502,5502,5502,4159,4159,4159,4159,4425,4425,4425,4425,3918,3918,3165,3165,2010,2010,2010,4081,4081,4081,4081,6296,6296,6296,6296,5803,5803,3734,3734,315,315,3126,3126,3126,5586,5586,5586,5586,6344,6344,6344,5661,5661,4677,4677,5782,5782,5782,5092,5092,5092,6369,6369,6369,3277,3277,3277,3277,5586,5586,5586,5586,4372,4372,4965,4965,6002,6002,6002,5543,5543,5543,5413,5413,5413,5240,5240,6050,6050,4778,4778,4778,5899,5899,5899,6142,6142,6142,6142,6304,6304,6304,6304,6876,6876,7187,7187,5111,5111,6036,6036,6036,5733,5733,5733,-2338,-2338,-2338,-2338,6777,6777,6777,6504,6504,5741,5741,4531,4531,4531,5315,5315,5315,5315,7408,7408,7408,6709,6709,8462,8462,7732,7732,7732,4892,4892,4892,8196,8196,8196,8196,4529,4529,4529,6926,6926,6926,4040,4040,4040,5947,5947,5947,4681,4681,4681,4681,4351,4351,4351,6929,6929,6262,6262,5260,5260,5260,4425,4425,4425,4425,-649,-649,-649,-649,2570,2570,2570,1672,1672,6097,6097,5165,5165,5165,2167,2167,2167,2167,1849,1849,1849,1849,1357,1357,2675,4724,4724,3139,3139,3139,6867,6867,6867,4822,4822,4822,5477,5477,4300,3953,3953,809,809,809,2833,2833,2833,3156,3156,3156,3156,7637,7637,7637,7637,7637,1604,1604,1604,2586,2586,2586,937,937,937,937,3948,3948,3948,5247,5247,5247,5805,5805,3151,3151,3496,3496,3496,4103,4103,4103,3801,3801,3801,3627,3627,4822,4822,4497,4497,4787,4787,5983,5983,5130,5130,5367,5367,5920,5920,5109,5109,5109,4045,4045,4045,5738,5738,5738,5738,5131,5131,5131,4503,4503,5119,5119,2361,2361,4232,4232,4232,6634,6634,6634,5296,5296,1610,1610,3009,3009,4209,4209,4209,3705,3705,3705,3705,4384,4384,4384,4030,3797,2966,2966,2861,2861,3341,3341,5456,5456,3213,3213,4105,4105,3976,3976,5190,5190,5190,6712,6712,6712,3347,3347,3347,4275,4275,4275,4391,4391,4235,3316,4280,4280,4387,2488,2488,3207,3207,3718,3718,3718,3406,3406,3406,2251,2251,2818,2818,2161,2161,2128,2128
42,3.942000000000000171,2241,1477,1532,1532,1186,1186,826,826,-173,-173,980,980,980,3221,3221,4452,4452,3185,3185,2377,2377,2377,1629,1629,1629,2435,2435,2293,2293,2878,2878,2970,2970,2970,1764,1764,1764,1928,1928,1928,2484,2484,2211,2211,555,555,555,1743,1743,1743,3034,3034,3034,3034,1929,1929,1929,1929,4821,4821,3369,3369,1123,1123,1123,1600,1600,1600,1600,262,262,262,262,1686,1686,3488,3488,3025,3025,2222,2222,2222,1276,1276,1276,1579,1579,1579,1579,2581,2581,2816,2816,1207,1207,1207,776,776,776,2343,2343,2343,2343,1758,1758,1222,1222,1447,1447,71,71,71,-938,-938,-938,-1481,-1481,-1481,-1593,-1593,96,96,1537,1537,1537,1064,1064,1064,1064,286,286,286,286,1139,1139,1139,826,826,918,918,549,549,549,636,636,636,636,671,671,671,156,156,1345,1345,655,655,655,332,332,332,741,741,741,741,84,84,84,-46,-46,489,489,266,266,266,-628,-628,-628,-628,1619,1619,1619,1619,1524,1524,1524,1943,1943,-185,-185,-185,766,766,766,766,4570,4570,4570,4570,5152,5152,5152,5152,5152,3766,3766,2745,2745,3035,3035,3035,1716,1716,1716,1716,1915,1915,1915,1915,879,879,-720,-720,1309,1309,1309,2196,2196,2196,2196,3963,3963,3963,3963,3255,3255,1957,1957,-2018,-2018,2871,2871,2871,3444,3444,3444,3444,4310,4310,4310,3048,3048,2131,2131,3970,3970,3970,2516,2516,2516,3690,3690,3690,1833,1833,1833,1833,4221,4221,4221,4221,4613,4613,2962,2962,4034,4034,4034,4007,4007,4007,4394,4394,4394,4114,4114,3632,3632,2033,2033,2033,3570,3570,3570,4056,4056,4056,4056,4452,4452,4452,4452,5195,5195,5618,5618,2946,2946,3711,3711,3711,2885,2885,2885,288,288,288,288,4027,4027,4027,3801,3801,3026,3026,2959,2959,2959,4265,4265,4265,4265,5164,5164,5164,4254,4254,7114,7114,5572,5572,5572,3654,3654,3654,6339,6339,6339,6339,4104,4104,4104,5508,5508,5508,2873,2873,2873,3985,3985,3985,3202,3202,3202,3202,2124,2124,2124,4147,4147,4491,4491,3141,3141,3141,3840,3840,3840,3840,-2006,-2006,-2006,-2006,1550,1550,1550,2125,2125,4093,4093,2886,2886,2886,889,889,889,889,2359,2359,2359,2359,-632,-632,1180,2814,2814,1767,1767,1767,4451,4451,4451,2059,2059,2059,3397,3397,1950,994,994,-1134,-1134,-1134,-927,-927,-927,-485,-485,-485,-485,3743,3743,3743,3743,3743,-508,-508,-508,-10,-10,-10,-617,-617,-617,-617,2410,2410,2410,2779,2779,2779,2768,2768,706,706,778,778,778,1185,1185,1185,1467,1467,1467,554,554,1369,1369,2367,2367,2212,2212,3583,3583,2460,2460,2647,2647,2946,2946,2404,2404,2404,1644,1644,1644,2267,2267,2267,2267,2756,2756,2756,1958,1958,1605,1605,448,448,1388,1388,1388,5027,5027,5027,2160,2160,-945,-945,955,955,1912,1912,1912,1176,1176,1176,1176,-141,-141,-141,-683,-78,289,289,102,102,643,643,2711,2711,155,155,1174,1174,1191,1191,1214,1214,1214,4138,4138,4138,2088,2088,2088,3715,3715,3715,2566,2566,3004,1745,1431,1431,1546,193,193,939,939,546,546,546,1484,1484,1484,-660,-660,-250,-250,-558,-558,248,248
43,4.142000000000000348,557,266,-8,-8,-122,-122,-262,-262,-1260,-1260,-904,-904,-904,1002,1002,2407,2407,1307,1307,359,359,359,-1052,-1052,-1052,508,508,438,438,417,417,1895,1895,1895,53,53,53,84,84,84,911,911,717,717,-726,-726,-726,-280,-280,-280,636,636,636,636,1147,1147,1147,1147,3365,3365,3187,3187,1316,1316,1316,846,846,846,846,-2035,-2035,-2035,-2035,-383,-383,1732,1732,1139,1139,844,844,844,-126,-126,-126,-48,-48,-48,-48,1096,1096,1132,1132,-433,-433,-433,-700,-700,-700,1549,1549,1549,1549,1841,1841,869,869,722,722,-1380,-1380,-1380,-2480,-2480,-2480,-3473,-3473,-3473,-4192,-4192,-2868,-2868,-422,-422,-422,-465,-465,-465,-465,-1671,-1671,-1671,-1671,-965,-965,-965,-455,-455,-390,-390,-540,-540,-540,-362,-362,-362,-362,-561,-561,-561,-1494,-1494,-917,-917,-735,-735,-735,-760,-760,-760,-334,-334,-334,-334,-1249,-1249,-1249,-1518,-1518,-964,-964,-770,-770,-770,-1810,-1810,-1810,-1810,-545,-545,-545,-545,-1052,-1052,-1052,-390,-390,-1840,-1840,-1840,-1611,-1611,-1611,-1611,1439,1439,1439,1439,2428,2428,2428,2428,2428,921,921,610,610,955,955,955,515,515,515,515,178,178,178,178,-1649,-1649,-4191,-4191,-26,-26,-26,-350,-350,-350,-350,120,120,120,120,-131,-131,-537,-537,-3584,-3584,1433,1433,1433,245,245,245,245,954,954,954,-517,-517,-1052,-1052,814,814,814,-44,-44,-44,373,373,373,578,578,578,578,1701,1701,1701,1701,3334,3334,278,278,1216,1216,1216,1449,1449,1449,2504,2504,2504,2185,2185,704,704,-959,-959,-959,584,584,584,950,950,950,950,1212,1212,1212,1212,2121,2121,2558,2558,390,390,837,837,837,190,190,190,4283,4283,4283,4283,1528,1528,1528,1062,1062,-70,-70,1282,1282,1282,1710,1710,1710,1710,1605,1605,1605,1295,1295,3427,3427,2185,2185,2185,1343,1343,1343,3044,3044,3044,3044,2270,2270,2270,2741,2741,2741,869,869,869,1152,1152,1152,952,952,952,952,-715,-715,-715,376,376,1318,1318,326,326,326,2416,2416,2416,2416,-789,-789,-789,-789,1051,1051,1051,2201,2201,1343,1343,305,305,305,-527,-527,-527,-527,2498,2498,2498,2498,-1319,-1319,-131,473,473,115,115,115,698,698,698,-964,-964,-964,352,352,-508,-1597,-1597,-2289,-2289,-2289,-4308,-4308,-4308,-3847,-3847,-3847,-3847,-480,-480,-480,-480,-480,-2339,-2339,-2339,-2592,-2592,-2592,-1867,-1867,-1867,-1867,193,193,193,-411,-411,-411,-571,-571,-1592,-1592,-2166,-2166,-2166,-1636,-1636,-1636,-1185,-1185,-1185,-2092,-2092,-1710,-1710,-427,-427,-231,-231,512,512,-416,-416,-663,-663,-315,-315,-931,-931,-931,-821,-821,-821,-1364,-1364,-1364,-1364,-62,-62,-62,-845,-845,-1614,-1614,-1375,-1375,-1064,-1064,-1064,1871,1871,1871,-1906,-1906,-3446,-3446,-1466,-1466,-911,-911,-911,-1255,-1255,-1255,-1255,-4135,-4135,-4135,-3993,-3281,-1896,-1896,-2305,-2305,-1098,-1098,-594,-594,-2426,-2426,-1415,-1415,-1386,-1386,-2273,-2273,-2273,576,576,576,401,401,401,1526,1526,1526,225,225,753,-261,-1367,-1367,-1023,-1616,-1616,-1083,-1083,-2315,-2315,-2315,-1295,-1295,-1295,-3462,-3462,-2753,-2753,-2953,-2953,-1786,-1786
44,4.342000000000000526,-583,-433,-754,-754,-805,-805,-821,-821,-1370,-1370,-1651,-1651,-1651,-763,-763,-183,-183,-710,-710,-1526,-1526,-1526,-2943,-2943,-2943,-1308,-1308,-1318,-1318,-1379,-1379,571,571,571,-822,-822,-822,-1095,-1095,-1095,-275,-275,-488,-488,-1205,-1205,-1205,-1462,-1462,-1462,-1671,-1671,-1671,-1671,355,355,355,355,870,870,1991,1991,1398,1398,1398,325,325,325,325,-2960,-2960,-2960,-2960,-1662,-1662,-125,-125,-476,-476,-91,-91,-91,-941,-941,-941,-975,-975,-975,-975,-154,-154,-160,-160,-1244,-1244,-1244,-1262,-1262,-1262,549,549,549,549,1640,1640,843,843,283,283,-1899,-1899,-1899,-3087,-3087,-3087,-3753,-3753,-3753,-5202,-5202,-4890,-4890,-1883,-1883,-1883,-1348,-1348,-1348,-1348,-2873,-2873,-2873,-2873,-2378,-2378,-2378,-1268,-1268,-1134,-1134,-829,-829,-829,-1049,-1049,-1049,-1049,-1406,-1406,-1406,-2460,-2460,-2525,-2525,-1728,-1728,-1728,-1297,-1297,-1297,-1098,-1098,-1098,-1098,-1735,-1735,-1735,-2224,-2224,-1743,-1743,-1240,-1240,-1240,-2054,-2054,-2054,-2054,-2149,-2149,-2149,-2149,-2897,-2897,-2897,-2316,-2316,-2738,-2738,-2738,-3194,-3194,-3194,-3194,-2049,-2049,-2049,-2049,-591,-591,-591,-591,-591,-1753,-1753,-1652,-1652,-1159,-1159,-1159,-885,-885,-885,-885,-1270,-1270,-1270,-1270,-3369,-3369,-6043,-6043,-1893,-1893,-1893,-3146,-3146,-3146,-3146,-3099,-3099,-3099,-3099,-3303,-3303,-3144,-3144,-4232,-4232,-619,-619,-619,-2659,-2659,-2659,-2659,-2454,-2454,-2454,-3715,-3715,-3737,-3737,-2299,-2299,-2299,-2400,-2400,-2400,-2421,-2421,-2421,-1035,-1035,-1035,-1035,-1075,-1075,-1075,-1075,837,837,-2353,-2353,-1631,-1631,-1631,-1347,-1347,-1347,-366,-366,-366,-245,-245,-1984,-1984,-3118,-3118,-3118,-2043,-2043,-2043,-2159,-2159,-2159,-2159,-1691,-1691,-1691,-1691,-1009,-1009,-845,-845,-1953,-1953,-1523,-1523,-1523,-2748,-2748,-2748,6416,6416,6416,6416,-498,-498,-498,-1528,-1528,-2602,-2602,-860,-860,-860,-878,-878,-878,-878,-2250,-2250,-2250,-2050,-2050,-900,-900,-1693,-1693,-1693,-1140,-1140,-1140,-1016,-1016,-1016,-1016,-341,-341,-341,-858,-858,-858,-1121,-1121,-1121,-1949,-1949,-1949,-1555,-1555,-1555,-1555,-2884,-2884,-2884,-3330,-3330,-1616,-1616,-2162,-2162,-2162,400,400,400,400,535,535,535,535,145,145,145,1419,1419,-1761,-1761,-1779,-1779,-1779,-1774,-1774,-1774,-1774,968,968,968,968,-1707,-1707,-1244,-1601,-1601,-1357,-1357,-1357,-2709,-2709,-2709,-3690,-3690,-3690,-2777,-2777,-2736,-3085,-3085,-2398,-2398,-2398,-6184,-6184,-6184,-5742,-5742,-5742,-5742,-4568,-4568,-4568,-4568,-4568,-3467,-3467,-3467,-4388,-4388,-4388,-2546,-2546,-2546,-2546,-2257,-2257,-2257,-3355,-3355,-3355,-3566,-3566,-3292,-3292,-3968,-3968,-3968,-3637,-3637,-3637,-3009,-3009,-3009,-3798,-3798,-3801,-3801,-2695,-2695,-2186,-2186,-2412,-2412,-2813,-2813,-3305,-3305,-2953,-2953,-3302,-3302,-3302,-2897,-2897,-2897,-4031,-4031,-4031,-4031,-2754,-2754,-2754,-3107,-3107,-3820,-3820,-2568,-2568,-2954,-2954,-2954,-1441,-1441,-1441,-4856,-4856,-5312,-5312,-3881,-3881,-2859,-2859,-2859,-3088,-3088,-3088,-3088,-6350,-6350,-6350,-6231,-5190,-3166,-3166,-3596,-3596,-1966,-1966,-3507,-3507,-3989,-3989,-3022,-3022,-3286,-3286,-4531,-4531,-4531,-3175,-3175,-3175,-1170,-1170,-1170,-1014,-1014,-1014,-1950,-1950,-1527,-2139,-3458,-3458,-3187,-2873,-2873,-2719,-2719,-4330,-4330,-4330,-3487,-3487,-3487,-4666,-4666,-4112,-4112,-3856,-3856,-3023,-3023
45,4.542000000000000703,-1236,-739,-1044,-1044,-1241,-1241,-1223,-1223,-1093,-1093,-1535,-1535,-1535,-2059,-2059,-2340,-2340,-2574,-2574,-3010,-3010,-3010,-3663,-3663,-3663,-2712,-2712,-2662,-2662,-2480,-2480,-927,-927,-927,-1246,-1246,-1246,-1765,-1765,-1765,-1121,-1121,-1449,-1449,-1212,-1212,-1212,-2035,-2035,-2035,-3038,-3038,-3038,-3038,-286,-286,-286,-286,-1291,-1291,342,342,1173,1173,1173,64,64,64,64,-2569,-2569,-2569,-2569,-2286,-2286,-1495,-1495,-1437,-1437,-1007,-1007,-1007,-1349,-1349,-1349,-1413,-1413,-1413,-1413,-1204,-1204,-1306,-1306,-1509,-1509,-1509,-1114,-1114,-1114,-584,-584,-584,-584,993,993,738,738,-270,-270,-1897,-1897,-1897,-2861,-2861,-2861,-2570,-2570,-2570,-4243,-4243,-5395,-5395,-2925,-2925,-2925,-1673,-1673,-1673,-1673,-3327,-3327,-3327,-3327,-2969,-2969,-2969,-1741,-1741,-1530,-1530,-809,-809,-809,-1479,-1479,-1479,-1479,-1915,-1915,-1915,-2903,-2903,-3570,-3570,-2452,-2452,-2452,-1670,-1670,-1670,-1457,-1457,-1457,-1457,-1803,-1803,-1803,-2378,-2378,-2245,-2245,-1566,-1566,-1566,-1867,-1867,-1867,-1867,-3113,-3113,-3113,-3113,-3968,-3968,-3968,-3556,-3556,-3019,-3019,-3019,-4179,-4179,-4179,-4179,-5023,-5023,-5023,-5023,-3616,-3616,-3616,-3616,-3616,-4738,-4738,-3470,-3470,-3062,-3062,-3062,-2061,-2061,-2061,-2061,-2410,-2410,-2410,-2410,-4500,-4500,-7092,-7092,-3921,-3921,-3921,-5671,-5671,-5671,-5671,-5731,-5731,-5731,-5731,-5925,-5925,-5355,-5355,-4357,-4357,-2864,-2864,-2864,-5407,-5407,-5407,-5407,-5466,-5466,-5466,-6388,-6388,-5721,-5721,-4823,-4823,-4823,-4345,-4345,-4345,-4687,-4687,-4687,-2773,-2773,-2773,-2773,-4017,-4017,-4017,-4017,-2398,-2398,-4688,-4688,-4265,-4265,-4265,-4356,-4356,-4356,-3183,-3183,-3183,-2522,-2522,-4365,-4365,-4646,-4646,-4646,-4656,-4656,-4656,-4731,-4731,-4731,-4731,-5074,-5074,-5074,-5074,-4426,-4426,-4317,-4317,-4143,-4143,-4036,-4036,-4036,-5005,-5005,-5005,6072,6072,6072,6072,-2922,-2922,-2922,-3706,-3706,-4611,-4611,-3274,-3274,-3274,-3638,-3638,-3638,-3638,-5389,-5389,-5389,-5121,-5121,-5065,-5065,-4940,-4940,-4940,-3769,-3769,-3769,-5038,-5038,-5038,-5038,-3105,-3105,-3105,-4002,-4002,-4002,-3211,-3211,-3211,-4494,-4494,-4494,-3757,-3757,-3757,-3757,-4777,-4777,-4777,-6077,-6077,-4459,-4459,-4352,-4352,-4352,-2306,-2306,-2306,-2306,1422,1422,1422,1422,-703,-703,-703,-310,-310,-4041,-4041,-3833,-3833,-3833,-3304,-3304,-3304,-3304,-745,-745,-745,-745,-2014,-2014,-2870,-3837,-3837,-3273,-3273,-3273,-5345,-5345,-5345,-5392,-5392,-5392,-5563,-5563,-4397,-3755,-3755,-2373,-2373,-2373,-6831,-6831,-6831,-6531,-6531,-6531,-6531,-7925,-7925,-7925,-7925,-7925,-4036,-4036,-4036,-5722,-5722,-5722,-3004,-3004,-3004,-3004,-4367,-4367,-4367,-5392,-5392,-5392,-5324,-5324,-4342,-4342,-4855,-4855,-4855,-4662,-4662,-4662,-4290,-4290,-4290,-4744,-4744,-4945,-4945,-4406,-4406,-3619,-3619,-4462,-4462,-4726,-4726,-5181,-5181,-5037,-5037,-4881,-4881,-4881,-4157,-4157,-4157,-5624,-5624,-5624,-5624,-4865,-4865,-4865,-4672,-4672,-5299,-5299,-3469,-3469,-4200,-4200,-4200,-4674,-4674,-4674,-7032,-7032,-6407,-6407,-4938,-4938,-3913,-3913,-3913,-4409,-4409,-4409,-4409,-7400,-7400,-7400,-6818,-5593,-3682,-3682,-3849,-3849,-2372,-2372,-5008,-5008,-4381,-4381,-3964,-3964,-4586,-4586,-5874,-5874,-5874,-5922,-5922,-5922,-2355,-2355,-2355,-3537,-3537,-3537,-3884,-3884,-3540,-3649,-4751,-4751,-4528,-3672,-3672,-3451,-3451,-5128,-5128,-5128,-4583,-4583,-4583,-4504,-4504,-4504,-4504,-3775,-3775,-3554,-3554
46,4.741999999999999993,-1424,-923,-1078,-1078,-1592,-1592,-1680,-1680,-905,-905,-1145,-1145,-1145,-2784,-2784,-3944,-3944,-3762,-3762,-3705,-3705,-3705,-3403,-3403,-3403,-3174,-3174,-3256,-3256,-3032,-3032,-2206,-2206,-2206,-1491,-1491,-1491,-1956,-1956,-1956,-1584,-1584,-1902,-1902,-1178,-1178,-1178,-2284,-2284,-2284,-3658,-3658,-3658,-3658,-637,-637,-637,-637,-2631,-2631,-1054,-1054,553,553,553,-274,-274,-274,-274,-1326,-1326,-1326,-1326,-2109,-2109,-2454,-2454,-1951,-1951,-1678,-1678,-1678,-1578,-1578,-1578,-1328,-1328,-1328,-1328,-1791,-1791,-2038,-2038,-1356,-1356,-1356,-732,-732,-732,-1435,-1435,-1435,-1435,-85,-85,336,336,-865,-865,-1710,-1710,-1710,-2046,-2046,-2046,-673,-673,-673,-1867,-1867,-4327,-4327,-3251,-3251,-3251,-1797,-1797,-1797,-1797,-3093,-3093,-3093,-3093,-2944,-2944,-2944,-1921,-1921,-1712,-1712,-844,-844,-844,-1716,-1716,-1716,-1716,-2089,-2089,-2089,-2738,-2738,-3857,-3857,-2785,-2785,-2785,-2106,-2106,-2106,-1689,-1689,-1689,-1689,-1760,-1760,-1760,-2171,-2171,-2357,-2357,-1727,-1727,-1727,-1529,-1529,-1529,-1529,-3265,-3265,-3265,-3265,-4144,-4144,-4144,-3821,-3821,-2878,-2878,-2878,-4489,-4489,-4489,-4489,-7013,-7013,-7013,-7013,-6086,-6086,-6086,-6086,-6086,-6823,-6823,-4858,-4858,-4985,-4985,-4985,-3858,-3858,-3858,-3858,-4141,-4141,-4141,-4141,-5116,-5116,-6956,-6956,-5249,-5249,-5249,-7198,-7198,-7198,-7198,-6912,-6912,-6912,-6912,-6982,-6982,-6337,-6337,-3981,-3981,-4499,-4499,-4499,-6861,-6861,-6861,-6861,-7144,-7144,-7144,-7700,-7700,-6300,-6300,-5958,-5958,-5958,-5731,-5731,-5731,-6109,-6109,-6109,-4609,-4609,-4609,-4609,-6235,-6235,-6235,-6235,-4677,-4677,-6235,-6235,-6025,-6025,-6025,-6178,-6178,-6178,-5403,-5403,-5403,-4295,-4295,-6123,-6123,-5514,-5514,-5514,-6546,-6546,-6546,-6160,-6160,-6160,-6160,-6977,-6977,-6977,-6977,-6599,-6599,-6746,-6746,-5721,-5721,-5812,-5812,-5812,-7002,-7002,-7002,3443,3443,3443,3443,-4586,-4586,-4586,-5588,-5588,-5858,-5858,-5171,-5171,-5171,-5640,-5640,-5640,-5640,-7242,-7242,-7242,-7027,-7027,-7160,-7160,-7246,-7246,-7246,-5658,-5658,-5658,-7535,-7535,-7535,-7535,-5193,-5193,-5193,-6125,-6125,-6125,-4720,-4720,-4720,-6128,-6128,-6128,-5267,-5267,-5267,-5267,-5679,-5679,-5679,-7675,-7675,-6029,-6029,-5762,-5762,-5762,-4849,-4849,-4849,-4849,309,309,309,309,-2336,-2336,-2336,-2492,-2492,-5793,-5793,-5316,-5316,-5316,-4609,-4609,-4609,-4609,-3231,-3231,-3231,-3231,-3072,-3072,-4546,-5547,-5547,-4753,-4753,-4753,-6486,-6486,-6486,-5988,-5988,-5988,-6802,-6802,-5305,-3911,-3911,-2418,-2418,-2418,-6014,-6014,-6014,-5901,-5901,-5901,-5901,-9602,-9602,-9602,-9602,-9602,-4041,-4041,-4041,-5984,-5984,-5984,-3413,-3413,-3413,-3413,-5494,-5494,-5494,-6214,-6214,-6214,-5830,-5830,-4668,-4668,-4712,-4712,-4712,-4627,-4627,-4627,-4729,-4729,-4729,-5057,-5057,-5115,-5115,-5008,-5008,-4357,-4357,-5432,-5432,-5907,-5907,-6271,-6271,-5860,-5860,-5323,-5323,-5323,-4589,-4589,-4589,-5872,-5872,-5872,-5872,-5602,-5602,-5602,-5241,-5241,-5851,-5851,-4182,-4182,-4823,-4823,-4823,-6539,-6539,-6539,-8038,-8038,-6525,-6525,-4713,-4713,-3742,-3742,-3742,-4961,-4961,-4961,-4961,-6681,-6681,-6681,-5779,-4479,-3176,-3176,-3319,-3319,-2482,-2482,-5090,-5090,-3857,-3857,-4410,-4410,-5005,-5005,-6036,-6036,-6036,-7375,-7375,-7375,-3132,-3132,-3132,-4852,-4852,-4852,-4879,-4879,-4615,-4273,-5071,-5071,-5004,-3918,-3918,-3364,-3364,-4806,-4806,-4806,-4349,-4349,-4349,-3392,-3392,-3959,-3959,-3202,-3202,-3368,-3368
47,4.942000000000000171,-1380,-921,-1244,-1244,-2064,-2064,-2008,-2008,-795,-795,-761,-761,-761,-3104,-3104,-4531,-4531,-4190,-4190,-3569,-3569,-3569,-2210,-2210,-2210,-2660,-2660,-3018,-3018,-2941,-2941,-2999,-2999,-2999,-1626,-1626,-1626,-1624,-1624,-1624,-1676,-1676,-1849,-1849,-1028,-1028,-1028,-2167,-2167,-2167,-3397,-3397,-3397,-3397,-975,-975,-975,-975,-2734,-2734,-1978,-1978,-155,-155,-155,-599,-599,-599,-599,52,52,52,52,-1283,-1283,-2723,-2723,-2247,-2247,-1978,-1978,-1978,-1528,-1528,-1528,-907,-907,-907,-907,-1994,-1994,-2499,-2499,-889,-889,-889,-281,-281,-281,-1797,-1797,-1797,-1797,-1215,-1215,-482,-482,-1604,-1604,-1422,-1422,-1422,-617,-617,-617,1319,1319,1319,762,762,-1833,-1833,-2811,-2811,-2811,-1724,-1724,-1724,-1724,-2239,-2239,-2239,-2239,-2555,-2555,-2555,-1901,-1901,-1635,-1635,-1137,-1137,-1137,-1854,-1854,-1854,-1854,-2016,-2016,-2016,-2014,-2014,-3200,-3200,-2544,-2544,-2544,-2420,-2420,-2420,-1830,-1830,-1830,-1830,-1612,-1612,-1612,-1545,-1545,-2173,-2173,-1721,-1721,-1721,-1206,-1206,-1206,-1206,-2768,-2768,-2768,-2768,-3368,-3368,-3368,-3389,-3389,-2399,-2399,-2399,-4071,-4071,-4071,-4071,-7475,-7475,-7475,-7475,-7445,-7445,-7445,-7445,-7445,-7237,-7237,-5631,-5631,-6161,-6161,-6161,-5183,-5183,-5183,-5183,-5219,-5219,-5219,-5219,-4860,-4860,-5462,-5462,-5110,-5110,-5110,-6765,-6765,-6765,-6765,-6236,-6236,-6236,-6236,-6336,-6336,-5494,-5494,-2848,-2848,-5053,-5053,-5053,-6697,-6697,-6697,-6697,-7112,-7112,-7112,-6990,-6990,-5441,-5441,-5876,-5876,-5876,-6172,-6172,-6172,-6460,-6460,-6460,-5416,-5416,-5416,-5416,-7107,-7107,-7107,-7107,-5762,-5762,-6277,-6277,-6454,-6454,-6454,-6502,-6502,-6502,-6201,-6201,-6201,-4947,-4947,-6516,-6516,-5466,-5466,-5466,-7121,-7121,-7121,-6266,-6266,-6266,-6266,-7523,-7523,-7523,-7523,-7402,-7402,-7774,-7774,-6169,-6169,-6689,-6689,-6689,-7717,-7717,-7717,-475,-475,-475,-475,-6083,-6083,-6083,-6722,-6722,-6061,-6061,-5919,-5919,-5919,-6457,-6457,-6457,-6457,-7657,-7657,-7657,-7570,-7570,-7733,-7733,-7835,-7835,-7835,-6128,-6128,-6128,-8419,-8419,-8419,-8419,-5546,-5546,-5546,-6809,-6809,-6809,-5263,-5263,-5263,-6345,-6345,-6345,-5523,-5523,-5523,-5523,-5463,-5463,-5463,-7144,-7144,-6321,-6321,-6058,-6058,-6058,-6393,-6393,-6393,-6393,-1662,-1662,-1662,-1662,-3637,-3637,-3637,-4203,-4203,-6357,-6357,-6032,-6032,-6032,-4955,-4955,-4955,-4955,-4371,-4371,-4371,-4371,-3678,-3678,-5542,-6189,-6189,-5307,-5307,-5307,-5974,-5974,-5974,-5169,-5169,-5169,-5983,-5983,-4867,-3604,-3604,-2421,-2421,-2421,-3817,-3817,-3817,-4135,-4135,-4135,-4135,-9181,-9181,-9181,-9181,-9181,-3157,-3157,-3157,-4811,-4811,-4811,-3329,-3329,-3329,-3329,-5229,-5229,-5229,-5396,-5396,-5396,-4921,-4921,-4110,-4110,-3609,-3609,-3609,-3616,-3616,-3616,-4174,-4174,-4174,-4420,-4420,-4453,-4453,-4377,-4377,-4228,-4228,-5019,-5019,-5793,-5793,-6097,-6097,-5371,-5371,-4712,-4712,-4712,-4028,-4028,-4028,-4697,-4697,-4697,-4697,-4861,-4861,-4861,-4569,-4569,-5345,-5345,-4098,-4098,-4397,-4397,-4397,-7018,-7018,-7018,-7324,-7324,-5044,-5044,-3136,-3136,-2567,-2567,-2567,-4427,-4427,-4427,-4427,-4740,-4740,-4740,-3740,-2695,-2127,-2127,-1962,-1962,-2269,-2269,-3734,-3734,-2638,-2638,-4189,-4189,-4352,-4352,-5024,-5024,-5024,-6830,-6830,-6830,-3342,-3342,-3342,-4531,-4531,-4531,-4747,-4747,-4388,-3902,-4325,-4325,-4498,-3609,-3609,-2646,-2646,-3537,-3537,-3537,-3089,-3089,-3089,-1927,-1927,-2790,-2790,-2226,-2226,-2534,-2534
48,5.142000000000000348,-1178,-961,-1464,-1464,-2214,-2214,-1969,-1969,-729,-729,-702,-702,-702,-2986,-2986,-4017,-4017,-3446,-3446,-2592,-2592,-2592,-907,-907,-907,-1483,-1483,-2160,-2160,-2332,-2332,-2988,-2988,-2988,-1628,-1628,-1628,-1148,-1148,-1148,-1431,-1431,-1510,-1510,-744,-744,-744,-1735,-1735,-1735,-2554,-2554,-2554,-2554,-1321,-1321,-1321,-1321,-2016,-2016,-2045,-2045,-908,-908,-908,-788,-788,-788,-788,1023,1023,1023,1023,-562,-562,-2446,-2446,-2312,-2312,-1894,-1894,-1894,-1090,-1090,-1090,-435,-435,-435,-435,-1786,-1786,-2319,-2319,-257,-257,-257,26,26,26,-1623,-1623,-1623,-1623,-1854,-1854,-1264,-1264,-2029,-2029,-987,-987,-987,988,988,988,2470,2470,2470,2538,2538,871,871,-1834,-1834,-1834,-1694,-1694,-1694,-1694,-1434,-1434,-1434,-1434,-2048,-2048,-2048,-1797,-1797,-1453,-1453,-1555,-1555,-1555,-1817,-1817,-1817,-1817,-1690,-1690,-1690,-942,-942,-1490,-1490,-1729,-1729,-1729,-2189,-2189,-2189,-1830,-1830,-1830,-1830,-1411,-1411,-1411,-1007,-1007,-1664,-1664,-1506,-1506,-1506,-787,-787,-787,-787,-1916,-1916,-1916,-1916,-2260,-2260,-2260,-2632,-2632,-1667,-1667,-1667,-2940,-2940,-2940,-2940,-6109,-6109,-6109,-6109,-6820,-6820,-6820,-6820,-6820,-5623,-5623,-4967,-4967,-5941,-5941,-5941,-5509,-5509,-5509,-5509,-5120,-5120,-5120,-5120,-3528,-3528,-3010,-3010,-3298,-3298,-3298,-4582,-4582,-4582,-4582,-3961,-3961,-3961,-3961,-4146,-4146,-2864,-2864,-1117,-1117,-4196,-4196,-4196,-5063,-5063,-5063,-5063,-5269,-5269,-5269,-4692,-4692,-3538,-3538,-4544,-4544,-4544,-5206,-5206,-5206,-5603,-5603,-5603,-4356,-4356,-4356,-4356,-5913,-5913,-5913,-5913,-4913,-4913,-4721,-4721,-5384,-5384,-5384,-5068,-5068,-5068,-5029,-5029,-5029,-4109,-4109,-5311,-5311,-4350,-4350,-4350,-5803,-5803,-5803,-4936,-4936,-4936,-4936,-6057,-6057,-6057,-6057,-6140,-6140,-6533,-6533,-5074,-5074,-6257,-6257,-6257,-6747,-6747,-6747,-2706,-2706,-2706,-2706,-6713,-6713,-6713,-6726,-6726,-5066,-5066,-4882,-4882,-4882,-5706,-5706,-5706,-5706,-6153,-6153,-6153,-6114,-6114,-6178,-6178,-6342,-6342,-6342,-5053,-5053,-5053,-7077,-7077,-7077,-7077,-4186,-4186,-4186,-5627,-5627,-5627,-4353,-4353,-4353,-5115,-5115,-5115,-4276,-4276,-4276,-4276,-4154,-4154,-4154,-5267,-5267,-5026,-5026,-5013,-5013,-5013,-6221,-6221,-6221,-6221,-3118,-3118,-3118,-3118,-3868,-3868,-3868,-4372,-4372,-5334,-5334,-5250,-5250,-5250,-3814,-3814,-3814,-3814,-3014,-3014,-3014,-3014,-2698,-2698,-4578,-5313,-5313,-4397,-4397,-4397,-4003,-4003,-4003,-3430,-3430,-3430,-3892,-3892,-3432,-2617,-2617,-1677,-1677,-1677,-1052,-1052,-1052,-1744,-1744,-1744,-1744,-6649,-6649,-6649,-6649,-6649,-1709,-1709,-1709,-2549,-2549,-2549,-2407,-2407,-2407,-2407,-3557,-3557,-3557,-3331,-3331,-3331,-3101,-3101,-2800,-2800,-1918,-1918,-1918,-2230,-2230,-2230,-2887,-2887,-2887,-3167,-3167,-3313,-3313,-2994,-2994,-3244,-3244,-3620,-3620,-4628,-4628,-4584,-4584,-3964,-3964,-3392,-3392,-3392,-2738,-2738,-2738,-2817,-2817,-2817,-2817,-2926,-2926,-2926,-3165,-3165,-3690,-3690,-2992,-2992,-2917,-2917,-2917,-5446,-5446,-5446,-5073,-5073,-2638,-2638,-854,-854,-1214,-1214,-1214,-3093,-3093,-3093,-3093,-2216,-2216,-2216,-1318,-785,-688,-688,-450,-450,-1718,-1718,-1662,-1662,-1473,-1473,-3307,-3307,-2981,-2981,-3357,-3357,-3357,-4867,-4867,-4867,-3169,-3169,-3169,-3041,-3041,-3041,-3449,-3449,-3278,-2753,-3086,-3086,-3250,-2813,-2813,-1642,-1642,-2052,-2052,-2052,-1549,-1549,-1549,-640,-640,-1619,-1619,-1237,-1237,-1302,-1302
49,5.342000000000000526,-931,-983,-1640,-1640,-1858,-1858,-1519,-1519,-617,-617,-1040,-1040,-1040,-2497,-2497,-2714,-2714,-1925,-1925,-1148,-1148,-1148,257,257,257,-87,-87,-999,-999,-1505,-1505,-2108,-2108,-2108,-1483,-1483,-1483,-590,-590,-590,-986,-986,-1136,-1136,-377,-377,-377,-1082,-1082,-1082,-1494,-1494,-1494,-1494,-1533,-1533,-1533,-1533,-990,-990,-1532,-1532,-1377,-1377,-1377,-708,-708,-708,-708,1157,1157,1157,1157,21,21,-1605,-1605,-2007,-2007,-1418,-1418,-1418,-354,-354,-354,-69,-69,-69,-69,-1228,-1228,-1537,-1537,330,330,330,9,9,9,-1176,-1176,-1176,-1176,-2011,-2011,-1777,-1777,-1918,-1918,-339,-339,-339,2086,2086,2086,2418,2418,2418,3043,3043,2705,2705,-735,-735,-735,-1780,-1780,-1780,-1780,-565,-565,-565,-565,-1481,-1481,-1481,-1473,-1473,-957,-957,-1561,-1561,-1561,-1577,-1577,-1577,-1577,-1106,-1106,-1106,247,247,440,440,-552,-552,-552,-1344,-1344,-1344,-1610,-1610,-1610,-1610,-1164,-1164,-1164,-634,-634,-943,-943,-1183,-1183,-1183,-379,-379,-379,-379,-1050,-1050,-1050,-1050,-914,-914,-914,-1572,-1572,-751,-751,-751,-1261,-1261,-1261,-1261,-3294,-3294,-3294,-3294,-4402,-4402,-4402,-4402,-4402,-2666,-2666,-2752,-2752,-4263,-4263,-4263,-3810,-3810,-3810,-3810,-2961,-2961,-2961,-2961,-1419,-1419,44,44,-750,-750,-750,-1102,-1102,-1102,-1102,-1012,-1012,-1012,-1012,-1456,-1456,206,206,630,630,-2223,-2223,-2223,-2220,-2220,-2220,-2220,-2578,-2578,-2578,-1656,-1656,-1033,-1033,-2237,-2237,-2237,-3065,-3065,-3065,-3520,-3520,-3520,-1927,-1927,-1927,-1927,-2979,-2979,-2979,-2979,-2652,-2652,-2128,-2128,-2929,-2929,-2929,-2392,-2392,-2392,-2724,-2724,-2724,-2374,-2374,-3050,-3050,-2306,-2306,-2306,-3055,-3055,-3055,-2609,-2609,-2609,-2609,-3248,-3248,-3248,-3248,-3496,-3496,-3478,-3478,-2637,-2637,-4430,-4430,-4430,-3860,-3860,-3860,-2571,-2571,-2571,-2571,-6141,-6141,-6141,-5022,-5022,-3246,-3246,-2571,-2571,-2571,-3739,-3739,-3739,-3739,-3458,-3458,-3458,-3554,-3554,-3463,-3463,-3478,-3478,-3478,-2745,-2745,-2745,-3809,-3809,-3809,-3809,-1809,-1809,-1809,-3273,-3273,-3273,-2161,-2161,-2161,-3019,-3019,-3019,-2162,-2162,-2162,-2162,-2039,-2039,-2039,-2300,-2300,-2711,-2711,-2860,-2860,-2860,-4408,-4408,-4408,-4408,-2815,-2815,-2815,-2815,-2980,-2980,-2980,-3214,-3214,-2939,-2939,-3218,-3218,-3218,-1620,-1620,-1620,-1620,-368,-368,-368,-368,-593,-593,-2175,-3089,-3089,-2035,-2035,-2035,-1561,-1561,-1561,-1163,-1163,-1163,-853,-853,-1153,-1293,-1293,-448,-448,-448,1052,1052,1052,690,690,690,690,-2936,-2936,-2936,-2936,-2936,79,79,79,194,194,194,-911,-911,-911,-911,-1356,-1356,-1356,-1137,-1137,-1137,-978,-978,-1021,-1021,-398,-398,-398,-876,-876,-876,-1217,-1217,-1217,-1365,-1365,-1584,-1584,-1189,-1189,-1691,-1691,-1715,-1715,-2449,-2449,-2364,-2364,-1953,-1953,-1683,-1683,-1683,-1230,-1230,-1230,-1065,-1065,-1065,-1065,-683,-683,-683,-1257,-1257,-1490,-1490,-1220,-1220,-888,-888,-888,-2784,-2784,-2784,-1963,-1963,470,470,1586,1586,-84,-84,-84,-1585,-1585,-1585,-1585,113,113,113,476,337,356,356,768,768,-859,-859,-10,-10,-634,-634,-1929,-1929,-1317,-1317,-1467,-1467,-1467,-2100,-2100,-2100,-2706,-2706,-2706,-963,-963,-963,-1534,-1534,-1474,-1341,-1479,-1479,-1672,-1545,-1545,-549,-549,-445,-445,-445,-227,-227,-227,220,220,-404,-404,-414,-414,-117,-117
50,5.542000000000000703,-778,-896,-1583,-1583,-1280,-1280,-1010,-1010,-601,-601,-1504,-1504,-1504,-1994,-1994,-1478,-1478,-525,-525,145,145,145,670,670,670,590,590,-168,-168,-799,-799,-1160,-1160,-1160,-1203,-1203,-1203,-246,-246,-246,-650,-650,-801,-801,-218,-218,-218,-706,-706,-706,-903,-903,-903,-903,-1514,-1514,-1514,-1514,-214,-214,-1008,-1008,-1688,-1688,-1688,-553,-553,-553,-553,726,726,726,726,44,44,-819,-819,-1525,-1525,-1021,-1021,-1021,22,22,22,-51,-51,-51,-51,-694,-694,-496,-496,506,506,506,-183,-183,-183,-707,-707,-707,-707,-1759,-1759,-1881,-1881,-1364,-1364,320,320,320,2153,2153,2153,1212,1212,1212,2183,2183,3072,3072,-66,-66,-66,-1997,-1997,-1997,-1997,-123,-123,-123,-123,-899,-899,-899,-1065,-1065,-418,-418,-1127,-1127,-1127,-1220,-1220,-1220,-1220,-529,-529,-529,978,978,1877,1877,415,415,415,-301,-301,-301,-1343,-1343,-1343,-1343,-918,-918,-918,-512,-512,-372,-372,-768,-768,-768,-74,-74,-74,-74,-478,-478,-478,-478,-100,-100,-100,-623,-623,-71,-71,-71,105,105,105,105,-723,-723,-723,-723,-1666,-1666,-1666,-1666,-1666,55,55,-45,-45,-1862,-1862,-1862,-1028,-1028,-1028,-1028,63,63,63,63,807,807,2334,2334,1250,1250,1250,1628,1628,1628,1628,1145,1145,1145,1145,598,598,2733,2733,2033,2033,-70,-70,-70,113,113,113,113,-220,-220,-220,1020,1020,1086,1086,122,122,122,-588,-588,-588,-976,-976,-976,769,769,769,769,16,16,16,16,-249,-249,196,196,-606,-606,-606,3,3,3,-448,-448,-448,-686,-686,-545,-545,-198,-198,-198,-451,-451,-451,-218,-218,-218,-218,-233,-233,-233,-233,-677,-677,-422,-422,-161,-161,-2086,-2086,-2086,-183,-183,-183,-689,-689,-689,-689,-3880,-3880,-3880,-2461,-2461,-839,-839,162,162,162,-1624,-1624,-1624,-1624,-820,-820,-820,-974,-974,-541,-541,-759,-759,-759,-371,-371,-371,-917,-917,-917,-917,493,493,493,-1045,-1045,-1045,-122,-122,-122,-923,-923,-923,-158,-158,-158,-158,-109,-109,-109,-9,-9,-318,-318,-641,-641,-641,-1690,-1690,-1690,-1690,-1011,-1011,-1011,-1011,-1101,-1101,-1101,-1042,-1042,-661,-661,-1015,-1015,-1015,471,471,471,471,2322,2322,2322,2322,1723,1723,345,-770,-770,316,316,316,275,275,275,501,501,501,1139,1139,418,9,9,807,807,807,2161,2161,2161,2292,2292,2292,2292,-3,-3,-3,-3,-3,1406,1406,1406,2137,2137,2137,588,588,588,588,474,474,474,638,638,638,476,476,424,424,543,543,543,-35,-35,-35,120,120,120,314,314,-188,-188,-124,-124,-516,-516,-393,-393,-515,-515,-222,-222,-165,-165,-465,-465,-465,-64,-64,-64,-4,-4,-4,-4,914,914,914,115,115,402,402,351,351,575,575,575,-307,-307,-307,673,673,2753,2753,2948,2948,549,549,549,-143,-143,-143,-143,1681,1681,1681,1560,833,604,604,1169,1169,-43,-43,869,869,-300,-300,-607,-607,-133,-133,40,40,40,-39,-39,-39,-2075,-2075,-2075,609,609,609,117,117,6,-137,-205,-205,-345,-356,-356,-41,-41,350,350,350,670,670,670,591,591,346,346,122,122,666,666
51,5.742000000000000881,-688,-962,-1530,-1530,-914,-914,-539,-539,-783,-783,-1948,-1948,-1948,-1551,-1551,-689,-689,167,167,685,685,685,339,339,339,538,538,96,96,-468,-468,-461,-461,-461,-943,-943,-943,-373,-373,-373,-673,-673,-729,-729,-476,-476,-476,-618,-618,-618,-539,-539,-539,-539,-1367,-1367,-1367,-1367,-25,-25,-648,-648,-1923,-1923,-1923,-693,-693,-693,-693,-199,-199,-199,-199,-302,-302,-316,-316,-1180,-1180,-913,-913,-913,-44,-44,-44,-476,-476,-476,-476,-477,-477,174,174,26,26,26,-656,-656,-656,-536,-536,-536,-536,-1382,-1382,-1821,-1821,-930,-930,528,528,528,1108,1108,1108,-677,-677,-677,172,172,1985,1985,4,4,4,-2263,-2263,-2263,-2263,27,27,27,27,-439,-439,-439,-768,-768,-168,-168,-696,-696,-696,-827,-827,-827,-827,-44,-44,-44,1113,1113,2396,2396,774,774,774,555,555,555,-948,-948,-948,-948,-777,-777,-777,-594,-594,-160,-160,-545,-545,-545,-122,-122,-122,-122,-192,-192,-192,-192,178,178,178,-190,-190,124,124,124,611,611,611,611,1018,1018,1018,1018,584,584,584,584,584,1766,1766,1892,1892,115,115,115,1702,1702,1702,1702,2728,2728,2728,2728,2381,2381,3217,3217,2032,2032,2032,2926,2926,2926,2926,2388,2388,2388,2388,1701,1701,3649,3649,2290,2290,1259,1259,1259,1728,1728,1728,1728,1641,1641,1641,2681,2681,2343,2343,1678,1678,1678,1478,1478,1478,984,984,984,2635,2635,2635,2635,2078,2078,2078,2078,1560,1560,1780,1780,927,927,927,1501,1501,1501,1290,1290,1290,658,658,943,943,1268,1268,1268,1370,1370,1370,1602,1602,1602,1602,1734,1734,1734,1734,1354,1354,1974,1974,1517,1517,4,4,4,3098,3098,3098,1426,1426,1426,1426,-1008,-1008,-1008,363,363,951,951,2246,2246,2246,-114,-114,-114,-114,1284,1284,1284,1146,1146,1422,1422,1427,1427,1427,1399,1399,1399,1250,1250,1250,1250,2120,2120,2120,525,525,525,1363,1363,1363,521,521,521,1185,1185,1185,1185,1334,1334,1334,1354,1354,1135,1135,929,929,929,485,485,485,485,1455,1455,1455,1455,931,931,931,921,921,1188,1188,599,599,599,1784,1784,1784,1784,3709,3709,3709,3709,3064,3064,1897,970,970,1962,1962,1962,1332,1332,1332,1454,1454,1454,1961,1961,1104,683,683,1047,1047,1047,2301,2301,2301,2751,2751,2751,2751,1909,1909,1909,1909,1909,1955,1955,1955,2880,2880,2880,1478,1478,1478,1478,1523,1523,1523,1400,1400,1400,820,820,1098,1098,721,721,721,368,368,368,857,857,857,1279,1279,652,652,391,391,71,71,255,255,916,916,1386,1386,925,925,351,351,351,366,366,366,393,393,393,393,1441,1441,1441,798,798,1303,1303,1247,1247,1381,1381,1381,1400,1400,1400,2576,2576,3966,3966,3031,3031,596,596,596,797,797,797,797,2342,2342,2342,1665,698,83,83,642,642,142,142,656,656,-313,-313,219,219,424,424,809,809,809,1390,1390,1390,-957,-957,-957,1335,1335,1335,823,823,793,576,408,408,270,253,253,-138,-138,437,437,437,944,944,944,447,447,694,694,294,294,864,864
52,5.942000000000000171,-747,-1135,-1460,-1460,-720,-720,-444,-444,-1108,-1108,-1929,-1929,-1929,-1021,-1021,-174,-174,246,246,546,546,546,-331,-331,-331,-129,-129,-137,-137,-350,-350,-252,-252,-252,-714,-714,-714,-677,-677,-677,-900,-900,-780,-780,-948,-948,-948,-772,-772,-772,-293,-293,-293,-293,-1068,-1068,-1068,-1068,-273,-273,-601,-601,-1791,-1791,-1791,-1002,-1002,-1002,-1002,-879,-879,-879,-879,-725,-725,-279,-279,-811,-811,-860,-860,-860,-454,-454,-454,-903,-903,-903,-903,-488,-488,382,382,-700,-700,-700,-1180,-1180,-1180,-513,-513,-513,-513,-985,-985,-1565,-1565,-531,-531,302,302,302,-379,-379,-379,-1995,-1995,-1995,-1394,-1394,339,339,-191,-191,-191,-2150,-2150,-2150,-2150,74,74,74,74,94,94,94,-500,-500,-101,-101,-295,-295,-295,-321,-321,-321,-321,134,134,134,753,753,2000,2000,644,644,644,902,902,902,-614,-614,-614,-614,-565,-565,-565,-600,-600,-206,-206,-326,-326,-326,-193,-193,-193,-193,-38,-38,-38,-38,55,55,55,-12,-12,78,78,78,466,466,466,466,1680,1680,1680,1680,1921,1921,1921,1921,1921,2388,2388,2704,2704,1504,1504,1504,3559,3559,3559,3559,4246,4246,4246,4246,3078,3078,3072,3072,2026,2026,2026,2980,2980,2980,2980,2232,2232,2232,2232,1866,1866,3139,3139,1856,1856,1839,1839,1839,2330,2330,2330,2330,2282,2282,2282,2876,2876,2520,2520,2248,2248,2248,2587,2587,2587,2017,2017,2017,3322,3322,3322,3322,2926,2926,2926,2926,2283,2283,2224,2224,1543,1543,1543,1968,1968,1968,1951,1951,1951,1078,1078,1640,1640,2152,2152,2152,2057,2057,2057,2493,2493,2493,2493,2602,2602,2602,2602,2181,2181,2861,2861,1982,1982,1311,1311,1311,4991,4991,4991,2734,2734,2734,2734,1943,1943,1943,2679,2679,2144,2144,3432,3432,3432,425,425,425,425,2314,2314,2314,2264,2264,2211,2211,2128,2128,2128,2191,2191,2191,2218,2218,2218,2218,2890,2890,2890,1361,1361,1361,1699,1699,1699,1239,1239,1239,1560,1560,1560,1560,1934,1934,1934,1829,1829,1520,1520,1798,1798,1798,1890,1890,1890,1890,3052,3052,3052,3052,2209,2209,2209,2208,2208,1753,1753,1414,1414,1414,2126,2126,2126,2126,3764,3764,3764,3764,3215,3215,2275,1879,1879,2623,2623,2623,1523,1523,1523,1739,1739,1739,1851,1851,1057,665,665,554,554,554,2006,2006,2006,2462,2462,2462,2462,2717,2717,2717,2717,2717,1837,1837,1837,2640,2640,2640,1783,1783,1783,1783,1799,1799,1799,1517,1517,1517,554,554,1158,1158,509,509,509,479,479,479,1105,1105,1105,1578,1578,936,936,455,455,153,153,275,275,1566,1566,2042,2042,1297,1297,690,690,690,305,305,305,286,286,286,286,1104,1104,1104,742,742,1394,1394,1359,1359,1441,1441,1441,2057,2057,2057,3447,3447,4056,4056,2197,2197,589,589,589,1406,1406,1406,1406,2496,2496,2496,1483,486,-601,-601,-315,-315,-8,-8,-178,-178,-251,-251,649,649,636,636,1186,1186,1186,1637,1637,1637,148,148,148,1220,1220,1220,797,797,916,680,623,623,426,415,415,-422,-422,178,178,178,757,757,757,190,190,746,746,406,406,634,634
53,6.142000000000000348,-732,-1040,-964,-964,-376,-376,-238,-238,-1094,-1094,-1300,-1300,-1300,-161,-161,336,336,322,322,304,304,304,-765,-765,-765,-858,-858,-356,-356,-142,-142,-37,-37,-37,-387,-387,-387,-755,-755,-755,-898,-898,-671,-671,-1092,-1092,-1092,-678,-678,-678,-11,-11,-11,-11,-677,-677,-677,-677,-513,-513,-411,-411,-1178,-1178,-1178,-1161,-1161,-1161,-1161,-1145,-1145,-1145,-1145,-808,-808,-212,-212,-257,-257,-612,-612,-612,-698,-698,-698,-1066,-1066,-1066,-1066,-381,-381,382,382,-1002,-1002,-1002,-1259,-1259,-1259,-400,-400,-400,-400,-469,-469,-963,-963,-41,-41,116,116,116,-1501,-1501,-1501,-2376,-2376,-2376,-2316,-2316,-1135,-1135,-154,-154,-154,-1349,-1349,-1349,-1349,316,316,316,316,583,583,583,-22,-22,150,150,244,244,244,281,281,281,281,271,271,271,302,302,1054,1054,499,499,499,950,950,950,-78,-78,-78,-78,-123,-123,-123,-311,-311,-38,-38,86,86,86,78,78,78,78,271,271,271,271,60,60,60,207,207,121,121,121,373,373,373,373,1805,1805,1805,1805,2542,2542,2542,2542,2542,2316,2316,2614,2614,2353,2353,2353,4348,4348,4348,4348,4542,4542,4542,4542,3215,3215,2532,2532,1613,1613,1613,2426,2426,2426,2426,1536,1536,1536,1536,1380,1380,1827,1827,1162,1162,1835,1835,1835,2309,2309,2309,2309,2238,2238,2238,2383,2383,1917,1917,2070,2070,2070,2835,2835,2835,2366,2366,2366,2985,2985,2985,2985,2765,2765,2765,2765,2155,2155,2057,2057,1568,1568,1568,1812,1812,1812,1878,1878,1878,1105,1105,1747,1747,2408,2408,2408,2145,2145,2145,2489,2489,2489,2489,2533,2533,2533,2533,2212,2212,2669,2669,1742,1742,1914,1914,1914,5509,5509,5509,2797,2797,2797,2797,4118,4118,4118,4031,4031,2650,2650,3733,3733,3733,553,553,553,553,2531,2531,2531,2704,2704,2136,2136,2105,2105,2105,2238,2238,2238,2371,2371,2371,2371,2796,2796,2796,1513,1513,1513,1433,1433,1433,1568,1568,1568,1327,1327,1327,1327,2031,2031,2031,1855,1855,1365,1365,2068,2068,2068,2348,2348,2348,2348,3806,3806,3806,3806,2932,2932,2932,2615,2615,1740,1740,1705,1705,1705,2055,2055,2055,2055,2646,2646,2646,2646,2551,2551,2046,2227,2227,2638,2638,2638,1283,1283,1283,1720,1720,1720,1527,1527,942,634,634,202,202,202,1703,1703,1703,1917,1917,1917,1917,2954,2954,2954,2954,2954,1494,1494,1494,2126,2126,2126,1877,1877,1877,1877,1671,1671,1671,1356,1356,1356,389,389,1023,1023,432,432,432,686,686,686,1194,1194,1194,1527,1527,1077,1077,527,527,245,245,280,280,1749,1749,2153,2153,1360,1360,900,900,900,243,243,243,258,258,258,258,527,527,527,662,662,1228,1228,1219,1219,1165,1165,1165,2041,2041,2041,3646,3646,3507,3507,1295,1295,1011,1011,1011,1843,1843,1843,1843,2557,2557,2557,1489,710,-684,-684,-756,-756,-139,-139,-740,-740,236,236,1059,1059,923,923,1570,1570,1570,1479,1479,1479,1168,1168,1168,748,748,748,573,573,747,566,686,686,521,557,557,-278,-278,110,110,110,492,492,492,156,156,822,822,626,626,414,414
54,6.342000000000000526,-541,-500,-219,-219,86,86,20,20,-808,-808,-239,-239,-239,897,897,1041,1041,623,623,220,220,220,-787,-787,-787,-1159,-1159,-442,-442,73,73,108,108,108,53,53,53,-632,-632,-632,-680,-680,-476,-476,-847,-847,-847,-239,-239,-239,367,367,367,367,-175,-175,-175,-175,-472,-472,-34,-34,-307,-307,-307,-951,-951,-951,-951,-907,-907,-907,-907,-478,-478,8,8,348,348,-61,-61,-61,-635,-635,-635,-917,-917,-917,-917,-201,-201,230,230,-722,-722,-722,-887,-887,-887,-175,-175,-175,-175,-66,-66,-95,-95,609,609,30,30,30,-1720,-1720,-1720,-1874,-1874,-1874,-2108,-2108,-1543,-1543,241,241,241,64,64,64,64,635,635,635,635,935,935,935,513,513,618,618,812,812,812,944,944,944,944,393,393,393,-131,-131,223,223,467,467,467,691,691,691,401,401,401,401,334,334,334,228,228,305,305,702,702,702,768,768,768,768,644,644,644,644,296,296,296,473,473,535,535,535,557,557,557,557,1637,1637,1637,1637,2629,2629,2629,2629,2629,1949,1949,2127,2127,2630,2630,2630,4128,4128,4128,4128,3783,3783,3783,3783,2750,2750,1914,1914,1122,1122,1122,1703,1703,1703,1703,835,835,835,835,1012,1012,564,564,566,566,1596,1596,1596,1872,1872,1872,1872,1777,1777,1777,1643,1643,1027,1027,1589,1589,1589,2513,2513,2513,2204,2204,2204,2281,2281,2281,2281,2076,2076,2076,2076,1496,1496,1669,1669,1301,1301,1301,1388,1388,1388,1415,1415,1415,918,918,1600,1600,2183,2183,2183,1992,1992,1992,1996,1996,1996,1996,2007,2007,2007,2007,1848,1848,1992,1992,1229,1229,1943,1943,1943,4822,4822,4822,1964,1964,1964,1964,5007,5007,5007,4375,4375,2750,2750,3309,3309,3309,649,649,649,649,2231,2231,2231,2593,2593,1570,1570,1678,1678,1678,1776,1776,1776,2045,2045,2045,2045,2220,2220,2220,1356,1356,1356,948,948,948,1633,1633,1633,956,956,956,956,1810,1810,1810,1654,1654,1101,1101,2013,2013,2013,2174,2174,2174,2174,3566,3566,3566,3566,2884,2884,2884,2205,2205,1458,1458,1738,1738,1738,1732,1732,1732,1732,1503,1503,1503,1503,1650,1650,1690,2279,2279,2248,2248,2248,1082,1082,1082,1533,1533,1533,1236,1236,976,763,763,192,192,192,1052,1052,1052,1423,1423,1423,1423,2871,2871,2871,2871,2871,1192,1192,1192,1593,1593,1593,1752,1752,1752,1752,1279,1279,1279,1110,1110,1110,524,524,852,852,518,518,518,886,886,886,1166,1166,1166,1284,1284,1155,1155,602,602,457,457,448,448,1659,1659,1872,1872,1274,1274,1058,1058,1058,341,341,341,434,434,434,434,165,165,165,730,730,997,997,1003,1003,903,903,903,1721,1721,1721,3267,3267,2698,2698,898,898,1622,1622,1622,2134,2134,2134,2134,2450,2450,2450,1693,1128,-223,-223,-607,-607,-95,-95,-592,-592,929,929,1554,1554,1195,1195,1859,1859,1859,1242,1242,1242,1812,1812,1812,307,307,307,508,508,632,491,676,676,639,705,705,302,302,302,302,302,368,368,368,328,328,729,729,743,743,345,345
55,6.542000000000000703,-278,80,475,475,443,443,188,188,-355,-355,615,615,615,1557,1557,1629,1629,992,992,351,351,351,-516,-516,-516,-935,-935,-356,-356,285,285,291,291,291,373,373,373,-385,-385,-385,-378,-378,-351,-351,-420,-420,-420,372,372,372,561,561,561,561,356,356,356,356,-161,-161,423,423,525,525,525,-457,-457,-457,-457,-444,-444,-444,-444,-43,-43,316,316,827,827,446,446,446,-341,-341,-341,-614,-614,-614,-614,-34,-34,102,102,-261,-261,-261,-404,-404,-404,-79,-79,-79,-79,161,161,514,514,1038,1038,75,75,75,-1274,-1274,-1274,-864,-864,-864,-1227,-1227,-1202,-1202,668,668,668,1169,1169,1169,1169,866,866,866,866,1057,1057,1057,889,889,826,826,1129,1129,1129,1316,1316,1316,1316,415,415,415,-397,-397,-623,-623,411,411,411,232,232,232,810,810,810,810,631,631,631,620,620,585,585,1090,1090,1090,1248,1248,1248,1248,931,931,931,931,607,607,607,851,851,1083,1083,1083,949,949,949,949,1364,1364,1364,1364,2393,2393,2393,2393,2393,1560,1560,1535,1535,2475,2475,2475,3128,3128,3128,3128,2369,2369,2369,2369,1958,1958,1252,1252,630,630,630,1128,1128,1128,1128,450,450,450,450,742,742,-71,-71,272,272,1350,1350,1350,1375,1375,1375,1375,1240,1240,1240,870,870,259,259,1001,1001,1001,1904,1904,1904,1813,1813,1813,1316,1316,1316,1316,1269,1269,1269,1269,865,865,1082,1082,1020,1020,1020,970,970,970,893,893,893,780,780,1425,1425,1651,1651,1651,1730,1730,1730,1316,1316,1316,1316,1263,1263,1263,1263,1285,1285,1161,1161,706,706,1769,1769,1769,3445,3445,3445,739,739,739,739,4733,4733,4733,3802,3802,2406,2406,2166,2166,2166,939,939,939,939,1692,1692,1692,2068,2068,1174,1174,1184,1184,1184,1103,1103,1103,1433,1433,1433,1433,1281,1281,1281,1059,1059,1059,576,576,576,1545,1545,1545,656,656,656,656,1405,1405,1405,1338,1338,963,963,1709,1709,1709,1636,1636,1636,1636,2582,2582,2582,2582,2191,2191,2191,1338,1338,1077,1077,1537,1537,1537,1181,1181,1181,1181,431,431,431,431,803,803,1256,1943,1943,1611,1611,1611,869,869,869,1212,1212,1212,1018,1018,1035,964,964,448,448,448,343,343,343,1177,1177,1177,1177,2488,2488,2488,2488,2488,965,965,965,1174,1174,1174,1461,1461,1461,1461,800,800,800,789,789,789,823,823,720,720,623,623,623,919,919,919,1109,1109,1109,932,932,1099,1099,769,769,650,650,726,726,1260,1260,1361,1361,1094,1094,1052,1052,1052,543,543,543,751,751,751,751,149,149,149,877,877,800,800,687,687,678,678,678,1380,1380,1380,2415,2415,1531,1531,732,732,2232,2232,2232,2240,2240,2240,2240,2248,2248,2248,1768,1346,252,252,-103,-103,-24,-24,4,4,1351,1351,1720,1720,1356,1356,1792,1792,1792,1016,1016,1016,1881,1881,1881,142,142,142,686,686,620,499,699,699,829,953,953,1123,1123,692,692,692,480,480,480,664,664,550,550,668,668,410,410
56,6.742000000000000881,33,563,908,908,622,622,267,267,37,37,1120,1120,1120,1809,1809,1801,1801,1262,1262,529,529,529,-93,-93,-93,-403,-403,-181,-181,314,314,421,421,421,453,453,453,-98,-98,-98,-87,-87,-244,-244,-3,-3,-3,761,761,761,608,608,608,608,776,776,776,776,180,180,700,700,1015,1015,1015,35,35,35,35,-84,-84,-84,-84,311,311,568,568,1041,1041,694,694,694,-112,-112,-112,-326,-326,-326,-326,34,34,-73,-73,141,141,141,155,155,155,-77,-77,-77,-77,152,152,854,854,1148,1148,125,125,125,-597,-597,-597,-97,-97,-97,-303,-303,-477,-477,876,876,876,1905,1905,1905,1905,735,735,735,735,842,842,842,932,932,649,649,1124,1124,1124,1454,1454,1454,1454,434,434,434,-557,-557,-1104,-1104,314,314,314,-182,-182,-182,925,925,925,925,671,671,671,744,744,652,652,1085,1085,1085,1308,1308,1308,1308,858,858,858,858,895,895,895,1100,1100,1397,1397,1397,1209,1209,1209,1209,918,918,918,918,1957,1957,1957,1957,1957,1205,1205,921,921,1854,1854,1854,1859,1859,1859,1859,871,871,871,871,1060,1060,466,466,96,96,96,568,568,568,568,423,423,423,423,658,658,-140,-140,94,94,1093,1093,1093,969,969,969,969,886,886,886,499,499,-142,-142,512,512,512,1119,1119,1119,1265,1265,1265,538,538,538,538,676,676,676,676,432,432,542,542,729,729,729,621,621,621,585,585,585,641,641,1203,1203,1034,1034,1034,1249,1249,1249,792,792,792,792,668,668,668,668,729,729,555,555,280,280,1566,1566,1566,2065,2065,2065,-86,-86,-86,-86,3718,3718,3718,2688,2688,1520,1520,658,658,658,1525,1525,1525,1525,1197,1197,1197,1379,1379,848,848,797,797,797,547,547,547,910,910,910,910,394,394,394,830,830,830,362,362,362,1326,1326,1326,599,599,599,599,1008,1008,1008,948,948,883,883,1219,1219,1219,1031,1031,1031,1031,1543,1543,1543,1543,1345,1345,1345,579,579,724,724,1135,1135,1135,611,611,611,611,-134,-134,-134,-134,53,53,729,1354,1354,862,862,862,821,821,821,809,809,809,653,653,848,892,892,540,540,540,-168,-168,-168,1005,1005,1005,1005,1945,1945,1945,1945,1945,773,773,773,816,816,816,1110,1110,1110,1110,361,361,361,407,407,407,953,953,493,493,560,560,560,723,723,723,831,831,831,535,535,848,848,865,865,669,669,860,860,769,769,777,777,745,745,842,842,842,672,672,672,928,928,928,928,313,313,313,977,977,568,568,330,330,493,493,493,1097,1097,1097,1425,1425,405,405,581,581,2442,2442,2442,2231,2231,2231,2231,1743,1743,1743,1500,1199,462,462,372,372,73,73,722,722,1471,1471,1487,1487,1146,1146,1284,1284,1284,913,913,913,1494,1494,1494,291,291,291,890,890,724,627,692,692,950,1109,1109,1639,1639,1057,1057,1057,643,643,643,764,764,304,304,394,394,473,473
57,6.942000000000000171,276,686,906,906,551,551,113,113,112,112,1097,1097,1097,1445,1445,1468,1468,1142,1142,535,535,535,290,290,290,147,147,32,32,260,260,407,407,407,356,356,356,66,66,66,23,23,-205,-205,142,142,142,724,724,724,412,412,412,412,886,886,886,886,396,396,647,647,1018,1018,1018,313,313,313,313,21,21,21,21,322,322,539,539,728,728,579,579,579,-26,-26,-26,-147,-147,-147,-147,-12,-12,-316,-316,180,180,180,379,379,379,-164,-164,-164,-164,-3,-3,664,664,852,852,6,6,6,-210,-210,-210,360,360,360,404,404,85,85,686,686,686,2051,2051,2051,2051,226,226,226,226,456,456,456,747,747,55,55,742,742,742,1144,1144,1144,1144,348,348,348,-571,-571,-1421,-1421,-59,-59,-59,-523,-523,-523,774,774,774,774,510,510,510,638,638,462,462,758,758,758,834,834,834,834,614,614,614,614,906,906,906,1081,1081,1230,1230,1230,1118,1118,1118,1118,512,512,512,512,1356,1356,1356,1356,1356,990,990,402,402,1058,1058,1058,635,635,635,635,-14,-14,-14,-14,363,363,-206,-206,-221,-221,-221,120,120,120,120,519,519,519,519,686,686,20,20,-54,-54,825,825,825,597,597,597,597,757,757,757,350,350,-236,-236,119,119,119,583,583,583,631,631,631,156,156,156,156,209,209,209,209,291,291,49,49,440,440,440,340,340,340,429,429,429,636,636,920,920,478,478,478,643,643,643,592,592,592,592,325,325,325,325,341,341,84,84,-172,-172,1439,1439,1439,861,861,861,-356,-356,-356,-356,2440,2440,2440,1256,1256,559,559,-630,-630,-630,1969,1969,1969,1969,763,763,763,716,716,691,691,433,433,433,226,226,226,353,353,353,353,-108,-108,-108,621,621,621,228,228,228,941,941,941,648,648,648,648,704,704,704,525,525,659,659,637,637,637,542,542,542,542,635,635,635,635,601,601,601,-5,-5,264,264,561,561,561,226,226,226,226,-59,-59,-59,-59,-312,-312,277,581,581,43,43,43,728,728,728,360,360,360,143,143,331,452,452,346,346,346,-303,-303,-303,726,726,726,726,1275,1275,1275,1275,1275,551,551,551,287,287,287,727,727,727,727,27,27,27,-20,-20,-20,781,781,133,133,359,359,359,433,433,433,477,477,477,192,192,364,364,724,724,537,537,739,739,303,303,222,222,286,286,480,480,480,666,666,666,841,841,841,841,460,460,460,849,849,279,279,-33,-33,232,232,232,946,946,946,510,510,-690,-690,231,231,2230,2230,2230,2035,2035,2035,2035,989,989,989,829,654,202,202,596,596,83,83,1113,1113,1216,1216,867,867,681,681,519,519,519,805,805,805,896,896,896,587,587,587,939,939,800,693,676,676,980,1141,1141,1577,1577,1140,1140,1140,691,691,691,632,632,19,19,98,98,412,412
58,7.142000000000000348,383,540,629,629,376,376,-20,-20,174,174,863,863,863,846,846,879,879,731,731,497,497,497,683,683,683,632,632,261,261,201,201,327,327,327,113,113,113,167,167,167,150,150,-33,-33,125,125,125,395,395,395,168,168,168,168,752,752,752,752,463,463,399,399,747,747,747,320,320,320,320,-7,-7,-7,-7,131,131,299,299,276,276,289,289,289,26,26,26,85,85,85,85,-28,-28,-462,-462,114,114,114,483,483,483,-183,-183,-183,-183,-119,-119,266,266,279,279,-211,-211,-211,81,81,81,690,690,690,860,860,385,385,418,418,418,1781,1781,1781,1781,-311,-311,-311,-311,32,32,32,274,274,-496,-496,232,232,232,663,663,663,663,279,279,279,-504,-504,-1301,-1301,-304,-304,-304,-488,-488,-488,581,581,581,581,371,371,371,388,388,287,287,263,263,263,176,176,176,176,312,312,312,312,774,774,774,849,849,787,787,787,770,770,770,770,253,253,253,253,844,844,844,844,844,859,859,191,191,480,480,480,-119,-119,-119,-119,-193,-193,-193,-193,82,82,-550,-550,-171,-171,-171,-147,-147,-147,-147,680,680,680,680,672,672,178,178,-53,-53,560,560,560,358,358,358,358,736,736,736,417,417,21,21,-17,-17,-17,196,196,196,52,52,52,129,129,129,129,90,90,90,90,336,336,-164,-164,289,289,289,237,237,237,436,436,436,781,781,699,699,75,75,75,180,180,180,633,633,633,633,191,191,191,191,231,231,-156,-156,-418,-418,1403,1403,1403,213,213,213,-230,-230,-230,-230,1403,1403,1403,116,116,-301,-301,-1567,-1567,-1567,2257,2257,2257,2257,485,485,485,292,292,642,642,246,246,246,31,31,31,39,39,39,39,-239,-239,-239,534,534,534,252,252,252,582,582,582,755,755,755,755,590,590,590,212,212,425,425,56,56,56,227,227,227,227,264,264,264,264,191,191,191,-161,-161,-42,-42,101,101,101,85,85,85,85,424,424,424,424,-154,-154,57,22,22,-486,-486,-486,618,618,618,116,116,116,-194,-194,-152,-115,-115,105,105,105,-219,-219,-219,437,437,437,437,903,903,903,903,903,541,541,541,-36,-36,-36,444,444,444,444,14,14,14,-193,-193,-193,450,450,-72,-72,294,294,294,339,339,339,229,229,229,-25,-25,39,39,543,543,432,432,560,560,17,17,-111,-111,-73,-73,170,170,170,645,645,645,657,657,657,657,625,625,625,619,619,55,55,-141,-141,173,173,173,933,933,933,12,12,-1192,-1192,6,6,1836,1836,1836,1713,1713,1713,1713,169,169,169,-13,-89,-219,-219,553,553,264,264,1116,1116,758,758,268,268,269,269,-121,-121,-121,638,638,638,340,340,340,893,893,893,864,864,796,767,770,770,975,1052,1052,1195,1195,1034,1034,1034,660,660,660,370,370,-118,-118,-80,-80,272,272
59,7.342000000000000526,374,385,447,447,347,347,75,75,380,380,714,714,714,439,439,344,344,408,408,547,547,547,989,989,989,1047,1047,624,624,314,314,415,415,415,84,84,84,294,294,294,322,322,226,226,179,179,179,172,172,172,164,164,164,164,494,494,494,494,479,479,158,158,471,471,471,364,364,364,364,76,76,76,76,105,105,214,214,46,46,127,127,127,179,179,179,360,360,360,360,164,164,-336,-336,115,115,115,583,583,583,-43,-43,-43,-43,14,14,79,79,-148,-148,-271,-271,-271,323,323,323,899,899,899,1165,1165,580,580,279,279,279,1451,1451,1451,1451,-513,-513,-513,-513,-146,-146,-146,0,0,-677,-677,-68,-68,-68,356,356,356,356,270,270,270,-250,-250,-791,-791,-382,-382,-382,-136,-136,-136,428,428,428,428,364,364,364,180,180,203,203,-22,-22,-22,-203,-203,-203,-203,279,279,279,279,564,564,564,687,687,349,349,349,605,605,605,605,341,341,341,341,511,511,511,511,511,824,824,317,317,298,298,298,-268,-268,-268,-268,225,225,225,225,245,245,-372,-372,184,184,184,-112,-112,-112,-112,799,799,799,799,670,670,386,386,208,208,387,387,387,259,259,259,259,742,742,742,617,617,499,499,122,122,122,237,237,237,-23,-23,-23,398,398,398,398,204,204,204,204,470,470,-109,-109,277,277,277,271,271,271,573,573,573,998,998,601,601,65,65,65,-23,-23,-23,758,758,758,758,312,312,312,312,326,326,-115,-115,-362,-362,1444,1444,1444,97,97,97,-27,-27,-27,-27,663,663,663,-485,-485,-598,-598,-1957,-1957,-1957,2272,2272,2272,2272,336,336,336,220,220,684,684,257,257,257,131,131,131,-105,-105,-105,-105,-54,-54,-54,577,577,577,456,456,456,394,394,394,863,863,863,863,620,620,620,173,173,307,307,-175,-175,-175,153,153,153,153,290,290,290,290,142,142,142,68,68,-71,-71,-68,-68,-68,232,232,232,232,1030,1030,1030,1030,407,407,188,-184,-184,-536,-536,-536,576,576,576,56,56,56,-208,-208,-305,-351,-351,154,154,154,-43,-43,-43,411,411,411,411,782,782,782,782,782,672,672,672,-52,-52,-52,431,431,431,431,264,264,264,-35,-35,-35,275,275,51,51,458,458,458,426,426,426,247,247,247,99,99,72,72,477,477,506,506,471,471,47,47,-137,-137,-52,-52,146,146,146,696,696,696,497,497,497,497,786,786,786,434,434,93,93,80,80,274,274,274,1046,1046,1046,-25,-25,-1045,-1045,123,123,1487,1487,1487,1381,1381,1381,1381,-501,-501,-501,-643,-649,-414,-414,478,478,566,566,970,970,484,484,37,37,151,151,-396,-396,-396,480,480,480,66,66,66,1125,1125,1125,754,754,804,805,919,919,967,916,916,741,741,864,864,864,585,585,585,190,190,-65,-65,-105,-105,125,125
60,7.542000000000000703,228,404,463,463,492,492,385,385,713,713,686,686,686,151,151,46,46,315,315,693,693,693,1251,1251,1251,1293,1293,866,866,478,478,488,488,488,157,157,157,496,496,496,627,627,594,594,380,380,380,93,93,93,235,235,235,235,306,306,306,306,477,477,57,57,269,269,269,446,446,446,446,166,166,166,166,153,153,223,223,80,80,214,214,214,373,373,373,661,661,661,661,397,397,46,46,297,297,297,616,616,616,165,165,165,165,208,208,187,187,-209,-209,-80,-80,-80,558,558,558,991,991,991,1235,1235,645,645,315,315,315,977,977,977,977,-447,-447,-447,-447,-171,-171,-171,-59,-59,-353,-353,-87,-87,-87,145,145,145,145,289,289,289,181,181,32,32,-255,-255,-255,287,287,287,328,328,328,328,414,414,414,52,52,219,219,-54,-54,-54,-205,-205,-205,-205,408,408,408,408,568,568,568,619,619,155,155,155,534,534,534,534,585,585,585,585,370,370,370,370,370,776,776,681,681,412,412,412,-22,-22,-22,-22,798,798,798,798,491,491,124,124,724,724,724,84,84,84,84,947,947,947,947,680,680,557,557,615,615,320,320,320,287,287,287,287,695,695,695,750,750,991,991,423,423,423,437,437,437,205,205,205,668,668,668,668,458,458,458,458,568,568,160,160,399,399,399,388,388,388,673,673,673,1219,1219,544,544,284,284,284,21,21,21,826,826,826,826,487,487,487,487,481,481,53,53,-34,-34,1486,1486,1486,175,175,175,-174,-174,-174,-174,152,152,152,-687,-687,-500,-500,-1876,-1876,-1876,2003,2003,2003,2003,334,334,334,383,383,718,718,454,454,454,243,243,243,-53,-53,-53,-53,200,200,200,578,578,578,665,665,665,277,277,277,875,875,875,875,657,657,657,288,288,318,318,-144,-144,-144,239,239,239,239,535,535,535,535,347,347,347,428,428,108,108,97,97,97,444,444,444,444,1300,1300,1300,1300,987,987,482,-17,-17,-265,-265,-265,497,497,497,197,197,197,42,42,-71,-147,-147,376,376,376,133,133,133,516,516,516,516,904,904,904,904,904,922,922,922,157,157,157,457,457,457,457,506,506,506,274,274,274,287,287,403,403,684,684,684,536,536,536,323,323,323,328,328,349,349,455,455,644,644,519,519,310,310,69,69,157,157,314,314,314,785,785,785,394,394,394,394,864,864,864,430,430,345,345,423,423,519,519,519,1116,1116,1116,205,205,-394,-394,490,490,1181,1181,1181,1001,1001,1001,1001,-967,-967,-967,-1075,-1013,-326,-326,405,405,948,948,858,858,379,379,194,194,241,241,-243,-243,-243,353,353,353,98,98,98,1112,1112,1112,598,598,749,788,949,949,848,739,739,395,395,560,560,560,531,531,531,177,177,93,93,45,45,93,93
61,7.742000000000000881,91,413,523,523,641,641,651,651,967,967,676,676,676,74,74,-69,-69,318,318,727,727,727,1287,1287,1287,1351,1351,1009,1009,703,703,570,570,570,330,330,330,648,648,648,805,805,880,880,518,518,518,149,149,149,382,382,382,382,281,281,281,281,502,502,105,105,274,274,274,480,480,480,480,314,314,314,314,290,290,346,346,356,356,391,391,391,589,589,589,809,809,809,809,618,618,383,383,450,450,450,649,649,649,338,338,338,338,396,396,452,452,-37,-37,170,170,170,616,616,616,933,933,933,1017,1017,634,634,438,438,438,582,582,582,582,-63,-63,-63,-63,-81,-81,-81,-29,-29,263,263,173,173,173,55,55,55,55,319,319,319,584,584,649,649,-43,-43,-43,593,593,593,270,270,270,270,425,425,425,-9,-9,344,344,99,99,99,-4,-4,-4,-4,658,658,658,658,589,589,589,633,633,270,270,270,631,631,631,631,836,836,836,836,336,336,336,336,336,677,677,1151,1151,685,685,685,395,395,395,395,1062,1062,1062,1062,726,726,683,683,1079,1079,1079,357,357,357,357,905,905,905,905,685,685,767,767,1022,1022,320,320,320,445,445,445,445,586,586,586,760,760,1279,1279,776,776,776,694,694,694,643,643,643,877,877,877,877,707,707,707,707,684,684,436,436,537,537,537,560,560,560,744,744,744,1239,1239,624,624,534,534,534,190,190,190,740,740,740,740,642,642,642,642,643,643,334,334,462,462,1379,1379,1379,334,334,334,-730,-730,-730,-730,-80,-80,-80,-590,-590,-163,-163,-1473,-1473,-1473,1661,1661,1661,1661,447,447,447,613,613,789,789,718,718,718,379,379,379,122,122,122,122,524,524,524,635,635,635,862,862,862,215,215,215,790,790,790,790,666,666,666,517,517,430,430,128,128,128,368,368,368,368,735,735,735,735,680,680,680,832,832,441,441,403,403,403,565,565,565,565,1289,1289,1289,1289,1317,1317,730,279,279,186,186,186,452,452,452,438,438,438,407,407,435,213,213,491,491,491,503,503,503,726,726,726,726,1065,1065,1065,1065,1065,1172,1172,1172,350,350,350,525,525,525,525,632,632,632,586,586,586,359,359,765,765,808,808,808,578,578,578,409,409,409,613,613,661,661,455,455,761,761,665,665,591,591,377,377,461,461,524,524,524,847,847,847,377,377,377,377,826,826,826,521,521,686,686,729,729,833,833,833,1130,1130,1130,521,521,384,384,1007,1007,909,909,909,606,606,606,606,-1225,-1225,-1225,-1244,-1179,-121,-121,388,388,1121,1121,759,759,485,485,520,520,433,433,110,110,110,273,273,273,349,349,349,980,980,980,506,506,701,757,819,819,605,446,446,212,212,344,344,344,520,520,520,329,329,335,335,268,268,186,186
62,7.942000000000000171,41,359,443,443,631,631,798,798,1090,1090,649,649,649,72,72,-20,-20,292,292,688,688,688,1087,1087,1087,1188,1188,943,943,730,730,512,512,512,469,469,469,621,621,621,807,807,966,966,683,683,683,193,193,193,540,540,540,540,375,375,375,375,562,562,271,271,352,352,352,512,512,512,512,438,438,438,438,444,444,471,471,536,536,454,454,454,636,636,636,806,806,806,806,669,669,637,637,521,521,521,468,468,468,464,464,464,464,492,492,634,634,180,180,370,370,370,533,533,533,618,618,618,610,610,510,510,478,478,478,215,215,215,215,417,417,417,417,105,105,105,121,121,813,813,306,306,306,12,12,12,12,317,317,317,860,860,1033,1033,217,217,217,713,713,713,164,164,164,164,267,267,267,8,8,350,350,235,235,235,184,184,184,184,736,736,736,736,564,564,564,596,596,400,400,400,608,608,608,608,967,967,967,967,310,310,310,310,310,479,479,1365,1365,808,808,808,618,618,618,618,1005,1005,1005,1005,668,668,951,951,1133,1133,1133,531,531,531,531,768,768,768,768,626,626,972,972,1209,1209,264,264,264,533,533,533,533,470,470,470,651,651,1313,1313,995,995,995,792,792,792,893,893,893,909,909,909,909,897,897,897,897,786,786,619,619,653,653,653,639,639,639,731,731,731,1110,1110,637,637,688,688,688,407,407,407,566,566,566,566,678,678,678,678,652,652,496,496,995,995,1136,1136,1136,436,436,436,-1559,-1559,-1559,-1559,-156,-156,-156,-323,-323,125,125,-1012,-1012,-1012,1272,1272,1272,1272,589,589,589,785,785,819,819,874,874,874,528,528,528,387,387,387,387,751,751,751,565,565,565,916,916,916,168,168,168,624,624,624,624,533,533,533,655,655,546,546,414,414,414,477,477,477,477,776,776,776,776,877,877,877,1077,1077,713,713,608,608,608,572,572,572,572,1010,1010,1010,1010,1323,1323,868,541,541,593,593,593,424,424,424,650,650,650,715,715,768,500,500,422,422,422,957,957,957,837,837,837,837,1091,1091,1091,1091,1091,1224,1224,1224,401,401,401,452,452,452,452,631,631,631,723,723,723,411,411,946,946,694,694,694,515,515,515,427,427,427,704,704,753,753,390,390,705,705,735,735,780,780,631,631,691,691,663,663,663,760,760,760,366,366,366,366,745,745,745,591,591,849,849,830,830,919,919,919,976,976,976,693,693,1053,1053,1299,1299,637,637,637,206,206,206,206,-1293,-1293,-1293,-1256,-1197,19,19,344,344,977,977,636,636,542,542,663,663,577,577,494,494,494,261,261,261,580,580,580,776,776,776,468,468,591,643,541,541,333,132,132,70,70,105,105,105,500,500,500,425,425,459,459,453,453,335,335
63,8.142000000000001236,116,172,238,238,408,408,641,641,937,937,404,404,404,20,20,-43,-43,59,59,468,468,468,626,626,626,809,809,662,662,501,501,288,288,288,417,417,417,422,422,422,562,562,828,828,576,576,576,116,116,116,455,455,455,455,360,360,360,360,487,487,340,340,329,329,329,413,413,413,413,403,403,403,403,362,362,390,390,470,470,341,341,341,494,494,494,585,585,585,585,517,517,596,596,373,373,373,194,194,194,453,453,453,453,537,537,618,618,244,244,386,386,386,300,300,300,204,204,204,89,89,292,292,345,345,345,-154,-154,-154,-154,729,729,729,729,181,181,181,201,201,994,994,262,262,262,-81,-81,-81,-81,168,168,168,797,797,952,952,323,323,323,571,571,571,20,20,20,20,54,54,54,21,21,207,207,291,291,291,222,222,222,222,516,516,516,516,409,409,409,424,424,398,398,398,386,386,386,386,890,890,890,890,228,228,228,228,228,303,303,1298,1298,681,681,681,586,586,586,586,593,593,593,593,538,538,811,811,877,877,877,577,577,577,577,532,532,532,532,494,494,1000,1000,1014,1014,137,137,137,591,591,591,591,305,305,305,443,443,1040,1040,940,940,940,632,632,632,820,820,820,785,785,785,785,933,933,933,933,765,765,604,604,629,629,629,661,661,661,641,641,641,753,753,536,536,619,619,619,440,440,440,361,361,361,361,582,582,582,582,537,537,531,531,1297,1297,736,736,736,383,383,383,-2211,-2211,-2211,-2211,-156,-156,-156,-160,-160,104,104,-660,-660,-660,742,742,742,742,639,639,639,688,688,730,730,853,853,853,537,537,537,558,558,558,558,863,863,863,423,423,423,772,772,772,96,96,96,353,353,353,353,302,302,302,614,614,513,513,508,508,508,451,451,451,451,717,717,717,717,867,867,867,1011,1011,780,780,537,537,537,464,464,464,464,663,663,663,663,1045,1045,697,549,549,705,705,705,349,349,349,755,755,755,768,768,674,402,402,103,103,103,1108,1108,1108,643,643,643,643,936,936,936,936,936,1021,1021,1021,260,260,260,205,205,205,205,421,421,421,614,614,614,366,366,824,824,451,451,451,246,246,246,241,241,241,557,557,591,591,255,255,445,445,616,616,749,749,664,664,683,683,567,567,567,550,550,550,315,315,315,315,510,510,510,510,510,740,740,686,686,823,823,823,637,637,637,656,656,1386,1386,1160,1160,300,300,300,-149,-149,-149,-149,-1284,-1284,-1284,-1264,-1230,-20,-20,161,161,544,544,421,421,372,372,455,455,445,445,660,660,660,222,222,222,633,633,633,433,433,433,337,337,347,426,131,131,-21,-189,-189,-104,-104,-85,-85,-85,383,383,383,437,437,398,398,454,454,421,421
64,8.342000000000000526,124,-125,-88,-88,71,71,330,330,513,513,147,147,147,-183,-183,-206,-206,-223,-223,53,53,53,127,127,127,308,308,292,292,218,218,53,53,53,281,281,281,119,119,119,186,186,497,497,317,317,317,-23,-23,-23,228,228,228,228,303,303,303,303,386,386,317,317,121,121,121,218,218,218,218,249,249,249,249,148,148,180,180,207,207,92,92,92,236,236,236,277,277,277,277,240,240,372,372,105,105,105,-141,-141,-141,322,322,322,322,481,481,358,358,29,29,184,184,184,53,53,53,-233,-233,-233,-365,-365,-26,-26,92,92,92,-442,-442,-442,-442,855,855,855,855,247,247,247,238,238,839,839,79,79,79,-231,-231,-231,-231,16,16,16,513,513,607,607,266,266,266,341,341,341,-162,-162,-162,-162,-165,-165,-165,88,88,61,61,134,134,134,87,87,87,87,98,98,98,98,93,93,93,74,74,161,161,161,59,59,59,59,548,548,548,548,146,146,146,146,146,60,60,890,890,350,350,350,329,329,329,329,144,144,144,144,279,279,369,369,302,302,302,550,550,550,550,209,209,209,209,280,280,918,918,535,535,-73,-73,-73,501,501,501,501,155,155,155,209,209,449,449,642,642,642,292,292,292,460,460,460,566,566,566,566,773,773,773,773,649,649,460,460,392,392,392,552,552,552,483,483,483,351,351,360,360,329,329,329,360,360,360,194,194,194,194,321,321,321,321,261,261,397,397,1380,1380,298,298,298,226,226,226,-2687,-2687,-2687,-2687,-142,-142,-142,1,1,-89,-89,-449,-449,-449,202,202,202,202,550,550,550,471,471,576,576,695,695,695,467,467,467,584,584,584,584,763,763,763,194,194,194,451,451,451,-16,-16,-16,138,138,138,138,-48,-48,-48,399,399,371,371,408,408,408,363,363,363,363,524,524,524,524,698,698,698,782,782,681,681,247,247,247,240,240,240,240,375,375,375,375,593,593,479,418,418,667,667,667,236,236,236,676,676,676,651,651,339,83,83,-189,-189,-189,796,796,796,334,334,334,334,588,588,588,588,588,707,707,707,8,8,8,-128,-128,-128,-128,197,197,197,376,376,376,241,241,471,471,81,81,81,-18,-18,-18,11,11,11,297,297,267,267,83,83,106,106,369,369,510,510,526,526,452,452,360,360,360,214,214,214,263,263,263,263,213,213,213,288,288,444,444,375,375,513,513,513,166,166,166,414,414,1337,1337,709,709,-72,-72,-72,-509,-509,-509,-509,-1183,-1183,-1183,-1170,-1159,-217,-217,-80,-80,-7,-7,51,51,87,87,25,25,152,152,593,593,593,151,151,151,469,469,469,176,176,176,228,228,116,140,-179,-179,-300,-373,-373,-210,-210,-187,-187,-187,227,227,227,313,313,230,230,301,301,328,328
65,8.541999999999999815,214,-231,-253,-253,-226,-226,49,49,181,181,-187,-187,-187,-262,-262,-311,-311,-509,-509,-279,-279,-279,-290,-290,-290,-78,-78,23,23,-67,-67,-143,-143,-143,142,142,142,-88,-88,-88,-51,-51,162,162,106,106,106,-173,-173,-173,25,25,25,25,187,187,187,187,267,267,263,263,-70,-70,-70,75,75,75,75,140,140,140,140,-3,-3,-61,-61,-12,-12,-95,-95,-95,9,9,9,-13,-13,-13,-13,-16,-16,126,126,-36,-36,-36,-322,-322,-322,300,300,300,300,375,375,109,109,-235,-235,-66,-66,-66,-33,-33,-33,-511,-511,-511,-593,-593,-234,-234,-167,-167,-167,-550,-550,-550,-550,791,791,791,791,279,279,279,232,232,489,489,-153,-153,-153,-274,-274,-274,-274,-80,-80,-80,273,273,247,247,161,161,161,127,127,127,-223,-223,-223,-223,-228,-228,-228,212,212,-18,-18,13,13,13,54,54,54,54,-288,-288,-288,-288,-126,-126,-126,-182,-182,-158,-158,-158,-246,-246,-246,-246,287,287,287,287,49,49,49,49,49,-57,-57,309,309,-116,-116,-116,98,98,98,98,-178,-178,-178,-178,-25,-25,-95,-95,-209,-209,-209,480,480,480,480,-70,-70,-70,-70,81,81,606,606,-43,-43,-160,-160,-160,349,349,349,349,-7,-7,-7,43,43,-17,-17,309,309,309,-38,-38,-38,63,63,63,249,249,249,249,507,507,507,507,397,397,261,261,181,181,181,347,347,347,326,326,326,-37,-37,136,136,66,66,66,200,200,200,61,61,61,61,108,108,108,108,-70,-70,250,250,1249,1249,-99,-99,-99,38,38,38,-2701,-2701,-2701,-2701,-79,-79,-79,23,23,-296,-296,-277,-277,-277,-247,-247,-247,-247,364,364,364,174,174,392,392,452,452,452,300,300,300,523,523,523,523,622,622,622,14,14,14,167,167,167,-128,-128,-128,-44,-44,-44,-44,-280,-280,-280,92,92,176,176,182,182,182,218,218,218,218,363,363,363,363,373,373,373,469,469,428,428,-106,-106,-106,54,54,54,54,196,196,196,196,183,183,145,171,171,525,525,525,123,123,123,392,392,392,423,423,-11,-187,-187,-319,-319,-319,172,172,172,-32,-32,-32,-32,278,278,278,278,278,370,370,370,-128,-128,-128,-329,-329,-329,-329,-44,-44,-44,116,116,116,60,60,120,120,-190,-190,-190,-212,-212,-212,-176,-176,-176,1,1,-74,-74,-34,-34,-115,-115,99,99,241,241,317,317,204,204,159,159,159,-37,-37,-37,201,201,201,201,-69,-69,-69,66,66,81,81,118,118,155,155,155,-265,-265,-265,132,132,1020,1020,186,186,-325,-325,-325,-748,-748,-748,-748,-882,-882,-882,-877,-895,-384,-384,-291,-291,-402,-402,-203,-203,-226,-226,-335,-335,-130,-130,392,392,392,72,72,72,143,143,143,-11,-11,-11,155,155,-60,-86,-330,-330,-368,-380,-380,-194,-194,-169,-169,-169,70,70,70,190,190,61,61,66,66,192,192
66,8.742000000000000881,254,-184,-300,-300,-314,-314,-80,-80,-92,-92,-351,-351,-351,-291,-291,-302,-302,-529,-529,-483,-483,-483,-522,-522,-522,-356,-356,-175,-175,-168,-168,-181,-181,-181,83,83,83,-141,-141,-141,-169,-169,-101,-101,-18,-18,-18,-115,-115,-115,-125,-125,-125,-125,141,141,141,141,176,176,192,192,-186,-186,-186,2,2,2,2,59,59,59,59,-95,-95,-142,-142,-153,-153,-149,-149,-149,-95,-95,-95,-183,-183,-183,-183,-184,-184,-85,-85,-165,-165,-165,-338,-338,-338,215,215,215,215,320,320,-159,-159,-430,-430,-210,-210,-210,30,30,30,-472,-472,-472,-468,-468,-263,-263,-322,-322,-322,-505,-505,-505,-505,546,546,546,546,325,325,325,212,212,62,62,-317,-317,-317,-271,-271,-271,-271,-92,-92,-92,-64,-64,-43,-43,33,33,33,-38,-38,-38,-176,-176,-176,-176,-177,-177,-177,311,311,21,21,3,3,3,32,32,32,32,-472,-472,-472,-472,-237,-237,-237,-266,-266,-273,-273,-273,-396,-396,-396,-396,55,55,55,55,-6,-6,-6,-6,-6,-52,-52,-184,-184,-416,-416,-416,-13,-13,-13,-13,-204,-204,-204,-204,-98,-98,-384,-384,-528,-528,-528,370,370,370,370,-194,-194,-194,-194,-52,-52,315,315,-439,-439,-174,-174,-174,182,182,182,182,-108,-108,-108,-93,-93,-437,-437,-12,-12,-12,-199,-199,-199,-197,-197,-197,55,55,55,55,168,168,168,168,155,155,144,144,-35,-35,-35,206,206,206,165,165,165,-265,-265,-2,-2,-146,-146,-146,65,65,65,29,29,29,29,-106,-106,-106,-106,-257,-257,95,95,964,964,-395,-395,-395,-230,-230,-230,-2279,-2279,-2279,-2279,-68,-68,-68,42,42,-337,-337,-110,-110,-110,-605,-605,-605,-605,137,137,137,-40,-40,212,212,183,183,183,140,140,140,397,397,397,397,350,350,350,-130,-130,-130,-109,-109,-109,-161,-161,-161,-127,-127,-127,-127,-331,-331,-331,-120,-120,52,52,-87,-87,-87,77,77,77,77,238,238,238,238,144,144,144,216,216,137,137,-270,-270,-270,-74,-74,-74,-74,104,104,104,104,-26,-26,-27,70,70,349,349,349,40,40,40,78,78,78,212,212,-190,-230,-230,-266,-266,-266,-434,-434,-434,-253,-253,-253,-253,47,47,47,47,47,134,134,134,-89,-89,-89,-359,-359,-359,-359,-156,-156,-156,-71,-71,-71,-74,-74,-241,-241,-326,-326,-326,-272,-272,-272,-213,-213,-213,-220,-220,-263,-263,-76,-76,-204,-204,-95,-95,-14,-14,119,119,6,6,4,4,4,-169,-169,-169,158,158,158,158,-206,-206,-206,-139,-139,-154,-154,-49,-49,-99,-99,-99,-559,-559,-559,-85,-85,523,523,-236,-236,-504,-504,-504,-841,-841,-841,-841,-455,-455,-455,-437,-461,-317,-317,-425,-425,-551,-551,-376,-376,-461,-461,-523,-523,-252,-252,80,80,80,-25,-25,-25,-127,-127,-127,-50,-50,-50,97,97,-132,-256,-312,-312,-293,-180,-180,-79,-79,-81,-81,-81,13,13,13,114,114,-21,-21,-77,-77,91,91
67,8.942000000000000171,317,-26,-139,-139,-230,-230,-28,-28,-160,-160,-390,-390,-390,-187,-187,-207,-207,-309,-309,-436,-436,-436,-549,-549,-549,-412,-412,-156,-156,-177,-177,-132,-132,-132,46,46,46,-47,-47,-47,-88,-88,-121,-121,-25,-25,-25,97,97,97,-159,-159,-159,-159,166,166,166,166,105,105,190,190,-170,-170,-170,38,38,38,38,47,47,47,47,-30,-30,-106,-106,-103,-103,-24,-24,-24,-104,-104,-104,-222,-222,-222,-222,-250,-250,-148,-148,-173,-173,-173,-188,-188,-188,246,246,246,246,247,247,-219,-219,-391,-391,-177,-177,-177,175,175,175,-216,-216,-216,-257,-257,-111,-111,-289,-289,-289,-377,-377,-377,-377,274,274,274,274,360,360,360,207,207,-240,-240,-354,-354,-354,-152,-152,-152,-152,-29,-29,-29,-180,-180,-216,-216,15,15,15,-185,-185,-185,-34,-34,-34,-34,21,21,21,385,385,125,125,68,68,68,132,132,132,132,-337,-337,-337,-337,-186,-186,-186,-132,-132,-176,-176,-176,-254,-254,-254,-254,-63,-63,-63,-63,40,40,40,40,40,28,28,-350,-350,-483,-483,-483,101,101,101,101,-2,-2,-2,-2,-80,-80,-323,-323,-527,-527,-527,323,323,323,323,-201,-201,-201,-201,-72,-72,-17,-17,-539,-539,-68,-68,-68,45,45,45,45,-117,-117,-117,-92,-92,-499,-499,-102,-102,-102,-160,-160,-160,-164,-164,-164,-46,-46,-46,-46,-47,-47,-47,-47,-22,-22,55,55,-122,-122,-122,123,123,123,148,148,148,-264,-264,-40,-40,-181,-181,-181,58,58,58,25,25,25,25,-171,-171,-171,-171,-315,-315,86,86,622,622,-579,-579,-579,-417,-417,-417,-1504,-1504,-1504,-1504,25,25,25,3,3,-274,-274,162,162,162,-704,-704,-704,-704,-25,-25,-25,-115,-115,106,106,-1,-1,-1,80,80,80,355,355,355,355,151,151,151,-135,-135,-135,-213,-213,-213,-51,-51,-51,-111,-111,-111,-111,-246,-246,-246,-171,-171,-15,-15,-221,-221,-221,66,66,66,66,242,242,242,242,138,138,138,121,121,-31,-31,-203,-203,-203,-27,-27,-27,-27,118,118,118,118,-126,-126,-74,62,62,273,273,273,56,56,56,-108,-108,-108,61,61,-138,-58,-58,-50,-50,-50,-508,-508,-508,-243,-243,-243,-243,-25,-25,-25,-25,-25,27,27,27,216,216,216,-110,-110,-110,-110,-68,-68,-68,-120,-120,-120,-107,-107,-369,-369,-333,-333,-333,-136,-136,-136,-105,-105,-105,-247,-247,-268,-268,16,16,-73,-73,-167,-167,-108,-108,16,16,-89,-89,-17,-17,-17,-178,-178,-178,169,169,169,169,-161,-161,-161,-160,-160,-178,-178,-13,-13,-176,-176,-176,-638,-638,-638,-179,-179,145,145,-417,-417,-589,-589,-589,-694,-694,-694,-694,148,148,148,328,233,2,2,-315,-315,-422,-422,-366,-366,-481,-481,-407,-407,-119,-119,-99,-99,-99,-47,-47,-47,-223,-223,-223,33,33,33,110,110,-34,-261,-125,-125,-67,72,72,82,82,48,48,48,72,72,72,144,144,97,97,-15,-15,100,100
68,9.142000000000001236,345,187,101,101,-9,-9,160,160,-92,-92,-248,-248,-248,31,31,93,93,119,119,-238,-238,-238,-372,-372,-372,-260,-260,-62,-62,-41,-41,-1,-1,-1,92,92,92,186,186,186,126,126,-49,-49,201,201,201,305,305,305,-23,-23,-23,-23,231,231,231,231,141,141,266,266,59,59,59,107,107,107,107,168,168,168,168,164,164,94,94,11,11,150,150,150,17,17,17,-113,-113,-113,-113,-163,-163,-66,-66,-66,-66,-66,101,101,101,282,282,282,282,261,261,-121,-121,-139,-139,26,26,26,337,337,337,203,203,203,62,62,140,140,-109,-109,-109,-151,-151,-151,-151,121,121,121,121,389,389,389,258,258,-241,-241,-253,-253,-253,26,26,26,26,121,121,121,-211,-211,-205,-205,130,130,130,-155,-155,-155,147,147,147,147,218,218,218,396,396,280,280,172,172,172,330,330,330,330,-83,-83,-83,-83,30,30,30,44,44,27,27,27,75,75,75,75,37,37,37,37,168,168,168,168,168,214,214,-290,-290,-232,-232,-232,341,341,341,341,346,346,346,346,54,54,-65,-65,-358,-358,-358,279,279,279,279,-43,-43,-43,-43,27,27,-186,-186,-385,-385,125,125,125,12,12,12,12,-1,-1,-1,-36,-36,-381,-381,-44,-44,-44,41,41,41,67,67,67,61,61,61,61,-98,-98,-98,-98,-55,-55,26,26,-89,-89,-89,96,96,96,173,173,173,-88,-88,19,19,-32,-32,-32,162,162,162,118,118,118,118,-67,-67,-67,-67,-117,-117,293,293,341,341,-610,-610,-610,-534,-534,-534,-634,-634,-634,-634,193,193,193,63,63,-64,-64,488,488,488,-570,-570,-570,-570,-71,-71,-71,-21,-21,67,67,-53,-53,-53,182,182,182,357,357,357,357,136,136,136,4,4,4,-85,-85,-85,196,196,196,13,13,13,13,33,33,33,-51,-51,50,50,-147,-147,-147,149,149,149,149,341,341,341,341,247,247,247,122,122,-67,-67,60,60,60,108,108,108,108,189,189,189,189,75,75,87,222,222,230,230,230,158,158,158,-91,-91,-91,62,62,58,188,188,228,228,228,-126,-126,-126,-67,-67,-67,-67,18,18,18,18,18,49,49,49,546,546,546,284,284,284,284,173,173,173,-21,-21,-21,-10,-10,-339,-339,-195,-195,-195,116,116,116,75,75,75,-158,-158,-101,-101,180,180,126,126,-54,-54,-45,-45,-23,-23,-45,-45,32,32,32,-40,-40,-40,213,213,213,213,51,51,51,-6,-6,-14,-14,167,167,43,43,43,-434,-434,-434,-81,-81,-70,-70,-382,-382,-498,-498,-498,-340,-340,-340,-340,756,756,756,901,887,477,477,20,20,-79,-79,-191,-191,-286,-286,-87,-87,166,166,-69,-69,-69,98,98,98,-122,-122,-122,242,242,242,161,161,182,-54,134,134,203,385,385,284,284,269,269,269,170,170,170,269,269,333,333,270,270,299,299
69,9.342000000000000526,359,299,221,221,176,176,277,277,23,23,-122,-122,-122,147,147,238,238,304,304,-87,-87,-87,-156,-156,-156,-123,-123,4,4,112,112,78,78,78,88,88,88,332,332,332,253,253,99,99,348,348,348,509,509,509,127,127,127,127,222,222,222,222,213,213,347,347,237,237,237,265,265,265,265,260,260,260,260,270,270,198,198,132,132,236,236,236,162,162,162,37,37,37,37,-15,-15,32,32,34,34,34,310,310,310,313,313,313,313,198,198,-26,-26,127,127,157,157,157,399,399,399,527,527,527,282,282,310,310,-55,-55,-55,5,5,5,5,26,26,26,26,362,362,362,281,281,-162,-162,-97,-97,-97,117,117,117,117,164,164,164,-180,-180,-206,-206,150,150,150,-117,-117,-117,245,245,245,245,358,358,358,328,328,290,290,186,186,186,446,446,446,446,216,216,216,216,148,148,148,143,143,166,166,166,374,374,374,374,127,127,127,127,287,287,287,287,287,259,259,-98,-98,31,31,31,496,496,496,496,602,602,602,602,158,158,75,75,-195,-195,-195,193,193,193,193,154,154,154,154,123,123,-222,-222,-135,-135,290,290,290,54,54,54,54,119,119,119,90,90,-188,-188,55,55,55,266,266,266,260,260,260,185,185,185,185,-15,-15,-15,-15,54,54,14,14,-18,-18,-18,109,109,109,197,197,197,93,93,82,82,164,164,164,173,173,173,248,248,248,248,25,25,25,25,92,92,521,521,55,55,-571,-571,-571,-513,-513,-513,239,239,239,239,416,416,416,130,130,111,111,748,748,748,-383,-383,-383,-383,-7,-7,-7,118,118,45,45,-53,-53,-53,350,350,350,395,395,395,395,193,193,193,191,191,191,105,105,105,392,392,392,94,94,94,94,248,248,248,45,45,122,122,60,60,60,231,231,231,231,441,441,441,441,355,355,355,163,163,20,20,223,223,223,219,219,219,219,343,343,343,343,282,282,223,282,282,234,234,234,245,245,245,23,23,23,73,73,139,215,215,350,350,350,125,125,125,77,77,77,77,103,103,103,103,103,70,70,70,704,704,704,604,604,604,604,351,351,351,108,108,108,86,86,-283,-283,-79,-79,-79,303,303,303,266,266,266,-58,-58,60,60,217,217,264,264,104,104,-7,-7,-2,-2,5,5,95,95,95,84,84,84,238,238,238,238,283,283,283,197,197,105,105,237,237,276,276,276,-74,-74,-74,137,137,-198,-198,-441,-441,-467,-467,-467,-47,-47,-47,-47,1088,1088,1088,1318,1319,777,777,251,251,187,187,-83,-83,-111,-111,157,157,359,359,50,50,50,225,225,225,60,60,60,329,329,329,230,230,297,114,318,318,415,561,561,337,337,349,349,349,233,233,233,258,258,451,451,481,481,459,459
70,9.541999999999999815,315,198,174,174,187,187,195,195,-52,-52,-82,-82,-82,136,136,218,218,240,240,16,16,16,-10,-10,-10,73,73,59,59,129,129,90,90,90,70,70,70,340,340,340,270,270,86,86,236,236,236,411,411,411,139,139,139,139,155,155,155,155,211,211,317,317,230,230,230,242,242,242,242,221,221,221,221,222,222,136,136,-17,-17,142,142,142,136,136,136,96,96,96,96,87,87,43,43,1,1,1,266,266,266,175,175,175,175,72,72,-16,-16,219,219,145,145,145,232,232,232,535,535,535,401,401,299,299,-151,-151,-151,79,79,79,79,-39,-39,-39,-39,262,262,262,213,213,-122,-122,-89,-89,-89,137,137,137,137,122,122,122,-110,-110,-203,-203,-20,-20,-20,-63,-63,-63,267,267,267,267,357,357,357,165,165,130,130,63,63,63,352,352,352,352,324,324,324,324,78,78,78,70,70,122,122,122,430,430,430,430,177,177,177,177,392,392,392,392,392,282,282,37,37,144,144,144,497,497,497,497,660,660,660,660,193,193,54,54,-110,-110,-110,81,81,81,81,309,309,309,309,219,219,-203,-203,26,26,340,340,340,131,131,131,131,225,225,225,82,82,14,14,88,88,88,384,384,384,257,257,257,223,223,223,223,6,6,6,6,159,159,42,42,61,61,61,113,113,113,154,154,154,202,202,74,74,219,219,219,122,122,122,302,302,302,302,93,93,93,93,292,292,685,685,-298,-298,-491,-491,-491,-431,-431,-431,927,927,927,927,560,560,560,128,128,157,157,852,852,852,-209,-209,-209,-209,15,15,15,241,241,-6,-6,-31,-31,-31,413,413,413,352,352,352,352,305,305,305,276,276,276,266,266,266,472,472,472,142,142,142,142,381,381,381,20,20,136,136,225,225,225,208,208,208,208,411,411,411,411,343,343,343,115,115,81,81,190,190,190,229,229,229,229,454,454,454,454,384,384,268,221,221,142,142,142,262,262,262,87,87,87,33,33,67,103,103,297,297,297,13,13,13,157,157,157,157,82,82,82,82,82,26,26,26,621,621,621,678,678,678,678,425,425,425,191,191,191,113,113,-230,-230,-19,-19,-19,296,296,296,320,320,320,42,42,120,120,245,245,248,248,171,171,61,61,-26,-26,5,5,123,123,123,162,162,162,165,165,165,165,361,361,361,307,307,21,21,156,156,388,388,388,312,312,312,295,295,-345,-345,-731,-731,-560,-560,-560,134,134,134,134,1189,1189,1189,1364,1412,782,782,343,343,183,183,-78,-78,-24,-24,198,198,314,314,161,161,161,249,249,249,198,198,198,304,304,304,205,205,319,245,355,355,410,499,499,269,269,224,224,224,154,154,154,161,161,294,294,386,386,395,395
71,9.742000000000000881,142,121,108,108,169,169,6,6,-168,-168,-3,-3,-3,21,21,72,72,71,71,23,23,23,96,96,96,153,153,134,134,162,162,153,153,153,72,72,72,276,276,276,220,220,48,48,72,72,72,251,251,251,193,193,193,193,99,99,99,99,247,247,282,282,216,216,216,270,270,270,270,183,183,183,183,137,137,89,89,-20,-20,3,3,3,102,102,102,113,113,113,113,153,153,77,77,0,0,0,139,139,139,34,34,34,34,-33,-33,-33,-33,174,174,20,20,20,25,25,25,443,443,443,429,429,226,226,-214,-214,-214,104,104,104,104,-10,-10,-10,-10,158,158,158,150,150,-57,-57,-50,-50,-50,76,76,76,76,119,119,119,-13,-13,-136,-136,-96,-96,-96,0,0,0,261,261,261,261,334,334,334,57,57,21,21,7,7,7,239,239,239,239,319,319,319,319,22,22,22,-15,-15,123,123,123,325,325,325,325,182,182,182,182,481,481,481,481,481,293,293,112,112,263,263,263,499,499,499,499,563,563,563,563,244,244,24,24,-15,-15,-15,76,76,76,76,437,437,437,437,319,319,-84,-84,162,162,381,381,381,241,241,241,241,350,350,350,147,147,159,159,67,67,67,396,396,396,188,188,188,288,288,288,288,70,70,70,70,278,278,121,121,171,171,171,108,108,108,109,109,109,258,258,119,119,285,285,285,87,87,87,315,315,315,315,191,191,191,191,402,402,794,794,-452,-452,-350,-350,-350,-219,-219,-219,1437,1437,1437,1437,590,590,590,144,144,219,219,910,910,910,-37,-37,-37,-37,96,96,96,325,325,-36,-36,33,33,33,408,408,408,250,250,250,250,354,354,354,313,313,313,304,304,304,444,444,444,229,229,229,229,454,454,454,58,58,148,148,348,348,348,144,144,144,144,333,333,333,333,281,281,281,53,53,113,113,64,64,64,206,206,206,206,516,516,516,516,440,440,226,137,137,135,135,135,204,204,204,140,140,140,35,35,50,24,24,204,204,204,-183,-183,-183,126,126,126,126,128,128,128,128,128,-2,-2,-2,475,475,475,651,651,651,651,391,391,391,234,234,234,160,160,-92,-92,95,95,95,247,247,247,331,331,331,133,133,171,171,207,207,233,233,196,196,86,86,5,5,72,72,119,119,119,180,180,180,147,147,147,147,324,324,324,300,300,36,36,147,147,479,479,479,651,651,651,412,412,-419,-419,-958,-958,-680,-680,-680,257,257,257,257,1128,1128,1128,1294,1415,675,675,357,357,59,59,-82,-82,104,104,183,183,209,209,244,244,244,267,267,267,335,335,335,239,239,239,166,166,258,315,333,333,350,326,326,172,172,80,80,80,19,19,19,9,9,62,62,146,146,238,238
72,9.942000000000000171,-5,19,22,22,114,114,-124,-124,-203,-203,53,53,53,38,38,-19,-19,-60,-60,101,101,101,175,175,175,202,202,203,203,246,246,210,210,210,105,105,105,213,213,213,216,216,53,53,-40,-40,-40,93,93,93,238,238,238,238,74,74,74,74,269,269,245,245,180,180,180,287,287,287,287,205,205,205,205,99,99,-21,-21,2,2,-83,-83,-83,128,128,128,145,145,145,145,195,195,97,97,65,65,65,74,74,74,-54,-54,-54,-54,-119,-119,-23,-23,156,156,57,57,57,-85,-85,-85,319,319,319,452,452,177,177,-139,-139,-139,141,141,141,141,41,41,41,41,97,97,97,100,100,4,4,-65,-65,-65,54,54,54,54,128,128,128,185,185,29,29,-96,-96,-96,92,92,92,282,282,282,282,282,282,282,48,48,13,13,37,37,37,165,165,165,165,308,308,308,308,90,90,90,32,32,132,132,132,268,268,268,268,229,229,229,229,533,533,533,533,533,364,364,233,233,440,440,440,510,510,510,510,495,495,495,495,354,354,186,186,131,131,131,145,145,145,145,591,591,591,591,397,397,153,153,319,319,502,502,502,350,350,350,350,411,411,411,241,241,297,297,79,79,79,371,371,371,194,194,194,430,430,430,430,160,160,160,160,335,335,267,267,286,286,286,237,237,237,136,136,136,362,362,195,195,353,353,353,143,143,143,335,335,335,335,303,303,303,303,564,564,811,811,-476,-476,-146,-146,-146,55,55,55,1732,1732,1732,1732,538,538,538,240,240,312,312,949,949,949,103,103,103,103,224,224,224,404,404,56,56,175,175,175,350,350,350,168,168,168,168,426,426,426,306,306,306,343,343,343,418,418,418,295,295,295,295,483,483,483,136,136,154,154,432,432,432,116,116,116,116,331,331,331,331,244,244,244,62,62,164,164,43,43,43,268,268,268,268,578,578,578,578,456,456,265,125,125,26,26,26,141,141,141,173,173,173,95,95,91,53,53,156,156,156,-218,-218,-218,154,154,154,154,304,304,304,304,304,7,7,7,256,256,256,610,610,610,610,344,344,344,262,262,262,232,232,116,116,224,224,224,236,236,236,366,366,366,278,278,273,273,232,232,270,270,299,299,206,206,149,149,164,164,152,152,152,237,237,237,116,116,116,116,310,310,310,342,342,150,150,198,198,542,542,542,901,901,901,541,541,-400,-400,-974,-974,-698,-698,-698,349,349,349,349,1030,1030,1030,1204,1393,574,574,339,339,-56,-56,-38,-38,213,213,210,210,119,119,293,293,293,292,292,292,375,375,375,175,175,175,146,146,197,365,283,283,253,93,93,116,116,-10,-10,-10,-39,-39,-39,-77,-77,-134,-134,-50,-50,151,151
73,10.14200000000000124,-120,9,10,10,68,68,-155,-155,-200,-200,123,123,123,88,88,9,9,-4,-4,145,145,145,209,209,209,178,178,193,193,306,306,278,278,278,140,140,140,158,158,158,147,147,84,84,-83,-83,-83,65,65,65,332,332,332,332,95,95,95,95,256,256,188,188,213,213,213,259,259,259,259,185,185,185,185,94,94,-4,-4,-16,-16,-70,-70,-70,112,112,112,133,133,133,133,188,188,104,104,110,110,110,28,28,28,-98,-98,-98,-98,-111,-111,44,44,203,203,162,162,162,-94,-94,-94,191,191,191,426,426,177,177,10,10,10,138,138,138,138,16,16,16,16,29,29,29,88,88,99,99,-71,-71,-71,59,59,59,59,167,167,167,381,381,270,270,79,79,79,154,154,154,228,228,228,228,229,229,229,73,73,50,50,117,117,117,136,136,136,136,288,288,288,288,194,194,194,118,118,333,333,333,231,231,231,231,271,271,271,271,599,599,599,599,599,449,449,346,346,583,583,583,542,542,542,542,431,431,431,431,518,518,416,416,406,406,406,248,248,248,248,603,603,603,603,420,420,320,320,446,446,566,566,566,422,422,422,422,429,429,429,354,354,401,401,83,83,83,355,355,355,246,246,246,525,525,525,525,311,311,311,311,366,366,346,346,325,325,325,273,273,273,261,261,261,401,401,303,303,399,399,399,189,189,189,288,288,288,288,412,412,412,412,707,707,713,713,-324,-324,64,64,64,346,346,346,1858,1858,1858,1858,383,383,383,300,300,474,474,899,899,899,179,179,179,179,289,289,289,451,451,214,214,349,349,349,348,348,348,132,132,132,132,434,434,434,338,338,338,318,318,318,338,338,338,311,311,311,311,473,473,473,265,265,147,147,411,411,411,114,114,114,114,367,367,367,367,273,273,273,201,201,208,208,128,128,128,310,310,310,310,590,590,590,590,447,447,262,156,156,23,23,23,137,137,137,170,170,170,189,189,225,194,194,247,247,247,141,141,141,130,130,130,130,389,389,389,389,389,-6,-6,-6,99,99,99,525,525,525,525,263,263,263,251,251,251,239,239,262,262,281,281,281,243,243,243,357,357,357,397,397,311,311,213,213,268,268,369,369,352,352,264,264,247,247,135,135,135,259,259,259,150,150,150,150,280,280,280,355,355,268,268,271,271,544,544,544,966,966,966,544,544,-282,-282,-716,-716,-590,-590,-590,411,411,411,411,911,911,911,1070,1303,515,515,300,300,-67,-67,59,59,252,252,204,204,122,122,276,276,276,278,278,278,338,338,338,112,112,112,115,115,110,300,151,151,81,-65,-65,48,48,-57,-57,-57,-60,-60,-60,-101,-101,-168,-168,-82,-82,145,145
74,10.34200000000000053,-143,-43,-19,-19,12,12,-206,-206,-157,-157,217,217,217,172,172,131,131,7,7,76,76,76,156,156,156,93,93,99,99,214,214,276,276,276,178,178,178,66,66,66,111,111,72,72,-41,-41,-41,59,59,59,306,306,306,306,75,75,75,75,159,159,81,81,162,162,162,141,141,141,141,107,107,107,107,85,85,-8,-8,-1,-1,-16,-16,-16,45,45,45,128,128,128,128,120,120,62,62,142,142,142,-11,-11,-11,-108,-108,-108,-108,-95,-95,159,159,244,244,217,217,217,-25,-25,-25,30,30,30,346,346,181,181,147,147,147,110,110,110,110,-46,-46,-46,-46,-33,-33,-33,-31,-31,113,113,-20,-20,-20,33,33,33,33,154,154,154,461,461,507,507,128,128,128,177,177,177,95,95,95,95,125,125,125,86,86,97,97,165,165,165,111,111,111,111,237,237,237,237,300,300,300,241,241,463,463,463,310,310,310,310,296,296,296,296,510,510,510,510,510,522,522,386,386,634,634,634,564,564,564,564,392,392,392,392,637,637,585,585,598,598,598,270,270,270,270,523,523,523,523,294,294,376,376,515,515,510,510,510,366,366,366,366,348,348,348,423,423,474,474,187,187,187,349,349,349,332,332,332,585,585,585,585,403,403,403,403,406,406,336,336,324,324,324,306,306,306,323,323,323,389,389,363,363,398,398,398,241,241,241,275,275,275,275,480,480,480,480,758,758,506,506,-105,-105,257,257,257,603,603,603,1841,1841,1841,1841,133,133,133,389,389,582,582,847,847,847,140,140,140,140,257,257,257,393,393,319,319,452,452,452,291,291,291,89,89,89,89,375,375,375,293,293,293,276,276,276,264,264,264,324,324,324,324,361,361,361,336,336,106,106,306,306,306,136,136,136,136,367,367,367,367,331,331,331,273,273,259,259,260,260,260,286,286,286,286,495,495,495,495,344,344,228,156,156,95,95,95,165,165,165,230,230,230,278,278,359,266,266,364,364,364,523,523,523,89,89,89,89,378,378,378,378,378,-59,-59,-59,7,7,7,340,340,340,340,175,175,175,157,157,157,182,182,367,367,263,263,263,188,188,188,353,353,353,424,424,282,282,177,177,187,187,358,358,421,421,366,366,261,261,127,127,127,223,223,223,146,146,146,146,294,294,294,319,319,354,354,298,298,522,522,522,898,898,898,435,435,-86,-86,-319,-319,-411,-411,-411,395,395,395,395,708,708,708,851,1124,497,497,277,277,10,10,161,161,217,217,129,129,107,107,207,207,207,222,222,222,240,240,240,23,23,23,45,45,30,144,45,45,-104,-208,-208,-24,-24,-65,-65,-65,1,1,1,-39,-39,-108,-108,1,1,183,183
75,10.54200000000000159,-112,-87,-23,-23,-44,-44,-229,-229,-158,-158,131,131,131,204,204,116,116,30,30,-41,-41,-41,12,12,12,-54,-54,-73,-73,80,80,216,216,216,111,111,111,-41,-41,-41,13,13,50,50,-41,-41,-41,22,22,22,198,198,198,198,-34,-34,-34,-34,-37,-37,-64,-64,50,50,50,-89,-89,-89,-89,-55,-55,-55,-55,-30,-30,-14,-14,27,27,-13,-13,-13,-79,-79,-79,10,10,10,10,4,4,29,29,92,92,92,2,2,2,-166,-166,-166,-166,-108,-108,178,178,260,260,237,237,237,5,5,5,-108,-108,-108,134,134,81,81,195,195,195,35,35,35,35,-138,-138,-138,-138,-118,-118,-118,-45,-45,106,106,9,9,9,55,55,55,55,91,91,91,427,427,671,671,238,238,238,141,141,141,-38,-38,-38,-38,5,5,5,41,41,39,39,171,171,171,119,119,119,119,238,238,238,238,261,261,261,327,327,475,475,475,271,271,271,271,225,225,225,225,373,373,373,373,373,447,447,347,347,532,532,532,423,423,423,423,312,312,312,312,593,593,522,522,598,598,598,204,204,204,204,319,319,319,319,147,147,344,344,378,378,345,345,345,215,215,215,215,170,170,170,393,393,496,496,282,282,282,296,296,296,333,333,333,472,472,472,472,407,407,407,407,310,310,258,258,213,213,213,210,210,210,335,335,335,304,304,299,299,277,277,277,214,214,214,208,208,208,208,437,437,437,437,725,725,212,212,21,21,254,254,254,763,763,763,1677,1677,1677,1677,-189,-189,-189,404,404,614,614,762,762,762,-20,-20,-20,-20,182,182,182,268,268,407,407,462,462,462,205,205,205,-9,-9,-9,-9,293,293,293,185,185,185,199,199,199,155,155,155,202,202,202,202,221,221,221,304,304,71,71,209,209,209,148,148,148,148,349,349,349,349,289,289,289,277,277,228,228,270,270,270,192,192,192,192,327,327,327,327,186,186,143,128,128,199,199,199,213,213,213,315,315,315,290,290,365,333,333,388,388,388,591,591,591,-1,-1,-1,-1,237,237,237,237,237,-159,-159,-159,-104,-104,-104,144,144,144,144,62,62,62,25,25,25,54,54,341,341,124,124,124,106,106,106,282,282,282,390,390,257,257,94,94,114,114,266,266,435,435,406,406,231,231,73,73,73,167,167,167,142,142,142,142,244,244,244,200,200,337,337,255,255,423,423,423,649,649,649,264,264,40,40,-77,-77,-387,-387,-387,298,298,298,298,443,443,443,577,822,428,428,189,189,60,60,152,152,53,53,-21,-21,47,47,94,94,94,96,96,96,47,47,47,-89,-89,-89,-48,-48,-28,-12,-93,-93,-229,-273,-273,-86,-86,-48,-48,-48,42,42,42,-34,-34,-40,-40,69,69,160,160
76,10.74200000000000088,-130,-58,-22,-22,-88,-88,-212,-212,-204,-204,21,21,21,59,59,-2,-2,-72,-72,-150,-150,-150,-128,-128,-128,-188,-188,-245,-245,-102,-102,46,46,46,18,18,18,-157,-157,-157,-144,-144,-63,-63,-3,-3,-3,-75,-75,-75,-22,-22,-22,-22,-101,-101,-101,-101,-241,-241,-248,-248,-166,-166,-166,-273,-273,-273,-273,-238,-238,-238,-238,-119,-119,0,0,4,4,3,3,3,-150,-150,-150,-41,-41,-41,-41,-97,-97,-24,-24,100,100,100,-46,-46,-46,-134,-134,-134,-134,-60,-60,116,116,159,159,162,162,162,5,5,5,-186,-186,-186,-16,-16,-22,-22,178,178,178,26,26,26,26,-163,-163,-163,-163,-188,-188,-188,-120,-120,45,45,35,35,35,60,60,60,60,52,52,52,311,311,607,607,163,163,163,47,47,47,-109,-109,-109,-109,-96,-96,-96,-22,-22,21,21,132,132,132,49,49,49,49,168,168,168,168,217,217,217,301,301,306,306,306,135,135,135,135,113,113,113,113,145,145,145,145,145,292,292,198,198,277,277,277,301,301,301,301,217,217,217,217,417,417,321,321,427,427,427,44,44,44,44,89,89,89,89,16,16,248,248,217,217,118,118,118,96,96,96,96,62,62,62,333,333,403,403,326,326,326,180,180,180,273,273,273,240,240,240,240,330,330,330,330,192,192,82,82,118,118,118,149,149,149,232,232,232,214,214,189,189,126,126,126,161,161,161,139,139,139,139,373,373,373,373,554,554,-83,-83,6,6,217,217,217,824,824,824,1417,1417,1417,1417,-466,-466,-466,379,379,517,517,634,634,634,-207,-207,-207,-207,73,73,73,103,103,340,340,295,295,295,50,50,50,-80,-80,-80,-80,129,129,129,103,103,103,70,70,70,45,45,45,93,93,93,93,19,19,19,218,218,46,46,107,107,107,114,114,114,114,226,226,226,226,194,194,194,214,214,158,158,206,206,206,65,65,65,65,80,80,80,80,-3,-3,20,70,70,281,281,281,273,273,273,362,362,362,285,285,278,259,259,223,223,223,360,360,360,-32,-32,-32,-32,62,62,62,62,62,-243,-243,-243,-119,-119,-119,-13,-13,-13,-13,3,3,3,-38,-38,-38,-15,-15,242,242,52,52,52,7,7,7,169,169,169,276,276,212,212,54,54,6,6,166,166,366,366,360,360,201,201,58,58,58,97,97,97,129,129,129,129,197,197,197,65,65,159,159,145,145,251,251,251,290,290,290,23,23,44,44,-71,-71,-447,-447,-447,116,116,116,116,158,158,158,261,557,294,294,52,52,99,99,77,77,-80,-80,-103,-103,-70,-70,-32,-32,-32,-70,-70,-70,-128,-128,-128,-170,-170,-170,-127,-127,-94,-150,-174,-174,-276,-245,-245,-126,-126,-57,-57,-57,72,72,72,13,13,-11,-11,44,44,70,70
77,10.94200000000000017,-79,26,-23,-23,-66,-66,-131,-131,-141,-141,-78,-78,-78,-14,-14,-86,-86,-147,-147,-168,-168,-168,-142,-142,-142,-214,-214,-281,-281,-226,-226,-37,-37,-37,-41,-41,-41,-227,-227,-227,-169,-169,-91,-91,-41,-41,-41,-101,-101,-101,-113,-113,-113,-113,-162,-162,-162,-162,-389,-389,-352,-352,-301,-301,-301,-366,-366,-366,-366,-271,-271,-271,-271,-130,-130,-5,-5,40,40,83,83,83,-161,-161,-161,-63,-63,-63,-63,-84,-84,-19,-19,61,61,61,42,42,42,-89,-89,-89,-89,-51,-51,108,108,24,24,27,27,27,115,115,115,-115,-115,-115,-111,-111,-78,-78,135,135,135,58,58,58,58,-94,-94,-94,-94,-156,-156,-156,-144,-144,-5,-5,66,66,66,99,99,99,99,3,3,3,157,157,457,457,109,109,109,1,1,1,-116,-116,-116,-116,-112,-112,-112,-51,-51,-26,-26,73,73,73,67,67,67,67,151,151,151,151,246,246,246,257,257,171,171,171,11,11,11,11,124,124,124,124,22,22,22,22,22,126,126,146,146,118,118,118,211,211,211,211,184,184,184,184,296,296,180,180,245,245,245,-5,-5,-5,-5,-51,-51,-51,-51,9,9,227,227,127,127,-37,-37,-37,32,32,32,32,7,7,7,268,268,319,319,359,359,359,122,122,122,152,152,152,110,110,110,110,294,294,294,294,135,135,9,9,52,52,52,122,122,122,133,133,133,137,137,153,153,75,75,75,227,227,227,145,145,145,145,291,291,291,291,406,406,-277,-277,-11,-11,200,200,200,804,804,804,1165,1165,1165,1165,-567,-567,-567,346,346,400,400,584,584,584,-238,-238,-238,-238,3,3,3,-6,-6,274,274,182,182,182,-66,-66,-66,-109,-109,-109,-109,57,57,57,49,49,49,11,11,11,-39,-39,-39,70,70,70,70,-104,-104,-104,180,180,86,86,27,27,27,108,108,108,108,135,135,135,135,136,136,136,192,192,124,124,155,155,155,34,34,34,34,-17,-17,-17,-17,-79,-79,36,90,90,372,372,372,305,305,305,391,391,391,312,312,251,143,143,47,47,47,102,102,102,90,90,90,90,-37,-37,-37,-37,-37,-179,-179,-179,-32,-32,-32,-58,-58,-58,-58,29,29,29,-56,-56,-56,-16,-16,183,183,41,41,41,2,2,2,116,116,116,212,212,166,166,97,97,22,22,122,122,282,282,326,326,214,214,89,89,89,109,109,109,147,147,147,147,160,160,160,-4,-4,63,63,121,121,184,184,184,12,12,12,-159,-159,12,12,-153,-153,-510,-510,-510,-7,-7,-7,-7,-9,-9,-9,142,386,250,250,13,13,178,178,75,75,-59,-59,-59,-59,-72,-72,-128,-128,-128,-126,-126,-126,-123,-123,-123,-163,-163,-163,-135,-135,-80,-143,-151,-151,-196,-125,-125,-67,-67,14,14,14,147,147,147,42,42,22,22,16,16,17,17
78,11.14200000000000124,13,129,74,74,29,29,-29,-29,-33,-33,-109,-109,-109,-74,-74,-58,-58,-34,-34,-51,-51,-51,-122,-122,-122,-176,-176,-216,-216,-229,-229,-132,-132,-132,-42,-42,-42,-147,-147,-147,-146,-146,-58,-58,-60,-60,-60,-72,-72,-72,-118,-118,-118,-118,-86,-86,-86,-86,-324,-324,-363,-363,-294,-294,-294,-333,-333,-333,-333,-220,-220,-220,-220,-111,-111,-18,-18,53,53,110,110,110,-57,-57,-57,-25,-25,-25,-25,-25,-25,3,3,34,34,34,89,89,89,-15,-15,-15,-15,20,20,76,76,-5,-5,10,10,10,202,202,202,7,7,7,-76,-76,-62,-62,145,145,145,175,175,175,175,8,8,8,8,-93,-93,-93,-126,-126,-36,-36,95,95,95,111,111,111,111,4,4,4,36,36,217,217,114,114,114,7,7,7,-33,-33,-33,-33,-92,-92,-92,-96,-96,-37,-37,1,1,1,83,83,83,83,162,162,162,162,207,207,207,270,270,60,60,60,-27,-27,-27,-27,178,178,178,178,32,32,32,32,32,22,22,151,151,64,64,64,238,238,238,238,204,204,204,204,200,200,95,95,105,105,105,-6,-6,-6,-6,-126,-126,-126,-126,-4,-4,211,211,109,109,-75,-75,-75,35,35,35,35,94,94,94,208,208,226,226,317,317,317,67,67,67,111,111,111,88,88,88,88,180,180,180,180,114,114,65,65,101,101,101,113,113,113,122,122,122,192,192,174,174,76,76,76,268,268,268,122,122,122,122,265,265,265,265,243,243,-327,-327,-17,-17,218,218,218,756,756,756,992,992,992,992,-510,-510,-510,329,329,307,307,563,563,563,-197,-197,-197,-197,62,62,62,-39,-39,215,215,80,80,80,-100,-100,-100,-25,-25,-25,-25,51,51,51,28,28,28,23,23,23,-90,-90,-90,99,99,99,99,-95,-95,-95,149,149,170,170,16,16,16,188,188,188,188,181,181,181,181,152,152,152,193,193,129,129,136,136,136,145,145,145,145,-18,-18,-18,-18,32,32,151,211,211,450,450,450,321,321,321,330,330,330,327,327,186,20,20,-137,-137,-137,57,57,57,195,195,195,195,-36,-36,-36,-36,-36,9,9,9,172,172,172,35,35,35,35,105,105,105,70,70,70,68,68,193,193,119,119,119,55,55,55,106,106,106,196,196,146,146,122,122,100,100,130,130,186,186,279,279,249,249,166,166,166,150,150,150,161,161,161,161,120,120,120,-5,-5,72,72,159,159,144,144,144,-222,-222,-222,-228,-228,5,5,-101,-101,-494,-494,-494,-116,-116,-116,-116,-35,-35,-35,115,335,293,293,86,86,203,203,128,128,94,94,130,130,13,13,-140,-140,-140,-80,-80,-80,-58,-58,-58,-16,-16,-16,-38,-38,-12,-77,-83,-83,-16,5,5,44,44,103,103,103,183,183,183,79,79,32,32,31,31,31,31
79,11.34200000000000053,87,146,88,88,58,58,172,172,160,160,-54,-54,-54,-49,-49,39,39,120,120,82,82,82,-38,-38,-38,-71,-71,-137,-137,-228,-228,-172,-172,-172,-52,-52,-52,-83,-83,-83,-120,-120,-71,-71,15,15,15,-70,-70,-70,-85,-85,-85,-85,14,14,14,14,-207,-207,-313,-313,-291,-291,-291,-230,-230,-230,-230,-167,-167,-167,-167,-83,-83,-63,-63,-8,-8,81,81,81,29,29,29,-8,-8,-8,-8,13,13,17,17,8,8,8,88,88,88,0,0,0,0,16,16,24,24,-1,-1,3,3,3,196,196,196,85,85,85,-100,-100,-28,-28,193,193,193,194,194,194,194,76,76,76,76,-51,-51,-51,-66,-66,-66,-66,86,86,86,110,110,110,110,-30,-30,-30,-155,-155,-11,-11,32,32,32,4,4,4,52,52,52,52,-89,-89,-89,-93,-93,-14,-14,-73,-73,-73,72,72,72,72,143,143,143,143,242,242,242,236,236,-13,-13,-13,-60,-60,-60,-60,204,204,204,204,76,76,76,76,76,12,12,168,168,75,75,75,226,226,226,226,258,258,258,258,106,106,55,55,-44,-44,-44,-14,-14,-14,-14,-168,-168,-168,-168,48,48,252,252,92,92,-3,-3,-3,114,114,114,114,163,163,163,134,134,117,117,236,236,236,57,57,57,89,89,89,81,81,81,81,160,160,160,160,120,120,150,150,129,129,129,169,169,169,125,125,125,174,174,175,175,126,126,126,285,285,285,184,184,184,184,263,263,263,263,4,4,-281,-281,37,37,247,247,247,681,681,681,801,801,801,801,-329,-329,-329,276,276,159,159,497,497,497,-73,-73,-73,-73,111,111,111,-29,-29,115,115,65,65,65,-43,-43,-43,79,79,79,79,96,96,96,74,74,74,38,38,38,-66,-66,-66,114,114,114,114,-11,-11,-11,144,144,254,254,8,8,8,261,261,261,261,232,232,232,232,262,262,262,199,199,170,170,133,133,133,223,223,223,223,117,117,117,117,208,208,253,301,301,439,439,439,273,273,273,250,250,250,284,284,60,-113,-113,-161,-161,-161,116,116,116,248,248,248,248,-9,-9,-9,-9,-9,201,201,201,295,295,295,93,93,93,93,171,171,171,129,129,129,126,126,155,155,145,145,145,97,97,97,104,104,104,138,138,87,87,142,142,169,169,139,139,111,111,162,162,199,199,174,174,174,127,127,127,142,142,142,142,95,95,95,65,65,100,100,184,184,70,70,70,-349,-349,-349,-239,-239,64,64,-18,-18,-429,-429,-429,-267,-267,-267,-267,8,8,8,146,317,324,324,200,200,234,234,145,145,187,187,245,245,102,102,-72,-72,-72,-13,-13,-13,61,61,61,108,108,108,49,49,44,14,7,7,117,114,114,138,138,175,175,175,169,169,169,60,60,77,77,29,29,55,55
80,11.54200000000000159,117,109,105,105,94,94,215,215,248,248,-26,-26,-26,-62,-62,86,86,129,129,112,112,112,35,35,35,43,43,-52,-52,-209,-209,-214,-214,-214,-56,-56,-56,-48,-48,-48,-92,-92,-43,-43,-64,-64,-64,-80,-80,-80,-34,-34,-34,-34,87,87,87,87,-64,-64,-185,-185,-276,-276,-276,-112,-112,-112,-112,-113,-113,-113,-113,-82,-82,-121,-121,-111,-111,-17,-17,-17,42,42,42,-44,-44,-44,-44,-6,-6,-29,-29,-86,-86,-86,3,3,3,-23,-23,-23,-23,-72,-72,-84,-84,-52,-52,68,68,68,153,153,153,96,96,96,-70,-70,-8,-8,149,149,149,141,141,141,141,90,90,90,90,-24,-24,-24,-82,-82,-137,-137,54,54,54,48,48,48,48,-98,-98,-98,-268,-268,-227,-227,-81,-81,-81,-11,-11,-11,69,69,69,69,-90,-90,-90,-94,-94,-79,-79,-164,-164,-164,-22,-22,-22,-22,29,29,29,29,150,150,150,90,90,-147,-147,-147,-108,-108,-108,-108,127,127,127,127,60,60,60,60,60,-39,-39,160,160,16,16,16,188,188,188,188,274,274,274,274,10,10,-61,-61,-216,-216,-216,15,15,15,15,-144,-144,-144,-144,64,64,207,207,-1,-1,27,27,27,111,111,111,111,227,227,227,106,106,25,25,138,138,138,24,24,24,20,20,20,66,66,66,66,91,91,91,91,121,121,97,97,102,102,102,162,162,162,186,186,186,187,187,162,162,88,88,88,163,163,163,209,209,209,209,201,201,201,201,-178,-178,-250,-250,10,10,268,268,268,581,581,581,670,670,670,670,-130,-130,-130,273,273,19,19,348,348,348,-38,-38,-38,-38,124,124,124,-31,-31,57,57,17,17,17,6,6,6,163,163,163,163,118,118,118,68,68,68,36,36,36,-74,-74,-74,155,155,155,155,67,67,67,63,63,251,251,13,13,13,254,254,254,254,289,289,289,289,298,298,298,181,181,140,140,31,31,31,199,199,199,199,211,211,211,211,300,300,240,286,286,310,310,310,219,219,219,68,68,68,106,106,-172,-289,-289,-224,-224,-224,15,15,15,143,143,143,143,-75,-75,-75,-75,-75,225,225,225,251,251,251,65,65,65,65,124,124,124,178,178,178,130,130,33,33,84,84,84,91,91,91,65,65,65,25,25,-3,-3,87,87,111,111,106,106,19,19,79,79,103,103,123,123,123,50,50,50,69,69,69,69,44,44,44,56,56,2,2,56,56,13,13,13,-366,-366,-366,-218,-218,53,53,4,4,-430,-430,-430,-407,-407,-407,-407,14,14,14,90,239,277,277,253,253,166,166,150,150,244,244,256,256,138,138,9,9,9,-8,-8,-8,145,145,145,212,212,212,129,129,80,77,77,77,140,134,134,146,146,140,140,140,121,121,121,28,28,33,33,6,6,56,56
81,11.74200000000000088,66,-22,11,11,37,37,161,161,237,237,9,9,9,-84,-84,50,50,128,128,118,118,118,55,55,55,79,79,20,20,-171,-171,-206,-206,-206,-71,-71,-71,-26,-26,-26,-71,-71,-28,-28,-45,-45,-45,-155,-155,-155,-71,-71,-71,-71,149,149,149,149,84,84,-66,-66,-167,-167,-167,9,9,9,9,-76,-76,-76,-76,-90,-90,-159,-159,-185,-185,-142,-142,-142,-31,-31,-31,-40,-40,-40,-40,-4,-4,-83,-83,-183,-183,-183,-118,-118,-118,-81,-81,-81,-81,-165,-165,-182,-182,-139,-139,-95,-95,-95,-22,-22,-22,38,38,38,-118,-118,-44,-44,66,66,66,57,57,57,57,58,58,58,58,5,5,5,-21,-21,-189,-189,-3,-3,-3,-23,-23,-23,-23,-113,-113,-113,-321,-321,-408,-408,-192,-192,-192,-63,-63,-63,46,46,46,46,-143,-143,-143,-133,-133,-110,-110,-172,-172,-172,-108,-108,-108,-108,-85,-85,-85,-85,58,58,58,-11,-11,-299,-299,-299,-209,-209,-209,-209,58,58,58,58,17,17,17,17,17,-43,-43,118,118,-112,-112,-112,104,104,104,104,329,329,329,329,-47,-47,-185,-185,-298,-298,-298,-15,-15,-15,-15,-90,-90,-90,-90,47,47,147,147,-89,-89,26,26,26,167,167,167,167,258,258,258,76,76,-54,-54,58,58,58,56,56,56,-69,-69,-69,26,26,26,26,35,35,35,35,111,111,23,23,50,50,50,116,116,116,107,107,107,109,109,89,89,-1,-1,-1,-22,-22,-22,233,233,233,233,110,110,110,110,-295,-295,-196,-196,-44,-44,246,246,246,451,451,451,502,502,502,502,148,148,148,176,176,-85,-85,127,127,127,46,46,46,46,136,136,136,-28,-28,10,10,8,8,8,-32,-32,-32,179,179,179,179,116,116,116,43,43,43,43,43,43,-51,-51,-51,152,152,152,152,155,155,155,5,5,160,160,14,14,14,176,176,176,176,266,266,266,266,223,223,223,97,97,25,25,-111,-111,-111,109,109,109,109,273,273,273,273,309,309,179,166,166,133,133,133,89,89,89,-80,-80,-80,-172,-172,-411,-485,-485,-230,-230,-230,-147,-147,-147,14,14,14,14,-161,-161,-161,-161,-161,151,151,151,158,158,158,-5,-5,-5,-5,29,29,29,155,155,155,56,56,-135,-135,-10,-10,-10,54,54,54,15,15,15,-109,-109,-89,-89,0,0,39,39,56,56,-34,-34,-32,-32,-6,-6,65,65,65,-15,-15,-15,7,7,7,7,10,10,10,30,30,-149,-149,-89,-89,-64,-64,-64,-267,-267,-267,-162,-162,19,19,-82,-82,-499,-499,-499,-502,-502,-502,-502,37,37,37,61,144,156,156,216,216,53,53,97,97,166,166,145,145,110,110,109,109,109,8,8,8,120,120,120,234,234,234,149,149,89,75,75,75,116,124,124,101,101,62,62,62,43,43,43,7,7,-57,-57,-88,-88,-31,-31
82,11.94200000000000017,3,-99,-70,-70,-39,-39,110,110,160,160,61,61,61,-30,-30,33,33,96,96,134,134,134,142,142,142,150,150,103,103,-71,-71,-149,-149,-149,-56,-56,-56,19,19,19,-9,-9,-32,-32,-113,-113,-113,-172,-172,-172,-57,-57,-57,-57,151,151,151,151,192,192,123,123,24,24,24,148,148,148,148,16,16,16,16,-2,-2,-82,-82,-164,-164,-206,-206,-206,-48,-48,-48,-31,-31,-31,-31,-32,-32,-101,-101,-221,-221,-221,-168,-168,-168,-77,-77,-77,-77,-142,-142,-251,-251,-262,-262,-217,-217,-217,-147,-147,-147,-28,-28,-28,-66,-66,-36,-36,52,52,52,24,24,24,24,42,42,42,42,33,33,33,-9,-9,-163,-163,40,40,40,-52,-52,-52,-52,-66,-66,-66,-238,-238,-393,-393,-205,-205,-205,-118,-118,-118,23,23,23,23,-57,-57,-57,-51,-51,-93,-93,-88,-88,-88,-136,-136,-136,-136,-76,-76,-76,-76,24,24,24,-144,-144,-291,-291,-291,-230,-230,-230,-230,14,14,14,14,-3,-3,-3,-3,-3,23,23,36,36,-174,-174,-174,142,142,142,142,344,344,344,344,-51,-51,-194,-194,-252,-252,-252,29,29,29,29,-50,-50,-50,-50,87,87,135,135,-133,-133,47,47,47,191,191,191,191,238,238,238,67,67,-48,-48,-26,-26,-26,33,33,33,-119,-119,-119,0,0,0,0,36,36,36,36,128,128,14,14,24,24,24,99,99,99,102,102,102,100,100,52,52,-34,-34,-34,-128,-128,-128,235,235,235,235,28,28,28,28,-300,-300,-156,-156,-98,-98,280,280,280,370,370,370,388,388,388,388,373,373,373,181,181,-102,-102,-2,-2,-2,117,117,117,117,164,164,164,1,1,-17,-17,19,19,19,-27,-27,-27,200,200,200,200,160,160,160,38,38,38,56,56,56,-13,-13,-13,167,167,167,167,223,223,223,-26,-26,83,83,26,26,26,93,93,93,93,216,216,216,216,154,154,154,37,37,-75,-75,-202,-202,-202,29,29,29,29,371,371,371,371,303,303,87,40,40,-37,-37,-37,-9,-9,-9,-157,-157,-157,-342,-342,-486,-480,-480,-238,-238,-238,-232,-232,-232,-50,-50,-50,-50,-191,-191,-191,-191,-191,22,22,22,27,27,27,-59,-59,-59,-59,-9,-9,-9,127,127,127,13,13,-225,-225,-18,-18,-18,86,86,86,9,9,9,-176,-176,-120,-120,-47,-47,17,17,20,20,-70,-70,-74,-74,-46,-46,43,43,43,-31,-31,-31,15,15,15,15,25,25,25,-10,-10,-216,-216,-179,-179,-61,-61,-61,-89,-89,-89,-15,-15,12,12,-163,-163,-492,-492,-492,-472,-472,-472,-472,105,105,105,99,144,77,77,131,131,1,1,64,64,120,120,40,40,103,103,198,198,198,63,63,63,127,127,127,227,227,227,154,154,105,85,94,94,90,96,96,112,112,14,14,14,17,17,17,12,12,-71,-71,-136,-136,-102,-102
83,12.14200000000000124,-35,-108,-80,-80,-12,-12,39,39,151,151,181,181,181,56,56,75,75,134,134,211,211,211,241,241,241,281,281,223,223,109,109,36,36,36,41,41,41,142,142,142,116,116,29,29,-46,-46,-46,-95,-95,-95,-1,-1,-1,-1,180,180,180,180,317,317,318,318,261,261,261,293,293,293,293,200,200,200,200,107,107,119,119,11,11,-62,-62,-62,8,8,8,7,7,7,7,4,4,-15,-15,-47,-47,-47,-89,-89,-89,12,12,12,12,-47,-47,-160,-160,-234,-234,-201,-201,-201,-188,-188,-188,-35,-35,-35,29,29,52,52,146,146,146,23,23,23,23,65,65,65,65,93,93,93,111,111,-43,-43,126,126,126,33,33,33,33,44,44,44,-103,-103,-236,-236,-81,-81,-81,-28,-28,-28,32,32,32,32,19,19,19,23,23,21,21,43,43,43,-44,-44,-44,-44,-32,-32,-32,-32,64,64,64,-29,-29,-79,-79,-79,-136,-136,-136,-136,52,52,52,52,66,66,66,66,66,85,85,110,110,-87,-87,-87,155,155,155,155,373,373,373,373,66,66,-20,-20,-44,-44,-44,199,199,199,199,110,110,110,110,145,145,175,175,-31,-31,103,103,103,217,217,217,217,244,244,244,160,160,1,1,26,26,26,85,85,85,-63,-63,-63,88,88,88,88,96,96,96,96,171,171,61,61,36,36,36,120,120,120,165,165,165,129,129,112,112,10,10,10,-129,-129,-129,255,255,255,255,19,19,19,19,-216,-216,-74,-74,-54,-54,366,366,366,352,352,352,343,343,343,343,600,600,600,191,191,-10,-10,-109,-109,-109,249,249,249,249,205,205,205,111,111,32,32,78,78,78,79,79,79,222,222,222,222,205,205,205,103,103,103,113,113,113,83,83,83,216,216,216,216,300,300,300,45,45,66,66,82,82,82,91,91,91,91,185,185,185,185,118,118,118,72,72,-54,-54,-113,-113,-113,72,72,72,72,420,420,420,420,274,274,74,-100,-100,-109,-109,-109,-40,-40,-40,-109,-109,-109,-292,-292,-310,-196,-196,-71,-71,-71,-33,-33,-33,96,96,96,96,-189,-189,-189,-189,-189,-48,-48,-48,-2,-2,-2,9,9,9,9,83,83,83,127,127,127,36,36,-89,-89,105,105,105,175,175,175,72,72,72,-115,-115,-37,-37,43,43,105,105,66,66,-17,-17,-21,-21,31,31,109,109,109,52,52,52,55,55,55,55,118,118,118,29,29,-81,-81,-58,-58,31,31,31,183,183,183,229,229,115,115,8,8,-287,-287,-287,-308,-308,-308,-308,286,286,286,307,287,125,125,153,153,48,48,81,81,138,138,71,71,148,148,280,280,280,141,141,141,167,167,167,227,227,227,191,191,184,159,161,161,136,151,151,183,183,54,54,54,28,28,28,86,86,14,14,-111,-111,-101,-101
84,12.34200000000000053,4,-36,37,37,32,32,129,129,203,203,279,279,279,206,206,179,179,330,330,362,362,362,351,351,351,398,398,356,356,320,320,169,169,169,137,137,137,204,204,204,223,223,120,120,77,77,77,42,42,42,139,139,139,139,167,167,167,167,352,352,479,479,447,447,447,390,390,390,390,327,327,327,327,230,230,302,302,206,206,87,87,87,121,121,121,116,116,116,116,93,93,106,106,144,144,144,98,98,98,136,136,136,136,132,132,14,14,-62,-62,-19,-19,-19,-73,-73,-73,47,47,47,122,122,182,182,222,222,222,119,119,119,119,119,119,119,119,188,188,188,215,215,213,213,308,308,308,153,153,153,153,186,186,186,99,99,36,36,109,109,109,91,91,91,13,13,13,13,111,111,111,125,125,144,144,182,182,182,71,71,71,71,122,122,122,122,134,134,134,64,64,219,219,219,145,145,145,145,176,176,176,176,184,184,184,184,184,204,204,324,324,113,113,113,317,317,317,317,367,367,367,367,270,270,258,258,249,249,249,319,319,319,319,221,221,221,221,224,224,211,211,152,152,200,200,200,280,280,280,280,215,215,215,221,221,86,86,135,135,135,243,243,243,83,83,83,290,290,290,290,230,230,230,230,318,318,159,159,102,102,102,168,168,168,279,279,279,249,249,213,213,146,146,146,23,23,23,280,280,280,280,55,55,55,55,-69,-69,67,67,92,92,478,478,478,382,382,382,310,310,310,310,769,769,769,259,259,143,143,-120,-120,-120,391,391,391,391,294,294,294,210,210,137,137,136,136,136,225,225,225,318,318,318,318,314,314,314,177,177,177,215,215,215,197,197,197,253,253,253,253,340,340,340,151,151,117,117,192,192,192,120,120,120,120,244,244,244,244,153,153,153,181,181,38,38,96,96,96,187,187,187,187,442,442,442,442,330,330,103,-69,-69,-37,-37,-37,-2,-2,-2,33,33,33,-66,-66,31,144,144,142,142,142,305,305,305,271,271,271,271,-129,-129,-129,-129,-129,-63,-63,-63,119,119,119,229,229,229,229,179,179,179,173,173,173,146,146,68,68,251,251,251,249,249,249,162,162,162,65,65,125,125,170,170,218,218,163,163,108,108,98,98,124,124,234,234,234,138,138,138,118,118,118,118,224,224,224,169,169,171,171,152,152,200,200,200,408,408,408,481,481,322,322,281,281,97,97,97,-59,-59,-59,-59,458,458,458,497,469,322,322,230,230,171,171,203,203,207,207,173,173,246,246,355,355,355,248,248,248,231,231,231,280,280,280,236,236,267,208,229,229,220,230,230,220,220,138,138,138,145,145,145,193,193,151,151,70,70,-24,-24
85,12.54200000000000159,36,87,84,84,144,144,174,174,214,214,342,342,342,348,348,310,310,450,450,388,388,388,432,432,432,440,440,386,386,345,345,261,261,261,173,173,173,222,222,222,222,222,201,201,210,210,210,195,195,195,146,146,146,146,130,130,130,130,337,337,489,489,533,533,533,351,351,351,351,336,336,336,336,292,292,344,344,350,350,219,219,219,176,176,176,177,177,177,177,158,158,177,177,263,263,263,225,225,225,227,227,227,227,223,223,185,185,188,188,183,183,183,62,62,62,119,119,119,201,201,278,278,256,256,256,119,119,119,119,124,124,124,124,242,242,242,305,305,398,398,396,396,396,270,270,270,270,232,232,232,214,214,210,210,201,201,201,152,152,152,98,98,98,98,167,167,167,196,196,186,186,231,231,231,257,257,257,257,203,203,203,203,190,190,190,191,191,481,481,481,496,496,496,496,266,266,266,266,235,235,235,235,235,259,259,435,435,330,330,330,426,426,426,426,313,313,313,313,338,338,473,473,444,444,444,381,381,381,381,291,291,291,291,203,203,250,250,282,282,269,269,269,231,231,231,231,208,208,208,167,167,158,158,230,230,230,298,298,298,260,260,260,427,427,427,427,329,329,329,329,331,331,230,230,184,184,184,205,205,205,264,264,264,290,290,265,265,304,304,304,180,180,180,249,249,249,249,-2,-2,-2,-2,91,91,225,225,317,317,527,527,527,414,414,414,256,256,256,256,838,838,838,299,299,228,228,-178,-178,-178,432,432,432,432,319,319,319,331,331,220,220,254,254,254,323,323,323,329,329,329,329,362,362,362,266,266,266,331,331,331,283,283,283,258,258,258,258,276,276,276,211,211,137,137,233,233,233,163,163,163,163,243,243,243,243,230,230,230,238,238,146,146,267,267,267,238,238,238,238,414,414,414,414,319,319,189,6,6,33,33,33,78,78,78,187,187,187,182,182,363,456,456,396,396,396,564,564,564,359,359,359,359,-65,-65,-65,-65,-65,-42,-42,-42,236,236,236,354,354,354,354,261,261,261,183,183,183,175,175,207,207,305,305,305,273,273,273,231,231,231,165,165,217,217,256,256,282,282,187,187,145,145,168,168,194,194,271,271,271,223,223,223,157,157,157,157,246,246,246,262,262,374,374,311,311,269,269,269,560,560,560,612,612,457,457,597,597,468,468,468,159,159,159,159,603,603,603,651,596,386,386,340,340,312,312,293,293,208,208,218,218,277,277,325,325,325,260,260,260,255,255,255,290,290,290,264,264,290,239,251,251,254,273,273,234,234,190,190,190,172,172,172,198,198,216,216,168,168,88,88
86,12.74200000000000088,87,105,132,132,127,127,132,132,204,204,321,321,321,349,349,327,327,417,417,363,363,363,343,343,343,380,380,349,349,342,342,241,241,241,127,127,127,148,148,148,184,184,149,149,193,193,193,200,200,200,113,113,113,113,35,35,35,35,229,229,373,373,365,365,365,216,216,216,216,166,166,166,166,208,208,236,236,301,301,230,230,230,70,70,70,133,133,133,133,123,123,130,130,239,239,239,180,180,180,203,203,203,203,227,227,245,245,279,279,258,258,258,110,110,110,107,107,107,178,178,239,239,111,111,111,79,79,79,79,136,136,136,136,171,171,171,287,287,417,417,388,388,388,300,300,300,300,188,188,188,254,254,269,269,169,169,169,135,135,135,61,61,61,61,129,129,129,168,168,180,180,165,165,165,269,269,269,269,188,188,188,188,174,174,174,232,232,486,486,486,554,554,554,554,234,234,234,234,220,220,220,220,220,243,243,468,468,382,382,382,367,367,367,367,152,152,152,152,358,358,425,425,415,415,415,284,284,284,284,274,274,274,274,170,170,221,221,290,290,219,219,219,137,137,137,137,79,79,79,153,153,171,171,209,209,209,284,284,284,325,325,325,473,473,473,473,272,272,272,272,309,309,247,247,214,214,214,153,153,153,214,214,214,267,267,238,238,270,270,270,212,212,212,169,169,169,169,-45,-45,-45,-45,78,78,266,266,384,384,440,440,440,366,366,366,153,153,153,153,778,778,778,245,245,219,219,-289,-289,-289,409,409,409,409,273,273,273,334,334,232,232,246,246,246,342,342,342,287,287,287,287,315,315,315,277,277,277,298,298,298,259,259,259,164,164,164,164,159,159,159,167,167,108,108,210,210,210,165,165,165,165,258,258,258,258,236,236,236,231,231,169,169,263,263,263,188,188,188,188,246,246,246,246,240,240,190,105,105,136,136,136,104,104,104,292,292,292,366,366,477,513,513,409,409,409,408,408,408,301,301,301,301,-117,-117,-117,-117,-117,-29,-29,-29,279,279,279,365,365,365,365,253,253,253,108,108,108,172,172,243,243,223,223,223,168,168,168,192,192,192,212,212,204,204,195,195,174,174,140,140,172,172,144,144,122,122,224,224,224,166,166,166,114,114,114,114,182,182,182,236,236,359,359,331,331,233,233,233,502,502,502,579,579,446,446,676,676,656,656,656,272,272,272,272,601,601,601,622,564,377,377,337,337,327,327,274,274,114,114,157,157,221,221,214,214,214,183,183,183,214,214,214,240,240,240,210,210,225,190,192,192,186,202,202,139,139,115,115,115,161,161,161,141,141,147,147,128,128,80,80
87,12.94200000000000195,49,82,91,91,117,117,63,63,79,79,182,182,182,241,241,237,237,216,216,239,239,239,206,206,206,245,245,233,233,194,194,133,133,133,19,19,19,21,21,21,82,82,36,36,64,64,64,132,132,132,50,50,50,50,-22,-22,-22,-22,74,74,190,190,160,160,160,18,18,18,18,32,32,32,32,48,48,113,113,155,155,113,113,113,23,23,23,19,19,19,19,57,57,72,72,103,103,103,101,101,101,114,114,114,114,159,159,221,221,255,255,182,182,182,59,59,59,29,29,29,82,82,146,146,-80,-80,-80,-11,-11,-11,-11,70,70,70,70,90,90,90,172,172,308,308,282,282,282,251,251,251,251,108,108,108,215,215,268,268,130,130,130,75,75,75,9,9,9,9,96,96,96,106,106,85,85,76,76,76,150,150,150,150,66,66,66,66,95,95,95,207,207,331,331,331,487,487,487,487,160,160,160,160,153,153,153,153,153,162,162,395,395,360,360,360,216,216,216,216,19,19,19,19,222,222,240,240,277,277,277,141,141,141,141,192,192,192,192,63,63,124,124,182,182,111,111,111,33,33,33,33,-9,-9,-9,11,11,112,112,111,111,111,196,196,196,253,253,253,373,373,373,373,184,184,184,184,221,221,137,137,125,125,125,57,57,57,140,140,140,161,161,173,173,194,194,194,186,186,186,62,62,62,62,-102,-102,-102,-102,45,45,208,208,421,421,297,297,297,276,276,276,-52,-52,-52,-52,613,613,613,163,163,53,53,-419,-419,-419,319,319,319,319,161,161,161,279,279,202,202,149,149,149,248,248,248,151,151,151,151,242,242,242,189,189,189,221,221,221,162,162,162,42,42,42,42,54,54,54,98,98,15,15,117,117,117,76,76,76,76,201,201,201,201,193,193,193,166,166,174,174,168,168,168,111,111,111,111,96,96,96,96,147,147,152,144,144,141,141,141,90,90,90,222,222,222,338,338,402,388,388,222,222,222,24,24,24,195,195,195,195,-213,-213,-213,-213,-213,-81,-81,-81,198,198,198,288,288,288,288,147,147,147,16,16,16,99,99,225,225,77,77,77,87,87,87,111,111,111,165,165,126,126,81,81,41,41,63,63,107,107,66,66,34,34,120,120,120,126,126,126,30,30,30,30,58,58,58,167,167,273,273,212,212,154,154,154,358,358,358,395,395,325,325,564,564,665,665,665,330,330,330,330,505,505,505,492,469,188,188,281,281,241,241,166,166,48,48,52,52,121,121,54,54,54,114,114,114,149,149,149,149,149,149,140,140,120,139,94,94,82,92,92,53,53,7,7,7,96,96,96,78,78,9,9,23,23,59,59
88,13.14200000000000301,43,85,56,56,33,33,35,35,1,1,36,36,36,192,192,109,109,69,69,120,120,120,92,92,92,95,95,115,115,79,79,72,72,72,-53,-53,-53,-57,-57,-57,-20,-20,-22,-22,-61,-61,-61,13,13,13,-53,-53,-53,-53,-47,-47,-47,-47,-1,-1,57,57,33,33,33,-92,-92,-92,-92,-91,-91,-91,-91,-36,-36,-24,-24,77,77,12,12,12,-44,-44,-44,-60,-60,-60,-60,-37,-37,-2,-2,9,9,9,22,22,22,33,33,33,33,91,91,149,149,93,93,102,102,102,37,37,37,2,2,2,23,23,33,33,-206,-206,-206,-86,-86,-86,-86,28,28,28,28,21,21,21,74,74,134,134,178,178,178,186,186,186,186,36,36,36,136,136,172,172,44,44,44,13,13,13,-37,-37,-37,-37,46,46,46,56,56,-17,-17,23,23,23,71,71,71,71,-26,-26,-26,-26,-28,-28,-28,134,134,136,136,136,266,266,266,266,126,126,126,126,78,78,78,78,78,90,90,224,224,250,250,250,132,132,132,132,-23,-23,-23,-23,192,192,92,92,101,101,101,14,14,14,14,115,115,115,115,-9,-9,16,16,69,69,10,10,10,-70,-70,-70,-70,-43,-43,-43,-68,-68,42,42,57,57,57,55,55,55,148,148,148,245,245,245,245,82,82,82,82,31,31,75,75,66,66,66,35,35,35,-25,-25,-25,81,81,107,107,108,108,108,149,149,149,12,12,12,12,-191,-191,-191,-191,-20,-20,175,175,361,361,170,170,170,195,195,195,-196,-196,-196,-196,453,453,453,22,22,-75,-75,-517,-517,-517,227,227,227,227,37,37,37,166,166,137,137,42,42,42,124,124,124,59,59,59,59,148,148,148,84,84,84,118,118,118,85,85,85,-48,-48,-48,-48,-54,-54,-54,-3,-3,-65,-65,56,56,56,16,16,16,16,145,145,145,145,157,157,157,81,81,127,127,114,114,114,35,35,35,35,-12,-12,-12,-12,90,90,111,172,172,186,186,186,55,55,55,155,155,155,292,292,287,248,248,26,26,26,-255,-255,-255,107,107,107,107,-252,-252,-252,-252,-252,-36,-36,-36,162,162,162,183,183,183,183,67,67,67,-29,-29,-29,58,58,186,186,-17,-17,-17,-27,-27,-27,18,18,18,84,84,33,33,-5,-5,-85,-85,-30,-30,27,27,-28,-28,-5,-5,24,24,24,56,56,56,-5,-5,-5,-5,-55,-55,-55,51,51,95,95,80,80,46,46,46,152,152,152,194,194,209,209,430,430,588,588,588,368,368,368,368,414,414,414,379,358,36,36,203,203,139,139,69,69,10,10,-15,-15,1,1,-49,-49,-49,46,46,46,106,106,106,97,97,97,43,43,61,82,26,26,16,30,30,8,8,-35,-35,-35,64,64,64,30,30,-28,-28,-9,-9,80,80
89,13.3420000000000023,34,-12,-32,-32,-41,-41,-29,-29,-63,-63,-39,-39,-39,59,59,84,84,-8,-8,30,30,30,-1,-1,-1,-17,-17,2,2,2,2,-31,-31,-31,-94,-94,-94,-110,-110,-110,-85,-85,-53,-53,-89,-89,-89,-93,-93,-93,-98,-98,-98,-98,-18,-18,-18,-18,-23,-23,-36,-36,-25,-25,-25,-102,-102,-102,-102,-122,-122,-122,-122,-95,-95,-133,-133,-57,-57,-29,-29,-29,-67,-67,-67,-100,-100,-100,-100,-50,-50,-47,-47,7,7,7,-26,-26,-26,-8,-8,-8,-8,46,46,20,20,5,5,-41,-41,-41,12,12,12,-46,-46,-46,-24,-24,-44,-44,-283,-283,-283,-154,-154,-154,-154,14,14,14,14,-23,-23,-23,-18,-18,29,29,71,71,71,164,164,164,164,15,15,15,68,68,145,145,10,10,10,-34,-34,-34,-62,-62,-62,-62,-3,-3,-3,18,18,-45,-45,3,3,3,-43,-43,-43,-43,-124,-124,-124,-124,-92,-92,-92,46,46,27,27,27,46,46,46,46,42,42,42,42,72,72,72,72,72,83,83,103,103,145,145,145,46,46,46,46,-26,-26,-26,-26,203,203,45,45,-42,-42,-42,-71,-71,-71,-71,69,69,69,69,-56,-56,-66,-66,6,6,-57,-57,-57,-99,-99,-99,-99,-97,-97,-97,-127,-127,55,55,-10,-10,-10,30,30,30,92,92,92,187,187,187,187,6,6,6,6,-45,-45,56,56,40,40,40,25,25,25,-30,-30,-30,2,2,43,43,83,83,83,139,139,139,-22,-22,-22,-22,-132,-132,-132,-132,-35,-35,151,151,332,332,107,107,107,50,50,50,-443,-443,-443,-443,222,222,222,-69,-69,-181,-181,-491,-491,-491,185,185,185,185,-41,-41,-41,98,98,74,74,3,3,3,26,26,26,-32,-32,-32,-32,49,49,49,-11,-11,-11,59,59,59,20,20,20,-98,-98,-98,-98,-89,-89,-89,-43,-43,-62,-62,8,8,8,-42,-42,-42,-42,118,118,118,118,122,122,122,44,44,79,79,89,89,89,24,24,24,24,-5,-5,-5,-5,8,8,115,172,172,123,123,123,51,51,51,132,132,132,272,272,188,122,122,-112,-112,-112,-147,-147,-147,110,110,110,110,-207,-207,-207,-207,-207,60,60,60,147,147,147,96,96,96,96,-11,-11,-11,-47,-47,-47,47,47,121,121,-71,-71,-71,-108,-108,-108,-65,-65,-65,42,42,-1,-1,-79,-79,-153,-153,-118,-118,-49,-49,-83,-83,-75,-75,-42,-42,-42,0,0,0,-46,-46,-46,-46,-55,-55,-55,-23,-23,4,4,-4,-4,-47,-47,-47,3,3,3,71,71,172,172,366,366,513,513,513,390,390,390,390,328,328,328,266,236,-53,-53,130,130,51,51,4,4,15,15,-24,-24,-51,-51,-91,-91,-91,41,41,41,51,51,51,50,50,50,9,9,19,45,-13,-13,9,-9,-9,3,3,0,0,0,65,65,65,16,16,8,8,48,48,102,102
90,13.54200000000000159,35,1,-32,-32,-13,-13,-26,-26,-26,-26,-33,-33,-33,43,43,94,94,-1,-1,-33,-33,-33,-50,-50,-50,-73,-73,-64,-64,-6,-6,-44,-44,-44,-75,-75,-75,-87,-87,-87,-58,-58,-63,-63,-79,-79,-79,-77,-77,-77,-88,-88,-88,-88,19,19,19,19,10,10,7,7,2,2,2,-35,-35,-35,-35,-26,-26,-26,-26,-66,-66,-94,-94,-58,-58,-11,-11,-11,-24,-24,-24,-31,-31,-31,-31,-39,-39,-39,-39,-4,-4,-4,-6,-6,-6,-18,-18,-18,-18,2,2,-12,-12,-11,-11,-65,-65,-65,13,13,13,18,18,18,18,18,-71,-71,-259,-259,-259,-129,-129,-129,-129,-2,-2,-2,-2,-43,-43,-43,-55,-55,-24,-24,62,62,62,81,81,81,81,-25,-25,-25,25,25,66,66,-8,-8,-8,-66,-66,-66,-53,-53,-53,-53,1,1,1,-18,-18,-23,-23,-24,-24,-24,-45,-45,-45,-45,-143,-143,-143,-143,-134,-134,-134,-58,-58,16,16,16,-44,-44,-44,-44,-19,-19,-19,-19,45,45,45,45,45,71,71,40,40,68,68,68,14,14,14,14,-28,-28,-28,-28,153,153,35,35,-16,-16,-16,-69,-69,-69,-69,39,39,39,39,-33,-33,-35,-35,25,25,-69,-69,-69,-109,-109,-109,-109,-62,-62,-62,-102,-102,47,47,-39,-39,-39,-4,-4,-4,101,101,101,64,64,64,64,-27,-27,-27,-27,-78,-78,37,37,49,49,49,14,14,14,-26,-26,-26,-37,-37,41,41,14,14,14,110,110,110,-73,-73,-73,-73,-112,-112,-112,-112,-59,-59,143,143,339,339,43,43,43,4,4,4,-584,-584,-584,-584,76,76,76,-151,-151,-194,-194,-415,-415,-415,199,199,199,199,-56,-56,-56,51,51,50,50,-3,-3,-3,-1,-1,-1,-71,-71,-71,-71,-7,-7,-7,-51,-51,-51,15,15,15,-13,-13,-13,-103,-103,-103,-103,-57,-57,-57,-50,-50,-15,-15,-31,-31,-31,-32,-32,-32,-32,148,148,148,148,143,143,143,56,56,43,43,123,123,123,60,60,60,60,43,43,43,43,71,71,105,201,201,117,117,117,52,52,52,175,175,175,229,229,118,74,74,-114,-114,-114,85,85,85,169,169,169,169,-163,-163,-163,-163,-163,153,153,153,104,104,104,68,68,68,68,1,1,1,-38,-38,-38,71,71,133,133,-54,-54,-54,-99,-99,-99,-54,-54,-54,18,18,-33,-33,-95,-95,-136,-136,-109,-109,-62,-62,-70,-70,-74,-74,-95,-95,-95,-12,-12,-12,-50,-50,-50,-50,-41,-41,-41,-71,-71,-6,-6,-4,-4,-90,-90,-90,-82,-82,-82,19,19,225,225,394,394,452,452,452,422,422,422,422,254,254,254,179,150,-26,-26,67,67,26,26,33,33,56,56,28,28,-28,-28,-78,-78,-78,45,45,45,49,49,49,43,43,43,29,29,28,39,7,7,46,20,20,54,54,37,37,37,117,117,117,47,47,70,70,112,112,126,126
91,13.74200000000000266,14,25,15,15,-1,-1,18,18,45,45,-8,-8,-8,32,32,128,128,43,43,52,52,52,-29,-29,-29,-51,-51,-59,-59,-32,-32,3,3,3,-5,-5,-5,-72,-72,-72,-36,-36,-14,-14,40,40,40,-22,-22,-22,-47,-47,-47,-47,93,93,93,93,39,39,-9,-9,39,39,39,-6,-6,-6,-6,19,19,19,19,-4,-4,-65,-65,-2,-2,4,4,4,34,34,34,16,16,16,16,11,11,28,28,12,12,12,-39,-39,-39,8,8,8,8,-29,-29,31,31,103,103,9,9,9,47,47,47,72,72,72,33,33,-40,-40,-168,-168,-168,-75,-75,-75,-75,-3,-3,-3,-3,-81,-81,-81,-74,-74,-38,-38,49,49,49,50,50,50,50,-14,-14,-14,-67,-67,-15,-15,15,15,15,-48,-48,-48,-59,-59,-59,-59,-62,-62,-62,-41,-41,-14,-14,62,62,62,-82,-82,-82,-82,-197,-197,-197,-197,-167,-167,-167,-75,-75,-38,-38,-38,-68,-68,-68,-68,-86,-86,-86,-86,49,49,49,49,49,73,73,-20,-20,26,26,26,36,36,36,36,-21,-21,-21,-21,108,108,43,43,13,13,13,-46,-46,-46,-46,42,42,42,42,-91,-91,7,7,95,95,-1,-1,-1,-77,-77,-77,-77,-68,-68,-68,-37,-37,-9,-9,-28,-28,-28,-12,-12,-12,129,129,129,-14,-14,-14,-14,-42,-42,-42,-42,-119,-119,-19,-19,-29,-29,-29,32,32,32,-14,-14,-14,-55,-55,-14,-14,13,13,13,119,119,119,-142,-142,-142,-142,-17,-17,-17,-17,-43,-43,123,123,291,291,-19,-19,-19,-73,-73,-73,-746,-746,-746,-746,-16,-16,-16,-154,-154,-155,-155,-295,-295,-295,209,209,209,209,-31,-31,-31,46,46,33,33,18,18,18,9,9,9,-80,-80,-80,-80,-19,-19,-19,-73,-73,-73,21,21,21,-5,-5,-5,-73,-73,-73,-73,-68,-68,-68,-38,-38,28,28,-15,-15,-15,-19,-19,-19,-19,144,144,144,144,142,142,142,45,45,30,30,96,96,96,70,70,70,70,96,96,96,96,66,66,124,193,193,69,69,69,58,58,58,225,225,225,159,159,31,-13,-13,-27,-27,-27,291,291,291,189,189,189,189,-123,-123,-123,-123,-123,198,198,198,72,72,72,121,121,121,121,7,7,7,5,5,5,34,34,133,133,-29,-29,-29,-75,-75,-75,-111,-111,-111,-5,-5,-81,-81,-95,-95,-80,-80,-127,-127,-90,-90,-49,-49,-78,-78,-98,-98,-98,-5,-5,-5,-62,-62,-62,-62,-32,-32,-32,-82,-82,-23,-23,-30,-30,-101,-101,-101,-112,-112,-112,27,27,259,259,421,421,418,418,418,398,398,398,398,160,160,160,85,94,-15,-15,71,71,36,36,13,13,81,81,66,66,29,29,-56,-56,-56,43,43,43,27,27,27,74,74,74,46,46,36,22,5,5,47,69,69,62,62,100,100,100,115,115,115,77,77,106,106,183,183,159,159
92,13.94200000000000195,28,52,60,60,52,52,-1,-1,11,11,27,27,27,-20,-20,93,93,114,114,50,50,50,-22,-22,-22,-34,-34,-62,-62,-16,-16,-10,-10,-10,11,11,11,-27,-27,-27,-25,-25,-11,-11,65,65,65,17,17,17,4,4,4,4,67,67,67,67,6,6,-8,-8,47,47,47,67,67,67,67,60,60,60,60,12,12,11,11,-2,-2,15,15,15,87,87,87,63,63,63,63,30,30,52,52,-42,-42,-42,-23,-23,-23,-20,-20,-20,-20,-55,-55,41,41,75,75,19,19,19,40,40,40,40,40,40,28,28,-11,-11,-88,-88,-88,-15,-15,-15,-15,-38,-38,-38,-38,-64,-64,-64,-85,-85,-54,-54,23,23,23,18,18,18,18,-32,-32,-32,-121,-121,-149,-149,-26,-26,-26,-71,-71,-71,-54,-54,-54,-54,-65,-65,-65,-44,-44,0,0,9,9,9,-72,-72,-72,-72,-185,-185,-185,-185,-155,-155,-155,-144,-144,-64,-64,-64,-91,-91,-91,-91,-134,-134,-134,-134,11,11,11,11,11,63,63,-48,-48,-66,-66,-66,-14,-14,-14,-14,3,3,3,3,38,38,0,0,-1,-1,-1,-10,-10,-10,-10,-10,-10,-10,-10,-71,-71,72,72,75,75,51,51,51,-24,-24,-24,-24,-124,-124,-124,-15,-15,-42,-42,-53,-53,-53,-37,-37,-37,78,78,78,-38,-38,-38,-38,-44,-44,-44,-44,-130,-130,-66,-66,-69,-69,-69,-6,-6,-6,2,2,2,-23,-23,-47,-47,-20,-20,-20,55,55,55,-200,-200,-200,-200,-7,-7,-7,-7,-58,-58,140,140,181,181,-114,-114,-114,-130,-130,-130,-866,-866,-866,-866,-111,-111,-111,-161,-161,-117,-117,-242,-242,-242,174,174,174,174,-11,-11,-11,1,1,31,31,32,32,32,5,5,5,-87,-87,-87,-87,-33,-33,-33,-43,-43,-43,-6,-6,-6,-53,-53,-53,-48,-48,-48,-48,-47,-47,-47,-28,-28,28,28,-48,-48,-48,-21,-21,-21,-21,149,149,149,149,116,116,116,43,43,-28,-28,40,40,40,73,73,73,73,108,108,108,108,69,69,77,153,153,125,125,125,63,63,63,157,157,157,27,27,-63,-133,-133,-51,-51,-51,345,345,345,181,181,181,181,-107,-107,-107,-107,-107,205,205,205,16,16,16,83,83,83,83,-32,-32,-32,-20,-20,-20,11,11,61,61,-56,-56,-56,-89,-89,-89,-103,-103,-103,-40,-40,-82,-82,-101,-101,-111,-111,-92,-92,-80,-80,-63,-63,-60,-60,-121,-121,-121,-25,-25,-25,-76,-76,-76,-76,-45,-45,-45,-104,-104,-32,-32,10,10,-77,-77,-77,-134,-134,-134,-20,-20,224,224,361,361,361,361,361,325,325,325,325,54,54,54,-11,-29,-45,-45,59,59,14,14,25,25,70,70,97,97,62,62,-7,-7,-7,44,44,44,-7,-7,-7,65,65,65,16,16,3,1,-4,-4,22,70,70,45,45,107,107,107,103,103,103,46,46,99,99,133,133,112,112
93,14.14200000000000301,3,71,68,68,34,34,-6,-6,-1,-1,-6,-6,-6,-22,-22,13,13,46,46,29,29,29,-17,-17,-17,-12,-12,-27,-27,-13,-13,7,7,7,42,42,42,-2,-2,-2,7,7,0,0,102,102,102,41,41,41,10,10,10,10,49,49,49,49,13,13,-29,-29,14,14,14,109,109,109,109,80,80,80,80,72,72,84,84,34,34,-4,-4,-4,50,50,50,58,58,58,58,16,16,28,28,-64,-64,-64,-54,-54,-54,-48,-48,-48,-48,-103,-103,-28,-28,14,14,7,7,7,27,27,27,18,18,18,0,0,-66,-66,-34,-34,-34,19,19,19,19,-53,-53,-53,-53,-69,-69,-69,-58,-58,-75,-75,-61,-61,-61,-85,-85,-85,-85,-32,-32,-32,-161,-161,-229,-229,3,3,3,-46,-46,-46,-12,-12,-12,-12,-60,-60,-60,-98,-98,-18,-18,-1,-1,-1,-38,-38,-38,-38,-88,-88,-88,-88,-106,-106,-106,-123,-123,-101,-101,-101,-115,-115,-115,-115,-157,-157,-157,-157,-15,-15,-15,-15,-15,15,15,-99,-99,-114,-114,-114,-27,-27,-27,-27,64,64,64,64,-7,-7,-108,-108,-65,-65,-65,55,55,55,55,-6,-6,-6,-6,-81,-81,63,63,17,17,63,63,63,-25,-25,-25,-25,-113,-113,-113,47,47,-58,-58,-45,-45,-45,-81,-81,-81,34,34,34,-37,-37,-37,-37,-48,-48,-48,-48,-96,-96,-128,-128,-128,-128,-128,-6,-6,-6,24,24,24,-35,-35,-92,-92,-85,-85,-85,-14,-14,-14,-229,-229,-229,-229,-17,-17,-17,-17,-11,-11,85,85,16,16,-235,-235,-235,-201,-201,-201,-937,-937,-937,-937,-121,-121,-121,-168,-168,-158,-158,-185,-185,-185,96,96,96,96,23,23,23,5,5,49,49,30,30,30,12,12,12,-100,-100,-100,-100,-62,-62,-62,-56,-56,-56,-37,-37,-37,-75,-75,-75,-31,-31,-31,-31,-61,-61,-61,-19,-19,5,5,-88,-88,-88,8,8,8,8,101,101,101,101,81,81,81,21,21,-79,-79,-49,-49,-49,53,53,53,53,109,109,109,109,61,61,48,57,57,64,64,64,19,19,19,-29,-29,-29,-121,-121,-176,-276,-276,-73,-73,-73,130,130,130,94,94,94,94,-118,-118,-118,-118,-118,183,183,183,-70,-70,-70,-7,-7,-7,-7,-67,-67,-67,-46,-46,-46,-41,-41,-33,-33,-101,-101,-101,-102,-102,-102,-76,-76,-76,-75,-75,-103,-103,-88,-88,-65,-65,-65,-65,-87,-87,-32,-32,-43,-43,-102,-102,-102,-67,-67,-67,-98,-98,-98,-98,-46,-46,-46,-46,-46,-42,-42,-24,-24,-91,-91,-91,-152,-152,-152,-22,-22,154,154,305,305,280,280,280,228,228,228,228,-118,-118,-118,-140,-179,-87,-87,16,16,-2,-2,4,4,59,59,73,73,76,76,11,11,11,33,33,33,-22,-22,-22,27,27,27,6,6,-31,-19,-11,-11,-8,63,63,33,33,80,80,80,76,76,76,28,28,35,35,48,48,69,69
94,14.3420000000000023,24,74,93,93,67,67,-2,-2,-51,-51,-15,-15,-15,-80,-80,-58,-58,39,39,35,35,35,-13,-13,-13,22,22,-16,-16,41,41,38,38,38,73,73,73,54,54,54,10,10,30,30,69,69,69,31,31,31,81,81,81,81,39,39,39,39,33,33,-18,-18,54,54,54,163,163,163,163,98,98,98,98,73,73,87,87,38,38,-6,-6,-6,60,60,60,85,85,85,85,50,50,1,1,-63,-63,-63,-96,-96,-96,-84,-84,-84,-84,-92,-92,-35,-35,-73,-73,38,38,38,18,18,18,52,52,52,73,73,-62,-62,19,19,19,97,97,97,97,-1,-1,-1,-1,-19,-19,-19,14,14,-59,-59,-148,-148,-148,-89,-89,-89,-89,-21,-21,-21,-98,-98,-284,-284,16,16,16,-19,-19,-19,-21,-21,-21,-21,-18,-18,-18,-54,-54,-31,-31,-22,-22,-22,-6,-6,-6,-6,-40,-40,-40,-40,-55,-55,-55,-60,-60,-89,-89,-89,-133,-133,-133,-133,-102,-102,-102,-102,21,21,21,21,21,27,27,-108,-108,-113,-113,-113,24,24,24,24,54,54,54,54,-14,-14,-135,-135,-52,-52,-52,88,88,88,88,8,8,8,8,9,9,100,100,-72,-72,80,80,80,52,52,52,52,-23,-23,-23,64,64,-12,-12,-7,-7,-7,-2,-2,-2,-28,-28,-28,-12,-12,-12,-12,-16,-16,-16,-16,-41,-41,-127,-127,-93,-93,-93,1,1,1,23,23,23,13,13,-63,-63,-53,-53,-53,18,18,18,-179,-179,-179,-179,3,3,3,3,67,67,114,114,-96,-96,-306,-306,-306,-211,-211,-211,-915,-915,-915,-915,-101,-101,-101,-185,-185,-163,-163,-135,-135,-135,9,9,9,9,64,64,64,33,33,45,45,13,13,13,-20,-20,-20,-45,-45,-45,-45,-36,-36,-36,-40,-40,-40,-48,-48,-48,-76,-76,-76,14,14,14,14,-35,-35,-35,-9,-9,5,5,-74,-74,-74,40,40,40,40,82,82,82,82,71,71,71,1,1,-95,-95,-90,-90,-90,31,31,31,31,166,166,166,166,88,88,-49,-21,-21,73,73,73,3,3,3,-210,-210,-210,-227,-227,-222,-321,-321,-118,-118,-118,-77,-77,-77,49,49,49,49,-75,-75,-75,-75,-75,193,193,193,-40,-40,-40,-82,-82,-82,-82,-79,-79,-79,-31,-31,-31,-47,-47,-56,-56,-69,-69,-69,-36,-36,-36,-28,-28,-28,-38,-38,-95,-95,-10,-10,-15,-15,-23,-23,-39,-39,3,3,4,4,-44,-44,-44,-14,-14,-14,-38,-38,-38,-38,-3,-3,-3,16,16,-42,-42,22,22,-16,-16,-16,-93,-93,-93,-34,-34,148,148,252,252,259,259,259,170,170,170,170,-182,-182,-182,-210,-262,-167,-167,-55,-55,-29,-29,2,2,56,56,63,63,84,84,55,55,55,76,76,76,-7,-7,-7,68,68,68,1,1,-7,-18,33,33,9,68,68,49,49,85,85,85,67,67,67,23,23,7,7,14,14,42,42
95,14.54200000000000159,71,70,72,72,29,29,5,5,1,1,-25,-25,-25,-45,-45,-40,-40,7,7,2,2,2,28,28,28,35,35,19,19,60,60,89,89,89,119,119,119,87,87,87,71,71,76,76,77,77,77,47,47,47,120,120,120,120,36,36,36,36,41,41,5,5,59,59,59,223,223,223,223,92,92,92,92,89,89,130,130,62,62,14,14,14,58,58,58,90,90,90,90,79,79,38,38,-24,-24,-24,-33,-33,-33,-32,-32,-32,-32,-63,-63,-40,-40,-101,-101,-4,-4,-4,34,34,34,33,33,33,43,43,-29,-29,88,88,88,182,182,182,182,31,31,31,31,60,60,60,72,72,16,16,-133,-133,-133,-72,-72,-72,-72,45,45,45,-20,-20,-205,-205,-13,-13,-13,23,23,23,85,85,85,85,43,43,43,14,14,3,3,-15,-15,-15,112,112,112,112,82,82,82,82,1,1,1,49,49,-3,-3,-3,-67,-67,-67,-67,40,40,40,40,152,152,152,152,152,85,85,-26,-26,-35,-35,-35,121,121,121,121,160,160,160,160,27,27,-85,-85,3,3,3,150,150,150,150,66,66,66,66,60,60,161,161,-63,-63,126,126,126,134,134,134,134,63,63,63,149,149,44,44,111,111,111,-17,-17,-17,-24,-24,-24,72,72,72,72,79,79,79,79,80,80,-45,-45,25,25,25,32,32,32,64,64,64,86,86,1,1,8,8,8,43,43,43,-71,-71,-71,-71,96,96,96,96,169,169,182,182,-117,-117,-264,-264,-264,-153,-153,-153,-756,-756,-756,-756,-6,-6,-6,-112,-112,-105,-105,-62,-62,-62,17,17,17,17,134,134,134,72,72,71,71,19,19,19,-40,-40,-40,-29,-29,-29,-29,17,17,17,-16,-16,-16,1,1,1,4,4,4,106,106,106,106,64,64,64,30,30,40,40,-27,-27,-27,85,85,85,85,68,68,68,68,38,38,38,-2,-2,-47,-47,-86,-86,-86,70,70,70,70,201,201,201,201,147,147,-47,-41,-41,91,91,91,16,16,16,-263,-263,-263,-152,-152,-153,-252,-252,-70,-70,-70,-147,-147,-147,115,115,115,115,10,10,10,10,10,245,245,245,21,21,21,-129,-129,-129,-129,-35,-35,-35,16,16,16,1,1,-42,-42,-7,-7,-7,17,17,17,75,75,75,-4,-4,-9,-9,66,66,57,57,42,42,37,37,91,91,67,67,21,21,21,40,40,40,13,13,13,13,99,99,99,122,122,11,11,45,45,64,64,64,-14,-14,-14,47,47,194,194,265,265,294,294,294,139,139,139,139,-123,-123,-123,-232,-303,-164,-164,-48,-48,-23,-23,52,52,57,57,77,77,67,67,114,114,114,92,92,92,30,30,30,105,105,105,82,82,74,70,77,77,56,99,99,84,84,113,113,113,108,108,108,44,44,58,58,38,38,68,68
96,14.74200000000000266,110,108,77,77,36,36,12,12,-7,-7,1,1,1,5,5,-29,-29,7,7,32,32,32,25,25,25,90,90,71,71,88,88,108,108,108,167,167,167,129,129,129,95,95,114,114,106,106,106,84,84,84,115,115,115,115,62,62,62,62,99,99,107,107,138,138,138,177,177,177,177,67,67,67,67,71,71,98,98,72,72,11,11,11,55,55,55,114,114,114,114,106,106,53,53,22,22,22,11,11,11,15,15,15,15,-8,-8,-33,-33,-87,-87,-10,-10,-10,21,21,21,36,36,36,101,101,58,58,205,205,205,215,215,215,215,128,128,128,128,101,101,101,110,110,100,100,-108,-108,-108,5,5,5,5,97,97,97,2,2,-105,-105,16,16,16,97,97,97,176,176,176,176,111,111,111,78,78,97,97,68,68,68,186,186,186,186,168,168,168,168,105,105,105,113,113,71,71,71,17,17,17,17,194,194,194,194,232,232,232,232,232,209,209,163,163,103,103,103,259,259,259,259,256,256,256,256,77,77,89,89,82,82,82,222,222,222,222,148,148,148,148,186,186,199,199,23,23,211,211,211,220,220,220,220,152,152,152,235,235,119,119,211,211,211,129,129,129,37,37,37,160,160,160,160,139,139,139,139,211,211,82,82,105,105,105,144,144,144,114,114,114,166,166,93,93,89,89,89,159,159,159,66,66,66,66,200,200,200,200,293,293,291,291,-105,-105,-148,-148,-148,-65,-65,-65,-519,-519,-519,-519,111,111,111,-13,-13,8,8,48,48,48,36,36,36,36,172,172,172,160,160,135,135,117,117,117,16,16,16,11,11,11,11,49,49,49,45,45,45,58,58,58,94,94,94,217,217,217,217,155,155,155,68,68,137,137,106,106,106,178,178,178,178,109,109,109,109,81,81,81,75,75,60,60,-10,-10,-10,127,127,127,127,260,260,260,260,232,232,-8,-28,-28,119,119,119,87,87,87,-111,-111,-111,1,1,-4,-69,-69,112,112,112,45,45,45,215,215,215,215,139,139,139,139,139,335,335,335,136,136,136,-37,-37,-37,-37,34,34,34,99,99,99,49,49,38,38,116,116,116,120,120,120,129,129,129,65,65,94,94,144,144,133,133,91,91,118,118,114,114,124,124,116,116,116,104,104,104,98,98,98,98,187,187,187,227,227,90,90,109,109,136,136,136,171,171,171,199,199,248,248,306,306,329,329,329,164,164,164,164,-23,-23,-23,-180,-277,-119,-119,-39,-39,38,38,46,46,117,117,115,115,120,120,190,190,190,149,149,149,102,102,102,192,192,192,178,178,162,161,157,157,150,139,139,140,140,143,143,143,144,144,144,122,122,118,118,108,108,139,139
97,14.94200000000000195,157,117,81,81,76,76,75,75,15,15,43,43,43,73,73,32,32,7,7,66,66,66,64,64,64,100,100,67,67,78,78,158,158,158,144,144,144,111,111,111,117,117,51,51,109,109,109,146,146,146,101,101,101,101,80,80,80,80,126,126,190,190,95,95,95,117,117,117,117,6,6,6,6,11,11,97,97,73,73,76,76,76,53,53,53,81,81,81,81,94,94,68,68,29,29,29,51,51,51,20,20,20,20,37,37,43,43,-8,-8,86,86,86,62,62,62,56,56,56,65,65,119,119,300,300,300,232,232,232,232,148,148,148,148,124,124,124,184,184,169,169,-52,-52,-52,1,1,1,1,100,100,100,70,70,-22,-22,56,56,56,155,155,155,160,160,160,160,152,152,152,137,137,163,163,162,162,162,248,248,248,248,205,205,205,205,182,182,182,193,193,209,209,209,154,154,154,154,321,321,321,321,297,297,297,297,297,288,288,262,262,259,259,259,366,366,366,366,315,315,315,315,148,148,255,255,200,200,200,300,300,300,300,181,181,181,181,285,285,296,296,161,161,272,272,272,287,287,287,287,226,226,226,250,250,198,198,337,337,337,272,272,272,170,170,170,287,287,287,287,264,264,264,264,297,297,180,180,164,164,164,210,210,210,173,173,173,218,218,217,217,168,168,168,167,167,167,196,196,196,196,283,283,283,283,360,360,334,334,-3,-3,-21,-21,-21,51,51,51,-294,-294,-294,-294,226,226,226,89,89,147,147,198,198,198,53,53,53,53,181,181,181,174,174,165,165,191,191,191,83,83,83,97,97,97,97,118,118,118,114,114,114,144,144,144,167,167,167,264,264,264,264,219,219,219,104,104,248,248,200,200,200,232,232,232,232,174,174,174,174,173,173,173,174,174,147,147,89,89,89,164,164,164,164,288,288,288,288,312,312,109,71,71,136,136,136,168,168,168,125,125,125,179,179,146,189,189,296,296,296,304,304,304,331,331,331,331,228,228,228,228,228,370,370,370,293,293,293,115,115,115,115,166,166,166,157,157,157,143,143,136,136,205,205,205,143,143,143,154,154,154,130,130,169,169,208,208,183,183,176,176,174,174,148,148,180,180,206,206,206,144,144,144,161,161,161,161,256,256,256,232,232,173,173,159,159,211,211,211,317,317,317,306,306,318,318,327,327,423,423,423,163,163,163,163,11,11,11,-88,-169,-29,-29,46,46,86,86,116,116,156,156,161,161,179,179,210,210,210,156,156,156,149,149,149,246,246,246,239,239,217,213,219,219,194,174,174,166,166,152,152,152,215,215,215,178,178,143,143,174,174,191,191
98,15.14200000000000301,157,130,60,60,25,25,15,15,21,21,46,46,46,57,57,41,41,22,22,47,47,47,57,57,57,75,75,29,29,57,57,124,124,124,134,134,134,93,93,93,78,78,85,85,83,83,83,175,175,175,123,123,123,123,91,91,91,91,153,153,209,209,115,115,115,17,17,17,17,-15,-15,-15,-15,-16,-16,94,94,106,106,91,91,91,-3,-3,-3,60,60,60,60,34,34,51,51,61,61,61,80,80,80,45,45,45,45,58,58,59,59,87,87,103,103,103,34,34,34,76,76,76,76,76,153,153,324,324,324,207,207,207,207,123,123,123,123,130,130,130,167,167,155,155,-49,-49,-49,59,59,59,59,118,118,118,105,105,30,30,29,29,29,162,162,162,175,175,175,175,150,150,150,145,145,189,189,182,182,182,304,304,304,304,217,217,217,217,194,194,194,184,184,241,241,241,287,287,287,287,364,364,364,364,326,326,326,326,326,285,285,316,316,340,340,340,417,417,417,417,337,337,337,337,159,159,258,258,232,232,232,315,315,315,315,217,217,217,217,246,246,286,286,253,253,294,294,294,285,285,285,285,266,266,266,193,193,197,197,327,327,327,342,342,342,233,233,233,412,412,412,412,294,294,294,294,339,339,273,273,215,215,215,268,268,268,180,180,180,304,304,277,277,207,207,207,182,182,182,275,275,275,275,307,307,307,307,389,389,313,313,50,50,99,99,99,107,107,107,-53,-53,-53,-53,285,285,285,167,167,308,308,327,327,327,72,72,72,72,172,172,172,186,186,181,181,245,245,245,144,144,144,190,190,190,190,190,190,190,152,152,152,199,199,199,217,217,217,270,270,270,270,279,279,279,160,160,256,256,272,272,272,228,228,228,228,234,234,234,234,242,242,242,258,258,221,221,203,203,203,184,184,184,184,254,254,254,254,279,279,187,149,149,154,154,154,191,191,191,273,273,273,273,273,267,360,360,366,366,366,397,397,397,372,372,372,372,315,315,315,315,315,415,415,415,345,345,345,240,240,240,240,186,186,186,183,183,183,171,171,154,154,200,200,200,114,114,114,119,119,119,165,165,202,202,222,222,192,192,193,193,198,198,164,164,182,182,192,192,192,169,169,169,188,188,188,188,243,243,243,225,225,230,230,206,206,302,302,302,416,416,416,406,406,299,299,311,311,492,492,492,169,169,169,169,65,65,65,-7,-89,68,68,61,61,99,99,146,146,175,175,185,185,195,195,214,214,214,138,138,138,129,129,129,212,212,212,240,240,238,204,208,208,176,171,171,163,163,135,135,135,219,219,219,202,202,158,158,188,188,254,254
99,15.3420000000000023,60,79,-15,-15,-3,-3,20,20,12,12,30,30,30,6,6,-10,-10,-72,-72,32,32,32,11,11,11,-2,-2,22,22,4,4,54,54,54,55,55,55,63,63,63,70,70,40,40,58,58,58,74,74,74,93,93,93,93,87,87,87,87,97,97,169,169,63,63,63,-57,-57,-57,-57,-38,-38,-38,-38,-69,-69,42,42,56,56,53,53,53,-23,-23,-23,-45,-45,-45,-45,-36,-36,51,51,100,100,100,81,81,81,58,58,58,58,67,67,62,62,140,140,85,85,85,-6,-6,-6,27,27,27,33,33,137,137,251,251,251,129,129,129,129,77,77,77,77,91,91,91,119,119,60,60,-88,-88,-88,52,52,52,52,100,100,100,158,158,127,127,43,43,43,121,121,121,115,115,115,115,107,107,107,155,155,145,145,161,161,161,228,228,228,228,197,197,197,197,222,222,222,208,208,318,318,318,284,284,284,284,305,305,305,305,245,245,245,245,245,332,332,351,351,361,361,361,380,380,380,380,298,298,298,298,249,249,285,285,243,243,243,281,281,281,281,207,207,207,207,207,207,256,256,225,225,211,211,211,211,211,211,211,227,227,227,167,167,201,201,281,281,281,369,369,369,283,283,283,354,354,354,354,255,255,255,255,290,290,264,264,205,205,205,193,193,193,213,213,213,250,250,266,266,198,198,198,131,131,131,293,293,293,293,242,242,242,242,323,323,208,208,84,84,154,154,154,123,123,123,86,86,86,86,269,269,269,244,244,346,346,374,374,374,33,33,33,33,115,115,115,132,132,169,169,243,243,243,140,140,140,242,242,242,242,231,231,231,158,158,158,235,235,235,167,167,167,223,223,223,223,253,253,253,99,99,190,190,256,256,256,199,199,199,199,247,247,247,247,278,278,278,253,253,260,260,263,263,263,139,139,139,139,203,203,203,203,243,243,211,160,160,168,168,168,202,202,202,304,304,304,307,307,320,382,382,305,305,305,242,242,242,351,351,351,351,321,321,321,321,321,354,354,354,356,356,356,301,301,301,301,196,196,196,182,182,182,142,142,133,133,152,152,152,53,53,53,96,96,96,165,165,174,174,152,152,131,131,148,148,179,179,140,140,178,178,180,180,180,136,136,136,165,165,165,165,206,206,206,179,179,230,230,187,187,271,271,271,405,405,405,373,373,261,261,245,245,472,472,472,168,168,168,168,66,66,66,13,-67,92,92,35,35,116,116,146,146,143,143,145,145,149,149,143,143,143,95,95,95,106,106,106,139,139,139,180,180,150,146,139,139,162,133,133,126,126,103,103,103,148,148,148,139,139,98,98,123,123,167,167
100,15.54200000000000159,-38,36,-12,-12,-55,-55,-3,-3,12,12,-18,-18,-18,-51,-51,-33,-33,-70,-70,-71,-71,-71,-59,-59,-59,-17,-17,-30,-30,4,4,1,1,1,34,34,34,27,27,27,29,29,-20,-20,-23,-23,-23,34,34,34,44,44,44,44,64,64,64,64,130,130,128,128,30,30,30,-141,-141,-141,-141,-29,-29,-29,-29,-59,-59,-31,-31,35,35,4,4,4,-86,-86,-86,-99,-99,-99,-99,-78,-78,1,1,104,104,104,100,100,100,71,71,71,71,113,113,87,87,130,130,114,114,114,83,83,83,36,36,36,29,29,103,103,168,168,168,21,21,21,21,33,33,33,33,64,64,64,38,38,4,4,-111,-111,-111,31,31,31,31,106,106,106,165,165,196,196,57,57,57,68,68,68,72,72,72,72,66,66,66,89,89,114,114,58,58,58,164,164,164,164,191,191,191,191,257,257,257,208,208,243,243,243,294,294,294,294,257,257,257,257,198,198,198,198,198,228,228,298,298,323,323,323,296,296,296,296,300,300,300,300,264,264,241,241,211,211,211,149,149,149,149,159,159,159,159,162,162,162,162,169,169,131,131,131,152,152,152,152,193,193,193,117,117,195,195,212,212,212,329,329,329,225,225,225,255,255,255,255,233,233,233,233,286,286,220,220,177,177,177,205,205,205,216,216,216,239,239,253,253,173,173,173,136,136,136,322,322,322,322,236,236,236,236,298,298,79,79,69,69,176,176,176,131,131,131,225,225,225,225,218,218,218,247,247,314,314,385,385,385,-10,-10,-10,-10,84,84,84,109,109,144,144,229,229,229,134,134,134,205,205,205,205,205,205,205,178,178,178,193,193,193,118,118,118,161,161,161,161,227,227,227,115,115,140,140,220,220,220,163,163,163,163,246,246,246,246,258,258,258,236,236,218,218,259,259,259,147,147,147,147,173,173,173,173,190,190,218,159,159,165,165,165,177,177,177,237,237,237,296,296,282,352,352,165,165,165,14,14,14,245,245,245,245,288,288,288,288,288,273,273,273,337,337,337,302,302,302,302,140,140,140,113,113,113,126,126,111,111,88,88,88,33,33,33,83,83,83,181,181,161,161,124,124,113,113,150,150,116,116,136,136,136,136,127,127,127,113,113,113,156,156,156,156,149,149,149,141,141,189,189,199,199,243,243,243,328,328,328,309,309,198,198,168,168,395,395,395,169,169,169,169,32,32,32,21,-61,49,49,23,23,101,101,154,154,111,111,81,81,83,83,79,79,79,36,36,36,82,82,82,91,91,91,76,76,56,63,86,86,97,81,81,88,88,25,25,25,69,69,69,75,75,19,19,44,44,78,78
101,15.74200000000000266,-66,8,23,23,-23,-23,9,9,-16,-16,-15,-15,-15,-60,-60,-94,-94,-93,-93,-90,-90,-90,-45,-45,-45,-22,-22,-13,-13,-14,-14,-18,-18,-18,-15,-15,-15,-1,-1,-1,40,40,-27,-27,-28,-28,-28,-60,-60,-60,20,20,20,20,56,56,56,56,95,95,100,100,20,20,20,-122,-122,-122,-122,-2,-2,-2,-2,14,14,-26,-26,-36,-36,-60,-60,-60,-26,-26,-26,-85,-85,-85,-85,-52,-52,-4,-4,71,71,71,127,127,127,56,56,56,56,116,116,88,88,132,132,76,76,76,32,32,32,61,61,61,40,40,92,92,58,58,58,-35,-35,-35,-35,8,8,8,8,28,28,28,49,49,-29,-29,-160,-160,-160,31,31,31,31,71,71,71,177,177,210,210,54,54,54,33,33,33,53,53,53,53,46,46,46,83,83,27,27,32,32,32,70,70,70,70,138,138,138,138,237,237,237,195,195,154,154,154,160,160,160,160,146,146,146,146,136,136,136,136,136,147,147,221,221,237,237,237,197,197,197,197,272,272,272,272,321,321,182,182,121,121,121,74,74,74,74,166,166,166,166,133,133,173,173,121,121,72,72,72,102,102,102,102,176,176,176,93,93,168,168,151,151,151,204,204,204,130,130,130,206,206,206,206,156,156,156,156,246,246,178,178,170,170,170,126,126,126,172,172,172,202,202,206,206,171,171,171,109,109,109,301,301,301,301,190,190,190,190,178,178,2,2,18,18,174,174,174,151,151,151,299,299,299,299,127,127,127,247,247,274,274,357,357,357,22,22,22,22,86,86,86,112,112,119,119,176,176,176,145,145,145,200,200,200,200,236,236,236,147,147,147,198,198,198,119,119,119,108,108,108,108,154,154,154,108,108,63,63,122,122,122,122,122,122,122,242,242,242,242,260,260,260,182,182,174,174,183,183,183,142,142,142,142,178,178,178,178,131,131,196,189,189,169,169,169,204,204,204,187,187,187,264,264,208,159,159,-20,-20,-20,-163,-163,-163,154,154,154,154,286,286,286,286,286,250,250,250,265,265,265,246,246,246,246,80,80,80,124,124,124,115,115,108,108,81,81,81,54,54,54,85,85,85,160,160,129,129,116,116,93,93,119,119,85,85,144,144,79,79,103,103,103,96,96,96,119,119,119,119,107,107,107,159,159,121,121,176,176,216,216,216,218,218,218,198,198,109,109,-7,-7,296,296,296,168,168,168,168,31,31,31,18,-41,3,3,6,6,90,90,111,111,82,82,66,66,65,65,42,42,42,4,4,4,74,74,74,75,75,75,31,31,15,32,64,64,57,50,50,40,40,-10,-10,-10,-29,-29,-29,21,21,-34,-34,-48,-48,69,69
102,15.94200000000000195,-60,24,22,22,18,18,9,9,-2,-2,-23,-23,-23,-44,-44,-96,-96,-103,-103,-78,-78,-78,-29,-29,-29,-17,-17,44,44,-25,-25,-40,-40,-40,-70,-70,-70,37,37,37,43,43,-31,-31,-36,-36,-36,-53,-53,-53,13,13,13,13,25,25,25,25,53,53,6,6,-96,-96,-96,-159,-159,-159,-159,-9,-9,-9,-9,22,22,-11,-11,-58,-58,-28,-28,-28,-5,-5,-5,-70,-70,-70,-70,-17,-17,-8,-8,10,10,10,71,71,71,101,101,101,101,97,97,111,111,78,78,68,68,68,41,41,41,42,42,42,52,52,101,101,-31,-31,-31,-61,-61,-61,-61,13,13,13,13,24,24,24,-11,-11,-87,-87,-175,-175,-175,-5,-5,-5,-5,14,14,14,84,84,164,164,17,17,17,6,6,6,45,45,45,45,43,43,43,68,68,-34,-34,10,10,10,-23,-23,-23,-23,35,35,35,35,163,163,163,115,115,42,42,42,43,43,43,43,104,104,104,104,90,90,90,90,90,88,88,144,144,128,128,128,166,166,166,166,227,227,227,227,284,284,105,105,17,17,17,55,55,55,55,154,154,154,154,119,119,114,114,84,84,101,101,101,69,69,69,69,154,154,154,69,69,132,132,37,37,37,91,91,91,20,20,20,126,126,126,126,126,126,126,126,190,190,109,109,101,101,101,86,86,86,93,93,93,158,158,142,142,105,105,105,114,114,114,258,258,258,258,154,154,154,154,136,136,-49,-49,-5,-5,157,157,157,162,162,162,333,333,333,333,15,15,15,177,177,139,139,332,332,332,36,36,36,36,51,51,51,72,72,132,132,108,108,108,96,96,96,201,201,201,201,223,223,223,147,147,147,166,166,166,84,84,84,107,107,107,107,112,112,112,87,87,33,33,28,28,28,75,75,75,75,232,232,232,232,188,188,188,178,178,87,87,94,94,94,173,173,173,173,205,205,205,205,111,111,177,200,200,171,171,171,198,198,198,155,155,155,178,178,127,-77,-77,-93,-93,-93,-187,-187,-187,56,56,56,56,305,305,305,305,305,230,230,230,96,96,96,189,189,189,189,84,84,84,117,117,117,129,129,85,85,81,81,81,94,94,94,105,105,105,136,136,73,73,100,100,109,109,117,117,113,113,134,134,57,57,84,84,84,74,74,74,137,137,137,137,78,78,78,99,99,47,47,136,136,184,184,184,125,125,125,111,111,-5,-5,-123,-123,145,145,145,154,154,154,154,3,3,3,0,-37,-45,-45,-6,-6,58,58,82,82,38,38,45,45,56,56,2,2,2,-1,-1,-1,82,82,82,50,50,50,21,21,12,-4,37,37,45,24,24,13,13,-49,-49,-49,-27,-27,-27,-3,-3,-71,-71,-77,-77,60,60
103,16.14200000000000301,3,-6,35,35,42,42,29,29,18,18,-27,-27,-27,-56,-56,-81,-81,-101,-101,-79,-79,-79,-4,-4,-4,-37,-37,-16,-16,-30,-30,-37,-37,-37,-72,-72,-72,27,27,27,34,34,0,0,-71,-71,-71,-68,-68,-68,-17,-17,-17,-17,-1,-1,-1,-1,31,31,-91,-91,-203,-203,-203,-159,-159,-159,-159,-32,-32,-32,-32,15,15,-6,-6,-79,-79,-24,-24,-24,5,5,5,-10,-10,-10,-10,-6,-6,-54,-54,-36,-36,-36,30,30,30,64,64,64,64,50,50,37,37,69,69,7,7,7,22,22,22,39,39,39,71,71,57,57,-74,-74,-74,-55,-55,-55,-55,51,51,51,51,39,39,39,22,22,-97,-97,-151,-151,-151,-59,-59,-59,-59,-2,-2,-2,16,16,87,87,-8,-8,-8,-11,-11,-11,51,51,51,51,38,38,38,40,40,-42,-42,-17,-17,-17,-59,-59,-59,-59,-4,-4,-4,-4,77,77,77,28,28,-87,-87,-87,-72,-72,-72,-72,85,85,85,85,27,27,27,27,27,49,49,88,88,42,42,42,124,124,124,124,155,155,155,155,204,204,-4,-4,-62,-62,-62,17,17,17,17,158,158,158,158,100,100,129,129,41,41,76,76,76,87,87,87,87,126,126,126,77,77,103,103,-38,-38,-38,10,10,10,-81,-81,-81,130,130,130,130,63,63,63,63,120,120,45,45,14,14,14,32,32,32,65,65,65,92,92,48,48,60,60,60,38,38,38,212,212,212,212,132,132,132,132,34,34,-93,-93,-26,-26,138,138,138,209,209,209,362,362,362,362,-109,-109,-109,88,88,29,29,273,273,273,49,49,49,49,82,82,82,84,84,139,139,43,43,43,102,102,102,142,142,142,142,227,227,227,150,150,150,139,139,139,69,69,69,110,110,110,110,57,57,57,88,88,13,13,-1,-1,-1,55,55,55,55,234,234,234,234,94,94,94,83,83,25,25,-9,-9,-9,169,169,169,169,245,245,245,245,150,150,105,153,153,131,131,131,179,179,179,183,183,183,88,88,-35,-172,-172,-129,-129,-129,-159,-159,-159,-10,-10,-10,-10,288,288,288,288,288,189,189,189,-36,-36,-36,95,95,95,95,98,98,98,133,133,133,110,110,39,39,78,78,78,141,141,141,149,149,149,80,80,60,60,71,71,117,117,142,142,97,97,91,91,20,20,62,62,62,40,40,40,142,142,142,142,88,88,88,61,61,-7,-7,69,69,158,158,158,64,64,64,11,11,-128,-128,-261,-261,56,56,56,163,163,163,163,57,57,57,-12,-44,-18,-18,-45,-45,-1,-1,10,10,11,11,42,42,68,68,-8,-8,-8,14,14,14,94,94,94,69,69,69,19,19,14,17,36,36,-3,2,2,6,6,-51,-51,-51,-21,-21,-21,7,7,-56,-56,-44,-44,95,95
104,16.3420000000000023,23,-14,-33,-33,48,48,52,52,33,33,0,0,0,-21,-21,-94,-94,-51,-51,-52,-52,-52,34,34,34,-24,-24,49,49,-32,-32,-34,-34,-34,-65,-65,-65,-13,-13,-13,28,28,-3,-3,-78,-78,-78,-82,-82,-82,-35,-35,-35,-35,10,10,10,10,-36,-36,-167,-167,-204,-204,-204,-77,-77,-77,-77,-39,-39,-39,-39,9,9,-3,-3,1,1,-11,-11,-11,10,10,10,4,4,4,4,31,31,-79,-79,-97,-97,-97,-21,-21,-21,-7,-7,-7,-7,-36,-36,-10,-10,-42,-42,-20,-20,-20,-12,-12,-12,37,37,37,37,37,40,40,-130,-130,-130,-77,-77,-77,-77,76,76,76,76,12,12,12,-1,-1,-114,-114,-160,-160,-160,-125,-125,-125,-125,-49,-49,-49,-74,-74,7,7,-31,-31,-31,-36,-36,-36,4,4,4,4,11,11,11,5,5,-64,-64,-67,-67,-67,-106,-106,-106,-106,-67,-67,-67,-67,12,12,12,0,0,-106,-106,-106,-92,-92,-92,-92,45,45,45,45,12,12,12,12,12,23,23,-13,-13,-73,-73,-73,101,101,101,101,127,127,127,127,89,89,-114,-114,-107,-107,-107,23,23,23,23,125,125,125,125,89,89,98,98,33,33,59,59,59,58,58,58,58,136,136,136,125,125,85,85,-22,-22,-22,-33,-33,-33,-111,-111,-111,82,82,82,82,40,40,40,40,34,34,10,10,-22,-22,-22,34,34,34,65,65,65,4,4,17,17,10,10,10,26,26,26,188,188,188,188,108,108,108,108,2,2,-70,-70,-20,-20,118,118,118,204,204,204,397,397,397,397,-181,-181,-181,51,51,-50,-50,222,222,222,18,18,18,18,96,96,96,80,80,103,103,12,12,12,73,73,73,122,122,122,122,221,221,221,145,145,145,103,103,103,87,87,87,96,96,96,96,47,47,47,60,60,5,5,-27,-27,-27,41,41,41,41,164,164,164,164,51,51,51,41,41,-21,-21,-88,-88,-88,171,171,171,171,228,228,228,228,122,122,48,92,92,70,70,70,91,91,91,118,118,118,14,14,-84,-196,-196,-81,-81,-81,-9,-9,-9,-65,-65,-65,-65,261,261,261,261,261,136,136,136,-150,-150,-150,28,28,28,28,59,59,59,86,86,86,64,64,-43,-43,42,42,42,158,158,158,138,138,138,34,34,14,14,51,51,92,92,142,142,90,90,97,97,-17,-17,37,37,37,48,48,48,127,127,127,127,107,107,107,0,0,-43,-43,36,36,149,149,149,67,67,67,-25,-25,-164,-164,-259,-259,-5,-5,-5,144,144,144,144,17,17,17,-26,-37,-21,-21,-44,-44,-11,-11,-28,-28,-43,-43,29,29,50,50,-1,-1,-1,-5,-5,-5,75,75,75,49,49,49,13,13,-14,-4,-4,-4,-43,-22,-22,18,18,-21,-21,-21,-3,-3,-3,-9,-9,-60,-60,-44,-44,96,96
105,16.54200000000000159,43,-20,-17,-17,53,53,59,59,-2,-2,38,38,38,-14,-14,-27,-27,10,10,-50,-50,-50,19,19,19,5,5,-13,-13,-42,-42,-49,-49,-49,-6,-6,-6,-15,-15,-15,25,25,15,15,-63,-63,-63,-74,-74,-74,-32,-32,-32,-32,-19,-19,-19,-19,-73,-73,-171,-171,-119,-119,-119,-22,-22,-22,-22,1,1,1,1,-7,-7,-3,-3,-48,-48,-16,-16,-16,-6,-6,-6,26,26,26,26,23,23,-87,-87,-117,-117,-117,-58,-58,-58,-37,-37,-37,-37,-52,-52,-70,-70,-85,-85,-76,-76,-76,-76,-76,-76,13,13,13,-2,-2,16,16,-170,-170,-170,-16,-16,-16,-16,81,81,81,81,58,58,58,-2,-2,-88,-88,-122,-122,-122,-127,-127,-127,-127,-98,-98,-98,-54,-54,-60,-60,-37,-37,-37,-65,-65,-65,0,0,0,0,38,38,38,-9,-9,-56,-56,-66,-66,-66,-86,-86,-86,-86,-18,-18,-18,-18,2,2,2,1,1,-72,-72,-72,-98,-98,-98,-98,56,56,56,56,53,53,53,53,53,44,44,7,7,-124,-124,-124,94,94,94,94,114,114,114,114,14,14,-132,-132,-108,-108,-108,-1,-1,-1,-1,100,100,100,100,103,103,93,93,-21,-21,60,60,60,63,63,63,63,93,93,93,147,147,85,85,7,7,7,-21,-21,-21,-37,-37,-37,107,107,107,107,44,44,44,44,1,1,-3,-3,15,15,15,22,22,22,71,71,71,20,20,-35,-35,-10,-10,-10,-13,-13,-13,157,157,157,157,82,82,82,82,-38,-38,-44,-44,-8,-8,130,130,130,229,229,229,385,385,385,385,-210,-210,-210,4,4,-71,-71,184,184,184,-18,-18,-18,-18,97,97,97,77,77,151,151,53,53,53,44,44,44,99,99,99,99,210,210,210,111,111,111,71,71,71,58,58,58,104,104,104,104,37,37,37,47,47,8,8,-26,-26,-26,21,21,21,21,156,156,156,156,39,39,39,38,38,-29,-29,-95,-95,-95,139,139,139,139,263,263,263,263,109,109,-31,13,13,36,36,36,24,24,24,58,58,58,-37,-37,-97,-158,-158,2,2,2,45,45,45,-50,-50,-50,-50,233,233,233,233,233,101,101,101,-153,-153,-153,-38,-38,-38,-38,61,61,61,81,81,81,11,11,-72,-72,21,21,21,140,140,140,158,158,158,-7,-7,20,20,66,66,104,104,87,87,59,59,74,74,5,5,12,12,12,36,36,36,138,138,138,138,146,146,146,-14,-14,-25,-25,36,36,148,148,148,73,73,73,-8,-8,-159,-159,-243,-243,-12,-12,-12,155,155,155,155,-35,-35,-35,-50,-44,-17,-17,-33,-33,-38,-38,-45,-45,-34,-34,9,9,21,21,37,37,37,26,26,26,87,87,87,56,56,56,0,0,5,-26,-23,-23,-59,-43,-43,17,17,1,1,1,18,18,18,-6,-6,-63,-63,-19,-19,55,55
106,16.74200000000000088,70,37,31,31,61,61,18,18,37,37,62,62,62,5,5,19,19,78,78,30,30,30,44,44,44,11,11,-11,-11,-7,-7,23,23,23,17,17,17,34,34,34,68,68,23,23,41,41,41,10,10,10,-6,-6,-6,-6,49,49,49,49,-30,-30,-106,-106,-14,-14,-14,66,66,66,66,52,52,52,52,-26,-26,-46,-46,33,33,51,51,51,-22,-22,-22,60,60,60,60,27,27,-28,-28,-73,-73,-73,-49,-49,-49,10,10,10,10,-27,-27,-26,-26,-51,-51,-77,-77,-77,-48,-48,-48,-4,-4,-4,27,27,25,25,-114,-114,-114,10,10,10,10,116,116,116,116,90,90,90,12,12,-32,-32,-30,-30,-30,-77,-77,-77,-77,-54,-54,-54,-61,-61,-36,-36,-18,-18,-18,-38,-38,-38,7,7,7,7,59,59,59,20,20,11,11,9,9,9,-4,-4,-4,-4,48,48,48,48,51,51,51,61,61,51,51,51,9,9,9,9,146,146,146,146,118,118,118,118,118,122,122,1,1,-95,-95,-95,161,161,161,161,155,155,155,155,113,113,-4,-4,-12,-12,-12,65,65,65,65,139,139,139,139,145,145,112,112,31,31,95,95,95,92,92,92,92,108,108,108,208,208,112,112,125,125,125,101,101,101,68,68,68,162,162,162,162,102,102,102,102,30,30,68,68,50,50,50,112,112,112,157,157,157,77,77,54,54,31,31,31,75,75,75,175,175,175,175,105,105,105,105,-32,-32,19,19,55,55,175,175,175,286,286,286,457,457,457,457,-168,-168,-168,51,51,36,36,210,210,210,48,48,48,48,150,150,150,120,120,169,169,110,110,110,126,126,126,155,155,155,155,236,236,236,145,145,145,63,63,63,97,97,97,158,158,158,158,96,96,96,94,94,29,29,-7,-7,-7,72,72,72,72,183,183,183,183,79,79,79,97,97,54,54,-29,-29,-29,113,113,113,113,260,260,260,260,108,108,-18,25,25,72,72,72,31,31,31,22,22,22,-21,-21,-29,-84,-84,74,74,74,225,225,225,62,62,62,62,234,234,234,234,234,135,135,135,9,9,9,-7,-7,-7,-7,84,84,84,71,71,71,20,20,-19,-19,30,30,30,160,160,160,154,154,154,27,27,46,46,85,85,125,125,150,150,114,114,112,112,55,55,82,82,82,82,82,82,164,164,164,164,187,187,187,68,68,45,45,119,119,153,153,153,109,109,109,21,21,-40,-40,-162,-162,7,7,7,170,170,170,170,-50,-50,-50,5,26,20,20,-15,-15,-24,-24,-50,-50,-53,-53,18,18,54,54,53,53,53,48,48,48,69,69,69,57,57,57,18,18,31,5,-12,-12,-38,-25,-25,68,68,7,7,7,43,43,43,21,21,-30,-30,7,7,59,59
107,16.94200000000000372,67,65,69,69,63,63,111,111,47,47,80,80,80,68,68,97,97,115,115,85,85,85,115,115,115,47,47,60,60,46,46,81,81,81,72,72,72,83,83,83,105,105,77,77,136,136,136,80,80,80,88,88,88,88,79,79,79,79,14,14,17,17,123,123,123,186,186,186,186,102,102,102,102,64,64,107,107,64,64,103,103,103,98,98,98,89,89,89,89,69,69,69,69,46,46,46,-7,-7,-7,57,57,57,57,26,26,4,4,35,35,4,4,4,-32,-32,-32,59,59,59,81,81,83,83,-11,-11,-11,48,48,48,48,144,144,144,144,100,100,100,98,98,81,81,71,71,71,28,28,28,28,19,19,19,57,57,5,5,80,80,80,26,26,26,79,79,79,79,96,96,96,56,56,101,101,111,111,111,106,106,106,106,131,131,131,131,135,135,135,145,145,144,144,144,127,127,127,127,209,209,209,209,228,228,228,228,228,248,248,131,131,57,57,57,223,223,223,223,215,215,215,215,128,128,142,142,109,109,109,132,132,132,132,142,142,142,142,193,193,163,163,101,101,124,124,124,213,213,213,213,158,158,158,233,233,188,188,244,244,244,172,172,172,228,228,228,225,225,225,225,147,147,147,147,109,109,131,131,116,116,116,193,193,193,206,206,206,141,141,154,154,153,153,153,189,189,189,198,198,198,198,144,144,144,144,61,61,114,114,120,120,235,235,235,355,355,355,537,537,537,537,-65,-65,-65,178,178,138,138,274,274,274,107,107,107,107,217,217,217,183,183,223,223,166,166,166,193,193,193,153,153,153,153,233,233,233,144,144,144,139,139,139,143,143,143,169,169,169,169,157,157,157,199,199,122,122,83,83,83,139,139,139,139,196,196,196,196,162,162,162,157,157,142,142,97,97,97,136,136,136,136,301,301,301,301,159,159,85,45,45,75,75,75,33,33,33,60,60,60,32,32,68,105,105,219,219,219,343,343,343,181,181,181,181,271,271,271,271,271,197,197,197,201,201,201,113,113,113,113,101,101,101,94,94,94,72,72,95,95,83,83,83,204,204,204,176,176,176,77,77,125,125,159,159,153,153,162,162,135,135,131,131,124,124,158,158,158,141,141,141,177,177,177,177,218,218,218,147,147,147,147,192,192,201,201,201,161,161,161,112,112,78,78,-49,-49,35,35,35,200,200,200,200,7,7,7,84,153,132,132,110,110,9,9,-35,-35,-12,-12,43,43,87,87,134,134,134,97,97,97,129,129,129,96,96,96,86,86,74,45,46,46,16,38,38,74,74,49,49,49,91,91,91,77,77,51,51,84,84,92,92
108,17.14200000000000301,111,138,104,104,104,104,109,109,129,129,128,128,128,167,167,141,141,144,144,129,129,129,162,162,162,120,120,91,91,113,113,110,110,110,118,118,118,119,119,119,124,124,144,144,190,190,190,151,151,151,114,114,114,114,120,120,120,120,48,48,94,94,228,228,228,195,195,195,195,170,170,170,170,114,114,121,121,119,119,139,139,139,130,130,130,117,117,117,117,123,123,147,147,118,118,118,53,53,53,122,122,122,122,96,96,112,112,79,79,100,100,100,112,112,112,94,94,94,114,114,105,105,63,63,63,112,112,112,112,131,131,131,131,138,138,138,139,139,159,159,155,155,155,107,107,107,107,128,128,128,113,113,80,80,119,119,119,103,103,103,95,95,95,95,123,123,123,84,84,106,106,184,184,184,187,187,187,187,185,185,185,185,151,151,151,231,231,222,222,222,213,213,213,213,229,229,229,229,284,284,284,284,284,274,274,238,238,165,165,165,344,344,344,344,215,215,215,215,222,222,274,274,230,230,230,220,220,220,220,144,144,144,144,197,197,189,189,143,143,185,185,185,209,209,209,209,170,170,170,271,271,198,198,264,264,264,252,252,252,321,321,321,245,245,245,245,189,189,189,189,182,182,175,175,210,210,210,273,273,273,247,247,247,227,227,220,220,255,255,255,275,275,275,214,214,214,214,162,162,162,162,130,130,202,202,203,203,318,318,318,431,431,431,614,614,614,614,58,58,58,241,241,223,223,299,299,299,178,178,178,178,234,234,234,224,224,217,217,243,243,243,226,226,226,197,197,197,197,238,238,238,184,184,184,166,166,166,140,140,140,191,191,191,191,242,242,242,227,227,220,220,178,178,178,228,228,228,228,262,262,262,262,235,235,235,244,244,230,230,192,192,192,161,161,161,161,267,267,267,267,227,227,151,108,108,159,159,159,81,81,81,144,144,144,71,71,113,185,185,307,307,307,445,445,445,275,275,275,275,305,305,305,305,305,268,268,268,347,347,347,213,213,213,213,167,167,167,120,120,120,122,122,173,173,134,134,134,165,165,165,185,185,185,153,153,143,143,193,193,174,174,193,193,187,187,179,179,191,191,176,176,176,176,176,176,172,172,172,172,230,230,230,216,216,239,239,246,246,234,234,234,196,196,196,159,159,144,144,23,23,30,30,30,195,195,195,195,62,62,62,179,263,231,231,171,171,36,36,7,7,39,39,91,91,148,148,163,163,163,132,132,132,139,139,139,136,136,136,113,113,123,94,91,91,79,79,79,105,105,114,114,114,142,142,142,113,113,141,141,161,161,128,128
109,17.3420000000000023,123,92,111,111,109,109,159,159,120,120,125,125,125,120,120,179,179,142,142,151,151,151,154,154,154,144,144,94,94,130,130,108,108,108,132,132,132,117,117,117,150,150,120,120,195,195,195,159,159,159,162,162,162,162,135,135,135,135,95,95,183,183,258,258,258,211,211,211,211,155,155,155,155,116,116,136,136,142,142,102,102,102,112,112,112,118,118,118,118,113,113,123,123,117,117,117,62,62,62,81,81,81,81,105,105,138,138,119,119,129,129,129,113,113,113,113,113,113,114,114,131,131,95,95,95,144,144,144,144,167,167,167,167,117,117,117,121,121,151,151,192,192,192,153,153,153,153,156,156,156,128,128,105,105,121,121,121,110,110,110,88,88,88,88,141,141,141,95,95,156,156,189,189,189,245,245,245,245,240,240,240,240,190,190,190,242,242,235,235,235,285,285,285,285,235,235,235,235,299,299,299,299,299,275,275,270,270,260,260,260,297,297,297,297,244,244,244,244,218,218,311,311,238,238,238,249,249,249,249,129,129,129,129,134,134,197,197,187,187,231,231,231,202,202,202,202,206,206,206,209,209,120,120,231,231,231,234,234,234,319,319,319,334,334,334,334,190,190,190,190,180,180,175,175,241,241,241,266,266,266,208,208,208,237,237,241,241,250,250,250,277,277,277,147,147,147,147,166,166,166,166,141,141,177,177,260,260,355,355,355,454,454,454,637,637,637,637,165,165,165,267,267,246,246,282,282,282,199,199,199,199,258,258,258,232,232,196,196,254,254,254,267,267,267,207,207,207,207,217,217,217,166,166,166,152,152,152,154,154,154,221,221,221,221,235,235,235,228,228,265,265,233,233,233,271,271,271,271,264,264,264,264,275,275,275,245,245,227,227,207,207,207,173,173,173,173,231,231,231,231,268,268,204,163,163,207,207,207,133,133,133,212,212,212,113,113,120,222,222,222,222,222,335,335,335,235,235,235,235,278,278,278,278,278,261,261,261,326,326,326,245,245,245,245,181,181,181,62,62,62,149,149,209,209,154,154,154,95,95,95,158,158,158,168,168,170,170,186,186,136,136,176,176,188,188,142,142,185,185,161,161,161,177,177,177,98,98,98,98,193,193,193,209,209,253,253,248,248,187,187,187,166,166,166,169,169,150,150,36,36,-7,-7,-7,155,155,155,155,83,83,83,236,303,236,236,176,176,86,86,32,32,60,60,102,102,134,134,142,142,142,133,133,133,138,138,138,139,139,139,127,127,109,99,120,120,120,97,97,91,91,99,99,99,133,133,133,117,117,160,160,165,165,132,132
110,17.54200000000000159,110,46,77,77,45,45,71,71,130,130,91,91,91,139,139,100,100,84,84,134,134,134,89,89,89,87,87,64,64,72,72,48,48,48,80,80,80,34,34,34,23,23,54,54,55,55,55,115,115,115,128,128,128,128,136,136,136,136,121,121,186,186,165,165,165,184,184,184,184,109,109,109,109,75,75,42,42,60,60,82,82,82,62,62,62,49,49,49,49,57,57,103,103,96,96,96,80,80,80,46,46,46,46,33,33,113,113,88,88,117,117,117,91,91,91,98,98,98,113,113,38,38,70,70,70,98,98,98,98,102,102,102,102,69,69,69,96,96,117,117,185,185,185,168,168,168,168,151,151,151,69,69,86,86,73,73,73,69,69,69,64,64,64,64,71,71,71,56,56,97,97,122,122,122,218,218,218,218,235,235,235,235,178,178,178,184,184,245,245,245,202,202,202,202,175,175,175,175,251,251,251,251,251,205,205,279,279,269,269,269,228,228,228,228,188,188,188,188,208,208,246,246,194,194,194,217,217,217,217,72,72,72,72,66,66,175,175,143,143,161,161,161,129,129,129,129,165,165,165,112,112,76,76,118,118,118,142,142,142,231,231,231,229,229,229,229,194,194,194,194,152,152,144,144,171,171,171,211,211,211,186,186,186,193,193,190,190,165,165,165,207,207,207,93,93,93,93,103,103,103,103,123,123,123,123,229,229,329,329,329,417,417,417,575,575,575,575,258,258,258,195,195,194,194,194,194,194,132,132,132,132,188,188,188,150,150,116,116,184,184,184,178,178,178,157,157,157,157,166,166,166,132,132,132,128,128,128,110,110,110,132,132,132,132,173,173,173,171,171,205,205,195,195,195,262,262,262,262,245,245,245,245,299,299,299,198,198,164,164,170,170,170,144,144,144,144,162,162,162,162,191,191,170,205,205,139,139,139,109,109,109,230,230,230,75,75,66,58,58,72,72,72,126,126,126,159,159,159,159,227,227,227,227,227,172,172,172,257,257,257,221,221,221,221,126,126,126,64,64,64,101,101,146,146,111,111,111,72,72,72,101,101,101,169,169,136,136,111,111,85,85,106,106,155,155,102,102,112,112,88,88,88,115,115,115,17,17,17,17,91,91,91,139,139,175,175,151,151,114,114,114,89,89,89,135,135,120,120,-3,-3,-97,-97,-97,90,90,90,90,104,104,104,217,250,135,135,97,97,38,38,46,46,50,50,46,46,95,95,92,92,92,91,91,91,115,115,115,100,100,100,79,79,106,106,96,96,94,82,82,62,62,76,76,76,101,101,101,74,74,97,97,108,108,62,62
111,17.74200000000000088,67,-16,52,52,-23,-23,-10,-10,-1,-1,-12,-12,-12,28,28,33,33,3,3,8,8,8,21,21,21,19,19,-20,-20,-5,-5,-20,-20,-20,30,30,30,-62,-62,-62,-50,-50,-25,-25,-54,-54,-54,16,16,16,39,39,39,39,84,84,84,84,84,84,101,101,67,67,67,95,95,95,95,51,51,51,51,-6,-6,-12,-12,-14,-14,-11,-11,-11,-29,-29,-29,21,21,21,21,-4,-4,5,5,13,13,13,-6,-6,-6,12,12,12,12,-21,-21,6,6,-53,-53,19,19,19,56,56,56,41,41,41,-8,-8,-56,-56,-1,-1,-1,13,13,13,13,-6,-6,-6,-6,-9,-9,-9,-7,-7,39,39,142,142,142,92,92,92,92,54,54,54,41,41,58,58,-8,-8,-8,41,41,41,-11,-11,-11,-11,20,20,20,25,25,45,45,44,44,44,156,156,156,156,123,123,123,123,97,97,97,88,88,103,103,103,91,91,91,91,148,148,148,148,145,145,145,145,145,126,126,202,202,217,217,217,199,199,199,199,131,131,131,131,138,138,86,86,74,74,74,103,103,103,103,35,35,35,35,-59,-59,97,97,86,86,86,86,86,44,44,44,44,96,96,96,-1,-1,-3,-3,68,68,68,80,80,80,52,52,52,115,115,115,115,108,108,108,108,90,90,77,77,86,86,86,96,96,96,114,114,114,85,85,106,106,72,72,72,67,67,67,59,59,59,59,58,58,58,58,77,77,94,94,169,169,248,248,248,322,322,322,526,526,526,526,237,237,237,124,124,102,102,81,81,81,83,83,83,83,100,100,100,120,120,12,12,94,94,94,117,117,117,99,99,99,99,72,72,72,66,66,66,75,75,75,50,50,50,70,70,70,70,83,83,83,91,91,140,140,143,143,143,178,178,178,178,185,185,185,185,196,196,196,125,125,75,75,68,68,68,73,73,73,73,101,101,101,101,128,128,136,119,119,71,71,71,43,43,43,165,165,165,11,11,-27,-56,-56,-75,-75,-75,-143,-143,-143,18,18,18,18,145,145,145,145,145,65,65,65,79,79,79,125,125,125,125,97,97,97,18,18,18,19,19,31,31,-4,-4,-4,-1,-1,-1,0,0,0,86,86,51,51,6,6,-2,-2,49,49,70,70,72,72,29,29,-3,-3,-3,27,27,27,-32,-32,-32,-32,19,19,19,58,58,85,85,25,25,-9,-9,-9,37,37,37,49,49,36,36,-110,-110,-182,-182,-182,-1,-1,-1,-1,58,58,58,149,166,28,28,-4,-4,-22,-22,-13,-13,4,4,-23,-23,-12,-12,32,32,32,46,46,46,32,32,32,-21,-21,-21,5,5,40,42,44,44,25,40,40,5,5,8,8,8,21,21,21,-14,-14,-18,-18,-26,-26,-25,-25
112,17.94200000000000372,-10,-94,-43,-43,-68,-68,-82,-82,-90,-90,-49,-49,-49,-45,-45,0,0,-76,-76,-73,-73,-73,-90,-90,-90,-56,-56,-99,-99,-104,-104,-73,-73,-73,-64,-64,-64,-99,-99,-99,-124,-124,-115,-115,-154,-154,-154,-55,-55,-55,-21,-21,-21,-21,45,45,45,45,50,50,62,62,-33,-33,-33,-31,-31,-31,-31,-41,-41,-41,-41,-62,-62,-80,-80,-99,-99,-98,-98,-98,-75,-75,-75,-65,-65,-65,-65,-83,-83,-51,-51,-48,-48,-48,-61,-61,-61,-53,-53,-53,-53,-90,-90,-81,-81,-124,-124,-56,-56,-56,-13,-13,-13,-13,-13,-13,-81,-81,-121,-121,-79,-79,-79,-52,-52,-52,-52,-68,-68,-68,-68,-78,-78,-78,-71,-71,-23,-23,118,118,118,30,30,30,30,2,2,2,25,25,86,86,-35,-35,-35,-32,-32,-32,-80,-80,-80,-80,-50,-50,-50,0,0,12,12,16,16,16,29,29,29,29,62,62,62,62,23,23,23,28,28,44,44,44,-31,-31,-31,-31,56,56,56,56,76,76,76,76,76,55,55,100,100,142,142,142,88,88,88,88,57,57,57,57,98,98,10,10,-23,-23,-23,59,59,59,59,-29,-29,-29,-29,-125,-125,32,32,-1,-1,37,37,37,-69,-69,-69,-69,33,33,33,-56,-56,-24,-24,-30,-30,-30,-5,-5,-5,-71,-71,-71,31,31,31,31,48,48,48,48,84,84,-20,-20,27,27,27,17,17,17,24,24,24,22,22,20,20,24,24,24,-39,-39,-39,-18,-18,-18,-18,14,14,14,14,21,21,8,8,73,73,111,111,111,226,226,226,355,355,355,355,230,230,230,103,103,7,7,-40,-40,-40,39,39,39,39,-5,-5,-5,-17,-17,-53,-53,-28,-28,-28,56,56,56,0,0,0,0,-5,-5,-5,-11,-11,-11,-3,-3,-3,33,33,33,-17,-17,-17,-17,-25,-25,-25,27,27,36,36,39,39,39,63,63,63,63,102,102,102,102,109,109,109,36,36,-23,-23,-22,-22,-22,11,11,11,11,33,33,33,33,45,45,71,45,45,28,28,28,-24,-24,-24,50,50,50,14,14,-120,-218,-218,-172,-172,-172,-301,-301,-301,-70,-70,-70,-70,86,86,86,86,86,-45,-45,-45,-41,-41,-41,-3,-3,-3,-3,-1,-1,-1,-18,-18,-18,-76,-76,-53,-53,-64,-64,-64,-86,-86,-86,-41,-41,-41,30,30,7,7,-74,-74,-59,-59,-47,-47,31,31,-52,-52,-16,-16,-77,-77,-77,-46,-46,-46,-76,-76,-76,-76,-11,-11,-11,-16,-16,-40,-40,-101,-101,-86,-86,-86,-31,-31,-31,-16,-16,-29,-29,-178,-178,-227,-227,-227,-88,-88,-88,-88,25,25,25,106,113,-54,-54,-71,-71,-83,-83,-63,-63,-32,-32,-77,-77,-83,-83,-66,-66,-66,-5,-5,-5,-8,-8,-8,-70,-70,-70,-47,-47,0,-13,-16,-16,-53,-48,-48,-63,-63,-43,-43,-43,-42,-42,-42,-66,-66,-104,-104,-134,-134,-130,-130
113,18.14200000000000301,-85,-103,-107,-107,-82,-82,-112,-112,-153,-153,-70,-70,-70,-83,-83,-79,-79,-88,-88,-81,-81,-81,-140,-140,-140,-87,-87,-83,-83,-85,-85,-92,-92,-92,-102,-102,-102,-110,-110,-110,-135,-135,-88,-88,-122,-122,-122,-101,-101,-101,-77,-77,-77,-77,-17,-17,-17,-17,38,38,26,26,-90,-90,-90,-75,-75,-75,-75,-66,-66,-66,-66,-52,-52,-100,-100,-148,-148,-103,-103,-103,-98,-98,-98,-57,-57,-57,-57,-70,-70,-79,-79,-62,-62,-62,-47,-47,-47,-97,-97,-97,-97,-90,-90,-110,-110,-160,-160,-115,-115,-115,-53,-53,-53,-42,-42,-42,-94,-94,-136,-136,-93,-93,-93,-93,-93,-93,-93,-131,-131,-131,-131,-112,-112,-112,-126,-126,-79,-79,46,46,46,10,10,10,10,-36,-36,-36,-2,-2,68,68,-21,-21,-21,-48,-48,-48,-82,-82,-82,-82,-107,-107,-107,-45,-45,-19,-19,-12,-12,-12,-23,-23,-23,-23,-47,-47,-47,-47,-42,-42,-42,-75,-75,-80,-80,-80,-116,-116,-116,-116,30,30,30,30,15,15,15,15,15,26,26,52,52,73,73,73,34,34,34,34,70,70,70,70,69,69,-61,-61,-72,-72,-72,-6,-6,-6,-6,-27,-27,-27,-27,-79,-79,-22,-22,-65,-65,-15,-15,-15,-116,-116,-116,-116,-13,-13,-13,-131,-131,-32,-32,-82,-82,-82,-31,-31,-31,-159,-159,-159,-42,-42,-42,-42,24,24,24,24,42,42,-20,-20,-35,-35,-35,-59,-59,-59,-46,-46,-46,2,2,-19,-19,9,9,9,-126,-126,-126,-18,-18,-18,-18,-60,-60,-60,-60,24,24,-50,-50,44,44,-17,-17,-17,159,159,159,251,251,251,251,271,271,271,37,37,-25,-25,-110,-110,-110,-24,-24,-24,-24,-63,-63,-63,-75,-75,-55,-55,-101,-101,-101,-51,-51,-51,-40,-40,-40,-40,-57,-57,-57,-67,-67,-67,-45,-45,-45,-10,-10,-10,-48,-48,-48,-48,-56,-56,-56,-28,-28,-18,-18,-50,-50,-50,-4,-4,-4,-4,29,29,29,29,40,40,40,-35,-35,-58,-58,-84,-84,-84,-47,-47,-47,-47,10,10,10,10,-6,-6,9,-35,-35,-10,-10,-10,-77,-77,-77,4,4,4,-39,-39,-118,-195,-195,-166,-166,-166,-221,-221,-221,-122,-122,-122,-122,56,56,56,56,56,-95,-95,-95,-102,-102,-102,-71,-71,-71,-71,-18,-18,-18,-57,-57,-57,-105,-105,-74,-74,-99,-99,-99,-44,-44,-44,-77,-77,-77,-29,-29,-38,-38,-105,-105,-89,-89,-79,-79,-58,-58,-59,-59,-61,-61,-72,-72,-72,-91,-91,-91,-77,-77,-77,-77,-58,-58,-58,-52,-52,-109,-109,-153,-153,-95,-95,-95,-33,-33,-33,-54,-54,-60,-60,-187,-187,-230,-230,-230,-101,-101,-101,-101,71,71,71,90,94,-98,-98,-96,-96,-133,-133,-83,-83,-33,-33,-71,-71,-83,-83,-84,-84,-84,-40,-40,-40,-49,-49,-49,-105,-105,-105,-65,-65,-42,-52,-58,-58,-88,-98,-98,-87,-87,-72,-72,-72,-60,-60,-60,-101,-101,-100,-100,-150,-150,-154,-154
114,18.3420000000000023,-101,-109,-85,-85,-84,-84,-84,-84,-110,-110,-73,-73,-73,-60,-60,-104,-104,-43,-43,-56,-56,-56,-147,-147,-147,-101,-101,-118,-118,-68,-68,-80,-80,-80,-53,-53,-53,-83,-83,-83,-98,-98,-51,-51,-96,-96,-96,-86,-86,-86,-69,-69,-69,-69,-31,-31,-31,-31,58,58,10,10,-83,-83,-83,-117,-117,-117,-117,-73,-73,-73,-73,-27,-27,-48,-48,-34,-34,-83,-83,-83,-57,-57,-57,-54,-54,-54,-54,-75,-75,-44,-44,-19,-19,-19,-74,-74,-74,-78,-78,-78,-78,-47,-47,-93,-93,-116,-116,-85,-85,-85,-4,-4,-4,-40,-40,-40,-83,-83,-78,-78,-37,-37,-37,-85,-85,-85,-85,-177,-177,-177,-177,-136,-136,-136,-123,-123,-96,-96,48,48,48,12,12,12,12,-61,-61,-61,-22,-22,30,30,-22,-22,-22,-38,-38,-38,-101,-101,-101,-101,-151,-151,-151,-77,-77,-42,-42,-21,-21,-21,-110,-110,-110,-110,-67,-67,-67,-67,-78,-78,-78,-78,-78,-100,-100,-100,-97,-97,-97,-97,-15,-15,-15,-15,-57,-57,-57,-57,-57,-64,-64,-18,-18,5,5,5,-4,-4,-4,-4,57,57,57,57,3,3,-73,-73,-122,-122,-122,-43,-43,-43,-43,-53,-53,-53,-53,-110,-110,-51,-51,-93,-93,-68,-68,-68,-103,-103,-103,-103,-49,-49,-49,-129,-129,-32,-32,-49,-49,-49,-35,-35,-35,-114,-114,-114,-13,-13,-13,-13,6,6,6,6,23,23,-71,-71,-62,-62,-62,-63,-63,-63,-35,-35,-35,11,11,-50,-50,-16,-16,-16,-86,-86,-86,-85,-85,-85,-85,-87,-87,-87,-87,-29,-29,-42,-42,-3,-3,-112,-112,-112,84,84,84,127,127,127,127,190,190,190,31,31,-52,-52,-159,-159,-159,-33,-33,-33,-33,-56,-56,-56,-94,-94,-89,-89,-127,-127,-127,-63,-63,-63,-79,-79,-79,-79,-87,-87,-87,-80,-80,-80,-52,-52,-52,-54,-54,-54,-54,-54,-54,-54,-94,-94,-94,-58,-58,-73,-73,-66,-66,-66,-51,-51,-51,-51,7,7,7,7,-12,-12,-12,-49,-49,-103,-103,-78,-78,-78,-32,-32,-32,-32,4,4,4,4,-12,-12,-34,-42,-42,-33,-33,-33,-98,-98,-98,-68,-68,-68,-68,-68,-78,-100,-100,-86,-86,-86,-66,-66,-66,-114,-114,-114,-114,56,56,56,56,56,-131,-131,-131,-70,-70,-70,-83,-83,-83,-83,-42,-42,-42,-61,-61,-61,-117,-117,-77,-77,-73,-73,-73,-85,-85,-85,-72,-72,-72,-51,-51,-66,-66,-119,-119,-111,-111,-106,-106,-81,-81,-106,-106,-72,-72,-88,-88,-88,-84,-84,-84,-70,-70,-70,-70,-102,-102,-102,-91,-91,-116,-116,-139,-139,-66,-66,-66,17,17,17,4,4,-28,-28,-121,-121,-175,-175,-175,-63,-63,-63,-63,144,144,144,129,137,-16,-16,-94,-94,-113,-113,-42,-42,-11,-11,-30,-30,-69,-69,-76,-76,-76,-25,-25,-25,-26,-26,-26,-81,-81,-81,-58,-58,-50,-48,-100,-100,-91,-79,-79,-75,-75,-52,-52,-52,-60,-60,-60,-83,-83,-70,-70,-92,-92,-138,-138
115,18.54200000000000159,-120,-47,-76,-76,-75,-75,-27,-27,19,19,-18,-18,-18,-80,-80,-12,-12,74,74,3,3,3,-78,-78,-78,-96,-96,-64,-64,-44,-44,-47,-47,-47,-86,-86,-86,-44,-44,-44,-91,-91,-26,-26,-12,-12,-12,-51,-51,-51,-77,-77,-77,-77,-69,-69,-69,-69,-10,-10,-31,-31,-72,-72,-72,-69,-69,-69,-69,-42,-42,-42,-42,33,33,13,13,-3,-3,-4,-4,-4,29,29,29,-49,-49,-49,-49,-31,-31,-16,-16,9,9,9,1,1,1,-75,-75,-75,-75,-76,-76,-42,-42,-29,-29,-2,-2,-2,-2,-2,-2,3,3,3,-108,-108,-58,-58,22,22,22,-76,-76,-76,-76,-168,-168,-168,-168,-151,-151,-151,-93,-93,-52,-52,79,79,79,17,17,17,17,-74,-74,-74,-38,-38,14,14,-35,-35,-35,-33,-33,-33,-99,-99,-99,-99,-146,-146,-146,-76,-76,-62,-62,-66,-66,-66,-106,-106,-106,-106,-139,-139,-139,-139,-113,-113,-113,-130,-130,-25,-25,-25,-6,-6,-6,-6,-97,-97,-97,-97,-116,-116,-116,-116,-116,-85,-85,-103,-103,-35,-35,-35,-56,-56,-56,-56,25,25,25,25,-25,-25,-42,-42,-76,-76,-76,-95,-95,-95,-95,-19,-19,-19,-19,-110,-110,-75,-75,-65,-65,-68,-68,-68,-147,-147,-147,-147,-91,-91,-91,-110,-110,-77,-77,-38,-38,-38,-15,-15,-15,-54,-54,-54,-35,-35,-35,-35,-28,-28,-28,-28,-15,-15,-64,-64,-120,-120,-120,-84,-84,-84,-43,-43,-43,-40,-40,-26,-26,22,22,22,-45,-45,-45,-135,-135,-135,-135,-128,-128,-128,-128,-87,-87,-28,-28,58,58,-130,-130,-130,67,67,67,31,31,31,31,207,207,207,-3,-3,-65,-65,-164,-164,-164,-46,-46,-46,-46,-79,-79,-79,-119,-119,-67,-67,-151,-151,-151,-116,-116,-116,-61,-61,-61,-61,-58,-58,-58,-83,-83,-83,-52,-52,-52,-52,-52,-52,-56,-56,-56,-56,-111,-111,-111,-107,-107,-121,-121,-116,-116,-116,-56,-56,-56,-56,-20,-20,-20,-20,-44,-44,-44,-86,-86,-92,-92,-28,-28,-28,-42,-42,-42,-42,21,21,21,21,-4,-4,-17,-100,-100,-20,-20,-20,-76,-76,-76,-147,-147,-147,-42,-42,-18,62,62,9,9,9,122,122,122,-71,-71,-71,-71,68,68,68,68,68,-111,-111,-111,0,0,0,-10,-10,-10,-10,-56,-56,-56,-69,-69,-69,-81,-81,-9,-9,-42,-42,-42,-63,-63,-63,-70,-70,-70,-53,-53,-99,-99,-77,-77,-83,-83,-88,-88,-51,-51,-80,-80,-39,-39,-70,-70,-70,-77,-77,-77,-76,-76,-76,-76,-83,-83,-83,-88,-88,-76,-76,-89,-89,-34,-34,-34,52,52,52,65,65,64,64,5,5,-128,-128,-128,-30,-30,-30,-30,175,175,175,169,185,59,59,-20,-20,-47,-47,34,34,52,52,17,17,-29,-29,-56,-56,-56,-4,-4,-4,-8,-8,-8,-67,-67,-67,-34,-34,-24,-83,-119,-119,-43,-28,-28,-25,-25,-16,-16,-16,-21,-21,-21,-53,-53,1,1,-6,-6,-93,-93
116,18.74200000000000088,-85,12,-48,-48,10,10,18,18,30,30,8,8,8,-10,-10,42,42,89,89,25,25,25,-65,-65,-65,-53,-53,-32,-32,7,7,1,1,1,-37,-37,-37,10,10,10,-45,-45,-40,-40,13,13,13,-4,-4,-4,-46,-46,-46,-46,-32,-32,-32,-32,-27,-27,-19,-19,-12,-12,-12,-71,-71,-71,-71,2,2,2,2,54,54,63,63,47,47,26,26,26,68,68,68,-35,-35,-35,-35,13,13,22,22,32,32,32,5,5,5,-37,-37,-37,-37,-63,-63,26,26,64,64,25,25,25,8,8,8,-22,-22,-22,-29,-29,11,11,77,77,77,-28,-28,-28,-28,-164,-164,-164,-164,-119,-119,-119,-95,-95,-17,-17,131,131,131,-13,-13,-13,-13,-55,-55,-55,-37,-37,-26,-26,-23,-23,-23,-15,-15,-15,-101,-101,-101,-101,-145,-145,-145,-120,-120,-94,-94,-133,-133,-133,-96,-96,-96,-96,-140,-140,-140,-140,-140,-140,-140,-96,-96,16,16,16,-2,-2,-2,-2,-114,-114,-114,-114,-133,-133,-133,-133,-133,-127,-127,-65,-65,-116,-116,-116,-69,-69,-69,-69,11,11,11,11,-15,-15,7,7,-32,-32,-32,-138,-138,-138,-138,-57,-57,-57,-57,-86,-86,-58,-58,-21,-21,-40,-40,-40,-88,-88,-88,-88,-70,-70,-70,-88,-88,-46,-46,-51,-51,-51,-7,-7,-7,28,28,28,-6,-6,-6,-6,-45,-45,-45,-45,-13,-13,-67,-67,-93,-93,-93,-77,-77,-77,-35,-35,-35,-31,-31,-7,-7,33,33,33,-26,-26,-26,-158,-158,-158,-158,-114,-114,-114,-114,-98,-98,-52,-52,69,69,-127,-127,-127,40,40,40,-99,-99,-99,-99,166,166,166,-44,-44,-71,-71,-173,-173,-173,-92,-92,-92,-92,-103,-103,-103,-87,-87,-27,-27,-96,-96,-96,-51,-51,-51,-115,-115,-115,-115,-66,-66,-66,-60,-60,-60,-8,-8,-8,-80,-80,-80,-52,-52,-52,-52,-94,-94,-94,-114,-114,-135,-135,-112,-112,-112,-70,-70,-70,-70,9,9,9,9,-42,-42,-42,-49,-49,-92,-92,15,15,15,-50,-50,-50,-50,22,22,22,22,20,20,-33,-12,-12,15,15,15,-43,-43,-43,-132,-132,-132,26,26,90,157,157,94,94,94,214,214,214,-17,-17,-17,-17,19,19,19,19,19,-60,-60,-60,121,121,121,58,58,58,58,-54,-54,-54,-44,-44,-44,-16,-16,41,41,7,7,7,-70,-70,-70,-59,-59,-59,-63,-63,-57,-57,-73,-73,-44,-44,-78,-78,-45,-45,-46,-46,-8,-8,-33,-33,-33,-50,-50,-50,-50,-50,-50,-50,-121,-121,-121,-107,-107,-52,-52,12,12,17,17,17,69,69,69,132,132,143,143,91,91,-100,-100,-100,-18,-18,-18,-18,138,138,138,195,239,87,87,-8,-8,82,82,98,98,99,99,44,44,-9,-9,14,14,14,23,23,23,17,17,17,-25,-25,-25,16,16,-6,-50,-108,-108,-15,-3,-3,26,26,27,27,27,16,16,16,-6,-6,27,27,48,48,-6,-6
117,18.94200000000000372,-44,58,57,57,53,53,84,84,130,130,78,78,78,61,61,101,101,119,119,95,95,95,24,24,24,8,8,41,41,10,10,15,15,15,4,4,4,29,29,29,-23,-23,19,19,67,67,67,42,42,42,-35,-35,-35,-35,-79,-79,-79,-79,-49,-49,-16,-16,6,6,6,-39,-39,-39,-39,37,37,37,37,82,82,98,98,92,92,83,83,83,115,115,115,40,40,40,40,26,26,36,36,29,29,29,31,31,31,-2,-2,-2,-2,3,3,47,47,59,59,60,60,60,28,28,28,-34,-34,-34,3,3,53,53,122,122,122,-10,-10,-10,-10,-100,-100,-100,-100,-39,-39,-39,-14,-14,69,69,121,121,121,44,44,44,44,-45,-45,-45,-42,-42,-29,-29,-39,-39,-39,-23,-23,-23,-91,-91,-91,-91,-153,-153,-153,-102,-102,-91,-91,-88,-88,-88,-110,-110,-110,-110,-187,-187,-187,-187,-132,-132,-132,-67,-67,69,69,69,37,37,37,37,-93,-93,-93,-93,-120,-120,-120,-120,-120,-86,-86,-74,-74,-129,-129,-129,-70,-70,-70,-70,-7,-7,-7,-7,-37,-37,1,1,13,13,13,-125,-125,-125,-125,-66,-66,-66,-66,-37,-37,-5,-5,-12,-12,-13,-13,-13,-57,-57,-57,-57,-99,-99,-99,-53,-53,-44,-44,-28,-28,-28,-9,-9,-9,52,52,52,-19,-19,-19,-19,-37,-37,-37,-37,-24,-24,0,0,-127,-127,-127,-48,-48,-48,25,25,25,2,2,-2,-2,27,27,27,23,23,23,-116,-116,-116,-116,-109,-109,-109,-109,-128,-128,35,35,78,78,-91,-91,-91,17,17,17,-156,-156,-156,-156,122,122,122,-55,-55,-71,-71,-218,-218,-218,-85,-85,-85,-85,-76,-76,-76,-61,-61,19,19,-26,-26,-26,-29,-29,-29,-91,-91,-91,-91,-24,-24,-24,-17,-17,-17,-5,-5,-5,-73,-73,-73,-51,-51,-51,-51,-99,-99,-99,-118,-118,-109,-109,-110,-110,-110,-34,-34,-34,-34,17,17,17,17,10,10,10,-10,-10,-86,-86,42,42,42,-31,-31,-31,-31,25,25,25,25,40,40,-1,14,14,26,26,26,4,4,4,-101,-101,-101,47,47,145,169,169,99,99,99,113,113,113,28,28,28,28,-4,-4,-4,-4,-4,-63,-63,-63,191,191,191,67,67,67,67,-39,-39,-39,-16,-16,-16,-4,-4,55,55,7,7,7,-28,-28,-28,-40,-40,-40,-48,-48,-7,-7,-30,-30,-4,-4,5,5,1,1,-12,-12,40,40,26,26,26,-15,-15,-15,-50,-50,-50,-50,-97,-97,-97,-37,-37,19,19,73,73,72,72,72,80,80,80,145,145,176,176,77,77,-104,-104,-104,-42,-42,-42,-42,169,169,169,175,237,144,144,66,66,142,142,142,142,86,86,64,64,39,39,33,33,33,32,32,32,37,37,37,11,11,11,34,34,52,11,-66,-66,8,46,46,56,56,38,38,38,29,29,29,13,13,36,36,82,82,51,51
118,19.14200000000000301,-29,45,53,53,88,88,72,72,144,144,105,105,105,112,112,151,151,125,125,136,136,136,102,102,102,88,88,52,52,59,59,68,68,68,21,21,21,51,51,51,27,27,63,63,59,59,59,29,29,29,-51,-51,-51,-51,-52,-52,-52,-52,-25,-25,5,5,68,68,68,13,13,13,13,35,35,35,35,82,82,86,86,107,107,32,32,32,65,65,65,56,56,56,56,48,48,30,30,21,21,21,15,15,15,38,38,38,38,35,35,24,24,74,74,101,101,101,51,51,51,-19,-19,-19,52,52,76,76,112,112,112,56,56,56,56,-22,-22,-22,-22,-5,-5,-5,38,38,101,101,114,114,114,45,45,45,45,6,6,6,-5,-5,-14,-14,10,10,10,-5,-5,-5,-39,-39,-39,-39,-78,-78,-78,-24,-24,-36,-36,-18,-18,-18,-75,-75,-75,-75,-140,-140,-140,-140,-118,-118,-118,-54,-54,90,90,90,20,20,20,20,-75,-75,-75,-75,-87,-87,-87,-87,-87,-45,-45,-21,-21,-93,-93,-93,-42,-42,-42,-42,37,37,37,37,16,16,77,77,41,41,41,-61,-61,-61,-61,-13,-13,-13,-13,29,29,69,69,62,62,27,27,27,-13,-13,-13,-13,-58,-58,-58,-48,-48,-5,-5,6,6,6,64,64,64,99,99,99,-4,-4,-4,-4,11,11,11,11,12,12,-2,-2,-51,-51,-51,-30,-30,-30,69,69,69,21,21,11,11,8,8,8,0,0,0,-30,-30,-30,-30,-91,-91,-91,-91,-42,-42,79,79,87,87,-42,-42,-42,24,24,24,-232,-232,-232,-232,86,86,86,-66,-66,-96,-96,-189,-189,-189,-44,-44,-44,-44,-40,-40,-40,6,6,76,76,61,61,61,28,28,28,-40,-40,-40,-40,36,36,36,-33,-33,-33,15,15,15,0,0,0,-6,-6,-6,-6,-67,-67,-67,-83,-83,-36,-36,-60,-60,-60,30,30,30,30,45,45,45,45,74,74,74,24,24,-16,-16,62,62,62,18,18,18,18,23,23,23,23,60,60,63,1,1,112,112,112,51,51,51,-32,-32,-32,68,68,128,109,109,133,133,133,12,12,12,5,5,5,5,-34,-34,-34,-34,-34,-28,-28,-28,173,173,173,105,105,105,105,-4,-4,-4,6,6,6,10,10,72,72,10,10,10,9,9,9,-17,-17,-17,-10,-10,38,38,37,37,75,75,46,46,50,50,50,50,53,53,63,63,63,38,38,38,-8,-8,-8,-8,-34,-34,-34,33,33,57,57,116,116,67,67,67,60,60,60,114,114,115,115,25,25,-106,-106,-106,-53,-53,-53,-53,141,141,141,121,216,191,191,112,112,143,143,141,141,70,70,80,80,73,73,75,75,75,45,45,45,64,64,64,68,68,68,103,103,107,57,-11,-11,57,98,98,91,91,56,56,56,98,98,98,64,64,39,39,84,84,102,102
119,19.3420000000000023,11,55,52,52,117,117,98,98,124,124,122,122,122,173,173,189,189,127,127,194,194,194,207,207,207,172,172,158,158,117,117,124,124,124,76,76,76,116,116,116,117,117,69,69,75,75,75,32,32,32,43,43,43,43,12,12,12,12,25,25,84,84,128,128,128,97,97,97,97,86,86,86,86,89,89,96,96,90,90,55,55,55,34,34,34,56,56,56,56,54,54,46,46,45,45,45,62,62,62,84,84,84,84,83,83,65,65,65,65,84,84,84,36,36,36,34,34,34,89,89,115,115,102,102,102,115,115,115,115,63,63,63,63,80,80,80,95,95,151,151,157,157,157,155,155,155,155,0,0,0,-7,-7,13,13,82,82,82,64,64,64,58,58,58,58,40,40,40,34,34,5,5,37,37,37,3,3,3,3,-45,-45,-45,-45,-34,-34,-34,17,17,95,95,95,66,66,66,66,37,37,37,37,23,23,23,23,23,39,39,21,21,-17,-17,-17,53,53,53,53,93,93,93,93,59,59,61,61,69,69,69,14,14,14,14,70,70,70,70,132,132,135,135,118,118,111,111,111,95,95,95,95,58,58,58,60,60,89,89,120,120,120,110,110,110,153,153,153,53,53,53,53,65,65,65,65,85,85,24,24,62,62,62,96,96,96,69,69,69,80,80,79,79,6,6,6,34,34,34,65,65,65,65,48,48,48,48,42,42,154,154,95,95,22,22,22,54,54,54,-224,-224,-224,-224,84,84,84,-8,-8,-56,-56,-117,-117,-117,52,52,52,52,58,58,58,81,81,139,139,101,101,101,98,98,98,17,17,17,17,89,89,89,38,38,38,70,70,70,44,44,44,53,53,53,53,46,46,46,15,15,58,58,48,48,48,56,56,56,56,110,110,110,110,132,132,132,100,100,44,44,67,67,67,55,55,55,55,100,100,100,100,108,108,88,78,78,132,132,132,127,127,127,52,52,52,94,94,108,97,97,115,115,115,6,6,6,69,69,69,69,20,20,20,20,20,18,18,18,139,139,139,161,161,161,161,48,48,48,53,53,53,80,80,56,56,58,58,58,69,69,69,48,48,48,59,59,103,103,119,119,129,129,127,127,97,97,127,127,144,144,126,126,126,68,68,68,45,45,45,45,37,37,37,100,100,106,106,145,145,123,123,123,95,95,95,135,135,52,52,6,6,-93,-93,-93,-22,-22,-22,-22,104,104,104,127,230,205,205,150,150,182,182,154,154,94,94,110,110,126,126,106,106,106,85,85,85,135,135,135,117,117,117,151,151,176,132,92,92,116,116,116,118,118,80,80,80,137,137,137,121,121,47,47,108,108,132,132
120,19.54200000000000159,75,57,109,109,118,118,146,146,107,107,178,178,178,204,204,209,209,128,128,261,261,261,258,258,258,264,264,232,232,188,188,188,188,188,161,161,161,160,160,160,130,130,151,151,62,62,62,36,36,36,95,95,95,95,97,97,97,97,99,99,146,146,174,174,174,205,205,205,205,114,114,114,114,136,136,111,111,69,69,47,47,47,87,87,87,98,98,98,98,102,102,64,64,59,59,59,122,122,122,134,134,134,134,153,153,97,97,99,99,93,93,93,105,105,105,94,94,94,142,142,126,126,113,113,113,202,202,202,202,211,211,211,211,192,192,192,204,204,184,184,159,159,159,165,165,165,165,124,124,124,79,79,61,61,102,102,102,141,141,141,162,162,162,162,182,182,182,166,166,109,109,194,194,194,116,116,116,116,71,71,71,71,70,70,70,90,90,118,118,118,131,131,131,131,70,70,70,70,122,122,122,122,122,144,144,84,84,67,67,67,169,169,169,169,115,115,115,115,144,144,115,115,160,160,160,168,168,168,168,182,182,182,182,223,223,251,251,179,179,226,226,226,208,208,208,208,89,89,89,156,156,186,186,207,207,207,195,195,195,170,170,170,163,163,163,163,116,116,116,116,118,118,84,84,133,133,133,163,163,163,146,146,146,169,169,135,135,97,97,97,109,109,109,136,136,136,136,149,149,149,149,177,177,221,221,121,121,98,98,98,142,142,142,-170,-170,-170,-170,148,148,148,95,95,81,81,42,42,42,148,148,148,148,185,185,185,217,217,204,204,176,176,176,103,103,103,116,116,116,116,188,188,188,68,68,68,135,135,135,128,128,128,151,151,151,151,145,145,145,84,84,185,185,165,165,165,153,153,153,153,187,187,187,187,188,188,188,168,168,103,103,35,35,35,125,125,125,125,179,179,179,179,175,175,144,134,134,167,167,167,181,181,181,101,101,101,132,132,104,82,82,171,171,171,149,149,149,141,141,141,141,81,81,81,81,81,105,105,105,131,131,131,138,138,138,138,101,101,101,114,114,114,136,136,107,107,125,125,125,167,167,167,163,163,163,119,119,135,135,162,162,179,179,164,164,146,146,162,162,158,158,173,173,173,148,148,148,148,148,148,148,184,184,184,167,167,92,92,179,179,218,218,218,190,190,190,151,151,71,71,44,44,-28,-28,-28,30,30,30,30,119,119,119,142,228,237,237,220,220,186,186,168,168,152,152,158,158,189,189,172,172,172,144,144,144,196,196,196,251,251,251,227,227,229,238,196,196,183,174,174,165,165,129,129,129,198,198,198,181,181,138,138,143,143,157,157
121,19.74200000000000443,137,114,117,117,128,128,153,153,141,141,180,180,180,216,216,211,211,203,203,320,320,320,319,319,319,339,339,269,269,260,260,210,210,210,196,196,196,168,168,168,200,200,136,136,130,130,130,122,122,122,154,154,154,154,188,188,188,188,211,211,208,208,239,239,239,293,293,293,293,158,158,158,158,153,153,133,133,100,100,114,114,114,170,170,170,136,136,136,136,139,139,113,113,110,110,110,134,134,134,163,163,163,163,162,162,140,140,126,126,119,119,119,140,140,140,179,179,179,179,179,159,159,128,128,128,255,255,255,255,289,289,289,289,235,235,235,244,244,222,222,138,138,138,234,234,234,234,180,180,180,131,131,57,57,120,120,120,198,198,198,241,241,241,241,250,250,250,242,242,215,215,226,226,226,199,199,199,199,150,150,150,150,171,171,171,189,189,159,159,159,175,175,175,175,187,187,187,187,204,204,204,204,204,244,244,195,195,143,143,143,286,286,286,286,210,210,210,210,214,214,199,199,220,220,220,282,282,282,282,258,258,258,258,287,287,322,322,285,285,321,321,321,312,312,312,312,179,179,179,227,227,204,204,277,277,277,239,239,239,211,211,211,227,227,227,227,198,198,198,198,177,177,173,173,213,213,213,219,219,219,190,190,190,194,194,166,166,145,145,145,222,222,222,264,264,264,264,246,246,246,246,288,288,292,292,122,122,180,180,180,210,210,210,-159,-159,-159,-159,183,183,183,139,139,164,164,170,170,170,270,270,270,270,271,271,271,327,327,273,273,226,226,226,179,179,179,201,201,201,201,236,236,236,177,177,177,219,219,219,194,194,194,252,252,252,252,265,265,265,212,212,280,280,249,249,249,228,228,228,228,272,272,272,272,239,239,239,213,213,185,185,117,117,117,183,183,183,183,281,281,281,281,245,245,202,176,176,201,201,201,281,281,281,191,191,191,192,192,159,135,135,238,238,238,312,312,312,230,230,230,230,164,164,164,164,164,170,170,170,115,115,115,173,173,173,173,210,210,210,210,210,210,175,175,162,162,186,186,186,205,205,205,213,213,213,156,156,179,179,234,234,225,225,244,244,203,203,208,208,160,160,191,191,191,192,192,192,223,223,223,223,211,211,211,207,207,164,164,225,225,297,297,297,269,269,269,215,215,110,110,128,128,82,82,82,104,104,104,104,151,151,151,186,235,257,257,300,300,240,240,198,198,203,203,196,196,209,209,236,236,236,186,186,186,269,269,269,305,305,305,286,286,308,276,295,295,277,229,229,247,247,197,197,197,236,236,236,245,245,169,169,201,201,224,224
122,19.94200000000000372,174,154,153,153,156,156,113,113,120,120,211,211,211,196,196,227,227,228,228,270,270,270,327,327,327,347,347,313,313,267,267,210,210,210,220,220,220,177,177,177,175,175,157,157,116,116,116,171,171,171,209,209,209,209,217,217,217,217,256,256,254,254,248,248,248,276,276,276,276,161,161,161,161,135,135,142,142,94,94,158,158,158,164,164,164,163,163,163,163,156,156,87,87,84,84,84,123,123,123,162,162,162,162,129,129,147,147,125,125,136,136,136,150,150,150,122,122,122,215,215,207,207,157,157,157,249,249,249,249,324,324,324,324,302,302,302,251,251,192,192,126,126,126,259,259,259,259,220,220,220,157,157,97,97,137,137,137,219,219,219,285,285,285,285,311,311,311,261,261,253,253,233,233,233,274,274,274,274,258,258,258,258,251,251,251,250,250,189,189,189,215,215,215,215,264,264,264,264,306,306,306,306,306,310,310,235,235,239,239,239,371,371,371,371,276,276,276,276,266,266,249,249,256,256,256,320,320,320,320,254,254,254,254,320,320,340,340,283,283,343,343,343,343,343,343,343,261,261,261,341,341,326,326,260,260,260,274,274,274,214,214,214,279,279,279,279,273,273,273,273,266,266,208,208,239,239,239,273,273,273,233,233,233,261,261,215,215,188,188,188,273,273,273,304,304,304,304,309,309,309,309,377,377,322,322,169,169,253,253,253,228,228,228,-145,-145,-145,-145,234,234,234,206,206,229,229,248,248,248,320,320,320,320,321,321,321,364,364,316,316,246,246,246,217,217,217,271,271,271,271,282,282,282,241,241,241,260,260,260,281,281,281,303,303,303,303,298,298,298,256,256,302,302,284,284,284,272,272,272,272,290,290,290,290,273,273,273,257,257,257,257,164,164,164,254,254,254,254,312,312,312,312,295,295,252,231,231,225,225,225,294,294,294,243,243,243,244,244,177,138,138,194,194,194,368,368,368,263,263,263,263,178,178,178,178,178,197,197,197,122,122,122,220,220,220,220,235,235,235,237,237,237,233,233,202,202,241,241,241,265,265,265,256,256,256,206,206,199,199,259,259,231,231,242,242,239,239,233,233,192,192,229,229,229,243,243,243,298,298,298,298,281,281,281,254,254,207,207,233,233,342,342,342,317,317,317,259,259,162,162,221,221,112,112,112,100,100,100,100,162,162,162,232,305,279,279,285,285,243,243,228,228,240,240,258,258,232,232,265,265,265,254,254,254,288,288,288,350,350,350,310,310,328,337,344,344,312,276,276,294,294,221,221,221,266,266,266,235,235,188,188,181,181,260,260
123,20.14200000000000301,212,136,172,172,117,117,153,153,134,134,140,140,140,148,148,121,121,199,199,228,228,228,272,272,272,301,301,277,277,196,196,148,148,148,179,179,179,164,164,164,137,137,109,109,77,77,77,138,138,138,190,190,190,190,273,273,273,273,277,277,201,201,224,224,224,259,259,259,259,119,119,119,119,110,110,113,113,134,134,111,111,111,124,124,124,157,157,157,157,152,152,87,87,50,50,50,73,73,73,123,123,123,123,133,133,116,116,94,94,144,144,144,136,136,136,138,138,138,201,201,213,213,140,140,140,219,219,219,219,278,278,278,278,261,261,261,256,256,145,145,79,79,79,207,207,207,207,215,215,215,155,155,116,116,112,112,112,146,146,146,254,254,254,254,293,293,293,274,274,209,209,184,184,184,289,289,289,289,318,318,318,318,329,329,329,242,242,138,138,138,191,191,191,191,353,353,353,353,344,344,344,344,344,316,316,319,319,303,303,303,401,401,401,401,344,344,344,344,313,313,216,216,261,261,261,353,353,353,353,282,282,282,282,315,315,309,309,252,252,306,306,306,319,319,319,319,280,280,280,330,330,236,236,257,257,257,218,218,218,180,180,180,273,273,273,273,280,280,280,280,249,249,255,255,263,263,263,295,295,295,234,234,234,273,273,213,213,205,205,205,244,244,244,281,281,281,281,289,289,289,289,365,365,273,273,146,146,241,241,241,217,217,217,-116,-116,-116,-116,258,258,258,181,181,175,175,240,240,240,348,348,348,348,328,328,328,314,314,307,307,237,237,237,219,219,219,247,247,247,247,273,273,273,252,252,252,254,254,254,259,259,259,291,291,291,291,294,294,294,264,264,254,254,269,269,269,263,263,263,263,286,286,286,286,307,307,307,278,278,251,251,209,209,209,288,288,288,288,342,342,342,342,324,324,241,270,270,227,227,227,275,275,275,247,247,247,251,251,167,107,107,62,62,62,217,217,217,235,235,235,235,152,152,152,152,152,208,208,208,177,177,177,233,233,233,233,259,259,259,237,237,237,260,260,201,201,255,255,255,224,224,224,255,255,255,214,214,206,206,243,243,242,242,203,203,194,194,233,233,181,181,226,226,226,222,222,222,248,248,248,248,309,309,309,241,241,212,212,238,238,313,313,313,280,280,280,245,245,204,204,211,211,111,111,111,85,85,85,85,154,154,154,243,326,281,281,293,293,215,215,194,194,213,213,226,226,208,208,274,274,274,236,236,236,264,264,264,309,309,309,293,293,299,318,353,353,301,296,296,289,289,221,221,221,252,252,252,204,204,149,149,172,172,267,267
124,20.3420000000000023,193,80,94,94,66,66,40,40,51,51,57,57,57,93,93,66,66,48,48,118,118,118,176,176,176,170,170,175,175,129,129,74,74,74,107,107,107,100,100,100,74,74,72,72,70,70,70,112,112,112,140,140,140,140,209,209,209,209,234,234,134,134,93,93,93,159,159,159,159,52,52,52,52,53,53,98,98,99,99,40,40,40,79,79,79,112,112,112,112,119,119,32,32,21,21,21,53,53,53,83,83,83,83,60,60,56,56,60,60,93,93,93,51,51,51,148,148,148,170,170,170,170,29,29,29,153,153,153,153,183,183,183,183,167,167,167,168,168,49,49,-9,-9,-9,126,126,126,126,164,164,164,149,149,79,79,48,48,48,42,42,42,174,174,174,174,242,242,242,210,210,108,108,80,80,80,255,255,255,255,310,310,310,310,271,271,271,176,176,103,103,103,89,89,89,89,357,357,357,357,362,362,362,362,362,304,304,283,283,287,287,287,386,386,386,386,337,337,337,337,272,272,152,152,185,185,185,287,287,287,287,248,248,248,248,260,260,189,189,105,105,210,210,210,221,221,221,221,283,283,283,270,270,174,174,163,163,163,173,173,173,139,139,139,277,277,277,277,262,262,262,262,272,272,194,194,239,239,239,275,275,275,223,223,223,218,218,203,203,168,168,168,209,209,209,250,250,250,250,288,288,288,288,280,280,196,196,80,80,183,183,183,164,164,164,-106,-106,-106,-106,248,248,248,133,133,123,123,177,177,177,290,290,290,290,290,290,290,301,301,229,229,205,205,205,194,194,194,251,251,251,251,241,241,241,224,224,224,180,180,180,193,193,193,268,268,268,268,235,235,235,205,205,162,162,173,173,173,232,232,232,232,296,296,296,296,280,280,280,269,269,249,249,174,174,174,278,278,278,278,325,325,325,325,283,283,190,208,208,192,192,192,199,199,199,241,241,241,220,220,131,56,56,-39,-39,-39,68,68,68,212,212,212,212,99,99,99,99,99,159,159,159,152,152,152,201,201,201,201,225,225,225,194,194,194,214,214,133,133,183,183,183,154,154,154,204,204,204,195,195,180,180,202,202,161,161,154,154,171,171,182,182,132,132,171,171,171,188,188,188,222,222,222,222,279,279,279,216,216,170,170,170,170,267,267,267,165,165,165,174,174,147,147,147,147,31,31,31,37,37,37,37,132,132,132,249,258,216,216,256,256,157,157,127,127,127,127,164,164,151,151,211,211,211,154,154,154,190,190,190,254,254,254,209,209,213,206,291,291,230,229,229,204,204,203,203,203,183,183,183,150,150,70,70,136,136,209,209
125,20.54200000000000159,129,40,36,36,17,17,-2,-2,34,34,-20,-20,-20,20,20,-19,-19,-22,-22,-13,-13,-13,37,37,37,56,56,54,54,39,39,6,6,6,31,31,31,8,8,8,12,12,19,19,37,37,37,29,29,29,96,96,96,96,158,158,158,158,146,146,50,50,-30,-30,-30,33,33,33,33,-16,-16,-16,-16,10,10,4,4,34,34,-16,-16,-16,48,48,48,71,71,71,71,20,20,-26,-26,-13,-13,-13,0,0,0,31,31,31,31,23,23,8,8,42,42,51,51,51,4,4,4,30,30,30,141,141,76,76,-51,-51,-51,86,86,86,86,106,106,106,106,81,81,81,82,82,-14,-14,-57,-57,-57,41,41,41,41,113,113,113,62,62,21,21,-17,-17,-17,-7,-7,-7,102,102,102,102,163,163,163,114,114,24,24,36,36,36,200,200,200,200,260,260,260,260,227,227,227,152,152,36,36,36,95,95,95,95,340,340,340,340,294,294,294,294,294,259,259,275,275,284,284,284,317,317,317,317,287,287,287,287,229,229,105,105,79,79,79,267,267,267,267,202,202,202,202,171,171,118,118,4,4,124,124,124,179,179,179,179,243,243,243,213,213,99,99,75,75,75,111,111,111,102,102,102,219,219,219,219,214,214,214,214,229,229,194,194,179,179,179,205,205,205,129,129,129,153,153,152,152,144,144,144,131,131,131,209,209,209,209,260,260,260,260,197,197,114,114,33,33,98,98,98,139,139,139,-49,-49,-49,-49,232,232,232,100,100,66,66,140,140,140,282,282,282,282,235,235,235,199,199,137,137,166,166,166,145,145,145,191,191,191,191,220,220,220,163,163,163,110,110,110,118,118,118,207,207,207,207,195,195,195,149,149,84,84,114,114,114,171,171,171,171,236,236,236,236,212,212,212,222,222,190,190,134,134,134,236,236,236,236,277,277,277,277,224,224,125,163,163,155,155,155,157,157,157,265,265,265,192,192,74,-25,-25,-107,-107,-107,-10,-10,-10,148,148,148,148,61,61,61,61,61,89,89,89,144,144,144,145,145,145,145,168,168,168,155,155,155,130,130,61,61,109,109,109,104,104,104,153,153,153,155,155,116,116,131,131,113,113,78,78,95,95,104,104,58,58,85,85,85,107,107,107,165,165,165,165,238,238,238,148,148,113,113,102,102,157,157,157,60,60,60,71,71,52,52,54,54,-34,-34,-34,26,26,26,26,102,102,102,206,249,170,170,190,190,100,100,63,63,99,99,102,102,130,130,127,127,127,116,116,116,127,127,127,200,200,200,137,137,103,128,186,186,138,137,137,120,120,156,156,156,157,157,157,96,96,44,44,77,77,133,133
126,20.74200000000000443,93,39,11,11,-33,-33,17,17,16,16,-28,-28,-28,-56,-56,-32,-32,-37,-37,-106,-106,-106,-55,-55,-55,-53,-53,-63,-63,-14,-14,-53,-53,-53,-24,-24,-24,-19,-19,-19,-10,-10,-11,-11,37,37,37,-5,-5,-5,51,51,51,51,90,90,90,90,64,64,22,22,-70,-70,-70,-25,-25,-25,-25,-16,-16,-16,-16,-124,-124,-18,-18,3,3,-9,-9,-9,-7,-7,-7,47,47,47,47,-27,-27,5,5,-12,-12,-12,-8,-8,-8,-15,-15,-15,-15,-7,-7,-31,-31,16,16,7,7,7,17,17,17,29,29,29,9,9,-3,-3,-86,-86,-86,-14,-14,-14,-14,10,10,10,10,29,29,29,1,1,-47,-47,-77,-77,-77,-17,-17,-17,-17,54,54,54,42,42,3,3,-26,-26,-26,-35,-35,-35,29,29,29,29,87,87,87,41,41,-9,-9,11,11,11,124,124,124,124,176,176,176,176,153,153,153,104,104,10,10,10,38,38,38,38,295,295,295,295,244,244,244,244,244,204,204,186,186,236,236,236,287,287,287,287,207,207,207,207,140,140,58,58,18,18,18,189,189,189,189,159,159,159,159,107,107,52,52,-26,-26,57,57,57,81,81,81,81,218,218,218,172,172,74,74,117,117,117,109,109,109,102,102,102,211,211,211,211,165,165,165,165,170,170,129,129,125,125,125,154,154,154,74,74,74,120,120,117,117,106,106,106,148,148,148,169,169,169,169,200,200,200,200,102,102,42,42,-31,-31,70,70,70,77,77,77,-59,-59,-59,-59,188,188,188,95,95,108,108,120,120,120,223,223,223,223,162,162,162,122,122,88,88,106,106,106,71,71,71,167,167,167,167,175,175,175,132,132,132,103,103,103,76,76,76,159,159,159,159,116,116,116,140,140,28,28,52,52,52,120,120,120,120,177,177,177,177,162,162,162,157,157,162,162,81,81,81,208,208,208,208,218,218,218,218,169,169,77,125,125,111,111,111,129,129,129,232,232,232,122,122,16,-79,-79,-57,-57,-57,21,21,21,128,128,128,128,-14,-14,-14,-14,-14,81,81,81,76,76,76,109,109,109,109,111,111,111,78,78,78,67,67,45,45,47,47,47,40,40,40,96,96,96,78,78,39,39,49,49,26,26,37,37,79,79,72,72,8,8,31,31,31,64,64,64,86,86,86,86,197,197,197,120,120,55,55,65,65,60,60,60,13,13,13,21,21,20,20,3,3,-42,-42,-42,28,28,28,28,109,109,109,185,189,99,99,117,117,50,50,32,32,48,48,87,87,103,103,57,57,57,67,67,67,83,83,83,150,150,150,44,44,40,44,98,98,74,67,67,42,42,106,106,106,84,84,84,73,73,29,29,35,35,127,127
127,20.94200000000000372,50,3,-16,-16,-42,-42,-22,-22,-6,-6,-58,-58,-58,-40,-40,-52,-52,-47,-47,-114,-114,-114,-110,-110,-110,-117,-117,-121,-121,-72,-72,-24,-24,-24,-32,-32,-32,-38,-38,-38,-41,-41,-37,-37,-29,-29,-29,-19,-19,-19,19,19,19,19,0,0,0,0,-3,-3,-21,-21,-118,-118,-118,-75,-75,-75,-75,-58,-58,-58,-58,-104,-104,-73,-73,-51,-51,-29,-29,-29,-19,-19,-19,-19,-19,-19,-19,-30,-30,26,26,11,11,11,21,21,21,-42,-42,-42,-42,-38,-38,-3,-3,-4,-4,-27,-27,-27,-16,-16,-16,39,39,39,-27,-27,-53,-53,-87,-87,-87,-47,-47,-47,-47,-33,-33,-33,-33,-15,-15,-15,-6,-6,-29,-29,-43,-43,-43,-83,-83,-83,-83,0,0,0,-31,-31,-21,-21,-58,-58,-58,-38,-38,-38,-22,-22,-22,-22,-5,-5,-5,-16,-16,-9,-9,9,9,9,57,57,57,57,82,82,82,82,61,61,61,44,44,25,25,25,67,67,67,67,209,209,209,209,200,200,200,200,200,122,122,164,164,150,150,150,217,217,217,217,158,158,158,158,100,100,48,48,-11,-11,-11,104,104,104,104,87,87,87,87,29,29,9,9,-10,-10,23,23,23,77,77,77,77,126,126,126,84,84,69,69,106,106,106,82,82,82,57,57,57,151,151,151,151,116,116,116,116,140,140,87,87,54,54,54,73,73,73,26,26,26,73,73,96,96,102,102,102,87,87,87,138,138,138,138,141,141,141,141,80,80,-34,-34,-11,-11,58,58,58,29,29,29,-38,-38,-38,-38,121,121,121,76,76,71,71,105,105,105,134,134,134,134,115,115,115,75,75,43,43,53,53,53,37,37,37,139,139,139,139,117,117,117,65,65,65,107,107,107,61,61,61,102,102,102,102,67,67,67,82,82,42,42,45,45,45,84,84,84,84,123,123,123,123,117,117,117,91,91,80,80,37,37,37,152,152,152,152,186,186,186,186,90,90,67,59,59,58,58,58,99,99,99,149,149,149,59,59,-29,-41,-41,20,20,20,66,66,66,62,62,62,62,-78,-78,-78,-78,-78,44,44,44,80,80,80,81,81,81,81,51,51,51,43,43,43,9,9,29,29,1,1,1,6,6,6,33,33,33,30,30,1,1,6,6,-27,-27,1,1,39,39,21,21,-48,-48,-9,-9,-9,-2,-2,-2,65,65,65,65,127,127,127,32,32,7,7,33,33,43,43,43,11,11,11,4,4,3,3,17,17,-12,-12,-12,66,66,66,66,116,116,116,166,150,68,68,58,58,-19,-19,5,5,32,32,52,52,37,37,13,13,13,15,15,15,38,38,38,87,87,87,26,26,-11,-19,46,46,20,40,40,2,2,70,70,70,41,41,41,34,34,17,17,21,21,71,71
128,21.14200000000000301,-30,-34,-45,-45,-67,-67,-29,-29,-71,-71,-46,-46,-46,-108,-108,-115,-115,-121,-121,-100,-100,-100,-168,-168,-168,-159,-159,-150,-150,-81,-81,-48,-48,-48,-39,-39,-39,-31,-31,-31,-54,-54,-30,-30,-82,-82,-82,-39,-39,-39,-72,-72,-72,-72,-37,-37,-37,-37,-89,-89,-79,-79,-79,-79,-79,-84,-84,-84,-84,-94,-94,-94,-94,-71,-71,-50,-50,-79,-79,-16,-16,-16,-59,-59,-59,-48,-48,-48,-48,-64,-64,24,24,5,5,5,20,20,20,-39,-39,-39,-39,-79,-79,-74,-74,-72,-72,-67,-67,-67,-81,-81,-81,-32,-32,-32,-101,-101,-92,-92,-71,-71,-71,-108,-108,-108,-108,-80,-80,-80,-80,-67,-67,-67,-59,-59,-35,-35,-44,-44,-44,-124,-124,-124,-124,-57,-57,-57,-61,-61,-40,-40,3,3,3,-15,-15,-15,-54,-54,-54,-54,-96,-96,-96,-64,-64,-40,-40,13,13,13,-13,-13,-13,-13,-51,-51,-51,-51,-61,-61,-61,4,4,67,67,67,-20,-20,-20,-20,93,93,93,93,108,108,108,108,108,53,53,91,91,107,107,107,65,65,65,65,98,98,98,98,47,47,25,25,3,3,3,26,26,26,26,51,51,51,51,-20,-20,14,14,12,12,-2,-2,-2,6,6,6,6,71,71,71,92,92,43,43,74,74,74,32,32,32,11,11,11,90,90,90,90,110,110,110,110,67,67,54,54,13,13,13,32,32,32,29,29,29,55,55,83,83,65,65,65,62,62,62,79,79,79,79,63,63,63,63,37,37,-39,-39,-14,-14,68,68,68,-3,-3,-3,-28,-28,-28,-28,53,53,53,62,62,67,67,69,69,69,56,56,56,56,30,30,30,4,4,-3,-3,30,30,30,14,14,14,97,97,97,97,67,67,67,17,17,17,52,52,52,41,41,41,65,65,65,65,42,42,42,28,28,40,40,16,16,16,31,31,31,31,88,88,88,88,50,50,50,16,16,13,13,0,0,0,105,105,105,105,96,96,96,96,61,61,53,-4,-4,19,19,19,27,27,27,9,9,9,0,0,-76,-38,-38,75,75,75,26,26,26,32,32,32,32,-115,-115,-115,-115,-115,22,22,22,-7,-7,-7,-29,-29,-29,-29,-14,-14,-14,13,13,13,-20,-20,0,0,-31,-31,-31,-18,-18,-18,10,10,10,-16,-16,-47,-47,-74,-74,-61,-61,-21,-21,16,16,-19,-19,-58,-58,-38,-38,-38,-25,-25,-25,4,4,4,4,52,52,52,3,3,0,0,1,1,-5,-5,-5,19,19,19,6,6,-17,-17,44,44,35,35,35,86,86,86,86,133,133,133,138,112,20,20,-48,-48,-57,-57,-47,-47,-10,-10,-9,-9,-25,-25,-18,-18,-18,4,4,4,-15,-15,-15,42,42,42,-41,-41,-38,-49,-25,-25,-36,-2,-2,-31,-31,-7,-7,-7,19,19,19,10,10,-3,-3,-10,-10,52,52
129,21.3420000000000023,-39,-73,-85,-85,-70,-70,-99,-99,-112,-112,-84,-84,-84,-143,-143,-186,-186,-224,-224,-183,-183,-183,-181,-181,-181,-203,-203,-183,-183,-138,-138,-70,-70,-70,-68,-68,-68,-70,-70,-70,-59,-59,-60,-60,-93,-93,-93,-99,-99,-99,-107,-107,-107,-107,-114,-114,-114,-114,-134,-134,-92,-92,-155,-155,-155,-124,-124,-124,-124,-96,-96,-96,-96,-97,-97,-94,-94,-101,-101,-57,-57,-57,-80,-80,-80,-106,-106,-106,-106,-91,-91,-5,-5,9,9,9,-73,-73,-73,-57,-57,-57,-57,-84,-84,-62,-62,-168,-168,-99,-99,-99,-87,-87,-87,-58,-58,-58,-102,-102,-151,-151,-87,-87,-87,-135,-135,-135,-135,-118,-118,-118,-118,-147,-147,-147,-114,-114,-63,-63,-101,-101,-101,-140,-140,-140,-140,-103,-103,-103,-79,-79,-111,-111,-40,-40,-40,-57,-57,-57,-90,-90,-90,-90,-149,-149,-149,-125,-125,-76,-76,-53,-53,-53,-139,-139,-139,-139,-124,-124,-124,-124,-120,-120,-120,-10,-10,8,8,8,-74,-74,-74,-74,-4,-4,-4,-4,-5,-5,-5,-5,-5,-38,-38,30,30,-26,-26,-26,9,9,9,9,63,63,63,63,1,1,-38,-38,-59,-59,-59,-67,-67,-67,-67,-16,-16,-16,-16,-54,-54,5,5,-27,-27,-34,-34,-34,-46,-46,-46,-46,-10,-10,-10,4,4,13,13,22,22,22,14,14,14,-39,-39,-39,25,25,25,25,5,5,5,5,9,9,-9,-9,-61,-61,-61,-18,-18,-18,-22,-22,-22,38,38,31,31,11,11,11,-4,-4,-4,21,21,21,21,14,14,14,14,5,5,-105,-105,-58,-58,22,22,22,-50,-50,-50,-47,-47,-47,-47,-24,-24,-24,18,18,24,24,39,39,39,-41,-41,-41,-41,-50,-50,-50,-44,-44,-23,-23,7,7,7,-22,-22,-22,25,25,25,25,14,14,14,-29,-29,-29,20,20,20,-44,-44,-44,-9,-9,-9,-9,13,13,13,-31,-31,29,29,-33,-33,-33,-13,-13,-13,-13,11,11,11,11,-31,-31,-31,-50,-50,-66,-66,-37,-37,-37,11,11,11,11,45,45,45,45,15,15,-45,-45,-45,-12,-12,-12,-16,-16,-16,-62,-62,-62,-100,-100,-79,-42,-42,21,21,21,-78,-78,-78,-30,-30,-30,-30,-155,-155,-155,-155,-155,-30,-30,-30,-92,-92,-92,-101,-101,-101,-101,-89,-89,-89,-33,-33,-33,-64,-64,-66,-66,-54,-54,-54,-49,-49,-49,-34,-34,-34,-56,-56,-76,-76,-101,-101,-84,-84,-60,-60,-36,-36,-62,-62,-82,-82,-81,-81,-81,-70,-70,-70,-41,-41,-41,-41,-21,-21,-21,-35,-35,-50,-50,-35,-35,-40,-40,-40,2,2,2,-9,-9,-42,-42,50,50,33,33,33,96,96,96,96,146,146,146,109,74,-103,-103,-87,-87,-97,-97,-72,-72,-42,-42,-55,-55,-57,-57,-66,-66,-66,-27,-27,-27,-62,-62,-62,-15,-15,-15,-71,-71,-85,-80,-85,-85,-73,-76,-76,-72,-72,-80,-80,-80,-28,-28,-28,-4,-4,-9,-9,-29,-29,8,8
130,21.54200000000000159,-33,-66,-106,-106,-111,-111,-101,-101,-136,-136,-132,-132,-132,-170,-170,-201,-201,-258,-258,-219,-219,-219,-189,-189,-189,-199,-199,-205,-205,-163,-163,-65,-65,-65,-96,-96,-96,-74,-74,-74,-71,-71,-80,-80,-97,-97,-97,-114,-114,-114,-126,-126,-126,-126,-115,-115,-115,-115,-147,-147,-153,-153,-166,-166,-166,-182,-182,-182,-182,-140,-140,-140,-140,-109,-109,-75,-75,-100,-100,-123,-123,-123,-108,-108,-108,-97,-97,-97,-97,-122,-122,-70,-70,-50,-50,-50,-59,-59,-59,-89,-89,-89,-89,-90,-90,-105,-105,-192,-192,-155,-155,-155,-122,-122,-122,-88,-88,-88,-120,-120,-205,-205,-119,-119,-119,-152,-152,-152,-152,-134,-134,-134,-134,-133,-133,-133,-130,-130,-146,-146,-167,-167,-167,-177,-177,-177,-177,-126,-126,-126,-102,-102,-95,-95,-89,-89,-89,-102,-102,-102,-140,-140,-140,-140,-211,-211,-211,-168,-168,-109,-109,-132,-132,-132,-146,-146,-146,-146,-155,-155,-155,-155,-141,-141,-141,-121,-121,-55,-55,-55,-142,-142,-142,-142,-149,-149,-149,-149,-68,-68,-68,-68,-68,-94,-94,-102,-102,-99,-99,-99,-48,-48,-48,-48,16,16,16,16,-59,-59,-106,-106,-121,-121,-121,-114,-114,-114,-114,-64,-64,-64,-64,-121,-121,-51,-51,-86,-86,-108,-108,-108,-93,-93,-93,-93,-71,-71,-71,-61,-61,-38,-38,-66,-66,-66,-71,-71,-71,-76,-76,-76,-1,-1,-1,-1,-83,-83,-83,-83,-55,-55,-77,-77,-134,-134,-134,-44,-44,-44,-26,-26,-26,-5,-5,-41,-41,-32,-32,-32,-32,-32,-32,-57,-57,-57,-57,-34,-34,-34,-34,-53,-53,-117,-117,-84,-84,-19,-19,-19,-71,-71,-71,-82,-82,-82,-82,-104,-104,-104,-31,-31,-31,-31,-63,-63,-63,-129,-129,-129,-129,-95,-95,-95,-78,-78,-48,-48,-66,-66,-66,-49,-49,-49,-43,-43,-43,-43,-16,-16,-16,-82,-82,-82,-26,-26,-26,-112,-112,-112,-60,-60,-60,-60,-73,-73,-73,-93,-93,-73,-73,-100,-100,-100,-77,-77,-77,-77,-24,-24,-24,-24,-53,-53,-53,-122,-122,-143,-143,-98,-98,-98,-53,-53,-53,-53,-1,-1,-1,-1,-11,-11,-97,-125,-125,-53,-53,-53,-93,-93,-93,-97,-97,-97,-151,-151,-112,-103,-103,-64,-64,-64,-166,-166,-166,-63,-63,-63,-63,-200,-200,-200,-200,-200,-75,-75,-75,-92,-92,-92,-126,-126,-126,-126,-107,-107,-107,-77,-77,-77,-97,-97,-118,-118,-93,-93,-93,-66,-66,-66,-78,-78,-78,-107,-107,-125,-125,-109,-109,-100,-100,-64,-64,-72,-72,-105,-105,-81,-81,-96,-96,-96,-93,-93,-93,-66,-66,-66,-66,-95,-95,-95,-72,-72,-97,-97,-87,-87,-79,-79,-79,-25,-25,-25,-27,-27,-58,-58,38,38,13,13,13,68,68,68,68,120,120,120,49,32,-114,-114,-174,-174,-144,-144,-120,-120,-106,-106,-96,-96,-79,-79,-99,-99,-99,-98,-98,-98,-89,-89,-89,-63,-63,-63,-119,-119,-154,-154,-132,-132,-149,-139,-139,-129,-129,-119,-119,-119,-42,-42,-42,-55,-55,-33,-33,-49,-49,-55,-55
131,21.74200000000000443,-83,-112,-97,-97,-95,-95,-93,-93,-131,-131,-116,-116,-116,-129,-129,-169,-169,-228,-228,-192,-192,-192,-165,-165,-165,-185,-185,-206,-206,-149,-149,-84,-84,-84,-93,-93,-93,-48,-48,-48,-34,-34,-41,-41,-56,-56,-56,-95,-95,-95,-132,-132,-132,-132,-144,-144,-144,-144,-151,-151,-148,-148,-144,-144,-144,-176,-176,-176,-176,-137,-137,-137,-137,-131,-131,-93,-93,-94,-94,-128,-128,-128,-125,-125,-125,-134,-134,-134,-134,-121,-121,-122,-122,-124,-124,-124,-56,-56,-56,-65,-65,-65,-65,-68,-68,-106,-106,-167,-167,-195,-195,-195,-130,-130,-130,-61,-61,-61,-134,-134,-197,-197,-136,-136,-136,-136,-136,-136,-136,-110,-110,-110,-110,-168,-168,-168,-172,-172,-151,-151,-238,-238,-238,-161,-161,-161,-161,-135,-135,-135,-93,-93,-126,-126,-153,-153,-153,-113,-113,-113,-164,-164,-164,-164,-169,-169,-169,-184,-184,-127,-127,-140,-140,-140,-163,-163,-163,-163,-141,-141,-141,-141,-144,-144,-144,-97,-97,-83,-83,-83,-156,-156,-156,-156,-184,-184,-184,-184,-101,-101,-101,-101,-101,-132,-132,-137,-137,-182,-182,-182,-95,-95,-95,-95,-15,-15,-15,-15,-129,-129,-147,-147,-150,-150,-150,-99,-99,-99,-99,-77,-77,-77,-77,-167,-167,-77,-77,-146,-146,-129,-129,-129,-107,-107,-107,-107,-131,-131,-131,-107,-107,-89,-89,-124,-124,-124,-83,-83,-83,-95,-95,-95,-63,-63,-63,-63,-114,-114,-114,-114,-94,-94,-116,-116,-154,-154,-154,-89,-89,-89,-18,-18,-18,-30,-30,-70,-70,-91,-91,-91,-96,-96,-96,-86,-86,-86,-86,-91,-91,-91,-91,-105,-105,-132,-132,-108,-108,-64,-64,-64,-71,-71,-71,-105,-105,-105,-105,-169,-169,-169,-59,-59,-100,-100,-117,-117,-117,-177,-177,-177,-177,-152,-152,-152,-111,-111,-78,-78,-82,-82,-82,-77,-77,-77,-96,-96,-96,-96,-64,-64,-64,-85,-85,-85,-96,-96,-96,-173,-173,-173,-131,-131,-131,-131,-144,-144,-144,-166,-166,-134,-134,-176,-176,-176,-85,-85,-85,-85,-22,-22,-22,-22,-87,-87,-87,-145,-145,-187,-187,-121,-121,-121,-94,-94,-94,-94,-48,-48,-48,-48,-80,-80,-148,-168,-168,-65,-65,-65,-159,-159,-159,-135,-135,-135,-175,-175,-130,-148,-148,-139,-139,-139,-162,-162,-162,-107,-107,-107,-107,-208,-208,-208,-208,-208,-116,-116,-116,-101,-101,-101,-116,-116,-116,-116,-105,-105,-105,-99,-99,-99,-148,-148,-145,-145,-127,-127,-127,-94,-94,-94,-136,-136,-136,-148,-148,-133,-133,-129,-129,-130,-130,-99,-99,-105,-105,-97,-97,-112,-112,-113,-113,-113,-98,-98,-98,-98,-98,-98,-98,-126,-126,-126,-120,-120,-103,-103,-100,-100,-92,-92,-92,-47,-47,-47,-30,-30,-55,-55,46,46,22,22,22,52,52,52,52,108,108,108,10,-14,-143,-143,-158,-158,-148,-148,-101,-101,-94,-94,-104,-104,-120,-120,-151,-151,-151,-109,-109,-109,-108,-108,-108,-122,-122,-122,-157,-157,-186,-195,-179,-179,-185,-171,-171,-139,-139,-140,-140,-140,-96,-96,-96,-113,-113,-53,-53,-77,-77,-86,-86
132,21.94200000000000372,-71,-53,-74,-74,-60,-60,-38,-38,-73,-73,-81,-81,-81,-117,-117,-111,-111,-93,-93,-133,-133,-133,-128,-128,-128,-129,-129,-122,-122,-78,-78,-85,-85,-85,-76,-76,-76,-38,-38,-38,-16,-16,-37,-37,-55,-55,-55,-44,-44,-44,-74,-74,-74,-74,-87,-87,-87,-87,-132,-132,-161,-161,-144,-144,-144,-127,-127,-127,-127,-103,-103,-103,-103,-59,-59,-99,-99,-79,-79,-86,-86,-86,-108,-108,-108,-118,-118,-118,-118,-111,-111,-91,-91,-78,-78,-78,-79,-79,-79,-78,-78,-78,-78,-68,-68,-93,-93,-94,-94,-127,-127,-127,-101,-101,-101,-89,-89,-89,-124,-124,-110,-110,-78,-78,-78,-77,-77,-77,-77,-84,-84,-84,-84,-118,-118,-118,-125,-125,-136,-136,-212,-212,-212,-153,-153,-153,-153,-137,-137,-137,-50,-50,-108,-108,-153,-153,-153,-100,-100,-100,-126,-126,-126,-126,-167,-167,-167,-125,-125,-107,-107,-125,-125,-125,-136,-136,-136,-136,-116,-116,-116,-116,-121,-121,-121,-75,-75,-114,-114,-114,-143,-143,-143,-143,-163,-163,-163,-163,-120,-120,-120,-120,-120,-109,-109,-150,-150,-153,-153,-153,-106,-106,-106,-106,-94,-94,-94,-94,-112,-112,-121,-121,-134,-134,-134,-145,-145,-145,-145,-106,-106,-106,-106,-140,-140,-98,-98,-148,-148,-99,-99,-99,-56,-56,-56,-56,-128,-128,-128,-134,-134,-85,-85,-76,-76,-76,-107,-107,-107,-115,-115,-115,-55,-55,-55,-55,-109,-109,-109,-109,-136,-136,-138,-138,-130,-130,-130,-63,-63,-63,27,27,27,-59,-59,-84,-84,-88,-88,-88,-125,-125,-125,-106,-106,-106,-106,-143,-143,-143,-143,-156,-156,-142,-142,-75,-75,-57,-57,-57,-62,-62,-62,-78,-78,-78,-78,-177,-177,-177,-122,-122,-93,-93,-114,-114,-114,-187,-187,-187,-187,-130,-130,-130,-117,-117,-93,-93,-83,-83,-83,-34,-34,-34,-125,-125,-125,-125,-59,-59,-59,-71,-71,-71,-132,-132,-132,-147,-147,-147,-160,-160,-160,-160,-149,-149,-149,-148,-148,-146,-146,-157,-157,-157,-66,-66,-66,-66,-54,-54,-54,-54,-92,-92,-92,-138,-138,-175,-175,-104,-104,-104,-117,-117,-117,-117,-74,-74,-74,-74,-115,-115,-142,-167,-167,-97,-97,-97,-157,-157,-157,-103,-103,-103,-165,-165,-127,-148,-148,-132,-132,-132,-114,-114,-114,-103,-103,-103,-103,-181,-181,-181,-181,-181,-122,-122,-122,-18,-18,-18,-92,-92,-92,-92,-79,-79,-79,-107,-107,-107,-164,-164,-155,-155,-123,-123,-123,-128,-128,-128,-163,-163,-163,-123,-123,-113,-113,-125,-125,-112,-112,-55,-55,-95,-95,-94,-94,-60,-60,-98,-98,-98,-76,-76,-76,-101,-101,-101,-101,-105,-105,-105,-123,-123,-96,-96,-67,-67,-94,-94,-94,-61,-61,-61,-31,-31,-15,-15,62,62,18,18,18,39,39,39,39,92,92,92,-10,-42,-157,-157,-117,-117,-92,-92,-74,-74,-118,-118,-108,-108,-101,-101,-138,-138,-138,-116,-116,-116,-122,-122,-122,-149,-149,-149,-172,-172,-181,-179,-196,-196,-182,-179,-179,-138,-138,-167,-167,-167,-167,-167,-167,-150,-150,-110,-110,-84,-84,-116,-116
133,22.14200000000000301,-72,-4,-9,-9,5,5,18,18,10,10,-47,-47,-47,-47,-47,-34,-34,17,17,-63,-63,-63,-36,-36,-36,21,21,-32,-32,-11,-11,-5,-5,-5,-19,-19,-19,6,6,6,-8,-8,1,1,20,20,20,32,32,32,-69,-69,-69,-69,-21,-21,-21,-21,-85,-85,-87,-87,-25,-25,-25,-91,-91,-91,-91,-41,-41,-41,-41,-46,-46,-35,-35,-37,-37,-36,-36,-36,-79,-79,-79,-97,-97,-97,-97,-71,-71,-65,-65,-84,-84,-84,-26,-26,-26,-24,-24,-24,-24,-44,-44,-9,-9,-8,-8,-40,-40,-40,-28,-28,-28,-45,-45,-45,-57,-57,-20,-20,19,19,19,-6,-6,-6,-6,-52,-52,-52,-52,-60,-60,-60,-72,-72,-74,-74,-145,-145,-145,-116,-116,-116,-116,-100,-100,-100,-37,-37,-32,-32,-49,-49,-49,-32,-32,-32,-86,-86,-86,-86,-92,-92,-92,-64,-64,-53,-53,-15,-15,-15,-58,-58,-58,-58,-58,-58,-58,-58,-60,-60,-60,-14,-14,-43,-43,-43,-63,-63,-63,-63,-125,-125,-125,-125,-50,-50,-50,-50,-50,-59,-59,-100,-100,-121,-121,-121,-79,-79,-79,-79,-74,-74,-74,-74,-94,-94,-38,-38,-45,-45,-45,-152,-152,-152,-152,-110,-110,-110,-110,-68,-68,-51,-51,-74,-74,-52,-52,-52,-52,-52,-52,-52,-92,-92,-92,-80,-80,-31,-31,-46,-46,-46,-47,-47,-47,-75,-75,-75,-25,-25,-25,-25,-104,-104,-104,-104,-92,-92,-110,-110,-61,-61,-61,-47,-47,-47,0,0,0,-54,-54,-80,-80,-49,-49,-49,-74,-74,-74,-102,-102,-102,-102,-120,-120,-120,-120,-149,-149,-88,-88,-21,-21,-43,-43,-43,-9,-9,-9,14,14,14,14,-170,-170,-170,-27,-27,-63,-63,-49,-49,-49,-163,-163,-163,-163,-128,-128,-128,-59,-59,-53,-53,-33,-33,-33,-37,-37,-37,-119,-119,-119,-119,-38,-38,-38,-41,-41,-41,-87,-87,-87,-99,-99,-99,-128,-128,-128,-128,-133,-133,-133,-71,-71,-82,-82,-86,-86,-86,-52,-52,-52,-52,-66,-66,-66,-66,-50,-50,-50,-70,-70,-121,-121,-61,-61,-61,-83,-83,-83,-83,-59,-59,-59,-59,-81,-81,-52,-111,-111,-17,-17,-17,-98,-98,-98,-86,-86,-86,-105,-105,-96,-87,-87,9,9,9,-7,-7,-7,-38,-38,-38,-38,-103,-103,-103,-103,-103,-51,-51,-51,34,34,34,-37,-37,-37,-37,-56,-56,-56,-73,-73,-73,-125,-125,-94,-94,-99,-99,-99,-93,-93,-93,-132,-132,-132,-92,-92,-24,-24,-45,-45,-54,-54,-57,-57,-63,-63,-60,-60,-28,-28,-42,-42,-42,-29,-29,-29,-52,-52,-52,-52,-78,-78,-78,-73,-73,-45,-45,-68,-68,-57,-57,-57,-44,-44,-44,-9,-9,38,38,97,97,58,58,58,35,35,35,35,94,94,94,-16,-43,-99,-99,-65,-65,-31,-31,-42,-42,-84,-84,-98,-98,-65,-65,-92,-92,-92,-77,-77,-77,-92,-92,-92,-143,-143,-143,-125,-125,-113,-123,-177,-177,-153,-125,-125,-104,-104,-141,-141,-141,-137,-137,-137,-120,-120,-103,-103,-91,-91,-92,-92
134,22.3420000000000023,-66,54,64,64,56,56,30,30,78,78,19,19,19,17,17,62,62,136,136,40,40,40,47,47,47,75,75,67,67,98,98,61,61,61,35,35,35,75,75,75,67,67,62,62,41,41,41,51,51,51,-34,-34,-34,-34,-31,-31,-31,-31,28,28,32,32,63,63,63,14,14,14,14,22,22,22,22,31,31,25,25,19,19,26,26,26,-20,-20,-20,-59,-59,-59,-59,18,18,5,5,-5,-5,-5,7,7,7,17,17,17,17,50,50,51,51,37,37,50,50,50,-10,-10,-10,5,5,5,23,23,66,66,109,109,109,51,51,51,51,-10,-10,-10,-10,26,26,26,20,20,-7,-7,-28,-28,-28,-26,-26,-26,-26,-12,-12,-12,80,80,35,35,58,58,58,46,46,46,-11,-11,-11,-11,27,27,27,10,10,60,60,41,41,41,35,35,35,35,-49,-49,-49,-49,7,7,7,42,42,68,68,68,63,63,63,63,-105,-105,-105,-105,-55,-55,-55,-55,-55,23,23,-43,-43,-14,-14,-14,-20,-20,-20,-20,-54,-54,-54,-54,6,6,41,41,42,42,42,-95,-95,-95,-95,-11,-11,-11,-11,-2,-2,35,35,48,48,72,72,72,13,13,13,13,-60,-60,-60,-47,-47,37,37,52,52,52,24,24,24,1,1,1,15,15,15,15,-28,-28,-28,-28,-26,-26,-21,-21,24,24,24,5,5,5,40,40,40,-19,-19,-19,-19,-13,-13,-13,-24,-24,-24,-36,-36,-36,-36,-108,-108,-108,-108,-126,-126,17,17,88,88,37,37,37,73,73,73,93,93,93,93,-128,-128,-128,51,51,-15,-15,1,1,1,-104,-104,-104,-104,-43,-43,-43,-26,-26,41,41,40,40,40,34,34,34,-82,-82,-82,-82,32,32,32,-9,-9,-9,-23,-23,-23,11,11,11,-71,-71,-71,-71,-56,-56,-56,5,5,14,14,22,22,22,6,6,6,6,-9,-9,-9,-9,11,11,11,6,6,-38,-38,5,5,5,-37,-37,-37,-37,-12,-12,-12,-12,-21,-21,-6,-37,-37,51,51,51,-30,-30,-30,-41,-41,-41,-20,-20,-7,-20,-20,105,105,105,96,96,96,11,11,11,11,-33,-33,-33,-33,-33,65,65,65,160,160,160,60,60,60,60,3,3,3,-32,-32,-32,-43,-43,6,6,-31,-31,-31,-40,-40,-40,-67,-67,-67,37,37,39,39,39,39,7,7,38,38,-1,-1,19,19,51,51,48,48,48,33,33,33,1,1,1,1,6,6,6,-2,-2,32,32,5,5,-1,-1,-1,29,29,29,81,81,115,115,139,139,112,112,112,66,66,66,66,93,93,93,9,11,-26,-26,16,16,44,44,15,15,-19,-19,-36,-36,-54,-54,-7,-7,-7,-27,-27,-27,-31,-31,-31,-121,-121,-121,-58,-58,1,-62,-101,-101,-80,-66,-66,-64,-64,-89,-89,-89,-90,-90,-90,-67,-67,-70,-70,-44,-44,-70,-70
135,22.54200000000000159,-9,63,57,57,64,64,89,89,104,104,42,42,42,90,90,85,85,178,178,122,122,122,112,112,112,139,139,116,116,137,137,125,125,125,93,93,93,103,103,103,101,101,60,60,101,101,101,123,123,123,66,66,66,66,66,66,66,66,99,99,130,130,189,189,189,119,119,119,119,115,115,115,115,120,120,6,6,72,72,70,70,70,42,42,42,19,19,19,19,39,39,77,77,92,92,92,47,47,47,69,69,69,69,100,100,121,121,133,133,108,108,108,38,38,38,71,71,71,79,79,146,146,153,153,153,107,107,107,107,119,119,119,119,84,84,84,103,103,99,99,91,91,91,60,60,60,60,49,49,49,83,83,128,128,137,137,137,105,105,105,103,103,103,103,90,90,90,105,105,143,143,168,168,168,136,136,136,136,18,18,18,18,67,67,67,104,104,163,163,163,128,128,128,128,14,14,14,14,60,60,60,60,60,95,95,80,80,78,78,78,80,80,80,80,43,43,43,43,118,118,188,188,114,114,114,-1,-1,-1,-1,22,22,22,22,56,56,122,122,181,181,143,143,143,71,71,71,71,12,12,12,48,48,115,115,132,132,132,111,111,111,79,79,79,101,101,101,101,60,60,60,60,42,42,62,62,111,111,111,82,82,82,51,51,51,5,5,47,47,102,102,102,54,54,54,-14,-14,-14,-14,3,3,3,3,-36,-36,122,122,185,185,125,125,125,169,169,169,220,220,220,220,-43,-43,-43,79,79,78,78,105,105,105,-62,-62,-62,-62,12,12,12,73,73,129,129,111,111,111,119,119,119,-2,-2,-2,-2,75,75,75,34,34,34,39,39,39,82,82,82,11,11,11,11,47,47,47,109,109,120,120,115,115,115,80,80,80,80,45,45,45,45,82,82,82,99,99,72,72,74,74,74,23,23,23,23,55,55,55,55,61,61,137,104,104,107,107,107,99,99,99,100,100,100,98,98,122,148,148,196,196,196,210,210,210,116,116,116,116,74,74,74,74,74,166,166,166,237,237,237,138,138,138,138,53,53,53,33,33,33,90,90,111,111,74,74,74,56,56,56,24,24,24,118,118,158,158,120,120,117,117,114,114,90,90,101,101,122,122,120,120,120,87,87,87,34,34,34,34,39,39,39,88,88,105,105,75,75,109,109,109,101,101,101,166,166,205,205,238,238,208,208,208,110,110,110,110,113,113,113,57,77,65,65,84,84,122,122,85,85,44,44,38,38,42,42,68,68,68,38,38,38,35,35,35,-71,-71,-71,48,48,72,50,-13,-13,32,21,21,39,39,-19,-19,-19,9,9,9,37,37,39,39,15,15,7,7
136,22.74200000000000443,-2,55,68,68,110,110,80,80,57,57,65,65,65,113,113,124,124,186,186,149,149,149,131,131,131,162,162,170,170,115,115,111,111,111,82,82,82,98,98,98,79,79,92,92,100,100,100,91,91,91,136,136,136,136,143,143,143,143,163,163,184,184,233,233,233,172,172,172,172,160,160,160,160,128,128,100,100,54,54,74,74,74,67,67,67,44,44,44,44,81,81,97,97,127,127,127,90,90,90,97,97,97,97,97,97,144,144,147,147,147,147,147,100,100,100,103,103,103,118,118,181,181,221,221,221,141,141,141,141,124,124,124,124,131,131,131,169,169,131,131,125,125,125,110,110,110,110,140,140,140,132,132,167,167,143,143,143,125,125,125,113,113,113,113,129,129,129,142,142,181,181,189,189,189,187,187,187,187,93,93,93,93,107,107,107,143,143,205,205,205,205,205,205,205,101,101,101,101,117,117,117,117,117,115,115,157,157,164,164,164,77,77,77,77,74,74,74,74,171,171,243,243,153,153,153,139,139,139,139,39,39,39,39,128,128,161,161,232,232,207,207,207,109,109,109,109,115,115,115,95,95,135,135,162,162,162,169,169,169,208,208,208,68,68,68,68,100,100,100,100,65,65,108,108,131,131,131,97,97,97,84,84,84,62,62,107,107,160,160,160,87,87,87,53,53,53,53,67,67,67,67,43,43,170,170,232,232,201,201,201,218,218,218,271,271,271,271,39,39,39,129,129,150,150,187,187,187,43,43,43,43,74,74,74,109,109,151,151,164,164,164,130,130,130,63,63,63,63,121,121,121,80,80,80,119,119,119,153,153,153,82,82,82,82,91,91,91,147,147,183,183,161,161,161,103,103,103,103,136,136,136,136,171,171,171,147,147,145,145,162,162,162,88,88,88,88,117,117,117,117,143,143,160,180,180,144,144,144,157,157,157,192,192,192,131,131,204,219,219,208,208,208,265,265,265,194,194,194,194,129,129,129,129,129,230,230,230,238,238,238,178,178,178,178,85,85,85,77,77,77,153,153,164,164,108,108,108,124,124,124,65,65,65,175,175,176,176,153,153,166,166,152,152,128,128,149,149,174,174,173,173,173,131,131,131,76,76,76,76,92,92,92,126,126,141,141,125,125,167,167,167,182,182,182,218,218,246,246,263,263,250,250,250,122,122,122,122,119,119,119,70,83,75,75,138,138,149,149,111,111,113,113,90,90,97,97,114,114,114,83,83,83,103,103,103,26,26,26,123,123,152,125,60,60,74,90,90,94,94,70,70,70,80,80,80,84,84,88,88,64,64,62,62
137,22.94200000000000372,8,10,32,32,43,43,26,26,27,27,34,34,34,80,80,72,72,109,109,127,127,127,97,97,97,136,136,85,85,82,82,72,72,72,45,45,45,36,36,36,31,31,27,27,59,59,59,114,114,114,149,149,149,149,151,151,151,151,159,159,164,164,159,159,159,105,105,105,105,79,79,79,79,102,102,43,43,41,41,24,24,24,57,57,57,46,46,46,46,42,42,38,38,69,69,69,87,87,87,67,67,67,67,92,92,82,82,111,111,138,138,138,86,86,86,68,68,68,101,101,130,130,171,171,171,122,122,122,122,133,133,133,133,136,136,136,103,103,113,113,143,143,143,109,109,109,109,73,73,73,110,110,107,107,116,116,116,89,89,89,90,90,90,90,116,116,116,118,118,131,131,128,128,128,149,149,149,149,120,120,120,120,92,92,92,115,115,169,169,169,177,177,177,177,112,112,112,112,93,93,93,93,93,145,145,133,133,139,139,139,110,110,110,110,120,120,120,120,184,184,172,172,132,132,132,146,146,146,146,86,86,86,86,105,105,152,152,156,156,173,173,173,121,121,121,121,107,107,107,109,109,100,100,136,136,136,173,173,173,183,183,183,136,136,136,136,88,88,88,88,68,68,74,74,132,132,132,100,100,100,77,77,77,101,101,79,79,139,139,139,89,89,89,97,97,97,97,58,58,58,58,70,70,168,168,192,192,186,186,186,257,257,257,295,295,295,295,96,96,96,133,133,127,127,185,185,185,72,72,72,72,77,77,77,111,111,139,139,142,142,142,123,123,123,117,117,117,117,123,123,123,73,73,73,127,127,127,142,142,142,127,127,127,127,104,104,104,149,149,146,146,164,164,164,144,144,144,144,155,155,155,155,181,181,181,153,153,133,133,114,114,114,106,106,106,106,165,165,165,165,151,151,171,176,176,153,153,153,173,173,173,240,240,240,127,127,168,145,145,126,126,126,167,167,167,200,200,200,200,160,160,160,160,160,195,195,195,179,179,179,180,180,180,180,92,92,92,77,77,77,116,116,115,115,93,93,93,87,87,87,91,91,91,127,127,146,146,134,134,154,154,148,148,146,146,144,144,157,157,137,137,137,124,124,124,68,68,68,68,83,83,83,115,115,120,120,111,111,156,156,156,184,184,184,205,205,210,210,215,215,253,253,253,106,106,106,106,64,64,64,34,43,53,53,96,96,135,135,119,119,123,123,98,98,108,108,115,115,115,100,100,100,107,107,107,52,52,52,116,116,154,132,86,86,98,83,83,97,97,64,64,64,89,89,89,90,90,57,57,55,55,81,81
138,23.14200000000000301,-14,-45,-48,-48,-14,-14,-19,-19,-2,-2,23,23,23,10,10,10,10,-9,-9,13,13,13,56,56,56,72,72,40,40,35,35,-20,-20,-20,-9,-9,-9,11,11,11,-30,-30,-11,-11,1,1,1,46,46,46,95,95,95,95,120,120,120,120,118,118,83,83,62,62,62,89,89,89,89,26,26,26,26,59,59,33,33,-8,-8,5,5,5,28,28,28,20,20,20,20,33,33,1,1,1,1,1,48,48,48,49,49,49,49,60,60,11,11,4,4,75,75,75,47,47,47,48,48,48,75,75,92,92,81,81,81,65,65,65,65,96,96,96,96,99,99,99,69,69,56,56,99,99,99,106,106,106,106,50,50,50,43,43,53,53,36,36,36,42,42,42,57,57,57,57,97,97,97,97,97,43,43,57,57,57,85,85,85,85,65,65,65,65,63,63,63,86,86,90,90,90,110,110,110,110,113,113,113,113,100,100,100,100,100,114,114,87,87,116,116,116,120,120,120,120,110,110,110,110,141,141,61,61,69,69,69,142,142,142,142,77,77,77,77,110,110,98,98,68,68,119,119,119,44,44,44,44,174,174,174,87,87,43,43,70,70,70,70,70,70,133,133,133,120,120,120,120,114,114,114,114,58,58,20,20,77,77,77,105,105,105,41,41,41,31,31,44,44,89,89,89,71,71,71,84,84,84,84,71,71,71,71,115,115,126,126,122,122,153,153,153,279,279,279,342,342,342,342,112,112,112,79,79,83,83,150,150,150,58,58,58,58,80,80,80,86,86,77,77,89,89,89,84,84,84,85,85,85,85,101,101,101,51,51,51,80,80,80,120,120,120,124,124,124,124,59,59,59,59,59,89,89,124,124,124,137,137,137,137,121,121,121,121,182,182,182,130,130,96,96,44,44,44,93,93,93,93,148,148,148,148,107,107,103,135,135,112,112,112,89,89,89,161,161,161,68,68,67,51,51,-32,-32,-32,41,41,41,167,167,167,167,152,152,152,152,152,153,153,153,52,52,52,125,125,125,125,74,74,74,75,75,75,67,67,57,57,68,68,68,86,86,86,87,87,87,76,76,62,62,66,66,105,105,95,95,86,86,87,87,95,95,93,93,93,52,52,52,36,36,36,36,71,71,71,57,57,33,33,43,43,127,127,127,173,173,173,136,136,120,120,84,84,184,184,184,59,59,59,59,-44,-44,-44,-41,-53,-8,-8,50,50,75,75,53,53,71,71,74,74,53,53,112,112,112,84,84,84,107,107,107,66,66,66,96,96,105,123,96,96,90,62,62,76,76,38,38,38,66,66,66,39,39,-9,-9,7,7,52,52
139,23.3420000000000023,-24,-50,-70,-70,-46,-46,-59,-59,-11,-11,-10,-10,-10,-23,-23,-22,-22,-91,-91,-9,-9,-9,-15,-15,-15,-6,-6,-9,-9,-60,-60,-53,-53,-53,-21,-21,-21,-59,-59,-59,-82,-82,-89,-89,-45,-45,-45,-4,-4,-4,84,84,84,84,70,70,70,70,53,53,46,46,-35,-35,-35,-8,-8,-8,-8,14,14,14,14,-12,-12,12,12,17,17,1,1,1,59,59,59,40,40,40,40,27,27,-45,-45,-20,-20,-20,21,21,21,31,31,31,31,14,14,-26,-26,-28,-28,23,23,23,42,42,42,23,23,23,44,44,18,18,-2,-2,-2,47,47,47,47,30,30,30,30,51,51,51,36,36,-2,-2,55,55,55,65,65,65,65,50,50,50,-1,-1,-19,-19,6,6,6,7,7,7,23,23,23,23,53,53,53,48,48,-1,-1,-3,-3,-3,36,36,36,36,46,46,46,46,19,19,19,10,10,-17,-17,-17,49,49,49,49,153,153,153,153,56,56,56,56,56,94,94,31,31,63,63,63,123,123,123,123,177,177,177,177,99,99,16,16,17,17,17,116,116,116,116,96,96,96,96,78,78,63,63,3,3,37,37,37,94,94,94,94,136,136,136,70,70,39,39,-18,-18,-18,84,84,84,91,91,91,106,106,106,106,103,103,103,103,114,114,9,9,55,55,55,31,31,31,13,13,13,56,56,53,53,53,53,53,41,41,41,71,71,71,71,73,73,73,73,141,141,83,83,64,64,78,78,78,230,230,230,301,301,301,301,117,117,117,43,43,26,26,121,121,121,95,95,95,95,90,90,90,57,57,30,30,39,39,39,44,44,44,98,98,98,98,97,97,97,52,52,52,54,54,54,75,75,75,134,134,134,134,51,51,51,29,29,40,40,50,50,50,119,119,119,119,159,159,159,159,125,125,125,106,106,66,66,-25,-25,-25,74,74,74,74,171,171,171,171,102,102,25,81,81,74,74,74,61,61,61,79,79,79,26,26,-27,-70,-70,-89,-89,-89,-28,-28,-28,156,156,156,156,162,162,162,162,162,120,120,120,-21,-21,-21,112,112,112,112,55,55,55,64,64,64,42,42,29,29,32,32,32,47,47,47,57,57,57,62,62,45,45,44,44,59,59,59,59,88,88,54,54,26,26,35,35,35,22,22,22,32,32,32,32,34,34,34,14,14,-2,-2,24,24,66,66,66,110,110,110,88,88,61,61,45,45,162,162,162,28,28,28,28,-102,-102,-102,-79,-111,-27,-27,8,8,22,22,30,30,53,53,38,38,37,37,74,74,74,73,73,73,87,87,87,82,82,82,93,93,102,104,89,89,80,79,79,66,66,49,49,49,52,52,52,35,35,-34,-34,-16,-16,53,53
140,23.54200000000000159,-17,-22,-26,-26,13,13,-32,-32,-26,-26,-8,-8,-8,-18,-18,-11,-11,-34,-34,16,16,16,0,0,0,14,14,-12,-12,-44,-44,-52,-52,-52,-17,-17,-17,-50,-50,-50,-53,-53,-19,-19,-43,-43,-43,-6,-6,-6,41,41,41,41,86,86,86,86,29,29,5,5,-38,-38,-38,-25,-25,-25,-25,11,11,11,11,55,55,74,74,49,49,15,15,15,55,55,55,39,39,39,39,28,28,4,4,-8,-8,-8,31,31,31,17,17,17,17,26,26,-8,-8,-7,-7,28,28,28,52,52,52,8,8,8,53,53,7,7,-38,-38,-38,7,7,7,7,-3,-3,-3,-3,14,14,14,-6,-6,7,7,72,72,72,27,27,27,27,57,57,57,16,16,10,10,12,12,12,2,2,2,3,3,3,3,11,11,11,49,49,28,28,-3,-3,-3,46,46,46,46,97,97,97,97,48,48,48,-4,-4,6,6,6,29,29,29,29,87,87,87,87,76,76,76,76,76,93,93,59,59,66,66,66,142,142,142,142,149,149,149,149,127,127,63,63,57,57,57,150,150,150,150,125,125,125,125,96,96,42,42,27,27,51,51,51,60,60,60,60,141,141,141,27,27,28,28,62,62,62,73,73,73,79,79,79,99,99,99,99,97,97,97,97,79,79,54,54,75,75,75,114,114,114,12,12,12,69,69,45,45,83,83,83,69,69,69,119,119,119,119,96,96,96,96,194,194,84,84,52,52,76,76,76,207,207,207,228,228,228,228,187,187,187,55,55,49,49,92,92,92,78,78,78,78,113,113,113,65,65,50,50,19,19,19,5,5,5,97,97,97,97,89,89,89,52,52,52,79,79,79,79,79,79,156,156,156,156,68,68,68,26,26,40,40,35,35,35,111,111,111,111,149,149,149,149,98,98,98,95,95,73,73,45,45,45,72,72,72,72,149,149,149,149,123,123,42,75,75,47,47,47,53,53,53,52,52,52,54,54,-27,-30,-30,-24,-24,-24,0,0,0,137,137,137,137,160,160,160,160,160,126,126,126,10,10,10,101,101,101,101,73,73,73,75,75,75,57,57,71,71,59,59,59,59,59,59,65,65,65,84,84,34,34,60,60,72,72,76,76,66,66,72,72,49,49,39,39,39,6,6,6,44,44,44,44,67,67,67,57,57,16,16,52,52,74,74,74,96,96,96,111,111,76,76,42,42,125,125,125,31,31,31,31,-101,-101,-101,-69,-94,-18,-18,23,23,34,34,64,64,79,79,58,58,75,75,118,118,118,67,67,67,108,108,108,99,99,99,93,93,93,104,115,115,116,88,88,89,89,76,76,76,70,70,70,59,59,46,46,28,28,55,55
141,23.74200000000000443,-16,41,27,27,36,36,45,45,67,67,83,83,83,62,62,21,21,58,58,58,58,58,28,28,28,0,0,6,6,15,15,7,7,7,32,32,32,14,14,14,8,8,19,19,35,35,35,27,27,27,65,65,65,65,36,36,36,36,64,64,51,51,1,1,1,-2,-2,-2,-2,61,61,61,61,90,90,64,64,53,53,109,109,109,86,86,86,69,69,69,69,32,32,77,77,53,53,53,77,77,77,61,61,61,61,44,44,16,16,53,53,47,47,47,78,78,78,64,64,64,53,53,90,90,14,14,14,13,13,13,13,1,1,1,1,52,52,52,33,33,52,52,95,95,95,48,48,48,48,92,92,92,41,41,37,37,59,59,59,52,52,52,31,31,31,31,45,45,45,26,26,64,64,37,37,37,51,51,51,51,53,53,53,53,55,55,55,68,68,80,80,80,20,20,20,20,116,116,116,116,105,105,105,105,105,133,133,102,102,102,102,102,150,150,150,150,185,185,185,185,103,103,129,129,79,79,79,153,153,153,153,148,148,148,148,122,122,113,113,117,117,106,106,106,91,91,91,91,154,154,154,59,59,123,123,95,95,95,96,96,96,167,167,167,137,137,137,137,154,154,154,154,121,121,115,115,106,106,106,116,116,116,61,61,61,149,149,75,75,109,109,109,158,158,158,134,134,134,134,112,112,112,112,217,217,113,113,71,71,93,93,93,211,211,211,242,242,242,242,207,207,207,71,71,97,97,103,103,103,145,145,145,145,128,128,128,116,116,95,95,25,25,25,67,67,67,147,147,147,147,97,97,97,87,87,87,126,126,126,83,83,83,142,142,142,142,124,124,124,84,84,98,98,80,80,80,171,171,171,171,169,169,169,169,138,138,138,95,95,111,111,120,120,120,113,113,113,113,154,154,154,154,166,166,95,78,78,90,90,90,67,67,67,7,7,7,98,98,94,161,161,134,134,134,163,163,163,156,156,156,156,133,133,133,133,133,180,180,180,55,55,55,114,114,114,114,70,70,70,89,89,89,100,100,133,133,115,115,115,116,116,116,104,104,104,94,94,84,84,94,94,79,79,95,95,87,87,63,63,90,90,80,80,80,69,69,69,88,88,88,88,89,89,89,109,109,118,118,143,143,93,93,93,105,105,105,150,150,150,150,101,101,142,142,142,89,89,89,89,-72,-72,-72,8,0,53,53,43,43,80,80,104,104,118,118,150,150,110,110,141,141,141,75,75,75,114,114,114,147,147,147,101,101,105,121,140,140,123,133,133,101,101,100,100,100,115,115,115,112,112,129,129,91,91,85,85
142,23.94200000000000372,62,107,112,112,108,108,113,113,103,103,90,90,90,76,76,74,74,77,77,71,71,71,53,53,53,25,25,68,68,44,44,71,71,71,72,72,72,43,43,43,58,58,72,72,82,82,82,34,34,34,57,57,57,57,35,35,35,35,18,18,30,30,38,38,38,22,22,22,22,77,77,77,77,55,55,99,99,95,95,117,117,117,102,102,102,83,83,83,83,108,108,99,99,77,77,77,45,45,45,69,69,69,69,61,61,90,90,75,75,110,110,110,69,69,69,95,95,95,66,66,79,79,60,60,60,42,42,42,42,14,14,14,14,59,59,59,43,43,107,107,147,147,147,65,65,65,65,79,79,79,96,96,69,69,77,77,77,63,63,63,88,88,88,88,24,24,24,49,49,53,53,39,39,39,68,68,68,68,50,50,50,50,49,49,49,53,53,78,78,78,104,104,104,104,155,155,155,155,108,108,108,108,108,124,124,115,115,116,116,116,186,186,186,186,134,134,134,134,147,147,152,152,95,95,95,163,163,163,163,124,124,124,124,124,124,145,145,152,152,119,119,119,109,109,109,109,120,120,120,94,94,123,123,139,139,139,151,151,151,178,178,178,142,142,142,142,151,151,151,151,162,162,130,130,89,89,89,136,136,136,88,88,88,181,181,96,96,167,167,167,159,159,159,140,140,140,140,152,152,152,152,222,222,138,138,100,100,108,108,108,256,256,256,191,191,191,191,217,217,217,90,90,87,87,73,73,73,152,152,152,152,150,150,150,133,133,133,133,91,91,91,76,76,76,133,133,133,133,103,103,103,70,70,70,123,123,123,105,105,105,150,150,150,150,163,163,163,78,78,106,106,100,100,100,205,205,205,205,196,196,196,196,130,130,130,105,105,113,113,153,153,153,122,122,122,122,153,153,153,153,168,168,99,95,95,108,108,108,92,92,92,66,66,66,111,111,180,247,247,210,210,210,171,171,171,90,90,90,90,136,136,136,136,136,152,152,152,90,90,90,89,89,89,89,74,74,74,104,104,104,105,105,150,150,119,119,119,60,60,60,90,90,90,113,113,88,88,118,118,118,118,97,97,96,96,93,93,91,91,118,118,118,101,101,101,101,101,101,101,125,125,125,169,169,175,175,162,162,114,114,114,117,117,117,156,156,177,177,126,126,165,165,165,105,105,105,105,-16,-16,-16,45,30,125,125,92,92,118,118,117,117,125,125,147,147,129,129,121,121,121,112,112,112,104,104,104,162,162,162,117,117,107,120,126,126,134,132,132,100,100,96,96,96,122,122,122,127,127,145,145,137,137,119,119
143,24.14200000000000301,26,78,73,73,79,79,71,71,98,98,64,64,64,59,59,92,92,119,119,62,62,62,37,37,37,30,30,28,28,49,49,77,77,77,79,79,79,72,72,72,68,68,92,92,83,83,83,20,20,20,10,10,10,10,-19,-19,-19,-19,12,12,34,34,-10,-10,-10,61,61,61,61,16,16,16,16,57,57,81,81,76,76,107,107,107,67,67,67,89,89,89,89,42,42,79,79,29,29,29,42,42,42,50,50,50,50,38,38,81,81,98,98,79,79,79,39,39,39,68,68,68,50,50,50,50,36,36,36,64,64,64,64,43,43,43,43,38,38,38,50,50,98,98,73,73,73,48,48,48,48,74,74,74,38,38,41,41,51,51,51,76,76,76,52,52,52,52,32,32,32,-14,-14,19,19,30,30,30,28,28,28,28,25,25,25,25,17,17,17,57,57,66,66,66,68,68,68,68,154,154,154,154,39,39,39,39,39,88,88,108,108,86,86,86,204,204,204,204,98,98,98,98,64,64,109,109,97,97,97,102,102,102,102,120,120,120,120,73,73,172,172,118,118,118,118,118,73,73,73,73,94,94,94,87,87,126,126,152,152,152,153,153,153,151,151,151,136,136,136,136,70,70,70,70,156,156,94,94,71,71,71,93,93,93,113,113,113,166,166,149,149,135,135,135,122,122,122,121,121,121,121,109,109,109,109,172,172,133,133,80,80,78,78,78,225,225,225,90,90,90,90,188,188,188,82,82,77,77,40,40,40,129,129,129,129,160,160,160,118,118,126,126,84,84,84,43,43,43,120,120,120,120,81,81,81,79,79,79,111,111,111,64,64,64,118,118,118,118,132,132,132,38,38,107,107,93,93,93,180,180,180,180,154,154,154,154,90,90,90,91,91,89,89,135,135,135,96,96,96,96,121,121,121,121,102,102,64,57,57,74,74,74,64,64,64,24,24,24,116,116,138,146,146,134,134,134,78,78,78,80,80,80,80,72,72,72,72,72,110,110,110,55,55,55,62,62,62,62,60,60,60,88,88,88,46,46,86,86,87,87,87,73,73,73,66,66,66,27,27,70,70,81,81,88,88,74,74,66,66,76,76,91,91,101,101,101,72,72,72,85,85,85,85,95,95,95,122,122,120,120,150,150,79,79,79,102,102,102,111,111,117,117,22,22,130,130,130,110,110,110,110,-8,-8,-8,35,12,78,78,59,59,70,70,69,69,85,85,115,115,88,88,87,87,87,79,79,79,97,97,97,129,129,129,69,69,55,74,77,77,69,82,82,55,55,75,75,75,102,102,102,91,91,73,73,106,106,102,102
144,24.3420000000000023,13,43,36,36,52,52,-7,-7,56,56,69,69,69,-1,-1,41,41,66,66,62,62,62,55,55,55,44,44,45,45,35,35,63,63,63,100,100,100,29,29,29,71,71,77,77,40,40,40,-32,-32,-32,-7,-7,-7,-7,-30,-30,-30,-30,9,9,-1,-1,45,45,45,50,50,50,50,-1,-1,-1,-1,28,28,24,24,38,38,50,50,50,21,21,21,60,60,60,60,3,3,7,7,14,14,14,16,16,16,14,14,14,14,2,2,-4,-4,13,13,3,3,3,38,38,38,34,34,34,-10,-10,-20,-20,-5,-5,-5,54,54,54,54,15,15,15,15,21,21,21,36,36,27,27,23,23,23,37,37,37,37,49,49,49,18,18,-19,-19,-27,-27,-27,37,37,37,36,36,36,36,17,17,17,29,29,18,18,-19,-19,-19,23,23,23,23,11,11,11,11,6,6,6,-6,-6,31,31,31,23,23,23,23,81,81,81,81,38,38,38,38,38,34,34,38,38,38,38,38,147,147,147,147,100,100,100,100,3,3,19,19,31,31,31,49,49,49,49,104,104,104,104,44,44,115,115,51,51,86,86,86,88,88,88,88,54,54,54,113,113,123,123,136,136,136,141,141,141,101,101,101,89,89,89,89,106,106,106,106,103,103,78,78,6,6,6,44,44,44,113,113,113,119,119,104,104,79,79,79,68,68,68,120,120,120,120,86,86,86,86,95,95,97,97,65,65,83,83,83,128,128,128,-2,-2,-2,-2,152,152,152,34,34,15,15,14,14,14,76,76,76,76,119,119,119,100,100,105,105,89,89,89,69,69,69,115,115,115,115,81,81,81,47,47,47,77,77,77,27,27,27,83,83,83,83,96,96,96,-1,-1,82,82,37,37,37,133,133,133,133,106,106,106,106,41,41,41,33,33,44,44,29,29,29,73,73,73,73,73,73,73,73,60,60,23,-13,-13,33,33,33,44,44,44,-15,-15,-15,76,76,61,29,29,20,20,20,-49,-49,-49,22,22,22,22,-2,-2,-2,-2,-2,28,28,28,4,4,4,-5,-5,-5,-5,23,23,23,57,57,57,9,9,0,0,29,29,29,42,42,42,34,34,34,11,11,5,5,25,25,37,37,21,21,38,38,39,39,16,16,69,69,69,31,31,31,73,73,73,73,32,32,32,47,47,42,42,49,49,54,54,54,47,47,47,42,42,-15,-15,-101,-101,60,60,60,86,86,86,86,-3,-3,-3,16,-4,38,38,30,30,7,7,9,9,13,13,25,25,35,35,21,21,21,76,76,76,65,65,65,101,101,101,31,31,17,34,46,46,10,25,25,14,14,47,47,47,66,66,66,30,30,-8,-8,34,34,57,57
145,24.54200000000000159,61,10,48,48,24,24,11,11,64,64,24,24,24,39,39,60,60,3,3,59,59,59,63,63,63,52,52,49,49,33,33,64,64,64,43,43,43,33,33,33,53,53,14,14,-24,-24,-24,-36,-36,-36,-14,-14,-14,-14,-19,-19,-19,-19,47,47,-26,-26,21,21,21,6,6,6,6,25,25,25,25,14,14,23,23,13,13,-12,-12,-12,18,18,18,7,7,7,7,-19,-19,-17,-17,-34,-34,-34,-22,-22,-22,21,21,21,21,-65,-65,-22,-22,-6,-6,-53,-53,-53,-21,-21,-21,30,30,30,8,8,3,3,-33,-33,-33,43,43,43,43,47,47,47,47,35,35,35,26,26,-7,-7,-4,-4,-4,25,25,25,25,54,54,54,34,34,-18,-18,-39,-39,-39,9,9,9,53,53,53,53,28,28,28,35,35,-30,-30,22,22,22,6,6,6,6,11,11,11,11,13,13,13,-24,-24,-61,-61,-61,-19,-19,-19,-19,115,115,115,115,51,51,51,51,51,11,11,40,40,4,4,4,100,100,100,100,114,114,114,114,1,1,25,25,7,7,7,39,39,39,39,90,90,90,90,36,36,102,102,4,4,81,81,81,76,76,76,76,25,25,25,104,104,91,91,108,108,108,85,85,85,48,48,48,55,55,55,55,65,65,65,65,81,81,84,84,-20,-20,-20,73,73,73,116,116,116,116,116,74,74,21,21,21,41,41,41,74,74,74,74,63,63,63,63,66,66,76,76,9,9,61,61,61,68,68,68,-74,-74,-74,-74,115,115,115,15,15,0,0,-6,-6,-6,60,60,60,60,106,106,106,77,77,85,85,59,59,59,50,50,50,96,96,96,96,56,56,56,42,42,42,57,57,57,14,14,14,81,81,81,81,71,71,71,-20,-20,19,19,26,26,26,79,79,79,79,98,98,98,98,38,38,38,23,23,23,23,-13,-13,-13,69,69,69,69,71,71,71,71,34,34,0,-17,-17,40,40,40,35,35,35,26,26,26,37,37,-32,-84,-84,-109,-109,-109,-30,-30,-30,43,43,43,43,-9,-9,-9,-9,-9,4,4,4,33,33,33,-4,-4,-4,-4,18,18,18,47,47,47,-14,-14,-11,-11,2,2,2,46,46,46,18,18,18,-1,-1,13,13,0,0,-25,-25,4,4,55,55,34,34,17,17,40,40,40,41,41,41,65,65,65,65,25,25,25,7,7,6,6,42,42,31,31,31,19,19,19,-5,-5,-110,-110,-137,-137,-7,-7,-7,82,82,82,82,27,27,27,41,22,16,16,-55,-55,-51,-51,-25,-25,6,6,7,7,15,15,0,0,0,46,46,46,83,83,83,90,90,90,51,51,18,10,37,37,5,-2,-2,8,8,21,21,21,48,48,48,35,35,-20,-20,14,14,42,42
146,24.74200000000000443,59,42,5,5,6,6,33,33,37,37,60,60,60,33,33,39,39,51,51,70,70,70,98,98,98,129,129,51,51,63,63,55,55,55,40,40,40,18,18,18,81,81,44,44,31,31,31,-10,-10,-10,11,11,11,11,-15,-15,-15,-15,28,28,57,57,84,84,84,74,74,74,74,60,60,60,60,23,23,14,14,23,23,-14,-14,-14,-5,-5,-5,-3,-3,-3,-3,9,9,1,1,11,11,11,-10,-10,-10,-6,-6,-6,-6,-5,-5,-9,-9,-28,-28,-24,-24,-24,-12,-12,-12,36,36,36,-18,-18,-35,-35,3,3,3,41,41,41,41,57,57,57,57,45,45,45,85,85,4,4,22,22,22,38,38,38,38,29,29,29,51,51,57,57,-10,-10,-10,-7,-7,-7,69,69,69,69,51,51,51,38,38,13,13,44,44,44,38,38,38,38,24,24,24,24,45,45,45,14,14,7,7,7,-1,-1,-1,-1,59,59,59,59,114,114,114,114,114,72,72,73,73,50,50,50,84,84,84,84,109,109,109,109,80,80,2,2,29,29,29,63,63,63,63,107,107,107,107,46,46,93,93,0,0,88,88,88,79,79,79,79,110,110,110,91,91,96,96,113,113,113,63,63,63,5,5,5,69,69,69,69,98,98,98,98,111,111,81,81,20,20,20,99,99,99,41,41,41,100,100,74,74,10,10,10,40,40,40,54,54,54,54,83,83,83,83,81,81,36,36,3,3,37,37,37,66,66,66,-86,-86,-86,-86,80,80,80,28,28,2,2,21,21,21,73,73,73,73,107,107,107,91,91,86,86,74,74,74,33,33,33,87,87,87,87,76,76,76,59,59,59,88,88,88,50,50,50,87,87,87,87,50,50,50,62,62,16,16,36,36,36,67,67,67,67,105,105,105,105,67,67,67,51,51,29,29,10,10,10,63,63,63,63,77,77,77,77,63,63,57,3,3,50,50,50,63,63,63,72,72,72,77,77,8,-80,-80,-63,-63,-63,40,40,40,65,65,65,65,23,23,23,23,23,61,61,61,73,73,73,17,17,17,17,23,23,23,81,81,81,22,22,20,20,40,40,40,60,60,60,43,43,43,1,1,-1,-1,17,17,0,0,35,35,51,51,46,46,32,32,51,51,51,45,45,45,90,90,90,90,51,51,51,54,54,22,22,14,14,61,61,61,32,32,32,-14,-14,-116,-116,-132,-132,-24,-24,-24,102,102,102,102,117,117,117,122,94,41,41,-59,-59,-28,-28,-11,-11,3,3,4,4,11,11,15,15,15,59,59,59,86,86,86,88,88,88,49,49,24,33,22,22,24,14,14,33,33,62,62,62,29,29,29,37,37,20,20,22,22,54,54
147,24.94200000000000372,47,72,39,39,32,32,39,39,58,58,65,65,65,21,21,90,90,38,38,110,110,110,107,107,107,106,106,86,86,95,95,59,59,59,31,31,31,67,67,67,45,45,-3,-3,62,62,62,39,39,39,-10,-10,-10,-10,60,60,60,60,68,68,69,69,143,143,143,121,121,121,121,101,101,101,101,31,31,78,78,48,48,7,7,7,48,48,48,23,23,23,23,39,39,27,27,31,31,31,-10,-10,-10,14,14,14,14,37,37,-2,-2,-17,-17,-17,-17,-17,11,11,11,47,47,47,85,85,-25,-25,51,51,51,86,86,86,86,77,77,77,77,40,40,40,70,70,64,64,89,89,89,54,54,54,54,40,40,40,73,73,111,111,61,61,61,29,29,29,88,88,88,88,48,48,48,67,67,63,63,95,95,95,87,87,87,87,55,55,55,55,99,99,99,79,79,90,90,90,78,78,78,78,53,53,53,53,131,131,131,131,131,134,134,130,130,115,115,115,159,159,159,159,144,144,144,144,137,137,29,29,77,77,77,107,107,107,107,120,120,120,120,93,93,90,90,72,72,139,139,139,99,99,99,99,45,45,45,114,114,93,93,87,87,87,64,64,64,7,7,7,114,114,114,114,93,93,93,93,157,157,106,106,59,59,59,100,100,100,134,134,134,96,96,118,118,26,26,26,45,45,45,65,65,65,65,116,116,116,116,116,116,62,62,29,29,74,74,74,61,61,61,-89,-89,-89,-89,80,80,80,73,73,30,30,54,54,54,86,86,86,86,109,109,109,114,114,66,66,94,94,94,63,63,63,104,104,104,104,88,88,88,85,85,85,121,121,121,65,65,65,83,83,83,83,62,62,62,92,92,84,84,54,54,54,54,54,54,54,124,124,124,124,105,105,105,74,74,77,77,34,34,34,92,92,92,92,112,112,112,112,117,117,87,59,59,88,88,88,129,129,129,161,161,161,112,112,58,3,3,51,51,51,131,131,131,107,107,107,107,90,90,90,90,90,83,83,83,100,100,100,66,66,66,66,93,93,93,86,86,86,67,67,49,49,71,71,71,69,69,69,65,65,65,49,49,70,70,54,54,2,2,49,49,64,64,53,53,38,38,80,80,80,69,69,69,103,103,103,103,90,90,90,61,61,55,55,59,59,111,111,111,47,47,47,28,28,-90,-90,-89,-89,-29,-29,-29,152,152,152,152,182,182,182,179,137,69,69,-1,-1,15,15,-3,-3,17,17,37,37,33,33,42,42,42,88,88,88,87,87,87,103,103,103,58,58,64,49,44,44,50,33,33,66,66,69,69,69,58,58,58,49,49,76,76,68,68,65,65
148,25.14200000000000301,69,106,45,45,36,36,42,42,30,30,71,71,71,79,79,77,77,63,63,95,95,95,111,111,111,133,133,81,81,91,91,62,62,62,22,22,22,60,60,60,56,56,26,26,39,39,39,81,81,81,36,36,36,36,58,58,58,58,108,108,128,128,184,184,184,102,102,102,102,97,97,97,97,69,69,46,46,37,37,20,20,20,41,41,41,30,30,30,30,40,40,49,49,47,47,47,40,40,40,30,30,30,30,53,53,48,48,12,12,8,8,8,28,28,28,70,70,70,83,83,25,25,59,59,59,27,27,27,27,70,70,70,70,25,25,25,80,80,97,97,104,104,104,61,61,61,61,71,71,71,73,73,131,131,88,88,88,23,23,23,86,86,86,86,96,96,96,52,52,80,80,104,104,104,129,129,129,129,67,67,67,67,98,98,98,97,97,91,91,91,88,88,88,88,86,86,86,86,162,162,162,162,162,111,111,144,144,130,130,130,156,156,156,156,134,134,134,134,171,171,127,127,110,110,110,113,113,113,113,69,69,69,69,97,97,120,120,109,109,117,117,117,81,81,81,81,80,80,80,76,76,82,82,89,89,89,42,42,42,57,57,57,106,106,106,106,115,115,115,115,94,94,98,98,81,81,81,106,106,106,177,177,177,109,109,116,116,36,36,36,75,75,75,69,69,69,69,101,101,101,101,73,73,61,61,49,49,81,81,81,76,76,76,-24,-24,-24,-24,103,103,103,109,109,82,82,43,43,43,90,90,90,90,75,75,75,125,125,90,90,93,93,93,60,60,60,62,62,62,62,97,97,97,106,106,106,129,129,129,93,93,93,105,105,105,105,59,59,59,109,109,79,79,74,74,74,68,68,68,68,146,146,146,146,128,128,128,77,77,54,54,64,64,64,106,106,106,106,171,171,171,171,161,161,136,105,105,113,113,113,162,162,162,145,145,145,87,87,58,72,72,167,167,167,183,183,183,96,96,96,96,87,87,87,87,87,104,104,104,142,142,142,66,66,66,66,83,83,83,69,69,69,82,82,70,70,62,62,62,52,52,52,60,60,60,53,53,81,81,30,30,29,29,42,42,89,89,90,90,60,60,78,78,78,98,98,98,114,114,114,114,118,118,118,86,86,72,72,70,70,128,128,128,85,85,85,40,40,-53,-53,-83,-83,-22,-22,-22,164,164,164,164,206,206,206,182,164,58,58,33,33,20,20,2,2,8,8,42,42,62,62,54,54,54,84,84,84,93,93,93,95,95,95,70,70,81,61,53,53,47,57,57,64,64,67,67,67,73,73,73,72,72,65,65,64,64,73,73
149,25.3420000000000023,62,23,53,53,9,9,8,8,25,25,40,40,40,76,76,70,70,-7,-7,56,56,56,78,78,78,100,100,47,47,73,73,46,46,46,12,12,12,16,16,16,22,22,17,17,67,67,67,55,55,55,-2,-2,-2,-2,79,79,79,79,98,98,92,92,140,140,140,49,49,49,49,38,38,38,38,42,42,31,31,20,20,-1,-1,-1,14,14,14,1,1,1,1,2,2,46,46,19,19,19,18,18,18,7,7,7,7,11,11,7,7,29,29,4,4,4,1,1,1,25,25,25,40,40,22,22,39,39,39,44,44,44,44,64,64,64,64,41,41,41,77,77,67,67,97,97,97,62,62,62,62,31,31,31,29,29,114,114,62,62,62,27,27,27,55,55,55,55,51,51,51,46,46,76,76,80,80,80,94,94,94,94,62,62,62,62,96,96,96,59,59,149,149,149,82,82,82,82,79,79,79,79,145,145,145,145,145,136,136,150,150,124,124,124,113,113,113,113,85,85,85,85,74,74,84,84,72,72,72,96,96,96,96,56,56,56,56,82,82,108,108,73,73,128,128,128,74,74,74,74,60,60,60,63,63,86,86,79,79,79,49,49,49,55,55,55,120,120,120,120,75,75,75,75,48,48,87,87,72,72,72,87,87,87,130,130,130,81,81,67,67,58,58,58,89,89,89,44,44,44,44,108,108,108,108,33,33,52,52,61,61,61,61,61,68,68,68,8,8,8,8,45,45,45,75,75,58,58,46,46,46,65,65,65,65,73,73,73,79,79,97,97,92,92,92,94,94,94,70,70,70,70,83,83,83,90,90,90,116,116,116,86,86,86,68,68,68,68,40,40,40,92,92,84,84,91,91,91,56,56,56,56,109,109,109,109,102,102,102,66,66,74,74,79,79,79,115,115,115,115,148,148,148,148,118,118,100,98,98,98,98,98,93,93,93,104,104,104,11,11,48,57,57,95,95,95,133,133,133,58,58,58,58,67,67,67,67,67,99,99,99,110,110,110,41,41,41,41,68,68,68,52,52,52,69,69,55,55,3,3,3,29,29,29,45,45,45,50,50,55,55,53,53,13,13,23,23,35,35,63,63,31,31,32,32,32,55,55,55,53,53,53,53,87,87,87,73,73,62,62,52,52,83,83,83,76,76,76,16,16,-60,-60,-66,-66,-29,-29,-29,111,111,111,111,217,217,217,164,154,67,67,40,40,10,10,11,11,9,9,14,14,45,45,31,31,31,58,58,58,65,65,65,69,69,69,59,59,66,77,41,41,9,38,38,51,51,57,57,57,60,60,60,37,37,23,23,15,15,39,39
150,25.54200000000000159,13,-4,28,28,6,6,-16,-16,-48,-48,19,19,19,52,52,2,2,-53,-53,-15,-15,-15,-8,-8,-8,11,11,-24,-24,-5,-5,-9,-9,-9,-12,-12,-12,-16,-16,-16,-20,-20,-20,-20,-4,-4,-4,23,23,23,2,2,2,2,47,47,47,47,47,47,38,38,27,27,27,-8,-8,-8,-8,19,19,19,19,-20,-20,-2,-2,-14,-14,-32,-32,-32,-41,-41,-41,-1,-1,-1,-1,-27,-27,-11,-11,-14,-14,-14,-28,-28,-28,-31,-31,-31,-31,-28,-28,-9,-9,-12,-12,3,3,3,-4,-4,-4,-57,-57,-57,-8,-8,6,6,-19,-19,-19,-34,-34,-34,-34,5,5,5,5,-7,-7,-7,12,12,17,17,56,56,56,13,13,13,13,19,19,19,-29,-29,-4,-4,-24,-24,-24,-19,-19,-19,-7,-7,-7,-7,2,2,2,-12,-12,5,5,7,7,7,87,87,87,87,25,25,25,25,60,60,60,41,41,72,72,72,27,27,27,27,24,24,24,24,144,144,144,144,144,115,115,60,60,118,118,118,63,63,63,63,75,75,75,75,77,77,47,47,19,19,19,-3,-3,-3,-3,1,1,1,1,45,45,90,90,15,15,18,18,18,43,43,43,43,41,41,41,24,24,-18,-18,9,9,9,15,15,15,51,51,51,112,112,112,112,32,32,32,32,-6,-6,-50,-50,32,32,32,53,53,53,39,39,39,43,43,38,38,48,48,48,47,47,47,14,14,14,14,65,65,65,65,-6,-6,-21,-21,21,21,37,37,37,25,25,25,-10,-10,-10,-10,-11,-11,-11,54,54,36,36,35,35,35,41,41,41,41,6,6,6,39,39,49,49,81,81,81,38,38,38,-1,-1,-1,-1,92,92,92,53,53,53,28,28,28,31,31,31,42,42,42,42,-9,-9,-9,34,34,30,30,47,47,47,2,2,2,2,65,65,65,65,83,83,83,40,40,25,25,57,57,57,80,80,80,80,100,100,100,100,55,55,52,46,46,72,72,72,41,41,41,4,4,4,-33,-33,8,-12,-12,-15,-15,-15,46,46,46,-25,-25,-25,-25,21,21,21,21,21,63,63,63,58,58,58,-4,-4,-4,-4,8,8,8,-13,-13,-13,15,15,9,9,-28,-28,-28,-26,-26,-26,2,2,2,8,8,2,2,-21,-21,-2,-2,-1,-1,-3,-3,2,2,-20,-20,-19,-19,-19,4,4,4,24,24,24,24,45,45,45,13,13,9,9,26,26,39,39,39,42,42,42,6,6,-51,-51,-82,-82,-19,-19,-19,53,53,53,53,150,150,150,104,144,-4,-4,12,12,-7,-7,-4,-4,-19,-19,-12,-12,0,0,-2,-2,-2,-1,-1,-1,38,38,38,-9,-9,-9,15,15,36,22,25,25,-1,29,29,23,23,-5,-5,-5,13,13,13,12,12,-18,-18,-10,-10,-3,-3
151,25.74200000000000443,-23,-67,-60,-60,-68,-68,-50,-50,-74,-74,-70,-70,-70,-45,-45,-88,-88,-137,-137,-55,-55,-55,-77,-77,-77,-39,-39,-51,-51,-41,-41,-45,-45,-45,-61,-61,-61,-57,-57,-57,-85,-85,-48,-48,-65,-65,-65,-24,-24,-24,-46,-46,-46,-46,-27,-27,-27,-27,6,6,-24,-24,-14,-14,-14,-63,-63,-63,-63,-38,-38,-38,-38,-81,-81,-74,-74,-67,-67,-68,-68,-68,-65,-65,-65,-47,-47,-47,-47,-54,-54,-43,-43,-52,-52,-52,-66,-66,-66,-58,-58,-58,-58,-48,-48,-44,-44,-58,-58,-33,-33,-33,-69,-69,-69,-86,-86,-86,-46,-46,-38,-38,-35,-35,-35,-60,-60,-60,-60,-34,-34,-34,-34,-34,-34,-34,-47,-47,-52,-52,-23,-23,-23,-22,-22,-22,-22,-26,-26,-26,-69,-69,-74,-74,-26,-26,-26,-51,-51,-51,-38,-38,-38,-38,-33,-33,-33,-55,-55,-76,-76,-49,-49,-49,-4,-4,-4,-4,-25,-25,-25,-25,-21,-21,-21,37,37,-57,-57,-57,-7,-7,-7,-7,-8,-8,-8,-8,83,83,83,83,83,-20,-20,15,15,40,40,40,29,29,29,29,35,35,35,35,45,45,-15,-15,-26,-26,-26,-46,-46,-46,-46,-69,-69,-69,-69,-9,-9,3,3,-53,-53,-37,-37,-37,-39,-39,-39,-39,15,15,15,-43,-43,-56,-56,-24,-24,-24,-20,-20,-20,24,24,24,56,56,56,56,-17,-17,-17,-17,-27,-27,-44,-44,2,2,2,-29,-29,-29,-20,-20,-20,-28,-28,-28,-28,40,40,40,-5,-5,-5,-4,-4,-4,-4,12,12,12,12,-62,-62,-77,-77,-23,-23,-5,-5,-5,-8,-8,-8,-46,-46,-46,-46,-33,-33,-33,-13,-13,-26,-26,-35,-35,-35,-14,-14,-14,-14,-44,-44,-44,-35,-35,15,15,8,8,8,-2,-2,-2,-29,-29,-29,-29,27,27,27,-28,-28,-28,-16,-16,-16,-26,-26,-26,-28,-28,-28,-28,-44,-44,-44,23,23,-26,-26,-16,-16,-16,-35,-35,-35,-35,-3,-3,-3,-3,53,53,53,13,13,9,9,15,15,15,21,21,21,21,52,52,52,52,-2,-2,-23,-33,-33,8,8,8,-14,-14,-14,-29,-29,-29,-83,-83,-88,-108,-108,-104,-104,-104,-38,-38,-38,-65,-65,-65,-65,-50,-50,-50,-50,-50,9,9,9,52,52,52,-5,-5,-5,-5,-30,-30,-30,-62,-62,-62,-52,-52,-49,-49,-64,-64,-64,-35,-35,-35,-15,-15,-15,17,17,-35,-35,-61,-61,-30,-30,-46,-46,-49,-49,-28,-28,-61,-61,-63,-63,-63,-31,-31,-31,-71,-71,-71,-71,22,22,22,-7,-7,-25,-25,-16,-16,9,9,9,33,33,33,4,4,-49,-49,-84,-84,-26,-26,-26,-10,-10,-10,-10,75,75,75,88,109,-7,-7,5,5,-29,-29,-22,-22,-25,-25,-42,-42,-36,-36,-43,-43,-43,-39,-39,-39,-13,-13,-13,-42,-42,-42,-5,-5,15,-30,-19,-19,-22,6,6,6,6,-11,-11,-11,-12,-12,-12,-25,-25,-48,-48,-13,-13,-37,-37
152,25.94200000000000372,-42,-47,-90,-90,-81,-81,-72,-72,-70,-70,-63,-63,-63,-80,-80,-106,-106,-88,-88,-65,-65,-65,-133,-133,-133,-70,-70,-102,-102,-80,-80,-50,-50,-50,-55,-55,-55,-57,-57,-57,-62,-62,-80,-80,-88,-88,-88,-101,-101,-101,-50,-50,-50,-50,-2,-2,-2,-2,-26,-26,-33,-33,-84,-84,-84,-120,-120,-120,-120,-87,-87,-87,-87,-73,-73,-29,-29,-82,-82,-82,-82,-82,-81,-81,-81,-47,-47,-47,-47,-55,-55,-58,-58,-69,-69,-69,-14,-14,-14,-66,-66,-66,-66,-75,-75,-64,-64,-64,-64,-48,-48,-48,-65,-65,-65,-80,-80,-80,-45,-45,-39,-39,-63,-63,-63,-87,-87,-87,-87,-49,-49,-49,-49,-50,-50,-50,-36,-36,-64,-64,-71,-71,-71,-62,-62,-62,-62,-57,-57,-57,-85,-85,-64,-64,-54,-54,-54,-59,-59,-59,-110,-110,-110,-110,-77,-77,-77,-96,-96,-110,-110,-63,-63,-63,-52,-52,-52,-52,-55,-55,-55,-55,-57,-57,-57,-27,-27,-75,-75,-75,-41,-41,-41,-41,-22,-22,-22,-22,-24,-24,-24,-24,-24,16,16,-17,-17,-14,-14,-14,13,13,13,13,14,14,14,14,12,12,-41,-41,-75,-75,-75,-56,-56,-56,-56,-54,-54,-54,-54,-67,-67,-42,-42,-86,-86,-82,-82,-82,-83,-83,-83,-83,-38,-38,-38,-48,-48,-60,-60,-46,-46,-46,-52,-52,-52,23,23,23,-3,-3,-3,-3,-47,-47,-47,-47,-90,-90,-88,-88,-20,-20,-20,-43,-43,-43,-42,-42,-42,-101,-101,-65,-65,42,42,42,-39,-39,-39,-27,-27,-27,-27,-65,-65,-65,-65,-94,-94,-64,-64,-39,-39,-12,-12,-12,-1,-1,-1,-55,-55,-55,-55,-36,-36,-36,-64,-64,-78,-78,-101,-101,-101,-35,-35,-35,-35,-75,-75,-75,-42,-42,-51,-51,-14,-14,-14,-21,-21,-21,-89,-89,-89,-89,19,19,19,-56,-56,-56,-61,-61,-61,-52,-52,-52,-36,-36,-36,-36,-61,-61,-61,-30,-30,-54,-54,-60,-60,-60,-56,-56,-56,-56,-53,-53,-53,-53,16,16,16,13,13,-42,-42,-27,-27,-27,-6,-6,-6,-6,11,11,11,11,-23,-23,-28,-21,-21,14,14,14,-30,-30,-30,-36,-36,-36,-80,-80,-90,-140,-140,-87,-87,-87,-97,-97,-97,-85,-85,-85,-85,-38,-38,-38,-38,-38,6,6,6,29,29,29,-21,-21,-21,-21,-63,-63,-63,-101,-101,-101,-53,-53,-42,-42,-53,-53,-53,-34,-34,-34,-22,-22,-22,9,9,-37,-37,-89,-89,-51,-51,-54,-54,-65,-65,-45,-45,-83,-83,-91,-91,-91,-32,-32,-32,-55,-55,-55,-55,-26,-26,-26,-10,-10,-40,-40,-28,-28,-29,-29,-29,5,5,5,-2,-2,-24,-24,-86,-86,-34,-34,-34,-51,-51,-51,-51,52,52,52,24,55,-47,-47,-28,-28,-41,-41,-35,-35,-47,-47,-53,-53,-25,-25,-43,-43,-43,-65,-65,-65,-25,-25,-25,-52,-52,-52,-4,-4,-16,-26,-18,-18,-23,-8,-8,-5,-5,-22,-22,-22,0,0,0,-26,-26,-54,-54,-48,-48,-57,-57
153,26.14200000000000301,-54,-34,-45,-45,-43,-43,-23,-23,-88,-88,-60,-60,-60,-58,-58,-90,-90,-32,-32,-65,-65,-65,-96,-96,-96,-61,-61,-44,-44,-65,-65,-67,-67,-67,-41,-41,-41,-83,-83,-83,-52,-52,-49,-49,-77,-77,-77,-5,-5,-5,-24,-24,-24,-24,-23,-23,-23,-23,-37,-37,-48,-48,-95,-95,-95,-92,-92,-92,-92,-51,-51,-51,-51,-63,-63,-102,-102,-68,-68,-26,-26,-26,-46,-46,-46,-21,-21,-21,-21,-40,-40,-29,-29,-26,-26,-26,-31,-31,-31,-37,-37,-37,-37,-1,-1,-15,-15,-59,-59,-51,-51,-51,-21,-21,-21,-85,-85,-85,-57,-57,-35,-35,-47,-47,-47,-70,-70,-70,-70,-78,-78,-78,-78,-32,-32,-32,-67,-67,-54,-54,-59,-59,-59,-41,-41,-41,-41,-47,-47,-47,-38,-38,-77,-77,-48,-48,-48,-37,-37,-37,-115,-115,-115,-115,-49,-49,-49,-74,-74,-69,-69,-91,-91,-91,-56,-56,-56,-56,-54,-54,-54,-54,-98,-98,-98,-66,-66,-41,-41,-41,-39,-39,-39,-39,-51,-51,-51,-51,16,16,16,16,16,-17,-17,-22,-22,-15,-15,-15,-9,-9,-9,-9,-16,-16,-16,-16,19,19,-47,-47,-51,-51,-51,-56,-56,-56,-56,-67,-67,-67,-67,-15,-15,-13,-13,-49,-49,-83,-83,-83,-45,-45,-45,-45,24,24,24,-42,-42,-68,-68,-79,-79,-79,-65,-65,-65,22,22,22,19,19,19,19,-46,-46,-46,-46,-93,-93,-83,-83,-52,-52,-52,-23,-23,-23,-80,-80,-80,-63,-63,-43,-43,-5,-5,-5,-1,-1,-1,-3,-3,-3,-3,-44,-44,-44,-44,-46,-46,-63,-63,-40,-40,-4,-4,-4,-4,-4,-4,-64,-64,-64,-64,-13,-13,-13,-33,-33,-62,-62,-81,-81,-81,-55,-55,-55,-55,-86,-86,-86,-35,-35,-29,-29,-32,-32,-32,-30,-30,-30,-69,-69,-69,-69,5,5,5,-51,-51,-51,-60,-60,-60,-69,-69,-69,-40,-40,-40,-40,-28,-28,-28,-23,-23,-29,-29,-43,-43,-43,-35,-35,-35,-35,-23,-23,-23,-23,8,8,8,-11,-11,-53,-53,-38,-38,-38,-10,-10,-10,-10,-15,-15,-15,-15,-35,-35,-41,-17,-17,18,18,18,-12,-12,-12,-31,-31,-31,-82,-82,-94,-29,-29,-31,-31,-31,-62,-62,-62,-72,-72,-72,-72,1,1,1,1,1,4,4,4,24,24,24,30,30,30,30,-32,-32,-32,-75,-75,-75,-44,-44,-35,-35,-42,-42,-42,-29,-29,-29,-13,-13,-13,12,12,-22,-22,-51,-51,-53,-53,-24,-24,-17,-17,-58,-58,-61,-61,-63,-63,-63,-31,-31,-31,-46,-46,-46,-46,-24,-24,-24,-32,-32,-15,-15,17,17,-24,-24,-24,-1,-1,-1,8,8,13,13,-40,-40,-14,-14,-14,-41,-41,-41,-41,43,43,43,9,35,-32,-32,-11,-11,-19,-19,-15,-15,-35,-35,-9,-9,-16,-16,-18,-18,-18,-40,-40,-40,-17,-17,-17,-40,-40,-40,7,7,4,-21,-27,-27,1,24,24,6,6,5,5,5,13,13,13,-4,-4,-14,-14,-25,-25,-9,-9
154,26.3420000000000023,-29,-21,-13,-13,-13,-13,-1,-1,24,24,-36,-36,-36,-54,-54,0,0,17,17,25,25,25,-28,-28,-28,-45,-45,-17,-17,-42,-42,-23,-23,-23,-25,-25,-25,-44,-44,-44,-37,-37,-32,-32,-16,-16,-16,-36,-36,-36,-8,-8,-8,-8,17,17,17,17,-23,-23,-68,-68,-101,-101,-101,-59,-59,-59,-59,-17,-17,-17,-17,-49,-49,-14,-14,-9,-9,8,8,8,36,36,36,5,5,5,5,8,8,-9,-9,14,14,14,13,13,13,-2,-2,-2,-2,-36,-36,-23,-23,-5,-5,-8,-8,-8,10,10,10,-36,-36,-36,-45,-45,-31,-31,9,9,9,-38,-38,-38,-38,-61,-61,-61,-61,-20,-20,-20,-30,-30,-34,-34,-51,-51,-51,-12,-12,-12,-12,-28,-28,-28,-51,-51,-71,-71,-24,-24,-24,13,13,13,-101,-101,-101,-101,-61,-61,-61,-80,-80,-69,-69,-38,-38,-38,-21,-21,-21,-21,-35,-35,-35,-35,-81,-81,-81,-46,-46,-9,-9,-9,-30,-30,-30,-30,-46,-46,-46,-46,-13,-13,-13,-13,-13,-14,-14,0,0,-3,-3,-3,0,0,0,0,14,14,14,14,18,18,-11,-11,-13,-13,-13,-18,-18,-18,-18,-36,-36,-36,-36,-19,-19,7,7,47,47,-14,-14,-14,-29,-29,-29,-29,8,8,8,-56,-56,-47,-47,-42,-42,-42,64,64,64,53,53,53,66,66,66,66,-40,-40,-40,-40,-48,-48,-55,-55,-24,-24,-24,-50,-50,-50,-37,-37,-37,-56,-56,-26,-26,21,21,21,21,21,21,20,20,20,20,-17,-17,-17,-17,-41,-41,-27,-27,14,14,26,26,26,47,47,47,-43,-43,-43,-43,38,38,38,-6,-6,-2,-2,-92,-92,-92,-36,-36,-36,-36,-79,-79,-79,-18,-18,1,1,23,23,23,-2,-2,-2,-5,-5,-5,-5,7,7,7,-34,-34,-34,-61,-61,-61,-26,-26,-26,-46,-46,-46,-46,-9,-9,-9,-34,-34,-24,-24,-14,-14,-14,9,9,9,9,-2,-2,-2,-2,19,19,19,-9,-9,-14,-14,8,8,8,16,16,16,16,-27,-27,-27,-27,-10,-10,-32,-20,-20,-14,-14,-14,-12,-12,-12,-37,-37,-37,-41,-41,-64,77,77,49,49,49,14,14,14,-10,-10,-10,-10,15,15,15,15,15,12,12,12,16,16,16,56,56,56,56,1,1,1,-46,-46,-46,-21,-21,-6,-6,-18,-18,-18,-31,-31,-31,-9,-9,-9,-2,-2,-7,-7,-15,-15,11,11,3,3,-10,-10,-36,-36,-10,-10,-33,-33,-33,0,0,0,-45,-45,-45,-45,-26,-26,-26,-1,-1,8,8,24,24,2,2,2,-13,-13,-13,45,45,77,77,36,36,6,6,6,-30,-30,-30,-30,10,10,10,-2,41,16,16,15,15,18,18,41,41,31,31,22,22,54,54,33,33,33,-4,-4,-4,1,1,1,-19,-19,-19,40,40,33,19,21,21,40,51,51,44,44,14,14,14,32,32,32,28,28,5,5,15,15,17,17
155,26.54200000000000159,-20,7,14,14,46,46,21,21,58,58,8,8,8,14,14,6,6,68,68,27,27,27,-11,-11,-11,-19,-19,-26,-26,-13,-13,-17,-17,-17,31,31,31,-36,-36,-36,2,2,53,53,27,27,27,-44,-44,-44,39,39,39,39,21,21,21,21,-38,-38,-35,-35,-44,-44,-44,-31,-31,-31,-31,-28,-28,-28,-28,-35,-35,-23,-23,1,1,42,42,42,21,21,21,38,38,38,38,32,32,-15,-15,9,9,9,20,20,20,24,24,24,24,-3,-3,22,22,-7,-7,32,32,32,11,11,11,-37,-37,-37,-9,-9,15,15,57,57,57,-14,-14,-14,-14,-24,-24,-24,-24,7,7,7,-22,-22,3,3,-23,-23,-23,0,0,0,0,-17,-17,-17,0,0,-53,-53,-10,-10,-10,30,30,30,-37,-37,-37,-37,-51,-51,-51,-26,-26,11,11,6,6,6,-20,-20,-20,-20,-10,-10,-10,-10,-53,-53,-53,6,6,26,26,26,-3,-3,-3,-3,20,20,20,20,-15,-15,-15,-15,-15,13,13,-6,-6,-21,-21,-21,20,20,20,20,-4,-4,-4,-4,10,10,51,51,29,29,29,10,10,10,10,-28,-28,-28,-28,26,26,14,14,33,33,-15,-15,-15,12,12,12,12,-2,-2,-2,-43,-43,-23,-23,4,4,4,75,75,75,86,86,86,45,45,45,45,17,17,17,17,-5,-5,-85,-85,5,5,5,-5,-5,-5,-6,-6,-6,-16,-16,-17,-17,12,12,12,54,54,54,20,20,20,20,-15,-15,-15,-15,-1,-1,8,8,-15,-15,37,37,37,32,32,32,-63,-63,-63,-63,61,61,61,18,18,23,23,-60,-60,-60,-36,-36,-36,-36,-21,-21,-21,-16,-16,7,7,17,17,17,42,42,42,39,39,39,39,14,14,14,6,6,6,-15,-15,-15,-43,-43,-43,-23,-23,-23,-23,9,9,9,-33,-33,25,25,15,15,15,45,45,45,45,24,24,24,24,26,26,26,13,13,32,32,25,25,25,7,7,7,7,10,10,10,10,0,0,6,-1,-1,23,23,23,-35,-35,-35,-46,-46,-46,-31,-31,23,87,87,54,54,54,51,51,51,14,14,14,14,13,13,13,13,13,29,29,29,65,65,65,97,97,97,97,10,10,10,7,7,7,2,2,26,26,5,5,5,24,24,24,-1,-1,-1,-13,-13,3,3,25,25,41,41,-4,-4,-6,-6,-18,-18,28,28,29,29,29,17,17,17,-27,-27,-27,-27,-5,-5,-5,4,4,29,29,37,37,49,49,49,33,33,33,81,81,133,133,115,115,27,27,27,-40,-40,-40,-40,-46,-46,-46,8,56,52,52,40,40,56,56,67,67,41,41,68,68,63,63,71,71,71,-2,-2,-2,-12,-12,-12,20,20,20,37,37,33,33,26,26,65,36,36,43,43,12,12,12,15,15,15,19,19,27,27,-2,-2,36,36
156,26.74200000000000443,-26,31,51,51,18,18,43,43,61,61,30,30,30,39,39,29,29,68,68,41,41,41,25,25,25,13,13,1,1,-15,-15,-2,-2,-2,54,54,54,8,8,8,38,38,13,13,46,46,46,41,41,41,39,39,39,39,-14,-14,-14,-14,-5,-5,-26,-26,-35,-35,-35,0,0,0,0,-34,-34,-34,-34,-45,-45,-31,-31,-10,-10,16,16,16,9,9,9,34,34,34,34,29,29,45,45,15,15,15,20,20,20,21,21,21,21,45,45,32,32,44,44,26,26,26,29,29,29,5,5,5,-1,-1,28,28,43,43,43,30,30,30,30,7,7,7,7,14,14,14,12,12,-12,-12,-26,-26,-26,21,21,21,21,10,10,10,48,48,-14,-14,-16,-16,-16,44,44,44,-6,-6,-6,-6,-12,-12,-12,-12,-12,20,20,15,15,15,-10,-10,-10,-10,-17,-17,-17,-17,-1,-1,-1,31,31,43,43,43,7,7,7,7,74,74,74,74,-22,-22,-22,-22,-22,17,17,5,5,-16,-16,-16,50,50,50,50,-7,-7,-7,-7,29,29,3,3,34,34,34,8,8,8,8,14,14,14,14,15,15,27,27,-8,-8,25,25,25,19,19,19,19,-8,-8,-8,46,46,13,13,52,52,52,55,55,55,45,45,45,7,7,7,7,46,46,46,46,20,20,-11,-11,-13,-13,-13,-18,-18,-18,-34,-34,-34,-27,-27,-14,-14,26,26,26,7,7,7,48,48,48,48,-27,-27,-27,-27,27,27,41,41,55,55,28,28,28,66,66,66,-58,-58,-58,-58,71,71,71,20,20,15,15,-56,-56,-56,-7,-7,-7,-7,26,26,26,19,19,25,25,30,30,30,49,49,49,54,54,54,54,35,35,35,-1,-1,-1,6,6,6,0,0,0,-6,-6,-6,-6,24,24,24,-18,-18,24,24,14,14,14,96,96,96,96,55,55,55,55,32,32,32,36,36,23,23,2,2,2,21,21,21,21,18,18,18,18,12,12,-35,13,13,11,11,11,-25,-25,-25,-64,-64,-64,-2,-2,14,23,23,13,13,13,-2,-2,-2,20,20,20,20,59,59,59,59,59,4,4,4,61,61,61,39,39,39,39,19,19,19,23,23,23,-10,-10,6,6,0,0,0,8,8,8,4,4,4,-12,-12,0,0,21,21,60,60,35,35,9,9,-12,-12,29,29,38,38,38,28,28,28,-12,-12,-12,-12,-23,-23,-23,7,7,12,12,39,39,58,58,58,32,32,32,67,67,122,122,69,69,-38,-38,-38,-58,-58,-58,-58,-65,-65,-65,-26,25,47,47,10,10,80,80,57,57,44,44,30,30,38,38,50,50,50,5,5,5,21,21,21,12,12,12,36,36,26,40,45,45,74,36,36,34,34,12,12,12,17,17,17,12,12,21,21,-5,-5,50,50
157,26.94200000000000372,2,39,41,41,35,35,37,37,50,50,44,44,44,46,46,56,56,63,63,23,23,23,74,74,74,49,49,7,7,15,15,67,67,67,61,61,61,23,23,23,70,70,64,64,61,61,61,8,8,8,42,42,42,42,26,26,26,26,16,16,52,52,-15,-15,-15,7,7,7,7,-24,-24,-24,-24,-15,-15,2,2,25,25,-12,-12,-12,10,10,10,27,27,27,27,6,6,-16,-16,0,0,0,16,16,16,62,62,62,62,35,35,18,18,7,7,21,21,21,17,17,17,8,8,8,37,37,20,20,5,5,5,58,58,58,58,31,31,31,31,35,35,35,25,25,3,3,-60,-60,-60,8,8,8,8,10,10,10,33,33,-32,-32,-6,-6,-6,14,14,14,23,23,23,23,18,18,18,25,25,20,20,26,26,26,-25,-25,-25,-25,-7,-7,-7,-7,-7,-7,-7,26,26,15,15,15,-16,-16,-16,-16,103,103,103,103,-5,-5,-5,-5,-5,24,24,-6,-6,-31,-31,-31,64,64,64,64,28,28,28,28,11,11,-19,-19,7,7,7,44,44,44,44,61,61,61,61,22,22,28,28,8,8,29,29,29,53,53,53,53,46,46,46,62,62,49,49,69,69,69,74,74,74,13,13,13,33,33,33,33,71,71,71,71,64,64,-6,-6,30,30,30,35,35,35,31,31,31,74,74,36,36,-5,-5,-5,-17,-17,-17,47,47,47,47,-14,-14,-14,-14,83,83,32,32,31,31,47,47,47,50,50,50,-55,-55,-55,-55,73,73,73,27,27,1,1,-58,-58,-58,3,3,3,3,63,63,63,33,33,31,31,32,32,32,52,52,52,58,58,58,58,13,13,13,-12,-12,-12,11,11,11,-9,-9,-9,-3,-3,-3,-3,28,28,28,-8,-8,18,18,17,17,17,87,87,87,87,73,73,73,73,27,27,27,11,11,17,17,-32,-32,-32,19,19,19,19,38,38,38,38,20,20,3,-35,-35,23,23,23,23,23,23,-18,-18,-18,37,37,7,-2,-2,-29,-29,-29,17,17,17,20,20,20,20,77,77,77,77,77,-1,-1,-1,24,24,24,33,33,33,33,26,26,26,36,36,36,-7,-7,24,24,0,0,0,5,5,5,14,14,14,7,7,8,8,41,41,36,36,25,25,27,27,25,25,37,37,37,37,37,36,36,36,20,20,20,20,-9,-9,-9,-10,-10,7,7,31,31,62,62,62,46,46,46,67,67,72,72,17,17,-61,-61,-61,-44,-44,-44,-44,-72,-72,-72,-24,10,20,20,38,38,55,55,54,54,21,21,15,15,28,28,33,33,33,10,10,10,22,22,22,28,28,28,36,36,5,48,43,43,37,47,47,33,33,-10,-10,-10,17,17,17,-1,-1,-18,-18,-9,-9,50,50
158,27.14200000000000301,-6,18,48,48,46,46,35,35,17,17,28,28,28,16,16,39,39,22,22,30,30,30,86,86,86,46,46,76,76,50,50,75,75,75,91,91,91,63,63,63,61,61,82,82,36,36,36,-7,-7,-7,73,73,73,73,23,23,23,23,50,50,57,57,54,54,54,55,55,55,55,56,56,56,56,22,22,-3,-3,6,6,4,4,4,17,17,17,16,16,16,16,18,18,3,3,-7,-7,-7,21,21,21,64,64,64,64,49,49,33,33,-1,-1,28,28,28,16,16,16,54,54,54,75,75,31,31,-5,-5,-5,63,63,63,63,62,62,62,62,52,52,52,44,44,17,17,-41,-41,-41,55,55,55,55,22,22,22,67,67,17,17,36,36,36,50,50,50,63,63,63,63,34,34,34,58,58,37,37,23,23,23,31,31,31,31,70,70,70,70,6,6,6,20,20,-9,-9,-9,-2,-2,-2,-2,114,114,114,114,33,33,33,33,33,39,39,46,46,3,3,3,79,79,79,79,40,40,40,40,9,9,-17,-17,-17,-17,-17,52,52,52,52,104,104,104,104,44,44,34,34,31,31,108,108,108,97,97,97,97,59,59,59,109,109,71,71,132,132,132,80,80,80,5,5,5,71,71,71,71,89,89,89,89,112,112,57,57,4,4,4,66,66,66,60,60,60,50,50,12,12,33,33,33,-15,-15,-15,84,84,84,84,9,9,9,9,99,99,45,45,69,69,55,55,55,57,57,57,-18,-18,-18,-18,71,71,71,46,46,15,15,-4,-4,-4,29,29,29,29,96,96,96,62,62,55,55,35,35,35,27,27,27,108,108,108,108,28,28,28,-21,-21,-21,51,51,51,4,4,4,71,71,71,71,29,29,29,-1,-1,29,29,36,36,36,75,75,75,75,58,58,58,58,23,23,23,37,37,3,3,-20,-20,-20,24,24,24,24,76,76,76,76,49,49,43,-9,-9,36,36,36,71,71,71,35,35,35,87,87,69,-47,-47,-5,-5,-5,50,50,50,52,52,52,52,142,142,142,142,142,37,37,37,40,40,40,32,32,32,32,37,37,37,80,80,80,20,20,17,17,66,66,66,80,80,80,29,29,29,10,10,53,53,90,90,69,69,64,64,42,42,55,55,54,54,59,59,59,41,41,41,61,61,61,61,29,29,29,2,2,-14,-14,22,22,65,65,65,77,77,77,58,58,36,36,0,0,-53,-53,-53,-16,-16,-16,-16,-54,-54,-54,-2,-2,30,30,12,12,53,53,28,28,28,28,26,26,45,45,49,49,49,42,42,42,49,49,49,74,74,74,34,34,45,37,61,61,30,54,54,36,36,23,23,23,38,38,38,34,34,2,2,23,23,82,82
159,27.3420000000000023,39,23,51,51,71,71,62,62,65,65,83,83,83,87,87,55,55,22,22,60,60,60,91,91,91,77,77,111,111,80,80,99,99,99,85,85,85,98,98,98,62,62,66,66,71,71,71,69,69,69,75,75,75,75,86,86,86,86,101,101,71,71,94,94,94,96,96,96,96,66,66,66,66,35,35,56,56,49,49,59,59,59,55,55,55,33,33,33,33,32,32,46,46,16,16,16,55,55,55,91,91,91,91,76,76,48,48,40,40,19,19,19,51,51,51,82,82,82,78,78,83,83,49,49,49,100,100,100,100,85,85,85,85,53,53,53,96,96,69,69,67,67,67,79,79,79,79,65,65,65,106,106,93,93,31,31,31,72,72,72,116,116,116,116,98,98,98,132,132,101,101,133,133,133,81,81,81,81,126,126,126,126,81,81,81,67,67,53,53,53,102,102,102,102,178,178,178,178,93,93,93,93,93,95,95,69,69,106,106,106,118,118,118,118,114,114,114,114,44,44,107,107,69,69,69,110,110,110,110,126,126,126,126,99,99,78,78,87,87,184,184,184,152,152,152,152,97,97,97,144,144,125,125,141,141,141,126,126,126,81,81,81,107,107,107,107,143,143,143,143,121,121,137,137,82,82,82,119,119,119,108,108,108,106,106,108,108,56,56,56,35,35,35,100,100,100,100,57,57,57,57,143,143,86,86,97,97,94,94,94,98,98,98,44,44,44,44,99,99,99,78,78,52,52,91,91,91,91,91,91,91,97,97,97,132,132,105,105,54,54,54,88,88,88,110,110,110,110,81,81,81,52,52,52,95,95,95,49,49,49,112,112,112,112,89,89,89,55,55,95,95,66,66,66,148,148,148,148,137,137,137,137,32,32,32,77,77,31,31,28,28,28,76,76,76,76,144,144,144,144,115,115,96,46,46,88,88,88,108,108,108,96,96,96,136,136,85,78,78,85,85,85,117,117,117,115,115,115,115,151,151,151,151,151,76,76,76,80,80,80,67,67,67,67,68,68,68,123,123,123,97,97,65,65,81,81,81,103,103,103,79,79,79,43,43,85,85,98,98,107,107,91,91,100,100,93,93,98,98,83,83,83,56,56,56,114,114,114,114,61,61,61,19,19,58,58,45,45,110,110,110,106,106,106,71,71,46,46,76,76,-15,-15,-15,38,38,38,38,-13,-13,-13,64,50,86,86,68,68,82,82,78,78,76,76,68,68,76,76,65,65,65,103,103,103,94,94,94,112,112,112,83,83,78,70,84,84,55,65,65,87,87,75,75,75,75,75,75,72,72,46,46,85,85,100,100
160,27.54200000000000159,97,19,63,63,54,54,73,73,81,81,57,57,57,81,81,97,97,80,80,94,94,94,96,96,96,94,94,135,135,115,115,99,99,99,85,85,85,106,106,106,77,77,66,66,74,74,74,96,96,96,62,62,62,62,130,130,130,130,122,122,104,104,161,161,161,155,155,155,155,105,105,105,105,101,101,96,96,92,92,79,79,79,78,78,78,39,39,39,39,83,83,46,46,58,58,58,66,66,66,88,88,88,88,85,85,48,48,91,91,40,40,40,92,92,92,126,126,126,126,126,88,88,88,88,88,105,105,105,105,140,140,140,140,105,105,105,108,108,128,128,96,96,96,97,97,97,97,100,100,100,105,105,91,91,100,100,100,100,100,100,149,149,149,149,154,154,154,132,132,117,117,157,157,157,150,150,150,150,141,141,141,141,140,140,140,161,161,119,119,119,199,199,199,199,169,169,169,169,140,140,140,140,140,147,147,122,122,158,158,158,198,198,198,198,137,137,137,137,98,98,136,136,123,123,123,143,143,143,143,178,178,178,178,163,163,107,107,160,160,219,219,219,150,150,150,150,124,124,124,125,125,144,144,165,165,165,173,173,173,140,140,140,175,175,175,175,176,176,176,176,203,203,122,122,150,150,150,150,150,150,172,172,172,156,156,165,165,106,106,106,94,94,94,142,142,142,142,141,141,141,141,161,161,147,147,149,149,130,130,130,138,138,138,108,108,108,108,123,123,123,126,126,125,125,169,169,169,124,124,124,124,144,144,144,157,157,149,149,97,97,97,107,107,107,120,120,120,120,139,139,139,123,123,123,161,161,161,120,120,120,180,180,180,180,97,97,97,85,85,100,100,128,128,128,162,162,162,162,172,172,172,172,84,84,84,114,114,98,98,83,83,83,138,138,138,138,196,196,196,196,159,159,175,116,116,148,148,148,137,137,137,128,128,128,202,202,164,104,104,110,110,110,186,186,186,173,173,173,173,179,179,179,179,179,139,139,139,173,173,173,134,134,134,134,125,125,125,154,154,154,111,111,101,101,127,127,127,141,141,141,102,102,102,111,111,127,127,111,111,123,123,153,153,135,135,118,118,153,153,147,147,147,102,102,102,161,161,161,161,131,131,131,79,79,118,118,105,105,141,141,141,180,180,180,135,135,110,110,162,162,59,59,59,87,87,87,87,74,74,74,126,129,160,160,104,104,131,131,116,116,126,126,115,115,107,107,108,108,108,126,126,126,116,116,116,128,128,128,112,112,104,98,99,99,102,95,95,114,114,109,109,109,111,111,111,111,111,103,103,127,127,146,146
161,27.74200000000000443,70,77,54,54,75,75,44,44,91,91,120,120,120,111,111,89,89,112,112,86,86,86,87,87,87,103,103,95,95,96,96,53,53,53,36,36,36,80,80,80,70,70,87,87,69,69,69,105,105,105,88,88,88,88,133,133,133,133,145,145,134,134,113,113,113,92,92,92,92,111,111,111,111,63,63,106,106,111,111,75,75,75,91,91,91,83,83,83,83,77,77,68,68,98,98,98,87,87,87,103,103,103,103,93,93,71,71,74,74,93,93,93,113,113,113,132,132,132,119,119,128,128,117,117,117,105,105,105,105,99,99,99,99,108,108,108,109,109,154,154,112,112,112,119,119,119,119,114,114,114,118,118,141,141,125,125,125,91,91,91,111,111,111,111,144,144,144,165,165,154,154,164,164,164,177,177,177,177,160,160,160,160,203,203,203,163,163,201,201,201,221,221,221,221,231,231,231,231,197,197,197,197,197,165,165,190,190,197,197,197,225,225,225,225,207,207,207,207,159,159,196,196,154,154,154,177,177,177,177,167,167,167,167,168,168,156,156,159,159,218,218,218,184,184,184,184,155,155,155,147,147,133,133,181,181,181,213,213,213,132,132,132,238,238,238,238,212,212,212,212,191,191,194,194,142,142,142,200,200,200,199,199,199,175,175,174,174,150,150,150,155,155,155,141,141,141,141,171,171,171,171,199,199,188,188,199,199,156,156,156,171,171,171,189,189,189,189,144,144,144,154,154,162,162,230,230,230,137,137,137,137,166,166,166,183,183,166,166,159,159,159,146,146,146,156,156,156,156,162,162,162,159,159,159,214,214,214,158,158,158,176,176,176,176,125,125,125,127,127,147,147,155,155,155,199,199,199,199,210,210,210,210,181,181,181,150,150,130,130,149,149,149,195,195,195,195,268,268,268,268,226,226,214,192,192,180,180,180,143,143,143,166,166,166,207,207,190,162,162,115,115,115,164,164,164,213,213,213,213,209,209,209,209,209,192,192,192,210,210,210,182,182,182,182,147,147,147,192,192,192,121,121,129,129,156,156,156,175,175,175,138,138,138,126,126,150,150,130,130,144,144,161,161,147,147,147,147,164,164,151,151,151,115,115,115,194,194,194,194,163,163,163,132,132,187,187,125,125,167,167,167,221,221,221,172,172,174,174,209,209,103,103,103,126,126,126,126,126,126,126,193,183,176,176,128,128,150,150,125,125,141,141,140,140,128,128,149,149,149,151,151,151,137,137,137,149,149,149,122,122,128,116,118,118,89,111,111,113,113,131,131,131,141,141,141,116,116,122,122,166,166,122,122
162,27.94200000000000372,80,48,74,74,60,60,82,82,64,64,70,70,70,105,105,55,55,95,95,93,93,93,67,67,67,85,85,57,57,77,77,36,36,36,27,27,27,64,64,64,59,59,43,43,101,101,101,92,92,92,92,92,92,92,154,154,154,154,116,116,125,125,119,119,119,99,99,99,99,99,99,99,99,106,106,104,104,66,66,61,61,61,52,52,52,47,47,47,47,80,80,86,86,83,83,83,86,86,86,87,87,87,87,82,82,86,86,87,87,88,88,88,89,89,89,108,108,108,89,89,86,86,44,44,44,80,80,80,80,133,133,133,133,88,88,88,127,127,128,128,127,127,127,111,111,111,111,114,114,114,82,82,118,118,100,100,100,62,62,62,102,102,102,102,100,100,100,132,132,93,93,138,138,138,166,166,166,166,128,128,128,128,152,152,152,160,160,198,198,198,169,169,169,169,242,242,242,242,173,173,173,173,173,223,223,168,168,193,193,193,194,194,194,194,204,204,204,204,192,192,159,159,155,155,155,195,195,195,195,150,150,150,150,179,179,159,159,150,150,186,186,186,135,135,135,135,167,167,167,86,86,121,121,140,140,140,153,153,153,182,182,182,225,225,225,225,191,191,191,191,178,178,211,211,171,171,171,184,184,184,216,216,216,196,196,196,196,174,174,174,148,148,148,135,135,135,135,153,153,153,153,181,181,173,173,150,150,176,176,176,199,199,199,252,252,252,252,152,152,152,188,188,176,176,217,217,217,143,143,143,143,149,149,149,162,162,161,161,165,165,165,140,140,140,141,141,141,141,196,196,196,144,144,144,193,193,193,171,171,171,200,200,200,200,147,147,147,111,111,137,137,146,146,146,199,199,199,199,240,240,240,240,224,224,224,175,175,183,183,180,180,180,213,213,213,213,307,307,307,307,244,244,222,186,186,160,160,160,159,159,159,201,201,201,193,193,155,134,134,66,66,66,118,118,118,202,202,202,202,211,211,211,211,211,224,224,224,210,210,210,169,169,169,169,174,174,174,190,190,190,156,156,128,128,133,133,133,172,172,172,153,153,153,148,148,141,141,115,115,125,125,135,135,138,138,161,161,142,142,154,154,154,129,129,129,190,190,190,190,183,183,183,171,171,160,160,140,140,162,162,162,173,173,173,166,166,177,177,205,205,125,125,125,144,144,144,144,188,188,188,249,196,187,187,137,137,137,137,138,138,133,133,131,131,126,126,137,137,137,137,137,137,147,147,147,150,150,150,110,110,138,98,101,101,99,99,99,97,97,121,121,121,124,124,124,123,123,118,118,122,122,118,118
163,28.14200000000000301,88,13,44,44,67,67,70,70,79,79,67,67,67,34,34,42,42,80,80,51,51,51,40,40,40,59,59,24,24,37,37,30,30,30,20,20,20,54,54,54,74,74,22,22,45,45,45,58,58,58,71,71,71,71,69,69,69,69,112,112,130,130,107,107,107,60,60,60,60,60,60,60,60,88,88,74,74,79,79,56,56,56,50,50,50,60,60,60,60,36,36,61,61,84,84,84,77,77,77,88,88,88,88,61,61,59,59,51,51,95,95,95,94,94,94,87,87,87,42,42,40,40,38,38,38,50,50,50,50,95,95,95,95,64,64,64,93,93,66,66,50,50,50,93,93,93,93,80,80,80,77,77,104,104,95,95,95,38,38,38,54,54,54,54,87,87,87,83,83,27,27,105,105,105,121,121,121,121,139,139,139,139,122,122,122,115,115,147,147,147,156,156,156,156,205,205,205,205,198,198,198,198,198,166,166,185,185,179,179,179,190,190,190,190,232,232,232,232,177,177,147,147,139,139,139,170,170,170,170,143,143,143,143,174,174,148,148,95,95,124,124,124,110,110,110,110,125,125,125,142,142,116,116,115,115,115,119,119,119,135,135,135,184,184,184,184,145,145,145,145,156,156,146,146,156,156,156,141,141,141,198,198,198,183,183,160,160,159,159,159,123,123,123,130,130,130,130,180,180,180,180,180,180,137,137,123,123,161,161,161,185,185,185,250,250,250,250,112,112,112,136,136,155,155,210,210,210,158,158,158,158,133,133,133,144,144,157,157,142,142,142,144,144,144,129,129,129,129,141,141,141,150,150,150,154,154,154,126,126,126,162,162,162,162,131,131,131,142,142,127,127,133,133,133,143,143,143,143,215,215,215,215,200,200,200,161,161,153,153,149,149,149,192,192,192,192,262,262,262,262,204,204,193,196,196,151,151,151,162,162,162,212,212,212,149,149,136,68,68,75,75,75,100,100,100,167,167,167,167,174,174,174,174,174,192,192,192,198,198,198,171,171,171,171,139,139,139,129,129,129,137,137,94,94,93,93,93,112,112,112,160,160,160,152,152,129,129,99,99,112,112,131,131,139,139,136,136,149,149,142,142,142,115,115,115,132,132,132,132,172,172,172,179,179,147,147,142,142,120,120,120,160,160,160,166,166,143,143,152,152,125,125,125,161,161,161,161,218,218,218,228,221,142,142,133,133,102,102,107,107,103,103,101,101,94,94,99,99,99,124,124,124,129,129,129,145,145,145,83,83,102,65,73,73,70,75,75,49,49,101,101,101,118,118,118,97,97,78,78,119,119,101,101
164,28.3420000000000023,52,20,23,23,-17,-17,25,25,49,49,37,37,37,26,26,22,22,42,42,33,33,33,-1,-1,-1,-6,-6,33,33,-23,-23,-9,-9,-9,7,7,7,51,51,51,33,33,35,35,27,27,27,42,42,42,33,33,33,33,30,30,30,30,32,32,33,33,38,38,38,6,6,6,6,2,2,2,2,46,46,42,42,26,26,16,16,16,19,19,19,22,22,22,22,38,38,30,30,30,30,30,51,51,51,32,32,32,32,66,66,28,28,19,19,31,31,31,56,56,56,63,63,63,41,41,31,31,19,19,19,20,20,20,20,62,62,62,62,65,65,65,31,31,19,19,10,10,10,52,52,52,52,41,41,41,37,37,25,25,20,20,20,13,13,13,36,36,36,36,-14,-14,-14,20,20,14,14,51,51,51,65,65,65,65,71,71,71,71,89,89,89,109,109,83,83,83,61,61,61,61,140,140,140,140,128,128,128,128,128,137,137,141,141,112,112,112,132,132,132,132,166,166,166,166,119,119,83,83,97,97,97,155,155,155,155,110,110,110,110,129,129,111,111,59,59,101,101,101,54,54,54,54,86,86,86,85,85,73,73,47,47,47,64,64,64,67,67,67,88,88,88,88,70,70,70,70,90,90,83,83,99,99,99,108,108,108,140,140,140,102,102,94,94,87,87,87,95,95,95,85,85,85,85,168,168,168,168,122,122,103,103,70,70,133,133,133,182,182,182,213,213,213,213,94,94,94,91,91,117,117,189,189,189,117,117,117,117,104,104,104,91,91,110,110,121,121,121,101,101,101,100,100,100,100,144,144,144,97,97,97,121,121,121,76,76,76,103,103,103,103,104,104,104,100,100,89,89,74,74,74,117,117,117,117,160,160,160,160,168,168,168,152,152,131,131,104,104,104,143,143,143,143,196,196,196,196,136,136,142,136,136,112,112,112,113,113,113,166,166,166,72,72,83,34,34,35,35,35,76,76,76,75,75,75,75,132,132,132,132,132,150,150,150,86,86,86,124,124,124,124,100,100,100,92,92,92,120,120,106,106,76,76,76,82,82,82,111,111,111,116,116,67,67,67,67,49,49,95,95,118,118,105,105,64,64,83,83,83,69,69,69,82,82,82,82,115,115,115,144,144,113,113,125,125,97,97,97,98,98,98,89,89,98,98,102,102,87,87,87,121,121,121,121,204,204,204,196,190,96,96,95,95,66,66,60,60,76,76,71,71,42,42,47,47,47,64,64,64,102,102,102,100,100,100,57,57,43,33,34,34,44,25,25,19,19,37,37,37,58,58,58,46,46,53,53,61,61,69,69
165,28.54200000000000159,43,0,-4,-4,-9,-9,-38,-38,44,44,-27,-27,-27,-25,-25,-26,-26,-12,-12,4,4,4,9,9,9,-8,-8,-28,-28,-21,-21,-7,-7,-7,-30,-30,-30,-10,-10,-10,15,15,-30,-30,-61,-61,-61,-9,-9,-9,-18,-18,-18,-18,-18,-18,-18,-18,-6,-6,-48,-48,-44,-44,-44,-55,-55,-55,-55,-13,-13,-13,-13,10,10,-14,-14,-32,-32,10,10,10,-11,-11,-11,-41,-41,-41,-41,-19,-19,1,1,0,0,0,0,0,0,5,5,5,5,-32,-32,-27,-27,-21,-21,0,0,0,57,57,57,-30,-30,-30,11,11,-17,-17,-5,-5,-5,13,13,13,13,-63,-63,-63,-63,-29,-29,-29,9,9,-53,-53,-48,-48,-48,8,8,8,8,7,7,7,-52,-52,-12,-12,-3,-3,-3,-42,-42,-42,-1,-1,-1,-1,-41,-41,-41,-33,-33,-38,-38,-14,-14,-14,18,18,18,18,13,13,13,13,40,40,40,42,42,15,15,15,18,18,18,18,50,50,50,50,72,72,72,72,72,57,57,52,52,51,51,51,81,81,81,81,90,90,90,90,93,93,40,40,28,28,28,73,73,73,73,42,42,42,42,54,54,58,58,15,15,10,10,10,20,20,20,20,68,68,68,49,49,27,27,14,14,14,-14,-14,-14,39,39,39,55,55,55,55,41,41,41,41,18,18,44,44,34,34,34,20,20,20,45,45,45,48,48,40,40,61,61,61,42,42,42,38,38,38,38,130,130,130,130,38,38,59,59,20,20,95,95,95,149,149,149,130,130,130,130,53,53,53,50,50,49,49,83,83,83,57,57,57,57,45,45,45,53,53,44,44,59,59,59,54,54,54,61,61,61,61,99,99,99,39,39,39,31,31,31,54,54,54,60,60,60,60,59,59,59,58,58,41,41,17,17,17,79,79,79,79,100,100,100,100,117,117,117,70,70,45,45,3,3,3,93,93,93,93,125,125,125,125,74,74,55,61,61,47,47,47,77,77,77,122,122,122,-5,-5,-9,-6,-6,41,41,41,-6,-6,-6,20,20,20,20,11,11,11,11,11,52,52,52,11,11,11,36,36,36,36,45,45,45,31,31,31,48,48,3,3,31,31,31,26,26,26,61,61,61,48,48,4,4,15,15,19,19,28,28,64,64,66,66,10,10,43,43,43,47,47,47,50,50,50,50,60,60,60,57,57,62,62,75,75,40,40,40,51,51,51,50,50,15,15,56,56,59,59,59,67,67,67,67,186,186,186,130,139,51,51,53,53,24,24,20,20,38,38,8,8,11,11,-5,-5,-5,32,32,32,64,64,64,55,55,55,17,17,3,-27,-13,-13,-14,5,5,-3,-3,-9,-9,-9,4,4,4,-3,-3,1,1,13,13,13,13
166,28.74200000000000443,9,-34,-28,-28,-15,-15,-12,-12,-43,-43,-32,-32,-32,-36,-36,-55,-55,-43,-43,-28,-28,-28,-9,-9,-9,-28,-28,-44,-44,-21,-21,-2,-2,-2,-1,-1,-1,17,17,17,-47,-47,-40,-40,-71,-71,-71,-49,-49,-49,-60,-60,-60,-60,-56,-56,-56,-56,-58,-58,-91,-91,-84,-84,-84,-57,-57,-57,-57,-70,-70,-70,-70,-84,-84,-30,-30,-61,-61,-23,-23,-23,-57,-57,-57,-2,-2,-2,-2,-27,-27,-34,-34,-45,-45,-45,-22,-22,-22,-48,-48,-48,-48,-56,-56,-57,-57,-56,-56,-48,-48,-48,-25,-25,-25,-44,-44,-44,-24,-24,-63,-63,-73,-73,-73,-53,-53,-53,-53,-36,-36,-36,-36,-39,-39,-39,-56,-56,-66,-66,-77,-77,-77,-42,-42,-42,-42,-53,-53,-53,-84,-84,-66,-66,-64,-64,-64,-62,-62,-62,-63,-63,-63,-63,-75,-75,-75,-55,-55,-53,-53,-52,-52,-52,-36,-36,-36,-36,-30,-30,-30,-30,-39,-39,-39,24,24,-63,-63,-63,-48,-48,-48,-48,8,8,8,8,34,34,34,34,34,9,9,23,23,1,1,1,33,33,33,33,60,60,60,60,62,62,-5,-5,-36,-36,-36,27,27,27,27,21,21,21,21,32,32,41,41,20,20,-8,-8,-8,-3,-3,-3,-3,17,17,17,-16,-16,-8,-8,-9,-9,-9,-47,-47,-47,-11,-11,-11,42,42,42,42,20,20,20,20,-15,-15,-21,-21,-14,-14,-14,-6,-6,-6,41,41,41,-20,-20,-15,-15,9,9,9,39,39,39,3,3,3,3,63,63,63,63,-6,-6,-7,-7,-6,-6,48,48,48,99,99,99,77,77,77,77,36,36,36,2,2,-14,-14,32,32,32,16,16,16,16,17,17,17,15,15,38,38,16,16,16,53,53,53,29,29,29,29,52,52,52,37,37,37,8,8,8,-8,-8,-8,19,19,19,19,15,15,15,20,20,1,1,4,4,4,49,49,49,49,39,39,39,39,64,64,64,29,29,-59,-59,-33,-33,-33,28,28,28,28,35,35,35,35,2,2,-13,1,1,37,37,37,20,20,20,49,49,49,-78,-78,-105,-73,-73,39,39,39,-33,-33,-33,-36,-36,-36,-36,-39,-39,-39,-39,-39,-14,-14,-14,-31,-31,-31,-23,-23,-23,-23,-4,-4,-4,-29,-29,-29,-5,-5,-22,-22,-5,-5,-5,19,19,19,18,18,18,3,3,-5,-5,-2,-2,-1,-1,19,19,35,35,26,26,-12,-12,5,5,5,34,34,34,-5,-5,-5,-5,37,37,37,32,32,8,8,29,29,42,42,42,12,12,12,11,11,-7,-7,10,10,24,24,24,51,51,51,51,142,142,142,81,98,-10,-10,24,24,-4,-4,-7,-7,-5,-5,-35,-35,-27,-27,-20,-20,-20,5,5,5,17,17,17,6,6,6,-6,-6,-14,-28,-34,-34,-53,-43,-43,-36,-36,-43,-43,-43,-5,-5,-5,-43,-43,-67,-67,-53,-53,-7,-7
167,28.94200000000000372,-37,-19,-15,-15,-24,-24,-51,-51,-28,-28,-44,-44,-44,-29,-29,-18,-18,-17,-17,-4,-4,-4,5,5,5,-17,-17,-22,-22,-16,-16,3,3,3,-4,-4,-4,-34,-34,-34,-24,-24,-15,-15,-19,-19,-19,-40,-40,-40,-40,-40,-40,-40,-8,-8,-8,-8,-85,-85,-76,-76,-76,-76,-76,-16,-16,-16,-16,-47,-47,-47,-47,-23,-23,-50,-50,-30,-30,-2,-2,-2,-30,-30,-30,-25,-25,-25,-25,-27,-27,-16,-16,-27,-27,-27,-9,-9,-9,-1,-1,-1,-1,-57,-57,-48,-48,-86,-86,-51,-51,-51,-15,-15,-15,-7,-7,-7,-33,-33,-70,-70,21,21,21,-28,-28,-28,-28,-77,-77,-77,-77,-34,-34,-34,-38,-38,-60,-60,-73,-73,-73,-47,-47,-47,-47,-25,-25,-25,-46,-46,-67,-67,-56,-56,-56,-6,-6,-6,-52,-52,-52,-52,-63,-63,-63,-61,-61,-57,-57,-64,-64,-64,2,2,2,2,-21,-21,-21,-21,-18,-18,-18,-14,-14,-29,-29,-29,-46,-46,-46,-46,-10,-10,-10,-10,40,40,40,40,40,27,27,-4,-4,-26,-26,-26,32,32,32,32,60,60,60,60,60,60,-1,-1,-20,-20,-20,26,26,26,26,9,9,9,9,32,32,35,35,-14,-14,-41,-41,-41,-3,-3,-3,-3,30,30,30,18,18,18,18,15,15,15,13,13,13,-20,-20,-20,18,18,18,18,-2,-2,-2,-2,-38,-38,-62,-62,-3,-3,-3,-9,-9,-9,-2,-2,-2,-1,-1,-14,-14,-6,-6,-6,23,23,23,9,9,9,9,48,48,48,48,5,5,-10,-10,-37,-37,36,36,36,51,51,51,13,13,13,13,14,14,14,-6,-6,-35,-35,12,12,12,-9,-9,-9,-9,45,45,45,17,17,13,13,7,7,7,12,12,12,35,35,35,35,63,63,63,13,13,13,3,3,3,22,22,22,17,17,17,17,17,17,17,4,4,-2,-2,-18,-18,-18,45,45,45,45,17,17,17,17,28,28,28,21,21,-58,-58,-29,-29,-29,-6,-6,-6,-6,3,3,3,3,-18,-18,-34,-36,-36,15,15,15,0,0,0,7,7,7,-76,-76,-98,-50,-50,49,49,49,-21,-21,-21,-71,-71,-71,-71,-80,-80,-80,-80,-80,-20,-20,-20,-19,-19,-19,-11,-11,-11,-11,6,6,6,-50,-50,-50,-11,-11,-18,-18,-5,-5,-5,28,28,28,17,17,17,2,2,21,21,-8,-8,-2,-2,26,26,-1,-1,4,4,-29,-29,5,5,5,17,17,17,-8,-8,-8,-8,42,42,42,-3,-3,-24,-24,34,34,22,22,22,16,16,16,13,13,22,22,12,12,25,25,25,39,39,39,39,124,124,124,40,88,-16,-16,21,21,-19,-19,-18,-18,11,11,-15,-15,-26,-26,-23,-23,-23,-20,-20,-20,14,14,14,-24,-24,-24,4,4,-14,-21,-41,-41,-74,-45,-45,-43,-43,-42,-42,-42,-32,-32,-32,-26,-26,-48,-48,-64,-64,-10,-10
168,29.14200000000000301,-35,33,8,8,38,38,30,30,-16,-16,38,38,38,23,23,30,30,-7,-7,24,24,24,1,1,1,12,12,5,5,18,18,33,33,33,26,26,26,22,22,22,46,46,40,40,53,53,53,-18,-18,-18,12,12,12,12,3,3,3,3,5,5,-24,-24,12,12,12,24,24,24,24,-7,-7,-7,-7,-12,-12,1,1,21,21,20,20,20,20,20,20,10,10,10,10,6,6,13,13,8,8,8,-16,-16,-16,-36,-36,-36,-36,-35,-35,-8,-8,-4,-4,-24,-24,-24,-20,-20,-20,-35,-35,-35,-3,-3,18,18,36,36,36,3,3,3,3,-47,-47,-47,-47,2,2,2,28,28,-4,-4,-42,-42,-42,-47,-47,-47,-47,-11,-11,-11,6,6,-37,-37,-16,-16,-16,-5,-5,-5,-39,-39,-39,-39,-5,-5,-5,-23,-23,17,17,11,11,11,-10,-10,-10,-10,18,18,18,18,-11,-11,-11,16,16,21,21,21,8,8,8,8,11,11,11,11,30,30,30,30,30,57,57,33,33,8,8,8,41,41,41,41,41,41,41,41,42,42,43,43,30,30,30,16,16,16,16,38,38,38,38,44,44,60,60,48,48,1,1,1,39,39,39,39,54,54,54,49,49,-24,-24,32,32,32,54,54,54,34,34,34,11,11,11,11,27,27,27,27,13,13,-22,-22,30,30,30,40,40,40,23,23,23,54,54,23,23,52,52,52,50,50,50,27,27,27,27,49,49,49,49,-8,-8,6,6,-21,-21,14,14,14,75,75,75,-2,-2,-2,-2,31,31,31,21,21,14,14,27,27,27,7,7,7,7,54,54,54,43,43,34,34,38,38,38,18,18,18,36,36,36,36,32,32,32,6,6,6,-2,-2,-2,62,62,62,-4,-4,-4,-4,9,9,9,55,55,33,33,9,9,9,45,45,45,45,29,29,29,29,41,41,41,53,53,6,6,40,40,40,18,18,18,18,0,0,0,0,-14,-14,-70,-37,-37,-3,-3,-3,21,21,21,49,49,49,-13,-13,-26,9,9,117,117,117,77,77,77,2,2,2,2,-55,-55,-55,-55,-55,9,9,9,62,62,62,0,0,0,0,17,17,17,-27,-27,-27,-9,-9,15,15,14,14,14,14,14,14,8,8,8,16,16,18,18,43,43,7,7,32,32,13,13,1,1,11,11,42,42,42,27,27,27,11,11,11,11,27,27,27,12,12,11,11,59,59,89,89,89,44,44,44,68,68,59,59,63,63,48,48,48,46,46,46,46,99,99,99,55,112,32,32,29,29,22,22,19,19,20,20,11,11,4,4,14,14,14,11,11,11,26,26,26,-15,-15,-15,9,9,9,0,-10,-10,-21,-18,-18,13,13,-13,-13,-13,-2,-2,-2,-12,-12,-6,-6,-14,-14,-29,-29
169,29.3420000000000023,28,83,37,37,69,69,53,53,31,31,49,49,49,44,44,81,81,31,31,34,34,34,33,33,33,15,15,36,36,43,43,51,51,51,61,61,61,64,64,64,46,46,45,45,93,93,93,41,41,41,-17,-17,-17,-17,1,1,1,1,5,5,74,74,41,41,41,87,87,87,87,57,57,57,57,33,33,55,55,61,61,93,93,93,43,43,43,34,34,34,34,31,31,47,47,18,18,18,22,22,22,13,13,13,13,20,20,27,27,84,84,9,9,9,21,21,21,-13,-13,-13,32,32,52,52,88,88,88,33,33,33,33,7,7,7,7,8,8,8,34,34,43,43,23,23,23,-6,-6,-6,-6,-2,-2,-2,62,62,11,11,25,25,25,21,21,21,-10,-10,-10,-10,13,13,13,4,4,24,24,30,30,30,27,27,27,27,26,26,26,26,42,42,42,37,37,82,82,82,74,74,74,74,54,54,54,54,43,43,43,43,43,86,86,101,101,74,74,74,74,74,74,74,52,52,52,52,59,59,86,86,86,86,86,35,35,35,35,24,24,24,24,32,32,69,69,65,65,70,70,70,53,53,53,53,42,42,42,69,69,53,53,90,90,90,106,106,106,111,111,111,83,83,83,83,68,68,68,68,50,50,51,51,47,47,47,95,95,95,41,41,41,74,74,67,67,48,48,48,68,68,68,56,56,56,56,-1,-1,-1,-1,-11,-11,19,19,18,18,30,30,30,90,90,90,-41,-41,-41,-41,62,62,62,67,67,56,56,45,45,45,56,56,56,56,54,54,54,36,36,63,63,48,48,48,50,50,50,61,61,61,61,63,63,63,11,11,11,18,18,18,29,29,29,30,30,30,30,42,42,42,77,77,44,44,48,48,48,65,65,65,65,60,60,60,60,76,76,76,53,53,49,49,70,70,70,2,2,2,2,-7,-7,-7,-7,8,8,-36,-3,-3,19,19,19,38,38,38,71,71,71,57,57,36,112,112,88,88,88,161,161,161,45,45,45,45,-15,-15,-15,-15,-15,23,23,23,117,117,117,60,60,60,60,0,0,0,3,3,3,40,40,56,56,46,46,46,7,7,7,11,11,11,50,50,61,61,76,76,47,47,67,67,5,5,41,41,49,49,60,60,60,61,61,61,15,15,15,15,41,41,41,66,66,60,60,85,85,87,87,87,79,79,79,110,110,139,139,107,107,65,65,65,50,50,50,50,80,80,80,73,140,62,62,115,115,60,60,71,71,55,55,54,54,63,63,60,60,60,19,19,19,13,13,13,-12,-12,-12,26,26,33,23,-6,-6,28,14,14,10,10,-3,-3,-3,6,6,6,17,17,18,18,31,31,4,4
170,29.54200000000000159,25,50,-6,-6,42,42,50,50,-3,-3,45,45,45,7,7,125,125,61,61,42,42,42,41,41,41,33,33,41,41,51,51,37,37,37,43,43,43,32,32,32,42,42,56,56,79,79,79,88,88,88,24,24,24,24,1,1,1,1,68,68,84,84,38,38,38,76,76,76,76,42,42,42,42,47,47,77,77,64,64,60,60,60,48,48,48,37,37,37,37,44,44,50,50,31,31,31,20,20,20,25,25,25,25,41,41,78,78,81,81,70,70,70,32,32,32,26,26,26,61,61,83,83,90,90,90,22,22,22,22,15,15,15,15,28,28,28,38,38,75,75,21,21,21,16,16,16,16,38,38,38,81,81,65,65,30,30,30,40,40,40,-11,-11,-11,-11,21,21,21,0,0,47,47,41,41,41,5,5,5,5,37,37,37,37,22,22,22,78,78,81,81,81,65,65,65,65,44,44,44,44,46,46,46,46,46,110,110,109,109,81,81,81,94,94,94,94,36,36,36,36,64,64,83,83,52,52,52,25,25,25,25,24,24,24,24,33,33,61,61,55,55,81,81,81,62,62,62,62,11,11,11,105,105,49,49,106,106,106,137,137,137,115,115,115,73,73,73,73,75,75,75,75,23,23,40,40,28,28,28,79,79,79,41,41,41,95,95,65,65,49,49,49,64,64,64,27,27,27,27,-21,-21,-21,-21,-11,-11,19,19,41,41,51,51,51,100,100,100,-47,-47,-47,-47,86,86,86,48,48,65,65,38,38,38,26,26,26,26,17,17,17,74,74,60,60,90,90,90,51,51,51,49,49,49,49,8,8,8,8,8,8,18,18,18,45,45,45,20,20,20,20,-15,-15,-15,66,66,63,63,49,49,49,87,87,87,87,30,30,30,30,42,42,42,43,43,71,71,69,69,69,-16,-16,-16,-16,-11,-11,-11,-11,29,29,-5,-2,-2,38,38,38,21,21,21,38,38,38,86,86,120,105,105,48,48,48,127,127,127,83,83,83,83,-39,-39,-39,-39,-39,23,23,23,125,125,125,62,62,62,62,4,4,4,14,14,14,27,27,48,48,19,19,19,-11,-11,-11,68,68,68,26,26,38,38,50,50,54,54,51,51,47,47,13,13,31,31,71,71,71,35,35,35,12,12,12,12,37,37,37,63,63,77,77,98,98,103,103,103,71,71,71,111,111,144,144,118,118,35,35,35,16,16,16,16,73,73,73,48,113,74,74,116,116,81,81,89,89,54,54,48,48,70,70,35,35,35,8,8,8,12,12,12,-3,-3,-3,41,41,24,9,11,11,45,30,30,23,23,20,20,20,2,2,2,10,10,36,36,21,21,16,16
171,29.74200000000000443,5,27,-5,-5,-20,-20,6,6,40,40,17,17,17,25,25,47,47,38,38,9,9,9,24,24,24,37,37,34,34,21,21,13,13,13,34,34,34,8,8,8,16,16,-23,-23,19,19,19,26,26,26,13,13,13,13,22,22,22,22,42,42,36,36,47,47,47,83,83,83,83,0,0,0,0,-11,-11,11,11,33,33,30,30,30,0,0,0,26,26,26,26,12,12,24,24,-14,-14,-14,14,14,14,-22,-22,-22,-22,0,0,41,41,42,42,47,47,47,5,5,5,33,33,33,25,25,27,27,17,17,17,21,21,21,21,27,27,27,27,8,8,8,11,11,33,33,40,40,40,-20,-20,-20,-20,14,14,14,25,25,27,27,-13,-13,-13,13,13,13,-3,-3,-3,-3,15,15,15,-2,-2,-16,-16,3,3,3,-48,-48,-48,-48,-4,-4,-4,-4,27,27,27,-5,-5,21,21,21,7,7,7,7,-23,-23,-23,-23,13,13,13,13,13,12,12,64,64,21,21,21,89,89,89,89,-27,-27,-27,-27,17,17,17,17,-3,-3,-3,2,2,2,2,32,32,32,32,10,10,31,31,-3,-3,43,43,43,60,60,60,60,19,19,19,40,40,10,10,45,45,45,87,87,87,39,39,39,47,47,47,47,31,31,31,31,61,61,46,46,-2,-2,-2,50,50,50,15,15,15,49,49,-8,-8,-2,-2,-2,-10,-10,-10,23,23,23,23,-36,-36,-36,-36,-15,-15,-2,-2,24,24,44,44,44,63,63,63,-18,-18,-18,-18,50,50,50,13,13,0,0,8,8,8,6,6,6,6,-1,-1,-1,19,19,16,16,35,35,35,39,39,39,18,18,18,18,-7,-7,-7,5,5,5,11,11,11,-19,-19,-19,-4,-4,-4,-4,-22,-22,-22,19,19,17,17,29,29,29,46,46,46,46,38,38,38,38,26,26,26,2,2,27,27,5,5,5,-29,-29,-29,-29,-11,-11,-11,-11,6,6,-8,17,17,9,9,9,13,13,13,44,44,44,72,72,53,29,29,-30,-30,-30,83,83,83,49,49,49,49,-55,-55,-55,-55,-55,10,10,10,72,72,72,49,49,49,49,-19,-19,-19,7,7,7,-19,-19,12,12,-3,-3,-3,-48,-48,-48,-11,-11,-11,2,2,13,13,9,9,29,29,24,24,-12,-12,-8,-8,11,11,14,14,14,-2,-2,-2,-16,-16,-16,-16,-7,-7,-7,33,33,28,28,55,55,28,28,28,39,39,39,87,87,55,55,13,13,-19,-19,-19,-48,-48,-48,-48,-26,-26,-26,-13,13,31,31,65,65,56,56,46,46,32,32,39,39,42,42,33,33,33,3,3,3,2,2,2,-19,-19,-19,18,18,15,12,13,13,44,26,26,43,43,5,5,5,-13,-13,-13,-16,-16,-2,-2,1,1,-4,-4
172,29.94200000000000372,24,-10,-17,-17,-30,-30,-25,-25,10,10,-5,-5,-5,4,4,-22,-22,-11,-11,-11,-11,-11,6,6,6,15,15,-3,-3,-7,-7,-37,-37,-37,-34,-34,-34,-56,-56,-56,-19,-19,-46,-46,-35,-35,-35,-115,-115,-115,-5,-5,-5,-5,20,20,20,20,14,14,9,9,35,35,35,35,35,35,35,20,20,20,20,10,10,-1,-1,-35,-35,-16,-16,-16,11,11,11,0,0,0,0,-3,-3,-38,-38,-19,-19,-19,9,9,9,-1,-1,-1,-1,-2,-2,-33,-33,28,28,4,4,4,-10,-10,-10,-7,-7,-7,-11,-11,-24,-24,-26,-26,-26,-15,-15,-15,-15,36,36,36,36,3,3,3,-3,-3,-21,-21,1,1,1,4,4,4,4,4,4,4,42,42,21,21,-6,-6,-6,-22,-22,-22,12,12,12,12,36,36,36,0,0,-22,-22,-13,-13,-13,-13,-13,-13,-13,-66,-66,-66,-66,-36,-36,-36,-59,-59,-25,-25,-25,-66,-66,-66,-66,-30,-30,-30,-30,35,35,35,35,35,43,43,49,49,18,18,18,65,65,65,65,6,6,6,6,-36,-36,-48,-48,-52,-52,-52,16,16,16,16,-12,-12,-12,-12,-31,-31,-15,-15,-20,-20,17,17,17,1,1,1,1,10,10,10,-10,-10,-39,-39,1,1,1,3,3,3,-55,-55,-55,78,78,78,78,80,80,80,80,7,7,7,7,3,3,3,16,16,16,-39,-39,-39,12,12,-17,-17,-22,-22,-22,-44,-44,-44,-2,-2,-2,-2,-36,-36,-36,-36,-25,-25,-39,-39,-9,-9,27,27,27,47,47,47,-24,-24,-24,-24,25,25,25,-14,-14,-55,-55,-7,-7,-7,11,11,11,11,-22,-22,-22,-3,-3,-23,-23,-6,-6,-6,-26,-26,-26,-24,-24,-24,-24,-9,-9,-9,-13,-13,-13,2,2,2,-27,-27,-27,8,8,8,8,-28,-28,-28,-9,-9,7,7,-1,-1,-1,32,32,32,32,39,39,39,39,16,16,16,-8,-8,-17,-17,-40,-40,-40,-40,-40,-40,-40,-9,-9,-9,-9,-3,-3,-25,1,1,6,6,6,0,0,0,-27,-27,-27,16,16,-13,-74,-74,-31,-31,-31,0,0,0,32,32,32,32,-57,-57,-57,-57,-57,-8,-8,-8,18,18,18,20,20,20,20,-30,-30,-30,12,12,12,-13,-13,10,10,-35,-35,-35,-35,-35,-35,-1,-1,-1,-27,-27,-25,-25,3,3,38,38,25,25,-33,-33,-11,-11,-25,-25,-32,-32,-32,-35,-35,-35,-32,-32,-32,-32,-40,-40,-40,-44,-44,-62,-62,-16,-16,35,35,35,17,17,17,39,39,-40,-40,-58,-58,-66,-66,-66,-54,-54,-54,-54,-74,-74,-74,-32,-53,-7,-7,0,0,-5,-5,-12,-12,-14,-14,26,26,25,25,1,1,1,-30,-30,-30,-2,-2,-2,-9,-9,-9,28,28,12,18,13,13,26,12,12,23,23,29,29,29,7,7,7,2,2,-22,-22,-8,-8,-6,-6
173,30.14200000000000301,14,11,-6,-6,-9,-9,-26,-26,-26,-26,5,5,5,-46,-46,-33,-33,-5,-5,9,9,9,14,14,14,19,19,13,13,-4,-4,5,5,5,-42,-42,-42,-29,-29,-29,-22,-22,-56,-56,-41,-41,-41,-3,-3,-3,-7,-7,-7,-7,22,22,22,22,45,45,34,34,23,23,23,54,54,54,54,55,55,55,55,10,10,-19,-19,6,6,-4,-4,-4,-8,-8,-8,16,16,16,16,11,11,3,3,-21,-21,-21,16,16,16,30,30,30,30,27,27,-55,-55,-35,-35,-26,-26,-26,-36,-36,-36,3,3,3,6,6,0,0,-7,-7,-7,-4,-4,-4,-4,29,29,29,29,27,27,27,3,3,-3,-3,26,26,26,31,31,31,31,39,39,39,63,63,64,64,18,18,18,11,11,11,9,9,9,9,26,26,26,38,38,6,6,8,8,8,-32,-32,-32,-32,-20,-20,-20,-20,-21,-21,-21,-41,-41,-64,-64,-64,-33,-33,-33,-33,-22,-22,-22,-22,22,22,22,22,22,37,37,59,59,13,13,13,15,15,15,15,13,13,13,13,-15,-15,-18,-18,-70,-70,-70,51,51,51,51,36,36,36,36,-2,-2,4,4,23,23,36,36,36,41,41,41,41,-19,-19,-19,-6,-6,30,30,12,12,12,-34,-34,-34,-33,-33,-33,-3,-3,-3,-3,28,28,28,28,65,65,58,58,9,9,9,-14,-14,-14,-33,-33,-33,18,18,4,4,-17,-17,-17,-22,-22,-22,9,9,9,9,-46,-46,-46,-46,-18,-18,-18,-18,11,11,45,45,45,83,83,83,-4,-4,-4,-4,39,39,39,-11,-11,-29,-29,-16,-16,-16,72,72,72,72,-17,-17,-17,-1,-1,-8,-8,-38,-38,-38,-22,-22,-22,-14,-14,-14,-14,18,18,18,-22,-22,-22,13,13,13,-18,-18,-18,31,31,31,31,7,7,7,5,5,5,5,1,1,1,31,31,31,31,30,30,30,30,13,13,13,-11,-11,-10,-10,-4,-4,-4,-9,-9,-9,-9,56,56,56,56,18,18,16,30,30,42,42,42,-41,-41,-41,-2,-2,-2,-17,-17,-53,-53,-53,31,31,31,-7,-7,-7,33,33,33,33,-41,-41,-41,-41,-41,18,18,18,-9,-9,-9,34,34,34,34,-9,-9,-9,41,41,41,1,1,12,12,1,1,1,35,35,35,10,10,10,17,17,-3,-3,0,0,29,29,-17,-17,-5,-5,-20,-20,8,8,-40,-40,-40,-44,-44,-44,-9,-9,-9,-9,-29,-29,-29,-25,-25,-25,-25,-29,-29,-10,-10,-10,40,40,40,26,26,-53,-53,-57,-57,-37,-37,-37,-42,-42,-42,-42,-67,-67,-67,-45,-55,-13,-13,-4,-4,5,5,5,5,23,23,8,8,36,36,9,9,9,14,14,14,-3,-3,-3,10,10,10,40,40,29,48,58,58,30,48,48,55,55,25,25,25,43,43,43,34,34,15,15,31,31,14,14
174,30.3420000000000023,39,39,43,43,21,21,29,29,16,16,23,23,23,3,3,-14,-14,28,28,16,16,16,15,15,15,32,32,41,41,36,36,7,7,7,3,3,3,19,19,19,78,78,5,5,-1,-1,-1,51,51,51,17,17,17,17,72,72,72,72,53,53,84,84,59,59,59,79,79,79,79,78,78,78,78,44,44,6,6,101,101,34,34,34,86,86,86,40,40,40,40,34,34,11,11,34,34,34,28,28,28,43,43,43,43,50,50,-16,-16,0,0,63,63,63,16,16,16,43,43,43,50,50,29,29,19,19,19,28,28,28,28,67,67,67,67,33,33,33,56,56,48,48,92,92,92,53,53,53,53,41,41,41,81,81,103,103,73,73,73,55,55,55,40,40,40,40,101,101,101,85,85,53,53,53,53,53,27,27,27,27,-7,-7,-7,-7,38,38,38,12,12,27,27,27,50,50,50,50,25,25,25,25,32,32,32,32,32,37,37,54,54,67,67,67,82,82,82,82,71,71,71,71,73,73,45,45,33,33,33,83,83,83,83,3,3,3,3,40,40,46,46,26,26,50,50,50,43,43,43,43,-10,-10,-10,31,31,63,63,67,67,67,35,35,35,35,35,35,45,45,45,45,92,92,92,92,67,67,62,62,52,52,52,21,21,21,40,40,40,51,51,55,55,69,69,69,56,56,56,69,69,69,69,13,13,13,13,60,60,32,32,63,63,55,55,55,108,108,108,59,59,59,59,81,81,81,35,35,32,32,20,20,20,78,78,78,78,68,68,68,19,19,31,31,-4,-4,-4,-8,-8,-8,30,30,30,30,49,49,49,52,52,52,69,69,69,0,0,0,47,47,47,47,34,34,34,51,51,44,44,34,34,34,71,71,71,71,72,72,72,72,31,31,31,16,16,35,35,15,15,15,76,76,76,76,107,107,107,107,92,92,81,40,40,48,48,48,4,4,4,-27,-27,-27,31,31,19,48,48,67,67,67,28,28,28,71,71,71,71,35,35,35,35,35,75,75,75,41,41,41,48,48,48,48,27,27,27,51,51,51,20,20,39,39,33,33,33,58,58,58,39,39,39,41,41,37,37,49,49,47,47,5,5,2,2,15,15,43,43,-15,-15,-15,-6,-6,-6,39,39,39,39,4,4,4,27,27,27,27,7,7,47,47,47,98,98,98,68,68,9,9,10,10,15,15,15,1,1,1,1,-57,-57,-57,11,-27,50,50,-9,-9,22,22,33,33,34,34,32,32,61,61,51,51,51,27,27,27,58,58,58,77,77,77,86,86,94,76,75,75,89,52,52,74,74,54,54,54,70,70,70,73,73,68,68,59,59,61,61
175,30.54200000000000159,46,74,61,61,64,64,52,52,75,75,43,43,43,69,69,39,39,47,47,68,68,68,99,99,99,76,76,70,70,44,44,47,47,47,32,32,32,69,69,69,51,51,68,68,61,61,61,78,78,78,41,41,41,41,72,72,72,72,85,85,90,90,68,68,68,75,75,75,75,96,96,96,96,56,56,85,85,58,58,86,86,86,61,61,61,18,18,18,18,57,57,56,56,81,81,81,69,69,69,91,91,91,91,81,81,34,34,65,65,55,55,55,58,58,58,59,59,59,92,92,69,69,47,47,47,35,35,35,35,72,72,72,72,48,48,48,71,71,60,60,96,96,96,63,63,63,63,89,89,89,81,81,126,126,68,68,68,76,76,76,76,76,76,76,97,97,97,97,97,84,84,89,89,89,89,89,89,89,27,27,27,27,77,77,77,56,56,61,61,61,53,53,53,53,46,46,46,46,82,82,82,82,82,6,6,72,72,75,75,75,76,76,76,76,110,110,110,110,88,88,78,78,66,66,66,99,99,99,99,51,51,51,51,57,57,64,64,86,86,73,73,73,64,64,64,64,71,71,71,34,34,87,87,76,76,76,45,45,45,47,47,47,88,88,88,88,89,89,89,89,127,127,60,60,77,77,77,33,33,33,68,68,68,70,70,81,81,79,79,79,108,108,108,79,79,79,79,51,51,51,51,82,82,62,62,95,95,78,78,78,110,110,110,94,94,94,94,101,101,101,101,101,93,93,68,68,68,112,112,112,112,113,113,113,47,47,59,59,15,15,15,23,23,23,54,54,54,54,65,65,65,59,59,59,86,86,86,57,57,57,80,80,80,80,66,66,66,35,35,75,75,64,64,64,107,107,107,107,92,92,92,92,51,51,51,59,59,43,43,61,61,61,122,122,122,122,171,171,171,171,142,142,91,102,102,67,67,67,33,33,33,14,14,14,46,46,114,66,66,90,90,90,11,11,11,73,73,73,73,49,49,49,49,49,113,113,113,60,60,60,70,70,70,70,68,68,68,76,76,76,62,62,59,59,78,78,78,85,85,85,44,44,44,60,60,45,45,76,76,55,55,6,6,23,23,49,49,65,65,10,10,10,22,22,22,69,69,69,69,43,43,43,80,80,51,51,53,53,64,64,64,117,117,117,90,90,43,43,61,61,66,66,66,56,56,56,56,-19,-19,-19,53,26,76,76,31,31,76,76,52,52,52,52,61,61,66,66,73,73,73,57,57,57,76,76,76,99,99,99,85,85,103,85,121,121,80,97,97,98,98,77,77,77,87,87,87,87,87,81,81,86,86,64,64
176,30.74200000000000443,68,15,83,83,37,37,83,83,54,54,55,55,55,50,50,64,64,-7,-7,31,31,31,70,70,70,71,71,48,48,39,39,34,34,34,22,22,22,39,39,39,55,55,52,52,65,65,65,30,30,30,49,49,49,49,32,32,32,32,74,74,39,39,71,71,71,35,35,35,35,56,56,56,56,37,37,56,56,73,73,34,34,34,46,46,46,40,40,40,40,27,27,37,37,49,49,49,50,50,50,88,88,88,88,57,57,79,79,69,69,57,57,57,45,45,45,48,48,48,85,85,45,45,9,9,9,46,46,46,46,54,54,54,54,43,43,43,40,40,74,74,61,61,61,70,70,70,70,74,74,74,71,71,88,88,56,56,56,43,43,43,67,67,67,67,44,44,44,82,82,52,52,86,86,86,60,60,60,60,77,77,77,77,43,43,43,72,72,98,98,98,55,55,55,55,27,27,27,27,74,74,74,74,74,68,68,47,47,57,57,57,81,81,81,81,121,121,121,121,98,98,104,104,70,70,70,68,68,68,68,49,49,49,49,48,48,66,66,30,30,67,67,67,45,45,45,45,40,40,40,33,33,64,64,43,43,43,46,46,46,55,55,55,87,87,87,87,88,88,88,88,75,75,72,72,46,46,46,32,32,32,84,84,84,68,68,92,92,94,94,94,94,94,94,73,73,73,73,82,82,82,82,67,67,89,89,80,80,57,57,57,114,114,114,110,110,110,110,82,82,82,63,63,63,63,40,40,40,84,84,84,84,103,103,103,61,61,42,42,29,29,29,49,49,49,85,85,85,85,82,82,82,54,54,54,50,50,50,55,55,55,65,65,65,65,59,59,59,37,37,57,57,71,71,71,140,140,140,140,99,99,99,99,52,52,52,68,68,68,68,54,54,54,132,132,132,132,146,146,146,146,123,123,115,102,102,74,74,74,46,46,46,1,1,1,65,65,88,73,73,10,10,10,17,17,17,44,44,44,44,65,65,65,65,65,92,92,92,41,41,41,54,54,54,54,88,88,88,76,76,76,57,57,33,33,74,74,74,74,74,74,52,52,52,23,23,23,23,50,50,44,44,26,26,12,12,44,44,60,60,44,44,44,25,25,25,55,55,55,55,72,72,72,56,56,76,76,44,44,78,78,78,81,81,81,84,84,70,70,51,51,82,82,82,53,53,53,53,3,3,3,50,10,76,76,17,17,44,44,30,30,31,31,76,76,48,48,88,88,88,77,77,77,75,75,75,116,116,116,72,72,106,80,91,91,71,107,107,92,92,92,92,92,88,88,88,66,66,64,64,97,97,81,81
177,30.94200000000000372,39,31,44,44,47,47,33,33,50,50,7,7,7,1,1,35,35,28,28,62,62,62,48,48,48,84,84,35,35,19,19,5,5,5,-2,-2,-2,34,34,34,18,18,39,39,23,23,23,3,3,3,10,10,10,10,31,31,31,31,32,32,-2,-2,-26,-26,-26,13,13,13,13,17,17,17,17,7,7,9,9,20,20,19,19,19,21,21,21,36,36,36,36,27,27,1,1,30,30,30,16,16,16,38,38,38,38,16,16,43,43,18,18,65,65,65,40,40,40,26,26,26,18,18,23,23,-5,-5,-5,21,21,21,21,47,47,47,47,21,21,21,40,40,14,14,31,31,31,63,63,63,63,59,59,59,-19,-19,-2,-2,19,19,19,15,15,15,41,41,41,41,36,36,36,11,11,22,22,1,1,1,67,67,67,67,61,61,61,61,51,51,51,33,33,31,31,31,38,38,38,38,16,16,16,16,16,16,16,16,16,29,29,16,16,-20,-20,-20,36,36,36,36,87,87,87,87,52,52,42,42,38,38,38,47,47,47,47,7,7,7,7,28,28,29,29,-19,-19,36,36,36,43,43,43,43,38,38,38,12,12,27,27,32,32,32,23,23,23,52,52,52,52,52,52,52,24,24,24,24,31,31,39,39,-11,-11,-11,38,38,38,56,56,56,21,21,51,51,43,43,43,67,67,67,40,40,40,40,52,52,52,52,69,69,63,63,48,48,32,32,32,80,80,80,89,89,89,89,42,42,42,23,23,35,35,2,2,2,45,45,45,45,70,70,70,56,56,36,36,17,17,17,51,51,51,104,104,104,104,82,82,82,45,45,45,41,41,41,3,3,3,49,49,49,49,36,36,36,-9,-9,29,29,25,25,25,60,60,60,60,44,44,44,44,48,48,48,64,64,15,15,28,28,28,115,115,115,115,122,122,122,122,105,105,23,84,84,31,31,31,38,38,38,-11,-11,-11,38,38,28,-14,-14,-30,-30,-30,-40,-40,-40,32,32,32,32,19,19,19,19,19,63,63,63,12,12,12,42,42,42,42,54,54,54,43,43,43,-2,-2,-9,-9,43,43,43,56,56,56,32,32,32,13,13,17,17,18,18,12,12,-8,-8,24,24,44,44,21,21,14,14,14,-2,-2,-2,41,41,41,41,42,42,42,36,36,32,32,54,54,24,24,24,-4,-4,-4,26,26,9,9,-11,-11,33,33,33,50,50,50,50,8,8,8,45,15,63,63,-15,-15,-2,-2,12,12,16,16,38,38,39,39,41,41,41,40,40,40,69,69,69,84,84,84,66,66,73,37,68,68,65,74,74,46,46,60,60,60,69,69,69,43,43,34,34,63,63,87,87
178,31.14200000000000301,20,16,19,19,11,11,21,21,8,8,-19,-19,-19,26,26,18,18,37,37,30,30,30,42,42,42,26,26,40,40,7,7,-6,-6,-6,13,13,13,0,0,0,18,18,23,23,-14,-14,-14,33,33,33,33,33,33,33,18,18,18,18,-1,-1,-50,-50,-12,-12,-12,-35,-35,-35,-35,-7,-7,-7,-7,-26,-26,-45,-45,-5,-5,11,11,11,-18,-18,-18,-5,-5,-5,-5,17,17,-25,-25,1,1,1,-18,-18,-18,7,7,7,7,-10,-10,-11,-11,-19,-19,22,22,22,24,24,24,16,16,16,31,31,3,3,-9,-9,-9,10,10,10,10,16,16,16,16,15,15,15,12,12,1,1,-12,-12,-12,45,45,45,45,18,18,18,-42,-42,-7,-7,-18,-18,-18,11,11,11,13,13,13,13,-2,-2,-2,6,6,-19,-19,-36,-36,-36,7,7,7,7,5,5,5,5,-6,-6,-6,5,5,-6,-6,-6,-16,-16,-16,-16,45,45,45,45,16,16,16,16,16,12,12,-19,-19,-2,-2,-2,33,33,33,33,96,96,96,96,15,15,29,29,27,27,27,46,46,46,46,28,28,28,28,31,31,26,26,-24,-24,17,17,17,18,18,18,18,42,42,42,14,14,18,18,-20,-20,-20,-8,-8,-8,33,33,33,-31,-31,-31,-31,-8,-8,-8,-8,-5,-5,9,9,-16,-16,-16,12,12,12,40,40,40,12,12,14,14,10,10,10,46,46,46,11,11,11,11,55,55,55,55,57,57,51,51,28,28,32,32,32,36,36,36,39,39,39,39,23,23,23,-18,-18,-36,-36,-9,-9,-9,49,49,49,49,43,43,43,13,13,29,29,-5,-5,-5,-7,-7,-7,80,80,80,80,74,74,74,22,22,22,-13,-13,-13,-22,-22,-22,45,45,45,45,6,6,6,-38,-38,-19,-19,-5,-5,-5,26,26,26,26,38,38,38,38,16,16,16,51,51,14,14,0,0,0,119,119,119,119,107,107,107,107,66,66,50,27,27,46,46,46,48,48,48,-6,-6,-6,4,4,-3,4,4,2,2,2,21,21,21,4,4,4,4,8,8,8,8,8,4,4,4,45,45,45,37,37,37,37,52,52,52,27,27,27,-3,-3,-11,-11,28,28,28,15,15,15,32,32,32,5,5,-7,-7,-14,-14,-3,-3,18,18,28,28,1,1,11,11,14,14,14,-3,-3,-3,45,45,45,45,30,30,30,13,13,12,12,23,23,4,4,4,-17,-17,-17,-7,-7,-6,-6,-39,-39,8,8,8,38,38,38,38,32,32,32,23,0,20,20,-35,-35,-12,-12,-16,-16,-11,-11,30,30,5,5,28,28,28,44,44,44,74,74,74,75,75,75,18,18,21,24,27,27,7,37,37,32,32,52,52,52,70,70,70,28,28,30,30,32,32,91,91
179,31.3420000000000023,11,41,11,11,-1,-1,55,55,65,65,57,57,57,52,52,68,68,53,53,50,50,50,48,48,48,27,27,30,30,24,24,9,9,9,26,26,26,5,5,5,27,27,29,29,6,6,6,7,7,7,34,34,34,34,47,47,47,47,-12,-12,-23,-23,-47,-47,-47,-4,-4,-4,-4,21,21,21,21,-28,-28,-15,-15,2,2,-17,-17,-17,3,3,3,0,0,0,0,42,42,-5,-5,-21,-21,-21,-31,-31,-31,-19,-19,-19,-19,28,28,11,11,23,23,22,22,22,36,36,36,39,39,39,42,42,26,26,21,21,21,50,50,50,50,13,13,13,13,16,16,16,2,2,21,21,-35,-35,-35,16,16,16,16,12,12,12,-42,-42,35,35,6,6,6,37,37,37,18,18,18,18,-4,-4,-4,-7,-7,6,6,-4,-4,-4,14,14,14,14,64,64,64,64,39,39,39,33,33,53,53,53,33,33,33,33,78,78,78,78,41,41,41,41,41,47,47,7,7,-15,-15,-15,82,82,82,82,65,65,65,65,66,66,61,61,41,41,41,81,81,81,81,62,62,62,62,56,56,79,79,14,14,39,39,39,17,17,17,17,75,75,75,27,27,30,30,25,25,25,23,23,23,21,21,21,43,43,43,43,-6,-6,-6,-6,-2,-2,5,5,0,0,0,45,45,45,9,9,9,-5,-5,14,14,45,45,45,39,39,39,29,29,29,29,60,60,60,60,61,61,48,48,24,24,42,42,42,39,39,39,9,9,9,9,24,24,24,-2,-2,-10,-10,-10,-10,-10,39,39,39,39,19,19,19,55,55,4,4,75,75,75,7,7,7,75,75,75,75,75,75,75,37,37,37,10,10,10,16,16,16,51,51,51,51,33,33,33,20,20,20,20,-9,-9,-9,48,48,48,48,68,68,68,68,45,45,45,37,37,21,21,54,54,54,122,122,122,122,92,92,92,92,66,66,71,55,55,59,59,59,49,49,49,59,59,59,35,35,9,23,23,59,59,59,68,68,68,23,23,23,23,11,11,11,11,11,43,43,43,57,57,57,51,51,51,51,72,72,72,17,17,17,20,20,15,15,39,39,39,32,32,32,37,37,37,45,45,22,22,16,16,2,2,2,2,35,35,37,37,37,37,58,58,58,21,21,21,50,50,50,50,33,33,33,51,51,27,27,38,38,45,45,45,-23,-23,-23,-6,-6,-13,-13,-32,-32,30,30,30,68,68,68,68,63,63,63,31,39,31,31,-37,-37,3,3,9,9,18,18,20,20,18,18,34,34,34,20,20,20,68,68,68,87,87,87,21,21,31,15,34,34,7,21,21,33,33,21,21,21,72,72,72,32,32,18,18,27,27,86,86
180,31.54200000000000159,31,55,51,51,49,49,76,76,101,101,73,73,73,97,97,136,136,90,90,70,70,70,74,74,74,14,14,59,59,52,52,71,71,71,48,48,48,9,9,9,58,58,49,49,68,68,68,60,60,60,50,50,50,50,36,36,36,36,-7,-7,26,26,24,24,24,-7,-7,-7,-7,-4,-4,-4,-4,7,7,25,25,40,40,57,57,57,35,35,35,23,23,23,23,60,60,30,30,37,37,37,12,12,12,13,13,13,13,40,40,25,25,44,44,38,38,38,42,42,42,47,47,47,31,31,64,64,88,88,88,57,57,57,57,36,36,36,36,8,8,8,50,50,37,37,29,29,29,13,13,13,13,27,27,27,21,21,46,46,27,27,27,38,38,38,29,29,29,29,18,18,18,49,49,66,66,49,49,49,70,70,70,70,58,58,58,58,83,83,83,96,96,116,116,116,58,58,58,58,136,136,136,136,65,65,65,65,65,65,65,74,74,42,42,42,142,142,142,142,82,82,82,82,120,120,118,118,91,91,91,85,85,85,85,82,82,82,82,118,118,98,98,98,98,106,106,106,49,49,49,49,80,80,80,85,85,50,50,47,47,47,100,100,100,112,112,112,81,81,81,81,23,23,23,23,33,33,36,36,42,42,42,81,81,81,48,48,48,41,41,44,44,74,74,74,54,54,54,29,29,29,29,79,79,79,79,30,30,82,82,52,52,66,66,66,19,19,19,20,20,20,20,59,59,59,54,54,64,64,27,27,27,55,55,55,55,43,43,43,72,72,76,76,98,98,98,48,48,48,85,85,85,85,87,87,87,22,22,22,58,58,58,48,48,48,73,73,73,73,84,84,84,34,34,39,39,40,40,40,92,92,92,92,78,78,78,78,75,75,75,47,47,63,63,71,71,71,108,108,108,108,104,104,104,104,95,95,82,86,86,89,89,89,93,93,93,93,93,93,81,81,102,106,106,109,109,109,94,94,94,37,37,37,37,60,60,60,60,60,101,101,101,122,122,122,76,76,76,76,54,54,54,29,29,29,52,52,66,66,67,67,67,57,57,57,64,64,64,55,55,55,55,46,46,47,47,56,56,76,76,48,48,53,53,84,84,84,63,63,63,76,76,76,76,74,74,74,70,70,109,109,97,97,55,55,55,34,34,34,19,19,54,54,46,46,80,80,80,95,95,95,95,97,97,97,69,82,43,43,39,39,40,40,51,51,36,36,48,48,45,45,54,54,54,75,75,75,90,90,90,88,88,88,30,30,49,18,32,32,24,21,21,60,60,40,40,40,67,67,67,50,50,17,17,18,18,73,73
181,31.74200000000000443,18,41,58,58,83,83,94,94,54,54,119,119,119,112,112,114,114,178,178,110,110,110,91,91,91,54,54,61,61,61,61,97,97,97,90,90,90,54,54,54,49,49,97,97,141,141,141,98,98,98,91,91,91,91,67,67,67,67,47,47,59,59,40,40,40,36,36,36,36,13,13,13,13,8,8,77,77,74,74,79,79,79,3,3,3,52,52,52,52,36,36,64,64,64,64,64,49,49,49,37,37,37,37,44,44,85,85,67,67,89,89,89,58,58,58,57,57,57,81,81,80,80,100,100,100,50,50,50,50,37,37,37,37,47,47,47,67,67,68,68,48,48,48,53,53,53,53,47,47,47,50,50,58,58,71,71,71,55,55,55,35,35,35,35,75,75,75,80,80,73,73,84,84,84,101,101,101,101,109,109,109,109,92,92,92,108,108,147,147,147,146,146,146,146,145,145,145,145,126,126,126,126,126,141,141,104,104,100,100,100,164,164,164,164,136,136,136,136,156,156,143,143,131,131,131,127,127,127,127,75,75,75,75,135,135,127,127,129,129,113,113,113,83,83,83,83,135,135,135,137,137,98,98,125,125,125,136,136,136,135,135,135,120,120,120,120,57,57,57,57,48,48,73,73,89,89,89,100,100,100,57,57,57,73,73,84,84,106,106,106,104,104,104,82,82,82,82,64,64,64,64,71,71,73,73,69,69,56,56,56,65,65,65,1,1,1,1,81,81,81,110,110,112,112,61,61,61,56,56,56,56,74,74,74,125,125,109,109,111,111,111,90,90,90,94,94,94,94,105,105,105,69,69,69,76,76,76,79,79,79,78,78,78,78,111,111,111,93,93,69,69,82,82,82,118,118,118,118,99,99,99,99,127,127,127,82,82,89,89,95,95,95,111,111,111,111,82,82,82,82,106,106,125,110,110,116,116,116,135,135,135,123,123,123,111,111,137,122,122,59,59,59,109,109,109,78,78,78,78,78,78,78,78,78,93,93,93,132,132,132,69,69,69,69,66,66,66,58,58,58,66,66,54,54,63,63,63,65,65,65,78,78,78,94,94,73,73,87,87,73,73,72,72,100,100,102,102,89,89,97,97,97,93,93,93,103,103,103,103,104,104,104,94,94,118,118,106,106,123,123,123,71,71,71,69,69,89,89,80,80,141,141,141,108,108,108,108,114,114,114,108,121,77,77,72,72,59,59,61,61,89,89,72,72,92,92,62,62,62,66,66,66,73,73,73,100,100,100,35,35,47,28,48,48,39,54,54,36,36,39,39,39,61,61,61,39,39,18,18,26,26,76,76
182,31.94200000000000372,20,32,54,54,44,44,54,54,58,58,115,115,115,125,125,94,94,126,126,59,59,59,41,41,41,68,68,35,35,40,40,66,66,66,66,66,66,77,77,77,74,74,91,91,120,120,120,93,93,93,73,73,73,73,46,46,46,46,49,49,108,108,101,101,101,17,17,17,17,39,39,39,39,68,68,83,83,72,72,49,49,49,14,14,14,54,54,54,54,36,36,48,48,38,38,38,40,40,40,33,33,33,33,42,42,79,79,82,82,62,62,62,73,73,73,86,86,86,60,60,56,56,101,101,101,64,64,64,64,32,32,32,32,47,47,47,74,74,60,60,21,21,21,35,35,35,35,47,47,47,74,74,62,62,49,49,49,41,41,41,45,45,45,45,43,43,43,51,51,66,66,95,95,95,84,84,84,84,124,124,124,124,132,132,132,134,134,114,114,114,101,101,101,101,146,146,146,146,181,181,181,181,181,128,128,174,174,136,136,136,160,160,160,160,127,127,127,127,154,154,128,128,78,78,78,114,114,114,114,122,122,122,122,120,120,130,130,130,130,93,93,93,61,61,61,61,78,78,78,106,106,104,104,129,129,129,117,117,117,138,138,138,144,144,144,144,100,100,100,100,58,58,76,76,133,133,133,149,149,149,106,106,106,104,104,86,86,78,78,78,82,82,82,117,117,117,117,67,67,67,67,90,90,58,58,48,48,67,67,67,83,83,83,18,18,18,18,113,113,113,102,102,114,114,71,71,71,68,68,68,68,85,85,85,97,97,114,114,129,129,129,142,142,142,101,101,101,101,94,94,94,56,56,56,73,73,73,109,109,109,67,67,67,67,106,106,106,80,80,80,80,90,90,90,129,129,129,129,102,102,102,102,122,122,122,86,86,114,114,87,87,87,117,117,117,117,131,131,131,131,95,95,130,96,96,119,119,119,150,150,150,152,152,152,132,132,121,113,113,24,24,24,55,55,55,88,88,88,88,99,99,99,99,99,92,92,92,128,128,128,64,64,64,64,32,32,32,75,75,75,103,103,46,46,48,48,48,32,32,32,73,73,73,65,65,75,75,77,77,89,89,103,103,95,95,92,92,72,72,131,131,131,103,103,103,83,83,83,83,120,120,120,101,101,91,91,113,113,104,104,104,81,81,81,89,89,104,104,64,64,126,126,126,107,107,107,107,103,103,103,103,120,57,57,42,42,59,59,72,72,88,88,74,74,101,101,76,76,76,47,47,47,118,118,118,55,55,55,32,32,49,56,65,65,49,43,43,26,26,58,58,58,64,64,64,40,40,49,49,32,32,50,50
183,32.14200000000000301,10,9,64,64,22,22,38,38,84,84,100,100,100,69,69,55,55,83,83,36,36,36,50,50,50,24,24,42,42,27,27,37,37,37,42,42,42,24,24,24,51,51,25,25,60,60,60,78,78,78,69,69,69,69,72,72,72,72,54,54,63,63,43,43,43,44,44,44,44,65,65,65,65,66,66,77,77,65,65,16,16,16,33,33,33,43,43,43,43,50,50,44,44,23,23,23,44,44,44,27,27,27,27,48,48,16,16,83,83,9,9,9,59,59,59,65,65,65,71,71,35,35,65,65,65,58,58,58,58,12,12,12,12,35,35,35,17,17,40,40,32,32,32,53,53,53,53,38,38,38,83,83,33,33,-9,-9,-9,40,40,40,17,17,17,17,39,39,39,24,24,-10,-10,20,20,20,77,77,77,77,117,117,117,117,51,51,51,79,79,60,60,60,112,112,112,112,124,124,124,124,166,166,166,166,166,135,135,146,146,138,138,138,206,206,206,206,99,99,99,99,93,93,73,73,76,76,76,113,113,113,113,20,20,20,20,101,101,110,110,88,88,95,95,95,57,57,57,57,87,87,87,94,94,65,65,100,100,100,146,146,146,98,98,98,134,134,134,134,87,87,87,87,98,98,78,78,66,66,66,150,150,150,125,125,125,107,107,77,77,92,92,92,85,85,85,88,88,88,88,93,93,93,93,69,69,47,47,49,49,70,70,70,67,67,67,1,1,1,1,90,90,90,70,70,50,50,34,34,34,-2,-2,-2,-2,71,71,71,97,97,117,117,127,127,127,92,92,92,81,81,81,81,67,67,67,45,45,45,62,62,62,66,66,66,50,50,50,50,81,81,81,73,73,40,40,64,64,64,147,147,147,147,99,99,99,99,128,128,128,77,77,92,92,101,101,101,53,53,53,53,99,99,99,99,74,74,112,91,91,115,115,115,110,110,110,190,190,190,115,115,43,15,15,-21,-21,-21,61,61,61,62,62,62,62,87,87,87,87,87,89,89,89,115,115,115,97,97,97,97,39,39,39,59,59,59,97,97,41,41,26,26,26,41,41,41,71,71,71,94,94,55,55,92,92,70,70,88,88,69,69,86,86,41,41,101,101,101,96,96,96,61,61,61,61,94,94,94,84,84,72,72,83,83,94,94,94,64,64,64,88,88,73,73,43,43,115,115,115,64,64,64,64,82,82,82,84,115,56,56,87,87,38,38,77,77,46,46,75,75,60,60,53,53,53,67,67,67,62,62,62,46,46,46,38,38,17,37,22,22,61,38,38,28,28,71,71,71,61,61,61,49,49,59,59,50,50,49,49
184,32.34200000000000585,54,53,31,31,59,59,30,30,9,9,40,40,40,55,55,-1,-1,35,35,10,10,10,4,4,4,33,33,31,31,56,56,15,15,15,16,16,16,26,26,26,38,38,67,67,70,70,70,40,40,40,58,58,58,58,64,64,64,64,63,63,73,73,63,63,63,58,58,58,58,49,49,49,49,62,62,49,49,19,19,18,18,18,51,51,51,52,52,52,52,41,41,33,33,8,8,8,32,32,32,35,35,35,35,27,27,27,27,65,65,-30,-30,-30,57,57,57,75,75,75,42,42,33,33,49,49,49,32,32,32,32,43,43,43,43,27,27,27,31,31,30,30,9,9,9,26,26,26,26,27,27,27,47,47,46,46,28,28,28,-8,-8,-8,32,32,32,32,25,25,25,36,36,-2,-2,30,30,30,46,46,46,46,116,116,116,116,74,74,74,87,87,56,56,56,116,116,116,116,44,44,44,44,128,128,128,128,128,119,119,153,153,112,112,112,130,130,130,130,87,87,87,87,72,72,57,57,51,51,51,102,102,102,102,70,70,70,70,78,78,76,76,55,55,57,57,57,65,65,65,65,55,55,55,58,58,58,58,61,61,61,131,131,131,61,61,61,98,98,98,98,72,72,72,72,88,88,99,99,85,85,85,94,94,94,62,62,62,133,133,86,86,48,48,48,78,78,78,70,70,70,70,50,50,50,50,4,4,47,47,30,30,73,73,73,75,75,75,7,7,7,7,113,113,113,44,44,25,25,12,12,12,42,42,42,42,26,26,26,70,70,90,90,124,124,124,119,119,119,49,49,49,49,72,72,72,71,71,71,68,68,68,44,44,44,50,50,50,50,71,71,71,76,76,37,37,49,49,49,128,128,128,128,118,118,118,118,92,92,92,88,88,107,107,93,93,93,59,59,59,59,78,78,78,78,95,95,84,105,105,109,109,109,103,103,103,184,184,184,79,79,30,-7,-7,27,27,27,112,112,112,84,84,84,84,57,57,57,57,57,88,88,88,170,170,170,94,94,94,94,50,50,50,55,55,55,84,84,70,70,22,22,22,42,42,42,72,72,72,59,59,47,47,46,46,69,69,96,96,57,57,67,67,33,33,81,81,81,86,86,86,30,30,30,30,79,79,79,57,57,68,68,85,85,91,91,91,36,36,36,96,96,89,89,25,25,59,59,59,47,47,47,47,64,64,64,90,120,47,47,64,64,40,40,73,73,74,74,80,80,81,81,46,46,46,28,28,28,68,68,68,25,25,25,31,31,35,29,37,37,64,47,47,25,25,71,71,71,57,57,57,46,46,54,54,54,54,43,43
185,32.54200000000000159,29,34,31,31,28,28,53,53,66,66,34,34,34,26,26,10,10,3,3,16,16,16,16,16,16,66,66,30,30,46,46,3,3,3,11,11,11,26,26,26,58,58,16,16,17,17,17,27,27,27,23,23,23,23,64,64,64,64,54,54,55,55,63,63,63,36,36,36,36,46,46,46,46,38,38,7,7,20,20,61,61,61,3,3,3,8,8,8,8,8,8,50,50,11,11,11,57,57,57,32,32,32,32,46,46,69,69,60,60,66,66,66,34,34,34,41,41,41,48,48,26,26,35,35,35,3,3,3,3,-2,-2,-2,-2,3,3,3,43,43,12,12,29,29,29,3,3,3,3,14,14,14,55,55,34,34,11,11,11,8,8,8,45,45,45,45,33,33,33,54,54,17,17,14,14,14,72,72,72,72,18,18,18,18,74,74,74,80,80,64,64,64,49,49,49,49,26,26,26,26,119,119,119,119,119,79,79,110,110,114,114,114,159,159,159,159,60,60,60,60,60,60,25,25,53,53,53,67,67,67,67,65,65,65,65,63,63,71,71,29,29,67,67,67,24,24,24,24,36,36,36,37,37,42,42,68,68,68,90,90,90,63,63,63,54,54,54,54,72,72,72,72,83,83,84,84,35,35,35,99,99,99,115,115,115,103,103,95,95,57,57,57,47,47,47,66,66,66,66,39,39,39,39,25,25,50,50,50,50,65,65,65,70,70,70,43,43,43,43,81,81,81,20,20,37,37,18,18,18,36,36,36,36,16,16,16,56,56,69,69,104,104,104,102,102,102,53,53,53,53,50,50,50,56,56,56,65,65,65,59,59,59,46,46,46,46,38,38,38,109,109,47,47,35,35,35,117,117,117,117,124,124,124,124,107,107,107,88,88,83,83,108,108,108,56,56,56,56,81,81,81,81,72,72,81,89,89,98,98,98,101,101,101,173,173,173,66,66,12,-25,-25,87,87,87,117,117,117,47,47,47,47,50,50,50,50,50,117,117,117,149,149,149,124,124,124,124,67,67,67,42,42,42,80,80,80,80,7,7,7,28,28,28,59,59,59,77,77,62,62,61,61,70,70,80,80,72,72,45,45,14,14,55,55,55,83,83,83,45,45,45,45,46,46,46,61,61,83,83,79,79,62,62,62,51,51,51,68,68,83,83,31,31,30,30,30,23,23,23,23,45,45,45,82,115,76,76,97,97,58,58,97,97,61,61,91,91,84,84,42,42,42,56,56,56,72,72,72,33,33,33,55,55,48,51,31,31,42,54,54,29,29,60,60,60,57,57,57,32,32,54,54,62,62,50,50
186,32.74200000000000443,46,77,35,35,38,38,28,28,10,10,16,16,16,32,32,7,7,-4,-4,39,39,39,-1,-1,-1,33,33,12,12,37,37,10,10,10,5,5,5,26,26,26,21,21,24,24,1,1,1,13,13,13,18,18,18,18,-4,-4,-4,-4,69,69,39,39,36,36,36,41,41,41,41,6,6,6,6,5,5,33,33,21,21,39,39,39,36,36,36,21,21,21,21,15,15,37,37,26,26,26,-3,-3,-3,18,18,18,18,21,21,27,27,52,52,75,75,75,25,25,25,30,30,30,24,24,62,62,41,41,41,19,19,19,19,-18,-18,-18,-18,25,25,25,32,32,19,19,25,25,25,21,21,21,21,8,8,8,71,71,35,35,36,36,36,-14,-14,-14,39,39,39,39,29,29,29,76,76,29,29,32,32,32,35,35,35,35,36,36,36,36,65,65,65,77,77,30,30,30,33,33,33,33,53,53,53,53,80,80,80,80,80,105,105,125,125,107,107,107,117,117,117,117,79,79,79,79,74,74,53,53,32,32,32,66,66,66,66,33,33,33,33,62,62,64,64,38,38,47,47,47,44,44,44,44,35,35,35,38,38,62,62,66,66,66,45,45,45,25,25,25,69,69,69,69,89,89,89,89,68,68,86,86,39,39,39,38,38,38,70,70,70,107,107,94,94,66,66,66,39,39,39,37,37,37,37,57,57,57,57,30,30,43,43,50,50,64,64,64,60,60,60,35,35,35,35,84,84,84,53,53,68,68,31,31,31,33,33,33,33,7,7,7,63,63,54,54,117,117,117,76,76,76,22,22,22,22,86,86,86,72,72,72,90,90,90,98,98,98,39,39,39,39,59,59,59,86,86,55,55,63,63,63,112,112,112,112,103,103,103,103,110,110,110,78,78,87,87,54,54,54,42,42,42,42,78,78,78,78,118,118,71,103,103,79,79,79,67,67,67,93,93,93,45,45,7,5,5,82,82,82,48,48,48,52,52,52,52,35,35,35,35,35,109,109,109,83,83,83,84,84,84,84,45,45,45,58,58,58,71,71,54,54,41,41,41,32,32,32,50,50,50,81,81,62,62,74,74,71,71,75,75,49,49,25,25,61,61,48,48,48,63,63,63,44,44,44,44,52,52,52,53,53,69,69,85,85,76,76,76,91,91,91,89,89,49,49,27,27,15,15,15,51,51,51,51,57,57,57,93,134,69,69,95,95,63,63,72,72,75,75,49,49,59,59,41,41,41,56,56,56,48,48,48,55,55,55,70,70,53,50,59,59,33,45,45,49,49,57,57,57,46,46,46,36,36,5,5,33,33,31,31
187,32.94200000000000017,48,90,19,19,46,46,13,13,25,25,0,0,0,17,17,32,32,17,17,27,27,27,-10,-10,-10,33,33,21,21,12,12,8,8,8,7,7,7,32,32,32,14,14,-10,-10,3,3,3,2,2,2,14,14,14,14,42,42,42,42,50,50,30,30,86,86,86,26,26,26,26,-5,-5,-5,-5,-6,-6,5,5,4,4,7,7,7,21,21,21,38,38,38,38,7,7,26,26,41,41,41,4,4,4,31,31,31,31,5,5,19,19,-23,-23,27,27,27,20,20,20,-5,-5,-5,29,29,-16,-16,20,20,20,-18,-18,-18,-18,-10,-10,-10,-10,-1,-1,-1,13,13,-10,-10,17,17,17,21,21,21,21,27,27,27,23,23,13,13,11,11,11,1,1,1,2,2,2,2,22,22,22,8,8,22,22,37,37,37,35,35,35,35,-3,-3,-3,-3,20,20,20,44,44,24,24,24,-18,-18,-18,-18,109,109,109,109,62,62,62,62,62,52,52,91,91,83,83,83,84,84,84,84,82,82,82,82,47,47,11,11,1,1,1,34,34,34,34,34,34,34,34,53,53,79,79,14,14,38,38,38,13,13,13,13,2,2,2,44,44,73,73,63,63,63,48,48,48,31,31,31,38,38,38,38,123,123,123,123,82,82,46,46,36,36,36,32,32,32,66,66,66,45,45,77,77,53,53,53,49,49,49,32,32,32,32,53,53,53,53,26,26,68,68,47,47,83,83,83,67,67,67,119,119,119,119,37,37,37,18,18,47,47,49,49,49,23,23,23,23,42,42,42,61,61,57,57,72,72,72,53,53,53,47,47,47,47,64,64,64,104,104,104,83,83,83,44,44,44,49,49,49,49,32,32,32,100,100,47,47,57,57,57,89,89,89,89,65,65,65,65,114,114,114,64,64,51,51,61,61,61,59,59,59,59,102,102,102,102,98,98,48,72,72,70,70,70,20,20,20,29,29,29,23,23,-25,-28,-28,6,6,6,18,18,18,37,37,37,37,46,46,46,46,46,104,104,104,37,37,37,45,45,45,45,73,73,73,32,32,32,44,44,26,26,48,48,48,56,56,56,37,37,37,64,64,52,52,58,58,58,58,70,70,34,34,45,45,7,7,39,39,39,53,53,53,47,47,47,47,67,67,67,59,59,47,47,62,62,48,48,48,85,85,85,89,89,52,52,15,15,16,16,16,51,51,51,51,53,53,53,92,116,67,67,78,78,43,43,47,47,31,31,21,21,38,38,29,29,29,46,46,46,55,55,55,42,42,42,85,85,51,74,54,54,53,46,46,24,24,51,51,51,17,17,17,16,16,-7,-7,4,4,34,34
188,33.14200000000000301,22,24,48,48,-8,-8,-8,-8,3,3,-7,-7,-7,-1,-1,16,16,-15,-15,14,14,14,1,1,1,45,45,14,14,-2,-2,5,5,5,-6,-6,-6,-18,-18,-18,-2,-2,-8,-8,-13,-13,-13,-6,-6,-6,55,55,55,55,21,21,21,21,12,12,8,8,-3,-3,-3,9,9,9,9,6,6,6,6,-11,-11,11,11,-34,-34,-17,-17,-17,8,8,8,-12,-12,-12,-12,-2,-2,-2,-2,-7,-7,-7,17,17,17,-4,-4,-4,-4,-39,-39,4,4,-41,-41,-19,-19,-19,4,4,4,-10,-10,-10,-19,-19,-31,-31,-13,-13,-13,-20,-20,-20,-20,4,4,4,4,-5,-5,-5,-8,-8,-8,-8,-2,-2,-2,28,28,28,28,0,0,0,-1,-1,-20,-20,3,3,3,0,0,0,10,10,10,10,-16,-16,-16,-35,-35,20,20,53,53,53,7,7,7,7,-14,-14,-14,-14,12,12,12,23,23,8,8,8,-2,-2,-2,-2,42,42,42,42,32,32,32,32,32,26,26,36,36,41,41,41,70,70,70,70,57,57,57,57,41,41,39,39,8,8,8,43,43,43,43,41,41,41,41,18,18,35,35,-12,-12,43,43,43,1,1,1,1,18,18,18,-11,-11,49,49,54,54,54,11,11,11,9,9,9,20,20,20,20,71,71,71,71,21,21,20,20,12,12,12,10,10,10,86,86,86,93,93,49,49,39,39,39,24,24,24,37,37,37,37,40,40,40,40,12,12,36,36,33,33,40,40,40,65,65,65,81,81,81,81,34,34,34,21,21,37,37,13,13,13,26,26,26,26,25,25,25,11,11,45,45,47,47,47,35,35,35,47,47,47,47,72,72,72,43,43,43,55,55,55,8,8,8,38,38,38,38,3,3,3,59,59,58,58,37,37,37,74,74,74,74,67,67,67,67,69,69,69,24,24,24,24,-7,-7,-7,45,45,45,45,84,84,84,84,67,67,17,46,46,49,49,49,13,13,13,5,5,5,-3,-3,-10,-44,-44,-38,-38,-38,6,6,6,30,30,30,30,37,37,37,37,37,51,51,51,-7,-7,-7,16,16,16,16,34,34,34,24,24,24,0,0,12,12,31,31,31,26,26,26,21,21,21,26,26,25,25,46,46,46,46,26,26,-16,-16,31,31,31,31,17,17,17,10,10,10,16,16,16,16,52,52,52,52,52,7,7,55,55,43,43,43,72,72,72,53,53,25,25,-5,-5,15,15,15,59,59,59,59,74,74,74,77,86,47,47,16,16,15,15,26,26,20,20,30,30,15,15,40,40,40,22,22,22,35,35,35,44,44,44,37,37,34,53,46,46,43,30,30,4,4,5,5,5,7,7,7,8,8,16,16,6,6,15,15
189,33.34200000000000585,20,3,32,32,-6,-6,-23,-23,-14,-14,-68,-68,-68,-7,-7,-5,-5,-4,-4,0,0,0,-13,-13,-13,26,26,0,0,7,7,-9,-9,-9,-24,-24,-24,27,27,27,-17,-17,4,4,-17,-17,-17,-28,-28,-28,3,3,3,3,7,7,7,7,-2,-2,-9,-9,-8,-8,-8,-20,-20,-20,-20,-19,-19,-19,-19,-54,-54,-16,-16,-46,-46,-44,-44,-44,29,29,29,-23,-23,-23,-23,-36,-36,-44,-44,-12,-12,-12,31,31,31,8,8,8,8,-29,-29,-10,-10,-63,-63,-49,-49,-49,-3,-3,-3,-34,-34,-34,-8,-8,-48,-48,-35,-35,-35,-18,-18,-18,-18,-1,-1,-1,-1,-7,-7,-7,14,14,-26,-26,-32,-32,-32,-17,-17,-17,-17,-30,-30,-30,-59,-59,-41,-41,-29,-29,-29,10,10,10,11,11,11,11,-23,-23,-23,6,6,14,14,-8,-8,-8,11,11,11,11,-40,-40,-40,-40,5,5,5,-16,-16,-24,-24,-24,-9,-9,-9,-9,27,27,27,27,10,10,10,10,10,35,35,21,21,-4,-4,-4,44,44,44,44,51,51,51,51,-6,-6,-2,-2,-6,-6,-6,17,17,17,17,-19,-19,-19,-19,-3,-3,24,24,-4,-4,40,40,40,13,13,13,13,50,50,50,-11,-11,36,36,21,21,21,-7,-7,-7,-6,-6,-6,53,53,53,53,46,46,46,46,32,32,14,14,23,23,23,2,2,2,75,75,75,25,25,21,21,17,17,17,7,7,7,31,31,31,31,13,13,13,13,19,19,30,30,32,32,51,51,51,57,57,57,86,86,86,86,4,4,4,6,6,16,16,33,33,33,37,37,37,37,39,39,39,7,7,7,7,3,3,3,32,32,32,39,39,39,39,34,34,34,34,34,34,52,52,52,27,27,27,14,14,14,14,9,9,9,15,15,43,43,26,26,26,73,73,73,73,36,36,36,36,21,21,21,5,5,2,2,-26,-26,-26,13,13,13,13,45,45,45,45,40,40,-31,10,10,10,10,10,4,4,4,35,35,35,-11,-11,-27,-59,-59,-33,-33,-33,41,41,41,38,38,38,38,30,30,30,30,30,11,11,11,-41,-41,-41,12,12,12,12,4,4,4,-4,-4,-4,7,7,9,9,26,26,26,35,35,35,-5,-5,-5,-19,-19,15,15,16,16,31,31,29,29,-7,-7,2,2,17,17,-8,-8,-8,3,3,3,13,13,13,13,13,13,13,18,18,2,2,16,16,24,24,24,52,52,52,55,55,38,38,30,30,24,24,24,58,58,58,58,74,74,74,72,60,25,25,-8,-8,25,25,15,15,-5,-5,17,17,15,15,16,16,16,38,38,38,38,38,38,18,18,18,37,37,19,38,29,29,12,31,31,10,10,-41,-41,-41,26,26,26,-9,-9,-29,-29,-17,-17,22,22
190,33.54200000000000159,-16,-41,33,33,-27,-27,-21,-21,16,16,-23,-23,-23,-52,-52,36,36,6,6,8,8,8,28,28,28,-4,-4,-1,-1,8,8,-22,-22,-22,3,3,3,-16,-16,-16,-35,-35,-22,-22,-49,-49,-49,-20,-20,-20,-16,-16,-16,-16,5,5,5,5,-23,-23,-50,-50,-37,-37,-37,4,4,4,4,-30,-30,-30,-30,-10,-10,-51,-51,-50,-50,-35,-35,-35,16,16,16,-19,-19,-19,-19,-25,-25,-15,-15,-23,-23,-23,-18,-18,-18,5,5,5,5,-16,-16,-28,-28,-45,-45,14,14,14,-19,-19,-19,-29,-29,-29,-45,-45,-30,-30,-26,-26,-26,-15,-15,-15,-15,-15,-15,-15,-15,-19,-19,-19,-9,-9,-28,-28,-38,-38,-38,-30,-30,-30,-30,-31,-31,-31,-74,-74,-46,-46,-35,-35,-35,2,2,2,-3,-3,-3,-3,-19,-19,-19,4,4,-21,-21,-22,-22,-22,-23,-23,-23,-23,-28,-28,-28,-28,-25,-25,-25,-34,-34,-7,-7,-7,-1,-1,-1,-1,-1,-1,-1,-1,20,20,20,20,20,16,16,5,5,-2,-2,-2,35,35,35,35,63,63,63,63,-7,-7,10,10,12,12,12,4,4,4,4,-28,-28,-28,-28,-19,-19,27,27,-10,-10,44,44,44,17,17,17,17,6,6,6,7,7,45,45,20,20,20,-22,-22,-22,-38,-38,-38,33,33,33,33,-16,-16,-16,-16,8,8,27,27,18,18,18,1,1,1,48,48,48,24,24,8,8,-7,-7,-7,53,53,53,33,33,33,33,17,17,17,17,35,35,21,21,26,26,23,23,23,47,47,47,63,63,63,63,35,35,35,4,4,-7,-7,35,35,35,2,2,2,2,20,20,20,27,27,16,16,-7,-7,-7,-3,-3,-3,40,40,40,40,35,35,35,2,2,2,11,11,11,-27,-27,-27,12,12,12,12,-21,-21,-21,2,2,27,27,3,3,3,49,49,49,49,36,36,36,36,13,13,13,26,26,-14,-14,-26,-26,-26,-17,-17,-17,-17,37,37,37,37,27,27,-16,-37,-37,-6,-6,-6,-16,-16,-16,16,16,16,11,11,-12,-32,-32,-5,-5,-5,62,62,62,69,69,69,69,33,33,33,33,33,-20,-20,-20,-35,-35,-35,13,13,13,13,9,9,9,6,6,6,-26,-26,-11,-11,19,19,19,-5,-5,-5,-22,-22,-22,-26,-26,-2,-2,1,1,9,9,9,9,19,19,-1,-1,16,16,-13,-13,-13,-11,-11,-11,16,16,16,16,-6,-6,-6,18,18,-23,-23,-1,-1,26,26,26,31,31,31,39,39,20,20,46,46,30,30,30,47,47,47,47,57,57,57,59,58,25,25,0,0,4,4,13,13,-6,-6,15,15,14,14,5,5,5,14,14,14,21,21,21,24,24,24,21,21,23,13,8,8,-5,11,11,13,13,-15,-15,-15,-10,-10,-10,-11,-11,-7,-7,-22,-22,21,21
191,33.74200000000000443,-26,1,-10,-10,-39,-39,-48,-48,-14,-14,-8,-8,-8,-20,-20,-4,-4,12,12,-6,-6,-6,46,46,46,14,14,0,0,-5,-5,-9,-9,-9,12,12,12,10,10,10,-40,-40,1,1,-53,-53,-53,21,21,21,-7,-7,-7,-7,-2,-2,-2,-2,6,6,-38,-38,-37,-37,-37,-33,-33,-33,-33,-57,-57,-57,-57,-26,-26,-54,-54,-33,-33,-5,-5,-5,-16,-16,-16,-26,-26,-26,-26,-36,-36,-18,-18,-32,-32,-32,-9,-9,-9,-4,-4,-4,-4,-13,-13,-9,-9,-20,-20,-16,-16,-16,-26,-26,-26,-33,-33,-33,-38,-38,31,31,-33,-33,-33,-9,-9,-9,-9,-1,-1,-1,-1,-4,-4,-4,20,20,4,4,-39,-39,-39,-3,-3,-3,-3,-21,-21,-21,-66,-66,-57,-57,-19,-19,-19,16,16,16,-31,-31,-31,-31,-24,-24,-24,-53,-53,-36,-36,-10,-10,-10,-35,-35,-35,-35,-32,-32,-32,-32,-12,-12,-12,-18,-18,16,16,16,6,6,6,6,28,28,28,28,15,15,15,15,15,-20,-20,-1,-1,-6,-6,-6,-10,-10,-10,-10,59,59,59,59,14,14,13,13,-21,-21,-21,-13,-13,-13,-13,-5,-5,-5,-5,-27,-27,13,13,-9,-9,20,20,20,32,32,32,32,47,47,47,23,23,-25,-25,4,4,4,-35,-35,-35,-9,-9,-9,40,40,40,40,27,27,27,27,-5,-5,13,13,-11,-11,-11,34,34,34,61,61,61,-17,-17,-7,-7,6,6,6,4,4,4,-18,-18,-18,-18,1,1,1,1,38,38,17,17,46,46,21,21,21,42,42,42,29,29,29,29,18,18,18,1,1,16,16,2,2,2,37,37,37,37,16,16,16,16,16,-2,-2,-15,-15,-15,-21,-21,-21,27,27,27,27,36,36,36,5,5,5,29,29,29,-17,-17,-17,14,14,14,14,-35,-35,-35,-23,-23,5,5,-11,-11,-11,50,50,50,50,8,8,8,8,-11,-11,-11,10,10,-25,-25,-23,-23,-23,12,12,12,12,26,26,26,26,17,17,-51,-12,-12,-27,-27,-27,-24,-24,-24,-25,-25,-25,-1,-1,-15,1,1,13,13,13,45,45,45,37,37,37,37,52,52,52,52,52,-10,-10,-10,6,6,6,18,18,18,18,37,37,37,4,4,4,-17,-17,30,30,12,12,12,0,0,0,-9,-9,-9,-36,-36,-12,-12,30,30,2,2,-34,-34,1,1,27,27,29,29,4,4,4,-21,-21,-21,9,9,9,9,12,12,12,-16,-16,15,15,19,19,14,14,14,44,44,44,31,31,47,47,52,52,27,27,27,38,38,38,38,82,82,82,73,53,14,14,3,3,18,18,0,0,3,3,1,1,-10,-10,5,5,5,5,5,5,17,17,17,27,27,27,11,11,17,-9,-4,-4,-14,0,0,10,10,-24,-24,-24,-28,-28,-28,-39,-39,-22,-22,-25,-25,8,8
192,33.94200000000000017,-22,-4,-2,-2,-17,-17,8,8,20,20,-3,-3,-3,-3,-3,24,24,43,43,3,3,3,28,28,28,-8,-8,3,3,12,12,6,6,6,-11,-11,-11,-32,-32,-32,-16,-16,-20,-20,-6,-6,-6,-24,-24,-24,16,16,16,16,-14,-14,-14,-14,-6,-6,-12,-12,-39,-39,-39,10,10,10,10,9,9,9,9,14,14,-15,-15,1,1,-11,-11,-11,-9,-9,-9,2,2,2,2,-6,-6,-21,-21,-6,-6,-6,-30,-30,-30,-30,-30,-30,-30,-20,-20,8,8,-12,-12,1,1,1,-3,-3,-3,-15,-15,-15,-1,-1,-1,-1,-37,-37,-37,-9,-9,-9,-9,0,0,0,0,1,1,1,-2,-2,2,2,-9,-9,-9,12,12,12,12,-9,-9,-9,-17,-17,-21,-21,9,9,9,0,0,0,-33,-33,-33,-33,-27,-27,-27,-10,-10,-16,-16,-8,-8,-8,-27,-27,-27,-27,2,2,2,2,-1,-1,-1,18,18,25,25,25,-6,-6,-6,-6,40,40,40,40,15,15,15,15,15,24,24,-18,-18,-5,-5,-5,42,42,42,42,46,46,46,46,14,14,17,17,19,19,19,12,12,12,12,20,20,20,20,9,9,22,22,11,11,44,44,44,37,37,37,37,8,8,8,43,43,-14,-14,-66,-66,-66,4,4,4,-16,-16,-16,27,27,27,27,4,4,4,4,-15,-15,21,21,33,33,33,13,13,13,8,8,8,-8,-8,-9,-9,13,13,13,11,11,11,16,16,16,16,25,25,25,25,35,35,44,44,37,37,20,20,20,27,27,27,34,34,34,34,47,47,47,1,1,-37,-37,55,55,55,33,33,33,33,14,14,14,20,20,16,16,-33,-33,-33,-31,-31,-31,53,53,53,53,31,31,31,11,11,11,-10,-10,-10,-22,-22,-22,26,26,26,26,19,19,19,-18,-18,13,13,23,23,23,39,39,39,39,18,18,18,18,9,9,9,11,11,-11,-11,-14,-14,-14,24,24,24,24,27,27,27,27,14,14,3,-11,-11,-7,-7,-7,-3,-3,-3,-38,-38,-38,22,22,25,50,50,49,49,49,36,36,36,77,77,77,77,24,24,24,24,24,-4,-4,-4,1,1,1,-4,-4,-4,-4,14,14,14,3,3,3,-19,-19,19,19,13,13,13,-4,-4,-4,-3,-3,-3,-6,-6,9,9,19,19,22,22,-3,-3,4,4,8,8,-1,-1,15,15,15,-18,-18,-18,5,5,5,5,34,34,34,16,16,31,31,6,6,15,15,15,40,40,40,63,63,54,54,61,61,25,25,25,48,48,48,48,87,87,87,54,35,44,44,10,10,29,29,-10,-10,-17,-17,-9,-9,9,9,19,19,19,-1,-1,-1,20,20,20,11,11,11,9,9,-4,1,0,0,-18,3,3,7,7,-36,-36,-36,-12,-12,-12,-20,-20,-39,-39,-18,-18,30,30
193,34.14200000000000301,19,-3,-8,-8,-9,-9,9,9,-16,-16,-4,-4,-4,-23,-23,20,20,20,20,9,9,9,35,35,35,7,7,2,2,-20,-20,10,10,10,15,15,15,15,15,15,-8,-8,4,4,1,1,1,-3,-3,-3,34,34,34,34,10,10,10,10,47,47,9,9,8,8,8,25,25,25,25,-10,-10,-10,-10,6,6,17,17,33,33,30,30,30,-13,-13,-13,-7,-7,-7,-7,18,18,-2,-2,-3,-3,-3,-14,-14,-14,18,18,18,18,17,17,-7,-7,4,4,24,24,24,-19,-19,-19,3,3,3,-15,-15,14,14,-3,-3,-3,7,7,7,7,34,34,34,34,-4,-4,-4,11,11,24,24,-9,-9,-9,-1,-1,-1,-1,-9,-9,-9,-18,-18,-9,-9,3,3,3,-22,-22,-22,26,26,26,26,24,24,24,36,36,-6,-6,1,1,1,10,10,10,10,4,4,4,4,29,29,29,4,4,50,50,50,12,12,12,12,67,67,67,67,29,29,29,29,29,23,23,32,32,25,25,25,113,113,113,113,55,55,55,55,14,14,14,14,3,3,3,14,14,14,14,32,32,32,32,-4,-4,31,31,43,43,35,35,35,25,25,25,25,16,16,16,44,44,13,13,33,33,33,-8,-8,-8,12,12,12,107,107,107,107,42,42,42,42,3,3,-9,-9,12,12,12,57,57,57,10,10,10,8,8,3,3,6,6,6,30,30,30,18,18,18,18,12,12,12,12,26,26,26,26,49,49,52,52,52,17,17,17,12,12,12,12,49,49,49,10,10,22,22,46,46,46,41,41,41,41,16,16,16,12,12,35,35,9,9,9,-17,-17,-17,63,63,63,63,22,22,22,-8,-8,-8,25,25,25,-3,-3,-3,21,21,21,21,22,22,22,-17,-17,24,24,2,2,2,30,30,30,30,19,19,19,19,21,21,21,6,6,-8,-8,-15,-15,-15,40,40,40,40,24,24,24,24,11,11,-11,-7,-7,37,37,37,-27,-27,-27,-64,-64,-64,33,33,55,49,49,19,19,19,1,1,1,77,77,77,77,46,46,46,46,46,-13,-13,-13,-5,-5,-5,12,12,12,12,4,4,4,10,10,10,10,10,6,6,3,3,3,8,8,8,18,18,18,0,0,34,34,35,35,28,28,-4,-4,3,3,17,17,9,9,29,29,29,-11,-11,-11,14,14,14,14,18,18,18,16,16,21,21,21,21,56,56,56,43,43,43,92,92,67,67,55,55,33,33,33,29,29,29,29,63,63,63,58,37,31,31,-8,-8,31,31,-12,-12,-15,-15,0,0,7,7,10,10,10,6,6,6,2,2,2,-6,-6,-6,-11,-11,17,-5,-4,-4,-14,11,11,26,26,-5,-5,-5,-19,-19,-19,-18,-18,-16,-16,-11,-11,8,8
194,34.34200000000000585,19,-7,23,23,-10,-10,-8,-8,23,23,-22,-22,-22,23,23,2,2,-27,-27,-21,-21,-21,-7,-7,-7,9,9,7,7,-22,-22,25,25,25,17,17,17,14,14,14,12,12,-6,-6,8,8,8,-19,-19,-19,18,18,18,18,25,25,25,25,19,19,11,11,-10,-10,-10,26,26,26,26,9,9,9,9,56,56,15,15,22,22,44,44,44,-2,-2,-2,8,8,8,8,15,15,16,16,7,7,7,-27,-27,-27,9,9,9,9,-19,-19,-15,-15,-14,-14,-10,-10,-10,-2,-2,-2,-32,-32,-32,6,6,16,16,-34,-34,-34,20,20,20,20,16,16,16,16,20,20,20,13,13,22,22,10,10,10,-9,-9,-9,-9,20,20,20,-10,-10,-7,-7,14,14,14,-8,-8,-8,19,19,19,19,5,5,5,10,10,17,17,5,5,5,0,0,0,0,25,25,25,25,16,16,16,22,22,30,30,30,19,19,19,19,30,30,30,30,46,46,46,46,46,22,22,7,7,12,12,12,66,66,66,66,41,41,41,41,45,45,10,10,0,0,0,13,13,13,13,30,30,30,30,20,20,42,42,23,23,19,19,19,35,35,35,35,16,16,16,21,21,10,10,43,43,43,55,55,55,49,49,49,92,92,92,92,38,38,38,38,20,20,3,3,3,3,3,36,36,36,13,13,13,32,32,10,10,23,23,23,56,56,56,30,30,30,30,38,38,38,38,29,29,33,33,27,27,39,39,39,60,60,60,14,14,14,14,31,31,31,24,24,4,4,81,81,81,54,54,54,54,47,47,47,42,42,39,39,1,1,1,-20,-20,-20,47,47,47,47,13,13,13,11,11,11,27,27,27,2,2,2,36,36,36,36,38,38,38,-40,-40,12,12,12,12,12,24,24,24,24,6,6,6,6,28,28,28,5,5,9,9,1,1,1,56,56,56,56,35,35,35,35,24,24,-12,-19,-19,-18,-18,-18,-18,-18,-18,-31,-31,-31,67,67,63,63,63,-7,-7,-7,5,5,5,68,68,68,68,28,28,28,28,28,-24,-24,-24,12,12,12,-11,-11,-11,-11,7,7,7,16,16,16,0,0,-7,-7,-14,-14,-14,-3,-3,-3,2,2,2,23,23,5,5,6,6,6,6,-34,-34,12,12,12,12,23,23,22,22,22,2,2,2,21,21,21,21,30,30,30,1,1,32,32,11,11,48,48,48,49,49,49,74,74,47,47,44,44,20,20,20,46,46,46,46,45,45,45,19,-9,21,21,-11,-11,-12,-12,-13,-13,-7,-7,-2,-2,7,7,24,24,24,-24,-24,-24,-1,-1,-1,-10,-10,-10,3,3,-7,5,17,17,4,-3,-3,-1,-1,-26,-26,-26,-6,-6,-6,13,13,-10,-10,-4,-4,-2,-2
195,34.54200000000000159,-3,-15,-3,-3,-36,-36,-7,-7,7,7,-5,-5,-5,-30,-30,-1,-1,10,10,4,4,4,12,12,12,5,5,-25,-25,-14,-14,6,6,6,16,16,16,4,4,4,-12,-12,18,18,2,2,2,9,9,9,4,4,4,4,13,13,13,13,23,23,25,25,-5,-5,-5,1,1,1,1,37,37,37,37,-3,-3,0,0,11,11,14,14,14,-7,-7,-7,-17,-17,-17,-17,12,12,3,3,12,12,12,-18,-18,-18,5,5,5,5,14,14,7,7,21,21,-11,-11,-11,-26,-26,-26,11,11,11,11,11,19,19,-4,-4,-4,15,15,15,15,9,9,9,9,1,1,1,2,2,29,29,-2,-2,-2,18,18,18,18,33,33,33,23,23,-23,-23,15,15,15,0,0,0,11,11,11,11,-3,-3,-3,2,2,17,17,8,8,8,-36,-36,-36,-36,10,10,10,10,44,44,44,0,0,35,35,35,18,18,18,18,-8,-8,-8,-8,28,28,28,28,28,12,12,-6,-6,27,27,27,58,58,58,58,43,43,43,43,4,4,20,20,5,5,5,-18,-18,-18,-18,17,17,17,17,-2,-2,44,44,-2,-2,8,8,8,17,17,17,17,-16,-16,-16,24,24,26,26,67,67,67,64,64,64,82,82,82,48,48,48,48,17,17,17,17,-2,-2,-28,-28,10,10,10,24,24,24,21,21,21,4,4,17,17,9,9,9,32,32,32,16,16,16,16,-10,-10,-10,-10,33,33,5,5,28,28,59,59,59,17,17,17,-21,-21,-21,-21,33,33,33,-2,-2,-11,-11,80,80,80,19,19,19,19,39,39,39,5,5,31,31,-12,-12,-12,-12,-12,-12,44,44,44,44,35,35,35,-24,-24,-24,-15,-15,-15,1,1,1,33,33,33,33,33,33,33,-67,-67,-5,-5,5,5,5,7,7,7,7,8,8,8,8,29,29,29,-4,-4,-12,-12,-11,-11,-11,47,47,47,47,5,5,5,5,7,7,-12,-22,-22,-16,-16,-16,18,18,18,-39,-39,-39,44,44,15,35,35,-4,-4,-4,-19,-19,-19,47,47,47,47,4,4,4,4,4,5,5,5,8,8,8,4,4,4,4,-20,-20,-20,10,10,10,-16,-16,-21,-21,-17,-17,-17,-25,-25,-25,-3,-3,-3,-7,-7,-22,-22,-20,-20,-2,-2,-20,-20,31,31,6,6,-11,-11,33,33,33,-4,-4,-4,0,0,0,0,24,24,24,0,0,5,5,2,2,40,40,40,47,47,47,30,30,-2,-2,10,10,11,11,11,1,1,1,1,11,11,11,-2,-8,26,26,-17,-17,-36,-36,-19,-19,-20,-20,-5,-5,11,11,3,3,3,-20,-20,-20,4,4,4,-10,-10,-10,-9,-9,-9,-18,-17,-17,-9,-13,-13,-6,-6,-3,-3,-3,16,16,16,6,6,-6,-6,-1,-1,31,31
196,34.74200000000000443,-12,-26,25,25,-14,-14,-45,-45,-5,-5,-1,-1,-1,11,11,-22,-22,-18,-18,-7,-7,-7,3,3,3,4,4,-4,-4,-1,-1,15,15,15,-23,-23,-23,9,9,9,-28,-28,10,10,-24,-24,-24,-15,-15,-15,-22,-22,-22,-22,4,4,4,4,6,6,8,8,1,1,1,2,2,2,2,12,12,12,12,28,28,26,26,16,16,-20,-20,-20,9,9,9,-1,-1,-1,-1,29,29,30,30,12,12,12,8,8,8,16,16,16,16,-10,-10,6,6,-7,-7,-16,-16,-16,-5,-5,-5,-14,-14,-14,-37,-37,16,16,-19,-19,-19,23,23,23,23,8,8,8,8,37,37,37,37,37,-10,-10,1,1,1,40,40,40,40,35,35,35,20,20,0,0,9,9,9,15,15,15,37,37,37,37,30,30,30,-7,-7,-7,-7,-23,-23,-23,9,9,9,9,-19,-19,-19,-19,-37,-37,-37,11,11,30,30,30,19,19,19,19,23,23,23,23,41,41,41,41,41,8,8,14,14,16,16,16,44,44,44,44,30,30,30,30,7,7,-5,-5,-15,-15,-15,-20,-20,-20,-20,-19,-19,-19,-19,-4,-4,14,14,3,3,-15,-15,-15,17,17,17,17,-11,-11,-11,4,4,11,11,41,41,41,79,79,79,59,59,59,9,9,9,9,-12,-12,-12,-12,-14,-14,-5,-5,3,3,3,-3,-3,-3,-33,-33,-33,6,6,7,7,18,18,18,51,51,51,19,19,19,19,-6,-6,-6,-6,20,20,-8,-8,5,5,21,21,21,34,34,34,-42,-42,-42,-42,-39,-39,-39,2,2,7,7,23,23,23,27,27,27,27,41,41,41,11,11,20,20,3,3,3,2,2,2,18,18,18,18,-3,-3,-3,-24,-24,-24,-6,-6,-6,-17,-17,-17,32,32,32,32,18,18,18,-70,-70,-22,-22,-13,-13,-13,-4,-4,-4,-4,11,11,11,11,15,15,15,12,12,12,12,0,0,0,36,36,36,36,5,5,5,5,-29,-29,-40,-3,-3,-8,-8,-8,-4,-4,-4,-3,-3,-3,-4,-4,-22,39,39,63,63,63,6,6,6,24,24,24,24,-10,-10,-10,-10,-10,-34,-34,-34,17,17,17,-35,-35,-35,-35,-14,-14,-14,8,8,8,-21,-21,-14,-14,-24,-24,-24,-17,-17,-17,28,28,28,11,11,-12,-12,-28,-28,-31,-31,-12,-12,13,13,15,15,-17,-17,-1,-1,-1,-12,-12,-12,-12,-12,-12,-12,7,7,7,-27,-27,-8,-8,2,2,57,57,57,38,38,38,19,19,-18,-18,-2,-2,-4,-4,-4,-18,-18,-18,-18,-14,-14,-14,-13,-33,-33,-33,-39,-39,-41,-41,-15,-15,-35,-35,-22,-22,-28,-28,-8,-8,-8,-32,-32,-32,12,12,12,-25,-25,-25,-1,-1,-11,-14,-16,-16,-6,-2,-2,-1,-1,-16,-16,-16,11,11,11,-8,-8,3,3,4,4,-12,-12
197,34.94200000000000017,22,-22,-13,-13,-22,-22,2,2,-16,-16,-2,-2,-2,-20,-20,-13,-13,-30,-30,7,7,7,-6,-6,-6,23,23,3,3,-12,-12,16,16,16,-16,-16,-16,1,1,1,4,4,-29,-29,-56,-56,-56,-11,-11,-11,12,12,12,12,4,4,4,4,6,6,0,0,61,61,61,26,26,26,26,26,26,26,26,32,32,14,14,3,3,16,16,16,16,16,16,20,20,20,20,6,6,18,18,2,2,2,13,13,13,1,1,1,1,4,4,-8,-8,6,6,-8,-8,-8,-6,-6,-6,-5,-5,-5,21,21,13,13,17,17,17,24,24,24,24,21,21,21,21,25,25,25,17,17,12,12,-1,-1,-1,63,63,63,63,21,21,21,48,48,-4,-4,6,6,6,15,15,15,19,19,19,19,-15,-15,-15,-25,-25,-57,-57,-11,-11,-11,-5,-5,-5,-5,-20,-20,-20,-20,16,16,16,7,7,-36,-36,-36,3,3,3,3,37,37,37,37,21,21,21,21,21,-19,-19,-22,-22,-6,-6,-6,14,14,14,14,25,25,25,25,35,35,-53,-53,-12,-12,-12,-1,-1,-1,-1,-15,-15,-15,-15,-2,-2,11,11,-8,-8,7,7,7,-7,-7,-7,-7,-17,-17,-17,4,4,26,26,31,31,31,47,47,47,37,37,37,27,27,27,27,18,18,18,18,8,8,6,6,22,22,22,-9,-9,-9,-71,-71,-71,16,16,37,37,-5,-5,-5,39,39,39,32,32,32,32,55,55,55,55,25,25,-30,-30,-14,-14,20,20,20,37,37,37,-23,-23,-23,-23,-33,-33,-33,-12,-12,-13,-13,23,23,23,26,26,26,26,39,39,39,21,21,7,7,-17,-17,-17,-14,-14,-14,-20,-20,-20,-20,-9,-9,-9,-22,-22,-22,-14,-14,-14,-6,-6,-6,27,27,27,27,19,19,19,-17,-17,-30,-30,-8,-8,-8,-6,-6,-6,-6,11,11,11,11,33,33,33,-14,-14,-3,-3,-23,-23,-23,4,4,4,4,3,3,3,3,-31,-31,-34,-20,-20,-26,-26,-26,26,26,26,28,28,28,-25,-25,-42,-12,-12,103,103,103,12,12,12,3,3,3,3,-16,-16,-16,-16,-16,-5,-5,-5,19,19,19,-22,-22,-22,-22,-27,-27,-27,10,10,10,-3,-3,14,14,-7,-7,-7,17,17,17,12,12,12,14,14,-30,-30,-26,-26,-49,-49,-7,-7,16,16,22,22,-36,-36,15,15,15,-4,-4,-4,-9,-9,-9,-9,2,2,2,-11,-11,5,5,3,3,36,36,36,20,20,20,-16,-16,-18,-18,-8,-8,-33,-33,-33,-38,-38,-38,-38,-7,-7,-7,-26,-26,-46,-46,-30,-30,-35,-35,-34,-34,-38,-38,-36,-36,-10,-10,-10,-10,-10,-27,-27,-27,30,30,30,-2,-2,-2,-10,-10,-19,11,-6,-6,25,2,2,-1,-1,-1,-1,-1,18,18,18,16,16,21,21,5,5,4,4
198,35.14200000000000301,26,25,24,24,-13,-13,25,25,-21,-21,4,4,4,1,1,-14,-14,6,6,25,25,25,38,38,38,26,26,-35,-35,34,34,24,24,24,5,5,5,-16,-16,-16,8,8,-35,-35,-9,-9,-9,-9,-9,-9,6,6,6,6,15,15,15,15,32,32,30,30,49,49,49,46,46,46,46,44,44,44,44,32,32,9,9,30,30,34,34,34,33,33,33,46,46,46,46,34,34,45,45,35,35,35,21,21,21,36,36,36,36,-9,-9,18,18,0,0,12,12,12,19,19,19,28,28,28,35,35,24,24,39,39,39,30,30,30,30,39,39,39,39,47,47,47,47,47,13,13,3,3,3,38,38,38,38,13,13,13,55,55,31,31,6,6,6,49,49,49,41,41,41,41,25,25,25,0,0,17,17,-7,-7,-7,-8,-8,-8,-8,2,2,2,2,2,2,2,44,44,13,13,13,31,31,31,31,-12,-12,-12,-12,20,20,20,20,20,2,2,19,19,24,24,24,17,17,17,17,29,29,29,29,30,30,-3,-3,5,5,5,55,55,55,55,-15,-15,-15,-15,27,27,67,67,23,23,24,24,24,11,11,11,11,5,5,5,13,13,7,7,48,48,48,25,25,25,34,34,34,7,7,7,7,26,26,26,26,52,52,31,31,38,38,38,-35,-35,-35,-9,-9,-9,-3,-3,34,34,25,25,25,44,44,44,43,43,43,43,35,35,35,35,22,22,4,4,9,9,9,9,9,41,41,41,0,0,0,0,-16,-16,-16,1,1,-4,-4,5,5,5,25,25,25,25,12,12,12,42,42,11,11,25,25,25,-8,-8,-8,-11,-11,-11,-11,-2,-2,-2,10,10,10,27,27,27,28,28,28,47,47,47,47,45,45,45,-4,-4,20,20,6,6,6,21,21,21,21,7,7,7,7,21,21,21,36,36,14,14,18,18,18,24,24,24,24,52,52,52,52,19,19,-5,19,19,27,27,27,23,23,23,45,45,45,-14,-14,-30,11,11,118,118,118,28,28,28,-4,-4,-4,-4,12,12,12,12,12,82,82,82,15,15,15,-8,-8,-8,-8,6,6,6,23,23,23,22,22,27,27,33,33,33,25,25,25,63,63,63,26,26,16,16,11,11,4,4,17,17,25,25,6,6,1,1,37,37,37,4,4,4,16,16,16,16,34,34,34,26,26,16,16,-2,-2,23,23,23,17,17,17,-16,-16,-27,-27,-43,-43,-32,-32,-32,-18,-18,-18,-18,11,11,11,14,4,-32,-32,-34,-34,-15,-15,-15,-15,4,4,-30,-30,-19,-19,-9,-9,-9,22,22,22,42,42,42,42,42,42,18,18,8,16,8,8,9,21,21,32,32,0,0,0,35,35,35,30,30,37,37,8,8,31,31
199,35.34200000000000585,29,29,-2,-2,11,11,24,24,19,19,36,36,36,25,25,62,62,17,17,14,14,14,33,33,33,22,22,20,20,57,57,35,35,35,22,22,22,5,5,5,4,4,11,11,29,29,29,17,17,17,41,41,41,41,27,27,27,27,59,59,27,27,61,61,61,34,34,34,34,-17,-17,-17,-17,-7,-7,27,27,3,3,36,36,36,30,30,30,14,14,14,14,27,27,51,51,39,39,39,68,68,68,53,53,53,53,0,0,25,25,15,15,15,15,15,27,27,27,44,44,44,57,57,35,35,51,51,51,37,37,37,37,44,44,44,44,35,35,35,37,37,47,47,51,51,51,31,31,31,31,44,44,44,31,31,59,59,43,43,43,30,30,30,21,21,21,21,23,23,23,34,34,69,69,34,34,34,40,40,40,40,-40,-40,-40,-40,29,29,29,48,48,84,84,84,81,81,81,81,-2,-2,-2,-2,19,19,19,19,19,24,24,38,38,2,2,2,18,18,18,18,14,14,14,14,51,51,36,36,64,64,64,65,65,65,65,62,62,62,62,63,63,58,58,59,59,47,47,47,9,9,9,9,35,35,35,21,21,23,23,52,52,52,70,70,70,43,43,43,50,50,50,50,28,28,28,28,57,57,34,34,38,38,38,15,15,15,-9,-9,-9,44,44,34,34,35,35,35,36,36,36,64,64,64,64,62,62,62,62,3,3,12,12,26,26,9,9,9,71,71,71,41,41,41,41,10,10,10,22,22,58,58,-24,-24,-24,35,35,35,35,65,65,65,50,50,32,32,69,69,69,29,29,29,-9,-9,-9,-9,11,11,11,34,34,34,46,46,46,58,58,58,60,60,60,60,30,30,30,48,48,42,42,30,30,30,25,25,25,25,36,36,36,36,38,38,38,19,19,19,19,43,43,43,28,28,28,28,33,33,33,33,31,31,-15,15,15,31,31,31,56,56,56,60,60,60,34,34,21,62,62,54,54,54,46,46,46,31,31,31,31,15,15,15,15,15,102,102,102,42,42,42,45,45,45,45,2,2,2,60,60,60,27,27,20,20,42,42,42,39,39,39,62,62,62,46,46,38,38,18,18,7,7,37,37,28,28,31,31,21,21,37,37,37,38,38,38,33,33,33,33,54,54,54,48,48,36,36,35,35,41,41,41,26,26,26,22,22,2,2,-14,-14,-6,-6,-6,0,0,0,0,40,40,40,5,47,-11,-11,9,9,11,11,20,20,27,27,3,3,-6,-6,21,21,21,21,21,21,65,65,65,60,60,60,36,36,27,33,35,35,23,20,20,17,17,28,28,28,46,46,46,53,53,59,59,54,54,42,42
200,35.54200000000000159,64,24,9,9,-8,-8,16,16,21,21,41,41,41,24,24,33,33,64,64,22,22,22,50,50,50,35,35,19,19,32,32,38,38,38,21,21,21,19,19,19,72,72,55,55,72,72,72,22,22,22,58,58,58,58,13,13,13,13,36,36,43,43,-11,-11,-11,15,15,15,15,10,10,10,10,8,8,14,14,33,33,16,16,16,18,18,18,43,43,43,43,23,23,22,22,35,35,35,8,8,8,11,11,11,11,13,13,29,29,2,2,61,61,61,25,25,25,31,31,31,32,32,57,57,60,60,60,50,50,50,50,54,54,54,54,33,33,33,38,38,9,9,13,13,13,-6,-6,-6,-6,-5,-5,-5,18,18,41,41,3,3,3,38,38,38,-2,-2,-2,-2,25,25,25,45,45,42,42,59,59,59,43,43,43,43,-43,-43,-43,-43,48,48,48,56,56,36,36,36,38,38,38,38,-3,-3,-3,-3,-1,-1,-1,-1,-1,5,5,24,24,27,27,27,42,42,42,42,34,34,34,34,40,40,67,67,43,43,43,19,19,19,19,26,26,26,26,51,51,69,69,57,57,56,56,56,27,27,27,27,54,54,54,5,5,44,44,60,60,60,46,46,46,76,76,76,11,11,11,11,36,36,36,36,15,15,28,28,37,37,37,29,29,29,67,67,67,57,57,47,47,32,32,32,49,49,49,51,51,51,51,47,47,47,47,24,24,-6,-6,4,4,25,25,25,79,79,79,67,67,67,67,46,46,46,15,15,47,47,22,22,22,28,28,28,28,51,51,51,56,56,36,36,47,47,47,30,30,30,47,47,47,47,8,8,8,37,37,37,40,40,40,65,65,65,44,44,44,44,-4,-4,-4,56,56,30,30,26,26,26,28,28,28,28,53,53,53,53,31,31,31,29,29,57,57,63,63,63,40,40,40,40,57,57,57,57,46,46,-2,34,34,10,10,10,62,62,62,61,61,61,23,23,41,22,22,16,16,16,5,5,5,1,1,1,1,-8,-8,-8,-8,-8,100,100,100,66,66,66,27,27,27,27,12,12,12,42,42,42,24,24,52,52,49,49,49,32,32,32,45,45,45,8,8,47,47,32,32,1,1,45,45,49,49,23,23,-4,-4,36,36,36,33,33,33,41,41,41,41,60,60,60,46,46,38,38,26,26,25,25,25,49,49,49,31,31,-1,-1,9,9,26,26,26,18,18,18,18,16,16,16,29,54,-11,-11,3,3,16,16,29,29,39,39,26,26,30,30,2,2,2,26,26,26,59,59,59,64,64,64,34,34,33,43,47,47,12,26,26,22,22,10,10,10,47,47,47,34,34,43,43,48,48,47,47
201,35.74200000000000443,18,-24,-40,-40,11,11,15,15,3,3,76,76,76,-29,-29,-15,-15,-16,-16,37,37,37,28,28,28,12,12,-7,-7,17,17,4,4,4,25,25,25,-4,-4,-4,21,21,3,3,10,10,10,6,6,6,19,19,19,19,41,41,41,41,-4,-4,-27,-27,-5,-5,-5,-14,-14,-14,-14,-1,-1,-1,-1,-34,-34,-4,-4,9,9,-37,-37,-37,5,5,5,5,5,5,5,1,1,-13,-13,-2,-2,-2,-25,-25,-25,-23,-23,-23,-23,-2,-2,-17,-17,-3,-3,3,3,3,30,30,30,9,9,9,43,43,-12,-12,-8,-8,-8,6,6,6,6,18,18,18,18,21,21,21,1,1,-13,-13,-20,-20,-20,-33,-33,-33,-33,2,2,2,0,0,3,3,7,7,7,26,26,26,0,0,0,0,8,8,8,35,35,9,9,8,8,8,41,41,41,41,-56,-56,-56,-56,63,63,63,55,55,15,15,15,35,35,35,35,90,90,90,90,2,2,2,2,2,-6,-6,12,12,31,31,31,25,25,25,25,32,32,32,32,16,16,40,40,46,46,46,58,58,58,58,25,25,25,25,20,20,80,80,26,26,50,50,50,32,32,32,32,42,42,42,12,12,21,21,12,12,12,27,27,27,24,24,24,5,5,5,5,16,16,16,16,18,18,15,15,25,25,25,64,64,64,23,23,23,31,31,33,33,17,17,17,18,18,18,25,25,25,25,9,9,9,9,10,10,-21,-21,-5,-5,10,10,10,59,59,59,74,74,74,74,62,62,62,22,22,18,18,-11,-11,-11,13,13,13,13,31,31,31,50,50,47,47,22,22,22,58,58,58,43,43,43,43,4,4,4,17,17,17,26,26,26,20,20,20,17,17,17,17,6,6,6,49,49,26,26,16,16,16,47,47,47,47,63,63,63,63,49,49,49,13,13,42,42,30,30,30,24,24,24,24,46,46,46,46,40,40,14,11,11,4,4,4,25,25,25,-2,-2,-2,-2,-2,30,-21,-21,-61,-61,-61,-40,-40,-40,-20,-20,-20,-20,9,9,9,9,9,69,69,69,68,68,68,16,16,16,16,42,42,42,7,7,7,15,15,8,8,2,2,2,16,16,16,33,33,33,23,23,29,29,22,22,-3,-3,17,17,23,23,-15,-15,30,30,12,12,12,33,33,33,20,20,20,20,19,19,19,42,42,30,30,41,41,8,8,8,0,0,0,1,1,-2,-2,-16,-16,15,15,15,-16,-16,-16,-16,11,11,11,-10,29,-23,-23,20,20,2,2,29,29,34,34,11,11,21,21,2,2,2,2,2,2,47,47,47,43,43,43,42,42,18,24,6,6,0,-2,-2,8,8,11,11,11,18,18,18,-5,-5,-4,-4,11,11,26,26
202,35.94200000000000017,13,-31,-29,-29,-7,-7,-29,-29,37,37,18,18,18,8,8,10,10,-56,-56,-13,-13,-13,13,13,13,24,24,18,18,-8,-8,-3,-3,-3,21,21,21,3,3,3,6,6,-5,-5,-8,-8,-8,-4,-4,-4,27,27,27,27,-3,-3,-3,-3,-11,-11,-27,-27,-6,-6,-6,-7,-7,-7,-7,-27,-27,-27,-27,-9,-9,-52,-52,-31,-31,-27,-27,-27,-10,-10,-10,1,1,1,1,-34,-34,-26,-26,-12,-12,-12,-15,-15,-15,-12,-12,-12,-12,-29,-29,-52,-52,-41,-41,16,16,16,-1,-1,-1,-9,-9,-9,-1,-1,-13,-13,2,2,2,-3,-3,-3,-3,22,22,22,22,2,2,2,-6,-6,-31,-31,-63,-63,-63,-14,-14,-14,-14,-39,-39,-39,-18,-18,-4,-4,-43,-43,-43,-1,-1,-1,1,1,1,1,0,0,0,2,2,-23,-23,2,2,2,36,36,36,36,20,20,20,20,39,39,39,-1,-1,-31,-31,-31,-31,-31,-31,-31,33,33,33,33,-6,-6,-6,-6,-6,43,43,21,21,24,24,24,24,24,24,24,73,73,73,73,1,1,3,3,-18,-18,-18,41,41,41,41,16,16,16,16,-1,-1,19,19,-5,-5,27,27,27,19,19,19,19,29,29,29,28,28,23,23,-7,-7,-7,6,6,6,2,2,2,21,21,21,21,30,30,30,30,9,9,58,58,21,21,21,24,24,24,3,3,3,9,9,22,22,10,10,10,31,31,31,25,25,25,25,6,6,6,6,-4,-4,-7,-7,15,15,8,8,8,85,85,85,44,44,44,44,59,59,59,15,15,-12,-12,-15,-15,-15,20,20,20,20,20,20,20,9,9,27,27,35,35,35,22,22,22,43,43,43,43,71,71,71,23,23,23,-19,-19,-19,14,14,14,21,21,21,21,-22,-22,-22,25,25,27,27,42,42,42,59,59,59,59,57,57,57,57,19,19,19,43,43,35,35,-6,-6,-6,9,9,9,9,45,45,45,45,39,39,8,-3,-3,33,33,33,26,26,26,31,31,31,-10,-10,-11,-66,-66,-69,-69,-69,-58,-58,-58,-32,-32,-32,-32,6,6,6,6,6,17,17,17,23,23,23,26,26,26,26,11,11,11,27,27,27,-12,-12,0,0,12,12,12,-1,-1,-1,38,38,38,15,15,24,24,9,9,27,27,40,40,-4,-4,8,8,39,39,7,7,7,22,22,22,34,34,34,34,4,4,4,10,10,8,8,23,23,2,2,2,3,3,3,-8,-8,-5,-5,-19,-19,10,10,10,-14,-14,-14,-14,1,1,1,9,24,-43,-43,-6,-6,4,4,28,28,16,16,8,8,13,13,3,3,3,7,7,7,23,23,23,30,30,30,24,24,19,8,-8,-8,2,3,3,-7,-7,32,32,32,21,21,21,15,15,-1,-1,6,6,20,20
203,36.14200000000000301,14,-13,31,31,-21,-21,-6,-6,11,11,1,1,1,24,24,-36,-36,5,5,15,15,15,-14,-14,-14,-15,-15,14,14,16,16,-6,-6,-6,34,34,34,14,14,14,6,6,13,13,-53,-53,-53,-8,-8,-8,57,57,57,57,17,17,17,17,30,30,-50,-50,-47,-47,-47,-21,-21,-21,-21,-20,-20,-20,-20,-31,-31,-18,-18,0,0,-17,-17,-17,-18,-18,-18,3,3,3,3,-33,-33,-28,-28,-26,-26,-26,-6,-6,-6,-7,-7,-7,-7,-8,-8,-22,-22,-58,-58,-45,-45,-45,-3,-3,-3,12,12,12,13,13,-10,-10,16,16,16,20,20,20,20,20,20,20,20,-1,-1,-1,-3,-3,-14,-14,-1,-1,-1,-9,-9,-9,-9,-2,-2,-2,-5,-5,42,42,15,15,15,-7,-7,-7,7,7,7,7,9,9,9,15,15,27,27,19,19,19,55,55,55,55,41,41,41,41,39,39,39,29,29,-6,-6,-6,0,0,0,0,15,15,15,15,41,41,41,41,41,62,62,64,64,22,22,22,53,53,53,53,73,73,73,73,67,67,56,56,31,31,31,66,66,66,66,21,21,21,21,9,9,24,24,15,15,44,44,44,35,35,35,35,62,62,62,84,84,35,35,-7,-7,-7,32,32,32,28,28,28,65,65,65,65,55,55,55,55,39,39,27,27,32,32,32,69,69,69,72,72,72,21,21,25,25,19,19,19,24,24,24,58,58,58,58,6,6,6,6,14,14,28,28,18,18,31,31,31,69,69,69,64,64,64,64,71,71,71,27,27,8,8,-15,-15,-15,15,15,15,15,20,20,20,33,33,40,40,48,48,48,37,37,37,70,70,70,70,59,59,59,12,12,12,44,44,44,8,8,8,55,55,55,55,31,31,31,83,83,28,28,31,31,31,89,89,89,89,62,62,62,62,32,32,32,26,26,17,17,40,40,40,56,56,56,56,63,63,63,63,68,68,56,55,55,49,49,49,25,25,25,24,24,24,11,11,12,-24,-24,37,37,37,13,13,13,13,13,13,13,29,29,29,29,29,-9,-9,-9,50,50,50,33,33,33,33,50,50,50,5,5,5,13,13,13,13,48,48,48,12,12,12,33,33,33,33,33,60,60,38,38,56,56,53,53,26,26,33,33,29,29,24,24,24,27,27,27,1,1,1,1,3,3,3,10,10,-3,-3,30,30,4,4,4,9,9,9,9,9,6,6,40,40,22,22,22,16,16,16,16,15,15,15,52,68,-7,-7,40,40,50,50,42,42,40,40,49,49,24,24,25,25,25,43,43,43,39,39,39,31,31,31,35,35,35,20,-4,-4,0,10,10,50,50,48,48,48,32,32,32,28,28,18,18,34,34,38,38
204,36.34200000000000585,26,22,-7,-7,-12,-12,13,13,27,27,28,28,28,11,11,13,13,1,1,34,34,34,18,18,18,-11,-11,37,37,26,26,45,45,45,47,47,47,36,36,36,39,39,43,43,33,33,33,59,59,59,64,64,64,64,17,17,17,17,51,51,6,6,15,15,15,16,16,16,16,32,32,32,32,58,58,33,33,10,10,2,2,2,15,15,15,-1,-1,-1,-1,1,1,11,11,-4,-4,-4,27,27,27,11,11,11,11,3,3,0,0,1,1,-24,-24,-24,27,27,27,28,28,28,32,32,26,26,11,11,11,38,38,38,38,26,26,26,26,25,25,25,16,16,15,15,29,29,29,4,4,4,4,45,45,45,31,31,23,23,28,28,28,13,13,13,4,4,4,4,26,26,26,6,6,51,51,45,45,45,64,64,64,64,69,69,69,69,82,82,82,64,64,64,64,64,27,27,27,27,14,14,14,14,74,74,74,74,74,82,82,110,110,108,108,108,112,112,112,112,96,96,96,96,58,58,40,40,60,60,60,86,86,86,86,61,61,61,61,50,50,42,42,20,20,95,95,95,62,62,62,62,62,62,62,49,49,41,41,64,64,64,25,25,25,82,82,82,77,77,77,77,88,88,88,88,76,76,33,33,58,58,58,94,94,94,82,82,82,65,65,29,29,52,52,52,58,58,58,65,65,65,65,52,52,52,52,24,24,47,47,53,53,58,58,58,70,70,70,73,73,73,73,73,73,73,49,49,49,49,26,26,26,64,64,64,64,41,41,41,46,46,64,64,59,59,59,52,52,52,74,74,74,74,96,96,96,67,67,67,54,54,54,55,55,55,57,57,57,57,30,30,30,88,88,70,70,77,77,77,90,90,90,90,95,95,95,95,75,75,75,71,71,56,56,61,61,61,87,87,87,87,101,101,101,101,107,107,89,42,42,92,92,92,55,55,55,91,91,91,77,77,25,35,35,93,93,93,83,83,83,34,34,34,34,51,51,51,51,51,41,41,41,75,75,75,55,55,55,55,89,89,89,33,33,33,53,53,47,47,46,46,46,44,44,44,38,38,38,37,37,59,59,76,76,95,95,81,81,19,19,54,54,75,75,55,55,55,47,47,47,59,59,59,59,26,26,26,53,53,49,49,58,58,38,38,38,51,51,51,64,64,56,56,75,75,60,60,60,60,60,60,60,58,58,58,108,83,54,54,69,69,75,75,88,88,93,93,77,77,58,58,42,42,42,75,75,75,67,67,67,52,52,52,56,56,65,69,56,56,29,45,45,71,71,79,79,79,45,45,45,37,37,63,63,68,68,57,57
205,36.54200000000000159,47,0,24,24,50,50,36,36,64,64,54,54,54,39,39,74,74,46,46,23,23,23,21,21,21,33,33,58,58,30,30,30,30,30,55,55,55,50,50,50,41,41,44,44,53,53,53,58,58,58,21,21,21,21,75,75,75,75,65,65,51,51,53,53,53,13,13,13,13,1,1,1,1,20,20,9,9,8,8,16,16,16,13,13,13,-3,-3,-3,-3,31,31,39,39,27,27,27,28,28,28,56,56,56,56,35,35,36,36,26,26,22,22,22,33,33,33,23,23,23,23,23,37,37,34,34,34,27,27,27,27,27,27,27,27,49,49,49,59,59,34,34,64,64,64,27,27,27,27,54,54,54,53,53,32,32,33,33,33,41,41,41,12,12,12,12,25,25,25,36,36,65,65,45,45,45,89,89,89,89,75,75,75,75,88,88,88,69,69,126,126,126,84,84,84,84,83,83,83,83,94,94,94,94,94,112,112,79,79,106,106,106,136,136,136,136,96,96,96,96,67,67,92,92,60,60,60,69,69,69,69,67,67,67,67,66,66,65,65,60,60,104,104,104,69,69,69,69,62,62,62,117,117,80,80,90,90,90,94,94,94,109,109,109,124,124,124,124,69,69,69,69,88,88,89,89,77,77,77,103,103,103,95,95,95,92,92,84,84,85,85,85,83,83,83,95,95,95,95,47,47,47,47,48,48,83,83,86,86,50,50,50,56,56,56,58,58,58,58,79,79,79,78,78,69,69,59,59,59,57,57,57,57,42,42,42,66,66,81,81,65,65,65,64,64,64,84,84,84,84,126,126,126,79,79,79,102,102,102,79,79,79,86,86,86,86,57,57,57,75,75,84,84,93,93,93,114,114,114,114,89,89,89,89,89,89,89,94,94,65,65,63,63,63,129,129,129,129,107,107,107,107,119,119,111,104,104,93,93,93,82,82,82,97,97,97,61,61,42,87,87,127,127,127,78,78,78,76,76,76,76,62,62,62,62,62,21,21,21,109,109,109,79,79,79,79,86,86,86,62,62,62,29,29,56,56,48,48,48,79,79,79,67,67,67,31,31,73,73,84,84,123,123,82,82,69,69,80,80,65,65,80,80,80,76,76,76,60,60,60,60,60,60,60,63,63,74,74,97,97,63,63,63,80,80,80,80,80,90,90,113,113,63,63,63,83,83,83,83,87,87,87,105,113,76,76,77,77,98,98,104,104,81,81,101,101,84,84,74,74,74,101,101,101,52,52,52,61,61,61,76,76,69,74,69,69,73,67,67,90,90,71,71,71,54,54,54,41,41,34,34,48,48,55,55
206,36.74200000000000443,-2,14,40,40,56,56,39,39,38,38,28,28,28,56,56,56,56,29,29,14,14,14,16,16,16,24,24,28,28,31,31,18,18,18,27,27,27,29,29,29,23,23,22,22,62,62,62,67,67,67,16,16,16,16,27,27,27,27,53,53,47,47,16,16,16,-8,-8,-8,-8,17,17,17,17,26,26,13,13,14,14,23,23,23,30,30,30,23,23,23,23,14,14,18,18,47,47,47,24,24,24,27,27,27,27,20,20,5,5,50,50,43,43,43,14,14,14,44,44,44,15,15,36,36,7,7,7,29,29,29,29,6,6,6,6,31,31,31,11,11,32,32,32,32,32,19,19,19,19,28,28,28,58,58,64,64,54,54,54,3,3,3,-1,-1,-1,-1,30,30,30,39,39,57,57,42,42,42,44,44,44,44,72,72,72,72,75,75,75,52,52,68,68,68,77,77,77,77,67,67,67,67,90,90,90,90,90,60,60,110,110,89,89,89,123,123,123,123,95,95,95,95,81,81,68,68,57,57,57,77,77,77,77,79,79,79,79,56,56,57,57,26,26,88,88,88,78,78,78,78,80,80,80,65,65,53,53,81,81,81,97,97,97,102,102,102,146,146,146,146,86,86,86,86,49,49,76,76,59,59,59,111,111,111,114,114,114,65,65,64,64,53,53,53,84,84,84,90,90,90,90,57,57,57,57,53,53,78,78,78,78,73,73,73,61,61,61,13,13,13,13,35,35,35,85,85,109,109,81,81,81,49,49,49,49,67,67,67,71,71,111,111,61,61,61,90,90,90,80,80,80,80,116,116,116,82,82,82,89,89,89,54,54,54,41,41,41,41,76,76,76,59,59,55,55,78,78,78,107,107,107,107,107,107,107,107,81,81,81,102,102,72,72,67,67,67,125,125,125,125,113,113,113,113,101,101,94,102,102,88,88,88,65,65,65,88,88,88,64,64,57,26,26,36,36,36,74,74,74,86,86,86,86,65,65,65,65,65,36,36,36,68,68,68,77,77,77,77,58,58,58,56,56,56,29,29,23,23,14,14,14,67,67,67,53,53,53,35,35,48,48,60,60,92,92,74,74,46,46,72,72,56,56,58,58,58,35,35,35,86,86,86,86,61,61,61,21,21,58,58,85,85,97,97,97,75,75,75,96,96,100,100,94,94,28,28,28,70,70,70,70,86,86,86,98,91,86,86,104,104,71,71,66,66,65,65,74,74,71,71,69,69,69,51,51,51,42,42,42,36,36,36,77,77,96,65,67,67,68,51,51,61,61,61,61,61,47,47,47,29,29,31,31,32,32,58,58
207,36.94200000000000017,18,1,13,13,16,16,22,22,4,4,30,30,30,36,36,29,29,3,3,2,2,2,-8,-8,-8,-20,-20,-4,-4,1,1,-3,-3,-3,5,5,5,22,22,22,38,38,8,8,39,39,39,32,32,32,23,23,23,23,5,5,5,5,17,17,36,36,7,7,7,6,6,6,6,-11,-11,-11,-11,7,7,51,51,25,25,0,0,0,-3,-3,-3,3,3,3,3,18,18,16,16,14,14,14,9,9,9,33,33,33,33,18,18,23,23,45,45,-9,-9,-9,25,25,25,-2,-2,-2,24,24,20,20,5,5,5,-10,-10,-10,-10,19,19,19,19,13,13,13,7,7,19,19,19,19,19,35,35,35,35,14,14,14,21,21,59,59,19,19,19,-26,-26,-26,-2,-2,-2,-2,4,4,4,8,8,-13,-13,-23,-23,-23,44,44,44,44,37,37,37,37,57,57,57,47,47,32,32,32,71,71,71,71,108,108,108,108,109,109,109,109,109,88,88,86,86,106,106,106,119,119,119,119,108,108,108,108,75,75,23,23,19,19,19,82,82,82,82,52,52,52,52,37,37,34,34,23,23,88,88,88,88,88,88,88,44,44,44,59,59,47,47,66,66,66,51,51,51,66,66,66,142,142,142,142,92,92,92,92,46,46,98,98,58,58,58,65,65,65,111,111,111,77,77,70,70,37,37,37,48,48,48,30,30,30,30,47,47,47,47,89,89,95,95,42,42,64,64,64,69,69,69,49,49,49,49,29,29,29,31,31,47,47,54,54,54,47,47,47,47,45,45,45,45,45,53,53,59,59,59,52,52,52,71,71,71,71,94,94,94,49,49,49,60,60,60,28,28,28,66,66,66,66,53,53,53,62,62,37,37,35,35,35,89,89,89,89,83,83,83,83,87,87,87,78,78,58,58,32,32,32,122,122,122,122,96,96,96,96,74,74,81,82,82,74,74,74,66,66,66,36,36,36,19,19,-19,-4,-4,-52,-52,-52,-2,-2,-2,76,76,76,76,70,70,70,70,70,18,18,18,38,38,38,52,52,52,52,30,30,30,15,15,15,13,13,2,2,17,17,17,40,40,40,54,54,54,38,38,27,27,48,48,53,53,40,40,59,59,62,62,39,39,29,29,29,42,42,42,39,39,39,39,67,67,67,38,38,43,43,71,71,50,50,50,48,48,48,70,70,60,60,55,55,7,7,7,50,50,50,50,59,59,59,77,56,69,69,65,65,54,54,48,48,33,33,42,42,55,55,52,52,52,38,38,38,40,40,40,39,39,39,54,54,62,46,35,35,52,43,43,39,39,41,41,41,9,9,9,0,0,-10,-10,11,11,25,25
208,37.14200000000000301,3,12,22,22,35,35,1,1,2,2,31,31,31,-7,-7,-3,-3,14,14,22,22,22,24,24,24,-5,-5,8,8,-1,-1,9,9,9,-16,-16,-16,32,32,32,15,15,11,11,6,6,6,40,40,40,-7,-7,-7,-7,22,22,22,22,28,28,50,50,2,2,2,4,4,4,4,5,5,5,5,30,30,8,8,-3,-3,11,11,11,-3,-3,-3,-1,-1,-1,-1,18,18,16,16,1,1,1,34,34,34,24,24,24,24,36,36,2,2,31,31,10,10,10,6,6,6,-7,-7,-7,17,17,1,1,-11,-11,-11,7,7,7,7,35,35,35,35,11,11,11,-7,-7,17,17,37,37,37,15,15,15,15,-8,-8,-8,40,40,18,18,11,11,11,-22,-22,-22,13,13,13,13,-9,-9,-9,-4,-4,-17,-17,-27,-27,-27,-5,-5,-5,-5,-3,-3,-3,-3,1,1,1,50,50,12,12,12,25,25,25,25,97,97,97,97,98,98,98,98,98,93,93,53,53,48,48,48,96,96,96,96,79,79,79,79,75,75,13,13,15,15,15,74,74,74,74,72,72,72,72,44,44,8,8,4,4,60,60,60,60,60,60,60,55,55,55,38,38,4,4,62,62,62,36,36,36,49,49,49,88,88,88,88,95,95,95,95,63,63,32,32,55,55,55,48,48,48,51,51,51,78,78,80,80,29,29,29,37,37,37,51,51,51,51,64,64,64,64,118,118,70,70,59,59,56,56,56,75,75,75,66,66,66,66,45,45,45,15,15,52,52,67,67,67,20,20,20,20,61,61,61,62,62,45,45,8,8,8,48,48,48,53,53,53,53,72,72,72,32,32,32,38,38,38,43,43,43,49,49,49,49,56,56,56,31,31,23,23,8,8,8,66,66,66,66,102,102,102,102,65,65,65,75,75,64,64,33,33,33,139,139,139,139,58,58,58,58,50,50,81,66,66,85,85,85,39,39,39,-10,-10,-10,14,14,-26,0,0,-46,-46,-46,13,13,13,88,88,88,88,52,52,52,52,52,36,36,36,40,40,40,45,45,45,45,32,32,32,35,35,35,28,28,13,13,18,18,18,58,58,58,41,41,41,28,28,15,15,36,36,38,38,8,8,42,42,30,30,25,25,40,40,40,22,22,22,43,43,43,43,40,40,40,61,61,-6,-6,59,59,52,52,52,66,66,66,53,53,31,31,2,2,20,20,20,57,57,57,57,54,54,54,36,11,53,53,37,37,26,26,3,3,4,4,14,14,37,37,50,50,50,45,45,45,29,29,29,31,31,31,42,42,48,49,58,58,64,32,32,28,28,32,32,32,35,35,35,-1,-1,7,7,17,17,33,33
209,37.34200000000000585,31,39,9,9,38,38,3,3,15,15,-2,-2,-2,19,19,19,19,67,67,43,43,43,35,35,35,36,36,38,38,60,60,21,21,21,8,8,8,8,8,8,-9,-9,-25,-25,6,6,6,22,22,22,15,15,15,15,34,34,34,34,25,25,45,45,40,40,40,52,52,52,52,22,22,22,22,27,27,61,61,46,46,12,12,12,35,35,35,20,20,20,20,32,32,29,29,47,47,47,47,47,47,46,46,46,46,54,54,45,45,31,31,31,31,31,18,18,18,15,15,15,24,24,56,56,18,18,18,26,26,26,26,39,39,39,39,32,32,32,9,9,24,24,32,32,32,17,17,17,17,11,11,11,29,29,33,33,33,33,33,18,18,18,10,10,10,10,1,1,1,26,26,3,3,25,25,25,-16,-16,-16,-16,59,59,59,59,10,10,10,4,4,31,31,31,55,55,55,55,69,69,69,69,87,87,87,87,87,82,82,64,64,69,69,69,53,53,53,53,45,45,45,45,26,26,12,12,3,3,3,17,17,17,17,106,106,106,106,47,47,28,28,47,47,51,51,51,45,45,45,45,60,60,60,27,27,36,36,75,75,75,50,50,50,50,50,50,60,60,60,60,93,93,93,93,54,54,23,23,41,41,41,0,0,0,37,37,37,73,73,82,82,63,63,63,44,44,44,54,54,54,54,61,61,61,61,94,94,74,74,58,58,91,91,91,79,79,79,67,67,67,67,60,60,60,27,27,47,47,61,61,61,31,31,31,31,65,65,65,64,64,39,39,39,39,39,43,43,43,36,36,36,36,38,38,38,40,40,40,54,54,54,48,48,48,67,67,67,67,47,47,47,17,17,20,20,24,24,24,57,57,57,57,50,50,50,50,70,70,70,72,72,22,22,54,54,54,83,83,83,83,106,106,106,106,55,55,45,51,51,63,63,63,10,10,10,0,0,0,-19,-19,-40,29,29,101,101,101,113,113,113,90,90,90,90,60,60,60,60,60,59,59,59,62,62,62,38,38,38,38,39,39,39,44,44,44,30,30,23,23,48,48,48,34,34,34,38,38,38,19,19,5,5,24,24,31,31,29,29,31,31,37,37,31,31,54,54,54,26,26,26,18,18,18,18,46,46,46,33,33,22,22,23,23,59,59,59,68,68,68,84,84,44,44,6,6,43,43,43,60,60,60,60,47,47,47,17,-7,49,49,8,8,25,25,12,12,9,9,13,13,56,56,43,43,43,54,54,54,40,40,40,38,38,38,44,44,45,38,47,47,54,35,35,66,66,38,38,38,43,43,43,55,55,45,45,31,31,36,36
210,37.54200000000000159,33,46,72,72,55,55,64,64,53,53,42,42,42,40,40,65,65,62,62,82,82,82,62,62,62,52,52,45,45,70,70,56,56,56,27,27,27,45,45,45,43,43,39,39,60,60,60,19,19,19,9,9,9,9,24,24,24,24,22,22,57,57,71,71,71,35,35,35,35,59,59,59,59,67,67,59,59,42,42,68,68,68,55,55,55,56,56,56,56,69,69,66,66,79,79,79,64,64,64,56,56,56,56,14,14,50,50,78,78,60,60,60,-5,-5,-5,61,61,61,47,47,84,84,49,49,49,28,28,28,28,35,35,35,35,67,67,67,36,36,64,64,69,69,69,39,39,39,39,8,8,8,52,52,39,39,45,45,45,57,57,57,18,18,18,18,40,40,40,27,27,51,51,22,22,22,32,32,32,32,-15,-15,-15,-15,23,23,23,49,49,57,57,57,83,83,83,83,94,94,94,94,69,69,69,69,69,90,90,50,50,37,37,37,37,37,37,37,20,20,20,20,59,59,48,48,45,45,45,20,20,20,20,55,55,55,55,57,57,41,41,70,70,50,50,50,42,42,42,42,45,45,45,34,34,56,56,70,70,70,45,45,45,76,76,76,47,47,47,47,85,85,85,85,48,48,49,49,36,36,36,26,26,26,61,61,61,77,77,65,65,57,57,57,72,72,72,35,35,35,35,57,57,57,57,75,75,61,61,95,95,86,86,86,100,100,100,60,60,60,60,70,70,70,62,62,76,76,57,57,57,53,53,53,53,71,71,71,73,73,63,63,30,30,30,34,34,34,20,20,20,20,50,50,50,36,36,36,47,47,47,57,57,57,55,55,55,55,48,48,48,20,20,45,45,44,44,44,74,74,74,74,60,60,60,60,61,61,61,64,64,63,63,55,55,55,67,67,67,67,80,80,80,80,51,51,47,44,44,48,48,48,-2,-2,-2,-4,-4,-4,13,13,33,90,90,142,142,142,105,105,105,85,85,85,85,51,51,51,51,51,95,95,95,61,61,61,49,49,49,49,30,30,30,44,44,44,36,36,57,57,65,65,65,20,20,20,29,29,29,45,45,34,34,33,33,19,19,12,12,34,34,55,55,17,17,63,63,63,58,58,58,36,36,36,36,42,42,42,43,43,51,51,18,18,71,71,71,93,93,93,93,93,76,76,52,52,76,76,76,56,56,56,56,45,45,45,28,16,54,54,-4,-4,35,35,35,35,33,33,34,34,59,59,51,51,51,23,23,23,45,45,45,43,43,43,34,34,47,47,31,31,57,59,59,58,58,38,38,38,43,43,43,62,62,71,71,38,38,41,41
211,37.74200000000000443,24,53,60,60,59,59,50,50,79,79,12,12,12,45,45,93,93,96,96,58,58,58,67,67,67,90,90,65,65,61,61,71,71,71,39,39,39,42,42,42,49,49,53,53,53,53,53,34,34,34,60,60,60,60,45,45,45,45,72,72,65,65,54,54,54,55,55,55,55,62,62,62,62,67,67,54,54,77,77,72,72,72,60,60,60,84,84,84,84,76,76,57,57,60,60,60,71,71,71,46,46,46,46,94,94,86,86,109,109,36,36,36,62,62,62,55,55,55,55,55,57,57,76,76,76,20,20,20,20,26,26,26,26,44,44,44,47,47,56,56,53,53,53,38,38,38,38,37,37,37,-3,-3,31,31,50,50,50,82,82,82,42,42,42,42,33,33,33,47,47,52,52,55,55,55,18,18,18,18,5,5,5,5,16,16,16,10,10,80,80,80,52,52,52,52,69,69,69,69,60,60,60,60,60,58,58,15,15,50,50,50,74,74,74,74,49,49,49,49,44,44,52,52,24,24,24,36,36,36,36,38,38,38,38,39,39,94,94,75,75,23,23,23,34,34,34,34,25,25,25,41,41,38,38,67,67,67,59,59,59,48,48,48,47,47,47,47,27,27,27,27,62,62,43,43,40,40,40,41,41,41,50,50,50,59,59,20,20,64,64,64,23,23,23,-2,-2,-2,-2,75,75,75,75,64,64,56,56,35,35,89,89,89,72,72,72,100,100,100,100,122,122,122,47,47,94,94,45,45,45,16,16,16,16,64,64,64,68,68,54,54,49,49,49,52,52,52,51,51,51,51,14,14,14,26,26,26,43,43,43,66,66,66,53,53,53,53,34,34,34,23,23,36,36,41,41,41,66,66,66,66,52,52,52,52,74,74,74,75,75,43,43,60,60,60,60,60,60,60,51,51,51,51,20,20,11,21,21,38,38,38,-6,-6,-6,16,16,16,47,47,59,84,84,97,97,97,73,73,73,82,82,82,82,38,38,38,38,38,83,83,83,57,57,57,41,41,41,41,40,40,40,52,52,52,36,36,28,28,48,48,48,23,23,23,53,53,53,37,37,25,25,34,34,7,7,34,34,43,43,60,60,33,33,54,54,54,47,47,47,35,35,35,35,36,36,36,54,54,62,62,11,11,63,63,63,93,93,93,79,79,73,73,38,38,82,82,82,22,22,22,22,32,32,32,19,12,36,36,19,19,50,50,38,38,29,29,16,16,44,44,57,57,57,29,29,29,51,51,51,13,13,13,19,19,26,50,31,31,48,45,45,22,22,30,30,30,56,56,56,50,50,35,35,41,41,17,17
212,37.94200000000000017,5,38,28,28,53,53,38,38,41,41,40,40,40,41,41,38,38,23,23,69,69,69,76,76,76,74,74,36,36,32,32,54,54,54,38,38,38,51,51,51,26,26,21,21,23,23,23,17,17,17,39,39,39,39,81,81,81,81,56,56,38,38,36,36,36,52,52,52,52,39,39,39,39,49,49,38,38,17,17,23,23,23,57,57,57,52,52,52,52,57,57,43,43,30,30,30,48,48,48,4,4,4,4,25,25,46,46,82,82,41,41,41,64,64,64,62,62,62,34,34,49,49,48,48,48,55,55,55,55,27,27,27,27,20,20,20,49,49,52,52,49,49,49,59,59,59,59,28,28,28,11,11,41,41,42,42,42,37,37,37,106,106,106,106,47,47,47,29,29,37,37,25,25,25,37,37,37,37,10,10,10,10,13,13,13,-10,-10,30,30,30,5,5,5,5,54,54,54,54,45,45,45,45,45,36,36,6,6,39,39,39,37,37,37,37,12,12,12,12,-6,-6,22,22,33,33,33,41,41,41,41,-21,-21,-21,-21,11,11,73,73,44,44,5,5,5,33,33,33,33,4,4,4,20,20,37,37,42,42,42,7,7,7,9,9,9,17,17,17,17,28,28,28,28,26,26,37,37,44,44,44,38,38,38,61,61,61,44,44,39,39,13,13,13,38,38,38,-13,-13,-13,-13,35,35,35,35,46,46,18,18,26,26,34,34,34,66,66,66,58,58,58,58,73,73,73,30,30,21,21,24,24,24,29,29,29,29,54,54,54,68,68,31,31,37,37,37,-10,-10,-10,24,24,24,24,21,21,21,15,15,15,26,26,26,35,35,35,14,14,14,14,31,31,31,20,20,15,15,5,5,5,46,46,46,46,48,48,48,48,26,26,26,33,33,30,30,33,33,33,36,36,36,36,26,26,26,26,42,42,-13,29,29,82,82,82,6,6,6,-16,-16,-16,37,37,61,61,61,-23,-23,-23,37,37,37,32,32,32,32,3,3,3,3,3,72,72,72,72,72,72,31,31,31,31,20,20,20,17,17,17,34,34,41,41,44,44,44,18,18,18,29,29,29,39,39,29,29,50,50,9,9,-3,-3,37,37,17,17,54,54,53,53,53,43,43,43,35,35,35,35,66,66,66,41,41,30,30,10,10,31,31,31,30,30,30,83,83,30,30,26,26,40,40,40,-1,-1,-1,-1,21,21,21,11,2,26,26,7,7,42,42,17,17,5,5,21,21,19,19,33,33,33,29,29,29,46,46,46,29,29,29,11,11,31,14,19,19,12,25,25,-3,-3,-11,-11,-11,31,31,31,17,17,-9,-9,30,30,-1,-1
213,38.14200000000000301,30,45,17,17,21,21,-1,-1,32,32,38,38,38,43,43,24,24,21,21,80,80,80,76,76,76,84,84,51,51,49,49,40,40,40,41,41,41,59,59,59,39,39,35,35,34,34,34,52,52,52,96,96,96,96,62,62,62,62,30,30,4,4,42,42,42,23,23,23,23,-7,-7,-7,-7,54,54,30,30,28,28,9,9,9,27,27,27,43,43,43,43,45,45,-4,-4,17,17,17,12,12,12,21,21,21,21,12,12,9,9,12,12,-5,-5,-5,49,49,49,64,64,64,55,55,23,23,29,29,29,41,41,41,41,32,32,32,32,25,25,25,44,44,19,19,-4,-4,-4,50,50,50,50,38,38,38,-1,-1,-1,-1,16,16,16,39,39,39,44,44,44,44,55,55,55,46,46,27,27,47,47,47,35,35,35,35,29,29,29,29,29,29,29,3,3,2,2,2,-9,-9,-9,-9,30,30,30,30,18,18,18,18,18,30,30,0,0,26,26,26,65,65,65,65,34,34,34,34,-14,-14,12,12,39,39,39,40,40,40,40,35,35,35,35,23,23,23,23,6,6,-11,-11,-11,23,23,23,23,26,26,26,5,5,27,27,-6,-6,-6,41,41,41,22,22,22,40,40,40,40,36,36,36,36,39,39,-8,-8,21,21,21,3,3,3,37,37,37,47,47,24,24,13,13,13,-7,-7,-7,-16,-16,-16,-16,17,17,17,17,24,24,-1,-1,-5,-5,20,20,20,36,36,36,26,26,26,26,56,56,56,21,21,-13,-13,28,28,28,30,30,30,30,33,33,33,46,46,30,30,26,26,26,39,39,39,38,38,38,38,-2,-2,-2,-15,-15,-15,5,5,5,-3,-3,-3,8,8,8,8,-3,-3,-3,-42,-42,3,3,1,1,1,43,43,43,43,7,7,7,7,27,27,27,7,7,11,11,17,17,17,7,7,7,7,14,14,14,14,25,25,16,23,23,49,49,49,30,30,30,10,10,10,51,51,61,-2,-2,-48,-48,-48,-18,-18,-18,10,10,10,10,21,21,21,21,21,54,54,54,44,44,44,20,20,20,20,38,38,38,6,6,6,29,29,36,36,23,23,23,20,20,20,47,47,47,46,46,29,29,14,14,-1,-1,-13,-13,19,19,3,3,13,13,24,24,24,34,34,34,-1,-1,-1,-1,21,21,21,34,34,12,12,11,11,20,20,20,17,17,17,37,37,-1,-1,-31,-31,16,16,16,-8,-8,-8,-8,29,29,29,20,20,30,30,14,14,35,35,37,37,29,29,4,4,9,9,9,9,9,3,3,3,42,42,42,16,16,16,-9,-9,0,-1,20,20,-3,18,18,-12,-12,-6,-6,-6,18,18,18,6,6,-2,-2,23,23,38,38
214,38.34200000000000585,33,3,6,6,32,32,28,28,34,34,41,41,41,11,11,32,32,-4,-4,50,50,50,56,56,56,61,61,45,45,60,60,27,27,27,55,55,55,15,15,15,-6,-6,40,40,21,21,21,25,25,25,52,52,52,52,78,78,78,78,39,39,18,18,46,46,46,55,55,55,55,31,31,31,31,5,5,36,36,12,12,35,35,35,67,67,67,33,33,33,33,5,5,28,28,-1,-1,-1,19,19,19,13,13,13,13,21,21,-1,-1,17,17,16,16,16,11,11,11,62,62,62,58,58,19,19,24,24,24,49,49,49,49,25,25,25,25,39,39,39,46,46,15,15,15,15,15,51,51,51,51,53,53,53,28,28,-5,-5,9,9,9,62,62,62,46,46,46,46,74,74,74,42,42,30,30,39,39,39,66,66,66,66,57,57,57,57,4,4,4,10,10,26,26,26,-6,-6,-6,-6,45,45,45,45,27,27,27,27,27,16,16,49,49,23,23,23,65,65,65,65,37,37,37,37,34,34,27,27,24,24,24,38,38,38,38,13,13,13,13,72,72,53,53,45,45,23,23,23,34,34,34,34,23,23,23,55,55,20,20,24,24,24,43,43,43,12,12,12,41,41,41,41,43,43,43,43,59,59,36,36,39,39,39,31,31,31,-2,-2,-2,6,6,48,48,25,25,25,39,39,39,24,24,24,24,34,34,34,34,32,32,-2,-2,24,24,47,47,47,54,54,54,46,46,46,46,41,41,41,18,18,19,19,76,76,76,67,67,67,67,12,12,12,46,46,24,24,24,24,24,25,25,25,58,58,58,58,-15,-15,-15,44,44,44,23,23,23,17,17,17,31,31,31,31,12,12,12,-3,-3,16,16,-1,-1,-1,81,81,81,81,62,62,62,62,31,31,31,22,22,17,17,35,35,35,13,13,13,13,34,34,34,34,12,12,26,2,2,25,25,25,62,62,62,42,42,42,77,77,52,26,26,38,38,38,33,33,33,30,30,30,30,33,33,33,33,33,39,39,39,49,49,49,59,59,59,59,63,63,63,50,50,50,40,40,42,42,43,43,43,44,44,44,67,67,67,43,43,17,17,15,15,32,32,30,30,19,19,41,41,16,16,30,30,30,29,29,29,38,38,38,38,30,30,30,38,38,35,35,2,2,47,47,47,44,44,44,49,49,5,5,-4,-4,31,31,31,7,7,7,7,22,22,22,24,27,48,48,61,61,43,43,47,47,50,50,44,44,20,20,1,1,1,42,42,42,71,71,71,50,50,50,15,15,12,22,30,30,4,18,18,25,25,-6,-6,-6,40,40,40,28,28,26,26,34,34,35,35
215,38.54200000000000159,34,13,17,17,-7,-7,30,30,40,40,66,66,66,34,34,46,46,32,32,44,44,44,72,72,72,57,57,26,26,47,47,47,47,47,42,42,42,23,23,23,41,41,21,21,43,43,43,46,46,46,52,52,52,52,30,30,30,30,73,73,56,56,49,49,49,19,19,19,19,44,44,44,44,9,9,11,11,38,38,37,37,37,39,39,39,40,40,40,40,37,37,25,25,25,25,25,32,32,32,35,35,35,35,37,37,-9,-9,-29,-29,25,25,25,37,37,37,1,1,1,24,24,4,4,40,40,40,51,51,51,51,21,21,21,21,23,23,23,40,40,23,23,18,18,18,59,59,59,59,46,46,46,5,5,21,21,11,11,11,78,78,78,40,40,40,40,37,37,37,47,47,24,24,52,52,52,55,55,55,55,50,50,50,50,50,50,50,62,62,7,7,7,26,26,26,26,50,50,50,50,64,64,64,64,64,82,82,82,82,61,61,61,137,137,137,137,75,75,75,75,62,62,68,68,85,85,85,38,38,38,38,50,50,50,50,88,88,90,90,46,46,85,85,85,40,40,40,40,67,67,67,39,39,36,36,22,22,22,48,48,48,58,58,58,99,99,99,99,24,24,24,24,31,31,37,37,78,78,78,65,65,65,9,9,9,18,18,60,60,25,25,25,86,86,86,59,59,59,59,23,23,23,23,29,29,47,47,17,17,64,64,64,55,55,55,31,31,31,31,74,74,74,43,43,16,16,65,65,65,89,89,89,89,46,46,46,18,18,76,76,29,29,29,63,63,63,60,60,60,60,38,38,38,50,50,50,38,38,38,61,61,61,57,57,57,57,8,8,8,75,75,36,36,62,62,62,100,100,100,100,79,79,79,79,62,62,62,17,17,48,48,56,56,56,38,38,38,38,46,46,46,46,66,66,45,51,51,58,58,58,97,97,97,60,60,60,74,74,86,68,68,108,108,108,47,47,47,27,27,27,27,55,55,55,55,55,17,17,17,78,78,78,91,91,91,91,63,63,63,69,69,69,58,58,35,35,63,63,63,10,10,10,77,77,77,64,64,31,31,54,54,33,33,57,57,43,43,32,32,33,33,40,40,40,29,29,29,51,51,51,51,47,47,47,52,52,54,54,29,29,75,75,75,43,43,43,38,38,33,33,18,18,41,41,41,39,39,39,39,37,37,37,40,53,59,59,65,65,67,67,72,72,73,73,60,60,45,45,40,40,40,50,50,50,78,78,78,83,83,83,43,43,28,36,32,32,24,43,43,22,22,19,19,19,52,52,52,52,52,60,60,60,60,57,57
216,38.74200000000000443,33,54,45,45,20,20,58,58,-8,-8,53,53,53,50,50,33,33,48,48,54,54,54,48,48,48,30,30,35,35,49,49,31,31,31,49,49,49,54,54,54,34,34,16,16,68,68,68,47,47,47,63,63,63,63,57,57,57,57,41,41,62,62,35,35,35,60,60,60,60,26,26,26,26,5,5,28,28,18,18,30,30,30,40,40,40,22,22,22,22,17,17,35,35,12,12,12,24,24,24,82,82,82,82,44,44,38,38,33,33,32,32,32,42,42,42,42,42,42,20,20,4,4,52,52,52,42,42,42,42,40,40,40,40,39,39,39,40,40,30,30,28,28,28,35,35,35,35,35,35,35,35,35,55,55,29,29,29,60,60,60,39,39,39,39,98,98,98,36,36,15,15,31,31,31,67,67,67,67,52,52,52,52,41,41,41,52,52,60,60,60,43,43,43,43,76,76,76,76,89,89,89,89,89,56,56,54,54,68,68,68,90,90,90,90,61,61,61,61,75,75,65,65,73,73,73,39,39,39,39,59,59,59,59,106,106,104,104,73,73,77,77,77,51,51,51,51,45,45,45,30,30,28,28,45,45,45,65,65,65,88,88,88,74,74,74,74,67,67,67,67,49,49,79,79,76,76,76,89,89,89,44,44,44,31,31,69,69,73,73,73,64,64,64,62,62,62,62,44,44,44,44,58,58,39,39,54,54,59,59,59,67,67,67,36,36,36,36,23,23,23,42,42,43,43,57,57,57,65,65,65,65,40,40,40,34,34,60,60,61,61,61,65,65,65,80,80,80,80,50,50,50,63,63,63,66,66,66,57,57,57,71,71,71,71,26,26,26,46,46,76,76,55,55,55,98,98,98,98,87,87,87,87,62,62,62,43,43,39,39,69,69,69,45,45,45,45,64,64,64,64,76,76,46,45,45,38,38,38,103,103,103,109,109,109,104,104,87,39,39,134,134,134,75,75,75,39,39,39,39,31,31,31,31,31,22,22,22,85,85,85,69,69,69,69,60,60,60,55,55,55,64,64,69,69,64,64,64,40,40,40,86,86,86,37,37,45,45,58,58,59,59,64,64,75,75,39,39,58,58,59,59,59,51,51,51,53,53,53,53,65,65,65,68,68,73,73,71,71,74,74,74,36,36,36,67,67,25,25,30,30,52,52,52,46,46,46,46,45,45,45,63,92,53,53,87,87,56,56,85,85,79,79,57,57,60,60,41,41,41,72,72,72,85,85,85,88,88,88,59,59,56,55,30,30,35,57,57,40,40,33,33,33,56,56,56,39,39,31,31,58,58,56,56
217,38.94200000000000728,42,31,40,40,40,40,44,44,-2,-2,45,45,45,23,23,-29,-29,39,39,30,30,30,22,22,22,28,28,27,27,34,34,14,14,14,3,3,3,28,28,28,3,3,30,30,18,18,18,63,63,63,13,13,13,13,7,7,7,7,30,30,25,25,51,51,51,8,8,8,8,9,9,9,9,1,1,28,28,30,30,-24,-24,-24,32,32,32,22,22,22,22,35,35,4,4,23,23,23,0,0,0,59,59,59,59,17,17,23,23,13,13,26,26,26,7,7,7,10,10,10,-2,-2,10,10,28,28,28,31,31,31,31,32,32,32,32,13,13,13,34,34,26,26,22,22,22,54,54,54,54,49,49,49,0,0,42,42,56,56,56,11,11,11,20,20,20,20,45,45,45,20,20,1,1,14,14,14,26,26,26,26,19,19,19,19,68,68,68,77,77,50,50,50,42,42,42,42,85,85,85,85,98,98,98,98,98,70,70,101,101,61,61,61,121,121,121,121,98,98,98,98,94,94,88,88,58,58,58,60,60,60,60,45,45,45,45,58,58,95,95,42,42,66,66,66,78,78,78,78,53,53,53,42,42,42,42,60,60,60,74,74,74,93,93,93,54,54,54,54,43,43,43,43,71,71,66,66,30,30,30,45,45,45,63,63,63,43,43,50,50,58,58,58,46,46,46,91,91,91,91,71,71,71,71,39,39,51,51,46,46,69,69,69,39,39,39,31,31,31,31,28,28,28,61,61,40,40,45,45,45,74,74,74,74,58,58,58,32,32,47,47,54,54,54,34,34,34,52,52,52,52,43,43,43,50,50,50,54,54,54,41,41,41,73,73,73,73,40,40,40,37,37,54,54,52,52,52,72,72,72,72,66,66,66,66,48,48,48,48,48,35,35,58,58,58,75,75,75,75,71,71,71,71,82,82,45,61,61,56,56,56,103,103,103,99,99,99,99,99,76,80,80,87,87,87,34,34,34,36,36,36,36,32,32,32,32,32,12,12,12,95,95,95,39,39,39,39,41,41,41,42,42,42,58,58,51,51,57,57,57,16,16,16,47,47,47,23,23,45,45,61,61,77,77,36,36,44,44,36,36,31,31,71,71,71,55,55,55,55,55,55,55,59,59,59,70,70,94,94,78,78,77,77,77,41,41,41,43,43,24,24,36,36,5,5,5,58,58,58,58,61,61,61,102,120,62,62,90,90,39,39,67,67,62,62,60,60,49,49,13,13,13,51,51,51,67,67,67,69,69,69,51,51,40,29,25,25,20,38,38,12,12,39,39,39,43,43,43,57,57,24,24,43,43,52,52
218,39.14200000000000301,42,22,39,39,16,16,-7,-7,-8,-8,8,8,8,19,19,-16,-16,16,16,-9,-9,-9,14,14,14,23,23,33,33,0,0,-4,-4,-4,-3,-3,-3,8,8,8,11,11,3,3,17,17,17,9,9,9,18,18,18,18,-26,-26,-26,-26,32,32,8,8,22,22,22,-9,-9,-9,-9,4,4,4,4,6,6,7,7,8,8,22,22,22,0,0,0,26,26,26,26,-16,-16,9,9,19,19,19,6,6,6,12,12,12,12,19,19,23,23,3,3,1,1,1,0,0,0,-33,-33,-33,19,19,27,27,18,18,18,18,18,18,18,-4,-4,-4,-4,24,24,24,26,26,19,19,-4,-4,-4,48,48,48,48,24,24,24,8,8,3,3,14,14,14,-15,-15,-15,-8,-8,-8,-8,32,32,32,18,18,6,6,1,1,1,33,33,33,33,18,18,18,18,53,53,53,44,44,15,15,15,41,41,41,41,49,49,49,49,101,101,101,101,101,72,72,77,77,60,60,60,103,103,103,103,86,86,86,86,86,86,58,58,45,45,45,53,53,53,53,114,114,114,114,49,49,63,63,44,44,68,68,68,14,14,14,14,26,26,26,19,19,30,30,68,68,68,59,59,59,81,81,81,25,25,25,25,1,1,1,1,31,31,2,2,36,36,36,34,34,34,48,48,48,59,59,45,45,54,54,54,32,32,32,49,49,49,49,42,42,42,42,34,34,21,21,29,29,58,58,58,64,64,64,16,16,16,16,-8,-8,-8,33,33,33,33,37,37,37,44,44,44,44,50,50,50,41,41,49,49,43,43,43,24,24,24,51,51,51,51,49,49,49,41,41,41,55,55,55,29,29,29,51,51,51,51,28,28,28,43,43,30,30,55,55,55,62,62,62,62,66,66,66,66,61,61,61,43,43,46,46,48,48,48,70,70,70,70,80,80,80,80,53,53,82,41,41,36,36,36,89,89,89,122,122,122,57,57,50,17,17,-31,-31,-31,58,58,58,13,13,13,13,13,13,13,13,13,9,9,9,64,64,64,74,74,74,74,26,26,26,34,34,34,65,65,50,50,35,35,35,37,37,37,45,45,45,8,8,18,18,63,63,55,55,58,58,53,53,36,36,31,31,53,53,53,22,22,22,32,32,32,32,23,23,23,47,47,71,71,69,69,55,55,55,12,12,12,5,5,1,1,18,18,8,8,8,51,51,51,51,87,87,87,110,115,48,48,81,81,29,29,53,53,58,58,35,35,20,20,23,23,23,20,20,20,33,33,33,43,43,43,39,39,33,22,25,25,13,13,13,11,11,26,26,26,32,32,32,19,19,12,12,10,10,51,51
219,39.34200000000000585,16,-1,38,38,-3,-3,-11,-11,10,10,-5,-5,-5,17,17,25,25,-14,-14,-6,-6,-6,-15,-15,-15,-42,-42,10,10,-18,-18,-34,-34,-34,-24,-24,-24,-9,-9,-9,6,6,16,16,7,7,7,-2,-2,-2,-15,-15,-15,-15,-29,-29,-29,-29,-10,-10,1,1,26,26,26,-52,-52,-52,-52,10,10,10,10,-12,-12,3,3,-19,-19,7,7,7,-21,-21,-21,12,12,12,12,22,22,0,0,-3,-3,-3,16,16,16,-41,-41,-41,-41,-2,-2,26,26,6,6,-30,-30,-30,-1,-1,-1,8,8,8,3,3,24,24,-2,-2,-2,-29,-29,-29,-29,4,4,4,4,5,5,5,-13,-13,-8,-8,-15,-15,-15,-14,-14,-14,-14,-8,-8,-8,18,18,-1,-1,-18,-18,-18,-31,-31,-31,-31,-31,-31,-31,-17,-17,-17,-18,-18,-14,-14,16,16,16,0,0,0,0,14,14,14,14,42,42,42,27,27,28,28,28,32,32,32,32,43,43,43,43,57,57,57,57,57,14,14,79,79,59,59,59,120,120,120,120,55,55,55,55,3,3,33,33,7,7,7,38,38,38,38,39,39,39,39,37,37,16,16,21,21,23,23,23,17,17,17,17,51,51,51,1,1,-2,-2,28,28,28,20,20,20,40,40,40,24,24,24,24,32,32,32,32,11,11,16,16,5,5,5,26,26,26,55,55,55,17,17,-8,-8,51,51,51,25,25,25,44,44,44,44,48,48,48,48,15,15,16,16,26,26,26,26,26,30,30,30,23,23,23,23,12,12,12,17,17,7,7,24,24,24,49,49,49,49,53,53,53,36,36,19,19,34,34,34,23,23,23,55,55,55,55,39,39,39,31,31,31,41,41,41,21,21,21,45,45,45,45,35,35,35,30,30,34,34,6,6,6,53,53,53,53,37,37,37,37,59,59,59,25,25,30,30,22,22,22,56,56,56,56,44,44,44,44,38,38,41,45,45,1,1,1,58,58,58,83,83,83,21,21,-33,-12,-12,-17,-17,-17,9,9,9,54,54,54,54,-4,-4,-4,-4,-4,5,5,5,39,39,39,51,51,51,51,38,38,38,32,32,32,39,39,1,1,33,33,33,3,3,3,36,36,36,20,20,7,7,23,23,50,50,49,49,33,33,3,3,19,19,18,18,18,17,17,17,49,49,49,49,31,31,31,39,39,41,41,52,52,15,15,15,31,31,31,9,9,-3,-3,-13,-13,5,5,5,80,80,80,80,90,90,90,90,127,52,52,28,28,17,17,26,26,40,40,34,34,32,32,24,24,24,15,15,15,22,22,22,45,45,45,29,29,33,34,11,11,13,16,16,-2,-2,8,8,8,13,13,13,11,11,-15,-15,-3,-3,23,23
220,39.54200000000000159,18,-21,-4,-4,-19,-19,-23,-23,-40,-40,-8,-8,-8,-11,-11,7,7,25,25,-9,-9,-9,-13,-13,-13,-9,-9,-32,-32,-28,-28,-39,-39,-39,-57,-57,-57,-16,-16,-16,-19,-19,-29,-29,-40,-40,-40,-1,-1,-1,-47,-47,-47,-47,-20,-20,-20,-20,-30,-30,-11,-11,-41,-41,-41,-18,-18,-18,-18,-11,-11,-11,-11,-11,-11,-24,-24,8,8,-22,-22,-22,-26,-26,-26,-4,-4,-4,-4,-16,-16,0,0,-1,-1,-1,-13,-13,-13,4,4,4,4,-33,-33,-15,-15,-18,-18,4,4,4,-36,-36,-36,-28,-28,-28,-11,-11,-3,-3,-9,-9,-9,-22,-22,-22,-22,-3,-3,-3,-3,2,2,2,-5,-5,0,0,-45,-45,-45,-45,-45,-45,-45,-23,-23,-23,12,12,-15,-15,-22,-22,-22,-40,-40,-40,-4,-4,-4,-4,-31,-31,-31,-26,-26,-26,-26,2,2,2,-8,-8,-8,-8,-37,-37,-37,-37,38,38,38,4,4,23,23,23,50,50,50,50,34,34,34,34,21,21,21,21,21,30,30,57,57,23,23,23,66,66,66,66,52,52,52,52,18,18,-8,-8,-2,-2,-2,56,56,56,56,54,54,54,54,14,14,5,5,-16,-16,-29,-29,-29,35,35,35,35,11,11,11,-4,-4,11,11,17,17,17,10,10,10,5,5,5,19,19,19,19,19,19,19,19,2,2,15,15,2,2,2,1,1,1,1,1,1,11,11,-8,-8,21,21,21,24,24,24,19,19,19,19,8,8,8,8,-9,-9,2,2,2,2,30,30,30,38,38,38,43,43,43,43,12,12,12,-12,-12,6,6,30,30,30,11,11,11,11,26,26,26,27,27,3,3,19,19,19,-1,-1,-1,35,35,35,35,59,59,59,21,21,21,18,18,18,8,8,8,29,29,29,29,21,21,21,22,22,17,17,23,23,23,49,49,49,49,28,28,28,28,40,40,40,13,13,32,32,3,3,3,68,68,68,68,38,38,38,38,9,9,62,31,31,-19,-19,-19,15,15,15,7,7,7,-29,-29,-42,-7,-7,-4,-4,-4,9,9,9,45,45,45,45,-30,-30,-30,-30,-30,2,2,2,12,12,12,39,39,39,39,10,10,10,3,3,3,15,15,14,14,6,6,6,17,17,17,2,2,2,7,7,6,6,10,10,41,41,30,30,7,7,-2,-2,-7,-7,-15,-15,-15,20,20,20,22,22,22,22,31,31,31,10,10,29,29,44,44,24,24,24,13,13,13,-1,-1,-12,-12,-20,-20,6,6,6,50,50,50,50,71,71,71,52,53,27,27,2,2,-3,-3,11,11,18,18,27,27,31,31,36,36,36,2,2,2,9,9,9,35,35,35,33,33,25,10,11,11,4,8,8,28,28,17,17,17,-9,-9,-9,11,11,5,5,-13,-13,10,10
221,39.74200000000000443,9,-2,-4,-4,-13,-13,-17,-17,-17,-17,-14,-14,-14,-36,-36,13,13,-43,-43,-13,-13,-13,-43,-43,-43,-4,-4,-4,-4,-29,-29,-15,-15,-15,-30,-30,-30,-18,-18,-18,-30,-30,-17,-17,-10,-10,-10,-22,-22,-22,-33,-33,-33,-33,-40,-40,-40,-40,-44,-44,-8,-8,8,8,8,-11,-11,-11,-11,-65,-65,-65,-65,-24,-24,-39,-39,7,7,-13,-13,-13,-44,-44,-44,5,5,5,5,-3,-3,-10,-10,23,23,23,-34,-34,-34,-5,-5,-5,-5,-14,-14,-11,-11,-1,-1,-4,-4,-4,-45,-45,-45,-3,-3,-3,-33,-33,-17,-17,-15,-15,-15,-24,-24,-24,-24,-16,-16,-16,-16,-17,-17,-17,-27,-27,4,4,-24,-24,-24,-31,-31,-31,-31,-25,-25,-25,-11,-11,19,19,2,2,2,-51,-51,-51,-13,-13,-13,-13,-25,-25,-25,-48,-48,-11,-11,-7,-7,-7,-32,-32,-32,-32,-90,-90,-90,-90,-5,-5,-5,-12,-12,-1,-1,-1,10,10,10,10,0,0,0,0,53,53,53,53,53,24,24,16,16,13,13,13,-2,-2,-2,-2,10,10,10,10,-9,-9,-31,-31,-18,-18,-18,25,25,25,25,20,20,20,20,-15,-15,-12,-12,-4,-4,-81,-81,-81,-8,-8,-8,-8,19,19,19,-18,-18,26,26,6,6,6,-24,-24,-24,6,6,6,33,33,33,33,22,22,22,22,11,11,-23,-23,2,2,2,-7,-7,-7,32,32,32,14,14,17,17,37,37,37,12,12,12,42,42,42,42,6,6,6,6,-2,-2,-13,-13,20,20,24,24,24,45,45,45,42,42,42,42,23,23,23,-8,-8,-5,-5,14,14,14,5,5,5,5,0,0,0,7,7,-19,-19,-5,-5,-5,-18,-18,-18,17,17,17,17,37,37,37,13,13,13,-8,-8,-8,3,3,3,3,3,3,3,18,18,18,30,30,14,14,7,7,7,20,20,20,20,19,19,19,19,17,17,17,5,5,35,35,0,0,0,51,51,51,51,7,7,7,7,6,6,1,-15,-15,-34,-34,-34,-32,-32,-32,-49,-49,-49,-37,-37,-60,-42,-42,16,16,16,20,20,20,2,2,2,2,-7,-7,-7,-7,-7,12,12,12,8,8,8,-6,-6,-6,-6,1,1,1,-9,-9,-9,-7,-7,7,7,-14,-14,-14,3,3,3,-26,-26,-26,-8,-8,1,1,4,4,13,13,-1,-1,-9,-9,-8,-8,-12,-12,-32,-32,-32,11,11,11,-8,-8,-8,-8,17,17,17,25,25,-20,-20,24,24,-3,-3,-3,31,31,31,1,1,-16,-16,-19,-19,11,11,11,38,38,38,38,60,60,60,36,29,10,10,4,4,-16,-16,-24,-24,-1,-1,22,22,7,7,17,17,17,-16,-16,-16,10,10,10,-9,-9,-9,30,30,23,15,15,15,9,-2,-2,23,23,-6,-6,-6,-9,-9,-9,0,0,-17,-17,-11,-11,-16,-16
222,39.94200000000000728,27,4,1,1,11,11,-29,-29,-3,-3,-32,-32,-32,-49,-49,-2,-2,29,29,-13,-13,-13,-24,-24,-24,27,27,-26,-26,-17,-17,-6,-6,-6,-1,-1,-1,-1,-1,-1,15,15,-8,-8,-37,-37,-37,-14,-14,-14,-26,-26,-26,-26,-25,-25,-25,-25,-25,-25,-6,-6,-8,-8,-8,-21,-21,-21,-21,-58,-58,-58,-58,-29,-29,-1,-1,-3,-3,-11,-11,-11,-40,-40,-40,-11,-11,-11,-11,2,2,9,9,-4,-4,-4,-37,-37,-37,-8,-8,-8,-8,18,18,-17,-17,-24,-24,34,34,34,-4,-4,-4,-48,-48,-48,-3,-3,-13,-13,-13,-13,-13,-4,-4,-4,-4,-14,-14,-14,-14,-25,-25,-25,-1,-1,-5,-5,-22,-22,-22,-14,-14,-14,-14,-3,-3,-3,-5,-5,-15,-15,-15,-15,-15,-19,-19,-19,-10,-10,-10,-10,-12,-12,-12,-19,-19,-6,-6,-9,-9,-9,-45,-45,-45,-45,-56,-56,-56,-56,-4,-4,-4,10,10,22,22,22,4,4,4,4,9,9,9,9,-7,-7,-7,-7,-7,-8,-8,3,3,-30,-30,-30,14,14,14,14,-29,-29,-29,-29,-32,-32,-12,-12,-22,-22,-22,-16,-16,-16,-16,4,4,4,4,-2,-2,7,7,-6,-6,-23,-23,-23,4,4,4,4,-60,-60,-60,27,27,14,14,32,32,32,-3,-3,-3,12,12,12,13,13,13,13,-48,-48,-48,-48,3,3,-1,-1,-11,-11,-11,-15,-15,-15,0,0,0,22,22,9,9,12,12,12,6,6,6,-6,-6,-6,-6,2,2,2,2,-14,-14,-8,-8,0,0,28,28,28,39,39,39,28,28,28,28,-2,-2,-2,-5,-5,-22,-22,3,3,3,-34,-34,-34,-34,-42,-42,-42,-14,-14,-10,-10,12,12,12,-26,-26,-26,-18,-18,-18,-18,-1,-1,-1,-25,-25,-25,-33,-33,-33,-11,-11,-11,2,2,2,2,27,27,27,28,28,25,25,6,6,6,13,13,13,13,6,6,6,6,23,23,23,12,12,-15,-15,-28,-28,-28,34,34,34,34,4,4,4,4,-20,-20,-27,-34,-34,-42,-42,-42,-38,-38,-38,-32,-32,-32,-61,-61,-43,-50,-50,18,18,18,9,9,9,-31,-31,-31,-31,-20,-20,-20,-20,-20,13,13,13,-15,-15,-15,-11,-11,-11,-11,-5,-5,-5,-27,-27,-27,-12,-12,-16,-16,-40,-40,-40,-7,-7,-7,-34,-34,-34,-10,-10,-10,-10,4,4,5,5,-20,-20,-10,-10,-19,-19,-5,-5,-10,-10,-10,-6,-6,-6,3,3,3,3,-6,-6,-6,-22,-22,-26,-26,4,4,-7,-7,-7,33,33,33,24,24,16,16,2,2,36,36,36,30,30,30,30,54,54,54,30,30,4,4,-37,-37,3,3,-30,-30,3,3,5,5,9,9,10,10,10,-8,-8,-8,-16,-16,-16,-31,-31,-31,6,6,-12,-3,11,11,-2,-4,-4,19,19,-9,-9,-9,-7,-7,-7,-17,-17,-23,-23,-26,-26,-43,-43
223,40.14200000000000301,-30,19,8,8,-24,-24,-7,-7,10,10,-16,-16,-16,-12,-12,-30,-30,-9,-9,-4,-4,-4,8,8,8,-33,-33,-25,-25,0,0,6,6,6,17,17,17,6,6,6,20,20,37,37,0,0,0,-15,-15,-15,-1,-1,-1,-1,-9,-9,-9,-9,5,5,-15,-15,5,5,5,-5,-5,-5,-5,-50,-50,-50,-50,-19,-19,-5,-5,-9,-9,2,2,2,-37,-37,-37,1,1,1,1,0,0,8,8,-10,-10,-10,-27,-27,-27,-10,-10,-10,-10,9,9,24,24,-20,-20,-30,-30,-30,-24,-24,-24,-18,-18,-18,-12,-12,-3,-3,-12,-12,-12,20,20,20,20,-14,-14,-14,-14,-6,-6,-6,-9,-9,-21,-21,-33,-33,-33,-36,-36,-36,-36,-1,-1,-1,-34,-34,-29,-29,4,4,4,-18,-18,-18,-24,-24,-24,-24,-14,-14,-14,-6,-6,2,2,14,14,14,-2,-2,-2,-2,-10,-10,-10,-10,-1,-1,-1,8,8,-22,-22,-22,-8,-8,-8,-8,-15,-15,-15,-15,-38,-38,-38,-38,-38,8,8,-11,-11,-8,-8,-8,6,6,6,6,-1,-1,-1,-1,-2,-2,-11,-11,-9,-9,-9,-22,-22,-22,-22,-47,-47,-47,-47,-32,-32,-9,-9,-40,-40,-8,-8,-8,-8,-8,-8,-8,-50,-50,-50,-15,-15,10,10,28,28,28,31,31,31,-12,-12,-12,17,17,17,17,11,11,11,11,-12,-12,-21,-21,6,6,6,3,3,3,2,2,2,-16,-16,-1,-1,-15,-15,-15,17,17,17,-5,-5,-5,-5,-50,-50,-50,-50,-21,-21,-21,-21,-10,-10,14,14,14,33,33,33,-8,-8,-8,-8,-12,-12,-12,-13,-13,-27,-27,-25,-25,-25,-14,-14,-14,-14,-33,-33,-33,-15,-15,-6,-6,-31,-31,-31,7,7,7,-5,-5,-5,-5,-30,-30,-30,-40,-40,-40,-11,-11,-11,-25,-25,-25,-31,-31,-31,-31,-25,-25,-25,-27,-27,-2,-2,-13,-13,-13,-12,-12,-12,-12,31,31,31,31,-7,-7,-7,-13,-13,-19,-19,-36,-36,-36,-22,-22,-22,-22,-14,-14,-14,-14,-40,-40,-62,-38,-38,-37,-37,-37,-71,-71,-71,-68,-68,-68,-52,-52,-46,-57,-57,-6,-6,-6,-5,-5,-5,-33,-33,-33,-33,-28,-28,-28,-28,-28,9,9,9,-9,-9,-9,-34,-34,-34,-34,-13,-13,-13,-31,-31,-31,-40,-40,-25,-25,-39,-39,-39,-27,-27,-27,-30,-30,-30,-14,-14,0,0,-9,-9,-6,-6,-48,-48,-27,-27,-9,-9,-21,-21,-27,-27,-27,-26,-26,-26,-43,-43,-43,-43,-23,-23,-23,-21,-21,-15,-15,-31,-31,-35,-35,-35,18,18,18,45,45,39,39,18,18,40,40,40,-1,-1,-1,-1,18,18,18,-2,-7,6,6,-47,-47,-15,-15,-43,-43,-44,-44,-3,-3,-5,-5,-13,-13,-13,-26,-26,-26,-18,-18,-18,-25,-25,-25,-8,-8,-9,-22,-12,-12,-29,-18,-18,1,1,-16,-16,-16,-27,-27,-27,-38,-38,-36,-36,-41,-41,-47,-47
224,40.34200000000000585,-27,-11,-41,-41,6,6,-25,-25,-23,-23,-34,-34,-34,-17,-17,-38,-38,-24,-24,-11,-11,-11,9,9,9,-5,-5,-4,-4,-15,-15,3,3,3,16,16,16,-14,-14,-14,11,11,3,3,-36,-36,-36,-14,-14,-14,16,16,16,16,25,25,25,25,-2,-2,-29,-29,-6,-6,-6,-40,-40,-40,-40,-23,-23,-23,-23,-17,-17,-4,-4,-2,-2,1,1,1,-27,-27,-27,-19,-19,-19,-19,-34,-34,0,0,-31,-31,-31,21,21,21,-10,-10,-10,-10,-12,-12,-16,-16,-24,-24,-5,-5,-5,-5,-5,-5,7,7,7,12,12,-16,-16,-25,-25,-25,0,0,0,0,-18,-18,-18,-18,-6,-6,-6,-26,-26,-6,-6,1,1,1,-28,-28,-28,-28,-6,-6,-6,-11,-11,-28,-28,-9,-9,-9,-12,-12,-12,-10,-10,-10,-10,24,24,24,-15,-15,-12,-12,-20,-20,-20,3,3,3,3,17,17,17,17,-23,-23,-23,9,9,-14,-14,-14,-35,-35,-35,-35,-20,-20,-20,-20,-56,-56,-56,-56,-56,-9,-9,-47,-47,-25,-25,-25,-15,-15,-15,-15,-56,-56,-56,-56,-35,-35,-14,-14,-6,-6,-6,-6,-6,-6,-6,-26,-26,-26,-26,-15,-15,-22,-22,-14,-14,2,2,2,-31,-31,-31,-31,3,3,3,25,25,17,17,14,14,14,7,7,7,-10,-10,-10,-30,-30,-30,-30,-3,-3,-3,-3,27,27,-25,-25,6,6,6,19,19,19,-13,-13,-13,-30,-30,-21,-21,-24,-24,-24,-8,-8,-8,-49,-49,-49,-49,-50,-50,-50,-50,-9,-9,1,1,4,4,-3,-3,-3,16,16,16,-12,-12,-12,-12,-5,-5,-5,-17,-17,-26,-26,-27,-27,-27,-28,-28,-28,-28,-28,-28,-28,-11,-11,6,6,-9,-9,-9,9,9,9,-20,-20,-20,-20,-13,-13,-13,-2,-2,-2,-39,-39,-39,-38,-38,-38,-36,-36,-36,-36,-25,-25,-25,-43,-43,-16,-16,-6,-6,-6,0,0,0,0,-6,-6,-6,-6,3,3,3,-7,-7,-39,-39,-52,-52,-52,-28,-28,-28,-28,-38,-38,-38,-38,-29,-29,-72,-27,-27,12,12,12,-48,-48,-48,-69,-69,-69,-27,-27,-55,-52,-52,-62,-62,-62,-29,-29,-29,-38,-38,-38,-38,-31,-31,-31,-31,-31,9,9,9,-19,-19,-19,-20,-20,-20,-20,-32,-32,-32,-30,-30,-30,-60,-60,-28,-28,-22,-22,-22,-36,-36,-36,-40,-40,-40,-30,-30,-15,-15,0,0,-33,-33,-34,-34,-28,-28,3,3,-26,-26,-30,-30,-30,-22,-22,-22,-36,-36,-36,-36,-11,-11,-11,-32,-32,-44,-44,-58,-58,-20,-20,-20,11,11,11,19,19,31,31,-9,-9,23,23,23,-18,-18,-18,-18,5,5,5,-7,-14,-4,-4,-33,-33,-20,-20,-25,-25,-39,-39,-14,-14,-21,-21,-18,-18,-18,-5,-5,-5,-26,-26,-26,-77,-77,-77,-13,-13,-19,-11,-10,-10,-12,9,9,-2,-2,-33,-33,-33,-32,-32,-32,-38,-38,-44,-44,-45,-45,-24,-24
225,40.54200000000000159,0,28,4,4,15,15,29,29,0,0,-4,-4,-4,-2,-2,-23,-23,-25,-25,-29,-29,-29,1,1,1,17,17,-12,-12,-8,-8,22,22,22,13,13,13,-7,-7,-7,-27,-27,10,10,18,18,18,-2,-2,-2,-3,-3,-3,-3,34,34,34,34,37,37,10,10,-16,-16,-16,2,2,2,2,-26,-26,-26,-26,8,8,-4,-4,4,4,3,3,3,-12,-12,-12,-30,-30,-30,-30,20,20,-1,-1,-6,-6,-6,2,2,2,-17,-17,-17,-17,6,6,20,20,6,6,-1,-1,-1,3,3,3,-43,-43,-43,-15,-15,-5,-5,-12,-12,-12,14,14,14,14,-4,-4,-4,-4,0,0,0,-25,-25,-9,-9,5,5,5,-3,-3,-3,-3,16,16,16,-8,-8,-3,-3,-9,-9,-9,-23,-23,-23,7,7,7,7,32,32,32,3,3,23,23,12,12,12,24,24,24,24,47,47,47,47,0,0,0,-7,-7,-29,-29,-29,-5,-5,-5,-5,-9,-9,-9,-9,8,8,8,8,8,26,26,-13,-13,6,6,6,-2,-2,-2,-2,27,27,27,27,2,2,21,21,-2,-2,-2,-1,-1,-1,-1,-7,-7,-7,-7,6,6,-1,-1,20,20,32,32,32,20,20,20,20,5,5,5,27,27,17,17,33,33,33,24,24,24,-3,-3,-3,1,1,1,1,19,19,19,19,19,19,17,17,16,16,16,37,37,37,33,33,33,7,7,9,9,25,25,25,0,0,0,-8,-8,-8,-8,-32,-32,-32,-32,-12,-12,10,10,12,12,22,22,22,2,2,2,-17,-17,-17,-17,23,23,23,-17,-17,-1,-1,-39,-39,-39,11,11,11,11,-12,-12,-12,30,30,-4,-4,-2,-2,-2,25,25,25,12,12,12,12,-14,-14,-14,-8,-8,-8,-19,-19,-19,-10,-10,-10,8,8,8,8,7,7,7,-11,-11,-8,-8,-10,-10,-10,2,2,2,2,12,12,12,12,17,17,17,14,14,-4,-4,-12,-12,-12,-5,-5,-5,-5,10,10,10,10,-16,-16,-28,-38,-38,12,12,12,-17,-17,-17,-16,-16,-16,17,17,-9,-12,-12,22,22,22,27,27,27,-7,-7,-7,-7,-9,-9,-9,-9,-9,27,27,27,6,6,6,-10,-10,-10,-10,-18,-18,-18,-15,-15,-15,-27,-27,10,10,-17,-17,-17,-40,-40,-40,-13,-13,-13,-24,-24,6,6,2,2,-1,-1,-14,-14,8,8,-9,-9,-4,-4,4,4,4,-8,-8,-8,-1,-1,-1,-1,17,17,17,-23,-23,-21,-21,-47,-47,6,6,6,23,23,23,41,41,29,29,8,8,15,15,15,-24,-24,-24,-24,4,4,4,0,-27,-17,-17,-22,-22,-4,-4,-20,-20,-12,-12,-34,-34,5,5,4,4,4,-19,-19,-19,5,5,5,-22,-22,-22,18,18,5,1,-5,-5,-8,27,27,1,1,-9,-9,-9,-8,-8,-8,6,6,-3,-3,13,13,-4,-4
226,40.74200000000000443,-8,0,2,2,47,47,18,18,-11,-11,-10,-10,-10,-12,-12,3,3,-7,-7,28,28,28,44,44,44,-11,-11,2,2,26,26,4,4,4,6,6,6,14,14,14,36,36,34,34,-9,-9,-9,35,35,35,60,60,60,60,24,24,24,24,21,21,58,58,24,24,24,28,28,28,28,40,40,40,40,-7,-7,6,6,-3,-3,12,12,12,31,31,31,-24,-24,-24,-24,30,30,20,20,-2,-2,-2,1,1,1,12,12,12,12,25,25,-19,-19,-18,-18,6,6,6,39,39,39,-3,-3,-3,9,9,12,12,8,8,8,15,15,15,15,20,20,20,20,6,6,6,14,14,30,30,28,28,28,20,20,20,20,34,34,34,21,21,8,8,23,23,23,10,10,10,5,5,5,5,68,68,68,28,28,36,36,35,35,35,48,48,48,48,50,50,50,50,2,2,2,28,28,16,16,16,33,33,33,33,64,64,64,64,54,54,54,54,54,41,41,26,26,96,96,96,24,24,24,24,41,41,41,41,38,38,17,17,40,40,40,4,4,4,4,69,69,69,69,32,32,29,29,21,21,72,72,72,38,38,38,38,22,22,22,55,55,72,72,40,40,40,54,54,54,37,37,37,67,67,67,67,42,42,42,42,53,53,33,33,36,36,36,37,37,37,18,18,18,19,19,22,22,-13,-13,-13,56,56,56,-19,-19,-19,-19,-3,-3,-3,-3,43,43,57,57,47,47,25,25,25,52,52,52,9,9,9,9,57,57,57,38,38,20,20,-18,-18,-18,15,15,15,15,11,11,11,39,39,45,45,12,12,12,52,52,52,39,39,39,39,26,26,26,22,22,22,27,27,27,29,29,29,38,38,38,38,39,39,39,18,18,15,15,26,26,26,20,20,20,20,17,17,17,17,32,32,32,15,15,-6,-6,38,38,38,14,14,14,14,53,53,53,53,36,36,25,8,8,58,58,58,32,32,32,51,51,51,63,63,46,52,52,79,79,79,28,28,28,20,20,20,20,55,55,55,55,55,51,51,51,37,37,37,15,15,15,15,19,19,19,36,36,36,10,10,30,30,0,0,0,39,39,39,45,45,45,32,32,44,44,20,20,4,4,-8,-8,12,12,28,28,23,23,26,26,26,23,23,23,33,33,33,33,27,27,27,26,26,11,11,14,14,42,42,42,60,60,60,55,55,57,57,53,53,25,25,25,15,15,15,15,-6,-6,-6,17,1,18,18,2,2,15,15,-2,-2,1,1,-24,-24,17,17,23,23,23,17,17,17,28,28,28,33,33,33,22,22,26,13,22,22,9,31,31,25,25,6,6,6,22,22,22,37,37,28,28,18,18,39,39
227,40.94200000000000728,-14,26,29,29,-3,-3,0,0,31,31,12,12,12,24,24,-2,-2,27,27,2,2,2,18,18,18,37,37,21,21,11,11,33,33,33,15,15,15,15,15,15,-2,-2,-8,-8,14,14,14,59,59,59,42,42,42,42,57,57,57,57,82,82,51,51,36,36,36,39,39,39,39,14,14,14,14,39,39,34,34,18,18,4,4,4,11,11,11,4,4,4,4,26,26,27,27,23,23,23,28,28,28,26,26,26,26,30,30,14,14,-14,-14,-4,-4,-4,0,0,0,37,37,37,21,21,5,5,-19,-19,-19,3,3,3,3,48,48,48,48,22,22,22,47,47,44,44,51,51,51,31,31,31,31,2,2,2,40,40,25,25,53,53,53,20,20,20,37,37,37,37,33,33,33,37,37,33,33,30,30,30,37,37,37,37,42,42,42,42,30,30,30,73,73,63,63,63,34,34,34,34,72,72,72,72,53,53,53,53,53,81,81,70,70,52,52,52,59,59,59,59,58,58,58,58,75,75,52,52,61,61,61,30,30,30,30,63,63,63,63,74,74,56,56,47,47,81,81,81,49,49,49,49,39,39,39,30,30,50,50,43,43,43,48,48,48,68,68,68,82,82,82,82,78,78,78,78,71,71,41,41,56,56,56,55,55,55,32,32,32,66,66,26,26,46,46,46,65,65,65,46,46,46,46,53,53,53,53,50,50,91,91,69,69,48,48,48,45,45,45,53,53,53,53,45,45,45,45,45,44,44,35,35,35,42,42,42,42,64,64,64,53,53,72,72,64,64,64,86,86,86,83,83,83,83,34,34,34,69,69,69,40,40,40,62,62,62,53,53,53,53,31,31,31,24,24,54,54,45,45,45,63,63,63,63,53,53,53,53,49,49,49,47,47,43,43,37,37,37,29,29,29,29,68,68,68,68,64,64,30,75,75,60,60,60,70,70,70,54,54,54,67,67,84,88,88,115,115,115,44,44,44,59,59,59,59,77,77,77,77,77,65,65,65,58,58,58,37,37,37,37,60,60,60,38,38,38,28,28,32,32,14,14,14,41,41,41,46,46,46,46,46,54,54,11,11,10,10,35,35,23,23,29,29,35,35,49,49,49,35,35,35,39,39,39,39,56,56,56,67,67,23,23,-1,-1,65,65,65,74,74,74,78,78,66,66,91,91,51,51,51,37,37,37,37,22,22,22,33,5,22,22,-5,-5,20,20,-2,-2,6,6,17,17,2,2,26,26,26,33,33,33,49,49,49,40,40,40,40,40,37,45,35,35,35,34,34,33,33,31,31,31,38,38,38,35,35,31,31,57,57,64,64
228,41.14200000000000301,20,-34,1,1,4,4,-37,-37,25,25,12,12,12,30,30,30,30,0,0,39,39,39,38,38,38,19,19,34,34,36,36,19,19,19,22,22,22,36,36,36,11,11,3,3,19,19,19,65,65,65,30,30,30,30,41,41,41,41,51,51,40,40,24,24,24,35,35,35,35,38,38,38,38,22,22,21,21,10,10,22,22,22,18,18,18,16,16,16,16,22,22,-8,-8,16,16,16,19,19,19,30,30,30,30,19,19,-2,-2,33,33,9,9,9,22,22,22,25,25,25,27,27,6,6,8,8,8,42,42,42,42,49,49,49,49,38,38,38,25,25,25,25,41,41,41,53,53,53,53,16,16,16,26,26,24,24,27,27,27,57,57,57,21,21,21,21,23,23,23,63,63,20,20,35,35,35,54,54,54,54,51,51,51,51,18,18,18,-13,-13,54,54,54,18,18,18,18,77,77,77,77,48,48,48,48,48,32,32,76,76,93,93,93,40,40,40,40,90,90,90,90,40,40,39,39,13,13,13,16,16,16,16,34,34,34,34,63,63,45,45,74,74,97,97,97,72,72,72,72,17,17,17,51,51,45,45,53,53,53,39,39,39,80,80,80,71,71,71,71,78,78,78,78,59,59,7,7,65,65,65,33,33,33,30,30,30,28,28,12,12,38,38,38,74,74,74,28,28,28,28,45,45,45,45,88,88,73,73,54,54,38,38,38,74,74,74,48,48,48,48,67,67,67,46,46,40,40,23,23,23,52,52,52,52,58,58,58,44,44,61,61,62,62,62,46,46,46,60,60,60,60,63,63,63,50,50,50,50,50,50,42,42,42,70,70,70,70,-2,-2,-2,-15,-15,47,47,43,43,43,56,56,56,56,74,74,74,74,58,58,58,48,48,37,37,13,13,13,73,73,73,73,72,72,72,72,-1,-1,44,56,56,55,55,55,65,65,65,34,34,34,42,42,34,5,5,27,27,27,25,25,25,64,64,64,64,71,71,71,71,71,40,40,40,29,29,29,17,17,17,17,38,38,38,32,32,32,6,6,2,2,32,32,32,37,37,37,50,50,50,19,19,24,24,13,13,33,33,54,54,42,42,28,28,43,43,41,41,41,32,32,32,28,28,28,28,29,29,29,39,39,43,43,17,17,65,65,65,50,50,50,59,59,23,23,74,74,48,48,48,30,30,30,30,18,18,18,25,-6,7,7,-3,-3,11,11,10,10,-4,-4,-4,-4,5,5,-1,-1,-1,19,19,19,46,46,46,49,49,49,22,22,41,37,0,0,25,21,21,23,23,5,5,5,21,21,21,11,11,23,23,45,45,25,25
229,41.34200000000000585,-21,13,5,5,-19,-19,18,18,22,22,-20,-20,-20,23,23,16,16,27,27,29,29,29,-4,-4,-4,1,1,5,5,2,2,19,19,19,-4,-4,-4,-5,-5,-5,-29,-29,-10,-10,14,14,14,-20,-20,-20,6,6,6,6,12,12,12,12,37,37,35,35,-34,-34,-34,8,8,8,8,50,50,50,50,-12,-12,-3,-3,0,0,-1,-1,-1,13,13,13,21,21,21,21,4,4,-5,-5,-30,-30,-30,19,19,19,9,9,9,9,-15,-15,-26,-26,9,9,-2,-2,-2,2,2,2,7,7,7,4,4,6,6,2,2,2,35,35,35,35,19,19,19,19,30,30,30,-1,-1,35,35,20,20,20,33,33,33,33,-17,-17,-17,23,23,25,25,-3,-3,-3,6,6,6,15,15,15,15,17,17,17,10,10,-8,-8,-15,-15,-15,-16,-16,-16,-16,24,24,24,24,3,3,3,24,24,-9,-9,-9,-3,-3,-3,-3,63,63,63,63,15,15,15,15,15,57,57,37,37,75,75,75,38,38,38,38,57,57,57,57,21,21,30,30,27,27,27,18,18,18,18,21,21,21,21,10,10,48,48,36,36,48,48,48,45,45,45,45,60,60,60,24,24,45,45,36,36,36,11,11,11,49,49,49,41,41,41,41,60,60,60,60,34,34,-27,-27,46,46,46,7,7,7,27,27,27,51,51,30,30,16,16,16,39,39,39,18,18,18,18,21,21,21,21,36,36,54,54,41,41,40,40,40,72,72,72,33,33,33,33,3,3,3,31,31,63,63,5,5,5,37,37,37,37,74,74,74,35,35,40,40,-8,-8,-8,34,34,34,57,57,57,57,43,43,43,28,28,28,35,35,35,12,12,12,34,34,34,34,17,17,17,-14,-14,25,25,-4,-4,-4,60,60,60,60,38,38,38,38,33,33,33,19,19,7,7,15,15,15,78,78,78,78,58,58,58,58,48,48,39,15,15,39,39,39,45,45,45,18,18,18,19,19,-3,12,12,-13,-13,-13,8,8,8,64,64,64,64,50,50,50,50,50,11,11,11,0,0,0,4,4,4,4,51,51,51,42,42,42,0,0,3,3,30,30,30,17,17,17,25,25,25,18,18,18,18,18,18,32,32,54,54,46,46,21,21,18,18,26,26,26,43,43,43,18,18,18,18,3,3,3,32,32,18,18,7,7,32,32,32,61,61,61,17,17,15,15,64,64,8,8,8,10,10,10,10,15,15,15,24,16,-32,-32,-6,-6,-14,-14,17,17,27,27,-30,-30,-9,-9,0,0,0,0,0,0,44,44,44,47,47,47,8,8,12,29,9,9,14,7,7,25,25,-12,-12,-12,24,24,24,13,13,17,17,8,8,24,24
230,41.54200000000000159,-4,-2,6,6,1,1,25,25,19,19,26,26,26,-25,-25,36,36,5,5,4,4,4,28,28,28,44,44,22,22,24,24,34,34,34,16,16,16,25,25,25,10,10,-17,-17,37,37,37,5,5,5,24,24,24,24,-19,-19,-19,-19,20,20,-9,-9,-42,-42,-42,-22,-22,-22,-22,11,11,11,11,13,13,2,2,17,17,-3,-3,-3,22,22,22,2,2,2,2,29,29,-12,-12,21,21,21,44,44,44,26,26,26,26,46,46,20,20,18,18,-7,-7,-7,12,12,12,-4,-4,-4,13,13,18,18,19,19,19,29,29,29,29,31,31,31,31,28,28,28,9,9,11,11,17,17,17,18,18,18,18,22,22,22,-2,-2,18,18,-14,-14,-14,-21,-21,-21,11,11,11,11,24,24,24,-7,-7,0,0,20,20,20,-21,-21,-21,-21,12,12,12,12,9,9,9,26,26,26,26,26,38,38,38,38,25,25,25,25,45,45,45,45,45,66,66,51,51,15,15,15,78,78,78,78,63,63,63,63,39,39,12,12,14,14,14,45,45,45,45,42,42,42,42,9,9,33,33,18,18,30,30,30,22,22,22,22,37,37,37,24,24,15,15,45,45,45,12,12,12,37,37,37,34,34,34,34,20,20,20,20,21,21,8,8,31,31,31,-5,-5,-5,-16,-16,-16,21,21,46,46,38,38,38,2,2,2,32,32,32,32,60,60,60,60,58,58,42,42,30,30,30,30,30,69,69,69,41,41,41,41,15,15,15,16,16,1,1,23,23,23,36,36,36,36,41,41,41,41,41,20,20,49,49,49,20,20,20,34,34,34,34,27,27,27,11,11,11,44,44,44,38,38,38,39,39,39,39,21,21,21,-2,-2,12,12,14,14,14,62,62,62,62,26,26,26,26,31,31,31,32,32,40,40,47,47,47,89,89,89,89,79,79,79,79,35,35,58,30,30,21,21,21,33,33,33,30,30,30,13,13,26,-14,-14,29,29,29,46,46,46,50,50,50,50,74,74,74,74,74,26,26,26,23,23,23,38,38,38,38,-1,-1,-1,22,22,22,16,16,29,29,37,37,37,54,54,54,45,45,45,19,19,29,29,23,23,20,20,61,61,33,33,19,19,17,17,36,36,36,6,6,6,18,18,18,18,41,41,41,10,10,36,36,39,39,25,25,25,26,26,26,10,10,18,18,32,32,-2,-2,-2,25,25,25,25,16,16,16,56,13,-21,-21,12,12,-8,-8,0,0,3,3,7,7,9,9,-8,-8,-8,16,16,16,27,27,27,37,37,37,14,14,24,19,5,5,14,16,16,15,15,30,30,30,37,37,37,17,17,38,38,36,36,12,12
231,41.74200000000000443,7,3,28,28,62,62,43,43,72,72,15,15,15,39,39,50,50,54,54,31,31,31,34,34,34,22,22,44,44,29,29,24,24,24,9,9,9,7,7,7,49,49,19,19,32,32,32,1,1,1,-21,-21,-21,-21,12,12,12,12,36,36,37,37,20,20,20,30,30,30,30,50,50,50,50,17,17,15,15,52,52,65,65,65,33,33,33,29,29,29,29,30,30,17,17,25,25,25,42,42,42,5,5,5,5,33,33,11,11,18,18,-34,-34,-34,35,35,35,26,26,26,60,60,48,48,56,56,56,47,47,47,47,66,66,66,66,32,32,32,17,17,23,23,32,32,32,24,24,24,24,22,22,22,28,28,20,20,21,21,21,-2,-2,-2,4,4,4,4,14,14,14,0,0,4,4,29,29,29,0,0,0,0,0,0,0,0,13,13,13,56,56,23,23,23,43,43,43,43,91,91,91,91,20,20,20,20,20,69,69,32,32,31,31,31,28,28,28,28,43,43,43,43,48,48,20,20,-3,-3,-3,39,39,39,39,70,70,70,70,43,43,47,47,2,2,-11,-11,-11,52,52,52,52,20,20,20,38,38,42,42,68,68,68,21,21,21,60,60,60,58,58,58,58,28,28,28,28,35,35,48,48,46,46,46,51,51,51,11,11,11,38,38,59,59,57,57,57,31,31,31,35,35,35,35,51,51,51,51,100,100,67,67,41,41,44,44,44,42,42,42,62,62,62,62,26,26,26,40,40,39,39,48,48,48,25,25,25,25,74,74,74,36,36,67,67,33,33,33,11,11,11,29,29,29,29,62,62,62,47,47,47,40,40,40,16,16,16,54,54,54,54,19,19,19,24,24,30,30,21,21,21,65,65,65,65,29,29,29,29,34,34,34,24,24,19,19,15,15,15,80,80,80,80,48,48,48,48,51,51,60,37,37,116,116,116,51,51,51,38,38,38,16,16,2,22,22,47,47,47,70,70,70,85,85,85,85,66,66,66,66,66,53,53,53,51,51,51,24,24,24,24,29,29,29,24,24,24,31,31,33,33,66,66,66,44,44,44,45,45,45,49,49,59,59,28,28,32,32,55,55,66,66,38,38,47,47,27,27,27,25,25,25,31,31,31,31,34,34,34,31,31,60,60,74,74,43,43,43,41,41,41,18,18,39,39,25,25,22,22,22,37,37,37,37,41,41,41,50,47,5,5,8,8,21,21,31,31,26,26,13,13,15,15,30,30,30,28,28,28,28,28,28,28,28,28,32,32,64,30,31,31,25,9,9,33,33,40,40,40,41,41,41,35,35,24,24,21,21,16,16
232,41.94200000000000728,20,36,-6,-6,31,31,37,37,59,59,35,35,35,29,29,67,67,76,76,66,66,66,55,55,55,21,21,52,52,56,56,37,37,37,23,23,23,23,23,23,42,42,34,34,35,35,35,49,49,49,50,50,50,50,15,15,15,15,22,22,59,59,44,44,44,36,36,36,36,34,34,34,34,57,57,51,51,55,55,57,57,57,29,29,29,40,40,40,40,19,19,44,44,53,53,53,44,44,44,43,43,43,43,61,61,45,45,51,51,56,56,56,41,41,41,14,14,14,13,13,68,68,75,75,75,51,51,51,51,38,38,38,38,13,13,13,49,49,53,53,59,59,59,28,28,28,28,26,26,26,37,37,42,42,33,33,33,17,17,17,47,47,47,47,32,32,32,43,43,47,47,24,24,24,37,37,37,37,27,27,27,27,16,16,16,33,33,101,101,101,53,53,53,53,25,25,25,25,51,51,51,51,51,41,41,70,70,63,63,63,44,44,44,44,65,65,65,65,32,32,50,50,18,18,18,75,75,75,75,23,23,23,23,29,29,71,71,73,73,46,46,46,47,47,47,47,50,50,50,93,93,42,42,92,92,92,54,54,54,50,50,50,77,77,77,77,35,35,35,35,24,24,26,26,63,63,63,11,11,11,22,22,22,29,29,51,51,48,48,48,53,53,53,57,57,57,57,74,74,74,74,63,63,16,16,38,38,73,73,73,37,37,37,59,59,59,59,22,22,22,56,56,31,31,87,87,87,47,47,47,47,55,55,55,48,48,50,50,39,39,39,31,31,31,45,45,45,45,59,59,59,25,25,25,35,35,35,50,50,50,47,47,47,47,48,48,48,54,54,51,51,71,71,71,64,64,64,64,62,62,62,62,52,52,52,27,27,53,53,50,50,50,73,73,73,73,45,45,45,45,52,52,51,50,50,44,44,44,36,36,36,41,41,41,10,10,15,39,39,104,104,104,89,89,89,86,86,86,86,70,70,70,70,70,59,59,59,21,21,21,52,52,52,52,30,30,30,54,54,54,52,52,36,36,35,35,35,69,69,69,54,54,54,42,42,71,71,48,48,92,92,57,57,59,59,51,51,50,50,42,42,42,42,42,42,57,57,57,57,68,68,68,50,50,69,69,65,65,69,69,69,54,54,54,33,33,28,28,40,40,37,37,37,67,67,67,67,65,65,65,42,41,23,23,42,42,54,54,33,33,33,33,50,50,44,44,31,31,31,42,42,42,19,19,19,48,48,48,53,53,54,45,42,42,40,28,28,35,35,42,42,42,36,36,36,41,41,49,49,27,27,53,53
233,42.14200000000000301,5,48,45,45,-4,-4,-7,-7,66,66,44,44,44,23,23,40,40,49,49,35,35,35,37,37,37,79,79,17,17,47,47,42,42,42,54,54,54,38,38,38,54,54,20,20,34,34,34,32,32,32,0,0,0,0,50,50,50,50,17,17,42,42,19,19,19,13,13,13,13,26,26,26,26,70,70,41,41,50,50,45,45,45,17,17,17,6,6,6,6,39,39,29,29,53,53,53,25,25,25,30,30,30,30,12,12,17,17,30,30,47,47,47,33,33,33,27,27,27,51,51,45,45,55,55,55,56,56,56,56,40,40,40,40,38,38,38,41,41,67,67,55,55,55,17,17,17,17,10,10,10,21,21,29,29,10,10,10,12,12,12,47,47,47,47,35,35,35,26,26,45,45,53,53,53,46,46,46,46,23,23,23,23,41,41,41,60,60,43,43,43,45,45,45,45,0,0,0,0,33,33,33,33,33,49,49,45,45,35,35,35,41,41,41,41,22,22,22,22,14,14,57,57,38,38,38,72,72,72,72,56,56,56,56,30,30,63,63,43,43,58,58,58,47,47,47,47,29,29,29,48,48,58,58,63,63,63,53,53,53,57,57,57,58,58,58,58,18,18,18,18,51,51,64,64,57,57,57,57,57,57,30,30,30,55,55,39,39,45,45,45,82,82,82,52,52,52,52,61,61,61,61,77,77,16,16,35,35,64,64,64,64,64,64,41,41,41,41,52,52,52,60,60,65,65,77,77,77,36,36,36,36,47,47,47,59,59,42,42,43,43,43,42,42,42,48,48,48,48,61,61,61,36,36,36,39,39,39,52,52,52,70,70,70,70,70,70,70,55,55,51,51,66,66,66,71,71,71,71,56,56,56,56,65,65,65,45,45,43,43,47,47,47,51,51,51,51,73,73,73,73,42,42,23,35,35,44,44,44,28,28,28,32,32,32,37,37,16,34,34,87,87,87,87,87,87,65,65,65,65,51,51,51,51,51,53,53,53,54,54,54,45,45,45,45,37,37,37,40,40,40,34,34,35,35,31,31,31,45,45,45,36,36,36,40,40,56,56,65,65,75,75,81,81,54,54,49,49,53,53,31,31,31,38,38,38,42,42,42,42,60,60,60,16,16,40,40,79,79,59,59,59,70,70,70,40,40,27,27,35,35,42,42,42,44,44,44,44,52,52,52,37,52,36,36,54,54,46,46,46,46,53,53,50,50,50,50,17,17,17,22,22,22,17,17,17,25,25,25,57,57,42,37,52,52,28,26,26,41,41,47,47,47,29,29,29,48,48,48,48,29,29,36,36
234,42.34200000000000585,12,-3,22,22,8,8,9,9,29,29,45,45,45,24,24,21,21,28,28,21,21,21,39,39,39,31,31,24,24,25,25,41,41,41,15,15,15,20,20,20,58,58,26,26,12,12,12,33,33,33,29,29,29,29,46,46,46,46,22,22,26,26,52,52,52,18,18,18,18,8,8,8,8,-13,-13,45,45,25,25,29,29,29,-4,-4,-4,29,29,29,29,21,21,27,27,11,11,11,0,0,0,-2,-2,-2,-2,16,16,16,16,-7,-7,11,11,11,30,30,30,66,66,66,31,31,29,29,17,17,17,30,30,30,30,53,53,53,53,42,42,42,32,32,15,15,28,28,28,8,8,8,8,17,17,17,12,12,15,15,31,31,31,16,16,16,22,22,22,22,39,39,39,35,35,39,39,41,41,41,33,33,33,33,-6,-6,-6,-6,5,5,5,27,27,30,30,30,30,30,30,30,6,6,6,6,-2,-2,-2,-2,-2,61,61,52,52,56,56,56,42,42,42,42,42,42,42,42,2,2,25,25,21,21,21,37,37,37,37,77,77,77,77,7,7,40,40,33,33,41,41,41,28,28,28,28,49,49,49,43,43,33,33,61,61,61,52,52,52,37,37,37,44,44,44,44,28,28,28,28,48,48,37,37,28,28,28,41,41,41,76,76,76,41,41,71,71,40,40,40,43,43,43,58,58,58,58,44,44,44,44,44,44,27,27,3,3,53,53,53,60,60,60,22,22,22,22,46,46,46,38,38,46,46,27,27,27,29,29,29,29,54,54,54,68,68,32,32,51,51,51,31,31,31,36,36,36,36,41,41,41,9,9,9,3,3,3,31,31,31,55,55,55,55,31,31,31,65,65,50,50,44,44,44,45,45,45,45,60,60,60,60,32,32,32,32,32,22,22,6,6,6,48,48,48,48,70,70,70,70,28,28,29,24,24,44,44,44,35,35,35,13,13,13,10,10,-2,6,6,11,11,11,47,47,47,7,7,7,7,65,65,65,65,65,71,71,71,29,29,29,42,42,42,42,13,13,13,10,10,10,3,3,19,19,10,10,10,31,31,31,17,17,17,48,48,40,40,34,34,49,49,52,52,27,27,46,46,19,19,19,19,19,29,29,29,3,3,3,3,42,42,42,16,16,24,24,54,54,80,80,80,30,30,30,33,33,50,50,21,21,10,10,10,23,23,23,23,50,50,50,19,47,39,39,44,44,24,24,45,45,52,52,28,28,25,25,9,9,9,22,22,22,14,14,14,1,1,1,45,45,42,31,45,45,31,29,29,31,31,39,39,39,35,35,35,37,37,46,46,14,14,37,37
235,42.54200000000000159,30,-22,-15,-15,6,6,-4,-4,19,19,33,33,33,2,2,-31,-31,14,14,-2,-2,-2,4,4,4,19,19,-8,-8,-6,-6,3,3,3,24,24,24,-12,-12,-12,1,1,-13,-13,-7,-7,-7,12,12,12,77,77,77,77,18,18,18,18,4,4,-2,-2,17,17,17,2,2,2,2,-22,-22,-22,-22,-36,-36,-2,-2,13,13,42,42,42,15,15,15,4,4,4,4,1,1,-3,-3,25,25,25,-16,-16,-16,15,15,15,15,8,8,5,5,-22,-22,3,3,3,15,15,15,12,12,12,-1,-1,5,5,22,22,22,0,0,0,0,-6,-6,-6,-6,3,3,3,0,0,-10,-10,3,3,3,-6,-6,-6,-6,1,1,1,15,15,5,5,13,13,13,29,29,29,8,8,8,8,12,12,12,10,10,40,40,20,20,20,38,38,38,38,28,28,28,28,25,25,25,46,46,6,6,6,33,33,33,33,-31,-31,-31,-31,25,25,25,25,25,30,30,-27,-27,15,15,15,51,51,51,51,66,66,66,66,45,45,28,28,26,26,26,57,57,57,57,43,43,43,43,15,15,31,31,-7,-7,27,27,27,22,22,22,22,27,27,27,54,54,38,38,15,15,15,43,43,43,18,18,18,23,23,23,23,22,22,22,22,53,53,0,0,14,14,14,51,51,51,62,62,62,63,63,-4,-4,10,10,10,49,49,49,26,26,26,26,54,54,54,54,28,28,-17,-17,24,24,33,33,33,41,41,41,28,28,28,28,31,31,31,28,28,22,22,5,5,5,42,42,42,42,-3,-3,-3,34,34,24,24,37,37,37,16,16,16,28,28,28,28,26,26,26,17,17,17,2,2,2,13,13,13,33,33,33,33,33,33,33,28,28,26,26,24,24,24,43,43,43,43,45,45,45,45,52,52,52,14,14,14,14,3,3,3,18,18,18,18,47,47,47,47,44,44,9,16,16,29,29,29,31,31,31,46,46,46,37,37,-30,18,18,-16,-16,-16,44,44,44,11,11,11,11,37,37,37,37,37,31,31,31,34,34,34,22,22,22,22,2,2,2,9,9,9,0,0,18,18,9,9,9,21,21,21,20,20,20,35,35,38,38,22,22,32,32,20,20,21,21,3,3,30,30,21,21,21,43,43,43,33,33,33,33,35,35,35,10,10,17,17,34,34,30,30,30,43,43,43,29,29,27,27,-21,-21,10,10,10,25,25,25,25,24,24,24,30,36,19,19,22,22,21,21,25,25,14,14,28,28,36,36,32,32,32,34,34,34,30,30,30,19,19,19,41,41,31,14,17,17,5,23,23,18,18,39,39,39,29,29,29,21,21,28,28,29,29,34,34
236,42.74200000000000443,31,-14,28,28,17,17,-3,-3,22,22,18,18,18,-31,-31,15,15,-2,-2,9,9,9,1,1,1,13,13,6,6,12,12,4,4,4,37,37,37,-1,-1,-1,5,5,-23,-23,-1,-1,-1,40,40,40,28,28,28,28,35,35,35,35,25,25,13,13,17,17,17,34,34,34,34,11,11,11,11,-9,-9,7,7,-7,-7,19,19,19,37,37,37,3,3,3,3,-6,-6,4,4,7,7,7,13,13,13,-1,-1,-1,-1,-11,-11,-3,-3,1,1,8,8,8,19,19,19,41,41,41,20,20,-28,-28,-4,-4,-4,10,10,10,10,13,13,13,13,22,22,22,-2,-2,-4,-4,23,23,23,15,15,15,15,50,50,50,35,35,43,43,3,3,3,22,22,22,10,10,10,10,29,29,29,18,18,7,7,15,15,15,23,23,23,23,28,28,28,28,24,24,24,13,13,8,8,8,35,35,35,35,-4,-4,-4,-4,7,7,7,7,7,42,42,-19,-19,68,68,68,5,5,5,5,52,52,52,52,46,46,49,49,51,51,51,53,53,53,53,20,20,20,20,25,25,15,15,31,31,47,47,47,15,15,15,15,78,78,78,45,45,4,4,28,28,28,1,1,1,34,34,34,65,65,65,65,47,47,47,47,54,54,14,14,13,13,13,52,52,52,37,37,37,39,39,29,29,8,8,8,36,36,36,44,44,44,44,49,49,49,49,9,9,-27,-27,19,19,29,29,29,39,39,39,9,9,9,9,48,48,48,39,39,13,13,9,9,9,29,29,29,29,10,10,10,0,0,32,32,47,47,47,22,22,22,23,23,23,23,44,44,44,19,19,19,10,10,10,20,20,20,36,36,36,36,57,57,57,17,17,24,24,32,32,32,41,41,41,41,56,56,56,56,48,48,48,18,18,17,17,33,33,33,23,23,23,23,39,39,39,39,13,13,3,9,9,23,23,23,29,29,29,59,59,59,58,58,3,-3,-3,8,8,8,55,55,55,11,11,11,11,43,43,43,43,43,54,54,54,98,98,98,18,18,18,18,34,34,34,28,28,28,15,15,14,14,19,19,19,14,14,14,6,6,6,25,25,20,20,24,24,38,38,3,3,12,12,-2,-2,29,29,34,34,34,31,31,31,30,30,30,30,23,23,23,9,9,23,23,18,18,22,22,22,29,29,29,34,34,26,26,-11,-11,18,18,18,25,25,25,25,38,38,38,33,38,18,18,2,2,30,30,18,18,30,30,35,35,20,20,52,52,52,59,59,59,40,40,40,38,38,38,52,52,35,45,25,25,19,34,34,43,43,41,41,41,43,43,43,37,37,40,40,59,59,47,47
237,42.94200000000000728,51,4,55,55,-9,-9,0,0,53,53,25,25,25,-16,-16,18,18,24,24,13,13,13,28,28,28,35,35,-10,-10,-3,-3,-13,-13,-13,27,27,27,6,6,6,35,35,12,12,-11,-11,-11,30,30,30,-23,-23,-23,-23,37,37,37,37,27,27,32,32,37,37,37,45,45,45,45,8,8,8,8,42,42,31,31,8,8,31,31,31,13,13,13,13,13,13,13,49,49,20,20,34,34,34,32,32,32,10,10,10,10,-13,-13,11,11,-8,-8,18,18,18,19,19,19,13,13,13,13,13,2,2,2,2,2,-1,-1,-1,-1,-2,-2,-2,-2,37,37,37,18,18,13,13,12,12,12,21,21,21,21,32,32,32,34,34,36,36,36,36,36,39,39,39,3,3,3,3,35,35,35,27,27,4,4,29,29,29,36,36,36,36,58,58,58,58,11,11,11,55,55,7,7,7,36,36,36,36,65,65,65,65,55,55,55,55,55,46,46,32,32,75,75,75,16,16,16,16,79,79,79,79,54,54,47,47,29,29,29,13,13,13,13,28,28,28,28,48,48,16,16,27,27,67,67,67,60,60,60,60,19,19,19,25,25,18,18,29,29,29,40,40,40,11,11,11,38,38,38,38,75,75,75,75,68,68,39,39,30,30,30,44,44,44,35,35,35,22,22,52,52,34,34,34,31,31,31,47,47,47,47,12,12,12,12,30,30,23,23,26,26,23,23,23,55,55,55,38,38,38,38,66,66,66,49,49,52,52,4,4,4,34,34,34,34,45,45,45,52,52,28,28,56,56,56,7,7,7,53,53,53,53,39,39,39,43,43,43,38,38,38,48,48,48,51,51,51,51,33,33,33,54,54,36,36,20,20,20,71,71,71,71,37,37,37,37,55,55,55,45,45,17,17,72,72,72,34,34,34,34,31,31,31,31,38,38,11,11,11,31,31,31,32,32,32,47,47,47,16,16,25,25,25,59,59,59,40,40,40,30,30,30,30,36,36,36,36,36,56,56,56,67,67,67,59,59,59,59,23,23,23,31,31,31,27,27,28,28,17,17,17,42,42,42,41,41,41,37,37,32,32,25,25,27,27,-8,-8,21,21,21,21,40,40,22,22,22,52,52,52,52,52,52,52,40,40,40,30,30,7,7,32,32,49,49,49,49,49,49,41,41,23,23,-6,-6,19,19,19,18,18,18,18,29,29,29,42,22,57,57,18,18,51,51,32,32,39,39,49,49,54,54,51,51,51,62,62,62,50,50,50,45,45,45,40,40,47,33,33,33,27,47,47,31,31,46,46,46,63,63,63,42,42,44,44,35,35,55,55
238,43.14200000000000301,48,67,-7,-7,17,17,-14,-14,32,32,5,5,5,4,4,19,19,-2,-2,-1,-1,-1,10,10,10,16,16,13,13,20,20,8,8,8,13,13,13,0,0,0,23,23,35,35,11,11,11,6,6,6,2,2,2,2,30,30,30,30,24,24,38,38,22,22,22,19,19,19,19,36,36,36,36,13,13,36,36,22,22,-10,-10,-10,-5,-5,-5,-8,-8,-8,-8,12,12,28,28,12,12,12,2,2,2,25,25,25,25,-9,-9,6,6,9,9,3,3,3,1,1,1,-4,-4,-4,-2,-2,0,0,8,8,8,0,0,0,0,19,19,19,19,22,22,22,35,35,21,21,17,17,17,38,38,38,38,7,7,7,31,31,56,56,32,32,32,24,24,24,12,12,12,12,1,1,1,-5,-5,5,5,37,37,37,23,23,23,23,63,63,63,63,-7,-7,-7,-22,-22,45,45,45,14,14,14,14,58,58,58,58,48,48,48,48,48,57,57,44,44,44,44,44,49,49,49,49,53,53,53,53,61,61,22,22,46,46,46,20,20,20,20,12,12,12,12,47,47,32,32,29,29,58,58,58,41,41,41,41,32,32,32,43,43,41,41,16,16,16,34,34,34,42,42,42,64,64,64,64,51,51,51,51,34,34,22,22,26,26,26,16,16,16,9,9,9,43,43,7,7,47,47,47,45,45,45,39,39,39,39,8,8,8,8,16,16,34,34,22,22,23,23,23,31,31,31,62,62,62,62,60,60,60,57,57,37,37,23,23,23,38,38,38,38,25,25,25,33,33,46,46,7,7,7,46,46,46,58,58,58,58,18,18,18,65,65,65,43,43,43,35,35,35,48,48,48,48,40,40,40,23,23,27,27,43,43,43,55,55,55,55,34,34,34,34,48,48,48,45,45,46,46,33,33,33,34,34,34,34,47,47,47,47,45,45,38,4,4,13,13,13,10,10,10,33,33,33,51,51,54,30,30,15,15,15,14,14,14,18,18,18,18,31,31,31,31,31,41,41,41,2,2,2,20,20,20,20,40,40,40,40,40,40,29,29,30,30,32,32,32,23,23,23,28,28,28,27,27,18,18,29,29,19,19,28,28,-3,-3,40,40,14,14,25,25,25,33,33,33,32,32,32,32,49,49,49,31,31,8,8,12,12,41,41,41,57,57,57,59,59,22,22,18,18,27,27,27,2,2,2,2,10,10,10,35,21,45,45,25,25,13,13,7,7,21,21,26,26,49,49,54,54,54,45,45,45,78,78,78,45,45,45,39,39,57,26,28,28,31,29,29,51,51,46,46,46,45,45,45,39,39,41,41,22,22,37,37
239,43.34200000000000585,2,-1,30,30,11,11,-9,-9,-8,-8,-19,-19,-19,21,21,13,13,-1,-1,4,4,4,-4,-4,-4,-27,-27,3,3,-5,-5,0,0,0,-1,-1,-1,20,20,20,9,9,10,10,12,12,12,9,9,9,1,1,1,1,25,25,25,25,19,19,16,16,18,18,18,15,15,15,15,-15,-15,-15,-15,1,1,22,22,1,1,11,11,11,16,16,16,2,2,2,2,-4,-4,18,18,18,18,18,2,2,2,29,29,29,29,-16,-16,2,2,16,16,-9,-9,-9,-3,-3,-3,-12,-12,-12,-22,-22,-6,-6,-35,-35,-35,3,3,3,3,-9,-9,-9,-9,12,12,12,-4,-4,5,5,14,14,14,39,39,39,39,1,1,1,1,1,17,17,12,12,12,26,26,26,23,23,23,23,9,9,9,1,1,-4,-4,-3,-3,-3,-30,-30,-30,-30,36,36,36,36,11,11,11,20,20,9,9,9,28,28,28,28,44,44,44,44,34,34,34,34,34,37,37,43,43,47,47,47,92,92,92,92,53,53,53,53,35,35,-1,-1,14,14,14,30,30,30,30,-6,-6,-6,-6,27,27,37,37,10,10,35,35,35,40,40,40,40,24,24,24,30,30,16,16,29,29,29,21,21,21,17,17,17,29,29,29,29,46,46,46,46,-3,-3,44,44,20,20,20,40,40,40,26,26,26,24,24,44,44,40,40,40,39,39,39,28,28,28,28,-4,-4,-4,-4,0,0,12,12,10,10,48,48,48,53,53,53,31,31,31,31,14,14,14,16,16,31,31,24,24,24,26,26,26,26,13,13,13,39,39,52,52,45,45,45,38,38,38,38,38,38,38,41,41,41,31,31,31,21,21,21,4,4,4,25,25,25,25,28,28,28,6,6,20,20,2,2,2,41,41,41,41,28,28,28,28,47,47,47,45,45,10,10,18,18,18,46,46,46,46,49,49,49,49,41,41,-20,42,42,38,38,38,20,20,20,13,13,13,6,6,18,-35,-35,-14,-14,-14,5,5,5,7,7,7,7,18,18,18,18,18,37,37,37,23,23,23,7,7,7,7,23,23,23,40,40,40,10,10,4,4,8,8,8,24,24,24,30,30,30,9,9,-12,-12,2,2,13,13,-11,-11,15,15,36,36,10,10,22,22,22,37,37,37,16,16,16,16,35,35,35,11,11,15,15,-4,-4,32,32,32,76,76,76,48,48,16,16,2,2,12,12,12,10,10,10,10,-3,-3,-3,21,9,19,19,5,5,21,21,20,20,3,3,8,8,18,18,25,25,25,18,18,18,58,58,58,45,45,45,28,28,34,31,9,9,22,11,11,-3,-3,20,20,20,36,36,36,35,35,24,24,35,35,33,33
240,43.54200000000000159,22,-37,6,6,-14,-14,20,20,-35,-35,-15,-15,-15,-37,-37,-42,-42,-23,-23,-23,-23,-23,-8,-8,-8,-21,-21,-4,-4,1,1,-16,-16,-16,-8,-8,-8,1,1,1,-2,-2,23,23,13,13,13,-6,-6,-6,8,8,8,8,29,29,29,29,-11,-11,-13,-13,-18,-18,-18,-8,-8,-8,-8,6,6,6,6,-3,-3,-24,-24,-54,-54,13,13,13,36,36,36,-10,-10,-10,-10,-10,-10,-6,-6,17,17,17,-4,-4,-4,22,22,22,22,32,32,-10,-10,12,12,-25,-25,-25,-8,-8,-8,-20,-20,-20,-6,-6,8,8,-1,-1,-1,16,16,16,16,19,19,19,19,-13,-13,-13,2,2,18,18,-24,-24,-24,31,31,31,31,-13,-13,-13,-2,-2,1,1,6,6,6,15,15,15,-4,-4,-4,-4,-42,-42,-42,-19,-19,-18,-18,-6,-6,-6,9,9,9,9,-22,-22,-22,-22,-32,-32,-32,-25,-25,-10,-10,-10,6,6,6,6,12,12,12,12,42,42,42,42,42,22,22,25,25,14,14,14,48,48,48,48,17,17,17,17,29,29,13,13,37,37,37,-1,-1,-1,-1,28,28,28,28,-3,-3,1,1,12,12,11,11,11,27,27,27,27,17,17,17,28,28,11,11,17,17,17,-30,-30,-30,3,3,3,-10,-10,-10,-10,35,35,35,35,-10,-10,12,12,19,19,19,-9,-9,-9,23,23,23,27,27,9,9,4,4,4,17,17,17,25,25,25,25,-10,-10,-10,-10,20,20,2,2,34,34,12,12,12,29,29,29,29,29,29,29,33,33,33,-16,-16,14,14,10,10,10,17,17,17,17,-5,-5,-5,5,5,15,15,-9,-9,-9,37,37,37,16,16,16,16,14,14,14,8,8,8,15,15,15,15,15,15,15,15,15,15,-2,-2,-2,-13,-13,4,4,-12,-12,-12,48,48,48,48,28,28,28,28,31,31,31,22,22,-31,-31,9,9,9,48,48,48,48,48,48,48,48,24,24,24,12,12,-6,-6,-6,-4,-4,-4,12,12,12,-9,-9,-16,-27,-27,-12,-12,-12,-3,-3,-3,26,26,26,26,-24,-24,-24,-24,-24,-13,-13,-13,-16,-16,-16,-8,-8,-8,-8,21,21,21,29,29,29,-30,-30,-19,-19,8,8,8,21,21,21,34,34,34,-7,-7,-25,-25,-13,-13,-25,-25,14,14,11,11,2,2,13,13,28,28,28,37,37,37,23,23,23,23,5,5,5,1,1,12,12,-8,-8,26,26,26,41,41,41,3,3,-18,-18,-23,-23,-2,-2,-2,10,10,10,10,17,17,17,4,18,-1,-1,-15,-15,5,5,4,4,1,1,14,14,8,8,25,25,25,17,17,17,24,24,24,21,21,21,3,3,21,-3,-4,-4,15,21,21,1,1,1,1,1,19,19,19,5,5,13,13,18,18,9,9
241,43.74200000000000443,-9,-6,22,22,-19,-19,13,13,-10,-10,5,5,5,4,4,-36,-36,-27,-27,-23,-23,-23,2,2,2,-19,-19,7,7,13,13,4,4,4,-3,-3,-3,31,31,31,-18,-18,11,11,2,2,2,-2,-2,-2,6,6,6,6,20,20,20,20,13,13,-6,-6,-4,-4,-4,26,26,26,26,-23,-23,-23,-23,-9,-9,18,18,-5,-5,-21,-21,-21,-1,-1,-1,1,1,1,1,3,3,-3,-3,29,29,29,-12,-12,-12,28,28,28,28,8,8,16,16,10,10,15,15,15,23,23,23,-1,-1,-1,19,19,32,32,-16,-16,-16,13,13,13,13,-2,-2,-2,-2,7,7,7,4,4,7,7,-2,-2,-2,24,24,24,24,34,34,34,-23,-23,0,0,-2,-2,-2,-18,-18,-18,10,10,10,10,10,10,10,24,24,-7,-7,-13,-13,-13,-1,-1,-1,-1,-7,-7,-7,-7,-11,-11,-11,-3,-3,-12,-12,-12,-7,-7,-7,-7,0,0,0,0,14,14,14,14,14,28,28,29,29,-16,-16,-16,38,38,38,38,37,37,37,37,-1,-1,30,30,43,43,43,11,11,11,11,8,8,8,8,13,13,3,3,-9,-9,8,8,8,16,16,16,16,19,19,19,2,2,1,1,32,32,32,-21,-21,-21,23,23,23,21,21,21,21,17,17,17,17,6,6,21,21,37,37,37,-2,-2,-2,5,5,5,-8,-8,31,31,17,17,17,-6,-6,-6,9,9,9,9,-15,-15,-15,-15,1,1,13,13,21,21,10,10,10,53,53,53,63,63,63,63,23,23,23,-11,-11,12,12,34,34,34,22,22,22,22,18,18,18,13,13,22,22,-15,-15,-15,22,22,22,23,23,23,23,-5,-5,-5,16,16,16,-3,-3,-3,-20,-20,-20,9,9,9,9,0,0,0,-52,-52,0,0,2,2,2,39,39,39,39,25,25,25,25,23,23,23,7,7,14,14,14,14,14,45,45,45,45,17,17,17,17,28,28,8,18,18,0,0,0,-24,-24,-24,-42,-42,-42,-30,-30,-24,-2,-2,8,8,8,-6,-6,-6,35,35,35,35,-35,-35,-35,-35,-35,-12,-12,-12,-9,-9,-9,19,19,19,19,22,22,22,15,15,15,-33,-33,-16,-16,14,14,14,24,24,24,11,11,11,-7,-7,-9,-9,-3,-3,-5,-5,-6,-6,1,1,16,16,6,6,13,13,13,0,0,0,-9,-9,-9,-9,14,14,14,-15,-15,20,20,18,18,26,26,26,30,30,30,-2,-2,-24,-24,-21,-21,-14,-14,-14,17,17,17,17,14,14,14,4,-1,-6,-6,-13,-13,1,1,-6,-6,-20,-20,-9,-9,2,2,16,16,16,-6,-6,-6,25,25,25,10,10,10,-15,-15,-9,-7,7,7,-6,15,15,-1,-1,-15,-15,-15,-4,-4,-4,-6,-6,-10,-10,0,0,22,22
242,43.94200000000000728,4,21,8,8,27,27,44,44,34,34,36,36,36,15,15,45,45,21,21,23,23,23,27,27,27,13,13,18,18,59,59,27,27,27,11,11,11,39,39,39,35,35,20,20,66,66,66,22,22,22,2,2,2,2,20,20,20,20,49,49,33,33,55,55,55,15,15,15,15,61,61,61,61,41,41,62,62,26,26,41,41,41,28,28,28,23,23,23,23,15,15,31,31,49,49,49,3,3,3,14,14,14,14,34,34,20,20,43,43,11,11,11,22,22,22,11,11,11,40,40,53,53,22,22,22,39,39,39,39,28,28,28,28,19,19,19,27,27,26,26,40,40,40,6,6,6,6,41,41,41,14,14,24,24,21,21,21,30,30,30,18,18,18,18,17,17,17,6,6,20,20,2,2,2,38,38,38,38,-7,-7,-7,-7,29,29,29,20,20,44,44,44,54,54,54,54,62,62,62,62,55,55,55,55,55,55,55,49,49,23,23,23,44,44,44,44,33,33,33,33,55,55,40,40,31,31,31,-1,-1,-1,-1,28,28,28,28,17,17,48,48,44,44,27,27,27,-15,-15,-15,-15,14,14,14,33,33,28,28,22,22,22,0,0,0,21,21,21,68,68,68,68,6,6,6,6,26,26,20,20,42,42,42,36,36,36,46,46,46,0,0,32,32,50,50,50,46,46,46,14,14,14,14,25,25,25,25,35,35,54,54,54,54,33,33,33,68,68,68,22,22,22,22,29,29,29,40,40,35,35,63,63,63,11,11,11,11,39,39,39,26,26,34,34,19,19,19,28,28,28,28,28,28,28,33,33,33,9,9,9,21,21,21,8,8,8,21,21,21,21,15,15,15,-5,-5,32,32,21,21,21,61,61,61,61,26,26,26,26,27,27,27,1,1,-6,-6,25,25,25,51,51,51,51,38,38,38,38,21,21,27,14,14,18,18,18,14,14,14,-3,-3,-3,18,18,8,35,35,47,47,47,32,32,32,63,63,63,63,18,18,18,18,18,25,25,25,-5,-5,-5,27,27,27,27,3,3,3,10,10,10,15,15,27,27,18,18,18,45,45,45,38,38,38,16,16,29,29,17,17,14,14,11,11,29,29,17,17,34,34,30,30,30,16,16,16,35,35,35,35,34,34,34,52,52,45,45,61,61,18,18,18,19,19,19,39,39,2,2,-4,-4,18,18,18,34,34,34,34,31,31,31,22,18,16,16,41,41,34,34,33,33,18,18,-6,-6,24,24,15,15,15,2,2,2,19,19,19,10,10,10,13,13,3,10,24,24,14,18,18,8,8,-26,-26,-26,9,9,9,-4,-4,0,0,-5,-5,16,16
243,44.14200000000000301,0,40,48,48,57,57,28,28,14,14,52,52,52,32,32,24,24,32,32,38,38,38,39,39,39,47,47,42,42,44,44,67,67,67,55,55,55,58,58,58,73,73,62,62,56,56,56,41,41,41,54,54,54,54,28,28,28,28,45,45,67,67,31,31,31,48,48,48,48,12,12,12,12,36,36,37,37,53,53,28,28,28,17,17,17,33,33,33,33,23,23,30,30,40,40,40,34,34,34,51,51,51,51,49,49,29,29,44,44,74,74,74,46,46,46,37,37,37,37,37,60,60,48,48,48,50,50,50,50,43,43,43,43,29,29,29,50,50,62,62,37,37,37,31,31,31,31,50,50,50,25,25,29,29,35,35,35,11,11,11,39,39,39,39,40,40,40,67,67,41,41,52,52,52,-3,-3,-3,-3,-6,-6,-6,-6,34,34,34,70,70,65,65,65,75,75,75,75,55,55,55,55,34,34,34,34,34,85,85,56,56,11,11,11,31,31,31,31,19,19,19,19,19,19,52,52,44,44,44,23,23,23,23,36,36,36,36,41,41,54,54,73,73,43,43,43,56,56,56,56,-1,-1,-1,82,82,41,41,66,66,66,64,64,64,88,88,88,65,65,65,65,20,20,20,20,35,35,10,10,58,58,58,21,21,21,20,20,20,31,31,43,43,49,49,49,59,59,59,25,25,25,25,7,7,7,7,62,62,66,66,50,50,38,38,38,82,82,82,59,59,59,59,25,25,25,46,46,36,36,56,56,56,50,50,50,50,57,57,57,40,40,64,64,48,48,48,34,34,34,38,38,38,38,43,43,43,25,25,25,53,53,53,39,39,39,41,41,41,41,41,41,41,21,21,54,54,33,33,33,52,52,52,52,22,22,22,22,36,36,36,25,25,69,69,50,50,50,56,56,56,56,37,37,37,37,28,28,26,36,36,36,36,36,28,28,28,73,73,73,38,38,57,78,78,76,76,76,65,65,65,59,59,59,59,31,31,31,31,31,45,45,45,63,63,63,19,19,19,19,32,32,32,31,31,31,48,48,57,57,34,34,34,23,23,23,18,18,18,63,63,51,51,47,47,25,25,58,58,52,52,45,45,26,26,52,52,52,31,31,31,23,23,23,23,34,34,34,48,48,54,54,49,49,11,11,11,42,42,42,39,39,42,42,6,6,8,8,8,48,48,48,48,32,32,32,42,43,29,29,24,24,31,31,53,53,35,35,13,13,31,31,32,32,32,14,14,14,33,33,33,18,18,18,21,21,26,13,36,36,48,17,17,9,9,19,19,19,27,27,27,21,21,36,36,14,14,20,20
244,44.34200000000000585,33,26,50,50,63,63,24,24,81,81,83,83,83,45,45,68,68,68,68,64,64,64,37,37,37,50,50,26,26,46,46,36,36,36,66,66,66,35,35,35,43,43,34,34,45,45,45,13,13,13,76,76,76,76,32,32,32,32,33,33,38,38,17,17,17,16,16,16,16,0,0,0,0,40,40,75,75,49,49,35,35,35,25,25,25,26,26,26,26,24,24,51,51,47,47,47,18,18,18,25,25,25,25,20,20,22,22,73,73,30,30,30,43,43,43,26,26,26,33,33,62,62,59,59,59,39,39,39,39,38,38,38,38,61,61,61,54,54,55,55,49,49,49,12,12,12,12,40,40,40,21,21,40,40,46,46,46,29,29,29,40,40,40,40,45,45,45,44,44,50,50,36,36,36,32,32,32,32,32,32,32,32,91,91,91,29,29,68,68,68,68,68,68,68,52,52,52,52,31,31,31,31,31,14,14,51,51,26,26,26,21,21,21,21,44,44,44,44,47,47,59,59,23,23,23,13,13,13,13,61,61,61,61,36,36,92,92,60,60,53,53,53,35,35,35,35,29,29,29,69,69,61,61,53,53,53,106,106,106,105,105,105,48,48,48,48,42,42,42,42,57,57,28,28,50,50,50,29,29,29,67,67,67,46,46,56,56,58,58,58,34,34,34,54,54,54,54,60,60,60,60,70,70,50,50,55,55,37,37,37,41,41,41,32,32,32,32,43,43,43,67,67,53,53,42,42,42,30,30,30,30,65,65,65,56,56,66,66,32,32,32,27,27,27,26,26,26,26,35,35,35,17,17,17,32,32,32,15,15,15,36,36,36,36,47,47,47,51,51,43,43,60,60,60,65,65,65,65,52,52,52,52,50,50,50,56,56,70,70,51,51,51,63,63,63,63,52,52,52,52,57,57,47,53,53,47,47,47,67,67,67,66,66,66,74,74,62,110,110,53,53,53,47,47,47,63,63,63,63,41,41,41,41,41,61,61,61,57,57,57,21,21,21,21,25,25,25,33,33,33,49,49,55,55,37,37,37,20,20,20,24,24,24,36,36,47,47,41,41,62,62,59,59,46,46,43,43,49,49,57,57,57,30,30,30,30,30,30,30,50,50,50,59,59,55,55,59,59,22,22,22,54,54,54,61,61,32,32,17,17,37,37,37,61,61,61,61,57,57,57,42,73,62,62,42,42,37,37,43,43,34,34,28,28,28,28,-3,-3,-3,19,19,19,18,18,18,16,16,16,34,34,4,26,21,21,35,51,51,27,27,26,26,26,22,22,22,36,36,17,17,42,42,23,23
245,44.54200000000000159,16,36,38,38,42,42,16,16,5,5,84,84,84,36,36,26,26,59,59,35,35,35,32,32,32,47,47,44,44,40,40,27,27,27,39,39,39,17,17,17,65,65,14,14,38,38,38,75,75,75,24,24,24,24,39,39,39,39,37,37,30,30,9,9,9,32,32,32,32,-5,-5,-5,-5,25,25,44,44,19,19,11,11,11,18,18,18,26,26,26,26,24,24,17,17,28,28,28,37,37,37,44,44,44,44,49,49,26,26,54,54,61,61,61,37,37,37,39,39,39,60,60,47,47,34,34,34,41,41,41,41,39,39,39,39,49,49,49,48,48,30,30,6,6,6,5,5,5,5,27,27,27,37,37,9,9,40,40,40,8,8,8,33,33,33,33,28,28,28,13,13,31,31,56,56,56,51,51,51,51,31,31,31,31,42,42,42,36,36,62,62,62,37,37,37,37,42,42,42,42,3,3,3,3,3,14,14,68,68,33,33,33,60,60,60,60,19,19,19,19,19,19,34,34,16,16,16,18,18,18,18,41,41,41,41,37,37,63,63,42,42,35,35,35,13,13,13,13,14,14,14,20,20,5,5,46,46,46,88,88,88,38,38,38,41,41,41,41,5,5,5,5,27,27,30,30,6,6,6,29,29,29,15,15,15,77,77,40,40,63,63,63,27,27,27,23,23,23,23,40,40,40,40,22,22,53,53,41,41,27,27,27,60,60,60,59,59,59,59,51,51,51,8,8,38,38,14,14,14,56,56,56,56,35,35,35,36,36,31,31,31,31,31,32,32,32,23,23,23,23,28,28,28,-3,-3,-3,8,8,8,25,25,25,27,27,27,27,30,30,30,47,47,36,36,58,58,58,69,69,69,69,53,53,53,53,46,46,46,47,47,49,49,33,33,33,23,23,23,23,75,75,75,75,39,39,47,4,4,52,52,52,74,74,74,61,61,61,71,71,75,74,74,29,29,29,46,46,46,26,26,26,26,39,39,39,39,39,48,48,48,55,55,55,51,51,51,51,33,33,33,31,31,31,48,48,43,43,26,26,26,-4,-4,-4,22,22,22,45,45,25,25,37,37,36,36,57,57,37,37,33,33,51,51,39,39,39,18,18,18,30,30,30,30,31,31,31,39,39,53,53,48,48,12,12,12,22,22,22,36,36,51,51,32,32,50,50,50,45,45,45,45,51,51,51,47,72,29,29,38,38,44,44,62,62,56,56,29,29,14,14,29,29,29,20,20,20,28,28,28,16,16,16,18,18,25,6,24,24,16,21,21,-10,-10,21,21,21,19,19,19,39,39,20,20,22,22,16,16
246,44.74200000000000443,4,38,-12,-12,32,32,5,5,5,5,14,14,14,17,17,46,46,33,33,39,39,39,35,35,35,36,36,-8,-8,17,17,3,3,3,29,29,29,8,8,8,7,7,-6,-6,-6,-6,-6,-4,-4,-4,19,19,19,19,13,13,13,13,16,16,4,4,3,3,3,9,9,9,9,18,18,18,18,-4,-4,17,17,-2,-2,26,26,26,17,17,17,8,8,8,8,16,16,1,1,36,36,36,8,8,8,14,14,14,14,32,32,25,25,37,37,4,4,4,52,52,52,37,37,37,-5,-5,12,12,21,21,21,16,16,16,16,18,18,18,18,15,15,15,2,2,7,7,5,5,5,5,5,5,5,16,16,16,-2,-2,-19,-19,8,8,8,20,20,20,25,25,25,25,22,22,22,27,27,33,33,19,19,19,21,21,21,21,75,75,75,75,24,24,24,19,19,13,13,13,40,40,40,40,19,19,19,19,21,21,21,21,21,11,11,37,37,17,17,17,33,33,33,33,43,43,43,43,-16,-16,4,4,20,20,20,-5,-5,-5,-5,49,49,49,49,3,3,3,3,-4,-4,26,26,26,7,7,7,7,8,8,8,10,10,9,9,24,24,24,21,21,21,45,45,45,26,26,26,26,18,18,18,18,32,32,20,20,21,21,21,38,38,38,28,28,28,21,21,21,21,19,19,19,9,9,9,-5,-5,-5,-5,32,32,32,32,21,21,25,25,42,42,21,21,21,37,37,37,6,6,6,6,27,27,27,18,18,11,11,15,15,15,34,34,34,34,47,47,47,36,36,13,13,44,44,44,9,9,9,22,22,22,22,5,5,5,16,16,16,0,0,0,9,9,9,44,44,44,44,11,11,11,37,37,14,14,48,48,48,58,58,58,58,57,57,57,57,38,38,38,21,21,19,19,27,27,27,37,37,37,37,53,53,53,53,33,33,41,78,78,45,45,45,27,27,27,29,29,29,31,31,15,17,17,-11,-11,-11,52,52,52,0,0,0,0,-10,-10,-10,-10,-10,48,48,48,83,83,83,25,25,25,25,25,25,25,34,34,34,34,34,29,29,16,16,16,3,3,3,19,19,19,22,22,13,13,14,14,46,46,20,20,19,19,10,10,3,3,28,28,28,13,13,13,18,18,18,18,20,20,20,16,16,34,34,43,43,30,30,30,17,17,17,21,21,28,28,16,16,23,23,23,24,24,24,24,41,41,41,51,54,5,5,60,60,27,27,32,32,31,31,1,1,8,8,14,14,14,16,16,16,1,1,1,12,12,12,1,1,4,-1,11,11,5,7,7,-1,-1,-1,-1,-1,29,29,29,5,5,1,1,9,9,16,16
247,44.94200000000000728,6,27,2,2,58,58,-18,-18,-9,-9,1,1,1,4,4,5,5,22,22,45,45,45,26,26,26,34,34,-6,-6,13,13,-8,-8,-8,33,33,33,-14,-14,-14,22,22,2,2,-21,-21,-21,4,4,4,23,23,23,23,41,41,41,41,39,39,-10,-10,-26,-26,-26,4,4,4,4,-54,-54,-54,-54,-8,-8,7,7,6,6,16,16,16,7,7,7,24,24,24,24,15,15,14,14,-5,-5,-5,5,5,5,4,4,4,4,14,14,14,14,17,17,21,21,21,9,9,9,21,21,21,21,21,-7,-7,23,23,23,14,14,14,14,-3,-3,-3,-3,3,3,3,11,11,-21,-21,17,17,17,48,48,48,48,5,5,5,12,12,-34,-34,1,1,1,44,44,44,12,12,12,12,5,5,5,35,35,-15,-15,5,5,5,-16,-16,-16,-16,74,74,74,74,22,22,22,-3,-3,7,7,7,38,38,38,38,56,56,56,56,20,20,20,20,20,17,17,30,30,30,30,30,37,37,37,37,34,34,34,34,1,1,-23,-23,22,22,22,20,20,20,20,61,61,61,61,15,15,26,26,-15,-15,7,7,7,6,6,6,6,33,33,33,-42,-42,-4,-4,-2,-2,-2,59,59,59,31,31,31,61,61,61,61,26,26,26,26,16,16,-3,-3,10,10,10,41,41,41,40,40,40,26,26,36,36,15,15,15,11,11,11,2,2,2,2,49,49,49,49,32,32,10,10,-4,-4,9,9,9,39,39,39,-4,-4,-4,-4,11,11,11,17,17,9,9,-4,-4,-4,23,23,23,23,22,22,22,37,37,1,1,1,1,1,40,40,40,29,29,29,29,31,31,31,3,3,3,9,9,9,-5,-5,-5,39,39,39,39,35,35,35,30,30,-3,-3,19,19,19,64,64,64,64,30,30,30,30,15,15,15,8,8,10,10,23,23,23,35,35,35,35,60,60,60,60,45,45,31,82,82,21,21,21,44,44,44,30,30,30,34,34,-16,-11,-11,-35,-35,-35,-5,-5,-5,-12,-12,-12,-12,25,25,25,25,25,39,39,39,25,25,25,45,45,45,45,17,17,17,32,32,32,27,27,19,19,16,16,16,3,3,3,20,20,20,67,67,21,21,15,15,43,43,2,2,11,11,19,19,3,3,-1,-1,-1,-5,-5,-5,19,19,19,19,8,8,8,-2,-2,16,16,7,7,13,13,13,-11,-11,-11,13,13,19,19,4,4,28,28,28,31,31,31,31,32,32,32,47,53,3,3,41,41,25,25,40,40,31,31,14,14,15,15,19,19,19,21,21,21,8,8,8,2,2,2,14,14,10,3,13,13,-17,13,13,-9,-9,22,22,22,25,25,25,7,7,-10,-10,12,12,17,17
248,45.14200000000000301,31,40,-4,-4,-1,-1,1,1,-9,-9,24,24,24,12,12,-51,-51,3,3,16,16,16,17,17,17,14,14,20,20,-6,-6,18,18,18,16,16,16,0,0,0,15,15,53,53,31,31,31,12,12,12,-18,-18,-18,-18,0,0,0,0,21,21,3,3,37,37,37,-23,-23,-23,-23,21,21,21,21,-16,-16,24,24,15,15,10,10,10,17,17,17,1,1,1,1,24,24,12,12,7,7,7,24,24,24,16,16,16,16,17,17,25,25,20,20,-5,-5,-5,24,24,24,-7,-7,-7,-15,-15,2,2,62,62,62,6,6,6,6,-9,-9,-9,-9,8,8,8,34,34,-13,-13,1,1,1,17,17,17,17,29,29,29,30,30,-3,-3,6,6,6,36,36,36,20,20,20,20,20,20,20,16,16,-1,-1,0,0,0,-4,-4,-4,-4,42,42,42,42,39,39,39,25,25,-18,-18,-18,30,30,30,30,62,62,62,62,24,24,24,24,24,25,25,23,23,19,19,19,63,63,63,63,45,45,45,45,49,49,20,20,19,19,19,58,58,58,58,17,17,17,17,52,52,19,19,46,46,16,16,16,16,16,16,16,28,28,28,4,4,3,3,-2,-2,-2,18,18,18,43,43,43,57,57,57,57,47,47,47,47,31,31,52,52,23,23,23,29,29,29,-16,-16,-16,25,25,18,18,26,26,26,2,2,2,10,10,10,10,84,84,84,84,40,40,9,9,11,11,29,29,29,41,41,41,49,49,49,49,23,23,23,12,12,12,12,4,4,4,40,40,40,40,33,33,33,27,27,16,16,17,17,17,7,7,7,20,20,20,20,38,38,38,18,18,18,19,19,19,22,22,22,30,30,30,30,21,21,21,41,41,14,14,44,44,44,67,67,67,67,73,73,73,73,40,40,40,24,24,6,6,42,42,42,70,70,70,70,42,42,42,42,50,50,39,32,32,41,41,41,37,37,37,-7,-7,-7,15,15,-26,-12,-12,17,17,17,8,8,8,6,6,6,6,31,31,31,31,31,53,53,53,60,60,60,60,60,60,60,19,19,19,43,43,43,59,59,28,28,13,13,13,32,32,32,14,14,14,39,39,13,13,25,25,48,48,17,17,30,30,10,10,-2,-2,18,18,18,10,10,10,25,25,25,25,6,6,6,9,9,8,8,14,14,27,27,27,14,14,14,24,24,33,33,5,5,38,38,38,27,27,27,27,44,44,44,53,45,21,21,22,22,13,13,42,42,29,29,31,31,25,25,30,30,30,29,29,29,26,26,26,35,35,35,0,0,24,17,17,17,8,8,8,-2,-2,27,27,27,28,28,28,39,39,15,15,17,17,20,20
249,45.34200000000000585,-9,22,37,37,49,49,42,42,-5,-5,34,34,34,18,18,33,33,83,83,48,48,48,14,14,14,3,3,26,26,-5,-5,35,35,35,25,25,25,35,35,35,35,35,22,22,13,13,13,39,39,39,30,30,30,30,1,1,1,1,27,27,34,34,42,42,42,27,27,27,27,34,34,34,34,47,47,18,18,3,3,6,6,6,9,9,9,8,8,8,8,11,11,19,19,10,10,10,41,41,41,35,35,35,35,12,12,-5,-5,26,26,55,55,55,35,35,35,29,29,29,36,36,3,3,31,31,31,12,12,12,12,15,15,15,15,19,19,19,36,36,9,9,31,31,31,45,45,45,45,8,8,8,28,28,26,26,27,27,27,40,40,40,25,25,25,25,40,40,40,12,12,21,21,33,33,33,43,43,43,43,33,33,33,33,22,22,22,-1,-1,39,39,39,35,35,35,35,26,26,26,26,61,61,61,61,61,43,43,39,39,46,46,46,80,80,80,80,69,69,69,69,-4,-4,11,11,38,38,38,62,62,62,62,-12,-12,-12,-12,48,48,34,34,27,27,49,49,49,24,24,24,24,16,16,16,48,48,17,17,43,43,43,33,33,33,69,69,69,83,83,83,83,85,85,85,85,11,11,61,61,27,27,27,65,65,65,39,39,39,43,43,55,55,54,54,54,25,25,25,39,39,39,39,52,52,52,52,62,62,53,53,19,19,29,29,29,46,46,46,41,41,41,41,62,62,62,26,26,22,22,38,38,38,22,22,22,22,26,26,26,56,56,33,33,40,40,40,43,43,43,42,42,42,42,31,31,31,33,33,33,39,39,39,50,50,50,42,42,42,42,43,43,43,67,67,26,26,43,43,43,66,66,66,66,40,40,40,40,39,39,39,17,17,35,35,70,70,70,65,65,65,65,85,85,85,85,90,90,47,54,54,34,34,34,1,1,1,0,0,0,6,6,38,21,21,36,36,36,23,23,23,0,0,0,0,32,32,32,32,32,62,62,62,73,73,73,36,36,36,36,39,39,39,40,40,40,66,66,48,48,37,37,37,36,36,36,31,31,31,32,32,46,46,45,45,40,40,19,19,30,30,41,41,12,12,4,4,4,34,34,34,23,23,23,23,44,44,44,34,34,31,31,26,26,32,32,32,44,44,44,36,36,52,52,7,7,28,28,28,41,41,41,41,43,43,43,61,54,27,27,27,27,46,46,57,57,58,58,53,53,34,34,30,30,30,43,43,43,33,33,33,35,35,35,34,34,35,36,28,28,11,34,34,24,24,29,29,29,38,38,38,43,43,33,33,44,44,29,29
250,45.54200000000000159,10,50,22,22,19,19,56,56,43,43,29,29,29,50,50,51,51,54,54,43,43,43,25,25,25,15,15,25,25,29,29,57,57,57,33,33,33,40,40,40,29,29,12,12,13,13,13,25,25,25,16,16,16,16,44,44,44,44,46,46,18,18,32,32,32,26,26,26,26,-3,-3,-3,-3,6,6,35,35,19,19,53,53,53,33,33,33,0,0,0,0,37,37,26,26,41,41,41,28,28,28,34,34,34,34,13,13,42,42,9,9,0,0,0,10,10,10,44,44,44,65,65,-21,-21,40,40,40,-4,-4,-4,-4,5,5,5,5,34,34,34,20,20,26,26,63,63,63,26,26,26,26,23,23,23,24,24,23,23,15,15,15,36,36,36,22,22,22,22,8,8,8,25,25,56,56,66,66,66,56,56,56,56,49,49,49,49,19,19,19,19,19,39,39,39,32,32,32,32,56,56,56,56,36,36,36,36,36,57,57,37,37,77,77,77,45,45,45,45,84,84,84,84,40,40,108,108,34,34,34,43,43,43,43,44,44,44,44,56,56,66,66,49,49,33,33,33,51,51,51,51,39,39,39,13,13,62,62,33,33,33,65,65,65,79,79,79,40,40,40,40,76,76,76,76,33,33,44,44,49,49,49,74,74,74,97,97,97,53,53,50,50,44,44,44,49,49,49,40,40,40,40,58,58,58,58,78,78,44,44,41,41,22,22,22,18,18,18,60,60,60,60,76,76,76,52,52,49,49,20,20,20,31,31,31,31,37,37,37,58,58,57,57,11,11,11,39,39,39,36,36,36,36,55,55,55,32,32,32,57,57,57,58,58,58,50,50,50,50,34,34,34,18,18,39,39,43,43,43,91,91,91,91,67,67,67,67,74,74,74,36,36,49,49,44,44,44,73,73,73,73,50,50,50,50,52,52,53,46,46,49,49,49,9,9,9,31,31,31,38,38,37,22,22,38,38,38,48,48,48,32,32,32,32,58,58,58,58,58,68,68,68,63,63,63,47,47,47,47,69,69,69,30,30,30,54,54,35,35,58,58,58,54,54,54,28,28,28,38,38,52,52,61,61,57,57,37,37,37,37,30,30,32,32,28,28,28,27,27,27,41,41,41,41,41,41,41,38,38,51,51,55,55,49,49,49,56,56,56,67,67,54,54,22,22,40,40,40,30,30,30,30,55,55,55,70,61,56,56,62,62,38,38,62,62,74,74,47,47,39,39,45,45,45,45,45,45,48,48,48,48,48,48,43,43,54,36,35,35,31,30,30,27,27,36,36,36,42,42,42,27,27,38,38,33,33,31,31
