"","TRACE",1,2,3,4,5,6,7,8,9,10,11,12,13,14,15,16,17,18,19,20,21,22,23,24,25,26,27,28,29,30,31,32,33,34,35,36,37,38,39,40,41,42,43,44,45,46,47,48,49,50,51,52,53,54,55,56,57,58,59,60,61,62,63,64,65,66,67,68,69,70,71,72,73,74,75,76,77,78,79,80,81,82,83,84,85,86,87,88,89,90,91,92,93,94,95,96,97,98,99,100,101,102,103,104,105,106,107,108,109,110,111,112,113,114,115,116,117,118,119,120,121,122,123,124,125,126,127,128,129,130,131,132,133,134,135,136,137,138,139,140,141,142,143,144,145,146,147,148,149,150,151,152,153,154,155,156,157,158,159,160,161,162,163,164,165,166,167,168,169,170,171,172,173,174,175,176,177,178,179,180,181,182,183,184,185,186,187,188,189,190,191,192,193,194,195,196,197,198,199,200,201,202,203,204,205,206,207,208,209,210,211,212,213,214,215,216,217,218,219,220,221,222,223,224,225,226,227,228,229,230,231,232,233,234,235,236,237,238,239,240,241,242,243,244,245,246,247,248,249,250,251,252,253,254,255,256,257,258,259,260,261,262,263,264,265,266,267,268,269,270,271,272,273,274,275,276,277,278,279,280,281,282,283,284,285,286,287,288,289,290,291,292,293,294,295,296,297,298,299,300,301,302,303,304,305,306,307,308,309,310,311,312,313,314,315,316,317,318,319,320,321,322,323,324,325,326,327,328,329,330,331,332,333,334,335,336,337,338,339,340,341,342,343,344,345,346,347,348,349,350,351,352,353,354,355,356,357,358,359,360,361,362,363,364,365,366,367,368,369,370,371,372,373,374,375,376,377,378,379,380,381,382,383,384,385,386,387,388,389,390,391,392,393,394,395,396,397,398,399,400,401,402,403,404,405,406,407,408,409,410,411,412,413,414,415,416,417,418,419,420,421,422,423,424,425,426,427,428,429,430,431,432,433,434,435,436,437,438,439,440,441,442,443,444,445,446,447,448,449,450,451,452,453,454,455,456,457,458,459,460,461,462,463,464,465,466,467,468,469,470,471,472,473,474,475,476,477,478,479,480,481,482,483,484,485,486,487,488,489,490,491,492,493,494,495,496,497,498,499,500,501,502,503,504,505,506,507,508,509,510,511,512,513,514,515,516,517,518,519,520,521,522,523,524,525,526,527,528,529,530,531,532,533,534,535,536,537,538,539,540,541,542,543,544,545,546,547,548,549,550,551,552,553,554,555,556,557,558,559,560,561,562,563,564,565,566,567,568,569,570,571,572,573,574,575,576,577,578,579,580,581,582,583,584,585,586,587,588,589,590,591,592,593,594,595,596,597,598,599,600,601,602,603,604
"","Position (m)",0,0.02000000000000000042,0.04000000000000000083,0.05999999999999999778,0.08000000000000000167,0.1000000000000000056,0.1200000000000000094,0.1400000000000000133,0.1600000000000000033,0.1799999999999999933,0.1999999999999999833,0.2199999999999999734,0.2399999999999999634,0.2599999999999999534,0.2799999999999999711,0.2999999999999999889,0.3200000000000000067,0.3400000000000000244,0.3600000000000000422,0.38000000000000006,0.4000000000000000777,0.4200000000000000955,0.4400000000000001132,0.460000000000000131,0.4800000000000001488,0.500000000000000111,0.5200000000000001288,0.5400000000000001465,0.5600000000000001643,0.5800000000000001821,0.6000000000000001998,0.6200000000000002176,0.6400000000000002354,0.6600000000000002531,0.6800000000000002709,0.7000000000000002887,0.7200000000000003064,0.7400000000000003242,0.7600000000000003419,0.7800000000000003597,0.8000000000000003775,0.8200000000000003952,0.840000000000000413,0.8600000000000004308,0.8800000000000004485,0.9000000000000004663,0.9200000000000004841,0.9400000000000005018,0.9600000000000005196,0.9800000000000005373,1.000000000000000444,1.020000000000000462,1.04000000000000048,1.060000000000000497,1.080000000000000515,1.100000000000000533,1.120000000000000551,1.140000000000000568,1.160000000000000586,1.180000000000000604,1.200000000000000622,1.220000000000000639,1.240000000000000657,1.260000000000000675,1.280000000000000693,1.300000000000000711,1.320000000000000728,1.340000000000000746,1.360000000000000764,1.380000000000000782,1.400000000000000799,1.420000000000000817,1.440000000000000835,1.460000000000000853,1.48000000000000087,1.500000000000000888,1.520000000000000906,1.540000000000000924,1.560000000000000941,1.580000000000000959,1.600000000000000977,1.620000000000000995,1.640000000000001013,1.66000000000000103,1.680000000000001048,1.700000000000001066,1.720000000000001084,1.740000000000001101,1.760000000000001119,1.780000000000001137,1.800000000000001155,1.820000000000001172,1.84000000000000119,1.860000000000001208,1.880000000000001226,1.900000000000001243,1.920000000000001261,1.940000000000001279,1.960000000000001297,1.980000000000001315,2.000000000000001332,2.02000000000000135,2.040000000000001368,2.060000000000001386,2.080000000000001403,2.100000000000001421,2.120000000000001439,2.140000000000001457,2.160000000000001474,2.180000000000001492,2.20000000000000151,2.220000000000001528,2.240000000000001545,2.260000000000001563,2.280000000000001581,2.300000000000001599,2.320000000000001616,2.340000000000001634,2.360000000000001652,2.38000000000000167,2.400000000000001688,2.420000000000001705,2.440000000000001723,2.460000000000001741,2.480000000000001759,2.500000000000001776,2.520000000000001794,2.540000000000001812,2.56000000000000183,2.580000000000001847,2.600000000000001865,2.620000000000001883,2.640000000000001901,2.660000000000001918,2.680000000000001936,2.700000000000001954,2.720000000000001972,2.74000000000000199,2.760000000000002007,2.780000000000002025,2.800000000000002043,2.820000000000002061,2.840000000000002078,2.860000000000002096,2.880000000000002114,2.900000000000002132,2.920000000000002149,2.940000000000002167,2.960000000000002185,2.980000000000002203,3.00000000000000222,3.020000000000002238,3.040000000000002256,3.060000000000002274,3.080000000000002292,3.100000000000002309,3.120000000000002327,3.140000000000002345,3.160000000000002363,3.18000000000000238,3.200000000000002398,3.220000000000002416,3.240000000000002434,3.260000000000002451,3.280000000000002469,3.300000000000002487,3.320000000000002505,3.340000000000002522,3.36000000000000254,3.380000000000002558,3.400000000000002576,3.420000000000002593,3.440000000000002611,3.460000000000002629,3.480000000000002647,3.500000000000002665,3.520000000000002682,3.5400000000000027,3.560000000000002718,3.580000000000002736,3.600000000000002753,3.620000000000002771,3.640000000000002789,3.660000000000002807,3.680000000000002824,3.700000000000002842,3.72000000000000286,3.740000000000002878,3.760000000000002895,3.780000000000002913,3.800000000000002931,3.820000000000002949,3.840000000000002967,3.860000000000002984,3.880000000000003002,3.90000000000000302,3.920000000000003038,3.940000000000003055,3.960000000000003073,3.980000000000003091,4.000000000000002665,4.020000000000002238,4.040000000000001812,4.060000000000001386,4.080000000000000959,4.100000000000000533,4.120000000000000107,4.13999999999999968,4.159999999999999254,4.179999999999998828,4.199999999999998401,4.219999999999997975,4.239999999999997549,4.259999999999997122,4.279999999999996696,4.29999999999999627,4.319999999999995843,4.339999999999995417,4.359999999999994991,4.379999999999994564,4.399999999999994138,4.419999999999993712,4.439999999999993285,4.459999999999992859,4.479999999999992433,4.499999999999992006,4.51999999999999158,4.539999999999991154,4.559999999999990727,4.579999999999990301,4.599999999999989875,4.619999999999989448,4.639999999999989022,4.659999999999988596,4.679999999999988169,4.699999999999987743,4.719999999999987317,4.73999999999998689,4.759999999999986464,4.779999999999986038,4.799999999999985612,4.819999999999985185,4.839999999999984759,4.859999999999984333,4.879999999999983906,4.89999999999998348,4.919999999999983054,4.939999999999982627,4.959999999999982201,4.979999999999981775,4.999999999999981348,5.019999999999980922,5.039999999999980496,5.059999999999980069,5.079999999999979643,5.099999999999979217,5.11999999999997879,5.139999999999978364,5.159999999999977938,5.179999999999977511,5.199999999999977085,5.219999999999976659,5.239999999999976232,5.259999999999975806,5.27999999999997538,5.299999999999974953,5.319999999999974527,5.339999999999974101,5.359999999999973674,5.379999999999973248,5.399999999999972822,5.419999999999972395,5.439999999999971969,5.459999999999971543,5.479999999999971116,5.49999999999997069,5.519999999999970264,5.539999999999969837,5.559999999999969411,5.579999999999968985,5.599999999999968558,5.619999999999968132,5.639999999999967706,5.65999999999996728,5.679999999999966853,5.699999999999966427,5.719999999999966001,5.739999999999965574,5.759999999999965148,5.779999999999964722,5.799999999999964295,5.819999999999963869,5.839999999999963443,5.859999999999963016,5.87999999999996259,5.899999999999962164,5.919999999999961737,5.939999999999961311,5.959999999999960885,5.979999999999960458,5.999999999999960032,6.019999999999959606,6.039999999999959179,6.059999999999958753,6.079999999999958327,6.0999999999999579,6.119999999999957474,6.139999999999957048,6.159999999999956621,6.179999999999956195,6.199999999999955769,6.219999999999955342,6.239999999999954916,6.25999999999995449,6.279999999999954063,6.299999999999953637,6.319999999999953211,6.339999999999952784,6.359999999999952358,6.379999999999951932,6.399999999999951505,6.419999999999951079,6.439999999999950653,6.459999999999950226,6.4799999999999498,6.499999999999949374,6.519999999999948948,6.539999999999948521,6.559999999999948095,6.579999999999947669,6.599999999999947242,6.619999999999946816,6.63999999999994639,6.659999999999945963,6.679999999999945537,6.699999999999945111,6.719999999999944684,6.739999999999944258,6.759999999999943832,6.779999999999943405,6.799999999999942979,6.819999999999942553,6.839999999999942126,6.8599999999999417,6.879999999999941274,6.899999999999940847,6.919999999999940421,6.939999999999939995,6.959999999999939568,6.979999999999939142,6.999999999999938716,7.019999999999938289,7.039999999999937863,7.059999999999937437,7.07999999999993701,7.099999999999936584,7.119999999999936158,7.139999999999935731,7.159999999999935305,7.179999999999934879,7.199999999999934452,7.219999999999934026,7.2399999999999336,7.259999999999933173,7.279999999999932747,7.299999999999932321,7.319999999999931894,7.339999999999931468,7.359999999999931042,7.379999999999930616,7.399999999999930189,7.419999999999929763,7.439999999999929337,7.45999999999992891,7.479999999999928484,7.499999999999928058,7.519999999999927631,7.539999999999927205,7.559999999999926779,7.579999999999926352,7.599999999999925926,7.6199999999999255,7.639999999999925073,7.659999999999924647,7.679999999999924221,7.699999999999923794,7.719999999999923368,7.739999999999922942,7.759999999999922515,7.779999999999922089,7.799999999999921663,7.819999999999921236,7.83999999999992081,7.859999999999920384,7.879999999999919957,7.899999999999919531,7.919999999999919105,7.939999999999918678,7.959999999999918252,7.979999999999917826,7.999999999999917399,8.019999999999917861,8.039999999999917435,8.059999999999917009,8.079999999999916582,8.099999999999916156,8.11999999999991573,8.139999999999915303,8.159999999999914877,8.179999999999914451,8.199999999999914024,8.219999999999913598,8.239999999999913172,8.259999999999912745,8.279999999999912319,8.299999999999911893,8.319999999999911466,8.33999999999991104,8.359999999999910614,8.379999999999910187,8.399999999999909761,8.419999999999909335,8.439999999999908908,8.459999999999908482,8.479999999999908056,8.499999999999907629,8.519999999999907203,8.539999999999906777,8.55999999999990635,8.579999999999905924,8.599999999999905498,8.619999999999905071,8.639999999999904645,8.659999999999904219,8.679999999999903793,8.699999999999903366,8.71999999999990294,8.739999999999902514,8.759999999999902087,8.779999999999901661,8.799999999999901235,8.819999999999900808,8.839999999999900382,8.859999999999899956,8.879999999999899529,8.899999999999899103,8.919999999999898677,8.93999999999989825,8.959999999999897824,8.979999999999897398,8.999999999999896971,9.019999999999896545,9.039999999999896119,9.059999999999895692,9.079999999999895266,9.09999999999989484,9.119999999999894413,9.139999999999893987,9.159999999999893561,9.179999999999893134,9.199999999999892708,9.219999999999892282,9.239999999999891855,9.259999999999891429,9.279999999999891003,9.299999999999890576,9.31999999999989015,9.339999999999889724,9.359999999999889297,9.379999999999888871,9.399999999999888445,9.419999999999888018,9.439999999999887592,9.459999999999887166,9.479999999999886739,9.499999999999886313,9.519999999999885887,9.539999999999885461,9.559999999999885034,9.579999999999884608,9.599999999999884182,9.619999999999883755,9.639999999999883329,9.659999999999882903,9.679999999999882476,9.69999999999988205,9.719999999999881624,9.739999999999881197,9.759999999999880771,9.779999999999880345,9.799999999999879918,9.819999999999879492,9.839999999999879066,9.859999999999878639,9.879999999999878213,9.899999999999877787,9.91999999999987736,9.939999999999876934,9.959999999999876508,9.979999999999876081,9.999999999999875655,10.01999999999987523,10.0399999999998748,10.05999999999987438,10.07999999999987395,10.09999999999987352,10.1199999999998731,10.13999999999987267,10.15999999999987224,10.17999999999987182,10.19999999999987139,10.21999999999987097,10.23999999999987054,10.25999999999987011,10.27999999999986969,10.29999999999986926,10.31999999999986883,10.33999999999986841,10.35999999999986798,10.37999999999986755,10.39999999999986713,10.4199999999998667,10.43999999999986628,10.45999999999986585,10.47999999999986542,10.499999999999865,10.51999999999986457,10.53999999999986414,10.55999999999986372,10.57999999999986329,10.59999999999986287,10.61999999999986244,10.63999999999986201,10.65999999999986159,10.67999999999986116,10.69999999999986073,10.71999999999986031,10.73999999999985988,10.75999999999985945,10.77999999999985903,10.7999999999998586,10.81999999999985818,10.83999999999985775,10.85999999999985732,10.8799999999998569,10.89999999999985647,10.91999999999985604,10.93999999999985562,10.95999999999985519,10.97999999999985477,10.99999999999985434,11.01999999999985391,11.03999999999985349,11.05999999999985306,11.07999999999985263,11.09999999999985221,11.11999999999985178,11.13999999999985135,11.15999999999985093,11.1799999999998505,11.19999999999985008,11.21999999999984965,11.23999999999984922,11.2599999999998488,11.27999999999984837,11.29999999999984794,11.31999999999984752,11.33999999999984709,11.35999999999984666,11.37999999999984624,11.39999999999984581,11.41999999999984539,11.43999999999984496,11.45999999999984453,11.47999999999984411,11.49999999999984368,11.51999999999984325,11.53999999999984283,11.5599999999998424,11.57999999999984198,11.59999999999984155,11.61999999999984112,11.6399999999998407,11.65999999999984027,11.67999999999983984,11.69999999999983942,11.71999999999983899,11.73999999999983856,11.75999999999983814,11.77999999999983771,11.79999999999983729,11.81999999999983686,11.83999999999983643,11.85999999999983601,11.87999999999983558,11.89999999999983515,11.91999999999983473,11.9399999999998343,11.95999999999983388,11.97999999999983345,11.99999999999983302,12.0199999999998326,12.03999999999983217,12.05999999999983174
"Point","Time (ns)"
1,-4.13999999999999968,-10,9,1,1,7,7,7,21,21,-15,-15,-28,-28,21,21,46,46,10,10,10,8,8,8,8,12,12,12,12,34,34,34,34,29,29,29,-1,-1,-1,40,40,40,40,21,21,21,21,15,15,15,15,18,18,18,20,20,20,57,57,57,57,27,27,27,27,41,41,41,41,19,19,19,18,18,21,21,21,32,32,32,32,61,61,61,27,27,27,-7,-7,-2,-2,-2,10,10,10,48,48,48,14,14,14,9,9,9,2,2,2,-8,-8,-8,24,24,24,27,27,27,-3,-3,-3,20,20,20,6,6,6,13,13,13,26,26,26,26,0,0,0,28,28,28,11,11,11,12,12,12,12,27,27,27,27,10,10,10,15,15,15,15,4,4,4,4,11,11,11,11,9,9,9,9,25,25,25,16,16,16,12,12,12,12,16,16,16,10,10,10,10,3,3,3,5,5,5,18,18,18,-2,-2,-2,27,27,27,1,1,1,42,42,42,22,22,38,38,38,24,24,24,19,19,19,29,29,29,24,24,22,22,22,-1,-1,-1,18,18,41,41,-2,-2,25,25,13,13,14,14,11,11,17,17,20,20,28,28,6,6,6,5,5,5,4,4,4,4,4,8,8,-11,-11,0,0,16,16,9,9,9,26,26,12,12,12,22,22,22,19,19,19,10,10,10,10,21,21,21,21,21,-1,-1,32,32,9,9,9,46,46,46,4,4,4,25,25,25,13,13,13,5,5,-12,-12,1,15,15,-28,-28,-28,-6,-6,0,0,27,27,-3,-3,34,34,24,24,27,8,28,28,8,8,51,51,51,23,23,7,7,7,-19,-19,-19,1,1,8,8,7,7,21,21,21,-33,-33,-33,29,29,29,5,5,12,12,3,3,1,1,27,27,27,5,5,30,30,9,9,17,17,17,3,3,3,20,20,20,-1,-1,-1,2,2,2,16,16,16,5,5,27,27,27,22,22,22,40,40,-3,-3,-3,18,18,14,14,14,4,4,4,4,-1,-1,-1,-1,28,28,28,28,13,13,13,13,13,13,9,9,9,32,32,32,28,28,28,45,45,45,18,18,18,10,10,10,16,16,16,14,14,14,5,5,10,10,17,17,1,1,13,13,13,22,22,22,5,5,41,41,28,28,13,13,13,4,4,4,0,0,28,28,22,22,11,11,7,7,8,8,8,14,14,14,24,24,24,10,10,23,23,12,12,1,1,1,1,1,1,15,15,15,-2,-2,-2,3,3,13,13,-1,-1,15,15,15,-1,-1,-1,12,12,12,18,18,19,19,15,14,14,13,13,9,9,18,18,21,21,14,14,8,8,11,11,9,39,39,2,2,13,13,13,18,18,18,2,2,2,22,22,22,12,12,16,16,11,11,11,11,11,19,19,21,21,8,8,16,16,11,11,13,13,13,12,12,12,20,20,20,14,14,18
2,-3.939999999999999947,2,-6,41,41,38,38,38,17,17,18,18,-6,-6,19,19,30,30,56,56,56,17,17,17,17,-22,-22,-22,-22,43,43,43,43,33,33,33,-6,-6,-6,20,20,20,20,15,15,15,15,-1,-1,-1,-1,9,9,9,26,26,26,38,38,38,38,28,28,28,28,46,46,46,46,26,26,26,28,28,5,5,5,33,33,33,33,11,11,11,20,20,20,50,50,11,11,11,26,26,26,31,31,31,-2,-2,-2,13,13,13,20,20,20,31,31,31,23,23,23,17,17,17,33,33,33,4,4,4,52,52,52,-4,-4,-4,11,11,11,11,-8,-8,-8,19,19,19,17,17,17,11,11,11,11,27,27,27,27,34,34,34,20,20,20,20,24,24,24,24,7,7,7,7,18,18,18,18,16,16,16,32,32,32,4,4,4,4,36,36,36,4,4,4,4,23,23,23,15,15,15,7,7,7,-2,-2,-2,15,15,15,29,29,29,20,20,20,32,32,19,19,19,6,6,6,-2,-2,-2,21,21,21,48,48,5,5,5,20,20,20,25,25,9,9,15,15,35,35,-2,-2,9,9,-6,-6,10,10,31,31,0,0,23,23,23,28,28,28,0,0,36,36,36,23,23,21,21,-9,-9,25,25,21,21,21,0,0,44,44,44,1,1,1,-10,-10,-10,7,7,7,7,-15,-15,-15,19,19,3,3,44,44,16,16,16,20,20,20,24,24,24,8,8,8,-17,-17,-17,29,29,38,38,16,37,37,9,9,9,24,24,20,20,3,3,15,15,25,25,29,29,17,30,3,3,28,28,39,39,39,35,35,28,28,28,26,26,26,25,25,22,22,15,15,4,4,4,52,52,52,13,13,13,7,7,12,12,11,11,20,20,2,2,2,19,19,12,12,31,31,20,20,20,38,38,38,32,32,32,15,15,15,1,1,1,31,31,31,21,21,10,10,10,25,25,25,53,53,19,19,19,29,29,22,22,22,32,32,32,32,33,33,33,33,8,8,8,8,14,14,14,0,0,0,24,24,24,-3,-3,-3,3,3,3,29,29,29,19,19,19,2,2,2,17,17,17,5,5,5,27,27,13,13,23,23,22,22,19,19,19,36,36,36,18,18,13,13,8,8,2,2,2,23,23,23,22,22,11,11,24,24,15,15,9,9,10,10,10,-4,-4,-4,17,17,17,1,1,-7,-7,15,15,12,12,12,14,14,14,10,10,10,17,17,17,0,0,26,26,14,14,-1,-1,-1,7,7,7,10,10,10,7,7,6,6,19,19,19,25,25,18,18,2,2,14,14,9,9,15,15,15,15,17,7,7,10,10,14,14,14,23,23,23,21,21,21,27,27,27,13,13,32,32,11,11,11,22,22,16,16,13,13,4,4,11,11,5,5,24,24,24,15,15,15,7,7,7,16,16,-1
3,-3.740000000000000213,42,28,10,10,20,20,20,44,44,20,20,-6,-6,11,11,-11,-11,-3,-3,-3,40,40,40,40,43,43,43,43,29,29,29,29,-8,-8,-8,18,18,18,7,7,7,7,47,47,47,47,4,4,4,4,-2,-2,-2,11,11,11,42,42,42,42,15,15,15,15,56,56,56,56,29,29,29,34,34,11,11,11,28,28,28,28,28,28,28,33,33,33,28,28,30,30,30,-40,-40,-40,1,1,1,25,25,25,14,14,14,25,25,25,33,33,33,32,32,32,44,44,44,23,23,23,50,50,50,-5,-5,-5,36,36,36,19,19,19,19,10,10,10,0,0,0,24,24,24,19,19,19,19,14,14,14,14,10,10,10,34,34,34,34,-2,-2,-2,-2,22,22,22,22,8,8,8,8,-2,-2,-2,17,17,17,13,13,13,13,22,22,22,21,21,21,21,36,36,36,23,23,23,24,24,24,44,44,44,41,41,41,31,31,31,13,13,13,40,40,21,21,21,-13,-13,-13,24,24,24,7,7,7,27,27,39,39,39,75,75,75,-1,-1,38,38,44,44,22,22,4,4,8,8,15,15,36,36,40,40,23,23,1,1,1,12,12,12,31,31,24,24,24,29,29,8,8,8,8,20,20,13,13,13,14,14,21,21,21,64,64,64,14,14,14,13,13,13,13,23,23,23,8,8,17,17,30,30,5,5,5,3,3,3,28,28,28,8,8,8,18,18,18,28,28,19,19,21,12,12,21,21,21,10,10,23,23,34,34,5,5,0,0,-4,-4,18,25,11,11,32,32,5,5,5,37,37,49,49,49,67,67,67,16,16,18,18,44,44,20,20,20,32,32,32,30,30,30,21,21,38,38,1,1,8,8,15,15,15,14,14,42,42,-2,-2,23,23,23,16,16,16,24,24,24,-8,-8,-8,-1,-1,-1,20,20,20,34,34,15,15,15,22,22,22,23,23,50,50,50,23,23,20,20,20,37,37,37,37,28,28,28,28,19,19,19,19,23,23,23,21,21,21,13,13,13,5,5,5,52,52,52,32,32,32,5,5,5,31,31,31,20,20,20,6,6,6,21,21,20,20,24,24,20,20,9,9,9,13,13,13,19,19,19,19,14,14,4,4,4,13,13,13,19,19,23,23,14,14,3,3,27,27,25,25,25,-2,-2,-2,-5,-5,-5,22,22,14,14,12,12,17,17,17,15,15,15,9,9,9,28,28,28,23,23,26,26,21,21,2,2,2,19,19,19,11,11,11,13,13,11,11,23,18,18,22,22,21,21,21,21,16,16,18,18,23,23,29,29,18,38,38,12,12,8,8,8,11,11,11,22,22,22,10,10,10,23,23,4,4,17,17,17,12,12,21,21,12,12,13,13,18,18,25,25,26,26,26,23,23,23,13,13,13,27,27,19
4,-3.540000000000000036,4,39,39,39,10,10,10,43,43,1,1,33,33,51,51,48,48,16,16,16,24,24,24,24,21,21,21,21,28,28,28,28,13,13,13,31,31,31,12,12,12,12,-18,-18,-18,-18,10,10,10,10,32,32,32,56,56,56,45,45,45,45,8,8,8,8,15,15,15,15,17,17,17,57,57,32,32,32,17,17,17,17,18,18,18,22,22,22,31,31,35,35,35,-2,-2,-2,9,9,9,36,36,36,23,23,23,23,23,23,27,27,27,5,5,5,7,7,7,15,15,15,45,45,45,49,49,49,13,13,13,5,5,5,5,8,8,8,33,33,33,11,11,11,23,23,23,23,-3,-3,-3,-3,18,18,18,40,40,40,40,25,25,25,25,29,29,29,29,15,15,15,15,26,26,26,23,23,23,28,28,28,28,22,22,22,23,23,23,23,10,10,10,38,38,38,20,20,20,-2,-2,-2,35,35,35,44,44,44,24,24,24,2,2,16,16,16,14,14,14,31,31,31,32,32,32,12,12,20,20,20,45,45,45,12,12,55,55,40,40,28,28,29,29,39,39,-3,-3,25,25,25,25,56,56,27,27,27,34,34,34,22,22,36,36,36,25,25,69,69,25,25,15,15,22,22,22,46,46,51,51,51,22,22,22,40,40,40,31,31,31,31,5,5,5,37,37,35,35,47,47,11,11,11,54,54,54,29,29,29,38,38,38,12,12,12,55,55,27,27,21,29,29,17,17,17,49,49,30,30,32,32,23,23,30,30,11,11,-20,28,35,35,18,18,14,14,14,42,42,16,16,16,26,26,26,20,20,26,26,49,49,33,33,33,49,49,49,20,20,20,17,17,20,20,28,28,31,31,37,37,37,13,13,-6,-6,42,42,11,11,11,32,32,32,32,32,32,36,36,36,50,50,50,46,46,46,12,12,3,3,3,12,12,12,40,40,9,9,9,30,30,15,15,15,25,25,25,25,14,14,14,14,10,10,10,10,30,30,30,42,42,42,54,54,54,11,11,11,30,30,30,14,14,14,18,18,18,26,26,26,30,30,30,18,18,18,30,30,16,16,25,25,15,15,26,26,26,-1,-1,-1,15,15,29,29,22,22,12,12,12,11,11,11,17,17,23,23,38,38,34,34,14,14,19,19,19,22,22,22,41,41,41,30,30,19,19,22,22,28,28,28,23,23,23,0,0,0,29,29,29,7,7,27,27,5,5,18,18,18,18,18,18,33,33,33,23,23,40,40,23,32,32,28,28,24,24,16,16,15,15,33,33,41,41,36,36,20,52,52,22,22,24,24,24,44,44,44,32,32,32,24,24,24,30,30,21,21,32,32,32,33,33,21,21,30,30,18,18,20,20,14,14,29,29,29,33,33,33,24,24,24,23,23,12
5,-3.339999999999999858,-1,60,32,32,43,43,43,19,19,66,66,86,86,62,62,84,84,39,39,39,56,56,56,56,17,17,17,17,31,31,31,31,28,28,28,31,31,31,56,56,56,56,45,45,45,45,30,30,30,30,17,17,17,43,43,43,27,27,27,27,20,20,20,20,46,46,46,46,13,13,13,46,46,56,56,56,25,25,25,25,64,64,64,77,77,77,37,37,62,62,62,44,44,44,39,39,39,78,78,78,33,33,33,44,44,44,44,44,44,24,24,24,51,51,51,15,15,15,52,52,52,35,35,35,26,26,26,37,37,37,37,44,44,44,38,38,38,0,0,0,55,55,55,55,49,49,49,49,21,21,21,26,26,26,26,50,50,50,50,49,49,49,49,52,52,52,52,34,34,34,40,40,40,27,27,27,27,50,50,50,28,28,28,28,29,29,29,38,38,38,14,14,14,35,35,35,42,42,42,37,37,37,39,39,39,51,51,27,27,27,30,30,30,15,15,15,45,45,45,31,31,42,42,42,41,41,41,51,51,60,60,26,26,68,68,41,41,14,14,46,46,28,28,30,30,47,47,26,26,26,59,59,59,51,51,37,37,37,31,31,22,22,37,37,28,28,47,47,47,29,29,68,68,68,29,29,29,40,40,40,32,32,32,32,55,55,55,58,58,25,25,30,30,39,39,39,37,37,37,57,57,57,54,54,54,71,71,71,39,39,39,39,28,39,39,11,11,11,17,17,24,24,26,26,47,47,50,50,27,27,46,31,35,35,54,54,33,33,33,57,57,22,22,22,10,10,10,31,31,38,38,49,49,25,25,25,47,47,47,22,22,22,50,50,19,19,41,41,33,33,33,33,33,24,24,28,28,41,41,38,38,38,55,55,55,56,56,56,18,18,18,49,49,49,33,33,33,25,25,46,46,46,69,69,69,46,46,33,33,33,59,59,23,23,23,42,42,42,42,11,11,11,11,47,47,47,47,65,65,65,41,41,41,42,42,42,39,39,39,38,38,38,46,46,46,52,52,52,11,11,11,46,46,46,28,28,28,28,28,32,32,35,35,53,53,35,35,35,45,45,45,49,49,51,51,19,19,31,31,31,27,27,27,34,34,20,20,34,34,15,15,43,43,27,27,27,36,36,36,34,34,34,29,29,41,41,28,28,36,36,36,18,18,18,18,18,18,26,26,26,26,26,41,41,24,24,40,40,40,51,51,51,38,38,38,43,43,43,43,27,39,39,38,38,26,26,26,26,38,38,32,32,30,30,42,42,55,45,45,41,41,53,53,53,32,32,32,25,25,25,31,31,31,57,57,31,31,43,43,43,35,35,29,29,25,25,34,34,41,41,24,24,43,43,43,40,40,40,34,34,34,66,66,35
6,-3.140000000000000124,77,46,73,73,64,64,64,-8,-8,87,87,81,81,52,52,38,38,48,48,48,68,68,68,68,64,64,64,64,60,60,60,60,36,36,36,65,65,65,79,79,79,79,41,41,41,41,49,49,49,49,41,41,41,70,70,70,91,91,91,91,64,64,64,64,78,78,78,78,76,76,76,72,72,41,41,41,62,62,62,62,74,74,74,39,39,39,46,46,52,52,52,68,68,68,62,62,62,44,44,44,62,62,62,63,63,63,78,78,78,72,72,72,47,47,47,64,64,64,60,60,60,84,84,84,61,61,61,47,47,47,47,35,35,35,83,83,83,47,47,47,65,65,65,65,48,48,48,48,60,60,60,71,71,71,71,69,69,69,69,53,53,53,53,69,69,69,69,63,63,63,43,43,43,64,64,64,64,45,45,45,61,61,61,61,72,72,72,69,69,69,41,41,41,56,56,56,52,52,52,60,60,60,64,64,64,79,79,55,55,55,61,61,61,43,43,43,31,31,31,38,38,78,78,78,73,73,73,81,81,142,142,88,88,169,169,59,59,62,62,61,61,66,66,77,77,83,83,120,120,120,70,70,70,44,44,59,59,59,57,57,67,67,56,56,27,27,62,62,62,76,76,48,48,48,45,45,45,72,72,72,47,47,47,47,62,62,62,50,50,79,79,61,61,52,52,52,64,64,64,50,50,50,91,91,91,71,71,71,74,74,51,51,70,60,60,66,66,66,75,75,59,59,46,46,49,49,48,48,72,72,59,60,63,63,61,61,61,61,61,48,48,65,65,65,69,69,69,52,52,56,56,57,57,60,60,60,36,36,36,58,58,58,47,47,66,66,63,63,74,74,62,62,62,38,38,51,51,45,45,46,46,46,42,42,42,69,69,69,62,62,62,94,94,94,70,70,70,52,52,88,88,88,61,61,61,64,64,56,56,56,77,77,61,61,61,56,56,56,56,74,74,74,74,65,65,65,65,66,66,66,66,66,66,60,60,60,73,73,73,66,66,66,64,64,64,60,60,60,40,40,40,44,44,44,68,68,68,52,52,42,42,58,58,64,64,52,52,52,56,56,56,42,42,56,56,55,55,59,59,59,51,51,51,46,46,35,35,43,43,49,49,53,53,61,61,61,58,58,58,67,67,67,44,44,72,72,62,62,57,57,57,38,38,38,43,43,43,68,68,68,50,50,54,54,56,56,48,48,48,54,54,54,44,44,44,65,65,49,49,53,51,51,34,34,71,71,71,71,43,43,58,58,63,63,59,59,55,70,70,66,66,51,51,51,72,72,72,85,85,85,96,96,96,62,62,68,68,59,59,59,71,71,65,65,65,65,62,62,65,65,65,65,72,72,72,55,55,55,39,39,39,49,49,64
7,-2.939999999999999947,56,89,82,82,93,93,93,128,128,135,135,104,104,83,83,105,105,75,75,75,60,60,60,60,76,76,76,76,50,50,50,50,90,90,90,81,81,81,106,106,106,106,72,72,72,72,78,78,78,78,107,107,107,59,59,59,75,75,75,75,79,79,79,79,76,76,76,76,50,50,50,62,62,67,67,67,104,104,104,104,74,74,74,88,88,88,38,38,103,103,103,117,117,117,42,42,42,89,89,89,87,87,87,108,108,108,114,114,114,111,111,111,60,60,60,71,71,71,92,92,92,62,62,62,49,49,49,101,101,101,101,69,69,69,92,92,92,66,66,66,76,76,76,76,52,52,52,52,95,95,95,86,86,86,86,70,70,70,70,62,62,62,62,105,105,105,105,88,88,88,33,33,33,57,57,57,57,83,83,83,90,90,90,90,78,78,78,81,81,81,86,86,86,68,68,68,95,95,95,103,103,103,72,72,72,70,70,97,97,97,108,108,108,43,43,43,55,55,55,78,78,105,105,105,134,134,134,127,127,158,158,183,183,168,168,113,113,95,95,71,71,111,111,104,104,123,123,136,136,136,98,98,98,98,98,75,75,75,75,75,86,86,65,65,50,50,76,76,76,90,90,75,75,75,86,86,86,95,95,95,78,78,78,78,70,70,70,91,91,67,67,80,80,75,75,75,85,85,85,82,82,82,65,65,65,117,117,117,97,97,81,81,92,89,89,108,108,108,73,73,67,67,41,41,84,84,79,79,80,80,62,77,64,64,93,93,85,85,85,50,50,68,68,68,81,81,81,68,68,81,81,47,47,75,75,75,100,100,100,73,73,73,84,84,77,77,86,86,53,53,121,121,121,79,79,74,74,102,102,60,60,60,70,70,70,67,67,67,81,81,81,104,104,104,80,80,80,92,92,108,108,108,86,86,86,94,94,65,65,65,99,99,63,63,63,95,95,95,95,84,84,84,84,78,78,78,78,80,80,80,93,93,93,79,79,79,84,84,84,109,109,109,106,106,106,102,102,102,75,75,75,62,62,62,67,67,67,58,58,74,74,65,65,86,86,52,52,52,81,81,81,103,103,103,103,91,91,75,75,75,75,75,75,56,56,45,45,66,66,51,51,82,82,70,70,70,91,91,91,91,91,91,79,79,81,81,74,74,79,79,79,58,58,58,58,58,58,65,65,65,67,67,60,60,65,65,56,56,56,76,76,76,74,74,74,83,83,67,67,75,58,58,51,51,71,71,77,77,81,81,85,85,71,71,84,84,96,84,84,98,98,78,78,78,102,102,102,105,105,105,112,112,112,114,114,94,94,98,98,98,93,93,82,82,98,98,85,85,76,76,93,93,83,83,83,77,77,77,60,60,60,71,71,75
8,-2.740000000000000213,157,121,89,89,120,120,120,187,187,164,164,122,122,113,113,112,112,73,73,73,113,113,113,113,35,35,35,35,79,79,79,79,91,91,91,110,110,110,96,96,96,96,73,73,73,73,130,130,130,130,123,123,123,71,71,71,87,87,87,87,100,100,100,100,80,80,80,80,109,109,109,105,105,98,98,98,94,94,94,94,64,64,64,78,78,78,89,89,92,92,92,70,70,70,153,153,153,95,95,95,54,54,54,131,131,131,127,127,127,94,94,94,110,110,110,82,82,82,110,110,110,96,96,96,102,102,102,114,114,114,114,95,95,95,90,90,90,90,90,90,82,82,82,82,67,67,67,67,77,77,77,115,115,115,115,83,83,83,83,85,85,85,85,94,94,94,94,97,97,97,42,42,42,106,106,106,106,95,95,95,78,78,78,78,98,98,98,87,87,87,129,129,129,75,75,75,103,103,103,115,115,115,97,97,97,112,112,96,96,96,112,112,112,82,82,82,54,54,54,86,86,125,125,125,175,175,175,202,202,179,179,232,232,234,234,182,182,107,107,109,109,125,125,115,115,161,161,144,144,144,111,111,111,116,116,114,114,114,98,98,118,118,84,84,84,84,107,107,107,110,110,84,84,84,112,112,112,84,84,84,128,128,128,128,85,85,85,98,98,99,99,76,76,82,82,82,67,67,67,99,99,99,93,93,93,152,152,152,96,96,98,98,104,96,96,115,115,115,110,110,73,73,73,73,57,57,78,78,95,95,110,83,55,55,125,125,130,130,130,106,106,104,104,104,83,83,83,97,97,100,100,57,57,106,106,106,131,131,131,75,75,75,86,86,109,109,95,95,93,93,101,101,101,85,85,105,105,99,99,88,88,88,83,83,83,108,108,108,115,115,115,114,114,114,90,90,90,114,114,140,140,140,105,105,105,127,127,91,91,91,140,140,95,95,95,109,109,109,109,116,116,116,116,80,80,80,80,140,140,140,108,108,108,94,94,94,113,113,113,136,136,136,141,141,141,106,106,106,66,66,66,85,85,85,83,83,83,48,48,50,50,94,94,107,107,73,73,73,121,121,121,129,129,103,103,114,114,113,113,113,84,84,84,68,68,46,46,92,92,84,84,80,80,76,76,76,98,98,98,131,131,131,112,112,104,104,86,86,81,81,81,60,60,60,54,54,54,71,71,71,76,76,95,95,73,73,72,72,72,88,88,88,92,92,92,103,103,107,107,68,67,67,60,60,71,71,86,86,111,111,107,107,102,102,112,112,96,94,94,102,102,89,89,89,100,100,100,132,132,132,122,122,122,126,126,119,119,93,93,93,112,112,101,101,97,97,103,103,90,90,95,95,101,101,101,88,88,88,83,83,83,42,42,88
9,-2.540000000000000036,130,122,124,124,114,114,114,169,169,156,156,119,119,113,113,143,143,75,75,75,104,104,104,104,97,97,97,97,104,104,104,104,92,92,92,98,98,98,105,105,105,105,94,94,94,94,128,128,128,128,94,94,94,97,97,97,93,93,93,93,141,141,141,141,138,138,138,138,108,108,108,85,85,95,95,95,106,106,106,106,73,73,73,98,98,98,126,126,114,114,114,132,132,132,162,162,162,136,136,136,66,66,66,131,131,131,106,106,106,102,102,102,93,93,93,91,91,91,110,110,110,114,114,114,152,152,152,124,124,124,124,97,97,97,130,130,130,78,78,78,89,89,89,89,71,71,71,71,113,113,113,111,111,111,111,118,118,118,118,117,117,117,117,138,138,138,138,94,94,94,46,46,46,138,138,138,138,103,103,103,79,79,79,79,116,116,116,127,127,127,141,141,141,68,68,68,115,115,115,116,116,116,72,72,72,129,129,107,107,107,131,131,131,70,70,70,67,67,67,116,116,180,180,180,250,250,250,236,236,227,227,242,242,274,274,168,168,105,105,153,153,140,140,146,146,175,175,136,136,136,112,112,112,120,120,113,113,113,90,90,136,136,83,83,91,91,116,116,116,144,144,135,135,135,129,129,129,126,126,126,122,122,122,122,81,81,81,105,105,131,131,120,120,118,118,118,87,87,87,121,121,121,88,88,88,178,178,178,139,139,134,134,143,142,142,117,117,117,104,104,74,74,41,41,75,75,105,105,130,130,124,97,101,101,146,146,150,150,150,130,130,150,150,150,109,109,109,114,114,100,100,77,77,132,132,132,126,126,126,110,110,110,96,96,110,110,93,93,108,108,109,109,109,80,80,101,101,103,103,76,76,76,55,55,55,120,120,120,107,107,107,113,113,113,127,127,127,149,149,156,156,156,152,152,152,136,136,92,92,92,145,145,110,110,110,144,144,144,144,149,149,149,149,85,85,85,85,122,122,122,155,155,155,113,113,113,158,158,158,161,161,161,172,172,172,133,133,133,93,93,93,84,84,84,95,95,95,61,61,94,94,106,106,129,129,81,81,81,116,116,116,128,128,147,147,111,111,120,120,120,81,81,81,45,45,51,51,95,95,103,103,124,124,68,68,68,120,120,120,148,148,148,129,129,150,150,118,118,80,80,80,69,69,69,57,57,57,84,84,84,107,107,114,114,75,75,73,73,73,105,105,105,100,100,100,125,125,97,97,79,59,59,54,54,80,80,120,120,119,119,114,114,92,92,126,126,107,100,100,93,93,108,108,108,127,127,127,147,147,147,140,140,140,145,145,142,142,139,139,139,126,126,111,111,112,112,126,126,125,125,99,99,140,140,140,112,112,112,105,105,105,102,102,96
10,-2.339999999999999858,118,98,133,133,129,129,129,115,115,167,167,143,143,83,83,124,124,48,48,48,122,122,122,122,85,85,85,85,29,29,29,29,54,54,54,55,55,55,120,120,120,120,94,94,94,94,123,123,123,123,70,70,70,60,60,60,79,79,79,79,87,87,87,87,93,93,93,93,85,85,85,85,85,88,88,88,83,83,83,83,87,87,87,83,83,83,79,79,88,88,88,111,111,111,168,168,168,100,100,100,87,87,87,108,108,108,134,134,134,101,101,101,53,53,53,78,78,78,115,115,115,143,143,143,117,117,117,101,101,101,101,84,84,84,91,91,91,89,89,89,71,71,71,71,38,38,38,38,109,109,109,147,147,147,147,92,92,92,92,84,84,84,84,118,118,118,118,99,99,99,16,16,16,106,106,106,106,84,84,84,75,75,75,75,91,91,91,108,108,108,137,137,137,48,48,48,61,61,61,139,139,139,85,85,85,83,83,159,159,159,142,142,142,89,89,89,58,58,58,123,123,171,171,171,264,264,264,234,234,192,192,262,262,271,271,179,179,150,150,139,139,133,133,148,148,155,155,144,144,144,123,123,123,104,104,128,128,128,130,130,114,114,76,76,84,84,100,100,100,134,134,107,107,107,114,114,114,103,103,103,90,90,90,90,65,65,65,113,113,106,106,97,97,83,83,83,69,69,69,91,91,91,59,59,59,136,136,136,108,108,114,114,123,123,123,104,104,104,109,109,42,42,9,9,29,29,54,54,95,95,78,77,67,67,141,141,150,150,150,119,119,102,102,102,128,128,128,104,104,102,102,26,26,135,135,135,166,166,166,91,91,91,109,109,116,116,83,83,94,94,107,107,107,75,75,113,113,113,113,75,75,75,66,66,66,78,78,78,118,118,118,118,118,118,97,97,97,107,107,187,187,187,148,148,148,117,117,87,87,87,140,140,129,129,129,130,130,130,130,114,114,114,114,101,101,101,101,138,138,138,124,124,124,94,94,94,115,115,115,194,194,194,134,134,134,127,127,127,75,75,75,73,73,73,79,79,79,37,37,56,56,104,104,135,135,44,44,44,92,92,92,136,136,155,155,111,111,105,105,105,89,89,89,65,65,26,26,96,96,129,129,113,113,77,77,77,138,138,138,138,138,138,99,99,119,119,98,98,78,78,78,49,49,49,27,27,27,75,75,75,98,98,98,98,72,72,78,78,78,92,92,92,93,93,93,121,121,98,98,72,37,37,45,45,70,70,104,104,125,125,86,86,87,87,119,119,95,105,105,88,88,89,89,89,141,141,141,152,152,152,140,140,140,122,122,121,121,115,115,115,119,119,92,92,114,114,138,138,107,107,80,80,124,124,124,96,96,96,96,96,96,122,122,94
11,-2.140000000000000124,126,73,133,133,82,82,82,110,110,189,189,148,148,98,98,111,111,97,97,97,134,134,134,134,82,82,82,82,62,62,62,62,56,56,56,52,52,52,136,136,136,136,47,47,47,47,101,101,101,101,84,84,84,76,76,76,82,82,82,82,96,96,96,96,86,86,86,86,61,61,61,92,92,73,73,73,76,76,76,76,47,47,47,111,111,111,80,80,76,76,76,149,149,149,129,129,129,98,98,98,79,79,79,127,127,127,134,134,134,84,84,84,90,90,90,67,67,67,106,106,106,99,99,99,78,78,78,126,126,126,126,72,72,72,121,121,121,64,64,64,58,58,58,58,45,45,45,45,66,66,66,105,105,105,105,57,57,57,57,56,56,56,56,116,116,116,116,57,57,57,12,12,12,136,136,136,136,99,99,99,73,73,73,73,91,91,91,117,117,117,120,120,120,36,36,36,94,94,94,104,104,104,96,96,96,84,84,139,139,139,104,104,104,56,56,56,26,26,26,106,106,178,178,178,286,286,286,236,236,196,196,272,272,269,269,230,230,131,131,103,103,155,155,159,159,177,177,186,186,186,80,80,80,74,74,95,95,95,98,98,100,100,83,83,59,59,70,70,70,99,99,126,126,126,86,86,86,101,101,101,78,78,78,78,52,52,52,106,106,88,88,91,91,84,84,84,90,90,90,50,50,50,56,56,56,189,189,189,92,92,91,91,106,109,109,112,112,112,75,75,37,37,7,7,62,62,80,80,115,115,97,52,58,58,144,144,141,141,141,103,103,113,113,113,117,117,117,91,91,104,104,33,33,96,96,96,140,140,140,79,79,79,87,87,111,111,76,76,90,90,116,116,116,44,44,105,105,71,71,51,51,51,40,40,40,87,87,87,120,120,120,114,114,114,104,104,104,121,121,167,167,167,144,144,144,78,78,95,95,95,161,161,117,117,117,133,133,133,133,140,140,140,140,90,90,90,90,130,130,130,115,115,115,64,64,64,117,117,117,167,167,167,139,139,139,124,124,124,64,64,64,72,72,72,71,71,71,31,31,34,34,68,68,106,106,28,28,28,88,88,88,137,137,145,145,87,87,82,82,82,72,72,72,52,52,25,25,93,93,103,103,62,62,57,57,57,104,104,104,118,118,118,91,91,118,118,80,80,57,57,57,38,38,38,15,15,15,79,79,79,111,111,88,88,47,47,60,60,60,80,80,80,94,94,94,114,114,76,76,42,23,23,32,32,42,42,96,96,103,103,92,92,62,62,105,105,118,106,106,123,123,82,82,82,122,122,122,117,117,117,136,136,136,118,118,126,126,85,85,85,98,98,55,55,86,86,119,119,104,104,90,90,114,114,114,104,104,104,99,99,99,113,113,73
12,-1.939999999999999947,173,260,265,265,226,226,226,384,384,415,415,382,382,336,336,396,396,283,283,283,274,274,274,274,151,151,151,151,210,210,210,210,330,330,330,376,376,376,367,367,367,367,176,176,176,176,270,270,270,270,268,268,268,272,272,272,339,339,339,339,309,309,309,309,254,254,254,254,204,204,204,280,280,312,312,312,250,250,250,250,236,236,236,246,246,246,260,260,304,304,304,262,262,262,289,289,289,238,238,238,217,217,217,299,299,299,295,295,295,284,284,284,233,233,233,282,282,282,328,328,328,316,316,316,221,221,221,240,240,240,240,228,228,228,326,326,326,236,236,236,176,176,176,176,188,188,188,188,207,207,207,224,224,224,224,216,216,216,216,212,212,212,212,313,313,313,313,286,286,286,230,230,230,283,283,283,283,222,222,222,210,210,210,210,253,253,253,285,285,285,298,298,298,249,249,249,277,277,277,208,208,208,224,224,224,241,241,277,277,277,238,238,238,228,228,228,161,161,161,240,240,290,290,290,361,361,361,377,377,475,475,643,643,550,550,446,446,284,284,244,244,298,298,328,328,320,320,368,368,368,261,261,261,255,255,285,285,285,211,211,261,261,207,207,195,195,210,210,210,287,287,247,247,247,209,209,209,240,240,240,213,213,213,213,209,209,209,263,263,279,279,306,306,263,263,263,263,263,263,294,294,294,254,254,254,345,345,345,289,289,249,249,309,267,267,248,248,248,247,247,214,214,231,231,296,296,344,344,339,339,320,301,236,236,232,232,301,301,301,258,258,254,254,254,261,261,261,209,209,264,264,232,232,297,297,297,293,293,293,219,219,219,247,247,294,294,299,299,281,281,241,241,241,183,183,249,249,290,290,254,254,254,183,183,183,252,252,252,269,269,269,246,246,246,255,255,255,297,297,344,344,344,278,278,278,226,226,261,261,261,312,312,266,266,266,266,266,266,266,264,264,264,264,195,195,195,195,326,326,326,301,301,301,217,217,217,245,245,245,356,356,356,309,309,309,273,273,273,199,199,199,231,231,231,227,227,227,185,185,192,192,235,235,284,284,226,226,226,236,236,236,269,269,284,284,239,239,220,220,220,216,216,216,173,173,157,157,188,188,187,187,170,170,198,198,198,295,295,295,267,267,267,252,252,268,268,259,259,230,230,230,193,193,193,143,143,143,191,191,191,212,212,227,227,179,179,176,176,176,199,199,199,240,240,240,300,300,238,238,258,249,249,175,175,200,200,263,263,304,304,279,279,339,339,363,363,382,434,434,372,372,282,282,282,261,261,261,306,306,306,280,280,280,245,245,303,303,269,269,269,309,309,242,242,250,250,282,282,287,287,278,278,295,295,295,272,272,272,255,255,255,262,262,236
13,-1.739999999999999991,343,498,487,487,607,607,607,670,670,765,765,698,698,715,715,641,641,589,589,589,537,537,537,537,475,475,475,475,479,479,479,479,598,598,598,590,590,590,596,596,596,596,429,429,429,429,497,497,497,497,583,583,583,469,469,469,604,604,604,604,653,653,653,653,536,536,536,536,473,473,473,564,564,649,649,649,507,507,507,507,514,514,514,593,593,593,513,513,556,556,556,522,522,522,593,593,593,501,501,501,507,507,507,643,643,643,646,646,646,489,489,489,566,566,566,557,557,557,608,608,608,596,596,596,480,480,480,568,568,568,568,548,548,548,674,674,674,596,596,596,514,514,514,514,432,432,432,432,539,539,539,514,514,514,514,484,484,484,484,485,485,485,485,643,643,643,643,582,582,582,405,405,405,612,612,612,612,480,480,480,485,485,485,485,544,544,544,588,588,588,636,636,636,571,571,571,608,608,608,562,562,562,465,465,465,530,530,618,618,618,566,566,566,482,482,482,438,438,438,568,568,536,536,536,684,684,684,669,669,1046,1046,1393,1393,1398,1398,1199,1199,709,709,639,639,775,775,760,760,700,700,793,793,793,602,602,602,662,662,655,655,655,520,520,562,562,472,472,468,468,496,496,496,624,624,544,544,544,464,464,464,535,535,535,532,532,532,532,518,518,518,524,524,550,550,590,590,522,522,522,557,557,557,606,606,606,550,550,550,603,603,603,513,513,555,555,566,556,556,615,615,615,521,521,452,452,528,528,623,623,717,717,613,613,532,444,439,439,520,520,609,609,609,583,583,564,564,564,607,607,607,585,585,639,639,550,550,697,697,697,619,619,619,582,582,582,549,549,607,607,626,626,665,665,582,582,582,472,472,545,545,570,570,597,597,597,486,486,486,517,517,517,502,502,502,546,546,546,569,569,569,660,660,770,770,770,613,613,613,546,546,538,538,538,764,764,607,607,607,532,532,532,532,571,571,571,571,553,553,553,553,686,686,686,663,663,663,499,499,499,543,543,543,740,740,740,734,734,734,598,598,598,486,486,486,582,582,582,587,587,587,498,498,433,433,544,544,631,631,438,438,438,536,536,536,608,608,632,632,521,521,437,437,437,483,483,483,481,481,420,420,488,488,459,459,483,483,364,364,364,578,578,578,636,636,636,576,576,593,593,621,621,580,580,580,507,507,507,441,441,441,478,478,478,493,493,556,556,446,446,436,436,436,529,529,529,559,559,559,548,548,506,506,482,447,447,409,409,459,459,516,516,568,568,589,589,590,590,657,657,741,824,824,747,747,557,557,557,612,612,612,705,705,705,658,658,658,700,700,767,767,735,735,735,758,758,639,639,673,673,640,640,631,631,638,638,647,647,647,620,620,620,574,574,574,573,573,597
14,-1.540000000000000036,520,351,374,374,377,377,377,622,622,707,707,651,651,600,600,514,514,438,438,438,568,568,568,568,491,491,491,491,506,506,506,506,495,495,495,190,190,190,199,199,199,199,166,166,166,166,460,460,460,460,501,501,501,-18,-18,-18,327,327,327,327,334,334,334,334,366,366,366,366,441,441,441,319,319,489,489,489,264,264,264,264,173,173,173,419,419,419,281,281,458,458,458,475,475,475,648,648,648,530,530,530,494,494,494,723,723,723,694,694,694,283,283,283,415,415,415,483,483,483,497,497,497,460,460,460,331,331,331,671,671,671,671,548,548,548,640,640,640,600,600,600,477,477,477,477,442,442,442,442,559,559,559,380,380,380,380,325,325,325,325,305,305,305,305,768,768,768,768,345,345,345,-60,-60,-60,472,472,472,472,484,484,484,351,351,351,351,572,572,572,529,529,529,573,573,573,413,413,413,631,631,631,782,782,782,430,430,430,497,497,669,669,669,615,615,615,448,448,448,373,373,373,648,648,531,531,531,699,699,699,532,532,1369,1369,1960,1960,2006,2006,2356,2356,1094,1094,935,935,1153,1153,1043,1043,789,789,950,950,950,757,757,757,733,733,851,851,851,699,699,713,713,397,397,379,379,487,487,487,545,545,453,453,453,260,260,260,407,407,407,447,447,447,447,444,444,444,395,395,248,248,274,274,408,408,408,302,302,302,487,487,487,460,460,460,440,440,440,271,271,491,491,469,381,381,769,769,769,507,507,354,354,301,301,397,397,510,510,306,306,169,-45,-24,-24,385,385,624,624,624,630,630,538,538,538,731,731,731,742,742,668,668,454,454,717,717,717,726,726,726,497,497,497,450,450,535,535,482,482,562,562,487,487,487,379,379,424,424,516,516,551,551,551,300,300,300,494,494,494,418,418,418,562,562,562,519,519,519,695,695,758,758,758,697,697,697,524,524,603,603,603,930,930,622,622,622,501,501,501,501,798,798,798,798,695,695,695,695,708,708,708,659,659,659,432,432,432,593,593,593,801,801,801,761,761,761,558,558,558,480,480,480,619,619,619,663,663,663,283,283,169,169,367,367,584,584,232,232,232,470,470,470,662,662,821,821,547,547,514,514,514,518,518,518,524,524,355,355,442,442,527,527,381,381,69,69,69,332,332,332,669,669,669,542,542,483,483,605,605,684,684,684,519,519,519,555,555,555,563,563,563,543,543,589,589,381,381,245,245,245,530,530,530,468,468,468,199,199,144,144,98,18,18,143,143,377,377,574,574,407,407,344,344,226,226,437,437,577,677,677,575,575,415,415,415,577,577,577,841,841,841,801,801,801,835,835,1008,1008,835,835,835,994,994,838,838,824,824,711,711,574,574,623,623,715,715,715,757,757,757,613,613,613,663,663,692
15,-1.339999999999999858,259,-94,-90,-90,-16,-16,-16,364,364,459,459,348,348,285,285,141,141,-24,-24,-24,174,174,174,174,180,180,180,180,99,99,99,99,111,111,111,-169,-169,-169,-305,-305,-305,-305,-195,-195,-195,-195,146,146,146,146,192,192,192,-565,-565,-565,-138,-138,-138,-138,-188,-188,-188,-188,-114,-114,-114,-114,12,12,12,-76,-76,-12,-12,-12,-144,-144,-144,-144,-299,-299,-299,-34,-34,-34,-117,-117,-16,-16,-16,-41,-41,-41,128,128,128,182,182,182,148,148,148,344,344,344,359,359,359,-236,-236,-236,-79,-79,-79,77,77,77,-41,-41,-41,-107,-107,-107,-145,-145,-145,453,453,453,453,176,176,176,195,195,195,117,117,117,-103,-103,-103,-103,53,53,53,53,112,112,112,-94,-94,-94,-94,-318,-318,-318,-318,-145,-145,-145,-145,297,297,297,297,-242,-242,-242,-544,-544,-544,-59,-59,-59,-59,166,166,166,-325,-325,-325,-325,188,188,188,55,55,55,27,27,27,-195,-195,-195,141,141,141,329,329,329,1,1,1,-138,-138,322,322,322,163,163,163,52,52,52,-138,-138,-138,128,128,160,160,160,461,461,461,125,125,1306,1306,2326,2326,1888,1888,1995,1995,792,792,607,607,1060,1060,1080,1080,691,691,960,960,960,533,533,533,346,346,566,566,566,405,405,312,312,-149,-149,-103,-103,36,36,36,26,26,73,73,73,-124,-124,-124,-60,-60,-60,-12,-12,-12,-12,-36,-36,-36,-30,-30,-255,-255,-282,-282,11,11,11,-138,-138,-138,-49,-49,-49,-88,-88,-88,-113,-113,-113,-227,-227,0,0,49,-35,-35,385,385,385,253,253,-103,-103,-261,-261,-286,-286,-210,-210,-123,-123,-236,-610,-669,-669,-202,-202,129,129,129,305,305,172,172,172,411,411,411,449,449,84,84,-159,-159,190,190,190,321,321,321,126,126,126,18,18,237,237,-125,-125,43,43,-4,-4,-4,-70,-70,121,121,31,31,55,55,55,-256,-256,-256,174,174,174,-3,-3,-3,144,144,144,-56,-56,-56,131,131,348,348,348,299,299,299,144,144,169,169,169,530,530,335,335,335,-115,-115,-115,-115,447,447,447,447,284,284,284,284,289,289,289,6,6,6,-21,-21,-21,180,180,180,542,542,542,406,406,406,80,80,80,88,88,88,167,167,167,171,171,171,-115,-115,-287,-287,-235,-235,-55,-55,-194,-194,-194,0,0,0,263,263,615,615,254,254,144,144,144,-54,-54,-54,50,50,-173,-173,-44,-44,113,113,-138,-138,-479,-479,-479,-306,-306,-306,150,150,150,164,164,-67,-67,-66,-66,129,129,129,-4,-4,-4,159,159,159,168,168,168,144,144,-92,-92,-183,-183,-289,-289,-289,-60,-60,-60,-80,-80,-80,-245,-245,-445,-445,-434,-318,-318,-275,-275,-15,-15,228,228,35,35,-262,-262,-219,-219,129,129,379,571,571,371,371,-64,-64,-64,177,177,177,539,539,539,608,608,608,615,615,868,868,499,499,499,743,743,521,521,622,622,447,447,102,102,235,235,267,267,267,375,375,375,270,270,270,240,240,297
16,-1.139999999999999902,-61,89,174,174,276,276,276,700,700,801,801,452,452,432,432,307,307,130,130,130,174,174,174,174,310,310,310,310,126,126,126,126,242,242,242,410,410,410,447,447,447,447,285,285,285,285,379,379,379,379,406,406,406,226,226,226,473,473,473,473,366,366,366,366,263,263,263,263,164,164,164,377,377,155,155,155,348,348,348,348,149,149,149,237,237,237,174,174,29,29,29,82,82,82,158,158,158,301,301,301,262,262,262,355,355,355,384,384,384,102,102,102,159,159,159,381,381,381,283,283,283,298,298,298,221,221,221,690,690,690,690,387,387,387,321,321,321,119,119,119,-15,-15,-15,-15,213,213,213,213,311,311,311,182,182,182,182,-92,-92,-92,-92,191,191,191,191,85,85,85,85,-18,-18,-18,114,114,114,-24,-24,-24,-24,204,204,204,-248,-248,-248,-248,143,143,143,285,285,285,198,198,198,84,84,84,341,341,341,83,83,83,-21,-21,-21,-316,-316,75,75,75,121,121,121,185,185,185,-24,-24,-24,257,257,241,241,241,641,641,641,218,218,854,854,2117,2117,1301,1301,59,59,158,158,321,321,837,837,1367,1367,1004,1004,1163,1163,1163,552,552,552,343,343,383,383,383,349,349,191,191,-222,-222,-96,-96,111,111,111,138,138,210,210,210,182,182,182,-11,-11,-11,-9,-9,-9,-9,-104,-104,-104,238,238,157,157,106,106,165,165,165,223,223,223,126,126,126,101,101,101,86,86,86,156,156,-161,-161,-11,87,87,176,176,176,316,316,-104,-104,-137,-137,-359,-359,-237,-237,119,119,250,146,-47,-47,-131,-131,-126,-126,-126,185,185,172,172,172,31,31,31,252,252,34,34,-133,-133,152,152,152,274,274,274,218,218,218,218,218,330,330,51,51,267,267,-106,-106,-106,80,80,293,293,124,124,-1,-1,-1,-40,-40,-40,253,253,253,265,265,265,314,314,314,-149,-149,-149,118,118,307,307,307,162,162,162,319,319,91,91,91,519,519,451,451,451,-27,-27,-27,-27,133,133,133,133,139,139,139,139,341,341,341,89,89,89,67,67,67,236,236,236,630,630,630,566,566,566,164,164,164,25,25,25,66,66,66,136,136,136,330,330,422,422,258,258,89,89,253,253,253,302,302,302,374,374,475,475,309,309,114,114,114,-104,-104,-104,-193,-193,15,15,131,131,219,219,44,44,57,57,57,-49,-49,-49,245,245,245,311,311,128,128,-256,-256,-252,-252,-252,-218,-218,-218,-137,-137,-137,185,185,185,88,88,-336,-336,-74,-74,92,92,92,-72,-72,-72,132,132,132,416,416,89,89,229,394,394,350,350,296,296,489,489,585,585,449,449,643,643,731,731,1254,1575,1575,1355,1355,273,273,273,522,522,522,702,702,702,924,924,924,970,970,1239,1239,786,786,786,928,928,780,780,830,830,580,580,333,333,235,235,407,407,407,432,432,432,500,500,500,393,393,404
17,-0.9399999999999999467,306,861,845,845,740,740,740,945,945,862,862,594,594,635,635,524,524,671,671,671,723,723,723,723,529,529,529,529,355,355,355,355,474,474,474,1062,1062,1062,1169,1169,1169,1169,785,785,785,785,887,887,887,887,936,936,936,1374,1374,1374,1329,1329,1329,1329,1159,1159,1159,1159,807,807,807,807,688,688,688,922,922,664,664,664,875,875,875,875,565,565,565,568,568,568,603,603,385,385,385,316,316,316,385,385,385,569,569,569,676,676,676,779,779,779,706,706,706,714,714,714,780,780,780,992,992,992,1133,1133,1133,1080,1080,1080,952,952,952,1211,1211,1211,1211,1088,1088,1088,1113,1113,1113,777,777,777,703,703,703,703,819,819,819,819,1033,1033,1033,872,872,872,872,708,708,708,708,654,654,654,654,735,735,735,735,902,902,902,1255,1255,1255,279,279,279,279,506,506,506,502,502,502,502,531,531,531,814,814,814,862,862,862,767,767,767,886,886,886,864,864,864,439,439,439,369,369,473,473,473,576,576,576,708,708,708,650,650,650,937,937,762,762,762,999,999,999,413,413,444,444,999,999,953,953,-375,-375,-139,-139,620,620,1019,1019,1533,1533,1263,1263,1299,1299,1299,687,687,687,405,405,503,503,503,638,638,625,625,498,498,323,323,546,546,546,448,448,533,533,533,404,404,404,424,424,424,323,323,323,323,258,258,258,617,617,869,869,726,726,555,555,555,803,803,803,748,748,748,727,727,727,414,414,414,685,685,494,494,311,359,359,423,423,423,306,306,183,183,177,177,367,367,435,435,638,638,708,1094,1187,1187,217,217,169,169,169,293,293,430,430,430,419,419,419,467,467,594,594,489,489,637,637,637,562,562,562,737,737,737,669,669,561,561,583,583,734,734,255,255,255,391,391,624,624,522,522,571,571,571,548,548,548,495,495,495,691,691,691,830,830,830,543,543,543,638,638,690,690,690,522,522,522,666,666,472,472,472,840,840,804,804,804,663,663,663,663,363,363,363,363,544,544,544,544,737,737,737,748,748,748,514,514,514,603,603,603,905,905,905,830,830,830,498,498,498,444,444,444,589,589,589,831,831,831,964,964,1187,1187,1164,1164,1039,1039,747,747,747,822,822,822,743,743,771,771,702,702,542,542,542,516,516,516,376,376,606,606,828,828,819,819,952,952,915,915,915,689,689,689,1032,1032,1032,873,873,750,750,515,515,239,239,239,505,505,505,280,280,280,850,850,850,848,848,775,775,889,889,933,933,933,623,623,623,1082,1082,1082,1216,1216,1195,1195,1355,1046,1046,972,972,856,856,1156,1156,1339,1339,1410,1410,1405,1405,1517,1517,2232,2638,2638,2170,2170,1133,1133,1133,1013,1013,1013,1319,1319,1319,1580,1580,1580,1775,1775,2036,2036,1907,1907,1907,1824,1824,2104,2104,1694,1694,1125,1125,936,936,782,782,1080,1080,1080,1140,1140,1140,1346,1346,1346,1205,1205,1178
18,-0.7399999999999998801,725,1321,1107,1107,795,795,795,708,708,529,529,255,255,530,530,542,542,1043,1043,1043,1120,1120,1120,1120,605,605,605,605,404,404,404,404,698,698,698,1219,1219,1219,1051,1051,1051,1051,678,678,678,678,976,976,976,976,1270,1270,1270,1594,1594,1594,1469,1469,1469,1469,744,744,744,744,543,543,543,543,720,720,720,816,816,689,689,689,816,816,816,816,579,579,579,584,584,584,630,630,535,535,535,332,332,332,345,345,345,673,673,673,914,914,914,1009,1009,1009,1048,1048,1048,909,909,909,1055,1055,1055,1202,1202,1202,1367,1367,1367,1184,1184,1184,1002,1002,1002,1542,1542,1542,1542,1371,1371,1371,1488,1488,1488,1332,1332,1332,1160,1160,1160,1160,1228,1228,1228,1228,1132,1132,1132,1026,1026,1026,1026,811,811,811,811,794,794,794,794,1159,1159,1159,1159,1282,1282,1282,1679,1679,1679,473,473,473,473,573,573,573,539,539,539,539,702,702,702,720,720,720,861,861,861,914,914,914,937,937,937,1612,1612,1612,958,958,958,923,923,859,859,859,676,676,676,936,936,936,941,941,941,1097,1097,1209,1209,1209,1092,1092,1092,390,390,295,295,262,262,38,38,-48,-48,-194,-194,471,471,1115,1115,1296,1296,1063,1063,947,947,947,434,434,434,96,96,412,412,412,649,649,935,935,1063,1063,617,617,592,592,592,323,323,615,615,615,279,279,279,537,537,537,386,386,386,386,514,514,514,670,670,921,921,840,840,690,690,690,730,730,730,1034,1034,1034,995,995,995,470,470,470,595,595,1019,1019,767,548,548,522,522,522,266,266,352,352,306,306,902,902,1126,1126,1000,1000,796,1331,1776,1776,487,487,353,353,353,398,398,585,585,585,828,828,828,770,770,916,916,760,760,723,723,723,570,570,570,976,976,976,951,951,796,796,837,837,815,815,430,430,430,281,281,603,603,520,520,662,662,662,700,700,700,520,520,520,788,788,788,971,971,971,875,875,875,956,956,969,969,969,737,737,737,718,718,631,631,631,673,673,810,810,810,693,693,693,693,533,533,533,533,648,648,648,648,792,792,792,961,961,961,647,647,647,532,532,532,845,845,845,606,606,606,368,368,368,793,793,793,973,973,973,1221,1221,1221,965,965,739,739,1041,1041,1117,1117,810,810,810,539,539,539,862,862,1080,1080,956,956,955,955,955,766,766,766,750,750,873,873,948,948,965,965,1125,1125,1061,1061,1061,877,877,877,1244,1244,1244,974,974,710,710,847,847,1040,1040,1040,1087,1087,1087,936,936,936,1267,1267,1267,1354,1354,1505,1505,1439,1439,1064,1064,1064,865,865,865,1185,1185,1185,1123,1123,1357,1357,1533,1096,1096,532,532,628,628,1049,1049,1230,1230,1304,1304,1063,1063,1268,1268,1791,1644,1644,1360,1360,1253,1253,1253,899,899,899,1299,1299,1299,1940,1940,1940,2419,2419,2954,2954,2910,2910,2910,2960,2960,3440,3440,2558,2558,1605,1605,971,971,1041,1041,1190,1190,1190,1449,1449,1449,1704,1704,1704,1587,1587,1568
19,-0.5399999999999999245,1133,1437,928,928,830,830,830,716,716,876,876,463,463,438,438,744,744,1490,1490,1490,1246,1246,1246,1246,795,795,795,795,636,636,636,636,1152,1152,1152,905,905,905,523,523,523,523,966,966,966,966,1199,1199,1199,1199,1403,1403,1403,1309,1309,1309,870,870,870,870,713,713,713,713,577,577,577,577,690,690,690,862,862,757,757,757,893,893,893,893,573,573,573,767,767,767,926,926,1110,1110,1110,921,921,921,769,769,769,893,893,893,1220,1220,1220,1464,1464,1464,1678,1678,1678,1318,1318,1318,1398,1398,1398,1568,1568,1568,1802,1802,1802,1756,1756,1756,1623,1623,1623,2217,2217,2217,2217,1754,1754,1754,1780,1780,1780,1403,1403,1403,1574,1574,1574,1574,1699,1699,1699,1699,1501,1501,1501,1336,1336,1336,1336,954,954,954,954,1298,1298,1298,1298,1246,1246,1246,1246,992,992,992,916,916,916,673,673,673,673,669,669,669,512,512,512,512,1112,1112,1112,900,900,900,1036,1036,1036,1002,1002,1002,1314,1314,1314,1836,1836,1836,1423,1423,1423,1332,1332,1343,1343,1343,1019,1019,1019,1297,1297,1297,1062,1062,1062,1586,1586,1464,1464,1464,1196,1196,1196,288,288,-836,-836,-629,-629,-1346,-1346,-1367,-1367,-326,-326,-191,-191,455,455,825,825,756,756,511,511,511,72,72,72,-16,-16,215,215,215,712,712,1014,1014,1172,1172,943,943,784,784,784,592,592,855,855,855,497,497,497,549,549,549,590,590,590,590,565,565,565,943,943,671,671,845,845,859,859,859,765,765,765,1184,1184,1184,898,898,898,599,599,599,370,370,873,873,718,571,571,323,323,323,277,277,261,261,440,440,956,956,1180,1180,1057,1057,1044,1005,1082,1082,876,876,451,451,451,819,819,934,934,934,917,917,917,1023,1023,1033,1033,1013,1013,1027,1027,1027,916,916,916,940,940,940,1005,1005,982,982,912,912,904,904,430,430,430,490,490,761,761,737,737,732,732,732,795,795,795,764,764,764,1118,1118,1118,1365,1365,1365,1088,1088,1088,1218,1218,1312,1312,1312,985,985,985,935,935,960,960,960,925,925,858,858,858,672,672,672,672,662,662,662,662,643,643,643,643,1103,1103,1103,861,861,861,843,843,843,584,584,584,915,915,915,929,929,929,471,471,471,990,990,990,1132,1132,1132,1112,1112,1112,603,603,169,169,436,436,849,849,908,908,908,979,979,979,1270,1270,1439,1439,1399,1399,1235,1235,1235,1034,1034,1034,1049,1049,1095,1095,1217,1217,1150,1150,1229,1229,1165,1165,1165,1080,1080,1080,1174,1174,1174,973,973,677,677,874,874,1429,1429,1429,1433,1433,1433,1282,1282,1282,1369,1369,1369,1438,1438,1625,1625,1587,1587,1230,1230,1230,1049,1049,1049,1109,1109,1109,1070,1070,1256,1256,1243,1012,1012,676,676,783,783,1291,1291,1728,1728,1709,1709,1391,1391,986,986,27,-1611,-1611,-585,-585,1368,1368,1368,1248,1248,1248,1295,1295,1295,2487,2487,2487,3274,3274,3785,3785,3943,3943,3943,4592,4592,5698,5698,3539,3539,2073,2073,1395,1395,1420,1420,1475,1475,1475,1636,1636,1636,2147,2147,2147,1803,1803,1874
20,-0.3399999999999998579,1409,168,-177,-177,266,266,266,330,330,892,892,765,765,141,141,455,455,1090,1090,1090,693,693,693,693,417,417,417,417,667,667,667,667,777,777,777,-801,-801,-801,-869,-869,-869,-869,1171,1171,1171,1171,1344,1344,1344,1344,1457,1457,1457,223,223,223,-921,-921,-921,-921,695,695,695,695,687,687,687,687,572,572,572,239,239,449,449,449,568,568,568,568,199,199,199,527,527,527,802,802,1041,1041,1041,1033,1033,1033,832,832,832,833,833,833,1196,1196,1196,1660,1660,1660,1713,1713,1713,1095,1095,1095,1403,1403,1403,1553,1553,1553,2028,2028,2028,2615,2615,2615,2526,2526,2526,2500,2500,2500,2500,2236,2236,2236,1706,1706,1706,1307,1307,1307,1790,1790,1790,1790,1923,1923,1923,1923,2267,2267,2267,1648,1648,1648,1648,1123,1123,1123,1123,1323,1323,1323,1323,890,890,890,890,-88,-88,-88,-1303,-1303,-1303,205,205,205,205,347,347,347,225,225,225,225,1083,1083,1083,885,885,885,820,820,820,922,922,922,1602,1602,1602,2153,2153,2153,1442,1442,1442,1322,1322,1360,1360,1360,1160,1160,1160,1461,1461,1461,1087,1087,1087,1972,1972,1041,1041,1041,745,745,745,-191,-191,-2059,-2059,-2280,-2280,-2678,-2678,-2159,-2159,-828,-828,-1516,-1516,-1493,-1493,-934,-934,-660,-660,-321,-321,-321,-338,-338,-338,-217,-217,22,22,22,609,609,776,776,491,491,423,423,655,655,655,207,207,439,439,439,200,200,200,-135,-135,-135,354,354,354,354,176,176,176,541,541,-247,-247,375,375,400,400,400,766,766,766,872,872,872,414,414,414,55,55,55,-329,-329,31,31,-48,-207,-207,-384,-384,-384,-248,-248,-455,-455,-111,-111,49,49,-131,-131,318,318,582,-250,-1115,-1115,616,616,453,453,453,750,750,783,783,783,801,801,801,915,915,824,824,688,688,860,860,860,1085,1085,1085,343,343,343,535,535,585,585,308,308,425,425,122,122,122,498,498,566,566,721,721,1006,1006,1006,556,556,556,575,575,575,1023,1023,1023,1665,1665,1665,1339,1339,1339,1345,1345,1468,1468,1468,1118,1118,1118,1208,1208,1039,1039,1039,1013,1013,604,604,604,630,630,630,630,660,660,660,660,641,641,641,641,1047,1047,1047,663,663,663,727,727,727,479,479,479,761,761,761,901,901,901,561,561,561,713,713,713,1091,1091,1091,604,604,604,-35,-35,-145,-145,-152,-152,205,205,715,715,715,1948,1948,1948,1815,1815,1637,1637,1547,1547,1395,1395,1395,1505,1505,1505,1185,1185,1125,1125,1134,1134,1165,1165,1256,1256,1067,1067,1067,1198,1198,1198,1036,1036,1036,959,959,750,750,913,913,1407,1407,1407,1579,1579,1579,1419,1419,1419,1243,1243,1243,1309,1309,1303,1303,946,946,1308,1308,1308,1072,1072,1072,951,951,951,739,739,609,609,192,438,438,1010,1010,1280,1280,1663,1663,2164,2164,2095,2095,2408,2408,1104,1104,-2890,-4693,-4693,-2805,-2805,1835,1835,1835,1905,1905,1905,1898,1898,1898,3723,3723,3723,4718,4718,4952,4952,5714,5714,5714,6565,6565,7602,7602,4528,4528,2632,2632,2223,2223,2039,2039,2059,2059,2059,1987,1987,1987,2926,2926,2926,2615,2615,2429
21,-0.1399999999999998745,625,-1335,-1179,-1179,-55,-55,-55,131,131,1073,1073,1126,1126,183,183,290,290,538,538,538,484,484,484,484,327,327,327,327,825,825,825,825,228,228,228,-1854,-1854,-1854,-1437,-1437,-1437,-1437,1558,1558,1558,1558,1554,1554,1554,1554,1738,1738,1738,-501,-501,-501,-1925,-1925,-1925,-1925,346,346,346,346,1080,1080,1080,1080,814,814,814,-270,-270,15,15,15,535,535,535,535,99,99,99,584,584,584,775,775,1127,1127,1127,1232,1232,1232,818,818,818,778,778,778,1305,1305,1305,1850,1850,1850,1721,1721,1721,1057,1057,1057,1130,1130,1130,1534,1534,1534,2194,2194,2194,2921,2921,2921,2597,2597,2597,2499,2499,2499,2499,2709,2709,2709,1621,1621,1621,1488,1488,1488,1928,1928,1928,1928,2033,2033,2033,2033,2449,2449,2449,1651,1651,1651,1651,1265,1265,1265,1265,1224,1224,1224,1224,732,732,732,732,-579,-579,-579,-2704,-2704,-2704,-189,-189,-189,-189,194,194,194,-115,-115,-115,-115,965,965,965,827,827,827,614,614,614,1083,1083,1083,1987,1987,1987,2958,2958,2958,1913,1913,1913,1204,1204,1457,1457,1457,1210,1210,1210,1966,1966,1966,1756,1756,1756,2066,2066,618,618,618,235,235,235,-212,-212,-1416,-1416,-1889,-1889,-2431,-2431,-847,-847,-664,-664,-2197,-2197,-2937,-2937,-2127,-2127,-1858,-1858,-681,-681,-681,69,69,69,93,93,536,536,536,733,733,886,886,19,19,-141,-141,698,698,698,4,4,124,124,124,179,179,179,-564,-564,-564,439,439,439,439,234,234,234,141,141,-893,-893,-159,-159,229,229,229,631,631,631,794,794,794,499,499,499,-37,-37,-37,-674,-674,-157,-157,-4,-357,-357,-336,-336,-336,-106,-106,-527,-527,-375,-375,-486,-486,-765,-765,278,278,681,-749,-1947,-1947,597,597,851,851,851,758,758,720,720,720,1083,1083,1083,1041,1041,762,762,568,568,523,523,523,1304,1304,1304,235,235,235,351,351,638,638,-297,-297,-6,-6,100,100,100,695,695,637,637,749,749,1426,1426,1426,719,719,719,626,626,626,968,968,968,1875,1875,1875,2078,2078,2078,1644,1644,1806,1806,1806,1363,1363,1363,1568,1568,1173,1173,1173,943,943,516,516,516,770,770,770,770,899,899,899,899,1171,1171,1171,1171,1052,1052,1052,774,774,774,787,787,787,400,400,400,820,820,820,736,736,736,685,685,685,614,614,614,1440,1440,1440,391,391,391,-91,-91,10,10,-105,-105,-192,-192,949,949,949,2686,2686,2686,2154,2154,1750,1750,1778,1778,1883,1883,1883,2243,2243,2243,1516,1516,1293,1293,953,953,890,890,1114,1114,896,896,896,1074,1074,1074,940,940,940,1074,1074,1061,1061,1306,1306,1453,1453,1453,1881,1881,1881,1792,1792,1792,1229,1229,1229,1152,1152,880,880,284,284,1011,1011,1011,961,961,961,463,463,463,440,440,200,200,-241,589,589,1325,1325,1630,1630,1711,1711,2009,2009,1885,1885,2551,2551,1022,1022,-3150,-4796,-4796,-3094,-3094,2176,2176,2176,2399,2399,2399,3140,3140,3140,4960,4960,4960,5479,5479,5314,5314,6381,6381,6381,7539,7539,8489,8489,4819,4819,2996,2996,2519,2519,2758,2758,2421,2421,2421,2412,2412,2412,3886,3886,3886,3282,3282,2779
22,0.0600000000000001435,1015,456,279,279,1627,1627,1627,1528,1528,2641,2641,2951,2951,2049,2049,1669,1669,1510,1510,1510,1976,1976,1976,1976,1900,1900,1900,1900,2084,2084,2084,2084,1235,1235,1235,193,193,193,489,489,489,489,3717,3717,3717,3717,3126,3126,3126,3126,3598,3598,3598,1499,1499,1499,402,402,402,402,2329,2329,2329,2329,3066,3066,3066,3066,2560,2560,2560,1464,1464,1570,1570,1570,2179,2179,2179,2179,2135,2135,2135,2503,2503,2503,2228,2228,2515,2515,2515,2740,2740,2740,2566,2566,2566,2375,2375,2375,2909,2909,2909,3156,3156,3156,2820,2820,2820,2969,2969,2969,2524,2524,2524,3164,3164,3164,3655,3655,3655,4497,4497,4497,3953,3953,3953,3491,3491,3491,3491,3937,3937,3937,2892,2892,2892,2761,2761,2761,3167,3167,3167,3167,3622,3622,3622,3622,3861,3861,3861,3058,3058,3058,3058,2523,2523,2523,2523,2851,2851,2851,2851,1866,1866,1866,1866,1364,1364,1364,-681,-681,-681,1095,1095,1095,1095,1877,1877,1877,1309,1309,1309,1309,2191,2191,2191,2868,2868,2868,2386,2386,2386,3012,3012,3012,4072,4072,4072,4312,4312,4312,3722,3722,3722,2533,2533,2964,2964,2964,3080,3080,3080,3620,3620,3620,3736,3736,3736,3092,3092,1914,1914,1914,1879,1879,1879,1303,1303,844,844,437,437,-14,-14,1072,1072,1401,1401,-464,-464,-1769,-1769,-788,-788,-465,-465,1143,1143,1143,2582,2582,2582,2327,2327,2556,2556,2556,2531,2531,2534,2534,1537,1537,1137,1137,2110,2110,2110,1167,1167,1579,1579,1579,1626,1626,1626,600,600,600,1903,1903,1903,1903,1714,1714,1714,1424,1424,648,648,1069,1069,1951,1951,1951,1762,1762,1762,2605,2605,2605,2664,2664,2664,1880,1880,1880,1069,1069,1543,1543,1777,1263,1263,1429,1429,1429,1917,1917,1286,1286,1165,1165,798,798,695,695,1936,1936,2457,1375,386,386,1860,1860,2345,2345,2345,1983,1983,2062,2062,2062,2479,2479,2479,2449,2449,2112,2112,2414,2414,1754,1754,1754,2753,2753,2753,2101,2101,2101,1976,1976,2148,2148,1092,1092,1446,1446,1963,1963,1963,2181,2181,2207,2207,2114,2114,2833,2833,2833,2284,2284,2284,2260,2260,2260,2362,2362,2362,3238,3238,3238,3923,3923,3923,3140,3140,3638,3638,3638,3296,3296,3296,2959,2959,2965,2965,2965,2218,2218,2159,2159,2159,2454,2454,2454,2454,2724,2724,2724,2724,2707,2707,2707,2707,2493,2493,2493,2362,2362,2362,2335,2335,2335,1847,1847,1847,2349,2349,2349,2487,2487,2487,2158,2158,2158,1823,1823,1823,3635,3635,3635,2689,2689,2689,2447,2447,2601,2601,2587,2587,1990,1990,3219,3219,3219,4639,4639,4639,3463,3463,2943,2943,3427,3427,4034,4034,4034,4048,4048,4048,2969,2969,3193,3193,2607,2607,2370,2370,2397,2397,2376,2376,2376,2216,2216,2216,2205,2205,2205,2686,2686,2692,2692,3014,3014,2741,2741,2741,2937,2937,2937,3565,3565,3565,2710,2710,2710,2340,2340,1989,1989,1558,1558,2402,2402,2402,2661,2661,2661,1835,1835,1835,2144,2144,2337,2337,2845,3726,3726,3756,3756,3426,3426,3166,3166,3402,3402,3073,3073,3923,3923,2502,2502,549,-301,-301,416,416,3966,3966,3966,4302,4302,4302,5393,5393,5393,6876,6876,6876,6017,6017,5300,5300,6694,6694,6694,7976,7976,7861,7861,5054,5054,4350,4350,3904,3904,3967,3967,3296,3296,3296,3353,3353,3353,5196,5196,5196,4296,4296,3487
23,0.2600000000000001754,3433,3305,3458,3458,4358,4358,4358,4509,4509,4940,4940,4935,4935,4884,4884,4558,4558,3848,3848,3848,4387,4387,4387,4387,4292,4292,4292,4292,4187,4187,4187,4187,3832,3832,3832,3744,3744,3744,3306,3306,3306,3306,5539,5539,5539,5539,5450,5450,5450,5450,6047,6047,6047,5242,5242,5242,4382,4382,4382,4382,5502,5502,5502,5502,5907,5907,5907,5907,5148,5148,5148,4617,4617,4783,4783,4783,4786,4786,4786,4786,4830,4830,4830,4851,4851,4851,4839,4839,4708,4708,4708,5046,5046,5046,5082,5082,5082,4761,4761,4761,5476,5476,5476,5462,5462,5462,4950,4950,4950,5765,5765,5765,5202,5202,5202,5350,5350,5350,6033,6033,6033,6589,6589,6589,5999,5999,5999,5311,5311,5311,5311,5772,5772,5772,5129,5129,5129,4890,4890,4890,5253,5253,5253,5253,5425,5425,5425,5425,6327,6327,6327,5376,5376,5376,5376,5424,5424,5424,5424,5468,5468,5468,5468,4355,4355,4355,4355,4759,4759,4759,3528,3528,3528,3983,3983,3983,3983,4171,4171,4171,3730,3730,3730,3730,5013,5013,5013,6080,6080,6080,5367,5367,5367,5840,5840,5840,7177,7177,7177,6515,6515,6515,6600,6600,6600,5423,5423,5948,5948,5948,6151,6151,6151,6335,6335,6335,6200,6200,6200,5386,5386,4518,4518,4518,4358,4358,4358,3507,3507,3269,3269,3238,3238,2754,2754,3382,3382,4818,4818,3737,3737,1876,1876,2439,2439,3236,3236,4328,4328,4328,5483,5483,5483,5365,5365,5180,5180,5180,5503,5503,4624,4624,4367,4367,4024,4024,4207,4207,4207,3882,3882,3877,3877,3877,3839,3839,3839,3175,3175,3175,4238,4238,4238,4238,3836,3836,3836,3725,3725,3896,3896,4169,4169,4422,4422,4422,4191,4191,4191,5133,5133,5133,5231,5231,5231,4715,4715,4715,4321,4321,4236,4236,4361,3982,3982,3969,3969,3969,4459,4459,4358,4358,4231,4231,3863,3863,3753,3753,4748,4748,5373,5170,4300,4300,4010,4010,4708,4708,4708,4698,4698,4839,4839,4839,4662,4662,4662,4420,4420,4905,4905,5604,5604,4590,4590,4590,5114,5114,5114,5239,5239,5239,4603,4603,4298,4298,4316,4316,4754,4754,4706,4706,4706,4909,4909,4874,4874,4950,4950,5118,5118,5118,5070,5070,5070,5069,5069,5069,5036,5036,5036,5715,5715,5715,6638,6638,6638,6090,6090,5877,5877,5877,5864,5864,5864,5367,5367,5420,5420,5420,4538,4538,4835,4835,4835,5436,5436,5436,5436,5440,5440,5440,5440,5667,5667,5667,5667,5243,5243,5243,5100,5100,5100,5169,5169,5169,4273,4273,4273,4966,4966,4966,5804,5804,5804,5195,5195,5195,4885,4885,4885,6618,6618,6618,6132,6132,6132,6006,6006,6888,6888,7334,7334,5920,5920,6132,6132,6132,7150,7150,7150,5603,5603,4960,4960,6236,6236,6450,6450,6450,6927,6927,6927,5546,5546,5693,5693,5487,5487,5264,5264,5507,5507,5332,5332,5332,4602,4602,4602,5322,5322,5322,5489,5489,5864,5864,5678,5678,4634,4634,4634,4992,4992,4992,5981,5981,5981,5469,5469,5469,5121,5121,4964,4964,4680,4680,5556,5556,5556,5462,5462,5462,5029,5029,5029,5157,5157,5996,5996,6616,7019,7019,6942,6942,6853,6853,5751,5751,5749,5749,6117,6117,6640,6640,5973,5973,4979,5252,5252,5664,5664,6326,6326,6326,7141,7141,7141,8290,8290,8290,8268,8268,8268,6322,6322,5001,5001,6542,6542,6542,7334,7334,5727,5727,4983,4983,5841,5841,6330,6330,6065,6065,5188,5188,5188,5004,5004,5004,6283,6283,6283,5395,5395,4721
24,0.4600000000000001865,6379,6409,6185,6185,6494,6494,6494,6398,6398,6072,6072,6510,6510,6926,6926,6686,6686,6358,6358,6358,6426,6426,6426,6426,6698,6698,6698,6698,6559,6559,6559,6559,6281,6281,6281,6572,6572,6572,5079,5079,5079,5079,5381,5381,5381,5381,6709,6709,6709,6709,7885,7885,7885,7791,7791,7791,7576,7576,7576,7576,7805,7805,7805,7805,7433,7433,7433,7433,6879,6879,6879,7174,7174,7984,7984,7984,6990,6990,6990,6990,7404,7404,7404,7339,7339,7339,7147,7147,6883,6883,6883,7410,7410,7410,7902,7902,7902,7288,7288,7288,7763,7763,7763,7419,7419,7419,7020,7020,7020,8205,8205,8205,7937,7937,7937,6833,6833,6833,7256,7256,7256,7275,7275,7275,6410,6410,6410,5715,5715,5715,5715,6227,6227,6227,6200,6200,6200,6615,6615,6615,6497,6497,6497,6497,6703,6703,6703,6703,8290,8290,8290,7533,7533,7533,7533,8110,8110,8110,8110,7904,7904,7904,7904,7170,7170,7170,7170,7832,7832,7832,7339,7339,7339,6933,6933,6933,6933,6860,6860,6860,6902,6902,6902,6902,7757,7757,7757,9101,9101,9101,8216,8216,8216,8465,8465,8465,8716,8716,8716,8431,8431,8431,8464,8464,8464,8537,8537,9075,9075,9075,9473,9473,9473,8721,8721,8721,8140,8140,8140,7170,7170,7585,7585,7585,6030,6030,6030,4862,4862,5550,5550,5307,5307,5892,5892,6217,6217,7756,7756,8164,8164,6807,6807,6365,6365,7027,7027,7680,7680,7680,8609,8609,8609,8629,8629,7731,7731,7731,7852,7852,7516,7516,7367,7367,7225,7225,7038,7038,7038,6780,6780,6807,6807,6807,6881,6881,6881,6528,6528,6528,7034,7034,7034,7034,6863,6863,6863,6467,6467,6945,6945,7659,7659,6819,6819,6819,6483,6483,6483,7939,7939,7939,8064,8064,8064,7320,7320,7320,7741,7741,7560,7560,7873,7577,7577,7260,7260,7260,7313,7313,7560,7560,7740,7740,7740,7740,7713,7713,7929,7929,8225,8444,8006,8006,6838,6838,7680,7680,7680,7882,7882,7611,7611,7611,7507,7507,7507,7023,7023,8043,8043,8908,8908,7501,7501,7501,7399,7399,7399,8068,8068,8068,7581,7581,6997,6997,7796,7796,8087,8087,7964,7964,7964,7746,7746,7471,7471,7383,7383,7902,7902,7902,8194,8194,8194,8053,8053,8053,7993,7993,7993,8217,8217,8217,8701,8701,8701,8430,8430,7907,7907,7907,8276,8276,8276,7919,7919,8106,8106,8106,7292,7292,7983,7983,7983,8331,8331,8331,8331,8643,8643,8643,8643,8431,8431,8431,8431,7889,7889,7889,8174,8174,8174,7988,7988,7988,7119,7119,7119,8109,8109,8109,9041,9041,9041,8323,8323,8323,8126,8126,8126,9495,9495,9495,9550,9550,9550,9419,9419,9753,9753,10240,10240,9179,9179,8425,8425,8425,9059,9059,9059,7655,7655,7071,7071,8457,8457,9127,9127,9127,9034,9034,9034,8226,8226,8159,8159,7920,7920,8397,8397,8233,8233,7748,7748,7748,7280,7280,7280,7378,7378,7378,7762,7762,8302,8302,8210,8210,6633,6633,6633,7268,7268,7268,8874,8874,8874,8248,8248,8248,7721,7721,7760,7760,7727,7727,7996,7996,7996,8607,8607,8607,8168,8168,8168,7300,7300,8028,8028,8961,9133,9133,8993,8993,8371,8371,6748,6748,6145,6145,6951,6951,7753,7753,7312,7312,7195,7909,7909,7766,7766,7125,7125,7125,8689,8689,8689,9242,9242,9242,7462,7462,7462,4672,4672,2979,2979,4602,4602,4602,4053,4053,1677,1677,3266,3266,5943,5943,7874,7874,7363,7363,5985,5985,5985,5700,5700,5700,5179,5179,5179,5193,5193,4840
25,0.6600000000000001421,7773,7447,6866,6866,6809,6809,6809,6460,6460,5423,5423,5997,5997,6694,6694,6755,6755,6186,6186,6186,5655,5655,5655,5655,6664,6664,6664,6664,7460,7460,7460,7460,6915,6915,6915,5839,5839,5839,4370,4370,4370,4370,2263,2263,2263,2263,4949,4949,4949,4949,5790,5790,5790,6509,6509,6509,6788,6788,6788,6788,6579,6579,6579,6579,6603,6603,6603,6603,6158,6158,6158,7209,7209,8909,8909,8909,7723,7723,7723,7723,7620,7620,7620,8210,8210,8210,7821,7821,7562,7562,7562,8612,8612,8612,9227,9227,9227,8451,8451,8451,8172,8172,8172,6872,6872,6872,7322,7322,7322,7424,7424,7424,7720,7720,7720,5355,5355,5355,4754,4754,4754,4368,4368,4368,3840,3840,3840,3461,3461,3461,3461,3501,3501,3501,4285,4285,4285,4593,4593,4593,4927,4927,4927,4927,5206,5206,5206,5206,6796,6796,6796,7187,7187,7187,7187,8600,8600,8600,8600,8737,8737,8737,8737,7821,7821,7821,7821,8684,8684,8684,9055,9055,9055,9123,9123,9123,9123,8414,8414,8414,8444,8444,8444,8444,9071,9071,9071,9851,9851,9851,8046,8046,8046,7465,7465,7465,7098,7098,7098,7429,7429,7429,8465,8465,8465,9432,9432,10440,10440,10440,10191,10191,10191,8987,8987,8987,7774,7774,7774,6896,6896,8592,8592,8592,5405,5405,5405,4310,4310,5825,5825,5333,5333,6113,6113,6059,6059,7392,7392,9342,9342,9337,9337,8442,8442,8707,8707,9242,9242,9242,9520,9520,9520,9073,9073,8509,8509,8509,8813,8813,8754,8754,9127,9127,9438,9438,9126,9126,9126,9095,9095,9027,9027,9027,9010,9010,9010,8749,8749,8749,9123,9123,9123,9123,9191,9191,9191,8564,8564,8868,8868,9153,9153,7872,7872,7872,7359,7359,7359,8994,8994,8994,9371,9371,9371,9002,9002,9002,9624,9624,10013,10013,10033,9893,9893,9350,9350,9350,9264,9264,9870,9870,9992,9992,10004,10004,10086,10086,10033,10033,9949,10151,9493,9493,8173,8173,9567,9567,9567,10355,10355,9705,9705,9705,8833,8833,8833,8618,8618,9668,9668,10314,10314,9167,9167,9167,8148,8148,8148,8758,8758,8758,8629,8629,7828,7828,9353,9353,9863,9863,9439,9439,9439,9125,9125,8061,8061,7947,7947,8957,8957,8957,10049,10049,10049,9771,9771,9771,9036,9036,9036,8723,8723,8723,8160,8160,8160,8393,8393,7689,7689,7689,8423,8423,8423,8423,8423,8943,8943,8943,8547,8547,9533,9533,9533,9548,9548,9548,9548,10158,10158,10158,10158,10150,10150,10150,10150,9251,9251,9251,9806,9806,9806,9509,9509,9509,8701,8701,8701,10293,10293,10293,10958,10958,10958,9927,9927,9927,9344,9344,9344,9968,9968,9968,9856,9856,9856,10064,10064,9307,9307,8814,8814,8410,8410,8016,8016,8016,7945,7945,7945,7138,7138,7065,7065,8533,8533,9637,9637,9637,9447,9447,9447,8833,8833,8617,8617,8660,8660,8984,8984,8293,8293,7953,7953,7953,7658,7658,7658,7225,7225,7225,7803,7803,7743,7743,7033,7033,6952,6952,6952,7505,7505,7505,9297,9297,9297,9102,9102,9102,8030,8030,7577,7577,7996,7996,7655,7655,7655,9198,9198,9198,8769,8769,8769,7493,7493,7978,7978,8293,8921,8921,8184,8184,6800,6800,4878,4878,4292,4292,4802,4802,4771,4771,4620,4620,3964,4383,4383,4287,4287,4009,4009,4009,5736,5736,5736,6109,6109,6109,2982,2982,2982,-181,-181,-1877,-1877,116,116,116,-1184,-1184,-4594,-4594,-451,-451,3136,3136,6021,6021,4846,4846,4097,4097,4097,3672,3672,3672,521,521,521,1390,1390,1840
26,0.8600000000000002087,7815,5893,3968,3968,3986,3986,3986,3312,3312,2145,2145,2906,2906,3370,3370,3212,3212,2615,2615,2615,1491,1491,1491,1491,2974,2974,2974,2974,5523,5523,5523,5523,3864,3864,3864,906,906,906,736,736,736,736,-4240,-4240,-4240,-4240,-823,-823,-823,-823,-372,-372,-372,692,692,692,1985,1985,1985,1985,2058,2058,2058,2058,2718,2718,2718,2718,2590,2590,2590,3238,3238,6221,6221,6221,5664,5664,5664,5664,4878,4878,4878,5723,5723,5723,5521,5521,5034,5034,5034,6855,6855,6855,7478,7478,7478,6335,6335,6335,4483,4483,4483,2432,2432,2432,4109,4109,4109,2706,2706,2706,3186,3186,3186,781,781,781,-1359,-1359,-1359,-1787,-1787,-1787,-2158,-2158,-2158,-2160,-2160,-2160,-2160,-2697,-2697,-2697,-1448,-1448,-1448,-1213,-1213,-1213,-596,-596,-596,-596,-255,-255,-255,-255,1907,1907,1907,3446,3446,3446,3446,5725,5725,5725,5725,6190,6190,6190,6190,5259,5259,5259,5259,5541,5541,5541,7316,7316,7316,8697,8697,8697,8697,7373,7373,7373,7475,7475,7475,7475,6787,6787,6787,6320,6320,6320,4024,4024,4024,2521,2521,2521,791,791,791,2140,2140,2140,4706,4706,4706,5792,5792,7541,7541,7541,6751,6751,6751,4818,4818,4818,3630,3630,3630,3136,3136,6080,6080,6080,1777,1777,1777,2332,2332,4100,4100,2529,2529,3622,3622,2913,2913,2789,2789,6278,6278,8198,8198,7007,7007,6524,6524,7633,7633,7633,6898,6898,6898,5805,5805,6111,6111,6111,6397,6397,6833,6833,7807,7807,8790,8790,9610,9610,9610,9260,9260,9171,9171,9171,9160,9160,9160,8885,8885,8885,8839,8839,8839,8839,9447,9447,9447,8281,8281,7765,7765,7027,7027,5650,5650,5650,5749,5749,5749,6517,6517,6517,7767,7767,7767,8041,8041,8041,9013,9013,9906,9906,9718,9787,9787,9656,9656,9656,9077,9077,9190,9190,9794,9794,9083,9083,9095,9095,9210,9210,8678,7806,6996,6996,7226,7226,8449,8449,8449,9825,9825,8917,8917,8917,7701,7701,7701,7225,7225,7838,7838,7504,7504,7578,7578,7578,5640,5640,5640,5215,5215,5215,6732,6732,6037,6037,7316,7316,7596,7596,8003,8003,8003,7380,7380,5685,5685,5449,5449,7327,7327,7327,9226,9226,9226,8128,8128,8128,6050,6050,6050,4922,4922,4922,3412,3412,3412,4000,4000,4078,4078,4078,4491,4491,4491,5730,5730,6143,6143,6143,6708,6708,7561,7561,7561,7365,7365,7365,7365,7984,7984,7984,7984,8587,8587,8587,8587,6903,6903,6903,8846,8846,8846,8009,8009,8009,8175,8175,8175,9513,9513,9513,9483,9483,9483,8093,8093,8093,6573,6573,6573,6261,6261,6261,6065,6065,6065,6904,6904,5000,5000,2890,2890,3113,3113,3711,3711,3711,2792,2792,2792,3708,3708,3766,3766,3750,3750,5609,5609,5609,5710,5710,5710,4893,4893,5038,5038,5300,5300,5597,5597,4254,4254,4931,4931,4931,5022,5022,5022,3868,3868,3868,3758,3758,3125,3125,1436,1436,3789,3789,3789,3586,3586,3586,5389,5389,5389,6325,6325,6325,4367,4367,2753,2753,3870,3870,3442,3442,3442,5625,5625,5625,5869,5869,5869,4328,4328,5706,5706,5336,5275,5275,4225,4225,1457,1457,227,227,-887,-887,-934,-934,-780,-780,-1088,-1088,-1741,-2431,-2431,-2810,-2810,-2255,-2255,-2255,-948,-948,-948,-1714,-1714,-1714,-4306,-4306,-4306,-6576,-6576,-8253,-8253,-6717,-6717,-6717,-8979,-8979,-11321,-11321,-6982,-6982,-2903,-2903,-174,-174,-920,-920,-985,-985,-985,-1164,-1164,-1164,-6111,-6111,-6111,-4861,-4861,-3811
27,1.060000000000000275,4978,1072,-849,-849,-1005,-1005,-1005,-1585,-1585,-2926,-2926,-2393,-2393,-1819,-1819,-2601,-2601,-3400,-3400,-3400,-6026,-6026,-6026,-6026,-3024,-3024,-3024,-3024,1116,1116,1116,1116,-1570,-1570,-1570,-4919,-4919,-4919,-4278,-4278,-4278,-4278,-11172,-11172,-11172,-11172,-7896,-7896,-7896,-7896,-8219,-8219,-8219,-6441,-6441,-6441,-5026,-5026,-5026,-5026,-4427,-4427,-4427,-4427,-3201,-3201,-3201,-3201,-3372,-3372,-3372,-2045,-2045,-291,-291,-291,1209,1209,1209,1209,-27,-27,-27,258,258,258,420,420,588,588,588,2067,2067,2067,1527,1527,1527,1047,1047,1047,-1923,-1923,-1923,-3870,-3870,-3870,-2121,-2121,-2121,-5108,-5108,-5108,-4240,-4240,-4240,-6556,-6556,-6556,-9144,-9144,-9144,-9604,-9604,-9604,-9408,-9408,-9408,-9003,-9003,-9003,-9003,-9963,-9963,-9963,-8696,-8696,-8696,-7881,-7881,-7881,-7705,-7705,-7705,-7705,-7315,-7315,-7315,-7315,-6363,-6363,-6363,-3705,-3705,-3705,-3705,-723,-723,-723,-723,-321,-321,-321,-321,274,274,274,274,210,210,210,3441,3441,3441,5666,5666,5666,5666,3192,3192,3192,3413,3413,3413,3413,629,629,629,-1149,-1149,-1149,-2635,-2635,-2635,-4669,-4669,-4669,-7126,-7126,-7126,-5092,-5092,-5092,-1587,-1587,-1587,-646,-646,979,979,979,-772,-772,-772,-2115,-2115,-2115,-2502,-2502,-2502,-3061,-3061,-1162,-1162,-1162,-3783,-3783,-3783,-172,-172,1236,1236,-491,-491,1082,1082,-740,-740,-4004,-4004,244,244,4378,4378,2823,2823,1377,1377,2525,2525,2525,1017,1017,1017,218,218,131,131,131,1020,1020,1513,1513,3163,3163,5099,5099,7067,7067,7067,6745,6745,6483,6483,6483,6386,6386,6386,6276,6276,6276,6102,6102,6102,6102,6776,6776,6776,4885,4885,3982,3982,1549,1549,213,213,213,1388,1388,1388,1399,1399,1399,2944,2944,2944,4867,4867,4867,5115,5115,6493,6493,6150,6705,6705,7380,7380,7380,6472,6472,6317,6317,6955,6955,5317,5317,4619,4619,5264,5264,4511,2807,1467,1467,2874,2874,3834,3834,3834,5054,5054,4320,4320,4320,2945,2945,2945,1975,1975,1774,1774,1347,1347,2881,2881,2881,850,850,850,-1392,-1392,-1392,948,948,821,821,2304,2304,2838,2838,3772,3772,3772,2808,2808,833,833,-126,-126,2640,2640,2640,5171,5171,5171,2730,2730,2730,299,299,299,-967,-967,-967,-4089,-4089,-4089,-3911,-3911,-3210,-3210,-3210,-3098,-3098,-3098,-404,-404,-363,-363,-363,1902,1902,2185,2185,2185,3070,3070,3070,3070,1979,1979,1979,1979,4036,4036,4036,4036,1801,1801,1801,3906,3906,3906,2569,2569,2569,4404,4404,4404,4482,4482,4482,3781,3781,3781,3659,3659,3659,1296,1296,1296,-1806,-1806,-1806,-1739,-1739,-1739,239,239,-2285,-2285,-5847,-5847,-4663,-4663,-3451,-3451,-3451,-5067,-5067,-5067,-3720,-3720,-2549,-2549,-4427,-4427,-2234,-2234,-2234,-612,-612,-612,-1958,-1958,-1813,-1813,-1353,-1353,-2268,-2268,-2589,-2589,-1343,-1343,-1343,-1733,-1733,-1733,-2089,-2089,-2089,-2284,-2284,-3166,-3166,-5835,-5835,-1908,-1908,-1908,-2650,-2650,-2650,-2722,-2722,-2722,-187,-187,-187,-2242,-2242,-4508,-4508,-2680,-2680,-2881,-2881,-2881,-2201,-2201,-2201,-559,-559,-559,-1618,-1618,1298,1298,-761,-2473,-2473,-3065,-3065,-5649,-5649,-6241,-6241,-7113,-7113,-8083,-8083,-9261,-9261,-8027,-8027,-6952,-8710,-8710,-9252,-9252,-10502,-10502,-10502,-9668,-9668,-9668,-10816,-10816,-10816,-12244,-12244,-12244,-13578,-13578,-14001,-14001,-13829,-13829,-13829,-15845,-15845,-17070,-17070,-12764,-12764,-10064,-10064,-8924,-8924,-8988,-8988,-7680,-7680,-7680,-8046,-8046,-8046,-13357,-13357,-13357,-11155,-11155,-10003
28,1.260000000000000231,-1110,-5152,-6882,-6882,-7946,-7946,-7946,-8061,-8061,-8716,-8716,-9066,-9066,-9252,-9252,-9601,-9601,-10811,-10811,-10811,-11929,-11929,-11929,-11929,-10120,-10120,-10120,-10120,-5881,-5881,-5881,-5881,-8990,-8990,-8990,-10518,-10518,-10518,-8434,-8434,-8434,-8434,-16292,-16292,-16292,-16292,-15357,-15357,-15357,-15357,-15788,-15788,-15788,-13016,-13016,-13016,-10933,-10933,-10933,-10933,-12269,-12269,-12269,-12269,-10442,-10442,-10442,-10442,-10153,-10153,-10153,-9667,-9667,-8874,-8874,-8874,-6166,-6166,-6166,-6166,-7316,-7316,-7316,-7381,-7381,-7381,-6488,-6488,-6862,-6862,-6862,-6168,-6168,-6168,-7346,-7346,-7346,-7222,-7222,-7222,-10520,-10520,-10520,-11896,-11896,-11896,-10225,-10225,-10225,-13394,-13394,-13394,-13682,-13682,-13682,-13702,-13702,-13702,-16185,-16185,-16185,-16650,-16650,-16650,-16150,-16150,-16150,-16238,-16238,-16238,-16238,-17161,-17161,-17161,-15779,-15779,-15779,-14252,-14252,-14252,-14940,-14940,-14940,-14940,-14589,-14589,-14589,-14589,-15648,-15648,-15648,-11989,-11989,-11989,-11989,-9491,-9491,-9491,-9491,-9270,-9270,-9270,-9270,-6636,-6636,-6636,-6636,-7247,-7247,-7247,-1149,-1149,-1149,-1364,-1364,-1364,-1364,-3235,-3235,-3235,-3595,-3595,-3595,-3595,-8271,-8271,-8271,-10358,-10358,-10358,-10439,-10439,-10439,-12970,-12970,-12970,-15358,-15358,-15358,-13789,-13789,-13789,-10444,-10444,-10444,-9688,-9688,-9925,-9925,-9925,-12051,-12051,-12051,-11538,-11538,-11538,-11052,-11052,-11052,-11198,-11198,-10826,-10826,-10826,-9608,-9608,-9608,-3117,-3117,-2316,-2316,-3001,-3001,-1486,-1486,-3881,-3881,-10547,-10547,-6920,-6920,-2748,-2748,-4589,-4589,-6277,-6277,-4819,-4819,-4819,-7036,-7036,-7036,-7540,-7540,-6545,-6545,-6545,-7403,-7403,-6779,-6779,-4440,-4440,-2122,-2122,1754,1754,1754,745,745,235,235,235,686,686,686,1612,1612,1612,-798,-798,-798,-798,756,756,756,-1666,-1666,-2928,-2928,-7225,-7225,-6956,-6956,-6956,-5479,-5479,-5479,-7095,-7095,-7095,-4266,-4266,-4266,-1966,-1966,-1966,-765,-765,35,35,-529,885,885,1937,1937,1937,677,677,-15,-15,-4,-4,-2043,-2043,-1944,-1944,-2722,-2722,-3669,-6449,-5658,-5658,-3128,-3128,-4535,-4535,-4535,-4320,-4320,-4494,-4494,-4494,-4288,-4288,-4288,-5120,-5120,-7069,-7069,-9243,-9243,-5230,-5230,-5230,-8136,-8136,-8136,-9584,-9584,-9584,-6156,-6156,-5321,-5321,-6039,-6039,-6335,-6335,-3205,-3205,-3205,-5228,-5228,-7094,-7094,-7160,-7160,-5161,-5161,-5161,-3821,-3821,-3821,-6330,-6330,-6330,-9796,-9796,-9796,-10880,-10880,-10880,-12265,-12265,-12265,-13069,-13069,-12490,-12490,-12490,-11830,-11830,-11830,-9590,-9590,-9945,-9945,-9945,-7061,-7061,-7237,-7237,-7237,-6223,-6223,-6223,-6223,-7265,-7265,-7265,-7265,-5660,-5660,-5660,-5660,-6250,-6250,-6250,-3993,-3993,-3993,-5866,-5866,-5866,-3006,-3006,-3006,-4059,-4059,-4059,-6534,-6534,-6534,-5687,-5687,-5687,-7543,-7543,-7543,-11437,-11437,-11437,-11103,-11103,-11103,-8184,-8184,-10985,-10985,-13987,-13987,-12877,-12877,-10908,-10908,-10908,-15084,-15084,-15084,-11764,-11764,-10913,-10913,-13128,-13128,-12071,-12071,-12071,-9529,-9529,-9529,-10964,-10964,-10594,-10594,-9908,-9908,-11689,-11689,-11926,-11926,-9935,-9935,-9935,-10498,-10498,-10498,-9965,-9965,-9965,-10557,-10557,-11794,-11794,-13945,-13945,-9412,-9412,-9412,-11261,-11261,-11261,-13084,-13084,-13084,-9953,-9953,-9953,-10839,-10839,-12709,-12709,-10657,-10657,-10956,-10956,-10956,-12169,-12169,-12169,-9480,-9480,-9480,-8505,-8505,-7633,-7633,-10330,-12010,-12010,-12270,-12270,-13725,-13725,-13120,-13120,-14846,-14846,-16472,-16472,-16576,-16576,-15833,-15833,-11286,-10676,-10676,-13399,-13399,-16660,-16660,-16660,-18080,-18080,-18080,-18496,-18496,-18496,-18479,-18479,-18479,-18469,-18469,-17985,-17985,-19182,-19182,-19182,-20693,-20693,-20443,-20443,-18256,-18256,-17310,-17310,-17459,-17459,-17075,-17075,-14728,-14728,-14728,-14706,-14706,-14706,-18191,-18191,-18191,-16782,-16782,-15743
29,1.460000000000000187,-8006,-10890,-11028,-11028,-13363,-13363,-13363,-13398,-13398,-13922,-13922,-14825,-14825,-14861,-14861,-15367,-15367,-15527,-15527,-15527,-16110,-16110,-16110,-16110,-15400,-15400,-15400,-15400,-12692,-12692,-12692,-12692,-14763,-14763,-14763,-13598,-13598,-13598,-10762,-10762,-10762,-10762,-16120,-16120,-16120,-16120,-19027,-19027,-19027,-19027,-19909,-19909,-19909,-16429,-16429,-16429,-14296,-14296,-14296,-14296,-17164,-17164,-17164,-17164,-16046,-16046,-16046,-16046,-15073,-15073,-15073,-14729,-14729,-16417,-16417,-16417,-12617,-12617,-12617,-12617,-12979,-12979,-12979,-14162,-14162,-14162,-13486,-13486,-13574,-13574,-13574,-14173,-14173,-14173,-15592,-15592,-15592,-15012,-15012,-15012,-17292,-17292,-17292,-17583,-17583,-17583,-17098,-17098,-17098,-18741,-18741,-18741,-19211,-19211,-19211,-17897,-17897,-17897,-19403,-19403,-19403,-19813,-19813,-19813,-19074,-19074,-19074,-19462,-19462,-19462,-19462,-19758,-19758,-19758,-18792,-18792,-18792,-17696,-17696,-17696,-18664,-18664,-18664,-18664,-18701,-18701,-18701,-18701,-20595,-20595,-20595,-17938,-17938,-17938,-17938,-16823,-16823,-16823,-16823,-16283,-16283,-16283,-16283,-13244,-13244,-13244,-13244,-13365,-13365,-13365,-6396,-6396,-6396,-9777,-9777,-9777,-9777,-10773,-10773,-10773,-10858,-10858,-10858,-10858,-15796,-15796,-15796,-17964,-17964,-17964,-16598,-16598,-16598,-17552,-17552,-17552,-19726,-19726,-19726,-19145,-19145,-19145,-17226,-17226,-17226,-16610,-16610,-18270,-18270,-18270,-18812,-18812,-18812,-18373,-18373,-18373,-17386,-17386,-17386,-17252,-17252,-17958,-17958,-17958,-13487,-13487,-13487,-5841,-5841,-6075,-6075,-4741,-4741,-3925,-3925,-6953,-6953,-14250,-14250,-13699,-13699,-10202,-10202,-10645,-10645,-12943,-12943,-12155,-12155,-12155,-14351,-14351,-14351,-14021,-14021,-13476,-13476,-13476,-15383,-15383,-14291,-14291,-12172,-12172,-10702,-10702,-7580,-7580,-7580,-7537,-7537,-7084,-7084,-7084,-7347,-7347,-7347,-6028,-6028,-6028,-9244,-9244,-9244,-9244,-8444,-8444,-8444,-9573,-9573,-10845,-10845,-15121,-15121,-13583,-13583,-13583,-11590,-11590,-11590,-15401,-15401,-15401,-12098,-12098,-12098,-9731,-9731,-9731,-8698,-8698,-8754,-8754,-9134,-8388,-8388,-6018,-6018,-6018,-6871,-6871,-8422,-8422,-8686,-8686,-10222,-10222,-10202,-10202,-11147,-11147,-13382,-14409,-12020,-12020,-10778,-10778,-12480,-12480,-12480,-14819,-14819,-13714,-13714,-13714,-12672,-12672,-12672,-12993,-12993,-15955,-15955,-16942,-16942,-13476,-13476,-13476,-15260,-15260,-15260,-16401,-16401,-16401,-13714,-13714,-12189,-12189,-13035,-13035,-14675,-14675,-11566,-11566,-11566,-13268,-13268,-13104,-13104,-13418,-13418,-13342,-13342,-13342,-13564,-13564,-13564,-15033,-15033,-15033,-16748,-16748,-16748,-18324,-18324,-18324,-18823,-18823,-18823,-19645,-19645,-19265,-19265,-19265,-18993,-18993,-18993,-17678,-17678,-17660,-17660,-17660,-15547,-15547,-15623,-15623,-15623,-15321,-15321,-15321,-15321,-15613,-15613,-15613,-15613,-14913,-14913,-14913,-14913,-15438,-15438,-15438,-13286,-13286,-13286,-14628,-14628,-14628,-10458,-10458,-10458,-14295,-14295,-14295,-16136,-16136,-16136,-14476,-14476,-14476,-14771,-14771,-14771,-18784,-18784,-18784,-18013,-18013,-18013,-15636,-15636,-16963,-16963,-18596,-18596,-18250,-18250,-16907,-16907,-16907,-20311,-20311,-20311,-18062,-18062,-17227,-17227,-19202,-19202,-19366,-19366,-19366,-17826,-17826,-17826,-17218,-17218,-17200,-17200,-17333,-17333,-18944,-18944,-18627,-18627,-16774,-16774,-16774,-17616,-17616,-17616,-16431,-16431,-16431,-17052,-17052,-17951,-17951,-18376,-18376,-15957,-15957,-15957,-17004,-17004,-17004,-19504,-19504,-19504,-18253,-18253,-18253,-17526,-17526,-17519,-17519,-16490,-16490,-16900,-16900,-16900,-18581,-18581,-18581,-16648,-16648,-16648,-15341,-15341,-14447,-14447,-17144,-18885,-18885,-18641,-18641,-18652,-18652,-17451,-17451,-18313,-18313,-19540,-19540,-20668,-20668,-18885,-18885,-12157,-8472,-8472,-12651,-12651,-19583,-19583,-19583,-21684,-21684,-21684,-21895,-21895,-21895,-21065,-21065,-21065,-20119,-20119,-18669,-18669,-21149,-21149,-21149,-22451,-22451,-21822,-21822,-19889,-19889,-20074,-20074,-21996,-21996,-20289,-20289,-18481,-18481,-18481,-18601,-18601,-18601,-18494,-18494,-18494,-18470,-18470,-18068
30,1.660000000000000142,-15739,-15733,-13871,-13871,-17095,-17095,-17095,-17597,-17597,-17678,-17678,-18299,-18299,-18294,-18294,-18373,-18373,-17689,-17689,-17689,-16854,-16854,-16854,-16854,-18306,-18306,-18306,-18306,-18006,-18006,-18006,-18006,-18966,-18966,-18966,-14032,-14032,-14032,-11346,-11346,-11346,-11346,-10492,-10492,-10492,-10492,-19182,-19182,-19182,-19182,-21070,-21070,-21070,-17324,-17324,-17324,-15904,-15904,-15904,-15904,-19286,-19286,-19286,-19286,-19206,-19206,-19206,-19206,-17583,-17583,-17583,-18066,-18066,-20901,-20901,-20901,-18486,-18486,-18486,-18486,-17542,-17542,-17542,-19326,-19326,-19326,-18884,-18884,-18741,-18741,-18741,-20207,-20207,-20207,-21272,-21272,-21272,-20101,-20101,-20101,-21255,-21255,-21255,-20400,-20400,-20400,-21105,-21105,-21105,-20961,-20961,-20961,-21970,-21970,-21970,-19262,-19262,-19262,-19153,-19153,-19153,-19824,-19824,-19824,-17970,-17970,-17970,-19447,-19447,-19447,-19447,-17956,-17956,-17956,-18130,-18130,-18130,-17045,-17045,-17045,-17979,-17979,-17979,-17979,-19642,-19642,-19642,-19642,-22821,-22821,-22821,-20921,-20921,-20921,-20921,-21137,-21137,-21137,-21137,-21114,-21114,-21114,-21114,-18454,-18454,-18454,-18454,-17561,-17561,-17561,-12472,-12472,-12472,-17761,-17761,-17761,-17761,-17533,-17533,-17533,-17512,-17512,-17512,-17512,-20988,-20988,-20988,-22945,-22945,-22945,-20064,-20064,-20064,-19920,-19920,-19920,-21394,-21394,-21394,-22134,-22134,-22134,-20937,-20937,-20937,-20965,-20965,-23445,-23445,-23445,-23172,-23172,-23172,-22414,-22414,-22414,-20701,-20701,-20701,-20545,-20545,-21697,-21697,-21697,-15112,-15112,-15112,-9874,-9874,-10579,-10579,-7302,-7302,-8234,-8234,-9400,-9400,-14695,-14695,-18221,-18221,-17373,-17373,-17099,-17099,-17985,-17985,-18939,-18939,-18939,-19671,-19671,-19671,-18901,-18901,-18849,-18849,-18849,-20476,-20476,-19760,-19760,-18459,-18459,-18197,-18197,-16643,-16643,-16643,-16321,-16321,-15836,-15836,-15836,-15813,-15813,-15813,-14278,-14278,-14278,-16531,-16531,-16531,-16531,-17185,-17185,-17185,-17100,-17100,-17822,-17822,-20063,-20063,-18603,-18603,-18603,-17328,-17328,-17328,-20461,-20461,-20461,-19085,-19085,-19085,-17033,-17033,-17033,-16519,-16519,-17629,-17629,-17127,-16509,-16509,-15110,-15110,-15110,-15895,-15895,-16482,-16482,-17470,-17470,-17415,-17415,-17770,-17770,-19522,-19522,-20438,-19545,-17521,-17521,-17699,-17699,-19593,-19593,-19593,-21787,-21787,-20469,-20469,-20469,-19152,-19152,-19152,-19596,-19596,-21349,-21349,-21863,-21863,-19736,-19736,-19736,-20300,-20300,-20300,-20105,-20105,-20105,-19227,-19227,-17829,-17829,-19317,-19317,-20934,-20934,-18698,-18698,-18698,-19119,-19119,-18804,-18804,-18543,-18543,-20055,-20055,-20055,-20708,-20708,-20708,-21111,-21111,-21111,-21410,-21410,-21410,-22545,-22545,-22545,-21913,-21913,-21913,-22929,-22929,-22676,-22676,-22676,-22347,-22347,-22347,-22317,-22317,-21983,-21983,-21983,-20879,-20879,-21185,-21185,-21185,-20901,-20901,-20901,-20901,-21405,-21405,-21405,-21405,-21414,-21414,-21414,-21414,-20900,-20900,-20900,-20552,-20552,-20552,-20327,-20327,-20327,-18567,-18567,-18567,-20969,-20969,-20969,-22250,-22250,-22250,-20640,-20640,-20640,-20081,-20081,-20081,-23033,-23033,-23033,-21728,-21728,-21728,-20747,-20747,-20426,-20426,-20678,-20678,-20318,-20318,-20124,-20124,-20124,-22994,-22994,-22994,-21036,-21036,-20771,-20771,-22219,-22219,-23662,-23662,-23662,-22835,-22835,-22835,-20807,-20807,-21334,-21334,-21562,-21562,-22673,-22673,-21840,-21840,-20213,-20213,-20213,-21122,-21122,-21122,-20146,-20146,-20146,-20969,-20969,-20996,-20996,-19660,-19660,-19476,-19476,-19476,-20152,-20152,-20152,-23088,-23088,-23088,-22816,-22816,-22816,-20643,-20643,-19686,-19686,-19600,-19600,-19772,-19772,-19772,-22667,-22667,-22667,-21217,-21217,-21217,-19294,-19294,-20015,-20015,-21202,-22560,-22560,-22030,-22030,-20336,-20336,-18963,-18963,-18712,-18712,-19407,-19407,-20826,-20826,-17824,-17824,-9453,-5055,-5055,-9537,-9537,-17953,-17953,-17953,-20398,-20398,-20398,-22124,-22124,-22124,-19995,-19995,-19995,-16248,-16248,-14948,-14948,-18788,-18788,-18788,-20380,-20380,-18817,-18817,-16928,-16928,-18701,-18701,-21678,-21678,-19762,-19762,-18265,-18265,-18265,-18124,-18124,-18124,-13514,-13514,-13514,-14542,-14542,-15478
31,1.86000000000000032,-20109,-18138,-15290,-15290,-18012,-18012,-18012,-19342,-19342,-19255,-19255,-19120,-19120,-18961,-18961,-18293,-18293,-16805,-16805,-16805,-13777,-13777,-13777,-13777,-17248,-17248,-17248,-17248,-20526,-20526,-20526,-20526,-19989,-19989,-19989,-10818,-10818,-10818,-9357,-9357,-9357,-9357,-1370,-1370,-1370,-1370,-14536,-14536,-14536,-14536,-16665,-16665,-16665,-14524,-14524,-14524,-14835,-14835,-14835,-14835,-18384,-18384,-18384,-18384,-19239,-19239,-19239,-19239,-16927,-16927,-16927,-18943,-18943,-22700,-22700,-22700,-21575,-21575,-21575,-21575,-19669,-19669,-19669,-21512,-21512,-21512,-21616,-21616,-21103,-21103,-21103,-23493,-23493,-23493,-23899,-23899,-23899,-22581,-22581,-22581,-21774,-21774,-21774,-20318,-20318,-20318,-22507,-22507,-22507,-18737,-18737,-18737,-20410,-20410,-20410,-16913,-16913,-16913,-14555,-14555,-14555,-15028,-15028,-15028,-12015,-12015,-12015,-14305,-14305,-14305,-14305,-10900,-10900,-10900,-12587,-12587,-12587,-12314,-12314,-12314,-11871,-11871,-11871,-11871,-15490,-15490,-15490,-15490,-20784,-20784,-20784,-21066,-21066,-21066,-21066,-22817,-22817,-22817,-22817,-23135,-23135,-23135,-23135,-21593,-21593,-21593,-21593,-20101,-20101,-20101,-18252,-18252,-18252,-22612,-22612,-22612,-22612,-21554,-21554,-21554,-21367,-21367,-21367,-21367,-23593,-23593,-23593,-24402,-24402,-24402,-20883,-20883,-20883,-19456,-19456,-19456,-18905,-18905,-18905,-21881,-21881,-21881,-22346,-22346,-22346,-22741,-22741,-25252,-25252,-25252,-24355,-24355,-24355,-23341,-23341,-23341,-20591,-20591,-20591,-20368,-20368,-21634,-21634,-21634,-14778,-14778,-14778,-14506,-14506,-15336,-15336,-12235,-12235,-13339,-13339,-12737,-12737,-11383,-11383,-20064,-20064,-21443,-21443,-20680,-20680,-20763,-20763,-23034,-23034,-23034,-22639,-22639,-22639,-21511,-21511,-21590,-21590,-21590,-22486,-22486,-22886,-22886,-21964,-21964,-22331,-22331,-22242,-22242,-22242,-21564,-21564,-21324,-21324,-21324,-21367,-21367,-21367,-20544,-20544,-20544,-21482,-21482,-21482,-21482,-22441,-22441,-22441,-21446,-21446,-21868,-21868,-22696,-22696,-20672,-20672,-20672,-20221,-20221,-20221,-23172,-23172,-23172,-22841,-22841,-22841,-21340,-21340,-21340,-21363,-21363,-22415,-22415,-22401,-21958,-21958,-21125,-21125,-21125,-21159,-21159,-21749,-21749,-22722,-22722,-22352,-22352,-22458,-22458,-23905,-23905,-24083,-22465,-20255,-20255,-21589,-21589,-23289,-23289,-23289,-25104,-25104,-24092,-24092,-24092,-22871,-22871,-22871,-22473,-22473,-23891,-23891,-23847,-23847,-23310,-23310,-23310,-22786,-22786,-22786,-21122,-21122,-21122,-22311,-22311,-21071,-21071,-22746,-22746,-23929,-23929,-22767,-22767,-22767,-22549,-22549,-21325,-21325,-21381,-21381,-23682,-23682,-23682,-24350,-24350,-24350,-24140,-24140,-24140,-22942,-22942,-22942,-23968,-23968,-23968,-21458,-21458,-21458,-21630,-21630,-22127,-22127,-22127,-22520,-22520,-22520,-23695,-23695,-23078,-23078,-23078,-23751,-23751,-24197,-24197,-24197,-24263,-24263,-24263,-24263,-24285,-24285,-24285,-24285,-24728,-24728,-24728,-24728,-23997,-23997,-23997,-24590,-24590,-24590,-23390,-23390,-23390,-22993,-22993,-22993,-24950,-24950,-24950,-25661,-25661,-25661,-24046,-24046,-24046,-22634,-22634,-22634,-24098,-24098,-24098,-23111,-23111,-23111,-23791,-23791,-21739,-21739,-19182,-19182,-20519,-20519,-20805,-20805,-20805,-20757,-20757,-20757,-21259,-21259,-21106,-21106,-20825,-20825,-24190,-24190,-24190,-24491,-24491,-24491,-20840,-20840,-21563,-21563,-22527,-22527,-22363,-22363,-21681,-21681,-21201,-21201,-21201,-21165,-21165,-21165,-20954,-20954,-20954,-21935,-21935,-20816,-20816,-15936,-15936,-20096,-20096,-20096,-19502,-19502,-19502,-22174,-22174,-22174,-24114,-24114,-24114,-20933,-20933,-18656,-18656,-19814,-19814,-20185,-20185,-20185,-22604,-22604,-22604,-22940,-22940,-22940,-20895,-20895,-22256,-22256,-22255,-22689,-22689,-21805,-21805,-17776,-17776,-16730,-16730,-14503,-14503,-14322,-14322,-15182,-15182,-12056,-12056,-5892,-3219,-3219,-5593,-5593,-11227,-11227,-11227,-13499,-13499,-13499,-17381,-17381,-17381,-14438,-14438,-14438,-8621,-8621,-7868,-7868,-12596,-12596,-12596,-13761,-13761,-11906,-11906,-9673,-9673,-12096,-12096,-14873,-14873,-12800,-12800,-12702,-12702,-12702,-12274,-12274,-12274,-4729,-4729,-4729,-6677,-6677,-8621
32,2.060000000000000053,-22228,-17060,-13443,-13443,-14274,-14274,-14274,-16343,-16343,-15896,-15896,-14679,-14679,-13973,-13973,-12475,-12475,-10540,-10540,-10540,-6678,-6678,-6678,-6678,-9809,-9809,-9809,-9809,-19371,-19371,-19371,-19371,-14946,-14946,-14946,-4100,-4100,-4100,-4460,-4460,-4460,-4460,5948,5948,5948,5948,-3185,-3185,-3185,-3185,-5655,-5655,-5655,-7337,-7337,-7337,-9343,-9343,-9343,-9343,-11530,-11530,-11530,-11530,-13687,-13687,-13687,-13687,-11485,-11485,-11485,-14538,-14538,-18542,-18542,-18542,-21518,-21518,-21518,-21518,-17338,-17338,-17338,-18638,-18638,-18638,-20307,-20307,-19630,-19630,-19630,-22413,-22413,-22413,-21496,-21496,-21496,-20224,-20224,-20224,-16104,-16104,-16104,-14599,-14599,-14599,-18106,-18106,-18106,-9624,-9624,-9624,-12075,-12075,-12075,-9141,-9141,-9141,-5348,-5348,-5348,-5446,-5446,-5446,-1586,-1586,-1586,-3764,-3764,-3764,-3764,41,41,41,-2583,-2583,-2583,-3075,-3075,-3075,-1791,-1791,-1791,-1791,-5522,-5522,-5522,-5522,-10737,-10737,-10737,-15658,-15658,-15658,-15658,-18636,-18636,-18636,-18636,-20258,-20258,-20258,-20258,-21452,-21452,-21452,-21452,-20052,-20052,-20052,-21619,-21619,-21619,-24444,-24444,-24444,-24444,-22509,-22509,-22509,-21769,-21769,-21769,-21769,-21296,-21296,-21296,-19902,-19902,-19902,-17184,-17184,-17184,-13151,-13151,-13151,-10267,-10267,-10267,-16134,-16134,-16134,-18811,-18811,-18811,-19963,-19963,-22053,-22053,-22053,-19854,-19854,-19854,-18244,-18244,-18244,-14542,-14542,-14542,-14491,-14491,-14566,-14566,-14566,-11436,-11436,-11436,-17205,-17205,-17866,-17866,-16424,-16424,-17266,-17266,-14287,-14287,-5914,-5914,-15626,-15626,-22214,-22214,-21557,-21557,-19847,-19847,-24332,-24332,-24332,-22128,-22128,-22128,-20282,-20282,-20425,-20425,-20425,-19563,-19563,-22155,-22155,-22730,-22730,-24118,-24118,-25399,-25399,-25399,-24909,-24909,-24825,-24825,-24825,-24239,-24239,-24239,-24027,-24027,-24027,-24251,-24251,-24251,-24251,-25019,-25019,-25019,-23762,-23762,-23270,-23270,-20614,-20614,-18570,-18570,-18570,-20139,-20139,-20139,-21319,-21319,-21319,-24168,-24168,-24168,-23729,-23729,-23729,-24207,-24207,-25166,-25166,-25068,-25192,-25192,-24819,-24819,-24819,-24614,-24614,-24477,-24477,-25340,-25340,-24641,-24641,-24850,-24850,-25627,-25627,-24749,-21649,-19721,-19721,-22875,-22875,-23952,-23952,-23952,-24432,-24432,-24233,-24233,-24233,-23544,-23544,-23544,-22266,-22266,-22222,-22222,-20969,-20969,-23657,-23657,-23657,-20468,-20468,-20468,-16725,-16725,-16725,-21161,-21161,-21767,-21767,-22361,-22361,-23005,-23005,-23915,-23915,-23915,-22374,-22374,-20085,-20085,-20052,-20052,-24107,-24107,-24107,-25045,-25045,-25045,-22414,-22414,-22414,-19185,-19185,-19185,-19387,-19387,-19387,-15572,-15572,-15572,-13479,-13479,-15503,-15503,-15503,-15868,-15868,-15868,-18890,-18890,-18369,-18369,-18369,-22539,-22539,-22604,-22604,-22604,-23477,-23477,-23477,-23477,-22421,-22421,-22421,-22421,-24121,-24121,-24121,-24121,-22898,-22898,-22898,-25027,-25027,-25027,-22647,-22647,-22647,-24219,-24219,-24219,-25531,-25531,-25531,-24900,-24900,-24900,-23810,-23810,-23810,-20830,-20830,-20830,-19706,-19706,-19706,-19123,-19123,-19123,-22209,-22209,-17999,-17999,-12430,-12430,-15397,-15397,-16538,-16538,-16538,-11085,-11085,-11085,-16015,-16015,-16233,-16233,-14022,-14022,-19189,-19189,-19189,-21400,-21400,-21400,-15206,-15206,-15657,-15657,-17098,-17098,-15319,-15319,-14124,-14124,-16728,-16728,-16728,-14547,-14547,-14547,-16166,-16166,-16166,-17178,-17178,-13954,-13954,-6782,-6782,-15369,-15369,-15369,-13383,-13383,-13383,-15207,-15207,-15207,-19028,-19028,-19028,-15180,-15180,-11118,-11118,-14016,-14016,-15223,-15223,-15223,-14642,-14642,-14642,-18997,-18997,-18997,-18047,-18047,-20214,-20214,-18153,-16454,-16454,-14926,-14926,-8737,-8737,-9193,-9193,-5104,-5104,-3458,-3458,-2941,-2941,-2579,-2579,-2095,-1203,-1203,242,242,-393,-393,-393,-1051,-1051,-1051,-4955,-4955,-4955,-3430,-3430,-3430,1562,1562,707,707,-2506,-2506,-2506,-2826,-2826,-1541,-1541,1370,1370,-129,-129,878,878,-1270,-1270,-3579,-3579,-3579,-3294,-3294,-3294,3059,3059,3059,2370,2370,-37
33,2.260000000000000231,-18708,-10617,-6920,-6920,-5324,-5324,-5324,-7184,-7184,-6612,-6612,-4076,-4076,-2774,-2774,-1158,-1158,-851,-851,-851,1779,1779,1779,1779,607,607,607,607,-12508,-12508,-12508,-12508,-3035,-3035,-3035,4109,4109,4109,2242,2242,2242,2242,9676,9676,9676,9676,8048,8048,8048,8048,6688,6688,6688,1984,1984,1984,418,418,418,418,-337,-337,-337,-337,-3151,-3151,-3151,-3151,-3272,-3272,-3272,-4205,-4205,-7673,-7673,-7673,-15478,-15478,-15478,-15478,-9252,-9252,-9252,-9892,-9892,-9892,-11833,-11833,-12774,-12774,-12774,-14086,-14086,-14086,-11444,-11444,-11444,-11096,-11096,-11096,-3395,-3395,-3395,-3537,-3537,-3537,-6534,-6534,-6534,3754,3754,3754,2457,2457,2457,1058,1058,1058,5139,5139,5139,4274,4274,4274,6080,6080,6080,7072,7072,7072,7072,8661,8661,8661,6626,6626,6626,5348,5348,5348,6811,6811,6811,6811,4429,4429,4429,4429,2982,2982,2982,-3405,-3405,-3405,-3405,-7027,-7027,-7027,-7027,-10319,-10319,-10319,-10319,-15360,-15360,-15360,-15360,-14491,-14491,-14491,-21035,-21035,-21035,-20724,-20724,-20724,-20724,-17772,-17772,-17772,-16056,-16056,-16056,-16056,-11009,-11009,-11009,-7671,-7671,-7671,-6991,-6991,-6991,-2260,-2260,-2260,1087,1087,1087,-4670,-4670,-4670,-9586,-9586,-9586,-10334,-10334,-12081,-12081,-12081,-9097,-9097,-9097,-5776,-5776,-5776,-3104,-3104,-3104,-2285,-2285,-1951,-1951,-1951,-6884,-6884,-6884,-14613,-14613,-15744,-15744,-18251,-18251,-16950,-16950,-10606,-10606,948,948,-3785,-3785,-15938,-15938,-16142,-16142,-13206,-13206,-20223,-20223,-20223,-14329,-14329,-14329,-12150,-12150,-13864,-13864,-13864,-10427,-10427,-13635,-13635,-17375,-17375,-20306,-20306,-24684,-24684,-24684,-23627,-23627,-24186,-24186,-24186,-23010,-23010,-23010,-23507,-23507,-23507,-22664,-22664,-22664,-22664,-22643,-22643,-22643,-20980,-20980,-17665,-17665,-11115,-11115,-10286,-10286,-10286,-14791,-14791,-14791,-13190,-13190,-13190,-20154,-20154,-20154,-21415,-21415,-21415,-22459,-22459,-23762,-23762,-23356,-24478,-24478,-24715,-24715,-24715,-23498,-23498,-22438,-22438,-23142,-23142,-22056,-22056,-22133,-22133,-22654,-22654,-20103,-14328,-12244,-12244,-18660,-18660,-17810,-17810,-17810,-17768,-17768,-18621,-18621,-18621,-18259,-18259,-18259,-15833,-15833,-13382,-13382,-11743,-11743,-17851,-17851,-17851,-12207,-12207,-12207,-7561,-7561,-7561,-13923,-13923,-16745,-16745,-15103,-15103,-15643,-15643,-19717,-19717,-19717,-16346,-16346,-13442,-13442,-11483,-11483,-17760,-17760,-17760,-20415,-20415,-20415,-13678,-13678,-13678,-8709,-8709,-8709,-7887,-7887,-7887,-4136,-4136,-4136,379,379,-1033,-1033,-1033,-3454,-3454,-3454,-6476,-6476,-5894,-5894,-5894,-14646,-14646,-13005,-13005,-13005,-16793,-16793,-16793,-16793,-13487,-13487,-13487,-13487,-18809,-18809,-18809,-18809,-15010,-15010,-15010,-20133,-20133,-20133,-15895,-15895,-15895,-19474,-19474,-19474,-20940,-20940,-20940,-19686,-19686,-19686,-18413,-18413,-18413,-13026,-13026,-13026,-8379,-8379,-8379,-9752,-9752,-9752,-13368,-13368,-7834,-7834,-1420,-1420,-4038,-4038,-5489,-5489,-5489,2091,2091,2091,-4505,-4505,-5571,-5571,-1251,-1251,-5828,-5828,-5828,-8929,-8929,-8929,-4298,-4298,-3563,-3563,-4778,-4778,240,240,-1686,-1686,-5302,-5302,-5302,20,20,20,-4602,-4602,-4602,-4923,-4923,1358,1358,3998,3998,-4474,-4474,-4474,-2536,-2536,-2536,-1012,-1012,-1012,-6150,-6150,-6150,-3543,-3543,-1643,-1643,-2181,-2181,-4421,-4421,-4421,-1311,-1311,-1311,-7823,-7823,-7823,-9246,-9246,-11889,-11889,-5632,-2554,-2554,-1173,-1173,1928,1928,546,546,4584,4584,6995,6995,8797,8797,6751,6751,3027,3044,3044,6286,6286,7321,7321,7321,9108,9108,9108,6393,6393,6393,5474,5474,5474,7766,7766,5988,5988,5215,5215,5215,5854,5854,7572,7572,7445,7445,8070,8070,13454,13454,8678,8678,5332,5332,5332,6605,6605,6605,6954,6954,6954,7369,7369,7270
34,2.460000000000000409,-8640,-83,901,901,4136,4136,4136,5441,5441,4218,4218,6711,6711,8292,8292,8808,8808,7151,7151,7151,7363,7363,7363,7363,8994,8994,8994,8994,294,294,294,294,10299,10299,10299,9416,9416,9416,7226,7226,7226,7226,9080,9080,9080,9080,13386,13386,13386,13386,13369,13369,13369,8793,8793,8793,7220,7220,7220,7220,9199,9199,9199,9199,7310,7310,7310,7310,4669,4669,4669,7417,7417,7694,7694,7694,-2470,-2470,-2470,-2470,1653,1653,1653,3894,3894,3894,2028,2028,26,26,26,1448,1448,1448,4811,4811,4811,2551,2551,2551,8811,8811,8811,7606,7606,7606,8607,8607,8607,11739,11739,11739,13282,13282,13282,9309,9309,9309,10129,10129,10129,9294,9294,9294,9503,9503,9503,12116,12116,12116,12116,11512,11512,11512,11128,11128,11128,9805,9805,9805,10157,10157,10157,10157,9990,9990,9990,9990,13420,13420,13420,8938,8938,8938,8938,7511,7511,7511,7511,4888,4888,4888,4888,-925,-925,-925,-925,-3397,-3397,-3397,-13247,-13247,-13247,-9738,-9738,-9738,-9738,-4995,-4995,-4995,-3252,-3252,-3252,-3252,4355,4355,4355,9354,9354,9354,5426,5426,5426,7612,7612,7612,9134,9134,9134,7790,7790,7790,2906,2906,2906,2804,2804,5191,5191,5191,7703,7703,7703,7708,7708,7708,6684,6684,6684,7792,7792,10908,10908,10908,-1332,-1332,-1332,-6814,-6814,-8571,-8571,-15378,-15378,-11728,-11728,-4812,-4812,5062,5062,7782,7782,-1714,-1714,-3753,-3753,1307,1307,-7499,-7499,-7499,-348,-348,-348,1110,1110,-1148,-1148,-1148,3580,3580,-227,-227,-4220,-4220,-7807,-7807,-18449,-18449,-18449,-15588,-15588,-17009,-17009,-17009,-14541,-14541,-14541,-16788,-16788,-16788,-15598,-15598,-15598,-15598,-12757,-12757,-12757,-10548,-10548,-4546,-4546,3984,3984,2119,2119,2119,-2421,-2421,-2421,1939,1939,1939,-7340,-7340,-7340,-12911,-12911,-12911,-13337,-13337,-16843,-16843,-15634,-18459,-18459,-19623,-19623,-19623,-16326,-16326,-14411,-14411,-13909,-13909,-12163,-12163,-13488,-13488,-12277,-12277,-8262,-2237,-518,-518,-6083,-6083,-5369,-5369,-5369,-2325,-2325,-4850,-4850,-4850,-6148,-6148,-6148,-2785,-2785,2332,2332,4374,4374,-5686,-5686,-5686,1423,1423,1423,4928,4928,4928,615,615,-5123,-5123,-199,-199,604,604,-6912,-6912,-6912,-4040,-4040,-187,-187,647,647,-3766,-3766,-3766,-8232,-8232,-8232,2861,2861,2861,4607,4607,4607,7121,7121,7121,7903,7903,7903,12860,12860,10888,10888,10888,10056,10056,10056,8761,8761,7553,7553,7553,1978,1978,2143,2143,2143,-620,-620,-620,-620,1522,1522,1522,1522,-4528,-4528,-4528,-4528,-535,-535,-535,-5819,-5819,-5819,-2062,-2062,-2062,-7493,-7493,-7493,-9246,-9246,-9246,-4368,-4368,-4368,-3515,-3515,-3515,1182,1182,1182,6808,6808,6808,3927,3927,3927,1797,1797,4979,4979,8220,8220,7911,7911,5620,5620,5620,11106,11106,11106,7201,7201,6893,6893,9792,9792,10166,10166,10166,6971,6971,6971,6844,6844,8832,8832,9158,9158,12488,12488,11539,11539,7076,7076,7076,11291,11291,11291,7970,7970,7970,9181,9181,12083,12083,10241,10241,6001,6001,6001,6959,6959,6959,11643,11643,11643,10825,10825,10825,7437,7437,7761,7761,8496,8496,7095,7095,7095,11955,11955,11955,8012,8012,8012,4197,4197,1357,1357,6545,11217,11217,10790,10790,9453,9453,8216,8216,8937,8937,11165,11165,12376,12376,10666,10666,6242,5653,5653,9331,9331,10466,10466,10466,11830,11830,11830,11733,11733,11733,9366,9366,9366,9088,9088,8102,8102,7923,7923,7923,9342,9342,11100,11100,10026,10026,11477,11477,14591,14591,12199,12199,9608,9608,9608,10517,10517,10517,7695,7695,7695,8778,8778,9755
35,2.660000000000000142,5536,9152,6852,6852,9650,9650,9650,12260,12260,11629,11629,12095,12095,13148,13148,12890,12890,10914,10914,10914,9661,9661,9661,9661,11634,11634,11634,11634,10964,10964,10964,10964,15263,15263,15263,11185,11185,11185,9355,9355,9355,9355,6271,6271,6271,6271,13955,13955,13955,13955,14182,14182,14182,11513,11513,11513,11604,11604,11604,11604,13176,13176,13176,13176,12003,12003,12003,12003,9089,9089,9089,12601,12601,15645,15645,15645,11264,11264,11264,11264,9761,9761,9761,12229,12229,12229,12272,12272,10755,10755,10755,14316,14316,14316,15031,15031,15031,13013,13013,13013,13617,13617,13617,12599,12599,12599,15149,15149,15149,13575,13575,13575,15875,15875,15875,13025,13025,13025,11486,11486,11486,10935,10935,10935,10090,10090,10090,13027,13027,13027,13027,10634,10634,10634,11949,11949,11949,10461,10461,10461,9989,9989,9989,9989,11639,11639,11639,11639,15317,15317,15317,13766,13766,13766,13766,15129,15129,15129,15129,14463,14463,14463,14463,11489,11489,11489,11489,9298,9298,9298,2258,2258,2258,8099,8099,8099,8099,8921,8921,8921,11204,11204,11204,11204,14699,14699,14699,16227,16227,16227,12106,12106,12106,11868,11868,11868,11891,11891,11891,13051,13051,13051,10870,10870,10870,12434,12434,16587,16587,16587,15671,15671,15671,13900,13900,13900,10214,10214,10214,11592,11592,14430,14430,14430,3700,3700,3700,4203,4203,1441,1441,-6515,-6515,-3444,-3444,1826,1826,6183,6183,14181,14181,12475,12475,9482,9482,11626,11626,10433,10433,10433,12144,12144,12144,11989,11989,10706,10706,10706,11960,11960,13524,13524,9244,9244,9038,9038,-3665,-3665,-3665,-280,-280,-1794,-1794,-1794,811,811,811,-927,-927,-927,-859,-859,-859,-859,4459,4459,4459,4636,4636,11633,11633,14584,14584,11265,11265,11265,8530,8530,8530,13073,13073,13073,8618,8618,8618,1980,1980,1980,2775,2775,-930,-930,1870,-2059,-2059,-6275,-6275,-6275,-2270,-2270,1823,1823,3356,3356,4941,4941,3982,3982,7395,7395,9654,10453,9848,9848,8699,8699,10394,10394,10394,14062,14062,11945,11945,11945,9913,9913,9913,9556,9556,14518,14518,14293,14293,10884,10884,10884,12722,12722,12722,10997,10997,10997,12139,12139,8221,8221,13792,13792,14145,14145,9695,9695,9695,10226,10226,10582,10582,11145,11145,11933,11933,11933,10977,10977,10977,14541,14541,14541,13667,13667,13667,15073,15073,15073,12489,12489,12489,14914,14914,14840,14840,14840,14995,14995,14995,15959,15959,14204,14204,14204,13995,13995,15103,15103,15103,14371,14371,14371,14371,13635,13635,13635,13635,11817,11817,11817,11817,12903,12903,12903,12171,12171,12171,11508,11508,11508,8674,8674,8674,9564,9564,9564,13771,13771,13771,12510,12510,12510,12072,12072,12072,14949,14949,14949,12928,12928,12928,15112,15112,12605,12605,11541,11541,13776,13776,12045,12045,12045,12259,12259,12259,12549,12549,12658,12658,13216,13216,16100,16100,16100,15652,15652,15652,11442,11442,13880,13880,14678,14678,15444,15444,15248,15248,13456,13456,13456,14886,14886,14886,13817,13817,13817,15331,15331,15150,15150,11566,11566,12105,12105,12105,10792,10792,10792,14935,14935,14935,16347,16347,16347,13067,13067,11611,11611,12883,12883,12852,12852,12852,15305,15305,15305,15446,15446,15446,11938,11938,12684,12684,13637,15794,15794,15021,15021,11410,11410,10831,10831,9821,9821,11543,11543,11760,11760,10936,10936,7196,6694,6694,8346,8346,10177,10177,10177,10752,10752,10752,12408,12408,12408,10042,10042,10042,7887,7887,7694,7694,8654,8654,8654,11333,11333,11817,11817,9803,9803,10986,10986,9838,9838,11204,11204,10300,10300,10300,10817,10817,10817,6989,6989,6989,7866,7866,9134
36,2.86000000000000032,13325,12344,9573,9573,10954,10954,10954,13297,13297,13200,13200,12988,12988,13264,13264,12072,12072,11467,11467,11467,8980,8980,8980,8980,10018,10018,10018,10018,15116,15116,15116,15116,14375,14375,14375,8774,8774,8774,8585,8585,8585,8585,2876,2876,2876,2876,10910,10910,10910,10910,11455,11455,11455,10649,10649,10649,11093,11093,11093,11093,12841,12841,12841,12841,12734,12734,12734,12734,10364,10364,10364,13260,13260,15333,15333,15333,15918,15918,15918,15918,12392,12392,12392,13643,13643,13643,14678,14678,14038,14038,14038,16157,16157,16157,15703,15703,15703,15415,15415,15415,12951,12951,12951,13455,13455,13455,15208,15208,15208,11608,11608,11608,13535,13535,13535,12970,12970,12970,10098,10098,10098,10405,10405,10405,8887,8887,8887,10392,10392,10392,10392,7841,7841,7841,9529,9529,9529,8677,8677,8677,7962,7962,7962,7962,10558,10558,10558,10558,13084,13084,13084,14118,14118,14118,14118,15525,15525,15525,15525,15863,15863,15863,15863,16053,16053,16053,16053,14275,14275,14275,13769,13769,13769,16766,16766,16766,16766,14807,14807,14807,15360,15360,15360,15360,15856,15856,15856,15339,15339,15339,13736,13736,13736,12392,12392,12392,11715,11715,11715,14018,14018,14018,13354,13354,13354,14722,14722,15500,15500,15500,15431,15431,15431,14092,14092,14092,10523,10523,10523,10825,10825,12273,12273,12273,7478,7478,7478,10897,10897,8537,8537,3397,3397,3907,3907,5861,5861,4893,4893,13531,13531,16362,16362,14971,14971,14942,14942,16974,16974,16974,15543,15543,15543,15069,15069,14409,14409,14409,14318,14318,16061,16061,15581,15581,16072,16072,13904,13904,13904,14386,14386,14163,14163,14163,12919,12919,12919,12703,12703,12703,12099,12099,12099,12099,15921,15921,15921,14840,14840,16425,16425,15888,15888,13938,13938,13938,13520,13520,13520,15205,15205,15205,15995,15995,15995,13530,13530,13530,14485,14485,13941,13941,14821,12798,12798,10124,10124,10124,12729,12729,14326,14326,16020,16020,15563,15563,16293,16293,17191,17191,16856,14439,13825,13825,15455,15455,16020,16020,16020,16812,16812,16833,16833,16833,15015,15015,15015,14995,14995,15957,15957,15246,15246,16601,16601,16601,15363,15363,15363,12712,12712,12712,15628,15628,15008,15008,16470,16470,16669,16669,16313,16313,16313,15201,15201,14049,14049,14182,14182,16886,16886,16886,17230,17230,17230,16139,16139,16139,14812,14812,14812,15169,15169,15169,13460,13460,13460,12430,12430,13824,13824,13824,14248,14248,14248,15199,15199,14163,14163,14163,16543,16543,16135,16135,16135,16841,16841,16841,16841,15598,15598,15598,15598,16947,16947,16947,16947,15856,15856,15856,17155,17155,17155,15575,15575,15575,16520,16520,16520,17286,17286,17286,16969,16969,16969,16588,16588,16588,15194,15194,15194,15290,15290,15290,15169,15169,15169,16465,16465,14473,14473,11169,11169,14538,14538,13706,13706,13706,10325,10325,10325,13879,13879,13467,13467,12496,12496,15326,15326,15326,15519,15519,15519,12157,12157,12778,12778,14451,14451,12465,12465,13860,13860,14426,14426,14426,12682,12682,12682,14155,14155,14155,14839,14839,12959,12959,9575,9575,13030,13030,13030,11082,11082,11082,13244,13244,13244,14912,14912,14912,13681,13681,11482,11482,11980,11980,13546,13546,13546,12620,12620,12620,15701,15701,15701,14696,14696,15172,15172,14631,14444,14444,13758,13758,10407,10407,10447,10447,8455,8455,8949,8949,8884,8884,8794,8794,6212,5111,5111,4992,4992,8227,8227,8227,8071,8071,8071,10884,10884,10884,9337,9337,9337,6376,6376,6713,6713,8984,8984,8984,11462,11462,11145,11145,8582,8582,8319,8319,4008,4008,8052,8052,8981,8981,8981,8771,8771,8771,6395,6395,6395,6541,6541,7335
37,3.060000000000000497,14515,11328,9555,9555,9703,9703,9703,10572,10572,11348,11348,10464,10464,10208,10208,8744,8744,9782,9782,9782,7239,7239,7239,7239,6875,6875,6875,6875,14864,14864,14864,14864,9792,9792,9792,5118,5118,5118,6303,6303,6303,6303,1294,1294,1294,1294,6253,6253,6253,6253,7001,7001,7001,8176,8176,8176,8655,8655,8655,8655,10121,10121,10121,10121,10907,10907,10907,10907,9650,9650,9650,10591,10591,11448,11448,11448,15842,15842,15842,15842,11973,11973,11973,11438,11438,11438,13112,13112,13472,13472,13472,13444,13444,13444,13063,13063,13063,14115,14115,14115,10026,10026,10026,11568,11568,11568,12248,12248,12248,8300,8300,8300,9048,9048,9048,10827,10827,10827,8346,8346,8346,9293,9293,9293,7518,7518,7518,6953,6953,6953,6953,5540,5540,5540,6714,6714,6714,6381,6381,6381,6327,6327,6327,6327,8865,8865,8865,8865,9263,9263,9263,11784,11784,11784,11784,12733,12733,12733,12733,13921,13921,13921,13921,15321,15321,15321,15321,15158,15158,15158,16682,16682,16682,16071,16071,16071,16071,15233,15233,15233,14413,14413,14413,14413,13758,13758,13758,12142,12142,12142,12652,12652,12652,10876,10876,10876,10527,10527,10527,12535,12535,12535,13138,13138,13138,13618,13618,11593,11593,11593,12553,12553,12553,11998,11998,11998,9655,9655,9655,8090,8090,7759,7759,7759,10614,10614,10614,13855,13855,12476,12476,11052,11052,9414,9414,7707,7707,3199,3199,9023,9023,14768,14768,15118,15118,14057,14057,16369,16369,16369,14832,14832,14832,14275,14275,14384,14384,14384,13282,13282,14281,14281,15427,15427,15723,15723,17173,17173,17173,16918,16918,17053,17053,17053,15832,15832,15832,16769,16769,16769,16071,16071,16071,16071,16114,16114,16114,16421,16421,15450,15450,12944,12944,12762,12762,12762,14143,14143,14143,13738,13738,13738,16089,16089,16089,16250,16250,16250,16495,16495,16925,16925,16773,17155,17155,16981,16981,16981,16501,16501,16765,16765,16584,16584,16539,16539,16730,16730,15953,15953,15875,14543,13550,13550,15765,15765,15523,15523,15523,13736,13736,15679,15679,15679,15473,15473,15473,15086,15086,13338,13338,13264,13264,16056,16056,16056,14223,14223,14223,11950,11950,11950,14523,14523,15604,15604,14381,14381,14717,14717,16181,16181,16181,15383,15383,13825,13825,13693,13693,15397,15397,15397,15462,15462,15462,13926,13926,13926,12920,12920,12920,13058,13058,13058,12436,12436,12436,8628,8628,10851,10851,10851,11421,11421,11421,11727,11727,11636,11636,11636,15016,15016,13627,13627,13627,14951,14951,14951,14951,14078,14078,14078,14078,15422,15422,15422,15422,14829,14829,14829,14845,14845,14845,14824,14824,14824,16179,16179,16179,15660,15660,15660,14699,14699,14699,15558,15558,15558,14198,14198,14198,12891,12891,12891,14239,14239,14239,14325,14325,13459,13459,9783,9783,12397,12397,12525,12525,12525,8080,8080,8080,12466,12466,11521,11521,10014,10014,12441,12441,12441,12663,12663,12663,10869,10869,9187,9187,11204,11204,7864,7864,9581,9581,12090,12090,12090,7603,7603,7603,11570,11570,11570,11009,11009,8227,8227,6678,6678,10997,10997,10997,9519,9519,9519,9302,9302,9302,10882,10882,10882,11566,11566,9166,9166,8631,8631,11269,11269,11269,7690,7690,7690,12393,12393,12393,13998,13998,14243,14243,12617,10314,10314,10205,10205,8580,8580,9065,9065,7038,7038,6210,6210,6351,6351,6250,6250,4664,3125,3125,1735,1735,6453,6453,6453,6434,6434,6434,9239,9239,9239,8697,8697,8697,5796,5796,6377,6377,9218,9218,9218,11012,11012,10017,10017,7534,7534,6053,6053,900,900,5193,5193,7210,7210,7210,6287,6287,6287,6251,6251,6251,5566,5566,5192
38,3.260000000000000231,12513,8673,8623,8623,7895,7895,7895,7137,7137,8379,8379,7268,7268,6419,6419,5401,5401,7924,7924,7924,5919,5919,5919,5919,4861,4861,4861,4861,12052,12052,12052,12052,4596,4596,4596,3004,3004,3004,4662,4662,4662,4662,1722,1722,1722,1722,2530,2530,2530,2530,4367,4367,4367,6208,6208,6208,6281,6281,6281,6281,7489,7489,7489,7489,8409,8409,8409,8409,8723,8723,8723,7252,7252,6686,6686,6686,13054,13054,13054,13054,10272,10272,10272,8338,8338,8338,10323,10323,11442,11442,11442,9257,9257,9257,8808,8808,8808,10915,10915,10915,7280,7280,7280,9401,9401,9401,8473,8473,8473,5902,5902,5902,4365,4365,4365,8145,8145,8145,7163,7163,7163,8614,8614,8614,6977,6977,6977,4682,4682,4682,4682,4987,4987,4987,4884,4884,4884,5236,5236,5236,5988,5988,5988,5988,7667,7667,7667,7667,6434,6434,6434,9198,9198,9198,9198,8991,8991,8991,8991,10415,10415,10415,10415,12257,12257,12257,12257,13715,13715,13715,15952,15952,15952,13323,13323,13323,13323,13272,13272,13272,11349,11349,11349,11349,10215,10215,10215,8456,8456,8456,10945,10945,10945,9520,9520,9520,9676,9676,9676,10665,10665,10665,12093,12093,12093,11520,11520,7236,7236,7236,9310,9310,9310,9952,9952,9952,9461,9461,9461,6811,6811,4600,4600,4600,12517,12517,12517,13192,13192,13172,13172,14859,14859,12817,12817,8733,8733,3248,3248,3903,3903,10738,10738,12713,12713,11240,11240,14233,14233,14233,12564,12564,12564,11595,11595,12794,12794,12794,11257,11257,11053,11053,12991,12991,12980,12980,15780,15780,15780,15757,15757,15920,15920,15920,14807,14807,14807,15912,15912,15912,16053,16053,16053,16053,13159,13159,13159,15248,15248,12325,12325,8361,8361,10077,10077,10077,12612,12612,12612,10679,10679,10679,14236,14236,14236,15810,15810,15810,15637,15637,16002,16002,15861,16237,16237,16472,16472,16472,16018,16018,15827,15827,15076,15076,15419,15419,15647,15647,13583,13583,13518,12877,11586,11586,14039,14039,12986,12986,12986,8691,8691,12902,12902,12902,13971,13971,13971,13058,13058,9065,9065,10712,10712,13991,13991,13991,11231,11231,11231,10581,10581,10581,11491,11491,14042,14042,10226,10226,11042,11042,13858,13858,13858,13531,13531,11916,11916,11353,11353,11978,11978,11978,12325,12325,12325,10684,10684,10684,10592,10592,10592,10145,10145,10145,11126,11126,11126,6079,6079,8192,8192,8192,8173,8173,8173,7444,7444,9190,9190,9190,11292,11292,8945,8945,8945,10896,10896,10896,10896,11443,11443,11443,11443,12558,12558,12558,12558,12336,12336,12336,11315,11315,11315,12730,12730,12730,14175,14175,14175,13026,13026,13026,11271,11271,11271,12816,12816,12816,11939,11939,11939,10271,10271,10271,12448,12448,12448,10270,10270,11858,11858,9449,9449,9741,9741,10858,10858,10858,7656,7656,7656,10611,10611,9530,9530,7982,7982,8818,8818,8818,9046,9046,9046,9538,9538,6329,6329,7755,7755,4659,4659,6081,6081,8968,8968,8968,3806,3806,3806,8241,8241,8241,6862,6862,4314,4314,5375,5375,8431,8431,8431,8293,8293,8293,6242,6242,6242,6616,6616,6616,8979,8979,7451,7451,6391,6391,8578,8578,8578,3872,3872,3872,7691,7691,7691,11754,11754,11371,11371,9750,6252,6252,6903,6903,7729,7729,7911,7911,7150,7150,5051,5051,5985,5985,5293,5293,3805,2498,2498,1660,1660,6090,6090,6090,6208,6208,6208,8558,8558,8558,8419,8419,8419,6441,6441,6768,6768,9444,9444,9444,10359,10359,9426,9426,7268,7268,4974,4974,2681,2681,4506,4506,6286,6286,6286,5028,5028,5028,6236,6236,6236,5063,5063,4348
39,3.460000000000000409,9103,6365,7817,7817,7046,7046,7046,5173,5173,5983,5983,4631,4631,3710,3710,3939,3939,6564,6564,6564,5640,5640,5640,5640,4790,4790,4790,4790,8340,8340,8340,8340,1455,1455,1455,2505,2505,2505,3808,3808,3808,3808,2688,2688,2688,2688,1104,1104,1104,1104,4079,4079,4079,5433,5433,5433,4836,4836,4836,4836,5534,5534,5534,5534,6374,6374,6374,6374,7870,7870,7870,4870,4870,3400,3400,3400,8904,8904,8904,8904,8374,8374,8374,6543,6543,6543,7816,7816,9094,9094,9094,5310,5310,5310,5967,5967,5967,7763,7763,7763,6539,6539,6539,7589,7589,7589,6008,6008,6008,5376,5376,5376,2339,2339,2339,5770,5770,5770,6700,6700,6700,7957,7957,7957,6408,6408,6408,3927,3927,3927,3927,5377,5377,5377,4295,4295,4295,4905,4905,4905,5873,5873,5873,5873,6758,6758,6758,6758,5698,5698,5698,7493,7493,7493,7493,6125,6125,6125,6125,7255,7255,7255,7255,8587,8587,8587,8587,10971,10971,10971,12986,12986,12986,8539,8539,8539,8539,10376,10376,10376,7975,7975,7975,7975,7209,7209,7209,6339,6339,6339,9476,9476,9476,8758,8758,8758,9259,9259,9259,9594,9594,9594,11186,11186,11186,9824,9824,5665,5665,5665,7045,7045,7045,9167,9167,9167,9862,9862,9862,7720,7720,4376,4376,4376,12449,12449,12449,10172,10172,11995,11995,15209,15209,14094,14094,9392,9392,4849,4849,1352,1352,6174,6174,8941,8941,7872,7872,9489,9489,9489,9632,9632,9632,8764,8764,10490,10490,10490,9402,9402,6841,6841,9852,9852,9266,9266,12837,12837,12837,13150,13150,12400,12400,12400,12718,12718,12718,13379,13379,13379,14779,14779,14779,14779,9022,9022,9022,12176,12176,8390,8390,4533,4533,7635,7635,7635,10544,10544,10544,8418,8418,8418,10825,10825,10825,13914,13914,13914,13099,13099,13576,13576,13251,14114,14114,14977,14977,14977,14349,14349,13071,13071,10969,10969,12612,12612,12467,12467,9388,9388,10342,10692,9155,9155,10953,10953,9956,9956,9956,4934,4934,9211,9211,9211,11296,11296,11296,10410,10410,5984,5984,8902,8902,10494,10494,10494,8789,8789,8789,9443,9443,9443,8623,8623,11081,11081,6126,6126,7387,7387,9868,9868,9868,10837,10837,9924,9924,9281,9281,7277,7277,7277,8321,8321,8321,7634,7634,7634,8691,8691,8691,8395,8395,8395,9917,9917,9917,5900,5900,7148,7148,7148,6747,6747,6747,5438,5438,8122,8122,8122,7453,7453,6348,6348,6348,6936,6936,6936,6936,9671,9671,9671,9671,9820,9820,9820,9820,9806,9806,9806,7801,7801,7801,9894,9894,9894,10124,10124,10124,9334,9334,9334,8711,8711,8711,10129,10129,10129,9439,9439,9439,8465,8465,8465,10301,10301,10301,6696,6696,9821,9821,9639,9639,6996,6996,8914,8914,8914,8710,8710,8710,8960,8960,8223,8223,7208,7208,6903,6903,6903,6838,6838,6838,8682,8682,5788,5788,5486,5486,4844,4844,4107,4107,6420,6420,6420,3366,3366,3366,5779,5779,5779,4171,4171,3095,3095,5610,5610,6499,6499,6499,8009,8009,8009,5196,5196,5196,4658,4658,4658,7203,7203,7080,7080,6432,6432,6790,6790,6790,3837,3837,3837,4703,4703,4703,9126,9126,8530,8530,7252,4023,4023,5433,5433,7580,7580,7321,7321,7777,7777,5279,5279,6327,6327,5351,5351,3723,3037,3037,3032,3032,6017,6017,6017,6526,6526,6526,7842,7842,7842,7688,7688,7688,6559,6559,6744,6744,9020,9020,9020,9282,9282,8735,8735,6731,6731,4650,4650,5521,5521,4825,4825,5653,5653,5653,4690,4690,4690,5665,5665,5665,4613,4613,4027
40,3.660000000000000142,6542,5547,7038,7038,6507,6507,6507,4934,4934,4878,4878,3279,3279,2333,2333,3851,3851,5530,5530,5530,5503,5503,5503,5503,5165,5165,5165,5165,5170,5170,5170,5170,1138,1138,1138,2341,2341,2341,2788,2788,2788,2788,3020,3020,3020,3020,778,778,778,778,4459,4459,4459,4723,4723,4723,3724,3724,3724,3724,4308,4308,4308,4308,4923,4923,4923,4923,6899,6899,6899,3743,3743,2782,2782,2782,4557,4557,4557,4557,7066,7066,7066,6243,6243,6243,6932,6932,7520,7520,7520,4257,4257,4257,4967,4967,4967,5423,5423,5423,6781,6781,6781,6190,6190,6190,4917,4917,4917,5034,5034,5034,1438,1438,1438,3493,3493,3493,5634,5634,5634,6402,6402,6402,5056,5056,5056,3375,3375,3375,3375,4984,4984,4984,3635,3635,3635,4216,4216,4216,4747,4747,4747,4747,5395,5395,5395,5395,5250,5250,5250,6325,6325,6325,6325,4956,4956,4956,4956,5859,5859,5859,5859,5829,5829,5829,5829,8018,8018,8018,7866,7866,7866,4635,4635,4635,4635,8129,8129,8129,6251,6251,6251,6251,5987,5987,5987,6065,6065,6065,8020,8020,8020,7882,7882,7882,7968,7968,7968,8687,8687,8687,10077,10077,10077,8596,8596,6892,6892,6892,6444,6444,6444,8726,8726,8726,9642,9642,9642,9374,9374,5745,5745,5745,9919,9919,9919,6259,6259,9773,9773,13362,13362,12946,12946,9160,9160,6318,6318,1381,1381,2822,2822,6206,6206,5665,5665,4757,4757,4757,7338,7338,7338,6328,6328,8322,8322,8322,7709,7709,4900,4900,7254,7254,6810,6810,9036,9036,9036,10149,10149,8154,8154,8154,11083,11083,11083,10142,10142,10142,13090,13090,13090,13090,6527,6527,6527,8393,8393,5696,5696,3710,3710,6429,6429,6429,8726,8726,8726,7664,7664,7664,8286,8286,8286,10900,10900,10900,10436,10436,11009,11009,10698,11119,11119,12417,12417,12417,12244,12244,9514,9514,7523,7523,9503,9503,8223,8223,6127,6127,7890,8684,7312,7312,8078,8078,7920,7920,7920,4694,4694,6367,6367,6367,9245,9245,9245,8276,8276,5815,5815,7996,7996,6902,6902,6902,7347,7347,7347,8383,8383,8383,6731,6731,8139,8139,4349,4349,5249,5249,6448,6448,6448,8250,8250,8589,8589,7695,7695,5090,5090,5090,5440,5440,5440,6477,6477,6477,7931,7931,7931,7590,7590,7590,8582,8582,8582,6308,6308,6854,6854,6854,6304,6304,6304,5582,5582,7995,7995,7995,5401,5401,5862,5862,5862,4846,4846,4846,4846,8753,8753,8753,8753,7834,7834,7834,7834,8673,8673,8673,5694,5694,5694,7978,7978,7978,6901,6901,6901,6606,6606,6606,7614,7614,7614,8147,8147,8147,7975,7975,7975,7874,7874,7874,8244,8244,8244,5079,5079,7612,7612,8740,8740,5035,5035,7166,7166,7166,9089,9089,9089,7188,7188,7310,7310,6775,6775,6192,6192,6192,6470,6470,6470,7700,7700,6844,6844,4975,4975,6257,6257,4185,4185,5367,5367,5367,5036,5036,5036,4630,4630,4630,3101,3101,3386,3386,5617,5617,5640,5640,5640,7697,7697,7697,5584,5584,5584,4699,4699,4699,5956,5956,7049,7049,7129,7129,6010,6010,6010,5589,5589,5589,4104,4104,4104,6795,6795,6489,6489,5725,4064,4064,4964,4964,6812,6812,6403,6403,7460,7460,5550,5550,5677,5677,4571,4571,3216,2804,2804,3317,3317,5116,5116,5116,6070,6070,6070,5870,5870,5870,5421,5421,5421,4948,4948,5293,5293,7341,7341,7341,7528,7528,7273,7273,5083,5083,3949,3949,6208,6208,4411,4411,4499,4499,4499,3964,3964,3964,4017,4017,4017,3367,3367,3319
41,3.86000000000000032,5227,4718,5625,5625,5502,5502,5502,5159,5159,4404,4404,2556,2556,1446,1446,3713,3713,3521,3521,3521,4346,4346,4346,4346,4432,4432,4432,4432,2344,2344,2344,2344,1497,1497,1497,1352,1352,1352,981,981,981,981,2052,2052,2052,2052,198,198,198,198,3463,3463,3463,3023,3023,3023,1841,1841,1841,1841,2608,2608,2608,2608,3302,3302,3302,3302,5186,5186,5186,2977,2977,3169,3169,3169,1877,1877,1877,1877,5624,5624,5624,6417,6417,6417,6273,6273,6103,6103,6103,4397,4397,4397,4598,4598,4598,3757,3757,3757,6237,6237,6237,4462,4462,4462,3693,3693,3693,3464,3464,3464,522,522,522,1001,1001,1001,3434,3434,3434,3645,3645,3645,2593,2593,2593,1983,1983,1983,1983,3120,3120,3120,2179,2179,2179,2447,2447,2447,2442,2442,2442,2442,2531,2531,2531,2531,3815,3815,3815,4378,4378,4378,4378,4026,4026,4026,4026,4741,4741,4741,4741,4618,4618,4618,4618,4785,4785,4785,2249,2249,2249,3222,3222,3222,3222,6426,6426,6426,5351,5351,5351,5351,5207,5207,5207,5530,5530,5530,5741,5741,5741,5654,5654,5654,5193,5193,5193,6615,6615,6615,7811,7811,7811,6888,6888,7415,7415,7415,5321,5321,5321,7070,7070,7070,7799,7799,7799,9426,9426,6535,6535,6535,5618,5618,5618,2938,2938,6392,6392,9979,9979,9975,9975,7921,7921,6634,6634,2536,2536,1352,1352,4469,4469,3876,3876,1378,1378,1378,5251,5251,5251,4337,4337,5755,5755,5755,5457,5457,4226,4226,5649,5649,6074,6074,6627,6627,6627,7520,7520,4141,4141,4141,10355,10355,10355,6909,6909,6909,10438,10438,10438,10438,6873,6873,6873,4968,4968,4470,4470,4301,4301,5631,5631,5631,6921,6921,6921,7014,7014,7014,6054,6054,6054,7373,7373,7373,7386,7386,8195,8195,7821,7671,7671,9220,9220,9220,9703,9703,6169,6169,5742,5742,6786,6786,4556,4556,5558,5558,6721,6339,5539,5539,5798,5798,6855,6855,6855,5999,5999,5033,5033,5033,7215,7215,7215,6338,6338,6409,6409,6321,6321,4566,4566,4566,6102,6102,6102,6636,6636,6636,5719,5719,5498,5498,4286,4286,4077,4077,4044,4044,4044,6105,6105,7140,7140,6513,6513,4759,4759,4759,4980,4980,4980,5421,5421,5421,6576,6576,6576,6229,6229,6229,5978,5978,5978,5673,5673,5540,5540,5540,5253,5253,5253,5335,5335,6754,6754,6754,4530,4530,6333,6333,6333,4541,4541,4541,4541,7623,7623,7623,7623,6597,6597,6597,6597,7540,7540,7540,5496,5496,5496,6676,6676,6676,4891,4891,4891,5516,5516,5516,7018,7018,7018,6799,6799,6799,6690,6690,6690,6709,6709,6709,5570,5570,5570,4294,4294,4073,4073,5794,5794,2474,2474,4436,4436,4436,7571,7571,7571,4721,4721,5621,5621,5557,5557,4816,4816,4816,5725,5725,5725,5829,5829,7024,7024,4511,4511,5972,5972,4246,4246,4167,4167,4167,5932,5932,5932,3400,3400,3400,2463,2463,3327,3327,4231,4231,4537,4537,4537,6276,6276,6276,5528,5528,5528,4123,4123,4123,4412,4412,5829,5829,6288,6288,4839,4839,4839,6372,6372,6372,3961,3961,3961,3956,3956,4727,4727,3932,3978,3978,3719,3719,4779,4779,4398,4398,5431,5431,4579,4579,3397,3397,2667,2667,1467,1129,1129,1759,1759,3090,3090,3090,4071,4071,4071,2776,2776,2776,1682,1682,1682,1628,1628,2557,2557,4609,4609,4609,5113,5113,4383,4383,2804,2804,2215,2215,3952,3952,2647,2647,2413,2413,2413,2364,2364,2364,1987,1987,1987,1934,1934,1975
42,4.060000000000000497,4248,3201,3274,3274,3535,3535,3535,4155,4155,3385,3385,1909,1909,340,340,2567,2567,1140,1140,1140,2323,2323,2323,2323,2396,2396,2396,2396,76,76,76,76,1142,1142,1142,-318,-318,-318,-1431,-1431,-1431,-1431,-13,-13,-13,-13,-885,-885,-885,-885,1199,1199,1199,638,638,638,-198,-198,-198,-198,487,487,487,487,1247,1247,1247,1247,2420,2420,2420,1696,1696,2830,2830,2830,4,4,4,4,3835,3835,3835,5508,5508,5508,4663,4663,4005,4005,4005,3786,3786,3786,3250,3250,3250,1635,1635,1635,4178,4178,4178,2142,2142,2142,1691,1691,1691,897,897,897,-688,-688,-688,-1649,-1649,-1649,621,621,621,520,520,520,-171,-171,-171,-111,-111,-111,-111,495,495,495,-86,-86,-86,258,258,258,-184,-184,-184,-184,-338,-338,-338,-338,960,960,960,1635,1635,1635,1635,2180,2180,2180,2180,3143,3143,3143,3143,3366,3366,3366,3366,1590,1590,1590,-1678,-1678,-1678,2481,2481,2481,2481,4776,4776,4776,4000,4000,4000,4000,3675,3675,3675,3696,3696,3696,2455,2455,2455,2457,2457,2457,1454,1454,1454,3075,3075,3075,4009,4009,4009,4160,4160,5957,5957,5957,3334,3334,3334,3630,3630,3630,4218,4218,4218,6974,6974,5229,5229,5229,796,796,796,843,843,3180,3180,6077,6077,5675,5675,5622,5622,5384,5384,3040,3040,763,763,3035,3035,2412,2412,-664,-664,-664,3224,3224,3224,2316,2316,2326,2326,2326,2610,2610,3427,3427,3733,3733,5332,5332,4700,4700,4700,5349,5349,1941,1941,1941,9253,9253,9253,5032,5032,5032,7436,7436,7436,7436,7893,7893,7893,2239,2239,3151,3151,4235,4235,3851,3851,3851,4429,4429,4429,5235,5235,5235,4135,4135,4135,3884,3884,3884,4779,4779,5847,5847,5688,4912,4912,6494,6494,6494,7223,7223,3960,3960,4113,4113,4368,4368,1676,1676,4896,4896,5098,3874,3469,3469,3947,3947,5418,5418,5418,6511,6511,3472,3472,3472,5366,5366,5366,4401,4401,5719,5719,3789,3789,2155,2155,2155,4191,4191,4191,3691,3691,3691,4307,4307,2866,2866,3963,3963,2256,2256,2354,2354,2354,3472,3472,4940,4940,4565,4565,4486,4486,4486,4315,4315,4315,3623,3623,3623,3691,3691,3691,3768,3768,3768,1956,1956,1956,3023,3023,2379,2379,2379,2634,2634,2634,3493,3493,4403,4403,4403,3421,3421,5557,5557,5557,3787,3787,3787,3787,4884,4884,4884,4884,4041,4041,4041,4041,5281,5281,5281,4648,4648,4648,5009,5009,5009,3186,3186,3186,4147,4147,4147,5011,5011,5011,4555,4555,4555,4700,4700,4700,4521,4521,4521,1984,1984,1984,2995,2995,918,918,1582,1582,74,74,1277,1277,1277,3887,3887,3887,1658,1658,2810,2810,3006,3006,2319,2319,2319,3595,3595,3595,2921,2921,5134,5134,2965,2965,3592,3592,3044,3044,2321,2321,2321,4724,4724,4724,1570,1570,1570,1058,1058,2020,2020,1800,1800,2738,2738,2738,3492,3492,3492,4102,4102,4102,2229,2229,2229,1792,1792,3301,3301,3624,3624,2582,2582,2582,4853,4853,4853,2501,2501,2501,518,518,2235,2235,1798,2685,2685,1230,1230,1619,1619,1466,1466,1733,1733,2330,2330,645,645,-257,-257,-702,-1211,-1211,-507,-507,411,411,411,1194,1194,1194,-1195,-1195,-1195,-2131,-2131,-2131,-1331,-1331,-179,-179,1565,1565,1565,2311,2311,1811,1811,200,200,-49,-49,472,472,289,289,182,182,182,510,510,510,-175,-175,-175,268,268,593
43,4.260000000000000675,2404,755,362,362,1010,1010,1010,1922,1922,1790,1790,963,963,-544,-544,670,670,-1721,-1721,-1721,-71,-71,-71,-71,-364,-364,-364,-364,-2377,-2377,-2377,-2377,-157,-157,-157,-2338,-2338,-2338,-3589,-3589,-3589,-3589,-1942,-1942,-1942,-1942,-2129,-2129,-2129,-2129,-1706,-1706,-1706,-2022,-2022,-2022,-2182,-2182,-2182,-2182,-1904,-1904,-1904,-1904,-832,-832,-832,-832,-431,-431,-431,-35,-35,1136,1136,1136,-1409,-1409,-1409,-1409,1183,1183,1183,3007,3007,3007,1680,1680,1002,1002,1002,1679,1679,1679,876,876,876,-448,-448,-448,917,917,917,-343,-343,-343,-779,-779,-779,-1759,-1759,-1759,-1720,-1720,-1720,-3789,-3789,-3789,-2147,-2147,-2147,-2668,-2668,-2668,-2504,-2504,-2504,-1744,-1744,-1744,-1744,-2074,-2074,-2074,-2010,-2010,-2010,-1830,-1830,-1830,-2223,-2223,-2223,-2223,-2801,-2801,-2801,-2801,-1755,-1755,-1755,-1781,-1781,-1781,-1781,-709,-709,-709,-709,224,224,224,224,1118,1118,1118,1118,-1433,-1433,-1433,-3513,-3513,-3513,1656,1656,1656,1656,2009,2009,2009,1172,1172,1172,1172,987,987,987,1060,1060,1060,-1167,-1167,-1167,-1501,-1501,-1501,-2169,-2169,-2169,-1111,-1111,-1111,-347,-347,-347,261,261,2296,2296,2296,345,345,345,-965,-965,-965,305,305,305,2887,2887,2284,2284,2284,-2832,-2832,-2832,-572,-572,174,174,2391,2391,1508,1508,2720,2720,2753,2753,2469,2469,69,69,1315,1315,577,577,-1572,-1572,-1572,577,577,577,64,64,-1479,-1479,-1479,-538,-538,1556,1556,967,967,3470,3470,2612,2612,2612,2838,2838,1112,1112,1112,6408,6408,6408,2584,2584,2584,2759,2759,2759,2759,7270,7270,7270,134,134,873,873,2403,2403,1148,1148,1148,1056,1056,1056,2093,2093,2093,1240,1240,1240,484,484,484,1466,1466,3151,3151,2634,1811,1811,3281,3281,3281,4083,4083,1675,1675,2275,2275,1583,1583,-507,-507,3508,3508,2885,780,887,887,1123,1123,2775,2775,2775,5010,5010,1634,1634,1634,2289,2289,2289,1755,1755,3089,3089,-22,-22,-534,-534,-534,1304,1304,1304,534,534,534,1935,1935,-65,-65,2467,2467,-137,-137,36,36,36,648,648,1379,1379,1908,1908,2972,2972,2972,2760,2760,2760,241,241,241,44,44,44,20,20,20,-1516,-1516,-1516,-151,-151,-838,-838,-838,-566,-566,-566,-45,-45,-129,-129,-129,1216,1216,2713,2713,2713,1782,1782,1782,1782,1180,1180,1180,1180,899,899,899,899,1663,1663,1663,2712,2712,2712,2216,2216,2216,1033,1033,1033,2331,2331,2331,2313,2313,2313,1264,1264,1264,1450,1450,1450,1243,1243,1243,-1475,-1475,-1475,205,205,-2737,-2737,-2349,-2349,-1944,-1944,-2173,-2173,-2173,-288,-288,-288,-1441,-1441,-526,-526,-207,-207,-850,-850,-850,191,191,191,-193,-193,1312,1312,616,616,428,428,764,764,-466,-466,-466,1839,1839,1839,-560,-560,-560,-619,-619,-169,-169,-1008,-1008,186,186,186,256,256,256,1181,1181,1181,-497,-497,-497,-916,-916,310,310,116,116,-163,-163,-163,1732,1732,1732,16,16,16,-2486,-2486,-479,-479,-903,81,81,-1341,-1341,-1741,-1741,-1326,-1326,-1786,-1786,-671,-671,-1953,-1953,-2479,-2479,-2275,-2601,-2601,-2263,-2263,-2253,-2253,-2253,-1854,-1854,-1854,-4295,-4295,-4295,-5340,-5340,-5340,-3490,-3490,-1974,-1974,-1011,-1011,-1011,-518,-518,-822,-822,-1618,-1618,-1675,-1675,-2039,-2039,-1769,-1769,-1649,-1649,-1649,-1258,-1258,-1258,-1759,-1759,-1759,-1063,-1063,-751
44,4.459999999999999964,355,-1595,-2307,-2307,-1631,-1631,-1631,-816,-816,-264,-264,28,28,-1238,-1238,-1607,-1607,-3579,-3579,-3579,-2108,-2108,-2108,-2108,-2463,-2463,-2463,-2463,-4283,-4283,-4283,-4283,-1994,-1994,-1994,-3861,-3861,-3861,-4871,-4871,-4871,-4871,-3231,-3231,-3231,-3231,-2855,-2855,-2855,-2855,-4034,-4034,-4034,-3723,-3723,-3723,-3265,-3265,-3265,-3265,-3488,-3488,-3488,-3488,-2693,-2693,-2693,-2693,-2861,-2861,-2861,-1950,-1950,-731,-731,-731,-2551,-2551,-2551,-2551,-1361,-1361,-1361,-262,-262,-262,-1592,-1592,-2294,-2294,-2294,-712,-712,-712,-1591,-1591,-1591,-2596,-2596,-2596,-2187,-2187,-2187,-2581,-2581,-2581,-2942,-2942,-2942,-3525,-3525,-3525,-2264,-2264,-2264,-4604,-4604,-4604,-3870,-3870,-3870,-4391,-4391,-4391,-3607,-3607,-3607,-2748,-2748,-2748,-2748,-3432,-3432,-3432,-3101,-3101,-3101,-2876,-2876,-2876,-3301,-3301,-3301,-3301,-4252,-4252,-4252,-4252,-3590,-3590,-3590,-4096,-4096,-4096,-4096,-3348,-3348,-3348,-3348,-2126,-2126,-2126,-2126,-1778,-1778,-1778,-1778,-3733,-3733,-3733,-4404,-4404,-4404,-132,-132,-132,-132,-1153,-1153,-1153,-1692,-1692,-1692,-1692,-2098,-2098,-2098,-1834,-1834,-1834,-3990,-3990,-3990,-4272,-4272,-4272,-4426,-4426,-4426,-4534,-4534,-4534,-4231,-4231,-4231,-3415,-3415,-1015,-1015,-1015,-2313,-2313,-2313,-4095,-4095,-4095,-3198,-3198,-3198,-1812,-1812,-960,-960,-960,-4386,-4386,-4386,-1551,-1551,-1643,-1643,-721,-721,-2158,-2158,-699,-699,-89,-89,842,842,-613,-613,-792,-792,-945,-945,-1727,-1727,-1727,-1753,-1753,-1753,-1933,-1933,-4369,-4369,-4369,-3464,-3464,-793,-793,-2175,-2175,113,113,20,20,20,-838,-838,578,578,578,1674,1674,1674,-114,-114,-114,-2356,-2356,-2356,-2356,4132,4132,4132,-1422,-1422,-2108,-2108,-211,-211,-1827,-1827,-1827,-2323,-2323,-2323,-1733,-1733,-1733,-1559,-1559,-1559,-2447,-2447,-2447,-1671,-1671,-208,-208,-593,-1032,-1032,-31,-31,-31,286,286,-884,-884,-359,-359,-1664,-1664,-2468,-2468,436,436,-324,-2194,-1636,-1636,-1694,-1694,-429,-429,-429,1892,1892,-738,-738,-738,-913,-913,-913,-1251,-1251,-118,-118,-2874,-2874,-2653,-2653,-2653,-2254,-2254,-2254,-2799,-2799,-2799,-1118,-1118,-2893,-2893,-114,-114,-2643,-2643,-2209,-2209,-2209,-2227,-2227,-1980,-1980,-1614,-1614,610,610,610,-132,-132,-132,-2643,-2643,-2643,-3420,-3420,-3420,-3157,-3157,-3157,-4751,-4751,-4751,-3238,-3238,-4064,-4064,-4064,-3815,-3815,-3815,-3144,-3144,-3456,-3456,-3456,-1599,-1599,-646,-646,-646,-986,-986,-986,-986,-2809,-2809,-2809,-2809,-2767,-2767,-2767,-2767,-2426,-2426,-2426,-519,-519,-519,-1288,-1288,-1288,-1190,-1190,-1190,-41,-41,-41,-1072,-1072,-1072,-2346,-2346,-2346,-2028,-2028,-2028,-2505,-2505,-2505,-4041,-4041,-4041,-2165,-2165,-4906,-4906,-4860,-4860,-3305,-3305,-4453,-4453,-4453,-3873,-3873,-3873,-3699,-3699,-3418,-3418,-2647,-2647,-3288,-3288,-3288,-2759,-2759,-2759,-3149,-3149,-2668,-2668,-2103,-2103,-2393,-2393,-1857,-1857,-3063,-3063,-3063,-1333,-1333,-1333,-2514,-2514,-2514,-1906,-1906,-2136,-2136,-3120,-3120,-2498,-2498,-2498,-2915,-2915,-2915,-1601,-1601,-1601,-2250,-2250,-2250,-3142,-3142,-2428,-2428,-2874,-2874,-2845,-2845,-2845,-1699,-1699,-1699,-2631,-2631,-2631,-5006,-5006,-3192,-3192,-3263,-2313,-2313,-3460,-3460,-4123,-4123,-3637,-3637,-4360,-4360,-3129,-3129,-3339,-3339,-3435,-3435,-2823,-2678,-2678,-2699,-2699,-3946,-3946,-3946,-4321,-4321,-4321,-6359,-6359,-6359,-6557,-6557,-6557,-4206,-4206,-2916,-2916,-3013,-3013,-3013,-2512,-2512,-2913,-2913,-2695,-2695,-2483,-2483,-2794,-2794,-2758,-2758,-2587,-2587,-2587,-2285,-2285,-2285,-2599,-2599,-2599,-2006,-2006,-1602
45,4.660000000000000142,-1838,-3536,-4450,-4450,-3863,-3863,-3863,-3238,-3238,-2308,-2308,-1233,-1233,-1788,-1788,-3500,-3500,-4822,-4822,-4822,-3622,-3622,-3622,-3622,-3944,-3944,-3944,-3944,-5281,-5281,-5281,-5281,-3956,-3956,-3956,-4783,-4783,-4783,-5208,-5208,-5208,-5208,-3470,-3470,-3470,-3470,-2975,-2975,-2975,-2975,-5070,-5070,-5070,-4671,-4671,-4671,-3949,-3949,-3949,-3949,-4476,-4476,-4476,-4476,-3985,-3985,-3985,-3985,-4679,-4679,-4679,-3704,-3704,-2868,-2868,-2868,-3441,-3441,-3441,-3441,-4057,-4057,-4057,-3733,-3733,-3733,-4640,-4640,-5044,-5044,-5044,-3106,-3106,-3106,-3668,-3668,-3668,-4150,-4150,-4150,-4420,-4420,-4420,-4288,-4288,-4288,-4352,-4352,-4352,-4363,-4363,-4363,-2430,-2430,-2430,-4386,-4386,-4386,-4482,-4482,-4482,-5117,-5117,-5117,-3924,-3924,-3924,-2961,-2961,-2961,-2961,-3700,-3700,-3700,-3360,-3360,-3360,-3262,-3262,-3262,-3797,-3797,-3797,-3797,-4710,-4710,-4710,-4710,-4266,-4266,-4266,-5620,-5620,-5620,-5620,-5420,-5420,-5420,-5420,-4539,-4539,-4539,-4539,-4763,-4763,-4763,-4763,-5483,-5483,-5483,-4611,-4611,-4611,-2182,-2182,-2182,-2182,-4397,-4397,-4397,-4136,-4136,-4136,-4136,-4619,-4619,-4619,-4586,-4586,-4586,-5993,-5993,-5993,-6191,-6191,-6191,-5802,-5802,-5802,-6899,-6899,-6899,-6896,-6896,-6896,-5991,-5991,-3815,-3815,-3815,-4615,-4615,-4615,-6344,-6344,-6344,-5598,-5598,-5598,-5570,-5570,-3813,-3813,-3813,-4728,-4728,-4728,-2632,-2632,-3111,-3111,-3834,-3834,-4932,-4932,-3659,-3659,-3007,-3007,-1637,-1637,-1713,-1713,-3154,-3154,-2659,-2659,-1600,-1600,-1600,-3943,-3943,-3943,-3786,-3786,-6467,-6467,-6467,-5321,-5321,-3280,-3280,-5047,-5047,-3472,-3472,-2778,-2778,-2778,-4436,-4436,-34,-34,-34,-3998,-3998,-3998,-3379,-3379,-3379,-7016,-7016,-7016,-7016,-541,-541,-541,-2434,-2434,-4881,-4881,-3608,-3608,-4469,-4469,-4469,-5151,-5151,-5151,-4784,-4784,-4784,-4182,-4182,-4182,-5111,-5111,-5111,-4871,-4871,-3718,-3718,-4000,-3971,-3971,-3817,-3817,-3817,-3511,-3511,-3092,-3092,-2880,-2880,-4719,-4719,-3988,-3988,-2437,-2437,-3756,-4913,-4027,-4027,-4102,-4102,-4107,-4107,-4107,-1597,-1597,-2797,-2797,-2797,-4177,-4177,-4177,-3704,-3704,-3087,-3087,-4640,-4640,-4140,-4140,-4140,-5116,-5116,-5116,-5260,-5260,-5260,-3819,-3819,-5117,-5117,-3329,-3329,-4629,-4629,-4399,-4399,-4399,-4845,-4845,-5334,-5334,-4755,-4755,-2483,-2483,-2483,-2957,-2957,-2957,-4957,-4957,-4957,-6061,-6061,-6061,-5698,-5698,-5698,-6878,-6878,-6878,-5415,-5415,-6006,-6006,-6006,-6011,-6011,-6011,-5535,-5535,-6309,-6309,-6309,-4365,-4365,-4115,-4115,-4115,-3833,-3833,-3833,-3833,-5989,-5989,-5989,-5989,-5289,-5289,-5289,-5289,-5630,-5630,-5630,-3166,-3166,-3166,-4254,-4254,-4254,-3897,-3897,-3897,-2229,-2229,-2229,-3829,-3829,-3829,-5648,-5648,-5648,-4965,-4965,-4965,-5249,-5249,-5249,-5744,-5744,-5744,-4396,-4396,-6173,-6173,-6523,-6523,-4326,-4326,-5913,-5913,-5913,-5948,-5948,-5948,-5016,-5016,-5597,-5597,-4659,-4659,-4885,-4885,-4885,-5116,-5116,-5116,-5301,-5301,-5427,-5427,-4413,-4413,-4387,-4387,-4135,-4135,-5283,-5283,-5283,-3894,-3894,-3894,-3923,-3923,-3923,-3198,-3198,-3581,-3581,-4333,-4333,-4309,-4309,-4309,-5182,-5182,-5182,-4140,-4140,-4140,-3610,-3610,-3610,-4419,-4419,-4627,-4627,-4756,-4756,-4933,-4933,-4933,-4164,-4164,-4164,-4611,-4611,-4611,-6345,-6345,-5221,-5221,-5014,-4576,-4576,-4726,-4726,-5543,-5543,-5017,-5017,-5860,-5860,-4892,-4892,-3955,-3955,-3603,-3603,-2721,-2268,-2268,-2646,-2646,-4803,-4803,-4803,-5859,-5859,-5859,-7255,-7255,-7255,-6474,-6474,-6474,-3762,-3762,-3144,-3144,-4399,-4399,-4399,-4529,-4529,-4281,-4281,-3036,-3036,-2468,-2468,-2521,-2521,-2856,-2856,-3070,-3070,-3070,-2977,-2977,-2977,-2830,-2830,-2830,-2391,-2391,-1968
46,4.86000000000000032,-3589,-4502,-5517,-5517,-5351,-5351,-5351,-5041,-5041,-3817,-3817,-2366,-2366,-2135,-2135,-4606,-4606,-5090,-5090,-5090,-4440,-4440,-4440,-4440,-4507,-4507,-4507,-4507,-5361,-5361,-5361,-5361,-5147,-5147,-5147,-4871,-4871,-4871,-4648,-4648,-4648,-4648,-2701,-2701,-2701,-2701,-2495,-2495,-2495,-2495,-4889,-4889,-4889,-4811,-4811,-4811,-3898,-3898,-3898,-3898,-4636,-4636,-4636,-4636,-4395,-4395,-4395,-4395,-5506,-5506,-5506,-4576,-4576,-4040,-4040,-4040,-3913,-3913,-3913,-3913,-5914,-5914,-5914,-6147,-6147,-6147,-6642,-6642,-6687,-6687,-6687,-4314,-4314,-4314,-4889,-4889,-4889,-4988,-4988,-4988,-5628,-5628,-5628,-5217,-5217,-5217,-4845,-4845,-4845,-4209,-4209,-4209,-2258,-2258,-2258,-3469,-3469,-3469,-4357,-4357,-4357,-4776,-4776,-4776,-3646,-3646,-3646,-2575,-2575,-2575,-2575,-3330,-3330,-3330,-3057,-3057,-3057,-3164,-3164,-3164,-3712,-3712,-3712,-3712,-4299,-4299,-4299,-4299,-3920,-3920,-3920,-5794,-5794,-5794,-5794,-6150,-6150,-6150,-6150,-5777,-5777,-5777,-5777,-6859,-6859,-6859,-6859,-6572,-6572,-6572,-4732,-4732,-4732,-4509,-4509,-4509,-4509,-7190,-7190,-7190,-5695,-5695,-5695,-5695,-6305,-6305,-6305,-6061,-6061,-6061,-6755,-6755,-6755,-6888,-6888,-6888,-5888,-5888,-5888,-7317,-7317,-7317,-7981,-7981,-7981,-7043,-7043,-4993,-4993,-4993,-5677,-5677,-5677,-7001,-7001,-7001,-6756,-6756,-6756,-7713,-7713,-5546,-5546,-5546,-4451,-4451,-4451,-3694,-3694,-4133,-4133,-6396,-6396,-7068,-7068,-5848,-5848,-4835,-4835,-3720,-3720,-3120,-3120,-5232,-5232,-4112,-4112,-1904,-1904,-1904,-5631,-5631,-5631,-5148,-5148,-7213,-7213,-7213,-6171,-6171,-4798,-4798,-6584,-6584,-6531,-6531,-5173,-5173,-5173,-7424,-7424,-1238,-1238,-1238,-8397,-8397,-8397,-5979,-5979,-5979,-9948,-9948,-9948,-9948,-5215,-5215,-5215,-3219,-3219,-6781,-6781,-5633,-5633,-6267,-6267,-6267,-6935,-6935,-6935,-6745,-6745,-6745,-5804,-5804,-5804,-6869,-6869,-6869,-7144,-7144,-6748,-6748,-6658,-6370,-6370,-6512,-6512,-6512,-7005,-7005,-5277,-5277,-5161,-5161,-6864,-6864,-5468,-5468,-5417,-5417,-6314,-6730,-5443,-5443,-5987,-5987,-7025,-7025,-7025,-4652,-4652,-4801,-4801,-4801,-6079,-6079,-6079,-5818,-5818,-5225,-5225,-5463,-5463,-5047,-5047,-5047,-7022,-7022,-7022,-6916,-6916,-6916,-5701,-5701,-6546,-6546,-5505,-5505,-5497,-5497,-6006,-6006,-6006,-6607,-6607,-7539,-7539,-7056,-7056,-4963,-4963,-4963,-5186,-5186,-5186,-6325,-6325,-6325,-7479,-7479,-7479,-6920,-6920,-6920,-7526,-7526,-7526,-5996,-5996,-6505,-6505,-6505,-6608,-6608,-6608,-6429,-6429,-7583,-7583,-7583,-6135,-6135,-6541,-6541,-6541,-5663,-5663,-5663,-5663,-7737,-7737,-7737,-7737,-6693,-6693,-6693,-6693,-7919,-7919,-7919,-5456,-5456,-5456,-6831,-6831,-6831,-5758,-5758,-5758,-4374,-4374,-4374,-5602,-5602,-5602,-7744,-7744,-7744,-7381,-7381,-7381,-6805,-6805,-6805,-6566,-6566,-6566,-5571,-5571,-6382,-6382,-6942,-6942,-4788,-4788,-6120,-6120,-6120,-6705,-6705,-6705,-5445,-5445,-6086,-6086,-5533,-5533,-5182,-5182,-5182,-5870,-5870,-5870,-6273,-6273,-6707,-6707,-5435,-5435,-5297,-5297,-5133,-5133,-6184,-6184,-6184,-5127,-5127,-5127,-4523,-4523,-4523,-3576,-3576,-4125,-4125,-4609,-4609,-5213,-5213,-5213,-6140,-6140,-6140,-5600,-5600,-5600,-3923,-3923,-3923,-4825,-4825,-5576,-5576,-5532,-5532,-5731,-5731,-5731,-5234,-5234,-5234,-5301,-5301,-5301,-6544,-6544,-6425,-6425,-6022,-5420,-5420,-4762,-4762,-5901,-5901,-5365,-5365,-5711,-5711,-5275,-5275,-4051,-4051,-3366,-3366,-2597,-1986,-1986,-2340,-2340,-4490,-4490,-4490,-6096,-6096,-6096,-6967,-6967,-6967,-5151,-5151,-5151,-2861,-2861,-3054,-3054,-4889,-4889,-4889,-5719,-5719,-5070,-5070,-2990,-2990,-2025,-2025,-1708,-1708,-2365,-2365,-3094,-3094,-3094,-3146,-3146,-3146,-2618,-2618,-2618,-2361,-2361,-2124
47,5.060000000000000497,-4596,-4620,-5615,-5615,-5779,-5779,-5779,-5518,-5518,-4556,-4556,-3022,-3022,-2103,-2103,-4695,-4695,-4290,-4290,-4290,-4412,-4412,-4412,-4412,-3966,-3966,-3966,-3966,-4168,-4168,-4168,-4168,-4781,-4781,-4781,-3802,-3802,-3802,-3137,-3137,-3137,-3137,-1461,-1461,-1461,-1461,-1515,-1515,-1515,-1515,-3706,-3706,-3706,-4077,-4077,-4077,-3028,-3028,-3028,-3028,-3663,-3663,-3663,-3663,-3741,-3741,-3741,-3741,-5212,-5212,-5212,-4334,-4334,-4035,-4035,-4035,-3597,-3597,-3597,-3597,-6708,-6708,-6708,-7028,-7028,-7028,-7040,-7040,-6771,-6771,-6771,-4110,-4110,-4110,-4772,-4772,-4772,-4617,-4617,-4617,-5622,-5622,-5622,-5100,-5100,-5100,-4195,-4195,-4195,-3366,-3366,-3366,-1599,-1599,-1599,-1915,-1915,-1915,-3488,-3488,-3488,-3516,-3516,-3516,-2797,-2797,-2797,-1894,-1894,-1894,-1894,-2487,-2487,-2487,-2190,-2190,-2190,-2583,-2583,-2583,-2960,-2960,-2960,-2960,-3154,-3154,-3154,-3154,-2835,-2835,-2835,-4787,-4787,-4787,-4787,-5121,-5121,-5121,-5121,-5727,-5727,-5727,-5727,-7229,-7229,-7229,-7229,-6687,-6687,-6687,-4642,-4642,-4642,-5733,-5733,-5733,-5733,-8314,-8314,-8314,-5878,-5878,-5878,-5878,-6158,-6158,-6158,-5844,-5844,-5844,-6076,-6076,-6076,-6089,-6089,-6089,-5030,-5030,-5030,-5783,-5783,-5783,-7073,-7073,-7073,-6340,-6340,-4652,-4652,-4652,-5239,-5239,-5239,-5960,-5960,-5960,-6507,-6507,-6507,-8264,-8264,-5707,-5707,-5707,-3801,-3801,-3801,-4310,-4310,-4733,-4733,-8090,-8090,-8279,-8279,-6824,-6824,-5567,-5567,-4686,-4686,-4065,-4065,-6052,-6052,-5054,-5054,-2285,-2285,-2285,-6046,-6046,-6046,-5513,-5513,-6321,-6321,-6321,-5648,-5648,-5106,-5106,-6563,-6563,-7956,-7956,-6663,-6663,-6663,-9390,-9390,-2849,-2849,-2849,-11112,-11112,-11112,-7547,-7547,-7547,-11052,-11052,-11052,-11052,-8825,-8825,-8825,-3878,-3878,-6964,-6964,-6294,-6294,-6493,-6493,-6493,-7310,-7310,-7310,-7249,-7249,-7249,-6475,-6475,-6475,-7636,-7636,-7636,-8604,-8604,-8760,-8760,-8493,-7974,-7974,-8859,-8859,-8859,-9692,-9692,-6991,-6991,-6442,-6442,-8120,-8120,-6077,-6077,-7229,-7229,-7686,-7550,-6222,-6222,-6669,-6669,-8193,-8193,-8193,-6563,-6563,-5858,-5858,-5858,-7262,-7262,-7262,-6733,-6733,-5916,-5916,-5080,-5080,-4967,-4967,-4967,-7096,-7096,-7096,-7234,-7234,-7234,-6421,-6421,-6536,-6536,-6584,-6584,-5031,-5031,-6292,-6292,-6292,-7110,-7110,-8105,-8105,-8131,-8131,-6328,-6328,-6328,-6265,-6265,-6265,-6029,-6029,-6029,-6964,-6964,-6964,-6531,-6531,-6531,-6436,-6436,-6436,-5101,-5101,-5333,-5333,-5333,-5295,-5295,-5295,-5467,-5467,-6905,-6905,-6905,-6297,-6297,-7037,-7037,-7037,-5990,-5990,-5990,-5990,-7585,-7585,-7585,-7585,-6568,-6568,-6568,-6568,-8508,-8508,-8508,-6517,-6517,-6517,-8031,-8031,-8031,-6790,-6790,-6790,-5867,-5867,-5867,-6402,-6402,-6402,-8033,-8033,-8033,-7916,-7916,-7916,-6820,-6820,-6820,-6199,-6199,-6199,-5323,-5323,-5338,-5338,-6020,-6020,-4319,-4319,-5111,-5111,-5111,-5980,-5980,-5980,-4712,-4712,-5374,-5374,-5320,-5320,-4287,-4287,-4287,-5085,-5085,-5085,-5719,-5719,-5935,-5935,-5131,-5131,-4970,-4970,-4672,-4672,-5513,-5513,-5513,-4999,-4999,-4999,-3960,-3960,-3960,-3151,-3151,-3455,-3455,-3836,-3836,-4809,-4809,-4809,-5909,-5909,-5909,-5591,-5591,-5591,-3452,-3452,-3452,-4318,-4318,-5570,-5570,-5368,-5368,-5215,-5215,-5215,-4928,-4928,-4928,-4294,-4294,-4294,-5360,-5360,-6389,-6389,-5792,-4849,-4849,-3778,-3778,-4908,-4908,-4552,-4552,-4352,-4352,-4450,-4450,-3467,-3467,-2735,-2735,-2271,-1608,-1608,-1566,-1566,-3040,-3040,-3040,-4870,-4870,-4870,-5202,-5202,-5202,-2966,-2966,-2966,-1726,-1726,-2600,-2600,-4722,-4722,-4722,-5991,-5991,-5134,-5134,-2573,-2573,-1397,-1397,-923,-923,-1449,-1449,-2640,-2640,-2640,-2760,-2760,-2760,-2043,-2043,-2043,-1897,-1897,-1946
48,5.260000000000000675,-4462,-3743,-4518,-4518,-4926,-4926,-4926,-4652,-4652,-4131,-4131,-2934,-2934,-1635,-1635,-3692,-3692,-2846,-2846,-2846,-3585,-3585,-3585,-3585,-2833,-2833,-2833,-2833,-2360,-2360,-2360,-2360,-3215,-3215,-3215,-1749,-1749,-1749,-1221,-1221,-1221,-1221,-116,-116,-116,-116,-413,-413,-413,-413,-2285,-2285,-2285,-2655,-2655,-2655,-1503,-1503,-1503,-1503,-2006,-2006,-2006,-2006,-2434,-2434,-2434,-2434,-4127,-4127,-4127,-3131,-3131,-2954,-2954,-2954,-2398,-2398,-2398,-2398,-5666,-5666,-5666,-6082,-6082,-6082,-5853,-5853,-5300,-5300,-5300,-2966,-2966,-2966,-3268,-3268,-3268,-3334,-3334,-3334,-4453,-4453,-4453,-4051,-4051,-4051,-2870,-2870,-2870,-2112,-2112,-2112,-603,-603,-603,-579,-579,-579,-2310,-2310,-2310,-2007,-2007,-2007,-1794,-1794,-1794,-1196,-1196,-1196,-1196,-1609,-1609,-1609,-1282,-1282,-1282,-1734,-1734,-1734,-1809,-1809,-1809,-1809,-1848,-1848,-1848,-1848,-1571,-1571,-1571,-3042,-3042,-3042,-3042,-2838,-2838,-2838,-2838,-4349,-4349,-4349,-4349,-5559,-5559,-5559,-5559,-5324,-5324,-5324,-3514,-3514,-3514,-5069,-5069,-5069,-5069,-7267,-7267,-7267,-4721,-4721,-4721,-4721,-4077,-4077,-4077,-3799,-3799,-3799,-4406,-4406,-4406,-4119,-4119,-4119,-3234,-3234,-3234,-3559,-3559,-3559,-5053,-5053,-5053,-4549,-4549,-3019,-3019,-3019,-3721,-3721,-3721,-3968,-3968,-3968,-5035,-5035,-5035,-6923,-6923,-4432,-4432,-4432,-3009,-3009,-3009,-3850,-3850,-4532,-4532,-7737,-7737,-7477,-7477,-5978,-5978,-4935,-4935,-3930,-3930,-3658,-3658,-5436,-5436,-4797,-4797,-1883,-1883,-1883,-5070,-5070,-5070,-4508,-4508,-4217,-4217,-4217,-3952,-3952,-3934,-3934,-4825,-4825,-6872,-6872,-6771,-6771,-6771,-8769,-8769,-4230,-4230,-4230,-10899,-10899,-10899,-6926,-6926,-6926,-8967,-8967,-8967,-8967,-10146,-10146,-10146,-4081,-4081,-4809,-4809,-5096,-5096,-5313,-5313,-5313,-6127,-6127,-6127,-5953,-5953,-5953,-5415,-5415,-5415,-6710,-6710,-6710,-7814,-7814,-8762,-8762,-8149,-7676,-7676,-9158,-9158,-9158,-10315,-10315,-7139,-7139,-6301,-6301,-7445,-7445,-5290,-5290,-6493,-6493,-6812,-6565,-5716,-5716,-6000,-6000,-7376,-7376,-7376,-5910,-5910,-5339,-5339,-5339,-6774,-6774,-6774,-6091,-6091,-5054,-5054,-3946,-3946,-3686,-3686,-3686,-5353,-5353,-5353,-5876,-5876,-5876,-5538,-5538,-5188,-5188,-5456,-5456,-2996,-2996,-4658,-4658,-4658,-5945,-5945,-6926,-6926,-7118,-7118,-5553,-5553,-5553,-5167,-5167,-5167,-4302,-4302,-4302,-5219,-5219,-5219,-4746,-4746,-4746,-4279,-4279,-4279,-3287,-3287,-3140,-3140,-3140,-2952,-2952,-2952,-3171,-3171,-4493,-4493,-4493,-4360,-4360,-5418,-5418,-5418,-4375,-4375,-4375,-4375,-5412,-5412,-5412,-5412,-4652,-4652,-4652,-4652,-6636,-6636,-6636,-5083,-5083,-5083,-7243,-7243,-7243,-5879,-5879,-5879,-5391,-5391,-5391,-4782,-4782,-4782,-6283,-6283,-6283,-6537,-6537,-6537,-5216,-5216,-5216,-4581,-4581,-4581,-3568,-3568,-3476,-3476,-4107,-4107,-3017,-3017,-3354,-3354,-3354,-4368,-4368,-4368,-3346,-3346,-3475,-3475,-4037,-4037,-2853,-2853,-2853,-3260,-3260,-3260,-3947,-3947,-4198,-4198,-3602,-3602,-3581,-3581,-3227,-3227,-3509,-3509,-3509,-3824,-3824,-3824,-2615,-2615,-2615,-1980,-1980,-1890,-1890,-2393,-2393,-3547,-3547,-3547,-4552,-4552,-4552,-4259,-4259,-4259,-2442,-2442,-2442,-3333,-3333,-4518,-4518,-4252,-4252,-3763,-3763,-3763,-3442,-3442,-3442,-2602,-2602,-2602,-3343,-3343,-4897,-4897,-4288,-2992,-2992,-2437,-2437,-3253,-3253,-3022,-3022,-2592,-2592,-2908,-2908,-2429,-2429,-1848,-1848,-1411,-527,-527,-377,-377,-1093,-1093,-1093,-2796,-2796,-2796,-2514,-2514,-2514,-862,-862,-862,-770,-770,-1935,-1935,-3982,-3982,-3982,-5319,-5319,-4414,-4414,-2074,-2074,-972,-972,-102,-102,-703,-703,-1856,-1856,-1856,-1917,-1917,-1917,-1333,-1333,-1333,-1251,-1251,-1506
49,5.460000000000000853,-3452,-2152,-2510,-2510,-2953,-2953,-2953,-2623,-2623,-2926,-2926,-2270,-2270,-789,-789,-2016,-2016,-1083,-1083,-1083,-2128,-2128,-2128,-2128,-1019,-1019,-1019,-1019,-530,-530,-530,-530,-447,-447,-447,273,273,273,653,653,653,653,629,629,629,629,712,712,712,712,-615,-615,-615,-820,-820,-820,230,230,230,230,-208,-208,-208,-208,-874,-874,-874,-874,-2352,-2352,-2352,-1339,-1339,-1319,-1319,-1319,-730,-730,-730,-730,-3628,-3628,-3628,-3577,-3577,-3577,-3288,-3288,-2810,-2810,-2810,-1158,-1158,-1158,-1222,-1222,-1222,-1437,-1437,-1437,-2282,-2282,-2282,-2292,-2292,-2292,-1119,-1119,-1119,-839,-839,-839,524,524,524,540,540,540,-949,-949,-949,-619,-619,-619,-755,-755,-755,-406,-406,-406,-406,-703,-703,-703,-319,-319,-319,-699,-699,-699,-612,-612,-612,-612,-600,-600,-600,-600,-359,-359,-359,-1143,-1143,-1143,-1143,-198,-198,-198,-198,-2005,-2005,-2005,-2005,-2421,-2421,-2421,-2421,-2887,-2887,-2887,-1424,-1424,-1424,-2684,-2684,-2684,-2684,-4491,-4491,-4491,-2834,-2834,-2834,-2834,-1399,-1399,-1399,-1198,-1198,-1198,-2246,-2246,-2246,-1722,-1722,-1722,-1242,-1242,-1242,-836,-836,-836,-2004,-2004,-2004,-2056,-2056,-952,-952,-952,-1290,-1290,-1290,-1343,-1343,-1343,-2873,-2873,-2873,-4178,-4178,-2102,-2102,-2102,-1880,-1880,-1880,-2618,-2618,-3351,-3351,-5441,-5441,-4925,-4925,-3960,-3960,-3156,-3156,-1947,-1947,-2134,-2134,-3374,-3374,-3332,-3332,-858,-858,-858,-2900,-2900,-2900,-2400,-2400,-1358,-1358,-1358,-1461,-1461,-1858,-1858,-1906,-1906,-3712,-3712,-4487,-4487,-4487,-5438,-5438,-4372,-4372,-4372,-7391,-7391,-7391,-4515,-4515,-4515,-4981,-4981,-4981,-4981,-7793,-7793,-7793,-3502,-3502,-1740,-1740,-2494,-2494,-3083,-3083,-3083,-3630,-3630,-3630,-3333,-3333,-3333,-3130,-3130,-3130,-4125,-4125,-4125,-5037,-5037,-6101,-6101,-5297,-4811,-4811,-6707,-6707,-6707,-8194,-8194,-5383,-5383,-4298,-4298,-4790,-4790,-3100,-3100,-3706,-3706,-4326,-4063,-4248,-4248,-4058,-4058,-4903,-4903,-4903,-3521,-3521,-3375,-3375,-3375,-4916,-4916,-4916,-4097,-4097,-3205,-3205,-2394,-2394,-1836,-1836,-1836,-2587,-2587,-2587,-3364,-3364,-3364,-3656,-3656,-2609,-2609,-2784,-2784,-566,-566,-1959,-1959,-1959,-3572,-3572,-4123,-4123,-4333,-4333,-3352,-3352,-3352,-2926,-2926,-2926,-1702,-1702,-1702,-2432,-2432,-2432,-2288,-2288,-2288,-1776,-1776,-1776,-950,-950,-576,-576,-576,-302,-302,-302,-379,-379,-1992,-1992,-1992,-1442,-1442,-2249,-2249,-2249,-1635,-1635,-1635,-1635,-2438,-2438,-2438,-2438,-1516,-1516,-1516,-1516,-3269,-3269,-3269,-2173,-2173,-2173,-4614,-4614,-4614,-3481,-3481,-3481,-3164,-3164,-3164,-2095,-2095,-2095,-3017,-3017,-3017,-3698,-3698,-3698,-2685,-2685,-2685,-2302,-2302,-2302,-1121,-1121,-1287,-1287,-1512,-1512,-1213,-1213,-1433,-1433,-1433,-2071,-2071,-2071,-1383,-1383,-1483,-1483,-2382,-2382,-869,-869,-869,-954,-954,-954,-1640,-1640,-1528,-1528,-1325,-1325,-1346,-1346,-1304,-1304,-1206,-1206,-1206,-1850,-1850,-1850,-906,-906,-906,-514,-514,-313,-313,-751,-751,-1642,-1642,-1642,-2340,-2340,-2340,-1920,-1920,-1920,-994,-994,-994,-1961,-1961,-2855,-2855,-2503,-2503,-1869,-1869,-1869,-1564,-1564,-1564,-501,-501,-501,-979,-979,-2458,-2458,-1678,-560,-560,-626,-626,-1137,-1137,-1195,-1195,-718,-718,-958,-958,-1074,-1074,-892,-892,-35,726,726,1007,1007,512,512,512,-458,-458,-458,463,463,463,707,707,707,-110,-110,-1179,-1179,-3016,-3016,-3016,-3924,-3924,-3124,-3124,-1432,-1432,-646,-646,364,364,-66,-66,-985,-985,-985,-837,-837,-837,-585,-585,-585,-583,-583,-1040
50,5.660000000000000142,-1648,-353,-547,-547,-685,-685,-685,-659,-659,-1276,-1276,-1394,-1394,-75,-75,-330,-330,465,465,465,-798,-798,-798,-798,149,149,149,149,813,813,813,813,1730,1730,1730,1737,1737,1737,1665,1665,1665,1665,718,718,718,718,1338,1338,1338,1338,484,484,484,830,830,830,1286,1286,1286,1286,1011,1011,1011,1011,186,186,186,186,-547,-547,-547,44,44,98,98,98,824,824,824,824,-1096,-1096,-1096,-1356,-1356,-1356,-820,-820,-649,-649,-649,180,180,180,582,582,582,180,180,180,-736,-736,-736,-675,-675,-675,254,254,254,149,149,149,1173,1173,1173,1110,1110,1110,-8,-8,-8,221,221,221,-72,-72,-72,43,43,43,43,-138,-138,-138,269,269,269,42,42,42,140,140,140,140,124,124,124,124,426,426,426,220,220,220,220,1465,1465,1465,1465,17,17,17,17,346,346,346,346,86,86,86,1326,1326,1326,203,203,203,203,-1113,-1113,-1113,-723,-723,-723,-723,777,777,777,773,773,773,-348,-348,-348,250,250,250,197,197,197,765,765,765,119,119,119,131,131,373,373,373,582,582,582,573,573,573,-895,-895,-895,-1330,-1330,-247,-247,-247,-825,-825,-825,-898,-898,-1838,-1838,-2273,-2273,-1618,-1618,-1573,-1573,-1375,-1375,52,52,-233,-233,-974,-974,-1308,-1308,493,493,493,-637,-637,-637,-431,-431,1001,1001,1001,539,539,-94,-94,607,607,-469,-469,-1162,-1162,-1162,-987,-987,-3276,-3276,-3276,-2709,-2709,-2709,-1070,-1070,-1070,-547,-547,-547,-547,-4112,-4112,-4112,-2495,-2495,1515,1515,-39,-39,-872,-872,-872,-1236,-1236,-1236,-587,-587,-587,-473,-473,-473,-1195,-1195,-1195,-1383,-1383,-2039,-2039,-1352,-1330,-1330,-3241,-3241,-3241,-4191,-4191,-2315,-2315,-1373,-1373,-1219,-1219,-88,-88,-385,-385,-1110,-1071,-1801,-1801,-1285,-1285,-1724,-1724,-1724,-753,-753,-1086,-1086,-1086,-2257,-2257,-2257,-1625,-1625,-1141,-1141,-1023,-1023,-20,-20,-20,-160,-160,-160,-878,-878,-878,-1767,-1767,-164,-164,44,44,1565,1565,847,847,847,-1038,-1038,-1291,-1291,-1208,-1208,-711,-711,-711,25,25,25,539,539,539,-168,-168,-168,-110,-110,-110,461,461,461,560,560,1017,1017,1017,1284,1284,1284,1488,1488,498,498,498,888,888,372,372,372,989,989,989,989,53,53,53,53,992,992,992,992,120,120,120,1045,1045,1045,-1508,-1508,-1508,-507,-507,-507,-617,-617,-617,635,635,635,234,234,234,-984,-984,-984,-466,-466,-466,-29,-29,-29,1000,1000,659,659,346,346,461,461,277,277,277,-84,-84,-84,2,2,78,78,-731,-731,622,622,622,1148,1148,1148,356,356,360,360,452,452,553,553,265,265,630,630,630,-46,-46,-46,647,647,647,714,714,1025,1025,317,317,-17,-17,-17,-509,-509,-509,25,25,25,449,449,449,-704,-704,-1154,-1154,-764,-764,-290,-290,-290,-138,-138,-138,711,711,711,937,937,31,31,552,1391,1391,418,418,429,429,211,211,520,520,317,317,78,78,132,132,1032,1585,1585,1630,1630,1150,1150,1150,1070,1070,1070,2352,2352,2352,1654,1654,1654,396,396,-504,-504,-1875,-1875,-1875,-2263,-2263,-1723,-1723,-932,-932,-417,-417,362,362,153,153,-119,-119,-119,134,134,134,-80,-80,-80,-273,-273,-678
51,5.86000000000000032,-6,717,930,930,866,866,866,893,893,-62,-62,-588,-588,157,157,678,678,1235,1235,1235,94,94,94,94,749,749,749,749,1443,1443,1443,1443,2936,2936,2936,2025,2025,2025,1867,1867,1867,1867,381,381,381,381,1223,1223,1223,1223,843,843,843,1464,1464,1464,1433,1433,1433,1433,1398,1398,1398,1398,717,717,717,717,589,589,589,770,770,1100,1100,1100,1641,1641,1641,1641,649,649,649,263,263,263,1059,1059,903,903,903,979,979,979,1543,1543,1543,1191,1191,1191,352,352,352,376,376,376,1258,1258,1258,647,647,647,1256,1256,1256,1103,1103,1103,544,544,544,535,535,535,263,263,263,65,65,65,65,5,5,5,355,355,355,337,337,337,254,254,254,254,407,407,407,407,593,593,593,902,902,902,902,2161,2161,2161,2161,1315,1315,1315,1315,2248,2248,2248,2248,2191,2191,2191,3053,3053,3053,2350,2350,2350,2350,1590,1590,1590,954,954,954,954,1852,1852,1852,1773,1773,1773,771,771,771,1346,1346,1346,884,884,884,1455,1455,1455,1441,1441,1441,1355,1355,978,978,978,1649,1649,1649,1632,1632,1632,496,496,496,832,832,632,632,632,-191,-191,-191,274,274,-619,-619,321,321,995,995,270,270,-79,-79,1220,1220,1226,1226,698,698,432,432,1302,1302,1302,777,777,777,961,961,2517,2517,2517,1786,1786,1151,1151,2029,2029,1945,1945,2169,2169,2169,3250,3250,-1173,-1173,-1173,1131,1131,1131,1185,1185,1185,2853,2853,2853,2853,-74,-74,-74,-1175,-1175,3269,3269,1502,1502,837,837,837,789,789,789,1787,1787,1787,1866,1866,1866,1565,1565,1565,1797,1797,1595,1595,1836,1966,1966,518,518,518,-105,-105,655,655,1277,1277,1604,1604,2217,2217,2671,2671,1506,1138,91,91,695,695,1110,1110,1110,1478,1478,1032,1032,1032,200,200,200,489,489,592,592,64,64,1206,1206,1206,1700,1700,1700,1125,1125,1125,76,76,1490,1490,2057,2057,2705,2705,2362,2362,2362,1190,1190,973,973,1104,1104,1422,1422,1422,1800,1800,1800,1677,1677,1677,1289,1289,1289,1244,1244,1244,1480,1480,1480,1166,1166,1499,1499,1499,1695,1695,1695,2296,2296,1676,1676,1676,2290,2290,2066,2066,2066,2643,2643,2643,2643,1896,1896,1896,1896,2553,2553,2553,2553,2430,2430,2430,3058,3058,3058,1008,1008,1008,1761,1761,1761,1622,1622,1622,2401,2401,2401,2216,2216,2216,1287,1287,1287,1341,1341,1341,1338,1338,1338,2354,2354,1864,1864,1521,1521,1381,1381,1350,1350,1350,1038,1038,1038,862,862,959,959,324,324,1629,1629,1629,2204,2204,2204,1406,1406,1682,1682,1668,1668,1708,1708,1047,1047,1683,1683,1683,831,831,831,1193,1193,1193,1284,1284,1412,1412,758,758,718,718,718,772,772,772,1230,1230,1230,1187,1187,1187,269,269,83,83,455,455,946,946,946,661,661,661,1319,1319,1319,2050,2050,2151,2151,2133,2337,2337,1155,1155,1250,1250,1006,1006,961,961,905,905,496,496,669,669,1243,1207,1207,1010,1010,786,786,786,1702,1702,1702,3179,3179,3179,2067,2067,2067,678,678,-19,-19,-622,-622,-622,-798,-798,-444,-444,-528,-528,-316,-316,-37,-37,14,14,339,339,339,507,507,507,187,187,187,-235,-235,-438
52,6.060000000000000497,1035,1170,1469,1469,1507,1507,1507,1389,1389,557,557,-191,-191,22,22,1061,1061,1277,1277,1277,477,477,477,477,737,737,737,737,1557,1557,1557,1557,2998,2998,2998,1636,1636,1636,1399,1399,1399,1399,-65,-65,-65,-65,683,683,683,683,776,776,776,1435,1435,1435,961,961,961,961,1145,1145,1145,1145,749,749,749,749,1255,1255,1255,985,985,1474,1474,1474,1950,1950,1950,1950,1675,1675,1675,987,987,987,1902,1902,1684,1684,1684,1061,1061,1061,1538,1538,1538,1494,1494,1494,637,637,637,817,817,817,1394,1394,1394,916,916,916,850,850,850,713,713,713,602,602,602,422,422,422,351,351,351,-106,-106,-106,-106,13,13,13,129,129,129,354,354,354,150,150,150,150,485,485,485,485,254,254,254,977,977,977,977,1967,1967,1967,1967,1786,1786,1786,1786,3050,3050,3050,3050,3253,3253,3253,3825,3825,3825,3232,3232,3232,3232,2832,2832,2832,1777,1777,1777,1777,1942,1942,1942,1666,1666,1666,1263,1263,1263,1574,1574,1574,1021,1021,1021,1334,1334,1334,1859,1859,1859,1660,1660,840,840,840,1625,1625,1625,1730,1730,1730,1120,1120,1120,1865,1865,866,866,866,362,362,362,990,990,319,319,2199,2199,2619,2619,1461,1461,718,718,1443,1443,1895,1895,1379,1379,1295,1295,1588,1588,1588,1264,1264,1264,1315,1315,2751,2751,2751,1954,1954,1452,1452,2416,2416,2962,2962,4037,4037,4037,5331,5331,720,720,720,3332,3332,3332,2456,2456,2456,4375,4375,4375,4375,2794,2794,2794,48,48,3495,3495,2000,2000,1701,1701,1701,1900,1900,1900,2700,2700,2700,3251,3251,3251,3177,3177,3177,3793,3793,3932,3932,3670,3929,3929,3155,3155,3155,3163,3163,2882,2882,2877,2877,3464,3464,3783,3783,4041,4041,3043,2563,1711,1711,2231,2231,2631,2631,2631,2547,2547,2327,2327,2327,1750,1750,1750,1720,1720,1442,1442,669,669,1946,1946,1946,2365,2365,2365,1875,1875,1875,1450,1450,2276,2276,2839,2839,2803,2803,3154,3154,3154,2436,2436,2141,2141,2408,2408,2291,2291,2291,2862,2862,2862,2032,2032,2032,1928,1928,1928,1785,1785,1785,1751,1751,1751,992,992,1166,1166,1166,1330,1330,1330,2057,2057,1835,1835,1835,2428,2428,2284,2284,2284,3055,3055,3055,3055,2325,2325,2325,2325,2999,2999,2999,2999,3235,3235,3235,3634,3634,3634,2247,2247,2247,3174,3174,3174,2819,2819,2819,2843,2843,2843,2973,2973,2973,2334,2334,2334,2072,2072,2072,2038,2038,2038,2685,2685,2272,2272,1837,1837,1511,1511,1735,1735,1735,1308,1308,1308,1099,1099,1079,1079,873,873,1848,1848,1848,2235,2235,2235,1596,1596,1956,1956,1968,1968,1786,1786,1063,1063,1779,1779,1779,981,981,981,1124,1124,1124,1176,1176,1086,1086,588,588,918,918,918,1229,1229,1229,1595,1595,1595,1299,1299,1299,836,836,811,811,992,992,1381,1381,1381,826,826,826,1327,1327,1327,2537,2537,2978,2978,2532,2253,2253,1444,1444,1340,1340,1098,1098,894,894,936,936,580,580,836,836,733,129,129,-132,-132,110,110,110,1583,1583,1583,3213,3213,3213,2086,2086,2086,868,868,438,438,481,481,481,553,553,509,509,-77,-77,-164,-164,-443,-443,-277,-277,528,528,528,515,515,515,241,241,241,-244,-244,-222
53,6.260000000000000675,1336,1116,1595,1595,1627,1627,1627,1481,1481,769,769,45,45,-104,-104,1061,1061,997,997,997,671,671,671,671,587,587,587,587,1522,1522,1522,1522,2346,2346,2346,1316,1316,1316,943,943,943,943,-164,-164,-164,-164,299,299,299,299,637,637,637,1118,1118,1118,482,482,482,482,846,846,846,846,697,697,697,697,1614,1614,1614,1036,1036,1532,1532,1532,1689,1689,1689,1689,2006,2006,2006,1190,1190,1190,2106,2106,1985,1985,1985,792,792,792,1100,1100,1100,1414,1414,1414,664,664,664,1019,1019,1019,1312,1312,1312,1149,1149,1149,502,502,502,427,427,427,601,601,601,415,415,415,499,499,499,-9,-9,-9,-9,179,179,179,98,98,98,416,416,416,256,256,256,256,707,707,707,707,-14,-14,-14,945,945,945,945,1380,1380,1380,1380,1627,1627,1627,1627,2926,2926,2926,2926,3380,3380,3380,3660,3660,3660,2979,2979,2979,2979,3034,3034,3034,2009,2009,2009,2009,1617,1617,1617,1125,1125,1125,1428,1428,1428,1409,1409,1409,1003,1003,1003,976,976,976,1795,1795,1795,1516,1516,416,416,416,1239,1239,1239,1342,1342,1342,1345,1345,1345,2065,2065,848,848,848,798,798,798,1308,1308,999,999,3149,3149,3211,3211,2029,2029,1223,1223,1320,1320,2117,2117,1575,1575,1593,1593,1463,1463,1463,1269,1269,1269,1331,1331,2332,2332,2332,1589,1589,1283,1283,2086,2086,3096,3096,4642,4642,4642,5673,5673,2506,2506,2506,3936,3936,3936,2701,2701,2701,4530,4530,4530,4530,3937,3937,3937,1263,1263,2494,2494,1843,1843,1938,1938,1938,2324,2324,2324,2638,2638,2638,3740,3740,3740,3859,3859,3859,4492,4492,4793,4793,4289,4680,4680,4682,4682,4682,4959,4959,4136,4136,3531,3531,4154,4154,4086,4086,3962,3962,3498,2975,2476,2476,2801,2801,3289,3289,3289,2681,2681,2664,2664,2664,2655,2655,2655,2327,2327,1584,1584,1072,1072,2182,2182,2182,2351,2351,2351,2106,2106,2106,2161,2161,2418,2418,2710,2710,2158,2158,3093,3093,3093,2855,2855,2644,2644,2744,2744,2354,2354,2354,2872,2872,2872,1888,1888,1888,2032,2032,2032,1810,1810,1810,1697,1697,1697,747,747,720,720,720,706,706,706,1180,1180,1464,1464,1464,1945,1945,1726,1726,1726,2604,2604,2604,2604,2151,2151,2151,2151,2562,2562,2562,2562,3022,3022,3022,2799,2799,2799,2666,2666,2666,3601,3601,3601,2919,2919,2919,2329,2329,2329,2743,2743,2743,2682,2682,2682,2176,2176,2176,2343,2343,2343,2345,2345,2253,2253,1884,1884,1394,1394,1789,1789,1789,1077,1077,1077,1152,1152,902,902,1146,1146,1725,1725,1725,1566,1566,1566,1288,1288,1646,1646,1761,1761,1399,1399,742,742,1423,1423,1423,660,660,660,741,741,741,774,774,543,543,396,396,836,836,836,1213,1213,1213,1433,1433,1433,1224,1224,1224,1197,1197,1199,1199,1261,1261,1521,1521,1521,800,800,800,1250,1250,1250,2485,2485,3110,3110,2302,1725,1725,1492,1492,1237,1237,1032,1032,818,818,862,862,710,710,975,975,290,-461,-461,-781,-781,-312,-312,-312,1214,1214,1214,2917,2917,2917,2130,2130,2130,1116,1116,947,947,1570,1570,1570,1674,1674,1307,1307,436,436,131,131,-315,-315,-304,-304,654,654,654,543,543,543,261,261,261,-52,-52,98
54,6.459999999999999964,1206,944,1415,1415,1474,1474,1474,1151,1151,739,739,262,262,-68,-68,983,983,756,756,756,881,881,881,881,623,623,623,623,1389,1389,1389,1389,1421,1421,1421,1131,1131,1131,576,576,576,576,40,40,40,40,183,183,183,183,733,733,733,878,878,878,111,111,111,111,604,604,604,604,660,660,660,660,1710,1710,1710,1079,1079,1329,1329,1329,1209,1209,1209,1209,1947,1947,1947,1295,1295,1295,1964,1964,1925,1925,1925,612,612,612,606,606,606,1222,1222,1222,659,659,659,1203,1203,1203,1205,1205,1205,1421,1421,1421,557,557,557,354,354,354,603,603,603,454,454,454,691,691,691,175,175,175,175,464,464,464,273,273,273,517,517,517,598,598,598,598,975,975,975,975,91,91,91,950,950,950,950,773,773,773,773,1247,1247,1247,1247,2287,2287,2287,2287,2847,2847,2847,2713,2713,2713,2305,2305,2305,2305,2584,2584,2584,1867,1867,1867,1867,1187,1187,1187,708,708,708,1500,1500,1500,1167,1167,1167,1012,1012,1012,724,724,724,1553,1553,1553,1104,1104,75,75,75,775,775,775,961,961,961,1271,1271,1271,1849,1849,885,885,885,1284,1284,1284,1303,1303,1405,1405,3412,3412,3168,3168,2136,2136,1580,1580,1131,1131,2034,2034,1464,1464,1444,1444,1291,1291,1291,1201,1201,1201,1254,1254,1698,1698,1698,1117,1117,934,934,1392,1392,2646,2646,4134,4134,4134,4385,4385,3203,3203,3203,3338,3338,3338,2359,2359,2359,3629,3629,3629,3629,3853,3853,3853,2096,2096,1217,1217,1492,1492,1816,1816,1816,2249,2249,2249,1972,1972,1972,3388,3388,3388,3815,3815,3815,4222,4222,4388,4388,3958,4408,4408,4871,4871,4871,5308,5308,4436,4436,3468,3468,3875,3875,3613,3613,3212,3212,3153,2665,2570,2570,2759,2759,3106,3106,3106,2155,2155,2376,2376,2376,2749,2749,2749,2229,2229,1318,1318,1338,1338,2079,2079,2079,1934,1934,1934,1931,1931,1931,2398,2398,2127,2127,2064,2064,1410,1410,2545,2545,2545,2622,2622,2497,2497,2509,2509,1898,1898,1898,2413,2413,2413,1501,1501,1501,1855,1855,1855,1638,1638,1638,1445,1445,1445,636,636,475,475,475,320,320,320,482,482,1125,1125,1125,1347,1347,1108,1108,1108,1718,1718,1718,1718,1761,1761,1761,1761,1769,1769,1769,1769,2183,2183,2183,1629,1629,1629,2548,2548,2548,3257,3257,3257,2475,2475,2475,1536,1536,1536,2114,2114,2114,2401,2401,2401,1924,1924,1924,2340,2340,2340,1609,1609,1873,1873,1747,1747,1212,1212,1630,1630,1630,837,837,837,1093,1093,742,742,1277,1277,1495,1495,1495,690,690,690,899,899,1078,1078,1374,1374,1032,1032,573,573,949,949,949,289,289,289,381,381,381,464,464,184,184,392,392,719,719,719,1004,1004,1004,1055,1055,1055,1118,1118,1118,1390,1390,1449,1449,1453,1453,1431,1431,1431,836,836,836,1212,1212,1212,2094,2094,2614,2614,1908,1122,1122,1355,1355,1093,1093,904,904,743,743,783,783,869,869,1030,1030,311,-317,-317,-760,-760,-317,-317,-317,910,910,910,2444,2444,2444,2117,2117,2117,1377,1377,1439,1439,2333,2333,2333,2463,2463,1844,1844,827,827,527,527,159,159,-41,-41,712,712,712,568,568,568,185,185,185,140,140,381
55,6.660000000000000142,959,877,1097,1097,1127,1127,1127,788,788,612,612,414,414,187,187,863,863,669,669,669,1100,1100,1100,1100,660,660,660,660,1334,1334,1334,1334,606,606,606,956,956,956,408,408,408,408,387,387,387,387,273,273,273,273,1023,1023,1023,628,628,628,-58,-58,-58,-58,453,453,453,453,604,604,604,604,1550,1550,1550,1053,1053,957,957,957,699,699,699,699,1532,1532,1532,1354,1354,1354,1617,1617,1597,1597,1597,653,653,653,344,344,344,1033,1033,1033,826,826,826,1375,1375,1375,1107,1107,1107,1489,1489,1489,724,724,724,324,324,324,463,463,463,601,601,601,728,728,728,409,409,409,409,675,675,675,476,476,476,602,602,602,840,840,840,840,1100,1100,1100,1100,524,524,524,1041,1041,1041,1041,482,482,482,482,881,881,881,881,1290,1290,1290,1290,1948,1948,1948,1616,1616,1616,1394,1394,1394,1394,1785,1785,1785,1454,1454,1454,1454,770,770,770,491,491,491,1477,1477,1477,902,902,902,920,920,920,649,649,649,1282,1282,1282,734,734,80,80,80,463,463,463,713,713,713,1086,1086,1086,1511,1511,934,934,934,1458,1458,1458,1065,1065,1468,1468,2933,2933,2574,2574,1811,1811,1701,1701,1029,1029,1731,1731,1326,1326,1144,1144,1150,1150,1150,1292,1292,1292,1360,1360,1013,1013,1013,769,769,673,673,807,807,1852,1852,2938,2938,2938,2425,2425,2996,2996,2996,2145,2145,2145,1794,1794,1794,2374,2374,2374,2374,2915,2915,2915,2583,2583,167,167,1279,1279,1553,1553,1553,1809,1809,1809,1043,1043,1043,2488,2488,2488,3185,3185,3185,3137,3137,3244,3244,2955,3501,3501,4198,4198,4198,4439,4439,3737,3737,2756,2756,2945,2945,2605,2605,2045,2045,2259,2019,2180,2180,2142,2142,2469,2469,2469,1503,1503,1750,1750,1750,2297,2297,2297,1737,1737,1061,1061,1509,1509,1812,1812,1812,1249,1249,1249,1540,1540,1540,2080,2080,1561,1561,1290,1290,672,672,1685,1685,1685,2039,2039,1952,1952,1956,1956,1369,1369,1369,1754,1754,1754,1139,1139,1139,1541,1541,1541,1374,1374,1374,1208,1208,1208,735,735,516,516,516,293,293,293,143,143,1025,1025,1025,800,800,639,639,639,901,901,901,901,1318,1318,1318,1318,1083,1083,1083,1083,1183,1183,1183,730,730,730,2182,2182,2182,2281,2281,2281,1697,1697,1697,872,872,872,1457,1457,1457,1824,1824,1824,1399,1399,1399,2028,2028,2028,987,987,1265,1265,1425,1425,1115,1115,1349,1349,1349,821,821,821,955,955,713,713,1294,1294,1218,1218,1218,47,47,47,515,515,594,594,789,789,817,817,629,629,525,525,525,150,150,150,163,163,163,243,243,-14,-14,491,491,657,657,657,846,846,846,822,822,822,1067,1067,1067,1426,1426,1503,1503,1572,1572,1133,1133,1133,925,925,925,1243,1243,1243,1491,1491,1825,1825,1370,735,735,1125,1125,879,879,675,675,621,621,725,725,919,919,849,849,378,10,10,-416,-416,-58,-58,-58,658,658,658,1890,1890,1890,1942,1942,1942,1402,1402,1590,1590,2617,2617,2617,2814,2814,2067,2067,976,976,704,704,578,578,276,276,584,584,584,533,533,533,13,13,13,185,185,398
56,6.859999999999999432,699,655,637,637,672,672,672,472,472,445,445,634,634,369,369,685,685,570,570,570,1189,1189,1189,1189,716,716,716,716,1344,1344,1344,1344,136,136,136,679,679,679,224,224,224,224,599,599,599,599,345,345,345,345,1203,1203,1203,308,308,308,-208,-208,-208,-208,376,376,376,376,548,548,548,548,1119,1119,1119,874,874,603,603,603,349,349,349,349,1038,1038,1038,1401,1401,1401,1252,1252,1267,1267,1267,785,785,785,412,412,412,862,862,862,967,967,967,1474,1474,1474,1085,1085,1085,1228,1228,1228,836,836,836,367,367,367,343,343,343,495,495,495,562,562,562,485,485,485,485,678,678,678,492,492,492,520,520,520,838,838,838,838,896,896,896,896,846,846,846,1102,1102,1102,1102,458,458,458,458,651,651,651,651,534,534,534,534,962,962,962,363,363,363,682,682,682,682,1091,1091,1091,995,995,995,995,391,391,391,462,462,462,1296,1296,1296,618,618,618,714,714,714,703,703,703,1039,1039,1039,430,430,324,324,324,349,349,349,577,577,577,850,850,850,1077,1077,808,808,808,1174,1174,1174,619,619,1149,1149,1879,1879,1535,1535,1076,1076,1430,1430,780,780,1058,1058,1070,1070,730,730,1079,1079,1079,1497,1497,1497,1454,1454,605,605,605,519,519,602,602,559,559,1111,1111,1811,1811,1811,668,668,2112,2112,2112,1159,1159,1159,1347,1347,1347,1203,1203,1203,1203,1629,1629,1629,2544,2544,-272,-272,1097,1097,1326,1326,1326,1252,1252,1252,275,275,275,1465,1465,1465,2182,2182,2182,1779,1779,1952,1952,1670,2227,2227,2907,2907,2907,2964,2964,2429,2429,1895,1895,1799,1799,1226,1226,1097,1097,1266,1073,1389,1389,1461,1461,1705,1705,1705,1013,1013,1111,1111,1111,1641,1641,1641,1098,1098,903,903,1465,1465,1338,1338,1338,651,651,651,1069,1069,1069,1542,1542,930,930,612,612,261,261,937,937,937,1208,1208,1270,1270,1304,1304,989,989,989,1120,1120,1120,828,828,828,1151,1151,1151,1058,1058,1058,893,893,893,789,789,613,613,613,511,511,511,145,145,1003,1003,1003,442,442,557,557,557,385,385,385,385,964,964,964,964,575,575,575,575,486,486,486,305,305,305,1691,1691,1691,1322,1322,1322,1139,1139,1139,517,517,517,1076,1076,1076,1230,1230,1230,884,884,884,1504,1504,1504,530,530,597,597,951,951,977,977,995,995,995,791,791,791,700,700,674,674,1166,1166,964,964,964,-113,-113,-113,166,166,52,52,301,301,649,649,863,863,271,271,271,240,240,240,33,33,33,97,97,-58,-58,492,492,652,652,652,700,700,700,667,667,667,1015,1015,1015,1247,1247,1316,1316,1429,1429,736,736,736,963,963,963,1196,1196,1196,824,824,1008,1008,786,492,492,820,820,669,669,407,407,379,379,583,583,766,766,431,431,218,37,37,-155,-155,173,173,173,474,474,474,1252,1252,1252,1528,1528,1528,1140,1140,1385,1385,2403,2403,2403,2745,2745,1943,1943,858,858,583,583,624,624,422,422,355,355,355,378,378,378,-171,-171,-171,77,77,214
57,7.059999999999999609,420,279,12,12,68,68,68,93,93,279,279,607,607,407,407,421,421,408,408,408,1004,1004,1004,1004,628,628,628,628,1321,1321,1321,1321,60,60,60,347,347,347,38,38,38,38,512,512,512,512,197,197,197,197,1058,1058,1058,-111,-111,-111,-310,-310,-310,-310,246,246,246,246,347,347,347,347,488,488,488,608,608,342,342,342,174,174,174,174,439,439,439,1250,1250,1250,839,839,762,762,762,900,900,900,569,569,569,567,567,567,968,968,968,1253,1253,1253,822,822,822,669,669,669,675,675,675,265,265,265,122,122,122,279,279,279,212,212,212,390,390,390,390,400,400,400,331,331,331,267,267,267,545,545,545,545,459,459,459,459,889,889,889,1006,1006,1006,1006,441,441,441,441,468,468,468,468,36,36,36,36,27,27,27,-284,-284,-284,245,245,245,245,551,551,551,611,611,611,611,148,148,148,446,446,446,931,931,931,399,399,399,415,415,415,737,737,737,709,709,709,168,168,600,600,600,272,272,272,332,332,332,611,611,611,544,544,332,332,332,596,596,596,129,129,636,636,727,727,349,349,305,305,722,722,413,413,208,208,724,724,327,327,962,962,962,1518,1518,1518,1377,1377,276,276,276,320,320,595,595,594,594,402,402,877,877,877,-397,-397,1035,1035,1035,792,792,792,1135,1135,1135,462,462,462,462,732,732,732,2061,2061,-146,-146,884,884,939,939,939,649,649,649,-287,-287,-287,517,517,517,1138,1138,1138,467,467,778,778,558,1054,1054,1475,1475,1475,1387,1387,1200,1200,1168,1168,841,841,328,328,456,456,413,360,716,716,809,809,918,918,918,647,647,490,490,490,930,930,930,505,505,718,718,1222,1222,832,832,832,73,73,73,536,536,536,750,750,396,396,157,157,51,51,453,453,453,522,522,584,584,677,677,744,744,744,707,707,707,575,575,575,748,748,748,707,707,707,568,568,568,730,730,611,611,611,672,672,672,303,303,950,950,950,256,256,546,546,546,106,106,106,106,676,676,676,676,339,339,339,339,68,68,68,300,300,300,1170,1170,1170,428,428,428,643,643,643,471,471,471,803,803,803,682,682,682,401,401,401,683,683,683,228,228,-5,-5,332,332,657,657,537,537,537,693,693,693,283,283,522,522,879,879,539,539,539,-71,-71,-71,-125,-125,-316,-316,-205,-205,375,375,1001,1001,205,205,205,347,347,347,-52,-52,-52,9,9,-58,-58,283,283,584,584,584,489,489,489,475,475,475,727,727,727,812,812,888,888,854,854,258,258,258,769,769,769,918,918,918,178,178,257,257,268,256,256,390,390,359,359,119,119,12,12,312,312,387,387,-64,-64,-181,-262,-262,-182,-182,280,280,280,337,337,337,427,427,427,981,981,981,725,725,1026,1026,1854,1854,1854,2195,2195,1519,1519,514,514,251,251,375,375,424,424,66,66,66,92,92,92,-305,-305,-305,-108,-108,-16
58,7.259999999999999787,200,-119,-398,-398,-352,-352,-352,-244,-244,164,164,562,562,395,395,240,240,332,332,332,754,754,754,754,552,552,552,552,1341,1341,1341,1341,317,317,317,92,92,92,-28,-28,-28,-28,366,366,366,366,69,69,69,69,642,642,642,-412,-412,-412,-187,-187,-187,-187,148,148,148,148,190,190,190,190,-30,-30,-30,284,284,220,220,220,131,131,131,131,90,90,90,999,999,999,429,429,434,434,434,882,882,882,732,732,732,292,292,292,909,909,909,955,955,955,556,556,556,127,127,127,423,423,423,244,244,244,39,39,39,48,48,48,-50,-50,-50,250,250,250,250,185,185,185,118,118,118,0,0,0,226,226,226,226,85,85,85,85,723,723,723,818,818,818,818,423,423,423,423,484,484,484,484,-14,-14,-14,-14,-442,-442,-442,-397,-397,-397,137,137,137,137,282,282,282,363,363,363,363,49,49,49,523,523,523,599,599,599,334,334,334,252,252,252,679,679,679,374,374,374,106,106,791,791,791,304,304,304,92,92,92,459,459,459,83,83,-95,-95,-95,14,14,14,-124,-124,153,153,-219,-219,-549,-549,-313,-313,68,68,38,38,-403,-403,367,367,125,125,864,864,864,1452,1452,1452,1205,1205,82,82,82,143,143,686,686,810,810,77,77,367,367,367,-576,-576,349,349,349,898,898,898,1211,1211,1211,344,344,344,344,372,372,372,1420,1420,351,351,667,667,597,597,597,256,256,256,-468,-468,-468,-268,-268,-268,356,356,356,-266,-266,188,188,6,147,147,527,527,527,430,430,303,303,721,721,354,354,-59,-59,284,284,-20,-35,101,101,322,322,334,334,334,550,550,169,169,169,472,472,472,105,105,584,584,965,965,409,409,409,-221,-221,-221,210,210,210,378,378,174,174,-9,-9,81,81,263,263,263,139,139,199,199,269,269,654,654,654,557,557,557,498,498,498,485,485,485,432,432,432,348,348,348,587,587,577,577,577,788,788,788,519,519,794,794,794,287,287,586,586,586,106,106,106,106,472,472,472,472,266,266,266,266,33,33,33,532,532,532,701,701,701,56,56,56,485,485,485,680,680,680,735,735,735,364,364,364,196,196,196,106,106,106,149,149,-262,-262,-78,-78,332,332,209,209,209,496,496,496,-51,-51,362,362,568,568,189,189,189,97,97,97,-245,-245,-491,-491,-481,-481,34,34,952,952,352,352,352,426,426,426,-27,-27,-27,-13,-13,37,37,106,106,499,499,499,315,315,315,272,272,272,337,337,337,310,310,422,422,245,245,-34,-34,-34,498,498,498,520,520,520,-244,-244,-258,-258,-152,62,62,11,11,148,148,15,15,-163,-163,128,128,158,158,-304,-304,-519,-487,-487,-190,-190,344,344,344,374,374,374,-86,-86,-86,525,525,525,413,413,641,641,1277,1277,1277,1524,1524,954,954,225,225,-59,-59,162,162,364,364,-70,-70,-70,-107,-107,-107,-210,-210,-210,-127,-127,-59
59,7.459999999999999964,54,-288,-479,-479,-396,-396,-396,-251,-251,145,145,485,485,521,521,198,198,332,332,332,460,460,460,460,562,562,562,562,1259,1259,1259,1259,700,700,700,78,78,78,134,134,134,134,321,321,321,321,96,96,96,96,358,358,358,-372,-372,-372,83,83,83,83,167,167,167,167,77,77,77,77,-314,-314,-314,248,248,260,260,260,297,297,297,297,22,22,22,743,743,743,228,228,201,201,201,713,713,713,760,760,760,143,143,143,809,809,809,553,553,553,333,333,333,-188,-188,-188,201,201,201,274,274,274,266,266,266,64,64,64,7,7,7,239,239,239,239,124,124,124,103,103,103,-42,-42,-42,131,131,131,131,-29,-29,-29,-29,618,618,618,644,644,644,644,405,405,405,405,608,608,608,608,203,203,203,203,-405,-405,-405,-73,-73,-73,348,348,348,348,148,148,148,261,261,261,261,223,223,223,635,635,635,435,435,435,478,478,478,258,258,258,698,698,698,256,256,256,271,271,916,916,916,394,394,394,9,9,9,472,472,472,-195,-195,-128,-128,-128,-147,-147,-147,3,3,19,19,-503,-503,-740,-740,-477,-477,-332,-332,-20,-20,-460,-460,277,277,220,220,790,790,790,1305,1305,1305,1022,1022,35,35,35,134,134,770,770,1020,1020,60,60,217,217,217,-45,-45,135,135,135,1329,1329,1329,1323,1323,1323,504,504,504,504,482,482,482,914,914,937,937,486,486,346,346,346,197,197,197,-309,-309,-309,-687,-687,-687,113,113,113,-284,-284,125,125,44,-151,-151,-11,-11,-11,20,20,-18,-18,580,580,299,299,98,98,323,323,-5,-38,-9,-9,213,213,83,83,83,656,656,160,160,160,252,252,252,60,60,505,505,787,787,215,215,215,-174,-174,-174,144,144,144,223,223,254,254,89,89,310,310,251,251,251,125,125,66,66,63,63,634,634,634,582,582,582,512,512,512,386,386,386,356,356,356,354,354,354,508,508,641,641,641,834,834,834,737,737,613,613,613,517,517,623,623,623,295,295,295,295,443,443,443,443,397,397,397,397,251,251,251,747,747,747,438,438,438,119,119,119,584,584,584,933,933,933,773,773,773,335,335,335,222,222,222,-144,-144,-144,219,219,-145,-145,-138,-138,197,197,104,104,104,434,434,434,-79,-79,347,347,388,388,-46,-46,-46,320,320,320,-57,-57,-383,-383,-463,-463,-83,-83,849,849,670,670,670,594,594,594,216,216,216,210,210,336,336,111,111,491,491,491,279,279,279,189,189,189,63,63,63,16,16,209,209,-109,-109,-48,-48,-48,359,359,359,153,153,153,-324,-324,-441,-441,-243,49,49,-114,-114,141,141,162,162,-40,-40,79,79,115,115,-186,-186,-379,-172,-172,111,111,471,471,471,503,503,503,-310,-310,-310,306,306,306,423,423,518,518,825,825,825,924,924,525,525,113,113,-69,-69,208,208,391,391,111,111,111,-88,-88,-88,69,69,69,138,138,140
60,7.660000000000000142,107,-61,-123,-123,-105,-105,-105,-55,-55,222,222,529,529,693,693,348,348,448,448,448,205,205,205,205,589,589,589,589,1044,1044,1044,1044,979,979,979,230,230,230,461,461,461,461,322,322,322,322,430,430,430,430,307,307,307,-4,-4,-4,504,504,504,504,186,186,186,186,120,120,120,120,-301,-301,-301,242,242,339,339,339,407,407,407,407,99,99,99,474,474,474,137,137,115,115,115,601,601,601,761,761,761,167,167,167,670,670,670,358,358,358,297,297,297,-215,-215,-215,129,129,129,413,413,413,576,576,576,244,244,244,211,211,211,398,398,398,398,198,198,198,150,150,150,49,49,49,220,220,220,220,84,84,84,84,590,590,590,485,485,485,485,497,497,497,497,773,773,773,773,516,516,516,516,45,45,45,495,495,495,593,593,593,593,179,179,179,275,275,275,275,447,447,447,820,820,820,455,455,455,693,693,693,439,439,439,712,712,712,314,314,314,634,634,1003,1003,1003,504,504,504,92,92,92,528,528,528,-122,-122,230,230,230,166,166,166,431,431,284,284,-282,-282,-278,-278,-242,-242,-299,-299,201,201,70,70,489,489,596,596,772,772,772,1023,1023,1023,773,773,28,28,28,231,231,780,780,1038,1038,263,263,306,306,306,619,619,408,408,408,1543,1543,1543,1321,1321,1321,778,778,778,778,784,784,784,570,570,1342,1342,457,457,275,275,275,374,374,374,20,20,20,-827,-827,-827,241,241,241,154,154,334,334,540,-45,-45,9,9,9,-37,-37,5,5,564,564,447,447,470,470,497,497,267,289,152,152,256,256,52,52,52,756,756,377,377,377,319,319,319,248,248,510,510,684,684,228,228,228,139,139,139,234,234,234,358,358,504,504,297,297,509,509,284,284,284,329,329,187,187,-18,-18,617,617,617,645,645,645,591,591,591,466,466,466,468,468,468,487,487,487,568,568,769,769,769,861,861,861,915,915,476,476,476,706,706,695,695,695,516,516,516,516,535,535,535,535,562,562,562,562,491,491,491,775,775,775,344,344,344,364,364,364,726,726,726,1029,1029,1029,824,824,824,410,410,410,330,330,330,-49,-49,-49,390,390,149,149,60,60,264,264,201,201,201,468,468,468,159,159,466,466,377,377,4,4,4,569,569,569,325,325,43,43,-175,-175,24,24,741,741,997,997,997,820,820,820,585,585,585,565,565,690,690,330,330,520,520,520,418,418,418,251,251,251,85,85,85,20,20,219,219,-105,-105,226,226,226,411,411,411,-47,-47,-47,-138,-138,-297,-297,-15,206,206,-59,-59,235,235,442,442,303,303,168,168,247,247,183,183,124,415,415,637,637,619,619,619,591,591,591,-257,-257,-257,293,293,293,567,567,503,503,525,525,525,420,420,178,178,148,148,71,71,363,363,511,511,406,406,406,37,37,37,386,386,386,480,480,406
61,7.859999999999999432,306,383,335,335,247,247,247,237,237,395,395,565,565,788,788,536,536,638,638,638,138,138,138,138,600,600,600,600,763,763,763,763,984,984,984,323,323,323,676,676,676,676,344,344,344,344,703,703,703,703,408,408,408,531,531,531,757,757,757,757,250,250,250,250,198,198,198,198,-168,-168,-168,290,290,429,429,429,566,566,566,566,247,247,247,250,250,250,255,255,179,179,179,575,575,575,730,730,730,307,307,307,733,733,733,227,227,227,335,335,335,-39,-39,-39,143,143,143,562,562,562,795,795,795,430,430,430,508,508,508,558,558,558,558,361,361,361,335,335,335,248,248,248,327,327,327,327,260,260,260,260,639,639,639,426,426,426,426,577,577,577,577,844,844,844,844,757,757,757,757,480,480,480,890,890,890,798,798,798,798,286,286,286,399,399,399,399,663,663,663,938,938,938,547,547,547,735,735,735,627,627,627,656,656,656,438,438,438,962,962,987,987,987,598,598,598,359,359,359,594,594,594,180,180,739,739,739,640,640,640,880,880,636,636,210,210,314,314,198,198,21,21,558,558,818,818,856,856,1067,1067,803,803,803,692,692,692,445,445,151,151,151,397,397,732,732,830,830,579,579,445,445,445,1150,1150,851,851,851,1518,1518,1518,1172,1172,1172,940,940,940,940,1098,1098,1098,360,360,1459,1459,563,563,444,444,444,681,681,681,455,455,455,-697,-697,-697,510,510,510,640,640,597,597,971,333,333,294,294,294,113,113,130,130,569,569,621,621,863,863,770,770,688,602,487,487,470,470,202,202,202,873,873,678,678,678,462,462,462,561,561,595,595,613,613,402,402,402,523,523,523,383,383,383,539,539,769,769,529,529,688,688,380,380,380,626,626,428,428,94,94,640,640,640,756,756,756,739,739,739,597,597,597,653,653,653,697,697,697,696,696,971,971,971,891,891,891,1060,1060,412,412,412,854,854,809,809,809,768,768,768,768,651,651,651,651,728,728,728,728,680,680,680,792,792,792,390,390,390,632,632,632,867,867,867,1130,1130,1130,862,862,862,542,542,542,524,524,524,240,240,240,598,598,429,429,370,370,424,424,390,390,390,547,547,547,548,548,703,703,460,460,232,232,232,840,840,840,736,736,591,591,231,231,289,289,601,601,1177,1177,1177,1041,1041,1041,912,912,912,940,940,1036,1036,646,646,600,600,600,625,625,625,431,431,431,304,304,304,289,289,389,389,206,206,567,567,567,609,609,609,6,6,6,165,165,28,28,287,425,425,125,125,377,377,672,672,628,628,297,297,386,386,593,593,691,911,911,1054,1054,704,704,704,549,549,549,-145,-145,-145,301,301,301,730,730,510,510,229,229,229,-23,-23,-129,-129,204,204,287,287,511,511,568,568,637,637,637,265,265,265,583,583,583,721,721,601
62,8.060000000000000497,533,716,808,808,596,596,596,514,514,471,471,511,511,772,772,666,666,709,709,709,59,59,59,59,526,526,526,526,490,490,490,490,704,704,704,256,256,256,754,754,754,754,342,342,342,342,844,844,844,844,485,485,485,835,835,835,783,783,783,783,274,274,274,274,244,244,244,244,70,70,70,290,290,411,411,411,587,587,587,587,354,354,354,141,141,141,388,388,318,318,318,580,580,580,630,630,630,510,510,510,668,668,668,186,186,186,312,312,312,124,124,124,150,150,150,603,603,603,961,961,961,563,563,563,631,631,631,622,622,622,622,418,418,418,344,344,344,344,344,344,409,409,409,409,415,415,415,415,613,613,613,360,360,360,360,615,615,615,615,847,847,847,847,801,801,801,801,738,738,738,1051,1051,1051,860,860,860,860,371,371,371,552,552,552,552,791,791,791,951,951,951,523,523,523,600,600,600,690,690,690,621,621,621,459,459,459,1087,1087,946,946,946,669,669,669,582,582,582,571,571,571,526,526,1090,1090,1090,1018,1018,1018,1114,1114,876,876,680,680,845,845,610,610,309,309,826,826,1361,1361,1076,1076,1176,1176,668,668,668,289,289,289,57,57,275,275,275,531,531,555,555,458,458,767,767,545,545,545,1267,1267,1175,1175,1175,1185,1185,1185,817,817,817,938,938,938,938,1100,1100,1100,262,262,1141,1141,663,663,599,599,599,825,825,825,785,785,785,-437,-437,-437,585,585,585,990,990,773,773,1223,774,774,683,683,683,242,242,210,210,466,466,617,617,994,994,883,883,997,789,679,679,745,745,474,474,474,917,917,872,872,872,623,623,623,780,780,706,706,497,497,620,620,620,801,801,801,424,424,424,617,617,838,838,720,720,758,758,459,459,459,785,785,623,623,234,234,585,585,585,753,753,753,836,836,836,645,645,645,839,839,839,808,808,808,767,767,981,981,981,881,881,881,1075,1075,398,398,398,980,980,867,867,867,900,900,900,900,743,743,743,743,810,810,810,810,723,723,723,765,765,765,414,414,414,765,765,765,911,911,911,1067,1067,1067,813,813,813,631,631,631,626,626,626,561,561,561,744,744,639,639,549,549,534,534,476,476,476,542,542,542,833,833,779,779,523,523,478,478,478,990,990,990,1049,1049,1008,1008,620,620,446,446,410,410,1103,1103,1103,1130,1130,1130,1151,1151,1151,1133,1133,1105,1105,770,770,550,550,550,767,767,767,608,608,608,542,542,542,527,527,468,468,462,462,815,815,815,755,755,755,203,203,203,470,470,346,346,502,542,542,403,403,457,457,755,755,827,827,383,383,396,396,692,692,871,993,993,1091,1091,604,604,604,339,339,339,-83,-83,-83,256,256,256,766,766,414,414,-115,-115,-115,-412,-412,-386,-386,178,178,388,388,491,491,498,498,682,682,682,395,395,395,672,672,672,767,767,622
63,8.259999999999999787,641,794,878,878,656,656,656,579,579,513,513,358,358,533,533,544,544,535,535,535,-112,-112,-112,-112,200,200,200,200,149,149,149,149,169,169,169,38,38,38,543,543,543,543,165,165,165,165,641,641,641,641,328,328,328,814,814,814,530,530,530,530,139,139,139,139,293,293,293,293,201,201,201,131,131,327,327,327,548,548,548,548,338,338,338,31,31,31,396,396,333,333,333,479,479,479,418,418,418,523,523,523,513,513,513,53,53,53,209,209,209,140,140,140,100,100,100,525,525,525,836,836,836,553,553,553,503,503,503,517,517,517,517,288,288,288,252,252,252,246,246,246,336,336,336,336,351,351,351,351,458,458,458,195,195,195,195,544,544,544,544,624,624,624,624,686,686,686,686,715,715,715,891,891,891,714,714,714,714,381,381,381,580,580,580,580,708,708,708,730,730,730,433,433,433,396,396,396,488,488,488,428,428,428,405,405,405,903,903,667,667,667,515,515,515,707,707,707,403,403,403,610,610,1050,1050,1050,1028,1028,1028,1001,1001,803,803,824,824,904,904,641,641,332,332,654,654,1331,1331,968,968,914,914,474,474,474,-129,-129,-129,-367,-367,329,329,329,491,491,382,382,86,86,780,780,496,496,496,954,954,1262,1262,1262,606,606,606,466,466,466,737,737,737,737,902,902,902,111,111,623,623,559,559,596,596,596,828,828,828,949,949,949,-179,-179,-179,411,411,411,1048,1048,828,828,1132,1000,1000,827,827,827,279,279,225,225,362,362,502,502,847,847,896,896,1015,680,644,644,716,716,571,571,571,739,739,900,900,900,651,651,651,785,785,672,672,300,300,708,708,708,875,875,875,349,349,349,554,554,720,720,662,662,704,704,475,475,475,816,816,672,672,340,340,518,518,518,683,683,683,691,691,691,576,576,576,833,833,833,706,706,706,612,612,807,807,807,738,738,738,885,885,345,345,345,921,921,763,763,763,895,895,895,895,628,628,628,628,713,713,713,713,646,646,646,582,582,582,386,386,386,711,711,711,764,764,764,838,838,838,606,606,606,573,573,573,556,556,556,665,665,665,678,678,620,620,523,523,450,450,407,407,407,394,394,394,839,839,687,687,399,399,599,599,599,957,957,957,1089,1089,1122,1122,767,767,399,399,125,125,737,737,737,939,939,939,1098,1098,1098,1039,1039,883,883,654,654,389,389,389,636,636,636,579,579,579,503,503,503,554,554,322,322,464,464,762,762,762,759,759,759,418,418,418,607,607,512,512,454,501,501,477,477,346,346,584,584,732,732,322,322,189,189,422,422,601,579,579,663,663,383,383,383,-52,-52,-52,-165,-165,-165,54,54,54,537,537,220,220,-497,-497,-497,-743,-743,-656,-656,8,8,330,330,287,287,232,232,436,436,436,389,389,389,620,620,620,597,597,470
64,8.459999999999999076,577,672,694,694,502,502,502,524,524,377,377,198,198,210,210,333,333,200,200,200,-289,-289,-289,-289,-63,-63,-63,-63,-237,-237,-237,-237,-347,-347,-347,-215,-215,-215,212,212,212,212,-39,-39,-39,-39,326,326,326,326,52,52,52,497,497,497,190,190,190,190,6,6,6,6,230,230,230,230,233,233,233,-44,-44,223,223,223,436,436,436,436,350,350,350,-5,-5,-5,383,383,328,328,328,352,352,352,100,100,100,432,432,432,269,269,269,-56,-56,-56,93,93,93,72,72,72,37,37,37,297,297,297,537,537,537,427,427,427,214,214,214,262,262,262,262,147,147,147,87,87,87,98,98,98,211,211,211,211,190,190,190,190,237,237,237,-18,-18,-18,-18,335,335,335,335,355,355,355,355,442,442,442,442,510,510,510,626,626,626,442,442,442,442,356,356,356,447,447,447,447,534,534,534,406,406,406,204,204,204,111,111,111,206,206,206,153,153,153,252,252,252,594,594,387,387,387,339,339,339,645,645,645,199,199,199,487,487,738,738,738,698,698,698,638,638,545,545,703,703,622,622,403,403,94,94,192,192,771,771,558,558,405,405,226,226,226,-463,-463,-463,-672,-672,286,286,286,411,411,163,163,-270,-270,640,640,329,329,329,452,452,1046,1046,1046,-26,-26,-26,91,91,91,425,425,425,425,512,512,512,-10,-10,11,11,302,302,385,385,385,624,624,624,870,870,870,93,93,93,25,25,25,909,909,760,760,765,1016,1016,810,810,810,309,309,263,263,235,235,351,351,536,536,834,834,867,355,374,374,588,588,589,589,589,449,449,697,697,697,524,524,524,640,640,514,514,39,39,599,599,599,727,727,727,266,266,266,365,365,396,396,562,562,527,527,414,414,414,639,639,552,552,366,366,401,401,401,529,529,529,514,514,514,371,371,371,675,675,675,493,493,493,380,380,514,514,514,487,487,487,560,560,248,248,248,722,722,580,580,580,704,704,704,704,405,405,405,405,519,519,519,519,472,472,472,403,403,403,332,332,332,568,568,568,541,541,541,554,554,554,285,285,285,381,381,381,411,411,411,505,505,505,519,519,514,514,330,330,254,254,181,181,181,138,138,138,647,647,360,360,147,147,548,548,548,705,705,705,852,852,926,926,650,650,151,151,-236,-236,161,161,161,569,569,569,785,785,785,662,662,411,411,326,326,142,142,142,293,293,293,402,402,402,276,276,276,308,308,60,60,204,204,417,417,417,541,541,541,477,477,477,570,570,537,537,236,347,347,437,437,166,166,288,288,440,440,211,211,-42,-42,-5,-5,79,-2,-2,97,97,82,82,82,-360,-360,-360,-238,-238,-238,-171,-171,-171,197,197,-32,-32,-855,-855,-855,-1013,-1013,-877,-877,-211,-211,136,136,57,57,-121,-121,54,54,54,288,288,288,461,461,461,284,284,209
65,8.660000000000000142,443,300,356,356,381,381,381,457,457,313,313,76,76,-29,-29,107,107,-110,-110,-110,-325,-325,-325,-325,-269,-269,-269,-269,-607,-607,-607,-607,-756,-756,-756,-383,-383,-383,-96,-96,-96,-96,-160,-160,-160,-160,-95,-95,-95,-95,-179,-179,-179,216,216,216,-77,-77,-77,-77,-92,-92,-92,-92,182,182,182,182,275,275,275,-151,-151,106,106,106,356,356,356,356,311,311,311,-9,-9,-9,240,240,255,255,255,180,180,180,-135,-135,-135,286,286,286,19,19,19,-109,-109,-109,2,2,2,-16,-16,-16,65,65,65,157,157,157,331,331,331,312,312,312,35,35,35,87,87,87,87,101,101,101,30,30,30,4,4,4,37,37,37,37,66,66,66,66,58,58,58,-184,-184,-184,-184,134,134,134,134,95,95,95,95,129,129,129,129,336,336,336,292,292,292,233,233,233,233,314,314,314,238,238,238,238,335,335,335,139,139,139,29,29,29,-12,-12,-12,-112,-112,-112,-121,-121,-121,157,157,157,265,265,188,188,188,152,152,152,531,531,531,16,16,16,274,274,258,258,258,311,311,311,250,250,221,221,504,504,274,274,110,110,-139,-139,-248,-248,23,23,41,41,-80,-80,2,2,2,-585,-585,-585,-692,-692,193,193,193,242,242,58,58,-410,-410,407,407,277,277,277,1,1,695,695,695,-421,-421,-421,-136,-136,-136,310,310,310,310,121,121,121,-23,-23,-354,-354,-61,-61,42,42,42,232,232,232,679,679,679,288,288,288,-307,-307,-307,631,631,688,688,346,818,818,610,610,610,296,296,290,290,172,172,230,230,236,236,639,639,579,87,101,101,303,303,438,438,438,146,146,384,384,384,332,332,332,397,397,275,275,-183,-183,450,450,450,457,457,457,173,173,173,86,86,89,89,425,425,354,354,337,337,337,369,369,340,340,368,368,297,297,297,358,358,358,251,251,251,140,140,140,420,420,420,247,247,247,150,150,158,158,158,169,169,169,175,175,189,189,189,384,384,290,290,290,444,444,444,444,112,112,112,112,237,237,237,237,248,248,248,204,204,204,179,179,179,375,375,375,361,361,361,205,205,205,-63,-63,-63,84,84,84,243,243,243,232,232,232,269,269,405,405,160,160,39,39,26,26,26,-16,-16,-16,334,334,17,17,-79,-79,407,407,407,399,399,399,540,540,553,553,437,437,-72,-72,-458,-458,-316,-316,-316,198,198,198,377,377,377,241,241,18,18,-34,-34,-130,-130,-130,-82,-82,-82,160,160,160,23,23,23,-17,-17,-206,-206,-66,-66,104,104,104,208,208,208,379,379,379,433,433,494,494,110,186,186,329,329,46,46,-26,-26,112,112,86,86,-137,-137,-327,-327,-314,-392,-392,-353,-353,-80,-80,-80,-491,-491,-491,-162,-162,-162,-271,-271,-271,-101,-101,-213,-213,-968,-968,-968,-1098,-1098,-921,-921,-310,-310,8,8,-87,-87,-318,-318,-247,-247,-247,136,136,136,278,278,278,28,28,-14
66,8.859999999999999432,250,-5,44,44,182,182,182,331,331,334,334,45,45,-144,-144,6,6,-347,-347,-347,-309,-309,-309,-309,-435,-435,-435,-435,-823,-823,-823,-823,-890,-890,-890,-385,-385,-385,-263,-263,-263,-263,-190,-190,-190,-190,-310,-310,-310,-310,-229,-229,-229,59,59,59,-194,-194,-194,-194,-156,-156,-156,-156,156,156,156,156,288,288,288,-121,-121,49,49,49,243,243,243,243,256,256,256,25,25,25,85,85,116,116,116,51,51,51,-159,-159,-159,142,142,142,-139,-139,-139,-118,-118,-118,-47,-47,-47,-12,-12,-12,77,77,77,8,8,8,163,163,163,258,258,258,-99,-99,-99,-45,-45,-45,-45,64,64,64,70,70,70,18,18,18,-35,-35,-35,-35,-22,-22,-22,-22,-32,-32,-32,-233,-233,-233,-233,-9,-9,-9,-9,-102,-102,-102,-102,-89,-89,-89,-89,150,150,150,70,70,70,16,16,16,16,262,262,262,3,3,3,3,180,180,180,-94,-94,-94,-91,-91,-91,-43,-43,-43,-220,-220,-220,-286,-286,-286,106,106,106,124,124,106,106,106,78,78,78,303,303,303,-112,-112,-112,83,83,-69,-69,-69,-74,-74,-74,-82,-82,-2,-2,314,314,68,68,-195,-195,-260,-260,-529,-529,-550,-550,-280,-280,-316,-316,-14,-14,-14,-513,-513,-513,-447,-447,195,195,195,154,154,16,16,-327,-327,146,146,210,210,210,-220,-220,200,200,200,-538,-538,-538,-281,-281,-281,220,220,220,220,-133,-133,-133,16,16,-465,-465,-404,-404,-324,-324,-324,-157,-157,-157,452,452,452,381,381,381,-446,-446,-446,219,219,534,534,64,418,418,318,318,318,292,292,342,342,121,121,113,113,29,29,458,458,244,-73,-125,-125,165,165,263,263,263,-54,-54,99,99,99,151,151,151,193,193,93,93,-243,-243,244,244,244,257,257,257,119,119,119,-98,-98,-55,-55,268,268,208,208,186,186,186,79,79,209,209,352,352,143,143,143,195,195,195,30,30,30,-24,-24,-24,169,169,169,16,16,16,-43,-43,-132,-132,-132,-149,-149,-149,-106,-106,96,96,96,151,151,86,86,86,211,211,211,211,-83,-83,-83,-83,34,34,34,34,105,105,105,64,64,64,34,34,34,176,176,176,196,196,196,-20,-20,-20,-369,-369,-369,-146,-146,-146,116,116,116,-12,-12,-12,114,114,324,324,82,82,-118,-118,-84,-84,-84,-16,-16,-16,108,108,-126,-126,-244,-244,212,212,212,88,88,88,153,153,174,174,231,231,-133,-133,-535,-535,-638,-638,-638,-68,-68,-68,49,49,49,-58,-58,-224,-224,-202,-202,-261,-261,-261,-304,-304,-304,-27,-27,-27,-103,-103,-103,-241,-241,-275,-275,-197,-197,-179,-179,-179,-103,-103,-103,241,241,241,247,247,346,346,36,95,95,233,233,-8,-8,-185,-185,-81,-81,45,45,-90,-90,-406,-406,-489,-518,-518,-491,-491,-87,-87,-87,-401,-401,-401,5,5,5,-170,-170,-170,-223,-223,-276,-276,-857,-857,-857,-976,-976,-684,-684,-246,-246,-36,-36,-52,-52,-334,-334,-379,-379,-379,56,56,56,107,107,107,-164,-164,-175
67,9.060000000000000497,-41,-226,-226,-226,88,88,88,251,251,326,326,44,44,-190,-190,-62,-62,-339,-339,-339,-98,-98,-98,-98,-398,-398,-398,-398,-859,-859,-859,-859,-695,-695,-695,-256,-256,-256,-253,-253,-253,-253,-51,-51,-51,-51,-311,-311,-311,-311,-87,-87,-87,65,65,65,-122,-122,-122,-122,-20,-20,-20,-20,121,121,121,121,313,313,313,-27,-27,65,65,65,137,137,137,137,187,187,187,102,102,102,-17,-17,56,56,56,46,46,46,-94,-94,-94,84,84,84,-203,-203,-203,29,29,29,25,25,25,12,12,12,94,94,94,-78,-78,-78,3,3,3,231,231,231,-104,-104,-104,-102,-102,-102,-102,84,84,84,166,166,166,84,84,84,-98,-98,-98,-98,28,28,28,28,35,35,35,-135,-135,-135,-135,-30,-30,-30,-30,-194,-194,-194,-194,-121,-121,-121,-121,80,80,80,-117,-117,-117,-97,-97,-97,-97,189,189,189,-113,-113,-113,-113,93,93,93,-147,-147,-147,-25,-25,-25,11,11,11,-134,-134,-134,-317,-317,-317,123,123,123,82,82,207,207,207,59,59,59,88,88,88,-119,-119,-119,88,88,-205,-205,-205,-245,-245,-245,-180,-180,-87,-87,297,297,62,62,-199,-199,-194,-194,-418,-418,-646,-646,-314,-314,-224,-224,67,67,67,-278,-278,-278,-67,-67,187,187,187,91,91,29,29,-69,-69,-37,-37,225,225,225,-193,-193,-171,-171,-171,-327,-327,-327,-297,-297,-297,223,223,223,223,-197,-197,-197,133,133,-322,-322,-533,-533,-549,-549,-549,-383,-383,-383,178,178,178,474,474,474,-412,-412,-412,-58,-58,269,269,-156,81,81,100,100,100,367,367,342,342,59,59,93,93,0,0,241,241,79,-77,-168,-168,64,64,169,169,169,-54,-54,-83,-83,-83,66,66,66,98,98,45,45,-138,-138,153,153,153,187,187,187,102,102,102,-139,-139,-103,-103,181,181,117,117,99,99,99,-117,-117,72,72,302,302,73,73,73,68,68,68,-92,-92,-92,-70,-70,-70,2,2,2,-70,-70,-70,-52,-52,-242,-242,-242,-262,-262,-262,-263,-263,68,68,68,-40,-40,-27,-27,-27,59,59,59,59,-214,-214,-214,-214,-4,-4,-4,-4,99,99,99,61,61,61,-46,-46,-46,95,95,95,134,134,134,-67,-67,-67,-415,-415,-415,-189,-189,-189,79,79,79,-134,-134,-134,89,89,278,278,117,117,-95,-95,-143,-143,-143,54,54,54,81,81,-81,-81,-214,-214,114,114,114,-90,-90,-90,-150,-150,-69,-69,160,160,-39,-39,-410,-410,-694,-694,-694,-191,-191,-191,-161,-161,-161,-163,-163,-243,-243,-200,-200,-247,-247,-247,-376,-376,-376,-58,-58,-58,-37,-37,-37,-241,-241,-142,-142,-114,-114,-242,-242,-242,-281,-281,-281,190,190,190,133,133,198,198,10,52,52,172,172,60,60,-143,-143,-132,-132,91,91,47,47,-245,-245,-373,-320,-320,-293,-293,8,8,8,-96,-96,-96,248,248,248,36,36,36,-241,-241,-229,-229,-558,-558,-558,-691,-691,-347,-347,-96,-96,-4,-4,18,18,-200,-200,-327,-327,-327,27,27,27,-5,-5,-5,-229,-229,-197
68,9.259999999999999787,-143,-188,-240,-240,128,128,128,283,283,359,359,207,207,-66,-66,-52,-52,-176,-176,-176,200,200,200,200,-239,-239,-239,-239,-651,-651,-651,-651,-346,-346,-346,13,13,13,-98,-98,-98,-98,234,234,234,234,-37,-37,-37,-37,161,161,161,172,172,172,123,123,123,123,234,234,234,234,170,170,170,170,310,310,310,151,151,201,201,201,218,218,218,218,172,172,172,233,233,233,54,54,60,60,60,147,147,147,167,167,167,112,112,112,-173,-173,-173,193,193,193,89,89,89,91,91,91,194,194,194,-77,-77,-77,20,20,20,312,312,312,72,72,72,0,0,0,0,186,186,186,269,269,269,268,268,268,-58,-58,-58,-58,173,173,173,173,162,162,162,66,66,66,66,77,77,77,77,-92,-92,-92,-92,15,15,15,15,118,118,118,-157,-157,-157,-56,-56,-56,-56,189,189,189,-72,-72,-72,-72,114,114,114,-49,-49,-49,67,67,67,117,117,117,69,69,69,-158,-158,-158,228,228,228,132,132,372,372,372,164,164,164,-45,-45,-45,-57,-57,-57,219,219,-150,-150,-150,-179,-179,-179,-146,-146,-51,-51,317,317,177,177,-47,-47,69,69,-67,-67,-269,-269,-126,-126,78,78,274,274,274,-5,-5,-5,363,363,265,265,265,145,145,114,114,364,364,-93,-93,311,311,311,151,151,-365,-365,-365,106,106,106,-149,-149,-149,251,251,251,251,-124,-124,-124,274,274,-8,-8,-417,-417,-519,-519,-519,-419,-419,-419,-86,-86,-86,479,479,479,-190,-190,-190,-186,-186,77,77,-92,-165,-165,-26,-26,-26,393,393,347,347,35,35,88,88,108,108,117,117,66,95,-66,-66,140,140,182,182,182,131,131,-73,-73,-73,66,66,66,99,99,119,119,146,146,175,175,175,165,165,165,166,166,166,-1,-1,35,35,194,194,132,132,103,103,103,-177,-177,56,56,311,311,117,117,117,58,58,58,-66,-66,-66,73,73,73,0,0,0,-48,-48,-48,4,4,-153,-153,-153,-238,-238,-238,-213,-213,75,75,75,-41,-41,18,18,18,83,83,83,83,-102,-102,-102,-102,113,113,113,113,192,192,192,180,180,180,-51,-51,-51,69,69,69,125,125,125,74,74,74,-209,-209,-209,-31,-31,-31,124,124,124,-54,-54,-54,187,187,245,245,190,190,12,12,-53,-53,-53,205,205,205,167,167,68,68,-76,-76,80,80,80,-79,-79,-79,-299,-299,-79,-79,181,181,189,189,-136,-136,-489,-489,-489,-115,-115,-115,-143,-143,-143,-93,-93,-106,-106,-46,-46,-105,-105,-105,-198,-198,-198,37,37,37,184,184,184,-11,-11,168,168,169,169,-86,-86,-86,-263,-263,-263,288,288,288,162,162,110,110,58,95,95,150,150,181,181,17,17,-19,-19,194,194,226,226,105,105,-20,56,56,66,66,233,233,233,231,231,231,476,476,476,262,262,262,-135,-135,-97,-97,-128,-128,-128,-228,-228,49,49,113,113,67,67,90,90,-19,-19,-125,-125,-125,96,96,96,-51,-51,-51,-174,-174,-99
69,9.459999999999999076,-97,-84,-179,-179,99,99,99,264,264,310,310,212,212,18,18,-55,-55,-29,-29,-29,422,422,422,422,-144,-144,-144,-144,-420,-420,-420,-420,-36,-36,-36,144,144,144,-19,-19,-19,-19,377,377,377,377,173,173,173,173,366,366,366,221,221,221,284,284,284,284,463,463,463,463,251,251,251,251,259,259,259,296,296,274,274,274,208,208,208,208,141,141,141,267,267,267,154,154,138,138,138,185,185,185,318,318,318,161,161,161,-65,-65,-65,241,241,241,180,180,180,143,143,143,222,222,222,-30,-30,-30,-19,-19,-19,276,276,276,174,174,174,67,67,67,67,206,206,206,331,331,331,335,335,335,77,77,77,77,279,279,279,279,291,291,291,263,263,263,263,227,227,227,227,53,53,53,53,142,142,142,142,147,147,147,-100,-100,-100,104,104,104,104,203,203,203,77,77,77,77,151,151,151,153,153,153,154,154,154,203,203,203,290,290,290,66,66,66,276,276,276,177,177,429,429,429,272,272,272,-94,-94,-94,43,43,43,312,312,-25,-25,-25,-117,-117,-117,-132,-132,-28,-28,260,260,152,152,41,41,140,140,189,189,19,19,45,45,280,280,414,414,414,196,196,196,591,591,322,322,322,176,176,141,141,555,555,-48,-48,366,366,366,394,394,-417,-417,-417,444,444,444,42,42,42,213,213,213,213,83,83,83,342,342,256,256,-203,-203,-338,-338,-338,-267,-267,-267,-177,-177,-177,469,469,469,106,106,106,-201,-201,-50,-50,103,-179,-179,-75,-75,-75,401,401,300,300,92,92,124,124,167,167,64,64,123,188,114,114,183,183,174,174,174,253,253,8,8,8,87,87,87,132,132,213,213,357,357,211,211,211,173,173,173,160,160,160,192,192,114,114,148,148,98,98,190,190,190,-104,-104,58,58,271,271,139,139,139,101,101,101,-3,-3,-3,154,154,154,61,61,61,-14,-14,-14,36,36,-63,-63,-63,-82,-82,-82,-102,-102,143,143,143,42,42,128,128,128,146,146,146,146,104,104,104,104,244,244,244,244,276,276,276,321,321,321,-4,-4,-4,95,95,95,186,186,186,225,225,225,74,74,74,169,169,169,185,185,185,90,90,90,282,282,168,168,214,214,111,111,-8,-8,-8,304,304,304,227,227,191,191,65,65,114,114,114,-18,-18,-18,-307,-307,5,5,237,237,379,379,149,149,-169,-169,-169,-49,-49,-49,-39,-39,-39,12,12,20,20,82,82,112,112,112,0,0,0,155,155,155,343,343,343,186,186,349,349,401,401,77,77,77,-141,-141,-141,368,368,368,195,195,78,78,144,135,135,120,120,251,251,162,162,97,97,260,260,343,343,327,327,219,256,256,281,281,330,330,330,463,463,463,469,469,469,313,313,313,-116,-116,-57,-57,183,183,183,128,128,288,288,174,174,39,39,78,78,82,82,58,58,58,149,149,149,-42,-42,-42,-49,-49,43
70,9.660000000000000142,60,11,-68,-68,84,84,84,221,221,232,232,254,254,135,135,-45,-45,92,92,92,463,463,463,463,-201,-201,-201,-201,-227,-227,-227,-227,153,153,153,151,151,151,-33,-33,-33,-33,397,397,397,397,310,310,310,310,434,434,434,150,150,150,317,317,317,317,555,555,555,555,271,271,271,271,211,211,211,341,341,286,286,286,241,241,241,241,70,70,70,268,268,268,207,207,129,129,129,162,162,162,377,377,377,150,150,150,-49,-49,-49,224,224,224,146,146,146,119,119,119,201,201,201,-41,-41,-41,-101,-101,-101,222,222,222,186,186,186,92,92,92,92,163,163,163,240,240,240,320,320,320,205,205,205,205,281,281,281,281,299,299,299,334,334,334,334,270,270,270,270,194,194,194,194,237,237,237,237,135,135,135,25,25,25,266,266,266,266,149,149,149,160,160,160,160,215,215,215,282,282,282,233,233,233,225,225,225,376,376,376,243,243,243,259,259,259,135,135,375,375,375,380,380,380,-34,-34,-34,119,119,119,312,312,-14,-14,-14,-162,-162,-162,-124,-124,48,48,117,117,-59,-59,-21,-21,90,90,238,238,161,161,77,77,272,272,431,431,431,331,331,331,670,670,327,327,327,178,178,156,156,614,614,86,86,362,362,362,578,578,-328,-328,-328,619,619,619,206,206,206,175,175,175,175,296,296,296,295,295,375,375,6,6,-124,-124,-124,-77,-77,-77,-239,-239,-239,415,415,415,318,318,318,-168,-168,-86,-86,256,-125,-125,-106,-106,-106,303,303,248,248,212,212,160,160,254,254,99,99,196,222,183,183,199,199,107,107,107,340,340,93,93,93,124,124,124,109,109,242,242,463,463,226,226,226,122,122,122,141,141,141,251,251,157,157,99,99,97,97,194,194,194,41,41,59,59,185,185,213,213,213,209,209,209,40,40,40,220,220,220,88,88,88,2,2,2,-26,-26,-37,-37,-37,39,39,39,30,30,193,193,193,118,118,189,189,189,212,212,212,212,225,225,225,225,416,416,416,416,334,334,334,397,397,397,94,94,94,126,126,126,249,249,249,312,312,312,378,378,378,349,349,349,168,168,168,207,207,207,243,243,-19,-19,114,114,137,137,39,39,39,231,231,231,201,201,141,141,103,103,105,105,105,24,24,24,-208,-208,54,54,247,247,458,458,328,328,113,113,113,-7,-7,-7,38,38,38,77,77,69,69,130,130,265,265,265,177,177,177,200,200,200,374,374,374,289,289,354,354,439,439,118,118,118,-31,-31,-31,325,325,325,159,159,30,30,170,111,111,46,46,201,201,206,206,121,121,228,228,384,384,324,324,151,216,216,273,273,268,268,268,475,475,475,270,270,270,128,128,128,-222,-222,-96,-96,374,374,374,401,401,412,412,174,174,-58,-58,12,12,104,104,174,174,174,172,172,172,-34,-34,-34,67,67,148
71,9.859999999999999432,174,113,80,80,118,118,118,143,143,177,177,315,315,292,292,51,51,159,159,159,373,373,373,373,-141,-141,-141,-141,-48,-48,-48,-48,252,252,252,105,105,105,-41,-41,-41,-41,338,338,338,338,346,346,346,346,458,458,458,71,71,71,343,343,343,343,629,629,629,629,274,274,274,274,189,189,189,373,373,368,368,368,229,229,229,229,119,119,119,295,295,295,252,252,191,191,191,110,110,110,350,350,350,236,236,236,28,28,28,159,159,159,121,121,121,111,111,111,224,224,224,51,51,51,-57,-57,-57,196,196,196,253,253,253,184,184,184,184,180,180,180,222,222,222,306,306,306,304,304,304,304,267,267,267,267,328,328,328,403,403,403,403,319,319,319,319,304,304,304,304,288,288,288,288,157,157,157,218,218,218,429,429,429,429,220,220,220,265,265,265,265,285,285,285,430,430,430,302,302,302,236,236,236,325,325,325,454,454,454,237,237,237,148,148,334,334,334,476,476,476,150,150,150,226,226,226,255,255,56,56,56,-127,-127,-127,-41,-41,147,147,14,14,-114,-114,-42,-42,75,75,225,225,241,241,115,115,219,219,443,443,443,458,458,458,696,696,363,363,363,196,196,226,226,565,565,227,227,380,380,380,614,614,-80,-80,-80,625,625,625,381,381,381,174,174,174,174,479,479,479,263,263,335,335,219,219,113,113,113,154,154,154,-150,-150,-150,348,348,348,507,507,507,-23,-23,16,16,417,186,186,118,118,118,258,258,266,266,388,388,279,279,364,364,184,184,289,266,256,256,175,175,117,117,117,335,335,150,150,150,182,182,182,81,81,221,221,472,472,224,224,224,79,79,79,145,145,145,321,321,197,197,117,117,161,161,281,281,281,228,228,91,91,150,150,325,325,325,330,330,330,152,152,152,251,251,251,136,136,136,7,7,7,-33,-33,20,20,20,149,149,149,176,176,251,251,251,254,254,293,293,293,286,286,286,286,396,396,396,396,552,552,552,552,371,371,371,441,441,441,207,207,207,201,201,201,358,358,358,448,448,448,569,569,569,405,405,405,201,201,201,344,344,344,232,232,-32,-32,77,77,197,197,153,153,153,221,221,221,194,194,89,89,161,161,153,153,153,85,85,85,-21,-21,127,127,246,246,449,449,452,452,326,326,326,76,76,76,108,108,108,136,136,108,108,187,187,362,362,362,307,307,307,253,253,253,332,332,332,328,328,330,330,353,353,158,158,158,60,60,60,217,217,217,134,134,55,55,196,157,157,52,52,113,113,174,174,158,158,167,167,378,378,281,281,93,135,135,200,200,237,237,237,417,417,417,68,68,68,-48,-48,-48,-319,-319,-81,-81,483,483,483,644,644,555,555,192,192,-86,-86,29,29,129,129,218,218,218,192,192,192,-7,-7,-7,182,182,247
72,10.0600000000000005,339,257,222,222,230,230,230,206,206,220,220,371,371,417,417,153,153,266,266,266,342,342,342,342,-66,-66,-66,-66,82,82,82,82,305,305,305,84,84,84,-59,-59,-59,-59,218,218,218,218,342,342,342,342,406,406,406,66,66,66,367,367,367,367,541,541,541,541,326,326,326,326,221,221,221,398,398,377,377,377,257,257,257,257,152,152,152,279,279,279,325,325,269,269,269,164,164,164,435,435,435,266,266,266,146,146,146,131,131,131,113,113,113,145,145,145,268,268,268,194,194,194,-35,-35,-35,157,157,157,278,278,278,256,256,256,256,212,212,212,226,226,226,298,298,298,362,362,362,362,267,267,267,267,270,270,270,426,426,426,426,379,379,379,379,390,390,390,390,312,312,312,312,202,202,202,419,419,419,540,540,540,540,306,306,306,358,358,358,358,346,346,346,522,522,522,347,347,347,302,302,302,350,350,350,578,578,578,337,337,337,211,211,355,355,355,557,557,557,309,309,309,345,345,345,216,216,141,141,141,107,107,107,133,133,307,307,85,85,-6,-6,30,30,140,140,287,287,314,314,230,230,192,192,400,400,400,530,530,530,632,632,407,407,407,233,233,310,310,423,423,352,352,372,372,372,556,556,258,258,258,508,508,508,447,447,447,215,215,215,215,545,545,545,202,202,320,320,349,349,323,323,323,341,341,341,11,11,11,265,265,265,614,614,614,121,121,210,210,471,462,462,330,330,330,253,253,312,312,538,538,366,366,422,422,317,317,352,272,304,304,200,200,163,163,163,308,308,190,190,190,263,263,263,132,132,187,187,388,388,200,200,200,80,80,80,222,222,222,340,340,253,253,152,152,278,278,355,355,355,353,353,185,185,160,160,441,441,441,416,416,416,272,272,272,227,227,227,92,92,92,30,30,30,7,7,107,107,107,194,194,194,237,237,310,310,310,368,368,371,371,371,369,369,369,369,523,523,523,523,568,568,568,568,437,437,437,461,461,461,322,322,322,276,276,276,408,408,408,497,497,497,666,666,666,428,428,428,253,253,253,464,464,464,237,237,47,47,179,179,336,336,299,299,299,190,190,190,170,170,136,136,242,242,236,236,236,167,167,167,202,202,202,202,260,260,465,465,526,526,469,469,469,195,195,195,207,207,207,201,201,203,203,282,282,466,466,466,444,444,444,305,305,305,303,303,303,354,354,256,256,230,230,232,232,232,219,219,219,91,91,91,147,147,178,178,244,242,242,119,119,88,88,184,184,173,173,179,179,350,350,281,281,140,110,110,193,193,199,199,199,328,328,328,-80,-80,-80,-233,-233,-233,-374,-374,-40,-40,565,565,565,886,886,723,723,274,274,13,13,102,102,188,188,289,289,289,224,224,224,95,95,95,299,299,355
73,10.25999999999999979,435,341,381,381,309,309,309,236,236,197,197,353,353,466,466,257,257,336,336,336,222,222,222,222,87,87,87,87,250,250,250,250,279,279,279,67,67,67,-109,-109,-109,-109,53,53,53,53,297,297,297,297,277,277,277,83,83,83,304,304,304,304,417,417,417,417,278,278,278,278,245,245,245,322,322,405,405,405,250,250,250,250,166,166,166,178,178,178,336,336,325,325,325,231,231,231,435,435,435,315,315,315,197,197,197,109,109,109,110,110,110,186,186,186,291,291,291,199,199,199,-8,-8,-8,100,100,100,317,317,317,269,269,269,269,247,247,247,196,196,196,203,203,203,277,277,277,277,206,206,206,206,224,224,224,413,413,413,413,346,346,346,346,429,429,429,429,379,379,379,379,238,238,238,489,489,489,589,589,589,589,396,396,396,393,393,393,393,379,379,379,553,553,553,296,296,296,336,336,336,374,374,374,583,583,583,276,276,276,245,245,313,313,313,510,510,510,424,424,424,392,392,392,179,179,261,261,261,324,324,324,262,262,388,388,221,221,181,181,118,118,213,213,388,388,483,483,353,353,259,259,397,397,397,587,587,587,554,554,354,354,354,220,220,374,374,252,252,429,429,432,432,432,500,500,489,489,489,316,316,316,440,440,440,240,240,240,240,494,494,494,171,171,232,232,405,405,382,382,382,409,409,409,228,228,228,238,238,238,561,561,561,279,279,341,341,468,657,657,525,525,525,305,305,342,342,515,515,414,414,372,372,381,381,338,298,309,309,175,175,191,191,191,318,318,221,221,221,291,291,291,137,137,145,145,212,212,154,154,154,78,78,78,268,268,268,339,339,288,288,203,203,393,393,393,393,393,424,424,226,226,190,190,438,438,438,394,394,394,303,303,303,171,171,171,75,75,75,46,46,46,5,5,145,145,145,195,195,195,232,232,281,281,281,376,376,369,369,369,342,342,342,342,500,500,500,500,455,455,455,455,385,385,385,401,401,401,446,446,446,307,307,307,471,471,471,469,469,469,677,677,677,359,359,359,298,298,298,467,467,467,204,204,155,155,258,258,382,382,388,388,388,135,135,135,132,132,184,184,305,305,264,264,264,211,211,211,299,299,244,244,282,282,388,388,534,534,496,496,496,280,280,280,266,266,266,235,235,254,254,278,278,404,404,404,462,462,462,309,309,309,244,244,244,329,329,232,232,134,134,268,268,268,302,302,302,23,23,23,132,132,253,253,270,296,296,196,196,107,107,176,176,200,200,183,183,265,265,280,280,265,201,201,241,241,116,116,116,184,184,184,-184,-184,-184,-406,-406,-406,-365,-365,7,7,573,573,573,961,961,824,824,345,345,137,137,182,182,239,239,314,314,314,187,187,187,135,135,135,333,333,374
74,10.46000000000000085,445,383,433,433,268,268,268,190,190,214,214,277,277,332,332,261,261,328,328,328,-37,-37,-37,-37,145,145,145,145,370,370,370,370,273,273,273,22,22,22,-109,-109,-109,-109,-103,-103,-103,-103,173,173,173,173,113,113,113,132,132,132,186,186,186,186,207,207,207,207,195,195,195,195,131,131,131,218,218,348,348,348,242,242,242,242,181,181,181,148,148,148,310,310,240,240,240,284,284,284,389,389,389,295,295,295,209,209,209,62,62,62,153,153,153,206,206,206,239,239,239,224,224,224,23,23,23,24,24,24,224,224,224,203,203,203,203,189,189,189,91,91,91,88,88,88,152,152,152,152,141,141,141,141,181,181,181,319,319,319,319,307,307,307,307,380,380,380,380,358,358,358,358,260,260,260,482,482,482,491,491,491,491,375,375,375,386,386,386,386,350,350,350,416,416,416,215,215,215,242,242,242,315,315,315,472,472,472,210,210,210,275,275,257,257,257,342,342,342,444,444,444,341,341,341,196,196,310,310,310,465,465,465,341,341,382,382,321,321,317,317,170,170,265,265,467,467,570,570,481,481,302,302,322,322,322,498,498,498,296,296,254,254,254,157,157,332,332,59,59,409,409,412,412,412,326,326,681,681,681,115,115,115,371,371,371,302,302,302,302,351,351,351,179,179,169,169,302,302,282,282,282,424,424,424,374,374,374,273,273,273,465,465,465,339,339,375,375,383,713,713,593,593,593,306,306,333,333,426,426,389,389,356,356,421,421,253,241,273,273,126,126,220,220,220,294,294,235,235,235,235,235,235,91,91,68,68,82,82,139,139,139,82,82,82,214,214,214,298,298,295,295,198,198,421,421,340,340,340,357,357,189,189,182,182,402,402,402,323,323,323,283,283,283,86,86,86,42,42,42,33,33,33,27,27,155,155,155,115,115,115,162,162,184,184,184,346,346,298,298,298,296,296,296,296,444,444,444,444,252,252,252,252,304,304,304,339,339,339,419,419,419,307,307,307,422,422,422,448,448,448,570,570,570,249,249,249,287,287,287,409,409,409,201,201,257,257,283,283,359,359,410,410,410,89,89,89,88,88,208,208,319,319,261,261,261,224,224,224,288,288,235,235,278,278,324,324,496,496,448,448,448,267,267,267,206,206,206,191,191,214,214,191,191,307,307,307,366,366,366,268,268,268,160,160,160,227,227,145,145,17,17,249,249,249,317,317,317,-24,-24,-24,124,124,280,280,229,256,256,193,193,71,71,138,138,159,159,142,142,79,79,198,198,302,306,306,278,278,7,7,7,27,27,27,-247,-247,-247,-457,-457,-457,-355,-355,-45,-45,510,510,510,936,936,803,803,334,334,212,212,224,224,222,222,237,237,237,99,99,99,112,112,112,289,289,296
75,10.66000000000000014,329,315,325,325,138,138,138,69,69,57,57,105,105,168,168,165,165,210,210,210,-239,-239,-239,-239,153,153,153,153,307,307,307,307,172,172,172,-26,-26,-26,-67,-67,-67,-67,-263,-263,-263,-263,26,26,26,26,-69,-69,-69,110,110,110,33,33,33,33,31,31,31,31,55,55,55,55,5,5,5,26,26,177,177,177,140,140,140,140,96,96,96,74,74,74,195,195,112,112,112,244,244,244,289,289,289,161,161,161,175,175,175,-34,-34,-34,184,184,184,234,234,234,164,164,164,166,166,166,12,12,12,-75,-75,-75,112,112,112,134,134,134,134,62,62,62,10,10,10,-42,-42,-42,59,59,59,59,89,89,89,89,121,121,121,217,217,217,217,236,236,236,236,256,256,256,256,248,248,248,248,219,219,219,420,420,420,315,315,315,315,252,252,252,319,319,319,319,228,228,228,224,224,224,75,75,75,126,126,126,132,132,132,281,281,281,112,112,112,158,158,171,171,171,98,98,98,318,318,318,255,255,255,113,113,247,247,247,411,411,411,305,305,240,240,329,329,255,255,214,214,199,199,358,358,437,437,358,358,206,206,190,190,190,310,310,310,-24,-24,9,9,9,24,24,172,172,-103,-103,247,247,399,399,399,189,189,637,637,637,-14,-14,-14,301,301,301,291,291,291,291,179,179,179,154,154,176,176,187,187,112,112,112,247,247,247,475,475,475,323,323,323,235,235,235,306,306,322,322,313,586,586,501,501,501,220,220,205,205,266,266,330,330,239,239,322,322,183,151,216,216,64,64,156,156,156,161,161,232,232,232,132,132,132,38,38,15,15,-28,-28,51,51,51,63,63,63,86,86,86,190,190,224,224,168,168,329,329,245,245,245,257,257,124,124,122,122,243,243,243,197,197,197,174,174,174,-16,-16,-16,29,29,29,55,55,55,67,67,94,94,94,50,50,50,80,80,20,20,20,188,188,178,178,178,210,210,210,210,254,254,254,254,19,19,19,19,144,144,144,188,188,188,321,321,321,251,251,251,304,304,304,288,288,288,354,354,354,131,131,131,199,199,199,260,260,260,153,153,217,217,178,178,206,206,362,362,362,62,62,62,-24,-24,121,121,246,246,206,206,206,211,211,211,191,191,172,172,211,211,213,213,393,393,363,363,363,129,129,129,83,83,83,116,116,141,141,81,81,195,195,195,230,230,230,170,170,170,74,74,74,103,103,95,95,-31,-31,203,203,203,225,225,225,-50,-50,-50,97,97,237,237,173,181,181,122,122,-8,-8,26,26,65,65,42,42,-80,-80,113,113,256,304,304,209,209,-58,-58,-58,-145,-145,-145,-296,-296,-296,-474,-474,-474,-333,-333,-123,-123,369,369,369,737,737,656,656,271,271,214,214,191,191,144,144,112,112,112,-13,-13,-13,51,51,51,155,155,166
76,10.85999999999999943,165,204,149,149,-41,-41,-41,-87,-87,-66,-66,-72,-72,-38,-38,70,70,106,106,106,-367,-367,-367,-367,208,208,208,208,268,268,268,268,108,108,108,-36,-36,-36,-20,-20,-20,-20,-322,-322,-322,-322,-116,-116,-116,-116,-232,-232,-232,28,28,28,-82,-82,-82,-82,-175,-175,-175,-175,-8,-8,-8,-8,-85,-85,-85,-109,-109,40,40,40,70,70,70,70,46,46,46,29,29,29,104,104,59,59,59,182,182,182,112,112,112,12,12,12,89,89,89,25,25,25,266,266,266,223,223,223,112,112,112,148,148,148,16,16,16,-169,-169,-169,-10,-10,-10,15,15,15,15,-17,-17,-17,-66,-66,-66,-76,-76,-76,-13,-13,-13,-13,21,21,21,21,36,36,36,86,86,86,86,115,115,115,115,106,106,106,106,105,105,105,105,139,139,139,316,316,316,124,124,124,124,117,117,117,216,216,216,216,108,108,108,25,25,25,-36,-36,-36,29,29,29,-49,-49,-49,133,133,133,105,105,105,104,104,63,63,63,-100,-100,-100,210,210,210,174,174,174,4,4,122,122,122,232,232,232,175,175,73,73,174,174,171,171,202,202,80,80,117,117,167,167,145,145,55,55,93,93,93,122,122,122,-190,-190,-182,-182,-182,-73,-73,38,38,-192,-192,130,130,266,266,266,65,65,468,468,468,-130,-130,-130,226,226,226,270,270,270,270,-1,-1,-1,164,164,188,188,54,54,-44,-44,-44,97,97,97,497,497,497,474,474,474,100,100,100,264,264,141,141,181,396,396,310,310,310,144,144,136,136,143,143,267,267,226,226,253,253,134,63,95,95,1,1,121,121,121,61,61,182,182,182,14,14,14,-4,-4,5,5,-55,-55,33,33,33,56,56,56,9,9,9,94,94,162,162,167,167,230,230,166,166,166,138,138,61,61,50,50,209,209,209,177,177,177,68,68,68,-83,-83,-83,8,8,8,80,80,80,100,100,122,122,122,21,21,21,104,104,-63,-63,-63,75,75,61,61,61,145,145,145,145,100,100,100,100,-163,-163,-163,-163,22,22,22,123,123,123,205,205,205,214,214,214,169,169,169,175,175,175,110,110,110,45,45,45,118,118,118,87,87,87,122,122,114,114,85,85,107,107,278,278,278,0,0,0,-91,-91,60,60,193,193,175,175,175,165,165,165,68,68,68,68,71,71,79,79,282,282,237,237,237,-68,-68,-68,2,2,2,50,50,71,71,-7,-7,97,97,97,77,77,77,90,90,90,16,16,16,-8,-8,34,34,-58,-58,109,109,109,148,148,148,-64,-64,-64,11,11,168,168,132,84,84,25,25,-70,-70,-111,-111,-65,-65,-71,-71,-167,-167,-16,-16,160,162,162,72,72,-116,-116,-116,-224,-224,-224,-358,-358,-358,-482,-482,-482,-316,-316,-192,-192,175,175,175,442,442,441,441,139,139,138,138,109,109,20,20,-17,-17,-17,-116,-116,-116,10,10,10,46,46,23
77,11.0600000000000005,0,77,46,46,-109,-109,-109,-81,-81,-37,-37,-166,-166,-129,-129,-7,-7,15,15,15,-360,-360,-360,-360,257,257,257,257,267,267,267,267,184,184,184,37,37,37,78,78,78,78,-310,-310,-310,-310,-139,-139,-139,-139,-301,-301,-301,-56,-56,-56,-105,-105,-105,-105,-178,-178,-178,-178,-96,-96,-96,-96,-121,-121,-121,-87,-87,-47,-47,-47,59,59,59,59,-17,-17,-17,46,46,46,32,32,39,39,39,185,185,185,-9,-9,-9,-68,-68,-68,76,76,76,69,69,69,327,327,327,241,241,241,122,122,122,101,101,101,61,61,61,-105,-105,-105,-50,-50,-50,-5,-5,-5,-5,-44,-44,-44,-31,-31,-31,-74,-74,-74,-5,-5,-5,-5,22,22,22,22,72,72,72,20,20,20,20,98,98,98,98,29,29,29,29,60,60,60,60,110,110,110,198,198,198,27,27,27,27,3,3,3,119,119,119,119,19,19,19,-46,-46,-46,-15,-15,-15,-21,-21,-21,-79,-79,-79,25,25,25,102,102,102,119,119,79,79,79,-115,-115,-115,149,149,149,79,79,79,-25,-25,30,30,30,99,99,99,57,57,-54,-54,114,114,212,212,266,266,80,80,-2,-2,6,6,-6,-6,-3,-3,78,78,78,33,33,33,-219,-219,-175,-175,-175,6,6,-38,-38,-163,-163,20,20,194,194,194,26,26,262,262,262,-88,-88,-88,228,228,228,279,279,279,279,-25,-25,-25,222,222,252,252,22,22,-75,-75,-75,30,30,30,551,551,551,639,639,639,1,1,1,207,207,32,32,96,237,237,226,226,226,112,112,88,88,121,121,236,236,246,246,190,190,86,-25,-4,-4,82,82,144,144,144,123,123,203,203,203,16,16,16,68,68,57,57,-15,-15,72,72,72,93,93,93,-14,-14,-14,79,79,115,115,204,204,174,174,172,172,172,131,131,101,101,48,48,182,182,182,126,126,126,23,23,23,-47,-47,-47,116,116,116,169,169,169,197,197,167,167,167,103,103,103,141,141,-30,-30,-30,40,40,42,42,42,158,158,158,158,48,48,48,48,-105,-105,-105,-105,9,9,9,122,122,122,179,179,179,249,249,249,140,140,140,124,124,124,-10,-10,-10,76,76,76,121,121,121,12,12,12,151,151,79,79,27,27,84,84,221,221,221,38,38,38,-36,-36,52,52,158,158,214,214,214,186,186,186,52,52,20,20,28,28,37,37,198,198,160,160,160,-139,-139,-139,-61,-61,-61,80,80,119,119,10,10,71,71,71,23,23,23,56,56,56,43,43,43,-44,-44,35,35,12,12,104,104,104,152,152,152,-52,-52,-52,-3,-3,109,109,93,-4,-4,-16,-16,-79,-79,-162,-162,-133,-133,-109,-109,-129,-129,-58,-58,10,-52,-52,-70,-70,-69,-69,-69,-201,-201,-201,-302,-302,-302,-403,-403,-403,-215,-215,-199,-199,54,54,54,249,249,269,269,128,128,108,108,117,117,24,24,-72,-72,-72,-119,-119,-119,-3,-3,-3,-12,-12,-26
78,11.25999999999999979,-107,-111,-76,-76,-186,-186,-186,-111,-111,-76,-76,-183,-183,-135,-135,-24,-24,8,8,8,-151,-151,-151,-151,328,328,328,328,358,358,358,358,232,232,232,78,78,78,79,79,79,79,-219,-219,-219,-219,-142,-142,-142,-142,-254,-254,-254,-144,-144,-144,-81,-81,-81,-81,-205,-205,-205,-205,-114,-114,-114,-114,-93,-93,-93,-69,-69,-51,-51,-51,70,70,70,70,-21,-21,-21,67,67,67,20,20,60,60,60,156,156,156,-60,-60,-60,-77,-77,-77,100,100,100,244,244,244,384,384,384,268,268,268,140,140,140,136,136,136,135,135,135,-26,-26,-26,-97,-97,-97,10,10,10,10,15,15,15,-25,-25,-25,3,3,3,2,2,2,2,21,21,21,21,85,85,85,37,37,37,37,120,120,120,120,12,12,12,12,55,55,55,55,56,56,56,139,139,139,-38,-38,-38,-38,-4,-4,-4,96,96,96,96,39,39,39,3,3,3,-6,-6,-6,-44,-44,-44,-43,-43,-43,39,39,39,143,143,143,125,125,135,135,135,-20,-20,-20,107,107,107,42,42,42,-8,-8,52,52,52,62,62,62,-24,-24,-108,-108,89,89,289,289,337,337,145,145,-4,-4,21,21,-1,-1,14,14,194,194,194,3,3,3,-77,-77,-106,-106,-106,129,129,-21,-21,-37,-37,-3,-3,134,134,134,66,66,99,99,99,-6,-6,-6,215,215,215,216,216,216,216,-2,-2,-2,239,239,243,243,80,80,33,33,33,78,78,78,540,540,540,768,768,768,46,46,46,208,208,-13,-13,19,147,147,148,148,148,108,108,41,41,158,158,206,206,262,262,181,181,104,-56,-65,-65,152,152,169,169,169,199,199,247,247,247,56,56,56,161,161,203,203,93,93,211,211,211,146,146,146,60,60,60,91,91,69,69,242,242,134,134,150,150,150,108,108,162,162,82,82,182,182,182,133,133,133,38,38,38,67,67,67,230,230,230,264,264,264,288,288,216,216,216,206,206,206,203,203,62,62,62,96,96,53,53,53,184,184,184,184,49,49,49,49,19,19,19,19,110,110,110,194,194,194,151,151,151,280,280,280,156,156,156,176,176,176,-13,-13,-13,136,136,136,145,145,145,2,2,2,198,198,41,41,8,8,78,78,130,130,130,88,88,88,61,61,132,132,170,170,246,246,246,195,195,195,64,64,-8,-8,-53,-53,23,23,125,125,95,95,95,-84,-84,-84,-46,-46,-46,140,140,165,165,53,53,51,51,51,0,0,0,65,65,65,124,124,124,29,29,78,78,106,106,102,102,102,174,174,174,46,46,46,14,14,27,27,21,14,14,9,9,5,5,-106,-106,-102,-102,-115,-115,-10,-10,-25,-25,-84,-179,-179,-138,-138,-17,-17,-17,-71,-71,-71,-200,-200,-200,-258,-258,-258,-59,-59,-115,-115,-27,-27,-27,128,128,166,166,142,142,139,139,154,154,72,72,-43,-43,-43,-50,-50,-50,44,44,44,-6,-6,-25
79,11.46000000000000085,-169,-182,-83,-83,-120,-120,-120,-33,-33,20,20,-163,-163,-155,-155,5,5,-10,-10,-10,39,39,39,39,421,421,421,421,423,423,423,423,257,257,257,67,67,67,80,80,80,80,-105,-105,-105,-105,-79,-79,-79,-79,-168,-168,-168,-182,-182,-182,-90,-90,-90,-90,-144,-144,-144,-144,-100,-100,-100,-100,-60,-60,-60,-32,-32,5,5,5,54,54,54,54,22,22,22,33,33,33,34,34,64,64,64,199,199,199,-102,-102,-102,-70,-70,-70,114,114,114,328,328,328,373,373,373,211,211,211,120,120,120,71,71,71,139,139,139,-26,-26,-26,-108,-108,-108,13,13,13,13,-7,-7,-7,6,6,6,43,43,43,12,12,12,12,33,33,33,33,104,104,104,39,39,39,39,109,109,109,109,29,29,29,29,40,40,40,40,24,24,24,10,10,10,13,13,13,13,-22,-22,-22,68,68,68,68,32,32,32,-18,-18,-18,6,6,6,-57,-57,-57,-14,-14,-14,71,71,71,132,132,132,111,111,175,175,175,39,39,39,113,113,113,-20,-20,-20,10,10,22,22,22,-116,-116,-116,-152,-152,-103,-103,59,59,305,305,303,303,108,108,26,26,84,84,26,26,53,53,267,267,267,34,34,34,29,29,4,4,4,225,225,9,9,96,96,54,54,85,85,85,147,147,-32,-32,-32,140,140,140,144,144,144,167,167,167,167,94,94,94,199,199,187,187,114,114,134,134,134,126,126,126,395,395,395,798,798,798,159,159,159,260,260,52,52,21,129,129,67,67,67,98,98,63,63,163,163,160,160,262,262,200,200,114,-51,-56,-56,248,248,189,189,189,287,287,275,275,275,124,124,124,212,212,271,271,169,169,330,330,330,232,232,232,103,103,103,63,63,55,55,202,202,133,133,137,137,137,123,123,154,154,94,94,146,146,146,150,150,150,51,51,51,141,141,141,313,313,313,265,265,265,246,246,221,221,221,294,294,294,233,233,151,151,151,156,156,72,72,72,199,199,199,199,91,91,91,91,159,159,159,159,223,223,223,229,229,229,118,118,118,296,296,296,180,180,180,176,176,176,-5,-5,-5,165,165,165,155,155,155,11,11,11,194,194,21,21,-26,-26,33,33,76,76,76,125,125,125,155,155,201,201,163,163,298,298,298,206,206,206,97,97,-2,-2,-58,-58,25,25,51,51,75,75,75,-23,-23,-23,22,22,22,190,190,155,155,75,75,-4,-4,-4,30,30,30,78,78,78,171,171,171,75,75,81,81,138,138,121,121,121,132,132,132,121,121,121,66,66,11,11,-2,48,48,34,34,68,68,-10,-10,-57,-57,-75,-75,10,10,0,0,-158,-216,-216,-181,-181,46,46,46,38,38,38,-42,-42,-42,-118,-118,-118,59,59,-52,-52,-103,-103,-103,0,0,65,65,123,123,138,138,147,147,91,91,-7,-7,-7,7,7,7,83,83,83,4,4,-43
80,11.66000000000000014,-168,-282,-178,-178,-175,-175,-175,-40,-40,40,40,-67,-67,-121,-121,-15,-15,-28,-28,-28,254,254,254,254,365,365,365,365,397,397,397,397,225,225,225,17,17,17,1,1,1,1,8,8,8,8,-13,-13,-13,-13,-68,-68,-68,-189,-189,-189,-178,-178,-178,-178,-112,-112,-112,-112,-111,-111,-111,-111,-50,-50,-50,-41,-41,10,10,10,37,37,37,37,-39,-39,-39,-28,-28,-28,4,4,36,36,36,146,146,146,-168,-168,-168,-90,-90,-90,45,45,45,278,278,278,235,235,235,77,77,77,78,78,78,25,25,25,125,125,125,-30,-30,-30,-139,-139,-139,-18,-18,-18,-18,-8,-8,-8,4,4,4,-36,-36,-36,-49,-49,-49,-49,8,8,8,8,73,73,73,-3,-3,-3,-3,88,88,88,88,22,22,22,22,39,39,39,39,16,16,16,-52,-52,-52,54,54,54,54,-44,-44,-44,-18,-18,-18,-18,-13,-13,-13,17,17,17,-43,-43,-43,-60,-60,-60,71,71,71,69,69,69,129,129,129,35,35,132,132,132,75,75,75,85,85,85,-32,-32,-32,24,24,-75,-75,-75,-218,-218,-218,-273,-273,-186,-186,-2,-2,117,117,116,116,7,7,-51,-51,0,0,-23,-23,-10,-10,244,244,244,-6,-6,-6,114,114,117,117,117,209,209,88,88,178,178,112,112,124,124,124,143,143,-44,-44,-44,217,217,217,52,52,52,45,45,45,45,153,153,153,109,109,109,109,168,168,178,178,178,106,106,106,236,236,236,682,682,682,226,226,226,263,263,174,174,9,99,99,61,61,61,118,118,97,97,177,177,94,94,187,187,229,229,181,22,-4,-4,257,257,162,162,162,295,295,235,235,235,174,174,174,195,195,242,242,197,197,397,397,397,200,200,200,63,63,63,14,14,31,31,130,130,26,26,147,147,147,40,40,106,106,47,47,99,99,99,148,148,148,55,55,55,144,144,144,247,247,247,196,196,196,140,140,170,170,170,278,278,278,174,174,121,121,121,123,123,82,82,82,156,156,156,156,93,93,93,93,281,281,281,281,180,180,180,238,238,238,37,37,37,227,227,227,206,206,206,185,185,185,-13,-13,-13,121,121,121,122,122,122,8,8,8,145,145,11,11,-87,-87,-25,-25,3,3,3,147,147,147,200,200,193,193,128,128,261,261,261,167,167,167,64,64,-31,-31,-88,-88,-22,-22,14,14,-19,-19,-19,40,40,40,55,55,55,142,142,110,110,64,64,-29,-29,-29,41,41,41,57,57,57,154,154,154,75,75,3,3,116,116,75,75,75,82,82,82,164,164,164,85,85,10,10,-15,88,88,67,67,106,106,58,58,-11,-11,-29,-29,-30,-30,-53,-53,-237,-295,-295,-247,-247,42,42,42,79,79,79,67,67,67,11,11,11,75,75,-70,-70,-195,-195,-195,-143,-143,-84,-84,44,44,86,86,99,99,40,40,2,2,2,44,44,44,88,88,88,-16,-16,-72
81,11.85999999999999943,-144,-314,-219,-219,-92,-92,-92,-6,-6,-70,-70,-17,-17,-91,-91,-14,-14,-77,-77,-77,312,312,312,312,306,306,306,306,358,358,358,358,218,218,218,42,42,42,61,61,61,61,133,133,133,133,12,12,12,12,3,3,3,-147,-147,-147,-224,-224,-224,-224,-70,-70,-70,-70,-51,-51,-51,-51,7,7,7,-65,-65,40,40,40,-2,-2,-2,-2,-23,-23,-23,-52,-52,-52,55,55,50,50,50,49,49,49,-185,-185,-185,-92,-92,-92,-12,-12,-12,169,169,169,49,49,49,-4,-4,-4,5,5,5,-39,-39,-39,-12,-12,-12,-13,-13,-13,-154,-154,-154,-58,-58,-58,-58,-30,-30,-30,-88,-88,-88,-38,-38,-38,-84,-84,-84,-84,-36,-36,-36,-36,35,35,35,-73,-73,-73,-73,26,26,26,26,-11,-11,-11,-11,24,24,24,24,42,42,42,-59,-59,-59,74,74,74,74,2,2,2,-52,-52,-52,-52,-31,-31,-31,-8,-8,-8,-79,-79,-79,-52,-52,-52,31,31,31,62,62,62,55,55,55,-12,-12,23,23,23,48,48,48,44,44,44,-97,-97,-97,-17,-17,-158,-158,-158,-265,-265,-265,-215,-215,-182,-182,-96,-96,-137,-137,-114,-114,-156,-156,-209,-209,-150,-150,-116,-116,-143,-143,106,106,106,-6,-6,-6,142,142,152,152,152,117,117,81,81,190,190,160,160,128,128,128,105,105,-28,-28,-28,239,239,239,-7,-7,-7,-34,-34,-34,-34,207,207,207,-5,-5,39,39,186,186,149,149,149,70,70,70,42,42,42,524,524,524,335,335,335,263,263,287,287,26,64,64,99,99,99,116,116,197,197,208,208,84,84,180,180,220,220,192,112,41,41,251,251,141,141,141,277,277,165,165,165,199,199,199,96,96,193,193,225,225,351,351,351,139,139,139,10,10,10,-3,-3,24,24,42,42,17,17,96,96,96,-20,-20,-6,-6,18,18,25,25,25,177,177,177,59,59,59,103,103,103,159,159,159,130,130,130,-1,-1,61,61,61,166,166,166,99,99,55,55,55,90,90,44,44,44,124,124,124,124,91,91,91,91,310,310,310,310,128,128,128,218,218,218,-23,-23,-23,116,116,116,147,147,147,174,174,174,-3,-3,-3,19,19,19,74,74,74,33,33,33,105,105,54,54,-109,-109,-65,-65,-15,-15,-15,138,138,138,178,178,96,96,24,24,223,223,223,143,143,143,33,33,-61,-61,-82,-82,-70,-70,-71,-71,-68,-68,-68,46,46,46,63,63,63,86,86,40,40,43,43,-54,-54,-54,15,15,15,43,43,43,98,98,98,32,32,-48,-48,22,22,-20,-20,-20,2,2,2,154,154,154,77,77,17,17,13,113,113,99,99,85,85,73,73,13,13,5,5,-54,-54,-148,-148,-316,-393,-393,-298,-298,28,28,28,113,113,113,99,99,99,15,15,15,51,51,-90,-90,-275,-275,-275,-254,-254,-190,-190,-56,-56,37,37,46,46,15,15,-33,-33,-33,35,35,35,34,34,34,-60,-60,-133
82,12.0600000000000005,-79,-259,-216,-216,-56,-56,-56,6,6,-15,-15,94,94,48,48,-15,-15,-11,-11,-11,353,353,353,353,300,300,300,300,361,361,361,361,278,278,278,169,169,169,72,72,72,72,266,266,266,266,70,70,70,70,91,91,91,-17,-17,-17,-67,-67,-67,-67,43,43,43,43,42,42,42,42,131,131,131,82,82,140,140,140,114,114,114,114,90,90,90,-9,-9,-9,74,74,55,55,55,9,9,9,-151,-151,-151,-61,-61,-61,36,36,36,41,41,41,-42,-42,-42,-17,-17,-17,21,21,21,7,7,7,11,11,11,48,48,48,-87,-87,-87,-54,-54,-54,-54,-12,-12,-12,-30,-30,-30,-38,-38,-38,-20,-20,-20,-20,-9,-9,-9,-9,33,33,33,-57,-57,-57,-57,50,50,50,50,55,55,55,55,57,57,57,57,140,140,140,84,84,84,131,131,131,131,48,48,48,-46,-46,-46,-46,3,3,3,15,15,15,2,2,2,89,89,89,83,83,83,84,84,84,86,86,86,34,34,15,15,15,64,64,64,58,58,58,2,2,2,26,26,-161,-161,-161,-201,-201,-201,-94,-94,-103,-103,-75,-75,-208,-208,-210,-210,-160,-160,-199,-199,-293,-293,-214,-214,-177,-177,75,75,75,36,36,36,166,166,215,215,215,84,84,153,153,252,252,232,232,248,248,248,191,191,80,80,80,313,313,313,69,69,69,12,12,12,12,244,244,244,39,39,43,43,220,220,227,227,227,113,113,113,-78,-78,-78,340,340,340,461,461,461,341,341,429,429,122,151,151,239,239,239,220,220,344,344,291,291,201,201,249,249,246,246,230,240,149,149,241,241,176,176,176,203,203,123,123,123,263,263,263,104,104,161,161,226,226,270,270,270,161,161,161,20,20,20,64,64,104,104,93,93,72,72,130,130,130,62,62,-20,-20,40,40,55,55,55,218,218,218,81,81,81,141,141,141,84,84,84,70,70,70,-30,-30,-53,-53,-53,60,60,60,29,29,65,65,65,70,70,51,51,51,120,120,120,120,128,128,128,128,321,321,321,321,122,122,122,207,207,207,2,2,2,98,98,98,196,196,196,197,197,197,4,4,4,12,12,12,84,84,84,129,129,129,157,157,153,153,-18,-18,-16,-16,14,14,14,173,173,173,170,170,43,43,-21,-21,206,206,206,115,115,115,46,46,-38,-38,-87,-87,-101,-101,-78,-78,-51,-51,-51,42,42,42,101,101,101,38,38,45,45,99,99,-14,-14,-14,57,57,57,82,82,82,80,80,80,43,43,-18,-18,-48,-48,-30,-30,-30,1,1,1,160,160,160,115,115,53,53,78,180,180,143,143,95,95,105,105,60,60,99,99,2,2,-130,-130,-326,-328,-328,-227,-227,59,59,59,149,149,149,176,176,176,19,19,19,18,18,-78,-78,-279,-279,-279,-319,-319,-220,-220,-64,-64,12,12,42,42,8,8,-23,-23,-23,38,38,38,40,40,40,-47,-47,-104
83,12.25999999999999979,50,-19,-38,-38,157,157,157,90,90,85,85,182,182,169,169,171,171,119,119,119,422,422,422,422,323,323,323,323,458,458,458,458,384,384,384,345,345,345,276,276,276,276,355,355,355,355,185,185,185,185,222,222,222,193,193,193,147,147,147,147,217,217,217,217,204,204,204,204,271,271,271,236,236,270,270,270,194,194,194,194,236,236,236,153,153,153,184,184,152,152,152,28,28,28,16,16,16,63,63,63,85,85,85,60,60,60,-14,-14,-14,44,44,44,125,125,125,81,81,81,75,75,75,166,166,166,97,97,97,48,48,48,48,55,55,55,73,73,73,67,67,67,80,80,80,80,76,76,76,76,107,107,107,43,43,43,43,136,136,136,136,151,151,151,151,198,198,198,198,299,299,299,255,255,255,245,245,245,245,117,117,117,61,61,61,61,142,142,142,145,145,145,156,156,156,214,214,214,209,209,209,203,203,203,162,162,162,203,203,150,150,150,189,189,189,133,133,133,123,123,123,94,94,32,32,32,-53,-53,-53,96,96,122,122,115,115,-93,-93,-93,-93,-2,-2,77,77,-125,-125,-118,-118,-111,-111,85,85,85,163,163,163,265,265,301,301,301,132,132,254,254,330,330,336,336,340,340,340,271,271,311,311,311,346,346,346,245,245,245,190,190,190,190,310,310,310,132,132,146,146,361,361,301,301,301,191,191,191,-110,-110,-110,224,224,224,625,625,625,419,419,522,522,311,266,266,376,376,376,325,325,518,518,402,402,353,353,333,333,293,293,309,347,263,263,252,252,222,222,222,279,279,162,162,162,388,388,388,198,198,219,219,259,259,236,236,236,144,144,144,155,155,155,165,165,236,236,208,208,217,217,201,201,201,166,166,64,64,105,105,94,94,94,258,258,258,188,188,188,172,172,172,90,90,90,135,135,135,27,27,38,38,38,86,86,86,72,72,164,164,164,127,127,136,136,136,227,227,227,227,180,180,180,180,322,322,322,322,176,176,176,279,279,279,122,122,122,160,160,160,283,283,283,275,275,275,114,114,114,127,127,127,201,201,201,272,272,272,252,252,316,316,209,209,177,177,144,144,144,225,225,225,212,212,104,104,42,42,197,197,197,137,137,137,137,137,85,85,92,92,-30,-30,-33,-33,54,54,54,167,167,167,155,155,155,96,96,128,128,178,178,84,84,84,116,116,116,219,219,219,159,159,159,105,105,65,65,37,37,39,39,39,80,80,80,267,267,267,163,163,146,146,185,249,249,206,206,159,159,187,187,161,161,219,219,153,153,5,5,-107,-87,-87,-15,-15,146,146,146,227,227,227,275,275,275,104,104,104,68,68,2,2,-168,-168,-168,-222,-222,-140,-140,33,33,89,89,134,134,85,85,88,88,88,109,109,109,53,53,53,16,16,-13
84,12.46000000000000085,245,270,280,280,324,324,324,241,241,156,156,299,299,378,378,238,238,316,316,316,399,399,399,399,316,316,316,316,507,507,507,507,412,412,412,434,434,434,367,367,367,367,477,477,477,477,278,278,278,278,347,347,347,354,354,354,317,317,317,317,351,351,351,351,322,322,322,322,349,349,349,329,329,399,399,399,349,349,349,349,344,344,344,267,267,267,209,209,195,195,195,166,166,166,232,232,232,259,259,259,167,167,167,107,107,107,63,63,63,159,159,159,263,263,263,187,187,187,200,200,200,237,237,237,255,255,255,170,170,170,170,149,149,149,181,181,181,163,163,163,167,167,167,167,170,170,170,170,151,151,151,159,159,159,159,243,243,243,243,313,313,313,313,343,343,343,343,389,389,389,392,392,392,345,345,345,345,233,233,233,186,186,186,186,274,274,274,262,262,262,293,293,293,334,334,334,279,279,279,230,230,230,236,236,236,319,319,289,289,289,305,305,305,228,228,228,239,239,239,260,260,264,264,264,217,217,217,355,355,340,340,354,354,187,187,111,111,235,235,394,394,224,224,174,174,165,165,210,210,210,320,320,320,333,333,375,375,375,186,186,380,380,449,449,376,376,443,443,443,423,423,442,442,442,437,437,437,382,382,382,374,374,374,374,352,352,352,266,266,280,280,466,466,415,415,415,308,308,308,-37,-37,-37,147,147,147,749,749,749,547,547,642,642,530,370,370,555,555,555,492,492,618,618,464,464,449,449,462,462,351,351,365,346,338,338,282,282,336,336,336,315,315,232,232,232,418,418,418,310,310,284,284,291,291,191,191,191,238,238,238,302,302,302,307,307,355,355,317,317,332,332,276,276,276,288,288,195,195,209,209,182,182,182,320,320,320,275,275,275,251,251,251,124,124,124,194,194,194,179,179,154,154,154,178,178,178,185,185,280,280,280,218,218,204,204,204,273,273,273,273,277,277,277,277,338,338,338,338,221,221,221,337,337,337,275,275,275,285,285,285,347,347,347,349,349,349,288,288,288,284,284,284,310,310,310,399,399,399,370,370,400,400,375,375,314,314,242,242,242,310,310,310,332,332,242,242,161,161,242,242,242,212,212,212,239,239,233,233,231,231,114,114,66,66,176,176,176,270,270,270,256,256,256,188,188,220,220,269,269,182,182,182,168,168,168,312,312,312,278,278,278,235,235,191,191,150,150,161,161,161,196,196,196,370,370,370,284,284,262,262,267,295,295,266,266,274,274,315,315,266,266,317,317,313,313,198,198,289,273,273,235,235,196,196,196,303,303,303,395,395,395,205,205,205,133,133,115,115,15,15,15,-78,-78,37,37,145,145,207,207,237,237,172,172,193,193,193,217,217,217,117,117,117,105,105,117
85,12.66000000000000014,460,559,499,499,433,433,433,304,304,245,245,302,302,378,378,299,299,357,357,357,331,331,331,331,218,218,218,218,509,509,509,509,354,354,354,422,422,422,412,412,412,412,415,415,415,415,371,371,371,371,422,422,422,404,404,404,391,391,391,391,346,346,346,346,344,344,344,344,344,344,344,364,364,411,411,411,360,360,360,360,349,349,349,352,352,352,243,243,230,230,230,221,221,221,380,380,380,395,395,395,253,253,253,160,160,160,140,140,140,212,212,212,314,314,314,268,268,268,196,196,196,272,272,272,315,315,315,226,226,226,226,175,175,175,247,247,247,198,198,198,188,188,188,188,177,177,177,177,188,188,188,263,263,263,263,240,240,240,240,386,386,386,386,419,419,419,419,378,378,378,361,361,361,347,347,347,347,323,323,323,285,285,285,285,322,322,322,317,317,317,328,328,328,301,301,301,277,277,277,204,204,204,240,240,240,331,331,326,326,326,325,325,325,232,232,232,296,296,296,367,367,412,412,412,369,369,369,461,461,546,546,535,535,404,404,305,305,389,389,648,648,574,574,445,445,430,430,330,330,330,383,383,383,337,337,376,376,376,211,211,404,404,438,438,382,382,498,498,498,479,479,535,535,535,418,418,418,439,439,439,482,482,482,482,361,361,361,385,385,367,367,514,514,479,479,479,365,365,365,53,53,53,56,56,56,712,712,712,580,580,606,606,648,437,437,595,595,595,547,547,559,559,413,413,423,423,384,384,358,358,385,294,351,351,281,281,353,353,353,347,347,263,263,263,413,413,413,385,385,297,297,261,261,210,210,210,281,281,281,397,397,397,364,364,377,377,350,350,349,349,289,289,289,319,319,238,238,254,254,230,230,230,331,331,331,329,329,329,305,305,305,190,190,190,194,194,194,285,285,253,253,253,259,259,259,277,277,346,346,346,287,287,286,286,286,250,250,250,250,308,308,308,308,279,279,279,279,256,256,256,364,364,364,335,335,335,342,342,342,373,373,373,363,363,363,335,335,335,384,384,384,344,344,344,450,450,450,412,412,385,385,448,448,381,381,248,248,248,316,316,316,359,359,289,289,192,192,218,218,218,263,263,263,296,296,334,334,350,350,211,211,170,170,237,237,237,369,369,369,309,309,309,241,241,255,255,280,280,220,220,220,130,130,130,335,335,335,367,367,367,275,275,284,284,256,256,252,252,252,289,289,289,428,428,428,345,345,306,306,275,259,259,298,298,307,307,370,370,320,320,312,312,356,356,340,340,493,546,546,377,377,191,191,191,310,310,310,457,457,457,319,319,319,214,214,212,212,135,135,135,76,76,171,171,224,224,254,254,261,261,246,246,260,260,260,277,277,277,158,158,158,164,164,182
86,12.85999999999999943,488,612,496,496,412,412,412,326,326,252,252,262,262,263,263,200,200,320,320,320,126,126,126,126,77,77,77,77,317,317,317,317,169,169,169,239,239,239,257,257,257,257,224,224,224,224,343,343,343,343,381,381,381,291,291,291,233,233,233,233,248,248,248,248,241,241,241,241,215,215,215,268,268,281,281,281,256,256,256,256,207,207,207,229,229,229,204,204,185,185,185,231,231,231,423,423,423,357,357,357,197,197,197,145,145,145,127,127,127,112,112,112,253,253,253,180,180,180,163,163,163,174,174,174,199,199,199,218,218,218,218,100,100,100,135,135,135,105,105,105,119,119,119,119,136,136,136,136,137,137,137,190,190,190,190,196,196,196,196,323,323,323,323,338,338,338,338,238,238,238,264,264,264,304,304,304,304,256,256,256,251,251,251,251,258,258,258,267,267,267,240,240,240,156,156,156,168,168,168,118,118,118,164,164,164,202,202,266,266,266,228,228,228,125,125,125,249,249,249,349,349,364,364,364,365,365,365,447,447,558,558,565,565,410,410,313,313,324,324,616,616,736,736,581,581,566,566,339,339,339,308,308,308,264,264,255,255,255,138,138,272,272,352,352,324,324,446,446,446,427,427,518,518,518,362,362,362,361,361,361,465,465,465,465,323,323,323,369,369,261,261,463,463,443,443,443,320,320,320,83,83,83,-99,-99,-99,494,494,494,475,475,463,463,582,387,387,497,497,497,488,488,361,361,249,249,258,258,257,257,277,277,291,161,260,260,186,186,264,264,264,284,284,251,251,251,311,311,311,330,330,252,252,199,199,140,140,140,221,221,221,321,321,321,318,318,311,311,261,261,228,228,256,256,256,253,253,228,228,267,267,230,230,230,253,253,253,285,285,285,238,238,238,201,201,201,130,130,130,290,290,278,278,278,194,194,194,270,270,291,291,291,268,268,259,259,259,185,185,185,185,206,206,206,206,205,205,205,205,223,223,223,286,286,286,296,296,296,314,314,314,332,332,332,302,302,302,351,351,351,295,295,295,256,256,256,348,348,348,307,307,210,210,358,358,271,271,155,155,155,202,202,202,298,298,209,209,169,169,151,151,151,231,231,231,255,255,306,306,350,350,261,261,187,187,225,225,225,354,354,354,272,272,272,212,212,196,196,195,195,198,198,198,52,52,52,230,230,230,300,300,300,246,246,236,236,271,271,239,239,239,279,279,279,346,346,346,267,267,239,239,167,174,174,206,206,252,252,290,290,253,253,214,214,283,283,298,298,440,489,489,317,317,68,68,68,215,215,215,432,432,432,326,326,326,175,175,209,209,178,178,178,140,140,215,215,215,215,230,230,201,201,195,195,244,244,244,240,240,240,141,141,141,128,128,177
87,13.0600000000000005,410,424,296,296,258,258,258,270,270,141,141,83,83,51,51,27,27,185,185,185,-87,-87,-87,-87,-119,-119,-119,-119,114,114,114,114,-9,-9,-9,35,35,35,126,126,126,126,13,13,13,13,170,170,170,170,233,233,233,109,109,109,112,112,112,112,75,75,75,75,87,87,87,87,114,114,114,138,138,149,149,149,133,133,133,133,101,101,101,93,93,93,43,43,95,95,95,162,162,162,340,340,340,285,285,285,117,117,117,49,49,49,96,96,96,51,51,51,146,146,146,130,130,130,53,53,53,61,61,61,88,88,88,64,64,64,64,21,21,21,24,24,24,32,32,32,10,10,10,10,25,25,25,25,9,9,9,86,86,86,86,67,67,67,67,199,199,199,199,249,249,249,249,106,106,106,127,127,127,220,220,220,220,197,197,197,103,103,103,103,67,67,67,182,182,182,113,113,113,17,17,17,49,49,49,50,50,50,-4,-4,-4,21,21,127,127,127,60,60,60,24,24,24,150,150,150,234,234,251,251,251,311,311,311,348,348,439,439,413,413,347,347,208,208,180,180,371,371,594,594,532,532,514,514,266,266,266,171,171,171,130,130,85,85,85,75,75,144,144,221,221,184,184,302,302,302,317,317,352,352,352,233,233,233,224,224,224,411,411,411,411,226,226,226,250,250,177,177,318,318,318,318,318,211,211,211,104,104,104,-153,-153,-153,200,200,200,269,269,300,300,382,237,237,304,304,304,374,374,147,147,121,121,70,70,57,57,170,170,192,50,105,105,3,3,130,130,130,150,150,143,143,143,137,137,137,174,174,152,152,90,90,40,40,40,98,98,98,173,173,173,238,238,176,176,155,155,118,118,151,151,151,186,186,178,178,197,197,175,175,175,112,112,112,170,170,170,168,168,168,154,154,154,98,98,98,176,176,188,188,188,177,177,177,218,218,152,152,152,171,171,173,173,173,102,102,102,102,107,107,107,107,90,90,90,90,144,144,144,154,154,154,194,194,194,197,197,197,176,176,176,153,153,153,220,220,220,166,166,166,85,85,85,176,176,176,128,128,39,39,241,241,99,99,37,37,37,0,0,0,111,111,65,65,51,51,39,39,39,159,159,159,142,142,242,242,284,284,215,215,102,102,153,153,153,248,248,248,168,168,168,127,127,67,67,78,78,109,109,109,-40,-40,-40,82,82,82,175,175,175,137,137,144,144,206,206,137,137,137,166,166,166,194,194,194,139,139,129,129,49,20,20,68,68,118,118,136,136,147,147,72,72,127,127,177,177,243,265,265,140,140,-29,-29,-29,114,114,114,365,365,365,275,275,275,153,153,151,151,159,159,159,125,125,207,207,168,168,115,115,113,113,108,108,165,165,165,187,187,187,78,78,78,64,64,96
88,13.25999999999999979,233,196,127,127,122,122,122,133,133,58,58,-28,-28,-118,-118,-83,-83,59,59,59,-184,-184,-184,-184,-156,-156,-156,-156,-48,-48,-48,-48,-88,-88,-88,-155,-155,-155,-39,-39,-39,-39,-165,-165,-165,-165,31,31,31,31,43,43,43,-20,-20,-20,-12,-12,-12,-12,-9,-9,-9,-9,-12,-12,-12,-12,-30,-30,-30,-21,-21,-31,-31,-31,78,78,78,78,10,10,10,29,29,29,3,3,-1,-1,-1,91,91,91,227,227,227,192,192,192,74,74,74,-2,-2,-2,39,39,39,-8,-8,-8,8,8,8,27,27,27,-12,-12,-12,-51,-51,-51,-19,-19,-19,14,14,14,14,-73,-73,-73,-71,-71,-71,-74,-74,-74,-62,-62,-62,-62,-46,-46,-46,-46,-46,-46,-46,12,12,12,12,-26,-26,-26,-26,63,63,63,63,78,78,78,78,20,20,20,55,55,55,77,77,77,77,99,99,99,10,10,10,10,-25,-25,-25,43,43,43,-26,-26,-26,-70,-70,-70,-117,-117,-117,-57,-57,-57,-49,-49,-49,-132,-132,-67,-67,-67,-48,-48,-48,-73,-73,-73,40,40,40,98,98,119,119,119,250,250,250,198,198,232,232,166,166,181,181,66,66,53,53,147,147,371,371,340,340,349,349,210,210,210,20,20,20,-12,-12,-44,-44,-44,-3,-3,13,13,51,51,56,56,155,155,155,159,159,164,164,164,56,56,56,61,61,61,252,252,252,252,92,92,92,130,130,101,101,168,168,160,160,160,91,91,91,80,80,80,-181,-181,-181,-126,-126,-126,42,42,109,109,150,85,85,142,142,142,202,202,-17,-17,7,7,-56,-56,-72,-72,88,88,67,-30,-35,-35,-38,-38,-14,-14,-14,36,36,47,47,47,2,2,2,51,51,82,82,11,11,0,0,0,-29,-29,-29,33,33,33,105,105,49,49,57,57,17,17,75,75,75,77,77,133,133,87,87,67,67,67,38,38,38,85,85,85,45,45,45,82,82,82,5,5,5,59,59,119,119,119,101,101,101,92,92,16,16,16,89,89,74,74,74,15,15,15,15,18,18,18,18,-8,-8,-8,-8,20,20,20,47,47,47,88,88,88,99,99,99,59,59,59,-10,-10,-10,80,80,80,30,30,30,-24,-24,-24,12,12,12,-14,-14,-88,-88,50,50,-44,-44,-94,-94,-94,-123,-123,-123,-97,-97,-67,-67,-73,-73,-100,-100,-100,30,30,30,2,2,126,126,147,147,125,125,-4,-4,8,8,8,111,111,111,61,61,61,8,8,-50,-50,-58,-58,24,24,24,-120,-120,-120,-62,-62,-62,2,2,2,11,11,26,26,86,86,-3,-3,-3,78,78,78,4,4,4,-16,-16,-15,-15,-60,-77,-77,-72,-72,-13,-13,-17,-17,55,55,-41,-41,-28,-28,32,32,61,-12,-12,-38,-38,-97,-97,-97,47,47,47,280,280,280,185,185,185,69,69,118,118,165,165,165,154,154,211,211,100,100,30,30,38,38,40,40,55,55,55,61,61,61,0,0,0,-10,-10,46
89,13.46000000000000085,12,-48,-30,-30,-57,-57,-57,-12,-12,-23,-23,-181,-181,-196,-196,-138,-138,-92,-92,-92,-208,-208,-208,-208,-152,-152,-152,-152,-102,-102,-102,-102,-104,-104,-104,-178,-178,-178,-145,-145,-145,-145,-221,-221,-221,-221,-86,-86,-86,-86,-70,-70,-70,-69,-69,-69,-53,-53,-53,-53,-92,-92,-92,-92,-65,-65,-65,-65,-85,-85,-85,-34,-34,-106,-106,-106,5,5,5,5,-49,-49,-49,-13,-13,-13,-31,-31,-50,-50,-50,24,24,24,144,144,144,113,113,113,45,45,45,32,32,32,20,20,20,-67,-67,-67,-27,-27,-27,-2,-2,-2,-46,-46,-46,-70,-70,-70,-87,-87,-87,-55,-55,-55,-55,-88,-88,-88,-117,-117,-117,-103,-103,-103,-100,-100,-100,-100,-90,-90,-90,-90,-106,-106,-106,-61,-61,-61,-61,-70,-70,-70,-70,-52,-52,-52,-52,-26,-26,-26,-26,-52,-52,-52,19,19,19,26,26,26,26,12,12,12,-27,-27,-27,-27,-115,-115,-115,-34,-34,-34,-105,-105,-105,-130,-130,-130,-158,-158,-158,-106,-106,-106,-88,-88,-88,-139,-139,-51,-51,-51,-131,-131,-131,-120,-120,-120,-44,-44,-44,-38,-38,-2,-2,-2,169,169,169,55,55,3,3,-10,-10,7,7,-79,-79,-122,-122,-32,-32,136,136,171,171,193,193,107,107,107,-105,-105,-105,-104,-104,-141,-141,-141,-46,-46,-102,-102,-88,-88,-38,-38,-3,-3,-3,25,25,28,28,28,-58,-58,-58,-39,-39,-39,60,60,60,60,29,29,29,29,29,61,61,58,58,69,69,69,9,9,9,97,97,97,-165,-165,-165,-316,-316,-316,-142,-142,-37,-37,3,12,12,41,41,41,88,88,-98,-98,-28,-28,-77,-77,-74,-74,21,21,3,-64,-73,-73,-124,-124,-65,-65,-65,-45,-45,-11,-11,-11,-138,-138,-138,-14,-14,-17,-17,-65,-65,-5,-5,-5,-84,-84,-84,-49,-49,-49,-18,-18,-74,-74,-10,-10,-23,-23,3,3,3,54,54,64,64,-1,-1,43,43,43,4,4,4,50,50,50,-36,-36,-36,41,41,41,-12,-12,-12,30,30,58,58,58,23,23,23,21,21,-50,-50,-50,14,14,4,4,4,-27,-27,-27,-27,-22,-22,-22,-22,-70,-70,-70,-70,-49,-49,-49,-75,-75,-75,16,16,16,17,17,17,-74,-74,-74,-70,-70,-70,6,6,6,-55,-55,-55,-138,-138,-138,-141,-141,-141,-78,-78,-143,-143,-101,-101,-162,-162,-194,-194,-194,-246,-246,-246,-204,-204,-150,-150,-158,-158,-145,-145,-145,-84,-84,-84,-95,-95,33,33,60,60,28,28,-77,-77,-72,-72,-72,-11,-11,-11,-30,-30,-30,-47,-47,-108,-108,-150,-150,-49,-49,-49,-120,-120,-120,-132,-132,-132,-96,-96,-96,-102,-102,-72,-72,-35,-35,-89,-89,-89,-35,-35,-35,-119,-119,-119,-93,-93,-52,-52,-98,-133,-133,-154,-154,-99,-99,-88,-88,-49,-49,-61,-61,-65,-65,-26,-26,-68,-135,-135,-111,-111,-110,-110,-110,-16,-16,-16,173,173,173,135,135,135,51,51,89,89,152,152,152,198,198,174,174,49,49,15,15,8,8,-19,-19,-1,-1,-1,-23,-23,-23,-60,-60,-60,-51,-51,-20
90,13.66000000000000014,-75,-142,-98,-98,-117,-117,-117,-46,-46,-87,-87,-162,-162,-127,-127,-171,-171,-121,-121,-121,-200,-200,-200,-200,-58,-58,-58,-58,-60,-60,-60,-60,-49,-49,-49,-199,-199,-199,-161,-161,-161,-161,-191,-191,-191,-191,-90,-90,-90,-90,-131,-131,-131,-17,-17,-17,-35,-35,-35,-35,-116,-116,-116,-116,-124,-124,-124,-124,-122,-122,-122,-79,-79,-159,-159,-159,11,11,11,11,-65,-65,-65,-51,-51,-51,-83,-83,-68,-68,-68,2,2,2,50,50,50,63,63,63,43,43,43,57,57,57,10,10,10,-69,-69,-69,-68,-68,-68,-15,-15,-15,-31,-31,-31,-69,-69,-69,-97,-97,-97,-76,-76,-76,-76,-74,-74,-74,-107,-107,-107,-131,-131,-131,-43,-43,-43,-43,-77,-77,-77,-77,-109,-109,-109,-41,-41,-41,-41,-84,-84,-84,-84,-102,-102,-102,-102,-70,-70,-70,-70,-66,-66,-66,0,0,0,-41,-41,-41,-41,-23,-23,-23,-33,-33,-33,-33,-65,-65,-65,-46,-46,-46,-104,-104,-104,-120,-120,-120,-141,-141,-141,-79,-79,-79,-117,-117,-117,-97,-97,-18,-18,-18,-99,-99,-99,-146,-146,-146,-145,-145,-145,-82,-82,86,86,86,129,129,129,-25,-25,-203,-203,-144,-144,-51,-51,-70,-70,-94,-94,-127,-127,10,10,35,35,59,59,57,57,57,-159,-159,-159,-102,-102,-127,-127,-127,-12,-12,-116,-116,-185,-185,-107,-107,-86,-86,-86,-58,-58,-79,-79,-79,-113,-113,-113,-96,-96,-96,-116,-116,-116,-116,-68,-68,-68,-16,-16,31,31,-9,-9,-4,-4,-4,-55,-55,-55,63,63,63,-123,-123,-123,-415,-415,-415,-173,-173,-130,-130,-90,-45,-45,-39,-39,-39,-42,-42,-144,-144,-86,-86,-71,-71,-36,-36,-24,-24,-60,-59,-80,-80,-105,-105,-85,-85,-85,-17,-17,-34,-34,-34,-142,-142,-142,-59,-59,-46,-46,-80,-80,11,11,11,-95,-95,-95,-100,-100,-100,-99,-99,-141,-141,-87,-87,0,0,-31,-31,-31,-37,-37,16,16,-32,-32,-24,-24,-24,11,11,11,17,17,17,-48,-48,-48,32,32,32,-17,-17,-17,11,11,2,2,2,-12,-12,-12,-37,-37,-74,-74,-74,-15,-15,-19,-19,-19,-25,-25,-25,-25,-49,-49,-49,-49,-68,-68,-68,-68,-71,-71,-71,-99,-99,-99,-55,-55,-55,-32,-32,-32,-114,-114,-114,-109,-109,-109,-24,-24,-24,-61,-61,-61,-151,-151,-151,-171,-171,-171,-147,-147,-150,-150,-159,-159,-135,-135,-242,-242,-242,-302,-302,-302,-230,-230,-125,-125,-142,-142,-189,-189,-189,-162,-162,-162,-138,-138,-13,-13,-20,-20,-45,-45,-109,-109,-123,-123,-123,-71,-71,-71,-57,-57,-57,-82,-82,-120,-120,-209,-209,-95,-95,-95,-102,-102,-102,-127,-127,-127,-118,-118,-118,-167,-167,-134,-134,-126,-126,-128,-128,-128,-67,-67,-67,-139,-139,-139,-88,-88,-38,-38,-88,-121,-121,-179,-179,-134,-134,-73,-73,-69,-69,-47,-47,-53,-53,-33,-33,-88,-96,-96,-56,-56,-86,-86,-86,-15,-15,-15,168,168,168,129,129,129,97,97,111,111,189,189,189,242,242,182,182,44,44,16,16,0,0,-8,-8,-8,-8,-8,-56,-56,-56,-72,-72,-72,-19,-19,0
91,13.85999999999999943,-122,-146,-105,-105,-163,-163,-163,-79,-79,-122,-122,-107,-107,-15,-15,-139,-139,-110,-110,-110,-75,-75,-75,-75,-45,-45,-45,-45,-108,-108,-108,-108,0,0,0,-109,-109,-109,-174,-174,-174,-174,-179,-179,-179,-179,-52,-52,-52,-52,-75,-75,-75,-1,-1,-1,44,44,44,44,-114,-114,-114,-114,-165,-165,-165,-165,-125,-125,-125,-114,-114,-157,-157,-157,-69,-69,-69,-69,-112,-112,-112,-117,-117,-117,-75,-75,-11,-11,-11,-30,-30,-30,1,1,1,18,18,18,11,11,11,54,54,54,31,31,31,-78,-78,-78,-58,-58,-58,-141,-141,-141,1,1,1,-64,-64,-64,-68,-68,-68,-58,-58,-58,-58,-43,-43,-43,-50,-50,-50,-90,-90,-90,-59,-59,-59,-59,-87,-87,-87,-87,-20,-20,-20,-30,-30,-30,-30,-111,-111,-111,-111,-118,-118,-118,-118,-102,-102,-102,-102,-61,-61,-61,-29,-29,-29,-45,-45,-45,-45,-67,-67,-67,-18,-18,-18,-18,-35,-35,-35,-36,-36,-36,-88,-88,-88,-110,-110,-110,-115,-115,-115,-77,-77,-77,-91,-91,-91,-46,-46,52,52,52,-71,-71,-71,-163,-163,-163,-233,-233,-233,-118,-118,95,95,95,77,77,77,-94,-94,-331,-331,-175,-175,-78,-78,-97,-97,-88,-88,-182,-182,-78,-78,-33,-33,-76,-76,28,28,28,-171,-171,-171,-81,-81,-93,-93,-93,-15,-15,-139,-139,-225,-225,-149,-149,-119,-119,-119,-138,-138,-163,-163,-163,-136,-136,-136,-138,-138,-138,-200,-200,-200,-200,-115,-115,-115,-50,-50,31,31,-103,-103,-94,-94,-94,-117,-117,-117,-19,-19,-19,-146,-146,-146,-426,-426,-426,-240,-240,-130,-130,-129,-44,-44,-91,-91,-91,-143,-143,-184,-184,-135,-135,-74,-74,9,9,-30,-30,-90,-88,-73,-73,-81,-81,-76,-76,-76,-20,-20,-43,-43,-43,-124,-124,-124,-72,-72,-62,-62,-98,-98,18,18,18,-96,-96,-96,-128,-128,-128,-139,-139,-163,-163,-66,-66,-5,-5,-49,-49,-49,-81,-81,-61,-61,-82,-82,-24,-24,-24,12,12,12,36,36,36,-56,-56,-56,10,10,10,-41,-41,-41,-22,-22,-48,-48,-48,-27,-27,-27,-53,-53,-56,-56,-56,1,1,-22,-22,-22,-5,-5,-5,-5,-63,-63,-63,-63,-67,-67,-67,-67,-82,-82,-82,-93,-93,-93,-121,-121,-121,-26,-26,-26,-86,-86,-86,-90,-90,-90,-65,-65,-65,-80,-80,-80,-117,-117,-117,-172,-172,-172,-126,-126,-132,-132,-183,-183,-119,-119,-253,-253,-253,-273,-273,-273,-231,-231,-105,-105,-119,-119,-180,-180,-180,-203,-203,-203,-147,-147,-71,-71,-83,-83,-86,-86,-109,-109,-161,-161,-161,-109,-109,-109,-49,-49,-49,-55,-55,-120,-120,-213,-213,-134,-134,-134,-67,-67,-67,-102,-102,-102,-109,-109,-109,-153,-153,-149,-149,-191,-191,-143,-143,-143,-110,-110,-110,-136,-136,-136,-76,-76,-25,-25,-53,-96,-96,-156,-156,-143,-143,-71,-71,-55,-55,-15,-15,-3,-3,-18,-18,-78,-33,-33,52,52,-55,-55,-55,-36,-36,-36,134,134,134,123,123,123,115,115,128,128,190,190,190,258,258,169,169,25,25,18,18,6,6,-5,-5,15,15,15,-81,-81,-81,-43,-43,-43,4,4,9
92,14.0600000000000005,-145,-143,-118,-118,-149,-149,-149,-105,-105,-90,-90,-80,-80,-2,-2,-150,-150,-111,-111,-111,-38,-38,-38,-38,-45,-45,-45,-45,-88,-88,-88,-88,41,41,41,-31,-31,-31,-135,-135,-135,-135,-126,-126,-126,-126,26,26,26,26,-24,-24,-24,20,20,20,-6,-6,-6,-6,-117,-117,-117,-117,-173,-173,-173,-173,-147,-147,-147,-122,-122,-142,-142,-142,-112,-112,-112,-112,-140,-140,-140,-113,-113,-113,-41,-41,-67,-67,-67,-28,-28,-28,-116,-116,-116,-56,-56,-56,-12,-12,-12,-21,-21,-21,20,20,20,-111,-111,-111,-99,-99,-99,-116,-116,-116,-52,-52,-52,-34,-34,-34,-89,-89,-89,-51,-51,-51,-51,-5,-5,-5,1,1,1,-80,-80,-80,-47,-47,-47,-47,-58,-58,-58,-58,16,16,16,-3,-3,-3,-3,-118,-118,-118,-118,-168,-168,-168,-168,-148,-148,-148,-148,-115,-115,-115,-35,-35,-35,-45,-45,-45,-45,-127,-127,-127,-34,-34,-34,-34,-21,-21,-21,-39,-39,-39,-122,-122,-122,-125,-125,-125,-94,-94,-94,-88,-88,-88,-108,-108,-108,-15,-15,64,64,64,-55,-55,-55,-162,-162,-162,-252,-252,-252,-109,-109,9,9,9,19,19,19,-153,-153,-290,-290,-164,-164,-144,-144,-161,-161,-131,-131,-256,-256,-190,-190,-126,-126,-143,-143,51,51,51,-159,-159,-159,-96,-96,-60,-60,-60,9,9,-115,-115,-236,-236,-157,-157,-119,-119,-119,-163,-163,-187,-187,-187,-179,-179,-179,-167,-167,-167,-239,-239,-239,-239,-110,-110,-110,-57,-57,-19,-19,-114,-114,-168,-168,-168,-165,-165,-165,-170,-170,-170,-158,-158,-158,-343,-343,-343,-225,-225,-132,-132,-143,-13,-13,-127,-127,-127,-221,-221,-192,-192,-178,-178,-94,-94,-4,-4,-87,-87,-122,-88,-97,-97,24,24,-16,-16,-16,-24,-24,-27,-27,-27,-113,-113,-113,-111,-111,-64,-64,-133,-133,17,17,17,-84,-84,-84,-171,-171,-171,-214,-214,-173,-173,-69,-69,26,26,-99,-99,-99,-113,-113,-147,-147,-149,-149,-63,-63,-63,10,10,10,10,10,10,-43,-43,-43,29,29,29,-51,-51,-51,-59,-59,-35,-35,-35,-21,-21,-21,-67,-67,-54,-54,-54,33,33,-31,-31,-31,28,28,28,28,-66,-66,-66,-66,-31,-31,-31,-31,-71,-71,-71,-129,-129,-129,-201,-201,-201,-46,-46,-46,-81,-81,-81,-54,-54,-54,-141,-141,-141,-123,-123,-123,-100,-100,-100,-189,-189,-189,-113,-113,-139,-139,-159,-159,-61,-61,-192,-192,-192,-206,-206,-206,-150,-150,-52,-52,-85,-85,-136,-136,-136,-155,-155,-155,-148,-148,-92,-92,-106,-106,-83,-83,-77,-77,-196,-196,-196,-126,-126,-126,-58,-58,-58,-36,-36,-103,-103,-216,-216,-151,-151,-151,-37,-37,-37,-80,-80,-80,-74,-74,-74,-149,-149,-133,-133,-186,-186,-132,-132,-132,-147,-147,-147,-108,-108,-108,-56,-56,-6,-6,3,-38,-38,-121,-121,-149,-149,-79,-79,-63,-63,-30,-30,-17,-17,-58,-58,-98,-29,-29,79,79,-29,-29,-29,-49,-49,-49,69,69,69,129,129,129,148,148,118,118,177,177,177,238,238,117,117,1,1,13,13,25,25,28,28,9,9,9,-74,-74,-74,-18,-18,-18,11,11,11
93,14.25999999999999979,-109,-158,-196,-196,-190,-190,-190,-121,-121,-90,-90,-93,-93,12,12,-72,-72,-95,-95,-95,-3,-3,-3,-3,-82,-82,-82,-82,-82,-82,-82,-82,84,84,84,14,14,14,-73,-73,-73,-73,16,16,16,16,59,59,59,59,20,20,20,-43,-43,-43,-40,-40,-40,-40,-69,-69,-69,-69,-156,-156,-156,-156,-129,-129,-129,-123,-123,-134,-134,-134,-118,-118,-118,-118,-206,-206,-206,-122,-122,-122,2,2,-27,-27,-27,-48,-48,-48,-108,-108,-108,-120,-120,-120,-94,-94,-94,-42,-42,-42,-30,-30,-30,-105,-105,-105,-126,-126,-126,-143,-143,-143,-104,-104,-104,-18,-18,-18,-57,-57,-57,-4,-4,-4,-4,48,48,48,45,45,45,-25,-25,-25,-41,-41,-41,-41,-31,-31,-31,-31,46,46,46,-38,-38,-38,-38,-102,-102,-102,-102,-172,-172,-172,-172,-155,-155,-155,-155,-95,-95,-95,-60,-60,-60,-27,-27,-27,-27,-166,-166,-166,-51,-51,-51,-51,4,4,4,-14,-14,-14,-113,-113,-113,-96,-96,-96,-63,-63,-63,-50,-50,-50,-91,-91,-91,-12,-12,63,63,63,-86,-86,-86,-129,-129,-129,-261,-261,-261,-167,-167,-126,-126,-126,-99,-99,-99,-206,-206,-251,-251,-167,-167,-164,-164,-181,-181,-176,-176,-294,-294,-243,-243,-187,-187,-224,-224,32,32,32,-115,-115,-115,-75,-75,-62,-62,-62,-33,-33,-95,-95,-211,-211,-138,-138,-117,-117,-117,-172,-172,-151,-151,-151,-141,-141,-141,-139,-139,-139,-224,-224,-224,-224,-68,-68,-68,-118,-118,-59,-59,-158,-158,-207,-207,-207,-197,-197,-197,-278,-278,-278,-250,-250,-250,-237,-237,-237,-182,-182,-126,-126,-107,-25,-25,-149,-149,-149,-278,-278,-199,-199,-179,-179,-83,-83,-3,-3,-73,-73,-107,-66,-85,-85,50,50,5,5,5,22,22,-13,-13,-13,-90,-90,-90,-136,-136,-85,-85,-111,-111,-2,-2,-2,-77,-77,-77,-163,-163,-163,-188,-188,-125,-125,-51,-51,0,0,-116,-116,-116,-163,-163,-166,-166,-162,-162,-41,-41,-41,17,17,17,-4,-4,-4,-26,-26,-26,12,12,12,-42,-42,-42,-35,-35,-34,-34,-34,-28,-28,-28,-58,-58,-38,-38,-38,33,33,-18,-18,-18,-12,-12,-12,-12,-98,-98,-98,-98,-2,-2,-2,-2,-73,-73,-73,-64,-64,-64,-213,-213,-213,-80,-80,-80,-46,-46,-46,-21,-21,-21,-155,-155,-155,-163,-163,-163,-99,-99,-99,-145,-145,-145,-105,-105,-118,-118,-162,-162,-37,-37,-132,-132,-132,-63,-63,-63,-66,-66,-35,-35,5,5,-40,-40,-40,-110,-110,-110,-99,-99,-100,-100,-83,-83,-59,-59,-28,-28,-156,-156,-156,-142,-142,-142,-6,-6,-6,-6,-6,-90,-90,-153,-153,-88,-88,-88,-6,-6,-6,-45,-45,-45,-40,-40,-40,-86,-86,-114,-114,-178,-178,-129,-129,-129,-159,-159,-159,-116,-116,-116,-71,-71,1,1,38,29,29,-50,-50,-117,-117,-83,-83,-59,-59,-75,-75,-43,-43,-79,-79,-138,-84,-84,19,19,15,15,15,-48,-48,-48,19,19,19,99,99,99,157,157,94,94,143,143,143,172,172,61,61,-33,-33,-2,-2,33,33,29,29,6,6,6,-80,-80,-80,-4,-4,-4,-5,-5,-7
94,14.46000000000000085,-105,-161,-198,-198,-129,-129,-129,-92,-92,14,14,14,14,24,24,37,37,-110,-110,-110,54,54,54,54,-111,-111,-111,-111,-64,-64,-64,-64,73,73,73,87,87,87,-89,-89,-89,-89,113,113,113,113,71,71,71,71,70,70,70,-15,-15,-15,-82,-82,-82,-82,-5,-5,-5,-5,-124,-124,-124,-124,-72,-72,-72,-69,-69,-35,-35,-35,-64,-64,-64,-64,-136,-136,-136,-46,-46,-46,76,76,-4,-4,-4,-22,-22,-22,-100,-100,-100,-91,-91,-91,-106,-106,-106,-42,-42,-42,23,23,23,-76,-76,-76,-61,-61,-61,-86,-86,-86,-65,-65,-65,53,53,53,-22,-22,-22,59,59,59,59,60,60,60,102,102,102,43,43,43,-2,-2,-2,-2,38,38,38,38,94,94,94,-6,-6,-6,-6,-12,-12,-12,-12,-127,-127,-127,-127,-119,-119,-119,-119,-11,-11,-11,-1,-1,-1,-3,-3,-3,-3,-118,-118,-118,-39,-39,-39,-39,34,34,34,18,18,18,-8,-8,-8,-27,-27,-27,31,31,31,-23,-23,-23,-24,-24,-24,-32,-32,78,78,78,-40,-40,-40,-54,-54,-54,-140,-140,-140,-100,-100,-195,-195,-195,-199,-199,-199,-205,-205,-102,-102,-84,-84,-170,-170,-188,-188,-196,-196,-245,-245,-262,-262,-233,-233,-202,-202,65,65,65,-50,-50,-50,-64,-64,-4,-4,-4,-14,-14,-59,-59,-116,-116,-56,-56,-77,-77,-77,-138,-138,-92,-92,-92,-69,-69,-69,-61,-61,-61,-134,-134,-134,-134,-14,-14,-14,-77,-77,-34,-34,-120,-120,-198,-198,-198,-178,-178,-178,-345,-345,-345,-304,-304,-304,-99,-99,-99,-103,-103,-63,-63,-57,20,20,-67,-67,-67,-213,-213,-59,-59,-51,-51,-2,-2,18,18,-11,-11,-33,-12,-52,-52,99,99,77,77,77,51,51,3,3,3,38,38,38,-80,-80,-26,-26,-70,-70,7,7,7,-36,-36,-36,-99,-99,-99,-121,-121,-24,-24,26,26,56,56,-52,-52,-52,-107,-107,-159,-159,-127,-127,20,20,20,53,53,53,46,46,46,2,2,2,18,18,18,33,33,33,3,3,56,56,56,27,27,27,13,13,-8,-8,-8,80,80,38,38,38,53,53,53,53,-83,-83,-83,-83,29,29,29,29,4,4,4,-35,-35,-35,-173,-173,-173,5,5,5,-28,-28,-28,41,41,41,-144,-144,-144,-158,-158,-158,-51,-51,-51,-55,-55,-55,-12,-12,-61,-61,-109,-109,-11,-11,14,14,14,55,55,55,25,25,16,16,78,78,92,92,92,-5,-5,-5,-18,-18,-56,-56,-39,-39,-34,-34,36,36,-89,-89,-89,-119,-119,-119,33,33,33,28,28,-30,-30,-38,-38,-21,-21,-21,41,41,41,-8,-8,-8,28,28,28,-9,-9,-47,-47,-97,-97,-70,-70,-70,-104,-104,-104,-50,-50,-50,-28,-28,71,71,117,134,134,47,47,-20,-20,-10,-10,-42,-42,-90,-90,-45,-45,-57,-57,-96,-91,-91,-51,-51,68,68,68,-13,-13,-13,-41,-41,-41,113,113,113,187,187,105,105,120,120,120,137,137,12,12,-42,-42,19,19,50,50,46,46,-13,-13,-13,-58,-58,-58,17,17,17,26,26,0
95,14.66000000000000014,-18,-88,-137,-137,-68,-68,-68,14,14,75,75,55,55,87,87,137,137,-24,-24,-24,63,63,63,63,-43,-43,-43,-43,8,8,8,8,90,90,90,123,123,123,56,56,56,56,203,203,203,203,132,132,132,132,120,120,120,30,30,30,-14,-14,-14,-14,113,113,113,113,57,57,57,57,66,66,66,81,81,107,107,107,21,21,21,21,-63,-63,-63,59,59,59,149,149,107,107,107,80,80,80,-27,-27,-27,-47,-47,-47,-13,-13,-13,32,32,32,40,40,40,24,24,24,10,10,10,65,65,65,28,28,28,140,140,140,56,56,56,155,155,155,155,146,146,146,149,149,149,143,143,143,81,81,81,81,129,129,129,129,137,137,137,72,72,72,72,101,101,101,101,8,8,8,8,-6,-6,-6,-6,124,124,124,133,133,133,83,83,83,83,-21,-21,-21,45,45,45,45,94,94,94,81,81,81,43,43,43,67,67,67,134,134,134,56,56,56,130,130,130,84,84,86,86,86,69,69,69,61,61,61,-14,-14,-14,-62,-62,-210,-210,-210,-222,-222,-222,-101,-101,36,36,1,1,-74,-74,-109,-109,-129,-129,-93,-93,-150,-150,-119,-119,-122,-122,113,113,113,15,15,15,-9,-9,78,78,78,60,60,108,108,43,43,66,66,18,18,18,25,25,44,44,44,89,89,89,90,90,90,38,38,38,38,73,73,73,12,12,27,27,-63,-63,-89,-89,-89,-48,-48,-48,-250,-250,-250,-265,-265,-265,98,98,98,45,45,75,75,110,103,103,48,48,48,-111,-111,129,129,125,125,139,139,160,160,112,112,79,84,55,55,154,154,132,132,132,139,139,87,87,87,79,79,79,-31,-31,89,89,57,57,71,71,71,37,37,37,-19,-19,-19,48,48,87,87,131,131,105,105,84,84,84,-43,-43,-63,-63,15,15,111,111,111,148,148,148,71,71,71,102,102,102,74,74,74,96,96,96,59,59,68,68,68,93,93,93,96,96,65,65,65,173,173,114,114,114,138,138,138,138,-3,-3,-3,-3,102,102,102,102,128,128,128,146,146,146,-25,-25,-25,94,94,94,94,94,94,127,127,127,-3,-3,-3,-35,-35,-35,63,63,63,118,118,118,119,119,67,67,24,24,109,109,164,164,164,168,168,168,107,107,123,123,146,146,214,214,214,122,122,122,122,122,41,41,51,51,76,76,135,135,38,38,38,-59,-59,-59,66,66,66,127,127,86,86,97,97,89,89,89,102,102,102,97,97,97,106,106,106,80,80,40,40,28,28,28,28,28,1,1,1,46,46,46,97,97,131,131,215,220,220,169,169,77,77,61,61,21,21,-46,-46,-29,-29,6,6,-9,-58,-58,-36,-36,83,83,83,19,19,19,-25,-25,-25,154,154,154,229,229,162,162,137,137,137,102,102,-14,-14,-29,-29,33,33,63,63,46,46,29,29,29,6,6,6,45,45,45,32,32,5
96,14.85999999999999943,61,19,28,28,51,51,51,45,45,85,85,101,101,135,135,261,261,149,149,149,117,117,117,117,-44,-44,-44,-44,15,15,15,15,55,55,55,136,136,136,156,156,156,156,239,239,239,239,195,195,195,195,184,184,184,129,129,129,95,95,95,95,188,188,188,188,193,193,193,193,180,180,180,205,205,263,263,263,164,164,164,164,97,97,97,216,216,216,155,155,140,140,140,146,146,146,76,76,76,76,76,76,85,85,85,86,86,86,120,120,120,114,114,114,143,143,143,114,114,114,115,115,115,143,143,143,174,174,174,201,201,201,201,195,195,195,199,199,199,207,207,207,186,186,186,186,205,205,205,205,223,223,223,174,174,174,174,230,230,230,230,183,183,183,183,184,184,184,184,240,240,240,244,244,244,210,210,210,210,139,139,139,163,163,163,163,211,211,211,192,192,192,197,197,197,157,157,157,217,217,217,150,150,150,224,224,224,152,152,148,148,148,182,182,182,209,209,209,156,156,156,70,70,-102,-102,-102,-129,-129,-129,32,32,220,220,163,163,55,55,57,57,-17,-17,117,117,96,96,27,27,17,17,163,163,163,164,164,164,122,122,171,171,171,156,156,207,207,217,217,223,223,201,201,201,164,164,183,183,183,212,212,212,202,202,202,188,188,188,188,194,194,194,184,184,101,101,34,34,28,28,28,117,117,117,-37,-37,-37,-159,-159,-159,264,264,264,225,225,261,261,263,263,263,187,187,187,108,108,272,272,296,296,291,291,293,293,290,290,217,164,163,163,217,217,141,141,141,252,252,187,187,187,195,195,195,107,107,181,181,144,144,161,161,161,145,145,145,161,161,161,195,195,201,201,207,207,214,214,212,212,212,118,118,105,105,140,140,203,203,203,243,243,243,171,171,171,218,218,218,160,160,160,129,129,129,161,161,172,172,172,199,199,199,185,185,162,162,162,250,250,212,212,212,234,234,234,234,141,141,141,141,171,171,171,171,259,259,259,254,254,254,139,139,139,197,197,197,222,222,222,276,276,276,145,145,145,156,156,156,187,187,187,289,289,289,270,270,209,209,173,173,217,217,275,275,275,262,262,262,203,203,193,193,204,204,325,325,325,259,259,259,220,220,122,122,114,114,139,139,236,236,178,178,178,48,48,48,131,131,131,169,169,182,182,220,220,183,183,183,152,152,152,165,165,165,169,169,169,175,175,132,132,133,133,149,149,149,122,122,122,155,155,155,193,193,223,223,271,291,291,285,285,185,185,125,125,88,88,51,51,79,79,89,89,110,57,57,40,40,119,119,119,63,63,63,37,37,37,216,216,216,279,279,197,197,132,132,132,84,84,-18,-18,11,11,50,50,86,86,66,66,79,79,79,84,84,84,87,87,87,48,48,44
97,15.0600000000000005,222,179,154,154,199,199,199,222,222,160,160,234,234,220,220,346,346,250,250,250,149,149,149,149,-42,-42,-42,-42,-5,-5,-5,-5,34,34,34,80,80,80,198,198,198,198,278,278,278,278,226,226,226,226,252,252,252,270,270,270,222,222,222,222,225,225,225,225,307,307,307,307,289,289,289,307,307,344,344,344,226,226,226,226,257,257,257,288,288,288,238,238,187,187,187,207,207,207,187,187,187,202,202,202,148,148,148,142,142,142,153,153,153,225,225,225,210,210,210,197,197,197,218,218,218,197,197,197,216,216,216,229,229,229,229,201,201,201,231,231,231,217,217,217,234,234,234,234,224,224,224,224,267,267,267,267,267,267,267,324,324,324,324,319,319,319,319,280,280,280,280,321,321,321,342,342,342,337,337,337,337,249,249,249,240,240,240,240,243,243,243,224,224,224,280,280,280,235,235,235,260,260,260,270,270,270,283,283,283,252,252,215,215,215,295,295,295,338,338,338,291,291,291,172,172,21,21,21,3,3,3,169,169,349,349,285,285,246,246,141,141,134,134,323,323,351,351,241,241,199,199,234,234,234,286,286,286,229,229,249,249,249,232,232,334,334,373,373,336,336,323,323,323,333,333,350,350,350,333,333,333,351,351,351,327,327,327,327,279,279,279,314,314,224,224,152,152,151,151,151,282,282,282,208,208,208,-23,-23,-23,387,387,387,408,408,428,428,449,349,349,345,345,345,298,298,383,383,410,410,391,391,379,379,342,342,338,233,251,251,239,239,223,223,223,289,289,257,257,257,281,281,281,212,212,234,234,260,260,247,247,247,228,228,228,274,274,274,269,269,273,273,251,251,254,254,315,315,315,223,223,197,197,222,222,271,271,271,297,297,297,215,215,215,270,270,270,218,218,218,191,191,191,219,219,215,215,215,242,242,242,265,265,251,251,251,311,311,259,259,259,335,335,335,335,286,286,286,286,266,266,266,266,319,319,319,369,369,369,280,280,280,265,265,265,342,342,342,376,376,376,322,322,322,329,329,329,306,306,306,402,402,402,390,390,281,281,266,266,338,338,372,372,372,289,289,289,286,286,190,190,235,235,369,369,369,329,329,329,278,278,182,182,153,153,203,203,280,280,286,286,286,135,135,135,183,183,183,211,211,193,193,231,231,253,253,253,183,183,183,206,206,206,209,209,209,198,198,190,190,244,244,215,215,215,212,212,212,253,253,253,277,277,284,284,285,338,338,314,314,233,233,169,169,150,150,172,172,157,157,141,141,166,181,181,148,148,125,125,125,107,107,107,125,125,125,295,295,295,323,323,234,234,139,139,139,56,56,-11,-11,30,30,86,86,105,105,92,92,124,124,124,150,150,150,112,112,112,93,93,77
98,15.25999999999999979,301,339,331,331,275,275,275,216,216,215,215,251,251,214,214,308,308,342,342,342,72,72,72,72,15,15,15,15,-58,-58,-58,-58,-43,-43,-43,49,49,49,220,220,220,220,184,184,184,184,198,198,198,198,255,255,255,239,239,239,254,254,254,254,230,230,230,230,310,310,310,310,277,277,277,304,304,338,338,338,301,301,301,301,313,313,313,300,300,300,214,214,195,195,195,255,255,255,233,233,233,244,244,244,259,259,259,209,209,209,185,185,185,214,214,214,283,283,283,231,231,231,218,218,218,179,179,179,208,208,208,224,224,224,224,158,158,158,181,181,181,179,179,179,205,205,205,205,187,187,187,187,262,262,262,298,298,298,298,331,331,331,331,365,365,365,365,323,323,323,323,326,326,326,349,349,349,340,340,340,340,312,312,312,283,283,283,283,283,283,283,274,274,274,338,338,338,273,273,273,250,250,250,292,292,292,332,332,332,272,272,262,262,262,339,339,339,383,383,383,335,335,335,255,255,214,214,214,156,156,156,277,277,400,400,357,357,324,324,239,239,266,266,474,474,439,439,350,350,333,333,273,273,273,356,356,356,315,315,280,280,280,255,255,359,359,419,419,382,382,416,416,416,429,429,381,381,381,354,354,354,407,407,407,384,384,384,384,323,323,323,340,340,288,288,174,174,224,224,224,324,324,324,339,339,339,100,100,100,375,375,375,473,473,496,496,513,413,413,425,425,425,409,409,408,408,410,410,385,385,388,388,404,404,347,290,303,303,208,208,231,231,231,318,318,266,266,266,280,280,280,273,273,237,237,282,282,267,267,267,277,277,277,324,324,324,339,339,296,296,240,240,231,231,324,324,324,309,309,245,245,273,273,313,313,313,343,343,343,228,228,228,277,277,277,228,228,228,172,172,172,192,192,210,210,210,247,247,247,252,252,250,250,250,305,305,307,307,307,373,373,373,373,326,326,326,326,287,287,287,287,343,343,343,399,399,399,347,347,347,316,316,316,404,404,404,439,439,439,426,426,426,388,388,388,344,344,344,408,408,408,396,396,302,302,321,321,338,338,356,356,356,268,268,268,267,267,197,197,246,246,380,380,380,325,325,325,236,236,188,188,192,192,212,212,294,294,303,303,303,150,150,150,162,162,162,197,197,160,160,203,203,232,232,232,157,157,157,231,231,231,236,236,236,222,222,204,204,286,286,260,260,260,265,265,265,282,282,282,288,288,291,291,273,307,307,323,323,264,264,151,151,156,156,208,208,195,195,164,164,168,228,228,177,177,143,143,143,151,151,151,197,197,197,326,326,326,302,302,227,227,100,100,100,17,17,6,6,51,51,93,93,97,97,104,104,139,139,139,166,166,166,115,115,115,86,86,89
99,15.46000000000000085,315,330,314,314,263,263,263,181,181,173,173,188,188,219,219,217,217,256,256,256,59,59,59,59,-19,-19,-19,-19,-111,-111,-111,-111,-73,-73,-73,-46,-46,-46,160,160,160,160,90,90,90,90,169,169,169,169,143,143,143,210,210,210,218,218,218,218,181,181,181,181,236,236,236,236,254,254,254,240,240,299,299,299,311,311,311,311,312,312,312,225,225,225,207,207,195,195,195,216,216,216,239,239,239,247,247,247,195,195,195,207,207,207,146,146,146,189,189,189,249,249,249,284,284,284,180,180,180,169,169,169,166,166,166,162,162,162,162,107,107,107,124,124,124,84,84,84,143,143,143,143,136,136,136,136,171,171,171,256,256,256,256,311,311,311,311,341,341,341,341,261,261,261,261,289,289,289,361,361,361,322,322,322,322,332,332,332,269,269,269,269,238,238,238,225,225,225,243,243,243,221,221,221,151,151,151,250,250,250,283,283,283,252,252,237,237,237,283,283,283,290,290,290,342,342,342,267,267,278,278,278,269,269,269,265,265,377,377,345,345,315,315,246,246,284,284,458,458,444,444,358,358,337,337,274,274,274,358,358,358,300,300,233,233,233,224,224,326,326,394,394,336,336,422,422,422,442,442,370,370,370,363,363,363,378,378,378,375,375,375,375,319,319,319,364,364,293,293,120,120,181,181,181,336,336,336,419,419,419,225,225,225,274,274,274,410,410,432,432,450,388,388,410,410,410,433,433,372,372,346,346,327,327,334,334,346,346,308,268,293,293,122,122,247,247,247,302,302,268,268,268,239,239,239,271,271,234,234,270,270,258,258,258,255,255,255,283,283,283,335,335,294,294,243,243,229,229,298,298,298,262,262,273,273,230,230,270,270,270,319,319,319,208,208,208,228,228,228,192,192,192,185,185,185,137,137,142,142,142,184,184,184,191,191,203,203,203,257,257,266,266,266,342,342,342,342,302,302,302,302,266,266,266,266,274,274,274,318,318,318,329,329,329,279,279,279,411,411,411,409,409,409,377,377,377,338,338,338,307,307,307,331,331,331,331,331,253,253,252,252,244,244,298,298,298,209,209,209,206,206,154,154,173,173,306,306,306,267,267,267,172,172,122,122,161,161,200,200,251,251,283,283,283,149,149,149,111,111,111,156,156,118,118,148,148,168,168,168,117,117,117,174,174,174,193,193,193,208,208,221,221,264,264,250,250,250,235,235,235,276,276,276,249,249,245,245,203,238,238,243,243,196,196,123,123,134,134,169,169,135,135,187,187,163,178,178,134,134,141,141,141,169,169,169,252,252,252,316,316,316,243,243,183,183,71,71,71,10,10,4,4,61,61,82,82,127,127,107,107,131,131,131,137,137,137,95,95,95,97,97,84
100,15.66000000000000014,282,307,255,255,188,188,188,183,183,133,133,124,124,167,167,158,158,171,171,171,-31,-31,-31,-31,-66,-66,-66,-66,-173,-173,-173,-173,-83,-83,-83,-62,-62,-62,21,21,21,21,-9,-9,-9,-9,90,90,90,90,152,152,152,184,184,184,139,139,139,139,108,108,108,108,189,189,189,189,195,195,195,163,163,233,233,233,272,272,272,272,213,213,213,149,149,149,172,172,177,177,177,189,189,189,231,231,231,219,219,219,134,134,134,160,160,160,126,126,126,144,144,144,241,241,241,220,220,220,161,161,161,103,103,103,121,121,121,112,112,112,112,71,71,71,67,67,67,58,58,58,82,82,82,82,67,67,67,67,138,138,138,170,170,170,170,216,216,216,216,304,304,304,304,220,220,220,220,284,284,284,270,270,270,264,264,264,264,270,270,270,244,244,244,244,175,175,175,203,203,203,211,211,211,179,179,179,134,134,134,168,168,168,219,219,219,200,200,192,192,192,214,214,214,195,195,195,275,275,275,233,233,304,304,304,318,318,318,219,219,265,265,322,322,267,267,238,238,267,267,382,382,374,374,320,320,364,364,269,269,269,283,283,283,252,252,183,183,183,211,211,233,233,315,315,238,238,400,400,400,407,407,371,371,371,307,307,307,287,287,287,321,321,321,321,278,278,278,296,296,253,253,30,30,106,106,106,246,246,246,391,391,391,283,283,283,177,177,177,284,284,333,333,363,289,289,342,342,342,380,380,322,322,285,285,283,283,292,292,288,288,259,226,227,227,146,146,245,245,245,293,293,204,204,204,194,194,194,245,245,225,225,261,261,192,192,192,160,160,160,223,223,223,265,265,247,247,222,222,174,174,254,254,254,264,264,234,234,232,232,260,260,260,266,266,266,189,189,189,160,160,160,154,154,154,174,174,174,124,124,87,87,87,136,136,136,160,160,161,161,161,180,180,238,238,238,302,302,302,302,268,268,268,268,249,249,249,249,187,187,187,207,207,207,284,284,284,265,265,265,331,331,331,327,327,327,349,349,349,258,258,258,218,218,218,242,242,242,247,247,205,205,158,158,118,118,225,225,225,138,138,138,141,141,122,122,134,134,241,241,241,212,212,212,117,117,146,146,130,130,161,161,196,196,227,227,227,146,146,146,52,52,52,120,120,129,129,105,105,126,126,126,113,113,113,158,158,158,212,212,212,169,169,214,214,241,241,202,202,202,217,217,217,192,192,192,166,166,168,168,130,142,142,167,167,157,157,113,113,76,76,96,96,84,84,141,141,171,117,117,118,118,126,126,126,160,160,160,238,238,238,269,269,269,169,169,154,154,29,29,29,11,11,27,27,67,67,93,93,118,118,102,102,91,91,91,94,94,94,77,77,77,68,68,62
101,15.85999999999999943,173,184,174,174,139,139,139,114,114,114,114,114,114,111,111,32,32,53,53,53,-30,-30,-30,-30,10,10,10,10,-93,-93,-93,-93,-36,-36,-36,-44,-44,-44,-79,-79,-79,-79,-82,-82,-82,-82,58,58,58,58,41,41,41,91,91,91,81,81,81,81,90,90,90,90,120,120,120,120,148,148,148,70,70,192,192,192,188,188,188,188,218,218,218,127,127,127,93,93,129,129,129,154,154,154,213,213,213,132,132,132,107,107,107,144,144,144,121,121,121,137,137,137,207,207,207,180,180,180,125,125,125,50,50,50,62,62,62,35,35,35,35,84,84,84,42,42,42,12,12,12,41,41,41,41,47,47,47,47,75,75,75,85,85,85,85,176,176,176,176,238,238,238,238,182,182,182,182,209,209,209,204,204,204,200,200,200,200,225,225,225,202,202,202,202,148,148,148,166,166,166,127,127,127,127,127,127,66,66,66,114,114,114,129,129,129,175,175,188,188,188,132,132,132,157,157,157,191,191,191,197,197,239,239,239,234,234,234,138,138,132,132,213,213,230,230,190,190,165,165,248,248,277,277,248,248,296,296,261,261,261,252,252,252,212,212,156,156,156,161,161,129,129,191,191,165,165,320,320,320,336,336,238,238,238,200,200,200,212,212,212,278,278,278,278,278,278,278,228,228,187,187,-65,-65,29,29,29,151,151,151,319,319,319,344,344,344,70,70,70,197,197,159,159,205,200,200,258,258,258,314,314,275,275,255,255,222,222,246,246,240,240,197,129,132,132,104,104,175,175,175,254,254,142,142,142,128,128,128,247,247,199,199,222,222,171,171,171,128,128,128,193,193,193,221,221,195,195,215,215,202,202,193,193,193,211,211,202,202,223,223,220,220,220,233,233,233,182,182,182,133,133,133,175,175,175,152,152,152,98,98,64,64,64,82,82,82,127,127,132,132,132,158,158,190,190,190,240,240,240,240,232,232,232,232,218,218,218,218,122,122,122,134,134,134,200,200,200,231,231,231,310,310,310,245,245,245,227,227,227,203,203,203,170,170,170,194,194,194,189,189,135,135,95,95,35,35,138,138,138,95,95,95,52,52,92,92,119,119,168,168,168,161,161,161,63,63,92,92,108,108,133,133,136,136,146,146,146,134,134,134,76,76,76,101,101,120,120,117,117,109,109,109,113,113,113,195,195,195,187,187,187,153,153,172,172,164,164,142,142,142,183,183,183,156,156,156,90,90,97,97,63,93,93,109,109,122,122,94,94,51,51,43,43,50,50,125,125,94,40,40,92,92,128,128,128,152,152,152,231,231,231,209,209,209,91,91,94,94,41,41,41,17,17,53,53,68,68,71,71,104,104,73,73,58,58,58,80,80,80,69,69,69,77,77,69
102,16.05999999999999872,60,45,22,22,43,43,43,69,69,129,129,93,93,47,47,28,28,16,16,16,-4,-4,-4,-4,64,64,64,64,-40,-40,-40,-40,41,41,41,-62,-62,-62,-122,-122,-122,-122,-135,-135,-135,-135,11,11,11,11,20,20,20,-41,-41,-41,-12,-12,-12,-12,73,73,73,73,48,48,48,48,42,42,42,0,0,143,143,143,120,120,120,120,103,103,103,68,68,68,70,70,100,100,100,143,143,143,167,167,167,93,93,93,28,28,28,110,110,110,134,134,134,109,109,109,144,144,144,93,93,93,88,88,88,19,19,19,26,26,26,-1,-1,-1,-1,27,27,27,-23,-23,-23,16,16,16,4,4,4,4,64,64,64,64,47,47,47,31,31,31,31,124,124,124,124,184,184,184,184,132,132,132,132,88,88,88,95,95,95,181,181,181,181,147,147,147,148,148,148,148,139,139,139,178,178,178,80,80,80,118,118,118,41,41,41,72,72,72,96,96,96,80,80,128,128,128,123,123,123,111,111,111,98,98,98,96,96,129,129,129,158,158,158,55,55,34,34,174,174,143,143,133,133,72,72,85,85,170,170,180,180,189,189,250,250,250,189,189,189,177,177,145,145,145,172,172,69,69,73,73,86,86,220,220,220,211,211,183,183,183,112,112,112,126,126,126,183,183,183,183,232,232,232,121,121,102,102,-94,-94,-36,-36,-36,89,89,89,284,284,284,375,375,375,-29,-29,-29,64,64,19,19,72,114,114,148,148,148,226,226,212,212,199,199,164,164,184,184,168,168,113,20,17,17,43,43,148,148,148,196,196,130,130,130,78,78,78,167,167,136,136,163,163,133,133,133,85,85,85,111,111,111,120,120,150,150,154,154,164,164,122,122,122,194,194,146,146,184,184,195,195,195,208,208,208,168,168,168,69,69,69,162,162,162,93,93,93,20,20,33,33,33,42,42,42,108,108,125,125,125,155,155,152,152,152,140,140,140,140,192,192,192,192,189,189,189,189,85,85,85,103,103,103,157,157,157,185,185,185,247,247,247,165,165,165,145,145,145,150,150,150,149,149,149,122,122,122,105,105,120,120,66,66,12,12,46,46,46,38,38,38,-3,-3,34,34,71,71,105,105,105,100,100,100,27,27,62,62,90,90,78,78,85,85,84,84,84,112,112,112,67,67,67,117,117,100,100,90,90,52,52,52,102,102,102,178,178,178,141,141,141,55,55,72,72,79,79,84,84,84,152,152,152,127,127,127,41,41,36,36,1,38,38,39,39,44,44,50,50,12,12,20,20,48,48,55,55,-39,-8,-8,57,57,93,93,93,136,136,136,177,177,177,136,136,136,48,48,78,78,55,55,55,46,46,31,31,66,66,77,77,82,82,49,49,40,40,40,50,50,50,35,35,35,44,44,54
103,16.26000000000000156,-34,-62,-71,-71,37,37,37,54,54,120,120,94,94,35,35,22,22,14,14,14,16,16,16,16,173,173,173,173,47,47,47,47,91,91,91,-50,-50,-50,-139,-139,-139,-139,-174,-174,-174,-174,-45,-45,-45,-45,-56,-56,-56,-160,-160,-160,-31,-31,-31,-31,3,3,3,3,2,2,2,2,-69,-69,-69,-15,-15,70,70,70,69,69,69,69,15,15,15,-19,-19,-19,35,35,68,68,68,116,116,116,65,65,65,41,41,41,21,21,21,82,82,82,107,107,107,75,75,75,97,97,97,25,25,25,1,1,1,-19,-19,-19,-26,-26,-26,-16,-16,-16,-16,17,17,17,-28,-28,-28,12,12,12,10,10,10,10,55,55,55,55,69,69,69,-21,-21,-21,-21,48,48,48,48,77,77,77,77,90,90,90,90,-46,-46,-46,19,19,19,139,139,139,139,61,61,61,105,105,105,105,111,111,111,144,144,144,17,17,17,89,89,89,55,55,55,80,80,80,58,58,58,82,82,129,129,129,87,87,87,67,67,67,-34,-34,-34,-10,-10,24,24,24,56,56,56,-31,-31,-117,-117,39,39,51,51,78,78,-37,-37,-79,-79,22,22,69,69,67,67,268,268,268,115,115,115,105,105,141,141,141,145,145,15,15,-44,-44,40,40,108,108,108,94,94,48,48,48,56,56,56,82,82,82,115,115,115,115,145,145,145,37,37,38,38,-122,-122,-57,-57,-57,83,83,83,211,211,211,370,370,370,-17,-17,-17,9,9,-28,-28,-16,52,52,69,69,69,139,139,138,138,155,155,108,108,138,138,156,156,56,-67,-83,-83,-4,-4,112,112,112,95,95,73,73,73,68,68,68,104,104,113,113,100,100,115,115,115,30,30,30,23,23,23,57,57,65,65,140,140,161,161,35,35,35,135,135,111,111,167,167,154,154,154,146,146,146,109,109,109,26,26,26,113,113,113,12,12,12,-23,-23,1,1,1,55,55,55,62,62,135,135,135,148,148,122,122,122,56,56,56,56,161,161,161,161,200,200,200,200,80,80,80,117,117,117,128,128,128,146,146,146,157,157,157,108,108,108,82,82,82,141,141,141,117,117,117,64,64,64,97,97,68,68,16,16,-17,-17,-42,-42,-42,51,51,51,-17,-17,21,21,34,34,87,87,87,36,36,36,-20,-20,36,36,86,86,67,67,18,18,26,26,26,62,62,62,47,47,47,91,91,42,42,25,25,38,38,38,121,121,121,158,158,158,122,122,122,-6,-6,0,0,5,5,8,8,8,83,83,83,95,95,95,-19,-19,-11,-11,-50,8,8,-3,-3,-10,-10,10,10,-27,-27,37,37,51,51,-41,-41,-161,-68,-68,5,5,56,56,56,63,63,63,124,124,124,84,84,84,-18,-18,70,70,77,77,77,43,43,36,36,54,54,24,24,38,38,13,13,-8,-8,-8,43,43,43,7,7,7,34,34,46
104,16.46000000000000085,-68,-129,-126,-126,31,31,31,64,64,148,148,91,91,19,19,-29,-29,18,18,18,35,35,35,35,206,206,206,206,124,124,124,124,123,123,123,-24,-24,-24,-148,-148,-148,-148,-111,-111,-111,-111,-104,-104,-104,-104,-100,-100,-100,-202,-202,-202,-97,-97,-97,-97,25,25,25,25,-52,-52,-52,-52,-76,-76,-76,-68,-68,47,47,47,34,34,34,34,-26,-26,-26,-57,-57,-57,59,59,-2,-2,-2,106,106,106,39,39,39,-22,-22,-22,-11,-11,-11,50,50,50,117,117,117,61,61,61,33,33,33,-38,-38,-38,26,26,26,-14,-14,-14,-49,-49,-49,-13,-13,-13,-13,-11,-11,-11,-5,-5,-5,1,1,1,-5,-5,-5,-5,68,68,68,68,94,94,94,-46,-46,-46,-46,19,19,19,19,-12,-12,-12,-12,38,38,38,38,-98,-98,-98,-2,-2,-2,121,121,121,121,29,29,29,36,36,36,36,96,96,96,133,133,133,-35,-35,-35,75,75,75,52,52,52,48,48,48,10,10,10,12,12,147,147,147,59,59,59,28,28,28,-35,-35,-35,-60,-60,-93,-93,-93,-49,-49,-49,-128,-128,-162,-162,-16,-16,-69,-69,-8,-8,-77,-77,-189,-189,-105,-105,-23,-23,-45,-45,190,190,190,57,57,57,80,80,83,83,83,87,87,-10,-10,-56,-56,-6,-6,56,56,56,26,26,-26,-26,-26,20,20,20,59,59,59,87,87,87,87,112,112,112,-48,-48,-26,-26,-105,-105,-73,-73,-73,50,50,50,145,145,145,389,389,389,-11,-11,-11,-69,-69,-43,-43,-71,49,49,38,38,38,82,82,86,86,121,121,53,53,88,88,95,95,42,-109,-88,-88,45,45,16,16,16,70,70,57,57,57,46,46,46,23,23,74,74,46,46,78,78,78,10,10,10,-7,-7,-7,-5,-5,34,34,72,72,124,124,24,24,24,100,100,49,49,94,94,134,134,134,107,107,107,59,59,59,0,0,0,73,73,73,-33,-33,-33,-21,-21,-70,-70,-70,15,15,15,88,88,81,81,81,104,104,93,93,93,2,2,2,2,130,130,130,130,139,139,139,139,95,95,95,134,134,134,53,53,53,96,96,96,109,109,109,108,108,108,16,16,16,87,87,87,110,110,110,43,43,43,79,79,30,30,-24,-24,-29,-29,-53,-53,-53,47,47,47,5,5,38,38,20,20,78,78,78,6,6,6,-30,-30,8,8,41,41,32,32,-17,-17,4,4,4,33,33,33,53,53,53,54,54,-10,-10,-15,-15,44,44,44,77,77,77,113,113,113,66,66,66,-60,-60,-78,-78,-52,-52,-15,-15,-15,56,56,56,34,34,34,-65,-65,-44,-44,-57,-2,-2,-43,-43,-47,-47,-33,-33,-54,-54,37,37,69,69,-92,-92,-209,-144,-144,-45,-45,57,57,57,15,15,15,46,46,46,12,12,12,-24,-24,46,46,87,87,87,42,42,49,49,-15,-15,-8,-8,19,19,-13,-13,-23,-23,-23,7,7,7,12,12,12,21,21,31
105,16.66000000000000014,-74,-170,-113,-113,-39,-39,-39,101,101,137,137,52,52,-31,-31,-35,-35,25,25,25,31,31,31,31,235,235,235,235,203,203,203,203,139,139,139,17,17,17,-68,-68,-68,-68,-52,-52,-52,-52,-85,-85,-85,-85,-78,-78,-78,-140,-140,-140,-61,-61,-61,-61,-13,-13,-13,-13,-66,-66,-66,-66,-89,-89,-89,-46,-46,61,61,61,55,55,55,55,-37,-37,-37,-40,-40,-40,3,3,-1,-1,-1,166,166,166,45,45,45,25,25,25,-16,-16,-16,19,19,19,127,127,127,13,13,13,13,13,13,-38,-38,-38,19,19,19,21,21,21,-71,-71,-71,-27,-27,-27,-27,1,1,1,11,11,11,39,39,39,26,26,26,26,100,100,100,100,115,115,115,-27,-27,-27,-27,32,32,32,32,-23,-23,-23,-23,21,21,21,21,-77,-77,-77,25,25,25,102,102,102,102,-11,-11,-11,60,60,60,60,110,110,110,123,123,123,-31,-31,-31,72,72,72,68,68,68,97,97,97,10,10,10,12,12,118,118,118,72,72,72,5,5,5,-47,-47,-47,-23,-23,-127,-127,-127,-81,-81,-81,-125,-125,-162,-162,-49,-49,-110,-110,-38,-38,-87,-87,-216,-216,-123,-123,-98,-98,-72,-72,151,151,151,-16,-16,-16,21,21,56,56,56,38,38,2,2,-32,-32,49,49,59,59,59,-11,-11,-18,-18,-18,14,14,14,62,62,62,51,51,51,51,84,84,84,-65,-65,-63,-63,-69,-69,-80,-80,-80,31,31,31,101,101,101,373,373,373,45,45,45,-66,-66,-12,-12,-69,70,70,42,42,42,27,27,71,71,106,106,12,12,81,81,139,139,53,-66,-75,-75,83,83,32,32,32,93,93,76,76,76,64,64,64,5,5,67,67,54,54,102,102,102,-3,-3,-3,-46,-46,-46,14,14,-2,-2,80,80,107,107,54,54,54,50,50,24,24,77,77,128,128,128,100,100,100,27,27,27,-10,-10,-10,18,18,18,-51,-51,-51,-4,-4,-30,-30,-30,10,10,10,39,39,63,63,63,102,102,85,85,85,6,6,6,6,106,106,106,106,133,133,133,133,109,109,109,151,151,151,49,49,49,103,103,103,90,90,90,97,97,97,-28,-28,-28,31,31,31,85,85,85,17,17,17,73,73,34,34,-13,-13,-13,-13,-72,-72,-72,97,97,97,58,58,43,43,19,19,80,80,80,6,6,6,-23,-23,49,49,56,56,41,41,-22,-22,-7,-7,-7,15,15,15,38,38,38,25,25,-22,-22,-28,-28,46,46,46,66,66,66,82,82,82,44,44,44,-65,-65,-96,-96,-62,-62,-3,-3,-3,39,39,39,13,13,13,-43,-43,-46,-46,-47,5,5,-27,-27,-47,-47,-44,-44,-37,-37,42,42,69,69,-83,-83,-165,-115,-115,-32,-32,49,49,49,-2,-2,-2,-32,-32,-32,-39,-39,-39,-37,-37,46,46,103,103,103,70,70,55,55,7,7,-14,-14,22,22,1,1,-10,-10,-10,11,11,11,29,29,29,23,23,29
106,16.85999999999999943,-38,-102,-84,-84,9,9,9,77,77,124,124,49,49,38,38,24,24,63,63,63,64,64,64,64,207,207,207,207,270,270,270,270,171,171,171,120,120,120,28,28,28,28,75,75,75,75,18,18,18,18,7,7,7,-28,-28,-28,30,30,30,30,53,53,53,53,-13,-13,-13,-13,-50,-50,-50,58,58,110,110,110,110,110,110,110,6,6,6,37,37,37,57,57,94,94,94,97,97,97,123,123,123,41,41,41,80,80,80,48,48,48,96,96,96,54,54,54,34,34,34,-20,-20,-20,55,55,55,86,86,86,20,20,20,34,34,34,34,50,50,50,72,72,72,74,74,74,58,58,58,58,164,164,164,164,143,143,143,54,54,54,54,80,80,80,80,29,29,29,29,84,84,84,84,48,48,48,129,129,129,174,174,174,174,42,42,42,38,38,38,38,118,118,118,115,115,115,22,22,22,122,122,122,100,100,100,118,118,118,49,49,49,78,78,154,154,154,74,74,74,49,49,49,-4,-4,-4,20,20,-14,-14,-14,-104,-104,-104,-53,-53,-62,-62,-9,-9,-86,-86,22,22,19,19,-82,-82,-24,-24,-20,-20,-14,-14,93,93,93,9,9,9,55,55,35,35,35,28,28,66,66,39,39,144,144,99,99,99,25,25,24,24,24,76,76,76,78,78,78,88,88,88,88,102,102,102,-10,-10,-28,-28,8,8,-19,-19,-19,9,9,9,97,97,97,393,393,393,113,113,113,50,50,91,91,45,138,138,142,142,142,72,72,83,83,168,168,89,89,138,138,174,174,147,80,44,44,113,113,80,80,80,47,47,106,106,106,131,131,131,21,21,97,97,80,80,132,132,132,22,22,22,-5,-5,-5,81,81,58,58,116,116,140,140,75,75,75,84,84,50,50,65,65,153,153,153,111,111,111,14,14,14,-6,-6,-6,37,37,37,-14,-14,-14,37,37,-19,-19,-19,33,33,33,45,45,66,66,66,65,65,95,95,95,51,51,51,51,110,110,110,110,163,163,163,163,171,171,171,195,195,195,88,88,88,158,158,158,125,125,125,96,96,96,-55,-55,-55,13,13,13,100,100,100,46,46,46,111,111,76,76,22,22,51,51,-6,-6,-6,141,141,141,106,106,106,106,87,87,83,83,83,47,47,47,60,60,86,86,96,96,60,60,34,34,43,43,43,60,60,60,86,86,86,61,61,6,6,9,9,76,76,76,80,80,80,59,59,59,51,51,51,1,1,-15,-15,1,1,67,67,67,67,67,67,40,40,40,16,16,14,14,42,62,62,21,21,-18,-18,-1,-1,11,11,51,51,82,82,14,14,9,-16,-16,29,29,68,68,68,3,3,3,-72,-72,-72,-16,-16,-16,2,2,68,68,138,138,138,100,100,69,69,36,36,20,20,50,50,33,33,23,23,23,16,16,16,51,51,51,48,48,54
107,17.05999999999999872,37,21,-14,-14,119,119,119,128,128,112,112,115,115,149,149,122,122,139,139,139,141,141,141,141,213,213,213,213,330,330,330,330,194,194,194,209,209,209,138,138,138,138,131,131,131,131,100,100,100,100,88,88,88,121,121,121,112,112,112,112,78,78,78,78,46,46,46,46,58,58,58,77,77,160,160,160,116,116,116,116,24,24,24,132,132,132,118,118,133,133,133,211,211,211,161,161,161,132,132,132,128,128,128,100,100,100,111,111,111,85,85,85,44,44,44,73,73,73,102,102,102,136,136,136,89,89,89,95,95,95,95,104,104,104,125,125,125,130,130,130,114,114,114,114,168,168,168,168,192,192,192,131,131,131,131,119,119,119,119,127,127,127,127,157,157,157,157,193,193,193,208,208,208,211,211,211,211,87,87,87,128,128,128,128,132,132,132,149,149,149,114,114,114,116,116,116,135,135,135,165,165,165,150,150,150,170,170,184,184,184,92,92,92,104,104,104,98,98,98,183,183,117,117,117,14,14,14,72,72,124,124,111,111,55,55,77,77,117,117,88,88,183,183,111,111,80,80,89,89,89,48,48,48,77,77,60,60,60,73,73,131,131,130,130,238,238,204,204,204,135,135,123,123,123,148,148,148,144,144,144,129,129,129,129,128,128,128,69,69,89,89,133,133,59,59,59,67,67,67,146,146,146,405,405,405,235,235,235,142,142,241,241,224,279,279,225,225,225,143,143,153,153,214,214,160,160,207,207,219,219,191,160,175,175,245,245,139,139,139,189,189,152,152,152,177,177,177,107,107,120,120,134,134,181,181,181,134,134,134,77,77,77,137,137,126,126,172,172,190,190,144,144,144,121,121,100,100,102,102,130,130,130,141,141,141,50,50,50,28,28,28,66,66,66,57,57,57,118,118,96,96,96,85,85,85,65,65,78,78,78,126,126,121,121,121,120,120,120,120,137,137,137,137,168,168,168,168,240,240,240,250,250,250,142,142,142,218,218,218,177,177,177,160,160,160,20,20,20,68,68,68,121,121,121,111,111,111,159,159,123,123,104,104,102,102,59,59,59,197,197,197,205,205,174,174,123,123,129,129,129,104,104,104,130,130,165,165,126,126,133,133,118,118,90,90,90,107,107,107,119,119,119,99,99,69,69,87,87,122,122,122,91,91,91,94,94,94,108,108,108,130,130,108,108,87,87,135,135,135,122,122,122,93,93,93,96,96,107,107,139,121,121,80,80,61,61,65,65,77,77,104,104,95,95,108,108,166,126,126,123,123,93,93,93,19,19,19,-93,-93,-93,-4,-4,-4,89,89,90,90,159,159,159,159,159,156,156,90,90,70,70,83,83,87,87,80,80,80,57,57,57,86,86,86,85,85,111
108,17.26000000000000156,114,120,113,113,125,125,125,184,184,108,108,202,202,148,148,127,127,175,175,175,200,200,200,200,226,226,226,226,346,346,346,346,225,225,225,279,279,279,212,212,212,212,202,202,202,202,197,197,197,197,135,135,135,203,203,203,125,125,125,125,142,142,142,142,86,86,86,86,127,127,127,146,146,182,182,182,178,178,178,178,94,94,94,218,218,218,185,185,146,146,146,208,208,208,176,176,176,176,176,176,168,168,168,129,129,129,120,120,120,134,134,134,118,118,118,123,123,123,135,135,135,155,155,155,135,135,135,118,118,118,118,124,124,124,148,148,148,159,159,159,123,123,123,123,197,197,197,197,178,178,178,178,178,178,178,165,165,165,165,219,219,219,219,242,242,242,242,239,239,239,273,273,273,210,210,210,210,98,98,98,193,193,193,193,143,143,143,172,172,172,150,150,150,126,126,126,183,183,183,209,209,209,205,205,205,217,217,206,206,206,140,140,140,152,152,152,172,172,172,261,261,182,182,182,142,142,142,203,203,309,309,248,248,203,203,118,118,222,222,270,270,311,311,220,220,157,157,138,138,138,94,94,94,123,123,109,109,109,99,99,197,197,227,227,310,310,267,267,267,232,232,223,223,223,218,218,218,167,167,167,209,209,209,209,180,180,180,177,177,177,177,242,242,147,147,147,98,98,98,160,160,160,412,412,412,397,397,397,339,339,396,396,351,347,347,290,290,290,185,185,202,202,227,227,234,234,261,261,227,227,208,262,261,261,261,261,220,220,220,182,182,174,174,174,227,227,227,146,146,146,146,155,155,206,206,206,179,179,179,153,153,153,188,188,176,176,185,185,213,213,194,194,194,146,146,156,156,100,100,135,135,135,166,166,166,82,82,82,103,103,103,82,82,82,99,99,99,137,137,121,121,121,116,116,116,87,87,99,99,99,147,147,132,132,132,180,180,180,180,169,169,169,169,210,210,210,210,276,276,276,273,273,273,159,159,159,241,241,241,207,207,207,170,170,170,122,122,122,106,106,106,129,129,129,152,152,152,146,146,132,132,151,151,166,166,140,140,140,162,162,162,230,230,178,178,148,148,134,134,134,141,141,141,202,202,177,177,172,172,153,153,160,160,120,120,120,157,157,157,181,181,181,118,118,152,152,105,105,151,151,151,81,81,81,111,111,111,187,187,187,174,174,179,179,143,143,172,172,172,142,142,142,137,137,137,204,204,168,168,193,170,170,112,112,93,93,126,126,127,127,132,132,70,70,150,150,289,228,228,175,175,85,85,85,28,28,28,-77,-77,-77,12,12,12,107,107,125,125,176,176,176,180,180,174,174,113,113,105,105,118,118,126,126,113,113,113,100,100,100,114,114,114,140,140,139
109,17.46000000000000085,256,174,160,160,207,207,207,175,175,137,137,92,92,198,198,173,173,221,221,221,205,205,205,205,231,231,231,231,320,320,320,320,161,161,161,223,223,223,222,222,222,222,201,201,201,201,190,190,190,190,143,143,143,190,190,190,171,171,171,171,163,163,163,163,114,114,114,114,204,204,204,158,158,200,200,200,154,154,154,154,104,104,104,182,182,182,211,211,134,134,134,210,210,210,187,187,187,171,171,171,182,182,182,159,159,159,145,145,145,148,148,148,136,136,136,135,135,135,132,132,132,159,159,159,163,163,163,103,103,103,103,129,129,129,119,119,119,135,135,135,125,125,125,125,136,136,136,136,131,131,131,231,231,231,231,186,186,186,186,216,216,216,216,220,220,220,220,268,268,268,290,290,290,227,227,227,227,146,146,146,186,186,186,186,123,123,123,155,155,155,160,160,160,68,68,68,176,176,176,168,168,168,206,206,206,177,177,195,195,195,162,162,162,188,188,188,201,201,201,267,267,239,239,239,245,245,245,271,271,372,372,349,349,230,230,201,201,258,258,354,354,353,353,255,255,198,198,153,153,153,104,104,104,181,181,154,154,154,136,136,208,208,272,272,282,282,267,267,267,250,250,278,278,278,295,295,295,205,205,205,210,210,210,210,191,191,191,237,237,229,229,295,295,212,212,212,133,133,133,140,140,140,357,357,357,451,451,451,404,404,408,408,428,358,358,373,373,373,212,212,213,213,167,167,262,262,239,239,198,198,197,276,267,267,257,257,181,181,181,138,138,189,189,189,246,246,246,169,169,132,132,172,172,218,218,218,246,246,246,200,200,200,181,181,167,167,177,177,198,198,231,231,231,130,130,165,165,85,85,96,96,96,147,147,147,95,95,95,100,100,100,86,86,86,90,90,90,157,157,173,173,173,164,164,164,58,58,125,125,125,116,116,137,137,137,178,178,178,178,158,158,158,158,191,191,191,191,265,265,265,254,254,254,192,192,192,250,250,250,213,213,213,208,208,208,195,195,195,151,151,151,123,123,123,145,145,145,130,130,87,87,189,189,212,212,141,141,141,145,145,145,207,207,179,179,149,149,140,140,140,131,131,131,187,187,172,172,152,152,120,120,145,145,103,103,103,159,159,159,163,163,163,129,129,145,145,105,105,123,123,123,69,69,69,114,114,114,179,179,179,207,207,157,157,154,154,185,185,185,145,145,145,174,174,174,232,232,200,200,211,167,167,148,148,131,131,152,152,162,162,152,152,71,71,163,163,245,223,223,131,131,68,68,68,67,67,67,-42,-42,-42,19,19,19,103,103,87,87,180,180,180,205,205,182,182,117,117,112,112,103,103,124,124,154,154,154,114,114,114,139,139,139,142,142,140
110,17.66000000000000014,257,233,246,246,180,180,180,158,158,90,90,98,98,167,167,164,164,203,203,203,116,116,116,116,137,137,137,137,235,235,235,235,110,110,110,134,134,134,154,154,154,154,147,147,147,147,129,129,129,129,79,79,79,106,106,106,137,137,137,137,124,124,124,124,130,130,130,130,102,102,102,142,142,150,150,150,167,167,167,167,103,103,103,178,178,178,208,208,143,143,143,143,143,143,155,155,155,170,170,170,154,154,154,136,136,136,108,108,108,93,93,93,107,107,107,112,112,112,113,113,113,126,126,126,142,142,142,91,91,91,91,61,61,61,89,89,89,116,116,116,94,94,94,94,82,82,82,82,52,52,52,159,159,159,159,140,140,140,140,175,175,175,175,156,156,156,156,215,215,215,221,221,221,176,176,176,176,183,183,183,158,158,158,158,50,50,50,92,92,92,117,117,117,59,59,59,129,129,129,113,113,113,172,172,172,125,125,94,94,94,145,145,145,187,187,187,212,212,212,208,208,271,271,271,282,282,282,297,297,365,365,332,332,226,226,172,172,200,200,261,261,260,260,221,221,184,184,183,183,183,128,128,128,180,180,145,145,145,115,115,201,201,262,262,244,244,253,253,253,255,255,273,273,273,232,232,232,193,193,193,220,220,220,220,127,127,127,224,224,225,225,297,297,188,188,188,147,147,147,141,141,141,288,288,288,377,377,377,368,368,362,362,383,332,332,326,326,326,210,210,195,195,101,101,207,207,136,136,117,117,156,205,229,229,201,201,166,166,166,161,161,155,155,155,208,208,208,151,151,108,108,115,115,189,189,189,185,185,185,200,200,200,170,170,131,131,118,118,123,123,174,174,174,84,84,130,130,46,46,78,78,78,107,107,107,104,104,104,75,75,75,50,50,50,104,104,104,88,88,164,164,164,132,132,132,46,46,102,102,102,109,109,106,106,106,158,158,158,158,129,129,129,129,202,202,202,202,234,234,234,173,173,173,135,135,135,182,182,182,186,186,186,190,190,190,203,203,203,125,125,125,96,96,96,119,119,119,63,63,65,65,138,138,187,187,148,148,148,55,55,55,138,138,95,95,110,110,77,77,77,92,92,92,150,150,120,120,112,112,77,77,95,95,91,91,91,175,175,175,117,117,117,121,121,119,119,84,84,83,83,83,9,9,9,55,55,55,157,157,157,167,167,131,131,126,126,130,130,130,98,98,98,161,161,161,242,242,209,209,186,144,144,121,121,127,127,138,138,138,138,146,146,88,88,129,129,140,101,101,-6,-6,26,26,26,23,23,23,-36,-36,-36,0,0,0,40,40,46,46,120,120,120,200,200,157,157,77,77,74,74,87,87,90,90,109,109,109,108,108,108,120,120,120,119,119,93
111,17.85999999999999943,302,243,251,251,167,167,167,80,80,-6,-6,39,39,68,68,71,71,83,83,83,52,52,52,52,42,42,42,42,89,89,89,89,24,24,24,16,16,16,97,97,97,97,57,57,57,57,65,65,65,65,-4,-4,-4,40,40,40,46,46,46,46,41,41,41,41,152,152,152,152,113,113,113,87,87,78,78,78,112,112,112,112,73,73,73,107,107,107,123,123,62,62,62,66,66,66,62,62,62,88,88,88,74,74,74,126,126,126,20,20,20,67,67,67,117,117,117,77,77,77,22,22,22,42,42,42,97,97,97,39,39,39,39,22,22,22,18,18,18,43,43,43,13,13,13,13,-1,-1,-1,-1,-12,-12,-12,92,92,92,92,90,90,90,90,120,120,120,120,50,50,50,50,150,150,150,174,174,174,103,103,103,103,101,101,101,106,106,106,106,7,7,7,17,17,17,50,50,50,25,25,25,68,68,68,104,104,104,98,98,98,75,75,72,72,72,111,111,111,158,158,158,164,164,164,90,90,182,182,182,209,209,209,206,206,252,252,241,241,186,186,71,71,54,54,110,110,121,121,91,91,86,86,115,115,115,83,83,83,118,118,105,105,105,109,109,154,154,219,219,143,143,188,188,188,180,180,227,227,227,186,186,186,159,159,159,134,134,134,134,69,69,69,148,148,163,163,233,233,164,164,164,123,123,123,87,87,87,206,206,206,301,301,301,285,285,225,225,248,231,231,241,241,241,170,170,140,140,42,42,134,134,96,96,38,38,137,150,159,159,158,158,118,118,118,107,107,125,125,125,119,119,119,73,73,67,67,58,58,90,90,90,124,124,124,160,160,160,119,119,55,55,46,46,112,112,148,148,148,75,75,55,55,-1,-1,25,25,25,68,68,68,67,67,67,34,34,34,47,47,47,58,58,58,29,29,93,93,93,103,103,103,37,37,42,42,42,92,92,32,32,32,122,122,122,122,88,88,88,88,117,117,117,117,142,142,142,93,93,93,104,104,104,93,93,93,119,119,119,140,140,140,170,170,170,102,102,102,23,23,23,55,55,55,4,4,12,12,92,92,148,148,94,94,94,-39,-39,-39,53,53,51,51,29,29,34,34,34,51,51,51,62,62,37,37,42,42,11,11,21,21,71,71,71,126,126,126,74,74,74,68,68,85,85,21,21,-8,-8,-8,-32,-32,-32,-5,-5,-5,94,94,94,105,105,51,51,62,62,69,69,69,58,58,58,100,100,100,169,169,181,181,117,82,82,84,84,91,91,86,86,65,65,90,90,76,76,22,22,-22,-103,-103,-76,-76,-51,-51,-51,0,0,0,-41,-41,-41,-24,-24,-24,-35,-35,-26,-26,56,56,56,128,128,87,87,18,18,31,31,34,34,49,49,68,68,68,54,54,54,51,51,51,58,58,35
112,18.05999999999999872,222,177,159,159,91,91,91,3,3,-33,-33,-70,-70,-18,-18,-14,-14,-49,-49,-49,-123,-123,-123,-123,-43,-43,-43,-43,-20,-20,-20,-20,-48,-48,-48,-62,-62,-62,56,56,56,56,-13,-13,-13,-13,-34,-34,-34,-34,-72,-72,-72,-15,-15,-15,2,2,2,2,-31,-31,-31,-31,97,97,97,97,68,68,68,36,36,32,32,32,60,60,60,60,56,56,56,60,60,60,41,41,15,15,15,-33,-33,-33,38,38,38,30,30,30,46,46,46,29,29,29,-43,-43,-43,-6,-6,-6,17,17,17,8,8,8,-33,-33,-33,-17,-17,-17,42,42,42,-20,-20,-20,-20,-43,-43,-43,-37,-37,-37,-49,-49,-49,-42,-42,-42,-42,-61,-61,-61,-61,-53,-53,-53,36,36,36,36,40,40,40,40,39,39,39,39,45,45,45,45,99,99,99,101,101,101,31,31,31,31,93,93,93,23,23,23,23,-27,-27,-27,-47,-47,-47,23,23,23,-16,-16,-16,-18,-18,-18,-18,-18,-18,62,62,62,15,15,-21,-21,-21,44,44,44,68,68,68,73,73,73,-1,-1,103,103,103,164,164,164,180,180,135,135,96,96,70,70,-17,-17,-99,-99,-32,-32,-31,-31,-10,-10,5,5,96,96,96,53,53,53,43,43,60,60,60,71,71,76,76,111,111,46,46,97,97,97,107,107,193,193,193,94,94,94,113,113,113,56,56,56,56,17,17,17,113,113,95,95,146,146,82,82,82,83,83,83,61,61,61,142,142,142,168,168,168,161,161,80,80,157,110,110,119,119,119,94,94,111,111,-4,-4,46,46,2,2,-11,-11,42,51,93,93,71,71,66,66,66,62,62,51,51,51,39,39,39,59,59,34,34,2,2,64,64,64,33,33,33,74,74,74,73,73,52,52,26,26,14,14,83,83,83,8,8,24,24,-5,-5,-28,-28,-28,5,5,5,10,10,10,42,42,42,18,18,18,34,34,34,-35,-35,48,48,48,50,50,50,25,25,12,12,12,19,19,-19,-19,-19,30,30,30,30,9,9,9,9,34,34,34,34,15,15,15,27,27,27,44,44,44,25,25,25,25,25,25,82,82,82,125,125,125,32,32,32,-34,-34,-34,5,5,5,8,8,15,15,33,33,64,64,26,26,26,-99,-99,-99,-16,-16,-14,-14,-22,-22,-16,-16,-16,16,16,16,-15,-15,-40,-40,-1,-1,-49,-49,-55,-55,28,28,28,59,59,59,37,37,37,64,64,32,32,-4,-4,-46,-46,-46,-69,-69,-69,-57,-57,-57,13,13,13,40,40,-3,-3,9,9,11,11,11,-9,-9,-9,42,42,42,82,82,100,100,32,5,5,1,1,-10,-10,18,18,3,3,24,24,38,38,-53,-53,-135,-188,-188,-173,-173,-93,-93,-93,-45,-45,-45,-26,-26,-26,-66,-66,-66,-139,-139,-107,-107,-1,-1,-1,57,57,18,18,-27,-27,-17,-17,-25,-25,-33,-33,-19,-19,-19,-2,-2,-2,-7,-7,-7,-23,-23,-18
113,18.26000000000000156,82,27,101,101,10,10,10,-47,-47,-124,-124,-108,-108,-93,-93,-66,-66,-182,-182,-182,-151,-151,-151,-151,-50,-50,-50,-50,-107,-107,-107,-107,-47,-47,-47,-155,-155,-155,-60,-60,-60,-60,-42,-42,-42,-42,-71,-71,-71,-71,-132,-132,-132,-79,-79,-79,-39,-39,-39,-39,-86,-86,-86,-86,28,28,28,28,16,16,16,13,13,-14,-14,-14,13,13,13,13,69,69,69,10,10,10,1,1,-35,-35,-35,-106,-106,-106,-54,-54,-54,-33,-33,-33,-45,-45,-45,-17,-17,-17,-69,-69,-69,-56,-56,-56,-20,-20,-20,-41,-41,-41,-89,-89,-89,-116,-116,-116,-65,-65,-65,-48,-48,-48,-48,-69,-69,-69,-90,-90,-90,-120,-120,-120,-78,-78,-78,-78,-127,-127,-127,-127,-89,-89,-89,-46,-46,-46,-46,-5,-5,-5,-5,16,16,16,16,-3,-3,-3,-3,26,26,26,34,34,34,-26,-26,-26,-26,10,10,10,-5,-5,-5,-5,-65,-65,-65,-77,-77,-77,-35,-35,-35,-49,-49,-49,-25,-25,-25,-82,-82,-82,-42,-42,-42,-15,-15,-63,-63,-63,-46,-46,-46,-24,-24,-24,-34,-34,-34,-80,-80,47,47,47,47,47,47,91,91,-41,-41,-37,-37,7,7,-146,-146,-176,-176,-109,-109,-132,-132,-94,-94,-41,-41,21,21,21,-3,-3,-3,2,2,-1,-1,-1,19,19,-25,-25,43,43,-27,-27,61,61,61,6,6,131,131,131,54,54,54,35,35,35,-34,-34,-34,-34,-48,-48,-48,21,21,49,49,122,122,77,77,77,27,27,27,41,41,41,62,62,62,79,79,79,71,71,-18,-18,4,13,13,-4,-4,-4,60,60,64,64,-48,-48,-4,-4,-15,-15,25,25,7,-45,21,21,-15,-15,-20,-20,-20,-7,-7,-30,-30,-30,-48,-48,-48,-7,-7,5,5,-59,-59,-3,-3,-3,-28,-28,-28,33,33,33,4,4,-6,-6,-27,-27,21,21,32,32,32,-8,-8,-24,-24,-14,-14,-48,-48,-48,-3,-3,-3,-5,-5,-5,-19,-19,-19,19,19,19,3,3,3,-36,-36,17,17,17,7,7,7,27,27,-15,-15,-15,-28,-28,-37,-37,-37,12,12,12,12,-51,-51,-51,-51,-10,-10,-10,-10,-24,-24,-24,-4,-4,-4,1,1,1,-20,-20,-20,-38,-38,-38,32,32,32,47,47,47,8,8,8,-80,-80,-80,-19,-19,-19,-13,-13,2,2,15,15,5,5,2,2,2,-111,-111,-111,-65,-65,-37,-37,-62,-62,-57,-57,-57,-19,-19,-19,-60,-60,-76,-76,-54,-54,-57,-57,-40,-40,18,18,18,1,1,1,4,4,4,-2,-2,25,25,-19,-19,-54,-54,-54,-67,-67,-67,-51,-51,-51,-15,-15,-15,-13,-13,-26,-26,-18,-18,-47,-47,-47,-53,-53,-53,-5,-5,-5,2,2,23,23,-51,-50,-50,-47,-47,-64,-64,-49,-49,-42,-42,-34,-34,-20,-20,-87,-87,-152,-205,-205,-157,-157,-88,-88,-88,-26,-26,-26,-9,-9,-9,-70,-70,-70,-121,-121,-141,-141,-70,-70,-70,-11,-11,-26,-26,-53,-53,-43,-43,-58,-58,-70,-70,-62,-62,-62,-67,-67,-67,-49,-49,-49,-66,-66,-56
114,18.46000000000000085,14,-41,-28,-28,-56,-56,-56,-102,-102,-163,-163,-140,-140,-138,-138,-136,-136,-184,-184,-184,-111,-111,-111,-111,-93,-93,-93,-93,-125,-125,-125,-125,-64,-64,-64,-162,-162,-162,-138,-138,-138,-138,-65,-65,-65,-65,-95,-95,-95,-95,-126,-126,-126,-55,-55,-55,-58,-58,-58,-58,-129,-129,-129,-129,-2,-2,-2,-2,-11,-11,-11,-65,-65,-35,-35,-35,-19,-19,-19,-19,8,8,8,-31,-31,-31,-54,-54,-88,-88,-88,-97,-97,-97,-110,-110,-110,-101,-101,-101,-145,-145,-145,-72,-72,-72,-82,-82,-82,-73,-73,-73,-35,-35,-35,-78,-78,-78,-124,-124,-124,-138,-138,-138,-82,-82,-82,-80,-80,-80,-80,-88,-88,-88,-136,-136,-136,-135,-135,-135,-139,-139,-139,-139,-144,-144,-144,-144,-109,-109,-109,-95,-95,-95,-95,-55,-55,-55,-55,-7,-7,-7,-7,-18,-18,-18,-18,-31,-31,-31,-69,-69,-69,-85,-85,-85,-85,-42,-42,-42,-41,-41,-41,-41,-98,-98,-98,-113,-113,-113,-93,-93,-93,-95,-95,-95,-104,-104,-104,-68,-68,-68,-85,-85,-85,-59,-59,-81,-81,-81,-107,-107,-107,-111,-111,-111,-132,-132,-132,-86,-86,12,12,12,12,12,12,-1,-1,-128,-128,-62,-62,-50,-50,-131,-131,-170,-170,-128,-128,-194,-194,-126,-126,-52,-52,23,23,23,-29,-29,-29,-55,-55,-29,-29,-29,-32,-32,-47,-47,-37,-37,-77,-77,6,6,6,-29,-29,8,8,8,-47,-47,-47,-30,-30,-30,-76,-76,-76,-76,-99,-99,-99,-20,-20,20,20,97,97,57,57,57,32,32,32,8,8,8,4,4,4,13,13,13,-9,-9,-107,-107,-98,-54,-54,-62,-62,-62,0,0,-13,-13,-49,-49,-28,-28,-13,-13,-6,-6,-23,-52,-32,-32,-20,-20,-45,-45,-45,17,17,-62,-62,-62,-96,-96,-96,-10,-10,-20,-20,-105,-105,-36,-36,-36,-47,-47,-47,-52,-52,-52,-56,-56,-20,-20,-38,-38,-38,-38,-48,-48,-48,-71,-71,-28,-28,-54,-54,-76,-76,-76,0,0,0,-5,-5,-5,-36,-36,-36,-31,-31,-31,-5,-5,-5,-4,-4,-29,-29,-29,-28,-28,-28,24,24,-44,-44,-44,-18,-18,-69,-69,-69,24,24,24,24,-99,-99,-99,-99,-63,-63,-63,-63,-104,-104,-104,-41,-41,-41,-69,-69,-69,-94,-94,-94,-84,-84,-84,8,8,8,-11,-11,-11,-11,-11,-11,-76,-76,-76,-51,-51,-51,-12,-12,-25,-25,-2,-2,-62,-62,-50,-50,-50,-101,-101,-101,-83,-83,-27,-27,-62,-62,-71,-71,-71,-66,-66,-66,-96,-96,-83,-83,-37,-37,-36,-36,-61,-61,13,13,13,26,26,26,6,6,6,3,3,-8,-8,-32,-32,-82,-82,-82,-31,-31,-31,-43,-43,-43,-29,-29,-29,-17,-17,-42,-42,-31,-31,-94,-94,-94,-65,-65,-65,-52,-52,-52,-73,-73,-60,-60,-103,-86,-86,-90,-90,-99,-99,-76,-76,-83,-83,-104,-104,-78,-78,-98,-98,-111,-108,-108,-76,-76,-37,-37,-37,14,14,14,43,43,43,-45,-45,-45,-115,-115,-114,-114,-103,-103,-103,-33,-33,-51,-51,-49,-49,-25,-25,-61,-61,-100,-100,-85,-85,-85,-77,-77,-77,-76,-76,-76,-102,-102,-87
115,18.66000000000000014,-145,-102,-152,-152,-67,-67,-67,-107,-107,-172,-172,-130,-130,-163,-163,-170,-170,-187,-187,-187,-62,-62,-62,-62,-104,-104,-104,-104,-61,-61,-61,-61,-38,-38,-38,-149,-149,-149,-155,-155,-155,-155,-88,-88,-88,-88,-37,-37,-37,-37,-84,-84,-84,-56,-56,-56,-60,-60,-60,-60,-84,-84,-84,-84,-81,-81,-81,-81,-62,-62,-62,-55,-55,-102,-102,-102,-42,-42,-42,-42,-55,-55,-55,-133,-133,-133,-63,-63,-78,-78,-78,-75,-75,-75,-124,-124,-124,-106,-106,-106,-163,-163,-163,-98,-98,-98,-100,-100,-100,-116,-116,-116,-124,-124,-124,-105,-105,-105,-138,-138,-138,-164,-164,-164,-66,-66,-66,-76,-76,-76,-76,-101,-101,-101,-117,-117,-117,-178,-178,-178,-117,-117,-117,-117,-161,-161,-161,-161,-114,-114,-114,-90,-90,-90,-90,-100,-100,-100,-100,-46,-46,-46,-46,-48,-48,-48,-48,-107,-107,-107,-138,-138,-138,-125,-125,-125,-125,-94,-94,-94,-93,-93,-93,-93,-89,-89,-89,-108,-108,-108,-103,-103,-103,-101,-101,-101,-76,-76,-76,-139,-139,-139,-128,-128,-128,-104,-104,-97,-97,-97,-130,-130,-130,-158,-158,-158,-197,-197,-197,-95,-95,-78,-78,-78,-30,-30,-30,-56,-56,-199,-199,-93,-93,-81,-81,-144,-144,-127,-127,-48,-48,-113,-113,-98,-98,-7,-7,13,13,13,-17,-17,-17,-36,-36,-64,-64,-64,-79,-79,-92,-92,-88,-88,-118,-118,-35,-35,-35,-30,-30,-49,-49,-49,-73,-73,-73,-88,-88,-88,-73,-73,-73,-73,-87,-87,-87,-42,-42,24,24,93,93,75,75,75,-1,-1,-1,-47,-47,-47,-51,-51,-51,-35,-35,-35,-72,-72,-132,-132,-150,-143,-143,-83,-83,-83,-21,-21,-49,-49,-48,-48,-85,-85,13,13,-26,-26,-35,-99,-61,-61,-3,-3,-37,-37,-37,19,19,-59,-59,-59,-89,-89,-89,-16,-16,-40,-40,-88,-88,-80,-80,-80,-58,-58,-58,-93,-93,-93,-65,-65,-75,-75,-38,-38,-30,-30,-15,-15,-15,-83,-83,-54,-54,-84,-84,-84,-84,-84,18,18,18,5,5,5,-16,-16,-16,5,5,5,-28,-28,-28,39,39,-8,-8,-8,-19,-19,-19,19,19,13,13,13,-30,-30,-31,-31,-31,-35,-35,-35,-35,-113,-113,-113,-113,-98,-98,-98,-98,-107,-107,-107,-74,-74,-74,-83,-83,-83,-59,-59,-59,-84,-84,-84,-25,-25,-25,-40,-40,-40,-29,-29,-29,-51,-51,-51,-41,-41,-41,-24,-24,-38,-38,-48,-48,-105,-105,-79,-79,-79,-64,-64,-64,-65,-65,-24,-24,-53,-53,-50,-50,-50,-83,-83,-83,-98,-98,-60,-60,-13,-13,-1,-1,-22,-22,-25,-25,-25,-47,-47,-47,2,2,2,10,10,-3,-3,-39,-39,-51,-51,-51,-14,-14,-14,-9,-9,-9,-22,-22,-22,-24,-24,-43,-43,-17,-17,-60,-60,-60,-81,-81,-81,-43,-43,-43,-98,-98,-68,-68,-116,-96,-96,-96,-96,-70,-70,-46,-46,-29,-29,-115,-115,-102,-102,-82,-82,-25,44,44,43,43,44,44,44,76,76,76,140,140,140,-14,-14,-14,-59,-59,-69,-69,-93,-93,-93,-33,-33,-43,-43,-43,-43,-5,-5,-23,-23,-45,-45,-65,-65,-65,-83,-83,-83,-85,-85,-85,-91,-91,-78
116,18.85999999999999943,-209,-164,-163,-163,-94,-94,-94,-137,-137,-134,-134,-118,-118,-193,-193,-184,-184,-156,-156,-156,9,9,9,9,-66,-66,-66,-66,27,27,27,27,81,81,81,-47,-47,-47,-129,-129,-129,-129,-97,-97,-97,-97,-12,-12,-12,-12,5,5,5,-4,-4,-4,-48,-48,-48,-48,-74,-74,-74,-74,-117,-117,-117,-117,-125,-125,-125,-69,-69,-123,-123,-123,-83,-83,-83,-83,-75,-75,-75,-162,-162,-162,-100,-100,-75,-75,-75,-62,-62,-62,-83,-83,-83,-92,-92,-92,-157,-157,-157,-85,-85,-85,-102,-102,-102,-102,-102,-102,-80,-80,-80,-98,-98,-98,-87,-87,-87,-112,-112,-112,-79,-79,-79,-68,-68,-68,-68,-95,-95,-95,-88,-88,-88,-150,-150,-150,-118,-118,-118,-118,-123,-123,-123,-123,-86,-86,-86,-106,-106,-106,-106,-110,-110,-110,-110,-96,-96,-96,-96,-77,-77,-77,-77,-151,-151,-151,-145,-145,-145,-131,-131,-131,-131,-82,-82,-82,-106,-106,-106,-106,-67,-67,-67,-85,-85,-85,-106,-106,-106,-125,-125,-125,-99,-99,-99,-122,-122,-122,-152,-152,-152,-96,-96,-45,-45,-45,-110,-110,-110,-208,-208,-208,-211,-211,-211,-127,-127,-71,-71,-71,-38,-38,-38,-128,-128,-212,-212,-70,-70,-72,-72,-98,-98,-61,-61,19,19,-45,-45,-46,-46,32,32,23,23,23,-42,-42,-42,-58,-58,-68,-68,-68,-84,-84,-96,-96,-150,-150,-132,-132,-87,-87,-87,-62,-62,-88,-88,-88,-91,-91,-91,-100,-100,-100,-83,-83,-83,-83,-74,-74,-74,-22,-22,56,56,129,129,81,81,81,-39,-39,-39,-111,-111,-111,-142,-142,-142,-47,-47,-47,-85,-85,-128,-128,-165,-131,-131,-171,-171,-171,-110,-110,-86,-86,-15,-15,-78,-78,23,23,9,9,-44,-115,-61,-61,-10,-10,-32,-32,-32,31,31,-47,-47,-47,-86,-86,-86,-27,-27,-31,-31,-76,-76,-55,-55,-55,-79,-79,-79,-130,-130,-130,-86,-86,-47,-47,-4,-4,-10,-10,-45,-45,-45,-73,-73,-11,-11,-71,-71,-64,-64,-64,21,21,21,-3,-3,-3,3,3,3,-17,-17,-17,32,32,32,53,53,13,13,13,-4,-4,-4,20,20,-9,-9,-9,15,15,-2,-2,-2,9,9,9,9,-84,-84,-84,-84,-102,-102,-102,-102,-136,-136,-136,-87,-87,-87,-100,-100,-100,-24,-24,-24,-61,-61,-61,37,37,37,-69,-69,-69,-28,-28,-28,-21,-21,-21,-53,-53,-53,-19,-19,-46,-46,-41,-41,-112,-112,-107,-107,-107,9,9,9,-28,-28,-22,-22,-23,-23,-13,-13,-13,-49,-49,-49,-82,-82,-54,-54,-13,-13,30,30,20,20,-51,-51,-51,-48,-48,-48,-2,-2,-2,-13,-13,-12,-12,-39,-39,-53,-53,-53,13,13,13,28,28,28,-8,-8,-8,-27,-27,-27,-27,-21,-21,-57,-57,-57,-69,-69,-69,-26,-26,-26,-50,-50,-82,-82,-112,-102,-102,-70,-70,-46,-46,-11,-11,-8,-8,-88,-88,-84,-84,19,19,97,140,140,107,107,61,61,61,139,139,139,178,178,178,14,14,14,-13,-13,-16,-16,-96,-96,-96,-58,-58,-37,-37,-10,-10,17,17,5,5,-13,-13,-48,-48,-48,-67,-67,-67,-76,-76,-76,-72,-72,-62
117,19.05999999999999872,-182,-128,-127,-127,-140,-140,-140,-118,-118,-55,-55,-36,-36,-103,-103,-177,-177,-44,-44,-44,59,59,59,59,20,20,20,20,122,122,122,122,137,137,137,64,64,64,-99,-99,-99,-99,-61,-61,-61,-61,27,27,27,27,79,79,79,22,22,22,-36,-36,-36,-36,-82,-82,-82,-82,-109,-109,-109,-109,-123,-123,-123,-64,-64,-148,-148,-148,-108,-108,-108,-108,-92,-92,-92,-111,-111,-111,-116,-116,-85,-85,-85,-27,-27,-27,-69,-69,-69,-45,-45,-45,-95,-95,-95,-87,-87,-87,-52,-52,-52,-82,-82,-82,-51,-51,-51,-61,-61,-61,-64,-64,-64,-60,-60,-60,-25,-25,-25,-30,-30,-30,-30,-26,-26,-26,-52,-52,-52,-79,-79,-79,-62,-62,-62,-62,-98,-98,-98,-98,-39,-39,-39,-41,-41,-41,-41,-94,-94,-94,-94,-132,-132,-132,-132,-109,-109,-109,-109,-114,-114,-114,-111,-111,-111,-69,-69,-69,-69,-103,-103,-103,-84,-84,-84,-84,-30,-30,-30,-24,-24,-24,-87,-87,-87,-76,-76,-76,-49,-49,-49,-135,-135,-135,-78,-78,-78,-3,-3,-34,-34,-34,-85,-85,-85,-175,-175,-175,-115,-115,-115,-58,-58,-79,-79,-79,-36,-36,-36,-105,-105,-146,-146,-98,-98,-89,-89,-124,-124,46,46,97,97,38,38,-8,-8,71,71,7,7,7,-55,-55,-55,-74,-74,-90,-90,-90,-59,-59,-78,-78,-138,-138,-104,-104,-53,-53,-53,-25,-25,-138,-138,-138,-61,-61,-61,-76,-76,-76,-60,-60,-60,-60,-23,-23,-23,21,21,102,102,132,132,109,109,109,-51,-51,-51,-163,-163,-163,-160,-160,-160,-70,-70,-70,-100,-100,-74,-74,-82,-79,-79,-178,-178,-178,-97,-97,-65,-65,25,25,-58,-58,59,59,31,31,-29,-80,-95,-95,21,21,32,32,32,51,51,-34,-34,-34,-68,-68,-68,6,6,39,39,-30,-30,-61,-61,-61,-67,-67,-67,-106,-106,-106,-67,-67,-46,-46,4,4,-10,-10,-32,-32,-32,-96,-96,-40,-40,-19,-19,-37,-37,-37,34,34,34,50,50,50,68,68,68,40,40,40,58,58,58,77,77,49,49,49,0,0,0,33,33,16,16,16,43,43,28,28,28,58,58,58,58,-63,-63,-63,-63,-42,-42,-42,-42,-100,-100,-100,-47,-47,-47,-64,-64,-64,-11,-11,-11,1,1,1,30,30,30,-54,-54,-54,-32,-32,-32,31,31,31,-27,-27,-27,-10,-10,-55,-55,-64,-64,-64,-64,-88,-88,-88,39,39,39,-28,-28,11,11,13,13,33,33,33,-36,-36,-36,-70,-70,-22,-22,39,39,64,64,57,57,-68,-68,-68,-70,-70,-70,-24,-24,-24,2,2,0,0,-33,-33,-33,-33,-33,13,13,13,45,45,45,20,20,20,-34,-34,-16,-16,-8,-8,-28,-28,-28,-37,-37,-37,1,1,1,3,3,-59,-59,-63,-56,-56,-20,-20,-2,-2,-1,-1,29,29,-24,-24,-26,-26,71,71,115,154,154,123,123,69,69,69,143,143,143,155,155,155,19,19,19,-16,-16,-10,-10,-79,-79,-79,-75,-75,-41,-41,-2,-2,28,28,30,30,14,14,-10,-10,-10,-46,-46,-46,-35,-35,-35,-43,-43,-47
118,19.26000000000000156,-132,-51,-65,-65,-50,-50,-50,-33,-33,-7,-7,40,40,23,23,-15,-15,76,76,76,88,88,88,88,73,73,73,73,183,183,183,183,264,264,264,187,187,187,-13,-13,-13,-13,45,45,45,45,75,75,75,75,155,155,155,62,62,62,-6,-6,-6,-6,-8,-8,-8,-8,-47,-47,-47,-47,-62,-62,-62,6,6,-40,-40,-40,-50,-50,-50,-50,-88,-88,-88,-78,-78,-78,-1,-1,-17,-17,-17,42,42,42,4,4,4,12,12,12,-56,-56,-56,13,13,13,11,11,11,6,6,6,-19,-19,-19,28,28,28,25,25,25,12,12,12,-8,-8,-8,-18,-18,-18,-18,4,4,4,23,23,23,-3,-3,-3,-28,-28,-28,-28,-37,-37,-37,-37,28,28,28,3,3,3,3,-39,-39,-39,-39,-71,-71,-71,-71,-87,-87,-87,-87,-50,-50,-50,-29,-29,-29,-30,-30,-30,-30,-84,-84,-84,-34,-34,-34,-34,30,30,30,47,47,47,4,4,4,-44,-44,-44,-49,-49,-49,-30,-30,-30,27,27,27,71,71,69,69,69,-29,-29,-29,-104,-104,-104,-56,-56,-56,-27,-27,-13,-13,-13,5,5,5,-55,-55,-66,-66,-148,-148,-60,-60,-38,-38,42,42,148,148,101,101,44,44,82,82,48,48,48,-20,-20,-20,-48,-48,-59,-59,-59,2,2,4,4,-96,-96,-36,-36,6,6,6,27,27,-47,-47,-47,7,7,7,-29,-29,-29,-16,-16,-16,-16,50,50,50,87,87,120,120,163,163,114,114,114,-66,-66,-66,-151,-151,-151,-202,-202,-202,-1,-1,-1,-56,-56,9,9,8,-22,-22,-115,-115,-115,-56,-56,-41,-41,54,54,-4,-4,77,77,88,88,26,12,-38,-38,61,61,64,64,64,111,111,32,32,32,-38,-38,-38,44,44,68,68,39,39,70,70,70,-75,-75,-75,-98,-98,-98,-11,-11,5,5,50,50,35,35,-47,-47,-47,-42,-42,-34,-34,15,15,22,22,22,91,91,91,81,81,81,72,72,72,110,110,110,79,79,79,96,96,61,61,61,38,38,38,33,33,20,20,20,85,85,81,81,81,86,86,86,86,-2,-2,-2,-2,19,19,19,19,-37,-37,-37,-4,-4,-4,-5,-5,-5,80,80,80,100,100,100,67,67,67,-47,-47,-47,-2,-2,-2,85,85,85,21,21,21,53,53,10,10,8,8,29,29,-32,-32,-32,51,51,51,29,29,42,42,53,53,86,86,86,15,15,15,-9,-9,31,31,79,79,92,92,107,107,-27,-27,-27,-34,-34,-34,-21,-21,-21,45,45,35,35,-3,-3,-3,-3,-3,24,24,24,69,69,69,22,22,22,-31,-31,18,18,35,35,18,18,18,9,9,9,32,32,32,-2,-2,-3,-3,6,19,19,36,36,35,35,32,32,66,66,40,40,67,67,104,104,132,132,132,111,111,114,114,114,145,145,145,140,140,140,13,13,13,-38,-38,-19,-19,-78,-78,-78,-52,-52,-23,-23,18,18,36,36,73,73,34,34,39,39,39,11,11,11,13,13,13,7,7,3
119,19.46000000000000085,-46,65,21,21,60,60,60,54,54,150,150,125,125,134,134,81,81,163,163,163,111,111,111,111,152,152,152,152,275,275,275,275,338,338,338,293,293,293,111,111,111,111,117,117,117,117,144,144,144,144,180,180,180,138,138,138,69,69,69,69,110,110,110,110,-7,-7,-7,-7,14,14,14,81,81,74,74,74,48,48,48,48,1,1,1,25,25,25,43,43,51,51,51,126,126,126,127,127,127,134,134,134,86,86,86,43,43,43,104,104,104,85,85,85,95,95,95,70,70,70,126,126,126,104,104,104,88,88,88,70,70,70,70,68,68,68,95,95,95,48,48,48,69,69,69,69,67,67,67,67,119,119,119,81,81,81,81,62,62,62,62,-13,-13,-13,-13,-26,-26,-26,-26,82,82,82,94,94,94,67,67,67,67,26,26,26,80,80,80,80,121,121,121,159,159,159,89,89,89,43,43,43,44,44,44,50,50,50,125,125,125,170,170,144,144,144,74,74,74,47,47,47,32,32,32,51,51,-4,-4,-4,34,34,34,19,19,38,38,-67,-67,-18,-18,7,7,24,24,134,134,160,160,73,73,87,87,135,135,135,12,12,12,-2,-2,0,0,0,51,51,66,66,14,14,45,45,57,57,57,128,128,5,5,5,130,130,130,81,81,81,56,56,56,56,113,113,113,162,162,151,151,182,182,105,105,105,4,4,4,-98,-98,-98,-147,-147,-147,61,61,61,48,48,112,112,157,114,114,18,18,18,2,2,94,94,139,139,101,101,142,142,140,140,66,53,58,58,122,122,138,138,138,140,140,129,129,129,56,56,56,59,59,119,119,112,112,89,89,89,18,18,18,-25,-25,-25,59,59,92,92,147,147,118,118,57,57,57,35,35,47,47,119,119,85,85,85,124,124,124,120,120,120,101,101,101,127,127,127,134,134,134,107,107,81,81,81,69,69,69,100,100,81,81,81,123,123,109,109,109,135,135,135,135,87,87,87,87,109,109,109,109,44,44,44,89,89,89,76,76,76,143,143,143,157,157,157,140,140,140,50,50,50,39,39,39,138,138,138,99,99,99,129,129,116,116,81,81,142,142,41,41,41,82,82,82,66,66,104,104,128,128,160,160,160,96,96,96,90,90,89,89,116,116,145,145,144,144,47,47,47,19,19,19,67,67,67,94,94,101,101,75,75,69,69,69,68,68,68,88,88,88,81,81,81,13,13,90,90,72,72,67,67,67,81,81,81,83,83,83,95,95,90,90,120,128,128,106,106,82,82,90,90,148,148,113,113,162,162,152,152,136,81,81,122,122,125,125,125,136,136,136,130,130,130,-7,-7,-7,-32,-32,5,5,-3,-3,-3,-2,-2,24,24,35,35,66,66,106,106,76,76,55,55,55,77,77,77,66,66,66,71,71,52
120,19.66000000000000014,116,160,140,140,133,133,133,193,193,228,228,215,215,223,223,197,197,240,240,240,196,196,196,196,224,224,224,224,295,295,295,295,322,322,322,312,312,312,155,155,155,155,187,187,187,187,163,163,163,163,204,204,204,231,231,231,130,130,130,130,154,154,154,154,63,63,63,63,115,115,115,193,193,202,202,202,153,153,153,153,61,61,61,147,147,147,154,154,152,152,152,182,182,182,159,159,159,216,216,216,204,204,204,168,168,168,170,170,170,191,191,191,197,197,197,172,172,172,220,220,220,204,204,204,169,169,169,175,175,175,175,173,173,173,175,175,175,160,160,160,157,157,157,157,160,160,160,160,203,203,203,177,177,177,177,145,145,145,145,95,95,95,95,127,127,127,127,207,207,207,223,223,223,178,178,178,178,122,122,122,188,188,188,188,222,222,222,250,250,250,162,162,162,186,186,186,111,111,111,172,172,172,198,198,198,231,231,233,233,233,180,180,180,164,164,164,100,100,100,44,44,49,49,49,78,78,78,93,93,113,113,53,53,107,107,100,100,92,92,110,110,226,226,145,145,132,132,175,175,175,83,83,83,82,82,52,52,52,110,110,145,145,150,150,144,144,178,178,178,229,229,116,116,116,184,184,184,168,168,168,171,171,171,171,234,234,234,221,221,189,189,188,188,121,121,121,64,64,64,22,22,22,-67,-67,-67,129,129,129,156,156,221,221,247,237,237,157,157,157,192,192,206,206,232,232,243,243,237,237,203,203,139,217,153,153,154,154,223,223,223,236,236,158,158,158,161,161,161,79,79,166,166,187,187,202,202,202,131,131,131,69,69,69,141,141,164,164,217,217,197,197,154,154,154,163,163,119,119,177,177,166,166,166,201,201,201,153,153,153,119,119,119,185,185,185,152,152,152,124,124,107,107,107,158,158,158,151,151,121,121,121,185,185,176,176,176,150,150,150,150,146,146,146,146,186,186,186,186,163,163,163,207,207,207,165,165,165,211,211,211,235,235,235,184,184,184,141,141,141,159,159,159,192,192,192,203,203,203,233,233,191,191,161,161,241,241,162,162,162,130,130,130,115,115,159,159,191,191,230,230,230,187,187,187,179,179,167,167,174,174,179,179,201,201,138,138,138,84,84,84,141,141,141,158,158,162,162,168,168,129,129,129,126,126,126,143,143,143,136,136,136,100,100,146,146,158,158,142,142,142,163,163,163,143,143,143,191,191,158,158,213,216,216,184,184,178,178,126,126,146,146,182,182,210,210,168,168,130,68,68,114,114,149,149,149,167,167,167,148,148,148,18,18,18,7,7,55,55,74,74,74,84,84,91,91,113,113,105,105,137,137,133,133,106,106,106,130,130,130,124,124,124,141,141,121
121,19.85999999999999943,174,178,172,172,214,214,214,295,295,211,211,282,282,267,267,301,301,272,272,272,179,179,179,179,193,193,193,193,254,254,254,254,270,270,270,329,329,329,264,264,264,264,247,247,247,247,238,238,238,238,218,218,218,255,255,255,184,184,184,184,223,223,223,223,148,148,148,148,218,218,218,211,211,321,321,321,254,254,254,254,209,209,209,241,241,241,221,221,232,232,232,250,250,250,262,262,262,276,276,276,272,272,272,237,237,237,239,239,239,264,264,264,285,285,285,253,253,253,268,268,268,292,292,292,252,252,252,247,247,247,247,247,247,247,258,258,258,269,269,269,235,235,235,235,267,267,267,267,251,251,251,203,203,203,203,219,219,219,219,207,207,207,207,205,205,205,205,307,307,307,313,313,313,310,310,310,310,260,260,260,297,297,297,297,293,293,293,294,294,294,268,268,268,252,252,252,235,235,235,262,262,262,269,269,269,260,260,293,293,293,310,310,310,283,283,283,157,157,157,144,144,84,84,84,66,66,66,181,181,216,216,180,180,162,162,170,170,142,142,151,151,278,278,237,237,161,161,226,226,226,156,156,156,164,164,178,178,178,154,154,215,215,242,242,276,276,292,292,292,280,280,242,242,242,244,244,244,252,252,252,268,268,268,268,341,341,341,268,268,208,208,183,183,165,165,165,135,135,135,134,134,134,3,3,3,201,201,201,239,239,298,298,339,341,341,361,361,361,250,250,322,322,322,322,384,384,298,298,283,283,238,278,245,245,195,195,280,280,280,281,281,258,258,258,241,241,241,134,134,193,193,264,264,277,277,277,222,222,222,181,181,181,227,227,234,234,297,297,276,276,253,253,253,208,208,182,182,262,262,261,261,261,241,241,241,220,220,220,228,228,228,205,205,205,186,186,186,148,148,145,145,145,192,192,192,207,207,166,166,166,224,224,185,185,185,229,229,229,229,255,255,255,255,250,250,250,250,242,242,242,246,246,246,201,201,201,247,247,247,259,259,259,240,240,240,217,217,217,218,218,218,220,220,220,274,274,274,269,269,270,270,214,214,281,281,263,263,263,196,196,196,179,179,197,197,200,200,279,279,279,252,252,252,252,252,201,201,207,207,174,174,236,236,210,210,210,161,161,161,212,212,212,203,203,201,201,217,217,223,223,223,196,196,196,221,221,221,178,178,178,168,168,191,191,221,221,193,193,193,220,220,220,238,238,238,232,232,248,248,284,301,301,273,273,233,233,205,205,195,195,220,220,210,210,175,175,128,98,98,124,124,170,170,170,167,167,167,126,126,126,81,81,81,87,87,114,114,129,129,129,154,154,164,164,170,170,158,158,184,184,143,143,159,159,159,168,168,168,166,166,166,163,163,172
122,20.06000000000000227,230,222,257,257,205,205,205,236,236,308,308,294,294,321,321,305,305,295,295,295,149,149,149,149,168,168,168,168,199,199,199,199,191,191,191,258,258,258,278,278,278,278,204,204,204,204,241,241,241,241,226,226,226,197,197,197,280,280,280,280,229,229,229,229,260,260,260,260,242,242,242,247,247,351,351,351,324,324,324,324,270,270,270,276,276,276,275,275,273,273,273,256,256,256,326,326,326,310,310,310,314,314,314,273,273,273,281,281,281,274,274,274,315,315,315,272,272,272,311,311,311,257,257,257,222,222,222,264,264,264,264,264,264,264,281,281,281,287,287,287,286,286,286,286,314,314,314,314,306,306,306,246,246,246,246,265,265,265,265,261,261,261,261,282,282,282,282,345,345,345,373,373,373,356,356,356,356,303,303,303,326,326,326,326,348,348,348,326,326,326,295,295,295,289,289,289,282,282,282,273,273,273,310,310,310,302,302,319,319,319,326,326,326,338,338,338,250,250,250,165,165,98,98,98,103,103,103,201,201,341,341,361,361,257,257,277,277,234,234,171,171,312,312,265,265,180,180,270,270,270,241,241,241,266,266,256,256,256,229,229,268,268,328,328,360,360,356,356,356,300,300,295,295,295,298,298,298,313,313,313,351,351,351,351,364,364,364,262,262,220,220,163,163,172,172,172,229,229,229,220,220,220,93,93,93,240,240,240,292,292,388,388,378,405,405,455,455,455,359,359,389,389,364,364,446,446,346,346,301,301,292,272,257,257,228,228,288,288,288,292,292,289,289,289,294,294,294,198,198,253,253,297,297,308,308,308,243,243,243,255,255,255,258,258,293,293,304,304,287,287,300,300,300,289,289,244,244,284,284,318,318,318,305,305,305,247,247,247,244,244,244,241,241,241,207,207,207,230,230,209,209,209,261,261,261,242,242,217,217,217,274,274,208,208,208,253,253,253,253,286,286,286,286,301,301,301,301,308,308,308,333,333,333,271,271,271,278,278,278,317,317,317,281,281,281,299,299,299,284,284,284,290,290,290,302,302,302,322,322,298,298,240,240,261,261,307,307,307,238,238,238,215,215,214,214,174,174,277,277,277,261,261,261,292,292,242,242,216,216,188,188,221,221,231,231,231,219,219,219,245,245,245,257,257,224,224,260,260,271,271,271,204,204,204,225,225,225,210,210,210,208,208,196,196,216,216,227,227,227,256,256,256,262,262,262,257,257,290,290,302,322,322,300,300,251,251,238,238,223,223,220,220,226,226,167,167,100,96,96,121,121,182,182,182,122,122,122,119,119,119,129,129,129,137,137,151,151,193,193,193,199,199,232,232,217,217,181,181,197,197,180,180,192,192,192,198,198,198,169,169,169,203,203,189
123,20.26000000000000156,273,196,243,243,215,215,215,250,250,267,267,222,222,241,241,286,286,214,214,214,124,124,124,124,85,85,85,85,84,84,84,84,57,57,57,167,167,167,268,268,268,268,257,257,257,257,272,272,272,272,156,156,156,141,141,141,250,250,250,250,236,236,236,236,283,283,283,283,275,275,275,224,224,353,353,353,327,327,327,327,263,263,263,323,323,323,283,283,247,247,247,252,252,252,317,317,317,295,295,295,249,249,249,285,285,285,263,263,263,276,276,276,310,310,310,280,280,280,281,281,281,259,259,259,205,205,205,251,251,251,251,232,232,232,219,219,219,255,255,255,260,260,260,260,289,289,289,289,298,298,298,248,248,248,248,285,285,285,285,300,300,300,300,289,289,289,289,281,281,281,353,353,353,363,363,363,363,293,293,293,341,341,341,341,363,363,363,317,317,317,245,245,245,301,301,301,291,291,291,287,287,287,343,343,343,294,294,330,330,330,314,314,314,317,317,317,266,266,266,193,193,105,105,105,102,102,102,214,214,293,293,382,382,243,243,266,266,228,228,176,176,289,289,284,284,224,224,335,335,335,276,276,276,310,310,298,298,298,274,274,306,306,355,355,389,389,413,413,413,326,326,329,329,329,317,317,317,336,336,336,377,377,377,377,374,374,374,273,273,204,204,135,135,197,197,197,260,260,260,254,254,254,149,149,149,240,240,240,343,343,419,419,405,387,387,490,490,490,342,342,387,387,345,345,410,410,336,336,325,325,336,248,182,182,208,208,275,275,275,297,297,289,289,289,312,312,312,240,240,250,250,306,306,310,310,310,277,277,277,286,286,286,269,269,277,277,296,296,279,279,269,269,269,284,284,272,272,310,310,346,346,346,301,301,301,260,260,260,236,236,236,265,265,265,234,234,234,235,235,253,253,253,299,299,299,252,252,282,282,282,289,289,229,229,229,260,260,260,260,296,296,296,296,311,311,311,311,313,313,313,338,338,338,307,307,307,294,294,294,321,321,321,280,280,280,289,289,289,294,294,294,279,279,279,290,290,290,309,309,264,264,230,230,216,216,314,314,314,269,269,269,230,230,180,180,137,137,256,256,256,290,290,290,243,243,213,213,191,191,169,169,201,201,222,222,222,231,231,231,223,223,223,226,226,179,179,258,258,246,246,246,210,210,210,216,216,216,191,191,191,197,197,177,177,157,157,202,202,202,257,257,257,258,258,258,266,266,299,299,265,307,307,301,301,250,250,263,263,213,213,197,197,205,205,115,115,29,39,39,84,84,116,116,116,72,72,72,75,75,75,127,127,127,146,146,132,132,211,211,211,212,212,234,234,204,204,155,155,185,185,185,185,183,183,183,186,186,186,178,178,178,186,186,178
124,20.46000000000000085,262,153,215,215,175,175,175,208,208,195,195,129,129,175,175,201,201,108,108,108,50,50,50,50,31,31,31,31,3,3,3,3,2,2,2,72,72,72,214,214,214,214,192,192,192,192,176,176,176,176,90,90,90,46,46,46,200,200,200,200,203,203,203,203,285,285,285,285,209,209,209,170,170,311,311,311,258,258,258,258,253,253,253,279,279,279,246,246,215,215,215,197,197,197,239,239,239,267,267,267,216,216,216,224,224,224,244,244,244,200,200,200,239,239,239,227,227,227,206,206,206,179,179,179,128,128,128,167,167,167,167,186,186,186,117,117,117,201,201,201,169,169,169,169,240,240,240,240,259,259,259,216,216,216,216,271,271,271,271,303,303,303,303,261,261,261,261,203,203,203,257,257,257,317,317,317,317,230,230,230,239,239,239,239,296,296,296,295,295,295,237,237,237,237,237,237,226,226,226,296,296,296,241,241,241,216,216,272,272,272,286,286,286,289,289,289,241,241,241,158,158,148,148,148,130,130,130,125,125,305,305,362,362,235,235,249,249,185,185,157,157,238,238,240,240,237,237,310,310,310,234,234,234,292,292,290,290,290,300,300,288,288,314,314,359,359,382,382,382,280,280,272,272,272,284,284,284,267,267,267,343,343,343,343,312,312,312,175,175,138,138,95,95,182,182,182,282,282,282,250,250,250,212,212,212,235,235,235,328,328,402,402,347,325,325,419,419,419,298,298,342,342,273,273,361,361,294,294,309,309,308,176,86,86,173,173,205,205,205,222,222,237,237,237,297,297,297,243,243,226,226,225,225,270,270,270,230,230,230,289,289,289,279,279,272,272,243,243,239,239,233,233,233,267,267,223,223,255,255,280,280,280,258,258,258,229,229,229,253,253,253,221,221,221,204,204,204,220,220,206,206,206,250,250,250,248,248,263,263,263,280,280,215,215,215,192,192,192,192,277,277,277,277,265,265,265,265,304,304,304,343,343,343,293,293,293,310,310,310,304,304,304,261,261,261,257,257,257,284,284,284,242,242,242,273,273,273,261,261,215,215,139,139,128,128,231,231,231,235,235,235,208,208,115,115,90,90,207,207,207,215,215,215,194,194,190,190,159,159,125,125,131,131,175,175,175,187,187,187,173,173,173,171,171,118,118,173,173,183,183,183,155,155,155,174,174,174,185,185,185,149,149,110,110,111,111,171,171,171,230,230,230,205,205,205,224,224,233,233,202,252,252,242,242,208,208,198,198,141,141,184,184,158,158,65,65,-24,-9,-9,7,7,81,81,81,21,21,21,15,15,15,100,100,100,119,119,107,107,198,198,198,202,202,203,203,180,180,140,140,154,154,140,140,134,134,134,162,162,162,125,125,125,135,135,146
125,20.66000000000000014,192,96,138,138,134,134,134,158,158,86,86,69,69,67,67,136,136,59,59,59,25,25,25,25,-31,-31,-31,-31,-60,-60,-60,-60,-83,-83,-83,-51,-51,-51,86,86,86,86,45,45,45,45,129,129,129,129,54,54,54,18,18,18,120,120,120,120,127,127,127,127,241,241,241,241,162,162,162,98,98,228,228,228,211,211,211,211,179,179,179,202,202,202,198,198,170,170,170,159,159,159,164,164,164,163,163,163,159,159,159,192,192,192,147,147,147,150,150,150,145,145,145,163,163,163,112,112,112,121,121,121,59,59,59,124,124,124,124,141,141,141,53,53,53,90,90,90,117,117,117,117,172,172,172,172,202,202,202,150,150,150,150,219,219,219,219,241,241,241,241,224,224,224,224,136,136,136,201,201,201,225,225,225,225,186,186,186,199,199,199,199,174,174,174,184,184,184,133,133,133,154,154,154,181,181,181,194,194,194,130,130,130,103,103,175,175,175,183,183,183,215,215,215,242,242,242,226,226,97,97,97,89,89,89,108,108,195,195,246,246,169,169,156,156,115,115,137,137,180,180,230,230,210,210,251,251,251,238,238,238,236,236,257,257,257,268,268,214,214,249,249,262,262,285,285,285,242,242,257,257,257,201,201,201,225,225,225,264,264,264,264,272,272,272,105,105,90,90,20,20,125,125,125,241,241,241,240,240,240,233,233,233,160,160,160,273,273,305,305,236,249,249,356,356,356,268,268,295,295,208,208,249,249,240,240,251,251,273,60,92,92,131,131,116,116,116,181,181,177,177,177,247,247,247,191,191,185,185,201,201,226,226,226,172,172,172,233,233,233,205,205,201,201,147,147,154,154,206,206,206,187,187,184,184,190,190,210,210,210,196,196,196,156,156,156,165,165,165,191,191,191,173,173,173,175,175,201,201,201,240,240,240,182,182,212,212,212,228,228,157,157,157,150,150,150,150,233,233,233,233,231,231,231,231,283,283,283,283,283,283,207,207,207,244,244,244,274,274,274,249,249,249,218,218,218,234,234,234,173,173,173,219,219,219,161,161,115,115,84,84,48,48,151,151,151,151,151,151,136,136,110,110,89,89,177,177,177,153,153,153,120,120,121,121,102,102,63,63,97,97,149,149,149,137,137,137,130,130,130,119,119,75,75,102,102,127,127,127,126,126,126,141,141,141,157,157,157,131,131,80,80,94,94,147,147,147,183,183,183,165,165,165,186,186,174,174,134,165,165,148,148,131,131,128,128,74,74,110,110,113,113,20,20,-55,-27,-27,-17,-17,33,33,33,-7,-7,-7,-11,-11,-11,42,42,42,61,61,64,64,153,153,153,170,170,175,175,145,145,118,118,113,113,120,120,109,109,109,116,116,116,87,87,87,101,101,108
126,20.85999999999999943,155,45,71,71,116,116,116,14,14,17,17,34,34,10,10,-6,-6,36,36,36,28,28,28,28,-41,-41,-41,-41,-53,-53,-53,-53,-121,-121,-121,-134,-134,-134,-24,-24,-24,-24,11,11,11,11,48,48,48,48,28,28,28,46,46,46,105,105,105,105,71,71,71,71,190,190,190,190,119,119,119,48,48,162,162,162,121,121,121,121,125,125,125,139,139,139,99,99,113,113,113,131,131,131,115,115,115,89,89,89,100,100,100,127,127,127,127,127,127,83,83,83,101,101,101,78,78,78,50,50,50,31,31,31,24,24,24,82,82,82,82,48,48,48,-1,-1,-1,58,58,58,56,56,56,56,114,114,114,114,132,132,132,84,84,84,84,161,161,161,161,232,232,232,232,171,171,171,171,116,116,116,133,133,133,169,169,169,169,135,135,135,142,142,142,142,144,144,144,136,136,136,103,103,103,92,92,92,134,134,134,201,201,201,92,92,92,43,43,100,100,100,143,143,143,126,126,126,160,160,160,194,194,57,57,57,92,92,92,42,42,93,93,184,184,80,80,68,68,88,88,82,82,110,110,169,169,212,212,194,194,194,134,134,134,168,168,190,190,190,201,201,166,166,176,176,169,169,141,141,141,181,181,176,176,176,129,129,129,177,177,177,203,203,203,203,186,186,186,73,73,39,39,10,10,61,61,61,191,191,191,186,186,186,252,252,252,141,141,141,198,198,234,234,203,165,165,287,287,287,231,231,239,239,173,173,188,188,192,192,188,188,230,59,21,21,110,110,57,57,57,139,139,113,113,113,189,189,189,170,170,121,121,138,138,211,211,211,119,119,119,173,173,173,153,153,131,131,104,104,124,124,159,159,159,163,163,144,144,128,128,145,145,145,162,162,162,114,114,114,136,136,136,158,158,158,94,94,94,119,119,145,145,145,196,196,196,145,145,144,144,144,180,180,135,135,135,98,98,98,98,187,187,187,187,184,184,184,184,209,209,209,217,217,217,156,156,156,189,189,189,173,173,173,175,175,175,164,164,164,151,151,151,115,115,115,181,181,181,90,90,9,9,30,30,24,24,84,84,84,87,87,87,70,70,71,71,74,74,144,144,144,104,104,104,92,92,80,80,74,74,32,32,52,52,93,93,93,78,78,78,90,90,90,90,90,13,13,47,47,93,93,93,104,104,104,143,143,143,139,139,139,107,107,26,26,65,65,96,96,96,131,131,131,128,128,128,125,125,96,96,87,111,111,97,97,68,68,59,59,18,18,59,59,34,34,-11,-11,-42,-14,-14,-10,-10,7,7,7,4,4,4,-22,-22,-22,13,13,13,24,24,37,37,119,119,119,131,131,131,131,87,87,110,110,77,77,91,91,82,82,82,72,72,72,48,48,48,59,59,59
127,21.06000000000000227,96,38,39,39,33,33,33,2,2,-26,-26,-35,-35,-33,-33,-62,-62,6,6,6,-11,-11,-11,-11,-4,-4,-4,-4,-47,-47,-47,-47,-131,-131,-131,-167,-167,-167,-106,-106,-106,-106,-64,-64,-64,-64,-22,-22,-22,-22,-3,-3,-3,75,75,75,52,52,52,52,16,16,16,16,105,105,105,105,61,61,61,38,38,100,100,100,86,86,86,86,148,148,148,62,62,62,59,59,59,59,59,78,78,78,107,107,107,48,48,48,57,57,57,50,50,50,46,46,46,32,32,32,40,40,40,54,54,54,-33,-33,-33,2,2,2,-7,-7,-7,-5,-5,-5,-5,-13,-13,-13,1,1,1,-10,-10,-10,17,17,17,17,68,68,68,68,23,23,23,47,47,47,47,104,104,104,104,175,175,175,175,149,149,149,149,108,108,108,116,116,116,140,140,140,140,119,119,119,87,87,87,87,94,94,94,49,49,49,15,15,15,36,36,36,79,79,79,68,68,68,25,25,25,-2,-2,52,52,52,82,82,82,70,70,70,103,103,103,58,58,62,62,62,88,88,88,-31,-31,-61,-61,120,120,7,7,44,44,31,31,118,118,48,48,98,98,85,85,137,137,137,98,98,98,129,129,151,151,151,136,136,102,102,91,91,134,134,118,118,118,150,150,172,172,172,99,99,99,155,155,155,111,111,111,111,147,147,147,49,49,64,64,-41,-41,31,31,31,149,149,149,164,164,164,236,236,236,93,93,93,151,151,160,160,33,85,85,203,203,203,182,182,195,195,126,126,107,107,141,141,180,180,129,14,34,34,63,63,28,28,28,101,101,66,66,66,124,124,124,125,125,103,103,91,91,136,136,136,93,93,93,110,110,110,80,80,61,61,75,75,93,93,108,108,108,100,100,87,87,82,82,110,110,110,131,131,131,79,79,79,62,62,62,104,104,104,42,42,42,44,44,55,55,55,119,119,119,81,81,94,94,94,148,148,122,122,122,90,90,90,90,131,131,131,131,145,145,145,145,146,146,146,155,155,155,95,95,95,125,125,125,93,93,93,118,118,118,108,108,108,137,137,137,72,72,72,109,109,109,43,43,-35,-35,-16,-16,-4,-4,-2,-2,-2,-1,-1,-1,-5,-5,61,61,68,68,95,95,95,61,61,61,66,66,39,39,34,34,5,5,24,24,56,56,56,45,45,45,71,71,71,68,68,15,15,-23,-23,48,48,48,60,60,60,112,112,112,129,129,129,54,54,24,24,58,58,82,82,82,83,83,83,66,66,66,13,13,34,34,41,40,40,13,13,12,12,8,8,-39,-39,-5,-5,-33,-33,-30,-30,-25,-12,-12,3,3,-23,-23,-23,-6,-6,-6,-5,-5,-5,-17,-17,-17,-6,-6,11,11,75,75,75,97,97,77,77,49,49,51,51,40,40,42,42,38,38,38,23,23,23,8,8,8,15,15,17
128,21.26000000000000156,28,0,0,0,-40,-40,-40,-89,-89,-69,-69,-79,-79,-53,-53,-78,-78,-45,-45,-45,28,28,28,28,-16,-16,-16,-16,-43,-43,-43,-43,-107,-107,-107,-180,-180,-180,-177,-177,-177,-177,-53,-53,-53,-53,-83,-83,-83,-83,-48,-48,-48,18,18,18,14,14,14,14,-22,-22,-22,-22,44,44,44,44,-16,-16,-16,5,5,67,67,67,37,37,37,37,57,57,57,23,23,23,10,10,4,4,4,9,9,9,-7,-7,-7,-10,-10,-10,4,4,4,36,36,36,5,5,5,-16,-16,-16,6,6,6,11,11,11,-53,-53,-53,-68,-68,-68,-38,-38,-38,-37,-37,-37,-37,-15,-15,-15,-45,-45,-45,-67,-67,-67,-30,-30,-30,-30,31,31,31,31,8,8,8,35,35,35,35,54,54,54,54,100,100,100,100,81,81,81,81,79,79,79,78,78,78,72,72,72,72,60,60,60,28,28,28,28,-8,-8,-8,-6,-6,-6,1,1,1,6,6,6,39,39,39,39,39,39,18,18,18,-1,-1,22,22,22,45,45,45,-6,-6,-6,-2,-2,-2,-23,-23,76,76,76,77,77,77,-3,-3,-113,-113,-32,-32,-98,-98,-33,-33,-36,-36,16,16,-49,-49,-8,-8,28,28,83,83,83,99,99,99,68,68,94,94,94,64,64,33,33,51,51,48,48,104,104,104,79,79,77,77,77,43,43,43,116,116,116,42,42,42,42,75,75,75,21,21,29,29,-42,-42,-44,-44,-44,98,98,98,120,120,120,206,206,206,58,58,58,70,70,66,66,10,43,43,106,106,106,115,115,120,120,130,130,53,53,98,98,94,94,75,-17,26,26,14,14,0,0,0,70,70,12,12,12,63,63,63,91,91,35,35,50,50,73,73,73,17,17,17,37,37,37,60,60,6,6,48,48,47,47,69,69,69,40,40,27,27,19,19,57,57,57,67,67,67,34,34,34,14,14,14,33,33,33,-2,-2,-2,34,34,42,42,42,61,61,61,34,34,43,43,43,95,95,110,110,110,79,79,79,79,41,41,41,41,68,68,68,68,76,76,76,94,94,94,40,40,40,70,70,70,32,32,32,49,49,49,56,56,56,85,85,85,21,21,21,93,93,93,4,4,-47,-47,-45,-45,-22,-22,-63,-63,-63,-54,-54,-54,-14,-14,23,23,28,28,34,34,34,5,5,5,36,36,-4,-4,-30,-30,-29,-29,-33,-33,2,2,2,2,2,2,56,56,56,12,12,-33,-33,-79,-79,42,42,42,38,38,38,73,73,73,67,67,67,-2,-2,-16,-16,-2,-2,14,14,14,10,10,10,8,8,8,-27,-27,-18,-18,-2,-2,-2,-38,-38,-71,-71,-56,-56,-107,-107,-49,-49,-63,-63,-46,-46,-6,-9,-9,-5,-5,-68,-68,-68,-30,-30,-30,-41,-41,-41,-48,-48,-48,-24,-24,-20,-20,3,3,3,41,41,26,26,8,8,12,12,-17,-17,-28,-28,-27,-27,-27,-21,-21,-21,-29,-29,-29,-39,-39,-25
129,21.46000000000000085,15,-7,-36,-36,-72,-72,-72,-83,-83,-82,-82,-96,-96,-84,-84,-133,-133,-67,-67,-67,-64,-64,-64,-64,-60,-60,-60,-60,-58,-58,-58,-58,-106,-106,-106,-168,-168,-168,-162,-162,-162,-162,-160,-160,-160,-160,-98,-98,-98,-98,-97,-97,-97,-44,-44,-44,-62,-62,-62,-62,-119,-119,-119,-119,-82,-82,-82,-82,-78,-78,-78,-28,-28,-38,-38,-38,-69,-69,-69,-69,-55,-55,-55,-73,-73,-73,-39,-39,-32,-32,-32,-68,-68,-68,-81,-81,-81,-91,-91,-91,-83,-83,-83,-71,-71,-71,-49,-49,-49,-66,-66,-66,-71,-71,-71,-104,-104,-104,-112,-112,-112,-114,-114,-114,-129,-129,-129,-91,-91,-91,-91,-57,-57,-57,-52,-52,-52,-103,-103,-103,-71,-71,-71,-71,-75,-75,-75,-75,-42,-42,-42,-29,-29,-29,-29,-31,-31,-31,-31,20,20,20,20,3,3,3,3,18,18,18,36,36,36,7,7,7,7,-47,-47,-47,-64,-64,-64,-64,-10,-10,-10,-62,-62,-62,-82,-82,-82,-54,-54,-54,-54,-54,-54,-58,-58,-58,-44,-44,-44,-28,-28,-34,-34,-34,-23,-23,-23,-59,-59,-59,-80,-80,-80,-52,-52,59,59,59,24,24,24,-40,-40,-156,-156,-156,-156,-131,-131,-131,-131,-127,-127,-74,-74,-162,-162,-171,-171,-114,-114,3,3,3,42,42,42,27,27,22,22,22,67,67,-16,-16,-11,-11,-15,-15,39,39,39,13,13,-7,-7,-7,28,28,28,51,51,51,-52,-52,-52,-52,-4,-4,-4,15,15,-6,-6,-102,-102,-78,-78,-78,36,36,36,20,20,20,92,92,92,-13,-13,-13,6,6,21,21,3,8,8,1,1,1,40,40,38,38,56,56,-29,-29,59,59,89,89,-18,-49,-4,-4,43,43,-83,-83,-83,22,22,-42,-42,-42,-6,-6,-6,44,44,10,10,-28,-28,48,48,48,3,3,3,-65,-65,-65,-51,-51,-59,-59,-2,-2,10,10,-14,-14,-14,-4,-4,-17,-17,-27,-27,9,9,9,40,40,40,-10,-10,-10,-25,-25,-25,-6,-6,-6,-86,-86,-86,-77,-77,-38,-38,-38,-17,-17,-17,-18,-18,-9,-9,-9,12,12,34,34,34,62,62,62,62,-10,-10,-10,-10,26,26,26,26,9,9,9,52,52,52,-22,-22,-22,-15,-15,-15,-26,-26,-26,22,22,22,-8,-8,-8,-3,-3,-3,-27,-27,-27,3,3,3,-34,-34,-79,-79,-45,-45,-61,-61,-122,-122,-122,-77,-77,-77,-46,-46,-8,-8,-48,-48,-14,-14,-14,-44,-44,-44,-29,-29,-42,-42,-78,-78,-65,-65,-62,-62,-43,-43,-43,-87,-87,-87,-2,-2,-2,-39,-39,-90,-90,-165,-165,-3,-3,-3,-15,-15,-15,11,11,11,12,12,12,-35,-35,-71,-71,-53,-53,-35,-35,-35,-55,-55,-55,-71,-71,-71,-90,-90,-58,-58,-41,-57,-57,-92,-92,-127,-127,-122,-122,-138,-138,-94,-94,-91,-91,-48,-48,15,-50,-50,-53,-53,-58,-58,-58,-75,-75,-75,-50,-50,-50,-35,-35,-35,-72,-72,-51,-51,-52,-52,-52,-7,-7,-32,-32,-49,-49,-54,-54,-49,-49,-66,-66,-54,-54,-54,-57,-57,-57,-53,-53,-53,-69,-69,-71
130,21.66000000000000014,-41,-70,-112,-112,-116,-116,-116,-118,-118,-112,-112,-113,-113,-129,-129,-140,-140,-131,-131,-131,-79,-79,-79,-79,-110,-110,-110,-110,-81,-81,-81,-81,-129,-129,-129,-184,-184,-184,-186,-186,-186,-186,-124,-124,-124,-124,-128,-128,-128,-128,-145,-145,-145,-114,-114,-114,-127,-127,-127,-127,-135,-135,-135,-135,-141,-141,-141,-141,-172,-172,-172,-87,-87,-120,-120,-120,-99,-99,-99,-99,-135,-135,-135,-135,-135,-135,-66,-66,-68,-68,-68,-101,-101,-101,-174,-174,-174,-166,-166,-166,-135,-135,-135,-128,-128,-128,-161,-161,-161,-130,-130,-130,-115,-115,-115,-165,-165,-165,-161,-161,-161,-119,-119,-119,-91,-91,-91,-152,-152,-152,-152,-96,-96,-96,-99,-99,-99,-141,-141,-141,-122,-122,-122,-122,-142,-142,-142,-142,-89,-89,-89,-84,-84,-84,-84,-86,-86,-86,-86,-80,-80,-80,-80,-67,-67,-67,-67,-68,-68,-68,-47,-47,-47,-44,-44,-44,-44,-123,-123,-123,-108,-108,-108,-108,-92,-92,-92,-118,-118,-118,-126,-126,-126,-82,-82,-82,-111,-111,-111,-82,-82,-82,-87,-87,-87,-75,-75,-76,-76,-76,-131,-131,-131,-151,-151,-151,-143,-143,-143,-112,-112,18,18,18,-31,-31,-31,-67,-67,-121,-121,-154,-154,-163,-163,-183,-183,-226,-226,-195,-195,-248,-248,-253,-253,-167,-167,-63,-63,-63,-30,-30,-30,-94,-94,-57,-57,-57,-98,-98,-47,-47,-97,-97,-71,-71,-29,-29,-29,-67,-67,-91,-91,-91,-23,-23,-23,-16,-16,-16,-83,-83,-83,-83,-101,-101,-101,-37,-37,-49,-49,-151,-151,-107,-107,-107,-50,-50,-50,-57,-57,-57,9,9,9,-43,-43,-43,-63,-63,-22,-22,-69,-23,-23,-95,-95,-95,-64,-64,-83,-83,-38,-38,-97,-97,4,4,24,24,-105,-108,-47,-47,-43,-43,-81,-81,-81,-37,-37,-90,-90,-90,-51,-51,-51,-30,-30,-57,-57,-116,-116,-131,-131,-131,-71,-71,-71,-104,-104,-104,-86,-86,-92,-92,-59,-59,-27,-27,-70,-70,-70,-69,-69,-77,-77,-102,-102,-66,-66,-66,-37,-37,-37,-88,-88,-88,-122,-122,-122,-84,-84,-84,-115,-115,-115,-95,-95,-91,-91,-91,-111,-111,-111,-101,-101,-82,-82,-82,-67,-67,-5,-5,-5,0,0,0,0,-75,-75,-75,-75,-26,-26,-26,-26,-62,-62,-62,-34,-34,-34,-105,-105,-105,-70,-70,-70,-69,-69,-69,-26,-26,-26,-90,-90,-90,-103,-103,-103,-83,-83,-83,-75,-75,-75,-91,-91,-114,-114,-75,-75,-100,-100,-132,-132,-132,-112,-112,-112,-88,-88,-44,-44,-64,-64,-72,-72,-72,-88,-88,-88,-86,-86,-92,-92,-104,-104,-103,-103,-112,-112,-111,-111,-111,-73,-73,-73,-51,-51,-51,-77,-77,-124,-124,-134,-134,-83,-83,-83,-83,-83,-83,-43,-43,-43,-41,-41,-41,-86,-86,-104,-104,-103,-103,-110,-110,-110,-110,-110,-110,-101,-101,-101,-112,-112,-92,-92,-75,-109,-109,-134,-134,-159,-159,-142,-142,-169,-169,-110,-110,-98,-98,-86,-86,-19,-68,-68,-80,-80,-130,-130,-130,-121,-121,-121,-44,-44,-44,-58,-58,-58,-55,-55,-86,-86,-74,-74,-74,-65,-65,-52,-52,-97,-97,-99,-99,-82,-82,-121,-121,-110,-110,-110,-99,-99,-99,-83,-83,-83,-98,-98,-112
131,21.85999999999999943,-117,-104,-153,-153,-134,-134,-134,-165,-165,-127,-127,-112,-112,-119,-119,-149,-149,-121,-121,-121,-125,-125,-125,-125,-108,-108,-108,-108,-107,-107,-107,-107,-124,-124,-124,-157,-157,-157,-176,-176,-176,-176,-107,-107,-107,-107,-114,-114,-114,-114,-120,-120,-120,-165,-165,-165,-208,-208,-208,-208,-130,-130,-130,-130,-197,-197,-197,-197,-210,-210,-210,-149,-149,-146,-146,-146,-146,-146,-146,-146,-126,-126,-126,-172,-172,-172,-98,-98,-94,-94,-94,-94,-94,-94,-168,-168,-168,-194,-194,-194,-168,-168,-168,-175,-175,-175,-122,-122,-122,-172,-172,-172,-151,-151,-151,-169,-169,-169,-172,-172,-172,-98,-98,-98,-113,-113,-113,-169,-169,-169,-169,-130,-130,-130,-115,-115,-115,-133,-133,-133,-154,-154,-154,-154,-167,-167,-167,-167,-136,-136,-136,-134,-134,-134,-134,-116,-116,-116,-116,-123,-123,-123,-123,-108,-108,-108,-108,-151,-151,-151,-132,-132,-132,-93,-93,-93,-93,-144,-144,-144,-125,-125,-125,-125,-74,-74,-74,-185,-185,-185,-179,-179,-179,-130,-130,-130,-151,-151,-151,-129,-129,-129,-134,-134,-134,-109,-109,-138,-138,-138,-183,-183,-183,-166,-166,-166,-139,-139,-139,-126,-126,-19,-19,-19,-65,-65,-65,-78,-78,-125,-125,-182,-182,-205,-205,-217,-217,-235,-235,-210,-210,-255,-255,-239,-239,-166,-166,-96,-96,-96,-122,-122,-122,-180,-180,-148,-148,-148,-161,-161,-120,-120,-140,-140,-123,-123,-72,-72,-72,-107,-107,-104,-104,-104,-65,-65,-65,-90,-90,-90,-102,-102,-102,-102,-128,-128,-128,-100,-100,-113,-113,-154,-154,-188,-188,-188,-125,-125,-125,-129,-129,-129,-69,-69,-69,-101,-101,-101,-117,-117,-110,-110,-94,-58,-58,-178,-178,-178,-147,-147,-171,-171,-119,-119,-174,-174,-57,-57,-66,-66,-159,-160,-73,-73,-40,-40,-95,-95,-95,-88,-88,-118,-118,-118,-124,-124,-124,-121,-121,-97,-97,-173,-173,-120,-120,-120,-135,-135,-135,-167,-167,-167,-112,-112,-134,-134,-89,-89,-71,-71,-125,-125,-125,-113,-113,-179,-179,-163,-163,-108,-108,-108,-73,-73,-73,-119,-119,-119,-162,-162,-162,-140,-140,-140,-129,-129,-129,-117,-117,-135,-135,-135,-140,-140,-140,-134,-134,-130,-130,-130,-119,-119,-99,-99,-99,-62,-62,-62,-62,-110,-110,-110,-110,-58,-58,-58,-58,-117,-117,-117,-105,-105,-105,-124,-124,-124,-85,-85,-85,-104,-104,-104,-86,-86,-86,-149,-149,-149,-150,-150,-150,-141,-141,-141,-178,-178,-178,-134,-134,-132,-132,-106,-106,-141,-141,-165,-165,-165,-118,-118,-118,-111,-111,-95,-95,-107,-107,-106,-106,-106,-124,-124,-124,-167,-167,-123,-123,-106,-106,-84,-84,-115,-115,-126,-126,-126,-117,-117,-117,-89,-89,-89,-124,-124,-124,-124,-134,-134,-134,-134,-134,-130,-130,-130,-117,-117,-117,-103,-103,-103,-150,-150,-136,-136,-128,-128,-131,-131,-131,-155,-155,-155,-118,-118,-118,-147,-147,-126,-126,-118,-143,-143,-152,-152,-179,-179,-171,-171,-134,-134,-120,-120,-121,-121,-97,-97,-61,-82,-82,-96,-96,-105,-105,-105,-100,-100,-100,-28,-28,-28,-46,-46,-46,-83,-83,-86,-86,-77,-77,-77,-74,-74,-68,-68,-85,-85,-97,-97,-93,-93,-114,-114,-137,-137,-137,-119,-119,-119,-93,-93,-93,-135,-135,-101
132,22.06000000000000227,-113,-131,-106,-106,-156,-156,-156,-103,-103,-110,-110,-63,-63,-92,-92,-104,-104,-100,-100,-100,-104,-104,-104,-104,-98,-98,-98,-98,-119,-119,-119,-119,-86,-86,-86,-101,-101,-101,-108,-108,-108,-108,-46,-46,-46,-46,-78,-78,-78,-78,-132,-132,-132,-169,-169,-169,-174,-174,-174,-174,-134,-134,-134,-134,-190,-190,-190,-190,-183,-183,-183,-150,-150,-136,-136,-136,-118,-118,-118,-118,-181,-181,-181,-171,-171,-171,-127,-127,-30,-30,-30,-96,-96,-96,-148,-148,-148,-162,-162,-162,-140,-140,-140,-128,-128,-128,-128,-128,-128,-127,-127,-127,-141,-141,-141,-176,-176,-176,-89,-89,-89,-77,-77,-77,-90,-90,-90,-142,-142,-142,-142,-125,-125,-125,-120,-120,-120,-98,-98,-98,-139,-139,-139,-139,-130,-130,-130,-130,-110,-110,-110,-148,-148,-148,-148,-132,-132,-132,-132,-128,-128,-128,-128,-134,-134,-134,-134,-152,-152,-152,-125,-125,-125,-125,-125,-125,-125,-181,-181,-181,-139,-139,-139,-139,-186,-186,-186,-135,-135,-135,-181,-181,-181,-120,-120,-120,-72,-72,-72,-117,-117,-117,-129,-129,-129,-156,-156,-111,-111,-111,-197,-197,-197,-156,-156,-156,-151,-151,-151,-92,-92,-79,-79,-79,-104,-104,-104,-80,-80,-85,-85,-87,-87,-104,-104,-185,-185,-187,-187,-143,-143,-181,-181,-186,-186,-129,-129,-91,-91,-91,-136,-136,-136,-176,-176,-206,-206,-206,-183,-183,-151,-151,-151,-151,-117,-117,-126,-126,-126,-89,-89,-94,-94,-94,-78,-78,-78,-117,-117,-117,-113,-113,-113,-113,-140,-140,-140,-130,-130,-121,-121,-199,-199,-200,-200,-200,-186,-186,-186,-127,-127,-127,-120,-120,-120,-99,-99,-99,-143,-143,-143,-143,-92,-34,-34,-164,-164,-164,-162,-162,-232,-232,-143,-143,-201,-201,-102,-102,-72,-72,-144,-141,-118,-118,-62,-62,-89,-89,-89,-85,-85,-139,-139,-139,-138,-138,-138,-143,-143,-140,-140,-147,-147,-152,-152,-152,-122,-122,-122,-179,-179,-179,-102,-102,-118,-118,-104,-104,-99,-99,-98,-98,-98,-148,-148,-141,-141,-168,-168,-124,-124,-124,-108,-108,-108,-135,-135,-135,-157,-157,-157,-111,-111,-111,-133,-133,-133,-121,-121,-136,-136,-136,-143,-143,-143,-163,-163,-163,-163,-163,-120,-120,-91,-91,-91,-85,-85,-85,-85,-110,-110,-110,-110,-56,-56,-56,-56,-124,-124,-124,-104,-104,-104,-141,-141,-141,-91,-91,-91,-111,-111,-111,-74,-74,-74,-159,-159,-159,-162,-162,-162,-167,-167,-167,-209,-209,-209,-152,-152,-144,-144,-136,-136,-131,-131,-129,-129,-129,-112,-112,-112,-126,-126,-122,-122,-81,-81,-112,-112,-112,-132,-132,-132,-175,-175,-118,-118,-90,-90,-88,-88,-105,-105,-121,-121,-121,-91,-91,-91,-118,-118,-118,-130,-130,-132,-132,-143,-143,-166,-166,-166,-150,-150,-150,-114,-114,-114,-137,-137,-137,-147,-147,-133,-133,-116,-116,-131,-131,-131,-136,-136,-136,-112,-112,-112,-128,-128,-116,-116,-138,-133,-133,-139,-139,-157,-157,-136,-136,-120,-120,-77,-77,-113,-113,-118,-118,-90,-76,-76,-102,-102,-85,-85,-85,-53,-53,-53,-10,-10,-10,-13,-13,-13,-38,-38,-60,-60,-88,-88,-88,-59,-59,-92,-92,-92,-92,-89,-89,-83,-83,-99,-99,-118,-118,-118,-93,-93,-93,-96,-96,-96,-98,-98,-113
133,22.26000000000000156,-99,-107,-77,-77,-65,-65,-65,-63,-63,-5,-5,26,26,68,68,16,16,23,23,23,-70,-70,-70,-70,-69,-69,-69,-69,-80,-80,-80,-80,-14,-14,-14,5,5,5,-41,-41,-41,-41,-43,-43,-43,-43,0,0,0,0,-20,-20,-20,-91,-91,-91,-62,-62,-62,-62,-63,-63,-63,-63,-114,-114,-114,-114,-106,-106,-106,-60,-60,-95,-95,-95,-77,-77,-77,-77,-87,-87,-87,-83,-83,-83,-35,-35,-25,-25,-25,-30,-30,-30,-104,-104,-104,-78,-78,-78,-94,-94,-94,-121,-121,-121,-108,-108,-108,-71,-71,-71,-83,-83,-83,-60,-60,-60,-73,-73,-73,-26,-26,-26,-17,-17,-17,-104,-104,-104,-104,-85,-85,-85,-71,-71,-71,-43,-43,-43,-92,-92,-92,-92,-66,-66,-66,-66,-42,-42,-42,-83,-83,-83,-83,-75,-75,-75,-75,-87,-87,-87,-87,-79,-79,-79,-79,-109,-109,-109,-86,-86,-86,-102,-102,-102,-102,-108,-108,-108,-72,-72,-72,-72,-66,-66,-66,-65,-65,-65,-81,-81,-81,-77,-77,-77,-61,-61,-61,-82,-82,-82,-15,-15,-15,-94,-94,-65,-65,-65,-138,-138,-138,-79,-79,-79,-54,-54,-54,9,9,-102,-102,-102,-77,-77,-77,-16,-16,8,8,9,9,-11,-11,-89,-89,-84,-84,-53,-53,-39,-39,-97,-97,-66,-66,-91,-91,-91,-139,-139,-139,-150,-150,-161,-161,-161,-142,-142,-78,-78,-104,-104,-64,-64,-22,-22,-22,-22,-22,-69,-69,-69,-33,-33,-33,-74,-74,-74,-38,-38,-38,-38,-105,-105,-105,-95,-95,-59,-59,-152,-152,-177,-177,-177,-145,-145,-145,-69,-69,-69,-90,-90,-90,-93,-93,-93,-90,-90,-104,-104,-46,-41,-41,-133,-133,-133,-123,-123,-170,-170,-106,-106,-186,-186,-68,-68,-48,-48,-88,-68,-66,-66,-47,-47,-30,-30,-30,-102,-102,-94,-94,-94,-148,-148,-148,-148,-148,-107,-107,-153,-153,-120,-120,-120,-91,-91,-91,-94,-94,-94,-32,-32,-72,-72,-69,-69,-100,-100,-66,-66,-66,-104,-104,-138,-138,-119,-119,-62,-62,-62,-71,-71,-71,-105,-105,-105,-106,-106,-106,-104,-104,-104,-78,-78,-78,-84,-84,-115,-115,-115,-109,-109,-109,-116,-116,-110,-110,-110,-121,-121,-85,-85,-85,-89,-89,-89,-89,-80,-80,-80,-80,-47,-47,-47,-47,-97,-97,-97,-132,-132,-132,-119,-119,-119,-63,-63,-63,-67,-67,-67,-43,-43,-43,-102,-102,-102,-132,-132,-132,-112,-112,-112,-155,-155,-155,-123,-123,-75,-75,-82,-82,-55,-55,-27,-27,-27,-72,-72,-72,-107,-107,-106,-106,-58,-58,-72,-72,-72,-90,-90,-90,-143,-143,-79,-79,-49,-49,-44,-44,-68,-68,-82,-82,-82,-93,-93,-93,-78,-78,-78,-115,-115,-28,-28,-104,-104,-157,-157,-157,-133,-133,-133,-95,-95,-95,-109,-109,-109,-138,-138,-74,-74,-61,-61,-54,-54,-54,-105,-105,-105,-91,-91,-91,-87,-87,-76,-76,-90,-91,-91,-94,-94,-93,-93,-107,-107,-90,-90,-70,-70,-90,-90,-77,-77,-107,-55,-55,-31,-31,-30,-30,-30,-23,-23,-23,34,34,34,22,22,22,5,5,-16,-16,-36,-36,-36,-46,-46,-72,-72,-56,-56,-46,-46,-63,-63,-62,-62,-77,-77,-77,-64,-64,-64,-81,-81,-81,-68,-68,-82
134,22.46000000000000085,-45,40,-15,-15,30,30,30,-6,-6,31,31,115,115,145,145,155,155,181,181,181,26,26,26,26,54,54,54,54,0,0,0,0,98,98,98,79,79,79,27,27,27,27,93,93,93,93,69,69,69,69,54,54,54,19,19,19,44,44,44,44,3,3,3,3,-46,-46,-46,-46,1,1,1,37,37,-23,-23,-23,12,12,12,12,24,24,24,28,28,28,16,16,13,13,13,26,26,26,14,14,14,32,32,32,6,6,6,-3,-3,-3,13,13,13,25,25,25,35,35,35,14,14,14,49,49,49,61,61,61,22,22,22,-27,-27,-27,-27,26,26,26,14,14,14,26,26,26,-6,-6,-6,-6,-14,-14,-14,-14,12,12,12,15,15,15,15,30,30,30,30,-32,-32,-32,-32,-12,-12,-12,-12,48,48,48,32,32,32,-25,-25,-25,-25,-35,-35,-35,-2,-2,-2,-2,-46,-46,-46,96,96,96,20,20,20,1,1,1,22,22,22,-35,-35,-35,21,21,21,14,14,13,13,13,-16,-16,-16,13,13,13,61,61,61,56,56,-23,-23,-23,-10,-10,-10,59,59,123,123,88,88,40,40,8,8,85,85,89,89,81,81,32,32,30,30,38,38,38,-52,-52,-52,-86,-86,-75,-75,-75,-54,-54,-18,-18,-11,-11,9,9,34,34,34,55,55,9,9,9,51,51,51,-4,-4,-4,30,30,30,30,-33,-33,-33,-26,-26,39,39,-51,-51,-63,-63,-63,-71,-71,-71,24,24,24,-12,-12,-12,-18,-18,-18,2,2,-3,-3,48,14,14,-76,-76,-76,-66,-66,-90,-90,-79,-79,-65,-65,-21,-21,-11,-11,-21,63,19,19,14,14,51,51,51,-4,-4,-17,-17,-17,-77,-77,-77,-60,-60,-42,-42,-15,-15,-59,-59,-59,-33,-33,-33,-21,-21,-21,15,15,16,16,16,16,-15,-15,-16,-16,-16,-21,-21,-43,-43,-24,-24,-12,-12,-12,-2,-2,-2,-8,-8,-8,-23,-23,-23,7,7,7,4,4,4,-20,-20,-49,-49,-49,-43,-43,-43,-28,-28,-65,-65,-65,-24,-24,-21,-21,-21,-10,-10,-10,-10,-21,-21,-21,-21,7,7,7,7,-37,-37,-37,-37,-37,-37,-12,-12,-12,50,50,50,23,23,23,20,20,20,-12,-12,-12,-63,-63,-63,-26,-26,-26,-73,-73,-73,-2,-2,39,39,16,16,55,55,41,41,41,-8,-8,-8,-42,-42,-51,-51,10,10,-9,-9,-9,-41,-41,-41,-82,-82,5,5,28,28,35,35,22,22,-10,-10,-10,-19,-19,-19,-33,-33,-33,-22,-22,41,41,-11,-11,-77,-77,-77,-70,-70,-70,-59,-59,-59,-53,-53,-53,-37,-37,9,9,16,16,3,3,3,-41,-41,-41,-41,-41,-41,-25,-25,6,6,1,-19,-19,-22,-22,-16,-16,-38,-38,-23,-23,-5,-5,-13,-13,13,13,7,36,36,61,61,27,27,27,65,65,65,95,95,95,90,90,90,46,46,29,29,-1,-1,-1,-19,-19,-39,-39,-38,-38,-1,-1,21,21,-1,-1,-5,-5,-5,-11,-11,-11,-29,-29,-29,-27,-27,-12
135,22.66000000000000014,75,112,124,124,103,103,103,119,119,127,127,168,168,208,208,279,279,246,246,246,109,109,109,109,133,133,133,133,51,51,51,51,189,189,189,173,173,173,56,56,56,56,125,125,125,125,123,123,123,123,167,167,167,158,158,158,93,93,93,93,59,59,59,59,70,70,70,70,130,130,130,138,138,76,76,76,84,84,84,84,123,123,123,94,94,94,99,99,101,101,101,92,92,92,99,99,99,111,111,111,93,93,93,114,114,114,89,89,89,114,114,114,106,106,106,111,111,111,112,112,112,78,78,78,121,121,121,51,51,51,51,56,56,56,91,91,91,112,112,112,87,87,87,87,56,56,56,56,83,83,83,116,116,116,116,82,82,82,82,43,43,43,43,61,61,61,61,172,172,172,139,139,139,85,85,85,85,71,71,71,93,93,93,93,87,87,87,147,147,147,134,134,134,38,38,38,102,102,102,44,44,44,133,133,133,122,122,75,75,75,94,94,94,131,131,131,150,150,150,134,134,30,30,30,107,107,107,138,138,189,189,152,152,171,171,132,132,189,189,222,222,236,236,176,176,167,167,87,87,87,53,53,53,41,41,44,44,44,43,43,106,106,102,102,97,97,121,121,121,135,135,119,119,119,143,143,143,73,73,73,71,71,71,71,70,70,70,90,90,144,144,67,67,29,29,29,-2,-2,-2,117,117,117,130,130,130,69,69,69,110,110,78,78,142,78,78,61,61,61,15,15,31,31,-10,-10,68,68,54,54,42,42,73,186,122,122,62,62,149,149,149,82,82,84,84,84,-10,-10,-10,38,38,48,48,68,68,15,15,15,66,66,66,69,69,69,147,147,68,68,96,96,70,70,88,88,88,64,64,77,77,89,89,40,40,40,65,65,65,67,67,67,81,81,81,24,24,24,61,61,61,50,50,20,20,20,60,60,60,49,49,35,35,35,42,42,59,59,59,105,105,105,105,50,50,50,50,66,66,66,66,78,78,78,52,52,52,85,85,85,102,102,102,110,110,110,114,114,114,95,95,95,63,63,63,72,72,72,59,59,59,117,117,148,148,160,160,181,181,100,100,100,31,31,31,59,59,33,33,67,67,64,64,64,22,22,22,26,26,96,96,106,106,115,115,123,123,74,74,74,28,28,28,56,56,56,56,56,112,112,95,95,25,25,25,7,7,7,24,24,24,32,32,32,84,84,132,132,115,115,87,87,87,30,30,30,40,40,40,77,77,73,73,72,81,81,63,63,43,43,30,30,65,65,56,56,70,70,108,108,125,150,150,140,140,96,96,96,146,146,146,160,160,160,140,140,140,114,114,88,88,53,53,53,32,32,45,45,22,22,61,61,68,68,57,57,42,42,42,28,28,28,24,24,24,52,52,50
136,22.85999999999999943,147,175,205,205,148,148,148,130,130,175,175,173,173,272,272,279,279,250,250,250,145,145,145,145,187,187,187,187,147,147,147,147,212,212,212,173,173,173,144,144,144,144,134,134,134,134,194,194,194,194,183,183,183,236,236,236,131,131,131,131,114,114,114,114,142,142,142,142,168,168,168,144,144,159,159,159,129,129,129,129,147,147,147,158,158,158,149,149,133,133,133,145,145,145,165,165,165,151,151,151,124,124,124,162,162,162,164,164,164,150,150,150,150,150,150,127,127,127,132,132,132,109,109,109,149,149,149,125,125,125,125,97,97,97,115,115,115,114,114,114,153,153,153,153,75,75,75,75,94,94,94,189,189,189,189,128,128,128,128,110,110,110,110,70,70,70,70,196,196,196,176,176,176,127,127,127,127,138,138,138,151,151,151,151,158,158,158,144,144,144,193,193,193,118,118,118,151,151,151,123,123,123,206,206,206,191,191,146,146,146,149,149,149,168,168,168,202,202,202,144,144,104,104,104,123,123,123,172,172,186,186,188,188,232,232,201,201,251,251,270,270,298,298,208,208,219,219,155,155,155,103,103,103,150,150,131,131,131,110,110,148,148,157,157,150,150,180,180,180,160,160,202,202,202,161,161,161,128,128,128,149,149,149,149,156,156,156,168,168,195,195,123,123,99,99,99,82,82,82,156,156,156,169,169,169,127,127,127,150,150,128,128,196,103,103,147,147,147,75,75,103,103,68,68,133,133,67,67,54,54,114,226,196,196,110,110,171,171,171,146,146,157,157,157,50,50,50,75,75,119,119,127,127,97,97,97,102,102,102,114,114,114,141,141,150,150,121,121,140,140,125,125,125,83,83,123,123,121,121,120,120,120,131,131,131,136,136,136,130,130,130,105,105,105,119,119,119,125,125,70,70,70,105,105,105,98,98,74,74,74,82,82,123,123,123,176,176,176,176,139,139,139,139,97,97,97,97,123,123,123,117,117,117,131,131,131,160,160,160,157,157,157,164,164,164,159,159,159,128,128,128,140,140,140,121,121,121,153,153,210,210,223,223,229,229,143,143,143,83,83,83,132,132,116,116,119,119,103,103,103,113,113,113,109,109,169,169,167,167,182,182,188,188,135,135,135,124,124,124,102,102,102,114,114,174,174,128,128,90,90,90,87,87,87,69,69,69,88,88,88,146,146,186,186,161,161,116,116,116,85,85,85,85,85,85,138,138,115,115,122,116,116,113,113,112,112,108,108,113,113,92,92,133,133,196,196,178,176,176,150,150,132,132,132,151,151,151,216,216,216,188,188,188,139,139,118,118,80,80,80,72,72,80,80,70,70,94,94,98,98,99,99,71,71,71,58,58,58,73,73,73,93,93,99
137,23.06000000000000227,127,200,159,159,116,116,116,124,124,118,118,112,112,164,164,196,196,161,161,161,51,51,51,51,177,177,177,177,151,151,151,151,181,181,181,126,126,126,90,90,90,90,84,84,84,84,127,127,127,127,163,163,163,158,158,158,85,85,85,85,98,98,98,98,120,120,120,120,106,106,106,124,124,134,134,134,182,182,182,182,115,115,115,149,149,149,132,132,82,82,82,144,144,144,168,168,168,182,182,182,127,127,127,139,139,139,121,121,121,155,155,155,132,132,132,117,117,117,102,102,102,78,78,78,133,133,133,131,131,131,131,92,92,92,87,87,87,126,126,126,105,105,105,105,95,95,95,95,133,133,133,177,177,177,177,155,155,155,155,117,117,117,117,63,63,63,63,177,177,177,130,130,130,121,121,121,121,137,137,137,152,152,152,152,153,153,153,154,154,154,141,141,141,75,75,75,137,137,137,112,112,112,147,147,147,146,146,142,142,142,165,165,165,181,181,181,137,137,137,91,91,105,105,105,96,96,96,136,136,94,94,145,145,182,182,128,128,218,218,210,210,270,270,197,197,183,183,171,171,171,115,115,115,185,185,138,138,138,129,129,143,143,167,167,149,149,114,114,114,192,192,176,176,176,122,122,122,113,113,113,101,101,101,101,153,153,153,181,181,173,173,154,154,122,122,122,87,87,87,148,148,148,179,179,179,122,122,122,151,151,107,107,194,104,104,138,138,138,120,120,150,150,79,79,141,141,87,87,55,55,158,200,162,162,143,143,158,158,158,167,167,165,165,165,77,77,77,98,98,109,109,124,124,140,140,140,119,119,119,139,139,139,144,144,134,134,154,154,138,138,133,133,133,104,104,148,148,145,145,84,84,84,156,156,156,127,127,127,147,147,147,108,108,108,112,112,112,83,83,57,57,57,88,88,88,139,139,88,88,88,104,104,95,95,95,174,174,174,174,117,117,117,117,86,86,86,86,111,111,111,123,123,123,150,150,150,150,150,150,136,136,136,166,166,166,169,169,169,153,153,153,135,135,135,143,143,143,170,170,167,167,167,167,206,206,127,127,127,75,75,75,143,143,108,108,101,101,122,122,122,99,99,99,124,124,135,135,144,144,163,163,173,173,150,150,150,139,139,139,114,114,114,111,111,152,152,131,131,110,110,110,100,100,100,98,98,98,107,107,107,163,163,166,166,144,144,95,95,95,113,113,113,101,101,101,144,144,117,117,105,105,105,111,111,105,105,117,117,96,96,106,106,102,102,144,144,94,79,79,110,110,133,133,133,158,158,158,208,208,208,190,190,190,137,137,123,123,65,65,65,76,76,67,67,49,49,78,78,78,78,87,87,82,82,82,67,67,67,58,58,58,81,81,91
138,23.26000000000000156,70,123,64,64,98,98,98,67,67,61,61,22,22,14,14,77,77,84,84,84,35,35,35,35,165,165,165,165,158,158,158,158,132,132,132,33,33,33,59,59,59,59,27,27,27,27,27,27,27,27,45,45,45,100,100,100,29,29,29,29,86,86,86,86,109,109,109,109,70,70,70,55,55,99,99,99,117,117,117,117,70,70,70,82,82,82,110,110,77,77,77,98,98,98,115,115,115,109,109,109,80,80,80,100,100,100,75,75,75,66,66,66,76,76,76,22,22,22,54,54,54,44,44,44,51,51,51,111,111,111,111,26,26,26,18,18,18,26,26,26,74,74,74,74,47,47,47,47,89,89,89,92,92,92,92,73,73,73,73,89,89,89,89,45,45,45,45,93,93,93,87,87,87,86,86,86,86,91,91,91,84,84,84,84,113,113,113,102,102,102,85,85,85,45,45,45,50,50,50,63,63,63,64,64,64,89,89,100,100,100,116,116,116,117,117,117,40,40,40,-12,-12,62,62,62,-1,-1,-1,46,46,-29,-29,96,96,42,42,32,32,74,74,21,21,95,95,100,100,99,99,182,182,182,56,56,56,143,143,96,96,96,73,73,72,72,127,127,89,89,139,139,139,111,111,77,77,77,83,83,83,56,56,56,112,112,112,112,103,103,103,119,119,127,127,110,110,80,80,80,61,61,61,104,104,104,173,173,173,110,110,110,105,105,73,73,119,80,80,127,127,127,86,86,186,186,91,91,140,140,71,71,56,56,150,129,120,120,128,128,98,98,98,124,124,126,126,126,93,93,93,71,71,82,82,85,85,129,129,129,49,49,49,106,106,106,75,75,112,112,101,101,117,117,109,109,109,52,52,83,83,132,132,72,72,72,115,115,115,110,110,110,109,109,109,45,45,45,96,96,96,22,22,45,45,45,38,38,38,112,112,78,78,78,89,89,95,95,95,118,118,118,118,93,93,93,93,79,79,79,79,85,85,85,98,98,98,112,112,112,122,122,122,124,124,124,126,126,126,130,130,130,124,124,124,79,79,79,108,108,108,116,116,101,101,67,67,101,101,91,91,91,81,81,81,65,65,53,53,33,33,90,90,90,79,79,79,122,122,78,78,96,96,101,101,102,102,121,121,121,130,130,130,65,65,65,91,91,77,77,89,89,59,59,59,92,92,92,75,75,75,59,59,59,82,82,81,81,63,63,53,53,53,103,103,103,100,100,100,113,113,96,96,64,79,79,74,74,55,55,59,59,78,78,65,65,65,65,55,55,-19,-39,-39,20,20,91,91,91,135,135,135,191,191,191,144,144,144,91,91,76,76,67,67,67,32,32,33,33,0,0,31,31,55,55,33,33,60,60,60,19,19,19,33,33,33,49,49,64
139,23.46000000000000085,52,-33,19,19,2,2,2,2,2,2,2,15,15,-20,-20,-60,-60,-102,-102,-102,18,18,18,18,135,135,135,135,124,124,124,124,115,115,115,34,34,34,14,14,14,14,-37,-37,-37,-37,29,29,29,29,-6,-6,-6,-4,-4,-4,25,25,25,25,58,58,58,58,105,105,105,105,62,62,62,10,10,79,79,79,78,78,78,78,23,23,23,57,57,57,67,67,54,54,54,31,31,31,57,57,57,77,77,77,57,57,57,30,30,30,40,40,40,32,32,32,68,68,68,11,11,11,28,28,28,-14,-14,-14,13,13,13,68,68,68,68,17,17,17,-25,-25,-25,-43,-43,-43,25,25,25,25,21,21,21,21,28,28,28,39,39,39,39,48,48,48,48,58,58,58,58,16,16,16,16,48,48,48,29,29,29,58,58,58,58,56,56,56,55,55,55,55,73,73,73,42,42,42,13,13,13,-3,-3,-3,21,21,21,26,26,26,14,14,14,27,27,23,23,23,41,41,41,45,45,45,-24,-24,-24,-69,-69,36,36,36,26,26,26,-11,-11,-71,-71,-5,-5,-13,-13,-27,-27,-37,-37,-106,-106,-47,-47,-3,-3,41,41,144,144,144,34,34,34,80,80,57,57,57,46,46,38,38,47,47,43,43,26,26,26,8,8,32,32,32,26,26,26,25,25,25,56,56,56,56,59,59,59,70,70,86,86,107,107,81,81,81,42,42,42,52,52,52,144,144,144,79,79,79,49,49,39,39,69,69,69,112,112,112,90,90,188,188,109,109,131,131,60,60,56,56,114,43,28,28,93,93,65,65,65,88,88,109,109,109,79,79,79,34,34,38,38,56,56,86,86,86,8,8,8,77,77,77,59,59,49,49,68,68,96,96,74,74,74,7,7,61,61,97,97,97,97,97,98,98,98,70,70,70,67,67,67,36,36,36,67,67,67,-24,-24,-5,-5,-5,46,46,46,77,77,76,76,76,68,68,69,69,69,91,91,91,91,86,86,86,86,31,31,31,31,59,59,59,91,91,91,99,99,99,93,93,93,80,80,80,84,84,84,76,76,76,97,97,97,73,73,73,107,107,107,74,74,45,45,-12,-12,38,38,25,25,25,50,50,50,13,13,18,18,-3,-3,79,79,79,69,69,69,107,107,47,47,49,49,44,44,51,51,66,66,66,87,87,87,30,30,30,87,87,20,20,50,50,53,53,53,86,86,86,68,68,68,25,25,25,22,22,15,15,5,5,12,12,12,90,90,90,72,72,72,76,76,61,61,29,52,52,41,41,18,18,44,44,44,44,18,18,31,31,-30,-30,-133,-57,-57,-10,-10,66,66,66,84,84,84,154,154,154,123,123,123,83,83,59,59,52,52,52,19,19,-11,-11,-19,-19,13,13,21,21,20,20,28,28,28,4,4,4,25,25,25,28,28,36
140,23.66000000000000014,-57,-38,-23,-23,50,50,50,-43,-43,14,14,-47,-47,-58,-58,-87,-87,-121,-121,-121,4,4,4,4,123,123,123,123,167,167,167,167,171,171,171,60,60,60,37,37,37,37,-28,-28,-28,-28,24,24,24,24,2,2,2,23,23,23,43,43,43,43,100,100,100,100,85,85,85,85,39,39,39,32,32,82,82,82,83,83,83,83,44,44,44,26,26,26,46,46,22,22,22,56,56,56,87,87,87,50,50,50,34,34,34,3,3,3,25,25,25,43,43,43,25,25,25,26,26,26,13,13,13,15,15,15,29,29,29,61,61,61,61,20,20,20,-30,-30,-30,-33,-33,-33,35,35,35,35,11,11,11,11,39,39,39,24,24,24,24,33,33,33,33,59,59,59,59,56,56,56,56,73,73,73,32,32,32,64,64,64,64,51,51,51,32,32,32,32,71,71,71,61,61,61,70,70,70,37,37,37,-8,-8,-8,31,31,31,36,36,36,55,55,36,36,36,41,41,41,-7,-7,-7,-11,-11,-11,-40,-40,24,24,24,31,31,31,13,13,-27,-27,-34,-34,16,16,9,9,-10,-10,-41,-41,-50,-50,-16,-16,54,54,121,121,121,58,58,58,60,60,66,66,66,35,35,38,38,23,23,12,12,26,26,26,5,5,3,3,3,17,17,17,54,54,54,90,90,90,90,53,53,53,89,89,67,67,136,136,104,104,104,67,67,67,46,46,46,125,125,125,96,96,96,37,37,57,57,59,72,72,108,108,108,122,122,201,201,156,156,157,157,114,114,89,89,119,29,51,51,94,94,59,59,59,100,100,70,70,70,79,79,79,55,55,90,90,69,69,108,108,108,32,32,32,90,90,90,37,37,86,86,88,88,85,85,78,78,78,37,37,92,92,83,83,93,93,93,106,106,106,48,48,48,75,75,75,28,28,28,30,30,30,78,78,41,41,41,112,112,112,94,94,84,84,84,61,61,89,89,89,78,78,78,78,98,98,98,98,86,86,86,86,68,68,68,115,115,115,91,91,91,103,103,103,88,88,88,98,98,98,88,88,88,109,109,109,106,106,106,123,123,123,74,74,40,40,-17,-17,43,43,20,20,20,72,72,72,46,46,16,16,40,40,91,91,91,72,72,72,111,111,32,32,41,41,43,43,48,48,62,62,62,57,57,57,37,37,37,77,77,26,26,51,51,74,74,74,94,94,94,90,90,90,77,77,77,5,5,8,8,20,20,37,37,37,99,99,99,74,74,74,65,65,57,57,40,50,50,50,50,41,41,44,44,53,53,14,14,33,33,-14,-14,1,45,45,43,43,86,86,86,110,110,110,120,120,120,132,132,132,87,87,72,72,47,47,47,7,7,-17,-17,8,8,18,18,40,40,29,29,37,37,37,26,26,26,20,20,20,29,29,43
141,23.85999999999999943,-23,-29,-5,-5,93,93,93,65,65,80,80,25,25,-37,-37,-90,-90,-88,-88,-88,120,120,120,120,112,112,112,112,227,227,227,227,216,216,216,148,148,148,26,26,26,26,31,31,31,31,68,68,68,68,49,49,49,89,89,89,92,92,92,92,112,112,112,112,101,101,101,101,130,130,130,86,86,75,75,75,74,74,74,74,39,39,39,63,63,63,62,62,19,19,19,1,1,1,88,88,88,89,89,89,36,36,36,57,57,57,69,69,69,43,43,43,76,76,76,17,17,17,51,51,51,38,38,38,40,40,40,93,93,93,93,74,74,74,44,44,44,25,25,25,52,52,52,52,55,55,55,55,75,75,75,32,32,32,32,52,52,52,52,132,132,132,132,118,118,118,118,116,116,116,88,88,88,71,71,71,71,73,73,73,79,79,79,79,108,108,108,87,87,87,80,80,80,54,54,54,38,38,38,52,52,52,72,72,72,113,113,116,116,116,57,57,57,1,1,1,-25,-25,-25,18,18,117,117,117,62,62,62,52,52,38,38,49,49,85,85,89,89,86,86,138,138,77,77,112,112,117,117,104,104,104,94,94,94,94,94,80,80,80,93,93,84,84,65,65,52,52,45,45,45,48,48,44,44,44,93,93,93,111,111,111,93,93,93,93,127,127,127,127,127,141,141,190,190,160,160,160,76,76,76,67,67,67,96,96,96,136,136,136,106,106,69,69,89,158,158,108,108,108,129,129,229,229,219,219,220,220,161,161,118,118,116,53,66,66,107,107,117,117,117,157,157,114,114,114,140,140,140,116,116,122,122,123,123,119,119,119,52,52,52,112,112,112,66,66,110,110,150,150,126,126,102,102,102,105,105,112,112,117,117,93,93,93,129,129,129,141,141,141,101,101,101,69,69,69,79,79,79,101,101,123,123,123,102,102,102,143,143,117,117,117,115,115,84,84,84,97,97,97,97,103,103,103,103,131,131,131,131,132,132,132,160,160,160,127,127,127,145,145,145,125,125,125,129,129,129,85,85,85,115,115,115,144,144,144,168,168,168,100,100,85,85,51,51,76,76,59,59,59,101,101,101,106,106,106,106,113,113,119,119,119,94,94,94,138,138,55,55,82,82,71,71,81,81,69,69,69,51,51,51,65,65,65,114,114,73,73,78,78,97,97,97,115,115,115,133,133,133,120,120,120,67,67,82,82,68,68,97,97,97,127,127,127,125,125,125,102,102,83,83,90,93,93,85,85,88,88,109,109,105,105,75,75,79,79,84,84,163,223,223,151,151,126,126,126,128,128,128,111,111,111,111,111,111,116,116,85,85,66,66,66,42,42,39,39,40,40,82,82,83,83,78,78,75,75,75,56,56,56,61,61,61,47,47,68
142,24.06000000000000227,7,41,58,58,109,109,109,70,70,84,84,81,81,21,21,-20,-20,13,13,13,169,169,169,169,135,135,135,135,235,235,235,235,208,208,208,154,154,154,81,81,81,81,16,16,16,16,80,80,80,80,120,120,120,137,137,137,119,119,119,119,95,95,95,95,98,98,98,98,108,108,108,127,127,84,84,84,54,54,54,54,22,22,22,61,61,61,57,57,66,66,66,90,90,90,70,70,70,85,85,85,88,88,88,99,99,99,56,56,56,63,63,63,95,95,95,24,24,24,73,73,73,64,64,64,67,67,67,112,112,112,112,113,113,113,103,103,103,70,70,70,80,80,80,80,68,68,68,68,93,93,93,53,53,53,53,66,66,66,66,132,132,132,132,77,77,77,77,124,124,124,134,134,134,148,148,148,148,92,92,92,101,101,101,101,137,137,137,100,100,100,93,93,93,67,67,67,74,74,74,80,80,80,102,102,102,153,153,134,134,134,87,87,87,20,20,20,17,17,17,81,81,110,110,110,115,115,115,100,100,93,93,84,84,139,139,158,158,132,132,277,277,235,235,178,178,164,164,125,125,125,109,109,109,84,84,90,90,90,111,111,121,121,110,110,102,102,80,80,80,83,83,63,63,63,118,118,118,146,146,146,104,104,104,104,151,151,151,156,156,157,157,219,219,177,177,177,99,99,99,74,74,74,106,106,106,151,151,151,112,112,121,121,112,181,181,122,122,122,169,169,224,224,232,232,231,231,188,188,161,161,103,77,84,84,141,141,115,115,115,185,185,131,131,131,130,130,130,148,148,173,173,153,153,135,135,135,79,79,79,68,68,68,80,80,114,114,162,162,127,127,95,95,95,123,123,134,134,121,121,129,129,129,133,133,133,120,120,120,118,118,118,83,83,83,96,96,96,171,171,106,106,106,130,130,130,123,123,103,103,103,140,140,107,107,107,114,114,114,114,99,99,99,99,145,145,145,145,132,132,132,145,145,145,116,116,116,174,174,174,120,120,120,141,141,141,129,129,129,128,128,128,136,136,136,204,204,204,160,160,95,95,122,122,83,83,85,85,85,122,122,122,148,148,152,152,164,164,145,145,145,115,115,115,117,117,88,88,99,99,82,82,114,114,66,66,66,61,61,61,105,105,105,128,128,93,93,93,93,124,124,124,137,137,137,157,157,157,159,159,159,120,120,111,111,102,102,114,114,114,135,135,135,150,150,150,138,138,102,102,132,133,133,121,121,140,140,155,155,137,137,128,128,101,101,153,153,272,283,283,177,177,122,122,122,134,134,134,84,84,84,111,111,111,99,99,115,115,74,74,74,60,60,59,59,91,91,117,117,109,109,95,95,90,90,90,87,87,87,81,81,81,85,85,71
143,24.26000000000000156,52,107,52,52,83,83,83,91,91,22,22,58,58,77,77,-10,-10,41,41,41,83,83,83,83,90,90,90,90,190,190,190,190,154,154,154,141,141,141,51,51,51,51,34,34,34,34,87,87,87,87,102,102,102,91,91,91,70,70,70,70,75,75,75,75,63,63,63,63,56,56,56,98,98,72,72,72,45,45,45,45,18,18,18,48,48,48,45,45,45,45,45,38,38,38,52,52,52,90,90,90,68,68,68,94,94,94,75,75,75,59,59,59,70,70,70,63,63,63,57,57,57,78,78,78,48,48,48,74,74,74,74,95,95,95,98,98,98,93,93,93,62,62,62,62,93,93,93,93,70,70,70,34,34,34,34,74,74,74,74,89,89,89,89,55,55,55,55,71,71,71,113,113,113,117,117,117,117,81,81,81,77,77,77,77,97,97,97,115,115,115,100,100,100,79,79,79,76,76,76,77,77,77,88,88,88,116,116,93,93,93,53,53,53,1,1,1,37,37,37,92,92,109,109,109,92,92,92,94,94,115,115,99,99,49,49,85,85,92,92,212,212,215,215,138,138,118,118,87,87,87,63,63,63,50,50,44,44,44,77,77,92,92,111,111,112,112,92,92,92,89,89,84,84,84,113,113,113,93,93,93,99,99,99,99,155,155,155,139,139,139,139,154,154,140,140,140,88,88,88,63,63,63,62,62,62,150,150,150,110,110,107,107,95,164,164,109,109,109,134,134,180,180,186,186,185,185,189,189,168,168,124,66,81,81,128,128,120,120,120,189,189,102,102,102,124,124,124,165,165,176,176,141,141,126,126,126,86,86,86,35,35,35,52,52,87,87,118,118,103,103,74,74,74,107,107,80,80,99,99,114,114,114,125,125,125,121,121,121,91,91,91,80,80,80,72,72,72,110,110,44,44,44,102,102,102,88,88,90,90,90,98,98,101,101,101,74,74,74,74,101,101,101,101,138,138,138,138,131,131,131,133,133,133,81,81,81,141,141,141,102,102,102,69,69,69,95,95,95,86,86,86,110,110,110,156,156,156,137,137,78,78,92,92,78,78,94,94,94,121,121,121,129,129,133,133,140,140,134,134,134,126,126,126,82,82,75,75,86,86,99,99,88,88,44,44,44,48,48,48,111,111,111,114,114,99,99,65,65,130,130,130,115,115,115,158,158,158,140,140,140,100,100,75,75,97,97,98,98,98,107,107,107,140,140,140,118,118,97,97,126,144,144,113,113,136,136,134,134,130,130,132,132,113,113,131,131,190,161,161,127,127,89,89,89,63,63,63,16,16,16,32,32,32,62,62,83,83,64,64,64,61,61,47,47,72,72,92,92,93,93,92,92,93,93,93,85,85,85,104,104,104,82,82,69
144,24.46000000000000085,86,114,17,17,71,71,71,21,21,63,63,33,33,55,55,-4,-4,38,38,38,23,23,23,23,-11,-11,-11,-11,70,70,70,70,38,38,38,75,75,75,23,23,23,23,14,14,14,14,3,3,3,3,70,70,70,5,5,5,40,40,40,40,47,47,47,47,-6,-6,-6,-6,20,20,20,49,49,53,53,53,50,50,50,50,6,6,6,27,27,27,62,62,5,5,5,79,79,79,18,18,18,45,45,45,61,61,61,65,65,65,36,36,36,41,41,41,53,53,53,45,45,45,49,49,49,74,74,74,5,5,5,29,29,29,29,49,49,49,69,69,69,66,66,66,34,34,34,34,65,65,65,65,73,73,73,17,17,17,17,38,38,38,38,50,50,50,50,31,31,31,31,44,44,44,89,89,89,62,62,62,62,31,31,31,81,81,81,81,74,74,74,90,90,90,45,45,45,72,72,72,23,23,23,56,56,56,57,57,57,54,54,76,76,76,37,37,37,22,22,22,34,34,34,52,52,40,40,40,8,8,8,34,34,53,53,16,16,-4,-4,-5,-5,-13,-13,110,110,102,102,70,70,47,47,29,29,29,42,42,42,-18,-18,10,10,10,37,37,63,63,85,85,133,133,98,98,98,102,102,57,57,57,94,94,94,74,74,74,108,108,108,108,133,133,133,91,91,40,40,102,102,76,76,76,54,54,54,21,21,21,59,59,59,73,73,73,52,52,113,113,107,162,162,97,97,97,144,144,114,114,155,155,147,147,167,167,143,143,146,46,44,44,40,40,67,67,67,174,174,54,54,54,111,111,111,116,116,141,141,48,48,96,96,96,77,77,77,17,17,17,19,19,40,40,85,85,70,70,82,82,82,93,93,44,44,59,59,123,123,123,65,65,65,71,71,71,70,70,70,69,69,69,37,37,37,72,72,45,45,45,69,69,69,38,38,39,39,39,68,68,33,33,33,56,56,56,56,39,39,39,39,103,103,103,103,65,65,65,68,68,68,63,63,63,86,86,86,88,88,88,41,41,41,65,65,65,24,24,24,49,49,49,106,106,106,90,90,60,60,59,59,54,54,95,95,95,82,82,82,108,108,95,95,104,104,108,108,108,81,81,81,27,27,54,54,38,38,48,48,38,38,22,22,22,19,19,19,65,65,65,72,72,70,70,69,69,101,101,101,69,69,69,107,107,107,109,109,109,49,49,33,33,50,50,50,50,50,54,54,54,102,102,102,84,84,87,87,106,115,115,85,85,93,93,96,96,80,80,102,102,79,79,49,49,16,-19,-19,16,16,24,24,24,-4,-4,-4,-36,-36,-36,-35,-35,-35,35,35,51,51,32,32,32,67,67,44,44,72,72,58,58,75,75,58,58,47,47,47,65,65,65,69,69,69,57,57,44
145,24.66000000000000014,95,64,1,1,65,65,65,59,59,63,63,51,51,10,10,-5,-5,45,45,45,-19,-19,-19,-19,-33,-33,-33,-33,39,39,39,39,-46,-46,-46,40,40,40,32,32,32,32,27,27,27,27,-17,-17,-17,-17,36,36,36,-29,-29,-29,34,34,34,34,77,77,77,77,-14,-14,-14,-14,31,31,31,36,36,31,31,31,46,46,46,46,42,42,42,37,37,37,33,33,51,51,51,40,40,40,72,72,72,44,44,44,28,28,28,13,13,13,28,28,28,62,62,62,60,60,60,25,25,25,44,44,44,62,62,62,0,0,0,27,27,27,27,46,46,46,68,68,68,63,63,63,25,25,25,25,60,60,60,60,76,76,76,18,18,18,18,47,47,47,47,30,30,30,30,64,64,64,64,18,18,18,76,76,76,62,62,62,62,43,43,43,54,54,54,54,53,53,53,67,67,67,33,33,33,71,71,71,32,32,32,77,77,77,52,52,52,53,53,37,37,37,50,50,50,50,50,50,70,70,70,38,38,19,19,19,-25,-25,-25,-17,-17,40,40,30,30,-58,-58,-45,-45,-64,-64,16,16,-19,-19,-23,-23,-15,-15,18,18,18,23,23,23,-35,-35,-1,-1,-1,23,23,59,59,67,67,101,101,149,149,149,160,160,56,56,56,69,69,69,96,96,96,82,82,82,82,106,106,106,42,42,31,31,37,37,52,52,52,35,35,35,61,61,61,44,44,44,59,59,59,89,89,113,113,103,150,150,105,105,105,178,178,129,129,151,151,106,106,148,148,173,173,104,48,33,33,54,54,111,111,111,92,92,49,49,49,107,107,107,100,100,90,90,73,73,58,58,58,80,80,80,15,15,15,56,56,52,52,86,86,66,66,57,57,57,66,66,14,14,47,47,105,105,105,64,64,64,32,32,32,48,48,48,66,66,66,59,59,59,19,19,42,42,42,57,57,57,37,37,29,29,29,64,64,43,43,43,29,29,29,29,54,54,54,54,100,100,100,100,95,95,95,63,63,63,52,52,52,45,45,45,96,96,96,34,34,34,44,44,44,14,14,14,33,33,33,93,93,93,92,92,54,54,38,38,33,33,88,88,88,59,59,59,62,62,64,64,47,47,119,119,119,80,80,80,-8,-8,38,38,34,34,37,37,25,25,23,23,23,20,20,20,57,57,57,55,55,31,31,52,52,79,79,79,22,22,22,83,83,83,46,46,46,27,27,4,4,23,23,53,53,53,40,40,40,77,77,77,61,61,97,97,76,91,91,78,78,79,79,78,78,58,58,78,78,74,74,5,5,-93,-112,-112,-33,-33,-5,-5,-5,-52,-52,-52,-104,-104,-104,-62,-62,-62,-7,-7,46,46,66,66,66,67,67,56,56,67,67,50,50,59,59,37,37,39,39,39,54,54,54,51,51,51,56,56,34
146,24.85999999999999943,103,48,22,22,69,69,69,66,66,86,86,64,64,-11,-11,70,70,104,104,104,0,0,0,0,-16,-16,-16,-16,-9,-9,-9,-9,-62,-62,-62,45,45,45,68,68,68,68,53,53,53,53,18,18,18,18,55,55,55,9,9,9,62,62,62,62,65,65,65,65,59,59,59,59,59,59,59,95,95,80,80,80,80,80,80,80,89,89,89,110,110,110,64,64,85,85,85,59,59,59,83,83,83,42,42,42,67,67,67,53,53,53,49,49,49,88,88,88,67,67,67,97,97,97,75,75,75,94,94,94,77,77,77,-25,-25,-25,-25,94,94,94,73,73,73,86,86,86,57,57,57,57,94,94,94,94,82,82,82,55,55,55,55,75,75,75,75,91,91,91,91,94,94,94,94,54,54,54,89,89,89,112,112,112,112,44,44,44,82,82,82,82,61,61,61,102,102,102,73,73,73,69,69,69,105,105,105,109,109,109,101,101,101,53,53,111,111,111,93,93,93,95,95,95,94,94,94,59,59,37,37,37,0,0,0,8,8,68,68,65,65,-5,-5,-16,-16,-22,-22,-5,-5,-5,-5,23,23,26,26,54,54,54,73,73,73,13,13,61,61,61,38,38,73,73,93,93,127,127,164,164,164,172,172,76,76,76,128,128,128,80,80,80,121,121,121,121,132,132,132,58,58,48,48,61,61,64,64,64,70,70,70,135,135,135,106,106,106,49,49,49,127,127,151,151,152,136,136,163,163,163,184,184,114,114,168,168,138,138,168,168,204,204,127,71,49,49,61,61,90,90,90,125,125,81,81,81,118,118,118,135,135,100,100,98,98,90,90,90,125,125,125,65,65,65,91,91,88,88,115,115,82,82,82,82,82,132,132,53,53,90,90,120,120,120,112,112,112,54,54,54,56,56,56,110,110,110,94,94,94,60,60,60,60,60,60,60,60,58,58,63,63,63,85,85,76,76,76,73,73,73,73,82,82,82,82,103,103,103,103,104,104,104,85,85,85,66,66,66,72,72,72,93,93,93,75,75,75,57,57,57,35,35,35,87,87,87,123,123,123,118,118,110,110,97,97,64,64,97,97,97,61,61,61,62,62,70,70,73,73,123,123,123,98,98,98,12,12,76,76,45,45,49,49,51,51,53,53,53,28,28,28,88,88,88,68,68,63,63,93,93,78,78,78,27,27,27,72,72,72,44,44,44,42,42,44,44,73,73,63,63,63,63,63,63,75,75,75,93,93,93,93,90,94,94,106,106,122,122,79,79,77,77,95,95,116,116,46,46,-79,-90,-90,-17,-17,15,15,15,-33,-33,-33,-93,-93,-93,-57,-57,-57,-2,-2,20,20,85,85,85,107,107,97,97,87,87,79,79,61,61,51,51,48,48,48,81,81,81,56,56,56,58,58,56
147,25.06000000000000227,139,92,137,137,116,116,116,80,80,62,62,72,72,135,135,136,136,113,113,113,15,15,15,15,3,3,3,3,-35,-35,-35,-35,-39,-39,-39,46,46,46,79,79,79,79,98,98,98,98,88,88,88,88,58,58,58,74,74,74,128,128,128,128,95,95,95,95,63,63,63,63,105,105,105,133,133,137,137,137,108,108,108,108,166,166,166,160,160,160,161,161,79,79,79,152,152,152,93,93,93,115,115,115,143,143,143,124,124,124,96,96,96,140,140,140,126,126,126,149,149,149,109,109,109,98,98,98,84,84,84,43,43,43,43,40,40,40,117,117,117,87,87,87,88,88,88,88,104,104,104,104,113,113,113,104,104,104,104,150,150,150,150,137,137,137,137,147,147,147,147,138,138,138,172,172,172,108,108,108,108,95,95,95,138,138,138,138,95,95,95,115,115,115,105,105,105,115,115,115,121,121,121,103,103,103,120,120,120,90,90,135,135,135,137,137,137,144,144,144,115,115,115,103,103,80,80,80,76,76,76,47,47,149,149,163,163,63,63,78,78,34,34,110,110,150,150,76,76,100,100,74,74,74,134,134,134,95,95,105,105,105,121,121,122,122,119,119,160,160,215,215,215,184,184,149,149,149,166,166,166,119,119,119,132,132,132,132,127,127,127,132,132,105,105,72,72,101,101,101,139,139,139,211,211,211,160,160,160,141,141,141,209,209,214,214,217,189,189,238,238,238,212,212,123,123,162,162,143,143,190,190,205,205,135,106,124,124,103,103,106,106,106,137,137,135,135,135,131,131,131,143,143,92,92,119,119,131,131,131,128,128,128,124,124,124,153,153,123,123,141,141,149,149,126,126,126,161,161,109,109,129,129,141,141,141,139,139,139,123,123,123,102,102,102,125,125,125,99,99,99,109,109,84,84,84,137,137,137,96,96,143,143,143,135,135,106,106,106,109,109,109,109,102,102,102,102,156,156,156,156,113,113,113,130,130,130,112,112,112,158,158,158,166,166,166,165,165,165,119,119,119,93,93,93,153,153,153,164,164,164,170,170,149,149,166,166,118,118,128,128,128,72,72,72,90,90,75,75,57,57,130,130,130,123,123,123,70,70,116,116,81,81,103,103,113,113,117,117,117,117,117,117,147,147,147,104,104,115,115,123,123,84,84,84,34,34,34,95,95,95,93,93,93,83,83,92,92,94,94,143,143,143,97,97,97,107,107,107,105,105,118,118,106,114,114,127,127,122,122,91,91,85,85,107,107,124,124,66,66,-10,-5,-5,24,24,42,42,42,-15,-15,-15,-36,-36,-36,-43,-43,-43,7,7,66,66,109,109,109,136,136,107,107,102,102,71,71,81,81,63,63,75,75,75,86,86,86,75,75,75,83,83,69
148,25.26000000000000156,161,171,200,200,115,115,115,124,124,63,63,71,71,27,27,191,191,138,138,138,43,43,43,43,59,59,59,59,-47,-47,-47,-47,-25,-25,-25,39,39,39,104,104,104,104,49,49,49,49,118,118,118,118,122,122,122,97,97,97,111,111,111,111,56,56,56,56,88,88,88,88,97,97,97,120,120,165,165,165,133,133,133,133,163,163,163,141,141,141,110,110,102,102,102,103,103,103,126,126,126,137,137,137,124,124,124,119,119,119,123,123,123,166,166,166,156,156,156,120,120,120,132,132,132,102,102,102,117,117,117,85,85,85,85,31,31,31,54,54,54,117,117,117,88,88,88,88,124,124,124,124,123,123,123,155,155,155,155,150,150,150,150,174,174,174,174,183,183,183,183,169,169,169,167,167,167,137,137,137,137,112,112,112,138,138,138,138,112,112,112,129,129,129,115,115,115,104,104,104,114,114,114,130,130,130,133,133,133,158,158,154,154,154,157,157,157,194,194,194,127,127,127,104,104,129,129,129,91,91,91,145,145,199,199,163,163,137,137,84,84,120,120,131,131,178,178,140,140,111,111,182,182,182,178,178,178,161,161,133,133,133,174,174,168,168,152,152,184,184,238,238,238,228,228,215,215,215,194,194,194,167,167,167,155,155,155,155,132,132,132,157,157,134,134,119,119,154,154,154,172,172,172,204,204,204,203,203,203,168,168,168,242,242,244,244,231,185,185,273,273,273,170,170,122,122,153,153,176,176,202,202,182,182,149,127,145,145,70,70,150,150,150,146,146,132,132,132,166,166,166,142,142,113,113,139,139,159,159,159,169,169,169,178,178,178,198,198,165,165,162,162,170,170,138,138,138,177,177,134,134,111,111,139,139,139,144,144,144,112,112,112,108,108,108,149,149,149,112,112,112,140,140,122,122,122,136,136,136,122,122,150,150,150,136,136,127,127,127,159,159,159,159,139,139,139,139,128,128,128,128,133,133,133,179,179,179,146,146,146,155,155,155,162,162,162,171,171,171,134,134,134,133,133,133,161,161,161,172,172,172,176,176,149,149,164,164,148,148,110,110,110,65,65,65,87,87,83,83,72,72,127,127,127,121,121,121,95,95,147,147,121,121,100,100,139,139,129,129,129,148,148,148,160,160,160,137,137,111,111,94,94,68,68,68,40,40,40,93,93,93,97,97,97,102,102,128,128,117,117,128,128,128,118,118,118,131,131,131,110,110,120,120,103,119,119,111,111,98,98,115,115,66,66,111,111,93,93,65,65,31,42,42,53,53,21,21,21,-5,-5,-5,4,4,4,-21,-21,-21,9,9,69,69,138,138,138,156,156,156,156,99,99,86,86,79,79,47,47,84,84,84,97,97,97,70,70,70,94,94,81
149,25.46000000000000085,205,141,177,177,67,67,67,108,108,33,33,38,38,43,43,121,121,120,120,120,8,8,8,8,-15,-15,-15,-15,-75,-75,-75,-75,-25,-25,-25,-18,-18,-18,32,32,32,32,81,81,81,81,127,127,127,127,83,83,83,40,40,40,92,92,92,92,57,57,57,57,67,67,67,67,71,71,71,76,76,148,148,148,128,128,128,128,145,145,145,102,102,102,106,106,86,86,86,113,113,113,87,87,87,97,97,97,86,86,86,130,130,130,95,95,95,93,93,93,132,132,132,96,96,96,63,63,63,98,98,98,53,53,53,15,15,15,15,35,35,35,13,13,13,89,89,89,66,66,66,66,76,76,76,76,91,91,91,107,107,107,107,146,146,146,146,130,130,130,130,166,166,166,166,147,147,147,156,156,156,105,105,105,105,132,132,132,148,148,148,148,96,96,96,114,114,114,54,54,54,85,85,85,98,98,98,131,131,131,97,97,97,89,89,115,115,115,149,149,149,169,169,169,87,87,87,99,99,68,68,68,107,107,107,133,133,165,165,142,142,59,59,78,78,67,67,106,106,159,159,148,148,138,138,152,152,152,168,168,168,177,177,145,145,145,164,164,150,150,147,147,167,167,213,213,213,166,166,208,208,208,167,167,167,158,158,158,127,127,127,127,123,123,123,136,136,139,139,137,137,148,148,148,188,188,188,199,199,199,181,181,181,159,159,159,198,198,207,207,183,155,155,272,272,272,184,184,103,103,115,115,126,126,167,167,115,115,105,130,121,121,75,75,95,95,95,92,92,130,130,130,112,112,112,105,105,94,94,117,117,143,143,143,136,136,136,140,140,140,151,151,119,119,99,99,146,146,134,134,134,122,122,109,109,97,97,132,132,132,124,124,124,94,94,94,99,99,99,104,104,104,107,107,107,108,108,116,116,116,142,142,142,121,121,111,111,111,143,143,120,120,120,113,113,113,113,101,101,101,101,115,115,115,115,112,112,112,164,164,164,148,148,148,155,155,155,140,140,140,157,157,157,142,142,142,140,140,140,152,152,152,103,103,103,128,128,99,99,86,86,104,104,28,28,28,42,42,42,46,46,42,42,95,95,91,91,91,73,73,73,106,106,112,112,128,128,102,102,86,86,129,129,129,118,118,118,140,140,140,76,76,89,89,47,47,34,34,34,36,36,36,73,73,73,89,89,89,86,86,99,99,99,99,82,82,82,94,94,94,75,75,75,86,86,98,98,70,84,84,66,66,74,74,68,68,27,27,40,40,31,31,19,19,31,31,31,6,6,-5,-5,-5,19,19,19,11,11,11,-6,-6,-6,1,1,59,59,111,111,111,163,163,141,141,88,88,55,55,46,46,50,50,74,74,74,71,71,71,43,43,43,46,46,50
150,25.66000000000000369,120,89,83,83,-10,-10,-10,20,20,-9,-9,-35,-35,2,2,1,1,12,12,12,-27,-27,-27,-27,-24,-24,-24,-24,-111,-111,-111,-111,-68,-68,-68,-61,-61,-61,-12,-12,-12,-12,33,33,33,33,61,61,61,61,24,24,24,2,2,2,25,25,25,25,-34,-34,-34,-34,40,40,40,40,-30,-30,-30,2,2,75,75,75,115,115,115,115,21,21,21,47,47,47,56,56,60,60,60,47,47,47,26,26,26,51,51,51,28,28,28,47,47,47,56,56,56,36,36,36,75,75,75,55,55,55,18,18,18,13,13,13,-16,-16,-16,-14,-14,-14,-14,-34,-34,-34,-29,-29,-29,12,12,12,-2,-2,-2,-2,23,23,23,23,69,69,69,48,48,48,48,88,88,88,88,63,63,63,63,92,92,92,92,80,80,80,69,69,69,89,89,89,89,42,42,42,37,37,37,37,29,29,29,60,60,60,24,24,24,37,37,37,1,1,1,36,36,36,34,34,34,16,16,27,27,27,40,40,40,108,108,108,57,57,57,51,51,40,40,40,11,11,11,51,51,23,23,40,40,-2,-2,-7,-7,11,11,10,10,100,100,80,80,94,94,110,110,110,79,79,79,114,114,84,84,84,96,96,70,70,64,64,106,106,144,144,144,94,94,112,112,112,105,105,105,104,104,104,84,84,84,84,44,44,44,79,79,74,74,78,78,108,108,108,114,114,114,101,101,101,153,153,153,94,94,94,138,138,149,149,78,101,101,176,176,176,61,61,76,76,34,34,29,29,89,89,70,70,67,42,74,74,39,39,51,51,51,55,55,90,90,90,74,74,74,2,2,37,37,68,68,70,70,70,44,44,44,73,73,73,62,62,57,57,45,45,100,100,75,75,75,56,56,52,52,39,39,60,60,60,75,75,75,58,58,58,26,26,26,56,56,56,41,41,41,39,39,52,52,52,68,68,68,59,59,65,65,65,74,74,69,69,69,67,67,67,67,58,58,58,58,56,56,56,56,57,57,57,105,105,105,79,79,79,93,93,93,87,87,87,106,106,106,50,50,50,75,75,75,44,44,44,25,25,25,21,21,-3,-3,-24,-24,51,51,-13,-13,-13,-1,-1,-1,-20,-20,-19,-19,10,10,32,32,32,24,24,24,52,52,64,64,40,40,29,29,47,47,64,64,64,48,48,48,41,41,41,25,25,-6,-6,-13,-13,11,11,11,8,8,8,10,10,10,32,32,32,-2,-2,49,49,24,24,39,39,39,28,28,28,28,28,28,3,3,10,10,-1,1,1,2,2,-5,-5,-17,-17,-31,-31,-45,-45,-41,-41,-33,-33,-52,-46,-46,-47,-47,-45,-45,-45,-9,-9,-9,-5,-5,-5,-39,-39,-39,-39,-39,20,20,54,54,54,106,106,78,78,23,23,12,12,10,10,17,17,13,13,13,-12,-12,-12,-1,-1,-1,-1,-1,9
151,25.86000000000000298,29,-27,-31,-31,-92,-92,-92,-64,-64,-77,-77,-34,-34,-81,-81,-97,-97,-64,-64,-64,-91,-91,-91,-91,-88,-88,-88,-88,-87,-87,-87,-87,-112,-112,-112,-119,-119,-119,-58,-58,-58,-58,-51,-51,-51,-51,-5,-5,-5,-5,-45,-45,-45,-68,-68,-68,-52,-52,-52,-52,-53,-53,-53,-53,-5,-5,-5,-5,-67,-67,-67,-88,-88,2,2,2,22,22,22,22,-1,-1,-1,21,21,21,6,6,25,25,25,19,19,19,-43,-43,-43,-23,-23,-23,-30,-30,-30,-14,-14,-14,-35,-35,-35,-15,-15,-15,-13,-13,-13,-23,-23,-23,-33,-33,-33,-28,-28,-28,-31,-31,-31,-40,-40,-40,-40,-47,-47,-47,-76,-76,-76,-58,-58,-58,-48,-48,-48,-48,-33,-33,-33,-33,-15,-15,-15,-1,-1,-1,-1,30,30,30,30,-14,-14,-14,-14,17,17,17,17,24,24,24,13,13,13,-9,-9,-9,-9,15,15,15,-44,-44,-44,-44,-45,-45,-45,-23,-23,-23,-56,-56,-56,-50,-50,-50,-33,-33,-33,-6,-6,-6,-16,-16,-16,-65,-65,-31,-31,-31,-36,-36,-36,28,28,28,15,15,15,13,13,-22,-22,-22,-30,-30,-30,-44,-44,-154,-154,-16,-16,-57,-57,-51,-51,-69,-69,-91,-91,-13,-13,5,5,29,29,67,67,67,-19,-19,-19,-3,-3,35,35,35,0,0,-19,-19,0,0,16,16,49,49,49,28,28,35,35,35,26,26,26,37,37,37,53,53,53,53,4,4,4,0,0,11,11,19,19,20,20,20,48,48,48,-27,-27,-27,75,75,75,37,37,37,68,68,56,56,-3,11,11,73,73,73,-7,-7,32,32,-27,-27,-4,-4,-14,-14,-25,-25,-24,-17,-22,-22,-33,-33,-45,-45,-45,-11,-11,39,39,39,-38,-38,-38,-58,-58,-26,-26,-42,-42,32,32,32,-35,-35,-35,9,9,9,28,28,-21,-21,-9,-9,34,34,35,35,35,-14,-14,-15,-15,-33,-33,19,19,19,30,30,30,8,8,8,-15,-15,-15,4,4,4,-13,-13,-13,-57,-57,-1,-1,-1,-11,-11,-11,-19,-19,11,11,11,19,19,11,11,11,3,3,3,3,8,8,8,8,1,1,1,1,-8,-8,-8,38,38,38,23,23,23,29,29,29,12,12,12,40,40,40,20,20,20,30,30,30,-41,-41,-41,-67,-67,-67,-50,-50,-90,-90,-130,-130,-46,-46,-94,-94,-94,-65,-65,-65,-64,-64,-53,-53,-73,-73,-31,-31,-31,-41,-41,-41,4,4,-12,-12,-10,-10,-11,-11,-6,-6,-3,-3,-3,-9,-9,-9,-12,-12,-12,-29,-29,-62,-62,-83,-83,-66,-66,-66,-27,-27,-27,-29,-29,-29,-39,-39,-39,-50,-50,-27,-27,-45,-45,-31,-31,-31,-35,-35,-35,-43,-43,-43,-60,-60,-52,-52,-67,-45,-45,-60,-60,-74,-74,-80,-80,-96,-96,-75,-75,-76,-76,-77,-77,-81,-123,-123,-102,-102,-102,-102,-102,-29,-29,-29,-43,-43,-43,-45,-45,-45,-88,-88,-26,-26,6,6,6,41,41,33,33,-30,-30,-48,-48,-46,-46,-51,-51,-28,-28,-28,-51,-51,-51,-64,-64,-64,-64,-64,-62
152,26.06000000000000227,-33,-116,-56,-56,-129,-129,-129,-78,-78,-147,-147,-116,-116,-111,-111,-114,-114,-115,-115,-115,-80,-80,-80,-80,-78,-78,-78,-78,-77,-77,-77,-77,-62,-62,-62,-89,-89,-89,-53,-53,-53,-53,-51,-51,-51,-51,-29,-29,-29,-29,-52,-52,-52,-72,-72,-72,-73,-73,-73,-73,-73,-73,-73,-73,-59,-59,-59,-59,-94,-94,-94,-98,-98,-8,-8,-8,-41,-41,-41,-41,-72,-72,-72,-51,-51,-51,-33,-33,-41,-41,-41,-18,-18,-18,-93,-93,-93,-60,-60,-60,-44,-44,-44,-63,-63,-63,-17,-17,-17,-47,-47,-47,-32,-32,-32,-42,-42,-42,-100,-100,-100,-79,-79,-79,-80,-80,-80,-64,-64,-64,-64,-70,-70,-70,-101,-101,-101,-60,-60,-60,-87,-87,-87,-87,-72,-72,-72,-72,-44,-44,-44,-12,-12,-12,-12,-13,-13,-13,-13,-34,-34,-34,-34,-13,-13,-13,-13,-29,-29,-29,-68,-68,-68,-36,-36,-36,-36,-19,-19,-19,-52,-52,-52,-52,-76,-76,-76,-62,-62,-62,-55,-55,-55,-35,-35,-35,-37,-37,-37,-36,-36,-36,-73,-73,-73,-45,-45,-85,-85,-85,-53,-53,-53,-63,-63,-63,-27,-27,-27,-21,-21,-43,-43,-43,-32,-32,-32,-115,-115,-185,-185,-80,-80,-83,-83,-94,-94,-102,-102,-157,-157,-55,-55,-46,-46,-2,-2,11,11,11,-76,-76,-76,-47,-47,-27,-27,-27,-35,-35,-73,-73,-33,-33,-49,-49,-44,-44,-44,-25,-25,-21,-21,-21,-29,-29,-29,4,4,4,2,2,2,2,-19,-19,-19,-7,-7,-48,-48,-18,-18,-40,-40,-40,-29,-29,-29,-89,-89,-89,-22,-22,-22,-3,-3,-3,12,12,-6,-6,-22,-59,-59,-27,-27,-27,-56,-56,-4,-4,-76,-76,-35,-35,-37,-37,-85,-85,1,-79,-55,-55,-13,-13,-61,-61,-61,-27,-27,-64,-64,-64,-81,-81,-81,-103,-103,-44,-44,-72,-72,-20,-20,-20,-97,-97,-97,-27,-27,-27,-36,-36,-52,-52,-55,-55,-31,-31,-16,-16,-16,-50,-50,-47,-47,-52,-52,-55,-55,-55,14,14,14,-10,-10,-10,-43,-43,-43,2,2,2,-46,-46,-46,-42,-42,-30,-30,-30,-64,-64,-64,-25,-25,-28,-28,-28,3,3,5,5,5,-28,-28,-28,-28,-22,-22,-22,-22,-49,-49,-49,-49,-39,-39,-39,-17,-17,-17,-30,-30,-30,-1,-1,-1,-4,-4,-4,23,23,23,-24,-24,-24,-13,-13,-13,-83,-83,-83,-101,-101,-101,-117,-117,-123,-123,-150,-150,-35,-35,-82,-82,-82,-51,-51,-51,-97,-97,-69,-69,-81,-81,-62,-62,-62,-92,-92,-92,-27,-27,-56,-56,-36,-36,-65,-65,-47,-47,-21,-21,-21,-29,-29,-29,-68,-68,-68,-64,-64,-80,-80,-123,-123,-81,-81,-81,-41,-41,-41,-63,-63,-63,-69,-69,-69,-71,-71,-72,-72,-83,-83,-100,-100,-100,-73,-73,-73,-85,-85,-85,-85,-85,-74,-74,-70,-74,-74,-95,-95,-107,-107,-111,-111,-125,-125,-79,-79,-80,-80,-105,-105,-97,-117,-117,-87,-87,-68,-68,-68,-38,-38,-38,-35,-35,-35,-59,-59,-59,-110,-110,-43,-43,-26,-26,-26,-15,-15,-25,-25,-66,-66,-66,-66,-64,-64,-71,-71,-69,-69,-69,-61,-61,-61,-64,-64,-64,-64,-64,-83
153,26.26000000000000512,-73,-56,-46,-46,-136,-136,-136,-128,-128,-151,-151,-51,-51,-105,-105,-117,-117,-104,-104,-104,18,18,18,18,-26,-26,-26,-26,9,9,9,9,-28,-28,-28,-93,-93,-93,-112,-112,-112,-112,-49,-49,-49,-49,-37,-37,-37,-37,-86,-86,-86,-66,-66,-66,-51,-51,-51,-51,-51,-51,-51,-51,-81,-81,-81,-81,-57,-57,-57,-72,-72,-35,-35,-35,-48,-48,-48,-48,-57,-57,-57,-62,-62,-62,-73,-73,-58,-58,-58,-24,-24,-24,-55,-55,-55,-55,-55,-55,-67,-67,-67,18,18,18,-48,-48,-48,-75,-75,-75,-74,-74,-74,-71,-71,-71,-65,-65,-65,-45,-45,-45,-82,-82,-82,-50,-50,-50,-50,-52,-52,-52,-51,-51,-51,-86,-86,-86,-74,-74,-74,-74,-63,-63,-63,-63,-42,-42,-42,-14,-14,-14,-14,-38,-38,-38,-38,-69,-69,-69,-69,-44,-44,-44,-44,-20,-20,-20,-28,-28,-28,-35,-35,-35,-35,-51,-51,-51,-38,-38,-38,-38,-64,-64,-64,-32,-32,-32,-42,-42,-42,-70,-70,-70,-28,-28,-28,-84,-84,-84,-88,-88,-88,-9,-9,-41,-41,-41,-69,-69,-69,-89,-89,-89,-56,-56,-56,-18,-18,-50,-50,-50,-20,-20,-20,-87,-87,-131,-131,-60,-60,-70,-70,-86,-86,-72,-72,-111,-111,-85,-85,-53,-53,-12,-12,-3,-3,-3,-64,-64,-64,-47,-47,-34,-34,-34,-53,-53,-62,-62,-61,-61,-79,-79,-78,-78,-78,-66,-66,-52,-52,-52,-37,-37,-37,8,8,8,-22,-22,-22,-22,-32,-32,-32,-17,-17,-14,-14,-25,-25,-29,-29,-29,-1,-1,-1,-113,-113,-113,-79,-79,-79,0,0,0,-22,-22,-23,-23,-29,-29,-29,-48,-48,-48,-83,-83,7,7,-45,-45,-30,-30,-22,-22,-96,-96,-35,-51,-58,-58,1,1,-34,-34,-34,-45,-45,-42,-42,-42,-90,-90,-90,-76,-76,-65,-65,-53,-53,-33,-33,-33,-112,-112,-112,-51,-51,-51,-63,-63,-40,-40,-55,-55,2,2,-15,-15,-15,-103,-103,-55,-55,-76,-76,-46,-46,-46,0,0,0,-19,-19,-19,-41,-41,-41,-3,-3,-3,-36,-36,-36,-56,-56,-7,-7,-7,-21,-21,-21,-12,-12,-33,-33,-33,-23,-23,-38,-38,-38,-13,-13,-13,-13,-46,-46,-46,-46,-55,-55,-55,-55,-31,-31,-31,-51,-51,-51,-58,-58,-58,9,9,9,-24,-24,-24,10,10,10,-26,-26,-26,-2,-2,-2,-76,-76,-76,-99,-99,-99,-92,-92,-86,-86,-130,-130,-34,-34,-88,-88,-88,-58,-58,-58,-69,-69,-62,-62,-59,-59,-44,-44,-44,-100,-100,-100,-31,-31,-67,-67,-35,-35,-48,-48,-46,-46,-39,-39,-39,-37,-37,-37,-61,-61,-61,-65,-65,-82,-82,-110,-110,-68,-68,-68,-41,-41,-41,-51,-51,-51,-48,-48,-48,-74,-74,-75,-75,-74,-74,-51,-51,-51,-92,-92,-92,-72,-72,-72,-71,-71,-75,-75,-46,-57,-57,-93,-93,-100,-100,-99,-99,-85,-85,-65,-65,-82,-82,-73,-73,-47,-18,-18,-31,-31,-41,-41,-41,4,4,4,8,8,8,-7,-7,-7,-46,-46,-40,-40,-21,-21,-21,-25,-25,-42,-42,-65,-65,-58,-58,-68,-68,-68,-68,-58,-58,-58,-73,-73,-73,-64,-64,-64,-59,-59,-68
154,26.46000000000000441,-69,-53,-49,-49,-75,-75,-75,-100,-100,-90,-90,-30,-30,-12,-12,-78,-78,-45,-45,-45,78,78,78,78,-4,-4,-4,-4,55,55,55,55,73,73,73,-83,-83,-83,-60,-60,-60,-60,-10,-10,-10,-10,-9,-9,-9,-9,-35,-35,-35,6,6,6,-20,-20,-20,-20,6,6,6,6,-76,-76,-76,-76,-31,-31,-31,-45,-45,-48,-48,-48,-79,-79,-79,-79,-89,-89,-89,-50,-50,-50,-36,-36,-16,-16,-16,-32,-32,-32,-58,-58,-58,-49,-49,-49,-91,-91,-91,1,1,1,-31,-31,-31,-60,-60,-60,-87,-87,-87,-40,-40,-40,-50,-50,-50,-21,-21,-21,-45,-45,-45,-12,-12,-12,-12,-57,-57,-57,-56,-56,-56,-65,-65,-65,-52,-52,-52,-52,-63,-63,-63,-63,-41,-41,-41,4,4,4,4,-32,-32,-32,-32,-43,-43,-43,-43,-47,-47,-47,-47,-35,-35,-35,-31,-31,-31,-6,-6,-6,-6,-48,-48,-48,-48,-48,-48,-48,-37,-37,-37,-20,-20,-20,-55,-55,-55,-18,-18,-18,-33,-33,-33,-45,-45,-45,-33,-33,-33,12,12,-29,-29,-29,-54,-54,-54,-85,-85,-85,-78,-78,-78,17,17,2,2,2,12,12,12,-68,-68,-81,-81,-4,-4,-14,-14,-24,-24,-1,-1,-52,-52,-74,-74,-56,-56,-23,-23,14,14,14,-52,-52,-52,-46,-46,-46,-46,-46,-50,-50,-52,-52,-57,-57,-95,-95,-64,-64,-64,-91,-91,-47,-47,-47,-21,-21,-21,-10,-10,-10,3,3,3,3,-24,-24,-24,-41,-41,16,16,-25,-25,-31,-31,-31,-47,-47,-47,-114,-114,-114,-104,-104,-104,-8,-8,-8,6,6,-13,-13,6,-51,-51,-94,-94,-94,-99,-99,-20,-20,-28,-28,13,13,-25,-25,-28,-28,-50,-61,-11,-11,27,27,-36,-36,-36,-28,-28,-70,-70,-70,-47,-47,-47,-46,-46,-46,-46,-47,-47,-20,-20,-20,-104,-104,-104,-42,-42,-42,-51,-51,-54,-54,-16,-16,-23,-23,-12,-12,-12,-81,-81,-34,-34,-46,-46,-48,-48,-48,6,6,6,5,5,5,-14,-14,-14,-8,-8,-8,-44,-44,-44,-43,-43,18,18,18,-16,-16,-16,-24,-24,-21,-21,-21,-10,-10,-13,-13,-13,-25,-25,-25,-25,-29,-29,-29,-29,-37,-37,-37,-37,-25,-25,-25,-44,-44,-44,-54,-54,-54,-5,-5,-5,-9,-9,-9,14,14,14,-26,-26,-26,12,12,12,-80,-80,-80,-79,-79,-79,-89,-89,-99,-99,-65,-65,-20,-20,-51,-51,-51,-41,-41,-41,-39,-39,-21,-21,-29,-29,-38,-38,-38,-46,-46,-46,-48,-48,-63,-63,-36,-36,-48,-48,-45,-45,-55,-55,-55,-26,-26,-26,-69,-69,-69,-57,-57,-70,-70,-99,-99,-46,-46,-46,-19,-19,-19,-19,-19,-19,-31,-31,-31,-44,-44,-64,-64,-49,-49,-36,-36,-36,-48,-48,-48,-58,-58,-58,-26,-26,-32,-32,-13,-23,-23,-49,-49,-75,-75,-59,-59,-57,-57,-56,-56,-56,-56,-37,-37,8,57,57,12,12,4,4,4,24,24,24,48,48,48,29,29,29,-15,-15,-30,-30,-24,-24,-24,-45,-45,-47,-47,-66,-66,-39,-39,-38,-38,-21,-21,-33,-33,-33,-50,-50,-50,-36,-36,-36,-33,-33,-40
155,26.66000000000000369,-43,-27,-67,-67,-46,-46,-46,-30,-30,0,0,-28,-28,39,39,-30,-30,0,0,0,40,40,40,40,-9,-9,-9,-9,58,58,58,58,31,31,31,-32,-32,-32,-4,-4,-4,-4,-21,-21,-21,-21,-47,-47,-47,-47,-34,-34,-34,-35,-35,-35,15,15,15,15,15,15,15,15,-50,-50,-50,-50,-26,-26,-26,-26,-26,-45,-45,-45,-32,-32,-32,-32,-63,-63,-63,-37,-37,-37,-37,-37,-19,-19,-19,-35,-35,-35,-38,-38,-38,-48,-48,-48,-18,-18,-18,-3,-3,-3,-26,-26,-26,-27,-27,-27,-88,-88,-88,-50,-50,-50,-54,-54,-54,-30,-30,-30,-40,-40,-40,4,4,4,4,-5,-5,-5,3,3,3,-37,-37,-37,-54,-54,-54,-54,-27,-27,-27,-27,-52,-52,-52,14,14,14,14,-22,-22,-22,-22,-26,-26,-26,-26,-56,-56,-56,-56,-28,-28,-28,-9,-9,-9,35,35,35,35,-5,-5,-5,3,3,3,3,-4,-4,-4,-33,-33,-33,-20,-20,-20,-36,-36,-36,3,3,3,-39,-39,-39,-10,-10,-10,-2,-2,-25,-25,-25,-55,-55,-55,-74,-74,-74,-46,-46,-46,-22,-22,-6,-6,-6,24,24,24,-45,-45,-10,-10,-15,-15,2,2,12,12,1,1,27,27,-40,-40,-9,-9,-5,-5,-10,-10,-10,-53,-53,-53,-31,-31,-27,-27,-27,-52,-52,-39,-39,-51,-51,-73,-73,-64,-64,-64,-65,-65,-50,-50,-50,0,0,0,5,5,5,-16,-16,-16,-16,-7,-7,-7,-12,-12,-2,-2,-35,-35,-51,-51,-51,-25,-25,-25,-79,-79,-79,-137,-137,-137,-24,-24,-24,-52,-52,-14,-14,12,-42,-42,-98,-98,-98,-118,-118,-1,-1,-25,-25,7,7,-33,-33,-83,-83,-59,-51,-11,-11,57,57,2,2,2,36,36,-42,-42,-42,-52,-52,-52,-18,-18,-22,-22,-35,-35,-31,-31,-31,-95,-95,-95,-69,-69,-69,-75,-75,-44,-44,-13,-13,-37,-37,-54,-54,-54,-106,-106,-61,-61,-48,-48,-47,-47,-47,-18,-18,-18,-13,-13,-13,-11,-11,-11,-11,-11,-11,-45,-45,-45,-1,-1,-2,-2,-2,-38,-38,-38,10,10,5,5,5,-17,-17,-26,-26,-26,27,27,27,27,-62,-62,-62,-62,8,8,8,8,-42,-42,-42,-63,-63,-63,-62,-62,-62,14,14,14,17,17,17,34,34,34,10,10,10,-25,-25,-25,-79,-79,-79,-62,-62,-62,-75,-75,-84,-84,-67,-67,-41,-41,-27,-27,-27,-74,-74,-74,-25,-25,1,1,3,3,-26,-26,-26,-55,-55,-55,-71,-71,-52,-52,-14,-14,-56,-56,-31,-31,-56,-56,-56,-38,-38,-38,-76,-76,-76,-44,-44,-65,-65,-77,-77,-59,-59,-59,-34,-34,-34,-23,-23,-23,-18,-18,-18,-18,-18,-50,-50,-54,-54,-51,-51,-51,-54,-54,-54,-58,-58,-58,-33,-33,-7,-7,10,0,0,-23,-23,-36,-36,-59,-59,-33,-33,-71,-71,-67,-67,-11,-11,31,67,67,25,25,22,22,22,69,69,69,47,47,47,30,30,30,5,5,-25,-25,-36,-36,-36,-50,-50,-62,-62,-64,-64,-41,-41,-25,-25,-14,-14,-14,-14,-14,-47,-47,-47,-16,-16,-16,-37,-37,-31
156,26.86000000000000298,-26,-36,-58,-58,-21,-21,-21,-26,-26,-12,-12,54,54,15,15,29,29,7,7,7,7,7,7,7,-16,-16,-16,-16,40,40,40,40,25,25,25,-29,-29,-29,8,8,8,8,-3,-3,-3,-3,6,6,6,6,-15,-15,-15,-27,-27,-27,19,19,19,19,42,42,42,42,-3,-3,-3,-3,-5,-5,-5,5,5,-30,-30,-30,-62,-62,-62,-62,-43,-43,-43,-43,-43,-43,-25,-25,-40,-40,-40,-41,-41,-41,-8,-8,-8,-37,-37,-37,-56,-56,-56,-7,-7,-7,-2,-2,-2,-51,-51,-51,-41,-41,-41,-57,-57,-57,-42,-42,-42,12,12,12,-11,-11,-11,-13,-13,-13,-13,29,29,29,17,17,17,-23,-23,-23,1,1,1,1,1,1,1,1,22,22,22,-9,-9,-9,-9,-39,-39,-39,-39,-24,-24,-24,-24,-47,-47,-47,-47,-21,-21,-21,0,0,0,42,42,42,42,-25,-25,-25,-3,-3,-3,-3,20,20,20,12,12,12,16,16,16,-12,-12,-12,5,5,5,-35,-35,-35,3,3,3,10,10,-14,-14,-14,-15,-15,-15,-77,-77,-77,-15,-15,-15,9,9,-18,-18,-18,19,19,19,-32,-32,42,42,-13,-13,8,8,14,14,-7,-7,44,44,-23,-23,-16,-16,-18,-18,25,25,25,-31,-31,-31,-37,-37,-52,-52,-52,-52,-52,-30,-30,-39,-39,-38,-38,-48,-48,-48,-25,-25,-7,-7,-7,-3,-3,-3,-10,-10,-10,-17,-17,-17,-17,21,21,21,15,15,-54,-54,-81,-81,-85,-85,-85,-65,-65,-65,-76,-76,-76,-160,-160,-160,-46,-46,-46,-64,-64,-33,-33,20,-46,-46,-113,-113,-113,-67,-67,-9,-9,-16,-16,-3,-3,-25,-25,-7,-7,-26,-53,-73,-73,3,3,2,2,2,46,46,-48,-48,-48,-67,-67,-67,-34,-34,19,19,-1,-1,-23,-23,-23,-87,-87,-87,-80,-80,-80,-46,-46,-49,-49,-21,-21,-10,-10,-33,-33,-33,-95,-95,-71,-71,-48,-48,-45,-45,-45,-21,-21,-21,-52,-52,-52,-27,-27,-27,-14,-14,-14,-27,-27,-27,-36,-36,-21,-21,-21,-32,-32,-32,-20,-20,-3,-3,-3,-9,-9,-24,-24,-24,2,2,2,2,-56,-56,-56,-56,-26,-26,-26,-26,-35,-35,-35,-55,-55,-55,-76,-76,-76,7,7,7,9,9,9,14,14,14,-26,-26,-26,-37,-37,-37,-65,-65,-65,-27,-27,-27,-56,-56,-64,-64,-36,-36,-51,-51,-6,-6,-6,-23,-23,-23,6,6,-16,-16,23,23,-18,-18,-18,-30,-30,-30,-64,-64,-68,-68,-60,-60,-33,-33,-30,-30,-78,-78,-78,-69,-69,-69,-92,-92,-92,-47,-47,-59,-59,-62,-62,-47,-47,-47,-29,-29,-29,3,3,3,-12,-12,-12,-25,-25,-71,-71,-23,-23,-56,-56,-56,-52,-52,-52,-56,-56,-56,-8,-8,9,9,39,27,27,-7,-7,-36,-36,-54,-54,-18,-18,-44,-44,-35,-35,3,3,7,-6,-6,-20,-20,46,46,46,34,34,34,25,25,25,37,37,37,4,4,-39,-39,-57,-57,-57,-70,-70,-78,-78,-65,-65,-39,-39,-5,-5,-20,-20,-19,-19,-19,-19,-19,-19,-6,-6,-6,-28,-28,-30
157,27.06000000000000227,-32,-23,-32,-32,9,9,9,-1,-1,5,5,114,114,99,99,76,76,25,25,25,-2,-2,-2,-2,12,12,12,12,28,28,28,28,21,21,21,18,18,18,-10,-10,-10,-10,32,32,32,32,7,7,7,7,9,9,9,-31,-31,-31,1,1,1,1,68,68,68,68,22,22,22,22,10,10,10,39,39,-28,-28,-28,-27,-27,-27,-27,-33,-33,-33,-23,-23,-23,26,26,17,17,17,-11,-11,-11,9,9,9,-13,-13,-13,-9,-9,-9,6,6,6,-25,-25,-25,-26,-26,-26,-21,-21,-21,-63,-63,-63,16,16,16,26,26,26,-6,-6,-6,28,28,28,28,44,44,44,36,36,36,-13,-13,-13,6,6,6,6,12,12,12,12,38,38,38,-20,-20,-20,-20,-7,-7,-7,-7,12,12,12,12,-59,-59,-59,-59,12,12,12,14,14,14,41,41,41,41,-1,-1,-1,-9,-9,-9,-9,32,32,32,27,27,27,16,16,16,6,6,6,-43,-43,-43,-14,-14,-14,17,17,17,12,12,-13,-13,-13,-23,-23,-23,-37,-37,-37,-17,-17,-17,-12,-12,-34,-34,-34,-29,-29,-29,-15,-15,59,59,-11,-11,3,3,1,1,2,2,27,27,-13,-13,-54,-54,-48,-48,35,35,35,9,9,9,-15,-15,-42,-42,-42,-27,-27,12,12,19,19,-9,-9,-8,-8,-8,-31,-31,-8,-8,-8,27,27,27,-17,-17,-17,15,15,15,15,44,44,44,-11,-11,-43,-43,-107,-107,-94,-94,-94,-69,-69,-69,-27,-27,-27,-114,-114,-114,-81,-81,-81,-57,-57,-28,-28,23,0,0,-113,-113,-113,-35,-35,10,10,19,19,10,10,9,9,31,31,13,-6,1,1,20,20,14,14,14,66,66,3,3,3,-28,-28,-28,-29,-29,11,11,-11,-11,-2,-2,-2,-42,-42,-42,-94,-94,-94,-15,-15,-13,-13,7,7,-56,-56,-32,-32,-32,-48,-48,-78,-78,-50,-50,-14,-14,-14,-6,-6,-6,-45,-45,-45,-23,-23,-23,-39,-39,-39,-25,-25,-25,-50,-50,-54,-54,-54,-33,-33,-33,-35,-35,-21,-21,-21,0,0,2,2,2,8,8,8,8,-20,-20,-20,-20,-30,-30,-30,-30,-26,-26,-26,-21,-21,-21,-43,-43,-43,-9,-9,-9,35,35,35,-13,-13,-13,-11,-11,-11,-47,-47,-47,-78,-78,-78,10,10,10,-2,-2,4,4,-12,-12,-35,-35,55,55,55,-24,-24,-24,8,8,5,5,28,28,-5,-5,-5,6,6,6,-70,-70,-46,-46,-23,-23,-22,-22,-25,-25,-60,-60,-60,-87,-87,-87,-65,-65,-65,-29,-29,-11,-11,5,5,-13,-13,-13,-20,-20,-20,-11,-11,-11,-27,-27,-27,-4,-4,-42,-42,-51,-51,-38,-38,-38,-39,-39,-39,-42,-42,-42,-1,-1,31,31,58,25,25,12,12,-9,-9,-13,-13,22,22,-12,-12,16,16,44,44,-10,-40,-40,-14,-14,43,43,43,15,15,15,26,26,26,20,20,20,18,18,-41,-41,-63,-63,-63,-75,-75,-65,-65,-46,-46,-23,-23,-6,-6,-13,-13,-17,-17,-17,-8,-8,-8,-8,-8,-8,-20,-20,-18
158,27.26000000000000512,-11,-26,-80,-80,61,61,61,50,50,148,148,94,94,144,144,157,157,74,74,74,10,10,10,10,33,33,33,33,58,58,58,58,79,79,79,43,43,43,58,58,58,58,44,44,44,44,41,41,41,41,94,94,94,26,26,26,30,30,30,30,97,97,97,97,88,88,88,88,68,68,68,87,87,39,39,39,36,36,36,36,29,29,29,58,58,58,36,36,26,26,26,37,37,37,12,12,12,20,20,20,3,3,3,38,38,38,25,25,25,26,26,26,43,43,43,14,14,14,29,29,29,60,60,60,42,42,42,95,95,95,95,54,54,54,78,78,78,48,48,48,65,65,65,65,35,35,35,35,31,31,31,18,18,18,18,23,23,23,23,39,39,39,39,-8,-8,-8,-8,51,51,51,57,57,57,74,74,74,74,62,62,62,52,52,52,52,73,73,73,63,63,63,60,60,60,72,72,72,0,0,0,60,60,60,48,48,48,57,57,19,19,19,25,25,25,33,33,33,26,26,26,6,6,-30,-30,-30,-5,-5,-5,14,14,86,86,38,38,45,45,11,11,3,3,97,97,26,26,-9,-9,-21,-21,79,79,79,44,44,44,40,40,-16,-16,-16,10,10,57,57,46,46,68,68,52,52,52,43,43,46,46,46,60,60,60,8,8,8,48,48,48,48,91,91,91,10,10,-5,-5,-91,-91,-60,-60,-60,-55,-55,-55,13,13,13,-75,-75,-75,-56,-56,-56,-43,-43,11,11,57,43,43,-39,-39,-39,41,41,42,42,58,58,46,46,65,65,102,102,27,27,17,17,38,38,68,68,68,80,80,3,3,3,25,25,25,6,6,47,47,-7,-7,-32,-32,-32,43,43,43,-37,-37,-37,5,5,26,26,48,48,0,0,-23,-23,-23,-23,-23,-23,-23,0,0,26,26,26,32,32,32,1,1,1,2,2,2,-3,-3,-3,14,14,14,-12,-12,-41,-41,-41,10,10,10,-15,-15,-16,-16,-16,-4,-4,7,7,7,31,31,31,31,22,22,22,22,-21,-21,-21,-21,10,10,10,-4,-4,-4,-2,-2,-2,3,3,3,18,18,18,15,15,15,-1,-1,-1,-77,-77,-77,-12,-12,-12,82,82,82,53,53,57,57,59,59,31,31,64,64,64,5,5,5,31,31,22,22,35,35,39,39,39,59,59,59,-33,-33,-20,-20,-4,-4,9,9,8,8,-17,-17,-17,-38,-38,-38,-13,-13,-13,28,28,31,31,62,62,37,37,37,5,5,5,36,36,36,-2,-2,-2,20,20,2,2,8,8,11,11,11,-4,-4,-4,28,28,28,51,51,76,76,59,71,71,48,48,30,30,26,26,46,46,70,70,61,61,59,59,6,-12,-12,29,29,70,70,70,38,38,38,14,14,14,28,28,28,55,55,-17,-17,-43,-43,-43,-48,-48,-36,-36,-22,-22,19,19,28,28,16,16,18,18,18,34,34,34,43,43,43,24,24,34
159,27.46000000000000441,16,50,9,9,129,129,129,131,131,163,163,173,173,176,176,183,183,119,119,119,41,41,41,41,81,81,81,81,99,99,99,99,105,105,105,110,110,110,90,90,90,90,61,61,61,61,71,71,71,71,109,109,109,102,102,102,95,95,95,95,108,108,108,108,111,111,111,111,121,121,121,106,106,100,100,100,105,105,105,105,90,90,90,60,60,60,89,89,95,95,95,84,84,84,101,101,101,68,68,68,87,87,87,61,61,61,67,67,67,105,105,105,117,117,117,84,84,84,144,144,144,107,107,107,132,132,132,135,135,135,135,61,61,61,110,110,110,122,122,122,79,79,79,79,96,96,96,96,112,112,112,48,48,48,48,77,77,77,77,125,125,125,125,51,51,51,51,115,115,115,111,111,111,81,81,81,81,79,79,79,108,108,108,108,120,120,120,134,134,134,115,115,115,90,90,90,11,11,11,51,51,51,89,89,89,103,103,112,112,112,64,64,64,95,95,95,79,79,79,55,55,-31,-31,-31,18,18,18,87,87,119,119,138,138,99,99,77,77,73,73,139,139,103,103,45,45,85,85,66,66,66,100,100,100,27,27,37,37,37,36,36,91,91,86,86,121,121,109,109,109,118,118,109,109,109,138,138,138,34,34,34,100,100,100,100,103,103,103,45,45,50,50,-6,-6,17,17,17,2,2,2,85,85,85,9,9,9,16,16,16,59,59,78,78,111,120,120,30,30,30,113,113,90,90,123,123,104,104,133,133,140,140,85,119,101,101,77,77,87,87,87,128,128,76,76,76,63,63,63,87,87,93,93,54,54,56,56,56,96,96,96,51,51,51,99,99,67,67,90,90,54,54,52,52,52,68,68,66,66,105,105,92,92,92,70,70,70,39,39,39,74,74,74,75,75,75,53,53,53,46,46,32,32,32,41,41,41,36,36,57,57,57,25,25,53,53,53,93,93,93,93,77,77,77,77,49,49,49,49,70,70,70,40,40,40,72,72,72,78,78,78,81,81,81,75,75,75,53,53,53,21,21,21,73,73,73,157,157,157,150,150,150,150,163,163,98,98,111,111,111,95,95,95,78,78,68,68,98,98,108,108,108,86,86,86,42,42,55,55,66,66,87,87,68,68,70,70,70,38,38,38,64,64,64,75,75,134,134,105,105,101,101,101,61,61,61,96,96,96,51,51,51,99,99,98,98,94,94,73,73,73,71,71,71,108,108,108,105,105,108,108,82,105,105,102,102,85,85,84,84,101,101,124,124,100,100,96,96,61,77,77,109,109,98,98,98,83,83,83,57,57,57,52,52,52,78,78,45,45,8,8,8,9,9,22,22,54,54,95,95,99,99,55,55,77,77,77,65,65,65,74,74,74,68,68,72
160,27.66000000000000369,95,118,169,169,157,157,157,191,191,200,200,152,152,199,199,153,153,162,162,162,105,105,105,105,151,151,151,151,121,121,121,121,127,127,127,144,144,144,112,112,112,112,77,77,77,77,124,124,124,124,122,122,122,186,186,186,134,134,134,134,116,116,116,116,140,140,140,140,156,156,156,134,134,165,165,165,143,143,143,143,169,169,169,126,126,126,102,102,155,155,155,180,180,180,173,173,173,141,141,141,120,120,120,180,180,180,136,136,136,134,134,134,175,175,175,111,111,111,144,144,144,141,141,141,206,206,206,128,128,128,128,112,112,112,129,129,129,105,105,105,146,146,146,146,105,105,105,105,138,138,138,93,93,93,93,140,140,140,140,185,185,185,185,120,120,120,120,137,137,137,179,179,179,137,137,137,137,107,107,107,154,154,154,154,170,170,170,173,173,173,140,140,140,161,161,161,137,137,137,100,100,100,140,140,140,153,153,151,151,151,150,150,150,160,160,160,143,143,143,128,128,74,74,74,117,117,117,171,171,175,175,189,189,135,135,115,115,165,165,201,201,177,177,128,128,136,136,126,126,126,146,146,146,116,116,90,90,90,126,126,154,154,166,166,168,168,183,183,183,199,199,136,136,136,166,166,166,115,115,115,141,141,141,141,147,147,147,87,87,124,124,67,67,93,93,93,91,91,91,190,190,190,117,117,117,76,76,76,129,129,116,116,185,203,203,156,156,156,197,197,157,157,183,183,186,186,189,189,165,165,156,169,176,176,127,127,156,156,156,169,169,149,149,149,95,95,95,149,149,168,168,146,146,127,127,127,150,150,150,159,159,159,148,148,164,164,132,132,157,157,122,122,122,160,160,119,119,139,139,123,123,123,142,142,142,107,107,107,123,123,123,113,113,113,131,131,131,142,142,91,91,91,96,96,96,98,98,96,96,96,137,137,103,103,103,160,160,160,160,158,158,158,158,127,127,127,127,134,134,134,144,144,144,172,172,172,138,138,138,138,138,138,171,171,171,105,105,105,127,127,127,158,158,158,196,196,196,215,215,226,226,207,207,174,174,156,156,156,152,152,152,127,127,114,114,125,125,164,164,164,148,148,148,131,131,131,131,134,134,138,138,164,164,163,163,163,130,130,130,155,155,155,135,135,142,142,146,146,153,153,153,102,102,102,159,159,159,134,134,134,125,125,144,144,157,157,143,143,143,158,158,158,156,156,156,154,154,155,155,106,129,129,138,138,144,144,132,132,152,152,119,119,129,129,140,140,107,156,156,132,132,124,124,124,92,92,92,88,88,88,78,78,78,111,111,85,85,65,65,65,77,77,81,81,96,96,135,135,118,118,126,126,112,112,112,88,88,88,103,103,103,119,119,126
161,27.86000000000000298,150,193,143,143,204,204,204,271,271,195,195,159,159,169,169,164,164,160,160,160,85,85,85,85,170,170,170,170,148,148,148,148,155,155,155,158,158,158,105,105,105,105,147,147,147,147,166,166,166,166,171,171,171,166,166,166,169,169,169,169,158,158,158,158,164,164,164,164,172,172,172,157,157,227,227,227,189,189,189,189,196,196,196,141,141,141,149,149,155,155,155,195,195,195,187,187,187,192,192,192,145,145,145,164,164,164,141,141,141,181,181,181,172,172,172,157,157,157,149,149,149,126,126,126,156,156,156,118,118,118,118,102,102,102,106,106,106,149,149,149,141,141,141,141,149,149,149,149,163,163,163,138,138,138,138,146,146,146,146,184,184,184,184,188,188,188,188,169,169,169,170,170,170,163,163,163,163,158,158,158,169,169,169,169,192,192,192,206,206,206,137,137,137,119,119,119,156,156,156,128,128,128,159,159,159,166,166,191,191,191,200,200,200,184,184,184,175,175,175,170,170,138,138,138,153,153,153,178,178,178,178,178,178,161,161,120,120,171,171,201,201,241,241,194,194,201,201,189,189,189,192,192,192,146,146,156,156,156,162,162,201,201,202,202,189,189,227,227,227,236,236,191,191,191,158,158,158,136,136,136,161,161,161,161,165,165,165,156,156,177,177,110,110,155,155,155,142,142,142,242,242,242,228,228,228,188,188,188,204,204,206,206,243,227,227,224,224,224,251,251,195,195,204,204,192,192,212,212,198,198,183,180,255,255,168,168,185,185,185,194,194,186,186,186,179,179,179,185,185,204,204,173,173,177,177,177,181,181,181,227,227,227,215,215,201,201,199,199,177,177,173,173,173,187,187,181,181,164,164,181,181,181,143,143,143,164,164,164,185,185,185,188,188,188,158,158,158,181,181,158,158,158,184,184,184,143,143,127,127,127,172,172,187,187,187,202,202,202,202,205,205,205,205,192,192,192,192,190,190,190,203,203,203,215,215,215,184,184,184,199,199,199,207,207,207,154,154,154,178,178,178,225,225,225,239,239,239,266,266,224,224,217,217,205,205,146,146,146,170,170,170,160,160,119,119,139,139,170,170,170,163,163,163,171,171,169,169,164,164,188,188,193,193,206,206,206,176,176,176,208,208,208,178,178,168,168,163,163,150,150,150,124,124,124,185,185,185,171,171,171,162,162,194,194,203,203,197,197,197,219,219,219,211,211,211,190,190,174,174,136,134,134,153,153,183,183,168,168,165,165,121,121,142,142,144,144,127,144,144,149,149,124,124,124,118,118,118,125,125,125,91,91,91,137,137,122,122,105,105,105,123,123,139,139,164,164,150,150,140,140,149,149,140,140,140,136,136,136,126,126,126,128,128,132
162,28.06000000000000227,209,176,159,159,147,147,147,171,171,180,180,166,166,198,198,106,106,132,132,132,87,87,87,87,222,222,222,222,123,123,123,123,149,149,149,129,129,129,128,128,128,128,51,51,51,51,135,135,135,135,135,135,135,164,164,164,138,138,138,138,123,123,123,123,141,141,141,141,137,137,137,158,158,231,231,231,186,186,186,186,206,206,206,157,157,157,159,159,154,154,154,146,146,146,194,194,194,188,188,188,151,151,151,101,101,101,143,143,143,135,135,135,165,165,165,145,145,145,159,159,159,173,173,173,139,139,139,102,102,102,102,68,68,68,81,81,81,102,102,102,134,134,134,134,121,121,121,121,158,158,158,141,141,141,141,151,151,151,151,188,188,188,188,199,199,199,199,169,169,169,177,177,177,173,173,173,173,165,165,165,166,166,166,166,152,152,152,202,202,202,125,125,125,84,84,84,167,167,167,166,166,166,136,136,136,191,191,183,183,183,213,213,213,205,205,205,163,163,163,138,138,170,170,170,169,169,169,226,226,166,166,169,169,119,119,92,92,177,177,136,136,231,231,209,209,201,201,224,224,224,194,194,194,168,168,184,184,184,188,188,188,188,183,183,210,210,231,231,231,242,242,189,189,189,179,179,179,157,157,157,186,186,186,186,180,180,180,192,192,197,197,160,160,145,145,145,188,188,188,232,232,232,256,256,256,210,210,210,226,226,197,197,224,197,197,226,226,226,248,248,217,217,223,223,189,189,193,193,181,181,210,206,209,209,165,165,188,188,188,174,174,205,205,205,180,180,180,197,197,203,203,207,207,208,208,208,180,180,180,241,241,241,189,189,185,185,190,190,196,196,196,196,196,206,206,199,199,224,224,156,156,156,177,177,177,199,199,199,195,195,195,181,181,181,174,174,174,156,156,186,186,186,187,187,187,189,189,153,153,153,201,201,194,194,194,217,217,217,217,227,227,227,227,224,224,224,224,191,191,191,220,220,220,244,244,244,213,213,213,210,210,210,209,209,209,172,172,172,205,205,205,228,228,228,221,221,221,224,224,204,204,207,207,179,179,145,145,145,173,173,173,140,140,133,133,140,140,180,180,180,156,156,156,177,177,178,178,178,178,199,199,201,201,213,213,213,178,178,178,174,174,174,162,162,191,191,175,175,135,135,135,121,121,121,165,165,165,153,153,153,161,161,187,187,200,200,186,186,186,229,229,229,217,217,217,197,197,156,156,119,117,117,131,131,150,150,145,145,137,137,120,120,135,135,115,115,125,106,106,100,100,116,116,116,110,110,110,107,107,107,94,94,94,107,107,109,109,98,98,98,136,136,146,146,143,143,133,133,113,113,134,134,134,134,134,112,112,112,107,107,107,115,115,124
163,28.26000000000000512,148,134,95,95,147,147,147,155,155,155,155,98,98,32,32,41,41,87,87,87,87,87,87,87,161,161,161,161,150,150,150,150,112,112,112,118,118,118,-1,-1,-1,-1,82,82,82,82,105,105,105,105,106,106,106,87,87,87,56,56,56,56,67,67,67,67,123,123,123,123,109,109,109,122,122,169,169,169,173,173,173,173,132,132,132,131,131,131,155,155,156,156,156,142,142,142,153,153,153,137,137,137,88,88,88,140,140,140,113,113,113,129,129,129,133,133,133,97,97,97,96,96,96,63,63,63,77,77,77,58,58,58,58,73,73,73,58,58,58,91,91,91,92,92,92,92,86,86,86,86,118,118,118,105,105,105,105,128,128,128,128,141,141,141,141,203,203,203,203,147,147,147,149,149,149,144,144,144,144,163,163,163,144,144,144,144,117,117,117,149,149,149,84,84,84,89,89,89,178,178,178,150,150,150,127,127,127,165,165,147,147,147,165,165,165,157,157,157,138,138,138,119,119,174,174,174,211,211,211,155,155,116,116,147,147,90,90,67,67,158,158,135,135,184,184,162,162,182,182,227,227,227,154,154,154,149,149,176,176,176,208,208,164,164,174,174,202,202,238,238,238,218,218,177,177,177,136,136,136,156,156,156,178,178,178,178,123,123,123,170,170,178,178,149,149,139,139,139,153,153,153,212,212,212,261,261,261,201,201,201,217,217,194,194,208,175,175,224,224,224,213,213,191,191,169,169,153,153,153,153,144,144,196,157,199,199,135,135,153,153,153,152,152,183,183,183,175,175,175,119,119,153,153,175,175,194,194,194,205,205,205,220,220,220,195,195,159,159,184,184,203,203,198,198,198,222,222,175,175,195,195,171,171,171,181,181,181,155,155,155,146,146,146,186,186,186,175,175,175,160,160,163,163,163,152,152,152,178,178,178,178,178,201,201,203,203,203,189,189,189,189,229,229,229,229,211,211,211,211,207,207,207,198,198,198,217,217,217,222,222,222,198,198,198,199,199,199,164,164,164,160,160,160,204,204,204,153,153,153,200,200,157,157,163,163,152,152,89,89,89,154,154,154,105,105,122,122,124,124,156,156,156,137,137,137,166,166,152,152,164,164,168,168,180,180,176,176,176,165,165,165,161,161,161,146,146,155,155,159,159,126,126,126,131,131,131,133,133,133,131,131,131,116,116,158,158,165,165,156,156,156,175,175,175,164,164,164,156,156,135,135,87,84,84,79,79,110,110,127,127,101,101,122,122,102,102,106,106,103,69,69,96,96,77,77,77,119,119,119,103,103,103,87,87,87,109,109,93,93,122,122,122,132,132,141,141,129,129,112,112,112,112,108,108,97,97,97,101,101,101,78,78,78,107,107,100
164,28.46000000000000441,109,82,77,77,68,68,68,67,67,19,19,21,21,40,40,-12,-12,51,51,51,87,87,87,87,70,70,70,70,121,121,121,121,71,71,71,57,57,57,19,19,19,19,20,20,20,20,45,45,45,45,55,55,55,37,37,37,22,22,22,22,75,75,75,75,65,65,65,65,34,34,34,39,39,116,116,116,149,149,149,149,89,89,89,108,108,108,115,115,87,87,87,132,132,132,111,111,111,87,87,87,75,75,75,72,72,72,72,72,72,106,106,106,124,124,124,84,84,84,36,36,36,85,85,85,65,65,65,38,38,38,38,31,31,31,17,17,17,69,69,69,52,52,52,52,69,69,69,69,93,93,93,93,93,93,93,98,98,98,98,110,110,110,110,145,145,145,145,111,111,111,132,132,132,96,96,96,96,102,102,102,102,102,102,102,77,77,77,85,85,85,52,52,52,65,65,65,98,98,98,89,89,89,86,86,86,110,110,107,107,107,126,126,126,90,90,90,45,45,45,46,46,131,131,131,161,161,161,111,111,86,86,119,119,59,59,80,80,82,82,75,75,115,115,135,135,148,148,116,116,116,104,104,104,136,136,133,133,133,161,161,101,101,129,129,175,175,140,140,140,140,140,133,133,133,109,109,109,135,135,135,153,153,153,153,84,84,84,134,134,132,132,132,132,121,121,121,115,115,115,151,151,151,219,219,219,183,183,183,155,155,187,187,151,132,132,191,191,191,165,165,130,130,112,112,92,92,101,101,96,96,143,112,140,140,106,106,100,100,100,124,124,142,142,142,161,161,161,111,111,110,110,158,158,186,186,186,119,119,119,144,144,144,115,115,142,142,147,147,173,173,154,154,154,180,180,148,148,132,132,116,116,116,134,134,134,139,139,139,130,130,130,155,155,155,123,123,123,111,111,135,135,135,104,104,104,119,119,145,145,145,165,165,147,147,147,150,150,150,150,198,198,198,198,171,171,171,171,152,152,152,209,209,209,168,168,168,150,150,150,148,148,148,162,162,162,165,165,165,120,120,120,140,140,140,113,113,113,127,127,106,106,88,88,134,134,81,81,81,136,136,136,92,92,94,94,90,90,114,114,114,93,93,93,118,118,115,115,130,130,126,126,111,111,107,107,107,121,121,121,151,151,151,103,103,103,103,114,114,79,79,79,104,104,104,99,99,99,96,96,96,68,68,100,100,115,115,93,93,93,128,128,128,118,118,118,93,93,83,83,43,37,37,45,45,58,58,81,81,26,26,99,99,72,72,55,55,72,38,38,43,43,50,50,50,74,74,74,104,104,104,73,73,73,56,56,77,77,107,107,107,126,126,123,123,93,93,70,70,73,73,63,63,86,86,86,66,66,66,62,62,62,73,73,69
165,28.66000000000000369,103,32,30,30,6,6,6,36,36,42,42,5,5,0,0,-29,-29,-19,-19,-19,71,71,71,71,67,67,67,67,111,111,111,111,24,24,24,30,30,30,-33,-33,-33,-33,-10,-10,-10,-10,16,16,16,16,-67,-67,-67,7,7,7,-16,-16,-16,-16,16,16,16,16,7,7,7,7,-21,-21,-21,-34,-34,68,68,68,55,55,55,55,15,15,15,58,58,58,48,48,60,60,60,75,75,75,55,55,55,24,24,24,0,0,0,29,29,29,4,4,4,49,49,49,45,45,45,31,31,31,8,8,8,1,1,1,1,1,1,10,10,10,10,-8,-8,-8,-31,-31,-31,16,16,16,34,34,34,34,43,43,43,43,53,53,53,55,55,55,55,57,57,57,57,46,46,46,46,92,92,92,92,45,45,45,69,69,69,69,69,69,69,44,44,44,57,57,57,57,57,57,57,52,52,52,53,53,53,29,29,29,58,58,58,56,56,56,34,34,34,81,81,99,99,99,59,59,59,46,46,46,31,31,31,85,85,90,90,90,82,82,82,12,12,-1,-1,28,28,25,25,29,29,2,2,-35,-35,39,39,81,81,63,63,86,86,86,50,50,50,80,80,81,81,81,106,106,54,54,49,49,68,68,103,103,103,74,74,88,88,88,63,63,63,103,103,103,128,128,128,128,54,54,54,102,102,104,104,77,77,80,80,80,68,68,68,42,42,42,137,137,137,143,143,143,67,67,111,111,127,95,95,161,161,161,88,88,95,95,86,86,87,87,62,62,60,60,88,41,50,50,75,75,76,76,76,79,79,95,95,95,140,140,140,53,53,50,50,93,93,128,128,128,111,111,111,98,98,98,54,54,75,75,104,104,139,139,116,116,116,93,93,108,108,81,81,98,98,98,149,149,149,88,88,88,78,78,78,83,83,83,79,79,79,61,61,70,70,70,89,89,89,82,82,120,120,120,100,100,128,128,128,106,106,106,106,135,135,135,135,107,107,107,107,101,101,101,144,144,144,101,101,101,100,100,100,96,96,96,110,110,110,102,102,102,104,104,104,64,64,64,54,54,54,51,51,18,18,16,16,67,67,75,75,75,93,93,93,42,42,52,52,25,25,79,79,79,49,49,49,58,58,66,66,68,68,43,43,58,58,79,79,79,81,81,81,101,101,101,80,80,39,39,46,46,44,44,44,77,77,77,59,59,59,56,56,56,27,27,32,32,38,38,56,56,56,73,73,73,60,60,60,64,64,49,49,10,25,25,12,12,12,12,27,27,11,11,64,64,23,23,-26,-26,-7,10,10,4,4,13,13,13,16,16,16,60,60,60,45,45,45,20,20,66,66,88,88,88,112,112,86,86,49,49,37,37,37,37,14,14,33,33,33,22,22,22,33,33,33,41,41,31
166,28.86000000000000298,-24,0,36,36,-65,-65,-65,-9,-9,-19,-19,27,27,-29,-29,-37,-37,-19,-19,-19,36,36,36,36,39,39,39,39,61,61,61,61,5,5,5,20,20,20,-42,-42,-42,-42,-21,-21,-21,-21,-17,-17,-17,-17,-55,-55,-55,-65,-65,-65,3,3,3,3,-4,-4,-4,-4,-32,-32,-32,-32,-44,-44,-44,-50,-50,29,29,29,-13,-13,-13,-13,-11,-11,-11,21,21,21,36,36,37,37,37,58,58,58,4,4,4,24,24,24,-21,-21,-21,10,10,10,18,18,18,17,17,17,9,9,9,21,21,21,-12,-12,-12,-6,-6,-6,-39,-39,-39,29,29,29,29,-12,-12,-12,-54,-54,-54,9,9,9,-8,-8,-8,-8,13,13,13,13,42,42,42,29,29,29,29,35,35,35,35,-14,-14,-14,-14,58,58,58,58,5,5,5,67,67,67,36,36,36,36,24,24,24,15,15,15,15,22,22,22,25,25,25,32,32,32,18,18,18,66,66,66,40,40,40,68,68,68,49,49,43,43,43,41,41,41,5,5,5,4,4,4,-13,-13,19,19,19,7,7,7,-14,-14,-46,-46,-42,-42,-37,-37,-18,-18,-52,-52,-116,-116,-10,-10,17,17,32,32,71,71,71,21,21,21,22,22,54,54,54,46,46,13,13,9,9,16,16,38,38,38,35,35,49,49,49,59,59,59,60,60,60,56,56,56,56,43,43,43,56,56,48,48,72,72,55,55,55,55,55,55,16,16,16,71,71,71,72,72,72,46,46,76,76,51,56,56,74,74,74,60,60,70,70,43,43,73,73,47,47,28,28,58,-1,-6,-6,50,50,25,25,25,42,42,37,37,37,75,75,75,14,14,7,7,58,58,123,123,123,13,13,13,25,25,25,25,25,45,45,74,74,90,90,59,59,59,74,74,55,55,56,56,80,80,80,86,86,86,47,47,47,46,46,46,17,17,17,26,26,26,51,51,32,32,32,72,72,72,54,54,87,87,87,63,63,52,52,52,89,89,89,89,88,88,88,88,67,67,67,67,52,52,52,92,92,92,51,51,51,70,70,70,77,77,77,74,74,74,60,60,60,63,63,63,55,55,55,8,8,8,25,25,5,5,-30,-30,11,11,41,41,41,70,70,70,23,23,41,41,31,31,60,60,60,26,26,26,22,22,23,23,43,43,13,13,4,4,32,32,32,50,50,50,47,47,47,53,53,30,30,6,6,17,17,17,29,29,29,32,32,32,17,17,17,-6,-6,-7,-7,9,9,29,29,29,14,14,14,12,12,12,29,29,8,8,1,38,38,-7,-7,-2,-2,-18,-18,1,1,39,39,-10,-10,-36,-36,-66,-54,-54,0,0,9,9,9,23,23,23,50,50,50,28,28,28,-14,-14,32,32,102,102,102,103,103,70,70,8,8,6,6,7,7,-11,-11,0,0,0,21,21,21,-10,-10,-10,-8,-8,7
167,29.06000000000000227,-11,-22,19,19,-17,-17,-17,25,25,-42,-42,-26,-26,-34,-34,-38,-38,-26,-26,-26,-13,-13,-13,-13,7,7,7,7,56,56,56,56,-12,-12,-12,19,19,19,14,14,14,14,0,0,0,0,-46,-46,-46,-46,-59,-59,-59,-43,-43,-43,-14,-14,-14,-14,-22,-22,-22,-22,-26,-26,-26,-26,-48,-48,-48,2,2,6,6,6,6,6,6,6,-22,-22,-22,34,34,34,10,10,33,33,33,20,20,20,-11,-11,-11,-3,-3,-3,-16,-16,-16,16,16,16,1,1,1,8,8,8,-20,-20,-20,-27,-27,-27,-32,-32,-32,6,6,6,-55,-55,-55,-18,-18,-18,-18,-13,-13,-13,-29,-29,-29,14,14,14,25,25,25,25,34,34,34,34,41,41,41,9,9,9,9,36,36,36,36,-40,-40,-40,-40,10,10,10,10,-12,-12,-12,53,53,53,-30,-30,-30,-30,-2,-2,-2,8,8,8,8,12,12,12,12,12,12,24,24,24,50,50,50,61,61,61,37,37,37,57,57,57,57,57,47,47,47,-18,-18,-18,-35,-35,-35,-7,-7,-7,22,22,0,0,0,27,27,27,-17,-17,-57,-57,-82,-82,-39,-39,-30,-30,-46,-46,-107,-107,-47,-47,-15,-15,-23,-23,90,90,90,-42,-42,-42,31,31,37,37,37,25,25,-7,-7,-12,-12,-3,-3,18,18,18,22,22,45,45,45,53,53,53,59,59,59,11,11,11,11,31,31,31,38,38,67,67,57,57,36,36,36,46,46,46,4,4,4,61,61,61,68,68,68,67,67,52,52,68,30,30,75,75,75,5,5,63,63,43,43,69,69,62,62,53,53,46,7,9,9,61,61,12,12,12,52,52,30,30,30,18,18,18,1,1,29,29,39,39,81,81,81,6,6,6,13,13,13,26,26,53,53,53,53,67,67,74,74,74,0,0,27,27,54,54,73,73,73,85,85,85,70,70,70,10,10,10,30,30,30,34,34,34,36,36,54,54,54,36,36,36,62,62,45,45,45,72,72,62,62,62,64,64,64,64,59,59,59,59,49,49,49,49,68,68,68,58,58,58,10,10,10,72,72,72,99,99,99,86,86,86,35,35,35,77,77,77,36,36,36,38,38,38,11,11,10,10,-33,-33,31,31,62,62,62,38,38,38,48,48,49,49,40,40,76,76,76,21,21,21,3,3,17,17,46,46,8,8,-3,-3,28,28,28,35,35,35,13,13,13,9,9,7,7,-23,-23,25,25,25,34,34,34,12,12,12,33,33,33,21,21,-19,-19,-11,-11,23,23,23,4,4,4,12,12,12,2,2,-2,-2,10,41,41,-5,-5,-15,-15,-17,-17,0,0,35,35,8,8,-38,-38,-83,-49,-49,-2,-2,29,29,29,30,30,30,41,41,41,41,41,41,-2,-2,38,38,90,90,90,77,77,34,34,15,15,2,2,-14,-14,-8,-8,2,2,2,4,4,4,0,0,0,6,6,3
168,29.26000000000000512,-49,3,19,19,-30,-30,-30,8,8,-39,-39,24,24,54,54,30,30,-26,-26,-26,36,36,36,36,-5,-5,-5,-5,49,49,49,49,11,11,11,36,36,36,29,29,29,29,45,45,45,45,-8,-8,-8,-8,-6,-6,-6,-15,-15,-15,50,50,50,50,10,10,10,10,-37,-37,-37,-37,-19,-19,-19,19,19,3,3,3,45,45,45,45,-19,-19,-19,41,41,41,10,10,66,66,66,75,75,75,46,46,46,-27,-27,-27,18,18,18,40,40,40,28,28,28,-13,-13,-13,-8,-8,-8,0,0,0,-4,-4,-4,22,22,22,-41,-41,-41,14,14,14,14,21,21,21,8,8,8,23,23,23,24,24,24,24,50,50,50,50,46,46,46,65,65,65,65,45,45,45,45,34,34,34,34,13,13,13,13,36,36,36,55,55,55,13,13,13,13,15,15,15,29,29,29,29,40,40,40,30,30,30,30,30,30,50,50,50,52,52,52,58,58,58,22,22,22,72,72,26,26,26,0,0,0,-3,-3,-3,11,11,11,36,36,18,18,18,17,17,17,-1,-1,11,11,44,44,40,40,21,21,40,40,37,37,12,12,-3,-3,-12,-12,94,94,94,-20,-20,-20,20,20,21,21,21,27,27,18,18,29,29,30,30,32,32,32,62,62,30,30,30,71,71,71,74,74,74,52,52,52,52,42,42,42,53,53,53,53,47,47,74,74,74,58,58,58,31,31,31,77,77,77,56,56,56,84,84,76,76,81,73,73,72,72,72,31,31,61,61,74,74,92,92,121,121,106,106,81,23,51,51,89,89,63,63,63,81,81,35,35,35,63,63,63,21,21,44,44,64,64,68,68,68,29,29,29,7,7,7,43,43,31,31,69,69,55,55,62,62,62,29,29,38,38,76,76,93,93,93,96,96,96,21,21,21,15,15,15,55,55,55,51,51,51,82,82,78,78,78,50,50,50,55,55,61,61,61,114,114,56,56,56,66,66,66,66,36,36,36,36,54,54,54,54,50,50,50,67,67,67,46,46,46,83,83,83,109,109,109,78,78,78,53,53,53,71,71,71,37,37,37,58,58,58,26,26,28,28,23,23,63,63,88,88,88,48,48,48,65,65,72,72,77,77,103,103,103,55,55,55,17,17,56,56,40,40,32,32,13,13,14,14,14,31,31,31,41,41,41,38,38,32,32,13,13,42,42,42,35,35,35,39,39,39,53,53,53,52,52,18,18,12,12,52,52,52,16,16,16,19,19,19,26,26,4,4,53,61,61,18,18,0,0,-4,-4,10,10,27,27,51,51,-11,-11,-8,-1,-1,30,30,66,66,66,50,50,50,61,61,61,64,64,64,29,29,34,34,85,85,85,84,84,18,18,21,21,16,16,10,10,25,25,30,30,30,2,2,2,-9,-9,-9,-1,-1,4
169,29.46000000000000441,36,37,45,45,30,30,30,67,67,-26,-26,41,41,69,69,48,48,70,70,70,61,61,61,61,-43,-43,-43,-43,3,3,3,3,-10,-10,-10,55,55,55,49,49,49,49,96,96,96,96,17,17,17,17,62,62,62,29,29,29,64,64,64,64,37,37,37,37,37,37,37,37,16,16,16,24,24,65,65,65,15,15,15,15,0,0,0,58,58,58,51,51,40,40,40,47,47,47,17,17,17,53,53,53,20,20,20,8,8,8,19,19,19,-24,-24,-24,-13,-13,-13,-10,-10,-10,-14,-14,-14,14,14,14,8,8,8,35,35,35,35,43,43,43,40,40,40,50,50,50,20,20,20,20,53,53,53,53,51,51,51,62,62,62,62,56,56,56,56,42,42,42,42,31,31,31,31,69,69,69,74,74,74,15,15,15,15,35,35,35,-12,-12,-12,-12,56,56,56,35,35,35,50,50,50,12,12,12,48,48,48,62,62,62,73,73,73,86,86,63,63,63,1,1,1,-19,-19,-19,35,35,35,71,71,54,54,54,23,23,23,72,72,96,96,140,140,107,107,79,79,73,73,150,150,118,118,76,76,71,71,85,85,85,22,22,22,23,23,42,42,42,29,29,60,60,60,60,66,66,80,80,80,32,32,67,67,67,118,118,118,56,56,56,63,63,63,63,70,70,70,67,67,75,75,94,94,73,73,73,76,76,76,59,59,59,101,101,101,69,69,69,83,83,121,121,111,120,120,81,81,81,24,24,86,86,85,85,99,99,131,131,121,121,86,67,72,72,116,116,79,79,79,124,124,73,73,73,68,68,68,59,59,75,75,53,53,63,63,63,25,25,25,23,23,23,64,64,54,54,67,67,76,76,49,49,49,41,41,64,64,60,60,78,78,78,86,86,86,38,38,38,33,33,33,55,55,55,46,46,46,76,76,74,74,74,66,66,66,52,52,74,74,74,106,106,81,81,81,90,90,90,90,72,72,72,72,40,40,40,40,71,71,71,56,56,56,50,50,50,113,113,113,93,93,93,94,94,94,43,43,43,65,65,65,26,26,26,70,70,70,50,50,48,48,59,59,59,59,61,61,61,37,37,37,111,111,99,99,102,102,100,100,100,66,66,66,29,29,57,57,76,76,47,47,51,51,26,26,26,26,26,26,33,33,33,40,40,38,38,55,55,75,75,75,42,42,42,43,43,43,83,83,83,86,86,52,52,26,26,57,57,57,36,36,36,31,31,31,36,36,11,11,72,61,61,50,50,31,31,34,34,36,36,48,48,44,44,53,53,78,73,73,39,39,65,65,65,67,67,67,92,92,92,62,62,62,41,41,48,48,73,73,73,57,57,45,45,46,46,36,36,22,22,32,32,36,36,36,0,0,0,1,1,1,7,7,-1
170,29.66000000000000369,36,47,47,47,103,103,103,76,76,-16,-16,-9,-9,71,71,78,78,80,80,80,-12,-12,-12,-12,-19,-19,-19,-19,6,6,6,6,-48,-48,-48,13,13,13,69,69,69,69,67,67,67,67,50,50,50,50,15,15,15,18,18,18,18,18,18,18,25,25,25,25,5,5,5,5,33,33,33,71,71,4,4,4,20,20,20,20,6,6,6,60,60,60,23,23,45,45,45,34,34,34,21,21,21,1,1,1,90,90,90,38,38,38,11,11,11,7,7,7,2,2,2,14,14,14,26,26,26,41,41,41,6,6,6,18,18,18,18,54,54,54,69,69,69,6,6,6,25,25,25,25,42,42,42,42,74,74,74,61,61,61,61,64,64,64,64,75,75,75,75,34,34,34,34,60,60,60,45,45,45,57,57,57,57,28,28,28,33,33,33,33,44,44,44,20,20,20,19,19,19,54,54,54,27,27,27,5,5,5,44,44,44,41,41,47,47,47,6,6,6,20,20,20,52,52,52,50,50,85,85,85,52,52,52,30,30,139,139,150,150,114,114,79,79,115,115,178,178,153,153,108,108,121,121,101,101,101,30,30,30,33,33,16,16,16,55,55,66,66,61,61,86,86,90,90,90,72,72,56,56,56,132,132,132,59,59,59,51,51,51,51,78,78,78,59,59,51,51,56,56,67,67,67,95,95,95,49,49,49,87,87,87,41,41,41,57,57,128,128,93,150,150,57,57,57,41,41,60,60,80,80,95,95,101,101,152,152,104,76,47,47,69,69,79,79,79,127,127,68,68,68,72,72,72,56,56,58,58,84,84,48,48,48,26,26,26,15,15,15,25,25,20,20,58,58,58,58,53,53,53,23,23,42,42,56,56,47,47,47,85,85,85,59,59,59,28,28,28,41,41,41,32,32,32,54,54,51,51,51,74,74,74,45,45,35,35,35,65,65,32,32,32,87,87,87,87,22,22,22,22,31,31,31,31,65,65,65,33,33,33,20,20,20,72,72,72,101,101,101,78,78,78,23,23,23,21,21,21,-1,-1,-1,67,67,67,22,22,20,20,51,51,43,43,40,40,40,10,10,10,96,96,80,80,82,82,82,82,82,62,62,62,32,32,64,64,89,89,47,47,31,31,-9,-9,-9,28,28,28,38,38,38,46,46,34,34,39,39,45,45,45,4,4,4,50,50,50,65,65,65,69,69,64,64,21,21,14,14,14,14,14,14,11,11,11,31,31,24,24,59,46,46,40,40,29,29,29,29,30,30,7,7,28,28,92,92,120,74,74,24,24,46,46,46,71,71,71,70,70,70,75,75,75,58,58,12,12,33,33,33,48,48,43,43,31,31,34,34,29,29,45,45,23,23,23,4,4,4,-7,-7,-7,3,3,7
171,29.86000000000000298,62,63,31,31,26,26,26,-32,-32,-34,-34,-35,-35,8,8,19,19,48,48,48,-27,-27,-27,-27,-35,-35,-35,-35,-59,-59,-59,-59,-50,-50,-50,-46,-46,-46,3,3,3,3,-3,-3,-3,-3,-2,-2,-2,-2,19,19,19,-39,-39,-39,43,43,43,43,-3,-3,-3,-3,8,8,8,8,29,29,29,51,51,22,22,22,-2,-2,-2,-2,-22,-22,-22,10,10,10,-4,-4,-37,-37,-37,-20,-20,-20,-1,-1,-1,2,2,2,19,19,19,-6,-6,-6,-8,-8,-8,-23,-23,-23,4,4,4,19,19,19,0,0,0,8,8,8,-36,-36,-36,22,22,22,22,42,42,42,21,21,21,-10,-10,-10,-32,-32,-32,-32,6,6,6,6,13,13,13,-1,-1,-1,-1,54,54,54,54,9,9,9,9,-8,-8,-8,-8,20,20,20,8,8,8,56,56,56,56,12,12,12,51,51,51,51,1,1,1,-3,-3,-3,-35,-35,-35,-27,-27,-27,-32,-32,-32,-21,-21,-21,-8,-8,-8,-21,-21,26,26,26,1,1,1,1,1,1,35,35,35,42,42,25,25,25,33,33,33,36,36,95,95,95,95,76,76,15,15,4,4,96,96,89,89,58,58,61,61,56,56,56,29,29,29,43,43,18,18,18,-6,-6,24,24,20,20,42,42,76,76,76,47,47,23,23,23,56,56,56,29,29,29,14,14,14,14,84,84,84,30,30,48,48,39,39,18,18,18,18,18,18,47,47,47,98,98,98,6,6,6,12,12,74,74,97,139,139,34,34,34,27,27,37,37,91,91,35,35,94,94,77,77,63,7,-5,-5,51,51,41,41,41,93,93,43,43,43,20,20,20,50,50,13,13,30,30,-5,-5,-5,-4,-4,-4,-20,-20,-20,21,21,-15,-15,-23,-23,8,8,0,0,0,-16,-16,15,15,18,18,63,63,63,35,35,35,25,25,25,-13,-13,-13,-16,-16,-16,-8,-8,-8,-21,-21,26,26,26,-6,-6,-6,13,13,-15,-15,-15,20,20,-1,-1,-1,3,3,3,3,5,5,5,5,1,1,1,1,27,27,27,25,25,25,0,0,0,40,40,40,68,68,68,68,68,68,0,0,0,-6,-6,-6,-19,-19,-19,37,37,37,-6,-6,1,1,-13,-13,-20,-20,-13,-13,-13,-45,-45,-45,38,38,44,44,23,23,44,44,44,12,12,12,-15,-15,9,9,24,24,13,13,6,6,-44,-44,-44,-22,-22,-22,-11,-11,-11,20,20,-17,-17,-5,-5,-12,-12,-12,-24,-24,-24,15,15,15,28,28,28,1,1,-18,-18,-27,-27,-25,-25,-25,-7,-7,-7,-5,-5,-5,5,5,2,2,27,2,2,21,21,8,8,12,12,29,29,-21,-21,2,2,36,36,14,-5,-5,-16,-16,24,24,24,8,8,8,34,34,34,28,28,28,22,22,-28,-28,-48,-48,-48,-22,-22,-7,-7,-9,-9,10,10,4,4,16,16,7,7,7,-11,-11,-11,-13,-13,-13,-17,-17,-5
172,30.06000000000000227,22,-42,15,15,26,26,26,-48,-48,-37,-37,-3,-3,16,16,-23,-23,20,20,20,-55,-55,-55,-55,-28,-28,-28,-28,-69,-69,-69,-69,-35,-35,-35,-46,-46,-46,39,39,39,39,25,25,25,25,-9,-9,-9,-9,6,6,6,-31,-31,-31,33,33,33,33,-20,-20,-20,-20,9,9,9,9,23,23,23,17,17,25,25,25,-3,-3,-3,-3,-22,-22,-22,-10,-10,-10,4,4,4,4,4,-32,-32,-32,-27,-27,-27,1,1,1,-1,-1,-1,-13,-13,-13,11,11,11,-30,-30,-30,18,18,18,18,18,18,-12,-12,-12,-10,-10,-10,-26,-26,-26,-8,-8,-8,-8,-6,-6,-6,17,17,17,-43,-43,-43,-27,-27,-27,-27,-51,-51,-51,-51,-21,-21,-21,16,16,16,16,7,7,7,7,15,15,15,15,-21,-21,-21,-21,-7,-7,-7,3,3,3,5,5,5,5,-1,-1,-1,24,24,24,24,-29,-29,-29,-33,-33,-33,-36,-36,-36,-30,-30,-30,-45,-45,-45,-14,-14,-14,-16,-16,-16,-30,-30,5,5,5,0,0,0,16,16,16,28,28,28,-4,-4,-27,-27,-27,-15,-15,-15,5,5,26,26,38,38,30,30,-46,-46,-75,-75,-37,-37,-24,-24,-30,-30,9,9,13,13,13,8,8,8,17,17,-33,-33,-33,-10,-10,-21,-21,2,2,39,39,47,47,47,30,30,31,31,31,2,2,2,36,36,36,5,5,5,5,-17,-17,-17,-2,-2,-25,-25,4,4,4,4,4,1,1,1,21,21,21,76,76,76,-4,-4,-4,15,15,33,33,44,103,103,51,51,51,57,57,44,44,62,62,38,38,62,62,54,54,16,-3,-13,-13,-10,-10,20,20,20,50,50,-20,-20,-20,6,6,6,32,32,15,15,-12,-12,-13,-13,-13,-24,-24,-24,-15,-15,-15,-14,-14,-19,-19,-32,-32,-37,-37,-18,-18,-18,-18,-18,-36,-36,4,4,7,7,7,-12,-12,-12,-16,-16,-16,-23,-23,-23,-55,-55,-55,-24,-24,-24,-66,-66,-14,-14,-14,-30,-30,-30,-12,-12,-34,-34,-34,-3,-3,0,0,0,-36,-36,-36,-36,-34,-34,-34,-34,-17,-17,-17,-17,-2,-2,-2,-8,-8,-8,-28,-28,-28,24,24,24,47,47,47,21,21,21,-1,-1,-1,0,0,0,-32,-32,-32,21,21,21,-12,-12,-23,-23,-19,-19,-45,-45,-66,-66,-66,-54,-54,-54,-26,-26,-4,-4,-23,-23,-8,-8,-8,-10,-10,-10,-29,-29,-16,-16,-17,-17,-13,-13,-30,-30,-57,-57,-57,-41,-41,-41,-36,-36,-36,-19,-19,-45,-45,-55,-55,-25,-25,-25,-63,-63,-63,-7,-7,-7,-22,-22,-22,-30,-30,-32,-32,-52,-52,-50,-50,-50,-39,-39,-39,-17,-17,-17,-25,-25,7,7,6,-4,-4,5,5,3,3,1,1,1,1,-18,-18,-9,-9,-6,-6,-63,-55,-55,-24,-24,-28,-28,-28,-10,-10,-10,0,0,0,-35,-35,-35,-1,-1,-67,-67,-67,-67,-67,-49,-49,-42,-42,-37,-37,-18,-18,-3,-3,-7,-7,-11,-11,-11,-23,-23,-23,-10,-10,-10,-4,-4,-19
173,30.26000000000000512,0,-2,3,3,0,0,0,-8,-8,34,34,7,7,-42,-42,-40,-40,-23,-23,-23,-17,-17,-17,-17,0,0,0,0,22,22,22,22,35,35,35,-22,-22,-22,50,50,50,50,34,34,34,34,34,34,34,34,-16,-16,-16,-9,-9,-9,8,8,8,8,20,20,20,20,14,14,14,14,23,23,23,41,41,24,24,24,-15,-15,-15,-15,-1,-1,-1,-40,-40,-40,6,6,-20,-20,-20,-17,-17,-17,-30,-30,-30,-3,-3,-3,-5,-5,-5,32,32,32,-8,-8,-8,23,23,23,2,2,2,59,59,59,46,46,46,3,3,3,17,17,17,18,18,18,18,-18,-18,-18,2,2,2,-18,-18,-18,-7,-7,-7,-7,-9,-9,-9,-9,-13,-13,-13,16,16,16,16,16,16,16,16,6,6,6,6,14,14,14,14,31,31,31,-21,-21,-21,36,36,36,36,24,24,24,-31,-31,-31,-31,-10,-10,-10,35,35,35,-20,-20,-20,-24,-24,-24,-30,-30,-30,17,17,17,6,6,6,-2,-2,-1,-1,-1,7,7,7,34,34,34,16,16,16,-15,-15,-39,-39,-39,-26,-26,-26,-23,-23,17,17,21,21,-24,-24,-45,-45,-84,-84,-48,-48,-74,-74,-53,-53,-36,-36,8,8,8,35,35,35,34,34,-5,-5,-5,24,24,24,24,3,3,38,38,34,34,34,35,35,19,19,19,7,7,7,21,21,21,-5,-5,-5,-5,29,29,29,22,22,-9,-9,2,2,8,8,8,-19,-19,-19,44,44,44,72,72,72,45,45,45,53,53,42,42,47,62,62,38,38,38,90,90,54,54,41,41,46,46,82,82,30,30,-1,-3,-25,-25,-10,-10,4,4,4,30,30,-23,-23,-23,-32,-32,-32,43,43,47,47,-20,-20,-2,-2,-2,-30,-30,-30,14,14,14,4,4,20,20,-9,-9,5,5,-6,-6,-6,-11,-11,-8,-8,-6,-6,8,8,8,18,18,18,-38,-38,-38,-20,-20,-20,-29,-29,-29,-25,-25,-25,-26,-26,-46,-46,-46,-30,-30,-30,-28,-28,-35,-35,-35,-27,-27,-13,-13,-13,-8,-8,-8,-8,-18,-18,-18,-18,11,11,11,11,-9,-9,-9,12,12,12,-6,-6,-6,16,16,16,23,23,23,32,32,32,-7,-7,-7,20,20,20,-1,-1,-1,26,26,26,32,32,20,20,-17,-17,-24,-24,-24,-24,-24,-58,-58,-58,-46,-46,-37,-37,-35,-35,-3,-3,-3,-7,-7,-7,-8,-8,-5,-5,3,3,-13,-13,-20,-20,-13,-13,-13,-21,-21,-21,-7,-7,-7,-4,-4,-21,-21,-29,-29,-30,-30,-30,-42,-42,-42,-2,-2,-2,-27,-27,-27,-50,-50,-29,-29,-32,-32,-7,-7,-7,-33,-33,-33,-4,-4,-4,8,8,24,24,27,35,35,23,23,55,55,32,32,8,8,-21,-21,0,0,-23,-23,-48,-55,-55,-3,-3,-21,-21,-21,-19,-19,-19,-9,-9,-9,-18,-18,-18,-15,-15,-47,-47,-56,-56,-56,-60,-60,-34,-34,-14,-14,-13,-13,5,5,0,0,3,3,3,4,4,4,-2,-2,-2,12,12,-5
174,30.46000000000000441,35,45,27,27,49,49,49,-9,-9,-5,-5,-14,-14,0,0,12,12,8,8,8,-27,-27,-27,-27,98,98,98,98,67,67,67,67,91,91,91,28,28,28,63,63,63,63,34,34,34,34,63,63,63,63,98,98,98,69,69,69,63,63,63,63,22,22,22,22,26,26,26,26,91,91,91,69,69,94,94,94,74,74,74,74,44,44,44,32,32,32,53,53,17,17,17,28,28,28,31,31,31,46,46,46,48,48,48,57,57,57,30,30,30,39,39,39,57,57,57,69,69,69,73,73,73,50,50,50,54,54,54,51,51,51,51,41,41,41,20,20,20,47,47,47,28,28,28,28,10,10,10,10,-20,-20,-20,34,34,34,34,16,16,16,16,49,49,49,49,76,76,76,76,90,90,90,49,49,49,52,52,52,52,34,34,34,25,25,25,25,39,39,39,39,39,39,22,22,22,11,11,11,16,16,16,18,18,18,52,52,52,49,49,45,45,45,34,34,34,52,52,52,48,48,48,-20,-20,8,8,8,18,18,18,1,1,16,16,38,38,40,40,-11,-11,-10,-10,22,22,-7,-7,-17,-17,3,3,23,23,23,36,36,36,57,57,54,54,54,57,57,36,36,40,40,29,29,95,95,95,63,63,20,20,20,71,71,71,55,55,55,38,38,38,38,51,51,51,41,41,31,31,13,13,9,9,9,60,60,60,29,29,29,84,84,84,88,88,88,101,101,70,70,77,41,41,73,73,73,114,114,112,112,94,94,68,68,108,108,47,47,34,46,60,60,23,23,60,60,60,48,48,19,19,19,13,13,13,46,46,72,72,40,40,25,25,25,-8,-8,-8,68,68,68,55,55,46,46,39,39,29,29,33,33,33,34,34,-3,-3,23,23,20,20,20,0,0,0,3,3,3,-6,-6,-6,-34,-34,-34,28,28,28,30,30,-26,-26,-26,7,7,7,-12,-12,-12,-12,-12,9,9,3,3,3,21,21,21,21,28,28,28,28,51,51,51,51,1,1,1,39,39,39,46,46,46,33,33,33,37,37,37,25,25,25,22,22,22,27,27,27,55,55,55,61,61,61,66,66,64,64,57,57,22,22,16,16,16,-14,-14,-14,-24,-24,-23,-23,8,8,5,5,5,4,4,4,27,27,24,24,5,5,17,17,11,11,30,30,30,21,21,21,19,19,19,42,42,46,46,14,14,-1,-1,-1,35,35,35,33,33,33,3,3,3,2,2,30,30,17,17,28,28,28,23,23,23,29,29,29,31,31,56,56,52,39,39,59,59,65,65,75,75,47,47,-1,-1,15,15,9,9,19,17,17,20,20,18,18,18,18,18,18,10,10,10,24,24,24,32,32,-13,-13,-32,-32,-32,-17,-17,-7,-7,35,35,36,36,26,26,35,35,35,35,35,31,31,31,39,39,39,30,30,23
175,30.66000000000000369,53,95,43,43,96,96,96,112,112,86,86,45,45,22,22,-6,-6,-8,-8,-8,75,75,75,75,21,21,21,21,58,58,58,58,99,99,99,55,55,55,78,78,78,78,100,100,100,100,96,96,96,96,100,100,100,102,102,102,59,59,59,59,46,46,46,46,70,70,70,70,87,87,87,66,66,87,87,87,84,84,84,84,79,79,79,60,60,60,55,55,-10,-10,-10,35,35,35,42,42,42,64,64,64,72,72,72,77,77,77,89,89,89,79,79,79,94,94,94,94,94,94,77,77,77,55,55,55,49,49,49,56,56,56,56,33,33,33,61,61,61,63,63,63,29,29,29,29,21,21,21,21,31,31,31,42,42,42,42,42,42,42,42,66,66,66,66,125,125,125,125,115,115,115,71,71,71,96,96,96,96,44,44,44,49,49,49,49,40,40,40,69,69,69,45,45,45,38,38,38,24,24,24,48,48,48,30,30,30,75,75,75,75,75,54,54,54,70,70,70,31,31,31,9,9,44,44,44,66,66,66,46,46,27,27,74,74,58,58,44,44,59,59,72,72,57,57,42,42,81,81,38,38,38,121,121,121,64,64,76,76,76,84,84,78,78,76,76,60,60,77,77,77,87,87,76,76,76,51,51,51,61,61,61,58,58,58,58,68,68,68,59,59,64,64,34,34,36,36,36,5,5,5,74,74,74,91,91,91,133,133,133,85,85,95,95,68,24,24,98,98,98,122,122,105,105,92,92,67,67,87,87,88,88,40,69,81,81,36,36,76,76,76,47,47,44,44,44,48,48,48,53,53,76,76,53,53,48,48,48,56,56,56,83,83,83,63,63,76,76,62,62,50,50,43,43,43,54,54,63,63,64,64,33,33,33,55,55,55,20,20,20,52,52,52,5,5,5,50,50,50,80,80,14,14,14,31,31,31,15,15,16,16,16,17,17,13,13,13,42,42,42,42,39,39,39,39,60,60,60,60,25,25,25,58,58,58,78,78,78,69,69,69,52,52,52,34,34,34,44,44,44,55,55,55,62,62,62,47,47,47,54,54,82,82,72,72,47,47,34,34,34,31,31,31,22,22,33,33,38,38,14,14,14,31,31,31,69,69,34,34,51,51,59,59,66,66,72,72,72,52,52,52,86,86,86,39,39,66,66,39,39,15,15,15,64,64,64,55,55,55,32,32,32,26,26,55,55,44,44,57,57,57,54,54,54,71,71,71,52,52,87,87,63,61,61,81,81,98,98,74,74,54,54,-2,-2,47,47,57,57,99,85,85,60,60,53,53,53,19,19,19,9,9,9,45,45,45,66,66,17,17,-3,-3,-3,10,10,29,29,62,62,70,70,66,66,75,75,47,47,47,48,48,48,56,56,56,46,46,58
176,30.86000000000000298,54,69,48,48,38,38,38,8,8,29,29,8,8,-48,-48,2,2,-20,-20,-20,43,43,43,43,41,41,41,41,46,46,46,46,81,81,81,40,40,40,51,51,51,51,49,49,49,49,109,109,109,109,90,90,90,103,103,103,34,34,34,34,58,58,58,58,64,64,64,64,35,35,35,37,37,45,45,45,32,32,32,32,64,64,64,13,13,13,52,52,15,15,15,79,79,79,28,28,28,88,88,88,47,47,47,8,8,8,50,50,50,89,89,89,78,78,78,57,57,57,88,88,88,61,61,61,69,69,69,40,40,40,40,53,53,53,38,38,38,31,31,31,15,15,15,15,42,42,42,42,17,17,17,-1,-1,-1,-1,35,35,35,35,54,54,54,54,102,102,102,102,59,59,59,63,63,63,73,73,73,73,69,69,69,25,25,25,25,49,49,49,61,61,61,18,18,18,33,33,33,36,36,36,44,44,44,47,47,47,63,63,53,53,53,46,46,46,31,31,31,9,9,9,11,11,72,72,72,45,45,45,41,41,9,9,-23,-23,17,17,53,53,102,102,101,101,62,62,63,63,100,100,25,25,25,79,79,79,46,46,64,64,64,41,41,63,63,72,72,67,67,56,56,56,102,102,79,79,79,29,29,29,59,59,59,78,78,78,78,48,48,48,69,69,42,42,35,35,46,46,46,37,37,37,55,55,55,111,111,111,97,97,97,83,83,77,77,45,-9,-9,81,81,81,118,118,61,61,57,57,43,43,41,41,47,47,48,66,81,81,44,44,93,93,93,66,66,51,51,51,55,55,55,57,57,47,47,48,48,35,35,35,81,81,81,82,82,82,73,73,66,66,36,36,65,65,48,48,48,53,53,37,37,72,72,33,33,33,27,27,27,49,49,49,67,67,67,38,38,38,46,46,46,59,59,44,44,44,21,21,21,27,27,31,31,31,21,21,27,27,27,48,48,48,48,72,72,72,72,72,72,72,72,23,23,23,53,53,53,55,55,55,78,78,78,4,4,4,35,35,35,34,34,34,18,18,18,51,51,51,21,21,21,39,39,43,43,45,45,23,23,42,42,42,90,90,90,9,9,13,13,12,12,25,25,25,24,24,24,57,57,45,45,52,52,70,70,63,63,56,56,56,50,50,50,74,74,74,57,57,62,62,23,23,20,20,20,64,64,64,57,57,57,62,62,62,51,51,50,50,48,48,50,50,50,51,51,51,72,72,72,51,51,90,90,68,73,73,65,65,84,84,63,63,7,7,19,19,41,41,70,70,93,85,85,59,59,27,27,27,34,34,34,7,7,7,49,49,49,33,33,26,26,-1,-1,-1,14,14,26,26,54,54,70,70,68,68,48,48,53,53,53,46,46,46,30,30,30,46,46,39
177,31.06000000000000227,43,43,52,52,7,7,7,64,64,-13,-13,17,17,-7,-7,-37,-37,9,9,9,31,31,31,31,8,8,8,8,50,50,50,50,33,33,33,2,2,2,4,4,4,4,44,44,44,44,54,54,54,54,51,51,51,17,17,17,25,25,25,25,22,22,22,22,-22,-22,-22,-22,13,13,13,-10,-10,24,24,24,4,4,4,4,16,16,16,1,1,1,46,46,53,53,53,95,95,95,25,25,25,36,36,36,7,7,7,46,46,46,24,24,24,57,57,57,45,45,45,20,20,20,52,52,52,16,16,16,1,1,1,18,18,18,18,28,28,28,3,3,3,14,14,14,24,24,24,24,34,34,34,34,20,20,20,9,9,9,9,-6,-6,-6,-6,37,37,37,37,53,53,53,53,-2,-2,-2,43,43,43,73,73,73,73,15,15,15,-26,-26,-26,-26,5,5,5,0,0,0,34,34,34,-7,-7,-7,18,18,18,1,1,1,20,20,20,6,6,63,63,63,37,37,37,48,48,48,16,16,16,-10,-10,18,18,18,-9,-9,-9,-27,-27,-55,-55,15,15,-1,-1,21,21,33,33,47,47,51,51,53,53,84,84,61,61,61,51,51,51,24,24,26,26,26,30,30,17,17,37,37,45,45,29,29,29,11,11,16,16,16,51,51,51,25,25,25,54,54,54,54,53,53,53,21,21,18,18,0,0,-3,-3,-3,5,5,5,-1,-1,-1,4,4,4,30,30,30,35,35,19,19,3,-39,-39,59,59,59,46,46,4,4,10,10,18,18,7,7,-8,-8,30,29,45,45,44,44,18,18,18,26,26,24,24,24,33,33,33,1,1,7,7,6,6,27,27,27,30,30,30,37,37,37,33,33,40,40,61,61,27,27,42,42,42,44,44,5,5,0,0,2,2,2,38,38,38,49,49,49,58,58,58,40,40,40,29,29,29,-1,-1,28,28,28,31,31,31,-10,-10,56,56,56,29,29,-19,-19,-19,-4,-4,-4,-4,43,43,43,43,45,45,45,45,30,30,30,29,29,29,41,41,41,52,52,52,4,4,4,-9,-9,-9,19,19,19,9,9,9,22,22,22,0,0,0,18,18,5,5,1,1,-28,-28,30,30,30,38,38,38,18,18,13,13,-8,-8,7,7,7,-11,-11,-11,40,40,6,6,6,6,21,21,37,37,13,13,13,41,41,41,53,53,53,19,19,0,0,15,15,-6,-6,-6,46,46,46,56,56,56,58,58,58,19,19,18,18,26,26,15,15,15,41,41,41,30,30,30,35,35,57,57,33,61,61,40,40,50,50,26,26,34,34,38,38,25,25,27,27,17,35,35,3,3,19,19,19,4,4,4,9,9,9,13,13,13,58,58,19,19,-8,-8,-8,2,2,33,33,28,28,38,38,48,48,21,21,38,38,38,35,35,35,42,42,42,33,33,28
178,31.26000000000000512,10,-33,-2,-2,-28,-28,-28,24,24,-14,-14,24,24,6,6,-31,-31,17,17,17,45,45,45,45,30,30,30,30,49,49,49,49,42,42,42,31,31,31,-18,-18,-18,-18,19,19,19,19,58,58,58,58,8,8,8,-1,-1,-1,2,2,2,2,18,18,18,18,-26,-26,-26,-26,-31,-31,-31,-39,-39,33,33,33,19,19,19,19,16,16,16,-3,-3,-3,22,22,32,32,32,14,14,14,1,1,1,7,7,7,8,8,8,42,42,42,13,13,13,32,32,32,30,30,30,13,13,13,8,8,8,0,0,0,28,28,28,1,1,1,1,15,15,15,-23,-23,-23,9,9,9,21,21,21,21,19,19,19,19,3,3,3,-10,-10,-10,-10,-15,-15,-15,-15,-9,-9,-9,-9,27,27,27,27,-12,-12,-12,9,9,9,44,44,44,44,12,12,12,3,3,3,3,20,20,20,27,27,27,36,36,36,20,20,20,17,17,17,-24,-24,-24,24,24,24,13,13,31,31,31,27,27,27,22,22,22,19,19,19,27,27,-28,-28,-28,13,13,13,-41,-41,-32,-32,-30,-30,-8,-8,13,13,45,45,-13,-13,0,0,20,20,74,74,25,25,25,26,26,26,-44,-44,22,22,22,5,5,3,3,-6,-6,3,3,8,8,8,9,9,-22,-22,-22,-12,-12,-12,11,11,11,16,16,16,16,43,43,43,-22,-22,-26,-26,-12,-12,-9,-9,-9,-33,-33,-33,-12,-12,-12,-26,-26,-26,3,3,3,20,20,-16,-16,-38,-15,-15,40,40,40,12,12,-1,-1,7,7,-3,-3,-7,-7,-31,-31,13,-13,-21,-21,10,10,21,21,21,12,12,12,12,12,47,47,47,-7,-7,-13,-13,31,31,14,14,14,17,17,17,-13,-13,-13,0,0,25,25,46,46,21,21,18,18,18,34,34,4,4,-12,-12,36,36,36,28,28,28,34,34,34,35,35,35,60,60,60,5,5,5,-17,-17,-1,-1,-1,11,11,11,22,22,26,26,26,-8,-8,-15,-15,-15,9,9,9,9,47,47,47,47,3,3,3,3,5,5,5,27,27,27,10,10,10,20,20,20,6,6,6,18,18,18,14,14,14,1,1,1,31,31,31,-13,-13,-13,24,24,-18,-18,-28,-28,-21,-21,6,6,6,22,22,22,-32,-32,2,2,12,12,24,24,24,-3,-3,-3,-11,-11,-28,-28,5,5,-5,-5,8,8,-21,-21,-21,3,3,3,26,26,26,-5,-5,-17,-17,-18,-18,-20,-20,-20,48,48,48,21,21,21,20,20,20,2,2,-5,-5,-8,-8,7,7,7,25,25,25,28,28,28,34,34,26,26,23,40,40,20,20,9,9,22,22,0,0,55,55,8,8,-13,-13,-38,-24,-24,0,0,23,23,23,5,5,5,-8,-8,-8,13,13,13,2,2,31,31,18,18,18,10,10,16,16,20,20,25,25,34,34,15,15,27,27,27,42,42,42,13,13,13,24,24,13
179,31.46000000000000441,-28,3,4,4,-3,-3,-3,22,22,58,58,20,20,48,48,21,21,0,0,0,85,85,85,85,64,64,64,64,72,72,72,72,73,73,73,65,65,65,6,6,6,6,41,41,41,41,66,66,66,66,11,11,11,-17,-17,-17,39,39,39,39,31,31,31,31,16,16,16,16,35,35,35,18,18,38,38,38,8,8,8,8,12,12,12,28,28,28,22,22,38,38,38,68,68,68,53,53,53,13,13,13,22,22,22,71,71,71,44,44,44,45,45,45,10,10,10,-6,-6,-6,9,9,9,24,24,24,24,24,24,-9,-9,-9,-9,33,33,33,-6,-6,-6,47,47,47,53,53,53,53,35,35,35,35,57,57,57,4,4,4,4,18,18,18,18,-11,-11,-11,-11,17,17,17,17,35,35,35,41,41,41,55,55,55,55,12,12,12,23,23,23,23,52,52,52,16,16,16,49,49,49,70,70,70,48,48,48,26,26,26,13,13,13,36,36,34,34,34,46,46,46,14,14,14,-25,-25,-25,37,37,0,0,0,-17,-17,-17,-31,-31,26,26,-8,-8,37,37,60,60,20,20,26,26,74,74,45,45,51,51,77,77,77,28,28,28,9,9,29,29,29,11,11,9,9,2,2,12,12,-7,-7,-7,-5,-5,-49,-49,-49,-3,-3,-3,26,26,26,26,26,26,26,40,40,40,29,29,5,5,25,25,-18,-18,-18,5,5,5,-12,-12,-12,-41,-41,-41,7,7,7,18,18,-8,-8,14,39,39,35,35,35,15,15,41,41,6,6,54,54,13,13,10,10,24,15,4,4,36,36,9,9,9,40,40,39,39,39,38,38,38,5,5,4,4,25,25,50,50,50,54,54,54,-24,-24,-24,15,15,72,72,21,21,31,31,29,29,29,0,0,26,26,13,13,42,42,42,62,62,62,31,31,31,50,50,50,76,76,76,25,25,25,3,3,47,47,47,45,45,45,32,32,47,47,47,12,12,6,6,6,19,19,19,19,40,40,40,40,29,29,29,29,-24,-24,-24,33,33,33,19,19,19,27,27,27,33,33,33,45,45,45,51,51,51,46,46,46,39,39,39,34,34,34,42,42,11,11,19,19,-1,-1,9,9,9,27,27,27,-12,-12,11,11,41,41,25,25,25,9,9,9,-23,-23,-6,-6,13,13,-11,-11,20,20,5,5,5,22,22,22,25,25,25,8,8,-4,-4,-1,-1,12,12,12,40,40,40,27,27,27,21,21,21,3,3,-1,-1,9,9,16,16,16,33,33,33,41,41,41,53,53,46,46,35,56,56,22,22,22,22,19,19,42,42,59,59,28,28,1,1,-24,-8,-8,27,27,34,34,34,39,39,39,33,33,33,5,5,5,-11,-11,51,51,47,47,47,48,48,30,30,36,36,34,34,32,32,13,13,23,23,23,47,47,47,33,33,33,36,36,36
180,31.66000000000000369,29,84,57,57,53,53,53,70,70,80,80,70,70,93,93,54,54,73,73,73,52,52,52,52,74,74,74,74,72,72,72,72,94,94,94,104,104,104,51,51,51,51,81,81,81,81,135,135,135,135,65,65,65,43,43,43,50,50,50,50,41,41,41,41,55,55,55,55,44,44,44,60,60,96,96,96,85,85,85,85,54,54,54,65,65,65,84,84,122,122,122,125,125,125,54,54,54,67,67,67,54,54,54,125,125,125,91,91,91,74,74,74,47,47,47,66,66,66,46,46,46,70,70,70,50,50,50,48,48,48,48,57,57,57,42,42,42,87,87,87,53,53,53,53,80,80,80,80,70,70,70,49,49,49,49,56,56,56,56,38,38,38,38,69,69,69,69,78,78,78,88,88,88,70,70,70,70,77,77,77,53,53,53,53,89,89,89,82,82,82,80,80,80,40,40,40,77,77,77,80,80,80,78,78,78,122,122,61,61,61,95,95,95,37,37,37,32,32,32,74,74,31,31,31,14,14,14,11,11,116,116,82,82,93,93,56,56,109,109,75,75,111,111,85,85,75,75,128,128,128,39,39,39,95,95,48,48,48,-6,-6,30,30,65,65,42,42,28,28,28,66,66,66,66,66,63,63,63,71,71,71,64,64,64,64,99,99,99,55,55,25,25,44,44,-11,-11,-11,49,49,49,23,23,23,-10,-10,-10,41,41,41,44,44,43,43,78,106,106,80,80,80,43,43,79,79,77,77,57,57,63,63,41,41,22,77,41,41,99,99,40,40,40,73,73,56,56,56,48,48,48,49,49,44,44,81,81,75,75,75,50,50,50,54,54,54,56,56,71,71,116,116,70,70,57,57,57,53,53,43,43,60,60,99,99,99,70,70,70,61,61,61,66,66,66,100,100,100,70,70,70,61,61,69,69,69,38,38,38,50,50,65,65,65,81,81,46,46,46,68,68,68,68,78,78,78,78,75,75,75,75,62,62,62,46,46,46,50,50,50,93,93,93,93,93,93,69,69,69,64,64,64,79,79,79,69,69,69,86,86,86,85,85,39,39,65,65,85,85,61,61,61,40,40,40,33,33,64,64,69,69,66,66,66,43,43,43,22,22,31,31,47,47,32,32,49,49,64,64,64,58,58,58,46,46,46,48,48,47,47,32,32,69,69,69,46,46,46,63,63,63,63,63,63,61,61,55,55,59,59,55,55,55,95,95,95,83,83,83,83,83,64,64,88,93,93,49,49,36,36,46,46,46,46,75,75,57,57,62,62,31,44,44,60,60,53,53,53,74,74,74,57,57,57,29,29,29,23,23,90,90,97,97,97,99,99,64,64,53,53,48,48,60,60,45,45,59,59,59,66,66,66,52,52,52,50,50,53
181,31.86000000000000298,60,105,117,117,74,74,74,88,88,74,74,81,81,117,117,94,94,63,63,63,87,87,87,87,87,87,87,87,75,75,75,75,43,43,43,89,89,89,75,75,75,75,62,62,62,62,73,73,73,73,73,73,73,96,96,96,115,115,115,115,93,93,93,93,72,72,72,72,106,106,106,100,100,135,135,135,93,93,93,93,60,60,60,125,125,125,100,100,129,129,129,131,131,131,85,85,85,88,88,88,119,119,119,136,136,136,80,80,80,84,84,84,66,66,66,75,75,75,34,34,34,94,94,94,96,96,96,72,72,72,72,83,83,83,85,85,85,123,123,123,101,101,101,101,129,129,129,129,122,122,122,81,81,81,81,104,104,104,104,79,79,79,79,86,86,86,86,109,109,109,130,130,130,93,93,93,93,90,90,90,110,110,110,110,142,142,142,151,151,151,127,127,127,101,101,101,98,98,98,117,117,117,94,94,94,104,104,100,100,100,85,85,85,33,33,33,54,54,54,112,112,121,121,121,51,51,51,104,104,153,153,132,132,119,119,88,88,98,98,106,106,159,159,100,100,144,144,107,107,107,70,70,70,131,131,55,55,55,91,91,85,85,93,93,87,87,101,101,101,95,95,108,108,108,100,100,100,114,114,114,109,109,109,109,113,113,113,119,119,81,81,45,45,41,41,41,75,75,75,72,72,72,35,35,35,46,46,46,98,98,90,90,106,152,152,114,114,114,76,76,126,126,89,89,92,92,98,98,121,121,64,122,100,100,105,105,38,38,38,110,110,86,86,86,109,109,109,63,63,83,83,130,130,130,130,130,103,103,103,83,83,83,102,102,97,97,127,127,111,111,74,74,74,90,90,78,78,84,84,120,120,120,102,102,102,75,75,75,76,76,76,88,88,88,67,67,67,111,111,109,109,109,92,92,92,66,66,105,105,105,121,121,117,117,117,123,123,123,123,110,110,110,110,97,97,97,97,93,93,93,97,97,97,71,71,71,115,115,115,162,162,162,135,135,135,101,101,101,87,87,87,69,69,69,124,124,124,105,105,79,79,111,111,104,104,49,49,49,54,54,54,110,110,100,100,110,110,101,101,101,67,67,67,67,67,62,62,64,64,47,47,94,94,101,101,101,88,88,88,59,59,59,91,91,79,79,65,65,90,90,90,50,50,50,86,86,86,120,120,120,97,97,118,118,79,79,75,75,75,91,91,91,95,95,95,91,91,68,68,99,76,76,67,67,78,78,53,53,52,52,77,77,76,76,109,109,94,73,73,77,77,63,63,63,68,68,68,57,57,57,42,42,42,35,35,90,90,122,122,122,116,116,80,80,91,91,62,62,55,55,63,63,65,65,65,50,50,50,41,41,41,49,49,62
182,32.06000000000000227,128,161,139,139,46,46,46,110,110,76,76,18,18,98,98,78,78,102,102,102,41,41,41,41,73,73,73,73,45,45,45,45,38,38,38,77,77,77,60,60,60,60,73,73,73,73,88,88,88,88,69,69,69,66,66,66,93,93,93,93,71,71,71,71,86,86,86,86,79,79,79,83,83,87,87,87,81,81,81,81,91,91,91,97,97,97,123,123,88,88,88,101,101,101,132,132,132,91,91,91,88,88,88,123,123,123,81,81,81,33,33,33,71,71,71,78,78,78,34,34,34,49,49,49,81,81,81,91,91,91,91,78,78,78,86,86,86,83,83,83,81,81,81,81,109,109,109,109,134,134,134,86,86,86,86,121,121,121,121,93,93,93,93,101,101,101,101,103,103,103,113,113,113,91,91,91,91,105,105,105,99,99,99,99,116,116,116,146,146,146,115,115,115,110,110,110,116,116,116,101,101,101,82,82,82,92,92,115,115,115,78,78,78,55,55,55,49,49,49,101,101,138,138,138,119,119,119,136,136,172,172,154,154,89,89,59,59,77,77,107,107,193,193,113,113,106,106,127,127,127,70,70,70,167,167,112,112,112,80,80,97,97,106,106,104,104,93,93,93,116,116,89,89,89,134,134,134,117,117,117,149,149,149,149,145,145,145,128,128,100,100,87,87,63,63,63,105,105,105,89,89,89,52,52,52,72,72,72,118,118,118,118,128,181,181,114,114,114,56,56,126,126,125,125,119,119,124,124,100,100,99,89,100,100,126,126,119,119,119,172,172,117,117,117,114,114,114,104,104,98,98,93,93,107,107,107,114,114,114,75,75,75,113,113,90,90,86,86,99,99,67,67,67,72,72,64,64,86,86,105,105,105,105,105,105,77,77,77,123,123,123,63,63,63,79,79,79,116,116,86,86,86,107,107,107,87,87,128,128,128,137,137,104,104,104,106,106,106,106,119,119,119,119,99,99,99,99,109,109,109,101,101,101,83,83,83,100,100,100,149,149,149,135,135,135,102,102,102,85,85,85,66,66,66,122,122,122,73,73,78,78,84,84,104,104,59,59,59,67,67,67,129,129,99,99,106,106,114,114,114,83,83,83,63,63,93,93,97,97,51,51,111,111,88,88,88,76,76,76,54,54,54,77,77,72,72,65,65,80,80,80,58,58,58,96,96,96,107,107,107,111,111,85,85,87,87,63,63,63,112,112,112,86,86,86,75,75,64,64,68,86,86,47,47,51,51,49,49,49,49,95,95,74,74,87,87,64,51,51,38,38,64,64,64,65,65,65,74,74,74,42,42,42,36,36,84,84,138,138,138,112,112,75,75,56,56,46,46,68,68,64,64,59,59,59,61,61,61,55,55,55,63,63,73
183,32.26000000000000512,105,77,97,97,112,112,112,66,66,96,96,59,59,102,102,61,61,90,90,90,34,34,34,34,36,36,36,36,5,5,5,5,10,10,10,38,38,38,40,40,40,40,22,22,22,22,98,98,98,98,51,51,51,44,44,44,54,54,54,54,76,76,76,76,55,55,55,55,34,34,34,73,73,75,75,75,105,105,105,105,86,86,86,85,85,85,69,69,112,112,112,91,91,91,91,91,91,55,55,55,98,98,98,79,79,79,38,38,38,41,41,41,62,62,62,63,63,63,23,23,23,65,65,65,45,45,45,58,58,58,58,83,83,83,51,51,51,73,73,73,80,80,80,80,110,110,110,110,97,97,97,81,81,81,81,84,84,84,84,107,107,107,107,103,103,103,103,77,77,77,107,107,107,115,115,115,115,87,87,87,107,107,107,107,90,90,90,116,116,116,53,53,53,65,65,65,85,85,85,87,87,87,113,113,113,104,104,91,91,91,100,100,100,71,71,71,68,68,68,99,99,130,130,130,141,141,141,133,133,115,115,152,152,94,94,79,79,38,38,108,108,138,138,103,103,124,124,84,84,84,46,46,46,130,130,86,86,86,100,100,106,106,99,99,137,137,153,153,153,122,122,104,104,104,131,131,131,128,128,128,126,126,126,126,127,127,127,109,109,92,92,79,79,53,53,53,108,108,108,72,72,72,128,128,128,73,73,73,95,95,153,153,133,137,137,119,119,119,59,59,110,110,96,96,90,90,108,108,115,115,55,63,81,81,109,109,99,99,99,135,135,105,105,105,102,102,102,115,115,83,83,94,94,89,89,89,86,86,86,88,88,88,99,99,54,54,84,84,64,64,82,82,82,87,87,56,56,72,72,88,88,88,99,99,99,87,87,87,96,96,96,66,66,66,50,50,50,94,94,83,83,83,141,141,141,90,90,98,98,98,118,118,102,102,102,111,111,111,111,115,115,115,115,104,104,104,104,120,120,120,103,103,103,98,98,98,98,98,98,154,154,154,122,122,122,74,74,74,78,78,78,50,50,50,131,131,131,61,61,69,69,68,68,71,71,21,21,21,59,59,59,114,114,83,83,66,66,105,105,105,89,89,89,60,60,81,81,87,87,55,55,84,84,65,65,65,66,66,66,68,68,68,66,66,47,47,64,64,70,70,70,31,31,31,80,80,80,107,107,107,88,88,74,74,64,64,64,64,64,91,91,91,71,71,71,61,61,33,33,46,42,42,27,27,29,29,54,54,47,47,97,97,75,75,35,35,25,9,9,19,19,53,53,53,33,33,33,52,52,52,44,44,44,60,60,76,76,129,129,129,114,114,87,87,61,61,44,44,47,47,62,62,62,62,62,64,64,64,40,40,40,51,51,55
184,32.46000000000000085,58,10,42,42,56,56,56,85,85,79,79,-15,-15,58,58,75,75,83,83,83,26,26,26,26,31,31,31,31,11,11,11,11,-19,-19,-19,7,7,7,52,52,52,52,13,13,13,13,42,42,42,42,55,55,55,35,35,35,66,66,66,66,63,63,63,63,40,40,40,40,41,41,41,63,63,85,85,85,57,57,57,57,43,43,43,92,92,92,57,57,59,59,59,99,99,99,79,79,79,39,39,39,70,70,70,29,29,29,13,13,13,42,42,42,53,53,53,42,42,42,55,55,55,32,32,32,48,48,48,82,82,82,82,68,68,68,51,51,51,43,43,43,30,30,30,30,69,69,69,69,94,94,94,51,51,51,51,110,110,110,110,118,118,118,118,81,81,81,81,47,47,47,77,77,77,71,71,71,71,70,70,70,73,73,73,73,75,75,75,64,64,64,46,46,46,69,69,69,46,46,46,63,63,63,66,66,66,49,49,95,95,95,69,69,69,72,72,72,78,78,78,60,60,136,136,136,108,108,108,96,96,126,126,128,128,98,98,52,52,-17,-17,95,95,127,127,162,162,136,136,82,82,82,59,59,59,103,103,84,84,84,101,101,73,73,92,92,105,105,124,124,124,101,101,94,94,94,108,108,108,121,121,121,118,118,118,118,110,110,110,75,75,95,95,101,101,68,68,68,107,107,107,78,78,78,105,105,105,54,54,54,94,94,116,116,118,127,127,103,103,103,83,83,94,94,83,83,73,73,121,121,103,103,46,27,36,36,55,55,55,55,55,121,121,110,110,110,82,82,82,97,97,81,81,73,73,58,58,58,54,54,54,73,73,73,76,76,56,56,39,39,87,87,66,66,66,70,70,53,53,47,47,90,90,90,86,86,86,73,73,73,75,75,75,81,81,81,64,64,64,78,78,126,126,126,96,96,96,80,80,105,105,105,134,134,111,111,111,110,110,110,110,78,78,78,78,91,91,91,91,122,122,122,84,84,84,76,76,76,139,139,139,164,164,164,138,138,138,74,74,74,82,82,82,38,38,38,89,89,89,31,31,44,44,41,41,43,43,44,44,44,57,57,57,89,89,61,61,46,46,102,102,102,60,60,60,46,46,54,54,81,81,34,34,55,55,34,34,34,37,37,37,45,45,45,56,56,31,31,44,44,61,61,61,24,24,24,77,77,77,83,83,83,33,33,54,54,43,43,66,66,66,50,50,50,47,47,47,39,39,33,33,49,14,14,26,26,33,33,46,46,36,36,56,56,21,21,15,15,-5,31,31,13,13,38,38,38,50,50,50,16,16,16,40,40,40,57,57,67,67,113,113,113,83,83,82,82,44,44,38,38,45,45,57,57,64,64,64,53,53,53,40,40,40,56,56,46
185,32.66000000000000369,75,3,36,36,67,67,67,58,58,93,93,22,22,74,74,46,46,44,44,44,38,38,38,38,65,65,65,65,8,8,8,8,20,20,20,-4,-4,-4,7,7,7,7,18,18,18,18,48,48,48,48,10,10,10,22,22,22,44,44,44,44,63,63,63,63,46,46,46,46,47,47,47,46,46,74,74,74,84,84,84,84,52,52,52,53,53,53,23,23,64,64,64,74,74,74,64,64,64,38,38,38,44,44,44,35,35,35,33,33,33,36,36,36,48,48,48,89,89,89,56,56,56,44,44,44,29,29,29,65,65,65,65,16,16,16,44,44,44,27,27,27,34,34,34,34,53,53,53,53,55,55,55,50,50,50,50,88,88,88,88,68,68,68,68,56,56,56,56,41,41,41,49,49,49,98,98,98,98,41,41,41,47,47,47,47,23,23,23,62,62,62,23,23,23,62,62,62,22,22,22,82,82,82,79,79,79,49,49,79,79,79,28,28,28,55,55,55,48,48,48,78,78,97,97,97,91,91,91,66,66,110,110,133,133,60,60,31,31,26,26,93,93,119,119,101,101,105,105,153,153,153,67,67,67,56,56,47,47,47,110,110,65,65,66,66,106,106,132,132,132,132,132,95,95,95,94,94,94,96,96,96,89,89,89,89,89,89,89,80,80,64,64,88,88,80,80,80,82,82,82,69,69,69,88,88,88,90,90,90,106,106,114,114,95,112,112,108,108,108,97,97,82,82,81,81,84,84,97,97,102,102,44,11,24,24,55,55,76,76,76,96,96,38,38,38,65,65,65,115,115,77,77,75,75,82,82,82,70,70,70,81,81,81,67,67,36,36,56,56,98,98,99,99,99,71,71,54,54,39,39,66,66,66,93,93,93,67,67,67,64,64,64,38,38,38,72,72,72,69,69,104,104,104,102,102,102,56,56,95,95,95,134,134,103,103,103,83,83,83,83,73,73,73,73,81,81,81,81,107,107,107,70,70,70,53,53,53,111,111,111,149,149,149,111,111,111,54,54,54,86,86,86,64,64,64,59,59,59,15,15,57,57,21,21,45,45,25,25,25,50,50,50,71,71,68,68,45,45,61,61,61,42,42,42,38,38,49,49,52,52,41,41,34,34,9,9,9,45,45,45,50,50,50,56,56,27,27,18,18,43,43,43,11,11,11,68,68,68,58,58,58,18,18,32,32,36,36,58,58,58,33,33,33,54,54,54,30,30,36,36,11,10,10,31,31,34,34,44,44,32,32,-9,-9,8,8,-13,-13,14,25,25,12,12,33,33,33,50,50,50,43,43,43,61,61,61,71,71,54,54,87,87,87,78,78,72,72,80,80,40,40,44,44,55,55,55,55,55,42,42,42,31,31,31,41,41,52
186,32.86000000000000654,51,16,33,33,56,56,56,46,46,102,102,-22,-22,12,12,52,52,13,13,13,39,39,39,39,26,26,26,26,-17,-17,-17,-17,12,12,12,14,14,14,3,3,3,3,38,38,38,38,21,21,21,21,18,18,18,11,11,11,58,58,58,58,30,30,30,30,31,31,31,31,60,60,60,59,59,95,95,95,34,34,34,34,36,36,36,66,66,66,45,45,54,54,54,81,81,81,72,72,72,34,34,34,29,29,29,43,43,43,57,57,57,33,33,33,29,29,29,62,62,62,37,37,37,49,49,49,29,29,29,41,41,41,41,14,14,14,47,47,47,28,28,28,11,11,11,11,37,37,37,37,41,41,41,60,60,60,60,74,74,74,74,63,63,63,63,74,74,74,74,45,45,45,81,81,81,83,83,83,83,50,50,50,46,46,46,46,42,42,42,48,48,48,16,16,16,38,38,38,53,53,53,39,39,39,56,56,56,72,72,57,57,57,36,36,36,48,48,48,76,76,76,90,90,94,94,94,108,108,108,55,55,97,97,98,98,33,33,24,24,28,28,67,67,43,43,18,18,77,77,128,128,128,52,52,52,73,73,70,70,70,119,119,58,58,67,67,76,76,130,130,130,127,127,80,80,80,103,103,103,83,83,83,39,39,39,39,53,53,53,73,73,78,78,50,50,76,76,76,68,68,68,53,53,53,85,85,85,106,106,106,95,95,156,156,128,60,60,70,70,70,86,86,69,69,53,53,67,67,95,95,35,35,6,45,42,42,66,66,82,82,82,77,77,67,67,67,34,34,34,86,86,57,57,47,47,73,73,73,51,51,51,84,84,84,65,65,46,46,43,43,89,89,35,35,35,66,66,44,44,65,65,58,58,58,63,63,63,29,29,29,37,37,37,50,50,50,56,56,56,53,53,76,76,76,75,75,75,52,52,79,79,79,97,97,85,85,85,66,66,66,66,65,65,65,65,81,81,81,81,86,86,86,86,86,86,58,58,58,103,103,103,127,127,127,85,85,85,63,63,63,77,77,77,75,75,75,40,40,40,25,25,59,59,39,39,49,49,66,66,66,57,57,57,50,50,29,29,41,41,68,68,68,21,21,21,21,21,48,48,43,43,49,49,26,26,24,24,24,53,53,53,37,37,37,53,53,46,46,17,17,14,14,14,25,25,25,54,54,54,27,27,27,26,26,26,26,28,28,36,36,36,30,30,30,33,33,33,12,12,51,51,32,14,14,40,40,30,30,46,46,26,26,-10,-10,-10,-10,5,5,37,21,21,2,2,12,12,12,27,27,27,38,38,38,25,25,25,62,62,39,39,43,43,43,51,51,59,59,28,28,28,28,33,33,41,41,32,32,32,49,49,49,22,22,22,25,25,27
187,33.06000000000000227,49,51,47,47,50,50,50,39,39,38,38,65,65,79,79,8,8,11,11,11,44,44,44,44,32,32,32,32,12,12,12,12,45,45,45,21,21,21,24,24,24,24,-21,-21,-21,-21,2,2,2,2,44,44,44,33,33,33,26,26,26,26,21,21,21,21,40,40,40,40,27,27,27,62,62,23,23,23,18,18,18,18,14,14,14,40,40,40,63,63,67,67,67,44,44,44,60,60,60,30,30,30,31,31,31,35,35,35,23,23,23,0,0,0,38,38,38,21,21,21,19,19,19,-17,-17,-17,18,18,18,20,20,20,20,0,0,0,50,50,50,28,28,28,46,46,46,46,27,27,27,27,21,21,21,64,64,64,64,58,58,58,58,67,67,67,67,49,49,49,49,53,53,53,67,67,67,51,51,51,51,24,24,24,46,46,46,46,57,57,57,43,43,43,37,37,37,68,68,68,36,36,36,50,50,50,85,85,85,82,82,59,59,59,31,31,31,42,42,42,63,63,63,87,87,70,70,70,109,109,109,76,76,37,37,57,57,54,54,15,15,55,55,1,1,5,5,82,82,23,23,98,98,98,51,51,51,73,73,86,86,86,109,109,65,65,60,60,65,65,126,126,126,99,99,96,96,96,65,65,65,67,67,67,31,31,31,31,53,53,53,53,53,53,53,45,45,60,60,60,27,27,27,57,57,57,105,105,105,133,133,133,69,69,139,139,114,57,57,68,68,68,88,88,36,36,37,37,50,50,61,61,107,107,69,58,55,55,47,47,44,44,44,51,51,34,34,34,21,21,21,81,81,66,66,52,52,20,20,20,33,33,33,57,57,57,87,87,48,48,63,63,68,68,72,72,72,73,73,75,75,43,43,24,24,24,52,52,52,37,37,37,31,31,31,35,35,35,67,67,67,60,60,36,36,36,29,29,29,50,50,60,60,60,100,100,71,71,71,86,86,86,86,67,67,67,67,53,53,53,53,92,92,92,76,76,76,43,43,43,80,80,80,82,82,82,67,67,67,53,53,53,71,71,71,50,50,50,8,8,8,31,31,75,75,67,67,65,65,54,54,54,61,61,61,36,36,34,34,33,33,35,35,35,19,19,19,31,31,43,43,46,46,56,56,71,71,39,39,39,43,43,43,68,68,68,68,68,60,60,32,32,2,2,2,43,43,43,34,34,34,38,38,38,24,24,35,35,41,41,24,24,24,-4,-4,-4,25,25,25,13,13,53,53,33,16,16,23,23,52,52,40,40,19,19,-10,-10,-9,-9,29,29,36,4,4,-1,-1,9,9,9,8,8,8,56,56,56,51,51,51,50,50,12,12,19,19,19,9,9,37,37,30,30,13,13,6,6,4,4,13,13,13,23,23,23,11,11,11,15,15,16
188,33.26000000000000512,14,10,14,14,36,36,36,73,73,85,85,41,41,63,63,3,3,28,28,28,-2,-2,-2,-2,7,7,7,7,41,41,41,41,24,24,24,14,14,14,33,33,33,33,-9,-9,-9,-9,-6,-6,-6,-6,12,12,12,22,22,22,17,17,17,17,-6,-6,-6,-6,0,0,0,0,31,31,31,26,26,14,14,14,4,4,4,4,38,38,38,1,1,1,2,2,70,70,70,26,26,26,-3,-3,-3,27,27,27,62,62,62,-10,-10,-10,11,11,11,19,19,19,14,14,14,30,30,30,18,18,18,-13,-13,-13,23,23,23,20,20,20,20,8,8,8,1,1,1,-6,-6,-6,-10,-10,-10,-10,1,1,1,1,14,14,14,61,61,61,61,43,43,43,43,33,33,33,33,33,33,33,33,46,46,46,57,57,57,62,62,62,62,41,41,41,36,36,36,36,28,28,28,14,14,14,38,38,38,-11,-11,-11,70,70,70,47,47,47,39,39,39,56,56,51,51,51,24,24,24,33,33,33,61,61,61,41,41,39,39,39,41,41,41,28,28,60,60,35,35,39,39,7,7,41,41,9,9,-38,-38,-33,-33,19,19,92,92,92,32,32,32,64,64,36,36,36,53,53,40,40,56,56,77,77,94,94,94,87,87,82,82,82,57,57,57,24,24,24,41,41,41,41,27,27,27,31,31,61,61,38,38,7,7,7,37,37,37,45,45,45,44,44,44,70,70,70,56,56,93,93,81,70,70,36,36,36,50,50,40,40,41,41,60,60,44,44,46,46,48,57,51,51,43,43,43,43,43,37,37,26,26,26,33,33,33,50,50,39,39,23,23,49,49,49,9,9,9,50,50,50,46,46,37,37,36,36,62,62,60,60,60,70,70,67,67,27,27,42,42,42,43,43,43,49,49,49,35,35,35,46,46,46,64,64,64,46,46,36,36,36,48,48,48,53,53,47,47,47,86,86,71,71,71,56,56,56,56,14,14,14,14,52,52,52,52,37,37,37,40,40,40,56,56,56,78,78,78,53,53,53,60,60,60,44,44,44,40,40,40,49,49,49,8,8,8,34,34,49,49,87,87,51,51,34,34,34,55,55,55,16,16,27,27,43,43,36,36,36,20,20,20,31,31,48,48,49,49,68,68,50,50,19,19,19,58,58,58,80,80,80,62,62,45,45,47,47,18,18,18,22,22,22,42,42,42,17,17,17,26,26,37,37,17,17,18,18,18,27,27,27,15,15,15,38,38,48,48,34,18,18,-4,-4,43,43,16,16,-7,-7,11,11,-6,-6,17,17,30,-4,-4,-8,-8,-13,-13,-13,26,26,26,34,34,34,17,17,17,24,24,-7,-7,-13,-13,-13,-11,-11,28,28,14,14,16,16,-4,-4,-6,-6,-8,-8,-8,-1,-1,-1,16,16,16,2,2,8
189,33.46000000000000085,22,-21,-4,-4,-12,-12,-12,-28,-28,13,13,44,44,31,31,23,23,-12,-12,-12,-18,-18,-18,-18,0,0,0,0,29,29,29,29,-10,-10,-10,-19,-19,-19,12,12,12,12,-5,-5,-5,-5,6,6,6,6,2,2,2,7,7,7,35,35,35,35,35,35,35,35,-27,-27,-27,-27,4,4,4,36,36,-2,-2,-2,8,8,8,8,7,7,7,-9,-9,-9,4,4,19,19,19,5,5,5,-20,-20,-20,6,6,6,-17,-17,-17,-11,-11,-11,30,30,30,13,13,13,11,11,11,-9,-9,-9,-8,-8,-8,17,17,17,20,20,20,-7,-7,-7,-7,7,7,7,-7,-7,-7,1,1,1,-26,-26,-26,-26,-20,-20,-20,-20,32,32,32,9,9,9,9,20,20,20,20,39,39,39,39,48,48,48,48,17,17,17,60,60,60,49,49,49,49,10,10,10,31,31,31,31,6,6,6,-43,-43,-43,-2,-2,-2,-16,-16,-16,25,25,25,23,23,23,29,29,29,18,18,22,22,22,32,32,32,0,0,0,28,28,28,23,23,2,2,2,50,50,50,-1,-1,29,29,-7,-7,93,93,41,41,26,26,12,12,-34,-34,9,9,6,6,71,71,71,84,84,84,22,22,30,30,30,11,11,31,31,58,58,44,44,71,71,71,84,84,51,51,51,29,29,29,-28,-28,-28,7,7,7,7,-3,-3,-3,33,33,39,39,34,34,11,11,11,30,30,30,25,25,25,60,60,60,27,27,27,58,58,55,55,63,40,40,45,45,45,44,44,6,6,30,30,7,7,45,45,10,10,39,47,54,54,38,38,48,48,48,36,36,11,11,11,9,9,9,14,14,8,8,36,36,16,16,16,21,21,21,41,41,41,31,31,60,60,45,45,65,65,4,4,4,38,38,22,22,18,18,28,28,28,46,46,46,9,9,9,10,10,10,49,49,49,41,41,41,32,32,17,17,17,27,27,27,-9,-9,32,32,32,38,38,35,35,35,24,24,24,24,30,30,30,30,29,29,29,29,39,39,39,45,45,45,31,31,31,55,55,55,29,29,29,43,43,43,26,26,26,11,11,11,31,31,31,12,12,12,31,31,27,27,33,33,47,47,29,29,29,49,49,49,17,17,-9,-9,14,14,32,32,32,26,26,26,6,6,43,43,51,51,44,44,17,17,24,24,24,35,35,35,60,60,60,45,45,41,41,26,26,-8,-8,-8,30,30,30,31,31,31,16,16,16,26,26,15,15,5,5,18,18,18,-2,-2,-2,5,5,5,5,5,15,15,11,17,17,-6,-6,23,23,-6,-6,11,11,16,16,12,12,4,4,3,0,0,-10,-10,-2,-2,-2,16,16,16,42,42,42,31,31,31,18,18,-16,-16,2,2,2,-13,-13,5,5,12,12,-16,-16,-8,-8,-30,-30,-16,-16,-16,-7,-7,-7,-23,-23,-23,-22,-22,-25
190,33.66000000000000369,8,1,-31,-31,1,1,1,33,33,36,36,78,78,82,82,17,17,26,26,26,-40,-40,-40,-40,-15,-15,-15,-15,9,9,9,9,-21,-21,-21,-31,-31,-31,-29,-29,-29,-29,-28,-28,-28,-28,-29,-29,-29,-29,-2,-2,-2,-20,-20,-20,8,8,8,8,31,31,31,31,-34,-34,-34,-34,-27,-27,-27,-4,-4,-10,-10,-10,-40,-40,-40,-40,-36,-36,-36,13,13,13,-6,-6,32,32,32,-14,-14,-14,-18,-18,-18,11,11,11,-28,-28,-28,-22,-22,-22,-10,-10,-10,24,24,24,6,6,6,-15,-15,-15,-10,-10,-10,15,15,15,-37,-37,-37,-24,-24,-24,-24,-27,-27,-27,-34,-34,-34,-8,-8,-8,-18,-18,-18,-18,-3,-3,-3,-3,-11,-11,-11,33,33,33,33,3,3,3,3,3,3,3,3,10,10,10,10,-1,-1,-1,42,42,42,22,22,22,22,-7,-7,-7,4,4,4,4,-3,-3,-3,7,7,7,13,13,13,-25,-25,-25,4,4,4,-10,-10,-10,11,11,11,16,16,31,31,31,40,40,40,21,21,21,-20,-20,-20,13,13,-41,-41,-41,-55,-55,-55,-26,-26,25,25,14,14,-14,-14,8,8,0,0,-27,-27,-23,-23,11,11,-24,-24,46,46,46,15,15,15,-7,-7,2,2,2,28,28,23,23,1,1,36,36,18,18,18,38,38,22,22,22,11,11,11,-26,-26,-26,-19,-19,-19,-19,-3,-3,-3,19,19,11,11,22,22,22,22,22,27,27,27,35,35,35,16,16,16,24,24,24,25,25,10,10,11,53,53,35,35,35,22,22,-15,-15,16,16,13,13,7,7,4,4,54,5,57,57,47,47,29,29,29,11,11,26,26,26,3,3,3,-8,-8,0,0,11,11,33,33,33,12,12,12,-5,-5,-5,37,37,16,16,41,41,27,27,19,19,19,25,25,23,23,18,18,25,25,25,8,8,8,-8,-8,-8,14,14,14,25,25,25,18,18,18,-5,-5,3,3,3,33,33,33,7,7,4,4,4,19,19,34,34,34,8,8,8,8,12,12,12,12,18,18,18,18,8,8,8,38,38,38,6,6,6,40,40,40,33,33,33,18,18,18,12,12,12,1,1,1,25,25,25,-2,-2,-2,36,36,8,8,-11,-11,15,15,15,15,15,23,23,23,23,23,15,15,19,19,22,22,22,47,47,47,11,11,45,45,28,28,34,34,6,6,10,10,10,32,32,32,40,40,40,21,21,10,10,20,20,-1,-1,-1,26,26,26,16,16,16,9,9,9,11,11,-30,-30,2,2,-29,-29,-29,5,5,5,1,1,1,2,2,17,17,-4,9,9,-16,-16,3,3,-12,-12,-15,-15,-1,-1,6,6,7,7,-14,-31,-31,-13,-13,-3,-3,-3,24,24,24,37,37,37,40,40,40,14,14,-16,-16,-26,-26,-26,-18,-18,-23,-23,-14,-14,-8,-8,-16,-16,-40,-40,-20,-20,-20,-9,-9,-9,-12,-12,-12,-23,-23,-12
191,33.86000000000000654,7,1,9,9,19,19,19,33,33,89,89,92,92,64,64,0,0,20,20,20,-19,-19,-19,-19,-31,-31,-31,-31,4,4,4,4,-7,-7,-7,-44,-44,-44,-31,-31,-31,-31,-38,-38,-38,-38,-3,-3,-3,-3,1,1,1,-31,-31,-31,25,25,25,25,14,14,14,14,-12,-12,-12,-12,-2,-2,-2,-3,-3,-5,-5,-5,-19,-19,-19,-19,15,15,15,22,22,22,3,3,-27,-27,-27,6,6,6,-14,-14,-14,9,9,9,-64,-64,-64,3,3,3,9,9,9,-21,-21,-21,-11,-11,-11,-22,-22,-22,-1,-1,-1,-68,-68,-68,-14,-14,-14,-23,-23,-23,-23,-1,-1,-1,-21,-21,-21,-18,-18,-18,-27,-27,-27,-27,-9,-9,-9,-9,9,9,9,-10,-10,-10,-10,-17,-17,-17,-17,-10,-10,-10,-10,1,1,1,1,14,14,14,53,53,53,29,29,29,29,-32,-32,-32,5,5,5,5,16,16,16,-11,-11,-11,15,15,15,-17,-17,-17,-15,-15,-15,-22,-22,-22,-10,-10,-10,10,10,24,24,24,33,33,33,6,6,6,-17,-17,-17,-11,-11,-46,-46,-46,-23,-23,-23,-47,-47,-10,-10,12,12,4,4,14,14,-16,-16,-47,-47,-2,-2,-65,-65,-2,-2,21,21,21,12,12,12,-27,-27,-31,-31,-31,-12,-12,5,5,9,9,0,0,15,15,15,17,17,5,5,5,12,12,12,1,1,1,15,15,15,15,1,1,1,16,16,-2,-2,2,2,-10,-10,-10,6,6,6,-4,-4,-4,1,1,1,27,27,27,21,21,-16,-16,37,61,61,20,20,20,15,15,25,25,14,14,20,20,-10,-10,15,15,54,5,22,22,28,28,15,15,15,23,23,-6,-6,-6,15,15,15,-3,-3,-17,-17,21,21,53,53,53,0,0,0,12,12,12,20,20,16,16,26,26,34,34,28,28,28,40,40,33,33,19,19,31,31,31,-19,-19,-19,-1,-1,-1,-20,-20,-20,17,17,17,-25,-25,-25,-27,-27,-4,-4,-4,-1,-1,-1,-9,-9,29,29,29,16,16,6,6,6,20,20,20,20,15,15,15,15,7,7,7,7,15,15,15,36,36,36,13,13,13,-7,-7,-7,5,5,5,24,24,24,6,6,6,3,3,3,40,40,40,15,15,15,19,19,15,15,8,8,-2,-2,13,13,13,9,9,9,14,14,10,10,27,27,35,35,35,6,6,6,1,1,0,0,48,48,28,28,-1,-1,0,0,0,6,6,6,14,14,14,23,23,16,16,32,32,3,3,3,13,13,13,7,7,7,0,0,0,2,2,-35,-35,-12,-12,-9,-9,-9,6,6,6,15,15,15,22,22,-6,-6,-20,23,23,-3,-3,-34,-34,-7,-7,-7,-7,-15,-15,29,29,-11,-11,-32,-32,-32,-1,-1,18,18,18,51,51,51,65,65,65,52,52,52,-10,-10,-2,-2,-13,-13,-13,-3,-3,-1,-1,-4,-4,-5,-5,-15,-15,-21,-21,-34,-34,-34,-30,-30,-30,-21,-21,-21,-16,-16,-35
192,34.06000000000000227,-3,30,19,19,-27,-27,-27,57,57,20,20,80,80,78,78,82,82,-3,-3,-3,-32,-32,-32,-32,17,17,17,17,14,14,14,14,37,37,37,30,30,30,-27,-27,-27,-27,3,3,3,3,48,48,48,48,8,8,8,14,14,14,28,28,28,28,12,12,12,12,-19,-19,-19,-19,50,50,50,1,1,49,49,49,25,25,25,25,-9,-9,-9,-9,-9,-9,25,25,9,9,9,-96,-96,-96,-7,-7,-7,16,16,16,-23,-23,-23,18,18,18,17,17,17,32,32,32,-6,-6,-6,-27,-27,-27,-20,-20,-20,-22,-22,-22,-9,-9,-9,0,0,0,0,-13,-13,-13,-35,-35,-35,-3,-3,-3,15,15,15,15,-8,-8,-8,-8,10,10,10,-21,-21,-21,-21,-10,-10,-10,-10,-13,-13,-13,-13,14,14,14,14,25,25,25,29,29,29,27,27,27,27,2,2,2,20,20,20,20,32,32,32,25,25,25,16,16,16,15,15,15,-1,-1,-1,3,3,3,8,8,8,8,8,24,24,24,18,18,18,3,3,3,-23,-23,-23,-19,-19,-60,-60,-60,-37,-37,-37,-41,-41,-2,-2,30,30,-33,-33,13,13,-18,-18,3,3,8,8,19,19,18,18,73,73,73,16,16,16,-31,-31,6,6,6,-4,-4,0,0,-3,-3,9,9,-8,-8,-8,-5,-5,-6,-6,-6,-3,-3,-3,-12,-12,-12,22,22,22,22,41,41,41,13,13,22,22,27,27,22,22,22,31,31,31,14,14,14,20,20,20,12,12,12,1,1,-23,-23,32,38,38,39,39,39,18,18,51,51,63,63,41,41,27,27,28,28,45,10,60,60,62,62,6,6,6,30,30,22,22,22,8,8,8,-2,-2,21,21,26,26,31,31,31,-8,-8,-8,5,5,5,10,10,44,44,48,48,31,31,14,14,14,29,29,34,34,44,44,56,56,56,11,11,11,-5,-5,-5,1,1,1,20,20,20,-7,-7,-7,-20,-20,-12,-12,-12,1,1,1,-10,-10,26,26,26,-7,-7,7,7,7,-5,-5,-5,-5,29,29,29,29,23,23,23,23,-2,-2,-2,22,22,22,29,29,29,21,21,21,56,56,56,30,30,30,27,27,27,24,24,24,49,49,49,61,61,61,60,60,23,23,39,39,20,20,5,5,5,-4,-4,-4,42,42,23,23,40,40,30,30,30,6,6,6,26,26,12,12,17,17,11,11,10,10,-1,-1,-1,3,3,3,21,21,21,27,27,20,20,3,3,20,20,20,21,21,21,31,31,31,22,22,22,29,29,-12,-12,6,6,8,8,8,18,18,18,23,23,23,23,23,5,5,2,40,40,5,5,-5,-5,-8,-8,4,4,-7,-7,33,33,13,13,1,-1,-1,13,13,22,22,22,61,61,61,53,53,53,39,39,39,1,1,0,0,-21,-21,-21,3,3,2,2,-17,-17,-6,-6,-5,-5,-11,-11,-7,-7,-7,-15,-15,-15,-9,-9,-9,-23,-23,-14
193,34.26000000000000512,-2,18,41,41,19,19,19,42,42,-6,-6,34,34,56,56,62,62,-3,-3,-3,15,15,15,15,52,52,52,52,54,54,54,54,34,34,34,15,15,15,5,5,5,5,39,39,39,39,24,24,24,24,61,61,61,27,27,27,35,35,35,35,31,31,31,31,12,12,12,12,11,11,11,12,12,45,45,45,50,50,50,50,4,4,4,39,39,39,8,8,13,13,13,-3,-3,-3,28,28,28,44,44,44,2,2,2,19,19,19,24,24,24,31,31,31,-9,-9,-9,8,8,8,-31,-31,-31,-25,-25,-25,-19,-19,-19,2,2,2,2,34,34,34,45,45,45,11,11,11,34,34,34,34,21,21,21,21,24,24,24,9,9,9,9,-5,-5,-5,-5,-12,-12,-12,-12,37,37,37,37,48,48,48,15,15,15,-9,-9,-9,-9,21,21,21,20,20,20,20,63,63,63,22,22,22,25,25,25,39,39,39,37,37,37,17,17,17,54,54,54,17,17,28,28,28,-7,-7,-7,-9,-9,-9,-14,-14,-14,15,15,-51,-51,-51,-41,-41,-41,-9,-9,-11,-11,-37,-37,-5,-5,16,16,-5,-5,12,12,41,41,-25,-25,15,15,35,35,35,22,22,22,18,18,24,24,24,5,5,7,7,27,27,29,29,-7,-7,-7,14,14,-9,-9,-9,22,22,22,38,38,38,56,56,56,56,54,54,54,22,22,25,25,9,9,39,39,39,16,16,16,54,54,54,36,36,36,49,49,49,30,30,30,30,77,72,72,69,69,69,32,32,77,77,42,42,69,69,52,52,68,68,92,39,31,31,24,24,23,23,23,74,74,35,35,35,29,29,29,-11,-11,32,32,44,44,32,32,32,42,42,42,14,14,14,24,24,44,44,55,55,32,32,62,62,62,0,0,18,18,53,53,38,38,38,37,37,37,-6,-6,-6,41,41,41,30,30,30,15,15,15,12,12,2,2,2,-2,-2,-2,5,5,19,19,19,7,7,10,10,10,8,8,8,8,41,41,41,41,66,66,66,66,27,27,27,34,34,34,55,55,55,44,44,44,34,34,34,42,42,42,21,21,21,27,27,27,44,44,44,92,92,92,57,57,44,44,43,43,41,41,37,37,37,21,21,21,42,42,46,46,47,47,49,49,49,39,39,39,25,25,37,37,22,22,4,4,55,55,17,17,17,26,26,26,27,27,27,25,25,45,45,20,20,49,49,49,6,6,6,24,24,24,31,31,31,53,53,37,37,26,26,12,12,12,50,50,50,28,28,28,37,37,10,10,18,45,45,14,14,8,8,13,13,19,19,14,14,48,48,39,39,39,50,50,44,44,35,35,35,71,71,71,59,59,59,30,30,30,1,1,13,13,15,15,15,38,38,8,8,-3,-3,3,3,13,13,6,6,0,0,0,-10,-10,-10,11,11,11,2,2,1
194,34.46000000000000085,38,29,6,6,-9,-9,-9,12,12,49,49,-26,-26,21,21,13,13,52,52,52,-4,-4,-4,-4,50,50,50,50,59,59,59,59,51,51,51,40,40,40,37,37,37,37,65,65,65,65,56,56,56,56,49,49,49,40,40,40,25,25,25,25,35,35,35,35,57,57,57,57,4,4,4,24,24,72,72,72,28,28,28,28,7,7,7,36,36,36,42,42,35,35,35,39,39,39,19,19,19,14,14,14,31,31,31,17,17,17,27,27,27,30,30,30,4,4,4,4,4,4,1,1,1,46,46,46,33,33,33,31,31,31,31,23,23,23,15,15,15,17,17,17,20,20,20,20,12,12,12,12,33,33,33,8,8,8,8,-5,-5,-5,-5,15,15,15,15,36,36,36,36,57,57,57,23,23,23,18,18,18,18,55,55,55,17,17,17,17,54,54,54,32,32,32,66,66,66,54,54,54,40,40,40,74,74,74,63,63,63,57,57,24,24,24,-19,-19,-19,-5,-5,-5,10,10,10,8,8,-23,-23,-23,2,2,2,5,5,-19,-19,-45,-45,24,24,10,10,17,17,36,36,80,80,78,78,58,58,67,67,67,28,28,28,37,37,17,17,17,20,20,19,19,59,59,30,30,23,23,23,34,34,-12,-12,-12,59,59,59,73,73,73,50,50,50,50,36,36,36,59,59,32,32,2,2,25,25,25,27,27,27,33,33,33,69,69,69,39,39,39,72,72,32,32,51,59,59,69,69,69,53,53,102,102,86,86,108,108,69,69,93,93,77,65,35,35,65,65,40,40,40,95,95,31,31,31,46,46,46,41,41,49,49,52,52,48,48,48,16,16,16,6,6,6,58,58,81,81,43,43,66,66,10,10,10,24,24,36,36,69,69,42,42,42,39,39,39,11,11,11,43,43,43,32,32,32,32,32,32,13,13,1,1,1,25,25,25,-8,-8,13,13,13,5,5,10,10,10,19,19,19,19,70,70,70,70,42,42,42,42,33,33,33,44,44,44,47,47,47,34,34,34,62,62,62,30,30,30,17,17,17,50,50,50,36,36,36,91,91,91,51,51,20,20,0,0,20,20,25,25,25,6,6,6,73,73,34,34,51,51,68,68,68,29,29,29,33,33,32,32,15,15,32,32,31,31,28,28,28,18,18,18,11,11,11,30,30,29,29,28,28,61,61,61,24,24,24,38,38,38,42,42,42,27,27,26,26,46,46,52,52,52,49,49,49,27,27,27,38,38,22,22,28,56,56,31,31,3,3,20,20,19,19,16,16,35,35,48,48,59,63,63,43,43,31,31,31,59,59,59,20,20,20,13,13,13,-5,-5,10,10,23,23,23,39,39,26,26,7,7,14,14,17,17,21,21,27,27,27,3,3,3,9,9,9,16,16,3
195,34.66000000000000369,27,37,24,24,37,37,37,11,11,-19,-19,-19,-19,-59,-59,21,21,90,90,90,-29,-29,-29,-29,59,59,59,59,31,31,31,31,41,41,41,38,38,38,-16,-16,-16,-16,46,46,46,46,13,13,13,13,27,27,27,53,53,53,-6,-6,-6,-6,10,10,10,10,8,8,8,8,5,5,5,1,1,24,24,24,17,17,17,17,31,31,31,42,42,42,-20,-20,-1,-1,-1,-12,-12,-12,16,16,16,27,27,27,45,45,45,45,45,45,14,14,14,20,20,20,8,8,8,-13,-13,-13,-16,-16,-16,6,6,6,10,10,10,29,29,29,29,20,20,20,45,45,45,20,20,20,25,25,25,25,5,5,5,5,26,26,26,23,23,23,23,17,17,17,17,25,25,25,25,39,39,39,39,48,48,48,26,26,26,15,15,15,15,40,40,40,17,17,17,17,32,32,32,11,11,11,30,30,30,31,31,31,30,30,30,8,8,8,55,55,55,44,44,14,14,14,2,2,2,4,4,4,18,18,18,11,11,6,6,6,31,31,31,-15,-15,-49,-49,32,32,-6,-6,11,11,1,1,17,17,40,40,5,5,35,35,57,57,57,17,17,17,32,32,43,43,43,16,16,24,24,41,41,52,52,26,26,26,33,33,14,14,14,51,51,51,69,69,69,91,91,91,91,66,66,66,55,55,59,59,14,14,30,30,30,32,32,32,57,57,57,33,33,33,77,77,77,59,59,54,54,51,51,51,93,93,93,79,79,109,109,88,88,104,104,84,84,93,93,48,61,17,17,21,21,28,28,28,92,92,32,32,32,43,43,43,24,24,54,54,44,44,34,34,34,25,25,25,19,19,19,49,49,16,16,31,31,20,20,29,29,29,20,20,45,45,53,53,53,53,53,58,58,58,42,42,42,17,17,17,3,3,3,10,10,10,-6,-6,13,13,13,-2,-2,-2,4,4,-15,-15,-15,13,13,29,29,29,15,15,15,15,43,43,43,43,43,43,43,43,44,44,44,58,58,58,41,41,41,19,19,19,47,47,47,64,64,64,21,21,21,36,36,36,3,3,3,78,78,78,19,19,-1,-1,7,7,17,17,23,23,23,3,3,3,51,51,31,31,41,41,52,52,52,38,38,38,14,14,19,19,8,8,19,19,33,33,32,32,32,19,19,19,2,2,2,-11,-11,5,5,22,22,48,48,48,9,9,9,31,31,31,39,39,39,11,11,17,17,32,32,19,19,19,38,38,38,14,14,14,39,39,7,7,43,40,40,19,19,19,19,7,7,25,25,32,32,28,28,20,20,30,46,46,34,34,2,2,2,27,27,27,18,18,18,11,11,11,-8,-8,19,19,51,51,51,53,53,34,34,3,3,33,33,23,23,4,4,13,13,13,9,9,9,9,9,9,16,16,4
196,34.86000000000000654,32,15,-23,-23,-10,-10,-10,-9,-9,-8,-8,-31,-31,-60,-60,-28,-28,29,29,29,-10,-10,-10,-10,47,47,47,47,10,10,10,10,22,22,22,31,31,31,40,40,40,40,23,23,23,23,-27,-27,-27,-27,14,14,14,6,6,6,-18,-18,-18,-18,-16,-16,-16,-16,81,81,81,81,-16,-16,-16,0,0,29,29,29,11,11,11,11,-18,-18,-18,3,3,3,-18,-18,2,2,2,-17,-17,-17,20,20,20,-5,-5,-5,-1,-1,-1,17,17,17,-4,-4,-4,29,29,29,6,6,6,-32,-32,-32,9,9,9,-20,-20,-20,-4,-4,-4,27,27,27,27,28,28,28,35,35,35,-26,-26,-26,13,13,13,13,-3,-3,-3,-3,10,10,10,24,24,24,24,3,3,3,3,6,6,6,6,21,21,21,21,33,33,33,10,10,10,-14,-14,-14,-14,1,1,1,-17,-17,-17,-17,35,35,35,17,17,17,-2,-2,-2,-6,-6,-6,1,1,1,42,42,42,21,21,21,19,19,10,10,10,-3,-3,-3,21,21,21,7,7,7,25,25,-35,-35,-35,20,20,20,-19,-19,-40,-40,-83,-83,-51,-51,-16,-16,-3,-3,-11,-11,21,21,-1,-1,2,2,49,49,49,-18,-18,-18,16,16,23,23,23,15,15,14,14,21,21,51,51,31,31,31,17,17,-8,-8,-8,-3,-3,-3,76,76,76,53,53,53,53,66,66,66,34,34,31,31,5,5,21,21,21,19,19,19,9,9,9,72,72,72,33,33,33,53,53,51,51,66,58,58,60,60,60,73,73,100,100,98,98,76,76,106,106,102,102,60,6,-16,-16,3,3,0,0,0,41,41,38,38,38,26,26,26,30,30,41,41,18,18,-8,-8,-8,40,40,40,5,5,5,11,11,6,6,23,23,36,36,25,25,25,-18,-18,10,10,35,35,5,5,5,29,29,29,34,34,34,4,4,4,-18,-18,-18,-18,-18,-18,-39,-39,-25,-25,-25,12,12,12,7,7,-23,-23,-23,28,28,-13,-13,-13,19,19,19,19,29,29,29,29,4,4,4,4,19,19,19,29,29,29,23,23,23,45,45,45,33,33,33,13,13,13,20,20,20,29,29,29,17,17,17,53,53,53,-16,-16,-9,-9,-55,-55,-10,-10,-21,-21,-21,14,14,14,-2,-2,9,9,7,7,34,34,34,22,22,22,11,11,18,18,-11,-11,-2,-2,2,2,3,3,3,-4,-4,-4,-10,-10,-10,-34,-34,-31,-31,-10,-10,16,16,16,-4,-4,-4,20,20,20,-1,-1,-1,-18,-18,19,19,-14,-14,6,6,6,29,29,29,3,3,3,6,6,4,4,27,19,19,25,25,2,2,3,3,-2,-2,4,4,-8,-8,-15,-15,-2,2,2,27,27,26,26,26,9,9,9,-13,-13,-13,-6,-6,-6,-9,-9,37,37,41,41,41,42,42,15,15,15,15,9,9,27,27,15,15,45,45,45,16,16,16,4,4,4,17,17,14
197,35.06000000000000227,35,34,37,37,5,5,5,-44,-44,-31,-31,-46,-46,-122,-122,-24,-24,50,50,50,36,36,36,36,31,31,31,31,42,42,42,42,63,63,63,43,43,43,4,4,4,4,-4,-4,-4,-4,-3,-3,-3,-3,-33,-33,-33,3,3,3,-21,-21,-21,-21,2,2,2,2,38,38,38,38,17,17,17,-16,-16,15,15,15,-16,-16,-16,-16,-9,-9,-9,-10,-10,-10,-8,-8,-50,-50,-50,-57,-57,-57,5,5,5,19,19,19,-2,-2,-2,14,14,14,17,17,17,-4,-4,-4,6,6,6,-7,-7,-7,-15,-15,-15,6,6,6,20,20,20,35,35,35,35,-5,-5,-5,2,2,2,-9,-9,-9,-7,-7,-7,-7,14,14,14,14,-4,-4,-4,29,29,29,29,28,28,28,28,10,10,10,10,-13,-13,-13,-13,27,27,27,9,9,9,-3,-3,-3,-3,2,2,2,-29,-29,-29,-29,-6,-6,-6,29,29,29,6,6,6,0,0,0,-31,-31,-31,7,7,7,-21,-21,-21,11,11,14,14,14,0,0,0,34,34,34,19,19,19,-19,-19,-21,-21,-21,-42,-42,-42,-33,-33,-21,-21,-39,-39,-49,-49,-30,-30,-35,-35,0,0,-10,-10,9,9,-21,-21,25,25,25,6,6,6,9,9,45,45,45,10,10,-4,-4,-9,-9,9,9,25,25,25,18,18,4,4,4,20,20,20,65,65,65,33,33,33,33,44,44,44,30,30,26,26,43,43,-3,-3,-3,3,3,3,42,42,42,47,47,47,33,33,33,56,56,32,32,55,31,31,64,64,64,87,87,91,91,69,69,63,63,74,74,71,71,11,3,-34,-34,-51,-51,7,7,7,48,48,32,32,32,23,23,23,24,24,23,23,2,2,-26,-26,-26,24,24,24,-7,-7,-7,-14,-14,13,13,17,17,32,32,52,52,52,-7,-7,3,3,7,7,46,46,46,27,27,27,19,19,19,20,20,20,8,8,8,-21,-21,-21,-32,-32,-40,-40,-40,6,6,6,21,21,-19,-19,-19,8,8,5,5,5,3,3,3,3,18,18,18,18,32,32,32,32,17,17,17,35,35,35,-8,-8,-8,15,15,15,9,9,9,-14,-14,-14,35,35,35,20,20,20,-1,-1,-1,41,41,41,14,14,-6,-6,-46,-46,-18,-18,5,5,5,4,4,4,8,8,-9,-9,-22,-22,0,0,0,7,7,7,20,20,-1,-1,-26,-26,-22,-22,-1,-1,-3,-3,-3,-6,-6,-6,-16,-16,-16,-25,-25,-40,-40,-24,-24,12,12,12,10,10,10,27,27,27,-5,-5,-5,-39,-39,1,1,3,3,13,13,13,15,15,15,-16,-16,-16,-2,-2,40,40,36,15,15,18,18,12,12,7,7,6,6,22,22,-2,-2,-10,-10,2,32,32,35,35,29,29,29,-12,-12,-12,-27,-27,-27,-5,-5,-5,8,8,15,15,57,57,57,41,41,21,21,14,14,28,28,37,37,19,19,19,19,19,29,29,29,9,9,9,12,12,32
198,35.26000000000000512,32,4,24,24,8,8,8,-33,-33,3,3,-17,-17,-28,-28,-15,-15,-9,-9,-9,60,60,60,60,21,21,21,21,85,85,85,85,63,63,63,55,55,55,34,34,34,34,29,29,29,29,-1,-1,-1,-1,40,40,40,21,21,21,9,9,9,9,-10,-10,-10,-10,34,34,34,34,27,27,27,34,34,23,23,23,15,15,15,15,-9,-9,-9,6,6,6,26,26,-3,-3,-3,42,42,42,42,42,42,43,43,43,15,15,15,42,42,42,-15,-15,-15,40,40,40,37,37,37,37,37,37,52,52,52,30,30,30,3,3,3,-7,-7,-7,-7,-4,-4,-4,44,44,44,28,28,28,19,19,19,19,21,21,21,21,4,4,4,29,29,29,29,14,14,14,14,30,30,30,30,4,4,4,4,69,69,69,31,31,31,1,1,1,1,44,44,44,26,26,26,26,15,15,15,41,41,41,33,33,33,-37,-37,-37,-55,-55,-55,40,40,40,23,23,23,22,22,29,29,29,23,23,23,45,45,45,38,38,38,-25,-25,14,14,14,-39,-39,-39,3,3,0,0,1,1,-7,-7,-36,-36,8,8,31,31,24,24,-1,-1,37,37,18,18,18,2,2,2,14,14,1,1,1,22,22,33,33,14,14,44,44,9,9,9,23,23,27,27,27,51,51,51,38,38,38,24,24,24,24,32,32,32,35,35,34,34,16,16,25,25,25,30,30,30,26,26,26,34,34,34,49,49,49,48,48,53,53,47,-3,-3,39,39,39,65,65,95,95,72,72,41,41,68,68,57,57,-39,8,6,6,3,3,23,23,23,71,71,45,45,45,7,7,7,45,45,20,20,26,26,22,22,22,23,23,23,18,18,18,-12,-12,-3,-3,35,35,38,38,25,25,25,25,25,30,30,46,46,43,43,43,59,59,59,37,37,37,23,23,23,8,8,8,5,5,5,13,13,-4,-4,-4,41,41,41,18,18,7,7,7,31,31,0,0,0,5,5,5,5,19,19,19,19,33,33,33,33,44,44,44,28,28,28,37,37,37,45,45,45,0,0,0,6,6,6,40,40,40,28,28,28,55,55,55,48,48,48,20,20,25,25,27,27,16,16,8,8,8,22,22,22,-10,-10,6,6,14,14,14,14,14,22,22,22,24,24,2,2,-6,-6,-25,-25,20,20,22,22,22,4,4,4,5,5,5,18,18,0,0,-3,-3,10,10,10,17,17,17,37,37,37,26,26,26,-1,-1,11,11,23,23,9,9,9,33,33,33,14,14,14,19,19,40,40,58,21,21,33,33,34,34,19,19,15,15,19,19,-4,-4,25,25,46,28,28,39,39,36,36,36,1,1,1,-12,-12,-12,0,0,0,27,27,32,32,48,48,48,37,37,41,41,18,18,44,44,47,47,16,16,41,41,41,35,35,35,35,35,35,28,28,39
199,35.46000000000000085,36,72,39,39,17,17,17,-26,-26,14,14,3,3,-16,-16,5,5,51,51,51,68,68,68,68,53,53,53,53,53,53,53,53,70,70,70,81,81,81,53,53,53,53,37,37,37,37,38,38,38,38,40,40,40,58,58,58,45,45,45,45,15,15,15,15,21,21,21,21,53,53,53,21,21,19,19,19,36,36,36,36,21,21,21,22,22,22,13,13,22,22,22,42,42,42,-15,-15,-15,45,45,45,57,57,57,51,51,51,63,63,63,57,57,57,55,55,55,41,41,41,49,49,49,5,5,5,62,62,62,35,35,35,35,15,15,15,44,44,44,57,57,57,34,34,34,34,24,24,24,24,19,19,19,37,37,37,37,35,35,35,35,66,66,66,66,4,4,4,4,61,61,61,29,29,29,55,55,55,55,18,18,18,58,58,58,58,38,38,38,50,50,50,38,38,38,12,12,12,32,32,32,50,50,50,59,59,59,79,79,47,47,47,80,80,80,49,49,49,53,53,53,35,35,31,31,31,24,24,24,47,47,64,64,55,55,53,53,67,67,55,55,109,109,54,54,49,49,49,49,59,59,59,35,35,35,74,74,28,28,28,37,37,28,28,36,36,45,45,39,39,39,64,64,29,29,29,69,69,69,62,62,62,38,38,38,38,63,63,63,49,49,84,84,54,54,43,43,43,49,49,49,45,45,45,48,48,48,43,43,43,48,48,37,37,32,23,23,43,43,43,78,78,53,53,56,56,42,42,61,61,27,27,-3,18,13,13,-13,-13,54,54,54,43,43,46,46,46,26,26,26,56,56,50,50,30,30,13,13,13,41,41,41,22,22,22,23,23,37,37,21,21,50,50,55,55,55,33,33,37,37,21,21,31,31,31,63,63,63,41,41,41,44,44,44,46,46,46,33,33,33,63,63,6,6,6,44,44,44,48,48,21,21,21,62,62,15,15,15,30,30,30,30,30,30,30,30,33,33,33,33,7,7,7,21,21,21,19,19,19,40,40,40,8,8,8,21,21,21,67,67,67,73,73,73,50,50,50,57,57,57,65,65,48,48,26,26,50,50,34,34,34,45,45,45,3,3,39,39,-3,-3,23,23,23,26,26,26,48,48,22,22,14,14,17,17,33,33,42,42,42,30,30,30,37,37,37,13,13,6,6,9,9,31,31,31,44,44,44,46,46,46,17,17,17,31,31,36,36,47,47,16,16,16,34,34,34,49,49,49,31,31,52,52,59,44,44,62,62,69,69,47,47,31,31,48,48,16,16,34,34,75,48,48,45,45,30,30,30,26,26,26,9,9,9,15,15,15,82,82,36,36,57,57,57,37,37,45,45,35,35,36,36,55,55,34,34,42,42,42,47,47,47,42,42,42,52,52,51
200,35.66000000000000369,17,78,47,47,28,28,28,50,50,7,7,46,46,17,17,8,8,-15,-15,-15,41,41,41,41,50,50,50,50,47,47,47,47,4,4,4,47,47,47,37,37,37,37,38,38,38,38,21,21,21,21,41,41,41,44,44,44,60,60,60,60,-1,-1,-1,-1,28,28,28,28,24,24,24,38,38,39,39,39,22,22,22,22,-23,-23,-23,35,35,35,10,10,64,64,64,47,47,47,53,53,53,42,42,42,61,61,61,54,54,54,31,31,31,67,67,67,40,40,40,81,81,81,85,85,85,50,50,50,70,70,70,10,10,10,10,32,32,32,43,43,43,44,44,44,32,32,32,32,26,26,26,26,40,40,40,39,39,39,39,30,30,30,30,54,54,54,54,42,42,42,42,62,62,62,24,24,24,38,38,38,38,20,20,20,59,59,59,59,21,21,21,20,20,20,42,42,42,53,53,53,-7,-7,-7,42,42,42,46,46,46,55,55,43,43,43,81,81,81,63,63,63,30,30,30,17,17,34,34,34,46,46,46,39,39,52,52,63,63,15,15,36,36,73,73,102,102,83,83,40,40,42,42,65,65,65,22,22,22,25,25,58,58,58,56,56,30,30,58,58,28,28,45,45,45,73,73,78,78,78,42,42,42,51,51,51,35,35,35,35,26,26,26,59,59,54,54,6,6,28,28,28,48,48,48,60,60,60,78,78,78,43,43,43,67,67,51,51,25,36,36,39,39,39,64,64,41,41,51,51,12,12,47,47,28,28,-29,26,34,34,3,3,10,10,10,16,16,31,31,31,29,29,29,31,31,28,28,35,35,-25,-25,-25,22,22,22,39,39,39,10,10,14,14,15,15,41,41,42,42,42,45,45,13,13,32,32,56,56,56,66,66,66,65,65,65,35,35,35,78,78,78,56,56,56,23,23,34,34,34,66,66,66,51,51,40,40,40,43,43,28,28,28,46,46,46,46,16,16,16,16,37,37,37,37,44,44,44,37,37,37,12,12,12,63,63,63,49,49,49,38,38,38,42,42,42,32,32,32,31,31,31,15,15,15,49,49,47,47,47,47,32,32,6,6,6,43,43,43,0,0,31,31,12,12,37,37,37,11,11,11,31,31,11,11,15,15,9,9,17,17,56,56,56,41,41,41,30,30,30,29,29,18,18,7,7,13,13,13,21,21,21,72,72,72,44,44,44,45,45,46,46,23,23,27,27,27,32,32,32,57,57,57,27,27,49,49,54,46,46,45,45,53,53,53,53,36,36,19,19,5,5,34,34,31,26,26,1,1,16,16,16,0,0,0,15,15,15,12,12,12,30,30,35,35,37,37,37,32,32,20,20,30,30,26,26,66,66,23,23,26,26,26,33,33,33,33,33,33,37,37,47
201,35.86000000000000654,27,23,15,15,64,64,64,-8,-8,5,5,35,35,29,29,-3,-3,-4,-4,-4,-14,-14,-14,-14,-12,-12,-12,-12,-7,-7,-7,-7,-21,-21,-21,16,16,16,58,58,58,58,56,56,56,56,21,21,21,21,5,5,5,7,7,7,22,22,22,22,12,12,12,12,19,19,19,19,-10,-10,-10,0,0,39,39,39,15,15,15,15,-16,-16,-16,27,27,27,37,37,26,26,26,40,40,40,41,41,41,25,25,25,22,22,22,28,28,28,-1,-1,-1,34,34,34,36,36,36,-3,-3,-3,54,54,54,21,21,21,10,10,10,27,27,27,27,-12,-12,-12,38,38,38,42,42,42,29,29,29,29,24,24,24,24,11,11,11,40,40,40,40,28,28,28,28,45,45,45,45,-4,-4,-4,-4,12,12,12,25,25,25,22,22,22,22,14,14,14,19,19,19,19,2,2,2,6,6,6,3,3,3,12,12,12,-21,-21,-21,31,31,31,35,35,35,14,14,20,20,20,31,31,31,27,27,27,20,20,20,-45,-45,17,17,17,11,11,11,35,35,34,34,3,3,45,45,10,10,29,29,48,48,30,30,30,30,43,43,24,24,24,24,24,24,28,28,29,29,29,26,26,23,23,15,15,21,21,23,23,23,49,49,66,66,66,34,34,34,15,15,15,30,30,30,30,28,28,28,39,39,6,6,6,6,30,30,30,17,17,17,58,58,58,67,67,67,-3,-3,-3,23,23,38,38,-8,39,39,10,10,10,16,16,12,12,28,28,-17,-17,14,14,0,0,27,-9,-25,-25,7,7,-30,-30,-30,-5,-5,15,15,15,13,13,13,12,12,16,16,31,31,33,33,33,0,0,0,32,32,32,31,31,10,10,32,32,19,19,16,16,16,28,28,5,5,13,13,22,22,22,47,47,47,32,32,32,36,36,36,40,40,40,39,39,39,57,57,30,30,30,20,20,20,38,38,22,22,22,33,33,7,7,7,-5,-5,-5,-5,24,24,24,24,29,29,29,29,24,24,24,18,18,18,8,8,8,31,31,31,20,20,20,32,32,32,29,29,29,19,19,19,12,12,12,-6,-6,-6,17,17,19,19,0,0,7,7,-8,-8,-8,-9,-9,-9,-10,-10,0,0,20,20,17,17,17,7,7,7,12,12,0,0,-10,-10,25,25,27,27,25,25,25,4,4,4,16,16,16,16,16,0,0,-1,-1,8,8,8,25,25,25,16,16,16,17,17,17,31,31,-1,-1,30,30,7,7,7,39,39,39,49,49,49,25,25,52,52,34,29,29,26,26,45,45,26,26,1,1,59,59,8,8,13,13,-35,-64,-64,-21,-21,2,2,2,-28,-28,-28,-22,-22,-22,-9,-9,-9,10,10,-9,-9,0,0,0,-21,-21,-10,-10,-13,-13,13,13,16,16,21,21,-7,-7,-7,6,6,6,12,12,12,10,10,25
202,36.06000000000000227,17,2,28,28,9,9,9,22,22,1,1,9,9,1,1,39,39,-40,-40,-40,-20,-20,-20,-20,-35,-35,-35,-35,-15,-15,-15,-15,-50,-50,-50,2,2,2,23,23,23,23,25,25,25,25,38,38,38,38,-12,-12,-12,-25,-25,-25,32,32,32,32,24,24,24,24,7,7,7,7,19,19,19,35,35,10,10,10,2,2,2,2,37,37,37,30,30,30,28,28,30,30,30,22,22,22,21,21,21,0,0,0,-12,-12,-12,15,15,15,22,22,22,38,38,38,25,25,25,-19,-19,-19,51,51,51,24,24,24,35,35,35,-6,-6,-6,-6,16,16,16,-2,-2,-2,43,43,43,25,25,25,25,30,30,30,30,27,27,27,19,19,19,19,49,49,49,49,31,31,31,31,25,25,25,25,12,12,12,14,14,14,-5,-5,-5,-5,-11,-11,-11,30,30,30,30,16,16,16,6,6,6,-9,-9,-9,-12,-12,-12,-9,-9,-9,11,11,11,29,29,29,-3,-3,2,2,2,27,27,27,27,27,27,-5,-5,-5,-9,-9,1,1,1,17,17,17,13,13,28,28,-34,-34,-18,-18,-24,-24,-4,-4,-15,-15,-8,-8,-11,-11,37,37,4,4,4,4,4,4,19,19,4,4,4,14,14,24,24,21,21,56,56,33,33,33,81,81,42,42,42,18,18,18,5,5,5,15,15,15,15,31,31,31,15,15,17,17,11,11,20,20,20,2,2,2,3,3,3,40,40,40,-2,-2,-2,5,5,1,1,13,55,55,15,15,15,-10,-10,-9,-9,3,3,-9,-9,-5,-5,-6,-6,58,-4,-3,-3,40,40,10,10,10,23,23,-4,-4,-4,-18,-18,-18,14,14,10,10,8,8,-8,-8,-8,-13,-13,-13,11,11,11,27,27,-11,-11,25,25,6,6,31,31,31,31,31,7,7,-8,-8,-20,-20,-20,35,35,35,9,9,9,50,50,50,20,20,20,30,30,30,40,40,29,29,29,45,45,45,2,2,58,58,58,11,11,30,30,30,13,13,13,13,19,19,19,19,27,27,27,27,29,29,29,6,6,6,13,13,13,11,11,11,18,18,18,47,47,47,-3,-3,-3,1,1,1,-23,-23,-23,-21,-21,-21,21,21,1,1,34,34,-15,-15,-9,-9,-9,-25,-25,-25,-13,-13,-28,-28,-8,-8,27,27,27,5,5,5,8,8,17,17,-10,-10,37,37,4,4,29,29,29,-14,-14,-14,4,4,4,18,18,-17,-17,1,1,6,6,6,12,12,12,35,35,35,4,4,4,62,62,7,7,17,17,13,13,13,15,15,15,51,51,51,9,9,27,27,21,39,39,17,17,12,12,15,15,-4,-4,38,38,-3,-3,0,0,-76,-53,-53,-49,-49,-36,-36,-36,-24,-24,-24,-26,-26,-26,-7,-7,-7,-8,-8,-23,-23,-14,-14,-14,-34,-34,-20,-20,-17,-17,2,2,-9,-9,4,4,-14,-14,-14,3,3,3,0,0,0,-3,-3,-8
203,36.26000000000000512,1,-2,39,39,25,25,25,2,2,5,5,-9,-9,25,25,26,26,-21,-21,-21,-8,-8,-8,-8,-27,-27,-27,-27,17,17,17,17,-30,-30,-30,12,12,12,17,17,17,17,43,43,43,43,22,22,22,22,42,42,42,30,30,30,56,56,56,56,42,42,42,42,13,13,13,13,9,9,9,26,26,54,54,54,45,45,45,45,32,32,32,58,58,58,42,42,39,39,39,68,68,68,18,18,18,16,16,16,7,7,7,17,17,17,35,35,35,65,65,65,52,52,52,47,47,47,57,57,57,16,16,16,28,28,28,18,18,18,18,39,39,39,13,13,13,24,24,24,14,14,14,14,-5,-5,-5,-5,28,28,28,55,55,55,55,44,44,44,44,56,56,56,56,33,33,33,33,20,20,20,27,27,27,80,80,80,80,27,27,27,73,73,73,73,46,46,46,43,43,43,-1,-1,-1,6,6,6,45,45,45,33,33,33,19,19,19,46,46,34,34,34,30,30,30,29,29,29,23,23,23,30,30,39,39,39,34,34,34,30,30,-19,-19,6,6,-12,-12,-19,-19,12,12,-2,-2,-12,-12,2,2,44,44,24,24,24,29,29,29,7,7,25,25,25,34,34,43,43,45,45,35,35,37,37,37,71,71,39,39,39,31,31,31,47,47,47,20,20,20,20,38,38,38,31,31,41,41,45,45,15,15,15,36,36,36,35,35,35,73,73,73,8,8,8,50,50,17,17,41,79,79,8,8,8,-6,-6,27,27,32,32,47,47,11,11,2,2,88,16,41,41,40,40,37,37,37,47,47,17,17,17,23,23,23,39,39,44,44,35,35,49,49,49,20,20,20,41,41,41,41,41,56,56,46,46,27,27,24,24,24,0,0,27,27,28,28,17,17,17,80,80,80,17,17,17,47,47,47,23,23,23,28,28,28,53,53,44,44,44,46,46,46,51,51,35,35,35,23,23,17,17,17,25,25,25,25,47,47,47,47,31,31,31,31,64,64,64,49,49,49,31,31,31,60,60,60,55,55,55,85,85,85,9,9,9,20,20,20,54,54,54,30,30,30,28,28,60,60,18,18,27,27,18,18,18,-20,-20,-20,2,2,12,12,13,13,42,42,42,19,19,19,9,9,8,8,13,13,36,36,19,19,26,26,26,15,15,15,30,30,30,40,40,50,50,19,19,19,19,19,11,11,11,18,18,18,34,34,34,39,39,28,28,25,25,33,33,33,41,41,41,48,48,48,30,30,33,33,23,57,57,37,37,21,21,15,15,-1,-1,58,58,34,34,12,12,-48,-19,-19,-7,-7,14,14,14,-5,-5,-5,-1,-1,-1,16,16,16,-3,-3,-15,-15,8,8,8,-20,-20,-19,-19,-12,-12,-6,-6,10,10,3,3,-7,-7,-7,13,13,13,15,15,15,-15,-15,-10
204,36.46000000000000085,-36,38,37,37,35,35,35,9,9,39,39,6,6,76,76,43,43,12,12,12,76,76,76,76,35,35,35,35,28,28,28,28,32,32,32,27,27,27,39,39,39,39,72,72,72,72,106,106,106,106,41,41,41,30,30,30,55,55,55,55,92,92,92,92,16,16,16,16,60,60,60,90,90,33,33,33,47,47,47,47,64,64,64,85,85,85,72,72,55,55,55,65,65,65,37,37,37,27,27,27,18,18,18,94,94,94,70,70,70,75,75,75,51,51,51,51,51,51,52,52,52,44,44,44,68,68,68,32,32,32,32,58,58,58,31,31,31,60,60,60,48,48,48,48,57,57,57,57,63,63,63,46,46,46,46,78,78,78,78,76,76,76,76,62,62,62,62,56,56,56,66,66,66,72,72,72,72,74,74,74,79,79,79,79,73,73,73,67,67,67,78,78,78,63,63,63,70,70,70,64,64,64,61,61,61,79,79,70,70,70,71,71,71,51,51,51,40,40,40,41,41,57,57,57,75,75,75,49,49,67,67,72,72,9,9,37,37,62,62,28,28,41,41,30,30,55,55,63,63,63,71,71,71,49,49,37,37,37,58,58,49,49,80,80,82,82,68,68,68,82,82,66,66,66,92,92,92,76,76,76,45,45,45,45,52,52,52,45,45,51,51,24,24,35,35,35,72,72,72,58,58,58,73,73,73,57,57,57,101,101,70,70,91,81,81,58,58,58,44,44,53,53,44,44,53,53,62,62,45,45,109,43,64,64,80,80,54,54,54,87,87,52,52,52,40,40,40,45,45,34,34,65,65,62,62,62,50,50,50,53,53,53,84,84,90,90,69,69,74,74,67,67,67,69,69,69,69,63,63,31,31,31,55,55,55,6,6,6,88,88,88,35,35,35,55,55,55,85,85,48,48,48,51,51,51,45,45,60,60,60,78,78,52,52,52,79,79,79,79,84,84,84,84,55,55,55,55,54,54,54,57,57,57,55,55,55,66,66,66,83,83,83,113,113,113,41,41,41,45,45,45,68,68,68,76,76,76,68,68,72,72,65,65,50,50,59,59,59,25,25,25,29,29,30,30,58,58,80,80,80,49,49,49,36,36,57,57,40,40,46,46,56,56,64,64,64,43,43,43,71,71,71,64,64,61,61,45,45,43,43,43,-4,-4,-4,53,53,53,52,52,52,62,62,63,63,58,58,32,32,32,40,40,40,39,39,39,40,40,52,52,49,78,78,62,62,50,50,46,46,49,49,65,65,59,59,26,26,35,17,17,29,29,13,13,13,30,30,30,35,35,35,51,51,51,33,33,11,11,24,24,24,15,15,29,29,30,30,21,21,13,13,31,31,23,23,23,23,23,23,34,34,34,13,13,12
205,36.66000000000000369,64,67,73,73,39,39,39,81,81,34,34,90,90,42,42,71,71,72,72,72,70,70,70,70,84,84,84,84,30,30,30,30,20,20,20,2,2,2,-10,-10,-10,-10,50,50,50,50,53,53,53,53,80,80,80,68,68,68,105,105,105,105,71,71,71,71,51,51,51,51,62,62,62,85,85,83,83,83,56,56,56,56,90,90,90,68,68,68,66,66,70,70,70,102,102,102,70,70,70,44,44,44,55,55,55,85,85,85,56,56,56,60,60,60,42,42,42,49,49,49,33,33,33,50,50,50,46,46,46,43,43,43,43,75,75,75,42,42,42,47,47,47,69,69,69,69,46,46,46,46,89,89,89,70,70,70,70,84,84,84,84,84,84,84,84,69,69,69,69,69,69,69,97,97,97,101,101,101,101,105,105,105,86,86,86,86,87,87,87,75,75,75,89,89,89,75,75,75,100,100,100,95,95,95,68,68,68,61,61,63,63,63,59,59,59,31,31,31,55,55,55,104,104,80,80,80,98,98,98,74,74,50,50,59,59,57,57,29,29,59,59,52,52,78,78,48,48,88,88,80,80,80,65,65,65,69,69,74,74,74,68,68,74,74,85,85,83,83,111,111,111,81,81,73,73,73,83,83,83,86,86,86,94,94,94,94,89,89,89,70,70,71,71,57,57,65,65,65,62,62,62,48,48,48,89,89,89,92,92,92,129,129,95,95,98,66,66,75,75,75,42,42,64,64,58,58,98,98,74,74,91,91,96,80,116,116,104,104,103,103,103,94,94,51,51,51,54,54,54,69,69,49,49,74,74,70,70,70,76,76,76,71,71,71,86,86,49,49,80,80,93,93,87,87,87,70,70,75,75,53,53,60,60,60,62,62,62,55,55,55,79,79,79,57,57,57,53,53,53,58,58,74,74,74,53,53,53,65,65,62,62,62,86,86,67,67,67,106,106,106,106,94,94,94,94,77,77,77,77,88,88,88,83,83,83,81,81,81,90,90,90,139,139,139,139,139,139,59,59,59,63,63,63,53,53,53,82,82,82,66,66,56,56,76,76,60,60,72,72,72,46,46,46,50,50,47,47,82,82,104,104,104,62,62,62,45,45,66,66,61,61,76,76,64,64,58,58,58,52,52,52,70,70,70,73,73,45,45,42,42,54,54,54,31,31,31,37,37,37,54,54,54,51,51,62,62,83,83,65,65,65,51,51,51,67,67,67,64,64,50,50,50,82,82,44,44,42,42,41,41,44,44,69,69,55,55,26,26,40,71,71,11,11,25,25,25,63,63,63,38,38,38,53,53,53,33,33,29,29,23,23,23,36,36,44,44,29,29,33,33,39,39,39,39,13,13,13,28,28,28,36,36,36,4,4,9
206,36.86000000000000654,42,58,36,36,37,37,37,36,36,28,28,-2,-2,25,25,13,13,44,44,44,34,34,34,34,63,63,63,63,32,32,32,32,-4,-4,-4,-8,-8,-8,-39,-39,-39,-39,25,25,25,25,67,67,67,67,14,14,14,54,54,54,47,47,47,47,59,59,59,59,89,89,89,89,46,46,46,74,74,95,95,95,29,29,29,29,38,38,38,65,65,65,41,41,51,51,51,90,90,90,69,69,69,42,42,42,50,50,50,35,35,35,77,77,77,-4,-4,-4,62,62,62,13,13,13,-1,-1,-1,13,13,13,19,19,19,-14,-14,-14,-14,26,26,26,2,2,2,-26,-26,-26,29,29,29,29,43,43,43,43,56,56,56,62,62,62,62,84,84,84,84,62,62,62,62,86,86,86,86,54,54,54,90,90,90,87,87,87,87,76,76,76,52,52,52,52,61,61,61,48,48,48,80,80,80,101,101,101,68,68,68,39,39,39,74,74,74,58,58,53,53,53,28,28,28,48,48,48,52,52,52,44,44,64,64,64,35,35,35,56,56,36,36,81,81,72,72,40,40,34,34,35,35,70,70,37,37,88,88,101,101,101,82,82,82,67,67,69,69,69,45,45,56,56,88,88,82,82,90,90,90,91,91,80,80,80,75,75,75,75,75,75,88,88,88,88,60,60,60,58,58,44,44,44,44,46,46,46,37,37,37,65,65,65,37,37,37,81,81,81,96,96,80,80,115,50,50,71,71,71,29,29,68,68,70,70,67,67,80,80,80,80,62,66,56,56,121,121,98,98,98,80,80,49,49,49,63,63,63,39,39,39,39,75,75,61,61,61,65,65,65,47,47,47,89,89,60,60,64,64,107,107,60,60,60,65,65,42,42,39,39,38,38,38,31,31,31,69,69,69,41,41,41,58,58,58,43,43,43,40,40,57,57,57,55,55,55,44,44,49,49,49,79,79,61,61,61,75,75,75,75,62,62,62,62,57,57,57,57,60,60,60,70,70,70,78,78,78,81,81,81,97,97,97,97,97,97,50,50,50,27,27,27,45,45,45,87,87,87,51,51,37,37,67,67,42,42,47,47,47,57,57,57,30,30,42,42,49,49,89,89,89,45,45,45,33,33,79,79,60,60,52,52,38,38,26,26,26,50,50,50,47,47,47,53,53,61,61,35,35,42,42,42,22,22,22,35,35,35,45,45,45,24,24,38,38,43,43,44,44,44,50,50,50,39,39,39,52,52,50,50,35,61,61,23,23,24,24,19,19,14,14,42,42,37,37,24,24,31,11,11,10,10,42,42,42,51,51,51,42,42,42,44,44,44,4,4,29,29,32,32,32,64,64,56,56,22,22,11,11,28,28,52,52,31,31,31,-13,-13,-13,24,24,24,11,11,-6
207,37.06000000000000227,7,19,14,14,31,31,31,55,55,27,27,-11,-11,-18,-18,42,42,-8,-8,-8,15,15,15,15,12,12,12,12,-9,-9,-9,-9,7,7,7,-21,-21,-21,-19,-19,-19,-19,13,13,13,13,11,11,11,11,-12,-12,-12,9,9,9,61,61,61,61,29,29,29,29,69,69,69,69,20,20,20,42,42,45,45,45,37,37,37,37,36,36,36,47,47,47,-8,-8,-9,-9,-9,23,23,23,6,6,6,11,11,11,6,6,6,-15,-15,-15,17,17,17,21,21,21,4,4,4,11,11,11,11,11,11,0,0,0,10,10,10,2,2,2,2,12,12,12,-14,-14,-14,-14,-14,-14,-3,-3,-3,-3,-3,-3,-3,-3,45,45,45,21,21,21,21,54,54,54,54,56,56,56,56,51,51,51,51,51,51,51,107,107,107,88,88,88,88,42,42,42,27,27,27,27,46,46,46,72,72,72,53,53,53,-5,-5,-5,15,15,15,44,44,44,38,38,38,43,43,24,24,24,9,9,9,29,29,29,41,41,41,61,61,52,52,52,32,32,32,75,75,41,41,50,50,54,54,-17,-17,0,0,60,60,37,37,25,25,69,69,53,53,53,83,83,83,51,51,61,61,61,27,27,56,56,53,53,50,50,98,98,98,74,74,67,67,67,46,46,46,75,75,75,64,64,64,64,44,44,44,44,44,30,30,28,28,28,28,28,54,54,54,44,44,44,39,39,39,54,54,54,64,64,74,74,77,49,49,60,60,60,51,51,72,72,50,50,41,41,100,100,130,130,29,53,27,27,112,112,64,64,64,88,88,113,113,113,35,35,35,32,32,33,33,48,48,33,33,33,43,43,43,43,43,43,76,76,47,47,48,48,52,52,47,47,47,48,48,32,32,35,35,26,26,26,55,55,55,32,32,32,52,52,52,30,30,30,29,29,29,22,22,23,23,23,36,36,36,25,25,56,56,56,73,73,50,50,50,72,72,72,72,61,61,61,61,50,50,50,50,65,65,65,64,64,64,69,69,69,65,65,65,90,90,90,69,69,69,51,51,51,3,3,3,14,14,14,50,50,50,10,10,15,15,22,22,21,21,31,31,31,40,40,40,33,33,23,23,32,32,48,48,48,31,31,31,10,10,52,52,55,55,49,49,32,32,24,24,24,26,26,26,30,30,30,39,39,22,22,16,16,18,18,18,-2,-2,-2,17,17,17,24,24,24,1,1,9,9,6,6,41,41,41,24,24,24,31,31,31,36,36,23,23,20,17,17,9,9,-4,-4,5,5,9,9,11,11,21,21,1,1,9,-23,-23,-2,-2,13,13,13,38,38,38,42,42,42,14,14,14,-5,-5,15,15,17,17,17,42,42,14,14,9,9,24,24,2,2,23,23,0,0,0,-10,-10,-10,3,3,3,1,1,1
208,37.26000000000000512,-11,-14,22,22,-8,-8,-8,42,42,16,16,23,23,68,68,30,30,75,75,75,19,19,19,19,12,12,12,12,27,27,27,27,10,10,10,-7,-7,-7,-37,-37,-37,-37,-19,-19,-19,-19,-13,-13,-13,-13,-14,-14,-14,-9,-9,-9,-7,-7,-7,-7,26,26,26,26,53,53,53,53,9,9,9,-18,-18,13,13,13,25,25,25,25,16,16,16,11,11,11,7,7,63,63,63,67,67,67,12,12,12,21,21,21,-17,-17,-17,17,17,17,-24,-24,-24,-12,-12,-12,15,15,15,35,35,35,-11,-11,-11,9,9,9,-27,-27,-27,15,15,15,15,7,7,7,-21,-21,-21,-60,-60,-60,-3,-3,-3,-3,-6,-6,-6,-6,40,40,40,35,35,35,35,46,46,46,46,81,81,81,81,22,22,22,22,57,57,57,89,89,89,62,62,62,62,29,29,29,15,15,15,15,16,16,16,35,35,35,6,6,6,38,38,38,33,33,33,39,39,39,7,7,7,1,1,7,7,7,-5,-5,-5,8,8,8,21,21,21,2,2,29,29,29,33,33,33,35,35,41,41,31,31,59,59,1,1,18,18,-14,-14,37,37,38,38,22,22,102,102,102,32,32,32,28,28,41,41,41,23,23,27,27,18,18,62,62,53,53,53,72,72,82,82,82,41,41,41,53,53,53,74,74,74,74,39,39,39,36,36,33,33,27,27,35,35,35,-9,-9,-9,18,18,18,13,13,13,75,75,75,65,65,97,97,85,40,40,49,49,49,60,60,80,80,51,51,56,56,64,64,83,83,64,37,42,42,66,66,69,69,69,68,68,80,80,80,74,74,74,34,34,31,31,45,45,16,16,16,42,42,42,51,51,51,52,52,26,26,43,43,63,63,36,36,36,31,31,56,56,39,39,21,21,21,40,40,40,35,35,35,26,26,26,28,28,28,11,11,11,9,9,20,20,20,23,23,23,33,33,40,40,40,51,51,43,43,43,45,45,45,45,73,73,73,73,49,49,49,49,36,36,36,26,26,26,33,33,33,73,73,73,50,50,50,55,55,55,24,24,24,15,15,15,27,27,27,51,51,51,23,23,10,10,12,12,39,39,35,35,35,7,7,7,26,26,29,29,22,22,41,41,41,17,17,17,16,16,12,12,26,26,47,47,15,15,18,18,18,13,13,13,27,27,27,2,2,39,39,17,17,10,10,10,13,13,13,16,16,16,-8,-8,-8,-25,-25,6,6,4,4,28,28,28,39,39,39,19,19,19,25,25,30,30,29,3,3,3,3,-5,-5,8,8,13,13,-18,-18,-9,-9,1,1,6,4,4,15,15,15,15,15,54,54,54,28,28,28,10,10,10,-8,-8,16,16,12,12,12,43,43,2,2,6,6,3,3,-1,-1,8,8,10,10,10,-2,-2,-2,11,11,11,6,6,-10
209,37.46000000000000085,2,14,27,27,6,6,6,-5,-5,42,42,42,42,16,16,45,45,17,17,17,44,44,44,44,33,33,33,33,60,60,60,60,31,31,31,18,18,18,-9,-9,-9,-9,-1,-1,-1,-1,14,14,14,14,-3,-3,-3,29,29,29,15,15,15,15,43,43,43,43,32,32,32,32,35,35,35,20,20,47,47,47,0,0,0,0,29,29,29,39,39,39,-1,-1,29,29,29,3,3,3,24,24,24,31,31,31,11,11,11,-2,-2,-2,-55,-55,-55,-10,-10,-10,15,15,15,10,10,10,35,35,35,6,6,6,-5,-5,-5,1,1,1,1,-2,-2,-2,4,4,4,-1,-1,-1,29,29,29,29,-3,-3,-3,-3,33,33,33,13,13,13,13,35,35,35,35,21,21,21,21,62,62,62,62,40,40,40,80,80,80,27,27,27,27,31,31,31,7,7,7,7,26,26,26,31,31,31,23,23,23,21,21,21,14,14,14,-18,-18,-18,25,25,25,33,33,25,25,25,19,19,19,30,30,30,30,30,30,44,44,60,60,60,58,58,58,15,15,57,57,51,51,30,30,50,50,59,59,24,24,49,49,16,16,74,74,67,67,67,28,28,28,60,60,34,34,34,26,26,15,15,42,42,43,43,94,94,94,84,84,69,69,69,67,67,67,60,60,60,81,81,81,81,41,41,41,41,41,42,42,53,53,30,30,30,46,46,46,35,35,35,27,27,27,63,63,63,73,73,64,64,92,39,39,56,56,56,63,63,86,86,86,86,77,77,93,93,82,82,35,31,42,42,63,63,60,60,60,80,80,55,55,55,76,76,76,22,22,38,38,34,34,44,44,44,43,43,43,30,30,30,15,15,46,46,33,33,80,80,36,36,36,14,14,45,45,17,17,51,51,51,5,5,5,18,18,18,25,25,25,17,17,17,6,6,6,52,52,22,22,22,6,6,6,56,56,22,22,22,44,44,29,29,29,44,44,44,44,65,65,65,65,26,26,26,26,42,42,42,55,55,55,65,65,65,42,42,42,56,56,56,40,40,40,30,30,30,31,31,31,31,31,31,42,42,42,13,13,0,0,25,25,43,43,14,14,14,29,29,29,9,9,8,8,12,12,26,26,26,33,33,33,38,38,21,21,25,25,33,33,26,26,28,28,28,19,19,19,5,5,5,31,31,30,30,18,18,13,13,13,27,27,27,18,18,18,-6,-6,-6,-31,-31,17,17,33,33,27,27,27,24,24,24,22,22,22,29,29,44,44,27,-10,-10,11,11,9,9,-5,-5,31,31,-15,-15,10,10,-19,-19,37,60,60,45,45,44,44,44,57,57,57,52,52,52,34,34,34,24,24,18,18,32,32,32,46,46,25,25,17,17,39,39,32,32,28,28,29,29,29,5,5,5,36,36,36,17,17,27
210,37.66000000000000369,60,36,47,47,49,49,49,28,28,47,47,89,89,51,51,64,64,42,42,42,38,38,38,38,18,18,18,18,48,48,48,48,45,45,45,22,22,22,8,8,8,8,27,27,27,27,4,4,4,4,24,24,24,43,43,43,5,5,5,5,14,14,14,14,29,29,29,29,27,27,27,5,5,17,17,17,8,8,8,8,-11,-11,-11,20,20,20,7,7,40,40,40,27,27,27,40,40,40,29,29,29,27,27,27,54,54,54,18,18,18,12,12,12,34,34,34,39,39,39,37,37,37,22,22,22,24,24,24,39,39,39,39,22,22,22,34,34,34,8,8,8,33,33,33,33,18,18,18,18,35,35,35,21,21,21,21,29,29,29,29,24,24,24,24,-1,-1,-1,-1,66,66,66,29,29,29,24,24,24,24,38,38,38,17,17,17,17,26,26,26,40,40,40,47,47,47,42,42,42,54,54,54,60,60,60,34,34,34,71,71,67,67,67,12,12,12,26,26,26,36,36,36,49,49,34,34,34,30,30,30,55,55,62,62,62,62,66,66,46,46,51,51,75,75,38,38,39,39,50,50,29,29,29,5,5,5,48,48,-16,-16,-16,-12,-12,17,17,19,19,35,35,49,49,49,13,13,66,66,66,48,48,48,71,71,71,55,55,55,55,58,58,58,57,57,53,53,16,16,48,48,48,24,24,24,22,22,22,38,38,38,62,62,62,47,47,56,56,62,80,80,47,47,47,65,65,52,52,73,73,66,66,89,89,62,62,72,64,29,29,44,44,52,52,52,66,66,40,40,40,28,28,28,48,48,52,52,36,36,18,18,18,22,22,22,14,14,14,-4,-4,23,23,14,14,58,58,33,33,33,22,22,2,2,27,27,27,27,27,55,55,55,39,39,39,40,40,40,36,36,36,18,18,18,15,15,2,2,2,20,20,20,59,59,41,41,41,37,37,22,22,22,36,36,36,36,47,47,47,47,30,30,30,30,39,39,39,46,46,46,22,22,22,30,30,30,8,8,8,50,50,50,36,36,36,48,48,48,29,29,29,63,63,63,36,36,45,45,27,27,42,42,21,21,21,38,38,38,22,22,25,25,34,34,32,32,32,28,28,28,31,31,31,31,25,25,44,44,33,33,43,43,43,36,36,36,47,47,47,29,29,24,24,27,27,21,21,21,31,31,31,55,55,55,27,27,27,16,16,41,41,20,20,21,21,21,10,10,10,8,8,8,39,39,53,53,40,-7,-7,18,18,28,28,21,21,38,38,-9,-9,22,22,35,35,79,80,80,57,57,56,56,56,76,76,76,95,95,95,36,36,36,29,29,37,37,42,42,42,64,64,36,36,46,46,46,46,50,50,51,51,42,42,42,36,36,36,47,47,47,38,38,48
211,37.86000000000000654,39,82,12,12,61,61,61,7,7,76,76,51,51,112,112,35,35,52,52,52,12,12,12,12,32,32,32,32,74,74,74,74,65,65,65,56,56,56,28,28,28,28,41,41,41,41,11,11,11,11,29,29,29,52,52,52,31,31,31,31,22,22,22,22,-18,-18,-18,-18,29,29,29,31,31,10,10,10,10,10,10,10,-1,-1,-1,16,16,16,7,7,19,19,19,65,65,65,57,57,57,52,52,52,51,51,51,18,18,18,18,18,18,25,25,25,22,22,22,36,36,36,28,28,28,65,65,65,32,32,32,41,41,41,41,37,37,37,56,56,56,36,36,36,36,36,36,36,42,42,42,42,37,37,37,41,41,41,41,27,27,27,27,28,28,28,28,-14,-14,-14,-14,57,57,57,7,7,7,22,22,22,22,21,21,21,52,52,52,52,18,18,18,34,34,34,2,2,2,31,31,31,22,22,22,23,23,23,52,52,52,57,57,59,59,59,24,24,24,43,43,43,43,43,43,29,29,40,40,40,34,34,34,31,31,43,43,83,83,88,88,56,56,64,64,86,86,48,48,42,42,71,71,25,25,25,10,10,10,-23,-23,-6,-6,-6,5,5,46,46,46,46,35,35,58,58,58,51,51,54,54,54,59,59,59,28,28,28,19,19,19,19,68,68,68,49,49,33,33,55,55,19,19,19,17,17,17,-5,-5,-5,-12,-12,-12,5,5,5,20,20,25,25,68,94,94,55,55,55,36,36,57,57,51,51,9,9,44,44,15,15,48,52,58,58,23,23,49,49,49,52,52,29,29,29,34,34,34,39,39,54,54,21,21,24,24,24,-20,-20,-20,19,19,19,9,9,23,23,43,43,17,17,27,27,27,12,12,11,11,29,29,35,35,35,49,49,49,33,33,33,18,18,18,48,48,48,38,38,38,37,37,28,28,28,38,38,38,16,16,30,30,30,17,17,19,19,19,32,32,32,32,29,29,29,29,31,31,31,31,18,18,18,5,5,5,18,18,18,74,74,74,43,43,43,26,26,26,24,24,24,37,37,37,23,23,23,24,24,24,61,61,48,48,32,32,49,49,12,12,12,70,70,70,21,21,24,24,41,41,5,5,5,24,24,24,42,42,49,49,32,32,31,31,49,49,22,22,22,51,51,51,27,27,27,42,42,41,41,17,17,35,35,35,42,42,42,48,48,48,27,27,27,16,16,39,39,19,19,11,11,11,19,19,19,41,41,41,27,27,40,40,49,-6,-6,29,29,17,17,25,25,47,47,4,4,52,52,67,67,86,72,72,48,48,52,52,52,58,58,58,89,89,89,47,47,47,46,46,55,55,49,49,49,57,57,53,53,60,60,56,56,61,61,55,55,72,72,72,52,52,52,46,46,46,55,55,59
212,38.06000000000000227,4,42,25,25,64,64,64,58,58,62,62,74,74,79,79,48,48,51,51,51,18,18,18,18,24,24,24,24,64,64,64,64,47,47,47,39,39,39,45,45,45,45,45,45,45,45,26,26,26,26,29,29,29,18,18,18,39,39,39,39,28,28,28,28,3,3,3,3,29,29,29,7,7,30,30,30,29,29,29,29,7,7,7,9,9,9,8,8,27,27,27,33,33,33,55,55,55,22,22,22,74,74,74,0,0,0,34,34,34,45,45,45,60,60,60,41,41,41,42,42,42,41,41,41,54,54,54,19,19,19,19,54,54,54,83,83,83,29,29,29,46,46,46,46,5,5,5,5,28,28,28,20,20,20,20,-5,-5,-5,-5,3,3,3,3,19,19,19,19,43,43,43,-37,-37,-37,4,4,4,4,-14,-14,-14,10,10,10,10,21,21,21,47,47,47,15,15,15,23,23,23,44,44,44,-2,-2,-2,47,47,47,53,53,47,47,47,12,12,12,51,51,51,-7,-7,-7,25,25,-3,-3,-3,17,17,17,17,17,82,82,67,67,60,60,10,10,7,7,59,59,12,12,39,39,58,58,49,49,49,11,11,11,-12,-12,18,18,18,10,10,19,19,11,11,20,20,52,52,52,25,25,28,28,28,60,60,60,29,29,29,24,24,24,24,59,59,59,21,21,30,30,26,26,20,20,20,6,6,6,-2,-2,-2,-3,-3,-3,6,6,6,9,9,38,38,33,61,61,17,17,17,12,12,41,41,37,37,-1,-1,27,27,-21,-21,39,16,4,4,14,14,21,21,21,34,34,40,40,40,-4,-4,-4,33,33,31,31,24,24,10,10,10,0,0,0,11,11,11,27,27,28,28,38,38,1,1,-9,-9,-9,4,4,-9,-9,30,30,34,34,34,32,32,32,21,21,21,16,16,16,20,20,20,45,45,45,24,24,23,23,23,18,18,18,11,11,2,2,2,31,31,14,14,14,25,25,25,25,4,4,4,4,3,3,3,3,32,32,32,20,20,20,-3,-3,-3,48,48,48,10,10,10,17,17,17,-6,-6,-6,26,26,26,15,15,15,33,33,33,62,62,43,43,40,40,39,39,36,36,36,41,41,41,59,59,54,54,42,42,17,17,17,24,24,24,40,40,54,54,48,48,28,28,22,22,13,13,13,36,36,36,28,28,28,73,73,38,38,44,44,30,30,30,43,43,43,39,39,39,20,20,20,30,30,18,18,17,17,11,11,11,27,27,27,44,44,44,34,34,30,30,20,5,5,22,22,35,35,24,24,45,45,24,24,50,50,69,69,44,16,16,36,36,58,58,58,55,55,55,52,52,52,47,47,47,46,46,40,40,27,27,27,20,20,39,39,45,45,55,55,44,44,52,52,61,61,61,57,57,57,34,34,34,51,51,43
213,38.26000000000000512,-6,34,49,49,36,36,36,44,44,108,108,57,57,90,90,84,84,43,43,43,24,24,24,24,59,59,59,59,45,45,45,45,64,64,64,55,55,55,45,45,45,45,49,49,49,49,28,28,28,28,41,41,41,-25,-25,-25,10,10,10,10,42,42,42,42,27,27,27,27,57,57,57,45,45,42,42,42,84,84,84,84,18,18,18,57,57,57,38,38,15,15,15,31,31,31,38,38,38,48,48,48,44,44,44,41,41,41,50,50,50,55,55,55,55,55,55,92,92,92,45,45,45,88,88,88,43,43,43,39,39,39,39,30,30,30,67,67,67,40,40,40,38,38,38,38,52,52,52,52,35,35,35,8,8,8,8,-2,-2,-2,-2,19,19,19,19,25,25,25,25,31,31,31,2,2,2,28,28,28,28,-2,-2,-2,24,24,24,24,61,61,61,34,34,34,13,13,13,15,15,15,40,40,40,44,44,44,29,29,29,63,63,40,40,40,52,52,52,46,46,46,13,13,13,53,53,36,36,36,15,15,15,46,46,36,36,67,67,63,63,62,62,24,24,70,70,20,20,17,17,42,42,50,50,50,13,13,13,47,47,17,17,17,81,81,36,36,48,48,37,37,29,29,29,51,51,26,26,26,29,29,29,18,18,18,29,29,29,29,70,70,70,49,49,43,43,34,34,17,17,17,5,5,5,47,47,47,18,18,18,-2,-2,-2,20,20,3,3,51,54,54,20,20,20,40,40,21,21,50,50,14,14,3,3,-29,-29,21,25,28,28,19,19,22,22,22,11,11,1,1,1,7,7,7,38,38,36,36,28,28,15,15,15,34,34,34,36,36,36,32,32,22,22,35,35,31,31,3,3,3,43,43,19,19,67,67,37,37,37,50,50,50,25,25,25,48,48,48,15,15,15,44,44,44,54,54,20,20,20,10,10,10,20,20,48,48,48,36,36,50,50,50,32,32,32,32,11,11,11,11,51,51,51,51,41,41,41,35,35,35,12,12,12,72,72,72,20,20,20,11,11,11,7,7,7,47,47,47,29,29,29,41,41,41,53,53,66,66,40,40,28,28,58,58,58,48,48,48,38,38,49,49,38,38,37,37,37,43,43,43,39,39,39,39,33,33,56,56,34,34,28,28,28,37,37,37,46,46,46,61,61,46,46,40,40,18,18,18,47,47,47,52,52,52,33,33,33,46,46,21,21,8,8,36,36,36,40,40,40,34,34,34,43,43,51,51,29,25,25,42,42,49,49,57,57,51,51,33,33,52,52,75,75,31,29,29,38,38,45,45,45,23,23,23,38,38,38,34,34,34,65,65,41,41,42,42,42,8,8,44,44,58,58,48,48,56,56,59,59,52,52,52,55,55,55,35,35,35,67,67,46
214,38.46000000000000796,3,15,46,46,17,17,17,51,51,86,86,76,76,67,67,29,29,76,76,76,45,45,45,45,145,145,145,145,54,54,54,54,65,65,65,42,42,42,102,102,102,102,39,39,39,39,60,60,60,60,28,28,28,46,46,46,68,68,68,68,99,99,99,99,50,50,50,50,62,62,62,79,79,74,74,74,63,63,63,63,78,78,78,87,87,87,69,69,42,42,42,47,47,47,82,82,82,77,77,77,44,44,44,61,61,61,50,50,50,82,82,82,85,85,85,58,58,58,66,66,66,58,58,58,50,50,50,69,69,69,69,38,38,38,56,56,56,66,66,66,55,55,55,55,78,78,78,78,51,51,51,45,45,45,45,47,47,47,47,45,45,45,45,45,45,45,45,67,67,67,20,20,20,55,55,55,55,49,49,49,118,118,118,118,62,62,62,85,85,85,59,59,59,64,64,64,49,49,49,85,85,85,66,66,66,54,54,93,93,93,88,88,88,61,61,61,31,31,31,12,12,13,13,13,10,10,10,32,32,31,31,76,76,45,45,47,47,43,43,69,69,73,73,63,63,17,17,43,43,43,50,50,50,51,51,58,58,58,91,91,97,97,49,49,40,40,35,35,35,48,48,36,36,36,31,31,31,41,41,41,61,61,61,61,53,53,53,55,55,19,19,44,44,52,52,52,47,47,47,44,44,44,20,20,20,41,41,41,37,37,29,29,46,65,65,78,78,78,82,82,41,41,86,86,33,33,26,26,76,76,48,42,34,34,53,53,36,36,36,46,46,45,45,45,32,32,32,45,45,62,62,56,56,76,76,76,31,31,31,41,41,41,61,61,43,43,69,69,73,73,37,37,37,40,40,40,40,56,56,65,65,65,45,45,45,69,69,69,57,57,57,49,49,49,46,46,46,61,61,69,69,69,80,80,80,81,81,92,92,92,62,62,49,49,49,59,59,59,59,60,60,60,60,93,93,93,93,59,59,59,56,56,56,48,48,48,38,38,38,54,54,54,63,63,63,46,46,46,74,74,74,64,64,64,45,45,45,64,64,55,55,33,33,77,77,62,62,62,54,54,54,72,72,57,57,76,76,51,51,51,41,41,41,63,63,54,54,53,53,57,57,63,63,39,39,39,50,50,50,73,73,73,72,72,54,54,64,64,63,63,63,52,52,52,45,45,45,51,51,51,49,49,38,38,16,16,55,55,55,65,65,65,69,69,69,35,35,45,45,42,55,55,55,55,71,71,44,44,67,67,41,41,65,65,49,49,39,55,55,44,44,42,42,42,57,57,57,41,41,41,36,36,36,55,55,23,23,44,44,44,43,43,47,47,61,61,69,69,70,70,54,54,61,61,61,75,75,75,35,35,35,52,52,68
215,38.66000000000000369,32,55,82,82,82,82,82,69,69,21,21,63,63,43,43,74,74,82,82,82,86,86,86,86,105,105,105,105,77,77,77,77,82,82,82,95,95,95,86,86,86,86,52,52,52,52,61,61,61,61,87,87,87,89,89,89,96,96,96,96,69,69,69,69,71,71,71,71,84,84,84,84,84,96,96,96,52,52,52,52,94,94,94,47,47,47,86,86,55,55,55,52,52,52,94,94,94,61,61,61,79,79,79,93,93,93,45,45,45,94,94,94,114,114,114,100,100,100,50,50,50,35,35,35,61,61,61,54,54,54,54,74,74,74,62,62,62,80,80,80,76,76,76,76,45,45,45,45,89,89,89,71,71,71,71,86,86,86,86,50,50,50,50,68,68,68,68,75,75,75,103,103,103,92,92,92,92,71,71,71,107,107,107,107,90,90,90,62,62,62,50,50,50,41,41,41,74,74,74,56,56,56,76,76,76,83,83,99,99,99,102,102,102,74,74,74,38,38,38,75,75,51,51,51,55,55,55,57,57,77,77,38,38,25,25,70,70,64,64,62,62,93,93,85,85,54,54,103,103,103,93,93,93,81,81,110,110,110,104,104,93,93,64,64,65,65,53,53,53,67,67,39,39,39,50,50,50,65,65,65,76,76,76,76,55,55,55,88,88,88,88,59,59,80,80,80,93,93,93,98,98,98,46,46,46,80,80,80,68,68,62,62,51,95,95,112,112,112,108,108,91,91,82,82,69,69,66,66,117,117,39,53,55,55,85,85,46,46,46,61,61,65,65,65,63,63,63,44,44,77,77,88,88,74,74,74,53,53,53,84,84,84,92,92,94,94,102,102,80,80,63,63,63,59,59,51,51,64,64,83,83,83,82,82,82,72,72,72,108,108,108,55,55,55,75,75,75,71,71,90,90,90,66,66,66,78,78,79,79,79,87,87,55,55,55,70,70,70,70,77,77,77,77,83,83,83,83,89,89,89,101,101,101,94,94,94,109,109,109,107,107,107,71,71,71,86,86,86,93,93,93,86,86,86,87,87,87,93,93,67,67,63,63,40,40,62,62,62,64,64,64,60,60,32,32,75,75,93,93,93,77,77,77,72,72,50,50,55,55,48,48,66,66,48,48,48,62,62,62,72,72,72,77,77,45,45,61,61,64,64,64,63,63,63,72,72,72,86,86,86,79,79,48,48,54,54,78,78,78,93,93,93,88,88,88,59,59,51,51,57,91,91,80,80,79,79,60,60,56,56,63,63,74,74,59,59,35,47,47,79,79,64,64,64,60,60,60,34,34,34,49,49,49,41,41,60,60,58,58,58,52,52,33,33,52,52,54,54,65,65,62,62,69,69,69,77,77,77,44,44,44,53,53,58
216,38.86000000000000654,45,74,65,65,90,90,90,85,85,43,43,91,91,57,57,43,43,85,85,85,-5,-5,-5,-5,93,93,93,93,69,69,69,69,69,69,69,33,33,33,49,49,49,49,106,106,106,106,118,118,118,118,79,79,79,90,90,90,91,91,91,91,88,88,88,88,82,82,82,82,62,62,62,90,90,96,96,96,63,63,63,63,73,73,73,76,76,76,93,93,82,82,82,95,95,95,83,83,83,72,72,72,61,61,61,74,74,74,80,80,80,67,67,67,69,69,69,61,61,61,55,55,55,44,44,44,70,70,70,64,64,64,64,70,70,70,40,40,40,78,78,78,60,60,60,60,64,64,64,64,78,78,78,71,71,71,71,62,62,62,62,55,55,55,55,66,66,66,66,78,78,78,100,100,100,112,112,112,112,86,86,86,37,37,37,37,93,93,93,86,86,86,69,69,69,57,57,57,71,71,71,87,87,87,99,99,99,99,99,105,105,105,92,92,92,63,63,63,54,54,54,56,56,72,72,72,42,42,42,60,60,23,23,22,22,43,43,46,46,52,52,91,91,127,127,84,84,93,93,143,143,143,79,79,79,98,98,95,95,95,96,96,99,99,78,78,73,73,67,67,67,37,37,49,49,49,89,89,89,74,74,74,73,73,73,73,114,114,114,88,88,84,84,63,63,81,81,81,77,77,77,90,90,90,82,82,82,98,98,98,101,101,87,87,63,77,77,114,114,114,95,95,88,88,79,79,83,83,103,103,137,137,83,68,61,61,84,84,85,85,85,104,104,40,40,40,93,93,93,73,73,66,66,81,81,86,86,86,85,85,85,87,87,87,52,52,68,68,81,81,93,93,76,76,76,67,67,60,60,67,67,94,94,94,69,69,69,90,90,90,101,101,101,86,86,86,77,77,77,62,62,78,78,78,86,86,86,54,54,121,121,121,99,99,94,94,94,82,82,82,82,89,89,89,89,97,97,97,97,89,89,89,93,93,93,85,85,85,103,103,103,111,111,111,89,89,89,110,110,110,89,89,89,114,114,114,117,117,117,89,89,85,85,96,96,52,52,85,85,85,73,73,73,88,88,63,63,87,87,81,81,81,62,62,62,77,77,52,52,60,60,32,32,59,59,65,65,65,70,70,70,73,73,73,62,62,44,44,59,59,71,71,71,63,63,63,91,91,91,92,92,92,75,75,53,53,60,60,55,55,55,90,90,90,94,94,94,64,64,69,69,60,98,98,81,81,69,69,67,67,53,53,73,73,54,54,49,49,54,62,62,63,63,56,56,56,30,30,30,21,21,21,44,44,44,43,43,43,43,57,57,57,52,52,56,56,58,58,54,54,55,55,62,62,78,78,78,63,63,63,40,40,40,39,39,44
217,39.06000000000000227,78,83,27,27,75,75,75,51,51,62,62,57,57,47,47,50,50,-1,-1,-1,73,73,73,73,52,52,52,52,60,60,60,60,34,34,34,22,22,22,10,10,10,10,39,39,39,39,42,42,42,42,59,59,59,36,36,36,91,91,91,91,12,12,12,12,39,39,39,39,39,39,39,61,61,88,88,88,87,87,87,87,49,49,49,55,55,55,63,63,64,64,64,73,73,73,53,53,53,49,49,49,49,49,49,68,68,68,52,52,52,54,54,54,86,86,86,42,42,42,79,79,79,22,22,22,34,34,34,40,40,40,40,47,47,47,42,42,42,38,38,38,43,43,43,43,47,47,47,47,58,58,58,64,64,64,64,79,79,79,79,66,66,66,66,56,56,56,56,58,58,58,99,99,99,102,102,102,102,70,70,70,127,127,127,127,86,86,86,72,72,72,60,60,60,71,71,71,49,49,49,47,47,47,23,23,23,89,89,69,69,69,94,94,94,44,44,44,46,46,46,70,70,69,69,69,77,77,77,24,24,70,70,83,83,41,41,62,62,45,45,81,81,114,114,84,84,91,91,128,128,128,74,74,74,74,74,84,84,84,89,89,71,71,80,80,86,86,31,31,31,85,85,42,42,42,84,84,84,77,77,77,61,61,61,61,98,98,98,82,82,56,56,67,67,62,62,62,84,84,84,101,101,101,91,91,91,91,91,91,96,96,71,71,78,37,37,94,94,94,75,75,119,119,58,58,102,102,102,102,95,95,92,65,59,59,90,90,80,80,80,94,94,95,95,95,86,86,86,70,70,49,49,62,62,77,77,77,62,62,62,60,60,60,84,84,85,85,100,100,61,61,61,61,61,73,73,30,30,62,62,59,59,59,101,101,101,91,91,91,61,61,61,53,53,53,43,43,43,55,55,56,56,56,73,73,73,62,62,78,78,78,88,88,61,61,61,99,99,99,99,82,82,82,82,58,58,58,58,74,74,74,105,105,105,92,92,92,113,113,113,122,122,122,99,99,99,89,89,89,77,77,77,88,88,88,126,126,126,96,96,77,77,68,68,45,45,60,60,60,54,54,54,83,83,72,72,77,77,85,85,85,98,98,98,75,75,41,41,36,36,53,53,46,46,50,50,50,42,42,42,65,65,65,49,49,41,41,23,23,63,63,63,36,36,36,64,64,64,84,84,84,57,57,52,52,43,43,51,51,51,52,52,52,51,51,51,56,56,53,53,62,91,91,61,61,57,57,57,57,42,42,86,86,31,31,40,40,42,30,30,51,51,42,42,42,17,17,17,-12,-12,-12,32,32,32,32,32,31,31,38,38,38,60,60,42,42,59,59,44,44,36,36,32,32,35,35,35,39,39,39,15,15,15,41,41,27
218,39.26000000000000512,28,75,40,40,1,1,1,50,50,15,15,29,29,-13,-13,12,12,29,29,29,26,26,26,26,23,23,23,23,58,58,58,58,4,4,4,6,6,6,8,8,8,8,22,22,22,22,11,11,11,11,57,57,57,12,12,12,32,32,32,32,30,30,30,30,36,36,36,36,15,15,15,33,33,56,56,56,38,38,38,38,44,44,44,22,22,22,63,63,38,38,38,33,33,33,57,57,57,18,18,18,49,49,49,50,50,50,45,45,45,39,39,39,40,40,40,30,30,30,14,14,14,-22,-22,-22,15,15,15,23,23,23,23,31,31,31,10,10,10,10,10,10,35,35,35,35,58,58,58,58,41,41,41,48,48,48,48,71,71,71,71,50,50,50,50,72,72,72,72,52,52,52,116,116,116,56,56,56,56,59,59,59,79,79,79,79,81,81,81,48,48,48,35,35,35,68,68,68,14,14,14,63,63,63,23,23,23,24,24,63,63,63,31,31,31,38,38,38,55,55,55,59,59,50,50,50,41,41,41,57,57,76,76,44,44,10,10,29,29,41,41,86,86,112,112,84,84,84,84,111,111,111,75,75,75,62,62,53,53,53,74,74,42,42,44,44,62,62,32,32,32,63,63,64,64,64,97,97,97,72,72,72,49,49,49,49,78,78,78,62,62,53,53,44,44,39,39,39,60,60,60,83,83,83,90,90,90,59,59,59,78,78,101,101,84,45,45,97,97,97,110,110,101,101,75,75,101,101,105,105,117,117,48,17,24,24,36,36,76,76,76,95,95,79,79,79,122,122,122,74,74,46,46,58,58,71,71,71,46,46,46,69,69,69,74,74,54,54,73,73,76,76,60,60,60,80,80,33,33,45,45,87,87,87,86,86,86,78,78,78,60,60,60,79,79,79,46,46,46,58,58,56,56,56,67,67,67,41,41,34,34,34,89,89,77,77,77,84,84,84,84,66,66,66,66,72,72,72,72,72,72,72,84,84,84,52,52,52,123,123,123,147,147,147,81,81,81,73,73,73,53,53,53,77,77,77,104,104,104,55,55,42,42,31,31,22,22,31,31,31,64,64,64,104,104,45,45,66,66,83,83,83,44,44,44,48,48,51,51,34,34,27,27,23,23,51,51,51,32,32,32,49,49,49,61,61,19,19,29,29,45,45,45,32,32,32,58,58,58,66,66,66,48,48,40,40,29,29,45,45,45,68,68,68,59,59,59,43,43,45,45,61,64,64,49,49,53,53,41,41,36,36,58,58,20,20,14,14,40,13,13,12,12,15,15,15,2,2,2,-22,-22,-22,8,8,8,17,17,38,38,51,51,51,52,52,42,42,39,39,26,26,10,10,22,22,21,21,21,22,22,22,11,11,11,17,17,20
219,39.46000000000000796,27,38,1,1,50,50,50,52,52,7,7,-6,-6,4,4,-16,-16,-1,-1,-1,21,21,21,21,28,28,28,28,-7,-7,-7,-7,-14,-14,-14,-5,-5,-5,-25,-25,-25,-25,3,3,3,3,34,34,34,34,-36,-36,-36,-11,-11,-11,32,32,32,32,17,17,17,17,48,48,48,48,9,9,9,-9,-9,41,41,41,1,1,1,1,52,52,52,6,6,6,35,35,12,12,12,31,31,31,55,55,55,38,38,38,60,60,60,65,65,65,8,8,8,39,39,39,31,31,31,-8,-8,-8,10,10,10,-6,-6,-6,-19,-19,-19,7,7,7,7,-17,-17,-17,2,2,2,-14,-14,-14,0,0,0,0,38,38,38,38,55,55,55,18,18,18,18,53,53,53,53,32,32,32,32,29,29,29,29,47,47,47,65,65,65,55,55,55,55,29,29,29,75,75,75,75,18,18,18,12,12,12,9,9,9,20,20,20,26,26,26,39,39,39,19,19,19,5,5,29,29,29,25,25,25,19,19,19,39,39,39,25,25,32,32,32,18,18,18,17,17,51,51,28,28,33,33,22,22,33,33,44,44,97,97,80,80,100,100,86,86,86,41,41,41,52,52,58,58,58,30,30,6,6,33,33,33,33,33,33,33,60,60,21,21,21,68,68,68,66,66,66,71,71,71,71,57,57,57,46,46,33,33,35,35,25,25,25,58,58,58,80,80,80,82,82,82,72,72,72,65,65,62,62,59,41,41,106,106,106,84,84,80,80,63,63,110,110,113,113,75,75,42,-2,19,19,80,80,59,59,59,83,83,80,80,80,75,75,75,63,63,26,26,37,37,57,57,57,47,47,47,45,45,45,77,77,39,39,44,44,63,63,56,56,56,79,79,48,48,31,31,41,41,41,51,51,51,48,48,48,59,59,59,23,23,23,59,59,59,46,46,56,56,56,48,48,48,30,30,67,67,67,64,64,35,35,35,54,54,54,54,77,77,77,77,56,56,56,56,64,64,64,79,79,79,47,47,47,67,67,67,105,105,105,65,65,65,68,68,68,42,42,42,52,52,52,74,74,74,34,34,25,25,11,11,24,24,-14,-14,-14,30,30,30,49,49,61,61,36,36,53,53,53,38,38,38,37,37,-3,-3,39,39,28,28,1,1,31,31,31,39,39,39,37,37,37,20,20,1,1,-3,-3,29,29,29,25,25,25,46,46,46,57,57,57,34,34,21,21,43,43,38,38,38,50,50,50,33,33,33,32,32,34,34,41,53,53,42,42,35,35,9,9,-2,-2,27,27,-21,-21,5,5,28,8,8,2,2,10,10,10,5,5,5,-39,-39,-39,-12,-12,-12,19,19,22,22,25,25,25,46,46,34,34,25,25,3,3,2,2,-14,-14,9,9,9,-12,-12,-12,6,6,6,-8,-8,7
220,39.66000000000000369,54,-17,47,47,56,56,56,-6,-6,-10,-10,1,1,-12,-12,-13,-13,38,38,38,1,1,1,1,-25,-25,-25,-25,-25,-25,-25,-25,-11,-11,-11,-1,-1,-1,-44,-44,-44,-44,-39,-39,-39,-39,-16,-16,-16,-16,-26,-26,-26,-13,-13,-13,14,14,14,14,0,0,0,0,3,3,3,3,-32,-32,-32,-13,-13,23,23,23,0,0,0,0,-1,-1,-1,5,5,5,-12,-12,2,2,2,6,6,6,22,22,22,2,2,2,21,21,21,15,15,15,-4,-4,-4,-19,-19,-19,-17,-17,-17,-30,-30,-30,7,7,7,-32,-32,-32,-74,-74,-74,-16,-16,-16,-16,-35,-35,-35,-13,-13,-13,-21,-21,-21,-6,-6,-6,-6,1,1,1,1,-15,-15,-15,29,29,29,29,17,17,17,17,50,50,50,50,27,27,27,27,33,33,33,-2,-2,-2,11,11,11,11,13,13,13,-29,-29,-29,-29,15,15,15,-5,-5,-5,1,1,1,-8,-8,-8,1,1,1,-12,-12,-12,-15,-15,-15,17,17,1,1,1,20,20,20,4,4,4,-6,-6,-6,18,18,54,54,54,23,23,23,-10,-10,8,8,-7,-7,9,9,15,15,-6,-6,41,41,53,53,58,58,49,49,51,51,51,17,17,17,34,34,28,28,28,30,30,-14,-14,29,29,42,42,17,17,17,37,37,48,48,48,44,44,44,33,33,33,77,77,77,77,14,14,14,37,37,35,35,38,38,36,36,36,40,40,40,45,45,45,60,60,60,49,49,49,43,43,39,39,46,62,62,89,89,89,64,64,70,70,67,67,66,66,78,78,73,73,34,7,28,28,-5,-5,38,38,38,44,44,33,33,33,41,41,41,40,40,14,14,33,33,54,54,54,35,35,35,28,28,28,66,66,13,13,32,32,52,52,41,41,41,35,35,21,21,43,43,24,24,24,58,58,58,39,39,39,30,30,30,-4,-4,-4,31,31,31,29,29,30,30,30,52,52,52,26,26,70,70,70,58,58,22,22,22,36,36,36,36,44,44,44,44,48,48,48,48,27,27,27,52,52,52,57,57,57,50,50,50,89,89,89,44,44,44,52,52,52,65,65,65,45,45,45,64,64,64,10,10,10,10,-3,-3,-6,-6,-53,-53,-53,11,11,11,-8,-8,13,13,-2,-2,43,43,43,8,8,8,-16,-16,18,18,13,13,5,5,11,11,5,5,5,6,6,6,21,21,21,9,9,-32,-32,-21,-21,-4,-4,-4,2,2,2,14,14,14,27,27,27,19,19,11,11,22,22,45,45,45,36,36,36,14,14,14,19,19,12,12,22,4,4,18,18,8,8,0,0,-50,-50,-10,-10,-23,-23,-40,-40,-21,-16,-16,-21,-21,-22,-22,-22,9,9,9,-33,-33,-33,-33,-33,-33,-25,-25,21,21,14,14,14,35,35,-2,-2,-5,-5,-4,-4,-14,-14,-6,-6,-8,-8,-8,-37,-37,-37,-17,-17,-17,-10,-10,-16
221,39.86000000000000654,48,5,18,18,16,16,16,-6,-6,-32,-32,34,34,-29,-29,-29,-29,-41,-41,-41,-67,-67,-67,-67,-55,-55,-55,-55,-58,-58,-58,-58,-11,-11,-11,0,0,0,-55,-55,-55,-55,-24,-24,-24,-24,-37,-37,-37,-37,-22,-22,-22,-4,-4,-4,-24,-24,-24,-24,-51,-51,-51,-51,-1,-1,-1,-1,-21,-21,-21,-24,-24,-23,-23,-23,-48,-48,-48,-48,-19,-19,-19,-30,-30,-30,-32,-32,-32,-32,-32,8,8,8,-25,-25,-25,-32,-32,-32,-24,-24,-24,-8,-8,-8,-21,-21,-21,-22,-22,-22,-29,-29,-29,3,3,3,-32,-32,-32,-24,-24,-24,-68,-68,-68,-32,-32,-32,-32,-19,-19,-19,-36,-36,-36,-26,-26,-26,-24,-24,-24,-24,12,12,12,12,14,14,14,1,1,1,1,2,2,2,2,37,37,37,37,27,27,27,27,30,30,30,-3,-3,-3,23,23,23,23,4,4,4,4,4,4,4,-31,-31,-31,-23,-23,-23,-31,-31,-31,-6,-6,-6,-17,-17,-17,40,40,40,-13,-13,-13,-14,-14,-21,-21,-21,-24,-24,-24,-27,-27,-27,3,3,3,-1,-1,17,17,17,12,12,12,-22,-22,16,16,-5,-5,-16,-16,0,0,-24,-24,-43,-43,28,28,19,19,-11,-11,-14,-14,-14,-11,-11,-11,-14,-14,6,6,6,2,2,15,15,15,15,56,56,37,37,37,29,29,12,12,12,47,47,47,38,38,38,36,36,36,36,-6,-6,-6,10,10,1,1,19,19,15,15,15,55,55,55,39,39,39,31,31,31,47,47,47,49,49,72,72,46,52,52,42,42,42,36,36,42,42,43,43,54,54,54,54,3,3,26,-5,18,18,28,28,-2,-2,-2,46,46,41,41,41,50,50,50,13,13,21,21,26,26,57,57,57,34,34,34,17,17,17,19,19,13,13,17,17,22,22,25,25,25,14,14,20,20,32,32,10,10,10,19,19,19,-3,-3,-3,13,13,13,2,2,2,-5,-5,-5,7,7,20,20,20,17,17,17,22,22,5,5,5,37,37,8,8,8,16,16,16,16,31,31,31,31,33,33,33,33,58,58,58,34,34,34,-2,-2,-2,7,7,7,38,38,38,24,24,24,-2,-2,-2,33,33,33,13,13,13,10,10,10,-11,-11,-9,-9,-3,-3,-5,-5,-42,-42,-42,-23,-23,-23,-25,-25,-9,-9,-12,-12,25,25,25,-19,-19,-19,-27,-27,-6,-6,0,0,-17,-17,2,2,-17,-17,-17,17,17,17,-8,-8,-8,-26,-26,-23,-23,-28,-28,-14,-14,-14,-19,-19,-19,-4,-4,-4,11,11,11,-20,-20,-5,-5,10,10,3,3,3,5,5,5,-9,-9,-9,-6,-6,8,8,26,-16,-16,-14,-14,-17,-17,-49,-49,-49,-49,-7,-7,-38,-38,-49,-49,-37,-31,-31,-11,-11,-21,-21,-21,5,5,5,-21,-21,-21,-19,-19,-19,-29,-29,8,8,10,10,10,17,17,-2,-2,-30,-30,-23,-23,-35,-35,-19,-19,-32,-32,-32,-17,-17,-17,-4,-4,-4,-12,-12,-11
222,40.06000000000000227,20,22,47,47,-14,-14,-14,7,7,-66,-66,-8,-8,28,28,21,21,47,47,47,-58,-58,-58,-58,7,7,7,7,-55,-55,-55,-55,2,2,2,-7,-7,-7,-19,-19,-19,-19,-23,-23,-23,-23,-37,-37,-37,-37,-35,-35,-35,-41,-41,-41,-35,-35,-35,-35,-32,-32,-32,-32,-47,-47,-47,-47,2,2,2,-35,-35,-19,-19,-19,-6,-6,-6,-6,-1,-1,-1,-38,-38,-38,-11,-11,-28,-28,-28,-16,-16,-16,1,1,1,-11,-11,-11,-21,-21,-21,-1,-1,-1,-8,-8,-8,3,3,3,-51,-51,-51,-20,-20,-20,-19,-19,-19,-11,-11,-11,-1,-1,-1,-23,-23,-23,-23,-16,-16,-16,-11,-11,-11,-28,-28,-28,8,8,8,8,-30,-30,-30,-30,-16,-16,-16,-30,-30,-30,-30,-5,-5,-5,-5,9,9,9,9,-13,-13,-13,-13,2,2,2,0,0,0,-16,-16,-16,-16,-14,-14,-14,18,18,18,18,-21,-21,-21,-12,-12,-12,1,1,1,-26,-26,-26,3,3,3,-25,-25,-25,-2,-2,-2,10,10,-16,-16,-16,-54,-54,-54,-61,-61,-61,-8,-8,-8,-20,-20,22,22,22,-13,-13,-13,-31,-31,-29,-29,9,9,-54,-54,-27,-27,-44,-44,-30,-30,-41,-41,-39,-39,-13,-13,-41,-41,-41,-56,-56,-56,-35,-35,-27,-27,-27,-19,-19,-5,-5,-7,-7,21,21,15,15,15,15,15,50,50,50,32,32,32,14,14,14,7,7,7,7,5,5,5,-1,-1,-12,-12,7,7,-8,-8,-8,7,7,7,0,0,0,33,33,33,4,4,4,32,32,38,38,26,50,50,23,23,23,15,15,16,16,17,17,12,12,21,21,29,29,-32,12,21,21,-4,-4,20,20,20,27,27,-29,-29,-29,0,0,0,12,12,4,4,13,13,-15,-15,-15,-19,-19,-19,-10,-10,-10,13,13,-24,-24,6,6,24,24,1,1,1,-2,-2,-13,-13,-28,-28,6,6,6,-4,-4,-4,-24,-24,-24,6,6,6,-36,-36,-36,-8,-8,-8,-42,-42,-29,-29,-29,-7,-7,-7,-5,-5,-2,-2,-2,-22,-22,7,7,7,4,4,4,4,24,24,24,24,-1,-1,-1,-1,-16,-16,-16,4,4,4,-17,-17,-17,-27,-27,-27,-9,-9,-9,-12,-12,-12,-24,-24,-24,6,6,6,-54,-54,-54,-26,-26,-26,-21,-21,-18,-18,-7,-7,-10,-10,-54,-54,-54,-26,-26,-26,-33,-33,-2,-2,-12,-12,-20,-20,-20,-20,-20,-20,-51,-51,5,5,-11,-11,-14,-14,-15,-15,-30,-30,-30,-12,-12,-12,-18,-18,-18,-18,-18,-10,-10,-15,-15,-31,-31,-31,-23,-23,-23,-8,-8,-8,-11,-11,-11,-5,-5,-3,-3,4,4,-9,-9,-9,-24,-24,-24,-16,-16,-16,-21,-21,5,5,1,-43,-43,-32,-32,-36,-36,-20,-20,-29,-29,-13,-13,-36,-36,-34,-34,-45,-32,-32,-10,-10,-9,-9,-9,-22,-22,-22,-8,-8,-8,-10,-10,-10,-10,-10,0,0,6,6,6,14,14,-9,-9,-5,-5,-17,-17,-18,-18,-25,-25,-27,-27,-27,-9,-9,-9,-7,-7,-7,-12,-12,-22
223,40.26000000000000512,-6,-20,-15,-15,34,34,34,-21,-21,-40,-40,-10,-10,30,30,-25,-25,-8,-8,-8,-47,-47,-47,-47,-35,-35,-35,-35,-16,-16,-16,-16,-36,-36,-36,-26,-26,-26,-37,-37,-37,-37,-44,-44,-44,-44,-11,-11,-11,-11,-8,-8,-8,-50,-50,-50,-41,-41,-41,-41,-28,-28,-28,-28,-61,-61,-61,-61,-27,-27,-27,-33,-33,-41,-41,-41,-6,-6,-6,-6,-51,-51,-51,-32,-32,-32,-75,-75,13,13,13,-34,-34,-34,-50,-50,-50,-8,-8,-8,4,4,4,2,2,2,-44,-44,-44,-26,-26,-26,-46,-46,-46,1,1,1,-36,-36,-36,2,2,2,-28,-28,-28,-11,-11,-11,-11,-17,-17,-17,-32,-32,-32,-27,-27,-27,-25,-25,-25,-25,-17,-17,-17,-17,-19,-19,-19,-28,-28,-28,-28,-17,-17,-17,-17,-24,-24,-24,-24,-11,-11,-11,-11,12,12,12,-50,-50,-50,-4,-4,-4,-4,-17,-17,-17,-7,-7,-7,-7,-1,-1,-1,-22,-22,-22,-34,-34,-34,-19,-19,-19,-13,-13,-13,-55,-55,-55,-17,-17,-17,10,10,-34,-34,-34,-49,-49,-49,-23,-23,-23,-12,-12,-12,-1,-1,-36,-36,-36,-7,-7,-7,-3,-3,-11,-11,22,22,-10,-10,-13,-13,-43,-43,-35,-35,-46,-46,-39,-39,-23,-23,-46,-46,-46,-53,-53,-53,-39,-39,-42,-42,-42,-1,-1,-2,-2,-5,-5,46,46,43,43,43,21,21,9,9,9,5,5,5,-9,-9,-9,-6,-6,-6,-6,8,8,8,-30,-30,-35,-35,-23,-23,-10,-10,-10,-20,-20,-20,-21,-21,-21,-40,-40,-40,-13,-13,-13,5,5,49,49,24,39,39,3,3,3,-23,-23,-16,-16,-13,-13,-8,-8,11,11,-46,-46,-12,5,-20,-20,-24,-24,-6,-6,-6,-8,-8,-19,-19,-19,-26,-26,-26,-36,-36,-16,-16,-9,-9,-7,-7,-7,-22,-22,-22,-18,-18,-18,-4,-4,-28,-28,-23,-23,4,4,-12,-12,-12,-6,-6,-30,-30,4,4,-6,-6,-6,-13,-13,-13,-28,-28,-28,-42,-42,-42,-67,-67,-67,-11,-11,-11,-47,-47,-44,-44,-44,-40,-40,-40,-12,-12,-37,-37,-37,-25,-25,-8,-8,-8,-42,-42,-42,-42,-21,-21,-21,-21,-27,-27,-27,-27,-19,-19,-19,-26,-26,-26,-32,-32,-32,-13,-13,-13,-29,-29,-29,-30,-30,-30,-58,-58,-58,-29,-29,-29,-64,-64,-64,-36,-36,-36,-24,-24,-23,-23,-7,-7,-21,-21,-19,-19,-19,-23,-23,-23,-22,-22,-17,-17,-16,-16,-21,-21,-21,-30,-30,-30,-49,-49,-24,-24,-1,-1,-24,-24,-20,-20,-12,-12,-12,-35,-35,-35,-28,-28,-28,8,8,-11,-11,-18,-18,-34,-34,-34,-13,-13,-13,-9,-9,-9,-20,-20,-20,-35,-35,-29,-29,-10,-10,-31,-31,-31,-31,-31,-31,-20,-20,-20,-23,-23,-14,-14,-19,-28,-28,-25,-25,-34,-34,-15,-15,2,2,-27,-27,-26,-26,8,8,-46,-43,-43,-30,-30,-23,-23,-23,1,1,1,27,27,27,10,10,10,4,4,18,18,4,4,4,12,12,-6,-6,2,2,-23,-23,-7,-7,-10,-10,-11,-11,-11,-8,-8,-8,-13,-13,-13,-11,-11,-17
224,40.46000000000000796,9,-53,-31,-31,-23,-23,-23,-25,-25,-95,-95,-70,-70,12,12,11,11,-40,-40,-40,-22,-22,-22,-22,-22,-22,-22,-22,-42,-42,-42,-42,-30,-30,-30,-25,-25,-25,6,6,6,6,-27,-27,-27,-27,-22,-22,-22,-22,9,9,9,-44,-44,-44,-17,-17,-17,-17,-1,-1,-1,-1,-2,-2,-2,-2,5,5,5,-7,-7,-41,-41,-41,-17,-17,-17,-17,-19,-19,-19,-13,-13,-13,6,6,-1,-1,-1,-35,-35,-35,-16,-16,-16,-10,-10,-10,9,9,9,26,26,26,0,0,0,10,10,10,-23,-23,-23,36,36,36,-23,-23,-23,10,10,10,-19,-19,-19,-19,-19,-19,-19,-24,-24,-24,-3,-3,-3,-1,-1,-1,-7,-7,-7,-7,-7,-7,-7,-7,8,8,8,-35,-35,-35,-35,-43,-43,-43,-43,-20,-20,-20,-20,-24,-24,-24,-24,4,4,4,-16,-16,-16,-1,-1,-1,-1,-9,-9,-9,-70,-70,-70,-70,-33,-33,-33,-22,-22,-22,-5,-5,-5,-26,-26,-26,2,2,2,-25,-25,-25,-16,-16,-16,-19,-19,12,12,12,-41,-41,-41,-21,-21,-21,-22,-22,-22,-44,-44,-43,-43,-43,-18,-18,-18,1,1,-11,-11,-10,-10,-5,-5,-33,-33,-54,-54,-31,-31,-49,-49,-45,-45,-58,-58,-27,-27,-27,-37,-37,-37,-43,-43,-40,-40,-40,-13,-13,-13,-13,16,16,6,6,19,19,19,-9,-9,-11,-11,-11,-1,-1,-1,18,18,18,-25,-25,-25,-25,-4,-4,-4,-14,-14,-39,-39,-29,-29,-43,-43,-43,-23,-23,-23,-11,-11,-11,0,0,0,5,5,5,-21,-21,8,8,4,32,32,-20,-20,-20,-18,-18,-30,-30,-23,-23,-12,-12,-43,-43,-31,-31,-20,2,-34,-34,6,6,-18,-18,-18,-6,-6,-29,-29,-29,-40,-40,-40,-33,-33,-25,-25,-20,-20,-31,-31,-31,-36,-36,-36,-51,-51,-51,-33,-33,-37,-37,-47,-47,-22,-22,-36,-36,-36,-44,-44,-28,-28,-34,-34,-33,-33,-33,-14,-14,-14,-20,-20,-20,-25,-25,-25,-15,-15,-15,-4,-4,-4,6,6,-39,-39,-39,-22,-22,-22,-42,-42,-51,-51,-51,-10,-10,-20,-20,-20,-46,-46,-46,-46,-25,-25,-25,-25,-22,-22,-22,-22,-34,-34,-34,-45,-45,-45,-39,-39,-39,-19,-19,-19,-40,-40,-40,-55,-55,-55,-64,-64,-64,-21,-21,-21,-43,-43,-43,-52,-52,-52,-47,-47,-17,-17,-45,-45,7,7,-5,-5,-5,-45,-45,-45,-34,-34,-18,-18,-20,-20,-17,-17,-17,-30,-30,-30,-40,-40,-18,-18,-8,-8,-15,-15,-18,-18,-54,-54,-54,-18,-18,-18,-42,-42,-42,-17,-17,-5,-5,-4,-4,-13,-13,-13,-15,-15,-15,-17,-17,-17,-28,-28,-28,-28,-28,-20,-20,-33,-33,-9,-9,-9,-32,-32,-32,-27,-27,-27,-21,-21,-29,-29,-7,-22,-22,-12,-12,-20,-20,-22,-22,-22,-22,-23,-23,-16,-16,-11,-11,-22,-21,-21,-15,-15,5,5,5,5,5,5,15,15,15,18,18,18,-8,-8,10,10,-9,-9,-9,-13,-13,-10,-10,-17,-17,11,11,1,1,4,4,-9,-9,-9,-2,-2,-2,-15,-15,-15,-19,-19,-11
225,40.66000000000000369,-5,-15,-11,-11,-2,-2,-2,14,14,-63,-63,-5,-5,-34,-34,36,36,3,3,3,43,43,43,43,0,0,0,0,5,5,5,5,-16,-16,-16,34,34,34,40,40,40,40,42,42,42,42,-2,-2,-2,-2,13,13,13,-9,-9,-9,4,4,4,4,-2,-2,-2,-2,-5,-5,-5,-5,25,25,25,18,18,3,3,3,13,13,13,13,22,22,22,43,43,43,27,27,49,49,49,-12,-12,-12,-12,-12,-12,-2,-2,-2,-5,-5,-5,9,9,9,25,25,25,21,21,21,9,9,9,2,2,2,-7,-7,-7,-2,-2,-2,19,19,19,19,19,19,19,15,15,15,30,30,30,6,6,6,19,19,19,19,13,13,13,13,-2,-2,-2,9,9,9,9,-11,-11,-11,-11,-13,-13,-13,-13,-14,-14,-14,-14,20,20,20,26,26,26,23,23,23,23,8,8,8,4,4,4,4,-1,-1,-1,-20,-20,-20,4,4,4,13,13,13,28,28,28,11,11,11,10,10,10,-24,-24,1,1,1,9,9,9,39,39,39,3,3,3,-38,-38,-48,-48,-48,-34,-34,-34,-22,-22,-16,-16,7,7,-25,-25,-31,-31,27,27,-4,-4,-44,-44,-34,-34,-18,-18,-41,-41,-41,-6,-6,-6,-9,-9,-3,-3,-3,16,16,39,39,-11,-11,30,30,36,36,36,51,51,-9,-9,-9,-1,-1,-1,4,4,4,-3,-3,-3,-3,-37,-37,-37,3,3,-20,-20,-20,-20,11,11,11,-27,-27,-27,-17,-17,-17,6,6,6,15,15,15,38,38,-20,-20,-8,8,8,-20,-20,-20,-17,-17,-40,-40,-22,-22,-21,-21,-20,-20,-27,-27,6,10,-19,-19,3,3,-14,-14,-14,-5,-5,-1,-1,-1,-35,-35,-35,-50,-50,-15,-15,-13,-13,-56,-56,-56,-23,-23,-23,-2,-2,-2,1,1,-6,-6,-1,-1,4,4,1,1,1,-30,-30,-46,-46,-19,-19,21,21,21,-9,-9,-9,15,15,15,-15,-15,-15,-33,-33,-33,0,0,0,-3,-3,-58,-58,-58,-44,-44,-44,-14,-14,-29,-29,-29,-7,-7,3,3,3,-11,-11,-11,-11,-25,-25,-25,-25,-16,-16,-16,-16,-42,-42,-42,-3,-3,-3,-35,-35,-35,-8,-8,-8,-35,-35,-35,-40,-40,-40,-34,-34,-34,-33,-33,-33,-14,-14,-14,-14,-14,-14,-21,-21,-23,-23,-12,-12,-5,-5,16,16,16,-9,-9,-9,-19,-19,-22,-22,0,0,-11,-11,-11,-27,-27,-27,-8,-8,1,1,-24,-24,-6,-6,-18,-18,-18,-18,-18,-27,-27,-27,-8,-8,-8,5,5,10,10,-15,-15,-19,-19,-19,7,7,7,-5,-5,-5,-14,-14,-14,-25,-25,-14,-14,14,14,-10,-10,-10,-13,-13,-13,-17,-17,-17,-10,-10,3,3,9,13,13,-6,-6,-14,-14,-1,-1,4,4,5,5,-8,-8,-2,-2,-31,8,8,14,14,5,5,5,10,10,10,39,39,39,31,31,31,19,19,-4,-4,7,7,7,3,3,0,0,-10,-10,-9,-9,8,8,-5,-5,10,10,10,9,9,9,-1,-1,-1,-2,-2,4
226,40.86000000000000654,24,-6,-32,-32,24,24,24,27,27,42,42,7,7,67,67,10,10,16,16,16,34,34,34,34,51,51,51,51,43,43,43,43,48,48,48,48,48,48,78,78,78,78,64,64,64,64,96,96,96,96,55,55,55,67,67,67,38,38,38,38,46,46,46,46,-6,-6,-6,-6,67,67,67,43,43,53,53,53,52,52,52,52,50,50,50,61,61,61,42,42,24,24,24,41,41,41,31,31,31,23,23,23,30,30,30,26,26,26,46,46,46,66,66,66,6,6,6,42,42,42,-17,-17,-17,53,53,53,40,40,40,13,13,13,13,39,39,39,10,10,10,37,37,37,38,38,38,38,5,5,5,5,29,29,29,39,39,39,39,54,54,54,54,46,46,46,46,11,11,11,11,78,78,78,77,77,77,73,73,73,73,28,28,28,16,16,16,16,36,36,36,22,22,22,57,57,57,-44,-44,-44,19,19,19,26,26,26,27,27,27,31,31,8,8,8,57,57,57,23,23,23,25,25,25,8,8,-26,-26,-26,47,47,47,14,14,-2,-2,35,35,1,1,15,15,36,36,56,56,-1,-1,0,0,10,10,18,18,18,42,42,42,30,30,35,35,35,40,40,43,43,61,61,13,13,52,52,52,54,54,14,14,14,15,15,15,35,35,35,11,11,11,11,45,45,45,-1,-1,26,26,4,4,20,20,20,11,11,11,11,11,11,6,6,6,26,26,26,37,37,39,39,77,12,12,15,15,15,25,25,-6,-6,14,14,0,0,6,6,-17,-17,18,44,13,13,21,21,37,37,37,7,7,-9,-9,-9,-21,-21,-21,-5,-5,25,25,33,33,10,10,10,-20,-20,-20,-10,-10,-10,46,46,33,33,16,16,47,47,22,22,22,10,10,17,17,-12,-12,23,23,23,22,22,22,22,22,22,20,20,20,26,26,26,25,25,25,7,7,-28,-28,-28,-5,-5,-5,0,0,-10,-10,-10,28,28,35,35,35,-3,-3,-3,-3,-3,-3,-3,-3,19,19,19,19,16,16,16,-10,-10,-10,26,26,26,16,16,16,6,6,6,20,20,20,22,22,22,5,5,5,22,22,22,20,20,20,41,41,31,31,8,8,19,19,38,38,38,20,20,20,14,14,13,13,28,28,24,24,24,6,6,6,-9,-9,10,10,28,28,29,29,21,21,19,19,19,0,0,0,25,25,25,40,40,24,24,26,26,11,11,11,14,14,14,25,25,25,10,10,10,12,12,21,21,-3,-3,16,16,16,8,8,8,0,0,0,18,18,12,12,32,46,46,29,29,16,16,1,1,14,14,11,11,23,23,15,15,34,23,23,23,23,20,20,20,35,35,35,35,35,35,39,39,39,17,17,3,3,5,5,5,19,19,6,6,5,5,16,16,22,22,2,2,8,8,8,10,10,10,3,3,3,5,5,12
227,41.06000000000000227,48,39,62,62,43,43,43,-5,-5,35,35,51,51,57,57,34,34,28,28,28,36,36,36,36,54,54,54,54,42,42,42,42,61,61,61,63,63,63,47,47,47,47,54,54,54,54,57,57,57,57,64,64,64,68,68,68,43,43,43,43,8,8,8,8,52,52,52,52,59,59,59,61,61,48,48,48,98,98,98,98,73,73,73,47,47,47,27,27,31,31,31,54,54,54,54,54,54,30,30,30,-2,-2,-2,61,61,61,37,37,37,74,74,74,56,56,56,45,45,45,17,17,17,44,44,44,23,23,23,34,34,34,34,19,19,19,21,21,21,42,42,42,54,54,54,54,17,17,17,17,13,13,13,52,52,52,52,62,62,62,62,41,41,41,41,16,16,16,16,62,62,62,71,71,71,43,43,43,43,39,39,39,-10,-10,-10,-10,40,40,40,70,70,70,76,76,76,54,54,54,34,34,34,31,31,31,21,21,21,25,25,43,43,43,60,60,60,50,50,50,34,34,34,2,2,17,17,17,21,21,21,41,41,16,16,13,13,14,14,32,32,51,51,62,62,25,25,6,6,29,29,35,35,35,56,56,56,46,46,40,40,40,22,22,58,58,52,52,19,19,61,61,61,25,25,37,37,37,41,41,41,38,38,38,40,40,40,40,46,46,46,44,44,52,52,51,51,39,39,39,-2,-2,-2,27,27,27,11,11,11,46,46,46,58,58,33,33,35,14,14,24,24,24,17,17,43,43,41,41,17,17,44,44,26,26,64,49,63,63,41,41,47,47,47,27,27,8,8,8,20,20,20,21,21,17,17,19,19,-20,-20,-20,19,19,19,33,33,33,33,33,56,56,41,41,29,29,32,32,32,49,49,44,44,33,33,35,35,35,29,29,29,25,25,25,27,27,27,41,41,41,6,6,6,-3,-3,24,24,24,32,32,32,28,28,6,6,6,51,51,45,45,45,17,17,17,17,26,26,26,26,17,17,17,17,19,19,19,36,36,36,34,34,34,-6,-6,-6,23,23,23,43,43,43,37,37,37,31,31,31,40,40,40,54,54,54,39,39,36,36,37,37,18,18,47,47,47,32,32,32,16,16,37,37,44,44,35,35,35,31,31,31,41,41,32,32,26,26,31,31,42,42,35,35,35,-6,-6,-6,42,42,42,10,10,19,19,19,19,30,30,30,33,33,33,20,20,20,36,36,36,31,31,37,37,29,29,12,12,12,19,19,19,20,20,20,19,19,47,47,31,59,59,41,41,26,26,25,25,26,26,18,18,16,16,25,25,18,25,25,25,25,25,25,25,20,20,20,34,34,34,22,22,22,7,7,15,15,11,11,11,9,9,8,8,-4,-4,17,17,5,5,13,13,25,25,25,32,32,32,40,40,40,18,18,22
228,41.26000000000000512,37,43,48,48,9,9,9,-8,-8,27,27,-1,-1,-29,-29,14,14,25,25,25,46,46,46,46,69,69,69,69,56,56,56,56,24,24,24,1,1,1,24,24,24,24,49,49,49,49,49,49,49,49,16,16,16,29,29,29,34,34,34,34,29,29,29,29,50,50,50,50,42,42,42,70,70,52,52,52,59,59,59,59,46,46,46,51,51,51,58,58,35,35,35,16,16,16,28,28,28,17,17,17,-5,-5,-5,17,17,17,24,24,24,55,55,55,33,33,33,23,23,23,42,42,42,25,25,25,43,43,43,21,21,21,21,20,20,20,10,10,10,21,21,21,45,45,45,45,37,37,37,37,32,32,32,64,64,64,64,48,48,48,48,16,16,16,16,36,36,36,36,29,29,29,69,69,69,30,30,30,30,25,25,25,101,101,101,101,26,26,26,50,50,50,61,61,61,76,76,76,24,24,24,23,23,23,11,11,11,44,44,2,2,2,48,48,48,41,41,41,-4,-4,-4,25,25,50,50,50,26,26,26,27,27,9,9,-33,-33,-12,-12,-2,-2,2,2,37,37,4,4,-9,-9,53,53,72,72,72,58,58,58,31,31,47,47,47,26,26,65,65,51,51,26,26,29,29,29,43,43,30,30,30,21,21,21,43,43,43,29,29,29,29,42,42,42,35,35,35,35,15,15,35,35,35,-2,-2,-2,15,15,15,12,12,12,57,57,57,51,51,27,27,51,-3,-3,-5,-5,-5,46,46,66,66,41,41,40,40,35,35,62,62,63,39,2,2,39,39,23,23,23,24,24,17,17,17,9,9,9,13,13,18,18,38,38,25,25,25,18,18,18,40,40,40,64,64,52,52,37,37,36,36,44,44,44,-16,-16,15,15,17,17,23,23,23,5,5,5,0,0,0,9,9,9,12,12,12,27,27,27,-4,-4,33,33,33,29,29,29,30,30,39,39,39,24,24,39,39,39,24,24,24,24,49,49,49,49,34,34,34,34,-1,-1,-1,44,44,44,29,29,29,79,79,79,23,23,23,39,39,39,43,43,43,18,18,18,32,32,32,36,36,36,43,43,12,12,7,7,25,25,42,42,42,12,12,12,1,1,32,32,7,7,43,43,43,47,47,47,24,24,-7,-7,7,7,30,30,22,22,25,25,25,10,10,10,23,23,23,12,12,11,11,14,14,36,36,36,32,32,32,11,11,11,21,21,21,2,2,11,11,13,13,-12,-12,-12,28,28,28,-5,-5,-5,0,0,34,34,33,44,44,24,24,2,2,3,3,30,30,-13,-13,-4,-4,10,10,40,-6,-6,9,9,13,13,13,18,18,18,20,20,20,32,32,32,3,3,8,8,-2,-2,-2,1,1,4,4,-6,-6,11,11,5,5,-2,-2,22,22,22,-2,-2,-2,9,9,9,11,11,4
229,41.46000000000000796,9,1,12,12,-6,-6,-6,17,17,31,31,15,15,-33,-33,-4,-4,-18,-18,-18,24,24,24,24,30,30,30,30,31,31,31,31,6,6,6,3,3,3,-6,-6,-6,-6,-25,-25,-25,-25,3,3,3,3,16,16,16,-2,-2,-2,51,51,51,51,50,50,50,50,44,44,44,44,-2,-2,-2,-11,-11,65,65,65,21,21,21,21,-2,-2,-2,2,2,2,8,8,-7,-7,-7,0,0,0,6,6,6,34,34,34,-46,-46,-46,23,23,23,2,2,2,50,50,50,28,28,28,0,0,0,2,2,2,-2,-2,-2,18,18,18,7,7,7,7,32,32,32,-16,-16,-16,-3,-3,-3,14,14,14,14,28,28,28,28,29,29,29,32,32,32,32,57,57,57,57,7,7,7,7,42,42,42,42,21,21,21,31,31,31,39,39,39,39,21,21,21,28,28,28,28,38,38,38,5,5,5,17,17,17,26,26,26,-3,-3,-3,-4,-4,-4,-3,-3,-3,11,11,4,4,4,44,44,44,8,8,8,-13,-13,-13,-2,-2,-10,-10,-10,6,6,6,1,1,-18,-18,-48,-48,-42,-42,-15,-15,-9,-9,-14,-14,4,4,1,1,13,13,14,14,14,9,9,9,32,32,18,18,18,10,10,13,13,42,42,20,20,-4,-4,-4,10,10,6,6,6,10,10,10,4,4,4,43,43,43,43,-7,-7,-7,7,7,-4,-4,-15,-15,23,23,23,-11,-11,-11,3,3,3,-10,-10,-10,21,21,21,-1,-1,-26,-26,48,1,1,30,30,30,34,34,50,50,28,28,43,43,42,42,42,42,53,7,-7,-7,10,10,7,7,7,23,23,16,16,16,39,39,39,5,5,16,16,4,4,15,15,15,-18,-18,-18,9,9,9,43,43,40,40,24,24,39,39,6,6,6,12,12,24,24,25,25,28,28,28,50,50,50,6,6,6,33,33,33,10,10,10,11,11,11,-6,-6,4,4,4,12,12,12,49,49,5,5,5,34,34,34,34,34,0,0,0,0,30,30,30,30,22,22,22,22,26,26,26,30,30,30,27,27,27,33,33,33,40,40,40,51,51,51,52,52,52,-1,-1,-1,34,34,34,45,45,45,38,38,0,0,-1,-1,11,11,13,13,13,14,14,14,10,10,-21,-21,17,17,47,47,47,30,30,30,15,15,8,8,17,17,19,19,-2,-2,15,15,15,1,1,1,12,12,12,14,14,16,16,-2,-2,21,21,21,18,18,18,13,13,13,-3,-3,-3,3,3,-4,-4,2,2,-9,-9,-9,15,15,15,25,25,25,10,10,14,14,15,38,38,12,12,-5,-5,12,12,32,32,14,14,20,20,0,0,-28,6,6,4,4,12,12,12,4,4,4,-20,-20,-20,30,30,30,20,20,2,2,-6,-6,-6,-6,-6,-5,-5,-4,-4,4,4,0,0,0,0,-9,-9,-9,-25,-25,-25,-8,-8,-8,-11,-11,0
230,41.66000000000000369,8,-9,25,25,6,6,6,-4,-4,60,60,24,24,-10,-10,9,9,31,31,31,2,2,2,2,80,80,80,80,72,72,72,72,45,45,45,15,15,15,-5,-5,-5,-5,20,20,20,20,11,11,11,11,36,36,36,-25,-25,-25,-13,-13,-13,-13,49,49,49,49,79,79,79,79,27,27,27,33,33,11,11,11,43,43,43,43,14,14,14,-17,-17,-17,24,24,34,34,34,16,16,16,30,30,30,9,9,9,-26,-26,-26,21,21,21,28,28,28,11,11,11,28,28,28,19,19,19,15,15,15,3,3,3,-6,-6,-6,38,38,38,38,8,8,8,10,10,10,14,14,14,12,12,12,12,36,36,36,36,17,17,17,20,20,20,20,29,29,29,29,26,26,26,26,27,27,27,27,15,15,15,43,43,43,37,37,37,37,46,46,46,35,35,35,35,44,44,44,-6,-6,-6,4,4,4,30,30,30,26,26,26,8,8,8,25,25,25,37,37,30,30,30,5,5,5,31,31,31,0,0,0,50,50,26,26,26,2,2,2,26,26,23,23,-2,-2,-9,-9,39,39,-6,-6,-8,-8,30,30,15,15,19,19,77,77,77,18,18,18,41,41,15,15,15,6,6,14,14,13,13,12,12,56,56,56,-11,-11,16,16,16,30,30,30,10,10,10,40,40,40,40,21,21,21,39,39,8,8,1,1,32,32,32,-9,-9,-9,8,8,8,20,20,20,16,16,16,30,30,56,56,43,27,27,18,18,18,57,57,71,71,51,51,66,66,78,78,59,59,61,-4,27,27,45,45,15,15,15,45,45,27,27,27,33,33,33,21,21,44,44,19,19,32,32,32,18,18,18,2,2,2,13,13,44,44,33,33,35,35,21,21,21,28,28,27,27,46,46,42,42,42,40,40,40,30,30,30,27,27,27,30,30,30,32,32,32,6,6,37,37,37,24,24,24,49,49,7,7,7,17,17,33,33,33,17,17,17,17,37,37,37,37,0,0,0,0,39,39,39,28,28,28,38,38,38,63,63,63,47,47,47,53,53,53,43,43,43,17,17,17,28,28,28,65,65,65,48,48,26,26,-3,-3,13,13,26,26,26,38,38,38,10,10,11,11,20,20,54,54,54,39,39,39,22,22,26,26,6,6,23,23,34,34,27,27,27,27,27,27,21,21,21,14,14,-1,-1,10,10,-9,-9,-9,2,2,2,23,23,23,-1,-1,-1,6,6,-7,-7,19,19,4,4,4,28,28,28,23,23,23,29,29,34,34,17,48,48,32,32,12,12,9,9,31,31,20,20,31,31,4,4,20,30,30,31,31,35,35,35,23,23,23,-1,-1,-1,38,38,38,30,30,17,17,9,9,9,3,3,-1,-1,5,5,23,23,7,7,-2,-2,0,0,0,-5,-5,-5,8,8,8,-5,-5,2
231,41.86000000000000654,-10,37,49,49,13,13,13,21,21,20,20,43,43,20,20,54,54,5,5,5,16,16,16,16,71,71,71,71,61,61,61,61,55,55,55,44,44,44,12,12,12,12,18,18,18,18,4,4,4,4,67,67,67,52,52,52,54,54,54,54,50,50,50,50,41,41,41,41,21,21,21,26,26,40,40,40,0,0,0,0,26,26,26,38,38,38,17,17,39,39,39,51,51,51,39,39,39,33,33,33,14,14,14,53,53,53,53,53,53,45,45,45,40,40,40,3,3,3,55,55,55,-21,-21,-21,50,50,50,47,47,47,47,8,8,8,12,12,12,24,24,24,43,43,43,43,34,34,34,34,55,55,55,52,52,52,52,51,51,51,51,36,36,36,36,48,48,48,48,50,50,50,42,42,42,26,26,26,26,61,61,61,54,54,54,54,69,69,69,24,24,24,56,56,56,38,38,38,-2,-2,-2,26,26,26,53,53,53,79,79,54,54,54,33,33,33,18,18,18,36,36,36,50,50,20,20,20,49,49,49,41,41,39,39,47,47,20,20,50,50,30,30,37,37,95,95,56,56,65,65,41,41,41,44,44,44,13,13,15,15,15,25,25,32,32,19,19,31,31,55,55,55,52,52,49,49,49,27,27,27,61,61,61,60,60,60,60,67,67,67,54,54,64,64,63,63,38,38,38,20,20,20,34,34,34,32,32,32,41,41,41,49,49,31,31,73,48,48,39,39,39,80,80,118,118,92,92,72,72,83,83,81,81,86,51,42,42,52,52,70,70,70,63,63,49,49,49,44,44,44,43,43,59,59,52,52,65,65,65,49,49,49,33,33,33,80,80,63,63,78,78,77,77,49,49,49,12,12,41,41,59,59,51,51,51,42,42,42,49,49,49,50,50,50,41,41,41,37,37,37,87,87,61,61,61,13,13,13,73,73,45,45,45,64,64,63,63,63,56,56,56,56,46,46,46,46,58,58,58,58,42,42,42,68,68,68,68,68,68,71,71,71,79,79,79,43,43,43,74,74,74,33,33,33,34,34,34,68,68,68,80,80,50,50,43,43,36,36,15,15,15,38,38,38,41,41,45,45,44,44,56,56,56,47,47,47,51,51,30,30,50,50,53,53,40,40,44,44,44,29,29,29,38,38,38,36,36,38,38,31,31,9,9,9,45,45,45,30,30,30,27,27,27,20,20,36,36,50,50,42,42,42,59,59,59,47,47,47,56,56,33,33,57,29,29,61,61,36,36,35,35,47,47,56,56,50,50,45,45,57,74,74,60,60,57,57,57,52,52,52,20,20,20,21,21,21,26,26,37,37,27,27,27,43,43,16,16,19,19,17,17,31,31,41,41,18,18,18,21,21,21,43,43,43,29,29,34
232,42.06000000000000227,31,19,71,71,48,48,48,6,6,39,39,34,34,97,97,71,71,84,84,84,11,11,11,11,89,89,89,89,43,43,43,43,49,49,49,52,52,52,7,7,7,7,63,63,63,63,35,35,35,35,47,47,47,48,48,48,50,50,50,50,41,41,41,41,72,72,72,72,50,50,50,0,0,46,46,46,21,21,21,21,50,50,50,21,21,21,23,23,36,36,36,64,64,64,44,44,44,92,92,92,39,39,39,78,78,78,40,40,40,58,58,58,25,25,25,85,85,85,49,49,49,15,15,15,31,31,31,41,41,41,41,37,37,37,35,35,35,37,37,37,76,76,76,76,22,22,22,22,66,66,66,68,68,68,68,54,54,54,54,59,59,59,59,57,57,57,57,78,78,78,61,61,61,33,33,33,33,59,59,59,51,51,51,51,57,57,57,53,53,53,51,51,51,51,51,51,74,74,74,49,49,49,67,67,67,35,35,31,31,31,51,51,51,38,38,38,37,37,37,63,63,46,46,46,38,38,38,55,55,33,33,64,64,37,37,47,47,36,36,51,51,83,83,81,81,86,86,53,53,53,54,54,54,49,49,35,35,35,41,41,52,52,46,46,36,36,62,62,62,63,63,71,71,71,82,82,82,64,64,64,74,74,74,74,62,62,62,56,56,75,75,69,69,95,95,95,59,59,59,64,64,64,57,57,57,63,63,63,41,41,88,88,84,95,95,74,74,74,110,110,109,109,111,111,114,114,92,92,118,118,92,88,70,70,49,49,101,101,101,99,99,79,79,79,49,49,49,63,63,84,84,87,87,85,85,85,52,52,52,44,44,44,77,77,46,46,62,62,76,76,62,62,62,74,74,77,77,67,67,31,31,31,58,58,58,66,66,66,51,51,51,57,57,57,44,44,44,34,34,47,47,47,75,75,75,65,65,50,50,50,50,50,63,63,63,69,69,69,69,74,74,74,74,45,45,45,45,90,90,90,73,73,73,93,93,93,58,58,58,71,71,71,84,84,84,83,83,83,41,41,41,66,66,66,75,75,75,67,67,95,95,62,62,71,71,29,29,29,56,56,56,39,39,61,61,55,55,61,61,61,58,58,58,57,57,52,52,39,39,64,64,63,63,76,76,76,81,81,81,75,75,75,59,59,64,64,29,29,38,38,38,27,27,27,47,47,47,33,33,33,50,50,66,66,85,85,52,52,52,76,76,76,77,77,77,87,87,62,62,65,42,42,59,59,68,68,40,40,60,60,41,41,75,75,58,58,63,71,71,57,57,47,47,47,62,62,62,40,40,40,32,32,32,46,46,61,61,40,40,40,57,57,33,33,44,44,47,47,46,46,40,40,56,56,56,23,23,23,36,36,36,48,48,41
233,42.26000000000000512,71,32,39,39,68,68,68,24,24,-1,-1,31,31,64,64,75,75,46,46,46,16,16,16,16,53,53,53,53,-3,-3,-3,-3,18,18,18,54,54,54,31,31,31,31,35,35,35,35,11,11,11,11,62,62,62,45,45,45,41,41,41,41,21,21,21,21,6,6,6,6,37,37,37,39,39,50,50,50,20,20,20,20,29,29,29,63,63,63,46,46,45,45,45,50,50,50,82,82,82,49,49,49,71,71,71,46,46,46,42,42,42,54,54,54,29,29,29,21,21,21,44,44,44,52,52,52,47,47,47,45,45,45,45,41,41,41,9,9,9,48,48,48,56,56,56,56,44,44,44,44,50,50,50,59,59,59,59,67,67,67,67,46,46,46,46,41,41,41,41,55,55,55,47,47,47,80,80,80,80,57,57,57,81,81,81,81,72,72,72,89,89,89,37,37,37,39,39,39,39,39,39,50,50,50,55,55,55,61,61,68,68,68,48,48,48,45,45,45,33,33,33,42,42,61,61,61,40,40,40,67,67,53,53,33,33,45,45,38,38,12,12,41,41,70,70,59,59,25,25,56,56,56,42,42,42,37,37,52,52,52,37,37,44,44,53,53,75,75,79,79,79,42,42,101,101,101,91,91,91,100,100,100,85,85,85,85,100,100,100,77,77,75,75,48,48,66,66,66,50,50,50,69,69,69,41,41,41,56,56,56,69,69,104,104,83,115,115,98,98,98,89,89,115,115,115,115,87,87,75,75,59,59,110,67,73,73,60,60,51,51,51,61,61,67,67,67,70,70,70,56,56,65,65,75,75,65,65,65,61,61,61,63,63,63,46,46,22,22,65,65,68,68,70,70,70,80,80,46,46,61,61,121,121,121,65,65,65,42,42,42,32,32,32,60,60,60,63,63,63,37,37,34,34,34,64,64,64,84,84,82,82,82,43,43,16,16,16,70,70,70,70,62,62,62,62,73,73,73,73,82,82,82,64,64,64,69,69,69,64,64,64,61,61,61,70,70,70,55,55,55,54,54,54,37,37,37,64,64,64,67,67,53,53,51,51,57,57,24,24,24,47,47,47,53,53,19,19,56,56,39,39,39,45,45,45,41,41,56,56,60,60,61,61,67,67,76,76,76,52,52,52,30,30,30,67,67,62,62,45,45,31,31,31,52,52,52,51,51,51,58,58,58,34,34,54,54,64,64,53,53,53,53,53,53,82,82,82,86,86,58,58,50,32,32,50,50,47,47,44,44,32,32,45,45,68,68,58,58,44,52,52,47,47,31,31,31,39,39,39,48,48,48,30,30,30,38,38,42,42,39,39,39,46,46,48,48,22,22,38,38,53,53,39,39,36,36,36,11,11,11,47,47,47,43,43,33
234,42.46000000000000796,40,42,23,23,22,22,22,58,58,28,28,39,39,60,60,48,48,30,30,30,24,24,24,24,25,25,25,25,12,12,12,12,14,14,14,25,25,25,24,24,24,24,4,4,4,4,-3,-3,-3,-3,26,26,26,43,43,43,16,16,16,16,19,19,19,19,18,18,18,18,11,11,11,53,53,32,32,32,26,26,26,26,10,10,10,22,22,22,37,37,26,26,26,66,66,66,34,34,34,55,55,55,16,16,16,45,45,45,0,0,0,-1,-1,-1,66,66,66,-4,-4,-4,54,54,54,23,23,23,26,26,26,28,28,28,28,27,27,27,51,51,51,27,27,27,28,28,28,28,52,52,52,52,18,18,18,-1,-1,-1,-1,21,21,21,21,26,26,26,26,51,51,51,51,58,58,58,51,51,51,45,45,45,45,51,51,51,52,52,52,52,43,43,43,44,44,44,11,11,11,12,12,12,38,38,38,38,38,38,85,85,85,65,65,41,41,41,44,44,44,66,66,66,11,11,11,21,21,73,73,73,25,25,25,58,58,19,19,60,60,11,11,29,29,42,42,52,52,27,27,36,36,48,48,51,51,51,26,26,26,37,37,31,31,31,51,51,43,43,40,40,71,71,46,46,46,41,41,47,47,47,71,71,71,77,77,77,66,66,66,66,57,57,57,64,64,54,54,49,49,28,28,28,35,35,35,49,49,49,72,72,72,35,35,35,50,50,102,102,79,99,99,69,69,69,78,78,55,55,35,35,59,59,50,50,41,41,57,36,48,48,68,68,56,56,56,84,84,55,55,55,58,58,58,26,26,53,53,54,54,43,43,43,55,55,55,41,41,41,36,36,14,14,33,33,69,69,49,49,49,25,25,43,43,75,75,23,23,23,45,45,45,41,41,41,62,62,62,52,52,52,36,36,36,39,39,60,60,60,40,40,40,26,26,68,68,68,36,36,57,57,57,39,39,39,39,39,39,39,39,40,40,40,40,52,52,52,27,27,27,24,24,24,58,58,58,62,62,62,42,42,42,28,28,28,51,51,51,31,31,31,45,45,45,32,32,14,14,48,48,32,32,44,44,44,42,42,42,48,48,11,11,24,24,53,53,53,36,36,36,22,22,35,35,42,42,45,45,51,51,32,32,32,54,54,54,34,34,34,55,55,36,36,49,49,28,28,28,31,31,31,47,47,47,31,31,31,35,35,40,40,44,44,40,40,40,62,62,62,61,61,61,83,83,43,43,25,18,18,36,36,46,46,17,17,39,39,43,43,51,51,44,44,37,7,7,20,20,-1,-1,-1,26,26,26,44,44,44,31,31,31,20,20,47,47,53,53,53,49,49,40,40,37,37,38,38,37,37,28,28,25,25,25,24,24,24,39,39,39,33,33,33
235,42.66000000000000369,2,16,-2,-2,17,17,17,19,19,43,43,18,18,21,21,44,44,16,16,16,37,37,37,37,29,29,29,29,-2,-2,-2,-2,24,24,24,14,14,14,24,24,24,24,42,42,42,42,32,32,32,32,12,12,12,17,17,17,7,7,7,7,20,20,20,20,14,14,14,14,41,41,41,11,11,29,29,29,40,40,40,40,25,25,25,14,14,14,14,14,49,49,49,33,33,33,27,27,27,57,57,57,16,16,16,27,27,27,45,45,45,38,38,38,40,40,40,29,29,29,22,22,22,44,44,44,5,5,5,15,15,15,15,25,25,25,31,31,31,10,10,10,24,24,24,24,17,17,17,17,27,27,27,31,31,31,31,25,25,25,25,43,43,43,43,41,41,41,41,35,35,35,40,40,40,31,31,31,31,36,36,36,28,28,28,28,31,31,31,30,30,30,2,2,2,3,3,3,34,34,34,40,40,40,35,35,35,60,60,34,34,34,36,36,36,37,37,37,21,21,21,21,21,57,57,57,38,38,38,56,56,38,38,8,8,30,30,34,34,46,46,49,49,36,36,26,26,35,35,20,20,20,36,36,36,18,18,29,29,29,38,38,56,56,60,60,50,50,74,74,74,39,39,48,48,48,47,47,47,74,74,74,65,65,65,65,61,61,61,60,60,42,42,41,41,32,32,32,29,29,29,43,43,43,40,40,40,15,15,15,63,63,48,48,46,85,85,63,63,63,66,66,41,41,18,18,39,39,42,42,24,24,63,26,42,42,57,57,18,18,18,55,55,50,50,50,64,64,64,44,44,38,38,49,49,63,63,63,34,34,34,24,24,24,26,26,32,32,15,15,97,97,25,25,25,49,49,31,31,55,55,59,59,59,46,46,46,35,35,35,30,30,30,34,34,34,29,29,29,55,55,26,26,26,19,19,19,31,31,29,29,29,60,60,13,13,13,4,4,4,4,29,29,29,29,68,68,68,68,30,30,30,47,47,47,53,53,53,25,25,25,59,59,59,44,44,44,19,19,19,43,43,43,16,16,16,30,30,30,23,23,27,27,24,24,51,51,51,51,51,54,54,54,15,15,16,16,22,22,17,17,17,10,10,10,26,26,6,6,32,32,16,16,39,39,35,35,35,28,28,28,39,39,39,52,52,19,19,31,31,31,31,31,29,29,29,24,24,24,30,30,30,5,5,26,26,28,28,27,27,27,34,34,34,64,64,64,47,47,32,32,25,20,20,23,23,45,45,39,39,23,23,52,52,58,58,59,59,16,40,40,30,30,28,28,28,31,31,31,46,46,46,36,36,36,34,34,37,37,27,27,27,52,52,44,44,38,38,45,45,44,44,24,24,38,38,38,38,38,38,37,37,37,40,40,35
236,42.86000000000000654,-2,28,18,18,13,13,13,40,40,48,48,24,24,-28,-28,-14,-14,10,10,10,26,26,26,26,41,41,41,41,8,8,8,8,8,8,8,5,5,5,13,13,13,13,52,52,52,52,39,39,39,39,7,7,7,34,34,34,54,54,54,54,12,12,12,12,19,19,19,19,54,54,54,41,41,40,40,40,39,39,39,39,51,51,51,45,45,45,66,66,23,23,23,77,77,77,29,29,29,33,33,33,32,32,32,13,13,13,49,49,49,38,38,38,41,41,41,9,9,9,9,9,9,51,51,51,40,40,40,15,15,15,15,24,24,24,38,38,38,10,10,10,28,28,28,28,-10,-10,-10,-10,23,23,23,20,20,20,20,40,40,40,40,38,38,38,38,46,46,46,46,33,33,33,79,79,79,73,73,73,73,18,18,18,43,43,43,43,8,8,8,39,39,39,28,28,28,50,50,50,25,25,25,9,9,9,29,29,29,61,61,43,43,43,51,51,51,42,42,42,42,42,42,27,27,57,57,57,47,47,47,35,35,37,37,35,35,32,32,25,25,36,36,46,46,28,28,49,49,50,50,0,0,0,33,33,33,40,40,34,34,34,-3,-3,41,41,37,37,41,41,63,63,63,67,67,42,42,42,72,72,72,38,38,38,57,57,57,57,31,31,31,40,40,42,42,19,19,26,26,26,45,45,45,31,31,31,45,45,45,50,50,50,46,46,63,63,54,88,88,39,39,39,33,33,7,7,25,25,26,26,44,44,45,45,30,27,42,42,72,72,32,32,32,26,26,19,19,19,28,28,28,43,43,18,18,49,49,27,27,27,43,43,43,53,53,53,31,31,41,41,48,48,38,38,44,44,44,32,32,9,9,40,40,24,24,24,34,34,34,44,44,44,54,54,54,56,56,56,37,37,37,54,54,46,46,46,50,50,50,30,30,29,29,29,32,32,12,12,12,40,40,40,40,26,26,26,26,71,71,71,71,59,59,59,30,30,30,42,42,42,42,42,42,33,33,33,59,59,59,15,15,15,51,51,51,60,60,60,49,49,49,38,38,28,28,30,30,23,23,53,53,53,39,39,39,22,22,29,29,44,44,31,31,31,21,21,21,35,35,46,46,32,32,13,13,35,35,46,46,46,39,39,39,32,32,32,45,45,53,53,25,25,44,44,44,58,58,58,48,48,48,34,34,34,17,17,12,12,39,39,57,57,57,55,55,55,59,59,59,44,44,21,21,23,42,42,33,33,37,37,54,54,29,29,54,54,9,9,14,14,19,-11,-11,32,32,29,29,29,58,58,58,45,45,45,34,34,34,20,20,20,20,41,41,41,52,52,49,49,42,42,34,34,35,35,28,28,43,43,43,65,65,65,40,40,40,41,41,45
237,43.06000000000000227,39,8,64,64,19,19,19,23,23,33,33,56,56,-21,-21,20,20,47,47,47,-6,-6,-6,-6,37,37,37,37,23,23,23,23,19,19,19,16,16,16,-3,-3,-3,-3,68,68,68,68,24,24,24,24,12,12,12,31,31,31,40,40,40,40,18,18,18,18,23,23,23,23,46,46,46,-9,-9,36,36,36,36,36,36,36,55,55,55,44,44,44,12,12,5,5,5,43,43,43,52,52,52,34,34,34,42,42,42,40,40,40,44,44,44,35,35,35,31,31,31,40,40,40,-25,-25,-25,43,43,43,23,23,23,10,10,10,10,26,26,26,19,19,19,20,20,20,35,35,35,35,10,10,10,10,35,35,35,36,36,36,36,16,16,16,16,33,33,33,33,56,56,56,56,49,49,49,25,25,25,32,32,32,32,30,30,30,26,26,26,26,34,34,34,38,38,38,37,37,37,31,31,31,49,49,49,52,52,52,41,41,41,-20,-20,59,59,59,30,30,30,39,39,39,52,52,52,65,65,18,18,18,49,49,49,46,46,39,39,38,38,51,51,57,57,37,37,90,90,31,31,36,36,56,56,44,44,44,42,42,42,53,53,69,69,69,10,10,45,45,58,58,42,42,46,46,46,84,84,42,42,42,45,45,45,36,36,36,33,33,33,33,37,37,37,36,36,60,60,58,58,44,44,44,47,47,47,50,50,50,93,93,93,34,34,34,51,51,66,66,40,56,56,37,37,37,37,37,0,0,16,16,26,26,43,43,43,43,37,25,46,46,73,73,33,33,33,46,46,31,31,31,33,33,33,25,25,35,35,33,33,69,69,69,33,33,33,64,64,64,34,34,47,47,50,50,56,56,43,43,43,30,30,42,42,48,48,35,35,35,28,28,28,35,35,35,58,58,58,42,42,42,46,46,46,27,27,49,49,49,39,39,39,41,41,31,31,31,61,61,42,42,42,37,37,37,37,43,43,43,43,65,65,65,65,30,30,30,51,51,51,45,45,45,27,27,27,31,31,31,58,58,58,57,57,57,43,43,43,41,41,41,42,42,42,38,38,28,28,51,51,27,27,42,42,42,27,27,27,2,2,43,43,41,41,56,56,56,33,33,33,37,37,26,26,26,26,34,34,59,59,49,49,49,50,50,50,31,31,31,30,30,39,39,18,18,35,35,35,25,25,25,41,41,41,61,61,61,38,38,36,36,27,27,54,54,54,52,52,52,50,50,50,48,48,24,24,34,39,39,21,21,45,45,29,29,22,22,32,32,9,9,10,10,-13,-3,-3,29,29,23,23,23,44,44,44,34,34,34,20,20,20,6,6,25,25,41,41,41,41,41,18,18,34,34,60,60,41,41,27,27,26,26,26,31,31,31,40,40,40,46,46,39
238,43.26000000000000512,21,48,50,50,53,53,53,63,63,3,3,25,25,40,40,18,18,43,43,43,13,13,13,13,8,8,8,8,22,22,22,22,-5,-5,-5,-13,-13,-13,48,48,48,48,27,27,27,27,30,30,30,30,50,50,50,29,29,29,39,39,39,39,19,19,19,19,35,35,35,35,55,55,55,36,36,57,57,57,41,41,41,41,13,13,13,12,12,12,11,11,13,13,13,34,34,34,43,43,43,28,28,28,0,0,0,67,67,67,57,57,57,23,23,23,12,12,12,17,17,17,6,6,6,24,24,24,4,4,4,14,14,14,14,28,28,28,0,0,0,27,27,27,3,3,3,3,38,38,38,38,31,31,31,23,23,23,23,36,36,36,36,47,47,47,47,55,55,55,55,43,43,43,59,59,59,26,26,26,26,27,27,27,25,25,25,25,51,51,51,22,22,22,-10,-10,-10,17,17,17,28,28,28,12,12,12,30,30,30,5,5,3,3,3,15,15,15,32,32,32,24,24,24,26,26,27,27,27,28,28,28,23,23,24,24,14,14,26,26,23,23,45,45,40,40,15,15,63,63,32,32,37,37,37,29,29,29,47,47,33,33,33,37,37,48,48,61,61,61,61,43,43,43,59,59,39,39,39,49,49,49,36,36,36,19,19,19,19,19,19,19,49,49,54,54,55,55,44,44,44,63,63,63,35,35,35,82,82,82,45,45,45,70,70,39,39,27,50,50,24,24,24,30,30,1,1,5,5,30,30,36,36,46,46,44,4,82,82,28,28,33,33,33,39,39,44,44,44,37,37,37,51,51,28,28,35,35,36,36,36,11,11,11,58,58,58,47,47,37,37,48,48,51,51,42,42,42,17,17,9,9,58,58,64,64,64,45,45,45,40,40,40,71,71,71,43,43,43,41,41,41,20,20,74,74,74,39,39,39,65,65,40,40,40,53,53,37,37,37,26,26,26,26,29,29,29,29,40,40,40,40,43,43,43,40,40,40,46,46,46,54,54,54,64,64,64,54,54,54,37,37,37,51,51,51,35,35,35,32,32,32,33,33,32,32,44,44,38,38,44,44,44,20,20,20,43,43,38,38,45,45,40,40,40,20,20,20,30,30,38,38,38,38,14,14,45,45,54,54,54,16,16,16,43,43,43,28,28,15,15,29,29,40,40,40,49,49,49,35,35,35,74,74,74,20,20,35,35,52,52,18,18,18,14,14,14,12,12,12,9,9,27,27,32,44,44,23,23,14,14,26,26,4,4,24,24,5,5,15,15,-16,-4,-4,0,0,23,23,23,21,21,21,11,11,11,5,5,5,10,10,0,0,29,29,29,30,30,16,16,28,28,31,31,24,24,22,22,26,26,26,29,29,29,6,6,6,13,13,26
239,43.46000000000000796,13,-5,2,2,40,40,40,-21,-21,4,4,42,42,19,19,-10,-10,-8,-8,-8,13,13,13,13,1,1,1,1,5,5,5,5,-34,-34,-34,-34,-34,-34,-6,-6,-6,-6,-5,-5,-5,-5,20,20,20,20,12,12,12,21,21,21,2,2,2,2,48,48,48,48,-24,-24,-24,-24,-24,-24,-24,5,5,-4,-4,-4,15,15,15,15,6,6,6,8,8,8,6,6,29,29,29,41,41,41,5,5,5,-12,-12,-12,-5,-5,-5,21,21,21,-12,-12,-12,15,15,15,18,18,18,9,9,9,-18,-18,-18,27,27,27,-17,-17,-17,-4,-4,-4,-4,27,27,27,7,7,7,4,4,4,-8,-8,-8,-8,22,22,22,22,25,25,25,36,36,36,36,31,31,31,31,31,31,31,31,4,4,4,4,19,19,19,32,32,32,21,21,21,21,9,9,9,14,14,14,14,23,23,23,33,33,33,-1,-1,-1,28,28,28,13,13,13,-11,-11,-11,-17,-17,-17,27,27,23,23,23,29,29,29,28,28,28,-17,-17,-17,7,7,-1,-1,-1,-22,-22,-22,18,18,-1,-1,13,13,17,17,-6,-6,50,50,36,36,-1,-1,9,9,32,32,-8,-8,-8,30,30,30,41,41,41,41,41,35,35,19,19,33,33,57,57,15,15,15,49,49,31,31,31,40,40,40,23,23,23,16,16,16,16,30,30,30,-4,-4,10,10,3,3,33,33,33,68,68,68,30,30,30,24,24,24,49,49,49,54,54,21,21,37,30,30,16,16,16,-4,-4,24,24,16,16,30,30,42,42,32,32,18,17,50,50,33,33,17,17,17,23,23,19,19,19,40,40,40,21,21,46,46,18,18,-2,-2,-2,2,2,2,33,33,33,20,20,30,30,62,62,26,26,30,30,30,26,26,5,5,21,21,40,40,40,8,8,8,6,6,6,52,52,52,7,7,7,60,60,60,15,15,15,15,15,31,31,31,31,31,24,24,24,39,39,41,41,41,35,35,35,35,35,35,35,35,56,56,56,56,44,44,44,19,19,19,31,31,31,38,38,38,33,33,33,35,35,35,32,32,32,40,40,40,6,6,6,39,39,39,21,21,19,19,6,6,16,16,36,36,36,36,36,36,34,34,53,53,18,18,16,16,16,48,48,48,18,18,31,31,13,13,0,0,15,15,14,14,14,22,22,22,26,26,26,14,14,-1,-1,13,13,38,38,38,17,17,17,23,23,23,32,32,32,23,23,20,20,11,11,3,3,3,15,15,15,6,6,6,-10,-10,19,19,14,36,36,3,3,7,7,24,24,-7,-7,18,18,-1,-1,-6,-6,-8,11,11,-6,-6,17,17,17,34,34,34,-11,-11,-11,7,7,7,-4,-4,1,1,-18,-18,-18,1,1,21,21,-4,-4,4,4,25,25,7,7,5,5,5,15,15,15,3,3,3,18,18,9
240,43.66000000000000369,-19,17,3,3,13,13,13,9,9,22,22,42,42,23,23,15,15,-36,-36,-36,-84,-84,-84,-84,3,3,3,3,1,1,1,1,-22,-22,-22,-17,-17,-17,15,15,15,15,-8,-8,-8,-8,7,7,7,7,4,4,4,-26,-26,-26,-4,-4,-4,-4,6,6,6,6,9,9,9,9,-49,-49,-49,37,37,8,8,8,5,5,5,5,-14,-14,-14,12,12,12,21,21,-9,-9,-9,9,9,9,-12,-12,-12,-13,-13,-13,20,20,20,26,26,26,-17,-17,-17,14,14,14,32,32,32,3,3,3,20,20,20,12,12,12,-2,-2,-2,41,41,41,41,7,7,7,-9,-9,-9,25,25,25,-9,-9,-9,-9,-2,-2,-2,-2,10,10,10,-2,-2,-2,-2,31,31,31,31,18,18,18,18,18,18,18,18,24,24,24,7,7,7,8,8,8,8,-7,-7,-7,5,5,5,5,-11,-11,-11,9,9,9,-12,-12,-12,-4,-4,-4,16,16,16,-19,-19,-19,-19,-19,-19,19,19,24,24,24,10,10,10,-2,-2,-2,8,8,8,15,15,-11,-11,-11,-11,-11,-11,-39,-39,-29,-29,-10,-10,-13,-13,-24,-24,-13,-13,-33,-33,-26,-26,-32,-32,-30,-30,-8,-8,-8,37,37,37,19,19,7,7,7,-1,-1,22,22,18,18,35,35,12,12,12,8,8,18,18,18,-1,-1,-1,22,22,22,34,34,34,34,7,7,7,5,5,1,1,-19,-19,32,32,32,0,0,0,53,53,53,19,19,19,25,25,25,47,47,36,36,17,3,3,12,12,12,-15,-15,41,41,4,4,42,42,41,41,51,51,51,10,41,41,-5,-5,19,19,19,16,16,3,3,3,16,16,16,27,27,23,23,17,17,14,14,14,9,9,9,9,9,9,31,31,21,21,10,10,23,23,10,10,10,17,17,6,6,28,28,-9,-9,-9,36,36,36,-12,-12,-12,42,42,42,29,29,29,22,22,22,8,8,34,34,34,3,3,3,32,32,-5,-5,-5,18,18,34,34,34,19,19,19,19,63,63,63,63,29,29,29,29,29,29,29,19,19,19,21,21,21,15,15,15,37,37,37,54,54,54,38,38,38,27,27,27,12,12,12,34,34,34,9,9,16,16,-7,-7,3,3,-1,-1,-1,6,6,6,17,17,15,15,5,5,32,32,32,24,24,24,15,15,-2,-2,8,8,11,11,-14,-14,-6,-6,-6,8,8,8,-16,-16,-16,-19,-19,-19,-19,-9,-9,-3,-3,-3,-8,-8,-8,21,21,21,-10,-10,-10,-15,-15,6,6,20,20,3,3,3,2,2,2,-6,-6,-6,-4,-4,23,23,26,16,16,7,7,-7,-7,-5,-5,-20,-20,12,12,-17,-17,-6,-6,-23,-1,-1,14,14,3,3,3,8,8,8,-22,-22,-22,25,25,25,3,3,-13,-13,9,9,9,-11,-11,4,4,-5,-5,17,17,16,16,4,4,7,7,7,13,13,13,-2,-2,-2,11,11,17
241,43.86000000000000654,-15,-48,19,19,-19,-19,-19,12,12,67,67,5,5,37,37,29,29,-10,-10,-10,-62,-62,-62,-62,39,39,39,39,7,7,7,7,3,3,3,-11,-11,-11,-3,-3,-3,-3,-3,-3,-3,-3,-11,-11,-11,-11,-3,-3,-3,-1,-1,-1,33,33,33,33,37,37,37,37,-23,-23,-23,-23,24,24,24,10,10,16,16,16,-11,-11,-11,-11,23,23,23,1,1,1,-8,-8,-10,-10,-10,15,15,15,40,40,40,5,5,5,4,4,4,29,29,29,10,10,10,3,3,3,14,14,14,-24,-24,-24,12,12,12,-17,-17,-17,-9,-9,-9,15,15,15,15,8,8,8,-6,-6,-6,-5,-5,-5,-15,-15,-15,-15,13,13,13,13,8,8,8,2,2,2,2,0,0,0,0,13,13,13,13,-9,-9,-9,-9,32,32,32,-15,-15,-15,15,15,15,15,-9,-9,-9,22,22,22,22,15,15,15,-17,-17,-17,0,0,0,20,20,20,17,17,17,-14,-14,-14,-6,-6,-6,-14,-14,24,24,24,-9,-9,-9,1,1,1,-7,-7,-7,-30,-30,-60,-60,-60,-15,-15,-15,-16,-16,-24,-24,0,0,-35,-35,11,11,-5,-5,-49,-49,-33,-33,2,2,14,14,24,24,24,33,33,33,4,4,3,3,3,5,5,-10,-10,-1,-1,3,3,-4,-4,-4,13,13,6,6,6,20,20,20,7,7,7,11,11,11,11,-4,-4,-4,4,4,8,8,-14,-14,28,28,28,13,13,13,44,44,44,36,36,36,36,36,36,34,34,15,15,57,-1,-1,7,7,7,47,47,63,63,38,38,37,37,38,38,47,47,35,0,27,27,-1,-1,2,2,2,24,24,17,17,17,38,38,38,-12,-12,12,12,14,14,10,10,10,3,3,3,13,13,13,6,6,11,11,25,25,2,2,10,10,10,1,1,37,37,19,19,15,15,15,23,23,23,6,6,6,18,18,18,-6,-6,-6,12,12,12,8,8,24,24,24,16,16,16,24,24,45,45,45,15,15,51,51,51,14,14,14,14,37,37,37,37,-17,-17,-17,-17,15,15,15,1,1,1,19,19,19,32,32,32,20,20,20,38,38,38,31,31,31,12,12,12,-2,-2,-2,25,25,25,7,7,9,9,3,3,-2,-2,-4,-4,-4,1,1,1,-3,-3,3,3,3,3,24,24,24,9,9,9,9,9,7,7,0,0,-1,-1,3,3,-14,-14,-14,-20,-20,-20,-6,-6,-6,-19,-19,-7,-7,-18,-18,-27,-27,-27,5,5,5,9,9,9,-12,-12,-12,-15,-15,-14,-14,19,19,-5,-5,-5,3,3,3,7,7,7,-11,-11,13,13,24,27,27,15,15,-6,-6,-13,-13,-6,-6,-8,-8,-10,-10,-3,-3,-16,7,7,3,3,-10,-10,-10,-2,-2,-2,-15,-15,-15,-24,-24,-24,-5,-5,-8,-8,13,13,13,-8,-8,2,2,-7,-7,10,10,18,18,10,10,1,1,1,-4,-4,-4,-6,-6,-6,8,8,5
242,44.06000000000000227,68,54,55,55,17,17,17,1,1,22,22,15,15,28,28,31,31,7,7,7,45,45,45,45,11,11,11,11,3,3,3,3,47,47,47,39,39,39,43,43,43,43,43,43,43,43,52,52,52,52,71,71,71,17,17,17,-3,-3,-3,-3,15,15,15,15,26,26,26,26,28,28,28,35,35,34,34,34,30,30,30,30,39,39,39,31,31,31,-19,-19,35,35,35,26,26,26,19,19,19,23,23,23,22,22,22,69,69,69,19,19,19,38,38,38,12,12,12,61,61,61,48,48,48,36,36,36,20,20,20,45,45,45,45,1,1,1,19,19,19,9,9,9,0,0,0,0,36,36,36,36,23,23,23,54,54,54,54,14,14,14,14,7,7,7,7,13,13,13,13,45,45,45,22,22,22,35,35,35,35,9,9,9,40,40,40,40,22,22,22,46,46,46,43,43,43,19,19,19,23,23,23,41,41,41,35,35,35,22,22,-10,-10,-10,39,39,39,0,0,0,29,29,29,-6,-6,1,1,1,19,19,19,11,11,36,36,31,31,24,24,28,28,31,31,37,37,28,28,30,30,34,34,16,16,16,32,32,32,42,42,20,20,20,48,48,24,24,29,29,33,33,53,53,53,16,16,42,42,42,48,48,48,45,45,45,32,32,32,32,37,37,37,20,20,38,38,26,26,57,57,57,19,19,19,34,34,34,46,46,46,49,49,49,39,39,60,60,48,51,51,23,23,23,53,53,70,70,82,82,78,78,69,69,47,47,52,66,31,31,43,43,27,27,27,78,78,40,40,40,46,46,46,36,36,35,35,49,49,18,18,18,17,17,17,26,26,26,38,38,11,11,33,33,43,43,43,43,43,11,11,8,8,38,38,49,49,49,61,61,61,8,8,8,22,22,22,32,32,32,30,30,30,6,6,21,21,21,38,38,38,37,37,38,38,38,48,48,44,44,44,57,57,57,57,49,49,49,49,32,32,32,32,68,68,68,63,63,63,43,43,43,81,81,81,54,54,54,47,47,47,28,28,28,3,3,3,30,30,30,40,40,40,50,50,39,39,31,31,30,30,11,11,11,24,24,24,-19,-19,2,2,22,22,48,48,48,25,25,25,34,34,35,35,37,37,52,52,22,22,10,10,10,-2,-2,-2,4,4,4,-1,-1,21,21,23,23,-19,-19,-19,11,11,11,19,19,19,15,15,15,5,5,23,23,26,26,22,22,22,34,34,34,34,34,34,24,24,29,29,44,30,30,26,26,27,27,6,6,31,31,-5,-5,29,29,56,56,58,68,68,33,33,24,24,24,14,14,14,-2,-2,-2,2,2,2,3,3,9,9,12,12,12,6,6,15,15,29,29,19,19,16,16,18,18,8,8,8,0,0,0,3,3,3,10,10,19
243,44.26000000000000512,22,47,86,86,47,47,47,10,10,38,38,54,54,75,75,30,30,43,43,43,61,61,61,61,63,63,63,63,55,55,55,55,68,68,68,95,95,95,19,19,19,19,66,66,66,66,53,53,53,53,75,75,75,29,29,29,19,19,19,19,-11,-11,-11,-11,27,27,27,27,85,85,85,41,41,61,61,61,10,10,10,10,19,19,19,40,40,40,36,36,1,1,1,75,75,75,31,31,31,69,69,69,55,55,55,54,54,54,24,24,24,39,39,39,30,30,30,-6,-6,-6,36,36,36,43,43,43,27,27,27,44,44,44,44,24,24,24,39,39,39,39,39,39,43,43,43,43,42,42,42,42,35,35,35,53,53,53,53,37,37,37,37,34,34,34,34,26,26,26,26,60,60,60,62,62,62,47,47,47,47,45,45,45,49,49,49,49,39,39,39,45,45,45,51,51,51,41,41,41,-14,-14,-14,16,16,16,48,48,48,54,54,36,36,36,54,54,54,47,47,47,20,20,20,53,53,26,26,26,92,92,92,41,41,63,63,21,21,55,55,63,63,56,56,79,79,102,102,55,55,42,42,39,39,39,27,27,27,29,29,25,25,25,22,22,48,48,30,30,49,49,51,51,51,63,63,59,59,59,84,84,84,59,59,59,60,60,60,60,60,60,60,54,54,56,56,55,55,38,38,38,41,41,41,63,63,63,65,65,65,54,54,54,64,64,69,69,72,51,51,44,44,44,70,70,73,73,83,83,65,65,68,68,36,36,15,57,28,28,33,33,21,21,21,66,66,68,68,68,36,36,36,17,17,46,46,58,58,39,39,39,38,38,38,66,66,66,37,37,32,32,17,17,40,40,40,40,40,36,36,56,56,65,65,51,51,51,29,29,29,60,60,60,34,34,34,44,44,44,41,41,41,6,6,1,1,1,64,64,64,23,23,19,19,19,52,52,45,45,45,27,27,27,27,45,45,45,45,36,36,36,36,77,77,77,58,58,58,51,51,51,83,83,83,66,66,66,51,51,51,50,50,50,16,16,16,33,33,33,43,43,43,37,37,57,57,66,66,32,32,49,49,49,16,16,16,32,32,23,23,33,33,47,47,47,47,47,47,50,50,34,34,44,44,55,55,35,35,23,23,23,16,16,16,30,30,30,29,29,34,34,32,32,-7,-7,-7,23,23,23,32,32,32,26,26,26,38,38,66,66,42,42,23,23,23,42,42,42,40,40,40,47,47,38,38,63,27,27,37,37,18,18,39,39,38,38,33,33,62,62,70,70,92,60,60,38,38,21,21,21,22,22,22,29,29,29,15,15,15,29,29,20,20,13,13,13,34,34,24,24,34,34,32,32,37,37,40,40,34,34,34,11,11,11,17,17,17,22,22,10
244,44.46000000000000796,61,29,0,0,14,14,14,38,38,55,55,54,54,55,55,46,46,64,64,64,37,37,37,37,-3,-3,-3,-3,9,9,9,9,33,33,33,97,97,97,22,22,22,22,33,33,33,33,70,70,70,70,61,61,61,67,67,67,23,23,23,23,-29,-29,-29,-29,47,47,47,47,27,27,27,56,56,36,36,36,-5,-5,-5,-5,4,4,4,14,14,14,34,34,19,19,19,53,53,53,42,42,42,73,73,73,33,33,33,37,37,37,68,68,68,19,19,19,33,33,33,29,29,29,23,23,23,51,51,51,28,28,28,9,9,9,9,40,40,40,22,22,22,11,11,11,54,54,54,54,33,33,33,33,43,43,43,23,23,23,23,49,49,49,49,40,40,40,40,39,39,39,39,86,86,86,59,59,59,50,50,50,50,35,35,35,32,32,32,32,37,37,37,64,64,64,48,48,48,34,34,34,21,21,21,27,27,27,33,33,33,36,36,37,37,37,56,56,56,31,31,31,28,28,28,58,58,53,53,53,45,45,45,44,44,52,52,70,70,72,72,18,18,41,41,71,71,92,92,77,77,73,73,50,50,50,11,11,11,4,4,36,36,36,20,20,43,43,34,34,68,68,69,69,69,83,83,40,40,40,78,78,78,38,38,38,69,69,69,69,49,49,49,48,48,51,51,61,61,52,52,52,45,45,45,51,51,51,59,59,59,68,68,68,51,51,69,69,85,70,70,50,50,50,68,68,76,76,66,66,68,68,-2,-2,37,37,60,52,9,9,72,72,25,25,25,88,88,56,56,56,56,56,56,9,9,42,42,46,46,35,35,35,24,24,24,40,40,40,52,52,33,33,60,60,26,26,44,44,44,43,43,48,48,61,61,33,33,33,41,41,41,17,17,17,46,46,46,29,29,29,26,26,26,21,21,29,29,29,45,45,45,42,42,37,37,37,37,37,20,20,20,18,18,18,18,46,46,46,46,13,13,13,13,61,61,61,41,41,41,42,42,42,47,47,47,63,63,63,46,46,46,29,29,29,13,13,13,22,22,22,47,47,47,28,28,53,53,46,46,30,30,44,44,44,20,20,20,33,33,26,26,29,29,42,42,42,11,11,11,31,31,40,40,62,62,54,54,79,79,26,26,26,13,13,13,32,32,32,45,45,22,22,39,39,0,0,0,35,35,35,48,48,48,21,21,21,41,41,45,45,42,42,33,33,33,40,40,40,41,41,41,45,45,67,67,43,25,25,33,33,37,37,35,35,36,36,19,19,69,69,62,62,80,75,75,24,24,17,17,17,20,20,20,18,18,18,15,15,15,20,20,33,33,24,24,24,27,27,31,31,44,44,40,40,53,53,29,29,21,21,21,13,13,13,10,10,10,13,13,10
245,44.66000000000000369,20,45,-13,-13,16,16,16,13,13,40,40,37,37,47,47,53,53,71,71,71,34,34,34,34,47,47,47,47,42,42,42,42,15,15,15,53,53,53,19,19,19,19,15,15,15,15,27,27,27,27,13,13,13,14,14,14,-18,-18,-18,-18,-32,-32,-32,-32,-1,-1,-1,-1,20,20,20,27,27,8,8,8,9,9,9,9,26,26,26,12,12,12,54,54,29,29,29,38,38,38,54,54,54,43,43,43,27,27,27,12,12,12,12,12,12,7,7,7,29,29,29,28,28,28,20,20,20,15,15,15,16,16,16,10,10,10,10,31,31,31,10,10,10,20,20,20,30,30,30,30,23,23,23,23,47,47,47,53,53,53,53,31,31,31,31,21,21,21,21,13,13,13,13,26,26,26,19,19,19,43,43,43,43,12,12,12,25,25,25,25,26,26,26,50,50,50,8,8,8,21,21,21,-3,-3,-3,6,6,6,41,41,41,14,14,32,32,32,54,54,54,26,26,26,18,18,18,30,30,46,46,46,45,45,45,27,27,41,41,57,57,20,20,43,43,43,43,77,77,83,83,64,64,35,35,43,43,43,13,13,13,45,45,16,16,16,11,11,24,24,54,54,37,37,44,44,44,46,46,58,58,58,55,55,55,42,42,42,30,30,30,30,62,62,62,60,60,47,47,22,22,4,4,4,10,10,10,20,20,20,24,24,24,25,25,25,21,21,58,58,60,57,57,53,53,53,44,44,24,24,16,16,21,21,28,28,13,13,31,26,29,29,36,36,40,40,40,30,30,12,12,12,20,20,20,-3,-3,34,34,31,31,25,25,25,20,20,20,29,29,29,34,34,0,0,29,29,10,10,-2,-2,-2,19,19,22,22,43,43,-8,-8,-8,5,5,5,48,48,48,14,14,14,20,20,20,26,26,26,-10,-10,-10,-10,-10,18,18,18,-12,-12,32,32,32,62,62,33,33,33,9,9,9,9,12,12,12,12,32,32,32,32,23,23,23,41,41,41,35,35,35,24,24,24,45,45,45,8,8,8,13,13,13,-8,-8,-8,2,2,2,23,23,23,22,22,39,39,22,22,15,15,16,16,16,28,28,28,30,30,7,7,19,19,7,7,7,3,3,3,24,24,35,35,29,29,30,30,38,38,14,14,14,26,26,26,43,43,43,37,37,35,35,8,8,-5,-5,-5,26,26,26,41,41,41,28,28,28,23,23,9,9,9,9,-9,-9,-9,31,31,31,31,31,31,30,30,20,20,34,25,25,23,23,18,18,19,19,25,25,34,34,52,52,43,43,41,50,50,34,34,9,9,9,14,14,14,27,27,27,12,12,12,1,1,24,24,20,20,20,28,28,38,38,25,25,28,28,38,38,31,31,37,37,37,7,7,7,8,8,8,12,12,16
246,44.86000000000000654,16,2,23,23,33,33,33,-6,-6,-7,-7,-17,-17,-44,-44,3,3,8,8,8,10,10,10,10,64,64,64,64,21,21,21,21,10,10,10,17,17,17,0,0,0,0,59,59,59,59,3,3,3,3,17,17,17,4,4,4,6,6,6,6,-41,-41,-41,-41,19,19,19,19,0,0,0,8,8,-4,-4,-4,35,35,35,35,34,34,34,23,23,23,70,70,8,8,8,4,4,4,19,19,19,9,9,9,22,22,22,34,34,34,30,30,30,-21,-21,-21,9,9,9,13,13,13,12,12,12,35,35,35,18,18,18,20,20,20,20,1,1,1,13,13,13,-10,-10,-10,21,21,21,21,-21,-21,-21,-21,19,19,19,3,3,3,3,-2,-2,-2,-2,11,11,11,11,24,24,24,24,11,11,11,12,12,12,17,17,17,17,8,8,8,14,14,14,14,1,1,1,-14,-14,-14,-8,-8,-8,-9,-9,-9,-23,-23,-23,47,47,47,23,23,23,34,34,38,38,38,25,25,25,-4,-4,-4,0,0,0,-16,-16,41,41,41,-4,-4,-4,28,28,25,25,7,7,16,16,9,9,43,43,24,24,13,13,30,30,25,25,33,33,33,2,2,2,30,30,8,8,8,52,52,4,4,8,8,49,49,34,34,34,29,29,29,29,29,26,26,26,1,1,1,40,40,40,40,27,27,27,28,28,51,51,18,18,-24,-24,-24,10,10,10,9,9,9,3,3,3,16,16,16,-1,-1,46,46,56,20,20,24,24,24,22,22,18,18,7,7,-6,-6,27,27,4,4,-6,-35,21,21,42,42,8,8,8,25,25,14,14,14,-15,-15,-15,-7,-7,6,6,22,22,6,6,6,21,21,21,-7,-7,-7,11,11,-18,-18,32,32,16,16,-6,-6,-6,29,29,8,8,30,30,28,28,28,26,26,26,-11,-11,-11,19,19,19,7,7,7,-9,-9,-9,11,11,29,29,29,37,37,37,0,0,9,9,9,38,38,7,7,7,3,3,3,3,9,9,9,9,5,5,5,5,23,23,23,33,33,33,-18,-18,-18,40,40,40,15,15,15,3,3,3,7,7,7,-3,-3,-3,6,6,6,6,6,6,5,5,-7,-7,1,1,9,9,20,20,20,12,12,12,11,11,-4,-4,-6,-6,5,5,5,-10,-10,-10,-4,-4,39,39,15,15,11,11,8,8,16,16,16,25,25,25,-1,-1,-1,23,23,17,17,-6,-6,25,25,25,23,23,23,28,28,28,12,12,12,-12,-12,0,0,13,13,11,11,11,29,29,29,12,12,12,38,38,32,32,22,-5,-5,18,18,14,14,30,30,12,12,-10,-10,19,19,-3,-3,7,-17,-17,30,30,-1,-1,-1,16,16,16,25,25,25,26,26,26,6,6,9,9,14,14,14,26,26,33,33,16,16,22,22,7,7,15,15,16,16,16,1,1,1,19,19,19,14,14,1
247,45.06000000000000227,8,3,4,4,32,32,32,25,25,8,8,-10,-10,-13,-13,-20,-20,27,27,27,33,33,33,33,22,22,22,22,17,17,17,17,23,23,23,16,16,16,19,19,19,19,49,49,49,49,7,7,7,7,-8,-8,-8,-15,-15,-15,21,21,21,21,-12,-12,-12,-12,42,42,42,42,6,6,6,18,18,25,25,25,40,40,40,40,2,2,2,17,17,17,3,3,43,43,43,-12,-12,-12,10,10,10,10,10,10,0,0,0,19,19,19,-17,-17,-17,7,7,7,12,12,12,15,15,15,-8,-8,-8,14,14,14,23,23,23,15,15,15,15,44,44,44,30,30,30,9,9,9,14,14,14,14,0,0,0,0,8,8,8,1,1,1,1,2,2,2,2,13,13,13,13,20,20,20,20,1,1,1,29,29,29,-1,-1,-1,-1,13,13,13,12,12,12,12,-4,-4,-4,6,6,6,-12,-12,-12,0,0,0,4,4,4,30,30,30,-5,-5,-5,30,30,9,9,9,13,13,13,2,2,2,28,28,28,38,38,50,50,50,25,25,25,3,3,6,6,-4,-4,-15,-15,-10,-10,-11,-11,31,31,20,20,6,6,28,28,4,4,4,-10,-10,-10,12,12,-21,-21,-21,6,6,1,1,7,7,6,6,31,31,31,18,18,6,6,6,25,25,25,-9,-9,-9,35,35,35,35,15,15,15,19,19,57,57,-5,-5,-21,-21,-21,-6,-6,-6,-15,-15,-15,45,45,45,41,41,41,1,1,34,34,10,10,10,9,9,9,32,32,7,7,-17,-17,-10,-10,20,20,6,6,13,-40,34,34,31,31,10,10,10,-1,-1,-19,-19,-19,35,35,35,20,20,-5,-5,12,12,20,20,20,3,3,3,21,21,21,-3,-3,9,9,4,4,9,9,7,7,7,29,29,0,0,32,32,-9,-9,-9,29,29,29,5,5,5,3,3,3,-4,-4,-4,4,4,4,26,26,3,3,3,4,4,4,0,0,9,9,9,-14,-14,21,21,21,-8,-8,-8,-8,15,15,15,15,-1,-1,-1,-1,19,19,19,7,7,7,32,32,32,23,23,23,31,31,31,14,14,14,5,5,5,0,0,0,-6,-6,-6,23,23,23,0,0,1,1,-9,-9,-7,-7,21,21,21,-3,-3,-3,35,35,-10,-10,-1,-1,15,15,15,0,0,0,-5,-5,-7,-7,14,14,4,4,20,20,25,25,25,12,12,12,6,6,6,32,32,13,13,-2,-2,17,17,17,9,9,9,15,15,15,6,6,6,-10,-10,-21,-21,-2,-2,10,10,10,26,26,26,16,16,16,47,47,16,16,10,17,17,2,2,21,21,30,30,18,18,13,13,18,18,-7,-7,-29,-20,-20,1,1,22,22,22,15,15,15,13,13,13,15,15,15,-34,-34,14,14,1,1,1,27,27,20,20,17,17,20,20,11,11,10,10,13,13,13,17,17,17,11,11,11,1,1,-7
248,45.26000000000000512,28,23,64,64,6,6,6,36,36,30,30,-3,-3,-32,-32,16,16,-16,-16,-16,-18,-18,-18,-18,58,58,58,58,40,40,40,40,-2,-2,-2,15,15,15,36,36,36,36,13,13,13,13,-1,-1,-1,-1,15,15,15,9,9,9,18,18,18,18,46,46,46,46,28,28,28,28,20,20,20,53,53,26,26,26,18,18,18,18,43,43,43,24,24,24,34,34,23,23,23,26,26,26,1,1,1,29,29,29,-15,-15,-15,31,31,31,19,19,19,20,20,20,28,28,28,24,24,24,14,14,14,26,26,26,-8,-8,-8,-7,-7,-7,-7,52,52,52,16,16,16,16,16,16,7,7,7,7,2,2,2,2,24,24,24,25,25,25,25,12,12,12,12,22,22,22,22,32,32,32,32,11,11,11,51,51,51,33,33,33,33,10,10,10,15,15,15,15,26,26,26,23,23,23,14,14,14,28,28,28,-9,-9,-9,-5,-5,-5,34,34,34,23,23,22,22,22,10,10,10,8,8,8,26,26,26,67,67,22,22,22,44,44,44,23,23,-25,-25,24,24,4,4,-10,-10,4,4,22,22,24,24,15,15,23,23,38,38,38,-10,-10,-10,11,11,12,12,12,43,43,21,21,-6,-6,5,5,20,20,20,34,34,17,17,17,33,33,33,9,9,9,16,16,16,16,5,5,5,22,22,5,5,8,8,15,15,15,36,36,36,13,13,13,17,17,17,25,25,25,4,4,-4,-4,8,65,65,24,24,24,27,27,24,24,9,9,30,30,18,18,31,31,-10,15,0,0,64,64,8,8,8,-5,-5,-3,-3,-3,47,47,47,-7,-7,9,9,23,23,-15,-15,-15,34,34,34,41,41,41,38,38,19,19,28,28,-4,-4,-1,-1,-1,10,10,3,3,8,8,5,5,5,-4,-4,-4,21,21,21,24,24,24,1,1,1,17,17,17,37,37,46,46,46,22,22,22,-6,-6,35,35,35,5,5,19,19,19,27,27,27,27,-2,-2,-2,-2,25,25,25,25,25,25,25,20,20,20,24,24,24,36,36,36,11,11,11,30,30,30,14,14,14,8,8,8,12,12,12,15,15,15,25,25,9,9,33,33,14,14,44,44,44,9,9,9,5,5,-3,-3,45,45,23,23,23,18,18,18,15,15,9,9,8,8,8,8,4,4,31,31,31,25,25,25,37,37,37,45,45,46,46,5,5,32,32,32,23,23,23,27,27,27,27,27,27,-9,-9,18,18,19,19,33,33,33,26,26,26,25,25,25,20,20,17,17,19,31,31,16,16,19,19,20,20,5,5,26,26,30,30,5,5,-15,-33,-33,15,15,26,26,26,39,39,39,53,53,53,54,54,54,18,18,29,29,16,16,16,25,25,20,20,23,23,28,28,20,20,8,8,25,25,25,19,19,19,23,23,23,19,19,25
249,45.46000000000000796,31,34,19,19,32,32,32,4,4,23,23,25,25,47,47,9,9,29,29,29,35,35,35,35,55,55,55,55,28,28,28,28,12,12,12,31,31,31,44,44,44,44,69,69,69,69,33,33,33,33,6,6,6,22,22,22,87,87,87,87,25,25,25,25,16,16,16,16,68,68,68,50,50,47,47,47,40,40,40,40,89,89,89,48,48,48,46,46,34,34,34,8,8,8,72,72,72,45,45,45,31,31,31,41,41,41,31,31,31,51,51,51,19,19,19,39,39,39,15,15,15,27,27,27,40,40,40,17,17,17,17,51,51,51,56,56,56,15,15,15,25,25,25,25,25,25,25,25,38,38,38,46,46,46,46,28,28,28,28,40,40,40,40,22,22,22,22,35,35,35,72,72,72,44,44,44,44,11,11,11,41,41,41,41,40,40,40,34,34,34,12,12,12,62,62,62,34,34,34,33,33,33,62,62,62,32,32,10,10,10,17,17,17,33,33,33,27,27,27,-4,-4,45,45,45,40,40,40,17,17,34,34,39,39,-8,-8,31,31,40,40,54,54,15,15,33,33,14,14,42,42,42,9,9,9,44,44,25,25,25,32,32,20,20,23,23,25,25,43,43,43,53,53,35,35,35,18,18,18,22,22,22,41,41,41,41,22,22,22,44,44,21,21,10,10,24,24,24,26,26,26,16,16,16,48,48,48,7,7,7,48,48,41,41,12,79,79,26,26,26,55,55,30,30,29,29,53,53,73,73,25,25,32,48,25,25,39,39,11,11,11,30,30,18,18,18,23,23,23,41,41,24,24,34,34,104,104,104,12,12,12,54,54,54,36,36,43,43,44,44,19,19,36,36,36,30,30,30,30,60,60,34,34,34,28,28,28,37,37,37,41,41,41,51,51,51,37,37,37,62,62,38,38,38,41,41,41,26,26,24,24,24,20,20,41,41,41,44,44,44,44,35,35,35,35,31,31,31,31,27,27,27,32,32,32,1,1,1,39,39,39,50,50,50,14,14,14,27,27,27,26,26,26,29,29,29,38,38,38,46,46,12,12,50,50,38,38,28,28,28,44,44,44,54,54,51,51,65,65,34,34,34,40,40,40,40,40,21,21,23,23,21,21,22,22,63,63,63,36,36,36,44,44,44,54,54,50,50,6,6,55,55,55,44,44,44,45,45,45,49,49,49,42,42,24,24,33,33,27,27,27,27,27,27,25,25,25,34,34,38,38,52,31,31,42,42,21,21,35,35,27,27,34,34,20,20,4,4,16,11,11,16,16,33,33,33,25,25,25,44,44,44,39,39,39,17,17,29,29,28,28,28,32,32,41,41,30,30,37,37,32,32,28,28,36,36,36,21,21,21,32,32,32,38,38,48
250,45.66000000000000369,38,33,81,81,59,59,59,51,51,-11,-11,51,51,48,48,28,28,45,45,45,25,25,25,25,54,54,54,54,37,37,37,37,12,12,12,-13,-13,-13,12,12,12,12,52,52,52,52,55,55,55,55,33,33,33,19,19,19,2,2,2,2,67,67,67,67,4,4,4,4,42,42,42,53,53,24,24,24,33,33,33,33,49,49,49,57,57,57,26,26,46,46,46,72,72,72,82,82,82,24,24,24,16,16,16,33,33,33,40,40,40,51,51,51,47,47,47,38,38,38,65,65,65,24,24,24,37,37,37,38,38,38,38,51,51,51,59,59,59,36,36,36,53,53,53,53,23,23,23,23,45,45,45,49,49,49,49,45,45,45,45,32,32,32,32,42,42,42,42,49,49,49,48,48,48,23,23,23,23,47,47,47,49,49,49,49,44,44,44,36,36,36,63,63,63,21,21,21,9,9,9,59,59,59,38,38,38,57,57,41,41,41,21,21,21,16,16,16,15,15,15,53,53,33,33,33,66,66,66,60,60,15,15,22,22,57,57,19,19,57,57,74,74,62,62,61,61,52,52,41,41,41,39,39,39,41,41,30,30,30,29,29,71,71,27,27,30,30,49,49,49,56,56,48,48,48,55,55,55,48,48,48,31,31,31,31,23,23,23,50,50,43,43,28,28,14,14,14,53,53,53,38,38,38,31,31,31,47,47,47,63,63,60,60,29,79,79,40,40,40,56,56,53,53,37,37,40,40,60,60,47,47,5,52,50,50,38,38,73,73,73,58,58,21,21,21,63,63,63,35,35,25,25,46,46,49,49,49,31,31,31,30,30,30,39,39,33,33,66,66,40,40,45,45,45,29,29,37,37,51,51,42,42,42,45,45,45,21,21,21,37,37,37,51,51,51,45,45,45,92,92,44,44,44,58,58,58,43,43,41,41,41,47,47,31,31,31,43,43,43,43,52,52,52,52,33,33,33,33,7,7,7,42,42,42,25,25,25,39,39,39,45,45,45,33,33,33,31,31,31,34,34,34,44,44,44,28,28,28,37,37,33,33,55,55,18,18,16,16,16,42,42,42,60,60,51,51,42,42,64,64,64,27,27,27,36,36,39,39,50,50,48,48,50,50,54,54,54,56,56,56,57,57,57,56,56,48,48,45,45,36,36,36,44,44,44,34,34,34,52,52,52,46,46,31,31,29,29,57,57,57,30,30,30,40,40,40,28,28,33,33,30,46,46,42,42,47,47,30,30,34,34,35,35,19,19,21,21,-2,10,10,36,36,42,42,42,49,49,49,33,33,33,57,57,57,35,35,49,49,31,31,31,47,47,49,49,38,38,30,30,25,25,35,35,44,44,44,38,38,38,31,31,31,32,32,27
