"","TRACE",1,2,3,4,5,6,7,8,9,10,11,12,13,14,15,16,17,18,19,20,21,22,23,24,25,26,27,28,29,30,31,32,33,34,35,36,37,38,39,40,41,42,43,44,45,46,47,48,49,50,51,52,53,54,55,56,57,58,59,60,61,62,63,64,65,66,67,68,69,70,71,72,73,74,75,76,77,78,79,80,81,82,83,84,85,86,87,88,89,90,91,92,93,94,95,96,97,98,99,100,101,102,103,104,105,106,107,108,109,110,111,112,113,114,115,116,117,118,119,120,121,122,123,124,125,126,127,128,129,130,131,132,133,134,135,136,137,138,139,140,141,142,143,144,145,146,147,148,149,150,151,152,153,154,155,156,157,158,159,160,161,162,163,164,165,166,167,168,169,170,171,172,173,174,175,176,177,178,179,180,181,182,183,184,185,186,187,188,189,190,191,192,193,194,195,196,197,198,199,200,201,202,203,204,205,206,207,208,209,210,211,212,213,214,215,216,217,218,219,220,221,222,223,224,225,226,227,228,229,230,231,232,233,234,235,236,237,238,239,240,241,242,243,244,245,246,247,248,249,250,251,252,253,254,255,256,257,258,259,260,261,262,263,264,265,266,267,268,269,270,271,272,273,274,275,276,277,278,279,280,281,282,283,284,285,286,287,288,289,290,291,292,293,294,295,296,297,298,299,300,301,302,303,304,305,306,307,308,309,310,311,312,313,314,315,316,317,318,319,320,321,322,323,324,325,326,327,328,329,330,331,332,333,334,335,336,337,338,339,340,341,342,343,344,345,346,347,348,349,350,351,352,353,354,355,356,357,358,359,360,361,362,363,364,365,366,367,368,369,370,371,372,373,374,375,376,377,378,379,380,381,382,383,384,385,386,387,388,389,390,391,392,393,394,395,396,397,398,399,400,401,402,403,404,405,406,407,408,409,410,411,412,413,414,415,416,417,418,419,420,421,422,423,424,425,426,427,428,429,430,431,432,433,434,435,436,437,438,439,440,441,442,443,444,445,446,447,448,449,450,451,452,453,454,455,456,457,458,459,460,461,462,463,464,465,466,467,468,469,470,471,472,473,474,475,476,477,478,479,480,481,482,483,484,485,486,487,488,489,490,491,492,493,494,495,496,497,498,499,500,501,502,503,504,505,506,507,508,509,510,511,512,513,514,515,516,517,518,519,520,521,522,523,524,525,526,527,528,529,530,531,532,533,534,535,536,537,538,539,540,541,542,543,544,545,546,547,548,549,550,551,552,553,554,555,556,557,558,559,560,561,562,563,564
"","Position (m)",0,0.02000000000000000042,0.04000000000000000083,0.05999999999999999778,0.08000000000000000167,0.1000000000000000056,0.1200000000000000094,0.1400000000000000133,0.1600000000000000033,0.1799999999999999933,0.1999999999999999833,0.2199999999999999734,0.2399999999999999634,0.2599999999999999534,0.2799999999999999711,0.2999999999999999889,0.3200000000000000067,0.3400000000000000244,0.3600000000000000422,0.38000000000000006,0.4000000000000000777,0.4200000000000000955,0.4400000000000001132,0.460000000000000131,0.4800000000000001488,0.500000000000000111,0.5200000000000001288,0.5400000000000001465,0.5600000000000001643,0.5800000000000001821,0.6000000000000001998,0.6200000000000002176,0.6400000000000002354,0.6600000000000002531,0.6800000000000002709,0.7000000000000002887,0.7200000000000003064,0.7400000000000003242,0.7600000000000003419,0.7800000000000003597,0.8000000000000003775,0.8200000000000003952,0.840000000000000413,0.8600000000000004308,0.8800000000000004485,0.9000000000000004663,0.9200000000000004841,0.9400000000000005018,0.9600000000000005196,0.9800000000000005373,1.000000000000000444,1.020000000000000462,1.04000000000000048,1.060000000000000497,1.080000000000000515,1.100000000000000533,1.120000000000000551,1.140000000000000568,1.160000000000000586,1.180000000000000604,1.200000000000000622,1.220000000000000639,1.240000000000000657,1.260000000000000675,1.280000000000000693,1.300000000000000711,1.320000000000000728,1.340000000000000746,1.360000000000000764,1.380000000000000782,1.400000000000000799,1.420000000000000817,1.440000000000000835,1.460000000000000853,1.48000000000000087,1.500000000000000888,1.520000000000000906,1.540000000000000924,1.560000000000000941,1.580000000000000959,1.600000000000000977,1.620000000000000995,1.640000000000001013,1.66000000000000103,1.680000000000001048,1.700000000000001066,1.720000000000001084,1.740000000000001101,1.760000000000001119,1.780000000000001137,1.800000000000001155,1.820000000000001172,1.84000000000000119,1.860000000000001208,1.880000000000001226,1.900000000000001243,1.920000000000001261,1.940000000000001279,1.960000000000001297,1.980000000000001315,2.000000000000001332,2.02000000000000135,2.040000000000001368,2.060000000000001386,2.080000000000001403,2.100000000000001421,2.120000000000001439,2.140000000000001457,2.160000000000001474,2.180000000000001492,2.20000000000000151,2.220000000000001528,2.240000000000001545,2.260000000000001563,2.280000000000001581,2.300000000000001599,2.320000000000001616,2.340000000000001634,2.360000000000001652,2.38000000000000167,2.400000000000001688,2.420000000000001705,2.440000000000001723,2.460000000000001741,2.480000000000001759,2.500000000000001776,2.520000000000001794,2.540000000000001812,2.56000000000000183,2.580000000000001847,2.600000000000001865,2.620000000000001883,2.640000000000001901,2.660000000000001918,2.680000000000001936,2.700000000000001954,2.720000000000001972,2.74000000000000199,2.760000000000002007,2.780000000000002025,2.800000000000002043,2.820000000000002061,2.840000000000002078,2.860000000000002096,2.880000000000002114,2.900000000000002132,2.920000000000002149,2.940000000000002167,2.960000000000002185,2.980000000000002203,3.00000000000000222,3.020000000000002238,3.040000000000002256,3.060000000000002274,3.080000000000002292,3.100000000000002309,3.120000000000002327,3.140000000000002345,3.160000000000002363,3.18000000000000238,3.200000000000002398,3.220000000000002416,3.240000000000002434,3.260000000000002451,3.280000000000002469,3.300000000000002487,3.320000000000002505,3.340000000000002522,3.36000000000000254,3.380000000000002558,3.400000000000002576,3.420000000000002593,3.440000000000002611,3.460000000000002629,3.480000000000002647,3.500000000000002665,3.520000000000002682,3.5400000000000027,3.560000000000002718,3.580000000000002736,3.600000000000002753,3.620000000000002771,3.640000000000002789,3.660000000000002807,3.680000000000002824,3.700000000000002842,3.72000000000000286,3.740000000000002878,3.760000000000002895,3.780000000000002913,3.800000000000002931,3.820000000000002949,3.840000000000002967,3.860000000000002984,3.880000000000003002,3.90000000000000302,3.920000000000003038,3.940000000000003055,3.960000000000003073,3.980000000000003091,4.000000000000002665,4.020000000000002238,4.040000000000001812,4.060000000000001386,4.080000000000000959,4.100000000000000533,4.120000000000000107,4.13999999999999968,4.159999999999999254,4.179999999999998828,4.199999999999998401,4.219999999999997975,4.239999999999997549,4.259999999999997122,4.279999999999996696,4.29999999999999627,4.319999999999995843,4.339999999999995417,4.359999999999994991,4.379999999999994564,4.399999999999994138,4.419999999999993712,4.439999999999993285,4.459999999999992859,4.479999999999992433,4.499999999999992006,4.51999999999999158,4.539999999999991154,4.559999999999990727,4.579999999999990301,4.599999999999989875,4.619999999999989448,4.639999999999989022,4.659999999999988596,4.679999999999988169,4.699999999999987743,4.719999999999987317,4.73999999999998689,4.759999999999986464,4.779999999999986038,4.799999999999985612,4.819999999999985185,4.839999999999984759,4.859999999999984333,4.879999999999983906,4.89999999999998348,4.919999999999983054,4.939999999999982627,4.959999999999982201,4.979999999999981775,4.999999999999981348,5.019999999999980922,5.039999999999980496,5.059999999999980069,5.079999999999979643,5.099999999999979217,5.11999999999997879,5.139999999999978364,5.159999999999977938,5.179999999999977511,5.199999999999977085,5.219999999999976659,5.239999999999976232,5.259999999999975806,5.27999999999997538,5.299999999999974953,5.319999999999974527,5.339999999999974101,5.359999999999973674,5.379999999999973248,5.399999999999972822,5.419999999999972395,5.439999999999971969,5.459999999999971543,5.479999999999971116,5.49999999999997069,5.519999999999970264,5.539999999999969837,5.559999999999969411,5.579999999999968985,5.599999999999968558,5.619999999999968132,5.639999999999967706,5.65999999999996728,5.679999999999966853,5.699999999999966427,5.719999999999966001,5.739999999999965574,5.759999999999965148,5.779999999999964722,5.799999999999964295,5.819999999999963869,5.839999999999963443,5.859999999999963016,5.87999999999996259,5.899999999999962164,5.919999999999961737,5.939999999999961311,5.959999999999960885,5.979999999999960458,5.999999999999960032,6.019999999999959606,6.039999999999959179,6.059999999999958753,6.079999999999958327,6.0999999999999579,6.119999999999957474,6.139999999999957048,6.159999999999956621,6.179999999999956195,6.199999999999955769,6.219999999999955342,6.239999999999954916,6.25999999999995449,6.279999999999954063,6.299999999999953637,6.319999999999953211,6.339999999999952784,6.359999999999952358,6.379999999999951932,6.399999999999951505,6.419999999999951079,6.439999999999950653,6.459999999999950226,6.4799999999999498,6.499999999999949374,6.519999999999948948,6.539999999999948521,6.559999999999948095,6.579999999999947669,6.599999999999947242,6.619999999999946816,6.63999999999994639,6.659999999999945963,6.679999999999945537,6.699999999999945111,6.719999999999944684,6.739999999999944258,6.759999999999943832,6.779999999999943405,6.799999999999942979,6.819999999999942553,6.839999999999942126,6.8599999999999417,6.879999999999941274,6.899999999999940847,6.919999999999940421,6.939999999999939995,6.959999999999939568,6.979999999999939142,6.999999999999938716,7.019999999999938289,7.039999999999937863,7.059999999999937437,7.07999999999993701,7.099999999999936584,7.119999999999936158,7.139999999999935731,7.159999999999935305,7.179999999999934879,7.199999999999934452,7.219999999999934026,7.2399999999999336,7.259999999999933173,7.279999999999932747,7.299999999999932321,7.319999999999931894,7.339999999999931468,7.359999999999931042,7.379999999999930616,7.399999999999930189,7.419999999999929763,7.439999999999929337,7.45999999999992891,7.479999999999928484,7.499999999999928058,7.519999999999927631,7.539999999999927205,7.559999999999926779,7.579999999999926352,7.599999999999925926,7.6199999999999255,7.639999999999925073,7.659999999999924647,7.679999999999924221,7.699999999999923794,7.719999999999923368,7.739999999999922942,7.759999999999922515,7.779999999999922089,7.799999999999921663,7.819999999999921236,7.83999999999992081,7.859999999999920384,7.879999999999919957,7.899999999999919531,7.919999999999919105,7.939999999999918678,7.959999999999918252,7.979999999999917826,7.999999999999917399,8.019999999999917861,8.039999999999917435,8.059999999999917009,8.079999999999916582,8.099999999999916156,8.11999999999991573,8.139999999999915303,8.159999999999914877,8.179999999999914451,8.199999999999914024,8.219999999999913598,8.239999999999913172,8.259999999999912745,8.279999999999912319,8.299999999999911893,8.319999999999911466,8.33999999999991104,8.359999999999910614,8.379999999999910187,8.399999999999909761,8.419999999999909335,8.439999999999908908,8.459999999999908482,8.479999999999908056,8.499999999999907629,8.519999999999907203,8.539999999999906777,8.55999999999990635,8.579999999999905924,8.599999999999905498,8.619999999999905071,8.639999999999904645,8.659999999999904219,8.679999999999903793,8.699999999999903366,8.71999999999990294,8.739999999999902514,8.759999999999902087,8.779999999999901661,8.799999999999901235,8.819999999999900808,8.839999999999900382,8.859999999999899956,8.879999999999899529,8.899999999999899103,8.919999999999898677,8.93999999999989825,8.959999999999897824,8.979999999999897398,8.999999999999896971,9.019999999999896545,9.039999999999896119,9.059999999999895692,9.079999999999895266,9.09999999999989484,9.119999999999894413,9.139999999999893987,9.159999999999893561,9.179999999999893134,9.199999999999892708,9.219999999999892282,9.239999999999891855,9.259999999999891429,9.279999999999891003,9.299999999999890576,9.31999999999989015,9.339999999999889724,9.359999999999889297,9.379999999999888871,9.399999999999888445,9.419999999999888018,9.439999999999887592,9.459999999999887166,9.479999999999886739,9.499999999999886313,9.519999999999885887,9.539999999999885461,9.559999999999885034,9.579999999999884608,9.599999999999884182,9.619999999999883755,9.639999999999883329,9.659999999999882903,9.679999999999882476,9.69999999999988205,9.719999999999881624,9.739999999999881197,9.759999999999880771,9.779999999999880345,9.799999999999879918,9.819999999999879492,9.839999999999879066,9.859999999999878639,9.879999999999878213,9.899999999999877787,9.91999999999987736,9.939999999999876934,9.959999999999876508,9.979999999999876081,9.999999999999875655,10.01999999999987523,10.0399999999998748,10.05999999999987438,10.07999999999987395,10.09999999999987352,10.1199999999998731,10.13999999999987267,10.15999999999987224,10.17999999999987182,10.19999999999987139,10.21999999999987097,10.23999999999987054,10.25999999999987011,10.27999999999986969,10.29999999999986926,10.31999999999986883,10.33999999999986841,10.35999999999986798,10.37999999999986755,10.39999999999986713,10.4199999999998667,10.43999999999986628,10.45999999999986585,10.47999999999986542,10.499999999999865,10.51999999999986457,10.53999999999986414,10.55999999999986372,10.57999999999986329,10.59999999999986287,10.61999999999986244,10.63999999999986201,10.65999999999986159,10.67999999999986116,10.69999999999986073,10.71999999999986031,10.73999999999985988,10.75999999999985945,10.77999999999985903,10.7999999999998586,10.81999999999985818,10.83999999999985775,10.85999999999985732,10.8799999999998569,10.89999999999985647,10.91999999999985604,10.93999999999985562,10.95999999999985519,10.97999999999985477,10.99999999999985434,11.01999999999985391,11.03999999999985349,11.05999999999985306,11.07999999999985263,11.09999999999985221,11.11999999999985178,11.13999999999985135,11.15999999999985093,11.1799999999998505,11.19999999999985008,11.21999999999984965,11.23999999999984922,11.2599999999998488
"Point","Time (ns)"
1,-4.224000000000000199,-19,15,0,0,1,1,1,-7,-7,-7,33,33,33,33,28,28,28,28,0,0,0,15,15,48,48,48,25,25,25,25,7,7,7,-23,-23,15,15,24,24,22,22,22,12,12,12,12,46,46,46,54,54,-9,-9,35,35,25,25,9,9,9,-21,-21,-21,-21,23,23,-15,-15,9,9,23,23,51,51,51,5,5,12,12,20,20,36,36,17,17,17,-12,-12,-12,3,3,3,-2,-2,8,21,21,18,18,15,15,34,34,11,11,7,7,13,13,11,11,33,33,-18,-18,3,3,-13,-13,25,25,59,59,59,36,36,36,-7,-7,-7,48,48,18,18,13,13,13,15,15,15,19,19,19,4,4,4,10,10,10,32,32,-3,-3,-3,17,17,17,17,23,23,23,23,16,16,16,37,37,21,21,3,3,4,4,4,1,1,1,1,25,25,25,25,45,45,45,23,23,-9,-9,19,19,19,-5,-5,-5,-5,-22,-22,-22,23,23,23,10,10,-20,-20,-20,27,27,27,27,-2,-2,-2,-2,24,24,24,24,1,1,30,30,27,27,19,19,19,-2,-2,-2,43,43,43,22,22,22,17,17,11,11,11,10,10,10,10,28,28,28,28,23,23,23,23,18,18,18,12,12,27,27,27,35,35,35,34,34,34,34,7,7,7,7,35,35,26,26,2,2,2,9,9,9,9,18,18,18,8,8,8,1,1,26,26,26,26,26,13,13,13,24,24,24,24,33,33,33,33,37,37,23,23,7,7,7,-3,-3,-3,-3,19,19,19,19,19,26,26,26,26,8,8,3,3,14,14,14,11,11,11,11,21,21,21,21,-17,-17,-17,7,7,7,28,28,25,25,25,8,8,8,11,11,11,11,13,13,13,13,9,9,9,29,29,11,11,19,19,39,39,39,7,7,7,7,8,8,-7,-7,9,9,11,11,11,23,23,23,23,11,11,11,11,18,18,18,19,19,32,32,11,11,-23,-23,-23,14,14,14,42,42,42,25,25,27,27,27,27,27,-13,-13,-13,10,10,10,10,14,14,14,14,18,18,18,20,20,15,15,15,3,3,3,3,31,31,31,31,3,3,3,26,26,-4,-4,11,11,11,9,9,9,20,20,8,8,10,26,26,24,24,22,22,8,8,8,1,1,20,20,6,6,8,8,10,10,10,1,1,1,12,12,12,2,2,5,5,18,18,36,36,32,32,32,-14,-14,-14,21,21,21,13,13,11,11,25,25,16,16,16,-1,-1,-1,9,9,9,9,11,11,11,11,25,25,25,21,21,21,15,15,15,1,1,1,24,24,24,18,18,18,-2,-2,-2,-6,-6,-6,17,17,17,13,13,13,21,21,21
2,-4.024000000000000021,-5,42,21,21,-9,-9,-9,19,19,19,17,17,17,17,-1,-1,-1,-1,30,30,30,13,13,8,8,8,14,14,14,14,36,36,36,-19,-19,27,27,-3,-3,20,20,20,11,11,11,11,11,11,11,58,58,0,0,64,64,19,19,25,25,25,-4,-4,-4,-4,65,65,1,1,36,36,47,47,30,30,30,24,24,1,1,29,29,26,26,16,16,16,1,1,1,16,16,16,22,22,18,32,32,20,20,21,21,21,21,29,29,17,17,-21,-21,26,26,-8,-8,14,14,2,2,-11,-11,29,29,53,53,53,23,23,23,-2,-2,-2,8,8,26,26,22,22,22,21,21,21,2,2,2,31,31,31,25,25,25,31,31,-7,-7,-7,36,36,36,36,22,22,22,22,48,48,48,41,41,15,15,2,2,29,29,29,14,14,14,14,-5,-5,-5,-5,9,9,9,10,10,12,12,24,24,24,10,10,10,10,17,17,17,21,21,21,10,10,7,7,7,33,33,33,33,-17,-17,-17,-17,54,54,54,54,-10,-10,-2,-2,8,8,13,13,13,29,29,29,0,0,0,28,28,28,11,11,21,21,21,10,10,10,10,34,34,34,34,15,15,15,15,8,8,8,0,0,6,6,6,24,24,24,13,13,13,13,-1,-1,-1,-1,16,16,25,25,7,7,7,44,44,44,44,27,27,27,9,9,9,11,11,41,41,3,3,3,14,14,14,10,10,10,10,16,16,16,16,31,31,17,17,29,29,29,25,25,25,25,1,1,1,1,1,21,21,21,21,-10,-10,9,9,16,16,16,-18,-18,-18,-18,-10,-10,-10,-10,2,2,2,13,13,13,18,18,15,15,15,32,32,32,28,28,28,28,22,22,22,22,15,15,15,18,18,20,20,31,31,19,19,19,23,23,23,23,25,25,36,36,22,22,9,9,9,35,35,35,35,10,10,10,10,13,13,13,15,15,20,20,28,28,46,46,46,12,12,12,9,9,9,38,38,10,10,34,34,34,4,4,4,26,26,26,26,-2,-2,-2,-2,-1,-1,-1,21,21,5,5,5,10,10,10,10,28,28,28,28,6,6,6,26,26,25,25,9,9,9,18,18,18,25,25,12,12,13,16,16,38,38,24,24,8,8,8,0,0,18,18,10,10,14,14,7,7,7,22,22,22,-16,-16,-16,11,11,10,10,33,33,-2,-2,3,3,3,8,8,8,10,10,10,11,11,8,8,15,15,22,22,22,2,2,2,-6,-6,-6,-6,9,9,9,9,19,19,19,9,9,9,25,25,25,15,15,15,17,17,17,17,17,17,6,6,6,21,21,21,21,21,21,11,11,11,-7,-7,-7
3,-3.824000000000000288,22,43,39,39,13,13,13,20,20,20,20,20,20,20,32,32,32,32,31,31,31,66,66,-3,-3,-3,15,15,15,15,40,40,40,0,0,53,53,31,31,31,31,31,8,8,8,8,21,21,21,51,51,24,24,11,11,34,34,5,5,5,34,34,34,34,38,38,27,27,19,19,-1,-1,39,39,39,-36,-36,9,9,-7,-7,37,37,17,17,17,24,24,24,14,14,14,32,32,20,25,25,39,39,17,17,18,18,-8,-8,18,18,19,19,28,28,2,2,25,25,41,41,30,30,17,17,-7,-7,-7,17,17,17,-6,-6,-6,59,59,-20,-20,-6,-6,-6,12,12,12,3,3,3,-8,-8,-8,5,5,5,-1,-1,6,6,6,28,28,28,28,21,21,21,21,10,10,10,36,36,-5,-5,0,0,50,50,50,36,36,36,36,-18,-18,-18,-18,19,19,19,5,5,48,48,39,39,39,28,28,28,28,13,13,13,21,21,21,15,15,17,17,17,28,28,28,28,30,30,30,30,17,17,17,17,7,7,39,39,21,21,8,8,8,22,22,22,7,7,7,25,25,25,15,15,14,14,14,33,33,33,33,-9,-9,-9,-9,10,10,10,10,45,45,45,26,26,18,18,18,25,25,25,18,18,18,18,-17,-17,-17,-17,28,28,10,10,38,38,38,40,40,40,40,20,20,20,3,3,3,28,28,31,31,-6,-6,-6,28,28,28,-2,-2,-2,-2,24,24,24,24,37,37,5,5,24,24,24,13,13,13,13,15,15,15,15,15,23,23,23,23,-12,-12,36,36,10,10,10,19,19,19,19,-2,-2,-2,-2,20,20,20,20,20,20,6,6,33,33,33,7,7,7,28,28,28,28,28,28,28,28,26,26,26,27,27,45,45,24,24,13,13,13,5,5,5,5,-3,-3,16,16,32,32,25,25,25,9,9,9,9,-1,-1,-1,-1,52,52,52,-1,-1,20,20,14,14,-17,-17,-17,28,28,28,42,42,42,27,27,25,25,29,29,29,33,33,33,20,20,20,20,57,57,57,57,-5,-5,-5,11,11,22,22,22,28,28,28,28,38,38,38,38,25,25,25,1,1,13,13,18,18,18,49,49,49,36,36,31,31,22,9,9,19,19,9,9,13,13,13,22,22,21,21,22,22,27,27,20,20,20,35,35,35,29,29,29,11,11,4,4,23,23,14,14,12,12,12,9,9,9,30,30,30,21,21,15,15,4,4,48,48,48,22,22,22,-12,-12,-12,-12,20,20,20,20,15,15,15,17,17,17,24,24,24,13,13,13,33,33,33,28,28,28,37,37,37,19,19,19,27,27,27,38,38,38,14,14,14
4,-3.624000000000000554,40,44,14,14,35,35,35,29,29,29,27,27,27,27,6,6,6,6,3,3,3,24,24,11,11,11,-58,-58,-58,-58,25,25,25,36,36,17,17,26,26,44,44,44,15,15,15,15,17,17,17,31,31,43,43,18,18,21,21,19,19,19,10,10,10,10,0,0,18,18,47,47,-17,-17,34,34,34,7,7,-49,-49,5,5,22,22,28,28,28,61,61,61,30,30,30,28,28,30,90,90,4,4,38,38,7,7,20,20,16,16,53,53,23,23,15,15,20,20,-5,-5,10,10,8,8,46,46,46,34,34,34,20,20,20,33,33,48,48,51,51,51,42,42,42,20,20,20,25,25,25,51,51,51,7,7,15,15,15,72,72,72,72,44,44,44,44,8,8,8,27,27,26,26,25,25,33,33,33,31,31,31,31,63,63,63,63,49,49,49,15,15,42,42,16,16,16,38,38,38,38,-7,-7,-7,30,30,30,33,33,15,15,15,50,50,50,50,48,48,48,48,14,14,14,14,46,46,58,58,27,27,32,32,32,26,26,26,21,21,21,39,39,39,27,27,21,21,21,35,35,35,35,29,29,29,29,18,18,18,18,51,51,51,9,9,48,48,48,16,16,16,16,16,16,16,34,34,34,34,16,16,23,23,41,41,41,48,48,48,48,4,4,4,45,45,45,38,38,8,8,25,25,25,28,28,28,28,28,28,28,34,34,34,34,4,4,34,34,21,21,21,53,53,53,53,27,27,27,27,27,18,18,18,18,12,12,20,20,38,38,38,15,15,15,15,39,39,39,39,12,12,12,14,14,14,40,40,34,34,34,21,21,21,2,2,2,2,13,13,13,13,26,26,26,15,15,20,20,20,20,29,29,29,41,41,41,41,40,40,15,15,14,14,29,29,29,29,29,29,29,36,36,36,36,56,56,56,49,49,49,49,27,27,22,22,22,40,40,40,15,15,15,18,18,15,15,41,41,41,37,37,37,42,42,42,42,25,25,25,25,10,10,10,9,9,29,29,29,18,18,18,18,18,18,18,18,29,29,29,15,15,19,19,19,19,19,24,24,24,24,24,26,26,24,10,10,43,43,41,41,24,24,24,10,10,14,14,18,18,33,33,31,31,31,6,6,6,14,14,14,27,27,33,33,13,13,25,25,15,15,15,9,9,9,8,8,8,29,29,-1,-1,-2,-2,38,38,38,19,19,19,13,13,13,13,-7,-7,-7,-7,23,23,23,7,7,7,27,27,27,31,31,31,28,28,28,22,22,22,35,35,35,21,21,21,19,19,19,30,30,30,15,15,15
5,-3.424000000000000377,66,40,23,23,15,15,15,62,62,62,48,48,48,48,83,83,83,83,34,34,34,48,48,25,25,25,1,1,1,1,93,93,93,34,34,17,17,14,14,36,36,36,77,77,77,77,35,35,35,34,34,56,56,-13,-13,23,23,-33,-33,-33,18,18,18,18,39,39,38,38,23,23,86,86,19,19,19,-2,-2,21,21,32,32,16,16,61,61,61,61,61,61,65,65,65,43,43,33,13,13,46,46,8,8,69,69,27,27,33,33,50,50,-3,-3,32,32,54,54,60,60,34,34,62,62,27,27,27,21,21,21,52,52,52,23,23,32,32,34,34,34,32,32,32,66,66,66,49,49,49,42,42,42,43,43,47,47,47,41,41,41,41,62,62,62,62,30,30,30,55,55,61,61,14,14,57,57,57,50,50,50,50,67,67,67,67,16,16,16,48,48,51,51,32,32,32,50,50,50,50,36,36,36,68,68,68,31,31,40,40,40,36,36,36,36,32,32,32,32,45,45,45,45,55,55,35,35,43,43,43,43,43,30,30,30,40,40,40,48,48,48,35,35,36,36,36,37,37,37,37,57,57,57,57,49,49,49,49,36,36,36,47,47,35,35,35,28,28,28,31,31,31,31,28,28,28,28,62,62,63,63,47,47,47,35,35,35,35,39,39,39,40,40,40,38,38,34,34,34,34,34,30,30,30,54,54,54,54,27,27,27,27,6,6,44,44,44,44,44,43,43,43,43,12,12,12,12,12,66,66,66,66,42,42,31,31,46,46,46,49,49,49,49,53,53,53,53,17,17,17,30,30,30,48,48,41,41,41,33,33,33,32,32,32,32,47,47,47,47,55,55,55,50,50,39,39,40,40,56,56,56,41,41,41,41,39,39,44,44,41,41,41,41,41,42,42,42,42,40,40,40,40,1,1,1,56,56,37,37,28,28,36,36,36,56,56,56,57,57,57,41,41,40,40,40,40,40,31,31,31,40,40,40,40,42,42,42,42,27,27,27,31,31,46,46,46,25,25,25,25,28,28,28,28,44,44,44,31,31,35,35,21,21,21,44,44,44,56,56,31,31,45,20,20,49,49,37,37,42,42,42,35,35,12,12,36,36,43,43,39,39,39,64,64,64,36,36,36,25,25,38,38,43,43,37,37,33,33,33,18,18,18,42,42,42,38,38,31,31,34,34,35,35,35,4,4,4,33,33,33,33,49,49,49,49,40,40,40,32,32,32,35,35,35,55,55,55,43,43,43,46,46,46,35,35,35,49,49,49,38,38,38,16,16,16,25,25,25
6,-3.224000000000000199,25,63,45,45,48,48,48,80,80,80,40,40,40,40,49,49,49,49,54,54,54,75,75,55,55,55,91,91,91,91,57,57,57,40,40,75,75,60,60,52,52,52,81,81,81,81,54,54,54,53,53,75,75,53,53,68,68,37,37,37,58,58,58,58,40,40,55,55,74,74,53,53,30,30,30,73,73,93,93,40,40,28,28,82,82,82,66,66,66,42,42,42,92,92,58,60,60,42,42,36,36,47,47,107,107,64,64,56,56,63,63,89,89,53,53,54,54,53,53,60,60,77,77,77,54,54,54,54,54,54,78,78,52,52,48,48,48,48,48,48,50,50,50,62,62,62,39,39,39,51,51,46,46,46,44,44,44,44,43,43,43,43,75,75,75,63,63,68,68,57,57,53,53,53,73,73,73,73,40,40,40,40,55,55,55,83,83,66,66,55,55,55,81,81,81,81,52,52,52,42,42,42,75,75,51,51,51,79,79,79,79,57,57,57,57,49,49,49,49,98,98,47,47,71,71,66,66,66,71,71,71,43,43,43,49,49,49,80,80,63,63,63,36,36,36,36,35,35,35,35,90,90,90,90,68,68,68,50,50,67,67,67,41,41,41,60,60,60,60,51,51,51,51,51,51,46,46,75,75,75,52,52,52,52,49,49,49,52,52,52,51,51,42,42,43,43,43,40,40,40,74,74,74,74,79,79,79,79,37,37,60,60,90,90,90,50,50,50,50,72,72,72,72,72,51,51,51,51,52,52,73,73,71,71,71,63,63,63,63,65,65,65,65,54,54,54,79,79,79,44,44,57,57,57,66,66,66,99,99,99,99,77,77,77,77,44,44,44,66,66,55,55,37,37,82,82,82,79,79,79,79,45,45,61,61,44,44,44,44,44,50,50,50,50,49,49,49,49,34,34,34,66,66,72,72,72,72,84,84,84,77,77,77,34,34,34,82,82,62,62,75,75,75,85,85,85,81,81,81,81,44,44,44,44,82,82,82,48,48,51,51,51,75,75,75,75,54,54,54,54,68,68,68,71,71,57,57,74,74,74,63,63,63,51,51,42,42,63,49,49,72,72,69,69,49,49,49,54,54,72,72,55,55,50,50,48,48,48,39,39,39,46,46,46,58,58,53,53,58,58,49,49,37,37,37,40,40,40,56,56,56,38,38,51,51,40,40,41,41,41,50,50,50,46,46,46,46,50,50,50,50,46,46,46,38,38,38,52,52,52,62,62,62,70,70,70,41,41,41,70,70,70,56,56,56,55,55,55,45,45,45,47,47,47
7,-3.024000000000000465,55,85,55,55,88,88,88,126,126,126,72,72,72,72,110,110,110,110,166,166,166,99,99,72,72,72,88,88,88,88,99,99,99,84,84,60,60,70,70,65,65,65,48,48,48,48,80,80,80,124,124,90,90,108,108,68,68,88,88,88,78,78,78,78,107,107,99,99,56,56,56,56,78,78,78,46,46,79,79,92,92,79,79,98,98,98,99,99,99,111,111,111,85,85,93,50,50,66,66,60,60,79,79,99,99,101,101,53,53,7,7,60,60,91,91,75,75,49,49,81,81,68,68,68,57,57,57,74,74,74,84,84,65,65,61,61,61,55,55,55,33,33,33,48,48,48,41,41,41,66,66,67,67,67,100,100,100,100,111,111,111,111,132,132,132,82,82,56,56,68,68,81,81,81,79,79,79,79,85,85,85,85,112,112,112,128,128,77,77,52,52,52,88,88,88,88,81,81,81,70,70,70,71,71,85,85,85,91,91,91,91,80,80,80,80,94,94,94,94,116,116,103,103,64,64,66,66,66,81,81,81,69,69,69,73,73,73,101,101,69,69,69,59,59,59,59,72,72,72,72,78,78,78,78,85,85,85,99,99,85,85,85,67,67,67,59,59,59,59,104,104,104,104,95,95,96,96,90,90,90,78,78,78,78,97,97,97,78,78,78,39,39,34,34,37,37,37,42,42,42,82,82,82,82,56,56,56,56,69,69,93,93,114,114,114,84,84,84,84,76,76,76,76,76,76,76,76,76,102,102,107,107,104,104,104,81,81,81,81,87,87,87,87,84,84,84,70,70,70,74,74,81,81,81,127,127,127,111,111,111,111,84,84,84,84,76,76,76,89,89,82,82,91,91,108,108,108,74,74,74,74,84,84,70,70,28,28,58,58,58,62,62,62,62,94,94,94,94,81,81,81,86,86,65,65,66,66,102,102,102,79,79,79,73,73,73,95,95,54,54,59,59,59,67,67,67,93,93,93,93,93,93,93,93,83,83,83,93,93,79,79,79,71,71,71,71,81,81,81,81,66,66,66,70,70,74,74,87,87,87,87,87,87,62,62,52,52,82,93,93,107,107,80,80,84,84,84,75,75,116,116,92,92,86,86,68,68,68,79,79,79,76,76,76,76,76,55,55,65,65,60,60,63,63,63,81,81,81,70,70,70,62,62,66,66,71,71,71,71,71,77,77,77,79,79,79,79,75,75,75,75,83,83,83,66,66,66,76,76,76,102,102,102,82,82,82,102,102,102,115,115,115,78,78,78,78,78,78,66,66,66,78,78,78
8,-2.824000000000000288,122,115,88,88,88,88,88,90,90,90,115,115,115,115,123,123,123,123,109,109,109,90,90,98,98,98,113,113,113,113,118,118,118,80,80,90,90,96,96,119,119,119,119,119,119,119,110,110,110,114,114,124,124,111,111,94,94,153,153,153,137,137,137,137,97,97,94,94,67,67,101,101,66,66,66,103,103,113,113,146,146,103,103,93,93,93,137,137,137,104,104,104,107,107,89,92,92,105,105,100,100,58,58,84,84,105,105,93,93,79,79,77,77,105,105,114,114,83,83,63,63,130,130,130,83,83,83,96,96,96,85,85,104,104,53,53,53,39,39,39,71,71,71,97,97,97,63,63,63,75,75,75,75,75,113,113,113,113,119,119,119,119,132,132,132,86,86,74,74,79,79,119,119,119,78,78,78,78,73,73,73,73,143,143,143,118,118,123,123,94,94,94,101,101,101,101,119,119,119,98,98,98,136,136,87,87,87,117,117,117,117,99,99,99,99,151,151,151,151,150,150,113,113,133,133,104,104,104,103,103,103,103,103,103,115,115,115,108,108,127,127,127,96,96,96,96,94,94,94,94,86,86,86,86,99,99,99,105,105,85,85,85,64,64,64,125,125,125,125,110,110,110,110,111,111,103,103,123,123,123,79,79,79,79,74,74,74,84,84,84,62,62,29,29,49,49,49,69,69,69,140,140,140,140,105,105,105,105,118,118,127,127,134,134,134,99,99,99,99,100,100,100,100,100,92,92,92,92,91,91,124,124,76,76,76,89,89,89,89,118,118,118,118,110,110,110,121,121,121,95,95,120,120,120,111,111,111,86,86,86,86,96,96,96,96,79,79,79,95,95,79,79,120,120,147,147,147,97,97,97,97,102,102,75,75,47,47,56,56,56,73,73,73,73,76,76,76,76,125,125,125,85,85,87,87,83,83,120,120,120,90,90,90,68,68,68,88,88,93,93,72,72,72,120,120,120,83,83,83,83,126,126,126,126,78,78,78,101,101,85,85,85,110,110,110,110,121,121,121,121,67,67,67,122,122,88,88,80,80,80,98,98,98,104,104,89,89,85,131,131,124,124,84,84,71,71,71,112,112,139,139,119,119,95,95,71,71,71,106,106,106,86,86,86,92,92,80,80,83,83,62,62,65,65,65,75,75,75,74,74,74,73,73,95,95,91,91,69,69,69,79,79,79,129,129,129,129,106,106,106,106,101,101,101,80,80,80,104,104,104,131,131,131,132,132,132,131,131,131,159,159,159,106,106,106,104,104,104,96,96,96,98,98,98
9,-2.624000000000000554,138,104,125,125,124,124,124,103,103,103,180,180,180,180,179,179,179,179,174,174,174,156,156,151,151,151,164,164,164,164,122,122,122,124,124,120,120,114,114,156,156,156,157,157,157,157,116,116,116,212,212,113,113,101,101,155,155,103,103,103,153,153,153,153,144,144,90,90,114,114,126,126,99,99,99,131,131,114,114,156,156,94,94,92,92,92,152,152,152,170,170,170,90,90,80,108,108,111,111,106,106,123,123,95,95,142,142,74,74,84,84,108,108,112,112,108,108,111,111,81,81,96,96,96,92,92,92,88,88,88,82,82,82,82,124,124,124,48,48,48,69,69,69,65,65,65,71,71,71,80,80,89,89,89,150,150,150,150,148,148,148,148,131,131,131,110,110,109,109,93,93,101,101,101,71,71,71,71,96,96,96,96,153,153,153,171,171,159,159,88,88,88,97,97,97,97,122,122,122,118,118,118,138,138,112,112,112,114,114,114,114,179,179,179,179,161,161,161,161,181,181,184,184,133,133,90,90,90,119,119,119,116,116,116,128,128,128,139,139,116,116,116,64,64,64,64,102,102,102,102,91,91,91,91,105,105,105,120,120,97,97,97,57,57,57,121,121,121,121,100,100,100,100,122,122,88,88,142,142,142,113,113,113,113,96,96,96,110,110,110,53,53,25,25,63,63,63,80,80,80,122,122,122,122,138,138,138,138,128,128,137,137,144,144,144,118,118,118,118,108,108,108,108,108,124,124,124,124,123,123,123,123,90,90,90,107,107,107,107,145,145,145,145,121,121,121,104,104,104,106,106,147,147,147,165,165,165,115,115,115,115,103,103,103,103,104,104,104,142,142,100,100,105,105,156,156,156,134,134,134,134,86,86,87,87,37,37,66,66,66,96,96,96,96,70,70,70,70,117,117,117,101,101,142,142,155,155,132,132,132,110,110,110,98,98,98,95,95,57,57,110,110,110,96,96,96,97,97,97,97,118,118,118,118,146,146,146,122,122,89,89,89,121,121,121,121,150,150,150,150,97,97,97,125,125,138,138,88,88,88,130,130,130,108,108,123,123,101,128,128,146,146,105,105,105,105,105,102,102,148,148,142,142,122,122,93,93,93,112,112,112,110,110,110,120,120,87,87,80,80,63,63,73,73,73,80,80,80,110,110,110,77,77,89,89,91,91,54,54,54,94,94,94,118,118,118,118,113,113,113,113,120,120,120,102,102,102,101,101,101,149,149,149,161,161,161,138,138,138,184,184,184,147,147,147,93,93,93,101,101,101,141,141,141
10,-2.424000000000000377,124,78,65,65,94,94,94,119,119,119,112,112,112,112,142,142,142,142,161,161,161,116,116,86,86,86,193,193,193,193,96,96,96,154,154,70,70,121,121,101,101,101,127,127,127,127,119,119,119,185,185,234,234,112,112,96,96,96,96,96,128,128,128,128,127,127,75,75,134,134,108,108,47,47,47,162,162,142,142,119,119,97,97,84,84,84,140,140,140,152,152,152,112,112,119,100,100,89,89,94,94,109,109,97,97,113,113,102,102,83,83,64,64,134,134,87,87,65,65,111,111,128,128,128,79,79,79,123,123,123,114,114,74,74,69,69,69,31,31,31,63,63,63,75,75,75,48,48,48,66,66,74,74,74,82,82,82,82,130,130,130,130,130,130,130,113,113,105,105,105,105,77,77,77,74,74,74,74,99,99,99,99,157,157,157,208,208,123,123,47,47,47,111,111,111,111,134,134,134,118,118,118,129,129,120,120,120,114,114,114,114,124,124,124,124,169,169,169,169,177,177,174,174,127,127,70,70,70,99,99,99,116,116,116,112,112,112,120,120,92,92,92,108,108,108,108,90,90,90,90,65,65,65,65,90,90,90,107,107,71,71,71,40,40,40,99,99,99,99,84,84,84,84,106,106,98,98,125,125,125,94,94,94,94,83,83,83,97,97,97,33,33,18,18,28,28,28,30,30,30,112,112,112,112,161,161,161,161,150,150,117,117,130,130,130,103,103,103,103,119,119,119,119,119,132,132,132,132,117,117,111,111,87,87,87,91,91,91,91,160,160,160,160,132,132,132,125,125,125,74,74,127,127,127,168,168,168,93,93,93,93,104,104,104,104,93,93,93,120,120,85,85,99,99,146,146,146,90,90,90,90,62,62,26,26,18,18,63,63,63,130,130,130,130,77,77,77,77,92,92,92,94,94,101,101,79,79,129,129,129,122,122,122,94,94,94,101,101,53,53,108,108,108,63,63,63,67,67,67,67,122,122,122,122,107,107,107,152,152,101,101,101,121,121,121,121,126,126,126,126,96,96,96,110,110,99,99,81,81,81,116,116,116,101,101,90,90,93,130,130,146,146,102,102,114,114,114,115,115,164,164,152,152,109,109,67,67,67,101,101,101,114,114,114,114,114,96,96,65,65,67,67,60,60,60,79,79,79,72,72,72,90,90,107,107,87,87,70,70,70,78,78,78,118,118,118,118,120,120,120,120,131,131,131,73,73,73,114,114,114,151,151,151,180,180,180,153,153,153,213,213,213,139,139,139,87,87,87,113,113,113,116,116,116
11,-2.224000000000000199,98,130,98,98,101,101,101,121,121,121,92,92,92,92,147,147,147,147,196,196,196,117,117,147,147,147,159,159,159,159,116,116,116,88,88,64,64,94,94,123,123,123,89,89,89,89,137,137,137,226,226,195,195,125,125,131,131,141,141,141,120,120,120,120,114,114,89,89,128,128,76,76,131,131,131,163,163,86,86,140,140,94,94,125,125,125,186,186,186,169,169,169,101,101,88,102,102,93,93,107,107,142,142,121,121,139,139,79,79,43,43,62,62,97,97,124,124,72,72,112,112,64,64,64,22,22,22,57,57,57,108,108,104,104,66,66,66,38,38,38,54,54,54,72,72,72,38,38,38,61,61,79,79,79,114,114,114,114,113,113,113,113,157,157,157,106,106,52,52,103,103,109,109,109,72,72,72,72,91,91,91,91,151,151,151,165,165,130,130,76,76,76,119,119,119,119,161,161,161,112,112,112,113,113,125,125,125,120,120,120,120,135,135,135,135,155,155,155,155,146,146,120,120,113,113,65,65,65,115,115,115,117,117,117,112,112,112,129,129,95,95,95,86,86,86,86,140,140,140,140,55,55,55,55,89,89,89,101,101,116,116,116,36,36,36,73,73,73,73,73,73,73,73,127,127,106,106,112,112,112,59,59,59,59,77,77,77,90,90,90,21,21,-9,-9,38,38,38,26,26,26,108,108,108,108,113,113,113,113,108,108,132,132,149,149,149,115,115,115,115,125,125,125,125,125,113,113,113,113,118,118,116,116,82,82,82,88,88,88,88,149,149,149,149,127,127,127,111,111,111,100,100,96,96,96,129,129,129,98,98,98,98,117,117,117,117,87,87,87,119,119,105,105,110,110,126,126,126,103,103,103,103,52,52,63,63,-5,-5,30,30,30,94,94,94,94,55,55,55,55,94,94,94,84,84,87,87,133,133,152,152,152,82,82,82,107,107,107,115,115,49,49,65,65,65,65,65,65,41,41,41,41,132,132,132,132,131,131,131,123,123,60,60,60,85,85,85,85,130,130,130,130,100,100,100,108,108,126,126,65,65,65,90,90,90,85,85,78,78,95,118,118,118,118,69,69,79,79,79,85,85,150,150,137,137,93,93,45,45,45,150,150,150,126,126,126,90,90,68,68,65,65,38,38,43,43,43,88,88,88,69,69,69,73,73,83,83,87,87,54,54,54,64,64,64,111,111,111,111,99,99,99,99,119,119,119,88,88,88,96,96,96,167,167,167,145,145,145,89,89,89,203,203,203,138,138,138,77,77,77,88,88,88,104,104,104
12,-2.024000000000000465,172,264,276,276,314,314,314,307,307,307,273,273,273,273,344,344,344,344,306,306,306,268,268,362,362,362,305,305,305,305,276,276,276,197,197,212,212,322,322,400,400,400,182,182,182,182,253,253,253,372,372,403,403,308,308,289,289,262,262,262,260,260,260,260,239,239,238,238,284,284,292,292,196,196,196,263,263,267,267,287,287,215,215,380,380,380,364,364,364,343,343,343,303,303,241,260,260,297,297,302,302,336,336,340,340,304,304,291,291,250,250,287,287,291,291,289,289,243,243,248,248,269,269,269,263,263,263,283,283,283,259,259,331,331,268,268,268,203,203,203,274,274,274,314,314,314,225,225,225,277,277,330,330,330,331,331,331,331,343,343,343,343,352,352,352,277,277,263,263,279,279,312,312,312,265,265,265,265,223,223,223,223,297,297,297,341,341,355,355,324,324,324,315,315,315,315,297,297,297,245,245,245,302,302,333,333,333,329,329,329,329,322,322,322,322,353,353,353,353,382,382,339,339,326,326,261,261,261,324,324,324,328,328,328,301,301,301,334,334,296,296,296,242,242,242,242,292,292,292,292,174,174,174,174,293,293,293,343,343,321,321,321,215,215,215,274,274,274,274,291,291,291,291,287,287,337,337,312,312,312,268,268,268,268,245,245,245,307,307,307,186,186,151,151,201,201,201,176,176,176,238,238,238,238,233,233,233,233,249,249,335,335,403,403,403,307,307,307,307,274,274,274,274,274,266,266,266,266,298,298,379,379,336,336,336,258,258,258,258,319,319,319,319,357,357,357,319,319,319,228,228,306,306,306,323,323,323,275,275,275,275,307,307,307,307,283,283,283,290,290,260,260,288,288,351,351,351,302,302,302,302,220,220,235,235,207,207,235,235,235,214,214,214,214,222,222,222,222,276,276,276,295,295,291,291,284,284,272,272,272,263,263,263,240,240,240,257,257,283,283,283,283,283,295,295,295,237,237,237,237,307,307,307,307,252,252,252,237,237,213,213,213,268,268,268,268,319,319,319,319,306,306,306,320,320,340,340,289,289,289,239,239,239,250,250,263,263,261,276,276,273,273,216,216,227,227,227,232,232,296,296,218,218,253,253,190,190,190,256,256,256,225,225,225,186,186,205,205,196,196,220,220,165,165,165,225,225,225,222,222,222,200,200,213,213,203,203,215,215,215,232,232,232,259,259,259,259,245,245,245,245,195,195,195,212,212,212,230,230,230,354,354,354,301,301,301,285,285,285,402,402,402,258,258,258,214,214,214,236,236,236,255,255,255
13,-1.824000000000000288,470,601,594,594,528,528,528,586,586,586,549,549,549,549,728,728,728,728,640,640,640,621,621,709,709,709,678,678,678,678,571,571,571,435,435,528,528,639,639,854,854,854,511,511,511,511,647,647,647,666,666,682,682,669,669,572,572,707,707,707,564,564,564,564,555,555,588,588,636,636,628,628,547,547,547,540,540,607,607,590,590,545,545,662,662,662,789,789,789,746,746,746,590,590,541,587,587,700,700,669,669,752,752,738,738,602,602,595,595,595,595,592,592,641,641,707,707,577,577,553,553,542,542,542,508,508,508,563,563,563,689,689,617,617,495,495,495,451,451,451,482,482,482,531,531,531,436,436,436,466,466,540,540,540,548,548,548,548,625,625,625,625,657,657,657,549,549,547,547,526,526,589,589,589,481,481,481,481,493,493,493,493,561,561,561,595,595,599,599,624,624,624,731,731,731,731,579,579,579,513,513,513,524,524,566,566,566,602,602,602,602,636,636,636,636,637,637,637,637,792,792,663,663,636,636,593,593,593,684,684,684,676,676,676,583,583,583,632,632,613,613,613,519,519,519,519,572,572,572,572,495,495,495,495,542,542,542,582,582,539,539,539,482,482,482,556,556,556,556,630,630,630,630,568,568,602,602,696,696,696,478,478,478,478,526,526,526,748,748,748,500,500,418,418,448,448,448,456,456,456,501,501,501,501,563,563,563,563,553,553,668,668,809,809,809,620,620,620,620,586,586,586,586,586,662,662,662,662,633,633,620,620,716,716,716,575,575,575,575,695,695,695,695,579,579,579,577,577,577,589,589,579,579,579,722,722,722,531,531,531,531,637,637,637,637,611,611,611,611,611,555,555,550,550,709,709,709,562,562,562,562,497,497,522,522,497,497,513,513,513,503,503,503,503,475,475,475,475,633,633,633,593,593,585,585,657,657,628,628,628,604,604,604,612,612,612,678,678,616,616,565,565,565,637,637,637,588,588,588,588,621,621,621,621,601,601,601,592,592,536,536,536,618,618,618,618,703,703,703,703,622,622,622,662,662,700,700,618,618,618,602,602,602,662,662,605,605,583,682,682,613,613,544,544,552,552,552,587,587,659,659,631,631,580,580,510,510,510,633,633,633,539,539,539,531,531,508,508,509,509,594,594,548,548,548,535,535,535,520,520,520,554,554,507,507,509,509,498,498,498,506,506,506,554,554,554,554,595,595,595,595,583,583,583,533,533,533,568,568,568,670,670,670,643,643,643,687,687,687,779,779,779,651,651,651,549,549,549,603,603,603,634,634,634
14,-1.624000000000000332,760,691,502,502,384,384,384,502,502,502,609,609,609,609,1004,1004,1004,1004,765,765,765,571,571,715,715,715,844,844,844,844,636,636,636,491,491,542,542,557,557,964,964,964,505,505,505,505,635,635,635,838,838,798,798,649,649,601,601,818,818,818,798,798,798,798,712,712,718,718,705,705,681,681,557,557,557,724,724,763,763,714,714,562,562,613,613,613,855,855,855,744,744,744,563,563,559,623,623,846,846,915,915,1015,1015,822,822,610,610,449,449,517,517,578,578,690,690,780,780,632,632,448,448,430,430,430,432,432,432,468,468,468,510,510,381,381,166,166,166,239,239,239,339,339,339,389,389,389,125,125,125,119,119,121,121,121,125,125,125,125,505,505,505,505,644,644,644,585,585,501,501,378,378,428,428,428,296,296,296,296,367,367,367,367,495,495,495,447,447,367,367,413,413,413,791,791,791,791,626,626,626,477,477,477,366,366,304,304,304,553,553,553,553,710,710,710,710,710,710,710,710,856,856,697,697,579,579,592,592,592,836,836,836,708,708,708,481,481,481,405,405,568,568,568,518,518,518,518,576,576,576,576,354,354,354,354,335,335,335,380,380,197,197,197,243,243,243,425,425,425,425,639,639,639,639,442,442,376,376,548,548,548,334,334,334,334,401,401,401,682,682,682,453,453,187,187,270,270,270,394,394,394,339,339,339,339,584,584,584,584,476,476,655,655,649,649,649,645,645,645,645,496,496,496,496,496,828,828,828,828,548,548,572,572,521,521,521,558,558,558,558,781,781,781,781,459,459,459,439,439,439,545,545,479,479,479,812,812,812,399,399,399,399,602,602,602,602,680,680,680,600,600,516,516,438,438,578,578,578,418,418,418,418,382,382,368,368,238,238,232,232,232,234,234,234,234,315,315,315,315,565,565,565,468,468,470,470,651,651,603,603,603,652,652,652,724,724,724,744,744,473,473,372,372,372,539,539,539,372,372,372,372,701,701,701,701,686,686,686,669,669,598,598,598,796,796,796,796,806,806,806,806,615,615,615,689,689,744,744,662,662,662,607,607,607,701,701,722,722,628,724,724,747,747,635,635,439,439,439,706,706,862,862,735,735,517,517,457,457,457,836,836,836,682,682,682,635,635,495,495,543,543,643,643,645,645,645,632,632,632,584,584,584,452,452,521,521,471,471,392,392,392,344,344,344,502,502,502,502,656,656,656,656,919,919,919,673,673,673,570,570,570,604,604,604,333,333,333,769,769,769,1016,1016,1016,942,942,942,790,790,790,735,735,735,923,923,923
15,-1.424000000000000377,742,560,309,309,58,58,58,111,111,111,462,462,462,462,794,794,794,794,624,624,624,308,308,506,506,506,740,740,740,740,441,441,441,179,179,184,184,351,351,789,789,789,224,224,224,224,388,388,388,689,689,610,610,401,401,354,354,664,664,664,647,647,647,647,398,398,423,423,456,456,302,302,404,404,404,491,491,592,592,589,589,165,165,331,331,331,686,686,686,335,335,335,162,162,243,315,315,535,535,714,714,766,766,420,420,393,393,163,163,101,101,158,158,319,319,330,330,277,277,122,122,5,5,5,30,30,30,52,52,52,69,69,-70,-70,-320,-320,-320,-181,-181,-181,-44,-44,-44,41,41,41,-364,-364,-364,-266,-266,-270,-270,-270,-308,-308,-308,-308,146,146,146,146,326,326,326,289,289,305,305,178,178,-46,-46,-46,-66,-66,-66,-66,-136,-136,-136,-136,190,190,190,41,41,32,32,122,122,122,381,381,381,381,493,493,493,50,50,50,-33,-33,-67,-67,-67,263,263,263,263,431,431,431,431,432,432,432,432,505,505,442,442,304,304,222,222,222,380,380,380,271,271,271,206,206,206,-23,-23,168,168,168,34,34,34,34,185,185,185,185,-127,-127,-127,-127,-24,-24,-24,49,49,-144,-144,-144,-319,-319,-319,8,8,8,8,272,272,272,272,45,45,-189,-189,-280,-280,-280,-129,-129,-129,-129,-74,-74,-74,87,87,87,-55,-55,-294,-294,-325,-325,-325,-285,-285,-285,-264,-264,-264,-264,131,131,131,131,11,11,237,237,152,152,152,203,203,203,203,90,90,90,90,90,457,457,457,457,57,57,379,379,7,7,7,128,128,128,128,532,532,532,532,186,186,186,-10,-10,-10,91,91,192,192,192,265,265,265,44,44,44,44,10,10,10,10,293,293,293,244,244,196,196,28,28,16,16,16,30,30,30,30,-112,-112,-202,-202,-369,-369,-298,-298,-298,-380,-380,-380,-380,-303,-303,-303,-303,86,86,86,-74,-74,-38,-38,197,197,234,234,234,163,163,163,353,353,353,302,302,28,28,-140,-140,-140,-8,-8,-8,-72,-72,-72,-72,458,458,458,458,305,305,305,281,281,206,206,206,468,468,468,468,505,505,505,505,322,322,322,265,265,297,297,218,218,218,61,61,61,7,7,269,269,132,266,266,497,497,359,359,-15,-15,-15,244,244,594,594,332,332,77,77,-66,-66,-66,491,491,491,385,385,385,303,303,195,195,35,35,136,136,213,213,213,258,258,258,39,39,39,-129,-129,-44,-44,-45,-45,-317,-317,-317,-209,-209,-209,-79,-79,-79,-79,176,176,176,176,706,706,706,455,455,455,96,96,96,109,109,109,-439,-439,-439,223,223,223,769,769,769,707,707,707,542,542,542,296,296,296,574,574,574
16,-1.224000000000000199,623,779,772,772,471,471,471,427,427,427,748,748,748,748,856,856,856,856,851,851,851,741,741,667,667,667,854,854,854,854,629,629,629,288,288,354,354,810,810,973,973,973,564,564,564,564,512,512,512,867,867,808,808,644,644,568,568,780,780,780,738,738,738,738,439,439,465,465,670,670,543,543,708,708,708,676,676,649,649,846,846,363,363,682,682,682,863,863,863,594,594,594,166,166,223,408,408,445,445,684,684,736,736,412,412,683,683,610,610,332,332,469,469,533,533,456,456,404,404,461,461,131,131,131,342,342,342,277,277,277,342,342,285,285,232,232,232,248,248,248,369,369,369,443,443,443,563,563,563,447,447,509,509,509,232,232,232,232,201,201,201,201,381,381,381,378,378,545,545,686,686,363,363,363,324,324,324,324,80,80,80,80,487,487,487,399,399,562,562,507,507,507,435,435,435,435,803,803,803,270,270,270,193,193,417,417,417,512,512,512,512,551,551,551,551,646,646,646,646,456,456,491,491,477,477,321,321,321,142,142,142,245,245,245,474,474,474,383,383,216,216,216,184,184,184,184,320,320,320,320,221,221,221,221,315,315,315,611,611,600,600,600,110,110,110,230,230,230,230,279,279,279,279,219,219,-81,-81,-368,-368,-368,-3,-3,-3,-3,12,12,12,-82,-82,-82,-108,-108,65,65,-8,-8,-8,-248,-248,-248,128,128,128,128,359,359,359,359,328,328,545,545,794,794,794,423,423,423,423,274,274,274,274,274,336,336,336,336,172,172,500,500,300,300,300,203,203,203,203,739,739,739,739,564,564,564,342,342,342,214,214,554,554,554,345,345,345,363,363,363,363,64,64,64,64,6,6,6,272,272,295,295,161,161,126,126,126,133,133,133,133,5,5,-156,-156,-167,-167,390,390,390,198,198,198,198,-126,-126,-126,-126,300,300,300,162,162,186,186,289,289,406,406,406,269,269,269,503,503,503,331,331,269,269,406,406,406,396,396,396,423,423,423,423,670,670,670,670,421,421,421,216,216,343,343,343,451,451,451,451,684,684,684,684,588,588,588,606,606,462,462,204,204,204,229,229,229,-75,-75,0,0,88,367,367,475,475,383,383,122,122,122,112,112,613,613,497,497,285,285,193,193,193,424,424,424,478,478,478,344,344,451,451,134,134,144,144,163,163,163,432,432,432,117,117,117,231,231,150,150,110,110,22,22,22,44,44,44,75,75,75,75,80,80,80,80,611,611,611,610,610,610,370,370,370,362,362,362,-98,-98,-98,37,37,37,505,505,505,317,317,317,150,150,150,43,43,43,101,101,101
17,-1.024000000000000243,816,1278,1516,1516,1422,1422,1422,1147,1147,1147,1222,1222,1222,1222,1286,1286,1286,1286,1333,1333,1333,1208,1208,1088,1088,1088,1161,1161,1161,1161,1056,1056,1056,776,776,890,890,1189,1189,1452,1452,1452,1113,1113,1113,1113,1003,1003,1003,1268,1268,1162,1162,930,930,814,814,1025,1025,1025,1076,1076,1076,1076,1051,1051,1022,1022,1320,1320,1100,1100,1275,1275,1275,1161,1161,975,975,1330,1330,1081,1081,1132,1132,1132,1247,1247,1247,1171,1171,1171,630,630,570,949,949,873,873,958,958,1110,1110,964,964,1114,1114,1118,1118,1065,1065,1119,1119,1053,1053,1164,1164,1151,1151,1037,1037,832,832,832,967,967,967,961,961,961,1063,1063,1089,1089,1086,1086,1086,1179,1179,1179,1103,1103,1103,1135,1135,1135,1529,1529,1529,1362,1362,1649,1649,1649,1006,1006,1006,1006,625,625,625,625,531,531,531,635,635,1050,1050,1274,1274,1135,1135,1135,1078,1078,1078,1078,686,686,686,686,973,973,973,887,887,1151,1151,891,891,891,960,960,960,960,1112,1112,1112,863,863,863,797,797,1081,1081,1081,939,939,939,939,862,862,862,862,937,937,937,937,683,683,548,548,731,731,715,715,715,618,618,618,646,646,646,1029,1029,1029,1209,1209,909,909,909,1026,1026,1026,1026,962,962,962,962,803,803,803,803,817,817,817,1160,1160,1752,1752,1752,1293,1293,1293,835,835,835,835,817,817,817,817,847,847,840,840,627,627,627,540,540,540,540,525,525,525,688,688,688,488,488,904,904,1176,1176,1176,863,863,863,952,952,952,952,1015,1015,1015,1015,1078,1078,1475,1475,1888,1888,1888,1216,1216,1216,1216,1061,1061,1061,1061,1061,905,905,905,905,939,939,881,881,1238,1238,1238,695,695,695,695,1258,1258,1258,1258,872,872,872,1026,1026,1026,1102,1102,1158,1158,1158,1212,1212,1212,903,903,903,903,657,657,657,657,286,286,286,445,445,730,730,636,636,785,785,785,653,653,653,653,495,495,591,591,889,889,1383,1383,1383,1405,1405,1405,1405,825,825,825,825,997,997,997,809,809,546,546,853,853,850,850,850,1049,1049,1049,1048,1048,1048,866,866,869,869,1215,1215,1215,1145,1145,1145,1284,1284,1284,1284,1148,1148,1148,1148,1176,1176,1176,852,852,1048,1048,1048,1121,1121,1121,1121,1117,1117,1117,1117,1168,1168,1168,1240,1240,1185,1185,1045,1045,1045,1238,1238,1238,873,873,656,656,583,957,957,1003,1003,905,905,877,877,877,771,771,1048,1048,1151,1151,1076,1076,1102,1102,1102,1120,1120,1120,1080,1080,1080,1024,1024,1207,1207,1189,1189,1151,1151,1040,1040,1040,1431,1431,1431,1217,1217,1217,1101,1101,1174,1174,973,973,1205,1205,1205,1000,1000,1000,1049,1049,1049,1049,1032,1032,1032,1032,1087,1087,1087,1197,1197,1197,1446,1446,1446,1283,1283,1283,811,811,811,630,630,630,673,673,673,612,612,612,453,453,453,372,372,372,340,340,340
18,-0.8240000000000002878,1072,1700,1643,1643,1685,1685,1685,1438,1438,1438,1267,1267,1267,1267,1370,1370,1370,1370,1321,1321,1321,1177,1177,1029,1029,1029,1211,1211,1211,1211,1164,1164,1164,1064,1064,1141,1141,1194,1194,1304,1304,1304,1027,1027,1027,1027,1182,1182,1182,1168,1168,1036,1036,793,793,709,709,867,867,867,1237,1237,1237,1237,1176,1176,1376,1376,1626,1626,1352,1352,1473,1473,1473,1356,1356,1258,1258,1391,1391,1469,1469,1278,1278,1278,1401,1401,1401,1300,1300,1300,1141,1141,1037,1234,1234,1358,1358,1217,1217,1276,1276,1211,1211,1078,1078,1191,1191,1365,1365,1347,1347,1324,1324,1475,1475,1438,1438,1292,1292,1236,1236,1236,1292,1292,1292,1271,1271,1271,1271,1271,1481,1481,1463,1463,1463,1665,1665,1665,1670,1670,1670,1664,1664,1664,1696,1696,1696,1592,1592,1927,1927,1927,1332,1332,1332,1332,828,828,828,828,531,531,531,548,548,1360,1360,1469,1469,1583,1583,1583,1255,1255,1255,1255,813,813,813,813,1302,1302,1302,945,945,1018,1018,649,649,649,1001,1001,1001,1001,1231,1231,1231,1057,1057,1057,1177,1177,1308,1308,1308,1271,1271,1271,1271,1036,1036,1036,1036,996,996,996,996,613,613,451,451,898,898,1093,1093,1093,1144,1144,1144,1113,1113,1113,1278,1278,1278,1359,1359,1506,1506,1506,1393,1393,1393,1393,1227,1227,1227,1227,787,787,787,787,832,832,832,1008,1008,1900,1900,1900,1881,1881,1881,1159,1159,1159,1159,1097,1097,1097,1097,1487,1487,1784,1784,1355,1355,1355,898,898,898,898,1052,1052,1052,1245,1245,1245,1203,1203,1183,1183,1653,1653,1653,1555,1555,1555,1093,1093,1093,1093,1105,1105,1105,1105,1178,1178,1538,1538,1636,1636,1636,1248,1248,1248,1248,1522,1522,1522,1522,1522,1727,1727,1727,1727,1554,1554,1571,1571,1903,1903,1903,1058,1058,1058,1058,1203,1203,1203,1203,811,811,811,1187,1187,1187,1533,1533,1610,1610,1610,1284,1284,1284,860,860,860,860,782,782,782,782,691,691,691,641,641,917,917,1123,1123,1167,1167,1167,1105,1105,1105,1105,716,716,1052,1052,1527,1527,1606,1606,1606,1912,1912,1912,1912,1223,1223,1223,1223,1023,1023,1023,796,796,546,546,798,798,1008,1008,1008,1253,1253,1253,1147,1147,1147,952,952,1165,1165,1308,1308,1308,1279,1279,1279,1289,1289,1289,1289,1464,1464,1464,1464,1528,1528,1528,1385,1385,1305,1305,1305,1602,1602,1602,1602,1417,1417,1417,1417,1332,1332,1332,1349,1349,1587,1587,2008,2008,2008,1606,1606,1606,1416,1416,1415,1415,938,1099,1099,1147,1147,1107,1107,1033,1033,1033,942,942,1296,1296,1460,1460,1488,1488,1444,1444,1444,1522,1522,1522,1541,1541,1541,1671,1671,1896,1896,1969,1969,1980,1980,1766,1766,1766,1835,1835,1835,1527,1527,1527,1291,1291,1475,1475,1425,1425,1824,1824,1824,1519,1519,1519,1660,1660,1660,1660,1658,1658,1658,1658,1406,1406,1406,1342,1342,1342,1668,1668,1668,1617,1617,1617,826,826,826,947,947,947,957,957,957,1615,1615,1615,1129,1129,1129,516,516,516,683,683,683
19,-0.6240000000000002212,1398,1982,1149,1149,1270,1270,1270,1373,1373,1373,1257,1257,1257,1257,1154,1154,1154,1154,1159,1159,1159,1095,1095,944,944,944,1115,1115,1115,1115,1469,1469,1469,1346,1346,1329,1329,1288,1288,635,635,635,1020,1020,1020,1020,1176,1176,1176,1315,1315,1169,1169,1031,1031,945,945,945,945,945,1420,1420,1420,1420,1491,1491,1571,1571,1525,1525,1526,1526,1737,1737,1737,1612,1612,1519,1519,1739,1739,1551,1551,1483,1483,1483,1533,1533,1533,1648,1648,1648,1448,1448,1455,1559,1559,1703,1703,1650,1650,1257,1257,881,881,1022,1022,1363,1363,1497,1497,1563,1563,1519,1519,1737,1737,1478,1478,1182,1182,1339,1339,1339,1481,1481,1481,1201,1201,1201,1330,1330,1399,1399,1333,1333,1333,1526,1526,1526,1863,1863,1863,2009,2009,2009,1542,1542,1542,1216,1216,1054,1054,1054,1389,1389,1389,1389,813,813,813,813,665,665,665,678,678,1247,1247,1505,1505,1700,1700,1700,1267,1267,1267,1267,875,875,875,875,1606,1606,1606,1115,1115,569,569,546,546,546,1102,1102,1102,1102,1465,1465,1465,1358,1358,1358,1404,1404,1327,1327,1327,1355,1355,1355,1355,1182,1182,1182,1182,1225,1225,1225,1225,739,739,783,783,1046,1046,1382,1382,1382,1500,1500,1500,1826,1826,1826,1625,1625,1625,1442,1442,1922,1922,1922,1574,1574,1574,1574,1544,1544,1544,1544,1120,1120,1120,1120,924,924,924,836,836,710,710,710,1351,1351,1351,1325,1325,1325,1325,973,973,973,973,1560,1560,1658,1658,1351,1351,1351,758,758,758,758,1178,1178,1178,1675,1675,1675,1279,1279,883,883,1110,1110,1110,1402,1402,1402,1114,1114,1114,1114,1379,1379,1379,1379,1353,1353,685,685,17,17,17,874,874,874,874,1839,1839,1839,1839,1839,2199,2199,2199,2199,1987,1987,1932,1932,1267,1267,1267,1387,1387,1387,1387,1286,1286,1286,1286,1327,1327,1327,1591,1591,1591,1800,1800,1869,1869,1869,1371,1371,1371,789,789,789,789,1001,1001,1001,1001,1184,1184,1184,1218,1218,997,997,1181,1181,1572,1572,1572,1141,1141,1141,1141,1019,1019,1274,1274,1638,1638,1457,1457,1457,1727,1727,1727,1727,1400,1400,1400,1400,1179,1179,1179,903,903,805,805,911,911,1298,1298,1298,1319,1319,1319,1292,1292,1292,1258,1258,1657,1657,1596,1596,1596,1401,1401,1401,1530,1530,1530,1530,2182,2182,2182,2182,1966,1966,1966,1716,1716,1733,1733,1733,1889,1889,1889,1889,1829,1829,1829,1829,1768,1768,1768,1873,1873,1852,1852,2063,2063,2063,1783,1783,1783,1576,1576,1788,1788,1428,1390,1390,1251,1251,1076,1076,1094,1094,1094,1011,1011,1601,1601,1694,1694,1928,1928,1628,1628,1628,1670,1670,1670,1882,1882,1882,2002,2002,2394,2394,2383,2383,2287,2287,1992,1992,1992,1786,1786,1786,1511,1511,1511,1523,1523,1641,1641,1471,1471,1619,1619,1619,1627,1627,1627,1919,1919,1919,1919,1554,1554,1554,1554,1390,1390,1390,1098,1098,1098,1523,1523,1523,1572,1572,1572,887,887,887,999,999,999,1259,1259,1259,1906,1906,1906,1145,1145,1145,649,649,649,666,666,666
20,-0.4240000000000002101,1605,1546,209,209,193,193,193,709,709,709,1320,1320,1320,1320,901,901,901,901,812,812,812,568,568,850,850,850,1054,1054,1054,1054,1715,1715,1715,1473,1473,1304,1304,865,865,-116,-116,-116,963,963,963,963,1183,1183,1183,1418,1418,1232,1232,968,968,943,943,976,976,976,1581,1581,1581,1581,1755,1755,1760,1760,1099,1099,1478,1478,1971,1971,1971,1972,1972,1811,1811,1964,1964,1531,1531,1344,1344,1344,1690,1690,1690,1931,1931,1931,1533,1533,1537,1838,1838,1821,1821,1596,1596,841,841,202,202,742,742,1308,1308,1499,1499,1613,1613,1624,1624,1842,1842,1300,1300,646,646,1117,1117,1117,1149,1149,1149,874,874,874,1009,1009,529,529,460,460,460,538,538,538,1253,1253,1253,1356,1356,1356,830,830,830,84,84,-569,-569,-569,708,708,708,708,735,735,735,735,599,599,599,921,921,590,590,1013,1013,1324,1324,1324,1012,1012,1012,1012,1059,1059,1059,1059,1770,1770,1770,1155,1155,-251,-251,274,274,274,1244,1244,1244,1244,1372,1372,1372,1454,1454,1454,1241,1241,820,820,820,963,963,963,963,1161,1161,1161,1161,1352,1352,1352,1352,889,889,1139,1139,897,897,1446,1446,1446,1757,1757,1757,2437,2437,2437,1776,1776,1776,1316,1316,2108,2108,2108,1573,1573,1573,1573,1569,1569,1569,1569,1257,1257,1257,1257,870,870,870,390,390,-1179,-1179,-1179,-108,-108,-108,1229,1229,1229,1229,595,595,595,595,853,853,185,185,533,533,533,-43,-43,-43,-43,220,220,220,1350,1350,1350,479,479,-218,-218,-530,-530,-530,641,641,641,686,686,686,686,1675,1675,1675,1675,1613,1613,-237,-237,-1631,-1631,-1631,926,926,926,926,2178,2178,2178,2178,2178,2316,2316,2316,2316,2024,2024,1615,1615,-501,-501,-501,1172,1172,1172,1172,1496,1496,1496,1496,1902,1902,1902,2027,2027,2027,2067,2067,1425,1425,1425,1396,1396,1396,448,448,448,448,1029,1029,1029,1029,1317,1317,1317,1108,1108,644,644,562,562,1424,1424,1424,822,822,822,822,1212,1212,1006,1006,1213,1213,1145,1145,1145,949,949,949,949,1378,1378,1378,1378,1613,1613,1613,1059,1059,836,836,1096,1096,1571,1571,1571,1672,1672,1672,1935,1935,1935,1920,1920,1742,1742,1869,1869,1869,1526,1526,1526,2265,2265,2265,2265,2998,2998,2998,2998,2681,2681,2681,2376,2376,2471,2471,2471,2109,2109,2109,2109,2557,2557,2557,2557,2548,2548,2548,2430,2430,2129,2129,1577,1577,1577,2262,2262,2262,2063,2063,1771,1771,1714,1682,1682,1673,1673,1475,1475,1539,1539,1539,1903,1903,2127,2127,2301,2301,2178,2178,2114,2114,2114,2107,2107,2107,2214,2214,2214,2309,2309,2343,2343,2087,2087,2009,2009,2375,2375,2375,1802,1802,1802,1943,1943,1943,2059,2059,2140,2140,1515,1515,1204,1204,1204,1799,1799,1799,1838,1838,1838,1838,1855,1855,1855,1855,1858,1858,1858,1072,1072,1072,1346,1346,1346,1378,1378,1378,1323,1323,1323,1539,1539,1539,1623,1623,1623,1413,1413,1413,607,607,607,704,704,704,552,552,552
21,-0.224000000000000199,1783,1477,-23,-23,-329,-329,-329,424,424,424,1694,1694,1694,1694,990,990,990,990,922,922,922,381,381,1121,1121,1121,1359,1359,1359,1359,2053,2053,2053,1749,1749,1498,1498,606,606,-555,-555,-555,1068,1068,1068,1068,1422,1422,1422,1778,1778,1489,1489,1044,1044,953,953,1075,1075,1075,2111,2111,2111,2111,2190,2190,2124,2124,1103,1103,1478,1478,2133,2133,2133,2252,2252,2204,2204,1998,1998,1446,1446,1457,1457,1457,2087,2087,2087,2188,2188,2188,1833,1833,1769,2261,2261,1960,1960,1275,1275,154,154,-259,-259,285,285,1112,1112,1359,1359,1593,1593,1815,1815,1964,1964,1520,1520,684,684,1358,1358,1358,1170,1170,1170,1105,1105,1105,1032,1032,400,400,281,281,281,127,127,127,909,909,909,859,859,859,451,451,451,-310,-310,-1419,-1419,-1419,493,493,493,493,1321,1321,1321,1321,1191,1191,1191,1654,1654,617,617,862,862,1307,1307,1307,1323,1323,1323,1323,1441,1441,1441,1441,2042,2042,2042,1229,1229,-710,-710,255,255,255,1732,1732,1732,1732,1573,1573,1573,1961,1961,1961,1530,1530,430,430,430,733,733,733,733,1342,1342,1342,1342,1899,1899,1899,1899,1413,1413,1982,1982,1119,1119,1709,1709,1709,2304,2304,2304,3119,3119,3119,2395,2395,2395,1049,1049,2696,2696,2696,1837,1837,1837,1837,1862,1862,1862,1862,1324,1324,1324,1324,1080,1080,1080,-66,-66,-2205,-2205,-2205,-808,-808,-808,1602,1602,1602,1602,735,735,735,735,328,328,-235,-235,66,66,66,-198,-198,-198,-198,-84,-84,-84,838,838,838,184,184,-677,-677,-1005,-1005,-1005,38,38,38,360,360,360,360,1995,1995,1995,1995,2249,2249,-275,-275,-2064,-2064,-2064,1426,1426,1426,1426,2598,2598,2598,2598,2598,2727,2727,2727,2727,2156,2156,1715,1715,-751,-751,-751,1069,1069,1069,1069,1911,1911,1911,1911,2394,2394,2394,2235,2235,2235,2208,2208,1369,1369,1369,1224,1224,1224,483,483,483,483,1285,1285,1285,1285,1963,1963,1963,1167,1167,436,436,510,510,1405,1405,1405,1350,1350,1350,1350,1653,1653,1076,1076,1074,1074,1187,1187,1187,226,226,226,226,1689,1689,1689,1689,2016,2016,2016,1492,1492,1356,1356,1255,1255,1843,1843,1843,2029,2029,2029,2456,2456,2456,2499,2499,1737,1737,2093,2093,2093,1537,1537,1537,2755,2755,2755,2755,3330,3330,3330,3330,3655,3655,3655,2976,2976,3092,3092,3092,2248,2248,2248,2248,3202,3202,3202,3202,3289,3289,3289,2782,2782,2075,2075,1553,1553,1553,2687,2687,2687,2934,2934,2420,2420,1931,1745,1745,2107,2107,2504,2504,2512,2512,2512,2566,2566,2365,2365,2580,2580,2328,2328,2543,2543,2543,2842,2842,2842,2269,2269,2269,2316,2316,2334,2334,1695,1695,1886,1886,2803,2803,2803,1952,1952,1952,2357,2357,2357,1979,1979,2352,2352,1752,1752,1038,1038,1038,1814,1814,1814,1482,1482,1482,1482,2301,2301,2301,2301,2486,2486,2486,1723,1723,1723,1160,1160,1160,1085,1085,1085,1546,1546,1546,1981,1981,1981,2087,2087,2087,1309,1309,1309,887,887,887,1525,1525,1525,1060,1060,1060
22,-0.02400000000000020173,2987,2942,1704,1704,1158,1158,1158,1638,1638,1638,3044,3044,3044,3044,2188,2188,2188,2188,2324,2324,2324,1771,1771,2395,2395,2395,3071,3071,3071,3071,3394,3394,3394,3048,3048,2679,2679,1740,1740,483,483,483,2318,2318,2318,2318,2641,2641,2641,2955,2955,2776,2776,2111,2111,1976,1976,2403,2403,2403,3360,3360,3360,3360,3273,3273,2919,2919,2285,2285,2324,2324,2945,2945,2945,3137,3137,2882,2882,2758,2758,2058,2058,2426,2426,2426,3179,3179,3179,3128,3128,3128,2945,2945,2728,3149,3149,2436,2436,1246,1246,-78,-78,-264,-264,404,404,1712,1712,2123,2123,2462,2462,2773,2773,2838,2838,2799,2799,2325,2325,2731,2731,2731,2753,2753,2753,2681,2681,2681,2935,2935,2141,2141,2044,2044,2044,1825,1825,1825,2413,2413,2413,2188,2188,2188,2390,2390,2390,1286,1286,344,344,344,2099,2099,2099,2099,2932,2932,2932,2932,3378,3378,3378,3350,3350,2424,2424,2083,2083,2962,2962,2962,3196,3196,3196,3196,3180,3180,3180,3180,3544,3544,3544,2902,2902,1133,1133,2479,2479,2479,3518,3518,3518,3518,3235,3235,3235,3454,3454,3454,3095,3095,2035,2035,2035,1975,1975,1975,1975,3039,3039,3039,3039,3650,3650,3650,3650,3544,3544,3612,3612,2646,2646,3218,3218,3218,3887,3887,3887,4603,4603,4603,4000,4000,4000,2448,2448,3883,3883,3883,3477,3477,3477,3477,3484,3484,3484,3484,3143,3143,3143,3143,2971,2971,2971,1843,1843,552,552,552,1180,1180,1180,3365,3365,3365,3365,2555,2555,2555,2555,1699,1699,1419,1419,1921,1921,1921,1374,1374,1374,1374,1504,1504,1504,2103,2103,2103,1738,1738,1366,1366,1353,1353,1353,1675,1675,1675,2282,2282,2282,2282,3709,3709,3709,3709,4186,4186,2274,2274,1107,1107,1107,3691,3691,3691,3691,4047,4047,4047,4047,4047,4674,4674,4674,4674,3497,3497,3189,3189,1786,1786,1786,2848,2848,2848,2848,3952,3952,3952,3952,4303,4303,4303,3721,3721,3721,3675,3675,3364,3364,3364,2698,2698,2698,2616,2616,2616,2616,2991,2991,2991,2991,3830,3830,3830,2861,2861,1873,1873,2146,2146,3083,3083,3083,3546,3546,3546,3546,3414,3414,2938,2938,2855,2855,3351,3351,3351,1472,1472,1472,1472,3497,3497,3497,3497,3592,3592,3592,3346,3346,3303,3303,3010,3010,3391,3391,3391,3626,3626,3626,4293,4293,4293,4200,4200,3218,3218,4186,4186,4186,3535,3535,3535,3994,3994,3994,3994,4737,4737,4737,4737,5058,5058,5058,4443,4443,4857,4857,4857,3582,3582,3582,3582,4839,4839,4839,4839,4546,4546,4546,3905,3905,2683,2683,2493,2493,2493,3780,3780,3780,4223,4223,4240,4240,3382,2964,2964,3407,3407,4211,4211,4346,4346,4346,3934,3934,3488,3488,3660,3660,3418,3418,4390,4390,4390,4243,4243,4243,3441,3441,3441,2986,2986,3113,3113,2678,2678,2926,2926,4179,4179,4179,3385,3385,3385,3623,3623,3623,3035,3035,3155,3155,3164,3164,2409,2409,2409,2881,2881,2881,1985,1985,1985,1985,3231,3231,3231,3231,4045,4045,4045,3348,3348,3348,2612,2612,2612,2105,2105,2105,3416,3416,3416,2841,2841,2841,3472,3472,3472,2592,2592,2592,2854,2854,2854,3655,3655,3655,3264,3264,3264
23,0.1759999999999998233,4856,4829,3860,3860,3261,3261,3261,3456,3456,3456,4568,4568,4568,4568,3670,3670,3670,3670,4009,4009,4009,3681,3681,4367,4367,4367,4640,4640,4640,4640,4726,4726,4726,4597,4597,4340,4340,3506,3506,2777,2777,2777,3858,3858,3858,3858,4098,4098,4098,4478,4478,4594,4594,3910,3910,4002,4002,4112,4112,4112,4690,4690,4690,4690,4712,4712,4085,4085,3562,3562,3423,3423,3947,3947,3947,4165,4165,3657,3657,3504,3504,3120,3120,3474,3474,3474,4095,4095,4095,4207,4207,4207,4356,4356,4027,3797,3797,2691,2691,1357,1357,-22,-22,278,278,958,958,2391,2391,3347,3347,3867,3867,3978,3978,4437,4437,4716,4716,4701,4701,4936,4936,4936,4690,4690,4690,5015,5015,5015,5486,5486,5149,5149,4368,4368,4368,4181,4181,4181,4452,4452,4452,4478,4478,4478,4541,4541,4541,4576,4576,3599,3599,3599,4297,4297,4297,4297,5122,5122,5122,5122,5884,5884,5884,6035,6035,4847,4847,4470,4470,5022,5022,5022,5440,5440,5440,5440,5358,5358,5358,5358,5786,5786,5786,5645,5645,5008,5008,5771,5771,5771,5782,5782,5782,5782,5449,5449,5449,5467,5467,5467,5734,5734,4741,4741,4741,4144,4144,4144,4144,5340,5340,5340,5340,6262,6262,6262,6262,6198,6198,6241,6241,4907,4907,5494,5494,5494,5973,5973,5973,6556,6556,6556,5863,5863,5863,5116,5116,5634,5634,5634,5889,5889,5889,5889,6009,6009,6009,6009,5873,5873,5873,5873,5647,5647,5647,4734,4734,4583,4583,4583,4450,4450,4450,5931,5931,5931,5931,5322,5322,5322,5322,4724,4724,4950,4950,5292,5292,5292,4153,4153,4153,4153,4959,4959,4959,5558,5558,5558,5138,5138,5032,5032,5070,5070,5070,5738,5738,5738,5427,5427,5427,5427,6526,6526,6526,6526,6950,6950,6123,6123,5779,5779,5779,7316,7316,7316,7316,6152,6152,6152,6152,6152,6483,6483,6483,6483,5194,5194,5252,5252,4953,4953,4953,5750,5750,5750,5750,6669,6669,6669,6669,6363,6363,6363,5819,5819,5819,5786,5786,6057,6057,6057,6006,6006,6006,5766,5766,5766,5766,6000,6000,6000,6000,6474,6474,6474,5425,5425,4968,4968,5398,5398,6002,6002,6002,5838,5838,5838,5838,6282,6282,5621,5621,5843,5843,6794,6794,6794,4556,4556,4556,4556,6659,6659,6659,6659,6651,6651,6651,6063,6063,6657,6657,6171,6171,5942,5942,5942,6576,6576,6576,6723,6723,6723,6230,6230,5714,5714,7073,7073,7073,6162,6162,6162,5948,5948,5948,5948,6164,6164,6164,6164,6632,6632,6632,6276,6276,6898,6898,6898,5906,5906,5906,5906,6405,6405,6405,6405,6419,6419,6419,5570,5570,4137,4137,4113,4113,4113,5552,5552,5552,6106,6106,6291,6291,5677,5216,5216,5888,5888,7067,7067,6925,6925,6925,6137,6137,5453,5453,5463,5463,5715,5715,6683,6683,6683,6337,6337,6337,5488,5488,5488,4234,4234,4057,4057,4640,4640,5213,5213,6151,6151,6151,6040,6040,6040,5742,5742,5742,5355,5355,5394,5394,5670,5670,5530,5530,5530,5195,5195,5195,3600,3600,3600,3600,5200,5200,5200,5200,6047,6047,6047,5962,5962,5962,5473,5473,5473,4904,4904,4904,6409,6409,6409,4687,4687,4687,5113,5113,5113,4272,4272,4272,5701,5701,5701,7187,7187,7187,6518,6518,6518
24,0.3759999999999998344,6205,5144,4780,4780,4632,4632,4632,4483,4483,4483,4914,4914,4914,4914,4418,4418,4418,4418,4506,4506,4506,4466,4466,5191,5191,5191,5501,5501,5501,5501,4953,4953,4953,5258,5258,4921,4921,3787,3787,3924,3924,3924,4455,4455,4455,4455,4654,4654,4654,4834,4834,5235,5235,5288,5288,5354,5354,5140,5140,5140,5292,5292,5292,5292,5149,5149,4351,4351,3705,3705,3843,3843,3967,3967,3967,4126,4126,3566,3566,3221,3221,3599,3599,3552,3552,3552,3940,3940,3940,4459,4459,4459,5267,5267,4450,3036,3036,2094,2094,842,842,148,148,771,771,459,459,1724,1724,3526,3526,3906,3906,4231,4231,4831,4831,5548,5548,6018,6018,6086,6086,6086,5734,5734,5734,6497,6497,6497,7219,7219,7063,7063,6202,6202,6202,5875,5875,5875,5434,5434,5434,5251,5251,5251,5586,5586,5586,5963,5963,5866,5866,5866,5499,5499,5499,5499,6804,6804,6804,6804,7516,7516,7516,7493,7493,6269,6269,5506,5506,6064,6064,6064,6329,6329,6329,6329,6734,6734,6734,6734,7236,7236,7236,7327,7327,7349,7349,7779,7779,7779,7352,7352,7352,7352,6563,6563,6563,6106,6106,6106,7371,7371,6964,6964,6964,5925,5925,5925,5925,7538,7538,7538,7538,8183,8183,8183,8183,8308,8308,7822,7822,7005,7005,7432,7432,7432,7518,7518,7518,7696,7696,7696,6401,6401,6401,6489,6489,6179,6179,6179,6639,6639,6639,6639,6810,6810,6810,6810,7435,7435,7435,7435,7939,7939,7939,8322,8322,7393,7393,7393,7559,7559,7559,7385,7385,7385,7385,7892,7892,7892,7892,7397,7397,8477,8477,8522,8522,8522,6843,6843,6843,6843,8339,8339,8339,8788,8788,8788,9093,9093,8719,8719,8567,8567,8567,9144,9144,9144,8834,8834,8834,8834,8693,8693,8693,8693,8427,8427,8203,8203,8425,8425,8425,9000,9000,9000,9000,7371,7371,7371,7371,7371,7170,7170,7170,7170,6432,6432,6084,6084,7494,7494,7494,7610,7610,7610,7610,8609,8609,8609,8609,7636,7636,7636,7216,7216,7216,7288,7288,7132,7132,7132,7781,7781,7781,7529,7529,7529,7529,8465,8465,8465,8465,8530,8530,8530,7868,7868,7619,7619,8193,8193,8518,8518,8518,8153,8153,8153,8153,8239,8239,8263,8263,8759,8759,8206,8206,8206,6594,6594,6594,6594,8580,8580,8580,8580,8963,8963,8963,9115,9115,9479,9479,8905,8905,7980,7980,7980,8523,8523,8523,8352,8352,8352,7267,7267,7086,7086,7857,7857,7857,7099,7099,7099,6591,6591,6591,6591,5654,5654,5654,5654,6534,6534,6534,7004,7004,7786,7786,7786,6891,6891,6891,6891,6520,6520,6520,6520,6864,6864,6864,5742,5742,4167,4167,5176,5176,5176,6164,6164,6164,7287,7287,7390,7390,7315,7169,7169,7652,7652,8746,8746,9167,9167,9167,8284,8284,7174,7174,6953,6953,7058,7058,8518,8518,8518,7239,7239,7239,6717,6717,6717,4509,4509,4113,4113,5572,5572,6528,6528,6995,6995,6995,7051,7051,7051,6451,6451,6451,6382,6382,6699,6699,7550,7550,8109,8109,8109,7066,7066,7066,4983,4983,4983,4983,6531,6531,6531,6531,6865,6865,6865,7103,7103,7103,7018,7018,7018,6833,6833,6833,8641,8641,8641,6807,6807,6807,5852,5852,5852,5622,5622,5622,8348,8348,8348,9834,9834,9834,9498,9498,9498
25,0.5759999999999998455,5672,3525,3515,3515,3327,3327,3327,2677,2677,2677,2990,2990,2990,2990,2779,2779,2779,2779,3002,3002,3002,2576,2576,3366,3366,3366,3682,3682,3682,3682,2724,2724,2724,3404,3404,3295,3295,1545,1545,2312,2312,2312,2981,2981,2981,2981,3091,3091,3091,2944,2944,3763,3763,4668,4668,4671,4671,3668,3668,3668,4260,4260,4260,4260,3124,3124,2458,2458,1832,1832,2161,2161,1546,1546,1546,1358,1358,1453,1453,1543,1543,2242,2242,1971,1971,1971,1573,1573,1573,2314,2314,2314,3649,3649,2636,292,292,-1016,-1016,-1294,-1294,-633,-633,-322,-322,-1626,-1626,-1230,-1230,678,678,1662,1662,1984,1984,2533,2533,4046,4046,4041,4041,4652,4652,4652,4749,4749,4749,5427,5427,5427,5372,5372,5633,5633,4764,4764,4764,4016,4016,4016,3128,3128,3128,3447,3447,3447,3511,3511,3511,4130,4130,3976,3976,3976,3804,3804,3804,3804,5977,5977,5977,5977,6645,6645,6645,6405,6405,5027,5027,3970,3970,3516,3516,3516,4288,4288,4288,4288,5179,5179,5179,5179,6191,6191,6191,6465,6465,6560,6560,6446,6446,6446,5760,5760,5760,5760,5108,5108,5108,4311,4311,4311,5918,5918,6371,6371,6371,5048,5048,5048,5048,7412,7412,7412,7412,8256,8256,8256,8256,7917,7917,7113,7113,5894,5894,6752,6752,6752,5606,5606,5606,5978,5978,5978,4284,4284,4284,4533,4533,2989,2989,2989,3857,3857,3857,3857,4564,4564,4564,4564,6656,6656,6656,6656,8423,8423,8423,9016,9016,6813,6813,6813,6640,6640,6640,6383,6383,6383,6383,7652,7652,7652,7652,8086,8086,8542,8542,8345,8345,8345,7465,7465,7465,7465,9143,9143,9143,10140,10140,10140,10420,10420,9367,9367,8530,8530,8530,9255,9255,9255,9294,9294,9294,9294,7851,7851,7851,7851,6741,6741,5887,5887,5893,5893,5893,6037,6037,6037,6037,5384,5384,5384,5384,5384,4506,4506,4506,4506,4830,4830,4523,4523,5713,5713,5713,7186,7186,7186,7186,7901,7901,7901,7901,6237,6237,6237,5705,5705,5705,5827,5827,5201,5201,5201,6000,6000,6000,6287,6287,6287,6287,8588,8588,8588,8588,8840,8840,8840,8887,8887,8134,8134,8251,8251,8127,8127,8127,8389,8389,8389,8389,7572,7572,7747,7747,7933,7933,5524,5524,5524,5268,5268,5268,5268,7722,7722,7722,7722,8928,8928,8928,10013,10013,10259,10259,8171,8171,7688,7688,7688,6932,6932,6932,6186,6186,6186,4644,4644,5592,5592,5022,5022,5022,3672,3672,3672,4200,4200,4200,4200,2466,2466,2466,2466,3771,3771,3771,4259,4259,5130,5130,5130,4557,4557,4557,4557,3684,3684,3684,3684,4221,4221,4221,2333,2333,1168,1168,3663,3663,3663,3455,3455,3455,5077,5077,6582,6582,6785,6906,6906,7150,7150,8319,8319,9125,9125,9125,7726,7726,6310,6310,5573,5573,5559,5559,6311,6311,6311,4626,4626,4626,4518,4518,4518,1645,1645,1059,1059,3002,3002,4233,4233,4136,4136,4136,4780,4780,4780,3991,3991,3991,4257,4257,5118,5118,5966,5966,6871,6871,6871,5312,5312,5312,3757,3757,3757,3757,4373,4373,4373,4373,4692,4692,4692,5035,5035,5035,5735,5735,5735,5323,5323,5323,6523,6523,6523,5528,5528,5528,3898,3898,3898,4454,4454,4454,8054,8054,8054,10036,10036,10036,10441,10441,10441
26,0.775999999999999801,2875,-179,-717,-717,-944,-944,-944,-1969,-1969,-1969,-2231,-2231,-2231,-2231,-1489,-1489,-1489,-1489,-1389,-1389,-1389,-1947,-1947,-1446,-1446,-1446,-1382,-1382,-1382,-1382,-2082,-2082,-2082,-1409,-1409,-1655,-1655,-3127,-3127,-2370,-2370,-2370,-605,-605,-605,-605,-946,-946,-946,-1717,-1717,-441,-441,948,948,1205,1205,-1271,-1271,-1271,-316,-316,-316,-316,-1655,-1655,-2292,-2292,-2742,-2742,-2306,-2306,-2575,-2575,-2575,-3638,-3638,-3702,-3702,-2302,-2302,-1335,-1335,-2201,-2201,-2201,-3813,-3813,-3813,-1940,-1940,-1940,-1457,-1457,-2578,-4563,-4563,-6357,-6357,-5123,-5123,-2876,-2876,-2828,-2828,-4806,-4806,-5668,-5668,-4548,-4548,-3474,-3474,-2892,-2892,-2383,-2383,-1687,-1687,-1373,-1373,-449,-449,-449,109,109,109,678,678,678,-224,-224,-258,-258,-40,-40,-40,-1803,-1803,-1803,-2820,-2820,-2820,-3049,-3049,-3049,-1378,-1378,-1378,-1480,-1480,-1144,-1144,-1144,-1118,-1118,-1118,-1118,1319,1319,1319,1319,1472,1472,1472,1275,1275,104,104,-1115,-1115,-2701,-2701,-2701,-1047,-1047,-1047,-1047,451,451,451,451,1828,1828,1828,2526,2526,1959,1959,1707,1707,1707,549,549,549,549,-327,-327,-327,-614,-614,-614,917,917,1552,1552,1552,881,881,881,881,3090,3090,3090,3090,4285,4285,4285,4285,3623,3623,2637,2637,1079,1079,1918,1918,1918,-116,-116,-116,435,435,435,-1268,-1268,-1268,-1790,-1790,-3343,-3343,-3343,-3138,-3138,-3138,-3138,-2420,-2420,-2420,-2420,1713,1713,1713,1713,5445,5445,5445,5685,5685,2032,2032,2032,1437,1437,1437,1666,1666,1666,1666,3257,3257,3257,3257,4865,4865,3898,3898,2891,2891,2891,4519,4519,4519,4519,5213,5213,5213,6392,6392,6392,6728,6728,5583,5583,3950,3950,3950,4090,4090,4090,5490,5490,5490,5490,2631,2631,2631,2631,1084,1084,-345,-345,-1160,-1160,-1160,-1659,-1659,-1659,-1659,-205,-205,-205,-205,-205,-2391,-2391,-2391,-2391,-719,-719,-887,-887,-842,-842,-842,2526,2526,2526,2526,3545,3545,3545,3545,1521,1521,1521,-11,-11,-11,701,701,-1276,-1276,-1276,-185,-185,-185,1525,1525,1525,1525,4651,4651,4651,4651,4802,4802,4802,6056,6056,4833,4833,4277,4277,3393,3393,3393,5184,5184,5184,5184,3276,3276,3536,3536,2679,2679,-1081,-1081,-1081,433,433,433,433,2309,2309,2309,2309,4750,4750,4750,6983,6983,6332,6332,4079,4079,3868,3868,3868,304,304,304,-376,-376,-376,-1458,-1458,747,747,-1972,-1972,-1972,-2633,-2633,-2633,-953,-953,-953,-953,-3892,-3892,-3892,-3892,-2407,-2407,-2407,-1592,-1592,-1133,-1133,-1133,-1420,-1420,-1420,-1420,-2263,-2263,-2263,-2263,-2910,-2910,-2910,-4471,-4471,-4386,-4386,-1362,-1362,-1362,-2688,-2688,-2688,-1619,-1619,1776,1776,3175,3667,3667,3566,3566,3672,3672,4141,4141,4141,3206,3206,2248,2248,869,869,376,376,-166,-166,-166,-2331,-2331,-2331,-1719,-1719,-1719,-3748,-3748,-4666,-4666,-3131,-3131,-3225,-3225,-2626,-2626,-2626,-1388,-1388,-1388,-1661,-1661,-1661,-700,-700,-70,-70,213,213,1585,1585,1585,-52,-52,-52,-462,-462,-462,-462,-1002,-1002,-1002,-1002,-1030,-1030,-1030,53,53,53,759,759,759,628,628,628,458,458,458,894,894,894,-1873,-1873,-1873,-828,-828,-828,3216,3216,3216,5772,5772,5772,7561,7561,7561
27,0.9759999999999998677,-2242,-6312,-6276,-6276,-6568,-6568,-6568,-7347,-7347,-7347,-8503,-8503,-8503,-8503,-7057,-7057,-7057,-7057,-7096,-7096,-7096,-7651,-7651,-7844,-7844,-7844,-7984,-7984,-7984,-7984,-8070,-8070,-8070,-8149,-8149,-7915,-7915,-8193,-8193,-7115,-7115,-7115,-6203,-6203,-6203,-6203,-5993,-5993,-5993,-7582,-7582,-6839,-6839,-4618,-4618,-4283,-4283,-6460,-6460,-6460,-6047,-6047,-6047,-6047,-7605,-7605,-7968,-7968,-8109,-8109,-7385,-7385,-8461,-8461,-8461,-8863,-8863,-8415,-8415,-7281,-7281,-6000,-6000,-7208,-7208,-7208,-9266,-9266,-9266,-8135,-8135,-8135,-7537,-7537,-8823,-10323,-10323,-11800,-11800,-9091,-9091,-5400,-5400,-5331,-5331,-7269,-7269,-9544,-9544,-9885,-9885,-9090,-9090,-7959,-7959,-8425,-8425,-7423,-7423,-7763,-7763,-6814,-6814,-6814,-5460,-5460,-5460,-5247,-5247,-5247,-7313,-7313,-8565,-8565,-6090,-6090,-6090,-7810,-7810,-7810,-8736,-8736,-8736,-9285,-9285,-9285,-7524,-7524,-7524,-8302,-8302,-7008,-7008,-7008,-6740,-6740,-6740,-6740,-4311,-4311,-4311,-4311,-5510,-5510,-5510,-5220,-5220,-6382,-6382,-6872,-6872,-9723,-9723,-9723,-7525,-7525,-7525,-7525,-5717,-5717,-5717,-5717,-6071,-6071,-6071,-4733,-4733,-3974,-3974,-5023,-5023,-5023,-6288,-6288,-6288,-6288,-5993,-5993,-5993,-6637,-6637,-6637,-6526,-6526,-5677,-5677,-5677,-5456,-5456,-5456,-5456,-3611,-3611,-3611,-3611,-2613,-2613,-2613,-2613,-3479,-3479,-3369,-3369,-5667,-5667,-5553,-5553,-5553,-8276,-8276,-8276,-7981,-7981,-7981,-8918,-8918,-8918,-8917,-8917,-10977,-10977,-10977,-10509,-10509,-10509,-10509,-9465,-9465,-9465,-9465,-5228,-5228,-5228,-5228,-1710,-1710,-1710,-2174,-2174,-4402,-4402,-4402,-6160,-6160,-6160,-5413,-5413,-5413,-5413,-4221,-4221,-4221,-4221,-1433,-1433,-3390,-3390,-3832,-3832,-3832,51,51,51,51,-1217,-1217,-1217,-339,-339,-339,972,972,-1279,-1279,-3037,-3037,-3037,-4158,-4158,-4158,-2134,-2134,-2134,-2134,-5204,-5204,-5204,-5204,-6259,-6259,-7954,-7954,-8858,-8858,-8858,-10577,-10577,-10577,-10577,-7623,-7623,-7623,-7623,-7623,-10436,-10436,-10436,-10436,-8275,-8275,-7836,-7836,-8128,-8128,-8128,-3897,-3897,-3897,-3897,-3255,-3255,-3255,-3255,-6021,-6021,-6021,-6723,-6723,-6723,-7625,-7625,-8881,-8881,-8881,-8579,-8579,-8579,-4835,-4835,-4835,-4835,-2030,-2030,-2030,-2030,-1742,-1742,-1742,-311,-311,-1271,-1271,-2813,-2813,-3856,-3856,-3856,-1899,-1899,-1899,-1899,-2514,-2514,-5181,-5181,-6093,-6093,-9162,-9162,-9162,-5867,-5867,-5867,-5867,-5522,-5522,-5522,-5522,-2313,-2313,-2313,1212,1212,-261,-261,-4174,-4174,-3295,-3295,-3295,-8405,-8405,-8405,-8676,-8676,-8676,-8815,-8815,-6750,-6750,-9902,-9902,-9902,-11033,-11033,-11033,-8445,-8445,-8445,-8445,-10862,-10862,-10862,-10862,-9536,-9536,-9536,-9334,-9334,-10453,-10453,-10453,-9780,-9780,-9780,-9780,-9734,-9734,-9734,-9734,-10259,-10259,-10259,-12046,-12046,-9635,-9635,-8425,-8425,-8425,-9497,-9497,-9497,-9182,-9182,-5130,-5130,-3804,-3230,-3230,-2815,-2815,-3089,-3089,-2744,-2744,-2744,-3793,-3793,-5268,-5268,-6063,-6063,-6746,-6746,-9112,-9112,-9112,-10348,-10348,-10348,-9886,-9886,-9886,-9878,-9878,-11460,-11460,-11058,-11058,-11295,-11295,-10464,-10464,-10464,-9169,-9169,-9169,-8783,-8783,-8783,-7545,-7545,-6834,-6834,-7193,-7193,-6623,-6623,-6623,-7193,-7193,-7193,-5884,-5884,-5884,-5884,-7098,-7098,-7098,-7098,-8161,-8161,-8161,-6391,-6391,-6391,-5584,-5584,-5584,-5991,-5991,-5991,-7849,-7849,-7849,-6448,-6448,-6448,-8628,-8628,-8628,-7338,-7338,-7338,-5594,-5594,-5594,-2505,-2505,-2505,328,328,328
28,1.175999999999999934,-9601,-12722,-11914,-11914,-11835,-11835,-11835,-12195,-12195,-12195,-14555,-14555,-14555,-14555,-12932,-12932,-12932,-12932,-12474,-12474,-12474,-12886,-12886,-13920,-13920,-13920,-13838,-13838,-13838,-13838,-14421,-14421,-14421,-14092,-14092,-14124,-14124,-12019,-12019,-11337,-11337,-11337,-11364,-11364,-11364,-11364,-11927,-11927,-11927,-13238,-13238,-13335,-13335,-11405,-11405,-11010,-11010,-12756,-12756,-12756,-12983,-12983,-12983,-12983,-13812,-13812,-13467,-13467,-12644,-12644,-12298,-12298,-13520,-13520,-13520,-14209,-14209,-13363,-13363,-12649,-12649,-10999,-10999,-12344,-12344,-12344,-14377,-14377,-14377,-13759,-13759,-13759,-13959,-13959,-14404,-14558,-14558,-15448,-15448,-12248,-12248,-7605,-7605,-6525,-6525,-7810,-7810,-11462,-11462,-14208,-14208,-13923,-13923,-13264,-13264,-13925,-13925,-13614,-13614,-13927,-13927,-12843,-12843,-12843,-12234,-12234,-12234,-12400,-12400,-12400,-14745,-14745,-14819,-14819,-11700,-11700,-11700,-13482,-13482,-13482,-14509,-14509,-14509,-15012,-15012,-15012,-13281,-13281,-13281,-13015,-13015,-11677,-11677,-11677,-11707,-11707,-11707,-11707,-11682,-11682,-11682,-11682,-12937,-12937,-12937,-13410,-13410,-12571,-12571,-13094,-13094,-15584,-15584,-15584,-13553,-13553,-13553,-13553,-12161,-12161,-12161,-12161,-13852,-13852,-13852,-13339,-13339,-10811,-10811,-11998,-11998,-11998,-13442,-13442,-13442,-13442,-13313,-13313,-13313,-13450,-13450,-13450,-14763,-14763,-13112,-13112,-13112,-12142,-12142,-12142,-12142,-12239,-12239,-12239,-12239,-12578,-12578,-12578,-12578,-12859,-12859,-12179,-12179,-12673,-12673,-14418,-14418,-14418,-15738,-15738,-15738,-16758,-16758,-16758,-15694,-15694,-15694,-15534,-15534,-17160,-17160,-17160,-17215,-17215,-17215,-17215,-16214,-16214,-16214,-16214,-13028,-13028,-13028,-13028,-11168,-11168,-11168,-11338,-11338,-10294,-10294,-10294,-12248,-12248,-12248,-12879,-12879,-12879,-12879,-12827,-12827,-12827,-12827,-9555,-9555,-11493,-11493,-13073,-13073,-13073,-6338,-6338,-6338,-6338,-10394,-10394,-10394,-10719,-10719,-10719,-8733,-8733,-8290,-8290,-10467,-10467,-10467,-13220,-13220,-13220,-11266,-11266,-11266,-11266,-14310,-14310,-14310,-14310,-14903,-14903,-14726,-14726,-14691,-14691,-14691,-17879,-17879,-17879,-17879,-15112,-15112,-15112,-15112,-15112,-17498,-17498,-17498,-17498,-15494,-15494,-14546,-14546,-14832,-14832,-14832,-12104,-12104,-12104,-12104,-11806,-11806,-11806,-11806,-13644,-13644,-13644,-15307,-15307,-15307,-15605,-15605,-16383,-16383,-16383,-16354,-16354,-16354,-12042,-12042,-12042,-12042,-11502,-11502,-11502,-11502,-10835,-10835,-10835,-9070,-9070,-9091,-9091,-11904,-11904,-13520,-13520,-13520,-10455,-10455,-10455,-10455,-11080,-11080,-13117,-13117,-15443,-15443,-16688,-16688,-16688,-12492,-12492,-12492,-12492,-14790,-14790,-14790,-14790,-11960,-11960,-11960,-10437,-10437,-10818,-10818,-13028,-13028,-11782,-11782,-11782,-16870,-16870,-16870,-17015,-17015,-17015,-16123,-16123,-14146,-14146,-17459,-17459,-17459,-17372,-17372,-17372,-15389,-15389,-15389,-15389,-17427,-17427,-17427,-17427,-16389,-16389,-16389,-16676,-16676,-17736,-17736,-17736,-17710,-17710,-17710,-17710,-16811,-16811,-16811,-16811,-18109,-18109,-18109,-17758,-17758,-14889,-14889,-14345,-14345,-14345,-15952,-15952,-15952,-17097,-17097,-14430,-14430,-13164,-11760,-11760,-11671,-11671,-12904,-12904,-13137,-13137,-13137,-13414,-13414,-14091,-14091,-14125,-14125,-15144,-15144,-17374,-17374,-17374,-17559,-17559,-17559,-16626,-16626,-16626,-15026,-15026,-15934,-15934,-16784,-16784,-17562,-17562,-17552,-17552,-17552,-16631,-16631,-16631,-14837,-14837,-14837,-14656,-14656,-14232,-14232,-15158,-15158,-14744,-14744,-14744,-15105,-15105,-15105,-12000,-12000,-12000,-12000,-14346,-14346,-14346,-14346,-15520,-15520,-15520,-13070,-13070,-13070,-12798,-12798,-12798,-13703,-13703,-13703,-16153,-16153,-16153,-13356,-13356,-13356,-15159,-15159,-15159,-13723,-13723,-13723,-13916,-13916,-13916,-12672,-12672,-12672,-10336,-10336,-10336
29,1.37599999999999989,-16041,-16566,-14814,-14814,-13779,-13779,-13779,-13893,-13893,-13893,-17370,-17370,-17370,-17370,-16153,-16153,-16153,-16153,-15492,-15492,-15492,-14516,-14516,-16994,-16994,-16994,-17401,-17401,-17401,-17401,-17225,-17225,-17225,-17325,-17325,-17070,-17070,-12666,-12666,-11831,-11831,-11831,-14258,-14258,-14258,-14258,-15315,-15315,-15315,-16505,-16505,-17084,-17084,-16319,-16319,-16049,-16049,-16318,-16318,-16318,-17056,-17056,-17056,-17056,-17053,-17053,-16019,-16019,-13972,-13972,-14816,-14816,-15943,-15943,-15943,-16337,-16337,-15184,-15184,-15059,-15059,-13380,-13380,-14528,-14528,-14528,-16502,-16502,-16502,-16952,-16952,-16952,-17685,-17685,-16368,-14789,-14789,-12954,-12954,-10826,-10826,-7203,-7203,-5006,-5006,-4715,-4715,-8934,-8934,-14076,-14076,-15446,-15446,-15034,-15034,-16454,-16454,-16787,-16787,-16524,-16524,-16637,-16637,-16637,-15912,-15912,-15912,-16903,-16903,-16903,-18480,-18480,-17734,-17734,-14873,-14873,-14873,-15171,-15171,-15171,-16144,-16144,-16144,-15878,-15878,-15878,-15390,-15390,-15390,-14289,-14289,-12500,-12500,-12500,-14302,-14302,-14302,-14302,-16515,-16515,-16515,-16515,-18059,-18059,-18059,-18190,-18190,-16130,-16130,-15799,-15799,-17173,-17173,-17173,-16772,-16772,-16772,-16772,-16224,-16224,-16224,-16224,-19041,-19041,-19041,-18297,-18297,-14894,-14894,-16604,-16604,-16604,-17857,-17857,-17857,-17857,-17636,-17636,-17636,-16545,-16545,-16545,-19197,-19197,-17832,-17832,-17832,-16393,-16393,-16393,-16393,-18190,-18190,-18190,-18190,-19183,-19183,-19183,-19183,-19051,-19051,-17591,-17591,-16932,-16932,-19482,-19482,-19482,-20222,-20222,-20222,-21265,-21265,-21265,-18838,-18838,-18838,-18693,-18693,-19729,-19729,-19729,-19566,-19566,-19566,-19566,-18965,-18965,-18965,-18965,-17901,-17901,-17901,-17901,-18163,-18163,-18163,-18226,-18226,-14073,-14073,-14073,-15943,-15943,-15943,-17899,-17899,-17899,-17899,-18062,-18062,-18062,-18062,-15654,-15654,-17271,-17271,-17855,-17855,-17855,-11711,-11711,-11711,-11711,-17100,-17100,-17100,-18303,-18303,-18303,-16027,-16027,-14748,-14748,-15808,-15808,-15808,-18581,-18581,-18581,-18300,-18300,-18300,-18300,-19698,-19698,-19698,-19698,-19552,-19552,-17713,-17713,-16102,-16102,-16102,-20825,-20825,-20825,-20825,-19463,-19463,-19463,-19463,-19463,-20692,-20692,-20692,-20692,-19168,-19168,-18156,-18156,-18007,-18007,-18007,-17151,-17151,-17151,-17151,-18369,-18369,-18369,-18369,-18265,-18265,-18265,-19612,-19612,-19612,-19797,-19797,-19544,-19544,-19544,-20021,-20021,-20021,-16498,-16498,-16498,-16498,-18487,-18487,-18487,-18487,-18034,-18034,-18034,-16590,-16590,-15545,-15545,-17396,-17396,-18742,-18742,-18742,-17817,-17817,-17817,-17817,-17411,-17411,-18490,-18490,-20051,-20051,-19764,-19764,-19764,-16348,-16348,-16348,-16348,-19683,-19683,-19683,-19683,-19029,-19029,-19029,-18184,-18184,-18688,-18688,-18979,-18979,-18802,-18802,-18802,-20572,-20572,-20572,-21279,-21279,-21279,-19521,-19521,-18430,-18430,-20634,-20634,-20634,-19608,-19608,-19608,-19256,-19256,-19256,-19256,-20019,-20019,-20019,-20019,-19953,-19953,-19953,-20339,-20339,-21508,-21508,-21508,-20674,-20674,-20674,-20674,-20096,-20096,-20096,-20096,-21265,-21265,-21265,-19347,-19347,-16177,-16177,-17350,-17350,-17350,-19161,-19161,-19161,-20704,-20704,-19768,-19768,-18936,-18417,-18417,-18261,-18261,-19404,-19404,-19767,-19767,-19767,-19470,-19470,-18982,-18982,-19073,-19073,-19684,-19684,-21876,-21876,-21876,-20773,-20773,-20773,-20127,-20127,-20127,-16890,-16890,-15957,-15957,-18105,-18105,-19888,-19888,-19877,-19877,-19877,-19553,-19553,-19553,-17832,-17832,-17832,-18102,-18102,-18603,-18603,-19170,-19170,-19332,-19332,-19332,-18880,-18880,-18880,-15819,-15819,-15819,-15819,-17902,-17902,-17902,-17902,-19120,-19120,-19120,-17393,-17393,-17393,-17603,-17603,-17603,-18325,-18325,-18325,-20212,-20212,-20212,-18031,-18031,-18031,-18320,-18320,-18320,-17369,-17369,-17369,-19587,-19587,-19587,-19583,-19583,-19583,-18501,-18501,-18501
30,1.575999999999999845,-19441,-17721,-13920,-13920,-11449,-11449,-11449,-12050,-12050,-12050,-15899,-15899,-15899,-15899,-15680,-15680,-15680,-15680,-14480,-14480,-14480,-12273,-12273,-16262,-16262,-16262,-17282,-17282,-17282,-17282,-16099,-16099,-16099,-16216,-16216,-14460,-14460,-9709,-9709,-9505,-9505,-9505,-13460,-13460,-13460,-13460,-15897,-15897,-15897,-16506,-16506,-17887,-17887,-18349,-18349,-18173,-18173,-16217,-16217,-16217,-18626,-18626,-18626,-18626,-16591,-16591,-14706,-14706,-11049,-11049,-13060,-13060,-13718,-13718,-13718,-13514,-13514,-12504,-12504,-13931,-13931,-12164,-12164,-12703,-12703,-12703,-13519,-13519,-13519,-16801,-16801,-16801,-16963,-16963,-13136,-9334,-9334,-5133,-5133,-5500,-5500,-4500,-4500,-2245,-2245,-877,-877,-3423,-3423,-8459,-8459,-12247,-12247,-13551,-13551,-14431,-14431,-16832,-16832,-15414,-15414,-16752,-16752,-16752,-16917,-16917,-16917,-18325,-18325,-18325,-18606,-18606,-17161,-17161,-14722,-14722,-14722,-11446,-11446,-11446,-12452,-12452,-12452,-11976,-11976,-11976,-12842,-12842,-12842,-10902,-10902,-9773,-9773,-9773,-13288,-13288,-13288,-13288,-19049,-19049,-19049,-19049,-19690,-19690,-19690,-19421,-19421,-16623,-16623,-15678,-15678,-14529,-14529,-14529,-16612,-16612,-16612,-16612,-16404,-16404,-16404,-16404,-20562,-20562,-20562,-20143,-20143,-16891,-16891,-18606,-18606,-18606,-19282,-19282,-19282,-19282,-18936,-18936,-18936,-16696,-16696,-16696,-19726,-19726,-18831,-18831,-18831,-17251,-17251,-17251,-17251,-21671,-21671,-21671,-21671,-23128,-23128,-23128,-23128,-22703,-22703,-21286,-21286,-18181,-18181,-21064,-21064,-21064,-20817,-20817,-20817,-22739,-22739,-22739,-18471,-18471,-18471,-17604,-17604,-18023,-18023,-18023,-17176,-17176,-17176,-17176,-17996,-17996,-17996,-17996,-20175,-20175,-20175,-20175,-22387,-22387,-22387,-22570,-22570,-16059,-16059,-16059,-16711,-16711,-16711,-19858,-19858,-19858,-19858,-20484,-20484,-20484,-20484,-19794,-19794,-20179,-20179,-20096,-20096,-20096,-16483,-16483,-16483,-16483,-20760,-20760,-20760,-23303,-23303,-23303,-20963,-20963,-18482,-18482,-18815,-18815,-18815,-21075,-21075,-21075,-22154,-22154,-22154,-22154,-22579,-22579,-22579,-22579,-21742,-21742,-17800,-17800,-14743,-14743,-14743,-19165,-19165,-19165,-19165,-21360,-21360,-21360,-21360,-21360,-19762,-19762,-19762,-19762,-20266,-20266,-18918,-18918,-17726,-17726,-17726,-19665,-19665,-19665,-19665,-22338,-22338,-22338,-22338,-20247,-20247,-20247,-20217,-20217,-20217,-21481,-21481,-19107,-19107,-19107,-20273,-20273,-20273,-18741,-18741,-18741,-18741,-22496,-22496,-22496,-22496,-22364,-22364,-22364,-21693,-21693,-19580,-19580,-21045,-21045,-22643,-22643,-22643,-21931,-21931,-21931,-21931,-20429,-20429,-20917,-20917,-21895,-21895,-18859,-18859,-18859,-17150,-17150,-17150,-17150,-22169,-22169,-22169,-22169,-23229,-23229,-23229,-23247,-23247,-23379,-23379,-21756,-21756,-22141,-22141,-22141,-21476,-21476,-21476,-22039,-22039,-22039,-19372,-19372,-20058,-20058,-19630,-19630,-19630,-16783,-16783,-16783,-19727,-19727,-19727,-19727,-17923,-17923,-17923,-17923,-19865,-19865,-19865,-19732,-19732,-20995,-20995,-20995,-19481,-19481,-19481,-19481,-20190,-20190,-20190,-20190,-20216,-20216,-20216,-15602,-15602,-12809,-12809,-16049,-16049,-16049,-18278,-18278,-18278,-20340,-20340,-22169,-22169,-21606,-21788,-21788,-22031,-22031,-23352,-23352,-23747,-23747,-23747,-22554,-22554,-22032,-22032,-21153,-21153,-21312,-21312,-22308,-22308,-22308,-19765,-19765,-19765,-18928,-18928,-18928,-13504,-13504,-10612,-10612,-14454,-14454,-17018,-17018,-17868,-17868,-17868,-18772,-18772,-18772,-17177,-17177,-17177,-17685,-17685,-19560,-19560,-19802,-19802,-20432,-20432,-20432,-18377,-18377,-18377,-16040,-16040,-16040,-16040,-18557,-18557,-18557,-18557,-19997,-19997,-19997,-18895,-18895,-18895,-19304,-19304,-19304,-19601,-19601,-19601,-20497,-20497,-20497,-19638,-19638,-19638,-17139,-17139,-17139,-16972,-16972,-16972,-21813,-21813,-21813,-23547,-23547,-23547,-23683,-23683,-23683
31,1.775999999999999801,-19418,-14854,-9332,-9332,-6521,-6521,-6521,-7450,-7450,-7450,-9781,-9781,-9781,-9781,-10847,-10847,-10847,-10847,-9847,-9847,-9847,-6994,-6994,-10684,-10684,-10684,-11765,-11765,-11765,-11765,-10600,-10600,-10600,-10112,-10112,-8108,-8108,-5568,-5568,-5066,-5066,-5066,-9190,-9190,-9190,-9190,-12164,-12164,-12164,-11929,-11929,-13661,-13661,-16206,-16206,-15981,-15981,-11507,-11507,-11507,-15509,-15509,-15509,-15509,-11521,-11521,-9720,-9720,-6172,-6172,-7447,-7447,-8105,-8105,-8105,-6629,-6629,-7272,-7272,-9033,-9033,-8222,-8222,-7363,-7363,-7363,-7940,-7940,-7940,-12359,-12359,-12359,-10694,-10694,-6163,-2244,-2244,3070,3070,616,616,-1341,-1341,159,159,2233,2233,1360,1360,-1133,-1133,-6539,-6539,-9135,-9135,-9962,-9962,-11987,-11987,-10422,-10422,-12770,-12770,-12770,-13540,-13540,-13540,-15184,-15184,-15184,-13541,-13541,-11643,-11643,-11074,-11074,-11074,-5361,-5361,-5361,-6344,-6344,-6344,-5315,-5315,-5315,-6839,-6839,-6839,-5709,-5709,-5622,-5622,-5622,-9567,-9567,-9567,-9567,-17856,-17856,-17856,-17856,-16384,-16384,-16384,-15780,-15780,-12682,-12682,-11444,-11444,-8064,-8064,-8064,-11722,-11722,-11722,-11722,-12646,-12646,-12646,-12646,-17542,-17542,-17542,-17519,-17519,-15970,-15970,-17175,-17175,-17175,-16739,-16739,-16739,-16739,-15920,-15920,-15920,-12918,-12918,-12918,-15184,-15184,-14941,-14941,-14941,-13796,-13796,-13796,-13796,-21104,-21104,-21104,-21104,-23802,-23802,-23802,-23802,-22428,-22428,-21591,-21591,-15664,-15664,-17578,-17578,-17578,-15799,-15799,-15799,-18576,-18576,-18576,-12810,-12810,-12810,-11140,-11140,-11336,-11336,-11336,-9947,-9947,-9947,-9947,-12215,-12215,-12215,-12215,-18689,-18689,-18689,-18689,-23168,-23168,-23168,-22992,-22992,-15377,-15377,-15377,-14287,-14287,-14287,-18254,-18254,-18254,-18254,-19256,-19256,-19256,-19256,-21488,-21488,-20834,-20834,-18840,-18840,-18840,-19246,-19246,-19246,-19246,-21278,-21278,-21278,-24681,-24681,-24681,-23581,-23581,-20200,-20200,-19714,-19714,-19714,-20253,-20253,-20253,-23036,-23036,-23036,-23036,-21438,-21438,-21438,-21438,-20337,-20337,-13621,-13621,-10659,-10659,-10659,-12907,-12907,-12907,-12907,-19056,-19056,-19056,-19056,-19056,-12997,-12997,-12997,-12997,-16366,-16366,-15722,-15722,-12017,-12017,-12017,-19076,-19076,-19076,-19076,-23940,-23940,-23940,-23940,-19576,-19576,-19576,-15569,-15569,-15569,-18585,-18585,-13989,-13989,-13989,-15848,-15848,-15848,-17711,-17711,-17711,-17711,-22898,-22898,-22898,-22898,-23416,-23416,-23416,-23592,-23592,-21322,-21322,-21406,-21406,-23039,-23039,-23039,-22787,-22787,-22787,-22787,-20860,-20860,-19567,-19567,-18203,-18203,-12335,-12335,-12335,-14808,-14808,-14808,-14808,-19257,-19257,-19257,-19257,-24551,-24551,-24551,-25402,-25402,-24969,-24969,-21709,-21709,-22468,-22468,-22468,-16938,-16938,-16938,-17377,-17377,-17377,-14889,-14889,-17551,-17551,-13326,-13326,-13326,-8963,-8963,-8963,-15628,-15628,-15628,-15628,-10840,-10840,-10840,-10840,-14860,-14860,-14860,-13869,-13869,-14247,-14247,-14247,-12928,-12928,-12928,-12928,-15460,-15460,-15460,-15460,-13114,-13114,-13114,-6604,-6604,-7018,-7018,-10696,-10696,-10696,-12607,-12607,-12607,-14385,-14385,-19768,-19768,-20467,-21071,-21071,-22618,-22618,-23390,-23390,-23932,-23932,-23932,-21802,-21802,-20840,-20840,-19483,-19483,-18283,-18283,-16114,-16114,-16114,-13204,-13204,-13204,-11328,-11328,-11328,-7271,-7271,-3986,-3986,-6423,-6423,-8516,-8516,-11141,-11141,-11141,-12464,-12464,-12464,-12134,-12134,-12134,-12779,-12779,-16159,-16159,-15274,-15274,-16482,-16482,-16482,-13325,-13325,-13325,-12407,-12407,-12407,-12407,-14733,-14733,-14733,-14733,-16131,-16131,-16131,-17309,-17309,-17309,-17317,-17317,-17317,-17405,-17405,-17405,-16026,-16026,-16026,-17085,-17085,-17085,-11347,-11347,-11347,-11807,-11807,-11807,-19904,-19904,-19904,-24407,-24407,-24407,-25118,-25118,-25118
32,1.975999999999999979,-13673,-6258,-2183,-2183,-580,-580,-580,-1693,-1693,-1693,-828,-828,-828,-828,-2642,-2642,-2642,-2642,-3143,-3143,-3143,-589,-589,-1683,-1683,-1683,-3097,-3097,-3097,-3097,-2278,-2278,-2278,-1321,-1321,871,871,-399,-399,-59,-59,-59,-2610,-2610,-2610,-2610,-3872,-3872,-3872,-4867,-4867,-5814,-5814,-8135,-8135,-7575,-7575,-3161,-3161,-3161,-7271,-7271,-7271,-7271,-3627,-3627,-2672,-2672,-324,-324,-1504,-1504,-406,-406,-406,566,566,-723,-723,-2041,-2041,-2371,-2371,-813,-813,-813,-192,-192,-192,-3525,-3525,-3525,-674,-674,1847,4949,4949,8105,8105,5539,5539,1589,1589,1563,1563,3565,3565,5042,5042,5582,5582,492,492,-3254,-3254,-3488,-3488,-5059,-5059,-2440,-2440,-5554,-5554,-5554,-6288,-6288,-6288,-7277,-7277,-7277,-3612,-3612,-3213,-3213,-4501,-4501,-4501,1319,1319,1319,1394,1394,1394,1224,1224,1224,67,67,67,245,245,-387,-387,-387,-3224,-3224,-3224,-3224,-10454,-10454,-10454,-10454,-6728,-6728,-6728,-5755,-5755,-5163,-5163,-4682,-4682,-471,-471,-471,-3862,-3862,-3862,-3862,-5608,-5608,-5608,-5608,-7980,-7980,-7980,-8219,-8219,-9017,-9017,-10090,-10090,-10090,-8618,-8618,-8618,-8618,-7862,-7862,-7862,-5397,-5397,-5397,-3801,-3801,-6263,-6263,-6263,-5471,-5471,-5471,-5471,-13855,-13855,-13855,-13855,-17942,-17942,-17942,-17942,-15731,-15731,-15452,-15452,-8512,-8512,-7556,-7556,-7556,-4023,-4023,-4023,-5503,-5503,-5503,-4034,-4034,-4034,-643,-643,-531,-531,-531,1579,1579,1579,1579,-2496,-2496,-2496,-2496,-11172,-11172,-11172,-11172,-17619,-17619,-17619,-16047,-16047,-9583,-9583,-9583,-8411,-8411,-8411,-11595,-11595,-11595,-11595,-12032,-12032,-12032,-12032,-18526,-18526,-15723,-15723,-12285,-12285,-12285,-18389,-18389,-18389,-18389,-16075,-16075,-16075,-21055,-21055,-21055,-21831,-21831,-17515,-17515,-15690,-15690,-15690,-13803,-13803,-13803,-18020,-18020,-18020,-18020,-14484,-14484,-14484,-14484,-12866,-12866,-6685,-6685,-4152,-4152,-4152,-1766,-1766,-1766,-1766,-10112,-10112,-10112,-10112,-10112,-3574,-3574,-3574,-3574,-7151,-7151,-6742,-6742,-1534,-1534,-1534,-13857,-13857,-13857,-13857,-20068,-20068,-20068,-20068,-14234,-14234,-14234,-4651,-4651,-4651,-8973,-8973,-3528,-3528,-3528,-4586,-4586,-4586,-10938,-10938,-10938,-10938,-15740,-15740,-15740,-15740,-18687,-18687,-18687,-20285,-20285,-18013,-18013,-15731,-15731,-16737,-16737,-16737,-17408,-17408,-17408,-17408,-15867,-15867,-12745,-12745,-7714,-7714,-2446,-2446,-2446,-8521,-8521,-8521,-8521,-10292,-10292,-10292,-10292,-20822,-20822,-20822,-22699,-22699,-20933,-20933,-15915,-15915,-16715,-16715,-16715,-5743,-5743,-5743,-4860,-4860,-4860,-4343,-4343,-9294,-9294,-816,-816,-816,1407,1407,1407,-5434,-5434,-5434,-5434,-642,-642,-642,-642,-5325,-5325,-5325,-3310,-3310,-2073,-2073,-2073,-1545,-1545,-1545,-1545,-5166,-5166,-5166,-5166,-416,-416,-416,2967,2967,-376,-376,-1799,-1799,-1799,-2488,-2488,-2488,-2124,-2124,-10265,-10265,-12132,-14243,-14243,-16722,-16722,-17021,-17021,-17105,-17105,-17105,-15545,-15545,-13694,-13694,-11277,-11277,-8074,-8074,-3365,-3365,-3365,-1457,-1457,-1457,-849,-849,-849,74,74,1887,1887,1700,1700,2600,2600,-1066,-1066,-1066,-3367,-3367,-3367,-4946,-4946,-4946,-3377,-3377,-7508,-7508,-5162,-5162,-7300,-7300,-7300,-3354,-3354,-3354,-5614,-5614,-5614,-5614,-6682,-6682,-6682,-6682,-7140,-7140,-7140,-10953,-10953,-10953,-10034,-10034,-10034,-9694,-9694,-9694,-4845,-4845,-4845,-8946,-8946,-8946,-2800,-2800,-2800,-3459,-3459,-3459,-10736,-10736,-10736,-19074,-19074,-19074,-21156,-21156,-21156
33,2.175999999999999712,-3985,1540,3983,3983,4519,4519,4519,3951,3951,3951,5920,5920,5920,5920,4856,4856,4856,4856,3788,3788,3788,5053,5053,6868,6868,6868,5590,5590,5590,5590,4570,4570,4570,6726,6726,6691,6691,4073,4073,4615,4615,4615,3324,3324,3324,3324,3546,3546,3546,2835,2835,3792,3792,2076,2076,3179,3179,3800,3800,3800,1960,1960,1960,1960,3592,3592,3974,3974,3989,3989,4274,4274,4964,4964,4964,6107,6107,4769,4769,4169,4169,2452,2452,4772,4772,4772,5955,5955,5955,3977,3977,3977,7419,7419,7084,8273,8273,9478,9478,7153,7153,3750,3750,2375,2375,3437,3437,6236,6236,8622,8622,6308,6308,2282,2282,2410,2410,3782,3782,4803,4803,2643,2643,2643,1459,1459,1459,2711,2711,2711,6264,6264,6207,6207,2323,2323,2323,5927,5927,5927,6301,6301,6301,5714,5714,5714,5021,5021,5021,5064,5064,4056,4056,4056,2731,2731,2731,2731,1321,1321,1321,1321,4397,4397,4397,4070,4070,2117,2117,2946,2946,5841,5841,5841,4532,4532,4532,4532,1268,1268,1268,1268,2415,2415,2415,3329,3329,141,141,847,847,847,1899,1899,1899,1899,2135,2135,2135,1529,1529,1529,7068,7068,4613,4613,4613,2309,2309,2309,2309,-869,-869,-869,-869,-4378,-4378,-4378,-4378,-903,-903,-3017,-3017,10,10,5339,5339,5339,6812,6812,6812,7862,7862,7862,5154,5154,5154,8757,8757,9236,9236,9236,8977,8977,8977,8977,6087,6087,6087,6087,717,717,717,717,-3579,-3579,-3579,-2581,-2581,-1152,-1152,-1152,-440,-440,-440,-867,-867,-867,-867,-257,-257,-257,-257,-8478,-8478,-5760,-5760,-73,-73,-73,-11955,-11955,-11955,-11955,-2498,-2498,-2498,-8886,-8886,-8886,-13702,-13702,-8561,-8561,-4947,-4947,-4947,-1256,-1256,-1256,-6292,-6292,-6292,-6292,-1979,-1979,-1979,-1979,-140,-140,2313,2313,4165,4165,4165,7300,7300,7300,7300,2624,2624,2624,2624,2624,6255,6255,6255,6255,5372,5372,3253,3253,8724,8724,8724,-4644,-4644,-4644,-4644,-9743,-9743,-9743,-9743,-5500,-5500,-5500,7080,7080,7080,4493,4493,6609,6609,6609,7245,7245,7245,708,708,708,708,-2135,-2135,-2135,-2135,-6390,-6390,-6390,-8906,-8906,-8148,-8148,-2904,-2904,-3973,-3973,-3973,-4756,-4756,-4756,-4756,-4078,-4078,1585,1585,5644,5644,6183,6183,6183,71,71,71,71,4402,4402,4402,4402,-10008,-10008,-10008,-12997,-12997,-8504,-8504,-4302,-4302,-4268,-4268,-4268,5379,5379,5379,7822,7822,7822,4371,4371,2542,2542,8604,8604,8604,9183,9183,9183,4621,4621,4621,4621,6612,6612,6612,6612,4902,4902,4902,7402,7402,8477,8477,8477,8587,8587,8587,8587,4696,4696,4696,4696,9549,9549,9549,7707,7707,5406,5406,5518,5518,5518,6663,6663,6663,9673,9673,3026,3026,1348,-526,-526,-3918,-3918,-3377,-3377,-4329,-4329,-4329,-3152,-3152,-369,-369,453,453,4055,4055,10145,10145,10145,7812,7812,7812,7868,7868,7868,5023,5023,4950,4950,7181,7181,8741,8741,5437,5437,5437,5234,5234,5234,2287,2287,2287,4113,4113,2637,2637,5136,5136,4759,4759,4759,5090,5090,5090,1833,1833,1833,1833,2708,2708,2708,2708,2902,2902,2902,-679,-679,-679,-877,-877,-877,1947,1947,1947,7116,7116,7116,1999,1999,1999,4428,4428,4428,3827,3827,3827,3132,3132,3132,-6312,-6312,-6312,-10249,-10249,-10249
34,2.37599999999999989,6588,7876,7993,7993,7193,7193,7193,7453,7453,7453,9425,9425,9425,9425,9331,9331,9331,9331,7818,7818,7818,7843,7843,10688,10688,10688,9955,9955,9955,9955,8684,8684,8684,10198,10198,9154,9154,6738,6738,6679,6679,6679,6783,6783,6783,6783,8239,8239,8239,7566,7566,9230,9230,9450,9450,9759,9759,8402,8402,8402,8478,8478,8478,8478,7887,7887,7336,7336,6143,6143,7395,7395,7276,7276,7276,8038,8038,7630,7630,7356,7356,5743,5743,7842,7842,7842,8329,8329,8329,9110,9110,9110,10827,10827,9642,8640,8640,7310,7310,6927,6927,4635,4635,2491,2491,2658,2658,5475,5475,8646,8646,9102,9102,6303,6303,6470,6470,8723,8723,9569,9569,7815,7815,7815,6861,6861,6861,9008,9008,9008,11323,11323,10843,10843,7140,7140,7140,7085,7085,7085,7930,7930,7930,7174,7174,7174,6837,6837,6837,7260,7260,6816,6816,6816,6541,6541,6541,6541,9462,9462,9462,9462,8985,8985,8985,8355,8355,6965,6965,8150,8150,8290,8290,8290,8331,8331,8331,8331,5506,5506,5506,5506,9626,9626,9626,10393,10393,7846,7846,9003,9003,9003,8149,8149,8149,8149,7966,7966,7966,6239,6239,6239,11569,11569,10235,10235,10235,7604,7604,7604,7604,10956,10956,10956,10956,10948,10948,10948,10948,12324,12324,8431,8431,6501,6501,12295,12295,12295,11791,11791,11791,14769,14769,14769,9956,9956,9956,12676,12676,12568,12568,12568,12301,12301,12301,12301,10634,10634,10634,10634,10545,10545,10545,10545,10988,10988,10988,12795,12795,7405,7405,7405,6848,6848,6848,8568,8568,8568,8568,9722,9722,9722,9722,4740,4740,7819,7819,10139,10139,10139,424,424,424,424,8527,8527,8527,7028,7028,7028,2326,2326,2988,2988,7169,7169,7169,9312,9312,9312,8577,8577,8577,8577,10100,10100,10100,10100,10676,10676,8317,8317,9617,9617,9617,10978,10978,10978,10978,12360,12360,12360,12360,12360,10470,10470,10470,10470,11897,11897,10456,10456,13567,13567,13567,4456,4456,4456,4456,6748,6748,6748,6748,3904,3904,3904,10933,10933,10933,13180,13180,11365,11365,11365,13141,13141,13141,8875,8875,8875,8875,12356,12356,12356,12356,8874,8874,8874,6422,6422,5475,5475,9552,9552,11390,11390,11390,9419,9419,9419,9419,7074,7074,10648,10648,13515,13515,10164,10164,10164,7180,7180,7180,7180,12601,12601,12601,12601,8905,8905,8905,6370,6370,8241,8241,8775,8775,9365,9365,9365,11872,11872,11872,13245,13245,13245,10065,10065,10675,10675,11897,11897,11897,11741,11741,11741,9860,9860,9860,9860,9486,9486,9486,9486,9786,9786,9786,11135,11135,12194,12194,12194,12233,12233,12233,12233,10208,10208,10208,10208,12096,12096,12096,9366,9366,8168,8168,9245,9245,9245,10429,10429,10429,12968,12968,12945,12945,11905,11132,11132,9278,9278,11467,11467,11573,11573,11573,9411,9411,10695,10695,9489,9489,12970,12970,14643,14643,14643,12136,12136,12136,10393,10393,10393,7161,7161,5907,5907,9526,9526,10836,10836,8993,8993,8993,10037,10037,10037,5956,5956,5956,7738,7738,9262,9262,9076,9076,12184,12184,12184,9607,9607,9607,6958,6958,6958,6958,7917,7917,7917,7917,9691,9691,9691,7752,7752,7752,7926,7926,7926,10463,10463,10463,12229,12229,12229,10530,10530,10530,7803,7803,7803,8255,8255,8255,12973,12973,12973,9898,9898,9898,7923,7923,7923
35,2.576000000000000068,11652,11100,9148,9148,7851,7851,7851,9173,9173,9173,10156,10156,10156,10156,10395,10395,10395,10395,9303,9303,9303,8385,8385,11218,11218,11218,10991,10991,10991,10991,10005,10005,10005,10261,10261,8596,8596,7879,7879,7101,7101,7101,8014,8014,8014,8014,10201,10201,10201,10004,10004,11490,11490,12721,12721,12161,12161,9973,9973,9973,11353,11353,11353,11353,9707,9707,8753,8753,6888,6888,8203,8203,7704,7704,7704,7943,7943,8182,8182,8465,8465,7396,7396,8609,8609,8609,8398,8398,8398,10851,10851,10851,10997,10997,9541,7138,7138,3797,3797,5701,5701,5121,5121,2610,2610,2042,2042,3886,3886,6353,6353,9020,9020,8389,8389,8921,8921,10771,10771,10648,10648,10137,10137,10137,8982,8982,8982,11220,11220,11220,12245,12245,11430,11430,9033,9033,9033,5561,5561,5561,6721,6721,6721,6468,6468,6468,6368,6368,6368,7070,7070,7280,7280,7280,7671,7671,7671,7671,12390,12390,12390,12390,9155,9155,9155,8394,8394,8802,8802,9927,9927,8029,8029,8029,9125,9125,9125,9125,7642,7642,7642,7642,11678,11678,11678,11922,11922,11361,11361,11853,11853,11853,10222,10222,10222,10222,10110,10110,10110,8333,8333,8333,11267,11267,11742,11742,11742,9212,9212,9212,9212,14842,14842,14842,14842,16513,16513,16513,16513,15970,15970,13686,13686,9724,9724,13138,13138,13138,11981,11981,11981,14146,14146,14146,11323,11323,11323,12511,12511,11834,11834,11834,11138,11138,11138,11138,11848,11848,11848,11848,13866,13866,13866,13866,16263,16263,16263,16685,16685,11754,11754,11754,10351,10351,10351,12372,12372,12372,12372,12818,12818,12818,12818,14042,14042,14589,14589,13863,13863,13863,10954,10954,10954,10954,14413,14413,14413,16891,16891,16891,13823,13823,10272,10272,13613,13613,13613,14032,14032,14032,15356,15356,15356,15356,14545,14545,14545,14545,14538,14538,11478,11478,11406,11406,11406,11636,11636,11636,11636,14994,14994,14994,14994,14994,11604,11604,11604,11604,13887,13887,13001,13001,13058,13058,13058,9923,9923,9923,9923,15123,15123,15123,15123,9729,9729,9729,10011,10011,10011,15132,15132,12221,12221,12221,13393,13393,13393,12496,12496,12496,12496,15816,15816,15816,15816,15191,15191,15191,15530,15530,13496,13496,14991,14991,16428,16428,16428,14988,14988,14988,14988,13227,13227,14026,14026,14764,14764,11116,11116,11116,10844,10844,10844,10844,14024,14024,14024,14024,16545,16545,16545,16729,16729,17008,17008,13997,13997,15300,15300,15300,12554,12554,12554,13200,13200,13200,11178,11178,13112,13112,11767,11767,11767,10618,10618,10618,12051,12051,12051,12051,9811,9811,9811,9811,11453,11453,11453,11374,11374,11957,11957,11957,12081,12081,12081,12081,11976,11976,11976,11976,11138,11138,11138,9026,9026,9251,9251,10829,10829,10829,10832,10832,10832,11615,11615,14471,14471,14451,14905,14905,15084,15084,15940,15940,16078,16078,16078,14121,14121,14093,14093,13303,13303,14468,14468,12566,12566,12566,12390,12390,12390,10328,10328,10328,7692,7692,5857,5857,9009,9009,9826,9826,9954,9954,9954,11234,11234,11234,8158,8158,8158,8651,8651,11824,11824,10087,10087,13832,13832,13832,10454,10454,10454,9143,9143,9143,9143,10252,10252,10252,10252,12259,12259,12259,11569,11569,11569,12511,12511,12511,13509,13509,13509,12735,12735,12735,13594,13594,13594,9000,9000,9000,9756,9756,9756,15124,15124,15124,16835,16835,16835,16700,16700,16700
36,2.775999999999999801,12508,11123,7895,7895,6844,6844,6844,8540,8540,8540,8764,8764,8764,8764,8660,8660,8660,8660,8549,8549,8549,7139,7139,9091,9091,9091,9391,9391,9391,9391,9283,9283,9283,7809,7809,6834,6834,7167,7167,5652,5652,5652,7400,7400,7400,7400,9535,9535,9535,9898,9898,10702,10702,12148,12148,11080,11080,9318,9318,9318,11053,11053,11053,11053,9329,9329,8328,8328,6300,6300,7514,7514,7027,7027,7027,6487,6487,7208,7208,7764,7764,7617,7617,7562,7562,7562,7035,7035,7035,10051,10051,10051,8938,8938,7542,4745,4745,1781,1781,4300,4300,4907,4907,2761,2761,1641,1641,2390,2390,3288,3288,7159,7159,8892,8892,9697,9697,9870,9870,9053,9053,9942,9942,9942,8980,8980,8980,10353,10353,10353,9649,9649,9047,9047,8456,8456,8456,3137,3137,3137,4165,4165,4165,4787,4787,4787,4531,4531,4531,5449,5449,5583,5583,5583,7055,7055,7055,7055,11427,11427,11427,11427,7054,7054,7054,6584,6584,8100,8100,8859,8859,6427,6427,6427,8142,8142,8142,8142,8190,8190,8190,8190,10701,10701,10701,10019,10019,10422,10422,10693,10693,10693,9427,9427,9427,9427,9571,9571,9571,8746,8746,8746,8192,8192,9592,9592,9592,8282,8282,8282,8282,14019,14019,14019,14019,15549,15549,15549,15549,14748,14748,14337,14337,10588,10588,10418,10418,10418,9959,9959,9959,10394,10394,10394,10402,10402,10402,9132,9132,8875,8875,8875,7979,7979,7979,7979,10438,10438,10438,10438,13319,13319,13319,13319,15157,15157,15157,14496,14496,11738,11738,11738,10926,10926,10926,12494,12494,12494,12494,12055,12055,12055,12055,15830,15830,15296,15296,12899,12899,12899,14310,14310,14310,14310,14242,14242,14242,15645,15645,15645,16221,16221,12289,12289,14362,14362,14362,13816,13816,13816,15835,15835,15835,15835,14796,14796,14796,14796,14217,14217,11152,11152,9636,9636,9636,10144,10144,10144,10144,13557,13557,13557,13557,13557,11053,11053,11053,11053,11965,11965,12054,12054,8069,8069,8069,12276,12276,12276,12276,16411,16411,16411,16411,12744,12744,12744,6762,6762,6762,13097,13097,9842,9842,9842,10203,10203,10203,12416,12416,12416,12416,13853,13853,13853,13853,15361,15361,15361,15833,15833,14977,14977,14767,14767,15060,15060,15060,14762,14762,14762,14762,14250,14250,13176,13176,11641,11641,9859,9859,9859,11397,11397,11397,11397,11437,11437,11437,11437,16442,16442,16442,16209,16209,15691,15691,15164,15164,15061,15061,15061,10707,10707,10707,10637,10637,10637,10355,10355,12329,12329,9728,9728,9728,7882,7882,7882,11543,11543,11543,11543,8952,8952,8952,8952,10976,10976,10976,9653,9653,10366,10366,10366,9598,9598,9598,9598,11618,11618,11618,11618,8710,8710,8710,8100,8100,8711,8711,9789,9789,9789,9507,9507,9507,8169,8169,12202,12202,13058,14148,14148,15161,15161,15101,15101,14919,14919,14919,14355,14355,13632,13632,13543,13543,12061,12061,8485,8485,8485,10326,10326,10326,8786,8786,8786,7242,7242,5975,5975,7314,7314,7485,7485,9623,9623,9623,10446,10446,10446,8872,8872,8872,8120,8120,11253,11253,9484,9484,11717,11717,11717,9191,9191,9191,9376,9376,9376,9376,10195,10195,10195,10195,12127,12127,12127,12425,12425,12425,13088,13088,13088,13243,13243,13243,10593,10593,10593,12799,12799,12799,8986,8986,8986,8951,8951,8951,12822,12822,12822,15704,15704,15704,15869,15869,15869
37,2.975999999999999979,10608,9372,5658,5658,5039,5039,5039,6458,6458,6458,6696,6696,6696,6696,6062,6062,6062,6062,6797,6797,6797,5478,5478,5928,5928,5928,6864,6864,6864,6864,7575,7575,7575,5325,5325,5026,5026,5459,5459,3924,3924,3924,6064,6064,6064,6064,7018,7018,7018,8568,8568,8505,8505,9250,9250,8215,8215,7589,7589,7589,9085,9085,9085,9085,7944,7944,7043,7043,5402,5402,6015,6015,6179,6179,6179,5175,5175,5616,5616,6338,6338,6856,6856,5619,5619,5619,5402,5402,5402,8048,8048,8048,6156,6156,5292,3050,3050,1480,1480,3511,3511,4271,4271,2968,2968,1734,1734,1696,1696,1235,1235,4765,4765,8509,8509,9182,9182,8029,8029,6369,6369,8489,8489,8489,8172,8172,8172,7790,7790,7790,6129,6129,5231,5231,6702,6702,6702,1887,1887,1887,2617,2617,2617,3761,3761,3761,3253,3253,3253,3664,3664,3534,3534,3534,6129,6129,6129,6129,8637,8637,8637,8637,5544,5544,5544,5519,5519,6772,6772,6532,6532,4754,4754,4754,6736,6736,6736,6736,8282,8282,8282,8282,8710,8710,8710,7567,7567,7609,7609,8185,8185,8185,8115,8115,8115,8115,8079,8079,8079,8111,8111,8111,5195,5195,6677,6677,6677,6823,6823,6823,6823,11032,11032,11032,11032,12417,12417,12417,12417,11440,11440,12907,12907,10383,10383,6967,6967,6967,7483,7483,7483,6631,6631,6631,8630,8630,8630,5046,5046,6291,6291,6291,5077,5077,5077,5077,7892,7892,7892,7892,10692,10692,10692,10692,11157,11157,11157,9598,9598,9354,9354,9354,9648,9648,9648,10476,10476,10476,10476,9596,9596,9596,9596,14246,14246,12740,12740,9551,9551,9551,13823,13823,13823,13823,11159,11159,11159,11764,11764,11764,14988,14988,11628,11628,11894,11894,11894,11240,11240,11240,13635,13635,13635,13635,12784,12784,12784,12784,11822,11822,9356,9356,7021,7021,7021,8393,8393,8393,8393,10389,10389,10389,10389,10389,9841,9841,9841,9841,8877,8877,9551,9551,2101,2101,2101,13073,13073,13073,13073,15396,15396,15396,15396,13944,13944,13944,3663,3663,3663,9017,9017,7226,7226,7226,6372,6372,6372,10314,10314,10314,10314,10261,10261,10261,10261,12870,12870,12870,13105,13105,13400,13400,11603,11603,11792,11792,11792,12108,12108,12108,12108,12557,12557,10389,10389,6950,6950,8020,8020,8020,10098,10098,10098,10098,7727,7727,7727,7727,14528,14528,14528,13377,13377,12409,12409,13810,13810,11821,11821,11821,8541,8541,8541,7701,7701,7701,9001,9001,9981,9981,7448,7448,7448,5251,5251,5251,10027,10027,10027,10027,7951,7951,7951,7951,9508,9508,9508,7864,7864,8538,8538,8538,7078,7078,7078,7078,10304,10304,10304,10304,7267,7267,7267,7396,7396,7218,7218,7476,7476,7476,7567,7567,7567,5896,5896,8494,8494,9735,10928,10928,12522,12522,12105,12105,11612,11612,11612,12490,12490,11190,11190,11885,11885,8411,8411,4979,4979,4979,7898,7898,7898,7391,7391,7391,6745,6745,6459,6459,6054,6054,6119,6119,8895,8895,8895,8907,8907,8907,9223,9223,9223,7586,7586,9519,9519,8634,8634,8078,8078,8078,7453,7453,7453,8504,8504,8504,8504,9305,9305,9305,9305,10730,10730,10730,10957,10957,10957,11206,11206,11206,10577,10577,10577,7724,7724,7724,9867,9867,9867,8505,8505,8505,7117,7117,7117,9059,9059,9059,12337,12337,12337,12586,12586,12586
38,3.176000000000000156,7782,6827,3931,3931,3680,3680,3680,4615,4615,4615,5113,5113,5113,5113,4119,4119,4119,4119,5166,5166,5166,4298,4298,3628,3628,3628,4790,4790,4790,4790,5890,5890,5890,3783,3783,4025,4025,3900,3900,3130,3130,3130,4921,4921,4921,4921,4996,4996,4996,6935,6935,6393,6393,6082,6082,5635,5635,5953,5953,5953,6923,6923,6923,6923,6379,6379,5828,5828,4651,4651,5035,5035,5471,5471,5471,4344,4344,4468,4468,5035,5035,5679,5679,3981,3981,3981,4492,4492,4492,5981,5981,5981,4134,4134,3329,2229,2229,2314,2314,2896,2896,3667,3667,3348,3348,2230,2230,1717,1717,1003,1003,3576,3576,7779,7779,8221,8221,6155,6155,4388,4388,7011,7011,7011,7585,7585,7585,5476,5476,5476,3293,3293,2744,2744,5323,5323,5323,2638,2638,2638,2936,2936,2936,3844,3844,3844,3318,3318,3318,2991,2991,2589,2589,2589,5871,5871,5871,5871,5918,5918,5918,5918,6043,6043,6043,6513,6513,5889,5889,4627,4627,4267,4267,4267,5968,5968,5968,5968,8251,8251,8251,8251,6901,6901,6901,5589,5589,5426,5426,5964,5964,5964,7565,7565,7565,7565,7065,7065,7065,7218,7218,7218,4203,4203,4999,4999,4999,6534,6534,6534,6534,7762,7762,7762,7762,8333,8333,8333,8333,7710,7710,11068,11068,10042,10042,4909,4909,4909,6667,6667,6667,5116,5116,5116,7101,7101,7101,2689,2689,5072,5072,5072,3889,3889,3889,3889,5757,5757,5757,5757,7724,7724,7724,7724,6910,6910,6910,4999,4999,6813,6813,6813,8243,8243,8243,8603,8603,8603,8603,8023,8023,8023,8023,10866,10866,8971,8971,6365,6365,6365,11602,11602,11602,11602,7967,7967,7967,7432,7432,7432,11682,11682,10340,10340,8560,8560,8560,8730,8730,8730,10582,10582,10582,10582,10063,10063,10063,10063,9191,9191,8188,8188,5345,5345,5345,7237,7237,7237,7237,6990,6990,6990,6990,6990,8725,8725,8725,8725,6396,6396,7136,7136,-1384,-1384,-1384,12775,12775,12775,12775,12663,12663,12663,12663,13766,13766,13766,3684,3684,3684,4747,4747,6210,6210,6210,3994,3994,3994,8031,8031,8031,8031,6804,6804,6804,6804,9674,9674,9674,9440,9440,10471,10471,7494,7494,7160,7160,7160,9026,9026,9026,9026,9834,9834,7571,7571,4198,4198,7103,7103,7103,8470,8470,8470,8470,6091,6091,6091,6091,10324,10324,10324,8619,8619,7881,7881,11393,11393,8682,8682,8682,7347,7347,7347,6239,6239,6239,8215,8215,8100,8100,6380,6380,6380,4246,4246,4246,8433,8433,8433,8433,7423,7423,7423,7423,8120,8120,8120,6949,6949,7391,7391,7391,5575,5575,5575,5575,8718,8718,8718,8718,6801,6801,6801,6671,6671,5781,5781,5442,5442,5442,6554,6554,6554,5335,5335,5451,5451,6749,7283,7283,9133,9133,8225,8225,8561,8561,8561,10103,10103,8749,8749,9493,9493,5559,5559,4267,4267,4267,6294,6294,6294,7033,7033,7033,6710,6710,7006,7006,5628,5628,5924,5924,8235,8235,8235,7615,7615,7615,9443,9443,9443,7936,7936,7820,7820,8348,8348,5064,5064,5064,6478,6478,6478,7716,7716,7716,7716,8718,8718,8718,8718,8930,8930,8930,9072,9072,9072,8848,8848,8848,7334,7334,7334,6322,6322,6322,6724,6724,6724,8110,8110,8110,5995,5995,5995,5523,5523,5523,8421,8421,8421,8430,8430,8430
39,3.37599999999999989,4997,4529,2895,2895,2987,2987,2987,2898,2898,2898,3781,3781,3781,3781,3185,3185,3185,3185,4075,4075,4075,3423,3423,2464,2464,2464,3468,3468,3468,3468,4254,4254,4254,3330,3330,3476,3476,2711,2711,2770,2770,2770,4044,4044,4044,4044,3548,3548,3548,5440,5440,4534,4534,3581,3581,3762,3762,4448,4448,4448,5058,5058,5058,5058,5095,5095,4876,4876,4052,4052,4048,4048,4519,4519,4519,3879,3879,3668,3668,4041,4041,4290,4290,2841,2841,2841,3947,3947,3947,4305,4305,4305,2760,2760,1851,2031,2031,2816,2816,2257,2257,2799,2799,3436,3436,2590,2590,1760,1760,1563,1563,3291,3291,6487,6487,6623,6623,4614,4614,3310,3310,5934,5934,5934,7032,7032,7032,3827,3827,3827,1675,1675,1677,1677,4392,4392,4392,4518,4518,4518,4278,4278,4278,4228,4228,4228,4092,4092,4092,2945,2945,2496,2496,2496,5831,5831,5831,5831,4577,4577,4577,4577,7610,7610,7610,8312,8312,5826,5826,3816,3816,4351,4351,4351,5266,5266,5266,5266,7516,7516,7516,7516,5798,5798,5798,5401,5401,4813,4813,5047,5047,5047,7677,7677,7677,7677,6373,6373,6373,6155,6155,6155,5048,5048,4838,4838,4838,7084,7084,7084,7084,5587,5587,5587,5587,5486,5486,5486,5486,5495,5495,8785,8785,9286,9286,4887,4887,4887,6370,6370,6370,5470,5470,5470,5882,5882,5882,2102,2102,4672,4672,4672,3642,3642,3642,3642,4524,4524,4524,4524,5356,5356,5356,5356,3504,3504,3504,2078,2078,5227,5227,5227,6770,6770,6770,7404,7404,7404,7404,7539,7539,7539,7539,6723,6723,5277,5277,4982,4982,4982,8411,8411,8411,8411,6025,6025,6025,4931,4931,4931,8312,8312,8939,8939,5740,5740,5740,6899,6899,6899,7610,7610,7610,7610,7774,7774,7774,7774,7080,7080,7417,7417,4943,4943,4943,6155,6155,6155,6155,4617,4617,4617,4617,4617,7391,7391,7391,7391,5322,5322,5739,5739,-1140,-1140,-1140,11078,11078,11078,11078,9574,9574,9574,9574,12485,12485,12485,5971,5971,5971,2354,2354,6343,6343,6343,3958,3958,3958,6676,6676,6676,6676,5518,5518,5518,5518,7198,7198,7198,6428,6428,7778,7778,4959,4959,4764,4764,4764,7432,7432,7432,7432,7511,7511,5799,5799,3845,3845,6392,6392,6392,6761,6761,6761,6761,6123,6123,6123,6123,6223,6223,6223,3666,3666,5363,5363,8427,8427,6601,6601,6601,7095,7095,7095,6161,6161,6161,7476,7476,6680,6680,5481,5481,5481,4230,4230,4230,6994,6994,6994,6994,6548,6548,6548,6548,6739,6739,6739,6185,6185,6026,6026,6026,4837,4837,4837,4837,6990,6990,6990,6990,6339,6339,6339,5360,5360,4087,4087,4114,4114,4114,5738,5738,5738,5579,5579,4210,4210,4770,5359,5359,6319,6319,5730,5730,6739,6739,6739,8281,8281,7381,7381,7587,7587,4690,4690,5125,5125,5125,5361,5361,5361,6581,6581,6581,6578,6578,6803,6803,5389,5389,5784,5784,7188,7188,7188,6370,6370,6370,9029,9029,9029,8189,8189,6935,6935,7724,7724,3963,3963,3963,5904,5904,5904,6852,6852,6852,6852,7785,7785,7785,7785,6740,6740,6740,7158,7158,7158,6461,6461,6461,4883,4883,4883,6042,6042,6042,5083,5083,5083,7483,7483,7483,5732,5732,5732,3936,3936,3936,5241,5241,5241,5557,5557,5557
40,3.576000000000000068,3533,2590,2243,2243,2480,2480,2480,1774,1774,1774,2442,2442,2442,2442,2735,2735,2735,2735,3059,3059,3059,2463,2463,1834,1834,1834,2580,2580,2580,2580,2902,2902,2902,3024,3024,2678,2678,1804,1804,2379,2379,2379,3221,3221,3221,3221,2661,2661,2661,3765,3765,2931,2931,1862,1862,2420,2420,3196,3196,3196,3573,3573,3573,3573,3713,3713,3626,3626,3212,3212,3292,3292,3200,3200,3200,3166,3166,2774,2774,3013,3013,3016,3016,1935,1935,1935,3419,3419,3419,2907,2907,2907,1616,1616,718,1627,1627,2269,2269,1321,1321,1741,1741,2801,2801,2164,2164,1375,1375,1793,1793,2831,2831,4549,4549,4562,4562,3453,3453,2514,2514,4458,4458,4458,5539,5539,5539,2692,2692,2692,1120,1120,1358,1358,3347,3347,3347,5799,5799,5799,5069,5069,5069,4074,4074,4074,4556,4556,4556,2647,2647,2427,2427,2427,4939,4939,4939,4939,3752,3752,3752,3752,8065,8065,8065,9111,9111,5688,5688,3481,3481,4091,4091,4091,4044,4044,4044,4044,5676,5676,5676,5676,4562,4562,4562,5343,5343,4716,4716,4271,4271,4271,7087,7087,7087,7087,5557,5557,5557,4847,4847,4847,5464,5464,4745,4745,4745,6949,6949,6949,6949,4065,4065,4065,4065,3960,3960,3960,3960,4391,4391,6119,6119,6963,6963,5085,5085,5085,5210,5210,5210,5127,5127,5127,4105,4105,4105,1860,1860,3396,3396,3396,3020,3020,3020,3020,3192,3192,3192,3192,3720,3720,3720,3720,2826,2826,2826,2004,2004,3433,3433,3433,5031,5031,5031,6336,6336,6336,6336,6879,6879,6879,6879,3603,3603,2655,2655,4882,4882,4882,5871,5871,5871,5871,5325,5325,5325,5024,5024,5024,5531,5531,7757,7757,3911,3911,3911,5511,5511,5511,5289,5289,5289,5289,5704,5704,5704,5704,5252,5252,5680,5680,3742,3742,3742,4127,4127,4127,4127,3064,3064,3064,3064,3064,4964,4964,4964,4964,4282,4282,4414,4414,584,584,584,7380,7380,7380,7380,5975,5975,5975,5975,9865,9865,9865,7879,7879,7879,739,739,5704,5704,5704,4374,4374,4374,5460,5460,5460,5460,5481,5481,5481,5481,5572,5572,5572,5161,5161,5587,5587,3891,3891,3575,3575,3575,6465,6465,6465,6465,5727,5727,4689,4689,3880,3880,4865,4865,4865,5007,5007,5007,5007,6054,6054,6054,6054,2974,2974,2974,2614,2614,4695,4695,5484,5484,6007,6007,6007,6279,6279,6279,5499,5499,5499,5878,5878,4907,4907,3965,3965,3965,3497,3497,3497,5024,5024,5024,5024,4981,4981,4981,4981,4943,4943,4943,4656,4656,3970,3970,3970,3692,3692,3692,3692,4756,4756,4756,4756,4622,4622,4622,3072,3072,2317,2317,2593,2593,2593,4114,4114,4114,4662,4662,3708,3708,3627,4038,4038,4394,4394,4668,4668,5713,5713,5713,6392,6392,6349,6349,5532,5532,4520,4520,5106,5106,5106,4004,4004,4004,5174,5174,5174,5373,5373,5306,5306,3864,3864,4306,4306,4727,4727,4727,4404,4404,4404,6906,6906,6906,7000,7000,5712,5712,6069,6069,3227,3227,3227,4908,4908,4908,5418,5418,5418,5418,5721,5721,5721,5721,4558,4558,4558,4824,4824,4824,4286,4286,4286,3263,3263,3263,5067,5067,5067,3591,3591,3591,5965,5965,5965,5349,5349,5349,3276,3276,3276,3854,3854,3854,5022,5022,5022
41,3.775999999999999801,2272,1038,1329,1329,1534,1534,1534,466,466,466,975,975,975,975,1960,1960,1960,1960,1793,1793,1793,1272,1272,967,967,967,1291,1291,1291,1291,1317,1317,1317,2171,2171,1618,1618,719,719,1483,1483,1483,2088,2088,2088,2088,1698,1698,1698,2095,2095,1454,1454,597,597,1110,1110,1684,1684,1684,2289,2289,2289,2289,2104,2104,2319,2319,2043,2043,2063,2063,1636,1636,1636,1909,1909,1742,1742,1779,1779,1347,1347,908,908,908,2284,2284,2284,1336,1336,1336,394,394,-254,715,715,861,861,-61,-61,151,151,1349,1349,1143,1143,762,762,1385,1385,1733,1733,1739,1739,1947,1947,1723,1723,1423,1423,2373,2373,2373,3011,3011,3011,1277,1277,1277,859,859,1143,1143,1710,1710,1710,5339,5339,5339,4493,4493,4493,3173,3173,3173,3974,3974,3974,1533,1533,1718,1718,1718,2761,2761,2761,2761,2661,2661,2661,2661,6224,6224,6224,7186,7186,4617,4617,3083,3083,3029,3029,3029,1683,1683,1683,1683,2572,2572,2572,2572,2772,2772,2772,4264,4264,3733,3733,3157,3157,3157,4949,4949,4949,4949,3887,3887,3887,3107,3107,3107,4191,4191,3365,3365,3365,5165,5165,5165,5165,2356,2356,2356,2356,2282,2282,2282,2282,2516,2516,2858,2858,3630,3630,4174,4174,4174,2626,2626,2626,3149,3149,3149,1553,1553,1553,1049,1049,1149,1149,1149,1530,1530,1530,1530,1586,1586,1586,1586,1819,1819,1819,1819,2368,2368,2368,1817,1817,1056,1056,1056,2520,2520,2520,4222,4222,4222,4222,4486,4486,4486,4486,1071,1071,850,850,4394,4394,4394,3573,3573,3573,3573,4289,4289,4289,4591,4591,4591,2956,2956,5463,5463,1857,1857,1857,3421,3421,3421,2392,2392,2392,2392,2926,2926,2926,2926,2901,2901,2629,2629,1374,1374,1374,1521,1521,1521,1521,1272,1272,1272,1272,1272,1575,1575,1575,1575,2382,2382,2181,2181,1731,1731,1731,3071,3071,3071,3071,2049,2049,2049,2049,5015,5015,5015,8013,8013,8013,-403,-403,3346,3346,3346,3515,3515,3515,3488,3488,3488,3488,4583,4583,4583,4583,3944,3944,3944,3948,3948,3414,3414,3222,3222,2550,2550,2550,4731,4731,4731,4731,3611,3611,2820,2820,2437,2437,1865,1865,1865,2377,2377,2377,2377,4213,4213,4213,4213,233,233,233,1417,1417,3383,3383,2271,2271,4864,4864,4864,3970,3970,3970,3324,3324,3324,3049,3049,2034,2034,1132,1132,1132,1654,1654,1654,2135,2135,2135,2135,2625,2625,2625,2625,2608,2608,2608,1882,1882,1052,1052,1052,1500,1500,1500,1500,2072,2072,2072,2072,1676,1676,1676,562,562,104,104,815,815,815,1923,1923,1923,2183,2183,2703,2703,2116,2312,2312,2793,2793,3751,3751,4062,4062,4062,3984,3984,4323,4323,3157,3157,3513,3513,3197,3197,3197,1960,1960,1960,2393,2393,2393,3244,3244,2737,2737,1542,1542,1374,1374,1522,1522,1522,1661,1661,1661,3826,3826,3826,3928,3928,3670,3670,2831,2831,1599,1599,1599,2793,2793,2793,2877,2877,2877,2877,2297,2297,2297,2297,1359,1359,1359,2279,2279,2279,1980,1980,1980,1496,1496,1496,2711,2711,2711,1961,1961,1961,3010,3010,3010,3614,3614,3614,2270,2270,2270,2188,2188,2188,4043,4043,4043
42,3.975999999999999979,1183,-323,60,60,170,170,170,-636,-636,-636,-492,-492,-492,-492,805,805,805,805,561,561,561,-236,-236,-34,-34,-34,-20,-20,-20,-20,31,31,31,763,763,350,350,-338,-338,240,240,240,723,723,723,723,512,512,512,-5,-5,81,81,-428,-428,-173,-173,210,210,210,925,925,925,925,706,706,664,664,454,454,812,812,14,14,14,461,461,487,487,347,347,-158,-158,63,63,63,1043,1043,1043,-80,-80,-80,-790,-790,-1037,-399,-399,-967,-967,-1596,-1596,-1311,-1311,-300,-300,-224,-224,-134,-134,456,456,-42,-42,-956,-956,-661,-661,-193,-193,33,33,-126,-126,-126,182,182,182,419,419,419,819,819,878,878,151,151,151,3342,3342,3342,2530,2530,2530,1687,1687,1687,2505,2505,2505,362,362,649,649,649,293,293,293,293,1208,1208,1208,1208,2621,2621,2621,3009,3009,2706,2706,2339,2339,1691,1691,1691,-401,-401,-401,-401,-602,-602,-602,-602,608,608,608,1925,1925,1832,1832,1513,1513,1513,1919,1919,1919,1919,1847,1847,1847,1172,1172,1172,1307,1307,884,884,884,1395,1395,1395,1395,209,209,209,209,-463,-463,-463,-463,-80,-80,-1280,-1280,-1006,-1006,1685,1685,1685,-559,-559,-559,-52,-52,-52,-1336,-1336,-1336,-354,-354,-1210,-1210,-1210,-231,-231,-231,-231,-316,-316,-316,-316,-435,-435,-435,-435,1494,1494,1494,666,666,-1377,-1377,-1377,-47,-47,-47,955,955,955,955,893,893,893,893,-1171,-1171,-905,-905,2599,2599,2599,1224,1224,1224,1224,2279,2279,2279,2970,2970,2970,604,604,2402,2402,-275,-275,-275,801,801,801,-679,-679,-679,-679,-465,-465,-465,-465,-107,-107,-1102,-1102,-1623,-1623,-1623,-1090,-1090,-1090,-1090,-921,-921,-921,-921,-921,-2016,-2016,-2016,-2016,-400,-400,-978,-978,1838,1838,1838,-2018,-2018,-2018,-2018,-2035,-2035,-2035,-2035,36,36,36,5532,5532,5532,-1199,-1199,-543,-543,-543,1126,1126,1126,657,657,657,657,2211,2211,2211,2211,1112,1112,1112,1906,1906,965,965,1775,1775,781,781,781,1740,1740,1740,1740,1142,1142,326,326,-155,-155,-1255,-1255,-1255,-701,-701,-701,-701,999,999,999,999,-1946,-1946,-1946,76,76,1032,1032,-808,-808,2746,2746,2746,712,712,712,674,674,674,218,218,-793,-793,-1133,-1133,-1133,-831,-831,-831,-854,-854,-854,-854,297,297,297,297,-15,-15,-15,-480,-480,-1264,-1264,-1264,-727,-727,-727,-727,-792,-792,-792,-792,-942,-942,-942,-1549,-1549,-1603,-1603,-1018,-1018,-1018,-664,-664,-664,-418,-418,850,850,207,6,6,453,453,2172,2172,1257,1257,1257,448,448,1463,1463,7,7,1353,1353,513,513,513,-469,-469,-469,-638,-638,-638,63,63,-250,-250,-1306,-1306,-1283,-1283,-1397,-1397,-1397,-1211,-1211,-1211,242,242,242,538,538,618,618,-208,-208,-576,-576,-576,461,461,461,319,319,319,319,-1197,-1197,-1197,-1197,-1548,-1548,-1548,-791,-791,-791,-644,-644,-644,-651,-651,-651,-489,-489,-489,-396,-396,-396,-93,-93,-93,1193,1193,1193,173,173,173,45,45,45,2072,2072,2072
43,4.176000000000000156,-50,-1430,-1129,-1129,-1086,-1086,-1086,-1708,-1708,-1708,-1623,-1623,-1623,-1623,-598,-598,-598,-598,-755,-755,-755,-1332,-1332,-1017,-1017,-1017,-1297,-1297,-1297,-1297,-1169,-1169,-1169,-707,-707,-823,-823,-1183,-1183,-844,-844,-844,-778,-778,-778,-778,-653,-653,-653,-1393,-1393,-993,-993,-1211,-1211,-1072,-1072,-1262,-1262,-1262,-381,-381,-381,-381,-924,-924,-731,-731,-874,-874,-580,-580,-1047,-1047,-1047,-924,-924,-811,-811,-941,-941,-1440,-1440,-791,-791,-791,-364,-364,-364,-1410,-1410,-1410,-1830,-1830,-1645,-1562,-1562,-2260,-2260,-2844,-2844,-2703,-2703,-1857,-1857,-1310,-1310,-807,-807,-582,-582,-1842,-1842,-2992,-2992,-2696,-2696,-1790,-1790,-1258,-1258,-2542,-2542,-2542,-2483,-2483,-2483,-274,-274,-274,683,683,571,571,-1311,-1311,-1311,176,176,176,171,171,171,326,326,326,577,577,577,-606,-606,-469,-469,-469,-2056,-2056,-2056,-2056,-636,-636,-636,-636,-1165,-1165,-1165,-1003,-1003,540,540,1319,1319,-267,-267,-267,-1991,-1991,-1991,-1991,-3555,-3555,-3555,-3555,-1122,-1122,-1122,-420,-420,-578,-578,241,241,241,-1073,-1073,-1073,-1073,-384,-384,-384,-572,-572,-572,-1885,-1885,-1727,-1727,-1727,-1876,-1876,-1876,-1876,-1686,-1686,-1686,-1686,-3002,-3002,-3002,-3002,-2706,-2706,-4375,-4375,-4334,-4334,-1003,-1003,-1003,-3167,-3167,-3167,-2406,-2406,-2406,-3775,-3775,-3775,-1690,-1690,-2645,-2645,-2645,-1768,-1768,-1768,-1768,-2026,-2026,-2026,-2026,-2572,-2572,-2572,-2572,-86,-86,-86,-700,-700,-3298,-3298,-3298,-2587,-2587,-2587,-2392,-2392,-2392,-2392,-2746,-2746,-2746,-2746,-2779,-2779,-2395,-2395,-272,-272,-272,-1794,-1794,-1794,-1794,-360,-360,-360,303,303,303,-1715,-1715,-900,-900,-2315,-2315,-2315,-2023,-2023,-2023,-3297,-3297,-3297,-3297,-3421,-3421,-3421,-3421,-2818,-2818,-4230,-4230,-3557,-3557,-3557,-3034,-3034,-3034,-3034,-2620,-2620,-2620,-2620,-2620,-4315,-4315,-4315,-4315,-2929,-2929,-3638,-3638,1344,1344,1344,-5565,-5565,-5565,-5565,-5475,-5475,-5475,-5475,-5163,-5163,-5163,2012,2012,2012,-1380,-1380,-4043,-4043,-4043,-1748,-1748,-1748,-2562,-2562,-2562,-2562,-972,-972,-972,-972,-1422,-1422,-1422,-682,-682,-1505,-1505,-304,-304,-1105,-1105,-1105,-2075,-2075,-2075,-2075,-1680,-1680,-2042,-2042,-2744,-2744,-4073,-4073,-4073,-3460,-3460,-3460,-3460,-2104,-2104,-2104,-2104,-3444,-3444,-3444,-1997,-1997,-1709,-1709,-3670,-3670,-769,-769,-769,-2580,-2580,-2580,-1932,-1932,-1932,-2410,-2410,-3125,-3125,-3045,-3045,-3045,-2981,-2981,-2981,-3306,-3306,-3306,-3306,-1870,-1870,-1870,-1870,-1955,-1955,-1955,-2400,-2400,-2938,-2938,-2938,-2562,-2562,-2562,-2562,-2877,-2877,-2877,-2877,-3023,-3023,-3023,-2930,-2930,-2847,-2847,-2336,-2336,-2336,-2695,-2695,-2695,-2375,-2375,-1214,-1214,-1486,-2104,-2104,-1643,-1643,-110,-110,-1293,-1293,-1293,-2276,-2276,-1548,-1548,-2169,-2169,-1254,-1254,-2156,-2156,-2156,-2447,-2447,-2447,-3125,-3125,-3125,-2375,-2375,-2536,-2536,-2869,-2869,-2967,-2967,-3580,-3580,-3580,-3467,-3467,-3467,-2771,-2771,-2771,-2859,-2859,-2384,-2384,-2895,-2895,-2421,-2421,-2421,-1816,-1816,-1816,-2095,-2095,-2095,-2095,-3510,-3510,-3510,-3510,-3750,-3750,-3750,-2945,-2945,-2945,-2899,-2899,-2899,-2378,-2378,-2378,-3251,-3251,-3251,-2637,-2637,-2637,-3098,-3098,-3098,-1751,-1751,-1751,-1660,-1660,-1660,-1851,-1851,-1851,-1145,-1145,-1145
44,4.376000000000000334,-1019,-2082,-1754,-1754,-1948,-1948,-1948,-2121,-2121,-2121,-2220,-2220,-2220,-2220,-1655,-1655,-1655,-1655,-1756,-1756,-1756,-2034,-2034,-1785,-1785,-1785,-2056,-2056,-2056,-2056,-2235,-2235,-2235,-1903,-1903,-1704,-1704,-1588,-1588,-1526,-1526,-1526,-1914,-1914,-1914,-1914,-1741,-1741,-1741,-2606,-2606,-1973,-1973,-1794,-1794,-1814,-1814,-2187,-2187,-2187,-1612,-1612,-1612,-1612,-1879,-1879,-1872,-1872,-1815,-1815,-1840,-1840,-1808,-1808,-1808,-1757,-1757,-1631,-1631,-2017,-2017,-2399,-2399,-1363,-1363,-1363,-1451,-1451,-1451,-2375,-2375,-2375,-2441,-2441,-2046,-2323,-2323,-2778,-2778,-3394,-3394,-3345,-3345,-2657,-2657,-1811,-1811,-1217,-1217,-1356,-1356,-2657,-2657,-3936,-3936,-3712,-3712,-2609,-2609,-2149,-2149,-3842,-3842,-3842,-3822,-3822,-3822,-573,-573,-573,314,314,9,9,-2088,-2088,-2088,-2617,-2617,-2617,-1719,-1719,-1719,-790,-790,-790,-1101,-1101,-1101,-851,-851,-1097,-1097,-1097,-3374,-3374,-3374,-3374,-1999,-1999,-1999,-1999,-3992,-3992,-3992,-4488,-4488,-1620,-1620,62,62,-1837,-1837,-1837,-2875,-2875,-2875,-2875,-4813,-4813,-4813,-4813,-2429,-2429,-2429,-2853,-2853,-2447,-2447,-902,-902,-902,-3153,-3153,-3153,-3153,-2344,-2344,-2344,-1756,-1756,-1756,-4156,-4156,-3451,-3451,-3451,-5021,-5021,-5021,-5021,-3139,-3139,-3139,-3139,-4639,-4639,-4639,-4639,-4461,-4461,-6003,-6003,-6061,-6061,-3370,-3370,-3370,-4288,-4288,-4288,-3578,-3578,-3578,-4848,-4848,-4848,-2646,-2646,-3109,-3109,-3109,-2648,-2648,-2648,-2648,-3030,-3030,-3030,-3030,-4002,-4002,-4002,-4002,-1737,-1737,-1737,-1812,-1812,-4050,-4050,-4050,-4016,-4016,-4016,-4970,-4970,-4970,-4970,-4961,-4961,-4961,-4961,-3566,-3566,-3405,-3405,-2815,-2815,-2815,-3896,-3896,-3896,-3896,-2933,-2933,-2933,-1443,-1443,-1443,-3002,-3002,-3102,-3102,-3434,-3434,-3434,-4227,-4227,-4227,-4967,-4967,-4967,-4967,-5157,-5157,-5157,-5157,-4447,-4447,-5809,-5809,-4010,-4010,-4010,-3821,-3821,-3821,-3821,-3302,-3302,-3302,-3302,-3302,-5689,-5689,-5689,-5689,-4362,-4362,-5390,-5390,517,517,517,-7181,-7181,-7181,-7181,-7392,-7392,-7392,-7392,-8279,-8279,-8279,-1729,-1729,-1729,-1039,-1039,-6348,-6348,-6348,-4034,-4034,-4034,-5030,-5030,-5030,-5030,-3709,-3709,-3709,-3709,-4084,-4084,-4084,-3485,-3485,-3952,-3952,-2680,-2680,-2735,-2735,-2735,-4930,-4930,-4930,-4930,-4196,-4196,-3865,-3865,-4034,-4034,-5317,-5317,-5317,-5079,-5079,-5079,-5079,-4276,-4276,-4276,-4276,-3818,-3818,-3818,-2945,-2945,-3879,-3879,-5540,-5540,-3660,-3660,-3660,-4604,-4604,-4604,-3743,-3743,-3743,-4101,-4101,-4414,-4414,-3918,-3918,-3918,-3864,-3864,-3864,-4848,-4848,-4848,-4848,-3425,-3425,-3425,-3425,-3206,-3206,-3206,-3287,-3287,-3557,-3557,-3557,-3341,-3341,-3341,-3341,-4217,-4217,-4217,-4217,-3859,-3859,-3859,-3345,-3345,-3065,-3065,-2996,-2996,-2996,-3626,-3626,-3626,-3193,-3193,-2647,-2647,-2519,-3386,-3386,-3249,-3249,-2493,-2493,-3226,-3226,-3226,-4359,-4359,-3783,-3783,-4053,-4053,-3562,-3562,-3524,-3524,-3524,-3591,-3591,-3591,-4449,-4449,-4449,-4223,-4223,-3879,-3879,-3492,-3492,-3604,-3604,-4479,-4479,-4479,-4444,-4444,-4444,-4619,-4619,-4619,-4572,-4572,-4061,-4061,-4459,-4459,-3256,-3256,-3256,-3236,-3236,-3236,-3340,-3340,-3340,-3340,-4358,-4358,-4358,-4358,-4494,-4494,-4494,-4075,-4075,-4075,-4115,-4115,-4115,-3597,-3597,-3597,-4444,-4444,-4444,-4234,-4234,-4234,-5305,-5305,-5305,-3775,-3775,-3775,-3307,-3307,-3307,-3245,-3245,-3245,-3378,-3378,-3378
45,4.575999999999999623,-1925,-2280,-1976,-1976,-2250,-2250,-2250,-2281,-2281,-2281,-2299,-2299,-2299,-2299,-2389,-2389,-2389,-2389,-2307,-2307,-2307,-2378,-2378,-2190,-2190,-2190,-2444,-2444,-2444,-2444,-2752,-2752,-2752,-2693,-2693,-2201,-2201,-1749,-1749,-1978,-1978,-1978,-2568,-2568,-2568,-2568,-2441,-2441,-2441,-3121,-3121,-2531,-2531,-2181,-2181,-2210,-2210,-2782,-2782,-2782,-2545,-2545,-2545,-2545,-2593,-2593,-2655,-2655,-2400,-2400,-2621,-2621,-2184,-2184,-2184,-2064,-2064,-2077,-2077,-2691,-2691,-2868,-2868,-1701,-1701,-1701,-2190,-2190,-2190,-2877,-2877,-2877,-2550,-2550,-2205,-2549,-2549,-2656,-2656,-3319,-3319,-3442,-3442,-2952,-2952,-1918,-1918,-1397,-1397,-1783,-1783,-2965,-2965,-4081,-4081,-3992,-3992,-2929,-2929,-2526,-2526,-4346,-4346,-4346,-3898,-3898,-3898,-922,-922,-922,-467,-467,-801,-801,-2440,-2440,-2440,-4491,-4491,-4491,-2863,-2863,-2863,-1672,-1672,-1672,-2426,-2426,-2426,-790,-790,-1623,-1623,-1623,-3944,-3944,-3944,-3944,-3152,-3152,-3152,-3152,-5458,-5458,-5458,-6239,-6239,-3649,-3649,-1561,-1561,-2872,-2872,-2872,-3138,-3138,-3138,-3138,-4745,-4745,-4745,-4745,-3113,-3113,-3113,-4149,-4149,-4002,-4002,-1933,-1933,-1933,-4243,-4243,-4243,-4243,-3487,-3487,-3487,-2692,-2692,-2692,-4884,-4884,-4391,-4391,-4391,-6278,-6278,-6278,-6278,-4132,-4132,-4132,-4132,-5216,-5216,-5216,-5216,-5211,-5211,-6012,-6012,-6389,-6389,-4867,-4867,-4867,-4219,-4219,-4219,-3576,-3576,-3576,-4819,-4819,-4819,-3154,-3154,-3175,-3175,-3175,-3081,-3081,-3081,-3081,-3417,-3417,-3417,-3417,-4652,-4652,-4652,-4652,-3287,-3287,-3287,-2465,-2465,-3943,-3943,-3943,-4954,-4954,-4954,-5950,-5950,-5950,-5950,-6000,-6000,-6000,-6000,-3884,-3884,-3874,-3874,-4813,-4813,-4813,-5324,-5324,-5324,-5324,-4968,-4968,-4968,-3155,-3155,-3155,-3534,-3534,-4684,-4684,-3869,-3869,-3869,-5593,-5593,-5593,-5644,-5644,-5644,-5644,-5731,-5731,-5731,-5731,-5085,-5085,-5888,-5888,-3700,-3700,-3700,-3997,-3997,-3997,-3997,-3168,-3168,-3168,-3168,-3168,-5412,-5412,-5412,-5412,-4709,-4709,-5657,-5657,-410,-410,-410,-6962,-6962,-6962,-6962,-7803,-7803,-7803,-7803,-9304,-9304,-9304,-4583,-4583,-4583,-570,-570,-7128,-7128,-7128,-5619,-5619,-5619,-6825,-6825,-6825,-6825,-5700,-5700,-5700,-5700,-5854,-5854,-5854,-5788,-5788,-5888,-5888,-4825,-4825,-4176,-4176,-4176,-6799,-6799,-6799,-6799,-5997,-5997,-5054,-5054,-4086,-4086,-5335,-5335,-5335,-5676,-5676,-5676,-5676,-5102,-5102,-5102,-5102,-3748,-3748,-3748,-3601,-3601,-5272,-5272,-6207,-6207,-5832,-5832,-5832,-5925,-5925,-5925,-4529,-4529,-4529,-4771,-4771,-4792,-4792,-3986,-3986,-3986,-3865,-3865,-3865,-5436,-5436,-5436,-5436,-4231,-4231,-4231,-4231,-3898,-3898,-3898,-3493,-3493,-3491,-3491,-3491,-3367,-3367,-3367,-3367,-4589,-4589,-4589,-4589,-3782,-3782,-3782,-3030,-3030,-2681,-2681,-2939,-2939,-2939,-3619,-3619,-3619,-3203,-3203,-3406,-3406,-3200,-3869,-3869,-4379,-4379,-4430,-4430,-4338,-4338,-4338,-5093,-5093,-5087,-5087,-5107,-5107,-4745,-4745,-3870,-3870,-3870,-3932,-3932,-3932,-4702,-4702,-4702,-4799,-4799,-4256,-4256,-3294,-3294,-3343,-3343,-4303,-4303,-4303,-4342,-4342,-4342,-5252,-5252,-5252,-5074,-5074,-4955,-4955,-4889,-4889,-3129,-3129,-3129,-3723,-3723,-3723,-4072,-4072,-4072,-4072,-3968,-3968,-3968,-3968,-4085,-4085,-4085,-4260,-4260,-4260,-4516,-4516,-4516,-4062,-4062,-4062,-4463,-4463,-4463,-4951,-4951,-4951,-6339,-6339,-6339,-4843,-4843,-4843,-4258,-4258,-4258,-3923,-3923,-3923,-4973,-4973,-4973
46,4.775999999999999801,-2476,-2215,-1835,-1835,-2182,-2182,-2182,-2186,-2186,-2186,-2101,-2101,-2101,-2101,-2609,-2609,-2609,-2609,-2577,-2577,-2577,-2451,-2451,-2319,-2319,-2319,-2472,-2472,-2472,-2472,-2880,-2880,-2880,-2870,-2870,-2331,-2331,-1760,-1760,-2091,-2091,-2091,-2784,-2784,-2784,-2784,-2580,-2580,-2580,-3069,-3069,-2740,-2740,-2239,-2239,-2479,-2479,-2919,-2919,-2919,-2968,-2968,-2968,-2968,-2920,-2920,-2897,-2897,-2527,-2527,-2918,-2918,-2189,-2189,-2189,-1880,-1880,-2075,-2075,-2648,-2648,-2882,-2882,-1719,-1719,-1719,-2375,-2375,-2375,-2806,-2806,-2806,-2214,-2214,-2037,-2189,-2189,-1952,-1952,-2699,-2699,-2860,-2860,-2647,-2647,-1752,-1752,-1391,-1391,-1793,-1793,-2718,-2718,-3640,-3640,-3589,-3589,-2807,-2807,-2546,-2546,-4000,-4000,-4000,-3097,-3097,-3097,-1385,-1385,-1385,-1348,-1348,-1545,-1545,-2436,-2436,-2436,-5193,-5193,-5193,-3371,-3371,-3371,-2468,-2468,-2468,-2996,-2996,-2996,-682,-682,-1992,-1992,-1992,-3651,-3651,-3651,-3651,-3434,-3434,-3434,-3434,-5478,-5478,-5478,-6304,-6304,-4915,-4915,-3235,-3235,-3040,-3040,-3040,-2808,-2808,-2808,-2808,-3545,-3545,-3545,-3545,-3151,-3151,-3151,-4427,-4427,-4601,-4601,-2949,-2949,-2949,-4511,-4511,-4511,-4511,-3593,-3593,-3593,-3114,-3114,-3114,-4285,-4285,-4444,-4444,-4444,-6105,-6105,-6105,-6105,-4171,-4171,-4171,-4171,-4385,-4385,-4385,-4385,-4722,-4722,-4662,-4662,-5400,-5400,-4882,-4882,-4882,-3119,-3119,-3119,-2752,-2752,-2752,-3766,-3766,-3766,-3173,-3173,-3141,-3141,-3141,-3065,-3065,-3065,-3065,-3308,-3308,-3308,-3308,-4251,-4251,-4251,-4251,-4062,-4062,-4062,-2521,-2521,-3332,-3332,-3332,-4912,-4912,-4912,-5346,-5346,-5346,-5346,-5503,-5503,-5503,-5503,-3587,-3587,-3582,-3582,-5681,-5681,-5681,-5955,-5955,-5955,-5955,-5830,-5830,-5830,-3750,-3750,-3750,-3441,-3441,-5236,-5236,-3774,-3774,-3774,-5904,-5904,-5904,-5314,-5314,-5314,-5314,-5097,-5097,-5097,-5097,-4817,-4817,-5004,-5004,-3145,-3145,-3145,-3676,-3676,-3676,-3676,-2645,-2645,-2645,-2645,-2645,-4041,-4041,-4041,-4041,-4033,-4033,-4760,-4760,-1188,-1188,-1188,-5552,-5552,-5552,-5552,-6259,-6259,-6259,-6259,-8091,-8091,-8091,-6021,-6021,-6021,-341,-341,-5989,-5989,-5989,-5540,-5540,-5540,-7393,-7393,-7393,-7393,-6684,-6684,-6684,-6684,-6550,-6550,-6550,-6928,-6928,-7132,-7132,-6259,-6259,-4956,-4956,-4956,-7117,-7117,-7117,-7117,-6450,-6450,-5279,-5279,-3253,-3253,-4383,-4383,-4383,-5171,-5171,-5171,-5171,-4686,-4686,-4686,-4686,-3037,-3037,-3037,-3152,-3152,-5279,-5279,-5773,-5773,-6445,-6445,-6445,-6101,-6101,-6101,-4421,-4421,-4421,-4726,-4726,-4372,-4372,-3531,-3531,-3531,-3369,-3369,-3369,-5015,-5015,-5015,-5015,-4240,-4240,-4240,-4240,-3916,-3916,-3916,-3262,-3262,-3005,-3005,-3005,-2827,-2827,-2827,-2827,-4061,-4061,-4061,-4061,-3245,-3245,-3245,-2305,-2305,-2043,-2043,-2483,-2483,-2483,-2978,-2978,-2978,-2804,-2804,-3311,-3311,-3299,-3544,-3544,-4496,-4496,-5335,-5335,-4472,-4472,-4472,-4726,-4726,-5376,-5376,-5355,-5355,-4897,-4897,-3428,-3428,-3428,-3627,-3627,-3627,-4047,-4047,-4047,-4413,-4413,-3870,-3870,-2834,-2834,-2861,-2861,-3487,-3487,-3487,-3488,-3488,-3488,-4827,-4827,-4827,-4561,-4561,-4732,-4732,-4499,-4499,-2450,-2450,-2450,-3595,-3595,-3595,-4144,-4144,-4144,-4144,-3016,-3016,-3016,-3016,-3010,-3010,-3010,-3672,-3672,-3672,-4114,-4114,-4114,-3632,-3632,-3632,-3853,-3853,-3853,-4464,-4464,-4464,-5974,-5974,-5974,-4869,-4869,-4869,-4010,-4010,-4010,-3714,-3714,-3714,-5122,-5122,-5122
47,4.975999999999999979,-2542,-1839,-1525,-1525,-1885,-1885,-1885,-1953,-1953,-1953,-1794,-1794,-1794,-1794,-2456,-2456,-2456,-2456,-2468,-2468,-2468,-2136,-2136,-1997,-1997,-1997,-2009,-2009,-2009,-2009,-2557,-2557,-2557,-2552,-2552,-2081,-2081,-1533,-1533,-1931,-1931,-1931,-2508,-2508,-2508,-2508,-2253,-2253,-2253,-2501,-2501,-2537,-2537,-1975,-1975,-2249,-2249,-2533,-2533,-2533,-2804,-2804,-2804,-2804,-2620,-2620,-2641,-2641,-2255,-2255,-2596,-2596,-1882,-1882,-1882,-1423,-1423,-1687,-1687,-2011,-2011,-2272,-2272,-1451,-1451,-1451,-2023,-2023,-2023,-2265,-2265,-2265,-1544,-1544,-1456,-1416,-1416,-1119,-1119,-1601,-1601,-1825,-1825,-2030,-2030,-1440,-1440,-1182,-1182,-1419,-1419,-1974,-1974,-2793,-2793,-2792,-2792,-2244,-2244,-2160,-2160,-2984,-2984,-2984,-1960,-1960,-1960,-1886,-1886,-1886,-1900,-1900,-1937,-1937,-2060,-2060,-2060,-4420,-4420,-4420,-3046,-3046,-3046,-2839,-2839,-2839,-2928,-2928,-2928,-663,-663,-2097,-2097,-2097,-2590,-2590,-2590,-2590,-2889,-2889,-2889,-2889,-3932,-3932,-3932,-4783,-4783,-5384,-5384,-4296,-4296,-2151,-2151,-2151,-1811,-1811,-1811,-1811,-1458,-1458,-1458,-1458,-2352,-2352,-2352,-3475,-3475,-4062,-4062,-3503,-3503,-3503,-3943,-3943,-3943,-3943,-2758,-2758,-2758,-2876,-2876,-2876,-2594,-2594,-3611,-3611,-3611,-4343,-4343,-4343,-4343,-3027,-3027,-3027,-3027,-2330,-2330,-2330,-2330,-2894,-2894,-2512,-2512,-3309,-3309,-3501,-3501,-3501,-1524,-1524,-1524,-1621,-1621,-1621,-2241,-2241,-2241,-2416,-2416,-2880,-2880,-2880,-2502,-2502,-2502,-2502,-2546,-2546,-2546,-2546,-2899,-2899,-2899,-2899,-3608,-3608,-3608,-1908,-1908,-2351,-2351,-2351,-4042,-4042,-4042,-3717,-3717,-3717,-3717,-3905,-3905,-3905,-3905,-2619,-2619,-2326,-2326,-5181,-5181,-5181,-5473,-5473,-5473,-5473,-5230,-5230,-5230,-3360,-3360,-3360,-2827,-2827,-4748,-4748,-3077,-3077,-3077,-4878,-4878,-4878,-3862,-3862,-3862,-3862,-3517,-3517,-3517,-3517,-3675,-3675,-3416,-3416,-2386,-2386,-2386,-2794,-2794,-2794,-2794,-1871,-1871,-1871,-1871,-1871,-2080,-2080,-2080,-2080,-2693,-2693,-2872,-2872,-1595,-1595,-1595,-3152,-3152,-3152,-3152,-3348,-3348,-3348,-3348,-5310,-5310,-5310,-6135,-6135,-6135,-282,-282,-3330,-3330,-3330,-3719,-3719,-3719,-6253,-6253,-6253,-6253,-5960,-5960,-5960,-5960,-5517,-5517,-5517,-6075,-6075,-6821,-6821,-6187,-6187,-4531,-4531,-4531,-5744,-5744,-5744,-5744,-5464,-5464,-4429,-4429,-2001,-2001,-2726,-2726,-2726,-3621,-3621,-3621,-3621,-3554,-3554,-3554,-3554,-1570,-1570,-1570,-1533,-1533,-3658,-3658,-4107,-4107,-5577,-5577,-5577,-4978,-4978,-4978,-3582,-3582,-3582,-3877,-3877,-3296,-3296,-2562,-2562,-2562,-2289,-2289,-2289,-3458,-3458,-3458,-3458,-3331,-3331,-3331,-3331,-3354,-3354,-3354,-2662,-2662,-2052,-2052,-2052,-1987,-1987,-1987,-1987,-2682,-2682,-2682,-2682,-2140,-2140,-2140,-1381,-1381,-1380,-1380,-1704,-1704,-1704,-1904,-1904,-1904,-1903,-1903,-2589,-2589,-2901,-2546,-2546,-3440,-3440,-4682,-4682,-3510,-3510,-3510,-3420,-3420,-4505,-4505,-4464,-4464,-3993,-3993,-2365,-2365,-2365,-2717,-2717,-2717,-2610,-2610,-2610,-3097,-3097,-2969,-2969,-2111,-2111,-2135,-2135,-2534,-2534,-2534,-2105,-2105,-2105,-3719,-3719,-3719,-3347,-3347,-3495,-3495,-3296,-3296,-1653,-1653,-1653,-2917,-2917,-2917,-3545,-3545,-3545,-3545,-1745,-1745,-1745,-1745,-1569,-1569,-1569,-2529,-2529,-2529,-3040,-3040,-3040,-2498,-2498,-2498,-2726,-2726,-2726,-3000,-3000,-3000,-4107,-4107,-4107,-3940,-3940,-3940,-2907,-2907,-2907,-2644,-2644,-2644,-3758,-3758,-3758
48,5.176000000000000156,-2255,-1287,-1212,-1212,-1439,-1439,-1439,-1467,-1467,-1467,-1374,-1374,-1374,-1374,-2065,-2065,-2065,-2065,-2040,-2040,-2040,-1561,-1561,-1440,-1440,-1440,-1451,-1451,-1451,-1451,-1932,-1932,-1932,-1790,-1790,-1566,-1566,-1157,-1157,-1458,-1458,-1458,-1780,-1780,-1780,-1780,-1590,-1590,-1590,-1584,-1584,-1945,-1945,-1432,-1432,-1669,-1669,-1815,-1815,-1815,-2253,-2253,-2253,-2253,-2008,-2008,-1978,-1978,-1702,-1702,-2012,-2012,-1332,-1332,-1332,-941,-941,-1001,-1001,-1124,-1124,-1375,-1375,-1078,-1078,-1078,-1500,-1500,-1500,-1411,-1411,-1411,-795,-795,-778,-610,-610,-406,-406,-576,-576,-835,-835,-1249,-1249,-1056,-1056,-802,-802,-859,-859,-1220,-1220,-1837,-1837,-1953,-1953,-1595,-1595,-1476,-1476,-1616,-1616,-1616,-1034,-1034,-1034,-2073,-2073,-2073,-1907,-1907,-1806,-1806,-1430,-1430,-1430,-2672,-2672,-2672,-2276,-2276,-2276,-2653,-2653,-2653,-2282,-2282,-2282,-804,-804,-1753,-1753,-1753,-1243,-1243,-1243,-1243,-1670,-1670,-1670,-1670,-2127,-2127,-2127,-2846,-2846,-4520,-4520,-4350,-4350,-810,-810,-810,-546,-546,-546,-546,542,542,542,542,-1073,-1073,-1073,-1673,-1673,-2559,-2559,-3312,-3312,-3312,-2742,-2742,-2742,-2742,-1659,-1659,-1659,-2173,-2173,-2173,-982,-982,-2222,-2222,-2222,-1974,-1974,-1974,-1974,-1457,-1457,-1457,-1457,-181,-181,-181,-181,-747,-747,-668,-668,-1400,-1400,-1355,-1355,-1355,-197,-197,-197,-588,-588,-588,-667,-667,-667,-1059,-1059,-2179,-2179,-2179,-1537,-1537,-1537,-1537,-1622,-1622,-1622,-1622,-1361,-1361,-1361,-1361,-2390,-2390,-2390,-744,-744,-1096,-1096,-1096,-2452,-2452,-2452,-1750,-1750,-1750,-1750,-1942,-1942,-1942,-1942,-1280,-1280,-835,-835,-3683,-3683,-3683,-3873,-3873,-3873,-3873,-3389,-3389,-3389,-2118,-2118,-2118,-1503,-1503,-3413,-3413,-2003,-2003,-2003,-3127,-3127,-3127,-1761,-1761,-1761,-1761,-1759,-1759,-1759,-1759,-2022,-2022,-1548,-1548,-1195,-1195,-1195,-1654,-1654,-1654,-1654,-1179,-1179,-1179,-1179,-1179,-390,-390,-390,-390,-1325,-1325,-960,-960,-1385,-1385,-1385,-690,-690,-690,-690,-242,-242,-242,-242,-2457,-2457,-2457,-5129,-5129,-5129,-305,-305,-673,-673,-673,-1169,-1169,-1169,-3487,-3487,-3487,-3487,-3994,-3994,-3994,-3994,-3220,-3220,-3220,-3780,-3780,-4632,-4632,-4212,-4212,-3215,-3215,-3215,-3282,-3282,-3282,-3282,-3310,-3310,-2759,-2759,-734,-734,-1111,-1111,-1111,-1679,-1679,-1679,-1679,-2054,-2054,-2054,-2054,4,4,4,242,242,-1199,-1199,-2021,-2021,-3559,-3559,-3559,-3229,-3229,-3229,-2302,-2302,-2302,-2519,-2519,-1922,-1922,-1494,-1494,-1494,-1067,-1067,-1067,-1506,-1506,-1506,-1506,-2098,-2098,-2098,-2098,-2382,-2382,-2382,-2029,-2029,-1286,-1286,-1286,-1121,-1121,-1121,-1121,-1268,-1268,-1268,-1268,-1082,-1082,-1082,-653,-653,-809,-809,-890,-890,-890,-812,-812,-812,-983,-983,-1566,-1566,-2132,-1411,-1411,-1873,-1873,-2759,-2759,-2170,-2170,-2170,-1866,-1866,-2754,-2754,-2759,-2759,-2354,-2354,-1313,-1313,-1313,-1648,-1648,-1648,-1139,-1139,-1139,-1651,-1651,-1907,-1907,-1186,-1186,-1356,-1356,-1579,-1579,-1579,-761,-761,-761,-2234,-2234,-2234,-1899,-1899,-2032,-2032,-1803,-1803,-875,-875,-875,-2051,-2051,-2051,-2464,-2464,-2464,-2464,-754,-754,-754,-754,-357,-357,-357,-1315,-1315,-1315,-1466,-1466,-1466,-1115,-1115,-1115,-1599,-1599,-1599,-1246,-1246,-1246,-1588,-1588,-1588,-2495,-2495,-2495,-1270,-1270,-1270,-1215,-1215,-1215,-1658,-1658,-1658
49,5.376000000000000334,-1623,-780,-779,-779,-910,-910,-910,-856,-856,-856,-844,-844,-844,-844,-1367,-1367,-1367,-1367,-1418,-1418,-1418,-931,-931,-701,-701,-701,-794,-794,-794,-794,-1081,-1081,-1081,-1065,-1065,-896,-896,-656,-656,-766,-766,-766,-1045,-1045,-1045,-1045,-815,-815,-815,-973,-973,-1148,-1148,-833,-833,-929,-929,-1052,-1052,-1052,-1400,-1400,-1400,-1400,-1242,-1242,-1181,-1181,-1065,-1065,-1191,-1191,-844,-844,-844,-561,-561,-513,-513,-213,-213,-357,-357,-628,-628,-628,-918,-918,-918,-678,-678,-678,-166,-166,-163,152,152,96,96,169,169,33,33,-478,-478,-497,-497,-405,-405,-355,-355,-570,-570,-848,-848,-1068,-1068,-958,-958,-720,-720,-147,-147,-147,-351,-351,-351,-1733,-1733,-1733,-1497,-1497,-1262,-1262,-697,-697,-697,-594,-594,-594,-1461,-1461,-1461,-1916,-1916,-1916,-1418,-1418,-1418,-1014,-1014,-1038,-1038,-1038,45,45,45,45,-286,-286,-286,-286,-248,-248,-248,-992,-992,-2650,-2650,-3172,-3172,94,94,94,746,746,746,746,1733,1733,1733,1733,386,386,386,38,38,-599,-599,-2389,-2389,-2389,-1250,-1250,-1250,-1250,-504,-504,-504,-1231,-1231,-1231,491,491,-375,-375,-375,378,378,378,378,255,255,255,255,1828,1828,1828,1828,1308,1308,746,746,380,380,788,788,788,454,454,454,97,97,97,554,554,554,318,318,-1045,-1045,-1045,-433,-433,-433,-433,-720,-720,-720,-720,177,177,177,177,-387,-387,-387,427,427,223,223,223,-731,-731,-731,0,0,0,0,-192,-192,-192,-192,190,190,459,459,-1524,-1524,-1524,-1753,-1753,-1753,-1753,-1179,-1179,-1179,-251,-251,-251,-64,-64,-1736,-1736,-610,-610,-610,-1065,-1065,-1065,372,372,372,372,127,127,127,127,-487,-487,296,296,-13,-13,-13,-424,-424,-424,-424,-489,-489,-489,-489,-489,726,726,726,726,-76,-76,681,681,-754,-754,-754,1218,1218,1218,1218,2146,2146,2146,2146,136,136,136,-3373,-3373,-3373,-332,-332,1813,1813,1813,1225,1225,1225,-371,-371,-371,-371,-810,-810,-810,-810,-363,-363,-363,-400,-400,-1425,-1425,-1404,-1404,-630,-630,-630,-468,-468,-468,-468,-983,-983,-651,-651,220,220,345,345,345,132,132,132,132,-674,-674,-674,-674,1411,1411,1411,1999,1999,1224,1224,129,129,-1403,-1403,-1403,-762,-762,-762,-806,-806,-806,-1148,-1148,-538,-538,-233,-233,-233,-57,-57,-57,297,297,297,297,-609,-609,-609,-609,-1158,-1158,-1158,-1184,-1184,-475,-475,-475,-275,-275,-275,-275,-129,-129,-129,-129,-59,-59,-59,-318,-318,-449,-449,-43,-43,-43,-4,-4,-4,-168,-168,-416,-416,-869,-302,-302,-170,-170,-333,-333,-618,-618,-618,-439,-439,-799,-799,-764,-764,-424,-424,-187,-187,-187,-467,-467,-467,-74,-74,-74,-353,-353,-854,-854,-394,-394,-665,-665,-719,-719,-719,341,341,341,-775,-775,-775,-590,-590,-591,-591,-455,-455,-156,-156,-156,-1186,-1186,-1186,-1170,-1170,-1170,-1170,-53,-53,-53,-53,397,397,397,-77,-77,-77,-23,-23,-23,117,117,117,-466,-466,-466,449,449,449,698,698,698,-774,-774,-774,407,407,407,372,372,372,262,262,262
50,5.576000000000000512,-891,-289,-395,-395,-406,-406,-406,-253,-253,-253,-499,-499,-499,-499,-726,-726,-726,-726,-782,-782,-782,-414,-414,-95,-95,-95,-224,-224,-224,-224,-485,-485,-485,-273,-273,-390,-390,-280,-280,-238,-238,-238,-399,-399,-399,-399,-257,-257,-257,-195,-195,-371,-371,-277,-277,-343,-343,-372,-372,-372,-693,-693,-693,-693,-628,-628,-503,-503,-487,-487,-591,-591,-363,-363,-363,-453,-453,-295,-295,264,264,332,332,-407,-407,-407,-636,-636,-636,-72,-72,-72,179,179,190,441,441,255,255,546,546,456,456,4,4,-136,-136,-174,-174,-98,-98,-170,-170,-155,-155,-449,-449,-369,-369,-108,-108,841,841,841,-172,-172,-172,-1254,-1254,-1254,-1023,-1023,-706,-706,-139,-139,-139,687,687,687,-714,-714,-714,-1114,-1114,-1114,-551,-551,-551,-1122,-1122,-225,-225,-225,776,776,776,776,443,443,443,443,608,608,608,-31,-31,-853,-853,-1573,-1573,184,184,184,1195,1195,1195,1195,1935,1935,1935,1935,1142,1142,1142,1097,1097,999,999,-1315,-1315,-1315,-87,-87,-87,-87,111,111,111,-458,-458,-458,1225,1225,1224,1224,1224,1656,1656,1656,1656,1141,1141,1141,1141,2991,2991,2991,2991,2468,2468,1246,1246,1163,1163,1856,1856,1856,271,271,271,195,195,195,1136,1136,1136,1350,1350,120,120,120,368,368,368,368,-73,-73,-73,-73,979,979,979,979,973,973,973,1328,1328,1092,1092,1092,708,708,708,1076,1076,1076,1076,1017,1017,1017,1017,1184,1184,1250,1250,379,379,379,295,295,295,295,714,714,714,1233,1233,1233,1210,1210,96,96,674,674,674,420,420,420,1864,1864,1864,1864,1204,1204,1204,1204,592,592,1402,1402,917,917,917,273,273,273,273,-2,-2,-2,-2,-2,867,867,867,867,555,555,1680,1680,-114,-114,-114,2173,2173,2173,2173,3256,3256,3256,3256,1460,1460,1460,-1599,-1599,-1599,-344,-344,2979,2979,2979,2296,2296,2296,2059,2059,2059,2059,1706,1706,1706,1706,2030,2030,2030,2274,2274,2082,2082,1374,1374,1342,1342,1342,1776,1776,1776,1776,972,972,1053,1053,865,865,1175,1175,1175,1353,1353,1353,1353,465,465,465,465,2092,2092,2092,2916,2916,2753,2753,1499,1499,559,559,559,957,957,957,225,225,225,-180,-180,434,434,575,575,575,616,616,616,1166,1166,1166,1166,393,393,393,393,-166,-166,-166,-472,-472,-99,-99,-99,197,197,197,197,387,387,387,387,318,318,318,-251,-251,-248,-248,422,422,422,254,254,254,120,120,371,371,58,388,388,902,902,1222,1222,473,473,473,436,436,582,582,864,864,929,929,439,439,439,254,254,254,519,519,519,331,331,-174,-174,160,160,-168,-168,-30,-30,-30,751,751,751,129,129,129,162,162,380,380,309,309,488,488,488,-494,-494,-494,-58,-58,-58,-58,180,180,180,180,560,560,560,582,582,582,1242,1242,1242,616,616,616,292,292,292,1336,1336,1336,1851,1851,1851,613,613,613,1395,1395,1395,1127,1127,1127,1654,1654,1654
51,5.775999999999999801,-206,-23,-259,-259,-189,-189,-189,8,8,8,-297,-297,-297,-297,-361,-361,-361,-361,-423,-423,-423,-292,-292,165,165,165,-51,-51,-51,-51,-121,-121,-121,2,2,-251,-251,-231,-231,-120,-120,-120,-58,-58,-58,-58,-30,-30,-30,-25,-25,-68,-68,-29,-29,-61,-61,-45,-45,-45,-349,-349,-349,-349,-285,-285,-115,-115,-255,-255,-248,-248,-283,-283,-283,-488,-488,-356,-356,213,213,585,585,-383,-383,-383,-665,-665,-665,175,175,175,209,209,237,357,357,177,177,433,433,456,456,176,176,-13,-13,-148,-148,-165,-165,-38,-38,190,190,-115,-115,-237,-237,151,151,1154,1154,1154,-210,-210,-210,-810,-810,-810,-719,-719,-430,-430,71,71,71,1239,1239,1239,-413,-413,-413,-472,-472,-472,-69,-69,-69,-1203,-1203,144,144,144,707,707,707,707,533,533,533,533,519,519,519,288,288,612,612,3,3,-512,-512,-512,792,792,792,792,1135,1135,1135,1135,1048,1048,1048,1057,1057,1230,1230,-593,-593,-593,582,582,582,582,-7,-7,-7,-176,-176,-176,1339,1339,1945,1945,1945,1818,1818,1818,1818,1202,1202,1202,1202,3026,3026,3026,3026,2495,2495,1092,1092,1177,1177,1532,1532,1532,-334,-334,-334,-113,-113,-113,1145,1145,1145,1423,1423,825,825,825,515,515,515,515,187,187,187,187,1092,1092,1092,1092,1632,1632,1632,1373,1373,1209,1209,1209,1351,1351,1351,1155,1155,1155,1155,1083,1083,1083,1083,1386,1386,1271,1271,1179,1179,1179,1678,1678,1678,1678,1597,1597,1597,2096,2096,2096,2073,2073,1204,1204,1284,1284,1284,1013,1013,1013,2293,2293,2293,2293,1545,1545,1545,1545,998,998,1390,1390,933,933,933,421,421,421,421,106,106,106,106,106,300,300,300,300,567,567,1752,1752,-14,-14,-14,1956,1956,1956,1956,3201,3201,3201,3201,1866,1866,1866,-435,-435,-435,-534,-534,2744,2744,2744,1918,1918,1918,3395,3395,3395,3395,3512,3512,3512,3512,3187,3187,3187,3570,3570,3812,3812,2956,2956,2624,2624,2624,2780,2780,2780,2780,1953,1953,1850,1850,911,911,1226,1226,1226,1693,1693,1693,1693,901,901,901,901,2186,2186,2186,2917,2917,3016,3016,2071,2071,1703,1703,1703,2092,2092,2092,856,856,856,337,337,864,864,863,863,863,738,738,738,1165,1165,1165,1165,670,670,670,670,459,459,459,32,32,-99,-99,-99,107,107,107,107,314,314,314,314,123,123,123,-392,-392,-200,-200,345,345,345,-10,-10,-10,-104,-104,651,651,669,540,540,1264,1264,1812,1812,880,880,880,650,650,1180,1180,1629,1629,1557,1557,513,513,513,486,486,486,473,473,473,467,467,235,235,260,260,-26,-26,357,357,357,476,476,476,637,637,637,362,362,683,683,540,540,674,674,674,-67,-67,-67,420,420,420,420,-110,-110,-110,-110,98,98,98,565,565,565,1514,1514,1514,609,609,609,636,636,636,1281,1281,1281,1775,1775,1775,1062,1062,1062,1366,1366,1366,1310,1310,1310,2215,2215,2215
52,5.975999999999999979,141,59,-236,-236,-101,-101,-101,69,69,69,-166,-166,-166,-166,-78,-78,-78,-78,-191,-191,-191,-181,-181,137,137,137,-4,-4,-4,-4,134,134,134,68,68,-160,-160,-385,-385,-222,-222,-222,69,69,69,69,16,16,16,70,70,26,26,23,23,0,0,40,40,40,-42,-42,-42,-42,-51,-51,1,1,-111,-111,-36,-36,-225,-225,-225,-545,-545,-568,-568,-104,-104,452,452,-378,-378,-378,-670,-670,-670,183,183,183,191,191,192,150,150,98,98,216,216,285,285,191,191,3,3,-237,-237,-179,-179,104,104,371,371,96,96,-86,-86,161,161,1032,1032,1032,-207,-207,-207,-473,-473,-473,-462,-462,-285,-285,57,57,57,1114,1114,1114,-115,-115,-115,-165,-165,-165,111,111,111,-1116,-1116,323,323,323,399,399,399,399,215,215,215,215,-27,-27,-27,299,299,1309,1309,761,761,-1279,-1279,-1279,151,151,151,151,37,37,37,37,462,462,462,502,502,756,756,-171,-171,-171,711,711,711,711,-420,-420,-420,-37,-37,-37,1034,1034,1870,1870,1870,1238,1238,1238,1238,775,775,775,775,2030,2030,2030,2030,1668,1668,710,710,820,820,614,614,614,-808,-808,-808,-412,-412,-412,834,834,834,949,949,1010,1010,1010,332,332,332,332,263,263,263,263,765,765,765,765,1533,1533,1533,837,837,889,889,889,1396,1396,1396,711,711,711,711,680,680,680,680,1154,1154,942,942,1330,1330,1330,2161,2161,2161,2161,1688,1688,1688,1946,1946,1946,2306,2306,1702,1702,1411,1411,1411,1085,1085,1085,1907,1907,1907,1907,1240,1240,1240,1240,1014,1014,881,881,531,531,531,321,321,321,321,131,131,131,131,131,-212,-212,-212,-212,261,261,1336,1336,-190,-190,-190,1235,1235,1235,1235,2541,2541,2541,2541,1759,1759,1759,195,195,195,-705,-705,1744,1744,1744,801,801,801,3444,3444,3444,3444,3703,3703,3703,3703,3338,3338,3338,3593,3593,4068,4068,3311,3311,2747,2747,2747,2856,2856,2856,2856,2192,2192,1823,1823,598,598,880,880,880,1461,1461,1461,1461,941,941,941,941,1861,1861,1861,2154,2154,2162,2162,1906,1906,1968,1968,1968,2184,2184,2184,934,934,934,547,547,919,919,844,844,844,686,686,686,724,724,724,724,476,476,476,476,711,711,711,245,245,-105,-105,-105,-175,-175,-175,-175,45,45,45,45,-191,-191,-191,-436,-436,-163,-163,-32,-32,-32,-362,-362,-362,-491,-491,478,478,826,378,378,1035,1035,1491,1491,714,714,714,467,467,1014,1014,1650,1650,1409,1409,362,362,362,413,413,413,191,191,191,265,265,334,334,138,138,-37,-37,511,511,511,-154,-154,-154,697,697,697,215,215,447,447,457,457,460,460,460,146,146,146,482,482,482,482,-517,-517,-517,-517,-430,-430,-430,91,91,91,1078,1078,1078,299,299,299,570,570,570,683,683,683,987,987,987,931,931,931,814,814,814,1018,1018,1018,2035,2035,2035
53,6.176000000000000156,316,198,-158,-158,16,16,16,149,149,149,87,87,87,87,215,215,215,215,202,202,202,59,59,217,217,217,150,150,150,150,331,331,331,221,221,-29,-29,-309,-309,-170,-170,-170,198,198,198,198,100,100,100,126,126,156,156,52,52,101,101,179,179,179,236,236,236,236,96,96,89,89,129,129,205,205,-160,-160,-160,-423,-423,-478,-478,-273,-273,330,330,-126,-126,-126,-415,-415,-415,164,164,164,253,253,231,88,88,203,203,127,127,209,209,219,219,62,62,-127,-127,-72,-72,304,304,539,539,388,388,120,120,213,213,743,743,743,-14,-14,-14,-14,-14,-14,-87,-87,20,20,117,117,117,862,862,862,263,263,263,96,96,96,171,171,171,-714,-714,355,355,355,163,163,163,163,-114,-114,-114,-114,-521,-521,-521,432,432,1622,1622,1188,1188,-1370,-1370,-1370,-478,-478,-478,-478,-756,-756,-756,-756,-193,-193,-193,61,61,145,145,390,390,390,721,721,721,721,-614,-614,-614,125,125,125,733,733,1442,1442,1442,412,412,412,412,352,352,352,352,907,907,907,907,539,539,459,459,672,672,-483,-483,-483,-705,-705,-705,-331,-331,-331,682,682,682,535,535,1072,1072,1072,213,213,213,213,460,460,460,460,474,474,474,474,1201,1201,1201,309,309,652,652,652,1272,1272,1272,261,261,261,261,357,357,357,357,930,930,601,601,1176,1176,1176,2179,2179,2179,2179,1449,1449,1449,1239,1239,1239,2037,2037,1938,1938,1279,1279,1279,1140,1140,1140,1324,1324,1324,1324,787,787,787,787,983,983,667,667,418,418,418,516,516,516,516,361,361,361,361,361,-343,-343,-343,-343,225,225,920,920,-160,-160,-160,626,626,626,626,1800,1800,1800,1800,1583,1583,1583,632,632,632,-504,-504,770,770,770,-248,-248,-248,2737,2737,2737,2737,2931,2931,2931,2931,2662,2662,2662,2694,2694,3195,3195,2813,2813,2174,2174,2174,2258,2258,2258,2258,1954,1954,1540,1540,474,474,677,677,677,1055,1055,1055,1055,924,924,924,924,1385,1385,1385,1276,1276,1196,1196,1467,1467,1859,1859,1859,1877,1877,1877,883,883,883,804,804,953,953,828,828,828,859,859,859,424,424,424,424,281,281,281,281,853,853,853,490,490,143,143,143,-214,-214,-214,-214,19,19,19,19,-285,-285,-285,-138,-138,123,123,-237,-237,-237,-387,-387,-387,-447,-447,400,400,864,376,376,680,680,842,842,519,519,519,292,292,667,667,1312,1312,940,940,365,365,365,435,435,435,149,149,149,161,161,425,425,125,125,233,233,722,722,722,-333,-333,-333,685,685,685,189,189,193,193,445,445,222,222,222,411,411,411,557,557,557,557,-482,-482,-482,-482,-538,-538,-538,-25,-25,-25,500,500,500,109,109,109,534,534,534,222,222,222,255,255,255,665,665,665,184,184,184,758,758,758,1654,1654,1654
54,6.376000000000000334,473,299,16,16,237,237,237,326,326,326,375,375,375,375,566,566,566,566,589,589,589,583,583,420,420,420,329,329,329,329,446,446,446,357,357,210,210,-30,-30,68,68,68,365,365,365,365,283,283,283,184,184,311,311,187,187,287,287,380,380,380,517,517,517,517,310,310,249,249,377,377,449,449,103,103,103,-117,-117,-175,-175,-156,-156,241,241,194,194,194,-86,-86,-86,135,135,135,419,419,398,223,223,342,342,217,217,245,245,449,449,206,206,-5,-5,228,228,560,560,686,686,744,744,382,382,312,312,452,452,452,294,294,294,470,470,470,355,355,355,355,287,287,287,616,616,616,663,663,663,283,283,283,152,152,152,-226,-226,407,407,407,118,118,118,118,-220,-220,-220,-220,-549,-549,-549,795,795,1737,1737,1219,1219,-869,-869,-869,-643,-643,-643,-643,-1092,-1092,-1092,-1092,-544,-544,-544,-122,-122,28,28,967,967,967,703,703,703,703,-512,-512,-512,299,299,299,452,452,886,886,886,13,13,13,13,204,204,204,204,-152,-152,-152,-152,-171,-171,529,529,706,706,-832,-832,-832,-51,-51,-51,139,139,139,590,590,590,382,382,1126,1126,1126,240,240,240,240,783,783,783,783,392,392,392,392,807,807,807,148,148,535,535,535,1064,1064,1064,175,175,175,175,424,424,424,424,825,825,368,368,1026,1026,1026,1951,1951,1951,1951,1150,1150,1150,495,495,495,1450,1450,2015,2015,1153,1153,1153,1424,1424,1424,901,901,901,901,513,513,513,513,1026,1026,814,814,643,643,643,846,846,846,846,809,809,809,809,809,-24,-24,-24,-24,506,506,632,632,38,38,38,417,417,417,417,1111,1111,1111,1111,1448,1448,1448,952,952,952,-112,-112,63,63,63,-521,-521,-521,1913,1913,1913,1913,1667,1667,1667,1667,1586,1586,1586,1453,1453,1853,1853,1800,1800,1420,1420,1420,1506,1506,1506,1506,1547,1547,1291,1291,736,736,690,690,690,770,770,770,770,992,992,992,992,1118,1118,1118,787,787,505,505,1025,1025,1525,1525,1525,1382,1382,1382,823,823,823,1004,1004,1024,1024,825,825,825,1064,1064,1064,357,357,357,357,144,144,144,144,800,800,800,710,710,614,614,614,48,48,48,48,249,249,249,249,-22,-22,-22,308,308,497,497,-171,-171,-171,-63,-63,-63,13,13,468,468,870,579,579,428,428,374,374,517,517,517,383,383,428,428,947,947,587,587,490,490,490,582,582,582,282,282,282,235,235,544,544,306,306,627,627,952,952,952,-116,-116,-116,601,601,601,392,392,135,135,526,526,137,137,137,752,752,752,710,710,710,710,-13,-13,-13,-13,-177,-177,-177,164,164,164,50,50,50,141,141,141,715,715,715,131,131,131,-62,-62,-62,489,489,489,-160,-160,-160,701,701,701,1220,1220,1220
55,6.575999999999999623,632,393,305,305,467,467,467,586,586,586,702,702,702,702,893,893,893,893,957,957,957,984,984,604,604,604,623,623,623,623,609,609,609,598,598,483,483,348,348,345,345,345,486,486,486,486,406,406,406,336,336,530,530,433,433,508,508,505,505,505,670,670,670,670,448,448,407,407,617,617,626,626,199,199,199,180,180,188,188,47,47,251,251,545,545,545,234,234,234,108,108,108,491,491,532,362,362,488,488,358,358,407,407,566,566,391,391,186,186,386,386,687,687,754,754,947,947,613,613,406,406,213,213,213,533,533,533,767,767,767,588,588,501,501,378,378,378,337,337,337,748,748,748,406,406,406,90,90,90,117,117,291,291,291,132,132,132,132,-175,-175,-175,-175,-254,-254,-254,1078,1078,1513,1513,904,904,-208,-208,-208,-530,-530,-530,-530,-926,-926,-926,-926,-645,-645,-645,-93,-93,223,223,1386,1386,1386,604,604,604,604,-216,-216,-216,384,384,384,173,173,235,235,235,-130,-130,-130,-130,328,328,328,328,-628,-628,-628,-628,-308,-308,784,784,765,765,-685,-685,-685,659,659,659,680,680,680,453,453,453,281,281,975,975,975,400,400,400,400,913,913,913,913,556,556,556,556,548,548,548,316,316,428,428,428,812,812,812,394,394,394,394,737,737,737,737,764,764,293,293,1023,1023,1023,1560,1560,1560,1560,836,836,836,142,142,142,734,734,1874,1874,1041,1041,1041,1696,1696,1696,658,658,658,658,482,482,482,482,1026,1026,1087,1087,772,772,772,1067,1067,1067,1067,1240,1240,1240,1240,1240,587,587,587,587,984,984,538,538,301,301,301,488,488,488,488,773,773,773,773,1301,1301,1301,1232,1232,1232,314,314,-242,-242,-242,-237,-237,-237,933,933,933,933,471,471,471,471,536,536,536,421,421,548,548,783,783,864,864,864,839,839,839,839,1080,1080,1028,1028,1105,1105,816,816,816,534,534,534,534,1050,1050,1050,1050,965,965,965,725,725,391,391,660,660,1166,1166,1166,707,707,707,748,748,748,1098,1098,1042,1042,707,707,707,993,993,993,474,474,474,474,136,136,136,136,634,634,634,821,821,883,883,883,433,433,433,433,600,600,600,600,347,347,347,563,563,645,645,114,114,114,267,267,267,563,563,608,608,782,869,869,297,297,230,230,685,685,685,566,566,313,313,445,445,362,362,577,577,577,680,680,680,441,441,441,376,376,556,556,464,464,904,904,1012,1012,1012,313,313,313,484,484,484,600,600,267,267,561,561,175,175,175,909,909,909,720,720,720,720,449,449,449,449,404,404,404,455,455,455,-136,-136,-136,349,349,349,843,843,843,311,311,311,-104,-104,-104,429,429,429,-154,-154,-154,860,860,860,1015,1015,1015
56,6.775999999999999801,684,430,437,437,467,467,467,691,691,691,831,831,831,831,1029,1029,1029,1029,1065,1065,1065,1043,1043,725,725,725,653,653,653,653,482,482,482,608,608,489,489,485,485,517,517,517,527,527,527,527,532,532,532,461,461,582,582,521,521,597,597,573,573,573,681,681,681,681,493,493,487,487,715,715,644,644,245,245,245,355,355,456,456,300,300,231,231,599,599,599,324,324,324,90,90,90,338,338,413,437,437,467,467,470,470,402,402,477,477,420,420,226,226,376,376,496,496,610,610,911,911,643,643,360,360,53,53,53,537,537,537,738,738,738,491,491,355,355,311,311,311,41,41,41,539,539,539,408,408,408,-38,-38,-38,212,212,-2,-2,-2,97,97,97,97,-72,-72,-72,-72,220,220,220,1131,1131,981,981,459,459,321,321,321,-350,-350,-350,-350,-565,-565,-565,-565,-656,-656,-656,-80,-80,388,388,1347,1347,1347,253,253,253,253,46,46,46,363,363,363,-129,-129,-300,-300,-300,-126,-126,-126,-126,440,440,440,440,-588,-588,-588,-588,-102,-102,897,897,566,566,-349,-349,-349,1023,1023,1023,892,892,892,196,196,196,148,148,689,689,689,461,461,461,461,834,834,834,834,768,768,768,768,483,483,483,487,487,203,203,203,445,445,445,534,534,534,534,847,847,847,847,576,576,259,259,1076,1076,1076,1120,1120,1120,1120,463,463,463,72,72,72,-24,-24,1407,1407,858,858,858,1777,1777,1777,426,426,426,426,620,620,620,620,852,852,931,931,608,608,608,956,956,956,956,1333,1333,1333,1333,1333,979,979,979,979,1220,1220,298,298,427,427,427,589,589,589,589,539,539,539,539,1095,1095,1095,1411,1411,1411,562,562,-409,-409,-409,269,269,269,221,221,221,221,-297,-297,-297,-297,-270,-270,-270,-235,-235,-440,-440,-3,-3,498,498,498,423,423,423,423,573,573,706,706,1194,1194,804,804,804,320,320,320,320,980,980,980,980,933,933,933,929,929,609,609,501,501,678,678,678,177,177,177,603,603,603,985,985,847,847,416,416,416,622,622,622,504,504,504,504,194,194,194,194,379,379,379,776,776,855,855,855,684,684,684,684,875,875,875,875,636,636,636,606,606,611,611,333,333,333,568,568,568,863,863,708,708,671,931,931,342,342,342,342,853,853,853,595,595,225,225,29,29,216,216,472,472,472,609,609,609,446,446,446,448,448,441,441,462,462,849,849,860,860,860,693,693,693,378,378,378,643,643,444,444,440,440,176,176,176,789,789,789,538,538,538,538,648,648,648,648,833,833,833,697,697,697,-167,-167,-167,488,488,488,790,790,790,525,525,525,25,25,25,379,379,379,114,114,114,1060,1060,1060,1045,1045,1045
57,6.975999999999999091,734,342,309,309,344,344,344,576,576,576,691,691,691,691,781,781,781,781,706,706,706,720,720,537,537,537,482,482,482,482,378,378,378,434,434,342,342,337,337,355,355,355,338,338,338,338,477,477,477,384,384,431,431,496,496,382,382,383,383,383,526,526,526,526,357,357,362,362,478,478,485,485,227,227,227,318,318,455,455,351,351,112,112,389,389,389,223,223,223,-16,-16,-16,39,39,148,234,234,278,278,391,391,290,290,256,256,243,243,126,126,144,144,158,158,403,403,661,661,515,515,138,138,-168,-168,-168,317,317,317,434,434,434,263,263,46,46,92,92,92,-336,-336,-336,185,185,185,294,294,294,-164,-164,-164,146,146,-307,-307,-307,-84,-84,-84,-84,52,52,52,52,655,655,655,923,923,280,280,-56,-56,498,498,498,-262,-262,-262,-262,-276,-276,-276,-276,-571,-571,-571,-177,-177,337,337,955,955,955,-218,-218,-218,-218,257,257,257,211,211,211,-443,-443,-802,-802,-802,-201,-201,-201,-201,475,475,475,475,-278,-278,-278,-278,182,182,754,754,281,281,28,28,28,989,989,989,801,801,801,-231,-231,-231,-163,-163,304,304,304,376,376,376,376,496,496,496,496,773,773,773,773,434,434,434,463,463,-173,-173,-173,60,60,60,501,501,501,501,642,642,642,642,221,221,217,217,1014,1014,1014,639,639,639,639,125,125,125,52,52,52,-702,-702,688,688,548,548,548,1521,1521,1521,225,225,225,225,678,678,678,678,566,566,429,429,51,51,51,454,454,454,454,969,969,969,969,969,1081,1081,1081,1081,1088,1088,-3,-3,412,412,412,539,539,539,539,316,316,316,316,849,849,849,1323,1323,1323,538,538,-566,-566,-566,576,576,576,-397,-397,-397,-397,-707,-707,-707,-707,-682,-682,-682,-622,-622,-866,-866,-553,-553,245,245,245,78,78,78,78,173,173,209,209,854,854,542,542,542,-9,-9,-9,-9,707,707,707,707,867,867,867,1088,1088,789,789,363,363,292,292,292,-362,-362,-362,268,268,268,640,640,464,464,68,68,68,-13,-13,-13,421,421,421,421,226,226,226,226,64,64,64,525,525,586,586,586,646,646,646,646,878,878,878,878,713,713,713,506,506,438,438,475,475,475,573,573,573,787,787,589,589,424,771,771,373,373,501,501,823,823,823,475,475,30,30,-355,-355,-36,-36,199,199,199,319,319,319,268,268,268,386,386,254,254,302,302,540,540,471,471,471,639,639,639,203,203,203,423,423,474,474,247,247,65,65,65,443,443,443,191,191,191,191,475,475,475,475,844,844,844,636,636,636,-134,-134,-134,429,429,429,434,434,434,514,514,514,73,73,73,214,214,214,437,437,437,1118,1118,1118,1016,1016,1016
58,7.175999999999999268,564,144,167,167,157,157,157,386,386,386,469,469,469,469,359,359,359,359,165,165,165,199,199,345,345,345,199,199,199,199,186,186,186,282,282,213,213,185,185,194,194,194,196,196,196,196,308,308,308,289,289,314,314,392,392,284,284,220,220,220,224,224,224,224,171,171,227,227,241,241,311,311,161,161,161,218,218,306,306,278,278,85,85,230,230,230,150,150,150,-36,-36,-36,-199,-199,-105,42,42,89,89,218,218,103,103,1,1,48,48,123,123,-11,-11,-21,-21,219,219,317,317,306,306,58,58,-177,-177,-177,128,128,128,170,170,170,95,95,-139,-139,-67,-67,-67,-461,-461,-461,-66,-66,-66,272,272,272,-133,-133,-133,200,200,-395,-395,-395,-110,-110,-110,-110,259,259,259,259,1009,1009,1009,596,596,-274,-274,-307,-307,565,565,565,-65,-65,-65,-65,125,125,125,125,-316,-316,-316,-148,-148,281,281,585,585,585,-473,-473,-473,-473,426,426,426,145,145,145,-596,-596,-924,-924,-924,-132,-132,-132,-132,471,471,471,471,105,105,105,105,340,340,487,487,31,31,415,415,415,687,687,687,641,641,641,-429,-429,-429,-361,-361,50,50,50,290,290,290,290,175,175,175,175,705,705,705,705,418,418,418,370,370,-396,-396,-396,-236,-236,-236,409,409,409,409,392,392,392,392,-8,-8,325,325,858,858,858,351,351,351,351,-82,-82,-82,3,3,3,-1110,-1110,-186,-186,257,257,257,1043,1043,1043,229,229,229,229,668,668,668,668,301,301,-37,-37,-312,-312,-312,-11,-11,-11,-11,441,441,441,441,441,939,939,939,939,755,755,-269,-269,432,432,432,466,466,466,466,285,285,285,285,712,712,712,1159,1159,1159,416,416,-506,-506,-506,777,777,777,-648,-648,-648,-648,-663,-663,-663,-663,-666,-666,-666,-530,-530,-828,-828,-618,-618,200,200,200,-87,-87,-87,-87,-60,-60,-131,-131,284,284,252,252,252,-121,-121,-121,-121,311,311,311,311,784,784,784,1046,1046,894,894,405,405,1,1,1,-586,-586,-586,26,26,26,397,397,243,243,-122,-122,-122,-357,-357,-357,372,372,372,372,215,215,215,215,-13,-13,-13,423,423,321,321,321,532,532,532,532,771,771,771,771,728,728,728,459,459,277,277,539,539,539,502,502,502,572,572,350,350,261,487,487,399,399,604,604,699,699,699,351,351,-13,-13,-501,-501,-198,-198,62,62,62,88,88,88,150,150,150,320,320,135,135,199,199,203,203,131,131,131,409,409,409,123,123,123,211,211,421,421,87,87,-42,-42,-42,87,87,87,-100,-100,-100,-100,252,252,252,252,664,664,664,476,476,476,17,17,17,330,330,330,133,133,133,431,431,431,224,224,224,121,121,121,778,778,778,1079,1079,1079,922,922,922
59,7.375999999999999446,332,124,229,229,153,153,153,349,349,349,388,388,388,388,191,191,191,191,-69,-69,-69,-7,-7,243,243,243,181,181,181,181,235,235,235,258,258,220,220,175,175,153,153,153,90,90,90,90,237,237,237,299,299,224,224,409,409,234,234,220,220,220,62,62,62,62,126,126,142,142,99,99,260,260,184,184,184,134,134,207,207,275,275,87,87,137,137,137,167,167,167,130,130,130,-194,-194,-142,-26,-26,4,4,154,154,91,91,-93,-93,-82,-82,201,201,88,88,-5,-5,264,264,160,160,281,281,118,118,-81,-81,-81,136,136,136,120,120,120,144,144,-90,-90,-52,-52,-52,-351,-351,-351,18,18,18,410,410,410,130,130,130,431,431,-162,-162,-162,65,65,65,65,534,534,534,534,1299,1299,1299,467,467,-426,-426,-146,-146,683,683,683,248,248,248,248,573,573,573,573,116,116,116,206,206,359,359,321,321,321,-341,-341,-341,-341,591,591,591,237,237,237,-405,-405,-555,-555,-555,148,148,148,148,560,560,560,560,585,585,585,585,476,476,309,309,-13,-13,746,746,746,470,470,470,572,572,572,-281,-281,-281,-270,-270,49,49,49,428,428,428,428,28,28,28,28,606,606,606,606,465,465,465,450,450,-215,-215,-215,-152,-152,-152,449,449,449,449,348,348,348,348,102,102,529,529,841,841,841,317,317,317,317,4,4,4,-85,-85,-85,-1153,-1153,-842,-842,204,204,204,688,688,688,394,394,394,394,671,671,671,671,317,317,-72,-72,-54,-54,-54,-109,-109,-109,-109,84,84,84,84,84,797,797,797,797,427,427,-224,-224,550,550,550,466,466,466,466,309,309,309,309,783,783,783,1082,1082,1082,497,497,-132,-132,-132,969,969,969,-554,-554,-554,-554,-265,-265,-265,-265,-300,-300,-300,-166,-166,-355,-355,-259,-259,305,305,305,23,23,23,23,-16,-16,-146,-146,-88,-88,105,105,105,33,33,33,33,90,90,90,90,626,626,626,839,839,838,838,548,548,9,9,9,-392,-392,-392,-50,-50,-50,290,290,258,258,21,21,21,-317,-317,-317,387,387,387,387,320,320,320,320,110,110,110,442,442,339,339,339,540,540,540,540,616,616,616,616,746,746,746,529,529,332,332,689,689,689,527,527,527,443,443,216,216,255,356,356,551,551,701,701,646,646,646,373,373,58,58,-221,-221,-168,-168,152,152,152,85,85,85,219,219,219,306,306,140,140,200,200,113,113,-21,-21,-21,294,294,294,203,203,203,178,178,414,414,126,126,107,107,107,-95,-95,-95,-87,-87,-87,-87,134,134,134,134,501,501,501,497,497,497,368,368,368,363,363,363,146,146,146,459,459,459,519,519,519,239,239,239,1062,1062,1062,977,977,977,693,693,693
60,7.575999999999999623,142,225,352,352,424,424,424,379,379,379,389,389,389,389,81,81,81,81,-89,-89,-89,84,84,306,306,306,321,321,321,321,252,252,252,361,361,366,366,339,339,251,251,251,197,197,197,197,245,245,245,314,314,332,332,497,497,360,360,311,311,311,22,22,22,22,179,179,167,167,103,103,165,165,257,257,257,187,187,201,201,254,254,194,194,215,215,215,384,384,384,327,327,327,57,57,38,44,44,78,78,194,194,115,115,-41,-41,-15,-15,304,304,319,319,302,302,384,384,231,231,390,390,338,338,179,179,179,274,274,274,241,241,241,339,339,214,214,136,136,136,-41,-41,-41,277,277,277,594,594,594,469,469,469,808,808,399,399,399,336,336,336,336,843,843,843,843,1412,1412,1412,442,442,-277,-277,220,220,849,849,849,618,618,618,618,929,929,929,929,598,598,598,594,594,550,550,282,282,282,102,102,102,102,769,769,769,477,477,477,85,85,123,123,123,602,602,602,602,658,658,658,658,921,921,921,921,653,653,266,266,199,199,1053,1053,1053,352,352,352,573,573,573,114,114,114,170,170,210,210,210,626,626,626,626,90,90,90,90,523,523,523,523,592,592,592,649,649,285,285,285,185,185,185,626,626,626,626,493,493,493,493,519,519,759,759,841,841,841,450,450,450,450,284,284,284,-35,-35,-35,-854,-854,-1118,-1118,290,290,290,465,465,465,722,722,722,722,656,656,656,656,438,438,307,307,577,577,577,67,67,67,67,-37,-37,-37,-37,-37,642,642,642,642,295,295,34,34,718,718,718,479,479,479,479,536,536,536,536,920,920,920,1047,1047,1047,789,789,473,473,473,1044,1044,1044,-195,-195,-195,-195,399,399,399,399,276,276,276,408,408,338,338,348,348,503,503,503,343,343,343,343,246,246,122,122,-148,-148,157,157,157,292,292,292,292,18,18,18,18,491,491,491,645,645,781,781,727,727,274,274,274,37,37,37,142,142,142,339,339,407,407,327,327,327,14,14,14,476,476,476,476,441,441,441,441,352,352,352,547,547,469,469,469,648,648,648,648,440,440,440,440,679,679,679,629,629,476,476,856,856,856,614,614,614,422,422,293,293,365,377,377,683,683,724,724,671,671,671,569,569,458,458,228,228,100,100,373,373,373,250,250,250,434,434,434,394,394,256,256,332,332,217,217,47,47,47,317,317,317,349,349,349,299,299,487,487,331,331,376,376,376,57,57,57,164,164,164,164,235,235,235,235,399,399,399,550,550,550,726,726,726,500,500,500,380,380,380,583,583,583,829,829,829,439,439,439,1207,1207,1207,882,882,882,488,488,488
61,7.775999999999999801,8,427,635,635,609,609,609,502,502,502,408,408,408,408,178,178,178,178,124,124,124,312,312,400,400,400,450,450,450,450,526,526,526,491,491,525,525,550,550,481,481,481,310,310,310,310,293,293,293,364,364,491,491,565,565,506,506,435,435,435,38,38,38,38,248,248,231,231,167,167,200,200,287,287,287,246,246,296,296,246,246,298,298,299,299,299,551,551,551,570,570,570,398,398,262,185,185,279,279,295,295,272,272,46,46,106,106,337,337,484,484,571,571,511,511,374,374,483,483,491,491,391,391,391,417,417,417,294,294,294,514,514,563,563,394,394,394,338,338,338,564,564,564,679,679,679,702,702,702,1021,1021,818,818,818,659,659,659,659,983,983,983,983,1260,1260,1260,441,441,35,35,569,569,927,927,927,785,785,785,785,1052,1052,1052,1052,1013,1013,1013,931,931,736,736,308,308,308,510,510,510,510,883,883,883,609,609,609,592,592,689,689,689,965,965,965,965,788,788,788,788,1156,1156,1156,1156,823,823,364,364,388,388,1110,1110,1110,312,312,312,634,634,634,507,507,507,611,611,309,309,309,811,811,811,811,172,172,172,172,454,454,454,454,669,669,669,903,903,715,715,715,490,490,490,786,786,786,786,735,735,735,735,951,951,954,954,802,802,802,632,632,632,632,613,613,613,89,89,89,-360,-360,-1098,-1098,470,470,470,404,404,404,1012,1012,1012,1012,626,626,626,626,559,559,688,688,1095,1095,1095,350,350,350,350,66,66,66,66,66,558,558,558,558,289,289,313,313,705,705,705,556,556,556,556,712,712,712,712,1062,1062,1062,975,975,975,1057,1057,918,918,918,1039,1039,1039,273,273,273,273,918,918,918,918,873,873,873,905,905,978,978,885,885,667,667,667,692,692,692,692,576,576,468,468,26,26,243,243,243,580,580,580,580,165,165,165,165,306,306,306,491,491,780,780,838,838,672,672,672,501,501,501,391,391,391,426,426,576,576,598,598,598,374,374,374,526,526,526,526,597,597,597,597,575,575,575,603,603,613,613,613,665,665,665,665,275,275,275,275,526,526,526,595,595,591,591,893,893,893,695,695,695,490,490,423,423,494,539,539,847,847,752,752,690,690,690,836,836,932,932,747,747,462,462,609,609,609,468,468,468,651,651,651,479,479,398,398,455,455,348,348,173,173,173,415,415,415,525,525,525,488,488,577,577,540,540,680,680,680,313,313,313,421,421,421,421,416,416,416,416,377,377,377,635,635,635,987,987,987,719,719,719,656,656,656,766,766,766,992,992,992,625,625,625,1130,1130,1130,835,835,835,298,298,298
62,7.975999999999999091,4,496,755,755,680,680,680,542,542,542,266,266,266,266,263,263,263,263,306,306,306,391,391,362,362,362,510,510,510,510,577,577,577,549,549,583,583,630,630,573,573,573,342,342,342,342,308,308,308,433,433,566,566,601,601,654,654,432,432,432,213,213,213,213,333,333,339,339,202,202,196,196,302,302,302,260,260,276,276,225,225,303,303,341,341,341,624,624,624,693,693,693,540,540,500,317,317,379,379,381,381,399,399,231,231,191,191,244,244,502,502,663,663,613,613,520,520,542,542,528,528,457,457,457,463,463,463,314,314,314,570,570,732,732,512,512,512,636,636,636,634,634,634,598,598,598,684,684,684,933,933,966,966,966,631,631,631,631,888,888,888,888,841,841,841,372,372,262,262,744,744,863,863,863,756,756,756,756,937,937,937,937,1059,1059,1059,936,936,735,735,238,238,238,743,743,743,743,861,861,861,580,580,580,828,828,974,974,974,1112,1112,1112,1112,726,726,726,726,1103,1103,1103,1103,818,818,403,403,535,535,889,889,889,225,225,225,528,528,528,811,811,811,789,789,319,319,319,731,731,731,731,240,240,240,240,275,275,275,275,645,645,645,990,990,932,932,932,621,621,621,835,835,835,835,754,754,754,754,1133,1133,923,923,581,581,581,661,661,661,661,773,773,773,333,333,333,97,97,-855,-855,530,530,530,351,351,351,1106,1106,1106,1106,523,523,523,523,577,577,769,769,1063,1063,1063,532,532,532,532,191,191,191,191,191,392,392,392,392,232,232,566,566,477,477,477,500,500,500,500,807,807,807,807,890,890,890,700,700,700,1109,1109,1084,1084,1084,758,758,758,595,595,595,595,1168,1168,1168,1168,1230,1230,1230,1263,1263,1241,1241,1096,1096,685,685,685,889,889,889,889,821,821,666,666,230,230,261,261,261,707,707,707,707,250,250,250,250,195,195,195,348,348,682,682,799,799,866,866,866,793,793,793,580,580,580,465,465,581,581,643,643,643,565,565,565,502,502,502,502,630,630,630,630,677,677,677,460,460,545,545,545,581,581,581,581,147,147,147,147,263,263,263,392,392,523,523,757,757,757,661,661,661,494,494,508,508,499,578,578,899,899,668,668,619,619,619,976,976,1189,1189,1090,1090,649,649,635,635,635,527,527,527,685,685,685,473,473,477,477,475,475,371,371,266,266,266,517,517,517,586,586,586,583,583,600,600,576,576,779,779,779,470,470,470,546,546,546,546,509,509,509,509,318,318,318,583,583,583,1007,1007,1007,795,795,795,745,745,745,783,783,783,899,899,899,576,576,576,882,882,882,790,790,790,215,215,215
63,8.176000000000000156,-22,463,630,630,507,507,507,325,325,325,72,72,72,72,220,220,220,220,322,322,322,246,246,229,229,229,361,361,361,361,485,485,485,510,510,512,512,494,494,406,406,406,274,274,274,274,280,280,280,312,312,487,487,495,495,521,521,312,312,312,270,270,270,270,343,343,331,331,170,170,65,65,270,270,270,247,247,182,182,133,133,135,135,159,159,159,641,641,641,685,685,685,618,618,514,314,314,359,359,348,348,325,325,234,234,160,160,96,96,321,321,532,532,507,507,499,499,433,433,325,325,369,369,369,388,388,388,254,254,254,405,405,701,701,473,473,473,607,607,607,488,488,488,293,293,293,530,530,530,531,531,742,742,742,456,456,456,456,610,610,610,610,306,306,306,197,197,321,321,619,619,669,669,669,493,493,493,493,511,511,511,511,780,780,780,611,611,480,480,98,98,98,743,743,743,743,585,585,585,355,355,355,745,745,803,803,803,895,895,895,895,425,425,425,425,759,759,759,759,646,646,303,303,494,494,476,476,476,59,59,59,264,264,264,772,772,772,651,651,153,153,153,422,422,422,422,240,240,240,240,45,45,45,45,457,457,457,748,748,827,827,827,521,521,521,553,553,553,553,544,544,544,544,956,956,628,628,144,144,144,435,435,435,435,654,654,654,458,458,458,355,355,-632,-632,375,375,375,196,196,196,895,895,895,895,300,300,300,300,375,375,504,504,576,576,576,491,491,491,491,209,209,209,209,209,158,158,158,158,98,98,531,531,190,190,190,277,277,277,277,698,698,698,698,508,508,508,178,178,178,915,915,813,813,813,316,316,316,647,647,647,647,1118,1118,1118,1118,1196,1196,1196,1207,1207,1132,1132,967,967,518,518,518,818,818,818,818,780,780,623,623,321,321,122,122,122,563,563,563,563,343,343,343,343,92,92,92,220,220,447,447,608,608,803,803,803,795,795,795,524,524,524,269,269,372,372,485,485,485,468,468,468,339,339,339,339,514,514,514,514,569,569,569,169,169,312,312,312,322,322,322,322,-66,-66,-66,-66,-12,-12,-12,149,149,252,252,346,346,346,494,494,494,367,367,405,405,384,482,482,794,794,537,537,447,447,447,913,913,1182,1182,1139,1139,718,718,487,487,487,388,388,388,487,487,487,340,340,393,393,368,368,235,235,205,205,205,482,482,482,524,524,524,505,505,443,443,486,486,632,632,632,431,431,431,432,432,432,432,427,427,427,427,210,210,210,282,282,282,771,771,771,620,620,620,532,532,532,532,532,532,541,541,541,330,330,330,487,487,487,618,618,618,175,175,175
64,8.375999999999999446,22,321,306,306,216,216,216,17,17,17,-159,-159,-159,-159,39,39,39,39,208,208,208,22,22,-89,-89,-89,218,218,218,218,303,303,303,208,208,253,253,161,161,124,124,124,111,111,111,111,63,63,63,86,86,315,315,228,228,290,290,170,170,170,267,267,267,267,315,315,252,252,54,54,82,82,197,197,197,169,169,66,66,54,54,-45,-45,-37,-37,-37,476,476,476,609,609,609,554,554,380,277,277,250,250,248,248,224,224,191,191,170,170,-4,-4,59,59,253,253,296,296,381,381,298,298,149,149,198,198,198,207,207,207,182,182,182,254,254,480,480,336,336,336,468,468,468,222,222,222,-25,-25,-25,229,229,229,15,15,292,292,292,150,150,150,150,218,218,218,218,-233,-233,-233,-90,-90,239,239,343,343,288,288,288,173,173,173,173,94,94,94,94,364,364,364,144,144,119,119,-49,-49,-49,541,541,541,541,229,229,229,41,41,41,374,374,380,380,380,435,435,435,435,48,48,48,48,329,329,329,329,265,265,102,102,230,230,-27,-27,-27,-135,-135,-135,-69,-69,-69,487,487,487,335,335,-18,-18,-18,-40,-40,-40,-40,161,161,161,161,-221,-221,-221,-221,185,185,185,363,363,470,470,470,284,284,284,185,185,185,185,179,179,179,179,490,490,213,213,-368,-368,-368,77,77,77,77,392,392,392,479,479,479,354,354,-398,-398,45,45,45,-88,-88,-88,508,508,508,508,55,55,55,55,92,92,-12,-12,-138,-138,-138,353,353,353,353,216,216,216,216,216,-93,-93,-93,-93,-98,-98,348,348,-169,-169,-169,56,56,56,56,386,386,386,386,-21,-21,-21,-414,-414,-414,392,392,376,376,376,-235,-235,-235,488,488,488,488,805,805,805,805,850,850,850,861,861,781,781,596,596,219,219,219,523,523,523,523,608,608,495,495,296,296,-79,-79,-79,228,228,228,228,335,335,335,335,-11,-11,-11,33,33,178,178,266,266,491,491,491,570,570,570,312,312,312,65,65,44,44,223,223,223,249,249,249,174,174,174,174,366,366,366,366,376,376,376,-128,-128,2,2,2,-5,-5,-5,-5,-146,-146,-146,-146,-262,-262,-262,-175,-175,-56,-56,-103,-103,-103,192,192,192,176,176,210,210,179,269,269,472,472,334,334,230,230,230,641,641,913,913,926,926,667,667,303,303,303,183,183,183,164,164,164,125,125,269,269,209,209,50,50,123,123,123,364,364,364,383,383,383,317,317,278,278,354,354,389,389,389,256,256,256,253,253,253,253,219,219,219,219,41,41,41,-61,-61,-61,358,358,358,272,272,272,205,205,205,167,167,167,82,82,82,60,60,60,116,116,116,406,406,406,123,123,123
65,8.575999999999998735,140,128,-79,-79,-98,-98,-98,-223,-223,-223,-335,-335,-335,-335,-76,-76,-76,-76,77,77,77,-209,-209,-280,-280,-280,-39,-39,-39,-39,99,99,99,6,6,63,63,-136,-136,-141,-141,-141,-27,-27,-27,-27,-5,-5,-5,-53,-53,127,127,41,41,52,52,10,10,10,331,331,331,331,268,268,207,207,7,7,61,61,56,56,56,145,145,46,46,19,19,-141,-141,-97,-97,-97,356,356,356,514,514,514,417,417,296,165,165,132,132,136,136,93,93,175,175,141,141,2,2,-71,-71,-34,-34,11,11,146,146,90,90,3,3,43,43,43,49,49,49,165,165,165,169,169,303,303,163,163,163,292,292,292,7,7,7,-217,-217,-217,5,5,5,-291,-291,-175,-175,-175,-122,-122,-122,-122,-48,-48,-48,-48,-542,-542,-542,-299,-299,120,120,102,102,-33,-33,-33,-85,-85,-85,-85,-211,-211,-211,-211,-99,-99,-99,-169,-169,-204,-204,-102,-102,-102,385,385,385,385,-80,-80,-80,-122,-122,-122,-4,-4,29,29,29,-6,-6,-6,-6,-256,-256,-256,-256,-64,-64,-64,-64,-38,-38,-91,-91,8,8,-309,-309,-309,-192,-192,-192,-242,-242,-242,245,245,245,61,61,-107,-107,-107,-359,-359,-359,-359,118,118,118,118,-377,-377,-377,-377,-63,-63,-63,-43,-43,122,122,122,70,70,70,-184,-184,-184,-184,-142,-142,-142,-142,43,43,-135,-135,-735,-735,-735,-279,-279,-279,-279,178,178,178,472,472,472,227,227,-232,-232,-333,-333,-333,-307,-307,-307,189,189,189,189,-96,-96,-96,-96,-85,-85,-362,-362,-626,-626,-626,185,185,185,185,185,185,185,185,185,-250,-250,-250,-250,-200,-200,161,161,-309,-309,-309,-193,-193,-193,-193,121,121,121,121,-398,-398,-398,-777,-777,-777,-99,-99,-44,-44,-44,-605,-605,-605,229,229,229,229,415,415,415,415,384,384,384,416,416,338,338,143,143,-29,-29,-29,147,147,147,147,335,335,300,300,241,241,-221,-221,-221,-52,-52,-52,-52,231,231,231,231,33,33,33,-91,-91,-39,-39,76,76,156,156,156,284,284,284,79,79,79,-109,-109,-111,-111,39,39,39,30,30,30,14,14,14,14,233,233,233,233,203,203,203,-218,-218,-179,-179,-179,-201,-201,-201,-201,-107,-107,-107,-107,-303,-303,-303,-305,-305,-279,-279,-427,-427,-427,-32,-32,-32,31,31,-13,-13,21,4,4,185,185,184,184,122,122,122,334,334,501,501,644,644,583,583,131,131,131,40,40,40,-78,-78,-78,0,0,145,145,116,116,2,2,94,94,94,231,231,231,220,220,220,185,185,195,195,284,284,208,208,208,107,107,107,117,117,117,117,93,93,93,93,-20,-20,-20,-306,-306,-306,58,58,58,19,19,19,-96,-96,-96,-177,-177,-177,-230,-230,-230,-165,-165,-165,-209,-209,-209,96,96,96,58,58,58
66,8.775999999999999801,161,-54,-304,-304,-278,-278,-278,-392,-392,-392,-284,-284,-284,-284,-119,-119,-119,-119,57,57,57,-218,-218,-336,-336,-336,-73,-73,-73,-73,1,1,1,-37,-37,-80,-80,-277,-277,-210,-210,-210,-115,-115,-115,-115,-66,-66,-66,7,7,17,17,-129,-129,-91,-91,-21,-21,-21,364,364,364,364,233,233,158,158,10,10,188,188,144,144,144,192,192,103,103,-11,-11,-155,-155,-136,-136,-136,186,186,186,365,365,365,377,377,208,135,135,43,43,25,25,20,20,181,181,194,194,77,77,-67,-67,-195,-195,-127,-127,-24,-24,-58,-58,7,7,-1,-1,-1,-98,-98,-98,185,185,185,180,180,78,78,66,66,66,111,111,111,-98,-98,-98,-234,-234,-234,-95,-95,-95,-356,-356,-389,-389,-389,-298,-298,-298,-298,-205,-205,-205,-205,-617,-617,-617,-372,-372,68,68,21,21,-238,-238,-238,-205,-205,-205,-205,-343,-343,-343,-343,-314,-314,-314,-306,-306,-343,-343,-13,-13,-13,286,286,286,286,-217,-217,-217,-181,-181,-181,-186,-186,-194,-194,-194,-300,-300,-300,-300,-415,-415,-415,-415,-220,-220,-220,-220,-182,-182,-134,-134,-117,-117,-417,-417,-417,-78,-78,-78,-210,-210,-210,1,1,1,-114,-114,-55,-55,-55,-421,-421,-421,-421,133,133,133,133,-335,-335,-335,-335,-142,-142,-142,-267,-267,-133,-133,-133,-56,-56,-56,-358,-358,-358,-358,-323,-323,-323,-323,-240,-240,-230,-230,-827,-827,-827,-514,-514,-514,-514,43,43,43,459,459,459,101,101,-66,-66,-589,-589,-589,-405,-405,-405,-13,-13,-13,-13,-85,-85,-85,-85,-69,-69,-472,-472,-657,-657,-657,59,59,59,59,221,221,221,221,221,-303,-303,-303,-303,-188,-188,17,17,-302,-302,-302,-320,-320,-320,-320,1,1,1,1,-586,-586,-586,-821,-821,-821,-488,-488,-268,-268,-268,-725,-725,-725,-12,-12,-12,-12,23,23,23,23,-54,-54,-54,-92,-92,-47,-47,-150,-150,-192,-192,-192,-161,-161,-161,-161,64,64,92,92,160,160,-251,-251,-251,-253,-253,-253,-253,154,154,154,154,120,120,120,-2,-2,-96,-96,-60,-60,-74,-74,-74,45,45,45,-6,-6,-6,-160,-160,-142,-142,-91,-91,-91,-125,-125,-125,-55,-55,-55,-55,105,105,105,105,107,107,107,-137,-137,-180,-180,-180,-234,-234,-234,-234,28,28,28,28,-132,-132,-132,-272,-272,-359,-359,-564,-564,-564,-203,-203,-203,-58,-58,-116,-116,-71,-160,-160,-60,-60,96,96,101,101,101,92,92,119,119,346,346,505,505,70,70,70,36,36,36,-128,-128,-128,-37,-37,45,45,72,72,65,65,113,113,113,90,90,90,161,161,161,143,143,151,151,225,225,162,162,162,73,73,73,116,116,116,116,86,86,86,86,2,2,2,-333,-333,-333,-107,-107,-107,-133,-133,-133,-186,-186,-186,-336,-336,-336,-422,-422,-422,-240,-240,-240,-325,-325,-325,-102,-102,-102,62,62,62
67,8.975999999999999091,197,-112,-313,-313,-319,-319,-319,-361,-361,-361,-104,-104,-104,-104,56,56,56,56,186,186,186,-73,-73,-239,-239,-239,40,40,40,40,-31,-31,-31,-36,-36,-101,-101,-198,-198,-161,-161,-161,-111,-111,-111,-111,40,40,40,42,42,0,0,-104,-104,-77,-77,89,89,89,367,367,367,367,273,273,167,167,27,27,176,176,139,139,139,212,212,217,217,145,145,-50,-50,-34,-34,-34,86,86,86,347,347,347,285,285,193,109,109,39,39,-16,-16,16,16,193,193,244,244,196,196,-18,-18,-218,-218,-174,-174,-141,-141,-134,-134,34,34,32,32,32,-104,-104,-104,201,201,201,192,192,17,17,39,39,39,72,72,72,-91,-91,-91,-152,-152,-152,-90,-90,-90,-206,-206,-393,-393,-393,-260,-260,-260,-260,-173,-173,-173,-173,-536,-536,-536,-329,-329,91,91,14,14,-334,-334,-334,-126,-126,-126,-126,-269,-269,-269,-269,-315,-315,-315,-254,-254,-343,-343,95,95,95,286,286,286,286,-128,-128,-128,-89,-89,-89,-175,-175,-211,-211,-211,-361,-361,-361,-361,-342,-342,-342,-342,-139,-139,-139,-139,-124,-124,-1,-1,-100,-100,-294,-294,-294,82,82,82,-29,-29,-29,-35,-35,-35,-39,-39,75,75,75,-266,-266,-266,-266,189,189,189,189,-107,-107,-107,-107,-65,-65,-65,-249,-249,-187,-187,-187,-84,-84,-84,-340,-340,-340,-340,-262,-262,-262,-262,-250,-250,-147,-147,-606,-606,-606,-496,-496,-496,-496,89,89,89,492,492,492,88,88,111,111,-598,-598,-598,-330,-330,-330,-64,-64,-64,-64,76,76,76,76,150,150,-289,-289,-327,-327,-327,36,36,36,36,278,278,278,278,278,-190,-190,-190,-190,-2,-2,5,5,-127,-127,-127,-161,-161,-161,-161,38,38,38,38,-474,-474,-474,-563,-563,-563,-512,-512,-236,-236,-236,-589,-589,-589,-108,-108,-108,-108,-180,-180,-180,-180,-255,-255,-255,-401,-401,-259,-259,-270,-270,-137,-137,-137,-304,-304,-304,-304,-152,-152,-28,-28,113,113,-127,-127,-127,-243,-243,-243,-243,93,93,93,93,264,264,264,131,131,-27,-27,-31,-31,-93,-93,-93,-9,-9,-9,-6,-6,-6,-145,-145,-69,-69,-113,-113,-113,-132,-132,-132,-61,-61,-61,-61,32,32,32,32,46,46,46,53,53,-54,-54,-54,-122,-122,-122,-122,192,192,192,192,61,61,61,-86,-86,-249,-249,-462,-462,-462,-219,-219,-219,-54,-54,-102,-102,-74,-163,-163,-196,-196,93,93,129,129,129,-69,-69,-68,-68,113,113,412,412,83,83,83,150,150,150,-79,-79,-79,-26,-26,27,27,78,78,155,155,178,178,178,19,19,19,140,140,140,134,134,147,147,195,195,174,174,174,175,175,175,247,247,247,247,215,215,215,215,168,168,168,-154,-154,-154,-135,-135,-135,-43,-43,-43,-85,-85,-85,-301,-301,-301,-368,-368,-368,-50,-50,-50,-226,-226,-226,-192,-192,-192,101,101,101
68,9.176000000000000156,207,-67,-163,-163,-236,-236,-236,-172,-172,-172,97,97,97,97,249,249,249,249,278,278,278,113,113,32,32,32,118,118,118,118,43,43,43,-32,-32,-73,-73,-66,-66,-32,-32,-32,36,36,36,36,162,162,162,132,132,62,62,-4,-4,12,12,162,162,162,344,344,344,344,259,259,170,170,124,124,218,218,223,223,223,297,297,286,286,222,222,110,110,95,95,95,98,98,98,280,280,280,288,288,203,156,156,76,76,12,12,63,63,296,296,288,288,264,264,120,120,-102,-102,-91,-91,-82,-82,-38,-38,157,157,103,103,103,-12,-12,-12,244,244,244,240,240,2,2,107,107,107,80,80,80,-9,-9,-9,55,55,55,37,37,37,4,4,-194,-194,-194,-114,-114,-114,-114,-119,-119,-119,-119,-342,-342,-342,-109,-109,201,201,100,100,-239,-239,-239,46,46,46,46,-40,-40,-40,-40,-150,-150,-150,-35,-35,-163,-163,230,230,230,352,352,352,352,81,81,81,92,92,92,7,7,-86,-86,-86,-257,-257,-257,-257,-42,-42,-42,-42,69,69,69,69,66,66,224,224,148,148,-45,-45,-45,290,290,290,236,236,236,83,83,83,91,91,253,253,253,38,38,38,38,307,307,307,307,190,190,190,190,115,115,115,-53,-53,-131,-131,-131,-3,-3,-3,-139,-139,-139,-139,-79,-79,-79,-79,-42,-42,42,42,-243,-243,-243,-317,-317,-317,-317,250,250,250,592,592,592,245,245,357,357,-335,-335,-335,-89,-89,-89,14,14,14,14,272,272,272,272,413,413,139,139,101,101,101,114,114,114,114,404,404,404,404,404,26,26,26,26,236,236,111,111,142,142,142,170,170,170,170,170,170,170,170,-132,-132,-132,-35,-35,-35,-255,-255,5,5,5,-184,-184,-184,28,28,28,28,-218,-218,-218,-218,-268,-268,-268,-374,-374,-269,-269,-203,-203,41,41,41,-255,-255,-255,-255,-184,-184,-45,-45,131,131,133,133,133,-31,-31,-31,-31,107,107,107,107,455,455,455,381,381,157,157,87,87,96,96,96,69,69,69,149,149,149,18,18,44,44,-42,-42,-42,-20,-20,-20,36,36,36,36,42,42,42,42,77,77,77,242,242,187,187,187,85,85,85,85,374,374,374,374,330,330,330,161,161,38,38,-170,-170,-170,-120,-120,-120,37,37,94,94,73,14,14,-111,-111,190,190,243,243,243,-69,-69,-98,-98,22,22,305,305,163,163,163,302,302,302,132,132,132,88,88,150,150,144,144,245,245,267,267,267,-5,-5,-5,140,140,140,152,152,154,154,190,190,228,228,228,316,316,316,442,442,442,442,436,436,436,436,352,352,352,162,162,162,-4,-4,-4,170,170,170,180,180,180,-73,-73,-73,-188,-188,-188,176,176,176,-17,-17,-17,-170,-170,-170,227,227,227
69,9.375999999999999446,271,-6,-57,-57,-110,-110,-110,-72,-72,-72,268,268,268,268,366,366,366,366,303,303,303,218,218,94,94,94,116,116,116,116,75,75,75,-5,-5,13,13,17,17,49,49,49,121,121,121,121,193,193,193,161,161,23,23,52,52,7,7,155,155,155,337,337,337,337,259,259,155,155,158,158,113,113,165,165,165,266,266,298,298,232,232,176,176,165,165,165,64,64,64,209,209,209,192,192,173,123,123,99,99,47,47,114,114,259,259,271,271,247,247,158,158,17,17,33,33,-15,-15,28,28,216,216,241,241,241,75,75,75,194,194,194,221,221,10,10,141,141,141,110,110,110,40,40,40,187,187,187,140,140,140,124,124,-23,-23,-23,3,3,3,3,64,64,64,64,-116,-116,-116,80,80,235,235,100,100,-115,-115,-115,216,216,216,216,131,131,131,131,134,134,134,154,154,-13,-13,294,294,294,318,318,318,318,211,211,211,208,208,208,226,226,118,118,118,-157,-157,-157,-157,225,225,225,225,239,239,239,239,204,204,352,352,289,289,203,203,203,404,404,404,356,356,356,108,108,108,195,195,340,340,340,169,169,169,169,295,295,295,295,413,413,413,413,288,288,288,99,99,-78,-78,-78,83,83,83,102,102,102,102,73,73,73,73,113,113,90,90,19,19,19,-107,-107,-107,-107,307,307,307,607,607,607,412,412,522,522,-59,-59,-59,131,131,131,73,73,73,73,451,451,451,451,476,476,309,309,280,280,280,154,154,154,154,396,396,396,396,396,188,188,188,188,318,318,168,168,336,336,336,418,418,418,418,274,274,274,274,184,184,184,281,281,281,20,20,138,138,138,148,148,148,94,94,94,94,-209,-209,-209,-209,-163,-163,-163,-222,-222,-193,-193,-83,-83,215,215,215,-120,-120,-120,-120,-119,-119,-29,-29,133,133,328,328,328,123,123,123,123,123,123,123,123,599,599,599,544,544,324,324,157,157,239,239,239,152,152,152,280,280,280,187,187,124,124,33,33,33,86,86,86,138,138,138,138,68,68,68,68,105,105,105,315,315,334,334,334,231,231,231,231,482,482,482,482,486,486,486,334,334,247,247,145,145,145,25,25,25,134,134,228,228,162,135,135,-11,-11,269,269,336,336,336,-31,-31,-96,-96,-7,-7,116,116,227,227,227,352,352,352,281,281,281,157,157,174,174,153,153,245,245,199,199,199,57,57,57,172,172,172,148,148,120,120,153,153,217,217,217,386,386,386,502,502,502,502,526,526,526,526,437,437,437,371,371,371,122,122,122,359,359,359,390,390,390,219,219,219,5,5,5,342,342,342,159,159,159,-101,-101,-101,341,341,341
70,9.575999999999998735,299,16,2,2,-44,-44,-44,71,71,71,205,205,205,205,262,262,262,262,124,124,124,144,144,107,107,107,114,114,114,114,13,13,13,45,45,9,9,15,15,8,8,8,188,188,188,188,174,174,174,173,173,103,103,95,95,39,39,90,90,90,227,227,227,227,188,188,119,119,122,122,90,90,103,103,103,204,204,211,211,173,173,185,185,213,213,213,0,0,0,37,37,37,28,28,55,68,68,70,70,71,71,121,121,150,150,175,175,200,200,139,139,61,61,72,72,67,67,61,61,203,203,272,272,272,182,182,182,191,191,191,163,163,25,25,153,153,153,107,107,107,108,108,108,241,241,241,190,190,190,177,177,97,97,97,171,171,171,171,146,146,146,146,98,98,98,353,353,195,195,112,112,50,50,50,285,285,285,285,212,212,212,212,347,347,347,237,237,129,129,245,245,245,195,195,195,195,259,259,259,257,257,257,316,316,150,150,150,-106,-106,-106,-106,364,364,364,364,330,330,330,330,305,305,424,424,330,330,386,386,386,421,421,421,434,434,434,106,106,106,149,149,312,312,312,231,231,231,231,242,242,242,242,549,549,549,549,313,313,313,200,200,-55,-55,-55,165,165,165,221,221,221,221,175,175,175,175,167,167,-1,-1,173,173,173,50,50,50,50,284,284,284,515,515,515,563,563,588,588,187,187,187,232,232,232,93,93,93,93,451,451,451,451,372,372,270,270,258,258,258,131,131,131,131,329,329,329,329,329,201,201,201,201,281,281,105,105,308,308,308,665,665,665,665,279,279,279,279,349,349,349,396,396,396,209,209,148,148,148,308,308,308,129,129,129,129,-119,-119,-119,-119,32,32,32,1,1,-93,-93,-16,-16,332,332,332,65,65,65,65,-56,-56,13,13,138,138,386,386,386,252,252,252,252,164,164,164,164,568,568,568,540,540,347,347,113,113,226,226,226,162,162,162,290,290,290,292,292,151,151,74,74,74,194,194,194,204,204,204,204,27,27,27,27,85,85,85,245,245,365,365,365,259,259,259,259,437,437,437,437,471,471,471,339,339,254,254,344,344,344,119,119,119,199,199,282,282,249,228,228,82,82,345,345,342,342,342,66,66,-59,-59,-60,-60,-88,-88,202,202,202,279,279,279,301,301,301,175,175,124,124,54,54,144,144,101,101,101,44,44,44,142,142,142,69,69,81,81,65,65,97,97,97,298,298,298,356,356,356,356,371,371,371,371,351,351,351,434,434,434,181,181,181,410,410,410,436,436,436,324,324,324,59,59,59,346,346,346,163,163,163,-40,-40,-40,391,391,391
71,9.775999999999999801,296,67,48,48,93,93,93,132,132,132,242,242,242,242,125,125,125,125,-23,-23,-23,73,73,109,109,109,91,91,91,91,1,1,1,36,36,45,45,58,58,55,55,55,164,164,164,164,143,143,143,182,182,56,56,110,110,70,70,90,90,90,116,116,116,116,126,126,71,71,60,60,50,50,25,25,25,100,100,146,146,164,164,221,221,216,216,216,3,3,3,-30,-30,-30,-14,-14,36,39,39,97,97,104,104,158,158,102,102,87,87,103,103,155,155,166,166,180,180,83,83,132,132,193,193,339,339,339,337,337,337,161,161,161,120,120,87,87,178,178,178,151,151,151,154,154,154,296,296,296,248,248,248,211,211,192,192,192,318,318,318,318,259,259,259,259,391,391,391,584,584,210,210,66,66,130,130,130,319,319,319,319,257,257,257,257,457,457,457,286,286,221,221,183,183,183,117,117,117,117,289,289,289,253,253,253,327,327,204,204,204,-43,-43,-43,-43,535,535,535,535,379,379,379,379,378,378,440,440,343,343,484,484,484,422,422,422,427,427,427,32,32,32,136,136,206,206,206,265,265,265,265,175,175,175,175,618,618,618,618,281,281,281,259,259,25,25,25,272,272,272,364,364,364,364,281,281,281,281,194,194,-5,-5,287,287,287,194,194,194,194,239,239,239,493,493,493,697,697,577,577,385,385,385,318,318,318,131,131,131,131,407,407,407,407,238,238,168,168,175,175,175,82,82,82,82,223,223,223,223,223,176,176,176,176,223,223,97,97,330,330,330,720,720,720,720,291,291,291,291,428,428,428,364,364,364,338,338,167,167,167,395,395,395,155,155,155,155,5,5,5,5,198,198,198,268,268,89,89,124,124,445,445,445,289,289,289,289,98,98,109,109,127,127,394,394,394,250,250,250,250,208,208,208,208,503,503,503,530,530,363,363,149,149,269,269,269,166,166,166,325,325,325,360,360,190,190,194,194,194,234,234,234,256,256,256,256,79,79,79,79,110,110,110,215,215,318,318,318,266,266,266,266,368,368,368,368,357,357,357,330,330,220,220,395,395,395,213,213,213,254,254,293,293,321,275,275,191,191,359,359,338,338,338,172,172,16,16,-41,-41,-186,-186,179,179,179,169,169,169,276,276,276,193,193,48,48,16,16,62,62,41,41,41,47,47,47,82,82,82,36,36,98,98,11,11,-42,-42,-42,127,127,127,155,155,155,155,230,230,230,230,223,223,223,392,392,392,210,210,210,359,359,359,378,378,378,335,335,335,227,227,227,328,328,328,110,110,110,51,51,51,407,407,407
72,9.975999999999999091,289,81,60,60,137,137,137,221,221,221,183,183,183,183,-20,-20,-20,-20,-91,-91,-91,32,32,98,98,98,47,47,47,47,38,38,38,48,48,53,53,164,164,142,142,142,155,155,155,155,184,184,184,216,216,116,116,180,180,110,110,100,100,100,95,95,95,95,77,77,90,90,115,115,84,84,72,72,72,67,67,112,112,108,108,222,222,208,208,208,46,46,46,-66,-66,-66,-15,-15,-21,58,58,65,65,161,161,122,122,35,35,35,35,100,100,174,174,245,245,211,211,148,148,161,161,170,170,345,345,345,377,377,377,167,167,167,94,94,129,129,152,152,152,154,154,154,188,188,188,339,339,339,281,281,281,209,209,220,220,220,443,443,443,443,353,353,353,353,606,606,606,705,705,207,207,68,68,212,212,212,268,268,268,268,323,323,323,323,443,443,443,350,350,252,252,93,93,93,-6,-6,-6,-6,306,306,306,224,224,224,337,337,244,244,244,119,119,119,119,600,600,600,600,390,390,390,390,410,410,403,403,311,311,508,508,508,377,377,377,347,347,347,93,93,93,108,108,164,164,164,301,301,301,301,200,200,200,200,610,610,610,610,284,284,284,304,304,155,155,155,330,330,330,448,448,448,448,432,432,432,432,276,276,90,90,396,396,396,290,290,290,290,215,215,215,458,458,458,748,748,493,493,475,475,475,341,341,341,256,256,256,256,347,347,347,347,155,155,157,157,148,148,148,126,126,126,126,195,195,195,195,195,185,185,185,185,166,166,58,58,278,278,278,665,665,665,665,359,359,359,359,470,470,470,377,377,377,428,428,148,148,148,408,408,408,180,180,180,180,178,178,178,178,400,400,400,452,452,227,227,231,231,500,500,500,456,456,456,456,232,232,159,159,164,164,311,311,311,256,256,256,256,231,231,231,231,393,393,393,407,407,358,358,162,162,257,257,257,193,193,193,365,365,365,387,387,210,210,255,255,255,283,283,283,277,277,277,277,135,135,135,135,144,144,144,180,180,261,261,261,277,277,277,277,280,280,280,280,265,265,265,227,227,202,202,398,398,398,291,291,291,254,254,257,257,331,258,258,244,244,311,311,293,293,293,292,292,103,103,40,40,-152,-152,152,152,152,121,121,121,287,287,287,215,215,15,15,12,12,68,68,73,73,73,101,101,101,64,64,64,77,77,120,120,20,20,-106,-106,-106,9,9,9,-39,-39,-39,-39,46,46,46,46,102,102,102,340,340,340,310,310,310,322,322,322,272,272,272,279,279,279,385,385,385,269,269,269,86,86,86,175,175,175,437,437,437
73,10.17600000000000016,256,126,123,123,169,169,169,211,211,211,114,114,114,114,-87,-87,-87,-87,-111,-111,-111,-35,-35,57,57,57,39,39,39,39,7,7,7,47,47,161,161,206,206,196,196,196,128,128,128,128,189,189,189,137,137,158,158,157,157,166,166,226,226,226,10,10,10,10,29,29,101,101,122,122,67,67,50,50,50,48,48,64,64,41,41,151,151,121,121,121,5,5,5,-79,-79,-79,-11,-11,-11,50,50,77,77,146,146,103,103,-9,-9,8,8,60,60,178,178,239,239,214,214,157,157,187,187,122,122,317,317,317,333,333,333,123,123,123,54,54,131,131,109,109,109,153,153,153,153,153,153,293,293,293,243,243,243,253,253,211,211,211,432,432,432,432,304,304,304,304,695,695,695,659,659,204,204,47,47,207,207,207,202,202,202,202,255,255,255,255,369,369,369,292,292,227,227,1,1,1,-106,-106,-106,-106,208,208,208,158,158,158,227,227,282,282,282,224,224,224,224,496,496,496,496,333,333,333,333,366,366,368,368,265,265,432,432,432,241,241,241,267,267,267,56,56,56,82,82,103,103,103,298,298,298,298,104,104,104,104,445,445,445,445,242,242,242,308,308,226,226,226,333,333,333,465,465,465,465,463,463,463,463,284,284,233,233,392,392,392,274,274,274,274,164,164,164,442,442,442,788,788,396,396,467,467,467,312,312,312,294,294,294,294,272,272,272,272,103,103,169,169,149,149,149,170,170,170,170,65,65,65,65,65,150,150,150,150,94,94,66,66,179,179,179,467,467,467,467,318,318,318,318,444,444,444,354,354,354,361,361,139,139,139,339,339,339,140,140,140,140,280,280,280,280,403,403,403,485,485,287,287,253,253,479,479,479,493,493,493,493,283,283,171,171,118,118,219,219,219,191,191,191,191,231,231,231,231,214,214,214,310,310,263,263,143,143,232,232,232,197,197,197,254,254,254,345,345,220,220,223,223,223,236,236,236,249,249,249,249,140,140,140,140,132,132,132,129,129,155,155,155,246,246,246,246,141,141,141,141,114,114,114,125,125,149,149,314,314,314,260,260,260,211,211,177,177,285,258,258,279,279,231,231,179,179,179,304,304,174,174,48,48,-92,-92,66,66,66,36,36,36,255,255,255,212,212,2,2,29,29,57,57,113,113,113,118,118,118,42,42,42,96,96,112,112,6,6,-110,-110,-110,-76,-76,-76,-137,-137,-137,-137,-63,-63,-63,-63,27,27,27,264,264,264,338,338,338,213,213,213,90,90,90,216,216,216,497,497,497,196,196,196,52,52,52,294,294,294,412,412,412
74,10.37599999999999945,97,153,210,210,178,178,178,214,214,214,101,101,101,101,-25,-25,-25,-25,-52,-52,-52,-19,-19,113,113,113,13,13,13,13,47,47,47,37,37,105,105,232,232,188,188,188,131,131,131,131,122,122,122,147,147,176,176,225,225,235,235,209,209,209,9,9,9,9,-16,-16,87,87,102,102,81,81,74,74,74,18,18,41,41,59,59,64,64,52,52,52,41,41,41,-103,-103,-103,-56,-56,-26,48,48,69,69,86,86,61,61,-60,-60,-14,-14,46,46,121,121,247,247,185,185,130,130,136,136,49,49,147,147,147,218,218,218,72,72,72,-1,-1,120,120,61,61,61,67,67,67,78,78,78,148,148,148,127,127,127,166,166,174,174,174,261,261,261,261,159,159,159,159,549,549,549,473,473,154,154,-3,-3,139,139,139,114,114,114,114,201,201,201,201,218,218,218,208,208,189,189,-101,-101,-101,-212,-212,-212,-212,43,43,43,50,50,50,93,93,235,235,235,301,301,301,301,321,321,321,321,215,215,215,215,202,202,182,182,172,172,256,256,256,110,110,110,121,121,121,49,49,49,52,52,64,64,64,264,264,264,264,24,24,24,24,243,243,243,243,209,209,209,258,258,267,267,267,227,227,227,395,395,395,395,400,400,400,400,279,279,311,311,264,264,264,180,180,180,180,120,120,120,403,403,403,781,781,320,320,381,381,381,213,213,213,297,297,297,297,124,124,124,124,64,64,229,229,158,158,158,198,198,198,198,-15,-15,-15,-15,-15,115,115,115,115,78,78,39,39,46,46,46,147,147,147,147,273,273,273,273,374,374,374,296,296,296,292,292,98,98,98,251,251,251,87,87,87,87,291,291,291,291,328,328,328,399,399,245,245,274,274,304,304,304,437,437,437,437,266,266,116,116,66,66,115,115,115,151,151,151,151,131,131,131,131,86,86,86,187,187,162,162,140,140,168,168,168,180,180,180,166,166,166,182,182,141,141,141,141,141,131,131,131,138,138,138,138,104,104,104,104,85,85,85,68,68,54,54,54,159,159,159,159,-7,-7,-7,-7,-12,-12,-12,33,33,62,62,151,151,151,175,175,175,122,122,101,101,200,167,167,246,246,106,106,81,81,81,239,239,184,184,53,53,44,44,3,3,3,-47,-47,-47,109,109,109,134,134,-25,-25,9,9,20,20,116,116,116,98,98,98,-9,-9,-9,70,70,123,123,16,16,-48,-48,-48,-108,-108,-108,-214,-214,-214,-214,-180,-180,-180,-180,9,9,9,197,197,197,349,349,349,76,76,76,-85,-85,-85,109,109,109,449,449,449,40,40,40,52,52,52,394,394,394,363,363,363
75,10.57600000000000051,-10,164,271,271,188,188,188,173,173,173,35,35,35,35,-12,-12,-12,-12,-34,-34,-34,-3,-3,90,90,90,3,3,3,3,56,56,56,32,32,76,76,198,198,155,155,155,109,109,109,109,20,20,20,136,136,193,193,208,208,275,275,84,84,84,-58,-58,-58,-58,-45,-45,64,64,77,77,112,112,69,69,69,-2,-2,-39,-39,-28,-28,27,27,-6,-6,-6,-66,-66,-66,-91,-91,-91,-84,-84,-65,16,16,12,12,-25,-25,-45,-45,-81,-81,-56,-56,-5,-5,90,90,172,172,104,104,127,127,100,100,11,11,-36,-36,-36,21,21,21,-17,-17,-17,-30,-30,47,47,42,42,42,27,27,27,8,8,8,-1,-1,-1,-5,-5,-5,38,38,102,102,102,93,93,93,93,-3,-3,-3,-3,372,372,372,228,228,73,73,-37,-37,96,96,96,29,29,29,29,88,88,88,88,16,16,16,65,65,103,103,-161,-161,-161,-256,-256,-256,-256,-40,-40,-40,-39,-39,-39,-67,-67,166,166,166,298,298,298,298,146,146,146,146,98,98,98,98,80,80,31,31,20,20,54,54,54,-26,-26,-26,-31,-31,-31,18,18,18,50,50,23,23,23,165,165,165,165,8,8,8,8,-1,-1,-1,-1,146,146,146,185,185,220,220,220,97,97,97,252,252,252,252,190,190,190,190,207,207,291,291,105,105,105,112,112,112,112,14,14,14,350,350,350,748,748,300,300,257,257,257,45,45,45,225,225,225,225,-25,-25,-25,-25,12,12,186,186,156,156,156,173,173,173,173,-56,-56,-56,-56,-56,83,83,83,83,32,32,45,45,-14,-14,-14,-125,-125,-125,-125,184,184,184,184,241,241,241,224,224,224,193,193,116,116,116,115,115,115,35,35,35,35,202,202,202,202,139,139,139,227,227,197,197,249,249,138,138,138,258,258,258,258,221,221,95,95,23,23,42,42,42,102,102,102,102,52,52,52,52,-12,-12,-12,152,152,80,80,88,88,124,124,124,96,96,96,5,5,5,16,16,64,64,40,40,40,36,36,36,82,82,82,82,46,46,46,46,52,52,52,22,22,-27,-27,-27,61,61,61,61,-107,-107,-107,-107,-91,-91,-91,-1,-1,18,18,26,26,26,60,60,60,-2,-2,25,25,77,146,146,170,170,19,19,18,18,18,104,104,103,103,59,59,126,126,-41,-41,-41,-116,-116,-116,-24,-24,-24,-1,-1,-24,-24,-12,-12,-35,-35,68,68,68,57,57,57,-53,-53,-53,48,48,95,95,34,34,42,42,42,-87,-87,-87,-239,-239,-239,-239,-186,-186,-186,-186,-37,-37,-37,110,110,110,218,218,218,-106,-106,-106,-221,-221,-221,20,20,20,256,256,256,-60,-60,-60,122,122,122,451,451,451,283,283,283
76,10.7759999999999998,-87,210,283,283,166,166,166,124,124,124,5,5,5,5,-52,-52,-52,-52,65,65,65,-17,-17,140,140,140,-51,-51,-51,-51,22,22,22,-35,-35,78,78,105,105,99,99,99,83,83,83,83,15,15,15,91,91,94,94,128,128,209,209,31,31,31,-108,-108,-108,-108,-55,-55,-5,-5,77,77,51,51,42,42,42,-39,-39,-30,-30,-53,-53,-47,-47,-66,-66,-66,-169,-169,-169,-120,-120,-120,-105,-105,-45,-21,-21,-33,-33,-92,-92,-48,-48,-119,-119,-91,-91,-11,-11,16,16,59,59,-18,-18,76,76,45,45,-55,-55,-121,-121,-121,-64,-64,-64,-15,-15,-15,-51,-51,21,21,2,2,2,-21,-21,-21,-30,-30,-30,-83,-83,-83,-111,-111,-111,-69,-69,-10,-10,-10,-42,-42,-42,-42,-75,-75,-75,-75,155,155,155,-23,-23,-27,-27,-37,-37,65,65,65,-27,-27,-27,-27,36,36,36,36,-143,-143,-143,-41,-41,42,42,-102,-102,-102,-188,-188,-188,-188,-112,-112,-112,-77,-77,-77,-115,-115,47,47,47,271,271,271,271,-39,-39,-39,-39,59,59,59,59,55,55,-10,-10,-77,-77,-60,-60,-60,-108,-108,-108,-101,-101,-101,43,43,43,2,2,-6,-6,-6,62,62,62,62,-30,-30,-30,-30,-125,-125,-125,-125,125,125,125,87,87,159,159,159,18,18,18,86,86,86,86,14,14,14,14,115,115,210,210,-15,-15,-15,64,64,64,64,-1,-1,-1,310,310,310,718,718,335,335,132,132,132,-97,-97,-97,118,118,118,118,-165,-165,-165,-165,-39,-39,83,83,134,134,134,109,109,109,109,-102,-102,-102,-102,-102,76,76,76,76,50,50,112,112,-8,-8,-8,-281,-281,-281,-281,132,132,132,132,85,85,85,116,116,116,87,87,81,81,81,34,34,34,50,50,50,50,213,213,213,213,54,54,54,64,64,144,144,214,214,25,25,25,117,117,117,117,165,165,100,100,32,32,3,3,3,59,59,59,59,-32,-32,-32,-32,-29,-29,-29,139,139,99,99,75,75,44,44,44,45,45,45,-103,-103,-103,-87,-87,13,13,-68,-68,-68,-17,-17,-17,16,16,16,16,14,14,14,14,114,114,114,1,1,-81,-81,-81,-15,-15,-15,-15,-147,-147,-147,-147,-120,-120,-120,-30,-30,-43,-43,-78,-78,-78,-8,-8,-8,-26,-26,28,28,16,116,116,103,103,-17,-17,-20,-20,-20,4,4,66,66,95,95,199,199,-40,-40,-40,-159,-159,-159,-181,-181,-181,-117,-117,-40,-40,-26,-26,-59,-59,14,14,14,21,21,21,-30,-30,-30,37,37,65,65,86,86,157,157,157,-37,-37,-37,-153,-153,-153,-153,-172,-172,-172,-172,-32,-32,-32,71,71,71,89,89,89,-172,-172,-172,-292,-292,-292,-61,-61,-61,54,54,54,-133,-133,-133,206,206,206,481,481,481,251,251,251
77,10.97599999999999909,-29,228,228,228,138,138,138,46,46,46,-1,-1,-1,-1,0,0,0,0,152,152,152,88,88,163,163,163,26,26,26,26,17,17,17,4,4,62,62,21,21,90,90,90,73,73,73,73,55,55,55,36,36,15,15,155,155,136,136,54,54,54,-78,-78,-78,-78,14,14,35,35,52,52,68,68,72,72,72,-51,-51,-35,-35,-25,-25,-7,-7,34,34,34,-84,-84,-84,-78,-78,-78,1,1,-31,9,9,-56,-56,-99,-99,-90,-90,-62,-62,-81,-81,-13,-13,37,37,6,6,41,41,96,96,48,48,25,25,-87,-87,-87,-59,-59,-59,-8,-8,-8,-35,-35,-21,-21,-36,-36,-36,-49,-49,-49,-26,-26,-26,-148,-148,-148,-196,-196,-196,-129,-129,-42,-42,-42,-34,-34,-34,-34,-71,-71,-71,-71,37,37,37,-144,-144,-26,-26,-12,-12,96,96,96,-32,-32,-32,-32,46,46,46,46,-131,-131,-131,-66,-66,47,47,-2,-2,-2,-30,-30,-30,-30,-95,-95,-95,-10,-10,-10,-65,-65,-6,-6,-6,224,224,224,224,-80,-80,-80,-80,96,96,96,96,109,109,-22,-22,-11,-11,-83,-83,-83,-72,-72,-72,-88,-88,-88,90,90,90,81,81,60,60,60,31,31,31,31,-17,-17,-17,-17,-93,-93,-93,-93,151,151,151,79,79,93,93,93,-7,-7,-7,19,19,19,19,-24,-24,-24,-24,134,134,183,183,-54,-54,-54,104,104,104,104,63,63,63,335,335,335,693,693,431,431,87,87,87,-162,-162,-162,93,93,93,93,-125,-125,-125,-125,15,15,44,44,148,148,148,82,82,82,82,-19,-19,-19,-19,-19,132,132,132,132,92,92,204,204,57,57,57,-234,-234,-234,-234,134,134,134,134,39,39,39,47,47,47,57,57,97,97,97,10,10,10,115,115,115,115,213,213,213,213,16,16,16,39,39,146,146,206,206,19,19,19,2,2,2,2,138,138,103,103,92,92,-12,-12,-12,48,48,48,48,-8,-8,-8,-8,139,139,139,207,207,169,169,131,131,24,24,24,31,31,31,-139,-139,-139,-139,-139,17,17,-38,-38,-38,-9,-9,-9,30,30,30,30,45,45,45,45,77,77,77,55,55,-21,-21,-21,-2,-2,-2,-2,-80,-80,-80,-80,-92,-92,-92,6,6,-3,-3,-74,-74,-74,-19,-19,-19,-2,-2,46,46,-24,123,123,106,106,55,55,9,9,9,30,30,58,58,109,109,221,221,-3,-3,-3,-98,-98,-98,-204,-204,-204,-153,-153,20,20,12,12,-9,-9,16,16,16,51,51,51,47,47,47,82,82,91,91,148,148,258,258,258,46,46,46,3,3,3,3,-46,-46,-46,-46,36,36,36,59,59,59,-39,-39,-39,-240,-240,-240,-207,-207,-207,5,5,5,-13,-13,-13,-97,-97,-97,303,303,303,543,543,543,303,303,303
78,11.17600000000000016,44,186,136,136,-15,-15,-15,6,6,6,1,1,1,1,75,75,75,75,205,205,205,144,144,269,269,269,104,104,104,104,29,29,29,-15,-15,15,15,-37,-37,86,86,86,58,58,58,58,67,67,67,61,61,138,138,183,183,107,107,52,52,52,73,73,73,73,18,18,40,40,61,61,103,103,55,55,55,2,2,-11,-11,-1,-1,43,43,70,70,70,12,12,12,-86,-86,-86,-1,-1,-13,-13,-13,-27,-27,-57,-57,-58,-58,-71,-71,-49,-49,-45,-45,29,29,-49,-49,10,10,102,102,54,54,40,40,-52,-52,-52,-18,-18,-18,36,36,36,10,10,-54,-54,-93,-93,-93,-53,-53,-53,7,7,7,-126,-126,-126,-211,-211,-211,-124,-124,-83,-83,-83,-33,-33,-33,-33,-2,-2,-2,-2,-93,-93,-93,-199,-199,-67,-67,48,48,36,36,36,62,62,62,62,5,5,5,5,-51,-51,-51,-23,-23,88,88,81,81,81,119,119,119,119,19,19,19,74,74,74,-9,-9,-44,-44,-44,168,168,168,168,-38,-38,-38,-38,150,150,150,150,133,133,3,3,-11,-11,-67,-67,-67,49,49,49,-33,-33,-33,168,168,168,135,135,99,99,99,31,31,31,31,39,39,39,39,-25,-25,-25,-25,206,206,206,103,103,-12,-12,-12,-7,-7,-7,-62,-62,-62,-62,-29,-29,-29,-29,154,154,147,147,-26,-26,-26,162,162,162,162,139,139,139,340,340,340,611,611,457,457,83,83,83,-114,-114,-114,107,107,107,107,-15,-15,-15,-15,57,57,102,102,142,142,142,79,79,79,79,90,90,90,90,90,210,210,210,210,214,214,289,289,158,158,158,-42,-42,-42,-42,149,149,149,149,60,60,60,27,27,27,47,47,123,123,123,44,44,44,209,209,209,209,212,212,212,212,43,43,43,-2,-2,180,180,211,211,73,73,73,-6,-6,-6,-6,104,104,102,102,127,127,-17,-17,-17,14,14,14,14,101,101,101,101,263,263,263,275,275,250,250,210,210,52,52,52,48,48,48,-55,-55,-55,-84,-84,33,33,-14,-14,-14,-2,-2,-2,56,56,56,56,92,92,92,92,121,121,121,67,67,28,28,28,52,52,52,52,25,25,25,25,-4,-4,-4,37,37,36,36,8,8,8,-16,-16,-16,65,65,68,68,7,140,140,112,112,79,79,51,51,51,112,112,110,110,152,152,192,192,26,26,26,57,57,57,-136,-136,-136,-78,-78,28,28,71,71,70,70,85,85,85,109,109,109,114,114,114,124,124,113,113,169,169,300,300,300,157,157,157,132,132,132,132,53,53,53,53,157,157,157,88,88,88,-135,-135,-135,-159,-159,-159,-78,-78,-78,119,119,119,-13,-13,-13,30,30,30,383,383,383,539,539,539,342,342,342
79,11.37599999999999945,26,42,-37,-37,-134,-134,-134,-99,-99,-99,28,28,28,28,94,94,94,94,157,157,157,109,109,267,267,267,110,110,110,110,-22,-22,-22,-31,-31,-27,-27,-120,-120,24,24,24,20,20,20,20,86,86,86,58,58,100,100,82,82,63,63,58,58,58,72,72,72,72,28,28,-8,-8,23,23,62,62,68,68,68,4,4,9,9,18,18,70,70,72,72,72,11,11,11,-65,-65,-65,-14,-14,-46,-6,-6,-80,-80,-67,-67,-100,-100,-53,-53,-61,-61,12,12,-48,-48,-64,-64,21,21,68,68,46,46,27,27,30,30,30,62,62,62,21,21,21,-7,-7,-91,-91,-130,-130,-130,-104,-104,-104,14,14,14,-106,-106,-106,-192,-192,-192,-140,-140,-121,-121,-121,-44,-44,-44,-44,39,39,39,39,-148,-148,-148,-214,-214,-86,-86,62,62,57,57,57,12,12,12,12,-7,-7,-7,-7,1,1,1,-35,-35,75,75,153,153,153,185,185,185,185,90,90,90,131,131,131,59,59,-53,-53,-53,46,46,46,46,25,25,25,25,218,218,218,218,186,186,42,42,-10,-10,-47,-47,-47,62,62,62,43,43,43,197,197,197,136,136,76,76,76,-32,-32,-32,-32,11,11,11,11,16,16,16,16,208,208,208,145,145,-115,-115,-115,-55,-55,-55,-79,-79,-79,-79,-30,-30,-30,-30,98,98,25,25,7,7,7,129,129,129,129,154,154,154,264,264,264,448,448,445,445,74,74,74,-66,-66,-66,106,106,106,106,110,110,110,110,105,105,80,80,23,23,23,34,34,34,34,85,85,85,85,85,191,191,191,191,178,178,282,282,140,140,140,98,98,98,98,173,173,173,173,95,95,95,-19,-19,-19,11,11,90,90,90,94,94,94,228,228,228,228,214,214,214,214,48,48,48,25,25,196,196,168,168,109,109,109,24,24,24,24,33,33,45,45,93,93,-10,-10,-10,12,12,12,12,170,170,170,170,342,342,342,280,280,252,252,172,172,46,46,46,72,72,72,-7,-7,-7,-38,-38,43,43,-7,-7,-7,-41,-41,-41,38,38,38,38,99,99,99,99,79,79,79,57,57,65,65,65,74,74,74,74,76,76,76,76,56,56,56,16,16,37,37,61,61,61,4,4,4,61,61,79,79,46,149,149,124,124,117,117,103,103,103,121,121,132,132,173,173,153,153,55,55,55,109,109,109,-44,-44,-44,-36,-36,71,71,88,88,102,102,111,111,111,143,143,143,134,134,134,126,126,76,76,119,119,227,227,227,161,161,161,188,188,188,188,179,179,179,179,191,191,191,48,48,48,-192,-192,-192,-123,-123,-123,35,35,35,164,164,164,-53,-53,-53,100,100,100,384,384,384,381,381,381,277,277,277
80,11.57600000000000051,28,-40,-193,-193,-291,-291,-291,-122,-122,-122,-33,-33,-33,-33,24,24,24,24,83,83,83,70,70,162,162,162,39,39,39,39,-43,-43,-43,-41,-41,-87,-87,-202,-202,-92,-92,-92,-36,-36,-36,-36,28,28,28,-3,-3,-34,-34,-14,-14,-86,-86,-60,-60,-60,76,76,76,76,57,57,-7,-7,-52,-52,0,0,-51,-51,-51,-59,-59,-22,-22,31,31,6,6,50,50,50,-26,-26,-26,-146,-146,-146,-134,-134,-108,-60,-60,-71,-71,-87,-87,-126,-126,-103,-103,-106,-106,-29,-29,-88,-88,-130,-130,18,18,14,14,-19,-19,14,14,12,12,12,30,30,30,-8,-8,-8,-62,-62,-130,-130,-103,-103,-103,-114,-114,-114,3,3,3,-135,-135,-135,-129,-129,-129,-158,-158,-148,-148,-148,-71,-71,-71,-71,100,100,100,100,-218,-218,-218,-216,-216,-117,-117,60,60,11,11,11,21,21,21,21,-33,-33,-33,-33,35,35,35,-14,-14,-3,-3,139,139,139,191,191,191,191,64,64,64,107,107,107,136,136,-45,-45,-45,-38,-38,-38,-38,37,37,37,37,205,205,205,205,119,119,76,76,-45,-45,-55,-55,-55,61,61,61,79,79,79,105,105,105,35,35,-4,-4,-4,-101,-101,-101,-101,-13,-13,-13,-13,19,19,19,19,186,186,186,95,95,-206,-206,-206,-97,-97,-97,-110,-110,-110,-110,-81,-81,-81,-81,21,21,-63,-63,66,66,66,99,99,99,99,77,77,77,162,162,162,233,233,388,388,72,72,72,9,9,9,17,17,17,17,111,111,111,111,88,88,-36,-36,-138,-138,-138,-61,-61,-61,-61,71,71,71,71,71,107,107,107,107,132,132,118,118,39,39,39,185,185,185,185,131,131,131,131,23,23,23,-72,-72,-72,-48,-48,54,54,54,48,48,48,183,183,183,183,89,89,89,89,59,59,59,-7,-7,103,103,36,36,69,69,69,15,15,15,15,-7,-7,-14,-14,45,45,-46,-46,-46,-34,-34,-34,-34,190,190,190,190,315,315,315,248,248,192,192,99,99,0,0,0,50,50,50,10,10,10,1,1,56,56,34,34,34,-88,-88,-88,33,33,33,33,80,80,80,80,36,36,36,12,12,32,32,32,11,11,11,11,93,93,93,93,49,49,49,-29,-29,8,8,33,33,33,-9,-9,-9,46,46,90,90,78,86,86,101,101,145,145,101,101,101,102,102,87,87,79,79,11,11,47,47,47,112,112,112,11,11,11,-21,-21,24,24,66,66,80,80,94,94,94,105,105,105,115,115,115,36,36,9,9,17,17,100,100,100,93,93,93,134,134,134,134,176,176,176,176,148,148,148,-30,-30,-30,-194,-194,-194,-110,-110,-110,105,105,105,127,127,127,-184,-184,-184,24,24,24,235,235,235,167,167,167,141,141,141
81,11.7759999999999998,25,-133,-301,-301,-298,-298,-298,-112,-112,-112,-11,-11,-11,-11,46,46,46,46,-24,-24,-24,25,25,56,56,56,35,35,35,35,-109,-109,-109,-68,-68,-124,-124,-271,-271,-273,-273,-273,-80,-80,-80,-80,-76,-76,-76,-38,-38,-87,-87,-54,-54,-160,-160,-110,-110,-110,51,51,51,51,4,4,-68,-68,-78,-78,-21,-21,-50,-50,-50,-76,-76,-22,-22,-21,-21,-36,-36,-6,-6,-6,-31,-31,-31,-114,-114,-114,-183,-183,-145,-81,-81,-66,-66,-122,-122,-148,-148,-110,-110,-105,-105,-74,-74,-86,-86,-100,-100,2,2,-27,-27,-64,-64,-12,-12,49,49,49,-10,-10,-10,-32,-32,-32,3,3,-54,-54,-41,-41,-41,-73,-73,-73,34,34,34,-9,-9,-9,-43,-43,-43,-63,-63,-93,-93,-93,-30,-30,-30,-30,111,111,111,111,-206,-206,-206,-182,-182,-130,-130,6,6,9,9,9,70,70,70,70,5,5,5,5,29,29,29,-59,-59,-34,-34,115,115,115,157,157,157,157,50,50,50,92,92,92,131,131,-41,-41,-41,-118,-118,-118,-118,17,17,17,17,172,172,172,172,36,36,52,52,-72,-72,-83,-83,-83,65,65,65,66,66,66,21,21,21,-40,-40,-38,-38,-38,-118,-118,-118,-118,-38,-38,-38,-38,-4,-4,-4,-4,113,113,113,18,18,-207,-207,-207,-137,-137,-137,-95,-95,-95,-95,-120,-120,-120,-120,-35,-35,-106,-106,162,162,162,112,112,112,112,9,9,9,27,27,27,42,42,311,311,121,121,121,78,78,78,-65,-65,-65,-65,94,94,94,94,102,102,-162,-162,-245,-245,-245,-148,-148,-148,-148,72,72,72,72,72,-6,-6,-6,-6,70,70,-28,-28,-37,-37,-37,201,201,201,201,76,76,76,76,-17,-17,-17,-116,-116,-116,-72,-72,-76,-76,-76,5,5,5,157,157,157,157,87,87,87,87,92,92,92,-4,-4,36,36,-48,-48,13,13,13,-4,-4,-4,-4,-9,-9,-6,-6,5,5,-74,-74,-74,-30,-30,-30,-30,192,192,192,192,320,320,320,204,204,129,129,13,13,-80,-80,-80,-19,-19,-19,40,40,40,52,52,53,53,86,86,86,-65,-65,-65,23,23,23,23,-11,-11,-11,-11,-14,-14,-14,-33,-33,-72,-72,-72,-108,-108,-108,-108,72,72,72,72,50,50,50,-62,-62,-54,-54,17,17,17,-5,-5,-5,44,44,109,109,76,21,21,85,85,119,119,93,93,93,14,14,46,46,43,43,-55,-55,92,92,92,83,83,83,26,26,26,-27,-27,13,13,63,63,66,66,30,30,30,45,45,45,50,50,50,-28,-28,-69,-69,-80,-80,-18,-18,-18,-8,-8,-8,33,33,33,33,121,121,121,121,40,40,40,-120,-120,-120,-185,-185,-185,-91,-91,-91,127,127,127,4,4,4,-346,-346,-346,-116,-116,-116,-6,-6,-6,-19,-19,-19,-69,-69,-69
82,11.97599999999999909,36,-127,-255,-255,-146,-146,-146,2,2,2,63,63,63,63,36,36,36,36,-126,-126,-126,39,39,80,80,80,21,21,21,21,-68,-68,-68,-10,-10,-84,-84,-198,-198,-245,-245,-245,-66,-66,-66,-66,-18,-18,-18,-31,-31,-63,-63,-89,-89,-77,-77,-122,-122,-122,25,25,25,25,18,18,9,9,-100,-100,-11,-11,-77,-77,-77,-62,-62,-55,-55,-1,-1,-53,-53,-12,-12,-12,-27,-27,-27,-25,-25,-25,-60,-60,-54,-45,-45,3,3,-35,-35,-62,-62,-103,-103,-89,-89,-35,-35,-31,-31,-46,-46,8,8,-24,-24,1,1,37,37,45,45,45,22,22,22,59,59,59,90,90,63,63,86,86,86,44,44,44,143,143,143,103,103,103,137,137,137,95,95,77,77,77,29,29,29,29,196,196,196,196,-65,-65,-65,-45,-45,-47,-47,61,61,68,68,68,133,133,133,133,120,120,120,120,84,84,84,52,52,-8,-8,157,157,157,119,119,119,119,84,84,84,118,118,118,159,159,-4,-4,-4,-127,-127,-127,-127,52,52,52,52,133,133,133,133,52,52,140,140,-20,-20,-43,-43,-43,70,70,70,116,116,116,-23,-23,-23,1,1,18,18,18,-81,-81,-81,-81,-15,-15,-15,-15,39,39,39,39,93,93,93,26,26,-74,-74,-74,-46,-46,-46,-15,-15,-15,-15,-69,-69,-69,-69,16,16,7,7,377,377,377,250,250,250,250,-6,-6,-6,-46,-46,-46,-89,-89,284,284,206,206,206,191,191,191,-70,-70,-70,-70,128,128,128,128,116,116,-151,-151,-184,-184,-184,-69,-69,-69,-69,135,135,135,135,135,-22,-22,-22,-22,46,46,-67,-67,-21,-21,-21,259,259,259,259,94,94,94,94,8,8,8,-43,-43,-43,-19,-19,-40,-40,-40,25,25,25,139,139,139,139,91,91,91,91,203,203,203,80,80,-19,-19,-33,-33,74,74,74,-3,-3,-3,-3,-9,-9,62,62,50,50,-17,-17,-17,52,52,52,52,168,168,168,168,229,229,229,152,152,100,100,-56,-56,-35,-35,-35,-34,-34,-34,80,80,80,121,121,154,154,168,168,168,19,19,19,41,41,41,41,16,16,16,16,32,32,32,12,12,-64,-64,-64,-152,-152,-152,-152,65,65,65,65,73,73,73,-6,-6,-11,-11,43,43,43,51,51,51,96,96,149,149,156,15,15,85,85,146,146,95,95,95,8,8,10,10,24,24,-53,-53,124,124,124,72,72,72,84,84,84,26,26,73,73,140,140,76,76,28,28,28,22,22,22,50,50,50,-60,-60,-80,-80,-75,-75,-67,-67,-67,-59,-59,-59,-31,-31,-31,-31,49,49,49,49,-8,-8,-8,-148,-148,-148,-81,-81,-81,26,26,26,146,146,146,-66,-66,-66,-380,-380,-380,-173,-173,-173,-99,-99,-99,-172,-172,-172,-148,-148,-148
83,12.17600000000000016,118,-28,-14,-14,94,94,94,187,187,187,212,212,212,212,104,104,104,104,-39,-39,-39,89,89,122,122,122,155,155,155,155,45,45,45,122,122,32,32,-30,-30,-105,-105,-105,24,24,24,24,8,8,8,-5,-5,-22,-22,-47,-47,-8,-8,-68,-68,-68,125,125,125,125,44,44,87,87,-50,-50,53,53,21,21,21,25,25,19,19,17,17,17,17,58,58,58,57,57,57,173,173,173,73,73,68,84,84,91,91,28,28,25,25,23,23,42,42,28,28,64,64,78,78,143,143,76,76,104,104,155,155,189,189,189,128,128,128,165,165,165,247,247,241,241,243,243,243,187,187,187,221,221,221,256,256,256,271,271,271,257,257,255,255,255,216,216,216,216,293,293,293,293,52,52,52,85,85,99,99,151,151,108,108,108,199,199,199,199,238,238,238,238,189,189,189,229,229,123,123,243,243,243,192,192,192,192,99,99,99,129,129,129,202,202,109,109,109,2,2,2,2,94,94,94,94,154,154,154,154,117,117,192,192,147,147,90,90,90,101,101,101,166,166,166,10,10,10,73,73,128,128,128,72,72,72,72,67,67,67,67,122,122,122,122,154,154,154,144,144,154,154,154,113,113,113,124,124,124,124,129,129,129,129,139,139,169,169,636,636,636,433,433,433,433,74,74,74,-37,-37,-37,-120,-120,261,261,316,316,316,341,341,341,29,29,29,29,197,197,197,197,209,209,69,69,83,83,83,51,51,51,51,193,193,193,193,193,76,76,76,76,57,57,22,22,112,112,112,289,289,289,289,184,184,184,184,104,104,104,95,95,95,127,127,23,23,23,108,108,108,173,173,173,173,148,148,148,148,292,292,292,207,207,59,59,63,63,122,122,122,84,84,84,84,126,126,191,191,176,176,119,119,119,134,134,134,134,168,168,168,168,233,233,233,156,156,117,117,91,91,83,83,83,50,50,50,142,142,142,219,219,232,232,257,257,257,163,163,163,85,85,85,85,68,68,68,68,127,127,127,91,91,40,40,40,-49,-49,-49,-49,124,124,124,124,144,144,144,123,123,87,87,115,115,115,118,118,118,121,121,208,208,226,66,66,119,119,171,171,130,130,130,65,65,58,58,65,65,22,22,167,167,167,112,112,112,165,165,165,140,140,166,166,216,216,142,142,56,56,56,91,91,91,106,106,106,-28,-28,-12,-12,6,6,7,7,7,4,4,4,-19,-19,-19,-19,72,72,72,72,-8,-8,-8,-62,-62,-62,88,88,88,123,123,123,210,210,210,-30,-30,-30,-182,-182,-182,-90,-90,-90,-91,-91,-91,-158,-158,-158,-110,-110,-110
84,12.37599999999999945,240,98,225,225,304,304,304,295,295,295,258,258,258,258,187,187,187,187,70,70,70,185,185,225,225,225,174,174,174,174,176,176,176,277,277,188,188,160,160,101,101,101,54,54,54,54,86,86,86,74,74,118,118,76,76,79,79,81,81,81,176,176,176,176,172,172,193,193,105,105,110,110,49,49,49,151,151,137,137,79,79,107,107,132,132,132,148,148,148,255,255,255,232,232,220,138,138,206,206,176,176,119,119,93,93,60,60,78,78,142,142,222,222,176,176,151,151,204,204,259,259,214,214,214,168,168,168,260,260,260,354,354,351,351,298,298,298,289,289,289,282,282,282,287,287,287,317,317,317,384,384,391,391,391,320,320,320,320,278,278,278,278,152,152,152,207,207,267,267,215,215,185,185,185,206,206,206,206,256,256,256,256,291,291,291,321,321,259,259,324,324,324,192,192,192,192,167,167,167,155,155,155,220,220,282,282,282,157,157,157,157,206,206,206,206,154,154,154,154,187,187,262,262,224,224,192,192,192,137,137,137,217,217,217,133,133,133,193,193,221,221,221,215,215,215,215,149,149,149,149,210,210,210,210,242,242,242,302,302,346,346,346,247,247,247,275,275,275,275,282,282,282,282,275,275,351,351,725,725,725,550,550,550,550,239,239,239,43,43,43,-132,-132,194,194,365,365,365,428,428,428,163,163,163,163,290,290,290,290,276,276,333,333,334,334,334,227,227,227,227,272,272,272,272,272,172,172,172,172,130,130,123,123,247,247,247,305,305,305,305,227,227,227,227,213,213,213,216,216,216,253,253,142,142,142,187,187,187,264,264,264,264,244,244,244,244,358,358,358,344,344,160,160,184,184,226,226,226,188,188,188,188,175,175,299,299,268,268,250,250,250,187,187,187,187,151,151,151,151,203,203,203,220,220,219,219,194,194,221,221,221,146,146,146,250,250,250,257,257,272,272,303,303,303,287,287,287,168,168,168,168,179,179,179,179,164,164,164,180,180,155,155,155,115,115,115,115,165,165,165,165,211,211,211,202,202,168,168,190,190,190,192,192,192,185,185,263,263,280,169,169,162,162,189,189,194,194,194,113,113,117,117,128,128,99,99,221,221,221,235,235,235,251,251,251,211,211,210,210,262,262,214,214,142,142,142,151,151,151,126,126,126,56,56,56,56,122,122,100,100,100,99,99,99,66,66,66,66,144,144,144,144,62,62,62,64,64,64,240,240,240,295,295,295,279,279,279,135,135,135,94,94,94,116,116,116,-16,-16,-16,-57,-57,-57,-5,-5,-5
85,12.57600000000000051,270,237,355,355,395,395,395,318,318,318,319,319,319,319,207,207,207,207,150,150,150,200,200,141,141,141,277,277,277,277,266,266,266,303,303,287,287,283,283,216,216,216,129,129,129,129,134,134,134,180,180,243,243,164,164,135,135,211,211,211,179,179,179,179,202,202,190,190,183,183,136,136,85,85,85,233,233,215,215,152,152,152,152,101,101,101,232,232,232,309,309,309,308,308,294,191,191,204,204,193,193,154,154,141,141,77,77,12,12,168,168,215,215,171,171,201,201,219,219,252,252,240,240,240,234,234,234,265,265,265,320,320,342,342,275,275,275,242,242,242,195,195,195,226,226,226,278,278,278,369,369,333,333,333,289,289,289,289,181,181,181,181,173,173,173,308,308,301,301,190,190,128,128,128,175,175,175,175,229,229,229,229,294,294,294,352,352,338,338,300,300,300,198,198,198,198,180,180,180,135,135,135,188,188,320,320,320,221,221,221,221,238,238,238,238,181,181,181,181,186,186,228,228,237,237,246,246,246,158,158,158,224,224,224,184,184,184,221,221,180,180,180,251,251,251,251,167,167,167,167,255,255,255,255,250,250,250,395,395,396,396,396,278,278,278,319,319,319,319,336,336,336,336,319,319,384,384,651,651,651,549,549,549,549,273,273,273,69,69,69,-114,-114,95,95,340,340,340,440,440,440,257,257,257,257,300,300,300,300,270,270,468,468,414,414,414,296,296,296,296,248,248,248,248,248,235,235,235,235,168,168,185,185,255,255,255,285,285,285,285,261,261,261,261,218,218,218,247,247,247,271,271,222,222,222,212,212,212,251,251,251,251,275,275,275,275,334,334,334,359,359,232,232,248,248,309,309,309,229,229,229,229,222,222,306,306,294,294,244,244,244,222,222,222,222,117,117,117,117,184,184,184,217,217,254,254,257,257,290,290,290,199,199,199,234,234,234,260,260,236,236,252,252,252,295,295,295,177,177,177,177,144,144,144,144,156,156,156,199,199,224,224,224,215,215,215,215,183,183,183,183,208,208,208,215,215,196,196,190,190,190,202,202,202,170,170,234,234,226,202,202,213,213,190,190,210,210,210,152,152,128,128,138,138,163,163,220,220,220,289,289,289,287,287,287,245,245,197,197,222,222,247,247,177,177,177,217,217,217,165,165,165,102,102,121,121,156,156,136,136,136,174,174,174,131,131,131,131,143,143,143,143,114,114,114,176,176,176,309,309,309,346,346,346,279,279,279,197,197,197,253,253,253,201,201,201,64,64,64,19,19,19,90,90,90
86,12.7759999999999998,285,239,360,360,330,330,330,303,303,303,181,181,181,181,165,165,165,165,149,149,149,153,153,108,108,108,229,229,229,229,274,274,274,255,255,216,216,322,322,249,249,249,120,120,120,120,65,65,65,173,173,190,190,170,170,228,228,176,176,176,166,166,166,166,168,168,171,171,178,178,93,93,126,126,126,262,262,183,183,201,201,97,97,58,58,58,201,201,201,315,315,315,276,276,255,120,120,160,160,155,155,137,137,89,89,16,16,-69,-69,43,43,124,124,74,74,96,96,136,136,100,100,171,171,171,137,137,137,148,148,148,156,156,179,179,163,163,163,131,131,131,50,50,50,111,111,111,191,191,191,236,236,202,202,202,153,153,153,153,48,48,48,48,126,126,126,230,230,220,220,126,126,40,40,40,58,58,58,58,91,91,91,91,196,196,196,247,247,268,268,221,221,221,105,105,105,105,94,94,94,53,53,53,69,69,267,267,267,214,214,214,214,227,227,227,227,110,110,110,110,140,140,159,159,140,140,186,186,186,84,84,84,158,158,158,140,140,140,144,144,117,117,117,206,206,206,206,125,125,125,125,197,197,197,197,229,229,229,375,375,304,304,304,217,217,217,237,237,237,237,258,258,258,258,261,261,289,289,388,388,388,370,370,370,370,203,203,203,44,44,44,-110,-110,-58,-58,230,230,230,324,324,324,282,282,282,282,231,231,231,231,162,162,370,370,321,321,321,238,238,238,238,123,123,123,123,123,145,145,145,145,108,108,160,160,174,174,174,107,107,107,107,241,241,241,241,161,161,161,175,175,175,212,212,202,202,202,151,151,151,156,156,156,156,233,233,233,233,260,260,260,279,279,235,235,228,228,236,236,236,203,203,203,203,191,191,190,190,195,195,183,183,183,121,121,121,121,37,37,37,37,118,118,118,151,151,205,205,265,265,297,297,297,147,147,147,172,172,172,184,184,119,119,127,127,127,180,180,180,124,124,124,124,56,56,56,56,83,83,83,126,126,186,186,186,180,180,180,180,129,129,129,129,123,123,123,156,156,150,150,142,142,142,164,164,164,123,123,146,146,149,191,191,144,144,112,112,180,180,180,181,181,84,84,115,115,151,151,120,120,120,188,188,188,193,193,193,176,176,85,85,81,81,140,140,142,142,142,159,159,159,118,118,118,107,107,120,120,105,105,86,86,86,130,130,130,105,105,105,105,71,71,71,71,91,91,91,142,142,142,240,240,240,231,231,231,183,183,183,134,134,134,276,276,276,209,209,209,31,31,31,10,10,10,141,141,141
87,12.97599999999999909,183,178,215,215,197,197,197,163,163,163,45,45,45,45,79,79,79,79,119,119,119,94,94,100,100,100,204,204,204,204,168,168,168,182,182,158,158,238,238,214,214,214,62,62,62,62,100,100,100,111,111,175,175,153,153,103,103,179,179,179,110,110,110,110,77,77,135,135,91,91,17,17,58,58,58,143,143,130,130,106,106,78,78,32,32,32,125,125,125,205,205,205,162,162,143,81,81,47,47,67,67,81,81,-24,-24,-54,-54,-117,-117,-19,-19,-27,-27,35,35,32,32,42,42,8,8,-1,-1,-1,42,42,42,49,49,49,48,48,53,53,6,6,6,22,22,22,-77,-77,-77,-33,-33,-33,12,12,12,54,54,11,11,11,37,37,37,37,-123,-123,-123,-123,56,56,56,152,152,121,121,-9,-9,-45,-45,-45,-55,-55,-55,-55,-34,-34,-34,-34,87,87,87,130,130,129,129,79,79,79,15,15,15,15,40,40,40,-29,-29,-29,-15,-15,112,112,112,109,109,109,109,131,131,131,131,52,52,52,52,87,87,81,81,61,61,91,91,91,22,22,22,70,70,70,61,61,61,33,33,-6,-6,-6,88,88,88,88,42,42,42,42,118,118,118,118,114,114,114,211,211,123,123,123,91,91,91,127,127,127,127,152,152,152,152,166,166,166,166,157,157,157,134,134,134,134,105,105,105,18,18,18,-102,-102,-200,-200,82,82,82,160,160,160,188,188,188,188,81,81,81,81,91,91,129,129,96,96,96,108,108,108,108,7,7,7,7,7,33,33,33,33,76,76,91,91,6,6,6,-42,-42,-42,-42,172,172,172,172,99,99,99,30,30,30,122,122,146,146,146,53,53,53,41,41,41,41,160,160,160,160,148,148,148,164,164,174,174,122,122,133,133,133,164,164,164,164,109,109,45,45,64,64,51,51,51,16,16,16,16,-61,-61,-61,-61,93,93,93,96,96,183,183,178,178,221,221,221,50,50,50,73,73,73,44,44,-14,-14,-27,-27,-27,57,57,57,27,27,27,27,0,0,0,0,-11,-11,-11,40,40,104,104,104,101,101,101,101,39,39,39,39,3,3,3,40,40,85,85,58,58,58,94,94,94,69,69,50,50,37,84,84,77,77,59,59,85,85,85,87,87,7,7,60,60,91,91,2,2,2,59,59,59,52,52,52,39,39,-39,-39,-65,-65,-4,-4,29,29,29,42,42,42,18,18,18,37,37,43,43,31,31,1,1,1,31,31,31,21,21,21,21,-5,-5,-5,-5,40,40,40,73,73,73,109,109,109,130,130,130,-9,-9,-9,45,45,45,182,182,182,141,141,141,-29,-29,-29,12,12,12,158,158,158
88,13.17600000000000016,77,146,92,92,69,69,69,7,7,7,-33,-33,-33,-33,-24,-24,-24,-24,69,69,69,-23,-23,-53,-53,-53,74,74,74,74,129,129,129,73,73,82,82,112,112,127,127,127,31,31,31,31,13,13,13,85,85,117,117,75,75,65,65,91,91,91,-21,-21,-21,-21,-22,-22,-23,-23,38,38,-47,-47,24,24,24,66,66,94,94,74,74,-33,-33,-29,-29,-29,38,38,38,116,116,116,62,62,-1,-64,-64,-28,-28,-39,-39,13,13,-18,-18,-41,-41,-127,-127,-130,-130,-77,-77,-64,-64,3,3,-14,-14,-39,-39,-79,-79,-79,-55,-55,-55,-64,-64,-64,-51,-51,-57,-57,-60,-60,-60,-71,-71,-71,-147,-147,-147,-120,-120,-120,-114,-114,-114,-104,-104,-144,-144,-144,-102,-102,-102,-102,-240,-240,-240,-240,-23,-23,-23,57,57,0,0,-114,-114,-103,-103,-103,-124,-124,-124,-124,-82,-82,-82,-82,2,2,2,-12,-12,-18,-18,-33,-33,-33,-72,-72,-72,-72,-35,-35,-35,-63,-63,-63,-64,-64,-14,-14,-14,0,0,0,0,97,97,97,97,20,20,20,20,53,53,0,0,-7,-7,11,11,11,-35,-35,-35,1,1,1,-51,-51,-51,-32,-32,-95,-95,-95,-49,-49,-49,-49,-15,-15,-15,-15,20,20,20,20,-16,-16,-16,48,48,-7,-7,-7,4,4,4,1,1,1,1,46,46,46,46,95,95,86,86,-45,-45,-45,-48,-48,-48,-48,42,42,42,-43,-43,-43,-99,-99,-303,-303,-38,-38,-38,49,49,49,112,112,112,112,-31,-31,-31,-31,-47,-47,-108,-108,-55,-55,-55,-28,-28,-28,-28,-77,-77,-77,-77,-77,-38,-38,-38,-38,22,22,23,23,-48,-48,-48,-112,-112,-112,-112,129,129,129,129,11,11,11,-24,-24,-24,31,31,78,78,78,-30,-30,-30,-78,-78,-78,-78,52,52,52,52,62,62,62,125,125,70,70,19,19,55,55,55,80,80,80,80,71,71,-68,-68,-68,-68,-42,-42,-42,-74,-74,-74,-74,-58,-58,-58,-58,-24,-24,-24,70,70,69,69,74,74,86,86,86,-57,-57,-57,-36,-36,-36,-74,-74,-122,-122,-114,-114,-114,-65,-65,-65,-48,-48,-48,-48,-23,-23,-23,-23,-102,-102,-102,-69,-69,7,7,7,11,11,11,11,-12,-12,-12,-12,-80,-80,-80,-53,-53,-38,-38,-24,-24,-24,8,8,8,-7,-7,-64,-64,-66,-32,-32,11,11,-20,-20,-16,-16,-16,19,19,-16,-16,-18,-18,37,37,-72,-72,-72,-91,-91,-91,-72,-72,-72,-49,-49,-136,-136,-144,-144,-93,-93,-41,-41,-41,-65,-65,-65,-45,-45,-45,13,13,0,0,-23,-23,-51,-51,-51,-52,-52,-52,-4,-4,-4,-4,-57,-57,-57,-57,-44,-44,-44,3,3,3,-9,-9,-9,36,36,36,-90,-90,-90,-71,-71,-71,92,92,92,-8,-8,-8,-68,-68,-68,33,33,33,175,175,175
89,13.37599999999999945,3,41,-2,-2,-46,-46,-46,-44,-44,-44,-120,-120,-120,-120,-60,-60,-60,-60,36,36,36,-67,-67,-66,-66,-66,52,52,52,52,24,24,24,-22,-22,-24,-24,8,8,-14,-14,-14,-21,-21,-21,-21,-12,-12,-12,-2,-2,8,8,8,8,0,0,30,30,30,-70,-70,-70,-70,-86,-86,-85,-85,-5,-5,-62,-62,-26,-26,-26,17,17,12,12,31,31,-36,-36,-25,-25,-25,-21,-21,-21,-14,-14,-14,-3,-3,-53,-67,-67,-73,-73,-75,-75,-29,-29,10,10,-18,-18,-47,-47,-121,-121,-113,-113,-98,-98,-26,-26,-93,-93,-100,-100,-156,-156,-156,-71,-71,-71,-88,-88,-88,-117,-117,-128,-128,-128,-128,-128,-114,-114,-114,-162,-162,-162,-159,-159,-159,-149,-149,-149,-130,-130,-185,-185,-185,-146,-146,-146,-146,-248,-248,-248,-248,-28,-28,-28,31,31,-102,-102,-179,-179,-102,-102,-102,-126,-126,-126,-126,-58,-58,-58,-58,-46,-46,-46,-100,-100,-128,-128,-108,-108,-108,-102,-102,-102,-102,-95,-95,-95,-103,-103,-103,-85,-85,-106,-106,-106,-56,-56,-56,-56,75,75,75,75,43,43,43,43,40,40,-80,-80,-15,-15,-18,-18,-18,-59,-59,-59,-48,-48,-48,-59,-59,-59,-55,-55,-131,-131,-131,-88,-88,-88,-88,-21,-21,-21,-21,-45,-45,-45,-45,-66,-66,-66,-54,-54,-62,-62,-62,-31,-31,-31,-72,-72,-72,-72,3,3,3,3,76,76,28,28,-160,-160,-160,-137,-137,-137,-137,44,44,44,-40,-40,-40,-118,-118,-310,-310,-104,-104,-104,38,38,38,71,71,71,71,-101,-101,-101,-101,-121,-121,-179,-179,-119,-119,-119,-87,-87,-87,-87,-103,-103,-103,-103,-103,-101,-101,-101,-101,6,6,-7,-7,-63,-63,-63,-134,-134,-134,-134,96,96,96,96,31,31,31,-74,-74,-74,-20,-20,-24,-24,-24,-83,-83,-83,-126,-126,-126,-126,-24,-24,-24,-24,-16,-16,-16,53,53,5,5,-40,-40,-44,-44,-44,37,37,37,37,12,12,-101,-101,-109,-109,-86,-86,-86,-92,-92,-92,-92,-77,-77,-77,-77,3,3,3,63,63,46,46,15,15,21,21,21,-35,-35,-35,-91,-91,-91,-146,-146,-166,-166,-163,-163,-163,-93,-93,-93,-98,-98,-98,-98,-70,-70,-70,-70,-101,-101,-101,-88,-88,-41,-41,-41,-35,-35,-35,-35,-54,-54,-54,-54,-71,-71,-71,-98,-98,-65,-65,-69,-69,-69,-10,-10,-10,-30,-30,-98,-98,-132,-111,-111,-27,-27,-51,-51,-87,-87,-87,-34,-34,-43,-43,-30,-30,6,6,-84,-84,-84,-155,-155,-155,-139,-139,-139,-124,-124,-168,-168,-169,-169,-137,-137,-75,-75,-75,-109,-109,-109,-95,-95,-95,-23,-23,-27,-27,-58,-58,-76,-76,-76,-108,-108,-108,-28,-28,-28,-28,-79,-79,-79,-79,-65,-65,-65,-79,-79,-79,-66,-66,-66,-10,-10,-10,-145,-145,-145,-112,-112,-112,12,12,12,-65,-65,-65,-19,-19,-19,96,96,96,194,194,194
90,13.57600000000000051,-15,24,-77,-77,-103,-103,-103,-102,-102,-102,-114,-114,-114,-114,8,8,8,8,123,123,123,-57,-57,-147,-147,-147,25,25,25,25,51,51,51,-20,-20,-49,-49,-38,-38,-39,-39,-39,-44,-44,-44,-44,-25,-25,-25,19,19,-28,-28,30,30,-17,-17,27,27,27,-72,-72,-72,-72,-74,-74,-101,-101,-27,-27,-30,-30,-20,-20,-20,-6,-6,-25,-25,-9,-9,-63,-63,-11,-11,-11,-11,-11,-11,-64,-64,-64,-45,-45,-44,-59,-59,-81,-81,-58,-58,-12,-12,12,12,71,71,31,31,-73,-73,-113,-113,-53,-53,-22,-22,-66,-66,-80,-80,-104,-104,-104,-39,-39,-39,-73,-73,-73,-86,-86,-124,-124,-122,-122,-122,-103,-103,-103,-122,-122,-122,-144,-144,-144,-160,-160,-160,-189,-189,-157,-157,-157,-178,-178,-178,-178,-158,-158,-158,-158,70,70,70,13,13,-83,-83,-108,-108,-40,-40,-40,-120,-120,-120,-120,-66,-66,-66,-66,-45,-45,-45,-129,-129,-76,-76,-135,-135,-135,-47,-47,-47,-47,-75,-75,-75,-98,-98,-98,-57,-57,-114,-114,-114,-67,-67,-67,-67,85,85,85,85,61,61,61,61,32,32,-68,-68,-10,-10,-23,-23,-23,-8,-8,-8,-66,-66,-66,-47,-47,-47,-33,-33,-87,-87,-87,-105,-105,-105,-105,-3,-3,-3,-3,-57,-57,-57,-57,-89,-89,-89,-93,-93,-41,-41,-41,-5,-5,-5,-60,-60,-60,-60,-21,-21,-21,-21,34,34,50,50,-210,-210,-210,-183,-183,-183,-183,46,46,46,-28,-28,-28,-122,-122,-280,-280,-103,-103,-103,44,44,44,45,45,45,45,-147,-147,-147,-147,-141,-141,-149,-149,-56,-56,-56,-41,-41,-41,-41,-70,-70,-70,-70,-70,-32,-32,-32,-32,-28,-28,-44,-44,-29,-29,-29,-52,-52,-52,-52,89,89,89,89,0,0,0,-80,-80,-80,-55,-55,-4,-4,-4,-48,-48,-48,-103,-103,-103,-103,-12,-12,-12,-12,-9,-9,-9,29,29,4,4,-47,-47,-39,-39,-39,30,30,30,30,8,8,-73,-73,-70,-70,-64,-64,-64,-91,-91,-91,-91,-45,-45,-45,-45,61,61,61,61,61,7,7,-3,-3,32,32,32,-9,-9,-9,-86,-86,-86,-163,-163,-143,-143,-122,-122,-122,-85,-85,-85,-90,-90,-90,-90,-105,-105,-105,-105,-101,-101,-101,-105,-105,-39,-39,-39,-18,-18,-18,-18,-29,-29,-29,-29,-63,-63,-63,-75,-75,-67,-67,-46,-46,-46,-63,-63,-63,-66,-66,-133,-133,-150,-81,-81,-38,-38,-14,-14,-96,-96,-96,-64,-64,-37,-37,-23,-23,12,12,-68,-68,-68,-149,-149,-149,-162,-162,-162,-122,-122,-131,-131,-134,-134,-106,-106,-54,-54,-54,-106,-106,-106,-88,-88,-88,-25,-25,-19,-19,-41,-41,-63,-63,-63,-100,-100,-100,10,10,10,10,-53,-53,-53,-53,-79,-79,-79,-49,-49,-49,-41,-41,-41,26,26,26,-121,-121,-121,-106,-106,-106,27,27,27,-15,-15,-15,85,85,85,206,206,206,236,236,236
91,13.7759999999999998,-28,-13,-34,-34,-87,-87,-87,-107,-107,-107,-66,-66,-66,-66,75,75,75,75,77,77,77,-17,-17,-51,-51,-51,72,72,72,72,34,34,34,-49,-49,-37,-37,-71,-71,-31,-31,-31,-58,-58,-58,-58,-4,-4,-4,18,18,-31,-31,-19,-19,-69,-69,23,23,23,-58,-58,-58,-58,-39,-39,-117,-117,-35,-35,-43,-43,7,7,7,-40,-40,-64,-64,-36,-36,-7,-7,8,8,8,-21,-21,-21,-55,-55,-55,-29,-29,-35,-1,-1,-29,-29,-51,-51,15,15,40,40,135,135,130,130,21,21,-37,-37,-46,-46,-14,-14,-24,-24,-35,-35,-23,-23,-23,4,4,4,-11,-11,-11,-72,-72,-98,-98,-112,-112,-112,-91,-91,-91,-29,-29,-29,-49,-49,-49,-102,-102,-102,-93,-93,-106,-106,-106,-152,-152,-152,-152,-83,-83,-83,-83,110,110,110,-8,-8,-77,-77,-30,-30,12,12,12,-109,-109,-109,-109,-70,-70,-70,-70,-45,-45,-45,-99,-99,-62,-62,-132,-132,-132,-62,-62,-62,-62,-54,-54,-54,-64,-64,-64,-32,-32,-41,-41,-41,-18,-18,-18,-18,51,51,51,51,108,108,108,108,14,14,-68,-68,8,8,-7,-7,-7,-18,-18,-18,-84,-84,-84,-22,-22,-22,20,20,-46,-46,-46,-62,-62,-62,-62,-8,-8,-8,-8,-46,-46,-46,-46,-82,-82,-82,-96,-96,-17,-17,-17,-21,-21,-21,-78,-78,-78,-78,-11,-11,-11,-11,30,30,-3,-3,-205,-205,-205,-154,-154,-154,-154,31,31,31,-37,-37,-37,-185,-185,-261,-261,-102,-102,-102,83,83,83,67,67,67,67,-100,-100,-100,-100,-155,-155,-93,-93,-5,-5,-5,-28,-28,-28,-28,-13,-13,-13,-13,-13,2,2,2,2,-25,-25,-48,-48,28,28,28,49,49,49,49,75,75,75,75,19,19,19,-30,-30,-30,-54,-54,-3,-3,-3,-16,-16,-16,-55,-55,-55,-55,-37,-37,-37,-37,11,11,11,23,23,28,28,13,13,5,5,5,31,31,31,31,0,0,-7,-7,-32,-32,-24,-24,-24,-82,-82,-82,-82,-43,-43,-43,-43,61,61,61,114,114,16,16,8,8,1,1,1,27,27,27,-66,-66,-66,-121,-121,-62,-62,-80,-80,-80,-25,-25,-25,-59,-59,-59,-59,-80,-80,-80,-80,-64,-64,-64,-57,-57,-9,-9,-9,53,53,53,53,1,1,1,1,-16,-16,-16,-50,-50,-45,-45,-56,-56,-56,-49,-49,-49,-67,-67,-88,-88,-104,-64,-64,-30,-30,26,26,-69,-69,-69,-48,-48,24,24,3,3,25,25,-20,-20,-20,-60,-60,-60,-83,-83,-83,-88,-88,-59,-59,-67,-67,-21,-21,-8,-8,-8,-58,-58,-58,-86,-86,-86,-21,-21,-2,-2,-15,-15,-1,-1,-1,-49,-49,-49,38,38,38,38,27,27,27,27,21,21,21,-28,-28,-28,23,23,23,72,72,72,-21,-21,-21,-7,-7,-7,77,77,77,64,64,64,192,192,192,268,268,268,217,217,217
92,13.97599999999999909,-66,-2,1,1,-90,-90,-90,-77,-77,-77,1,1,1,1,89,89,89,89,50,50,50,34,34,-24,-24,-24,7,7,7,7,-18,-18,-18,-66,-66,-59,-59,-55,-55,-32,-32,-32,-23,-23,-23,-23,4,4,4,22,22,-51,-51,-25,-25,18,18,7,7,7,-2,-2,-2,-2,-51,-51,-102,-102,-10,-10,-25,-25,7,7,7,-62,-62,-14,-14,-35,-35,-24,-24,19,19,19,-9,-9,-9,-63,-63,-63,-52,-52,-44,43,43,3,3,-16,-16,45,45,90,90,110,110,96,96,81,81,-26,-26,-47,-47,1,1,-24,-24,5,5,-17,-17,-17,-13,-13,-13,-46,-46,-46,-34,-34,-95,-95,-98,-98,-98,-72,-72,-72,-42,-42,-42,-40,-40,-40,-71,-71,-71,-101,-101,-75,-75,-75,-129,-129,-129,-129,-18,-18,-18,-18,74,74,74,-36,-36,-25,-25,24,24,42,42,42,-45,-45,-45,-45,-78,-78,-78,-78,-48,-48,-48,-78,-78,-15,-15,-106,-106,-106,-10,-10,-10,-10,45,45,45,-54,-54,-54,-22,-22,-25,-25,-25,9,9,9,9,-15,-15,-15,-15,98,98,98,98,-5,-5,-70,-70,3,3,-44,-44,-44,-17,-17,-17,-61,-61,-61,-23,-23,-23,-4,-4,1,1,1,-15,-15,-15,-15,-21,-21,-21,-21,-86,-86,-86,-86,-44,-44,-44,-62,-62,0,0,0,-30,-30,-30,-115,-115,-115,-115,-69,-69,-69,-69,28,28,-32,-32,-204,-204,-204,-157,-157,-157,-157,-25,-25,-25,-45,-45,-45,-289,-289,-281,-281,-157,-157,-157,32,32,32,61,61,61,61,-74,-74,-74,-74,-121,-121,-44,-44,6,6,6,-5,-5,-5,-5,9,9,9,9,9,13,13,13,13,-33,-33,-41,-41,50,50,50,88,88,88,88,29,29,29,29,21,21,21,12,12,12,-47,-47,-11,-11,-11,33,33,33,-17,-17,-17,-17,-35,-35,-35,-35,11,11,11,-29,-29,74,74,39,39,103,103,103,-10,-10,-10,-10,-33,-33,-23,-23,-26,-26,-48,-48,-48,-106,-106,-106,-106,-26,-26,-26,-26,82,82,82,115,115,57,57,7,7,-65,-65,-65,41,41,41,-52,-52,-52,-91,-91,0,0,-48,-48,-48,-50,-50,-50,-47,-47,-47,-47,-6,-6,-6,-6,-19,-19,-19,6,6,9,9,9,68,68,68,68,24,24,24,24,2,2,2,-17,-17,-37,-37,-45,-45,-45,-58,-58,-58,-64,-64,-91,-91,-108,-23,-23,-38,-38,18,18,-59,-59,-59,-30,-30,45,45,39,39,36,36,28,28,28,26,26,26,-2,-2,-2,-71,-71,-35,-35,-18,-18,7,7,21,21,21,-12,-12,-12,-68,-68,-68,-30,-30,1,1,-10,-10,-10,-10,-10,-8,-8,-8,35,35,35,35,62,62,62,62,59,59,59,25,25,25,89,89,89,105,105,105,55,55,55,54,54,54,127,127,127,119,119,119,243,243,243,254,254,254,174,174,174
93,14.17600000000000016,-57,2,-4,-4,-63,-63,-63,-85,-85,-85,-8,-8,-8,-8,56,56,56,56,38,38,38,17,17,-38,-38,-38,12,12,12,12,-1,-1,-1,-27,-27,-55,-55,-91,-91,-37,-37,-37,-37,-37,-37,-37,-3,-3,-3,7,7,-63,-63,-21,-21,-20,-20,-6,-6,-6,-34,-34,-34,-34,-66,-66,-59,-59,-13,-13,-45,-45,-31,-31,-31,-60,-60,-44,-44,-23,-23,-29,-29,-8,-8,-8,7,7,7,-71,-71,-71,-20,-20,-32,47,47,29,29,44,44,31,31,64,64,78,78,113,113,24,24,-15,-15,-27,-27,-15,-15,-11,-11,-27,-27,-5,-5,-5,-38,-38,-38,-67,-67,-67,-56,-56,-73,-73,-119,-119,-119,-53,-53,-53,22,22,22,11,11,11,-53,-53,-53,-80,-80,-64,-64,-64,-82,-82,-82,-82,37,37,37,37,61,61,61,-19,-19,-21,-21,32,32,19,19,19,-20,-20,-20,-20,-48,-48,-48,-48,-45,-45,-45,-39,-39,-8,-8,-83,-83,-83,2,2,2,2,40,40,40,-24,-24,-24,-25,-25,-48,-48,-48,5,5,5,5,-41,-41,-41,-41,54,54,54,54,-40,-40,-92,-92,-94,-94,-68,-68,-68,-55,-55,-55,-56,-56,-56,-63,-63,-63,-6,-6,15,15,15,-38,-38,-38,-38,-52,-52,-52,-52,-117,-117,-117,-117,-44,-44,-44,-83,-83,-98,-98,-98,-113,-113,-113,-154,-154,-154,-154,-80,-80,-80,-80,-5,-5,-101,-101,-207,-207,-207,-142,-142,-142,-142,-92,-92,-92,-71,-71,-71,-400,-400,-294,-294,-181,-181,-181,-30,-30,-30,7,7,7,7,-35,-35,-35,-35,-90,-90,-23,-23,-52,-52,-52,-1,-1,-1,-1,35,35,35,35,35,3,3,3,3,-27,-27,-55,-55,-14,-14,-14,68,68,68,68,-7,-7,-7,-7,-18,-18,-18,45,45,45,19,19,-21,-21,-21,39,39,39,4,4,4,4,-22,-22,-22,-22,26,26,26,-35,-35,35,35,65,65,97,97,97,-3,-3,-3,-3,-50,-50,-67,-67,-10,-10,-31,-31,-31,-111,-111,-111,-111,-39,-39,-39,-39,92,92,92,118,118,31,31,-6,-6,0,0,0,26,26,26,-54,-54,-54,-27,-27,33,33,-35,-35,-35,-51,-51,-51,-72,-72,-72,-72,4,4,4,4,42,42,42,36,36,18,18,18,41,41,41,41,15,15,15,15,37,37,37,-15,-15,-29,-29,-25,-25,-25,-58,-58,-58,-82,-82,-36,-36,-39,33,33,-27,-27,35,35,-32,-32,-32,6,6,79,79,30,30,38,38,12,12,12,29,29,29,12,12,12,-42,-42,-4,-4,12,12,-16,-16,21,21,21,6,6,6,-72,-72,-72,-38,-38,3,3,-21,-21,4,4,4,-18,-18,-18,29,29,29,29,58,58,58,58,80,80,80,62,62,62,101,101,101,110,110,110,62,62,62,90,90,90,131,131,131,95,95,95,164,164,164,178,178,178,72,72,72
94,14.37599999999999945,11,19,-7,-7,-69,-69,-69,-30,-30,-30,-32,-32,-32,-32,36,36,36,36,41,41,41,9,9,-58,-58,-58,-28,-28,-28,-28,-11,-11,-11,-59,-59,-17,-17,-54,-54,-41,-41,-41,-58,-58,-58,-58,-27,-27,-27,-13,-13,-38,-38,-13,-13,-17,-17,-74,-74,-74,-21,-21,-21,-21,-25,-25,-56,-56,-61,-61,-37,-37,-25,-25,-25,-54,-54,-30,-30,-50,-50,-22,-22,-11,-11,-11,13,13,13,-29,-29,-29,-19,-19,11,60,60,39,39,-3,-3,-16,-16,-1,-1,30,30,93,93,36,36,56,56,39,39,-39,-39,21,21,-25,-25,-48,-48,-48,-49,-49,-49,-38,-38,-38,-46,-46,-49,-49,-64,-64,-64,-59,-59,-59,-7,-7,-7,11,11,11,3,3,3,-53,-53,-34,-34,-34,-15,-15,-15,-15,91,91,91,91,4,4,4,-22,-22,5,5,42,42,37,37,37,6,6,6,6,-60,-60,-60,-60,-40,-40,-40,-25,-25,-49,-49,-46,-46,-46,33,33,33,33,75,75,75,-3,-3,-3,-1,-1,-31,-31,-31,12,12,12,12,-51,-51,-51,-51,43,43,43,43,-26,-26,-50,-50,-67,-67,-68,-68,-68,-42,-42,-42,-34,-34,-34,-3,-3,-3,1,1,58,58,58,-6,-6,-6,-6,-92,-92,-92,-92,-101,-101,-101,-101,-25,-25,-25,-46,-46,-124,-124,-124,-169,-169,-169,-110,-110,-110,-110,-57,-57,-57,-57,-12,-12,-98,-98,-135,-135,-135,-74,-74,-74,-74,-126,-126,-126,-101,-101,-101,-435,-435,-285,-285,-187,-187,-187,-57,-57,-57,-17,-17,-17,-17,12,12,12,12,20,20,-21,-21,-90,-90,-90,-5,-5,-5,-5,34,34,34,34,34,-28,-28,-28,-28,-6,-6,-38,-38,-29,-29,-29,51,51,51,51,-14,-14,-14,-14,10,10,10,103,103,103,71,71,13,13,13,55,55,55,21,21,21,21,-2,-2,-2,-2,14,14,14,18,18,27,27,73,73,122,122,122,10,10,10,10,-37,-37,-11,-11,-18,-18,-8,-8,-8,-25,-25,-25,-25,-21,-21,-21,-21,121,121,121,117,117,45,45,-7,-7,-51,-51,-51,0,0,0,-1,-1,-1,11,11,58,58,3,3,3,-57,-57,-57,-50,-50,-50,-50,44,44,44,44,67,67,67,68,68,31,31,31,31,31,31,31,-2,-2,-2,-2,46,46,46,9,9,8,8,3,3,3,-53,-53,-53,-77,-77,61,61,-6,70,70,-24,-24,34,34,44,44,44,6,6,91,91,65,65,44,44,14,14,14,73,73,73,54,54,54,-34,-34,22,22,14,14,-18,-18,-7,-7,-7,22,22,22,-22,-22,-22,-11,-11,6,6,-27,-27,24,24,24,-8,-8,-8,20,20,20,20,28,28,28,28,61,61,61,95,95,95,71,71,71,46,46,46,52,52,52,116,116,116,95,95,95,105,105,105,112,112,112,92,92,92,3,3,3
95,14.57600000000000051,8,37,-55,-55,-43,-43,-43,-78,-78,-78,47,47,47,47,-18,-18,-18,-18,-31,-31,-31,-22,-22,-51,-51,-51,-59,-59,-59,-59,-8,-8,-8,15,15,15,15,-6,-6,6,6,6,18,18,18,18,-18,-18,-18,52,52,3,3,28,28,55,55,-1,-1,-1,1,1,1,1,-5,-5,14,14,-16,-16,-14,-14,58,58,58,-39,-39,-33,-33,-19,-19,17,17,6,6,6,0,0,0,-14,-14,-14,7,7,0,65,65,37,37,5,5,-38,-38,-13,-13,-19,-19,42,42,72,72,47,47,99,99,17,17,51,51,1,1,32,32,32,-10,-10,-10,1,1,1,59,59,16,16,27,27,27,14,14,14,68,68,68,46,46,46,52,52,52,17,17,21,21,21,17,17,17,17,136,136,136,136,-16,-16,-16,16,16,107,107,78,78,66,66,66,72,72,72,72,-11,-11,-11,-11,-16,-16,-16,-1,-1,-30,-30,4,4,4,73,73,73,73,114,114,114,58,58,58,33,33,-1,-1,-1,54,54,54,54,-38,-38,-38,-38,19,19,19,19,34,34,12,12,-21,-21,-45,-45,-45,14,14,14,12,12,12,77,77,77,63,63,95,95,95,75,75,75,75,14,14,14,14,28,28,28,28,96,96,96,48,48,-92,-92,-92,-99,-99,-99,-9,-9,-9,-9,1,1,1,1,38,38,-32,-32,-36,-36,-36,16,16,16,16,-7,-7,-7,-52,-52,-52,-349,-349,-180,-180,-105,-105,-105,-27,-27,-27,3,3,3,3,92,92,92,92,106,106,41,41,-24,-24,-24,56,56,56,56,77,77,77,77,77,10,10,10,10,47,47,34,34,-3,-3,-3,85,85,85,85,12,12,12,12,8,8,8,121,121,121,131,131,35,35,35,96,96,96,82,82,82,82,59,59,59,59,86,86,86,80,80,83,83,108,108,115,115,115,39,39,39,39,30,30,62,62,48,48,61,61,61,47,47,47,47,51,51,51,51,116,116,116,145,145,111,111,75,75,41,41,41,30,30,30,4,4,4,121,121,112,112,50,50,50,8,8,8,4,4,4,4,35,35,35,35,95,95,95,107,107,71,71,71,47,47,47,47,31,31,31,31,48,48,48,37,37,37,37,32,32,32,-14,-14,-14,-15,-15,72,72,78,107,107,0,0,98,98,113,113,113,58,58,123,123,105,105,82,82,28,28,28,88,88,88,72,72,72,49,49,46,46,63,63,13,13,18,18,18,68,68,68,14,14,14,20,20,63,63,45,45,39,39,39,17,17,17,18,18,18,18,29,29,29,29,62,62,62,118,118,118,99,99,99,46,46,46,88,88,88,92,92,92,76,76,76,49,49,49,50,50,50,44,44,44,2,2,2
96,14.7759999999999998,29,45,21,21,25,25,25,75,75,75,18,18,18,18,-41,-41,-41,-41,-32,-32,-32,-85,-85,0,0,0,-33,-33,-33,-33,69,69,69,43,43,76,76,12,12,42,42,42,13,13,13,13,63,63,63,66,66,67,67,20,20,30,30,41,41,41,88,88,88,88,7,7,53,53,46,46,45,45,43,43,43,20,20,-9,-9,50,50,56,56,46,46,46,51,51,51,45,45,45,39,39,35,64,64,60,60,5,5,-15,-15,14,14,0,0,68,68,106,106,113,113,89,89,43,43,55,55,75,75,112,112,112,76,76,76,53,53,53,121,121,104,104,137,137,137,110,110,110,143,143,143,119,119,119,82,82,82,108,108,128,128,128,107,107,107,107,183,183,183,183,12,12,12,88,88,149,149,115,115,110,110,110,103,103,103,103,47,47,47,47,44,44,44,93,93,90,90,115,115,115,150,150,150,150,116,116,116,117,117,117,100,100,79,79,79,98,98,98,98,0,0,0,0,44,44,44,44,88,88,90,90,30,30,50,50,50,120,120,120,88,88,88,122,122,122,156,156,173,173,173,119,119,119,119,135,135,135,135,111,111,111,111,162,162,162,146,146,41,41,41,58,58,58,72,72,72,72,75,75,75,75,78,78,60,60,53,53,53,118,118,118,118,106,106,106,70,70,70,-153,-153,-33,-33,42,42,42,55,55,55,91,91,91,91,157,157,157,157,205,205,148,148,95,95,95,120,120,120,120,109,109,109,109,109,61,61,61,61,88,88,103,103,110,110,110,144,144,144,144,75,75,75,75,83,83,83,123,123,123,196,196,96,96,96,157,157,157,145,145,145,145,104,104,104,104,101,101,101,147,147,160,160,178,178,195,195,195,132,132,132,132,91,91,159,159,138,138,145,145,145,143,143,143,143,127,127,127,127,168,168,168,216,216,170,170,158,158,121,121,121,94,94,94,104,104,104,188,188,132,132,131,131,131,118,118,118,62,62,62,62,109,109,109,109,125,125,125,122,122,117,117,117,87,87,87,87,60,60,60,60,87,87,87,77,77,82,82,72,72,72,34,34,34,21,21,152,152,165,156,156,111,111,160,160,192,192,192,142,142,150,150,156,156,126,126,87,87,87,130,130,130,91,91,91,92,92,116,116,102,102,69,69,59,59,59,131,131,131,112,112,112,76,76,109,109,93,93,76,76,76,69,69,69,69,69,69,69,30,30,30,30,96,96,96,156,156,156,127,127,127,59,59,59,102,102,102,97,97,97,60,60,60,59,59,59,51,51,51,69,69,69,71,71,71
97,14.97599999999999909,83,131,66,66,114,114,114,110,110,110,78,78,78,78,13,13,13,13,-41,-41,-41,-52,-52,91,91,91,45,45,45,45,109,109,109,126,126,117,117,87,87,93,93,93,100,100,100,100,79,79,79,64,64,69,69,131,131,31,31,64,64,64,44,44,44,44,131,131,150,150,104,104,62,62,76,76,76,50,50,19,19,84,84,104,104,78,78,78,94,94,94,118,118,118,104,104,69,99,99,84,84,93,93,42,42,-1,-1,33,33,99,99,135,135,124,124,152,152,106,106,137,137,166,166,201,201,201,178,178,178,117,117,117,191,191,188,188,235,235,235,174,174,174,178,178,178,186,186,186,137,137,137,143,143,148,148,148,199,199,199,199,224,224,224,224,93,93,93,111,111,179,179,170,170,159,159,159,146,146,146,146,84,84,84,84,95,95,95,112,112,185,185,197,197,197,206,206,206,206,159,159,159,175,175,175,168,168,165,165,165,181,181,181,181,97,97,97,97,64,64,64,64,157,157,173,173,167,167,162,162,162,199,199,199,168,168,168,198,198,198,200,200,202,202,202,237,237,237,237,215,215,215,215,208,208,208,208,242,242,242,269,269,206,206,206,179,179,179,202,202,202,202,184,184,184,184,135,135,168,168,162,162,162,201,201,201,201,203,203,203,222,222,222,70,70,110,110,189,189,189,203,203,203,222,222,222,222,252,252,252,252,220,220,217,217,192,192,192,232,232,232,232,190,190,190,190,190,134,134,134,134,129,129,169,169,216,216,216,195,195,195,195,152,152,152,152,109,109,109,146,146,146,227,227,155,155,155,175,175,175,179,179,179,179,166,166,166,166,147,147,147,229,229,225,225,221,221,234,234,234,181,181,181,181,205,205,260,260,201,201,211,211,211,248,248,248,248,185,185,185,185,233,233,233,240,240,215,215,200,200,208,208,208,180,180,180,163,163,163,198,198,190,190,191,191,191,179,179,179,150,150,150,150,105,105,105,105,159,159,159,142,142,160,160,160,160,160,160,160,125,125,125,125,79,79,79,102,102,126,126,98,98,98,73,73,73,118,118,170,170,197,197,197,149,149,205,205,251,251,251,177,177,176,176,194,194,153,153,141,141,141,178,178,178,134,134,134,167,167,147,147,117,117,136,136,90,90,90,185,185,185,191,191,191,118,118,139,139,154,154,139,139,139,127,127,127,123,123,123,123,86,86,86,86,116,116,116,189,189,189,157,157,157,99,99,99,148,148,148,131,131,131,84,84,84,115,115,115,143,143,143,116,116,116,175,175,175
98,15.17600000000000016,124,122,152,152,137,137,137,131,131,131,134,134,134,134,62,62,62,62,42,42,42,18,18,120,120,120,82,82,82,82,32,32,32,152,152,150,150,143,143,132,132,132,109,109,109,109,72,72,72,83,83,166,166,152,152,87,87,116,116,116,140,140,140,140,167,167,161,161,151,151,151,151,124,124,124,55,55,58,58,143,143,149,149,131,131,131,99,99,99,114,114,114,147,147,138,119,119,129,129,109,109,76,76,34,34,60,60,34,34,108,108,134,134,163,163,154,154,142,142,190,190,201,201,201,186,186,186,132,132,132,194,194,207,207,244,244,244,204,204,204,151,151,151,198,198,198,199,199,199,171,171,174,174,174,146,146,146,146,219,219,219,219,33,33,33,105,105,157,157,160,160,107,107,107,123,123,123,123,123,123,123,123,109,109,109,183,183,226,226,228,228,228,190,190,190,190,176,176,176,188,188,188,163,163,205,205,205,176,176,176,176,125,125,125,125,117,117,117,117,200,200,202,202,215,215,226,226,226,235,235,235,195,195,195,168,168,168,200,200,220,220,220,248,248,248,248,241,241,241,241,254,254,254,254,252,252,252,340,340,265,265,265,248,248,248,260,260,260,260,190,190,190,190,181,181,173,173,179,179,179,224,224,224,224,288,288,288,316,316,316,256,256,194,194,251,251,251,285,285,285,308,308,308,308,267,267,267,267,227,227,262,262,253,253,253,286,286,286,286,180,180,180,180,180,187,187,187,187,149,149,209,209,238,238,238,206,206,206,206,198,198,198,198,135,135,135,118,118,118,234,234,178,178,178,166,166,166,182,182,182,182,173,173,173,173,184,184,184,228,228,235,235,222,222,238,238,238,251,251,251,251,224,224,257,257,218,218,238,238,238,277,277,277,277,225,225,225,225,267,267,267,256,256,274,274,207,207,251,251,251,242,242,242,189,189,189,215,215,229,229,203,203,203,234,234,234,167,167,167,167,161,161,161,161,129,129,129,132,132,175,175,175,204,204,204,204,154,154,154,154,120,120,120,117,117,130,130,127,127,127,129,129,129,191,191,191,191,213,197,197,207,207,238,238,281,281,281,228,228,195,195,193,193,170,170,187,187,187,158,158,158,129,129,129,181,181,130,130,120,120,154,154,107,107,107,203,203,203,209,209,209,157,157,152,152,187,187,171,171,171,175,175,175,138,138,138,138,149,149,149,149,147,147,147,196,196,196,187,187,187,126,126,126,152,152,152,195,195,195,116,116,116,143,143,143,184,184,184,171,171,171,239,239,239
99,15.37599999999999945,145,147,133,133,90,90,90,112,112,112,148,148,148,148,107,107,107,107,95,95,95,97,97,137,137,137,90,90,90,90,78,78,78,155,155,155,155,135,135,141,141,141,170,170,170,170,124,124,124,96,96,143,143,157,157,114,114,146,146,146,128,128,128,128,155,155,158,158,141,141,123,123,125,125,125,72,72,79,79,76,76,111,111,103,103,103,115,115,115,115,115,115,149,149,177,126,126,154,154,163,163,139,139,58,58,24,24,29,29,103,103,70,70,117,117,108,108,122,122,185,185,176,176,176,130,130,130,117,117,117,152,152,152,152,219,219,219,167,167,167,96,96,96,120,120,120,149,149,149,145,145,141,141,141,140,140,140,140,124,124,124,124,34,34,34,42,42,71,71,87,87,66,66,66,129,129,129,129,137,137,137,137,117,117,117,156,156,149,149,164,164,164,138,138,138,138,150,150,150,159,159,159,129,129,133,133,133,149,149,149,149,185,185,185,185,118,118,118,118,188,188,242,242,204,204,223,223,223,208,208,208,197,197,197,188,188,188,167,167,155,155,155,192,192,192,192,180,180,180,180,215,215,215,215,268,268,268,317,317,244,244,244,235,235,235,251,251,251,251,241,241,241,241,206,206,183,183,120,120,120,165,165,165,165,266,266,266,338,338,338,338,338,209,209,243,243,243,266,266,266,280,280,280,280,227,227,227,227,212,212,222,222,190,190,190,260,260,260,260,186,186,186,186,186,169,169,169,169,125,125,181,181,180,180,180,177,177,177,177,191,191,191,191,115,115,115,137,137,137,197,197,124,124,124,121,121,121,145,145,145,145,151,151,151,151,158,158,158,218,218,192,192,180,180,205,205,205,196,196,196,196,206,206,196,196,167,167,208,208,208,229,229,229,229,204,204,204,204,240,240,240,264,264,230,230,179,179,231,231,231,191,191,191,192,192,192,176,176,158,158,182,182,182,206,206,206,162,162,162,162,140,140,140,140,121,121,121,124,124,155,155,155,164,164,164,164,145,145,145,145,105,105,105,118,118,101,101,118,118,118,135,135,135,177,177,189,189,171,167,167,202,202,221,221,265,265,265,187,187,160,160,179,179,156,156,172,172,172,115,115,115,125,125,125,146,146,100,100,109,109,144,144,100,100,100,121,121,121,165,165,165,141,141,177,177,157,157,192,192,192,184,184,184,127,127,127,127,159,159,159,159,176,176,176,201,201,201,165,165,165,149,149,149,151,151,151,203,203,203,111,111,111,116,116,116,214,214,214,212,212,212,241,241,241
100,15.57600000000000051,128,117,94,94,61,61,61,86,86,86,136,136,136,136,143,143,143,143,155,155,155,116,116,166,166,166,82,82,82,82,97,97,97,123,123,101,101,153,153,131,131,131,72,72,72,72,103,103,103,138,138,194,194,126,126,158,158,130,130,130,135,135,135,135,147,147,119,119,83,83,125,125,100,100,100,118,118,78,78,72,72,100,100,88,88,88,57,57,57,95,95,95,126,126,131,94,94,148,148,153,153,107,107,49,49,13,13,-10,-10,41,41,77,77,84,84,77,77,79,79,87,87,76,76,76,104,104,104,116,116,116,108,108,115,115,151,151,151,90,90,90,46,46,46,69,69,69,70,70,70,73,73,83,83,83,60,60,60,60,54,54,54,54,31,31,31,36,36,43,43,59,59,33,33,33,79,79,79,79,118,118,118,118,114,114,114,119,119,85,85,129,129,129,74,74,74,74,115,115,115,116,116,116,63,63,121,121,121,103,103,103,103,121,121,121,121,167,167,167,167,197,197,210,210,165,165,199,199,199,152,152,152,200,200,200,169,169,169,88,88,124,124,124,128,128,128,128,108,108,108,108,171,171,171,171,228,228,228,243,243,175,175,175,187,187,187,210,210,210,210,196,196,196,196,224,224,152,152,-15,-15,-15,65,65,65,65,176,176,176,329,329,329,435,435,200,200,157,157,157,188,188,188,246,246,246,246,200,200,200,200,241,241,168,168,143,143,143,163,163,163,163,146,146,146,146,146,148,148,148,148,133,133,138,138,126,126,126,131,131,131,131,220,220,220,220,145,145,145,113,113,113,133,133,119,119,119,102,102,102,95,95,95,95,132,132,132,132,123,123,123,191,191,128,128,125,125,142,142,142,176,176,176,176,165,165,167,167,136,136,126,126,126,176,176,176,176,188,188,188,188,211,211,211,222,222,217,217,167,167,162,162,162,122,122,122,148,148,148,133,133,132,132,145,145,145,140,140,140,118,118,118,118,121,121,121,121,100,100,100,116,116,142,142,142,141,141,141,141,125,125,125,125,110,110,110,113,113,103,103,95,95,95,109,109,109,168,168,155,155,167,133,133,185,185,196,196,223,223,223,183,183,156,156,142,142,150,150,139,139,139,46,46,46,63,63,63,80,80,67,67,92,92,117,117,44,44,44,80,80,80,129,129,129,94,94,112,112,161,161,181,181,181,151,151,151,121,121,121,121,172,172,172,172,161,161,161,191,191,191,168,168,168,130,130,130,129,129,129,170,170,170,115,115,115,126,126,126,210,210,210,256,256,256,191,191,191
101,15.7759999999999998,75,83,76,76,13,13,13,32,32,32,64,64,64,64,109,109,109,109,155,155,155,133,133,144,144,144,11,11,11,11,32,32,32,113,113,66,66,73,73,131,131,131,92,92,92,92,93,93,93,115,115,87,87,145,145,150,150,99,99,99,117,117,117,117,130,130,102,102,29,29,93,93,46,46,46,93,93,76,76,119,119,60,60,72,72,72,27,27,27,107,107,107,127,127,76,101,101,144,144,169,169,122,122,75,75,40,40,15,15,20,20,42,42,58,58,68,68,79,79,41,41,37,37,37,72,72,72,117,117,117,91,91,61,61,32,32,32,49,49,49,-4,-4,-4,5,5,5,16,16,16,-2,-2,-28,-28,-28,74,74,74,74,-34,-34,-34,-34,-5,-5,-5,34,34,39,39,24,24,-9,-9,-9,78,78,78,78,88,88,88,88,73,73,73,51,51,45,45,94,94,94,40,40,40,40,52,52,52,70,70,70,42,42,104,104,104,59,59,59,59,144,144,144,144,184,184,184,184,221,221,186,186,165,165,150,150,150,131,131,131,201,201,201,94,94,94,93,93,86,86,86,99,99,99,99,74,74,74,74,142,142,142,142,194,194,194,177,177,92,92,92,134,134,134,160,160,160,160,153,153,153,153,184,184,67,67,-102,-102,-102,15,15,15,15,145,145,145,323,323,323,488,488,213,213,71,71,71,107,107,107,190,190,190,190,183,183,183,183,202,202,111,111,78,78,78,122,122,122,122,115,115,115,115,115,108,108,108,108,95,95,107,107,95,95,95,75,75,75,75,208,208,208,208,91,91,91,95,95,95,99,99,77,77,77,66,66,66,82,82,82,82,123,123,123,123,108,108,108,103,103,105,105,87,87,124,124,124,136,136,136,136,143,143,141,141,130,130,74,74,74,64,64,64,64,157,157,157,157,187,187,187,223,223,169,169,107,107,133,133,133,75,75,75,104,104,104,85,85,115,115,101,101,101,85,85,85,124,124,124,124,135,135,135,135,81,81,81,111,111,108,108,108,63,63,63,63,104,104,104,104,85,85,85,114,114,80,80,103,103,103,89,89,89,154,154,128,128,137,152,152,167,167,182,182,154,154,154,146,146,121,121,123,123,121,121,107,107,107,47,47,47,31,31,31,22,22,32,32,73,73,84,84,47,47,47,20,20,20,40,40,40,62,62,108,108,147,147,169,169,169,135,135,135,80,80,80,80,118,118,118,118,212,212,212,201,201,201,134,134,134,100,100,100,64,64,64,158,158,158,67,67,67,101,101,101,208,208,208,265,265,265,186,186,186
102,15.97599999999999909,49,50,-6,-6,-53,-53,-53,-40,-40,-40,20,20,20,20,94,94,94,94,91,91,91,60,60,101,101,101,50,50,50,50,-21,-21,-21,24,24,11,11,31,31,73,73,73,33,33,33,33,43,43,43,68,68,84,84,90,90,125,125,87,87,87,88,88,88,88,76,76,87,87,35,35,84,84,62,62,62,97,97,39,39,72,72,13,13,51,51,51,56,56,56,95,95,95,95,95,52,51,51,112,112,124,124,101,101,62,62,28,28,21,21,50,50,96,96,48,48,46,46,49,49,5,5,5,5,5,31,31,31,29,29,29,94,94,10,10,-37,-37,-37,-15,-15,-15,-16,-16,-16,-24,-24,-24,-53,-53,-53,-32,-32,-62,-62,-62,6,6,6,6,-75,-75,-75,-75,46,46,46,40,40,-16,-16,-3,-3,11,11,11,49,49,49,49,38,38,38,38,62,62,62,16,16,16,16,60,60,60,22,22,22,22,35,35,35,-17,-17,-17,27,27,18,18,18,3,3,3,3,131,131,131,131,226,226,226,226,177,177,134,134,139,139,156,156,156,123,123,123,153,153,153,29,29,29,38,38,29,29,29,3,3,3,3,64,64,64,64,120,120,120,120,124,124,124,93,93,23,23,23,81,81,81,124,124,124,124,129,129,129,129,123,123,51,51,-149,-149,-149,-13,-13,-13,-13,135,135,135,282,282,282,452,452,192,192,71,71,71,59,59,59,138,138,138,138,148,148,148,148,141,141,3,3,-2,-2,-2,56,56,56,56,66,66,66,66,66,82,82,82,82,95,95,41,41,82,82,82,75,75,75,75,231,231,231,231,138,138,138,35,35,35,23,23,42,42,42,42,42,42,90,90,90,90,132,132,132,132,88,88,88,88,88,65,65,47,47,115,115,115,64,64,64,64,148,148,123,123,102,102,13,13,13,4,4,4,4,108,108,108,108,155,155,155,163,163,104,104,68,68,92,92,92,58,58,58,110,110,110,94,94,93,93,101,101,101,64,64,64,110,110,110,110,55,55,55,55,71,71,71,62,62,76,76,76,38,38,38,38,84,84,84,84,110,110,110,93,93,28,28,75,75,75,84,84,84,153,153,128,128,120,108,108,174,174,195,195,133,133,133,156,156,116,116,100,100,94,94,79,79,79,11,11,11,23,23,23,34,34,32,32,61,61,62,62,52,52,52,16,16,16,23,23,23,98,98,91,91,121,121,148,148,148,88,88,88,44,44,44,44,111,111,111,111,181,181,181,174,174,174,110,110,110,80,80,80,57,57,57,111,111,111,61,61,61,74,74,74,198,198,198,281,281,281,189,189,189
103,16.17599999999999838,33,18,-53,-53,-36,-36,-36,-44,-44,-44,5,5,5,5,84,84,84,84,37,37,37,-33,-33,88,88,88,17,17,17,17,-42,-42,-42,-21,-21,-8,-8,-4,-4,35,35,35,9,9,9,9,21,21,21,107,107,63,63,35,35,61,61,60,60,60,169,169,169,169,93,93,75,75,-12,-12,54,54,50,50,50,38,38,27,27,60,60,15,15,20,20,20,38,38,38,65,65,65,36,36,23,23,23,108,108,91,91,98,98,55,55,34,34,30,30,-21,-21,27,27,22,22,65,65,18,18,-13,-13,26,26,26,72,72,72,24,24,24,42,42,-65,-65,-94,-94,-94,-25,-25,-25,-17,-17,-17,5,5,5,-44,-44,-44,-71,-71,-113,-113,-113,-23,-23,-23,-23,-43,-43,-43,-43,76,76,76,2,2,-29,-29,-14,-14,-19,-19,-19,29,29,29,29,30,30,30,30,34,34,34,-13,-13,-31,-31,52,52,52,-10,-10,-10,-10,-7,-7,-7,-45,-45,-45,6,6,-3,-3,-3,2,2,2,2,115,115,115,115,196,196,196,196,146,146,116,116,108,108,114,114,114,92,92,92,108,108,108,-25,-25,-25,-22,-22,-28,-28,-28,-34,-34,-34,-34,31,31,31,31,94,94,94,94,73,73,73,37,37,-5,-5,-5,38,38,38,83,83,83,83,66,66,66,66,60,60,-23,-23,-161,-161,-161,-33,-33,-33,-33,93,93,93,279,279,279,416,416,200,200,59,59,59,7,7,7,91,91,91,91,109,109,109,109,47,47,-70,-70,-56,-56,-56,38,38,38,38,11,11,11,11,11,25,25,25,25,20,20,1,1,21,21,21,45,45,45,45,223,223,223,223,121,121,121,6,6,6,-21,-21,-7,-7,-7,16,16,16,67,67,67,67,131,131,131,131,135,135,135,12,12,33,33,29,29,70,70,70,38,38,38,38,72,72,55,55,65,65,-34,-34,-34,5,5,5,5,60,60,60,60,144,144,144,130,130,91,91,45,45,31,31,31,49,49,49,80,80,80,94,94,63,63,28,28,28,13,13,13,96,96,96,96,83,83,83,83,39,39,39,66,66,35,35,35,21,21,21,21,78,78,78,78,109,109,109,25,25,10,10,37,37,37,94,94,94,132,132,99,99,104,87,87,169,169,186,186,124,124,124,146,146,93,93,73,73,73,73,62,62,62,29,29,29,39,39,39,0,0,23,23,45,45,38,38,86,86,86,10,10,10,39,39,39,63,63,62,62,90,90,117,117,117,42,42,42,22,22,22,22,110,110,110,110,139,139,139,140,140,140,56,56,56,50,50,50,25,25,25,22,22,22,25,25,25,51,51,51,173,173,173,264,264,264,191,191,191
104,16.37600000000000122,72,3,-65,-65,-32,-32,-32,-25,-25,-25,3,3,3,3,43,43,43,43,0,0,0,-62,-62,36,36,36,19,19,19,19,-76,-76,-76,-58,-58,-15,-15,-90,-90,-27,-27,-27,-5,-5,-5,-5,20,20,20,14,14,9,9,2,2,8,8,43,43,43,84,84,84,84,58,58,20,20,-19,-19,30,30,35,35,35,32,32,40,40,44,44,5,5,0,0,0,76,76,76,42,42,42,21,21,-5,-7,-7,55,55,85,85,69,69,55,55,31,31,68,68,39,39,39,39,38,38,53,53,36,36,6,6,37,37,37,41,41,41,51,51,51,20,20,-78,-78,-90,-90,-90,-40,-40,-40,-21,-21,-21,-30,-30,-30,-31,-31,-31,-110,-110,-67,-67,-67,-19,-19,-19,-19,-3,-3,-3,-3,73,73,73,12,12,-41,-41,-20,-20,-7,-7,-7,11,11,11,11,35,35,35,35,29,29,29,-29,-29,-35,-35,26,26,26,-11,-11,-11,-11,-10,-10,-10,-58,-58,-58,29,29,3,3,3,-1,-1,-1,-1,133,133,133,133,168,168,168,168,127,127,77,77,70,70,86,86,86,90,90,90,89,89,89,-49,-49,-49,-57,-57,-37,-37,-37,-21,-21,-21,-21,13,13,13,13,108,108,108,108,38,38,38,0,0,-65,-65,-65,16,16,16,50,50,50,50,42,42,42,42,15,15,-54,-54,-176,-176,-176,-7,-7,-7,-7,90,90,90,259,259,259,368,368,187,187,29,29,29,-28,-28,-28,69,69,69,69,76,76,76,76,2,2,-100,-100,-68,-68,-68,13,13,13,13,-2,-2,-2,-2,-2,8,8,8,8,24,24,-9,-9,-35,-35,-35,115,115,115,115,182,182,182,182,132,132,132,19,19,19,-14,-14,-8,-8,-8,25,25,25,79,79,79,79,145,145,145,145,141,141,141,30,30,29,29,16,16,91,91,91,24,24,24,24,25,25,24,24,34,34,-31,-31,-31,-30,-30,-30,-30,34,34,34,34,130,130,130,119,119,57,57,19,19,30,30,30,39,39,39,46,46,46,17,17,71,71,10,10,10,-24,-24,-24,81,81,81,81,42,42,42,42,50,50,50,22,22,23,23,23,1,1,1,1,51,51,51,51,81,81,81,-7,-7,-51,-51,22,22,22,112,112,112,93,93,77,77,73,81,81,124,124,143,143,101,101,101,106,106,35,35,19,19,27,27,43,43,43,43,43,43,12,12,12,8,8,27,27,31,31,57,57,129,129,129,48,48,48,66,66,66,74,74,67,67,52,52,73,73,73,-8,-8,-8,-1,-1,-1,-1,74,74,74,74,103,103,103,60,60,60,43,43,43,0,0,0,24,24,24,-21,-21,-21,10,10,10,36,36,36,107,107,107,242,242,242,216,216,216
105,16.57600000000000051,94,-10,-41,-41,-56,-56,-56,-16,-16,-16,25,25,25,25,47,47,47,47,-47,-47,-47,-56,-56,52,52,52,-16,-16,-16,-16,23,23,23,-46,-46,-18,-18,-50,-50,-33,-33,-33,-5,-5,-5,-5,30,30,30,56,56,70,70,12,12,-6,-6,12,12,12,85,85,85,85,1,1,31,31,6,6,55,55,26,26,26,106,106,36,36,46,46,10,10,-5,-5,-5,38,38,38,8,8,8,-11,-11,-20,-3,-3,17,17,92,92,38,38,6,6,40,40,68,68,32,32,43,43,57,57,48,48,61,61,32,32,17,17,17,77,77,77,65,65,65,-9,-9,-34,-34,-43,-43,-43,7,7,7,39,39,39,21,21,21,1,1,1,-31,-31,13,13,13,12,12,12,12,24,24,24,24,122,122,122,89,89,-38,-38,-2,-2,27,27,27,39,39,39,39,67,67,67,67,88,88,88,0,0,-4,-4,54,54,54,-7,-7,-7,-7,3,3,3,-31,-31,-31,14,14,11,11,11,33,33,33,33,101,101,101,101,177,177,177,177,133,133,68,68,24,24,42,42,42,24,24,24,60,60,60,-54,-54,-54,-35,-35,-27,-27,-27,-13,-13,-13,-13,-6,-6,-6,-6,101,101,101,101,49,49,49,-1,-1,-50,-50,-50,0,0,0,56,56,56,56,34,34,34,34,0,0,-30,-30,-91,-91,-91,10,10,10,10,70,70,70,280,280,280,305,305,200,200,34,34,34,-27,-27,-27,42,42,42,42,67,67,67,67,-21,-21,-47,-47,23,23,23,9,9,9,9,-16,-16,-16,-16,-16,-14,-14,-14,-14,43,43,5,5,4,4,4,149,149,149,149,185,185,185,185,133,133,133,58,58,58,36,36,42,42,42,52,52,52,73,73,73,73,151,151,151,151,167,167,167,60,60,35,35,64,64,106,106,106,27,27,27,27,7,7,-13,-13,24,24,7,7,7,-8,-8,-8,-8,89,89,89,89,150,150,150,113,113,25,25,45,45,31,31,31,12,12,12,43,43,43,38,38,54,54,12,12,12,-32,-32,-32,29,29,29,29,64,64,64,64,67,67,67,13,13,-17,-17,-17,31,31,31,31,40,40,40,40,68,68,68,-11,-11,-32,-32,35,35,35,100,100,100,71,71,75,75,81,60,60,139,139,102,102,102,102,102,75,75,33,33,14,14,22,22,31,31,31,57,57,57,11,11,11,13,13,23,23,37,37,94,94,133,133,133,95,95,95,95,95,95,70,70,45,45,57,57,52,52,52,6,6,6,14,14,14,14,56,56,56,56,38,38,38,10,10,10,3,3,3,-8,-8,-8,-18,-18,-18,-43,-43,-43,-19,-19,-19,33,33,33,66,66,66,176,176,176,207,207,207
106,16.7759999999999998,128,35,7,7,34,34,34,49,49,49,91,91,91,91,42,42,42,42,-15,-15,-15,77,77,60,60,60,45,45,45,45,23,23,23,-52,-52,4,4,14,14,12,12,12,9,9,9,9,40,40,40,40,40,67,67,36,36,29,29,29,29,29,78,78,78,78,15,15,25,25,15,15,32,32,37,37,37,48,48,30,30,29,29,39,39,6,6,6,8,8,8,25,25,25,-7,-7,-27,16,16,16,16,30,30,5,5,15,15,1,1,62,62,34,34,69,69,53,53,7,7,51,51,71,71,19,19,19,41,41,41,56,56,56,30,30,3,3,13,13,13,47,47,47,57,57,57,40,40,40,67,67,67,54,54,68,68,68,33,33,33,33,137,137,137,137,149,149,149,122,122,62,62,47,47,59,59,59,101,101,101,101,98,98,98,98,83,83,83,56,56,63,63,90,90,90,50,50,50,50,0,0,0,8,8,8,71,71,64,64,64,60,60,60,60,143,143,143,143,137,137,137,137,99,99,87,87,16,16,45,45,45,29,29,29,49,49,49,8,8,8,35,35,37,37,37,42,42,42,42,5,5,5,5,130,130,130,130,109,109,109,21,21,3,3,3,32,32,32,71,71,71,71,47,47,47,47,42,42,35,35,46,46,46,47,47,47,47,80,80,80,246,246,246,302,302,197,197,99,99,99,-11,-11,-11,48,48,48,48,51,51,51,51,37,37,49,49,88,88,88,19,19,19,19,53,53,53,53,53,19,19,19,19,87,87,41,41,30,30,30,162,162,162,162,159,159,159,159,129,129,129,97,97,97,117,117,121,121,121,106,106,106,117,117,117,117,138,138,138,138,178,178,178,149,149,110,110,108,108,80,80,80,97,97,97,97,35,35,26,26,49,49,69,69,69,73,73,73,73,128,128,128,128,166,166,166,159,159,101,101,68,68,53,53,53,31,31,31,21,21,21,57,57,62,62,-24,-24,-24,-34,-34,-34,57,57,57,57,58,58,58,58,58,58,58,33,33,46,46,46,26,26,26,26,60,60,60,60,44,44,44,16,16,7,7,83,83,83,110,110,110,58,58,107,107,99,73,73,134,134,86,86,91,91,91,63,63,35,35,9,9,46,46,65,65,65,69,69,69,72,72,72,39,39,73,73,90,90,123,123,162,162,162,124,124,124,134,134,134,86,86,65,65,83,83,91,91,91,60,60,60,32,32,32,32,80,80,80,80,22,22,22,14,14,14,21,21,21,18,18,18,18,18,18,-12,-12,-12,-12,-12,-12,53,53,53,29,29,29,134,134,134,236,236,236
107,16.97599999999999909,134,55,64,64,88,88,88,152,152,152,114,114,114,114,96,96,96,96,0,0,0,73,73,91,91,91,50,50,50,50,47,47,47,52,52,61,61,29,29,10,10,10,64,64,64,64,74,74,74,81,81,28,28,55,55,39,39,23,23,23,70,70,70,70,50,50,49,49,38,38,76,76,42,42,42,77,77,10,10,20,20,29,29,-8,-8,-8,53,53,53,-13,-13,-13,12,12,-17,0,0,-20,-20,10,10,11,11,-6,-6,10,10,95,95,53,53,28,28,89,89,47,47,51,51,60,60,62,62,62,52,52,52,74,74,74,88,88,62,62,61,61,61,92,92,92,124,124,124,91,91,91,88,88,88,120,120,68,68,68,115,115,115,115,165,165,165,165,146,146,146,166,166,104,104,91,91,109,109,109,163,163,163,163,129,129,129,129,110,110,110,79,79,100,100,102,102,102,118,118,118,118,66,66,66,67,67,67,122,122,112,112,112,104,104,104,104,165,165,165,165,153,153,153,153,120,120,67,67,27,27,36,36,36,33,33,33,83,83,83,79,79,79,86,86,118,118,118,91,91,91,91,40,40,40,40,117,117,117,117,166,166,166,92,92,47,47,47,79,79,79,103,103,103,103,90,90,90,90,130,130,143,143,183,183,183,127,127,127,127,114,114,114,279,279,279,300,300,231,231,151,151,151,60,60,60,67,67,67,67,102,102,102,102,84,84,138,138,129,129,129,44,44,44,44,94,94,94,94,94,79,79,79,79,161,161,144,144,77,77,77,171,171,171,171,173,173,173,173,137,137,137,149,149,149,159,159,140,140,140,146,146,146,110,110,110,110,178,178,178,178,172,172,172,167,167,151,151,173,173,199,199,199,126,126,126,126,88,88,58,58,91,91,128,128,128,141,141,141,141,171,171,171,171,189,189,189,195,195,91,91,84,84,58,58,58,64,64,64,66,66,66,69,69,80,80,76,76,76,61,61,61,92,92,92,92,83,83,83,83,85,85,85,39,39,97,97,97,67,67,67,67,79,79,79,79,75,75,75,74,74,84,84,126,126,126,126,126,126,89,89,143,143,124,101,101,135,135,80,80,98,98,98,44,44,31,31,42,42,73,73,93,93,93,100,100,100,109,109,109,101,101,106,106,121,121,140,140,185,185,185,156,156,156,174,174,174,86,86,91,91,96,96,123,123,123,87,87,87,73,73,73,73,92,92,92,92,45,45,45,13,13,13,40,40,40,58,58,58,63,63,63,32,32,32,22,22,22,73,73,73,61,61,61,124,124,124,280,280,280
108,17.17599999999999838,163,141,117,117,141,141,141,139,139,139,165,165,165,165,84,84,84,84,51,51,51,102,102,125,125,125,147,147,147,147,104,104,104,88,88,62,62,43,43,56,56,56,84,84,84,84,117,117,117,79,79,73,73,48,48,40,40,34,34,34,80,80,80,80,36,36,76,76,72,72,59,59,60,60,60,57,57,80,80,53,53,35,35,39,39,39,47,47,47,31,31,31,20,20,-25,6,6,-4,-4,-7,-7,28,28,30,30,9,9,70,70,56,56,76,76,46,46,53,53,56,56,39,39,70,70,70,58,58,58,124,124,124,91,91,81,81,104,104,104,113,113,113,117,117,117,132,132,132,111,111,111,124,124,119,119,119,132,132,132,132,226,226,226,226,192,192,192,187,187,120,120,142,142,147,147,147,131,131,131,131,148,148,148,148,123,123,123,108,108,127,127,143,143,143,155,155,155,155,142,142,142,112,112,112,123,123,103,103,103,146,146,146,146,155,155,155,155,113,113,113,113,120,120,89,89,30,30,43,43,43,57,57,57,84,84,84,115,115,115,140,140,120,120,120,143,143,143,143,78,78,78,78,152,152,152,152,200,200,200,144,144,78,78,78,155,155,155,108,108,108,108,126,126,126,126,164,164,202,202,329,329,329,205,205,205,205,146,146,146,260,260,260,284,284,248,248,161,161,161,100,100,100,84,84,84,84,128,128,128,128,123,123,189,189,108,108,108,62,62,62,62,138,138,138,138,138,136,136,136,136,189,189,162,162,132,132,132,225,225,225,225,188,188,188,188,143,143,143,162,162,162,186,186,161,161,161,161,161,161,120,120,120,120,157,157,157,157,213,213,213,171,171,156,156,186,186,189,189,189,187,187,187,187,135,135,123,123,136,136,154,154,154,172,172,172,172,163,163,163,163,201,201,201,201,201,148,148,88,88,121,121,121,111,111,111,84,84,84,75,75,92,92,56,56,56,125,125,125,102,102,102,102,98,98,98,98,74,74,74,75,75,94,94,94,109,109,109,109,91,91,91,91,69,69,69,107,107,139,139,150,150,150,123,123,123,101,101,156,156,157,143,143,107,107,72,72,91,91,91,72,72,63,63,89,89,81,81,86,86,86,128,128,128,132,132,132,119,119,112,112,126,126,119,119,167,167,167,162,162,162,188,188,188,105,105,116,116,89,89,115,115,115,130,130,130,129,129,129,129,75,75,75,75,60,60,60,52,52,52,74,74,74,99,99,99,112,112,112,71,71,71,61,61,61,115,115,115,79,79,79,112,112,112,281,281,281
109,17.37600000000000122,155,199,172,172,176,176,176,135,135,135,160,160,160,160,73,73,73,73,30,30,30,99,99,116,116,116,164,164,164,164,128,128,128,82,82,79,79,35,35,52,52,52,122,122,122,122,94,94,94,98,98,41,41,35,35,43,43,41,41,41,111,111,111,111,79,79,60,60,72,72,65,65,48,48,48,66,66,95,95,50,50,25,25,47,47,47,131,131,131,49,49,49,26,26,0,4,4,-38,-38,-48,-48,-11,-11,24,24,40,40,41,41,75,75,85,85,86,86,60,60,64,64,93,93,93,93,93,126,126,126,134,134,134,107,107,88,88,135,135,135,107,107,107,114,114,114,120,120,120,150,150,150,108,108,98,98,98,165,165,165,165,182,182,182,182,180,180,180,177,177,155,155,122,122,152,152,152,108,108,108,108,154,154,154,154,152,152,152,126,126,101,101,128,128,128,135,135,135,135,171,171,171,135,135,135,78,78,125,125,125,122,122,122,122,188,188,188,188,133,133,133,133,90,90,91,91,36,36,61,61,61,96,96,96,90,90,90,135,135,135,124,124,101,101,101,131,131,131,131,143,143,143,143,116,116,116,116,157,157,157,179,179,115,115,115,158,158,158,146,146,146,146,159,159,159,159,148,148,207,207,374,374,374,231,231,231,231,129,129,129,243,243,243,258,258,231,231,172,172,172,146,146,146,117,117,117,117,192,192,192,192,137,137,181,181,103,103,103,82,82,82,82,172,172,172,172,172,172,172,172,172,153,153,168,168,86,86,86,193,193,193,193,189,189,189,189,131,131,131,112,112,112,180,180,145,145,145,153,153,153,111,111,111,111,135,135,135,135,174,174,174,154,154,158,158,143,143,150,150,150,191,191,191,191,185,185,147,147,111,111,179,179,179,177,177,177,177,159,159,159,159,232,232,232,213,213,177,177,118,118,127,127,127,154,154,154,106,106,106,91,91,95,95,100,100,100,138,138,138,155,155,155,155,127,127,127,127,132,132,132,110,110,110,110,110,131,131,131,131,148,148,148,148,70,70,70,153,153,142,142,132,132,132,137,137,137,119,119,146,146,122,144,144,132,132,62,62,91,91,91,90,90,87,87,89,89,89,89,105,105,105,121,121,121,171,171,171,114,114,84,84,107,107,92,92,141,141,141,153,153,153,170,170,170,98,98,93,93,48,48,82,82,82,130,130,130,108,108,108,108,96,96,96,96,71,71,71,63,63,63,82,82,82,126,126,126,137,137,137,131,131,131,127,127,127,133,133,133,88,88,88,93,93,93,255,255,255
110,17.57600000000000051,157,183,141,141,188,188,188,137,137,137,108,108,108,108,76,76,76,76,89,89,89,104,104,96,96,96,171,171,171,171,99,99,99,62,62,72,72,52,52,53,53,53,82,82,82,82,122,122,122,47,47,24,24,18,18,26,26,64,64,64,95,95,95,95,55,55,73,73,83,83,16,16,42,42,42,54,54,51,51,57,57,11,11,68,68,68,126,126,126,63,63,63,23,23,0,-28,-28,-52,-52,-73,-73,-1,-1,4,4,21,21,64,64,51,51,57,57,103,103,40,40,84,84,94,94,102,102,102,89,89,89,92,92,92,103,103,109,109,127,127,127,63,63,63,100,100,100,75,75,75,102,102,102,109,109,116,116,116,189,189,189,189,185,185,185,185,162,162,162,122,122,138,138,130,130,107,107,107,142,142,142,142,147,147,147,147,144,144,144,116,116,95,95,124,124,124,129,129,129,129,161,161,161,134,134,134,62,62,96,96,96,115,115,115,115,164,164,164,164,116,116,116,116,62,62,86,86,44,44,67,67,67,92,92,92,68,68,68,125,125,125,118,118,78,78,78,145,145,145,145,147,147,147,147,82,82,82,82,150,150,150,157,157,184,184,184,146,146,146,123,123,123,123,149,149,149,149,126,126,175,175,349,349,349,252,252,252,252,135,135,135,152,152,152,198,198,189,189,169,169,169,138,138,138,157,157,157,157,159,159,159,159,130,130,144,144,114,114,114,97,97,97,97,182,182,182,182,182,162,162,162,162,143,143,125,125,111,111,111,158,158,158,158,127,127,127,127,106,106,106,111,111,111,111,111,90,90,90,137,137,137,72,72,72,72,66,66,66,66,146,146,146,134,134,112,112,139,139,144,144,144,196,196,196,196,156,156,138,138,76,76,153,153,153,178,178,178,178,167,167,167,167,192,192,192,182,182,161,161,135,135,136,136,136,120,120,120,131,131,131,101,101,75,75,79,79,79,122,122,122,118,118,118,118,119,119,119,119,131,131,131,48,48,63,63,63,124,124,124,124,111,111,111,111,43,43,43,112,112,110,110,130,130,130,99,99,99,105,105,90,90,80,115,115,88,88,58,58,68,68,68,100,100,84,84,58,58,67,67,70,70,70,133,133,133,163,163,163,92,92,61,61,64,64,40,40,83,83,83,116,116,116,124,124,124,82,82,49,49,22,22,25,25,25,77,77,77,87,87,87,87,85,85,85,85,66,66,66,40,40,40,62,62,62,147,147,147,125,125,125,148,148,148,152,152,152,124,124,124,97,97,97,28,28,28,196,196,196
111,17.7759999999999998,176,172,122,122,169,169,169,114,114,114,47,47,47,47,42,42,42,42,87,87,87,51,51,65,65,65,106,106,106,106,85,85,85,76,76,75,75,23,23,35,35,35,60,60,60,60,76,76,76,50,50,64,64,13,13,58,58,36,36,36,74,74,74,74,69,69,-17,-17,60,60,-34,-34,-6,-6,-6,-2,-2,66,66,58,58,64,64,36,36,36,48,48,48,19,19,19,11,11,-28,-22,-22,-58,-58,-109,-109,-84,-84,-9,-9,-8,-8,57,57,34,34,51,51,38,38,38,38,51,51,66,66,118,118,118,93,93,93,57,57,57,54,54,88,88,102,102,102,15,15,15,44,44,44,45,45,45,72,72,72,76,76,93,93,93,152,152,152,152,129,129,129,129,74,74,74,59,59,96,96,82,82,37,37,37,72,72,72,72,89,89,89,89,61,61,61,104,104,92,92,66,66,66,70,70,70,70,93,93,93,107,107,107,54,54,58,58,58,76,76,76,76,102,102,102,102,85,85,85,85,71,71,43,43,34,34,21,21,21,56,56,56,49,49,49,120,120,120,96,96,36,36,36,91,91,91,91,88,88,88,88,34,34,34,34,90,90,90,116,116,180,180,180,97,97,97,103,103,103,103,73,73,73,73,93,93,114,114,313,313,313,173,173,173,173,73,73,73,64,64,64,156,156,129,129,124,124,124,82,82,82,133,133,133,133,92,92,92,92,106,106,66,66,78,78,78,46,46,46,46,135,135,135,135,135,95,95,95,95,92,92,94,94,30,30,30,64,64,64,64,80,80,80,80,62,62,62,30,30,30,47,47,43,43,43,41,41,41,57,57,57,57,26,26,26,26,65,65,65,71,71,92,92,44,44,77,77,77,135,135,135,135,82,82,62,62,4,4,79,79,79,106,106,106,106,133,133,133,133,181,181,181,150,150,159,159,124,124,103,103,103,97,97,97,91,91,91,14,14,-11,-11,43,43,43,49,49,49,52,52,52,52,72,72,72,72,77,77,77,52,52,16,16,16,66,66,66,66,62,62,62,62,25,25,25,43,43,52,52,62,62,62,52,52,52,77,77,45,45,10,95,95,29,29,33,33,48,48,48,70,70,75,75,24,24,25,25,38,38,38,63,63,63,89,89,89,69,69,1,1,-14,-14,-29,-29,-3,-3,-3,41,41,41,32,32,32,28,28,2,2,-26,-26,-41,-41,-41,27,27,27,48,48,48,48,4,4,4,4,3,3,3,11,11,11,29,29,29,67,67,67,75,75,75,110,110,110,120,120,120,55,55,55,47,47,47,-24,-24,-24,85,85,85
112,17.97599999999999909,122,107,98,98,82,82,82,79,79,79,15,15,15,15,49,49,49,49,32,32,32,33,33,5,5,5,57,57,57,57,82,82,82,43,43,61,61,0,0,-16,-16,-16,31,31,31,31,26,26,26,8,8,33,33,10,10,22,22,45,45,45,-36,-36,-36,-36,46,46,14,14,-10,-10,-32,-32,31,31,31,-31,-31,66,66,22,22,33,33,17,17,17,15,15,15,-2,-2,-2,-8,-8,-1,-46,-46,-117,-117,-157,-157,-166,-166,-68,-68,-22,-22,-46,-46,19,19,15,15,-2,-2,-8,-8,0,0,43,43,24,24,24,3,3,3,21,21,21,27,27,65,65,35,35,35,-6,-6,-6,-6,-6,-6,-16,-16,-16,19,19,19,72,72,80,80,80,63,63,63,63,41,41,41,41,-4,-4,-4,-21,-21,42,42,8,8,-16,-16,-16,0,0,0,0,45,45,45,45,61,61,61,61,61,8,8,4,4,4,-5,-5,-5,-5,66,66,66,72,72,72,20,20,5,5,5,15,15,15,15,20,20,20,20,16,16,16,16,16,16,23,23,-6,-6,-12,-12,-12,10,10,10,28,28,28,76,76,76,51,51,-15,-15,-15,10,10,10,10,27,27,27,27,-11,-11,-11,-11,36,36,36,51,51,98,98,98,30,30,30,38,38,38,38,-6,-6,-6,-6,89,89,120,120,217,217,217,132,132,132,132,14,14,14,-21,-21,-21,94,94,46,46,73,73,73,16,16,16,28,28,28,28,-14,-14,-14,-14,62,62,-49,-49,-12,-12,-12,-24,-24,-24,-24,63,63,63,63,63,57,57,57,57,29,29,15,15,39,39,39,-18,-18,-18,-18,-31,-31,-31,-31,-16,-16,-16,-6,-6,-6,-12,-12,25,25,25,-49,-49,-49,-8,-8,-8,-8,-48,-48,-48,-48,-15,-15,-15,23,23,27,27,-12,-12,31,31,31,56,56,56,56,52,52,2,2,-36,-36,18,18,18,65,65,65,65,40,40,40,40,74,74,74,78,78,106,106,63,63,35,35,35,15,15,15,13,13,13,8,8,-40,-40,17,17,17,-2,-2,-2,9,9,9,9,3,3,3,3,5,5,5,43,43,-23,-23,-23,-32,-32,-32,-32,26,26,26,26,13,13,13,-10,-10,2,2,-11,-11,-11,13,13,13,-10,-10,-43,-43,-17,15,15,-24,-24,19,19,21,21,21,18,18,15,15,5,5,-30,-30,-18,-18,-18,-50,-50,-50,-6,-6,-6,11,11,-27,-27,-53,-53,-91,-91,-87,-87,-87,-36,-36,-36,-40,-40,-40,-21,-21,-41,-41,-53,-53,-83,-83,-83,-58,-58,-58,-30,-30,-30,-30,-50,-50,-50,-50,-89,-89,-89,-43,-43,-43,-33,-33,-33,-7,-7,-7,3,3,3,-1,-1,-1,46,46,46,-54,-54,-54,-45,-45,-45,-88,-88,-88,-37,-37,-37
113,18.17599999999999838,9,-14,1,1,66,66,66,32,32,32,-62,-62,-62,-62,-21,-21,-21,-21,23,23,23,12,12,-46,-46,-46,24,24,24,24,8,8,8,48,48,30,30,1,1,-33,-33,-33,-18,-18,-18,-18,-22,-22,-22,-63,-63,-5,-5,-18,-18,-12,-12,-41,-41,-41,-52,-52,-52,-52,-6,-6,-8,-8,-32,-32,-70,-70,-66,-66,-66,-74,-74,15,15,-43,-43,18,18,-16,-16,-16,-10,-10,-10,-43,-43,-43,-14,-14,-26,-49,-49,-109,-109,-163,-163,-113,-113,-104,-104,-68,-68,-53,-53,-38,-38,-75,-75,-28,-28,-45,-45,-60,-60,3,3,24,24,24,-11,-11,-11,-51,-51,-51,7,7,-36,-36,-19,-19,-19,-54,-54,-54,-56,-56,-56,-87,-87,-87,-25,-25,-25,11,11,-7,-7,-7,-29,-29,-29,-29,-41,-41,-41,-41,-58,-58,-58,-73,-73,-23,-23,-70,-70,-63,-63,-63,-28,-28,-28,-28,-1,-1,-1,-1,-6,-6,-6,4,4,-17,-17,-77,-77,-77,-75,-75,-75,-75,8,8,8,27,27,27,-7,-7,-24,-24,-24,-18,-18,-18,-18,-32,-32,-32,-32,-2,-2,-2,-2,14,14,-5,-5,-21,-21,-46,-46,-46,-24,-24,-24,-67,-67,-67,-19,-19,-19,1,1,-42,-42,-42,-56,-56,-56,-56,-45,-45,-45,-45,-31,-31,-31,-31,-16,-16,-16,-2,-2,31,31,31,-10,-10,-10,-33,-33,-33,-33,-50,-50,-50,-50,72,72,80,80,149,149,149,61,61,61,61,-11,-11,-11,-48,-48,-48,25,25,-4,-4,37,37,37,-35,-35,-35,-14,-14,-14,-14,-108,-108,-108,-108,23,23,-83,-83,-50,-50,-50,-74,-74,-74,-74,1,1,1,1,1,6,6,6,6,3,3,-39,-39,-16,-16,-16,-60,-60,-60,-60,-76,-76,-76,-76,-25,-25,-25,-51,-51,-51,-48,-48,-15,-15,-15,-52,-52,-52,-19,-19,-19,-19,-42,-42,-42,-42,-51,-51,-51,-34,-34,-23,-23,-73,-73,-13,-13,-13,6,6,6,6,-5,-5,-12,-12,-70,-70,-65,-65,-65,-9,-9,-9,-9,-5,-5,-5,-5,11,11,11,63,63,20,20,16,16,25,25,25,-28,-28,-28,-42,-42,-42,-58,-58,-70,-70,-11,-11,-11,-33,-33,-33,-54,-54,-54,-54,-26,-26,-26,-26,-42,-42,-42,-23,-23,-96,-96,-96,-93,-93,-93,-93,-45,-45,-45,-45,-32,-32,-32,-42,-42,-23,-23,-24,-24,-24,-52,-52,-52,-57,-57,-50,-50,-52,-26,-26,-51,-51,-7,-7,-21,-21,-21,-18,-18,-41,-41,-9,-9,-41,-41,-52,-52,-52,-75,-75,-75,-67,-67,-67,-42,-42,-55,-55,-93,-93,-102,-102,-120,-120,-120,-101,-101,-101,-137,-137,-137,-82,-82,-71,-71,-59,-59,-95,-95,-95,-105,-105,-105,-46,-46,-46,-46,-81,-81,-81,-81,-107,-107,-107,-111,-111,-111,-49,-49,-49,-55,-55,-55,-66,-66,-66,-35,-35,-35,-29,-29,-29,-105,-105,-105,-107,-107,-107,-109,-109,-109,-102,-102,-102
114,18.37600000000000122,-99,-105,-54,-54,-30,-30,-30,-34,-34,-34,-106,-106,-106,-106,-38,-38,-38,-38,-9,-9,-9,-19,-19,-72,-72,-72,-46,-46,-46,-46,-11,-11,-11,12,12,-28,-28,-30,-30,-34,-34,-34,-62,-62,-62,-62,-76,-76,-76,-17,-17,-53,-53,-1,-1,9,9,-59,-59,-59,-57,-57,-57,-57,-52,-52,-41,-41,-72,-72,-72,-72,-61,-61,-61,-118,-118,-71,-71,-73,-73,-37,-37,-3,-3,-3,-87,-87,-87,-17,-17,-17,-57,-57,-23,-31,-31,-94,-94,-147,-147,-152,-152,-85,-85,-51,-51,-49,-49,-52,-52,-59,-59,-65,-65,-82,-82,-64,-64,-73,-73,-106,-106,-106,-57,-57,-57,-31,-31,-31,-44,-44,-119,-119,-56,-56,-56,-81,-81,-81,-80,-80,-80,-137,-137,-137,-80,-80,-80,-38,-38,-41,-41,-41,-90,-90,-90,-90,-81,-81,-81,-81,-100,-100,-100,-135,-135,-86,-86,-113,-113,-103,-103,-103,-72,-72,-72,-72,-8,-8,-8,-8,-55,-55,-55,-38,-38,-62,-62,-114,-114,-114,-101,-101,-101,-101,-49,-49,-49,-38,-38,-38,-46,-46,-86,-86,-86,-72,-72,-72,-72,-73,-73,-73,-73,-4,-4,-4,-4,-56,-56,-60,-60,-56,-56,-61,-61,-61,-87,-87,-87,-106,-106,-106,-13,-13,-13,-24,-24,-39,-39,-39,-78,-78,-78,-78,-61,-61,-61,-61,-48,-48,-48,-48,-61,-61,-61,-71,-71,-62,-62,-62,-64,-64,-64,-44,-44,-44,-44,-72,-72,-72,-72,42,42,56,56,84,84,84,31,31,31,31,-7,-7,-7,-99,-99,-99,-56,-56,-57,-57,11,11,11,-58,-58,-58,-38,-38,-38,-38,-85,-85,-85,-85,-25,-25,-75,-75,-86,-86,-86,-77,-77,-77,-77,-30,-30,-30,-30,-30,-37,-37,-37,-37,-69,-69,-27,-27,-40,-40,-40,-98,-98,-98,-98,-72,-72,-72,-72,-55,-55,-55,-67,-67,-67,-85,-85,-45,-45,-45,-71,-71,-71,-24,-24,-24,-24,-63,-63,-63,-63,-50,-50,-50,-44,-44,-59,-59,-60,-60,-32,-32,-32,-48,-48,-48,-48,-53,-53,-51,-51,-57,-57,-62,-62,-62,-67,-67,-67,-67,-36,-36,-36,-36,-12,-12,-12,5,5,-26,-26,-17,-17,-9,-9,-9,-59,-59,-59,-54,-54,-54,-42,-42,-53,-53,-44,-44,-44,-66,-66,-66,-103,-103,-103,-103,-93,-93,-93,-93,-45,-45,-45,-65,-65,-63,-63,-63,-100,-100,-100,-100,-62,-62,-62,-62,-44,-44,-44,-60,-60,-79,-79,-86,-86,-86,-74,-74,-74,-63,-63,-103,-103,-57,-75,-75,-73,-73,-31,-31,-35,-35,-35,-63,-63,-26,-26,-40,-40,-48,-48,-100,-100,-100,-138,-138,-138,-93,-93,-93,-75,-75,-46,-46,-85,-85,-117,-117,-126,-126,-126,-149,-149,-149,-152,-152,-152,-98,-98,-64,-64,-60,-60,-112,-112,-112,-122,-122,-122,-69,-69,-69,-69,-99,-99,-99,-99,-120,-120,-120,-120,-120,-120,-73,-73,-73,-72,-72,-72,-106,-106,-106,-63,-63,-63,-64,-64,-64,-143,-143,-143,-132,-132,-132,-95,-95,-95,-140,-140,-140
115,18.57600000000000051,-146,-151,-114,-114,-160,-160,-160,-97,-97,-97,-91,-91,-91,-91,-83,-83,-83,-83,-46,-46,-46,-38,-38,-92,-92,-92,-43,-43,-43,-43,13,13,13,0,0,-76,-76,-30,-30,-73,-73,-73,-91,-91,-91,-91,-74,-74,-74,-77,-77,-54,-54,-50,-50,-11,-11,-19,-19,-19,-133,-133,-133,-133,-69,-69,-22,-22,-96,-96,-47,-47,-64,-64,-64,-74,-74,-51,-51,-78,-78,-53,-53,-57,-57,-57,-100,-100,-100,6,6,6,11,11,28,-40,-40,-50,-50,-93,-93,-88,-88,-69,-69,-21,-21,-43,-43,-59,-59,-36,-36,-88,-88,-103,-103,-67,-67,-72,-72,-118,-118,-118,-87,-87,-87,-105,-105,-105,-58,-58,-121,-121,-103,-103,-103,-84,-84,-84,-109,-109,-109,-143,-143,-143,-116,-116,-116,-82,-82,-125,-125,-125,-125,-125,-125,-125,-117,-117,-117,-117,-116,-116,-116,-93,-93,-99,-99,-92,-92,-84,-84,-84,-103,-103,-103,-103,-61,-61,-61,-61,-38,-38,-38,-75,-75,-77,-77,-133,-133,-133,-113,-113,-113,-113,-90,-90,-90,-73,-73,-73,-55,-55,-88,-88,-88,-62,-62,-62,-62,-70,-70,-70,-70,2,2,2,2,-58,-58,-45,-45,-34,-34,-78,-78,-78,-101,-101,-101,-117,-117,-117,-59,-59,-59,-27,-27,-43,-43,-43,-78,-78,-78,-78,-83,-83,-83,-83,-39,-39,-39,-39,-69,-69,-69,-76,-76,-121,-121,-121,-97,-97,-97,-70,-70,-70,-70,-54,-54,-54,-54,24,24,-10,-10,42,42,42,-7,-7,-7,-7,-54,-54,-54,-128,-128,-128,-149,-149,-92,-92,-5,-5,-5,-43,-43,-43,-37,-37,-37,-37,-81,-81,-81,-81,-35,-35,-19,-19,-15,-15,-15,-82,-82,-82,-82,-55,-55,-55,-55,-55,-46,-46,-46,-46,-86,-86,-44,-44,-37,-37,-37,-82,-82,-82,-82,-39,-39,-39,-39,-14,-14,-14,-57,-57,-57,-66,-66,-17,-17,-17,-46,-46,-46,-19,-19,-19,-19,-38,-38,-38,-38,-52,-52,-52,-91,-91,-39,-39,-59,-59,-34,-34,-34,-103,-103,-103,-103,-76,-76,-75,-75,-29,-29,-93,-93,-93,-95,-95,-95,-95,-94,-94,-94,-94,-43,-43,-43,-15,-15,-30,-30,-74,-74,8,8,8,-31,-31,-31,-59,-59,-59,-29,-29,-55,-55,-9,-9,-9,-29,-29,-29,-89,-89,-89,-89,-126,-126,-126,-126,-46,-46,-46,-61,-61,-17,-17,-17,-76,-76,-76,-76,-60,-60,-60,-60,-21,-21,-21,-55,-55,-46,-46,-84,-84,-84,-61,-61,-61,-90,-90,-83,-83,-59,-71,-71,-66,-66,-29,-29,-57,-57,-57,-38,-38,-42,-42,-28,-28,-28,-28,-54,-54,-54,-43,-43,-43,-115,-115,-115,-93,-93,-60,-60,-79,-79,-73,-73,-137,-137,-137,-133,-133,-133,-164,-164,-164,-83,-83,-66,-66,-37,-37,-92,-92,-92,-97,-97,-97,-64,-64,-64,-64,-96,-96,-96,-96,-95,-95,-95,-112,-112,-112,-46,-46,-46,-81,-81,-81,-83,-83,-83,-56,-56,-56,-59,-59,-59,-112,-112,-112,-65,-65,-65,-26,-26,-26,-152,-152,-152
116,18.7759999999999998,-181,-118,-112,-112,-125,-125,-125,-75,-75,-75,-68,-68,-68,-68,-56,-56,-56,-56,-16,-16,-16,-47,-47,-58,-58,-58,-83,-83,-83,-83,-66,-66,-66,25,25,-45,-45,-14,-14,-25,-25,-25,-86,-86,-86,-86,-96,-96,-96,-83,-83,39,39,-17,-17,34,34,-20,-20,-20,-91,-91,-91,-91,-55,-55,-23,-23,-69,-69,-49,-49,-40,-40,-40,-4,-4,-66,-66,-63,-63,-56,-56,-7,-7,-7,3,3,3,1,1,1,31,31,85,43,43,-5,-5,-37,-37,-104,-104,-29,-29,-51,-51,-45,-45,-29,-29,-18,-18,-29,-29,-47,-47,-56,-56,-40,-40,-90,-90,-90,-117,-117,-117,-71,-71,-71,-76,-76,-77,-77,-95,-95,-95,-88,-88,-88,-69,-69,-69,-95,-95,-95,-108,-108,-108,-89,-89,-135,-135,-135,-79,-79,-79,-79,-133,-133,-133,-133,-101,-101,-101,-66,-66,-78,-78,-28,-28,-26,-26,-26,-93,-93,-93,-93,-45,-45,-45,-45,-55,-55,-55,-15,-15,-7,-7,-109,-109,-109,-115,-115,-115,-115,-35,-35,-35,-58,-58,-58,-10,-10,-23,-23,-23,-39,-39,-39,-39,-60,-60,-60,-60,22,22,22,22,-48,-48,-51,-51,14,14,-58,-58,-58,-74,-74,-74,-102,-102,-102,-32,-32,-32,5,5,-60,-60,-60,-66,-66,-66,-66,-84,-84,-84,-84,-37,-37,-37,-37,-82,-82,-82,19,19,-121,-121,-121,-138,-138,-138,-108,-108,-108,-108,-53,-53,-53,-53,12,12,-21,-21,-35,-35,-35,-47,-47,-47,-47,-53,-53,-53,-164,-164,-164,-217,-217,-114,-114,-55,-55,-55,-7,-7,-7,-21,-21,-21,-21,-104,-104,-104,-104,-56,-56,46,46,68,68,68,5,5,5,5,-80,-80,-80,-80,-80,-81,-81,-81,-81,-81,-81,-52,-52,-53,-53,-53,-37,-37,-37,-37,-43,-43,-43,-43,6,6,6,9,9,9,-20,-20,9,9,9,0,0,0,31,31,31,31,9,9,9,9,-15,-15,-15,-27,-27,-9,-9,20,20,20,20,20,-120,-120,-120,-120,-88,-88,-38,-38,-5,-5,-105,-105,-105,-110,-110,-110,-110,-108,-108,-108,-108,-54,-54,-54,-68,-68,-27,-27,-24,-24,41,41,41,-37,-37,-37,-57,-57,-57,-14,-14,-47,-47,-13,-13,-13,-7,-7,-7,-92,-92,-92,-92,-55,-55,-55,-55,-27,-27,-27,-29,-29,19,19,19,-12,-12,-12,-12,-39,-39,-39,-39,-23,-23,-23,-30,-30,-32,-32,-61,-61,-61,-64,-64,-64,-77,-77,-81,-81,-58,-8,-8,-33,-33,-12,-12,-58,-58,-58,-36,-36,-17,-17,2,2,-25,-25,-15,-15,-15,-13,-13,-13,-65,-65,-65,-65,-65,-37,-37,-29,-29,-48,-48,-71,-71,-71,-81,-81,-81,-130,-130,-130,-86,-86,-58,-58,-29,-29,-48,-48,-48,-47,-47,-47,-77,-77,-77,-77,-83,-83,-83,-83,-75,-75,-75,-53,-53,-53,-7,-7,-7,-38,-38,-38,-55,-55,-55,-30,-30,-30,-29,-29,-29,-96,-96,-96,1,1,1,28,28,28,-131,-131,-131
117,18.97599999999999909,-167,-73,-60,-60,-121,-121,-121,-44,-44,-44,-44,-44,-44,-44,-33,-33,-33,-33,-7,-7,-7,-27,-27,-2,-2,-2,-42,-42,-42,-42,-16,-16,-16,11,11,-16,-16,24,24,32,32,32,-12,-12,-12,-12,-23,-23,-23,8,8,-40,-40,46,46,18,18,2,2,2,-57,-57,-57,-57,-7,-7,5,5,-19,-19,3,3,-20,-20,-20,-6,-6,-30,-30,-43,-43,7,7,-4,-4,-4,28,28,28,20,20,20,113,113,117,42,42,35,35,42,42,-30,-30,-2,-2,59,59,-30,-30,-19,-19,-25,-25,-2,-2,-28,-28,3,3,-10,-10,-19,-19,-19,-16,-16,-16,-53,-53,-53,11,11,-55,-55,-61,-61,-61,-3,-3,-3,-13,-13,-13,-38,-38,-38,-49,-49,-49,-18,-18,-63,-63,-63,-46,-46,-46,-46,-97,-97,-97,-97,-35,-35,-35,-1,-1,-4,-4,20,20,10,10,10,-48,-48,-48,-48,-54,-54,-54,-54,5,5,5,29,29,5,5,-41,-41,-41,-91,-91,-91,-91,-48,-48,-48,-33,-33,-33,56,56,27,27,27,6,6,6,6,-20,-20,-20,-20,20,20,20,20,-4,-4,17,17,31,31,5,5,5,-11,-11,-11,-61,-61,-61,3,3,3,31,31,-4,-4,-4,-36,-36,-36,-36,-52,-52,-52,-52,-40,-40,-40,-40,0,0,0,61,61,-51,-51,-51,-163,-163,-163,-104,-104,-104,-104,-19,-19,-19,-19,3,3,-36,-36,-32,-32,-32,-51,-51,-51,-51,-71,-71,-71,-181,-181,-181,-243,-243,-103,-103,-40,-40,-40,10,10,10,4,4,4,4,-50,-50,-50,-50,1,1,21,21,129,129,129,56,56,56,56,-59,-59,-59,-59,-59,-63,-63,-63,-63,-59,-59,-43,-43,-23,-23,-23,2,2,2,2,-35,-35,-35,-35,16,16,16,44,44,44,16,16,35,35,35,17,17,17,40,40,40,40,21,21,21,21,-3,-3,-3,21,21,25,25,45,45,43,43,43,-94,-94,-94,-94,-73,-73,-36,-36,28,28,-61,-61,-61,-112,-112,-112,-112,-84,-84,-84,-84,-36,-36,-36,38,38,22,22,-5,-5,42,42,42,18,18,18,-22,-22,-22,7,7,-5,-5,-18,-18,-18,17,17,17,-52,-52,-52,-52,-13,-13,-13,-13,-18,-18,-18,15,15,76,76,76,38,38,38,38,-21,-21,-21,-21,7,7,7,0,0,-68,-68,-60,-60,-60,-74,-74,-74,-87,-87,-78,-78,-37,-12,-12,-11,-11,41,41,-49,-49,-49,6,6,8,8,13,13,39,39,20,20,20,23,23,23,-32,-32,-32,-31,-31,-6,-6,1,1,36,36,-11,-11,-11,-34,-34,-34,-86,-86,-86,-43,-43,-23,-23,-1,-1,-29,-29,-29,-49,-49,-49,-48,-48,-48,-48,-40,-40,-40,-40,-46,-46,-46,-28,-28,-28,17,17,17,-11,-11,-11,-7,-7,-7,0,0,0,-23,-23,-23,-63,-63,-63,68,68,68,40,40,40,-116,-116,-116
118,19.17599999999999838,-110,-11,-6,-6,-18,-18,-18,32,32,32,78,78,78,78,52,52,52,52,29,29,29,107,107,64,64,64,36,36,36,36,0,0,0,70,70,12,12,110,110,66,66,66,5,5,5,5,24,24,24,58,58,130,130,107,107,68,68,58,58,58,-18,-18,-18,-18,9,9,42,42,39,39,70,70,60,60,60,2,2,-33,-33,10,10,73,73,59,59,59,102,102,102,84,84,84,122,122,173,132,132,125,125,100,100,53,53,57,57,69,69,-6,-6,11,11,45,45,42,42,66,66,84,84,31,31,37,37,37,-4,-4,-4,41,41,41,60,60,37,37,-9,-9,-9,52,52,52,32,32,32,0,0,0,31,31,31,60,60,27,27,27,3,3,3,3,-23,-23,-23,-23,63,63,63,49,49,83,83,94,94,96,96,96,15,15,15,15,11,11,11,11,38,38,38,99,99,144,144,47,47,47,-4,-4,-4,-4,31,31,31,50,50,50,118,118,96,96,96,56,56,56,56,88,88,88,88,40,40,40,40,54,54,56,56,79,79,59,59,59,25,25,25,29,29,29,30,30,30,37,37,64,64,64,35,35,35,35,-17,-17,-17,-17,-19,-19,-19,-19,37,37,37,101,101,16,16,16,-89,-89,-89,-80,-80,-80,-80,-2,-2,-2,-2,35,35,17,17,10,10,10,-10,-10,-10,-10,-46,-46,-46,-123,-123,-123,-208,-208,-71,-71,-34,-34,-34,55,55,55,51,51,51,51,-11,-11,-11,-11,-44,-44,62,62,80,80,80,97,97,97,97,-7,-7,-7,-7,-7,-43,-43,-43,-43,-22,-22,-12,-12,12,12,12,56,56,56,56,13,13,13,13,39,39,39,73,73,73,68,68,41,41,41,33,33,33,71,71,71,71,65,65,65,65,36,36,36,75,75,72,72,103,103,74,74,74,-51,-51,-51,-51,-30,-30,18,18,63,63,-20,-20,-20,-69,-69,-69,-69,-36,-36,-36,-36,27,27,27,57,57,87,87,66,66,69,69,69,26,26,26,21,21,21,18,18,19,19,-1,-1,-1,43,43,43,-8,-8,-8,-8,23,23,23,23,31,31,31,67,67,121,121,121,63,63,63,63,-10,-10,-10,-10,26,26,26,27,27,-26,-26,-29,-29,-29,-40,-40,-40,-53,-53,-33,-33,-12,21,21,31,31,79,79,-2,-2,-2,-6,-6,19,19,69,69,92,92,65,65,65,45,45,45,9,9,9,-2,-2,59,59,48,48,63,63,29,29,29,25,25,25,-39,-39,-39,-7,-7,11,11,23,23,29,29,29,-7,-7,-7,-14,-14,-14,-14,-4,-4,-4,-4,-4,-4,-4,49,49,49,68,68,68,14,14,14,43,43,43,32,32,32,-47,-47,-47,-44,-44,-44,86,86,86,67,67,67,-62,-62,-62
119,19.37600000000000122,-48,53,98,98,127,127,127,74,74,74,145,145,145,145,95,95,95,95,97,97,97,158,158,151,151,151,124,124,124,124,95,95,95,126,126,151,151,171,171,142,142,142,75,75,75,75,47,47,47,123,123,161,161,166,166,147,147,86,86,86,93,93,93,93,95,95,63,63,91,91,104,104,125,125,125,66,66,36,36,75,75,105,105,156,156,156,136,136,136,144,144,144,174,174,181,201,201,238,238,196,196,131,131,63,63,86,86,55,55,90,90,87,87,108,108,123,123,138,138,136,136,112,112,112,68,68,68,98,98,98,130,130,141,141,51,51,51,136,136,136,131,131,131,108,108,108,95,95,95,90,90,119,119,119,58,58,58,58,121,121,121,121,136,136,136,135,135,162,162,149,149,135,135,135,99,99,99,99,47,47,47,47,121,121,121,157,157,176,176,160,160,160,53,53,53,53,69,69,69,114,114,114,185,185,151,151,151,112,112,112,112,114,114,114,114,111,111,111,111,131,131,114,114,104,104,115,115,115,63,63,63,117,117,117,98,98,98,123,123,115,115,115,100,100,100,100,26,26,26,26,52,52,52,52,130,130,130,179,179,113,113,113,51,51,51,30,30,30,30,61,61,61,61,114,114,89,89,79,79,79,42,42,42,42,77,77,77,2,2,2,-110,-110,-4,-4,68,68,68,135,135,135,95,95,95,95,61,61,61,61,110,110,64,64,92,92,92,147,147,147,147,71,71,71,71,71,36,36,36,36,51,51,55,55,53,53,53,137,137,137,137,76,76,76,76,56,56,56,116,116,116,136,136,57,57,57,96,96,96,91,91,91,91,101,101,101,101,97,97,97,139,139,132,132,116,116,134,134,134,53,53,53,53,72,72,101,101,165,165,92,92,92,10,10,10,10,59,59,59,59,130,130,130,163,163,143,143,119,119,115,115,115,90,90,90,83,83,83,118,118,120,120,67,67,67,88,88,88,47,47,47,47,54,54,54,54,83,83,83,124,124,149,149,149,98,98,98,98,63,63,63,63,57,57,57,37,37,45,45,37,37,37,7,7,7,31,31,47,47,54,93,93,115,115,134,134,70,70,70,103,103,86,86,89,89,135,135,143,143,143,92,92,92,51,51,51,50,50,117,117,102,102,130,130,87,87,87,74,74,74,59,59,59,56,56,83,83,98,98,63,63,63,34,34,34,62,62,62,62,68,68,68,68,62,62,62,114,114,114,118,118,118,81,81,81,76,76,76,62,62,62,-48,-48,-48,-14,-14,-14,122,122,122,135,135,135,13,13,13
120,19.57600000000000051,48,119,146,146,164,164,164,162,162,162,187,187,187,187,190,190,190,190,160,160,160,173,173,178,178,178,157,157,157,157,162,162,162,133,133,186,186,132,132,179,179,179,118,118,118,118,166,166,166,187,187,127,127,175,175,150,150,118,118,118,156,156,156,156,130,130,144,144,159,159,164,164,150,150,150,180,180,135,135,148,148,176,176,160,160,160,171,171,171,148,148,148,181,181,176,239,239,284,284,264,264,189,189,109,109,130,130,112,112,124,124,146,146,178,178,174,174,173,173,167,167,188,188,188,171,171,171,183,183,183,197,197,196,196,153,153,153,186,186,186,147,147,147,203,203,203,181,181,181,145,145,135,135,135,132,132,132,132,178,178,178,178,169,169,169,229,229,169,169,164,164,184,184,184,164,164,164,164,80,80,80,80,138,138,138,165,165,173,173,213,213,213,156,156,156,156,132,132,132,126,126,126,178,178,198,198,198,113,113,113,113,156,156,156,156,163,163,163,163,181,181,164,164,147,147,181,181,181,166,166,166,203,203,203,133,133,133,160,160,196,196,196,155,155,155,155,128,128,128,128,148,148,148,148,183,183,183,156,156,167,167,167,185,185,185,143,143,143,143,167,167,167,167,184,184,189,189,176,176,176,163,163,163,163,163,163,163,115,115,115,23,23,101,101,148,148,148,225,225,225,201,201,201,201,131,131,131,131,120,120,130,130,141,141,141,193,193,193,193,155,155,155,155,155,118,118,118,118,127,127,142,142,133,133,133,193,193,193,193,175,175,175,175,119,119,119,133,133,133,170,170,113,113,113,151,151,151,118,118,118,118,168,168,168,168,178,178,178,194,194,183,183,178,178,177,177,177,163,163,163,163,157,157,197,197,217,217,182,182,182,119,119,119,119,129,129,129,129,250,250,250,239,239,200,200,179,179,207,207,207,174,174,174,180,180,180,180,180,205,205,173,173,173,142,142,142,124,124,124,124,129,129,129,129,148,148,148,181,181,177,177,177,154,154,154,154,119,119,119,119,117,117,117,131,131,114,114,66,66,66,70,70,70,114,114,126,126,124,166,166,186,186,206,206,141,141,141,149,149,174,174,156,156,151,151,185,185,185,157,157,157,127,127,127,139,139,180,180,131,131,173,173,167,167,167,165,165,165,144,144,144,133,133,155,155,138,138,148,148,148,120,120,120,123,123,123,123,107,107,107,107,124,124,124,191,191,191,184,184,184,163,163,163,164,164,164,82,82,82,32,32,32,95,95,95,196,196,196,180,180,180,138,138,138
121,19.7759999999999998,188,120,127,127,158,158,158,180,180,180,227,227,227,227,177,177,177,177,190,190,190,171,171,163,163,163,216,216,216,216,137,137,137,161,161,190,190,113,113,171,171,171,117,117,117,117,120,120,120,125,125,155,155,224,224,209,209,158,158,158,147,147,147,147,157,157,143,143,152,152,180,180,181,181,181,132,132,133,133,208,208,134,134,179,179,179,208,208,208,146,146,146,157,157,150,242,242,286,286,249,249,227,227,130,130,133,133,128,128,89,89,170,170,194,194,154,154,184,184,219,219,210,210,210,220,220,220,193,193,193,215,215,206,206,212,212,212,215,215,215,200,200,200,225,225,225,195,195,195,129,129,136,136,136,164,164,164,164,192,192,192,192,218,218,218,266,266,204,204,158,158,179,179,179,192,192,192,192,130,130,130,130,135,135,135,143,143,175,175,244,244,244,227,227,227,227,175,175,175,141,141,141,159,159,168,168,168,136,136,136,136,210,210,210,210,218,218,218,218,214,214,265,265,194,194,201,201,201,207,207,207,253,253,253,160,160,160,185,185,207,207,207,203,203,203,203,221,221,221,221,191,191,191,191,240,240,240,181,181,190,190,190,235,235,235,181,181,181,181,212,212,212,212,214,214,197,197,209,209,209,209,209,209,209,252,252,252,248,248,248,110,110,139,139,211,211,211,293,293,293,245,245,245,245,247,247,247,247,212,212,146,146,148,148,148,198,198,198,198,181,181,181,181,181,146,146,146,146,215,215,177,177,173,173,173,245,245,245,245,231,231,231,231,147,147,147,141,141,141,226,226,162,162,162,213,213,213,175,175,175,175,210,210,210,210,203,203,203,213,213,205,205,226,226,259,259,259,226,226,226,226,242,242,261,261,229,229,192,192,192,192,192,192,192,204,204,204,204,279,279,279,301,301,272,272,241,241,227,227,227,193,193,193,219,219,219,228,228,260,260,219,219,219,170,170,170,178,178,178,178,170,170,170,170,215,215,215,206,206,196,196,196,178,178,178,178,189,189,189,189,153,153,153,169,169,156,156,142,142,142,134,134,134,158,158,220,220,210,194,194,232,232,237,237,219,219,219,205,205,222,222,202,202,200,200,209,209,209,213,213,213,198,198,198,189,189,191,191,202,202,207,207,194,194,194,197,197,197,220,220,220,203,203,217,217,193,193,185,185,185,160,160,160,187,187,187,187,180,180,180,180,204,204,204,223,223,223,189,189,189,196,196,196,192,192,192,159,159,159,108,108,108,188,188,188,239,239,239,249,249,249,240,240,240
122,19.97599999999999909,223,139,156,156,141,141,141,123,123,123,174,174,174,174,161,161,161,161,162,162,162,102,102,142,142,142,152,152,152,152,149,149,149,132,132,139,139,70,70,147,147,147,129,129,129,129,180,180,180,131,131,156,156,129,129,125,125,122,122,122,206,206,206,206,183,183,167,167,170,170,192,192,162,162,162,114,114,163,163,196,196,104,104,141,141,141,164,164,164,162,162,162,115,115,95,179,179,237,237,248,248,218,218,165,165,113,113,133,133,156,156,190,190,201,201,188,188,189,189,144,144,199,199,199,215,215,215,226,226,226,231,231,190,190,178,178,178,207,207,207,199,199,199,212,212,212,155,155,155,94,94,86,86,86,120,120,120,120,229,229,229,229,212,212,212,230,230,156,156,120,120,168,168,168,163,163,163,163,143,143,143,143,164,164,164,133,133,123,123,242,242,242,231,231,231,231,175,175,175,137,137,137,116,116,146,146,146,150,150,150,150,207,207,207,207,188,188,188,188,247,247,269,269,190,190,232,232,232,256,256,256,290,290,290,153,153,153,130,130,207,207,207,180,180,180,180,237,237,237,237,245,245,245,245,273,273,273,209,209,205,205,205,281,281,281,216,216,216,216,222,222,222,222,237,237,188,188,208,208,208,250,250,250,250,265,265,265,308,308,308,167,167,189,189,238,238,238,327,327,327,277,277,277,277,285,285,285,285,237,237,142,142,147,147,147,220,220,220,220,226,226,226,226,226,175,175,175,175,198,198,215,215,228,228,228,286,286,286,286,302,302,302,302,164,164,164,135,135,135,225,225,176,176,176,196,196,196,211,211,211,211,224,224,224,224,248,248,248,248,248,228,228,232,232,253,253,253,302,302,302,302,257,257,250,250,239,239,231,231,231,225,225,225,225,238,238,238,238,308,308,308,328,328,295,295,240,240,202,202,202,226,226,226,247,247,247,219,219,236,236,227,227,227,180,180,180,213,213,213,213,190,190,190,190,198,198,198,194,194,194,194,194,210,210,210,210,215,215,215,215,204,204,204,199,199,192,192,179,179,179,174,174,174,208,208,274,274,250,229,229,260,260,256,256,271,271,271,244,244,215,215,246,246,192,192,180,180,180,219,219,219,217,217,217,221,221,196,196,194,194,207,207,218,218,218,220,220,220,265,265,265,222,222,221,221,202,202,192,192,192,164,164,164,172,172,172,172,188,188,188,188,229,229,229,244,244,244,213,213,213,216,216,216,194,194,194,181,181,181,215,215,215,245,245,245,263,263,263,283,283,283,316,316,316
123,20.17600000000000193,292,123,116,116,132,132,132,99,99,99,128,128,128,128,173,173,173,173,77,77,77,19,19,92,92,92,148,148,148,148,107,107,107,94,94,99,99,39,39,113,113,113,131,131,131,131,112,112,112,95,95,108,108,122,122,98,98,116,116,116,194,194,194,194,156,156,157,157,105,105,183,183,146,146,146,113,113,150,150,180,180,118,118,133,133,133,171,171,171,152,152,152,74,74,47,103,103,166,166,123,123,131,131,146,146,59,59,104,104,114,114,148,148,123,123,168,168,115,115,111,111,161,161,161,174,174,174,170,170,170,149,149,169,169,137,137,137,141,141,141,179,179,179,165,165,165,131,131,131,56,56,98,98,98,113,113,113,113,196,196,196,196,181,181,181,177,177,96,96,111,111,129,129,129,160,160,160,160,150,150,150,150,136,136,136,93,93,58,58,222,222,222,222,222,222,222,152,152,152,128,128,128,86,86,72,72,72,98,98,98,98,203,203,203,203,218,218,218,218,225,225,248,248,155,155,195,195,195,230,230,230,238,238,238,115,115,115,111,111,172,172,172,190,190,190,190,246,246,246,246,264,264,264,264,256,256,256,235,235,165,165,165,218,218,218,236,236,236,236,204,204,204,204,189,189,158,158,113,113,113,201,201,201,201,239,239,239,307,307,307,199,199,162,162,196,196,196,293,293,293,292,292,292,292,307,307,307,307,244,244,151,151,100,100,100,201,201,201,201,242,242,242,242,242,194,194,194,194,192,192,185,185,174,174,174,290,290,290,290,306,306,306,306,182,182,182,113,113,113,191,191,180,180,180,173,173,173,170,170,170,170,210,210,210,210,248,248,248,238,238,197,197,209,209,246,246,246,267,267,267,267,235,235,194,194,150,150,186,186,186,248,248,248,248,232,232,232,232,279,279,279,312,312,258,258,243,243,169,169,169,202,202,202,215,215,215,200,200,204,204,198,198,198,144,144,144,176,176,176,176,196,196,196,196,189,189,189,152,152,128,128,128,191,191,191,191,193,193,193,193,204,204,204,176,176,173,173,187,187,187,213,213,213,248,248,268,268,269,229,229,220,220,231,231,286,286,286,230,230,232,232,210,210,164,164,157,157,157,179,179,179,191,191,191,190,190,140,140,145,145,163,163,186,186,186,201,201,201,242,242,242,180,180,170,170,150,150,181,181,181,167,167,167,157,157,157,157,198,198,198,198,221,221,221,256,256,256,160,160,160,164,164,164,197,197,197,220,220,220,234,234,234,245,245,245,244,244,244,294,294,294,365,365,365
124,20.37600000000000122,248,102,40,40,46,46,46,51,51,51,81,81,81,81,138,138,138,138,88,88,88,-36,-36,37,37,37,114,114,114,114,92,92,92,59,59,55,55,7,7,37,37,37,110,110,110,110,133,133,133,109,109,69,69,42,42,62,62,63,63,63,186,186,186,186,112,112,78,78,56,56,122,122,74,74,74,92,92,84,84,141,141,73,73,55,55,55,129,129,129,101,101,101,21,21,5,23,23,91,91,71,71,83,83,80,80,21,21,56,56,52,52,103,103,112,112,142,142,64,64,31,31,118,118,118,165,165,165,117,117,117,87,87,70,70,90,90,90,53,53,53,105,105,105,118,118,118,77,77,77,10,10,25,25,25,77,77,77,77,153,153,153,153,170,170,170,114,114,40,40,39,39,59,59,59,125,125,125,125,197,197,197,197,68,68,68,79,79,46,46,140,140,140,196,196,196,196,154,154,154,77,77,77,49,49,75,75,75,83,83,83,83,217,217,217,217,222,222,222,222,208,208,175,175,118,118,200,200,200,197,197,197,209,209,209,102,102,102,75,75,102,102,102,157,157,157,157,229,229,229,229,282,282,282,282,228,228,228,169,169,127,127,127,192,192,192,251,251,251,251,189,189,189,189,159,159,112,112,86,86,86,153,153,153,153,236,236,236,282,282,282,182,182,136,136,136,136,136,205,205,205,266,266,266,266,314,314,314,314,219,219,84,84,98,98,98,192,192,192,192,200,200,200,200,200,219,219,219,219,173,173,158,158,123,123,123,228,228,228,228,290,290,290,290,200,200,200,106,106,106,140,140,154,154,154,129,129,129,137,137,137,137,189,189,189,189,232,232,232,185,185,132,132,138,138,187,187,187,240,240,240,240,178,178,115,115,87,87,132,132,132,179,179,179,179,200,200,200,200,265,265,265,238,238,175,175,195,195,83,83,83,161,161,161,182,182,182,142,142,172,172,112,112,112,87,87,87,176,176,176,176,190,190,190,190,138,138,138,86,86,87,87,87,138,138,138,138,191,191,191,191,169,169,169,130,130,116,116,161,161,161,172,172,172,227,227,260,260,224,175,175,181,181,189,189,272,272,272,210,210,159,159,151,151,100,100,97,97,97,130,130,130,139,139,139,127,127,92,92,78,78,91,91,128,128,128,169,169,169,185,185,185,141,141,115,115,90,90,147,147,147,116,116,116,119,119,119,119,181,181,181,181,205,205,205,195,195,195,154,154,154,146,146,146,151,151,151,205,205,205,247,247,247,181,181,181,161,161,161,254,254,254,361,361,361
125,20.57600000000000051,254,93,5,5,-5,-5,-5,-37,-37,-37,20,20,20,20,87,87,87,87,88,88,88,-33,-33,34,34,34,6,6,6,6,41,41,41,40,40,39,39,-28,-28,49,49,49,102,102,102,102,98,98,98,77,77,39,39,53,53,19,19,93,93,93,139,139,139,139,98,98,83,83,40,40,60,60,51,51,51,60,60,77,77,95,95,20,20,43,43,43,34,34,34,70,70,70,-28,-28,-20,-57,-57,-5,-5,-17,-17,18,18,32,32,57,57,33,33,56,56,14,14,34,34,56,56,38,38,8,8,56,56,56,90,90,90,67,67,67,14,14,-4,-4,35,35,35,13,13,13,51,51,51,51,51,51,42,42,42,-41,-41,-18,-18,-18,48,48,48,48,90,90,90,90,129,129,129,33,33,-18,-18,-2,-2,37,37,37,83,83,83,83,133,133,133,133,44,44,44,0,0,0,0,70,70,70,115,115,115,115,103,103,103,70,70,70,13,13,25,25,25,111,111,111,111,209,209,209,209,183,183,183,183,159,159,97,97,66,66,127,127,127,116,116,116,118,118,118,74,74,74,68,68,79,79,79,134,134,134,134,168,168,168,168,247,247,247,247,179,179,179,103,103,44,44,44,167,167,167,208,208,208,208,150,150,150,150,145,145,96,96,31,31,31,138,138,138,138,209,209,209,249,249,249,148,148,97,97,86,86,86,182,182,182,212,212,212,212,238,238,238,238,165,165,97,97,29,29,29,98,98,98,98,185,185,185,185,185,175,175,175,175,144,144,95,95,36,36,36,149,149,149,149,240,240,240,240,192,192,192,121,121,121,119,119,98,98,98,84,84,84,109,109,109,109,178,178,178,178,189,189,189,134,134,92,92,100,100,107,107,107,186,186,186,186,136,136,85,85,29,29,109,109,109,135,135,135,135,177,177,177,177,192,192,192,187,187,133,133,110,110,75,75,75,101,101,101,105,105,105,84,84,62,62,32,32,32,48,48,48,120,120,120,120,126,126,126,126,92,92,92,24,24,65,65,65,88,88,88,88,142,142,142,142,114,114,114,71,71,69,69,129,129,129,148,148,148,175,175,218,218,181,153,153,170,170,137,137,206,206,206,154,154,109,109,96,96,80,80,56,56,56,64,64,64,79,79,79,77,77,41,41,30,30,59,59,67,67,67,107,107,107,148,148,148,87,87,82,82,40,40,91,91,91,97,97,97,127,127,127,127,146,146,146,146,160,160,160,158,158,158,77,77,77,70,70,70,129,129,129,180,180,180,204,204,204,129,129,129,113,113,113,210,210,210,319,319,319
126,20.7759999999999998,164,70,-13,-13,-11,-11,-11,-36,-36,-36,32,32,32,32,58,58,58,58,55,55,55,-61,-61,-66,-66,-66,35,35,35,35,9,9,9,-38,-38,-71,-71,-42,-42,11,11,11,31,31,31,31,43,43,43,40,40,12,12,-2,-2,-27,-27,41,41,41,60,60,60,60,-3,-3,35,35,-6,-6,13,13,1,1,1,65,65,49,49,32,32,-12,-12,25,25,25,-54,-54,-54,37,37,37,-3,-3,-64,-66,-66,-98,-98,-69,-69,-55,-55,-12,-12,-45,-45,18,18,9,9,5,5,35,35,33,33,8,8,12,12,-31,-31,-31,35,35,35,-10,-10,-10,-39,-39,-59,-59,-14,-14,-14,-27,-27,-27,3,3,3,-1,-1,-1,-33,-33,-33,-13,-13,-9,-9,-9,0,0,0,0,-1,-1,-1,-1,42,42,42,-31,-31,-28,-28,-31,-31,6,6,6,55,55,55,55,59,59,59,59,6,6,6,-6,-6,-13,-13,4,4,4,99,99,99,99,52,52,52,62,62,62,12,12,62,62,62,71,71,71,71,95,95,95,95,119,119,119,119,64,64,56,56,34,34,31,31,31,63,63,63,37,37,37,36,36,36,46,46,24,24,24,88,88,88,88,70,70,70,70,191,191,191,191,108,108,108,44,44,29,29,29,119,119,119,129,129,129,129,100,100,100,100,130,130,27,27,21,21,21,53,53,53,53,189,189,189,227,227,227,142,142,63,63,33,33,33,95,95,95,146,146,146,146,153,153,153,153,88,88,62,62,23,23,23,36,36,36,36,129,129,129,129,129,135,135,135,135,104,104,53,53,6,6,6,68,68,68,68,170,170,170,170,149,149,149,70,70,70,60,60,52,52,52,67,67,67,80,80,80,80,162,162,162,162,138,138,138,108,108,74,74,46,46,73,73,73,144,144,144,144,107,107,43,43,18,18,58,58,58,73,73,73,73,106,106,106,106,161,161,161,133,133,41,41,41,41,65,65,65,53,53,53,75,75,75,37,37,64,64,23,23,23,30,30,30,100,100,100,100,53,53,53,53,16,16,16,-5,-5,9,9,9,49,49,49,49,71,71,71,71,74,74,74,24,24,46,46,80,80,80,108,108,108,117,117,157,157,129,76,76,90,90,100,100,142,142,142,96,96,82,82,79,79,33,33,22,22,22,57,57,57,42,42,42,36,36,7,7,28,28,15,15,52,52,52,68,68,68,83,83,83,60,60,68,68,37,37,86,86,86,75,75,75,111,111,111,111,96,96,96,96,128,128,128,126,126,126,48,48,48,65,65,65,59,59,59,133,133,133,149,149,149,111,111,111,85,85,85,170,170,170,255,255,255
127,20.97599999999999909,122,42,-25,-25,-89,-89,-89,-57,-57,-57,-65,-65,-65,-65,40,40,40,40,-5,-5,-5,-36,-36,-78,-78,-78,-40,-40,-40,-40,-56,-56,-56,-19,-19,-79,-79,-35,-35,-46,-46,-46,1,1,1,1,16,16,16,0,0,-60,-60,-7,-7,-22,-22,-6,-6,-6,38,38,38,38,-30,-30,44,44,-22,-22,-44,-44,-13,-13,-13,-27,-27,-2,-2,-8,-8,-18,-18,-33,-33,-33,-49,-49,-49,-3,-3,-3,-40,-40,-48,-105,-105,-136,-136,-110,-110,-53,-53,-54,-54,-34,-34,28,28,-11,-11,-24,-24,-28,-28,-30,-30,-22,-22,-63,-63,-46,-46,-46,-21,-21,-21,-44,-44,-44,-49,-49,-87,-87,-39,-39,-39,-49,-49,-49,-30,-30,-30,-44,-44,-44,-21,-21,-21,13,13,1,1,1,-14,-14,-14,-14,-24,-24,-24,-24,-66,-66,-66,-51,-51,-19,-19,-33,-33,-11,-11,-11,-3,-3,-3,-3,-12,-12,-12,-12,-16,-16,-16,-44,-44,-19,-19,-40,-40,-40,41,41,41,41,-25,-25,-25,-7,-7,-7,-13,-13,11,11,11,22,22,22,22,47,47,47,47,59,59,59,59,25,25,18,18,7,7,8,8,8,-12,-12,-12,-27,-27,-27,-12,-12,-12,-18,-18,-15,-15,-15,13,13,13,13,37,37,37,37,106,106,106,106,38,38,38,-13,-13,19,19,19,79,79,79,78,78,78,78,100,100,100,100,130,130,39,39,-58,-58,-58,14,14,14,14,108,108,108,178,178,178,138,138,30,30,38,38,38,52,52,52,67,67,67,67,65,65,65,65,30,30,20,20,-29,-29,-29,-42,-42,-42,-42,6,6,6,6,6,57,57,57,57,61,61,22,22,36,36,36,-22,-22,-22,-22,102,102,102,102,65,65,65,87,87,87,65,65,37,37,37,40,40,40,30,30,30,30,94,94,94,94,110,110,110,66,66,38,38,69,69,63,63,63,98,98,98,98,84,84,44,44,2,2,24,24,24,18,18,18,18,85,85,85,85,111,111,111,98,98,15,15,12,12,29,29,29,15,15,15,32,32,32,20,20,22,22,-30,-30,-30,9,9,9,7,7,7,7,39,39,39,39,4,4,4,-32,-32,-25,-25,-25,-10,-10,-10,-10,12,12,12,12,18,18,18,-17,-17,-3,-3,55,55,55,59,59,59,47,47,96,96,79,33,33,61,61,51,51,85,85,85,42,42,48,48,34,34,3,3,-6,-6,-6,-11,-11,-11,-17,-17,-17,1,1,-7,-7,5,5,11,11,44,44,44,23,23,23,37,37,37,30,30,24,24,56,56,62,62,62,80,80,80,58,58,58,58,70,70,70,70,81,81,81,61,61,61,40,40,40,47,47,47,23,23,23,54,54,54,43,43,43,87,87,87,63,63,63,126,126,126,196,196,196
128,21.17600000000000193,46,10,-46,-46,-88,-88,-88,-77,-77,-77,-39,-39,-39,-39,-54,-54,-54,-54,-57,-57,-57,-50,-50,-149,-149,-149,-9,-9,-9,-9,14,14,14,-42,-42,-64,-64,-27,-27,-77,-77,-77,-12,-12,-12,-12,-46,-46,-46,9,9,-81,-81,-27,-27,-19,-19,-48,-48,-48,-13,-13,-13,-13,-48,-48,-13,-13,-23,-23,-46,-46,-1,-1,-1,-33,-33,1,1,-74,-74,5,5,-64,-64,-64,-89,-89,-89,-72,-72,-72,-58,-58,-55,-101,-101,-128,-128,-141,-141,-65,-65,-44,-44,-44,-44,-19,-19,-33,-33,-51,-51,-49,-49,-36,-36,-42,-42,-63,-63,-58,-58,-58,-55,-55,-55,-64,-64,-64,-36,-36,-65,-65,-46,-46,-46,-43,-43,-43,-93,-93,-93,-64,-64,-64,-48,-48,-48,12,12,-2,-2,-2,-25,-25,-25,-25,-95,-95,-95,-95,-112,-112,-112,-82,-82,-49,-49,-41,-41,-60,-60,-60,-35,-35,-35,-35,-33,-33,-33,-33,-48,-48,-48,-16,-16,-35,-35,-55,-55,-55,-22,-22,-22,-22,-86,-86,-86,-73,-73,-73,-48,-48,-43,-43,-43,-4,-4,-4,-4,15,15,15,15,23,23,23,23,-35,-35,-24,-24,-31,-31,-43,-43,-43,-32,-32,-32,-65,-65,-65,-45,-45,-45,-17,-17,-98,-98,-98,-58,-58,-58,-58,-56,-56,-56,-56,26,26,26,26,-26,-26,-26,-13,-13,11,11,11,25,25,25,-19,-19,-19,-19,30,30,30,30,72,72,-8,-8,-95,-95,-95,-47,-47,-47,-47,58,58,58,119,119,119,84,84,16,16,-3,-3,-3,7,7,7,-6,-6,-6,-6,-6,-6,-6,-6,-33,-33,-35,-35,-75,-75,-75,-95,-95,-95,-95,-56,-56,-56,-56,-56,5,5,5,5,65,65,6,6,28,28,28,-52,-52,-52,-52,18,18,18,18,13,13,13,22,22,22,25,25,-43,-43,-43,2,2,2,-9,-9,-9,-9,43,43,43,43,52,52,52,20,20,15,15,36,36,24,24,24,30,30,30,30,12,12,19,19,6,6,21,21,21,-26,-26,-26,-26,-12,-12,-12,-12,53,53,53,4,4,-35,-35,-60,-60,28,28,28,-39,-39,-39,-22,-22,-22,-29,-29,0,0,-39,-39,-39,-31,-31,-31,-24,-24,-24,-24,-15,-15,-15,-15,-47,-47,-47,-38,-38,-71,-71,-71,-34,-34,-34,-34,-35,-35,-35,-35,-41,-41,-41,-65,-65,-56,-56,18,18,18,12,12,12,-21,-21,18,18,10,-12,-12,22,22,16,16,20,20,20,-14,-14,-29,-29,-15,-15,-19,-19,-12,-12,-12,-52,-52,-52,-51,-51,-51,-56,-56,-40,-40,5,5,0,0,21,21,21,-16,-16,-16,-23,-23,-23,6,6,0,0,30,30,51,51,51,36,36,36,23,23,23,23,37,37,37,37,53,53,53,0,0,0,27,27,27,22,22,22,-39,-39,-39,-34,-34,-34,-23,-23,-23,43,43,43,52,52,52,67,67,67,113,113,113
129,21.37600000000000122,-72,-43,-72,-72,-92,-92,-92,-108,-108,-108,-102,-102,-102,-102,-119,-119,-119,-119,-186,-186,-186,-19,-19,-118,-118,-118,-95,-95,-95,-95,-25,-25,-25,-56,-56,-75,-75,-41,-41,-64,-64,-64,-47,-47,-47,-47,-85,-85,-85,-78,-78,-124,-124,-69,-69,-45,-45,-80,-80,-80,-94,-94,-94,-94,-59,-59,-61,-61,-90,-90,-106,-106,-58,-58,-58,-17,-17,-58,-58,-25,-25,-58,-58,-75,-75,-75,-86,-86,-86,-100,-100,-100,-57,-57,-51,-49,-49,-155,-155,-139,-139,-115,-115,-59,-59,-106,-106,-37,-37,-39,-39,-59,-59,-42,-42,-42,-42,-40,-40,-78,-78,-101,-101,-101,-68,-68,-68,-74,-74,-74,-51,-51,-70,-70,-81,-81,-81,-54,-54,-54,-85,-85,-85,-89,-89,-89,-32,-32,-32,-24,-24,-34,-34,-34,-56,-56,-56,-56,-121,-121,-121,-121,-108,-108,-108,-78,-78,-48,-48,-34,-34,-64,-64,-64,-72,-72,-72,-72,-89,-89,-89,-89,-59,-59,-59,-4,-4,-28,-28,-103,-103,-103,-71,-71,-71,-71,-116,-116,-116,-95,-95,-95,-33,-33,-83,-83,-83,-54,-54,-54,-54,-29,-29,-29,-29,-56,-56,-56,-56,-96,-96,-90,-90,-74,-74,-61,-61,-61,-73,-73,-73,-118,-118,-118,-82,-82,-82,-45,-45,-78,-78,-78,-119,-119,-119,-119,-128,-128,-128,-128,-50,-50,-50,-50,-79,-79,-79,-6,-6,-41,-41,-41,-65,-65,-65,-94,-94,-94,-94,-31,-31,-31,-31,18,18,-30,-30,-129,-129,-129,-61,-61,-61,-61,-4,-4,-4,35,35,35,-1,-1,-41,-41,-39,-39,-39,-41,-41,-41,-56,-56,-56,-56,-72,-72,-72,-72,-92,-92,-68,-68,-81,-81,-81,-109,-109,-109,-109,-45,-45,-45,-45,-45,-8,-8,-8,-8,-58,-58,-45,-45,39,39,39,-85,-85,-85,-85,-44,-44,-44,-44,-29,-29,-29,-28,-28,-28,-34,-34,-50,-50,-50,-14,-14,-14,-36,-36,-36,-36,20,20,20,20,14,14,14,44,44,15,15,-16,-16,-12,-12,-12,-58,-58,-58,-58,-30,-30,-60,-60,-22,-22,-20,-20,-20,-67,-67,-67,-67,-55,-55,-55,-55,29,29,29,-22,-22,-47,-47,-41,-41,-5,-5,-5,-57,-57,-57,-71,-71,-71,-50,-50,-53,-53,-47,-47,-47,-21,-21,-21,-77,-77,-77,-77,-108,-108,-108,-108,-57,-57,-57,-87,-87,-119,-119,-119,-70,-70,-70,-70,-98,-98,-98,-98,-71,-71,-71,-93,-93,-63,-63,-43,-43,-43,-60,-60,-60,-76,-76,-46,-46,-70,-22,-22,-23,-23,-27,-27,-53,-53,-53,-61,-61,-80,-80,-68,-68,-46,-46,-72,-72,-72,-94,-94,-94,-95,-95,-95,-78,-78,-69,-69,-56,-56,-21,-21,6,6,6,-12,-12,-12,-57,-57,-57,-32,-32,-9,-9,-10,-10,-2,-2,-2,-20,-20,-20,1,1,1,1,-3,-3,-3,-3,-4,-4,-4,-59,-59,-59,-8,-8,-8,-16,-16,-16,-81,-81,-81,-84,-84,-84,-74,-74,-74,-16,-16,-16,12,12,12,10,10,10,65,65,65
130,21.57600000000000051,-147,-113,-65,-65,-151,-151,-151,-114,-114,-114,-72,-72,-72,-72,-175,-175,-175,-175,-169,-169,-169,-10,-10,-79,-79,-79,-148,-148,-148,-148,-104,-104,-104,-76,-76,-73,-73,-110,-110,-106,-106,-106,-62,-62,-62,-62,-91,-91,-91,-68,-68,-107,-107,-109,-109,-67,-67,-58,-58,-58,-74,-74,-74,-74,-66,-66,-60,-60,-67,-67,-96,-96,-91,-91,-91,-115,-115,-30,-30,-91,-91,-59,-59,-87,-87,-87,-64,-64,-64,-68,-68,-68,-77,-77,-64,-96,-96,-135,-135,-102,-102,-122,-122,-47,-47,-98,-98,-45,-45,-58,-58,-101,-101,-88,-88,-55,-55,-70,-70,-69,-69,-91,-91,-91,-122,-122,-122,-77,-77,-77,-116,-116,-90,-90,-103,-103,-103,-116,-116,-116,-125,-125,-125,-101,-101,-101,-69,-69,-69,-53,-53,-68,-68,-68,-72,-72,-72,-72,-140,-140,-140,-140,-144,-144,-144,-89,-89,-75,-75,-102,-102,-107,-107,-107,-85,-85,-85,-85,-104,-104,-104,-104,-25,-25,-25,-61,-61,-55,-55,-123,-123,-123,-109,-109,-109,-109,-127,-127,-127,-100,-100,-100,-68,-68,-112,-112,-112,-98,-98,-98,-98,-72,-72,-72,-72,-77,-77,-77,-77,-112,-112,-132,-132,-134,-134,-127,-127,-127,-142,-142,-142,-145,-145,-145,-110,-110,-110,-92,-92,-102,-102,-102,-122,-122,-122,-122,-164,-164,-164,-164,-121,-121,-121,-121,-94,-94,-94,-49,-49,-55,-55,-55,-90,-90,-90,-146,-146,-146,-146,-66,-66,-66,-66,-74,-74,-98,-98,-210,-210,-210,-131,-131,-131,-131,-44,-44,-44,-47,-47,-47,-87,-87,-117,-117,-94,-94,-94,-74,-74,-74,-79,-79,-79,-79,-124,-124,-124,-124,-115,-115,-112,-112,-131,-131,-131,-119,-119,-119,-119,-73,-73,-73,-73,-73,-51,-51,-51,-51,-52,-52,-98,-98,-12,-12,-12,-114,-114,-114,-114,-98,-98,-98,-98,-95,-95,-95,-78,-78,-78,-74,-74,-86,-86,-86,-101,-101,-101,-56,-56,-56,-56,-50,-50,-50,-50,-47,-47,-47,-17,-17,-39,-39,-14,-14,-39,-39,-39,-94,-94,-94,-94,-119,-119,-100,-100,-93,-93,-102,-102,-102,-106,-106,-106,-106,-77,-77,-77,-77,-42,-42,-42,-90,-90,-105,-105,-95,-95,-101,-101,-101,-106,-106,-106,-130,-130,-130,-92,-92,-81,-81,-83,-83,-83,-64,-64,-64,-102,-102,-102,-102,-132,-132,-132,-132,-105,-105,-105,-98,-98,-107,-107,-107,-77,-77,-77,-77,-113,-113,-113,-113,-113,-113,-113,-131,-131,-97,-97,-85,-85,-85,-66,-66,-66,-157,-157,-111,-111,-115,-70,-70,-80,-80,-74,-74,-89,-89,-89,-109,-109,-107,-107,-91,-91,-99,-99,-83,-83,-83,-106,-106,-106,-97,-97,-97,-114,-114,-90,-90,-89,-89,-75,-75,-46,-46,-46,-47,-47,-47,-94,-94,-94,-57,-57,-71,-71,-64,-64,-31,-31,-31,-33,-33,-33,-44,-44,-44,-44,-31,-31,-31,-31,-67,-67,-67,-107,-107,-107,-35,-35,-35,-34,-34,-34,-83,-83,-83,-96,-96,-96,-97,-97,-97,-62,-62,-62,-28,-28,-28,-54,-54,-54,-17,-17,-17
131,21.7759999999999998,-116,-155,-122,-122,-89,-89,-89,-119,-119,-119,-101,-101,-101,-101,-188,-188,-188,-188,-155,-155,-155,-85,-85,-110,-110,-110,-97,-97,-97,-97,-81,-81,-81,-114,-114,-83,-83,-83,-83,-90,-90,-90,-98,-98,-98,-98,-69,-69,-69,-96,-96,-144,-144,-109,-109,-118,-118,-120,-120,-120,-126,-126,-126,-126,-79,-79,-100,-100,-86,-86,-116,-116,-91,-91,-91,-72,-72,-102,-102,-132,-132,-104,-104,-95,-95,-95,-111,-111,-111,-99,-99,-99,-61,-61,-50,-94,-94,-106,-106,-81,-81,-101,-101,-31,-31,-66,-66,-66,-66,-105,-105,-97,-97,-78,-78,-94,-94,-108,-108,-81,-81,-110,-110,-110,-121,-121,-121,-117,-117,-117,-133,-133,-85,-85,-118,-118,-118,-107,-107,-107,-149,-149,-149,-121,-121,-121,-104,-104,-104,-31,-31,-90,-90,-90,-43,-43,-43,-43,-116,-116,-116,-116,-164,-164,-164,-104,-104,-77,-77,-96,-96,-93,-93,-93,-89,-89,-89,-89,-145,-145,-145,-145,-32,-32,-32,-95,-95,-114,-114,-138,-138,-138,-119,-119,-119,-119,-113,-113,-113,-95,-95,-95,-70,-70,-112,-112,-112,-107,-107,-107,-107,-93,-93,-93,-93,-108,-108,-108,-108,-154,-154,-189,-189,-192,-192,-167,-167,-167,-123,-123,-123,-134,-134,-134,-151,-151,-151,-68,-68,-97,-97,-97,-127,-127,-127,-127,-190,-190,-190,-190,-162,-162,-162,-162,-156,-156,-156,-96,-96,-140,-140,-140,-188,-188,-188,-139,-139,-139,-139,-120,-120,-120,-120,-154,-154,-144,-144,-248,-248,-248,-164,-164,-164,-164,-140,-140,-140,-99,-99,-99,-141,-141,-213,-213,-143,-143,-143,-154,-154,-154,-127,-127,-127,-127,-163,-163,-163,-163,-147,-147,-159,-159,-118,-118,-118,-118,-118,-118,-118,-106,-106,-106,-106,-106,-88,-88,-88,-88,-144,-144,-142,-142,-97,-97,-97,-170,-170,-170,-170,-141,-141,-141,-141,-94,-94,-94,-118,-118,-118,-120,-120,-73,-73,-73,-111,-111,-111,-92,-92,-92,-92,-99,-99,-99,-99,-84,-84,-84,-97,-97,-133,-133,-90,-90,-86,-86,-86,-130,-130,-130,-130,-172,-172,-150,-150,-113,-113,-141,-141,-141,-98,-98,-98,-98,-107,-107,-107,-107,-61,-61,-61,-89,-89,-108,-108,-136,-136,-133,-133,-133,-125,-125,-125,-145,-145,-145,-144,-144,-151,-151,-125,-125,-125,-114,-114,-114,-130,-130,-130,-130,-144,-144,-144,-144,-101,-101,-101,-102,-102,-118,-118,-118,-144,-144,-144,-144,-111,-111,-111,-111,-117,-117,-117,-133,-133,-133,-133,-109,-109,-109,-127,-127,-127,-148,-148,-173,-173,-154,-127,-127,-134,-134,-103,-103,-125,-125,-125,-126,-126,-147,-147,-146,-146,-115,-115,-95,-95,-95,-88,-88,-88,-106,-106,-106,-124,-124,-133,-133,-121,-121,-111,-111,-98,-98,-98,-83,-83,-83,-118,-118,-118,-104,-104,-104,-104,-105,-105,-78,-78,-78,-74,-74,-74,-67,-67,-67,-67,-68,-68,-68,-68,-121,-121,-121,-144,-144,-144,-84,-84,-84,-72,-72,-72,-53,-53,-53,-84,-84,-84,-94,-94,-94,-120,-120,-120,-86,-86,-86,-106,-106,-106,-94,-94,-94
132,21.97599999999999909,-124,-132,-99,-99,-63,-63,-63,-85,-85,-85,-41,-41,-41,-41,-94,-94,-94,-94,-163,-163,-163,-70,-70,-26,-26,-26,-53,-53,-53,-53,-34,-34,-34,-54,-54,-123,-123,-85,-85,-93,-93,-93,-83,-83,-83,-83,-14,-14,-14,-54,-54,-126,-126,-81,-81,-75,-75,-93,-93,-93,-96,-96,-96,-96,-74,-74,-78,-78,-97,-97,-122,-122,-50,-50,-50,-78,-78,-36,-36,-114,-114,-93,-93,-73,-73,-73,-99,-99,-99,-111,-111,-111,-26,-26,-59,-56,-56,-65,-65,-25,-25,-70,-70,-62,-62,-60,-60,-57,-57,-86,-86,-95,-95,-111,-111,-105,-105,-113,-113,-88,-88,-110,-110,-110,-144,-144,-144,-90,-90,-90,-80,-80,-68,-68,-38,-38,-38,-84,-84,-84,-120,-120,-120,-88,-88,-88,-59,-59,-59,-59,-59,-72,-72,-72,-39,-39,-39,-39,-75,-75,-75,-75,-141,-141,-141,-93,-93,-99,-99,-101,-101,-94,-94,-94,-100,-100,-100,-100,-137,-137,-137,-137,-19,-19,-19,-80,-80,-91,-91,-98,-98,-98,-138,-138,-138,-138,-123,-123,-123,-83,-83,-83,-78,-78,-107,-107,-107,-120,-120,-120,-120,-81,-81,-81,-81,-104,-104,-104,-104,-146,-146,-176,-176,-178,-178,-152,-152,-152,-123,-123,-123,-120,-120,-120,-101,-101,-101,-55,-55,-82,-82,-82,-134,-134,-134,-134,-182,-182,-182,-182,-163,-163,-163,-163,-126,-126,-126,-145,-145,-182,-182,-182,-205,-205,-205,-135,-135,-135,-135,-166,-166,-166,-166,-181,-181,-169,-169,-225,-225,-225,-191,-191,-191,-191,-157,-157,-157,-134,-134,-134,-170,-170,-215,-215,-152,-152,-152,-172,-172,-172,-141,-141,-141,-141,-157,-157,-157,-157,-142,-142,-145,-145,-74,-74,-74,-126,-126,-126,-126,-100,-100,-100,-100,-100,-112,-112,-112,-112,-120,-120,-144,-144,-160,-160,-160,-150,-150,-150,-150,-128,-128,-128,-128,-87,-87,-87,-157,-157,-157,-115,-115,-101,-101,-101,-109,-109,-109,-110,-110,-110,-110,-88,-88,-88,-88,-99,-99,-99,-137,-137,-139,-139,-94,-94,-88,-88,-88,-147,-147,-147,-147,-145,-145,-160,-160,-113,-113,-152,-152,-152,-133,-133,-133,-133,-124,-124,-124,-124,-123,-123,-123,-82,-82,-117,-117,-144,-144,-119,-119,-119,-113,-113,-113,-113,-113,-113,-152,-152,-134,-134,-126,-126,-126,-123,-123,-123,-107,-107,-107,-107,-125,-125,-125,-125,-60,-60,-60,-81,-81,-93,-93,-93,-142,-142,-142,-142,-114,-114,-114,-114,-126,-126,-126,-124,-124,-135,-135,-117,-117,-117,-113,-113,-113,-148,-148,-163,-163,-175,-123,-123,-148,-148,-113,-113,-128,-128,-128,-125,-125,-150,-150,-141,-141,-117,-117,-91,-91,-91,-69,-69,-69,-95,-95,-95,-130,-130,-127,-127,-136,-136,-132,-132,-111,-111,-111,-97,-97,-97,-110,-110,-110,-106,-106,-129,-129,-91,-91,-96,-96,-96,-123,-123,-123,-85,-85,-85,-85,-102,-102,-102,-102,-104,-104,-104,-144,-144,-144,-129,-129,-129,-99,-99,-99,-65,-65,-65,-57,-57,-57,-108,-108,-108,-147,-147,-147,-107,-107,-107,-137,-137,-137,-145,-145,-145
133,22.17600000000000193,-80,-87,-20,-20,20,20,20,40,40,40,11,11,11,11,-91,-91,-91,-91,-114,-114,-114,-27,-27,-15,-15,-15,-22,-22,-22,-22,-49,-49,-49,-79,-79,-80,-80,-20,-20,-49,-49,-49,-40,-40,-40,-40,12,12,12,-24,-24,-49,-49,-28,-28,-59,-59,-62,-62,-62,-124,-124,-124,-124,-28,-28,-69,-69,-102,-102,-40,-40,-16,-16,-16,-35,-35,-28,-28,-96,-96,-72,-72,-44,-44,-44,-50,-50,-50,-59,-59,-59,-23,-23,29,6,6,-24,-24,-4,-4,-9,-9,-15,-15,-46,-46,-34,-34,-46,-46,-35,-35,-116,-116,-65,-65,-97,-97,-15,-15,-60,-60,-60,-96,-96,-96,-40,-40,-40,-26,-26,6,6,-8,-8,-8,-4,-4,-4,-19,-19,-19,-49,-49,-49,-26,-26,-26,-14,-14,-40,-40,-40,19,19,19,19,-25,-25,-25,-25,-52,-52,-52,-28,-28,-75,-75,-8,-8,-22,-22,-22,-24,-24,-24,-24,-42,-42,-42,-42,-7,-7,-7,-75,-75,-52,-52,-31,-31,-31,-50,-50,-50,-50,-77,-77,-77,-21,-21,-21,-39,-39,-68,-68,-68,-82,-82,-82,-82,-81,-81,-81,-81,-103,-103,-103,-103,-114,-114,-90,-90,-87,-87,-123,-123,-123,-66,-66,-66,-75,-75,-75,-56,-56,-56,-9,-9,-50,-50,-50,-57,-57,-57,-57,-126,-126,-126,-126,-153,-153,-153,-153,-89,-89,-89,-114,-114,-151,-151,-151,-145,-145,-145,-112,-112,-112,-112,-146,-146,-146,-146,-154,-154,-112,-112,-147,-147,-147,-184,-184,-184,-184,-163,-163,-163,-85,-85,-85,-108,-108,-139,-139,-128,-128,-128,-130,-130,-130,-113,-113,-113,-113,-116,-116,-116,-116,-90,-90,-108,-108,-53,-53,-53,-49,-49,-49,-49,-81,-81,-81,-81,-81,-128,-128,-128,-128,-86,-86,-113,-113,-119,-119,-119,-72,-72,-72,-72,-136,-136,-136,-136,-85,-85,-85,-78,-78,-78,-85,-85,-75,-75,-75,-94,-94,-94,-77,-77,-77,-77,-120,-120,-120,-120,-92,-92,-92,-117,-117,-107,-107,-68,-68,-57,-57,-57,-111,-111,-111,-111,-92,-92,-72,-72,-72,-72,-98,-98,-98,-81,-81,-81,-81,-121,-121,-121,-121,-68,-68,-68,-43,-43,-32,-32,-75,-75,-95,-95,-95,-71,-71,-71,-97,-97,-97,-83,-83,-125,-125,-98,-98,-98,-66,-66,-66,-82,-82,-82,-82,-104,-104,-104,-104,-28,-28,-28,-28,-28,-40,-40,-40,-119,-119,-119,-119,-95,-95,-95,-95,-106,-106,-106,-89,-89,-94,-94,-111,-111,-111,-92,-92,-92,-102,-102,-152,-152,-140,-124,-124,-126,-126,-99,-99,-117,-117,-117,-101,-101,-110,-110,-110,-110,-57,-57,-40,-40,-40,-54,-54,-54,-65,-65,-65,-99,-99,-99,-99,-110,-110,-103,-103,-64,-64,-64,-78,-78,-78,-96,-96,-96,-89,-89,-79,-79,-69,-69,-80,-80,-80,-102,-102,-102,-119,-119,-119,-119,-67,-67,-67,-67,-87,-87,-87,-88,-88,-88,-125,-125,-125,-69,-69,-69,-52,-52,-52,-55,-55,-55,-88,-88,-88,-110,-110,-110,-99,-99,-99,-124,-124,-124,-136,-136,-136
134,22.37600000000000122,-48,33,76,76,134,134,134,90,90,90,28,28,28,28,4,4,4,4,-38,-38,-38,62,62,104,104,104,41,41,41,41,35,35,35,-10,-10,15,15,17,17,32,32,32,58,58,58,58,28,28,28,11,11,43,43,33,33,77,77,4,4,4,16,16,16,16,-6,-6,30,30,2,2,27,27,11,11,11,45,45,13,13,-30,-30,40,40,7,7,7,8,8,8,33,33,33,56,56,48,55,55,54,54,78,78,41,41,38,38,22,22,-2,-2,27,27,5,5,7,7,22,22,18,18,40,40,27,27,27,32,32,32,26,26,26,62,62,107,107,73,73,73,53,53,53,51,51,51,25,25,25,17,17,17,48,48,50,50,50,71,71,71,71,49,49,49,49,35,35,35,55,55,31,31,62,62,38,38,38,34,34,34,34,4,4,4,4,20,20,20,19,19,64,64,69,69,69,15,15,15,15,-1,-1,-1,22,22,22,43,43,31,31,31,-15,-15,-15,-15,-23,-23,-23,-23,-2,-2,-2,-2,31,31,23,23,16,16,11,11,11,39,39,39,14,14,14,69,69,69,88,88,54,54,54,17,17,17,17,-23,-23,-23,-23,-70,-70,-70,-70,9,9,9,6,6,-15,-15,-15,-41,-41,-41,-48,-48,-48,-48,-76,-76,-76,-76,-35,-35,10,10,6,6,6,-61,-61,-61,-61,-87,-87,-87,-11,-11,-11,33,33,2,2,-39,-39,-39,-26,-26,-26,-26,-26,-26,-26,-69,-69,-69,-69,1,1,39,39,69,69,69,32,32,32,32,-36,-36,-36,-36,-36,-36,-36,-36,-36,-2,-2,9,9,-35,-35,-35,-2,-2,-2,-2,-41,-41,-41,-41,-45,-45,-45,32,32,32,1,1,16,16,16,-5,-5,-5,-26,-26,-26,-26,-33,-33,-33,-33,-38,-38,-38,-35,-35,-4,-4,10,10,13,13,13,-54,-54,-54,-54,23,23,51,51,53,53,45,45,45,-11,-11,-11,-11,-22,-22,-22,-22,-28,-28,-28,36,36,46,46,8,8,-16,-16,-16,-3,-3,-3,-50,-50,-50,8,8,-16,-16,19,19,19,10,10,10,-18,-18,-18,-18,-30,-30,-30,-30,37,37,37,49,49,47,47,47,-19,-19,-19,-19,-25,-25,-25,-25,-55,-55,-55,-4,-4,-13,-13,-47,-47,-47,-52,-52,-52,-35,-35,-68,-68,-49,-79,-79,-56,-56,-4,-4,-37,-37,-37,-24,-24,-36,-36,-17,-17,-3,-3,29,29,29,-7,-7,-7,-10,-10,-10,-27,-27,14,14,-13,-13,-11,-11,-17,-17,-17,-23,-23,-23,-39,-39,-39,-27,-27,-24,-24,10,10,-40,-40,-40,-61,-61,-61,-64,-64,-64,-64,-47,-47,-47,-47,-22,-22,-22,-15,-15,-15,-41,-41,-41,-19,-19,-19,18,18,18,19,19,19,-66,-66,-66,-50,-50,-50,-30,-30,-30,-64,-64,-64,-98,-98,-98
135,22.57600000000000051,-13,99,176,176,181,181,181,176,176,176,59,59,59,59,81,81,81,81,76,76,76,132,132,227,227,227,111,111,111,111,90,90,90,62,62,140,140,88,88,107,107,107,94,94,94,94,82,82,82,127,127,144,144,143,143,124,124,114,114,114,37,37,37,37,37,37,114,114,111,111,84,84,78,78,78,64,64,87,87,30,30,74,74,41,41,41,66,66,66,48,48,48,94,94,96,106,106,118,118,82,82,91,91,73,73,58,58,57,57,82,82,112,112,62,62,66,66,94,94,131,131,99,99,99,111,111,111,91,91,91,171,171,176,176,134,134,134,175,175,175,141,141,141,79,79,79,70,70,70,139,139,163,163,163,88,88,88,88,92,92,92,92,78,78,78,113,113,150,150,116,116,129,129,129,85,85,85,85,61,61,61,61,66,66,66,138,138,173,173,145,145,145,78,78,78,78,89,89,89,110,110,110,142,142,139,139,139,72,72,72,72,96,96,96,96,94,94,94,94,98,98,140,140,134,134,98,98,98,102,102,102,110,110,110,163,163,163,196,196,102,102,102,104,104,104,104,90,90,90,90,51,51,51,51,124,124,124,140,140,134,134,134,69,69,69,60,60,60,60,62,62,62,62,110,110,146,146,121,121,121,47,47,47,47,7,7,7,64,64,64,185,185,139,139,95,95,95,130,130,130,46,46,46,46,17,17,17,17,115,115,168,168,218,218,218,120,120,120,120,40,40,40,40,40,24,24,24,24,84,84,109,109,77,77,77,132,132,132,132,55,55,55,55,36,36,36,123,123,123,110,110,106,106,106,104,104,104,51,51,51,51,-10,-10,-10,-10,10,10,10,65,65,87,87,87,87,81,81,81,65,65,65,65,106,106,162,162,170,170,111,111,111,59,59,59,59,18,18,18,18,33,33,33,126,126,147,147,130,130,118,118,118,64,64,64,8,8,8,84,84,76,76,99,99,99,95,95,95,47,47,47,47,61,61,61,61,102,102,102,121,121,109,109,109,69,69,69,69,50,50,50,50,38,38,38,88,88,120,120,57,57,57,19,19,19,32,32,10,10,41,38,38,28,28,54,54,29,29,29,61,61,69,69,75,75,78,78,105,105,105,66,66,66,50,50,50,54,54,89,89,83,83,61,61,63,63,63,35,35,35,15,15,15,40,40,68,68,71,71,37,37,37,1,1,1,6,6,6,6,34,34,34,34,45,45,45,63,63,63,50,50,50,51,51,51,98,98,98,43,43,43,17,17,17,44,44,44,44,44,44,39,39,39,2,2,2
136,22.7759999999999998,76,149,153,153,206,206,206,171,171,171,79,79,79,79,134,134,134,134,119,119,119,184,184,230,230,230,150,150,150,150,96,96,96,87,87,151,151,156,156,123,123,123,60,60,60,60,91,91,91,151,151,173,173,185,185,182,182,169,169,169,38,38,38,38,60,60,121,121,134,134,95,95,120,120,120,125,125,141,141,83,83,147,147,143,143,143,86,86,86,119,119,119,109,109,114,102,102,134,134,144,144,95,95,96,96,89,89,58,58,125,125,141,141,128,128,96,96,133,133,173,173,182,182,182,177,177,177,151,151,151,186,186,211,211,139,139,139,154,154,154,176,176,176,104,104,104,96,96,96,160,160,145,145,145,115,115,115,115,120,120,120,120,116,116,116,121,121,157,157,140,140,142,142,142,119,119,119,119,143,143,143,143,86,86,86,166,166,203,203,149,149,149,69,69,69,69,114,114,114,140,140,140,152,152,141,141,141,108,108,108,108,138,138,138,138,106,106,106,106,150,150,167,167,203,203,160,160,160,188,188,188,164,164,164,182,182,182,217,217,155,155,155,129,129,129,129,169,169,169,169,130,130,130,130,195,195,195,234,234,231,231,231,165,165,165,103,103,103,103,145,145,145,145,197,197,191,191,203,203,203,113,113,113,113,74,74,74,131,131,131,247,247,235,235,175,175,175,223,223,223,132,132,132,132,137,137,137,137,168,168,245,245,228,228,228,140,140,140,140,84,84,84,84,84,64,64,64,64,126,126,171,171,161,161,161,172,172,172,172,101,101,101,101,96,96,96,168,168,168,179,179,151,151,151,149,149,149,84,84,84,84,42,42,42,42,67,67,67,129,129,170,170,129,129,138,138,138,109,109,109,109,206,206,196,196,181,181,155,155,155,129,129,129,129,78,78,78,78,143,143,143,156,156,200,200,183,183,160,160,160,127,127,127,100,100,100,112,112,141,141,161,161,161,152,152,152,105,105,105,105,78,78,78,78,116,116,116,156,156,178,178,178,147,147,147,147,112,112,112,112,129,129,129,161,161,161,161,110,110,110,58,58,58,73,73,68,68,118,136,136,119,119,113,113,109,109,109,135,135,119,119,156,156,148,148,136,136,136,82,82,82,89,89,89,98,98,125,125,141,141,99,99,86,86,86,70,70,70,69,69,69,61,61,99,99,114,114,82,82,82,76,76,76,72,72,72,72,54,54,54,54,72,72,72,108,108,108,120,120,120,123,123,123,115,115,115,92,92,92,83,83,83,88,88,88,113,113,113,129,129,129,92,92,92
137,22.97599999999999909,90,150,114,114,173,173,173,154,154,154,33,33,33,33,139,139,139,139,122,122,122,122,122,172,172,172,158,158,158,158,76,76,76,99,99,92,92,126,126,93,93,93,105,105,105,105,60,60,60,62,62,160,160,170,170,160,160,157,157,157,79,79,79,79,84,84,55,55,114,114,100,100,94,94,94,73,73,107,107,98,98,107,107,139,139,139,83,83,83,102,102,102,95,95,58,8,8,100,100,116,116,99,99,60,60,71,71,91,91,117,117,140,140,89,89,99,99,123,123,117,117,162,162,162,173,173,173,102,102,102,112,112,100,100,81,81,81,91,91,91,129,129,129,105,105,105,69,69,69,110,110,78,78,78,121,121,121,121,102,102,102,102,140,140,140,79,79,67,67,78,78,87,87,87,67,67,67,67,143,143,143,143,77,77,77,137,137,134,134,131,131,131,54,54,54,54,147,147,147,134,134,134,83,83,105,105,105,79,79,79,79,140,140,140,140,125,125,125,125,143,143,183,183,171,171,162,162,162,145,145,145,145,145,145,125,125,125,125,125,109,109,109,81,81,81,81,146,146,146,146,168,168,168,168,181,181,181,208,208,186,186,186,144,144,144,142,142,142,142,149,149,149,149,161,161,170,170,220,220,220,116,116,116,116,117,117,117,145,145,145,246,246,204,204,160,160,160,211,211,211,136,136,136,136,92,92,92,92,160,160,162,162,153,153,153,110,110,110,110,119,119,119,119,119,55,55,55,55,115,115,132,132,138,138,138,217,217,217,217,123,123,123,123,92,92,92,126,126,126,157,157,134,134,134,134,134,134,118,118,118,118,51,51,51,51,41,41,41,108,108,128,128,131,131,144,144,144,170,170,170,170,165,165,142,142,131,131,115,115,115,103,103,103,103,126,126,126,126,121,121,121,162,162,180,180,175,175,163,163,163,136,136,136,99,99,99,126,126,118,118,129,129,129,125,125,125,109,109,109,109,144,144,144,144,131,131,131,134,134,158,158,158,129,129,129,129,94,94,94,94,107,107,107,104,104,143,143,107,107,107,68,68,68,98,98,107,107,131,168,168,120,120,121,121,123,123,123,131,131,144,144,146,146,127,127,123,123,123,57,57,57,99,99,99,100,100,104,104,116,116,99,99,72,72,72,76,76,76,94,94,94,95,95,107,107,86,86,78,78,78,73,73,73,64,64,64,64,57,57,57,57,37,37,37,82,82,82,124,124,124,96,96,96,105,105,105,95,95,95,69,69,69,59,59,59,141,141,141,144,144,144,132,132,132
138,23.17600000000000193,83,123,93,93,97,97,97,111,111,111,59,59,59,59,152,152,152,152,93,93,93,76,76,129,129,129,32,32,32,32,51,51,51,62,62,49,49,46,46,83,83,83,33,33,33,33,83,83,83,41,41,104,104,107,107,106,106,101,101,101,74,74,74,74,60,60,43,43,70,70,107,107,38,38,38,48,48,46,46,61,61,48,48,68,68,68,61,61,61,89,89,89,73,73,35,29,29,41,41,48,48,18,18,21,21,39,39,58,58,63,63,61,61,92,92,70,70,72,72,76,76,74,74,74,113,113,113,31,31,31,15,15,19,19,4,4,4,3,3,3,70,70,70,29,29,29,11,11,11,44,44,-8,-8,-8,70,70,70,70,59,59,59,59,109,109,109,30,30,-1,-1,28,28,16,16,16,71,71,71,71,121,121,121,121,8,8,8,72,72,47,47,41,41,41,37,37,37,37,63,63,63,76,76,76,21,21,50,50,50,60,60,60,60,101,101,101,101,106,106,106,106,110,110,143,143,109,109,127,127,127,106,106,106,88,88,88,54,54,54,29,29,48,48,48,53,53,53,53,123,123,123,123,136,136,136,136,137,137,137,122,122,105,105,105,69,69,69,98,98,98,98,117,117,117,117,108,108,92,92,174,174,174,90,90,90,90,85,85,85,118,118,118,205,205,158,158,110,110,110,128,128,128,115,115,115,115,102,102,102,102,102,102,34,34,64,64,64,95,95,95,95,105,105,105,105,105,68,68,68,68,57,57,56,56,61,61,61,128,128,128,128,131,131,131,131,56,56,56,65,65,65,86,86,76,76,76,68,68,68,93,93,93,93,32,32,32,32,44,44,44,74,74,91,91,70,70,100,100,100,96,96,96,96,86,86,91,91,79,79,57,57,57,50,50,50,50,126,126,126,126,131,131,131,141,141,145,145,93,93,74,74,74,75,75,75,63,63,63,84,84,39,39,49,49,49,67,67,67,84,84,84,84,117,117,117,117,57,57,57,100,100,78,78,78,64,64,64,64,88,88,88,88,123,123,123,76,76,84,84,49,49,49,80,80,80,88,88,102,102,111,103,103,99,99,118,118,117,117,117,104,104,102,102,123,123,71,71,59,59,59,37,37,37,87,87,87,106,106,61,61,52,52,52,52,20,20,20,49,49,49,76,76,76,71,71,73,73,47,47,34,34,34,54,54,54,41,41,41,41,45,45,45,45,0,0,0,23,23,23,69,69,69,44,44,44,60,60,60,56,56,56,-1,-1,-1,34,34,34,113,113,113,156,156,156,100,100,100
139,23.37600000000000122,102,84,64,64,61,61,61,83,83,83,75,75,75,75,104,104,104,104,127,127,127,58,58,26,26,26,38,38,38,38,85,85,85,88,88,-12,-12,26,26,23,23,23,37,37,37,37,-15,-15,-15,59,59,57,57,100,100,99,99,96,96,96,78,78,78,78,82,82,-21,-21,12,12,65,65,17,17,17,46,46,19,19,59,59,53,53,0,0,0,13,13,13,81,81,81,58,58,40,-24,-24,46,46,-1,-1,-8,-8,18,18,6,6,3,3,78,78,22,22,32,32,48,48,43,43,59,59,26,26,26,67,67,67,68,68,68,39,39,-25,-25,2,2,2,0,0,0,46,46,46,36,36,36,-24,-24,-24,27,27,-11,-11,-11,43,43,43,43,35,35,35,35,84,84,84,15,15,-12,-12,-26,-26,-2,-2,-2,20,20,20,20,100,100,100,100,13,13,13,32,32,6,6,4,4,4,6,6,6,6,81,81,81,44,44,44,12,12,9,9,9,43,43,43,43,91,91,91,91,108,108,108,108,107,107,88,88,77,77,70,70,70,43,43,43,56,56,56,-11,-11,-11,-24,-24,6,6,6,12,12,12,12,99,99,99,99,110,110,110,110,86,86,86,26,26,40,40,40,31,31,31,81,81,81,81,56,56,56,56,73,73,41,41,148,148,148,96,96,96,96,79,79,79,88,88,88,159,159,102,102,77,77,77,60,60,60,84,84,84,84,101,101,101,101,58,58,-26,-26,-48,-48,-48,68,68,68,68,81,81,81,81,81,51,51,51,51,35,35,-4,-4,-31,-31,-31,85,85,85,85,142,142,142,142,57,57,57,26,26,26,47,47,16,16,16,41,41,41,89,89,89,89,59,59,59,59,69,69,69,63,63,51,51,36,36,69,69,69,80,80,80,80,47,47,58,58,4,4,4,4,4,45,45,45,45,67,67,67,67,148,148,148,137,137,93,93,59,59,45,45,45,33,33,33,78,78,78,66,66,46,46,32,32,32,30,30,30,25,25,25,25,81,81,81,81,43,43,43,36,36,13,13,13,48,48,48,48,70,70,70,70,85,85,85,14,14,29,29,35,35,35,64,64,64,63,63,96,96,96,79,79,78,78,76,76,103,103,103,69,69,83,83,99,99,32,32,18,18,18,9,9,9,32,32,32,63,63,36,36,42,42,38,38,3,3,3,39,39,39,55,55,55,69,69,42,42,13,13,19,19,19,19,19,19,47,47,47,47,-2,-2,-2,-2,27,27,27,1,1,1,19,19,19,-12,-12,-12,4,4,4,13,13,13,6,6,6,17,17,17,103,103,103,145,145,145,91,91,91
140,23.57600000000000051,82,88,88,88,17,17,17,73,73,73,46,46,46,46,142,142,142,142,116,116,116,66,66,98,98,98,42,42,42,42,32,32,32,56,56,21,21,-9,-9,11,11,11,37,37,37,37,85,85,85,19,19,73,73,81,81,69,69,92,92,92,53,53,53,53,84,84,-25,-25,16,16,58,58,7,7,7,48,48,24,24,58,58,29,29,32,32,32,65,65,65,95,95,95,45,45,44,29,29,45,45,52,52,10,10,30,30,30,30,49,49,61,61,33,33,40,40,60,60,46,46,48,48,-5,-5,-5,84,84,84,23,23,23,41,41,-17,-17,4,4,4,8,8,8,29,29,29,42,42,42,-16,-16,-16,-33,-33,-40,-40,-40,22,22,22,22,92,92,92,92,78,78,78,24,24,21,21,15,15,6,6,6,40,40,40,40,68,68,68,68,33,33,33,57,57,21,21,32,32,32,3,3,3,3,91,91,91,63,63,63,60,60,40,40,40,80,80,80,80,175,175,175,175,123,123,123,123,170,170,108,108,93,93,62,62,62,57,57,57,60,60,60,2,2,2,-7,-7,47,47,47,40,40,40,40,89,89,89,89,120,120,120,120,100,100,100,38,38,49,49,49,32,32,32,50,50,50,50,54,54,54,54,75,75,67,67,131,131,131,110,110,110,110,115,115,115,102,102,102,123,123,113,113,58,58,58,54,54,54,79,79,79,79,88,88,88,88,88,88,32,32,-11,-11,-11,80,80,80,80,80,80,80,80,80,85,85,85,85,31,31,27,27,40,40,40,70,70,70,70,172,172,172,172,74,74,74,37,37,37,62,62,29,29,29,42,42,42,95,95,95,95,80,80,80,80,104,104,104,61,61,20,20,56,56,59,59,59,69,69,69,69,49,49,71,71,51,51,15,15,15,47,47,47,47,109,109,109,109,197,197,197,124,124,103,103,75,75,51,51,51,52,52,52,70,70,70,53,53,81,81,46,46,46,31,31,31,66,66,66,66,76,76,76,76,46,46,46,34,34,38,38,38,30,30,30,30,49,49,49,49,99,99,99,47,47,26,26,40,40,40,54,54,54,83,83,106,106,91,81,81,78,78,97,97,91,91,91,80,80,90,90,73,73,46,46,28,28,28,18,18,18,40,40,40,43,43,49,49,72,72,44,44,32,32,32,23,23,23,82,82,82,61,61,64,64,40,40,38,38,38,38,38,38,48,48,48,48,59,59,59,59,42,42,42,48,48,48,48,48,48,-5,-5,-5,-15,-15,-15,41,41,41,19,19,19,42,42,42,101,101,101,133,133,133,108,108,108
141,23.7759999999999998,98,47,30,30,28,28,28,57,57,57,86,86,86,86,150,150,150,150,99,99,99,79,79,97,97,97,79,79,79,79,67,67,67,83,83,57,57,13,13,45,45,45,68,68,68,68,-20,-20,-20,-35,-35,51,51,49,49,46,46,115,115,115,115,115,115,115,35,35,0,0,28,28,52,52,7,7,7,54,54,92,92,79,79,67,67,24,24,24,19,19,19,102,102,102,93,93,81,42,42,52,52,44,44,8,8,13,13,34,34,52,52,56,56,46,46,46,46,98,98,68,68,56,56,75,75,75,35,35,35,45,45,45,51,51,18,18,27,27,27,18,18,18,31,31,31,32,32,32,23,23,23,31,31,60,60,60,52,52,52,52,80,80,80,80,87,87,87,77,77,98,98,82,82,49,49,49,47,47,47,47,60,60,60,60,37,37,37,87,87,97,97,28,28,28,77,77,77,77,88,88,88,60,60,60,105,105,95,95,95,111,111,111,111,115,115,115,115,125,125,125,125,118,118,95,95,88,88,76,76,76,46,46,46,23,23,23,48,48,48,34,34,49,49,49,64,64,64,64,102,102,102,102,122,122,122,122,141,141,141,132,132,83,83,83,78,78,78,69,69,69,69,89,89,89,89,112,112,89,89,162,162,162,171,171,171,171,144,144,144,126,126,126,109,109,129,129,126,126,126,83,83,83,117,117,117,117,155,155,155,155,174,174,140,140,97,97,97,100,100,100,100,72,72,72,72,72,100,100,100,100,68,68,69,69,109,109,109,146,146,146,146,179,179,179,179,129,129,129,104,104,104,81,81,98,98,98,90,90,90,130,130,130,130,137,137,137,137,180,180,180,118,118,133,133,136,136,81,81,81,70,70,70,70,103,103,103,103,90,90,41,41,41,98,98,98,98,114,114,114,114,148,148,148,130,130,117,117,96,96,81,81,81,88,88,88,116,116,116,129,129,105,105,88,88,88,73,73,73,74,74,74,74,66,66,66,66,30,30,30,65,65,70,70,70,69,69,69,69,80,80,80,80,91,91,91,58,58,79,79,63,63,63,101,101,101,100,100,116,116,130,102,102,97,97,134,134,88,88,88,77,77,93,93,114,114,115,115,79,79,79,99,99,99,84,84,84,78,78,87,87,105,105,119,119,55,55,55,65,65,65,109,109,109,103,103,86,86,75,75,80,80,80,88,88,88,96,96,96,96,76,76,76,76,90,90,90,97,97,97,111,111,111,50,50,50,13,13,13,22,22,22,107,107,107,93,93,93,122,122,122,151,151,151,98,98,98
142,23.97599999999999909,34,-1,12,12,4,4,4,16,16,16,41,41,41,41,88,88,88,88,76,76,76,140,140,0,0,0,45,45,45,45,73,73,73,112,112,108,108,63,63,-5,-5,-5,25,25,25,25,-55,-55,-55,-4,-4,-16,-16,59,59,91,91,60,60,60,75,75,75,75,93,93,74,74,56,56,58,58,-14,-14,-14,15,15,15,15,65,65,61,61,43,43,43,93,93,93,131,131,131,94,94,91,83,83,92,92,38,38,37,37,86,86,51,51,54,54,33,33,50,50,78,78,67,67,101,101,67,67,71,71,71,72,72,72,44,44,44,70,70,51,51,58,58,58,36,36,36,48,48,48,45,45,45,41,41,41,24,24,-6,-6,-6,36,36,36,36,82,82,82,82,59,59,59,101,101,101,101,114,114,80,80,80,71,71,71,71,50,50,50,50,37,37,37,69,69,97,97,92,92,92,96,96,96,96,76,76,76,78,78,78,145,145,123,123,123,133,133,133,133,119,119,119,119,155,155,155,155,133,133,61,61,90,90,88,88,88,36,36,36,66,66,66,54,54,54,68,68,98,98,98,104,104,104,104,66,66,66,66,132,132,132,132,109,109,109,155,155,110,110,110,82,82,82,65,65,65,65,66,66,66,66,128,128,125,125,136,136,136,175,175,175,175,200,200,200,149,149,149,98,98,105,105,147,147,147,111,111,111,140,140,140,140,170,170,170,170,114,114,175,175,135,135,135,127,127,127,127,62,62,62,62,62,96,96,96,96,89,89,78,78,154,154,154,147,147,147,147,164,164,164,164,165,165,165,112,112,112,143,143,128,128,128,95,95,95,146,146,146,146,155,155,155,155,165,165,165,147,147,174,174,187,187,130,130,130,135,135,135,135,112,112,105,105,133,133,80,80,80,81,81,81,81,128,128,128,128,194,194,194,132,132,134,134,128,128,166,166,166,140,140,140,147,147,147,121,121,131,131,107,107,107,109,109,109,107,107,107,107,54,54,54,54,79,79,79,82,82,136,136,136,116,116,116,116,101,101,101,101,84,84,84,84,84,72,72,67,67,67,74,74,74,103,103,128,128,120,130,130,101,101,138,138,136,136,136,88,88,123,123,104,104,116,116,103,103,103,133,133,133,112,112,112,113,113,132,132,143,143,145,145,99,99,99,97,97,97,89,89,89,91,91,115,115,108,108,113,113,113,115,115,115,114,114,114,114,109,109,109,109,128,128,128,142,142,142,112,112,112,98,98,98,64,64,64,52,52,52,101,101,101,119,119,119,151,151,151,142,142,142,105,105,105
143,24.17600000000000193,78,25,5,5,-73,-73,-73,13,13,13,48,48,48,48,31,31,31,31,28,28,28,58,58,40,40,40,16,16,16,16,65,65,65,118,118,46,46,99,99,35,35,35,64,64,64,64,123,123,123,-9,-9,80,80,73,73,-2,-2,78,78,78,75,75,75,75,45,45,103,103,61,61,42,42,75,75,75,28,28,15,15,69,69,56,56,56,56,56,64,64,64,68,68,68,61,61,72,79,79,95,95,57,57,40,40,36,36,40,40,59,59,46,46,70,70,47,47,63,63,78,78,57,57,74,74,74,34,34,34,73,73,73,68,68,33,33,47,47,47,48,48,48,26,26,26,62,62,62,51,51,51,59,59,16,16,16,16,16,16,16,81,81,81,81,62,62,62,74,74,102,102,66,66,69,69,69,47,47,47,47,30,30,30,30,59,59,59,63,63,124,124,63,63,63,84,84,84,84,48,48,48,84,84,84,117,117,94,94,94,91,91,91,91,140,140,140,140,114,114,114,114,77,77,12,12,36,36,38,38,38,26,26,26,68,68,68,56,56,56,74,74,85,85,85,87,87,87,87,43,43,43,43,113,113,113,113,58,58,58,85,85,46,46,46,53,53,53,27,27,27,27,49,49,49,49,90,90,109,109,99,99,99,167,167,167,167,164,164,164,164,164,164,78,78,80,80,136,136,136,93,93,93,122,122,122,122,169,169,169,169,113,113,120,120,74,74,74,102,102,102,102,64,64,64,64,64,70,70,70,70,57,57,82,82,162,162,162,97,97,97,97,131,131,131,131,116,116,116,102,102,102,119,119,119,119,119,79,79,79,118,118,118,118,159,159,159,159,145,145,145,135,135,184,184,168,168,121,121,121,108,108,108,108,71,71,89,89,113,113,105,105,105,74,74,74,74,112,112,112,112,164,164,164,144,144,147,147,110,110,143,143,143,132,132,132,132,132,132,105,105,151,151,90,90,90,57,57,57,78,78,78,78,63,63,63,63,44,44,44,77,77,111,111,111,128,128,128,128,100,100,100,100,56,56,56,63,63,53,53,65,65,65,85,85,85,91,91,90,90,113,114,114,95,95,128,128,104,104,104,94,94,115,115,107,107,117,117,110,110,110,130,130,130,96,96,96,106,106,85,85,110,110,107,107,101,101,101,113,113,113,102,102,102,110,110,90,90,109,109,103,103,103,102,102,102,94,94,94,94,78,78,78,78,103,103,103,106,106,106,116,116,116,128,128,128,77,77,77,67,67,67,53,53,53,93,93,93,122,122,122,142,142,142,133,133,133
144,24.37600000000000122,64,21,-25,-25,-43,-43,-43,-7,-7,-7,45,45,45,45,27,27,27,27,-4,-4,-4,36,36,2,2,2,55,55,55,55,122,122,122,63,63,34,34,70,70,36,36,36,34,34,34,34,27,27,27,18,18,-35,-35,5,5,38,38,25,25,25,43,43,43,43,61,61,72,72,27,27,44,44,55,55,55,7,7,4,4,14,14,25,25,35,35,35,76,76,76,74,74,74,49,49,59,103,103,81,81,70,70,75,75,26,26,16,16,59,59,22,22,56,56,51,51,61,61,59,59,58,58,23,23,23,24,24,24,75,75,75,59,59,27,27,93,93,93,61,61,61,31,31,31,36,36,36,92,92,92,55,55,5,5,5,37,37,37,37,48,48,48,48,22,22,22,60,60,77,77,43,43,37,37,37,60,60,60,60,-9,-9,-9,-9,98,98,98,33,33,54,54,45,45,45,104,104,104,104,42,42,42,61,61,61,83,83,93,93,93,58,58,58,58,128,128,128,128,90,90,90,90,45,45,-13,-13,14,14,31,31,31,28,28,28,73,73,73,15,15,15,21,21,63,63,63,42,42,42,42,39,39,39,39,57,57,57,57,33,33,33,44,44,20,20,20,47,47,47,17,17,17,17,5,5,5,5,68,68,72,72,31,31,31,138,138,138,138,142,142,142,118,118,118,48,48,37,37,96,96,96,62,62,62,93,93,93,93,75,75,75,75,59,59,33,33,16,16,16,59,59,59,59,86,86,86,86,86,59,59,59,59,54,54,72,72,103,103,103,73,73,73,73,122,122,122,122,111,111,111,53,53,53,62,62,71,71,71,55,55,55,97,97,97,97,137,137,137,137,89,89,89,111,111,118,118,77,77,102,102,102,90,90,90,90,40,40,33,33,87,87,59,59,59,77,77,77,77,71,71,71,71,131,131,131,144,144,123,123,86,86,83,83,83,108,108,108,105,105,105,88,88,106,106,40,40,40,22,22,22,72,72,72,72,42,42,42,42,65,65,65,58,58,85,85,85,81,81,81,81,91,91,91,91,29,29,29,18,18,31,31,49,49,49,79,79,79,72,72,78,78,58,72,72,73,73,85,85,99,99,99,48,48,58,58,88,88,65,65,83,83,83,109,109,109,58,58,58,57,57,42,42,35,35,66,66,91,91,91,80,80,80,64,64,64,71,71,64,64,56,56,73,73,73,54,54,54,48,48,48,48,56,56,56,56,61,61,61,77,77,77,83,83,83,97,97,97,50,50,50,29,29,29,21,21,21,62,62,62,82,82,82,109,109,109,104,104,104
145,24.57600000000000051,45,63,40,40,9,9,9,25,25,25,104,104,104,104,64,64,64,64,38,38,38,-22,-22,30,30,30,140,140,140,140,55,55,55,50,50,62,62,45,45,45,45,45,68,68,68,68,51,51,51,29,29,45,45,16,16,-3,-3,50,50,50,33,33,33,33,87,87,104,104,29,29,10,10,41,41,41,-5,-5,33,33,18,18,59,59,37,37,37,81,81,81,15,15,15,28,28,40,54,54,72,72,75,75,79,79,-4,-4,19,19,18,18,6,6,-1,-1,40,40,40,40,28,28,8,8,26,26,26,28,28,28,51,51,51,60,60,42,42,74,74,74,72,72,72,66,66,66,63,63,63,119,119,119,49,49,5,5,5,27,27,27,27,57,57,57,57,37,37,37,100,100,71,71,51,51,54,54,54,49,49,49,49,21,21,21,21,97,97,97,56,56,47,47,69,69,69,152,152,152,152,40,40,40,33,33,33,97,97,32,32,32,48,48,48,48,95,95,95,95,61,61,61,61,32,32,23,23,17,17,15,15,15,56,56,56,89,89,89,18,18,18,23,23,74,74,74,51,51,51,51,41,41,41,41,66,66,66,66,78,78,78,18,18,-4,-4,-4,39,39,39,82,82,82,82,40,40,40,40,51,51,65,65,70,70,70,108,108,108,108,97,97,97,143,143,143,50,50,24,24,74,74,74,30,30,30,71,71,71,71,86,86,86,86,32,32,-21,-21,-9,-9,-9,54,54,54,54,58,58,58,58,58,55,55,55,55,68,68,45,45,52,52,52,72,72,72,72,86,86,86,86,61,61,61,37,37,37,57,57,33,33,33,55,55,55,80,80,80,80,118,118,118,118,34,34,34,80,80,64,64,83,83,90,90,90,62,62,62,62,39,39,51,51,53,53,45,45,45,71,71,71,71,65,65,65,65,171,171,171,113,113,83,83,37,37,57,57,57,56,56,56,81,81,81,47,47,62,62,75,75,75,21,21,21,76,76,76,76,6,6,6,6,61,61,61,72,72,59,59,59,66,66,66,66,72,72,72,72,-2,-2,-2,30,30,11,11,39,39,39,49,49,49,68,68,67,67,73,42,42,78,78,75,75,92,92,92,38,38,29,29,48,48,53,53,66,66,66,109,109,109,56,56,56,36,36,14,14,12,12,63,63,77,77,77,73,73,73,56,56,56,76,76,59,59,45,45,51,51,51,18,18,18,22,22,22,22,38,38,38,38,39,39,39,39,39,39,51,51,51,51,51,51,55,55,55,42,42,42,2,2,2,34,34,34,60,60,60,104,104,104,90,90,90
146,24.7759999999999998,63,71,44,44,43,43,43,51,51,51,146,146,146,146,41,41,41,41,56,56,56,-5,-5,37,37,37,67,67,67,67,121,121,121,41,41,21,21,53,53,55,55,55,72,72,72,72,41,41,41,60,60,43,43,25,25,6,6,19,19,19,73,73,73,73,80,80,118,118,29,29,73,73,28,28,28,52,52,37,37,21,21,40,40,71,71,71,79,79,79,33,33,33,24,24,26,40,40,98,98,122,122,82,82,45,45,50,50,12,12,8,8,12,12,42,42,37,37,64,64,6,6,33,33,33,10,10,10,47,47,47,87,87,81,81,92,92,92,76,76,76,79,79,79,83,83,83,98,98,98,74,74,50,50,50,40,40,40,40,77,77,77,77,57,57,57,67,67,129,129,52,52,52,52,52,44,44,44,44,47,47,47,47,130,130,130,68,68,53,53,71,71,71,142,142,142,142,57,57,57,51,51,51,67,67,35,35,35,72,72,72,72,105,105,105,105,93,93,93,93,71,71,14,14,28,28,39,39,39,112,112,112,116,116,116,93,93,93,66,66,95,95,95,103,103,103,103,76,76,76,76,70,70,70,70,95,95,95,58,58,34,34,34,67,67,67,98,98,98,98,92,92,92,92,108,108,103,103,119,119,119,129,129,129,129,103,103,103,128,128,128,82,82,47,47,93,93,93,56,56,56,87,87,87,87,71,71,71,71,25,25,3,3,7,7,7,65,65,65,65,94,94,94,94,94,82,82,82,82,99,99,58,58,43,43,43,74,74,74,74,62,62,62,62,59,59,59,48,48,48,61,61,73,73,73,65,65,65,101,101,101,101,104,104,104,104,83,83,83,72,72,51,51,111,111,115,115,115,41,41,41,41,96,96,45,45,62,62,86,86,86,68,68,68,68,143,143,143,143,141,141,141,125,125,87,87,53,53,81,81,81,69,69,69,72,72,72,77,77,82,82,35,35,35,45,45,45,60,60,60,60,22,22,22,22,63,63,63,69,69,42,42,42,64,64,64,64,60,60,60,60,8,8,8,37,37,50,50,55,55,55,69,69,69,47,47,74,74,81,55,55,41,41,83,83,92,92,92,104,104,19,19,56,56,50,50,44,44,44,68,68,68,51,51,51,30,30,34,34,21,21,61,61,94,94,94,76,76,76,41,41,41,49,49,45,45,46,46,44,44,44,21,21,21,33,33,33,33,61,61,61,61,81,81,81,40,40,40,40,40,40,72,72,72,92,92,92,50,50,50,34,34,34,37,37,37,79,79,79,136,136,136,150,150,150
147,24.97599999999999909,52,124,54,54,76,76,76,67,67,67,93,93,93,93,70,70,70,70,69,69,69,-84,-84,119,119,119,59,59,59,59,58,58,58,52,52,48,48,38,38,83,83,83,64,64,64,64,45,45,45,104,104,1,1,20,20,34,34,61,61,61,64,64,64,64,78,78,110,110,29,29,58,58,2,2,2,42,42,82,82,40,40,95,95,68,68,68,97,97,97,6,6,6,10,10,-20,62,62,75,75,82,82,99,99,92,92,63,63,20,20,32,32,71,71,80,80,57,57,82,82,70,70,45,45,45,35,35,35,73,73,73,106,106,105,105,114,114,114,54,54,54,86,86,86,59,59,59,82,82,82,61,61,50,50,50,98,98,98,98,83,83,83,83,66,66,66,101,101,92,92,76,76,68,68,68,76,76,76,76,62,62,62,62,98,98,98,79,79,61,61,115,115,115,121,121,121,121,79,79,79,59,59,59,74,74,67,67,67,79,79,79,79,128,128,128,128,109,109,109,109,97,97,104,104,29,29,84,84,84,126,126,126,127,127,127,95,95,95,98,98,87,87,87,113,113,113,113,104,104,104,104,97,97,97,97,135,135,135,102,102,62,62,62,111,111,111,111,111,111,111,152,152,152,152,148,148,123,123,156,156,156,153,153,153,153,122,122,122,141,141,141,118,118,96,96,96,96,96,95,95,95,108,108,108,108,49,49,49,49,57,57,15,15,77,77,77,81,81,81,81,98,98,98,98,98,122,122,122,122,125,125,86,86,76,76,76,94,94,94,94,81,81,81,81,62,62,62,74,74,74,90,90,66,66,66,114,114,114,118,118,118,118,98,98,98,98,107,107,107,94,94,51,51,88,88,86,86,86,75,75,75,75,90,90,92,92,73,73,124,124,124,89,89,89,89,113,113,113,113,133,133,133,171,171,119,119,117,117,118,118,118,95,95,95,122,122,122,64,64,56,56,62,62,62,69,69,69,63,63,63,63,25,25,25,25,68,68,68,49,49,65,65,65,90,90,90,90,72,72,72,72,40,40,40,91,91,64,64,82,82,82,66,66,66,55,55,112,112,106,91,91,77,77,90,90,100,100,100,120,120,61,61,61,61,76,76,67,67,67,71,71,71,49,49,49,40,40,34,34,39,39,69,69,107,107,107,92,92,92,60,60,60,70,70,44,44,37,37,40,40,40,27,27,27,49,49,49,49,85,85,85,85,81,81,81,71,71,71,83,83,83,82,82,82,106,106,106,103,103,103,97,97,97,103,103,103,112,112,112,140,140,140,174,174,174
148,25.17600000000000193,77,100,84,84,77,77,77,47,47,47,37,37,37,37,63,63,63,63,43,43,43,-39,-39,-1,-1,-1,67,67,67,67,61,61,61,10,10,59,59,41,41,70,70,70,83,83,83,83,-52,-52,-52,111,111,28,28,41,41,68,68,83,83,83,55,55,55,55,70,70,45,45,32,32,29,29,22,22,22,38,38,78,78,81,81,55,55,108,108,108,48,48,48,24,24,24,-24,-24,-48,24,24,41,41,100,100,79,79,71,71,58,58,86,86,24,24,-4,-4,67,67,71,71,49,49,80,80,66,66,66,68,68,68,83,83,83,75,75,89,89,101,101,101,49,49,49,55,55,55,33,33,33,46,46,46,56,56,93,93,93,88,88,88,88,60,60,60,60,78,78,78,71,71,81,81,55,55,50,50,50,48,48,48,48,30,30,30,30,91,91,91,76,76,90,90,94,94,94,121,121,121,121,42,42,42,44,44,44,47,47,85,85,85,80,80,80,80,88,88,88,88,116,116,116,116,64,64,64,64,71,71,59,59,59,122,122,122,110,110,110,71,71,71,87,87,49,49,49,106,106,106,106,114,114,114,114,92,92,92,92,102,102,102,128,128,88,88,88,99,99,99,116,116,116,116,141,141,141,141,159,159,103,103,139,139,139,115,115,115,115,106,106,106,132,132,132,136,136,90,90,98,98,98,120,120,120,88,88,88,88,32,32,32,32,29,29,25,25,69,69,69,57,57,57,57,61,61,61,61,61,77,77,77,77,113,113,110,110,69,69,69,124,124,124,124,67,67,67,67,52,52,52,80,80,80,94,94,71,71,71,102,102,102,82,82,82,82,97,97,97,97,132,132,132,105,105,77,77,111,111,145,145,145,55,55,55,55,104,104,105,105,92,92,116,116,116,86,86,86,86,90,90,90,90,109,109,109,154,154,120,120,114,114,111,111,111,125,125,125,84,84,84,92,92,70,70,39,39,39,80,80,80,56,56,56,56,50,50,50,50,86,86,86,61,61,60,60,60,73,73,73,73,76,76,76,76,67,67,67,65,65,79,79,106,106,106,83,83,83,54,54,106,106,92,114,114,101,101,87,87,89,89,89,111,111,86,86,63,63,67,67,54,54,54,51,51,51,53,53,53,32,32,30,30,39,39,49,49,106,106,106,80,80,80,53,53,53,46,46,44,44,48,48,26,26,26,4,4,4,64,64,64,64,74,74,74,74,77,77,77,71,71,71,76,76,76,81,81,81,91,91,91,121,121,121,106,106,106,140,140,140,134,134,134,138,138,138,189,189,189
149,25.37600000000000122,75,83,48,48,45,45,45,4,4,4,7,7,7,7,7,7,7,7,1,1,1,-47,-47,-15,-15,-15,20,20,20,20,31,31,31,-8,-8,37,37,11,11,63,63,63,24,24,24,24,74,74,74,-8,-8,-20,-20,51,51,9,9,36,36,36,4,4,4,4,20,20,19,19,14,14,58,58,56,56,56,33,33,-6,-6,14,14,16,16,29,29,29,16,16,16,-64,-64,-64,-52,-52,-47,-4,-4,-17,-17,23,23,-1,-1,-10,-10,-19,-19,22,22,-6,-6,17,17,20,20,13,13,9,9,70,70,51,51,51,66,66,66,23,23,23,20,20,36,36,0,0,0,1,1,1,3,3,3,2,2,2,-31,-31,-31,-4,-4,15,15,15,33,33,33,33,34,34,34,34,-4,-4,-4,2,2,2,2,32,32,19,19,19,6,6,6,6,17,17,17,17,14,14,14,1,1,-17,-17,49,49,49,63,63,63,63,3,3,3,-15,-15,-15,-12,-12,52,52,52,35,35,35,35,48,48,48,48,39,39,39,39,36,36,42,42,26,26,52,52,52,75,75,75,54,54,54,69,69,69,47,47,8,8,8,57,57,57,57,70,70,70,70,29,29,29,29,60,60,60,96,96,56,56,56,57,57,57,54,54,54,54,107,107,107,107,112,112,80,80,71,71,71,52,52,52,52,26,26,26,87,87,87,115,115,54,54,60,60,60,95,95,95,16,16,16,16,-11,-11,-11,-11,-76,-76,9,9,72,72,72,26,26,26,26,11,11,11,11,11,63,63,63,63,84,84,47,47,24,24,24,47,47,47,47,36,36,36,36,15,15,15,44,44,44,60,60,41,41,41,66,66,66,25,25,25,25,57,57,57,57,134,134,134,82,82,53,53,43,43,95,95,95,21,21,21,21,70,70,63,63,64,64,82,82,82,22,22,22,22,46,46,46,46,60,60,60,118,118,74,74,63,63,65,65,65,61,61,61,43,43,43,41,41,32,32,6,6,6,40,40,40,50,50,50,50,13,13,13,13,29,29,29,26,26,20,20,20,58,58,58,58,29,29,29,29,48,48,48,38,38,32,32,56,56,56,24,24,24,-8,-8,76,76,69,67,67,95,95,88,88,74,74,74,75,75,35,35,31,31,27,27,35,35,35,5,5,5,31,31,31,9,9,-14,-14,-10,-10,3,3,86,86,86,59,59,59,-8,-8,-8,18,18,14,14,-10,-10,4,4,4,11,11,11,9,9,9,9,29,29,29,29,40,40,40,41,41,41,44,44,44,26,26,26,52,52,52,90,90,90,100,100,100,98,98,98,99,99,99,93,93,93,160,160,160
150,25.57600000000000051,13,-1,1,1,7,7,7,-14,-14,-14,-52,-52,-52,-52,20,20,20,20,-23,-23,-23,-66,-66,-83,-83,-83,-43,-43,-43,-43,-5,-5,-5,-68,-68,-12,-12,-73,-73,4,4,4,-32,-32,-32,-32,-131,-131,-131,-5,-5,-43,-43,-27,-27,8,8,3,3,3,-18,-18,-18,-18,-58,-58,-48,-48,-27,-27,-40,-40,-15,-15,-15,-25,-25,-24,-24,23,23,-13,-13,-22,-22,-22,-85,-85,-85,-84,-84,-84,-101,-101,-111,-48,-48,-86,-86,-86,-86,-57,-57,-40,-40,-34,-34,-36,-36,-74,-74,-31,-31,-37,-37,-53,-53,25,25,-45,-45,12,12,12,16,16,16,-21,-21,-21,-44,-44,-42,-42,-61,-61,-61,-66,-66,-66,-62,-62,-62,-56,-56,-56,-71,-71,-71,-99,-99,-45,-45,-45,-21,-21,-21,-21,-50,-50,-50,-50,-24,-24,-24,-61,-61,-23,-23,-40,-40,-29,-29,-29,-66,-66,-66,-66,15,15,15,15,-32,-32,-32,-64,-64,-47,-47,-37,-37,-37,-77,-77,-77,-77,-44,-44,-44,-49,-49,-49,-67,-67,-15,-15,-15,8,8,8,8,-58,-58,-58,-58,-9,-9,-9,-9,-7,-7,-3,-3,-10,-10,-8,-8,-8,7,7,7,-14,-14,-14,1,1,1,-36,-36,-63,-63,-63,-29,-29,-29,-29,-26,-26,-26,-26,-21,-21,-21,-21,13,13,13,29,29,-15,-15,-15,3,3,3,8,8,8,8,46,46,46,46,47,47,-4,-4,4,4,4,-50,-50,-50,-50,-29,-29,-29,1,1,1,41,41,0,0,-19,-19,-19,30,30,30,-20,-20,-20,-20,-60,-60,-60,-60,-73,-73,-65,-65,-27,-27,-27,-55,-55,-55,-55,-67,-67,-67,-67,-67,-13,-13,-13,-13,19,19,1,1,-52,-52,-52,-31,-31,-31,-31,-13,-13,-13,-13,-47,-47,-47,3,3,3,5,5,-8,-8,-8,36,36,36,-36,-36,-36,-36,-30,-30,-30,-30,55,55,55,-3,-3,-17,-17,1,1,-13,-13,-13,-8,-8,-8,-8,22,22,-17,-17,-26,-26,18,18,18,-44,-44,-44,-44,-31,-31,-31,-31,38,38,38,46,46,34,34,35,35,-49,-49,-49,3,3,3,-59,-59,-59,-59,-59,-29,-29,-60,-60,-60,4,4,4,-12,-12,-12,-12,-57,-57,-57,-57,-26,-26,-26,-24,-24,-31,-31,-31,9,9,9,9,-20,-20,-20,-20,2,2,2,-24,-24,-24,-24,9,9,9,3,3,3,4,4,11,11,6,12,12,24,24,9,9,18,18,18,6,6,3,3,14,14,-32,-32,-41,-41,-41,-52,-52,-52,-33,-33,-33,-42,-42,-49,-49,-72,-72,-50,-50,-4,-4,-4,5,5,5,-50,-50,-50,-60,-60,-41,-41,-56,-56,-21,-21,-21,-21,-21,-21,-28,-28,-28,-28,-23,-23,-23,-23,-26,-26,-26,3,3,3,-42,-42,-42,-54,-54,-54,-7,-7,-7,34,34,34,34,34,34,42,42,42,26,26,26,-10,-10,-10,83,83,83
151,25.7759999999999998,4,-23,-70,-70,-51,-51,-51,-56,-56,-56,-118,-118,-118,-118,-78,-78,-78,-78,-76,-76,-76,-95,-95,-94,-94,-94,-76,-76,-76,-76,-57,-57,-57,-82,-82,-92,-92,-92,-92,-55,-55,-55,-93,-93,-93,-93,-78,-78,-78,-54,-54,-56,-56,-46,-46,-64,-64,-88,-88,-88,-67,-67,-67,-67,-108,-108,-116,-116,-77,-77,-77,-77,-30,-30,-30,-80,-80,-74,-74,-38,-38,-50,-50,-19,-19,-19,-87,-87,-87,-101,-101,-101,-105,-105,-90,-96,-96,-113,-113,-151,-151,-104,-104,-71,-71,-17,-17,-39,-39,-61,-61,-73,-73,-73,-73,-54,-54,-53,-53,-77,-77,-55,-55,-55,-50,-50,-50,-83,-83,-83,-101,-101,-86,-86,-103,-103,-103,-102,-102,-102,-31,-31,-31,-72,-72,-72,-103,-103,-103,-110,-110,-72,-72,-72,-49,-49,-49,-49,-93,-93,-93,-93,-84,-84,-84,-82,-82,-118,-118,-89,-89,-93,-93,-93,-54,-54,-54,-54,-44,-44,-44,-44,-127,-127,-127,-95,-95,-117,-117,-101,-101,-101,-126,-126,-126,-126,-83,-83,-83,-100,-100,-100,-95,-95,-105,-105,-105,-108,-108,-108,-108,-104,-104,-104,-104,-70,-70,-70,-70,-79,-79,-31,-31,-44,-44,-64,-64,-64,-50,-50,-50,-65,-65,-65,-65,-65,-65,-74,-74,-86,-86,-86,-115,-115,-115,-115,-78,-78,-78,-78,-51,-51,-51,-51,-40,-40,-40,-65,-65,-86,-86,-86,-65,-65,-65,-36,-36,-36,-36,-13,-13,-13,-13,-13,-13,-24,-24,-69,-69,-69,-123,-123,-123,-123,-76,-76,-76,-59,-59,-59,-32,-32,-61,-61,-83,-83,-83,-51,-51,-51,-71,-71,-71,-71,-105,-105,-105,-105,-65,-65,-111,-111,-74,-74,-74,-84,-84,-84,-84,-84,-84,-84,-84,-84,-42,-42,-42,-42,-34,-34,-61,-61,-99,-99,-99,-82,-82,-82,-82,-49,-49,-49,-49,-66,-66,-66,-40,-40,-40,-28,-28,-49,-49,-49,-69,-69,-69,-87,-87,-87,-87,-78,-78,-78,-78,-6,-6,-6,-37,-37,-51,-51,-42,-42,-48,-48,-48,-60,-60,-60,-60,-38,-38,-30,-30,-68,-68,-65,-65,-65,-110,-110,-110,-110,-75,-75,-75,-75,-69,-69,-69,-30,-30,-40,-40,-72,-72,-29,-29,-29,-46,-46,-46,-94,-94,-94,-66,-66,-111,-111,-93,-93,-93,-58,-58,-58,-85,-85,-85,-85,-59,-59,-59,-59,-81,-81,-81,-76,-76,-80,-80,-80,-66,-66,-66,-66,-79,-79,-79,-79,-42,-42,-42,-75,-75,-68,-68,-48,-48,-48,-88,-88,-88,-21,-21,-65,-65,-46,-50,-50,-42,-42,-39,-39,-69,-69,-69,-67,-67,-58,-58,-62,-62,-64,-64,-99,-99,-99,-102,-102,-102,-105,-105,-105,-99,-99,-95,-95,-98,-98,-111,-111,-88,-88,-88,-66,-66,-66,-106,-106,-106,-98,-98,-73,-73,-65,-65,-66,-66,-66,-73,-73,-73,-72,-72,-72,-72,-81,-81,-81,-81,-77,-77,-77,-67,-67,-67,-87,-87,-87,-89,-89,-89,-65,-65,-65,-52,-52,-52,-40,-40,-40,-44,-44,-44,-57,-57,-57,-82,-82,-82,-10,-10,-10
152,25.97599999999999909,-27,-77,-67,-67,-68,-68,-68,-39,-39,-39,-108,-108,-108,-108,-84,-84,-84,-84,-102,-102,-102,-81,-81,-80,-80,-80,-99,-99,-99,-99,-78,-78,-78,-119,-119,-104,-104,-107,-107,-79,-79,-79,-43,-43,-43,-43,-74,-74,-74,-105,-105,-55,-55,-57,-57,-75,-75,-63,-63,-63,-89,-89,-89,-89,-105,-105,-119,-119,-63,-63,-86,-86,-52,-52,-52,-79,-79,-65,-65,-106,-106,-89,-89,-72,-72,-72,-107,-107,-107,-49,-49,-49,-65,-65,-55,-102,-102,-141,-141,-125,-125,-111,-111,-68,-68,-35,-35,-74,-74,-60,-60,-65,-65,-97,-97,-85,-85,-87,-87,-67,-67,-62,-62,-62,-56,-56,-56,-70,-70,-70,-119,-119,-132,-132,-108,-108,-108,-84,-84,-84,-69,-69,-69,-80,-80,-80,-99,-99,-99,-103,-103,-77,-77,-77,-82,-82,-82,-82,-115,-115,-115,-115,-97,-97,-97,-102,-102,-127,-127,-87,-87,-82,-82,-82,-94,-94,-94,-94,-53,-53,-53,-53,-108,-108,-108,-134,-134,-98,-98,-98,-98,-98,-142,-142,-142,-142,-77,-77,-77,-80,-80,-80,-124,-124,-112,-112,-112,-93,-93,-93,-93,-88,-88,-88,-88,-66,-66,-66,-66,-73,-73,-62,-62,-63,-63,-74,-74,-74,-87,-87,-87,-121,-121,-121,-105,-105,-105,-83,-83,-101,-101,-101,-142,-142,-142,-142,-84,-84,-84,-84,-53,-53,-53,-53,-32,-32,-32,-88,-88,-85,-85,-85,-88,-88,-88,-90,-90,-90,-90,-25,-25,-25,-25,-29,-29,-97,-97,-104,-104,-104,-137,-137,-137,-137,-90,-90,-90,-102,-102,-102,-85,-85,-75,-75,-101,-101,-101,-67,-67,-67,-74,-74,-74,-74,-67,-67,-67,-67,-91,-91,-115,-115,-90,-90,-90,-74,-74,-74,-74,-68,-68,-68,-68,-68,-51,-51,-51,-51,-68,-68,-87,-87,-70,-70,-70,-95,-95,-95,-95,-77,-77,-77,-77,-89,-89,-89,-56,-56,-56,-62,-62,-79,-79,-79,-84,-84,-84,-104,-104,-104,-104,-80,-80,-80,-80,-47,-47,-47,-57,-57,-74,-74,-61,-61,-82,-82,-82,-72,-72,-72,-72,-49,-49,-69,-69,-78,-78,-72,-72,-72,-95,-95,-95,-95,-61,-61,-61,-61,-75,-75,-75,-51,-51,-98,-98,-87,-87,-108,-108,-108,-120,-120,-120,-121,-121,-121,-137,-137,-121,-121,-107,-107,-107,-62,-62,-62,-121,-121,-121,-121,-79,-79,-79,-79,-100,-100,-100,-83,-83,-117,-117,-117,-94,-94,-94,-94,-95,-95,-95,-95,-65,-65,-65,-76,-76,-77,-77,-81,-81,-81,-95,-95,-95,-52,-52,-90,-90,-81,-66,-66,-56,-56,-83,-83,-81,-81,-81,-88,-88,-87,-87,-98,-98,-67,-67,-88,-88,-88,-119,-119,-119,-83,-83,-83,-106,-106,-84,-84,-108,-108,-95,-95,-86,-86,-86,-91,-91,-91,-101,-101,-101,-100,-100,-97,-97,-64,-64,-81,-81,-81,-55,-55,-55,-45,-45,-45,-45,-88,-88,-88,-88,-98,-98,-98,-90,-90,-90,-100,-100,-100,-80,-80,-80,-83,-83,-83,-76,-76,-76,-87,-87,-87,-101,-101,-101,-62,-62,-62,-100,-100,-100,-54,-54,-54
153,26.17600000000000193,-47,-108,-72,-72,-43,-43,-43,-67,-67,-67,-35,-35,-35,-35,-51,-51,-51,-51,-75,-75,-75,-4,-4,-75,-75,-75,-89,-89,-89,-89,-65,-65,-65,-76,-76,-70,-70,-68,-68,-82,-82,-82,-86,-86,-86,-86,-51,-51,-51,-81,-81,-71,-71,-80,-80,-79,-79,-19,-19,-19,-41,-41,-41,-41,-79,-79,-80,-80,-34,-34,-70,-70,-29,-29,-29,-88,-88,-65,-65,-72,-72,-113,-113,-98,-98,-98,-126,-126,-126,-3,-3,-3,-10,-10,-41,-78,-78,-79,-79,-107,-107,-92,-92,-16,-16,-2,-2,-19,-19,-63,-63,-47,-47,-92,-92,-37,-37,-70,-70,-46,-46,-66,-66,-66,-41,-41,-41,-74,-74,-74,-68,-68,-99,-99,-76,-76,-76,-93,-93,-93,-68,-68,-68,-4,-4,-4,-41,-41,-41,-73,-73,-51,-51,-51,-52,-52,-52,-52,-55,-55,-55,-55,-34,-34,-34,-79,-79,-84,-84,-72,-72,-28,-28,-28,-64,-64,-64,-64,-44,-44,-44,-44,-87,-87,-87,-76,-76,-61,-61,-53,-53,-53,-112,-112,-112,-112,-49,-49,-49,-77,-77,-77,-56,-56,-88,-88,-88,-80,-80,-80,-80,-44,-44,-44,-44,-97,-97,-97,-97,-19,-19,-52,-52,-37,-37,-59,-59,-59,-113,-113,-113,-118,-118,-118,-74,-74,-74,-70,-70,-84,-84,-84,-71,-71,-71,-71,-71,-71,-71,-71,-65,-65,-65,-65,-59,-59,-59,-62,-62,-44,-44,-44,-67,-67,-67,-71,-71,-71,-71,-24,-24,-24,-24,-23,-23,-104,-104,-115,-115,-115,-106,-106,-106,-106,-33,-33,-33,-100,-100,-100,-104,-104,-71,-71,-101,-101,-101,-30,-30,-30,-60,-60,-60,-60,-59,-59,-59,-59,-57,-57,-56,-56,-52,-52,-52,-63,-63,-63,-63,-32,-32,-32,-32,-32,-16,-16,-16,-16,-67,-67,-14,-14,-51,-51,-51,-78,-78,-78,-78,-35,-35,-35,-35,-49,-49,-49,-37,-37,-37,-48,-48,-49,-49,-49,-92,-92,-92,-65,-65,-65,-65,-59,-59,-59,-59,-52,-52,-52,-34,-34,-55,-55,-50,-50,-35,-35,-35,-35,-35,-35,-35,-48,-48,-54,-54,-87,-87,-60,-60,-60,-36,-36,-36,-36,-33,-33,-33,-33,-44,-44,-44,-50,-50,-85,-85,-67,-67,-80,-80,-80,-72,-72,-72,-96,-96,-96,-94,-94,-105,-105,-78,-78,-78,-38,-38,-38,-73,-73,-73,-73,-89,-89,-89,-89,-70,-70,-70,-46,-46,-88,-88,-88,-80,-80,-80,-80,-87,-87,-87,-87,-40,-40,-40,-75,-75,-66,-66,-45,-45,-45,-60,-60,-60,-41,-41,-77,-77,-87,-70,-70,-67,-67,-63,-63,-93,-93,-93,-85,-85,-71,-71,-48,-48,-45,-45,-76,-76,-76,-77,-77,-77,-57,-57,-57,-55,-55,-50,-50,-63,-63,-64,-64,-84,-84,-84,-62,-62,-62,-56,-56,-56,-61,-61,-73,-73,-55,-55,-32,-32,-32,0,0,0,2,2,2,2,-34,-34,-34,-34,-65,-65,-65,-90,-90,-90,-76,-76,-76,-53,-53,-53,-52,-52,-52,-33,-33,-33,-76,-76,-76,-66,-66,-66,-51,-51,-51,-61,-61,-61,-74,-74,-74
154,26.37600000000000122,-94,-55,-34,-34,-55,-55,-55,-32,-32,-32,-81,-81,-81,-81,-83,-83,-83,-83,-126,-126,-126,-2,-2,-21,-21,-21,-68,-68,-68,-68,-1,-1,-1,9,9,-38,-38,-36,-36,-2,-2,-2,-21,-21,-21,-21,-45,-45,-45,-46,-46,60,60,-42,-42,-16,-16,-19,-19,-19,-26,-26,-26,-26,-45,-45,-43,-43,-29,-29,-98,-98,-59,-59,-59,-78,-78,-39,-39,-25,-25,-31,-31,-56,-56,-56,-98,-98,-98,10,10,10,3,3,44,-16,-16,-47,-47,-69,-69,-61,-61,-17,-17,38,38,7,7,44,44,-14,-14,-63,-63,-31,-31,-33,-33,-42,-42,-22,-22,-22,-6,-6,-6,-6,-6,-6,-51,-51,-70,-70,-66,-66,-66,-45,-45,-45,-8,-8,-8,-6,-6,-6,-10,-10,-10,-12,-12,-4,-4,-4,-21,-21,-21,-21,-12,-12,-12,-12,-54,-54,-54,-75,-75,-47,-47,-27,-27,-18,-18,-18,-23,-23,-23,-23,-4,-4,-4,-4,-69,-69,-69,-22,-22,-28,-28,-40,-40,-40,-66,-66,-66,-66,-25,-25,-25,-36,-36,-36,-1,-1,-22,-22,-22,-1,-1,-1,-1,-32,-32,-32,-32,-51,-51,-51,-51,-37,-37,-2,-2,-25,-25,-45,-45,-45,-58,-58,-58,-114,-114,-114,-60,-60,-60,-28,-28,-56,-56,-56,-38,-38,-38,-38,-75,-75,-75,-75,-39,-39,-39,-39,-37,-37,-37,-5,-5,-30,-30,-30,-63,-63,-63,-79,-79,-79,-79,-15,-15,-15,-15,-11,-11,-76,-76,-81,-81,-81,-51,-51,-51,-51,-23,-23,-23,-36,-36,-36,-118,-118,-71,-71,-69,-69,-69,-24,-24,-24,-16,-16,-16,-16,-17,-17,-17,-17,31,31,-7,-7,21,21,21,1,1,1,1,4,4,4,4,4,-15,-15,-15,-15,-47,-47,-43,-43,6,6,6,-35,-35,-35,-35,-21,-21,-21,-21,-4,-4,-4,-9,-9,-9,-56,-56,-13,-13,-13,-40,-40,-40,-10,-10,-10,-10,-4,-4,-4,-4,-44,-44,-44,-17,-17,-5,-5,8,8,14,14,14,8,8,8,8,-36,-36,-36,-36,-22,-22,-25,-25,-25,-13,-13,-13,-13,-6,-6,-6,-6,23,23,23,-69,-69,-30,-30,-7,-7,-40,-40,-40,-76,-76,-76,-50,-50,-50,-33,-33,-61,-61,-38,-38,-38,1,1,1,-42,-42,-42,-42,-40,-40,-40,-40,-46,-46,-46,-61,-61,-46,-46,-46,-53,-53,-53,-53,-40,-40,-40,-40,-30,-30,-30,-33,-33,-41,-41,-46,-46,-46,-60,-60,-60,-53,-53,-59,-59,-64,-22,-22,-57,-57,-42,-42,-43,-43,-43,-41,-41,-52,-52,-44,-44,-8,-8,-31,-31,-31,13,13,13,-17,-17,-17,-17,-17,-7,-7,-12,-12,-21,-21,-26,-26,-26,-45,-45,-45,-18,-18,-18,-34,-34,-8,-8,-8,-8,-8,-8,-8,23,23,23,40,40,40,40,12,12,12,12,-13,-13,-13,-28,-28,-28,-5,-5,-5,-16,-16,-16,-12,-12,-12,9,9,9,-11,-11,-11,-40,-40,-40,-5,-5,-5,-12,-12,-12,-49,-49,-49
155,26.57600000000000051,-25,-51,4,4,6,6,6,26,26,26,28,28,28,28,-29,-29,-29,-29,-18,-18,-18,85,85,-21,-21,-21,-18,-18,-18,-18,2,2,2,24,24,11,11,-11,-11,-5,-5,-5,-15,-15,-15,-15,13,13,13,23,23,44,44,25,25,10,10,19,19,19,-24,-24,-24,-24,-5,-5,-14,-14,-5,-5,-31,-31,-16,-16,-16,-14,-14,-51,-51,-16,-16,-15,-15,-22,-22,-22,8,8,8,51,51,51,41,41,68,29,29,-20,-20,0,0,-22,-22,22,22,14,14,22,22,46,46,23,23,1,1,-21,-21,7,7,7,7,-44,-44,-44,-29,-29,-29,-32,-32,-32,-13,-13,-32,-32,-65,-65,-65,44,44,44,9,9,9,2,2,2,8,8,8,39,39,2,2,2,-4,-4,-4,-4,38,38,38,38,-31,-31,-31,-1,-1,-5,-5,-21,-21,-18,-18,-18,22,22,22,22,-11,-11,-11,-11,-40,-40,-40,12,12,12,12,-24,-24,-24,-33,-33,-33,-33,12,12,12,-1,-1,-1,35,35,-3,-3,-3,-9,-9,-9,-9,0,0,0,0,-27,-27,-27,-27,-36,-36,23,23,-8,-8,-15,-15,-15,-35,-35,-35,-57,-57,-57,-8,-8,-8,-17,-17,-2,-2,-2,-16,-16,-16,-16,-53,-53,-53,-53,-20,-20,-20,-20,-5,-5,-5,16,16,-4,-4,-4,-20,-20,-20,-65,-65,-65,-65,-36,-36,-36,-36,-45,-45,-76,-76,-94,-94,-94,-24,-24,-24,-24,16,16,16,8,8,8,-116,-116,-63,-63,-38,-38,-38,11,11,11,30,30,30,30,2,2,2,2,35,35,66,66,41,41,41,1,1,1,1,31,31,31,31,31,-16,-16,-16,-16,-20,-20,-34,-34,16,16,16,16,16,16,16,-18,-18,-18,-18,22,22,22,7,7,7,-11,-11,5,5,5,18,18,18,5,5,5,5,21,21,21,21,3,3,3,8,8,19,19,19,19,-16,-16,-16,31,31,31,31,-38,-38,-51,-51,23,23,-27,-27,-27,6,6,6,6,-2,-2,-2,-2,42,42,42,-38,-38,-32,-32,-33,-33,-16,-16,-16,-38,-38,-38,-25,-25,-25,-9,-9,-19,-19,-27,-27,-27,12,12,12,6,6,6,6,-26,-26,-26,-26,-42,-42,-42,-30,-30,3,3,3,-27,-27,-27,-27,-11,-11,-11,-11,-23,-23,-23,-60,-60,-18,-18,-27,-27,-27,-26,-26,-26,-50,-50,-40,-40,-54,-15,-15,-37,-37,-20,-20,-9,-9,-9,-35,-35,-18,-18,-4,-4,-9,-9,9,9,9,29,29,29,29,29,29,34,34,9,9,39,39,9,9,-51,-51,-51,-3,-3,-3,-5,-5,-5,-1,-1,11,11,7,7,18,18,18,25,25,25,28,28,28,28,34,34,34,34,-2,-2,-2,-1,-1,-1,22,22,22,20,20,20,3,3,3,27,27,27,20,20,20,6,6,6,26,26,26,34,34,34,-49,-49,-49
156,26.7759999999999998,-35,0,-10,-10,33,33,33,23,23,23,82,82,82,82,-12,-12,-12,-12,-52,-52,-52,61,61,72,72,72,15,15,15,15,31,31,31,44,44,43,43,18,18,15,15,15,1,1,1,1,-8,-8,-8,-12,-12,25,25,59,59,59,59,43,43,43,-11,-11,-11,-11,22,22,42,42,21,21,-13,-13,5,5,5,29,29,-9,-9,-10,-10,-21,-21,-30,-30,-30,-39,-39,-39,69,69,69,98,98,84,42,42,32,32,18,18,-9,-9,2,2,57,57,60,60,65,65,34,34,-10,-10,-18,-18,23,23,24,24,11,11,11,-14,-14,-14,-3,-3,-3,9,9,4,4,4,4,4,23,23,23,-11,-11,-11,-14,-14,-14,0,0,0,35,35,6,6,6,2,2,2,2,8,8,8,8,-33,-33,-33,25,25,29,29,3,3,-5,-5,-5,23,23,23,23,-16,-16,-16,-16,16,16,16,32,32,24,24,-26,-26,-26,-41,-41,-41,-41,-22,-22,-22,13,13,13,49,49,0,0,0,14,14,14,14,25,25,25,25,-9,-9,-9,-9,17,17,-5,-5,-28,-28,-14,-14,-14,-45,-45,-45,-40,-40,-40,14,14,14,15,15,17,17,17,-21,-21,-21,-21,-47,-47,-47,-47,-2,-2,-2,-2,21,21,21,28,28,-10,-10,-10,-34,-34,-34,-49,-49,-49,-49,-59,-59,-59,-59,-29,-29,-56,-56,-80,-80,-80,-22,-22,-22,-22,-14,-14,-14,25,25,25,-92,-92,-63,-63,-7,-7,-7,7,7,7,25,25,25,25,35,35,35,35,15,15,73,73,36,36,36,21,21,21,21,27,27,27,27,27,-17,-17,-17,-17,-31,-31,-14,-14,11,11,11,17,17,17,17,1,1,1,1,22,22,22,-18,-18,-18,-10,-10,7,7,7,-1,-1,-1,12,12,12,12,27,27,27,27,-3,-3,-3,-24,-24,22,22,9,9,16,16,16,41,41,41,41,-30,-30,-24,-24,3,3,-31,-31,-31,22,22,22,22,2,2,2,2,56,56,56,-8,-8,22,22,-32,-32,-22,-22,-22,-15,-15,-15,-6,-6,-6,7,7,13,13,46,46,46,12,12,12,20,20,20,20,9,9,9,9,7,7,7,19,19,11,11,11,-25,-25,-25,-25,-19,-19,-19,-19,-5,-5,-5,-24,-24,-40,-40,-44,-44,-44,6,6,6,-14,-14,-35,-35,-21,-13,-13,0,0,-6,-6,11,11,11,-22,-22,-26,-26,-5,-5,4,4,19,19,19,35,35,35,14,14,14,35,35,27,27,16,16,11,11,-31,-31,-31,-12,-12,-12,-2,-2,-2,7,7,2,2,21,21,34,34,34,-8,-8,-8,5,5,5,5,21,21,21,21,8,8,8,-2,-2,-2,17,17,17,16,16,16,22,22,22,5,5,5,-9,-9,-9,-1,-1,-1,-3,-3,-3,36,36,36,-59,-59,-59
157,26.97599999999999909,4,16,12,12,49,49,49,41,41,41,73,73,73,73,29,29,29,29,12,12,12,71,71,61,61,61,-10,-10,-10,-10,27,27,27,68,68,39,39,18,18,25,25,25,5,5,5,5,34,34,34,41,41,50,50,31,31,2,2,49,49,49,33,33,33,33,31,31,38,38,11,11,24,24,-21,-21,-21,8,8,48,48,16,16,4,4,-22,-22,-22,15,15,15,20,20,20,99,99,112,71,71,51,51,54,54,41,41,64,64,32,32,51,51,47,47,38,38,20,20,41,41,-13,-13,10,10,-4,-4,-4,-22,-22,-22,27,27,27,29,29,30,30,35,35,35,74,74,74,-4,-4,-4,-5,-5,-5,21,21,21,53,53,-7,-7,-7,-8,-8,-8,-8,52,52,52,52,11,11,11,23,23,26,26,13,13,-12,-12,-12,38,38,38,38,-7,-7,-7,-7,34,34,34,24,24,25,25,23,23,23,33,33,33,33,6,6,6,25,25,25,56,56,-3,-3,-3,-24,-24,-24,-24,42,42,42,42,29,29,29,29,11,11,-4,-4,-8,-8,12,12,12,-20,-20,-20,2,2,2,21,21,21,36,36,37,37,37,31,31,31,31,-22,-22,-22,-22,43,43,43,43,30,30,30,9,9,-3,-3,-3,17,17,17,-37,-37,-37,-37,-39,-39,-39,-39,-18,-18,-21,-21,-51,-51,-51,18,18,18,18,19,19,19,15,15,15,-64,-64,-27,-27,27,27,27,-6,-6,-6,51,51,51,51,91,91,91,91,101,101,26,26,-9,-9,-9,31,31,31,31,19,19,19,19,19,-24,-24,-24,-24,-31,-31,-17,-17,15,15,15,23,23,23,23,18,18,18,18,29,29,29,-12,-12,-12,-6,-6,10,10,10,-14,-14,-14,21,21,21,21,35,35,35,35,4,4,4,-8,-8,11,11,11,11,-46,-46,-46,15,15,15,15,-24,-24,0,0,25,25,-12,-12,-12,8,8,8,8,51,51,51,51,83,83,83,25,25,32,32,-26,-26,-24,-24,-24,-22,-22,-22,16,16,16,59,59,36,36,24,24,24,-15,-15,-15,72,72,72,72,52,52,52,52,-5,-5,-5,39,39,24,24,24,-30,-30,-30,-30,31,31,31,31,-6,-6,-6,-9,-9,-25,-25,-21,-21,-21,19,19,19,3,3,-16,-16,0,7,7,-2,-2,32,32,25,25,25,-17,-17,1,1,4,4,14,14,8,8,8,5,5,5,18,18,18,23,23,22,22,42,42,12,12,-6,-6,-6,-10,-10,-10,13,13,13,36,36,40,40,26,26,15,15,15,-12,-12,-12,18,18,18,18,33,33,33,33,19,19,19,16,16,16,13,13,13,11,11,11,16,16,16,-20,-20,-20,-40,-40,-40,-63,-63,-63,-3,-3,-3,41,41,41,-27,-27,-27
158,27.17600000000000193,29,46,29,29,117,117,117,50,50,50,15,15,15,15,7,7,7,7,22,22,22,62,62,48,48,48,34,34,34,34,51,51,51,62,62,49,49,16,16,44,44,44,76,76,76,76,64,64,64,54,54,21,21,52,52,39,39,43,43,43,60,60,60,60,95,95,61,61,71,71,33,33,48,48,48,69,69,39,39,61,61,23,23,38,38,38,94,94,94,62,62,62,93,93,110,100,100,91,91,77,77,68,68,44,44,11,11,59,59,25,25,59,59,60,60,45,45,37,37,33,33,45,45,45,-11,-11,-11,37,37,37,82,82,88,88,92,92,92,76,76,76,32,32,32,25,25,25,63,63,63,69,69,3,3,3,78,78,78,78,59,59,59,59,40,40,40,51,51,30,30,21,21,7,7,7,78,78,78,78,25,25,25,25,75,75,75,68,68,41,41,44,44,44,40,40,40,40,54,54,54,66,66,66,52,52,4,4,4,-12,-12,-12,-12,83,83,83,83,47,47,47,47,74,74,28,28,19,19,24,24,24,42,42,42,83,83,83,43,43,43,55,55,68,68,68,9,9,9,9,23,23,23,23,84,84,84,84,70,70,70,32,32,30,30,30,77,77,77,-4,-4,-4,-4,15,15,15,15,41,41,9,9,1,1,1,46,46,46,46,61,61,61,73,73,73,6,6,26,26,70,70,70,53,53,53,104,104,104,104,139,139,139,139,130,130,51,51,17,17,17,47,47,47,47,60,60,60,60,60,34,34,34,34,9,9,16,16,28,28,28,34,34,34,34,53,53,53,53,55,55,55,27,27,27,25,25,43,43,43,17,17,17,63,63,63,63,57,57,57,57,25,25,25,22,22,32,32,20,20,28,28,28,40,40,40,40,61,61,51,51,66,66,24,24,24,19,19,19,19,48,48,48,48,67,67,67,74,74,43,43,44,44,18,18,18,43,43,43,64,64,64,95,95,85,85,50,50,50,24,24,24,64,64,64,64,100,100,100,100,61,61,61,59,59,52,52,52,10,10,10,10,61,61,61,61,13,13,13,22,22,21,21,-15,-15,-15,50,50,50,22,22,39,39,26,30,30,52,52,45,45,57,57,57,31,31,56,56,50,50,58,58,49,49,49,38,38,38,0,0,0,47,47,46,46,36,36,38,38,16,16,16,10,10,10,53,53,53,70,70,70,70,74,74,37,37,37,-13,-13,-13,9,9,9,9,17,17,17,17,40,40,40,38,38,38,47,47,47,46,46,46,43,43,43,2,2,2,-16,-16,-16,-9,-9,-9,19,19,19,57,57,57,18,18,18
159,27.37600000000000122,46,60,66,66,121,121,121,88,88,88,16,16,16,16,48,48,48,48,56,56,56,90,90,98,98,98,84,84,84,84,97,97,97,91,91,73,73,49,49,77,77,77,53,53,53,53,73,73,73,25,25,94,94,82,82,57,57,69,69,69,90,90,90,90,75,75,101,101,76,76,68,68,56,56,56,65,65,48,48,76,76,29,29,49,49,49,122,122,122,95,95,95,147,147,139,82,82,140,140,99,99,89,89,74,74,23,23,80,80,97,97,87,87,92,92,100,100,86,86,82,82,77,77,77,35,35,35,122,122,122,122,122,109,109,116,116,116,101,101,101,89,89,89,77,77,77,87,87,87,74,74,68,68,68,68,68,68,68,87,87,87,87,70,70,70,95,95,66,66,60,60,18,18,18,98,98,98,98,71,71,71,71,89,89,89,62,62,99,99,120,120,120,122,122,122,122,63,63,63,85,85,85,109,109,80,80,80,23,23,23,23,92,92,92,92,88,88,88,88,86,86,69,69,56,56,110,110,110,119,119,119,124,124,124,94,94,94,107,107,101,101,101,92,92,92,92,89,89,89,89,129,129,129,129,113,113,113,55,55,76,76,76,123,123,123,106,106,106,106,85,85,85,85,93,93,87,87,133,133,133,109,109,109,109,124,124,124,129,129,129,65,65,87,87,113,113,113,145,145,145,162,162,162,162,143,143,143,143,89,89,115,115,98,98,98,85,85,85,85,108,108,108,108,108,100,100,100,100,61,61,89,89,55,55,55,136,136,136,136,115,115,115,115,103,103,103,70,70,70,83,83,94,94,94,70,70,70,121,121,121,121,72,72,72,72,72,72,72,68,68,90,90,90,90,119,119,119,67,67,67,67,111,111,122,122,115,115,73,73,73,83,83,83,83,129,129,129,129,118,118,118,140,140,108,108,118,118,116,116,116,107,107,107,113,113,113,111,111,121,121,122,122,122,75,75,75,114,114,114,114,109,109,109,109,98,98,98,90,90,114,114,114,81,81,81,81,108,108,108,108,69,69,69,73,73,54,54,32,32,32,103,103,103,75,75,76,76,93,79,79,69,69,93,93,99,99,99,97,97,110,110,104,104,87,87,109,109,109,94,94,94,79,79,79,77,77,80,80,77,77,78,78,67,67,67,82,82,82,97,97,97,118,118,102,102,111,111,71,71,71,46,46,46,63,63,63,63,82,82,82,82,85,85,85,83,83,83,102,102,102,95,95,95,73,73,73,55,55,55,9,9,9,38,38,38,53,53,53,113,113,113,78,78,78
160,27.57600000000000051,101,131,126,126,175,175,175,154,154,154,76,76,76,76,122,122,122,122,109,109,109,102,102,115,115,115,129,129,129,129,118,118,118,125,125,107,107,91,91,131,131,131,70,70,70,70,165,165,165,115,115,108,108,96,96,127,127,133,133,133,120,120,120,120,142,142,156,156,133,133,132,132,90,90,90,105,105,138,138,102,102,126,126,104,104,104,193,193,193,112,112,112,160,160,145,102,102,135,135,165,165,156,156,88,88,81,81,99,99,108,108,104,104,129,129,115,115,81,81,96,96,115,115,115,82,82,82,124,124,124,170,170,132,132,144,144,144,102,102,102,115,115,115,68,68,68,119,119,119,124,124,63,63,63,135,135,135,135,124,124,124,124,136,136,136,115,115,103,103,113,113,106,106,106,113,113,113,113,140,140,140,140,159,159,159,159,159,121,121,159,159,159,127,127,127,127,78,78,78,121,121,121,127,127,115,115,115,95,95,95,95,108,108,108,108,168,168,168,168,159,159,137,137,128,128,130,130,130,166,166,166,205,205,205,146,146,146,140,140,138,138,138,133,133,133,133,158,158,158,158,171,171,171,171,158,158,158,146,146,164,164,164,163,163,163,172,172,172,172,152,152,152,152,144,144,145,145,142,142,142,167,167,167,167,162,162,162,149,149,149,150,150,148,148,192,192,192,175,175,175,205,205,205,205,194,194,194,194,151,151,121,121,167,167,167,139,139,139,139,147,147,147,147,147,139,139,139,139,135,135,110,110,120,120,120,173,173,173,173,148,148,148,148,147,147,147,119,119,119,141,141,137,137,137,161,161,161,155,155,155,155,114,114,114,114,144,144,144,148,148,131,131,133,133,109,109,109,122,122,122,122,161,161,145,145,138,138,165,165,165,138,138,138,138,144,144,144,144,151,151,151,188,188,160,160,140,140,181,181,181,182,182,182,142,142,142,152,152,155,155,142,142,142,114,114,114,125,125,125,125,170,170,170,170,146,146,146,166,166,163,163,163,137,137,137,137,129,129,129,129,108,108,108,126,126,136,136,102,102,102,131,131,131,135,135,139,139,151,152,152,119,119,162,162,160,160,160,168,168,186,186,147,147,145,145,156,156,156,116,116,116,96,96,96,117,117,115,115,116,116,127,127,110,110,110,131,131,131,135,135,135,166,166,149,149,160,160,105,105,105,112,112,112,105,105,105,105,145,145,145,145,145,145,145,161,161,161,151,151,151,171,171,171,151,151,151,124,124,124,120,120,120,116,116,116,150,150,150,164,164,164,159,159,159
161,27.7759999999999998,154,134,188,188,196,196,196,133,133,133,121,121,121,121,115,115,115,115,193,193,193,170,170,168,168,168,161,161,161,161,145,145,145,138,138,141,141,146,146,152,152,152,79,79,79,79,153,153,153,113,113,172,172,126,126,134,134,105,105,105,137,137,137,137,151,151,139,139,126,126,142,142,148,148,148,158,158,98,98,138,138,122,122,145,145,145,207,207,207,118,118,118,113,113,89,109,109,145,145,114,114,142,142,104,104,84,84,80,80,106,106,161,161,150,150,136,136,127,127,137,137,137,137,137,150,150,150,115,115,115,121,121,153,153,149,149,149,84,84,84,135,135,135,108,108,108,110,110,110,129,129,130,130,130,139,139,139,139,136,136,136,136,151,151,151,128,128,113,113,118,118,102,102,102,110,110,110,110,131,131,131,131,181,181,181,171,171,158,158,160,160,160,153,153,153,153,142,142,142,100,100,100,133,133,164,164,164,148,148,148,148,168,168,168,168,149,149,149,149,192,192,111,111,150,150,170,170,170,176,176,176,210,210,210,216,216,216,189,189,174,174,174,199,199,199,199,170,170,170,170,171,171,171,171,184,184,184,196,196,165,165,165,178,178,178,194,194,194,194,168,168,168,168,188,188,157,157,189,189,189,159,159,159,159,167,167,167,146,146,146,184,184,162,162,185,185,185,181,181,181,221,221,221,221,175,175,175,175,154,154,151,151,141,141,141,145,145,145,145,204,204,204,204,204,141,141,141,141,171,171,162,162,138,138,138,183,183,183,183,202,202,202,202,143,143,143,157,157,157,176,176,190,190,190,165,165,165,153,153,153,153,128,128,128,128,169,169,169,154,154,162,162,176,176,173,173,173,141,141,141,141,183,183,163,163,153,153,185,185,185,169,169,169,169,182,182,182,182,174,174,174,228,228,188,188,207,207,180,180,180,189,189,189,168,168,168,154,154,146,146,132,132,132,140,140,140,173,173,173,173,145,145,145,145,171,171,171,164,164,183,183,183,177,177,177,177,159,159,159,159,112,112,112,151,151,129,129,135,135,135,140,140,140,174,174,163,163,178,161,161,167,167,180,180,203,203,203,177,177,210,210,175,175,154,154,152,152,152,117,117,117,127,127,127,118,118,132,132,127,127,135,135,126,126,126,153,153,153,144,144,144,162,162,149,149,162,162,129,129,129,139,139,139,135,135,135,135,130,130,130,130,164,164,164,161,161,161,183,183,183,206,206,206,186,186,186,194,194,194,135,135,135,179,179,179,186,186,186,194,194,194,211,211,211
162,27.97599999999999909,169,164,131,131,152,152,152,130,130,130,93,93,93,93,188,188,188,188,226,226,226,148,148,172,172,172,178,178,178,178,113,113,113,118,118,113,113,125,125,154,154,154,151,151,151,151,130,130,130,138,138,115,115,146,146,155,155,141,141,141,90,90,90,90,136,136,165,165,130,130,144,144,130,130,130,130,130,169,169,136,136,152,152,169,169,169,105,105,105,119,119,119,94,94,51,83,83,119,119,81,81,104,104,79,79,63,63,45,45,67,67,104,104,96,96,128,128,138,138,89,89,118,118,118,94,94,94,132,132,132,112,112,133,133,99,99,99,47,47,47,113,113,113,95,95,95,77,77,77,105,105,127,127,127,90,90,90,90,120,120,120,120,155,155,155,157,157,122,122,131,131,90,90,90,101,101,101,101,133,133,133,133,134,134,134,144,144,144,144,139,139,139,152,152,152,152,144,144,144,128,128,128,123,123,159,159,159,163,163,163,163,184,184,184,184,178,178,178,178,216,216,171,171,147,147,167,167,167,173,173,173,209,209,209,161,161,161,160,160,152,152,152,164,164,164,164,198,198,198,198,204,204,204,204,220,220,220,212,212,149,149,149,151,151,151,193,193,193,193,143,143,143,143,180,180,216,216,185,185,185,162,162,162,162,137,137,137,158,158,158,191,191,179,179,177,177,177,178,178,178,199,199,199,199,165,165,165,165,166,166,117,117,146,146,146,145,145,145,145,179,179,179,179,179,148,148,148,148,170,170,162,162,123,123,123,193,193,193,193,195,195,195,195,155,155,155,149,149,149,183,183,164,164,164,147,147,147,138,138,138,138,149,149,149,149,189,189,189,167,167,165,165,168,168,172,172,172,138,138,138,138,177,177,172,172,146,146,174,174,174,167,167,167,167,184,184,184,184,181,181,181,235,235,202,202,209,209,186,186,186,172,172,172,164,164,164,155,155,143,143,115,115,115,116,116,116,154,154,154,154,169,169,169,169,174,174,174,157,157,152,152,152,168,168,168,168,160,160,160,160,108,108,108,136,136,145,145,158,158,158,150,150,150,151,151,175,175,145,167,167,200,200,187,187,188,188,188,198,198,193,193,183,183,149,149,131,131,131,94,94,94,132,132,132,108,108,90,90,113,113,117,117,126,126,126,157,157,157,136,136,136,147,147,127,127,146,146,118,118,118,131,131,131,110,110,110,110,127,127,127,127,134,134,134,161,161,161,158,158,158,142,142,142,197,197,197,150,150,150,170,170,170,161,161,161,188,188,188,171,171,171,211,211,211
163,28.17600000000000193,119,100,116,116,62,62,62,48,48,48,111,111,111,111,125,125,125,125,120,120,120,59,59,183,183,183,130,130,130,130,99,99,99,62,62,61,61,80,80,101,101,101,70,70,70,70,130,130,130,83,83,114,114,142,142,92,92,107,107,107,77,77,77,77,127,127,138,138,91,91,114,114,128,128,128,111,111,126,126,127,127,115,115,73,73,73,114,114,114,98,98,98,20,20,24,44,44,74,74,54,54,104,104,74,74,29,29,31,31,50,50,94,94,72,72,111,111,101,101,62,62,68,68,68,83,83,83,93,93,93,76,76,86,86,79,79,79,30,30,30,91,91,91,77,77,77,54,54,54,60,60,57,57,57,64,64,64,64,70,70,70,70,110,110,110,95,95,97,97,78,78,74,74,74,81,81,81,81,117,117,117,117,114,114,114,106,106,126,126,105,105,105,118,118,118,118,105,105,105,82,82,82,73,73,128,128,128,130,130,130,130,186,186,186,186,187,187,187,187,202,202,146,146,124,124,129,129,129,136,136,136,204,204,204,125,125,125,140,140,116,116,116,153,153,153,153,160,160,160,160,141,141,141,141,191,191,191,187,187,111,111,111,92,92,92,190,190,190,190,131,131,131,131,167,167,171,171,144,144,144,137,137,137,137,139,139,139,141,141,141,210,210,163,163,139,139,139,169,169,169,186,186,186,186,101,101,101,101,111,111,95,95,110,110,110,132,132,132,132,112,112,112,112,112,105,105,105,105,167,167,112,112,62,62,62,171,171,171,171,162,162,162,162,128,128,128,123,123,123,147,147,137,137,137,132,132,132,112,112,112,112,132,132,132,132,169,169,169,120,120,101,101,124,124,166,166,166,139,139,139,139,160,160,142,142,102,102,133,133,133,134,134,134,134,138,138,138,138,171,171,171,204,204,157,157,157,157,165,165,165,131,131,131,115,115,115,117,117,102,102,73,73,73,97,97,97,115,115,115,115,138,138,138,138,140,140,140,142,142,130,130,130,139,139,139,139,102,102,102,102,111,111,111,118,118,126,126,123,123,123,126,126,126,154,154,155,155,157,137,137,184,184,171,171,137,137,137,150,150,172,172,159,159,112,112,104,104,104,78,78,78,90,90,90,63,63,81,81,80,80,88,88,108,108,108,131,131,131,111,111,111,105,105,112,112,114,114,104,104,104,95,95,95,128,128,128,128,101,101,101,101,124,124,124,120,120,120,131,131,131,115,115,115,126,126,126,152,152,152,132,132,132,130,130,130,163,163,163,134,134,134,208,208,208
164,28.37600000000000122,70,20,32,32,-19,-19,-19,-5,-5,-5,0,0,0,0,95,95,95,95,64,64,64,56,56,91,91,91,33,33,33,33,52,52,52,4,4,22,22,1,1,-4,-4,-4,14,14,14,14,116,116,116,132,132,101,101,87,87,57,57,53,53,53,66,66,66,66,-5,-5,29,29,29,29,69,69,61,61,61,88,88,64,64,85,85,76,76,68,68,68,24,24,24,46,46,46,-23,-23,-61,39,39,11,11,-23,-23,16,16,-5,-5,14,14,29,29,44,44,39,39,35,35,47,47,76,76,55,55,41,41,41,49,49,49,50,50,50,0,0,5,5,4,4,4,8,8,8,55,55,55,26,26,26,2,2,2,24,24,22,22,22,55,55,55,55,49,49,49,49,65,65,65,64,64,52,52,117,117,35,35,35,43,43,43,43,35,35,35,35,94,94,94,66,66,51,51,63,63,63,51,51,51,51,52,52,52,34,34,34,60,60,66,66,66,99,99,99,99,172,172,172,172,161,161,161,161,133,133,117,117,77,77,55,55,55,120,120,120,78,78,78,67,67,67,86,86,103,103,103,72,72,72,72,138,138,138,138,98,98,98,98,147,147,147,88,88,55,55,55,86,86,86,96,96,96,96,134,134,134,134,124,124,131,131,86,86,86,80,80,80,80,103,103,103,105,105,105,140,140,92,92,86,86,86,133,133,133,124,124,124,124,89,89,89,89,55,55,44,44,47,47,47,82,82,82,82,67,67,67,67,67,99,99,99,99,116,116,100,100,65,65,65,119,119,119,119,128,128,128,128,92,92,92,108,108,108,67,67,80,80,80,88,88,88,74,74,74,74,89,89,89,89,152,152,152,91,91,97,97,123,123,99,99,99,94,94,94,94,108,108,115,115,51,51,77,77,77,106,106,106,106,110,110,110,110,139,139,139,139,139,137,137,110,110,109,109,109,83,83,83,71,71,71,54,54,61,61,32,32,32,66,66,66,54,54,54,54,72,72,72,72,105,105,105,76,76,68,68,68,68,68,68,68,59,59,59,59,57,57,57,53,53,65,65,104,104,104,89,89,89,111,111,120,120,124,79,79,147,147,117,117,74,74,74,141,141,111,111,105,105,66,66,58,58,58,55,55,55,65,65,65,59,59,46,46,50,50,69,69,99,99,99,82,82,82,69,69,69,55,55,61,61,48,48,56,56,56,80,80,80,84,84,84,84,77,77,77,77,91,91,91,91,91,91,77,77,77,71,71,71,78,78,78,92,92,92,75,75,75,99,99,99,132,132,132,95,95,95,159,159,159
165,28.57600000000000051,69,-11,-24,-24,-69,-69,-69,-66,-66,-66,-6,-6,-6,-6,72,72,72,72,56,56,56,-37,-37,19,19,19,49,49,49,49,32,32,32,-8,-8,-34,-34,-37,-37,-5,-5,-5,52,52,52,52,67,67,67,2,2,37,37,62,62,33,33,41,41,41,16,16,16,16,15,15,-47,-47,-1,-1,-38,-38,11,11,11,9,9,45,45,14,14,13,13,30,30,30,-47,-47,-47,3,3,3,-45,-45,-63,-61,-61,-45,-45,-21,-21,-42,-42,-11,-11,11,11,-21,-21,-33,-33,13,13,47,47,-1,-1,1,1,10,10,9,9,9,5,5,5,3,3,3,14,14,-16,-16,-36,-36,-36,-12,-12,-12,-27,-27,-27,24,24,24,1,1,1,-34,-34,-20,-20,-20,22,22,22,22,33,33,33,33,28,28,28,6,6,49,49,40,40,19,19,19,-7,-7,-7,-7,18,18,18,18,19,19,19,22,22,12,12,28,28,28,10,10,10,10,16,16,16,11,11,11,13,13,54,54,54,67,67,67,67,87,87,87,87,129,129,129,129,101,101,93,93,62,62,44,44,44,66,66,66,34,34,34,10,10,10,31,31,20,20,20,38,38,38,38,62,62,62,62,52,52,52,52,65,65,65,27,27,32,32,32,-6,-6,-6,40,40,40,40,56,56,56,56,89,89,39,39,31,31,31,40,40,40,40,67,67,67,84,84,84,76,76,61,61,19,19,19,83,83,83,-9,-9,-9,-9,34,34,34,34,21,21,-11,-11,12,12,12,59,59,59,59,33,33,33,33,33,46,46,46,46,62,62,8,8,17,17,17,108,108,108,108,115,115,115,115,62,62,62,67,67,67,62,62,13,13,13,53,53,53,42,42,42,42,51,51,51,51,109,109,109,68,68,26,26,82,82,83,83,83,76,76,76,76,62,62,53,53,5,5,39,39,39,44,44,44,44,69,69,69,69,115,115,115,104,104,65,65,55,55,46,46,46,63,63,63,16,16,16,30,30,14,14,1,1,1,16,16,16,46,46,46,46,13,13,13,13,58,58,58,41,41,18,18,18,13,13,13,13,14,14,14,14,37,37,37,35,35,11,11,42,42,42,42,42,42,69,69,77,77,98,68,68,81,81,103,103,46,46,46,74,74,54,54,45,45,21,21,27,27,27,10,10,10,35,35,35,0,0,3,3,23,23,43,43,73,73,73,56,56,56,32,32,32,22,22,24,24,14,14,27,27,27,43,43,43,23,23,23,23,34,34,34,34,52,52,52,31,31,31,19,19,19,17,17,17,29,29,29,21,21,21,28,28,28,26,26,26,73,73,73,62,62,62,119,119,119
166,28.7759999999999998,16,-32,-33,-33,-72,-72,-72,-26,-26,-26,-26,-26,-26,-26,-48,-48,-48,-48,-24,-24,-24,-44,-44,44,44,44,-63,-63,-63,-63,-16,-16,-16,-58,-58,-41,-41,-34,-34,-56,-56,-56,-20,-20,-20,-20,14,14,14,0,0,9,9,14,14,-64,-64,14,14,14,0,0,0,0,-27,-27,-63,-63,-22,-22,-24,-24,14,14,14,-47,-47,1,1,-11,-11,7,7,-19,-19,-19,-62,-62,-62,-22,-22,-22,-58,-58,-79,-42,-42,-61,-61,-84,-84,-65,-65,0,0,22,22,-31,-31,-9,-9,-23,-23,-43,-43,-5,-5,8,8,7,7,-19,-19,-19,36,36,36,-4,-4,-4,-2,-2,-36,-36,-54,-54,-54,0,0,0,-15,-15,-15,8,8,8,-16,-16,-16,-45,-45,-51,-51,-51,37,37,37,37,5,5,5,5,-3,-3,-3,6,6,9,9,28,28,20,20,20,1,1,1,1,17,17,17,17,-14,-14,-14,-14,-14,10,10,-2,-2,-2,-35,-35,-35,-35,-3,-3,-3,27,27,27,16,16,-3,-3,-3,2,2,2,2,57,57,57,57,40,40,40,40,68,68,55,55,7,7,8,8,8,42,42,42,-6,-6,-6,-17,-17,-17,12,12,-8,-8,-8,-1,-1,-1,-1,-5,-5,-5,-5,-19,-19,-19,-19,22,22,22,22,22,1,1,1,-18,-18,-18,24,24,24,24,37,37,37,37,47,47,21,21,-2,-2,-2,17,17,17,17,23,23,23,78,78,78,34,34,-4,-4,-17,-17,-17,33,33,33,24,24,24,24,-2,-2,-2,-2,-20,-20,-42,-42,-36,-36,-36,3,3,3,3,-11,-11,-11,-11,-11,17,17,17,17,13,13,2,2,11,11,11,142,142,142,142,90,90,90,90,48,48,48,38,38,38,15,15,24,24,24,1,1,1,42,42,42,42,37,37,37,37,70,70,70,52,52,14,14,42,42,61,61,61,33,33,33,33,15,15,15,15,8,8,-57,-57,-57,6,6,6,6,26,26,26,26,65,65,65,66,66,45,45,13,13,36,36,36,7,7,7,-14,-14,-14,-18,-18,-13,-13,-43,-43,-43,3,3,3,-24,-24,-24,-24,-23,-23,-23,-23,12,12,12,10,10,-23,-23,-23,14,14,14,14,0,0,0,0,2,2,2,4,4,-9,-9,3,3,3,-16,-16,-16,14,14,43,43,33,49,49,44,44,67,67,29,29,29,18,18,29,29,8,8,-2,-2,-6,-6,-6,24,24,24,7,7,7,3,3,13,13,7,7,32,32,58,58,58,33,33,33,15,15,15,6,6,-14,-14,-15,-15,5,5,5,5,5,5,25,25,25,25,-23,-23,-23,-23,-8,-8,-8,12,12,12,0,0,0,-22,-22,-22,-17,-17,-17,-16,-16,-16,10,10,10,4,4,4,41,41,41,28,28,28,70,70,70
167,28.97599999999999909,-29,-34,-58,-58,-67,-67,-67,-34,-34,-34,39,39,39,39,19,19,19,19,-21,-21,-21,-35,-35,-18,-18,-18,-7,-7,-7,-7,19,19,19,-36,-36,-7,-7,-14,-14,-32,-32,-32,-18,-18,-18,-18,-41,-41,-41,5,5,7,7,-21,-21,-38,-38,21,21,21,-24,-24,-24,-24,-9,-9,-52,-52,-16,-16,-8,-8,-35,-35,-35,-72,-72,-8,-8,-5,-5,5,5,0,0,0,-56,-56,-56,7,7,7,-28,-28,-21,9,9,-47,-47,-20,-20,-18,-18,0,0,25,25,16,16,19,19,1,1,-9,-9,21,21,-27,-27,18,18,23,23,23,36,36,36,-20,-20,-20,-9,-9,5,5,-26,-26,-26,20,20,20,-11,-11,-11,11,11,11,6,6,6,-7,-7,35,35,35,31,31,31,31,37,37,37,37,2,2,2,21,21,31,31,34,34,28,28,28,8,8,8,8,36,36,36,36,8,8,8,13,13,17,17,-4,-4,-4,-10,-10,-10,-10,79,79,79,48,48,48,24,24,27,27,27,42,42,42,42,63,63,63,63,26,26,26,26,41,41,55,55,31,31,22,22,22,30,30,30,-30,-30,-30,1,1,1,25,25,-4,-4,-4,-6,-6,-6,-6,-24,-24,-24,-24,11,11,11,11,2,2,2,12,12,22,22,22,9,9,9,62,62,62,62,18,18,18,18,40,40,17,17,22,22,22,-2,-2,-2,-2,11,11,11,82,82,82,26,26,1,1,-18,-18,-18,14,14,14,16,16,16,16,19,19,19,19,20,20,3,3,-11,-11,-11,8,8,8,8,-11,-11,-11,-11,-11,18,18,18,18,23,23,-19,-19,27,27,27,85,85,85,85,56,56,56,56,64,64,64,42,42,42,10,10,27,27,27,5,5,5,16,16,16,16,50,50,50,50,65,65,65,40,40,40,40,63,63,49,49,49,58,58,58,58,-5,-5,10,10,-16,-16,-2,-2,-2,-12,-12,-12,-12,18,18,18,18,47,47,47,62,62,24,24,22,22,-3,-3,-3,-11,-11,-11,-16,-16,-16,-5,-5,-6,-6,-18,-18,-18,13,13,13,-17,-17,-17,-17,-8,-8,-8,-8,20,20,20,-9,-9,-9,-9,-9,-15,-15,-15,-15,-15,-15,-15,-15,21,21,21,-4,-4,1,1,14,14,14,18,18,18,18,18,37,37,43,29,29,16,16,53,53,33,33,33,-1,-1,5,5,10,10,-4,-4,1,1,1,27,27,27,23,23,23,7,7,16,16,3,3,26,26,38,38,38,11,11,11,-1,-1,-1,-38,-38,-14,-14,-26,-26,10,10,10,6,6,6,18,18,18,18,-31,-31,-31,-31,1,1,1,-18,-18,-18,-11,-11,-11,-21,-21,-21,-20,-20,-20,5,5,5,11,11,11,-8,-8,-8,18,18,18,22,22,22,55,55,55
168,29.17600000000000193,-52,-29,-27,-27,-70,-70,-70,36,36,36,38,38,38,38,13,13,13,13,29,29,29,-11,-11,8,8,8,-6,-6,-6,-6,36,36,36,-6,-6,36,36,8,8,-12,-12,-12,31,31,31,31,-47,-47,-47,-28,-28,-8,-8,37,37,-14,-14,17,17,17,-7,-7,-7,-7,-32,-32,-42,-42,6,6,-9,-9,16,16,16,-29,-29,14,14,6,6,20,20,28,28,28,-21,-21,-21,11,11,11,39,39,24,-19,-19,-12,-12,-24,-24,-26,-26,13,13,36,36,26,26,14,14,-36,-36,39,39,26,26,52,52,21,21,35,35,35,25,25,25,-17,-17,-17,27,27,15,15,-15,-15,-15,57,57,57,18,18,18,-7,-7,-7,49,49,49,34,34,46,46,46,49,49,49,49,57,57,57,57,32,32,32,32,32,71,71,51,51,63,63,63,4,4,4,4,53,53,53,53,9,9,9,40,40,18,18,19,19,19,19,19,19,19,42,42,42,60,60,60,54,54,31,31,31,35,35,35,35,46,46,46,46,22,22,22,22,19,19,51,51,20,20,21,21,21,25,25,25,-54,-54,-54,56,56,56,33,33,6,6,6,49,49,49,49,8,8,8,8,-5,-5,-5,-5,6,6,6,40,40,33,33,33,32,32,32,30,30,30,30,8,8,8,8,63,63,63,63,77,77,77,52,52,52,52,49,49,49,68,68,68,41,41,41,41,1,1,1,7,7,7,32,32,32,32,21,21,21,21,51,51,85,85,63,63,63,34,34,34,34,8,8,8,8,8,45,45,45,45,22,22,56,56,63,63,63,43,43,43,43,38,38,38,38,55,55,55,75,75,75,38,38,27,27,27,66,66,66,68,68,68,68,66,66,66,66,107,107,107,67,67,70,70,69,69,108,108,108,54,54,54,54,29,29,18,18,38,38,9,9,9,-3,-3,-3,-3,25,25,25,25,76,76,76,55,55,33,33,54,54,5,5,5,38,38,38,12,12,12,-10,-10,18,18,8,8,8,16,16,16,19,19,19,19,-13,-13,-13,-13,-1,-1,-1,2,2,16,16,16,9,9,9,9,15,15,15,15,19,19,19,6,6,31,31,7,7,7,22,22,22,27,27,45,45,42,32,32,-11,-11,40,40,29,29,29,-13,-13,-15,-15,2,2,-7,-7,15,15,15,49,49,49,34,34,34,18,18,35,35,15,15,5,5,28,28,28,3,3,3,27,27,27,7,7,12,12,0,0,17,17,17,17,17,17,31,31,31,31,-5,-5,-5,-5,1,1,1,31,31,31,14,14,14,-12,-12,-12,-5,-5,-5,29,29,29,17,17,17,15,15,15,35,35,35,53,53,53,48,48,48
169,29.37600000000000122,-46,10,-31,-31,-30,-30,-30,0,0,0,64,64,64,64,-3,-3,-3,-3,-12,-12,-12,-20,-20,3,3,3,-6,-6,-6,-6,-11,-11,-11,1,1,26,26,32,32,5,5,5,25,25,25,25,42,42,42,7,7,14,14,33,33,54,54,-26,-26,-26,-28,-28,-28,-28,-13,-13,11,11,-5,-5,-6,-6,38,38,38,-23,-23,-1,-1,-8,-8,-1,-1,-29,-29,-29,-19,-19,-19,39,39,39,16,16,57,26,26,10,10,8,8,24,24,13,13,32,32,28,28,67,67,18,18,13,13,-13,-13,43,43,15,15,21,21,21,-33,-33,-33,28,28,28,47,47,36,36,41,41,41,41,41,41,15,15,15,46,46,46,76,76,76,66,66,52,52,52,50,50,50,50,61,61,61,61,29,29,29,37,37,61,61,47,47,34,34,34,74,74,74,74,42,42,42,42,52,52,52,59,59,75,75,25,25,25,32,32,32,32,87,87,87,82,82,82,69,69,35,35,35,40,40,40,40,11,11,11,11,11,11,11,11,17,17,35,35,14,14,35,35,35,17,17,17,-67,-67,-67,34,34,34,22,22,34,34,34,28,28,28,28,-30,-30,-30,-30,14,14,14,14,37,37,37,75,75,31,31,31,32,32,32,26,26,26,26,41,41,41,41,71,71,68,68,81,81,81,66,66,66,66,68,68,68,28,28,28,52,52,29,29,24,24,24,49,49,49,37,37,37,37,12,12,12,12,60,60,106,106,85,85,85,34,34,34,34,14,14,14,14,14,41,41,41,41,43,43,58,58,56,56,56,55,55,55,55,28,28,28,28,42,42,42,65,65,65,73,73,34,34,34,77,77,77,59,59,59,59,80,80,80,80,76,76,76,63,63,51,51,78,78,67,67,67,50,50,50,50,65,65,2,2,71,71,49,49,49,3,3,3,3,14,14,14,14,58,58,58,31,31,55,55,69,69,30,30,30,22,22,22,35,35,35,51,51,31,31,19,19,19,47,47,47,42,42,42,42,-25,-25,-25,-25,7,7,7,16,16,39,39,39,40,40,40,40,44,44,44,44,23,23,23,9,9,20,20,15,15,15,20,20,20,34,34,44,44,33,49,49,29,29,30,30,28,28,28,-20,-20,-5,-5,2,2,18,18,21,21,21,73,73,73,38,38,38,19,19,17,17,16,16,0,0,30,30,30,4,4,4,16,16,16,7,7,28,28,17,17,36,36,36,9,9,9,15,15,15,15,31,31,31,31,24,24,24,12,12,12,30,30,30,34,34,34,29,29,29,46,46,46,75,75,75,56,56,56,59,59,59,42,42,42,44,44,44
170,29.57600000000000051,-22,7,-29,-29,-11,-11,-11,30,30,30,-2,-2,-2,-2,3,3,3,3,13,13,13,-39,-39,-28,-28,-28,6,6,6,6,0,0,0,-6,-6,11,11,6,6,-25,-25,-25,-5,-5,-5,-5,-27,-27,-27,8,8,34,34,5,5,8,8,7,7,7,0,0,0,0,-15,-15,-28,-28,19,19,0,0,28,28,28,20,20,13,13,-7,-7,-13,-13,28,28,28,18,18,18,29,29,29,54,54,57,47,47,1,1,22,22,18,18,22,22,28,28,19,19,4,4,12,12,8,8,-18,-18,-31,-31,3,3,-10,-10,-10,-4,-4,-4,23,23,23,43,43,-1,-1,5,5,5,52,52,52,-12,-12,-12,-12,-12,-12,44,44,44,5,5,43,43,43,-5,-5,-5,-5,35,35,35,35,46,46,46,-2,-2,11,11,8,8,7,7,7,24,24,24,24,-3,-3,-3,-3,26,26,26,33,33,9,9,17,17,17,49,49,49,49,33,33,33,21,21,21,27,27,8,8,8,-3,-3,-3,-3,61,61,61,61,-17,-17,-17,-17,-5,-5,16,16,29,29,8,8,8,-34,-34,-34,-19,-19,-19,-9,-9,-9,-11,-11,-25,-25,-25,-13,-13,-13,-13,-23,-23,-23,-23,-17,-17,-17,-17,32,32,32,36,36,-18,-18,-18,-6,-6,-6,-24,-24,-24,-24,40,40,40,40,7,7,17,17,67,67,67,23,23,23,23,50,50,50,13,13,13,45,45,-2,-2,8,8,8,5,5,5,38,38,38,38,23,23,23,23,20,20,67,67,67,67,67,-3,-3,-3,-3,-16,-16,-16,-16,-16,32,32,32,32,8,8,21,21,22,22,22,-19,-19,-19,-19,-4,-4,-4,-4,-15,-15,-15,50,50,50,31,31,28,28,28,18,18,18,16,16,16,16,56,56,56,56,53,53,53,57,57,50,50,37,37,-16,-16,-16,-11,-11,-11,-11,-30,-30,17,17,25,25,4,4,4,-6,-6,-6,-6,5,5,5,5,53,53,53,32,32,3,3,23,23,16,16,16,10,10,10,32,32,32,47,47,36,36,37,37,37,32,32,32,35,35,35,35,-27,-27,-27,-27,6,6,6,-13,-13,28,28,28,25,25,25,25,42,42,42,42,9,9,9,-5,-5,7,7,7,7,7,20,20,20,5,5,1,1,9,26,26,7,7,-11,-11,9,9,9,16,16,-35,-35,-9,-9,-6,-6,18,18,18,37,37,37,24,24,24,11,11,3,3,4,4,-18,-18,6,6,6,-13,-13,-13,-12,-12,-12,0,0,14,14,19,19,22,22,22,16,16,16,-3,-3,-3,-3,0,0,0,0,-5,-5,-5,19,19,19,20,20,20,8,8,8,33,33,33,41,41,41,42,42,42,27,27,27,33,33,33,49,49,49,28,28,28
171,29.7759999999999998,-27,36,19,19,-25,-25,-25,-11,-11,-11,10,10,10,10,24,24,24,24,-73,-73,-73,-27,-27,-42,-42,-42,8,8,8,8,-22,-22,-22,6,6,3,3,-16,-16,5,5,5,-9,-9,-9,-9,1,1,1,-11,-11,2,2,13,13,-50,-50,-14,-14,-14,-25,-25,-25,-25,11,11,-26,-26,-15,-15,4,4,42,42,42,35,35,-19,-19,4,4,-21,-21,9,9,9,40,40,40,45,45,45,19,19,60,34,34,19,19,28,28,7,7,6,6,-54,-54,18,18,3,3,-19,-19,-7,-7,-25,-25,-21,-21,-32,-32,-12,-12,-12,-5,-5,-5,20,20,20,0,0,-7,-7,9,9,9,-9,-9,-9,18,18,18,-12,-12,-12,-6,-6,-6,10,10,-27,-27,-27,-19,-19,-19,-19,32,32,32,32,-29,-29,-29,-43,-43,-7,-7,-3,-3,-41,-41,-41,8,8,8,8,-37,-37,-37,-37,26,26,26,3,3,-2,-2,-17,-17,-17,2,2,2,2,3,3,3,-15,-15,-15,-21,-21,-52,-52,-52,-22,-22,-22,-22,24,24,24,24,-18,-18,-18,-18,-35,-35,-24,-24,-7,-7,-20,-20,-20,-37,-37,-37,-97,-97,-97,-15,-15,-15,-47,-47,-11,-11,-11,-43,-43,-43,-43,-58,-58,-58,-58,-58,-58,-58,-58,2,2,2,-17,-17,-50,-50,-50,-17,-17,-17,-105,-105,-105,-105,-1,-1,-1,-1,-37,-37,-33,-33,-5,-5,-5,7,7,7,7,3,3,3,-3,-3,-3,-5,-5,-3,-3,-17,-17,-17,-43,-43,-43,-27,-27,-27,-27,0,0,0,0,-47,-47,-57,-57,-37,-37,-37,-16,-16,-16,-16,-15,-15,-15,-15,-15,-31,-31,-31,-31,-19,-19,-25,-25,-39,-39,-39,-44,-44,-44,-44,-23,-23,-23,-23,-27,-27,-27,-52,-52,-52,-5,-5,-22,-22,-22,3,3,3,5,5,5,5,-1,-1,-1,-1,18,18,18,23,23,-7,-7,-5,-5,-111,-111,-111,-61,-61,-61,-61,-50,-50,-32,-32,2,2,-43,-43,-43,-34,-34,-34,-34,-13,-13,-13,-13,17,17,17,-28,-28,-33,-33,-32,-32,-23,-23,-23,-14,-14,-14,21,21,21,-13,-13,12,12,9,9,9,6,6,6,8,8,8,8,-35,-35,-35,-35,-23,-23,-23,-27,-27,-24,-24,-24,-16,-16,-16,-16,23,23,23,23,9,9,9,-20,-20,-23,-23,-11,-11,-11,5,5,5,-25,-25,-17,-17,-22,-13,-13,-5,-5,-16,-16,-1,-1,-1,-4,-4,-8,-8,-48,-48,-12,-12,-20,-20,-20,-13,-13,-13,-6,-6,-6,-48,-48,-24,-24,-25,-25,-24,-24,-34,-34,-34,-65,-65,-65,-28,-28,-28,-27,-27,-17,-17,5,5,-40,-40,-40,-44,-44,-44,-24,-24,-24,-24,-22,-22,-22,-22,-3,-3,-3,-17,-17,-17,-28,-28,-28,-11,-11,-11,-15,-15,-15,4,4,4,-4,-4,-4,18,18,18,6,6,6,1,1,1,10,10,10
172,29.97599999999999909,-21,30,23,23,3,3,3,24,24,24,6,6,6,6,-61,-61,-61,-61,-14,-14,-14,-22,-22,-20,-20,-20,31,31,31,31,43,43,43,24,24,-8,-8,-10,-10,28,28,28,-46,-46,-46,-46,5,5,5,-69,-69,-49,-49,-8,-8,-12,-12,8,8,8,12,12,12,12,-7,-7,25,25,-13,-13,-1,-1,-7,-7,-7,-18,-18,15,15,-35,-35,-8,-8,-15,-15,-15,46,46,46,10,10,10,29,29,71,3,3,-10,-10,25,25,-16,-16,-21,-21,15,15,15,15,-28,-28,-33,-33,-42,-42,2,2,-8,-8,-46,-46,1,1,1,-24,-24,-24,15,15,15,14,14,27,27,23,23,23,0,0,0,16,16,16,-32,-32,-32,-2,-2,-2,-39,-39,-25,-25,-25,0,0,0,0,-11,-11,-11,-11,-22,-22,-22,-20,-20,-8,-8,-36,-36,-9,-9,-9,30,30,30,30,-62,-62,-62,-62,37,37,37,-24,-24,-15,-15,-36,-36,-36,3,3,3,3,-38,-38,-38,-53,-53,-53,-32,-32,-70,-70,-70,-55,-55,-55,-55,-16,-16,-16,-16,-19,-19,-19,-19,-52,-52,0,0,-5,-5,-7,-7,-7,-4,-4,-4,1,1,1,-9,-9,-9,-44,-44,-57,-57,-57,-43,-43,-43,-43,-28,-28,-28,-28,-17,-17,-17,-17,-9,-9,-9,-35,-35,-18,-18,-18,-16,-16,-16,-39,-39,-39,-39,-1,-1,-1,-1,-36,-36,-42,-42,-49,-49,-49,-12,-12,-12,-12,-13,-13,-13,33,33,33,12,12,-27,-27,-24,-24,-24,-47,-47,-47,-55,-55,-55,-55,11,11,11,11,-7,-7,-85,-85,-45,-45,-45,-37,-37,-37,-37,-3,-3,-3,-3,-3,-5,-5,-5,-5,-31,-31,-30,-30,-58,-58,-58,-74,-74,-74,-74,-29,-29,-29,-29,-84,-84,-84,-61,-61,-61,-30,-30,-55,-55,-55,-57,-57,-57,-23,-23,-23,-23,1,1,1,1,-5,-5,-5,-5,-5,-36,-36,-40,-40,-42,-42,-42,-75,-75,-75,-75,-18,-18,-46,-46,-29,-29,-63,-63,-63,-24,-24,-24,-24,-15,-15,-15,-15,20,20,20,-10,-10,-19,-19,-63,-63,-19,-19,-19,-49,-49,-49,-31,-31,-31,-11,-11,10,10,-4,-4,-4,-17,-17,-17,-14,-14,-14,-14,-15,-15,-15,-15,-44,-44,-44,-34,-34,-72,-72,-72,-9,-9,-9,-9,41,41,41,41,8,8,8,-52,-52,-49,-49,-25,-25,-25,0,0,0,-17,-17,-32,-32,-25,15,15,-19,-19,-36,-36,-17,-17,-17,9,9,-12,-12,-18,-18,-15,-15,-39,-39,-39,-42,-42,-42,-49,-49,-49,-41,-41,-22,-22,-37,-37,-37,-37,-48,-48,-48,-38,-38,-38,-29,-29,-29,-34,-34,-25,-25,-33,-33,-65,-65,-65,-50,-50,-50,-38,-38,-38,-38,-14,-14,-14,-14,-51,-51,-51,-33,-33,-33,-35,-35,-35,-31,-31,-31,-22,-22,-22,-58,-58,-58,-57,-57,-57,-31,-31,-31,-30,-30,-30,-31,-31,-31,24,24,24
173,30.17600000000000193,27,43,76,76,20,20,20,12,12,12,-5,-5,-5,-5,10,10,10,10,19,19,19,44,44,20,20,20,29,29,29,29,47,47,47,25,25,47,47,6,6,29,29,29,28,28,28,28,-4,-4,-4,12,12,7,7,-14,-14,7,7,22,22,22,18,18,18,18,39,39,57,57,6,6,29,29,11,11,11,60,60,-33,-33,20,20,-16,-16,44,44,44,99,99,99,9,9,9,55,55,59,47,47,54,54,34,34,43,43,19,19,27,27,-4,-4,-15,-15,2,2,45,45,13,13,31,31,18,18,38,38,38,73,73,73,42,42,42,63,63,32,32,23,23,23,16,16,16,56,56,56,38,38,38,12,12,12,20,20,4,4,4,17,17,17,17,44,44,44,44,27,27,27,-3,-3,-23,-23,-37,-37,-1,-1,-1,40,40,40,40,28,28,28,28,48,48,48,30,30,11,11,30,30,30,55,55,55,55,3,3,3,17,17,17,2,2,-46,-46,-46,-14,-14,-14,-14,17,17,17,17,-1,-1,-1,-1,27,27,-11,-11,11,11,24,24,24,47,47,47,46,46,46,-23,-23,-23,2,2,-33,-33,-33,-16,-16,-16,-16,-5,-5,-5,-5,15,15,15,15,14,14,14,4,4,32,32,32,37,37,37,11,11,11,11,29,29,29,29,1,1,10,10,-12,-12,-12,31,31,31,31,15,15,15,39,39,39,35,35,23,23,10,10,10,0,0,0,-39,-39,-39,-39,20,20,20,20,15,15,-44,-44,8,8,8,9,9,9,9,27,27,27,27,27,-7,-7,-7,-7,34,34,-7,-7,-20,-20,-20,-4,-4,-4,-4,32,32,32,32,-25,-25,-25,-32,-32,-32,7,7,-17,-17,-17,-23,-23,-23,29,29,29,29,1,1,1,1,21,21,21,1,1,-20,-20,-33,-33,-6,-6,-6,-44,-44,-44,-44,20,20,17,17,-13,-13,-18,-18,-18,-5,-5,-5,-5,13,13,13,13,20,20,20,22,22,-38,-38,-20,-20,-14,-14,-14,-14,-14,-14,28,28,28,10,10,34,34,32,32,32,-12,-12,-12,7,7,7,7,-17,-17,-17,-17,-34,-34,-34,-47,-47,-38,-38,-38,-8,-8,-8,-8,33,33,33,33,33,33,33,16,16,-8,-8,1,1,1,13,13,13,-3,-3,-24,-24,-7,-4,-4,-4,-4,-26,-26,6,6,6,-27,-27,-11,-11,-13,-13,13,13,-22,-22,-22,-9,-9,-9,-23,-23,-23,-2,-2,-33,-33,-42,-42,-16,-16,-44,-44,-44,-1,-1,-1,3,3,3,6,6,19,19,-15,-15,-47,-47,-47,-29,-29,-29,-15,-15,-15,-15,22,22,22,22,-19,-19,-19,-14,-14,-14,-23,-23,-23,-15,-15,-15,-46,-46,-46,-51,-51,-51,-43,-43,-43,-26,-26,-26,-12,-12,-12,48,48,48,12,12,12
174,30.37600000000000122,8,25,60,60,68,68,68,36,36,36,94,94,94,94,74,74,74,74,65,65,65,64,64,23,23,23,54,54,54,54,43,43,43,42,42,46,46,44,44,47,47,47,-18,-18,-18,-18,23,23,23,48,48,52,52,51,51,37,37,64,64,64,63,63,63,63,70,70,65,65,37,37,46,46,30,30,30,69,69,32,32,50,50,29,29,67,67,67,105,105,105,75,75,75,49,49,81,44,44,67,67,54,54,67,67,35,35,40,40,50,50,44,44,23,23,88,88,41,41,52,52,84,84,64,64,64,89,89,89,81,81,81,63,63,81,81,51,51,51,25,25,25,66,66,66,41,41,41,33,33,33,50,50,50,50,50,21,21,21,21,63,63,63,63,36,36,36,29,29,37,37,20,20,25,25,25,67,67,67,67,44,44,44,44,67,67,67,61,61,31,31,55,55,55,80,80,80,80,4,4,4,29,29,29,27,27,33,33,33,33,33,33,33,64,64,64,64,40,40,40,40,71,71,29,29,39,39,64,64,64,26,26,26,77,77,77,41,41,41,40,40,28,28,28,65,65,65,65,61,61,61,61,61,61,61,61,40,40,40,34,34,73,73,73,66,66,66,32,32,32,32,61,61,61,61,74,74,80,80,66,66,66,56,56,56,56,41,41,41,86,86,86,59,59,78,78,73,73,73,62,62,62,16,16,16,16,47,47,47,47,39,39,19,19,34,34,34,16,16,16,16,76,76,76,76,76,37,37,37,37,42,42,30,30,26,26,26,23,23,23,23,22,22,22,22,16,16,16,37,37,37,43,43,57,57,57,36,36,36,24,24,24,24,31,31,31,31,42,42,42,43,43,43,43,17,17,72,72,72,67,67,67,67,65,65,34,34,39,39,35,35,35,44,44,44,44,37,37,37,37,76,76,76,54,54,40,40,5,5,44,44,44,9,9,9,9,9,9,66,66,50,50,50,50,50,25,25,25,19,19,19,19,4,4,4,4,28,28,28,22,22,29,29,29,21,21,21,21,53,53,53,53,42,42,42,48,48,33,33,25,25,25,42,42,42,9,9,26,26,31,38,38,8,8,45,45,27,27,27,58,58,40,40,32,32,46,46,14,14,14,8,8,8,18,18,18,14,14,-8,-8,18,18,18,18,-9,-9,-9,30,30,30,16,16,16,29,29,22,22,48,48,14,14,14,25,25,25,28,28,28,28,26,26,26,26,27,27,27,17,17,17,53,53,53,67,67,67,-12,-12,-12,7,7,7,-13,-13,-13,3,3,3,34,34,34,45,45,45,61,61,61
175,30.57600000000000051,83,13,112,112,53,53,53,36,36,36,47,47,47,47,84,84,84,84,47,47,47,102,102,70,70,70,145,145,145,145,63,63,63,68,68,74,74,97,97,96,96,96,61,61,61,61,44,44,44,24,24,71,71,77,77,64,64,60,60,60,87,87,87,87,65,65,97,97,70,70,64,64,46,46,46,51,51,71,71,44,44,63,63,54,54,54,108,108,108,69,69,69,23,23,56,70,70,72,72,60,60,55,55,68,68,17,17,74,74,30,30,97,97,58,58,91,91,64,64,87,87,87,87,87,83,83,83,37,37,37,78,78,42,42,82,82,82,61,61,61,67,67,67,62,62,62,67,67,67,70,70,42,42,42,45,45,45,45,35,35,35,35,48,48,48,40,40,30,30,53,53,51,51,51,56,56,56,56,56,56,56,56,42,42,42,64,64,54,54,89,89,89,62,62,62,62,39,39,39,44,44,44,61,61,49,49,49,50,50,50,50,127,127,127,127,63,63,63,63,72,72,55,55,75,75,70,70,70,36,36,36,108,108,108,46,46,46,57,57,33,33,33,66,66,66,66,89,89,89,89,68,68,68,68,51,51,51,59,59,67,67,67,87,87,87,62,62,62,62,76,76,76,76,103,103,59,59,61,61,61,82,82,82,82,85,85,85,81,81,81,68,68,90,90,111,111,111,76,76,76,43,43,43,43,67,67,67,67,60,60,78,78,85,85,85,58,58,58,58,99,99,99,99,99,35,35,35,35,74,74,77,77,89,89,89,61,61,61,61,83,83,83,83,64,64,64,68,68,68,72,72,77,77,77,46,46,46,63,63,63,63,52,52,52,52,73,73,73,56,56,44,44,76,76,98,98,98,74,74,74,74,62,62,88,88,88,88,73,73,73,76,76,76,76,80,80,80,80,106,106,106,83,83,63,63,60,60,67,67,67,83,83,83,30,30,30,69,69,84,84,72,72,72,42,42,42,14,14,14,14,41,41,41,41,62,62,62,42,42,86,86,86,63,63,63,63,43,43,43,43,55,55,55,92,92,77,77,68,68,68,44,44,44,60,60,50,50,63,57,57,32,32,30,30,63,63,63,57,57,60,60,88,88,72,72,84,84,84,24,24,24,55,55,55,29,29,22,22,50,50,40,40,14,14,14,66,66,66,29,29,29,58,58,47,47,64,64,41,41,41,58,58,58,25,25,25,25,53,53,53,53,66,66,66,39,39,39,74,74,74,87,87,87,59,59,59,54,54,54,13,13,13,52,52,52,72,72,72,71,71,71,60,60,60
176,30.7759999999999998,101,13,69,69,67,67,67,34,34,34,70,70,70,70,88,88,88,88,47,47,47,120,120,72,72,72,39,39,39,39,22,22,22,87,87,95,95,65,65,96,96,96,54,54,54,54,70,70,70,102,102,60,60,78,78,47,47,31,31,31,45,45,45,45,64,64,75,75,44,44,67,67,19,19,19,101,101,82,82,70,70,59,59,67,67,67,121,121,121,29,29,29,39,39,19,-7,-7,73,73,56,56,59,59,48,48,38,38,48,48,49,49,45,45,43,43,50,50,35,35,78,78,77,77,77,48,48,48,73,73,73,38,38,22,22,36,36,36,34,34,34,45,45,45,50,50,50,22,22,22,23,23,26,26,26,52,52,52,52,85,85,85,85,67,67,67,56,56,40,40,53,53,19,19,19,40,40,40,40,26,26,26,26,35,35,35,32,32,60,60,48,48,48,52,52,52,52,27,27,27,-19,-19,-19,68,68,79,79,79,47,47,47,47,61,61,61,61,44,44,44,44,85,85,49,49,48,48,46,46,46,47,47,47,76,76,76,23,23,23,70,70,45,45,45,76,76,76,76,86,86,86,86,87,87,87,87,50,50,50,54,54,52,52,52,33,33,33,33,33,33,33,55,55,55,55,83,83,42,42,26,26,26,46,46,46,46,66,66,66,78,78,78,52,52,67,67,121,121,121,93,93,93,41,41,41,41,33,33,33,33,33,33,72,72,70,70,70,82,82,82,82,79,79,79,79,79,24,24,24,24,22,22,46,46,79,79,79,62,62,62,62,64,64,64,64,67,67,67,57,57,57,85,85,100,100,100,62,62,62,77,77,77,77,83,83,83,83,56,56,56,68,68,68,68,96,96,107,107,107,78,78,78,78,58,58,60,60,75,75,88,88,88,64,64,64,64,99,99,99,99,87,87,87,106,106,55,55,57,57,67,67,67,92,92,92,49,49,49,69,69,69,69,48,48,48,60,60,60,55,55,55,55,65,65,65,65,79,79,79,68,68,85,85,85,56,56,56,56,37,37,37,37,39,39,39,64,64,41,41,69,69,69,74,74,74,52,52,17,17,58,49,49,56,56,76,76,84,84,84,87,87,46,46,61,61,66,66,73,73,73,70,70,70,31,31,31,49,49,32,32,37,37,43,43,20,20,20,64,64,64,38,38,38,42,42,38,38,48,48,73,73,73,66,66,66,35,35,35,35,56,56,56,56,53,53,53,46,46,46,100,100,100,85,85,85,65,65,65,79,79,79,62,62,62,48,48,48,71,71,71,71,71,71,86,86,86
177,30.97599999999999909,113,-4,37,37,54,54,54,16,16,16,31,31,31,31,113,113,113,113,49,49,49,11,11,69,69,69,29,29,29,29,18,18,18,13,13,57,57,33,33,77,77,77,60,60,60,60,89,89,89,67,67,27,27,71,71,67,67,137,137,137,12,12,12,12,54,54,9,9,35,35,41,41,64,64,64,19,19,59,59,58,58,36,36,37,37,37,-10,-10,-10,39,39,39,15,15,5,30,30,36,36,28,28,-2,-2,6,6,8,8,11,11,53,53,50,50,54,54,37,37,33,33,27,27,34,34,34,57,57,57,18,18,18,20,20,-2,-2,2,2,2,18,18,18,10,10,10,48,48,48,8,8,8,-22,-22,6,6,6,19,19,19,19,63,63,63,63,33,33,33,39,39,29,29,26,26,4,4,4,15,15,15,15,39,39,39,39,14,14,14,15,15,24,24,38,38,38,46,46,46,46,40,40,40,4,4,4,46,46,53,53,53,55,55,55,55,71,71,71,71,71,71,71,71,94,94,49,49,47,47,47,47,47,40,40,40,71,71,71,26,26,26,56,56,60,60,60,60,60,60,60,32,32,32,32,64,64,64,64,61,61,61,33,33,68,68,68,6,6,6,59,59,59,59,28,28,28,28,18,18,19,19,-3,-3,-3,13,13,13,13,44,44,44,23,23,23,25,25,22,22,63,63,63,42,42,42,24,24,24,24,30,30,30,30,9,9,27,27,25,25,25,56,56,56,56,31,31,31,31,31,38,38,38,38,6,6,20,20,32,32,32,101,101,101,101,61,61,61,61,44,44,44,60,60,60,41,41,46,46,46,27,27,27,41,41,41,41,26,26,26,26,63,63,63,22,22,26,26,65,65,65,65,65,63,63,63,63,66,66,38,38,22,22,28,28,28,53,53,53,53,61,61,61,61,85,85,85,66,66,50,50,66,66,64,64,64,42,42,42,23,23,23,29,29,17,17,11,11,11,28,28,28,25,25,25,25,28,28,28,28,76,76,76,61,61,60,60,60,56,56,56,56,4,4,4,4,9,9,9,34,34,38,38,37,37,37,28,28,28,62,62,43,43,29,31,31,24,24,56,56,60,60,60,103,103,60,60,83,83,46,46,56,56,56,51,51,51,27,27,27,32,32,25,25,18,18,37,37,35,35,35,47,47,47,26,26,26,27,27,11,11,14,14,68,68,68,31,31,31,1,1,1,1,31,31,31,31,53,53,53,49,49,49,42,42,42,45,45,45,43,43,43,55,55,55,32,32,32,28,28,28,68,68,68,38,38,38,85,85,85
178,31.17600000000000193,144,29,23,23,2,2,2,45,45,45,74,74,74,74,50,50,50,50,4,4,4,56,56,55,55,55,27,27,27,27,-63,-63,-63,49,49,53,53,8,8,21,21,21,33,33,33,33,63,63,63,57,57,8,8,39,39,75,75,45,45,45,28,28,28,28,35,35,-2,-2,2,2,84,84,65,65,65,68,68,60,60,65,65,38,38,7,7,7,30,30,30,1,1,1,8,8,-9,36,36,29,29,33,33,33,33,16,16,31,31,12,12,42,42,55,55,53,53,67,67,40,40,27,27,22,22,22,43,43,43,25,25,25,24,24,-23,-23,-23,-23,-23,11,11,11,-24,-24,-24,36,36,36,5,5,5,-51,-51,4,4,4,12,12,12,12,61,61,61,61,49,49,49,19,19,39,39,0,0,1,1,1,39,39,39,39,40,40,40,40,-1,-1,-1,11,11,14,14,39,39,39,38,38,38,38,42,42,42,1,1,1,18,18,60,60,60,74,74,74,74,85,85,85,85,55,55,55,55,98,98,44,44,28,28,34,34,34,44,44,44,48,48,48,26,26,26,44,44,62,62,62,20,20,20,20,14,14,14,14,46,46,46,46,74,74,74,29,29,38,38,38,3,3,3,49,49,49,49,11,11,11,11,-11,-11,-18,-18,20,20,20,-1,-1,-1,-1,15,15,15,-1,-1,-1,7,7,6,6,46,46,46,24,24,24,24,24,24,24,13,13,13,13,-5,-5,3,3,32,32,32,27,27,27,27,3,3,3,3,3,32,32,32,32,9,9,-3,-3,9,9,9,104,104,104,104,99,99,99,99,20,20,20,26,26,26,32,32,17,17,17,16,16,16,49,49,49,49,26,26,26,26,24,24,24,31,31,43,43,67,67,38,38,38,5,5,5,5,24,24,26,26,-3,-3,3,3,3,39,39,39,39,59,59,59,59,70,70,70,56,56,44,44,42,42,45,45,45,31,31,31,10,10,10,2,2,-3,-3,-1,-1,-1,11,11,11,-8,-8,-8,-8,45,45,45,45,45,45,45,52,52,43,43,43,25,25,25,25,-9,-9,-9,-9,4,4,4,7,7,10,10,18,18,18,11,11,11,15,15,39,39,24,16,16,52,52,60,60,23,23,23,68,68,64,64,53,53,14,14,10,10,10,52,52,52,-6,-6,-6,9,9,1,1,21,21,37,37,17,17,17,21,21,21,11,11,11,10,10,3,3,-7,-7,27,27,27,10,10,10,23,23,23,23,29,29,29,29,23,23,23,30,30,30,17,17,17,4,4,4,22,22,22,37,37,37,38,38,38,18,18,18,62,62,62,60,60,60,78,78,78
179,31.37600000000000122,44,44,14,14,22,22,22,37,37,37,68,68,68,68,87,87,87,87,81,81,81,86,86,86,86,86,1,1,1,1,2,2,2,31,31,67,67,75,75,31,31,31,76,76,76,76,84,84,84,112,112,42,42,82,82,30,30,34,34,34,60,60,60,60,18,18,16,16,2,2,23,23,64,64,64,49,49,34,34,63,63,61,61,49,49,49,2,2,2,9,9,9,-27,-27,-24,0,0,34,34,93,93,30,30,58,58,21,21,64,64,37,37,27,27,-4,-4,20,20,53,53,18,18,11,11,11,40,40,40,30,30,30,33,33,-16,-16,-5,-5,-5,2,2,2,-19,-19,-19,-17,-17,-17,21,21,21,4,4,46,46,46,44,44,44,44,30,30,30,30,39,39,39,31,31,62,62,31,31,59,59,59,35,35,35,35,37,37,37,37,6,6,6,19,19,37,37,45,45,45,68,68,68,68,21,21,21,41,41,41,24,24,69,69,69,95,95,95,95,90,90,90,90,86,86,86,86,73,73,65,65,24,24,41,41,41,55,55,55,36,36,36,40,40,40,45,45,62,62,62,51,51,51,51,27,27,27,27,54,54,54,54,73,73,73,54,54,35,35,35,34,34,34,63,63,63,63,42,42,42,42,47,47,6,6,9,9,9,34,34,34,34,33,33,33,32,32,32,37,37,20,20,37,37,37,38,38,38,47,47,47,47,34,34,34,34,29,29,47,47,46,46,46,35,35,35,35,-14,-14,-14,-14,-14,16,16,16,16,7,7,-28,-28,16,16,16,106,106,106,106,79,79,79,79,50,50,50,41,41,41,28,28,56,56,56,16,16,16,38,38,38,38,15,15,15,15,46,46,46,56,56,44,44,75,75,61,61,61,23,23,23,23,30,30,49,49,19,19,37,37,37,47,47,47,47,44,44,44,44,68,68,68,86,86,79,79,72,72,38,38,38,33,33,33,33,33,33,4,4,8,8,-18,-18,-18,21,21,21,14,14,14,14,59,59,59,59,20,20,20,49,49,34,34,34,42,42,42,42,16,16,16,16,22,22,22,14,14,9,9,37,37,37,16,16,16,34,34,44,44,21,30,30,74,74,62,62,46,46,46,68,68,67,67,52,52,45,45,30,30,30,48,48,48,20,20,20,34,34,26,26,12,12,35,35,51,51,51,15,15,15,17,17,17,29,29,16,16,10,10,33,33,33,4,4,4,12,12,12,12,22,22,22,22,46,46,46,42,42,42,30,30,30,12,12,12,18,18,18,46,46,46,23,23,23,27,27,27,66,66,66,50,50,50,94,94,94
180,31.57600000000000051,55,57,30,30,97,97,97,102,102,102,-2,-2,-2,-2,119,119,119,119,92,92,92,77,77,69,69,69,28,28,28,28,43,43,43,13,13,34,34,74,74,27,27,27,66,66,66,66,93,93,93,99,99,166,166,-9,-9,61,61,73,73,73,52,52,52,52,5,5,7,7,21,21,-2,-2,33,33,33,-1,-1,12,12,73,73,50,50,36,36,36,29,29,29,-6,-6,-6,-4,-4,15,34,34,23,23,28,28,23,23,77,77,68,68,55,55,49,49,37,37,18,18,4,4,15,15,50,50,11,11,11,26,26,26,41,41,41,12,12,1,1,25,25,25,21,21,21,10,10,10,24,24,24,14,14,14,21,21,78,78,78,32,32,32,32,12,12,12,12,52,52,52,69,69,69,69,76,76,55,55,55,24,24,24,24,40,40,40,40,17,17,17,56,56,63,63,21,21,21,52,52,52,52,53,53,53,57,57,57,62,62,107,107,107,98,98,98,98,84,84,84,84,95,95,95,95,84,84,44,44,54,54,62,62,62,84,84,84,52,52,52,37,37,37,60,60,50,50,50,53,53,53,53,41,41,41,41,85,85,85,85,87,87,87,85,85,39,39,39,40,40,40,81,81,81,81,52,52,52,52,41,41,52,52,70,70,70,60,60,60,60,47,47,47,64,64,64,68,68,44,44,29,29,29,76,76,76,64,64,64,64,60,60,60,60,62,62,86,86,54,54,54,47,47,47,47,4,4,4,4,4,53,53,53,53,58,58,69,69,48,48,48,114,114,114,114,105,105,105,105,75,75,75,95,95,95,58,58,43,43,43,91,91,91,61,61,61,61,35,35,35,35,61,61,61,83,83,109,109,121,121,94,94,94,33,33,33,33,66,66,61,61,35,35,59,59,59,63,63,63,63,52,52,52,52,95,95,95,96,96,90,90,86,86,91,91,91,53,53,53,71,71,71,50,50,59,59,21,21,21,56,56,56,33,33,33,33,73,73,73,73,56,56,56,66,66,34,34,34,47,47,47,47,17,17,17,17,51,51,51,34,34,28,28,58,58,58,29,29,29,58,58,68,68,48,36,36,79,79,68,68,60,60,60,109,109,83,83,76,76,49,49,59,59,59,60,60,60,55,55,55,53,53,48,48,54,54,59,59,60,60,60,33,33,33,50,50,50,46,46,27,27,34,34,54,54,54,26,26,26,48,48,48,48,53,53,53,53,67,67,67,86,86,86,53,53,53,40,40,40,46,46,46,65,65,65,98,98,98,64,64,64,81,81,81,94,94,94,116,116,116
181,31.7759999999999998,100,79,37,37,40,40,40,50,50,50,73,73,73,73,74,74,74,74,100,100,100,38,38,39,39,39,32,32,32,32,35,35,35,22,22,31,31,45,45,6,6,6,44,44,44,44,-4,-4,-4,134,134,119,119,47,47,32,32,34,34,34,19,19,19,19,32,32,41,41,31,31,54,54,1,1,1,42,42,88,88,74,74,64,64,36,36,36,1,1,1,42,42,42,10,10,34,42,42,35,35,23,23,-10,-10,31,31,23,23,33,33,65,65,37,37,46,46,65,65,40,40,57,57,5,5,5,8,8,8,49,49,49,33,33,24,24,25,25,25,33,33,33,-20,-20,-20,0,0,0,27,27,27,36,36,36,36,36,23,23,23,23,39,39,39,39,81,81,81,54,54,56,56,69,69,13,13,13,-12,-12,-12,-12,25,25,25,25,11,11,11,56,56,44,44,28,28,28,57,57,57,57,68,68,68,70,70,70,77,77,88,88,88,75,75,75,75,68,68,68,68,96,96,96,96,65,65,54,54,61,61,25,25,25,59,59,59,46,46,46,77,77,77,40,40,77,77,77,78,78,78,78,45,45,45,45,64,64,64,64,99,99,99,98,98,45,45,45,66,66,66,64,64,64,64,70,70,70,70,97,97,74,74,67,67,67,68,68,68,68,74,74,74,89,89,89,54,54,50,50,51,51,51,75,75,75,83,83,83,83,79,79,79,79,84,84,71,71,59,59,59,65,65,65,65,22,22,22,22,22,65,65,65,65,87,87,96,96,94,94,94,90,90,90,90,82,82,82,82,68,68,68,94,94,94,92,92,57,57,57,104,104,104,62,62,62,62,65,65,65,65,58,58,58,98,98,105,105,117,117,113,113,113,33,33,33,33,69,69,91,91,49,49,61,61,61,76,76,76,76,62,62,62,62,110,110,110,102,102,112,112,74,74,68,68,68,69,69,69,58,58,58,36,36,52,52,50,50,50,76,76,76,33,33,33,33,90,90,90,90,43,43,43,67,67,60,60,60,68,68,68,68,53,53,53,53,84,84,84,37,37,52,52,57,57,57,50,50,50,62,62,73,73,73,70,70,92,92,96,96,79,79,79,73,73,81,81,63,63,54,54,48,48,48,80,80,80,46,46,46,52,52,57,57,71,71,63,63,86,86,86,38,38,38,46,46,46,54,54,35,35,56,56,80,80,80,57,57,57,67,67,67,67,60,60,60,60,70,70,70,97,97,97,117,117,117,64,64,64,86,86,86,74,74,74,63,63,63,81,81,81,111,111,111,94,94,94,105,105,105
182,31.97599999999999909,6,86,0,0,58,58,58,59,59,59,92,92,92,92,22,22,22,22,21,21,21,9,9,5,5,5,47,47,47,47,0,0,0,31,31,29,29,67,67,43,43,43,18,18,18,18,184,184,184,95,95,26,26,41,41,31,31,15,15,15,40,40,40,40,44,44,53,53,-32,-32,15,15,37,37,37,36,36,19,19,34,34,88,88,16,16,16,35,35,35,5,5,5,34,34,51,70,70,26,26,28,28,15,15,27,27,20,20,16,16,35,35,28,28,2,2,33,33,22,22,-20,-20,-21,-21,-21,15,15,15,29,29,29,37,37,28,28,14,14,14,47,47,47,10,10,10,17,17,17,55,55,55,19,19,47,47,47,80,80,80,80,57,57,57,57,34,34,34,43,43,43,43,20,20,32,32,32,-28,-28,-28,-28,48,48,48,48,37,37,37,27,27,17,17,-6,-6,-6,39,39,39,39,24,24,24,60,60,60,60,60,53,53,53,64,64,64,64,54,54,54,54,67,67,67,67,48,48,36,36,39,39,35,35,35,40,40,40,35,35,35,42,42,42,55,55,45,45,45,55,55,55,55,20,20,20,20,59,59,59,59,59,59,59,66,66,13,13,13,46,46,46,19,19,19,19,70,70,70,70,105,105,96,96,66,66,66,67,67,67,67,71,71,71,83,83,83,35,35,21,21,38,38,38,42,42,42,74,74,74,74,64,64,64,64,79,79,55,55,75,75,75,69,69,69,69,28,28,28,28,28,68,68,68,68,65,65,76,76,62,62,62,79,79,79,79,89,89,89,89,38,38,38,74,74,74,60,60,84,84,84,76,76,76,49,49,49,49,53,53,53,53,68,68,68,82,82,103,103,111,111,96,96,96,42,42,42,42,48,48,47,47,44,44,66,66,66,69,69,69,69,51,51,51,51,85,85,85,125,125,105,105,75,75,29,29,29,51,51,51,85,85,85,54,54,46,46,48,48,48,41,41,41,52,52,52,52,60,60,60,60,42,42,42,52,52,61,61,61,83,83,83,83,43,43,43,43,47,47,47,42,42,66,66,58,58,58,46,46,46,44,44,50,50,60,53,53,101,101,61,61,73,73,73,75,75,57,57,64,64,44,44,39,39,39,59,59,59,52,52,52,40,40,34,34,33,33,47,47,72,72,72,33,33,33,67,67,67,37,37,33,33,41,41,79,79,79,69,69,69,72,72,72,72,85,85,85,85,49,49,49,62,62,62,104,104,104,48,48,48,64,64,64,68,68,68,94,94,94,87,87,87,100,100,100,94,94,94,89,89,89
183,32.17600000000000193,19,54,-9,-9,19,19,19,39,39,39,38,38,38,38,28,28,28,28,58,58,58,2,2,38,38,38,76,76,76,76,41,41,41,32,32,31,31,6,6,-10,-10,-10,20,20,20,20,90,90,90,58,58,52,52,69,69,3,3,53,53,53,25,25,25,25,12,12,59,59,4,4,-15,-15,38,38,38,10,10,61,61,11,11,-18,-18,80,80,80,7,7,7,-15,-15,-15,61,61,30,40,40,36,36,43,43,44,44,23,23,37,37,28,28,29,29,10,10,31,31,7,7,22,22,-8,-8,28,28,28,5,5,5,27,27,27,19,19,20,20,19,19,19,24,24,24,7,7,7,14,14,14,17,17,17,-3,-3,4,4,4,52,52,52,52,57,57,57,57,53,53,53,25,25,31,31,36,36,16,16,16,21,21,21,21,-9,-9,-9,-9,7,7,7,-12,-12,5,5,9,9,9,8,8,8,8,-18,-18,-18,32,32,32,26,26,31,31,31,9,9,9,9,23,23,23,23,52,52,52,52,22,22,7,7,43,43,30,30,30,45,45,45,12,12,12,53,53,53,43,43,37,37,37,51,51,51,51,49,49,49,49,59,59,59,59,71,71,71,30,30,-11,-11,-11,36,36,36,46,46,46,46,63,63,63,63,46,46,72,72,55,55,55,35,35,35,35,75,75,75,73,73,73,12,12,12,12,7,7,7,27,27,27,65,65,65,65,76,76,76,76,68,68,44,44,36,36,36,74,74,74,74,43,43,43,43,43,40,40,40,40,69,69,75,75,33,33,33,90,90,90,90,63,63,63,63,34,34,34,41,41,41,51,51,98,98,98,63,63,63,25,25,25,25,50,50,50,50,75,75,75,53,53,53,53,81,81,92,92,92,-10,-10,-10,-10,18,18,8,8,27,27,51,51,51,64,64,64,64,6,6,6,6,105,105,105,88,88,73,73,67,67,17,17,17,45,45,45,26,26,26,29,29,59,59,55,55,55,41,41,41,51,51,51,51,28,28,28,28,43,43,43,31,31,47,47,47,89,89,89,89,48,48,48,48,14,14,14,40,40,30,30,43,43,43,23,23,23,61,61,44,44,55,73,73,70,70,51,51,87,87,87,56,56,33,33,34,34,35,35,32,32,32,52,52,52,45,45,45,36,36,22,22,23,23,29,29,40,40,40,28,28,28,58,58,58,50,50,40,40,35,35,52,52,52,70,70,70,53,53,53,53,50,50,50,50,58,58,58,43,43,43,55,55,55,49,49,49,56,56,56,57,57,57,81,81,81,78,78,78,80,80,80,98,98,98,92,92,92
184,32.37599999999999767,45,72,44,44,50,50,50,44,44,44,62,62,62,62,17,17,17,17,5,5,5,-31,-31,61,61,61,78,78,78,78,66,66,66,16,16,-12,-12,1,1,23,23,23,30,30,30,30,-19,-19,-19,-14,-14,61,61,26,26,6,6,45,45,45,26,26,26,26,44,44,36,36,23,23,13,13,38,38,38,6,6,42,42,19,19,30,30,57,57,57,54,54,54,40,40,40,56,56,49,24,24,26,26,22,22,41,41,43,43,-4,-4,-2,-2,30,30,25,25,44,44,15,15,19,19,1,1,31,31,31,48,48,48,22,22,22,55,55,11,11,-1,-1,-1,33,33,33,21,21,21,9,9,9,21,21,21,-10,-10,-34,-34,-34,20,20,20,20,63,63,63,63,61,61,61,36,36,43,43,54,54,46,46,46,31,31,31,31,20,20,20,20,53,53,53,14,14,-10,-10,32,32,32,48,48,48,48,46,46,46,15,15,15,25,25,35,35,35,16,16,16,16,36,36,36,36,47,47,47,47,6,6,30,30,64,64,49,49,49,102,102,102,28,28,28,40,40,40,42,42,22,22,22,39,39,39,39,27,27,27,27,46,46,46,46,51,51,51,27,27,-18,-18,-18,35,35,35,51,51,51,51,62,62,62,62,46,46,55,55,-3,-3,-3,34,34,34,34,81,81,81,70,70,70,-8,-8,-12,-12,6,6,6,2,2,2,72,72,72,72,78,78,78,78,64,64,41,41,21,21,21,59,59,59,59,63,63,63,63,63,39,39,39,39,61,61,47,47,5,5,5,61,61,61,61,88,88,88,88,41,41,41,11,11,11,46,46,35,35,35,27,27,27,50,50,50,50,44,44,44,44,47,47,47,31,31,37,37,35,35,64,64,64,26,26,26,26,8,8,-5,-5,17,17,4,4,4,-2,-2,-2,-2,44,44,44,44,83,83,83,73,73,74,74,35,35,48,48,48,44,44,44,44,44,44,13,13,33,33,35,35,35,51,51,51,58,58,58,58,34,34,34,34,26,26,26,27,27,46,46,46,47,47,47,47,72,72,72,72,38,38,38,7,7,18,18,53,53,53,44,44,44,30,30,28,28,20,73,73,51,51,43,43,56,56,56,74,74,59,59,41,41,24,24,42,42,42,40,40,40,45,45,45,32,32,15,15,4,4,4,4,57,57,57,48,48,48,39,39,39,37,37,42,42,45,45,21,21,21,43,43,43,61,61,61,61,68,68,68,68,49,49,49,54,54,54,51,51,51,44,44,44,47,47,47,74,74,74,80,80,80,78,78,78,75,75,75,95,95,95,74,74,74
185,32.57600000000000051,32,74,32,32,-9,-9,-9,3,3,3,68,68,68,68,69,69,69,69,5,5,5,45,45,39,39,39,57,57,57,57,33,33,33,55,55,9,9,-2,-2,56,56,56,17,17,17,17,-63,-63,-63,95,95,54,54,58,58,12,12,42,42,42,69,69,69,69,39,39,46,46,9,9,32,32,70,70,70,31,31,15,15,34,34,39,39,63,63,63,68,68,68,39,39,39,63,63,65,10,10,29,29,61,61,26,26,7,7,35,35,4,4,-38,-38,42,42,36,36,23,23,21,21,29,29,12,12,12,4,4,4,61,61,61,54,54,59,59,29,29,29,25,25,25,14,14,14,47,47,47,16,16,16,31,31,30,30,30,55,55,55,55,32,32,32,32,21,21,21,31,31,54,54,43,43,36,36,36,30,30,30,30,-8,-8,-8,-8,51,51,51,49,49,61,61,35,35,35,66,66,66,66,16,16,16,13,13,13,12,12,27,27,27,46,46,46,46,52,52,52,52,50,50,50,50,22,22,57,57,75,75,50,50,50,57,57,57,28,28,28,63,63,63,36,36,49,49,49,33,33,33,33,54,54,54,54,35,35,35,35,32,32,32,64,64,33,33,33,59,59,59,52,52,52,52,73,73,73,73,54,54,27,27,2,2,2,38,38,38,38,70,70,70,51,51,51,6,6,14,14,15,15,15,44,44,44,64,64,64,64,59,59,59,59,46,46,31,31,37,37,37,58,58,58,58,66,66,66,66,66,21,21,21,21,69,69,52,52,-4,-4,-4,43,43,43,43,55,55,55,55,50,50,50,14,14,14,54,54,63,63,63,39,39,39,51,51,51,51,73,73,73,73,67,67,67,42,42,59,59,38,38,55,55,55,52,52,52,52,3,3,4,4,28,28,-17,-17,-17,19,19,19,19,14,14,14,14,93,93,93,64,64,76,76,59,59,36,36,36,54,54,54,45,45,45,34,34,51,51,73,73,73,41,41,41,74,74,74,74,9,9,9,9,7,7,7,20,20,28,28,28,49,49,49,49,72,72,72,72,37,37,37,28,28,13,13,31,31,31,50,50,50,24,24,22,22,44,70,70,35,35,40,40,50,50,50,64,64,50,50,58,58,23,23,49,49,49,32,32,32,37,37,37,5,5,13,13,19,19,45,45,28,28,28,40,40,40,50,50,50,46,46,49,49,38,38,34,34,34,33,33,33,49,49,49,49,62,62,62,62,50,50,50,53,53,53,41,41,41,53,53,53,47,47,47,66,66,66,80,80,80,63,63,63,59,59,59,77,77,77,70,70,70
186,32.77600000000000335,57,69,83,83,24,24,24,-8,-8,-8,26,26,26,26,28,28,28,28,72,72,72,46,46,54,54,54,78,78,78,78,19,19,19,39,39,52,52,16,16,32,32,32,13,13,13,13,-14,-14,-14,65,65,43,43,21,21,10,10,42,42,42,61,61,61,61,43,43,72,72,35,35,30,30,66,66,66,19,19,39,39,-2,-2,13,13,49,49,49,49,49,49,36,36,36,32,32,50,36,36,15,15,39,39,-29,-29,-12,-12,20,20,19,19,36,36,5,5,67,67,63,63,70,70,41,41,71,71,71,19,19,19,29,29,29,57,57,78,78,56,56,56,38,38,38,52,52,52,47,47,47,35,35,35,67,67,53,53,53,34,34,34,34,46,46,46,46,26,26,26,17,17,37,37,27,27,46,46,46,62,62,62,62,21,21,21,21,54,54,54,75,75,67,67,52,52,52,70,70,70,70,47,47,47,26,26,26,33,33,10,10,10,9,9,9,9,77,77,77,77,47,47,47,47,51,51,84,84,60,60,67,67,67,58,58,58,33,33,33,59,59,59,70,70,26,26,26,35,35,35,35,43,43,43,43,43,43,43,43,39,39,39,49,49,53,53,53,40,40,40,27,27,27,27,43,43,43,43,69,69,56,56,38,38,38,48,48,48,48,63,63,63,47,47,47,14,14,44,44,40,40,40,73,73,73,65,65,65,65,53,53,53,53,55,55,23,23,30,30,30,38,38,38,38,80,80,80,80,80,51,51,51,51,87,87,52,52,18,18,18,58,58,58,58,52,52,52,52,50,50,50,56,56,56,62,62,25,25,25,32,32,32,48,48,48,48,80,80,80,80,84,84,84,68,68,44,44,52,52,39,39,39,40,40,40,40,42,42,30,30,18,18,9,9,9,16,16,16,16,32,32,32,32,115,115,115,61,61,44,44,52,52,31,31,31,39,39,39,63,63,63,52,52,35,35,31,31,31,43,43,43,71,71,71,71,32,32,32,32,51,51,51,33,33,33,33,33,65,65,65,65,82,82,82,82,42,42,42,30,30,32,32,50,50,50,65,65,65,55,55,31,31,39,72,72,50,50,54,54,56,56,56,67,67,60,60,51,51,54,54,50,50,50,47,47,47,26,26,26,22,22,22,22,42,42,33,33,60,60,60,34,34,34,18,18,18,58,58,58,58,67,67,18,18,18,54,54,54,41,41,41,41,72,72,72,72,41,41,41,40,40,40,57,57,57,82,82,82,51,51,51,12,12,12,48,48,48,26,26,26,47,47,47,42,42,42,51,51,51
187,32.97599999999999909,30,51,51,51,26,26,26,15,15,15,65,65,65,65,90,90,90,90,52,52,52,58,58,-24,-24,-24,97,97,97,97,30,30,30,11,11,24,24,-1,-1,75,75,75,42,42,42,42,7,7,7,13,13,29,29,29,29,6,6,5,5,5,29,29,29,29,37,37,46,46,27,27,25,25,67,67,67,9,9,-1,-1,27,27,12,12,31,31,31,33,33,33,23,23,23,40,40,38,9,9,3,3,20,20,63,63,5,5,22,22,7,7,10,10,25,25,44,44,54,54,41,41,76,76,64,64,64,47,47,47,50,50,50,49,49,77,77,59,59,59,22,22,22,63,63,63,42,42,42,53,53,53,61,61,48,48,48,59,59,59,59,64,64,64,64,28,28,28,36,36,18,18,24,24,47,47,47,37,37,37,37,38,38,38,38,109,109,109,51,51,61,61,61,61,61,79,79,79,79,42,42,42,24,24,24,49,49,23,23,23,25,25,25,25,42,42,42,42,32,32,32,32,39,39,100,100,57,57,60,60,60,70,70,70,39,39,39,65,65,65,55,55,28,28,28,30,30,30,30,30,30,30,30,32,32,32,32,51,51,51,35,35,74,74,74,59,59,59,20,20,20,20,78,78,78,78,79,79,91,91,43,43,43,61,61,61,61,69,69,69,19,19,19,36,36,49,49,58,58,58,60,60,60,108,108,108,108,51,51,51,51,75,75,28,28,84,84,84,57,57,57,57,58,58,58,58,58,77,77,77,77,98,98,94,94,50,50,50,62,62,62,62,69,69,69,69,39,39,39,71,71,71,70,70,31,31,31,38,38,38,68,68,68,68,94,94,94,94,86,86,86,61,61,69,69,68,68,41,41,41,47,47,47,47,66,66,58,58,62,62,46,46,46,44,44,44,44,42,42,42,42,76,76,76,59,59,28,28,36,36,60,60,60,51,51,51,18,18,18,62,62,60,60,56,56,56,22,22,22,47,47,47,47,48,48,48,48,43,43,43,25,25,23,23,23,53,53,53,53,54,54,54,54,40,40,40,24,24,44,44,67,67,67,41,41,41,56,56,57,57,71,77,77,23,23,33,33,57,57,57,64,64,68,68,33,33,35,35,47,47,47,34,34,34,36,36,36,22,22,8,8,39,39,35,35,53,53,53,54,54,54,23,23,23,42,42,61,61,40,40,28,28,28,18,18,18,37,37,37,37,42,42,42,42,50,50,50,33,33,33,37,37,37,75,75,75,32,32,32,18,18,18,20,20,20,7,7,7,7,7,7,34,34,34,12,12,12
188,33.17600000000000193,-11,44,55,55,31,31,31,-15,-15,-15,9,9,9,9,-14,-14,-14,-14,26,26,26,24,24,26,26,26,24,24,24,24,14,14,14,47,47,45,45,2,2,35,35,35,23,23,23,23,42,42,42,33,33,36,36,7,7,22,22,12,12,12,76,76,76,76,50,50,67,67,-3,-3,-22,-22,17,17,17,44,44,5,5,41,41,2,2,42,42,42,37,37,37,51,51,51,43,43,32,28,28,-3,-3,-3,-3,6,6,-18,-18,16,16,27,27,67,67,24,24,36,36,25,25,67,67,95,95,75,75,75,75,75,75,36,36,36,63,63,72,72,55,55,55,31,31,31,33,33,33,30,30,30,27,27,27,13,13,46,46,46,36,36,36,36,73,73,73,73,63,63,63,26,26,-4,-4,35,35,25,25,25,32,32,32,32,79,79,79,79,74,74,74,53,53,53,53,48,48,48,62,62,62,62,48,48,48,56,56,56,64,64,8,8,8,43,43,43,43,88,88,88,88,52,52,52,52,55,55,74,74,38,38,63,63,63,94,94,94,62,62,62,72,72,72,51,51,41,41,41,37,37,37,37,51,51,51,51,54,54,54,54,38,38,38,48,48,62,62,62,53,53,53,57,57,57,57,61,61,61,61,78,78,90,90,38,38,38,61,61,61,61,74,74,74,43,43,43,48,48,73,73,62,62,62,74,74,74,46,46,46,46,43,43,43,43,37,37,46,46,71,71,71,85,85,85,85,114,114,114,114,114,67,67,67,67,90,90,44,44,71,71,71,55,55,55,55,48,48,48,48,63,63,63,62,62,62,41,41,54,54,54,34,34,34,81,81,81,81,83,83,83,83,79,79,79,85,85,86,86,70,70,76,76,76,68,68,68,68,64,64,63,63,61,61,79,79,79,32,32,32,32,85,85,85,85,122,122,122,70,70,25,25,68,68,92,92,92,36,36,36,35,35,35,41,41,54,54,34,34,34,37,37,37,45,45,45,45,61,61,61,61,60,60,60,27,27,41,41,41,38,38,38,38,25,25,25,25,53,53,53,54,54,35,35,63,63,63,55,55,55,66,66,48,48,72,49,49,16,16,62,62,43,43,43,47,47,56,56,34,34,55,55,17,17,17,26,26,26,19,19,19,26,26,19,19,23,23,15,15,34,34,34,57,57,57,28,28,28,39,39,57,57,44,44,33,33,33,16,16,16,46,46,46,46,24,24,24,24,43,43,43,35,35,35,42,42,42,34,34,34,38,38,38,20,20,20,16,16,16,1,1,1,14,14,14,13,13,13,33,33,33
189,33.37599999999999767,8,11,35,35,-14,-14,-14,-3,-3,-3,0,0,0,0,40,40,40,40,-37,-37,-37,19,19,11,11,11,4,4,4,4,-6,-6,-6,0,0,9,9,13,13,30,30,30,-34,-34,-34,-34,10,10,10,-7,-7,13,13,19,19,-5,-5,46,46,46,42,42,42,42,21,21,7,7,28,28,20,20,16,16,16,7,7,4,4,5,5,4,4,-10,-10,-10,21,21,21,30,30,30,40,40,3,30,30,0,0,-22,-22,-26,-26,1,1,-6,-6,30,30,40,40,1,1,75,75,-6,-6,71,71,70,70,43,43,43,21,21,21,36,36,36,50,50,48,48,31,31,31,3,3,3,36,36,36,11,11,11,34,34,34,1,1,34,34,34,50,50,50,50,0,0,0,0,65,65,65,35,35,-3,-3,4,4,52,52,52,54,54,54,54,68,68,68,68,66,66,66,52,52,37,37,38,38,38,34,34,34,34,37,37,37,12,12,12,26,26,24,24,24,44,44,44,44,95,95,95,95,89,89,89,89,98,98,45,45,36,36,74,74,74,60,60,60,48,48,48,23,23,23,34,34,22,22,22,30,30,30,30,-3,-3,-3,-3,54,54,54,54,46,46,46,19,19,30,30,30,41,41,41,62,62,62,62,56,56,56,56,64,64,36,36,65,65,65,49,49,49,49,81,81,81,37,37,37,39,39,41,41,61,61,61,94,94,94,-1,-1,-1,-1,21,21,21,21,19,19,22,22,40,40,40,47,47,47,47,64,64,64,64,64,96,96,96,96,46,46,29,29,40,40,40,60,60,60,60,58,58,58,58,60,60,60,49,49,49,20,20,31,31,31,25,25,25,63,63,63,63,74,74,74,74,79,79,79,70,70,37,37,53,53,81,81,81,53,53,53,53,83,83,44,44,48,48,51,51,51,48,48,48,48,65,65,65,65,77,77,77,62,62,26,26,52,52,61,61,61,15,15,15,30,30,30,64,64,49,49,34,34,34,17,17,17,44,44,44,44,7,7,7,7,39,39,39,42,42,19,19,19,15,15,15,15,34,34,34,34,40,40,40,25,25,22,22,36,36,36,41,41,41,53,53,54,54,33,43,43,50,50,52,52,50,50,50,53,53,58,58,18,18,34,34,19,19,19,45,45,45,30,30,30,26,26,29,29,-2,-2,29,29,24,24,24,53,53,53,21,21,21,26,26,23,23,19,19,17,17,17,11,11,11,37,37,37,37,20,20,20,20,17,17,17,15,15,15,33,33,33,32,32,32,25,25,25,30,30,30,11,11,11,6,6,6,15,15,15,13,13,13,40,40,40
190,33.57600000000000051,-4,30,-8,-8,-25,-25,-25,26,26,26,-17,-17,-17,-17,1,1,1,1,15,15,15,60,60,26,26,26,-12,-12,-12,-12,-27,-27,-27,-5,-5,-6,-6,-8,-8,-4,-4,-4,-5,-5,-5,-5,2,2,2,-22,-22,-56,-56,12,12,-47,-47,28,28,28,38,38,38,38,17,17,8,8,6,6,-44,-44,24,24,24,53,53,-5,-5,-15,-15,-5,-5,-25,-25,-25,-23,-23,-23,34,34,34,26,26,-4,12,12,-13,-13,24,24,-10,-10,19,19,-22,-22,13,13,14,14,10,10,7,7,16,16,31,31,2,2,24,24,24,27,27,27,11,11,11,17,17,9,9,11,11,11,-22,-22,-22,0,0,0,3,3,3,-13,-13,-13,-59,-59,8,8,8,4,4,4,4,2,2,2,2,32,32,32,12,12,-1,-1,-37,-37,1,1,1,54,54,54,54,35,35,35,35,43,43,43,-17,-17,39,39,40,40,40,24,24,24,24,5,5,5,-1,-1,-1,4,4,-19,-19,-19,34,34,34,34,58,58,58,58,59,59,59,59,96,96,32,32,12,12,28,28,28,20,20,20,33,33,33,-6,-6,-6,15,15,-17,-17,-17,-5,-5,-5,-5,27,27,27,27,32,32,32,32,28,28,28,21,21,29,29,29,1,1,1,43,43,43,43,33,33,33,33,30,30,-7,-7,20,20,20,47,47,47,47,38,38,38,49,49,49,20,20,23,23,27,27,27,39,39,39,37,37,37,37,28,28,28,28,-14,-14,-3,-3,-15,-15,-15,31,31,31,31,18,18,18,18,18,8,8,8,8,1,1,8,8,16,16,16,45,45,45,45,14,14,14,14,32,32,32,26,26,26,5,5,-10,-10,-10,7,7,7,13,13,13,13,32,32,32,32,40,40,40,45,45,28,28,16,16,69,69,69,49,49,49,49,47,47,29,29,29,29,-8,-8,-8,14,14,14,14,85,85,85,85,51,51,51,32,32,14,14,13,13,50,50,50,17,17,17,5,5,5,37,37,-2,-2,13,13,13,12,12,12,-1,-1,-1,-1,-19,-19,-19,-19,28,28,28,14,14,22,22,22,18,18,18,18,22,22,22,22,29,29,29,-1,-1,34,34,16,16,16,32,32,32,8,8,40,40,44,35,35,22,22,34,34,33,33,33,28,28,32,32,14,14,0,0,16,16,16,21,21,21,13,13,13,14,14,-4,-4,-5,-5,19,19,16,16,16,24,24,24,-8,-8,-8,15,15,16,16,-3,-3,14,14,14,-14,-14,-14,22,22,22,22,-32,-32,-32,-32,13,13,13,17,17,17,7,7,7,-26,-26,-26,-5,-5,-5,10,10,10,-12,-12,-12,6,6,6,13,13,13,0,0,0,44,44,44
191,33.77600000000000335,-6,-1,-13,-13,-12,-12,-12,39,39,39,-26,-26,-26,-26,-38,-38,-38,-38,-37,-37,-37,22,22,30,30,30,-38,-38,-38,-38,-38,-38,-38,2,2,-28,-28,-6,-6,-42,-42,-42,-16,-16,-16,-16,-22,-22,-22,28,28,-46,-46,-1,-1,-8,-8,-6,-6,-6,-23,-23,-23,-23,-6,-6,-11,-11,0,0,10,10,-20,-20,-20,-26,-26,17,17,-30,-30,-34,-34,-64,-64,-64,-29,-29,-29,9,9,9,-6,-6,-32,-51,-51,0,0,-20,-20,32,32,1,1,-26,-26,-27,-27,2,2,-12,-12,23,23,12,12,-19,-19,10,10,23,23,23,40,40,40,11,11,11,-2,-2,-15,-15,-56,-56,-56,-35,-35,-35,-8,-8,-8,-19,-19,-19,-9,-9,-9,-69,-69,-21,-21,-21,-27,-27,-27,-27,-21,-21,-21,-21,-16,-16,-16,-8,-8,-21,-21,-25,-25,-40,-40,-40,14,14,14,14,19,19,19,19,0,0,0,3,3,5,5,13,13,13,8,8,8,8,26,26,26,5,5,5,-29,-29,-33,-33,-33,10,10,10,10,-1,-1,-1,-1,77,77,77,77,52,52,-9,-9,-10,-10,13,13,13,7,7,7,31,31,31,-17,-17,-17,-41,-41,0,0,0,10,10,10,10,12,12,12,12,31,31,31,31,20,20,20,-5,-5,5,5,5,-30,-30,-30,28,28,28,28,-12,-12,-12,-12,-8,-8,-25,-25,-2,-2,-2,8,8,8,8,3,3,3,25,25,25,23,23,14,14,6,6,6,7,7,7,24,24,24,24,22,22,22,22,-25,-25,-30,-30,-2,-2,-2,-8,-8,-8,-8,-19,-19,-19,-19,-19,0,0,0,0,-23,-23,-28,-28,-36,-36,-36,15,15,15,15,42,42,42,42,31,31,31,10,10,10,-9,-9,-27,-27,-27,-2,-2,-2,-3,-3,-3,-3,9,9,9,9,14,14,14,27,27,4,4,-3,-3,27,27,27,14,14,14,14,23,23,2,2,-15,-15,-18,-18,-18,-13,-13,-13,-13,-1,-1,-1,-1,49,49,49,36,36,-19,-19,-4,-4,17,17,17,-12,-12,-12,2,2,2,-3,-3,-16,-16,-25,-25,-25,-11,-11,-11,-38,-38,-38,-38,-16,-16,-16,-16,0,0,0,-6,-6,-18,-18,-18,-21,-21,-21,-21,-1,-1,-1,-1,16,16,16,-13,-13,4,4,4,4,4,3,3,3,14,14,17,17,37,14,14,10,10,25,25,23,23,23,11,11,-16,-16,6,6,2,2,-5,-5,-5,-25,-25,-25,8,8,8,-31,-31,-17,-17,-2,-2,4,4,-34,-34,-34,-5,-5,-5,-6,-6,-6,-20,-20,-18,-18,-24,-24,-5,-5,-5,-58,-58,-58,16,16,16,16,-11,-11,-11,-11,4,4,4,-29,-29,-29,-33,-33,-33,-29,-29,-29,-40,-40,-40,-8,-8,-8,-31,-31,-31,-40,-40,-40,8,8,8,15,15,15,38,38,38
192,33.97599999999999909,-26,-2,-45,-45,-25,-25,-25,30,30,30,-10,-10,-10,-10,-11,-11,-11,-11,-13,-13,-13,-7,-7,82,82,82,-66,-66,-66,-66,-3,-3,-3,-23,-23,-8,-8,13,13,-23,-23,-23,-10,-10,-10,-10,-30,-30,-30,-9,-9,24,24,25,25,-7,-7,-14,-14,-14,-13,-13,-13,-13,-9,-9,-30,-30,-31,-31,-35,-35,9,9,9,9,9,2,2,36,36,-13,-13,-45,-45,-45,-67,-67,-67,-21,-21,-21,-25,-25,-32,4,4,-40,-40,-25,-25,-12,-12,-25,-25,-2,-2,20,20,-22,-22,-18,-18,-40,-40,5,5,1,1,39,39,-30,-30,-30,-6,-6,-6,-4,-4,-4,-19,-19,-34,-34,-17,-17,-17,23,23,23,-24,-24,-24,-12,-12,-12,-31,-31,-31,-20,-20,-34,-34,-34,-37,-37,-37,-37,23,23,23,23,-15,-15,-15,19,19,-4,-4,-21,-21,-18,-18,-18,21,21,21,21,-10,-10,-10,-10,-23,-23,-23,-26,-26,-18,-18,18,18,18,-25,-25,-25,-25,19,19,19,38,38,38,-14,-14,-42,-42,-42,-7,-7,-7,-7,4,4,4,4,28,28,28,28,31,31,13,13,-15,-15,5,5,5,-4,-4,-4,-33,-33,-33,-37,-37,-37,-44,-44,-23,-23,-23,-16,-16,-16,-16,18,18,18,18,35,35,35,35,39,39,39,31,31,7,7,7,-5,-5,-5,36,36,36,36,-22,-22,-22,-22,3,3,1,1,21,21,21,11,11,11,11,19,19,19,79,79,79,42,42,-9,-9,21,21,21,-8,-8,-8,-4,-4,-4,-4,24,24,24,24,31,31,-17,-17,-15,-15,-15,-1,-1,-1,-1,-71,-71,-71,-71,-71,-16,-16,-16,-16,-12,-12,-21,-21,3,3,3,1,1,1,1,34,34,34,34,8,8,8,14,14,14,5,5,7,7,7,-3,-3,-3,-18,-18,-18,-18,-3,-3,-3,-3,6,6,6,10,10,18,18,-1,-1,2,2,2,8,8,8,8,12,12,1,1,-13,-13,-1,-1,-1,-13,-13,-13,-13,30,30,30,30,29,29,29,12,12,-4,-4,12,12,10,10,10,-40,-40,-40,0,0,0,-42,-42,-16,-16,-15,-15,-15,13,13,13,-29,-29,-29,-29,-50,-50,-50,-50,-2,-2,-2,-19,-19,-1,-1,-1,-4,-4,-4,-4,-14,-14,-14,-14,9,9,9,-11,-11,-1,-1,-16,-16,-16,-10,-10,-10,8,8,28,28,15,5,5,13,13,34,34,10,10,10,-4,-4,-24,-24,-6,-6,-3,-3,-42,-42,-42,-3,-3,-3,-16,-16,-16,-14,-14,-2,-2,-6,-6,-9,-9,-20,-20,-20,-4,-4,-4,1,1,1,-7,-7,-21,-21,-24,-24,-16,-16,-16,-25,-25,-25,-19,-19,-19,-19,-51,-51,-51,-51,9,9,9,-1,-1,-1,-52,-52,-52,-47,-47,-47,-79,-79,-79,-43,-43,-43,-30,-30,-30,-13,-13,-13,2,2,2,18,18,18,27,27,27
193,34.17600000000000193,-2,-25,-34,-34,-22,-22,-22,-7,-7,-7,-27,-27,-27,-27,-14,-14,-14,-14,-15,-15,-15,-13,-13,-45,-45,-45,-149,-149,-149,-149,-4,-4,-4,-39,-39,-45,-45,-2,-2,-31,-31,-31,33,33,33,33,-39,-39,-39,-21,-21,22,22,27,27,-13,-13,-3,-3,-3,-19,-19,-19,-19,33,33,-59,-59,-28,-28,-15,-15,-16,-16,-16,-35,-35,-24,-24,14,14,-19,-19,-49,-49,-49,-60,-60,-60,-4,-4,-4,-6,-6,2,-3,-3,-21,-21,-33,-33,-16,-16,-24,-24,-3,-3,-3,-3,-1,-1,-43,-43,16,16,30,30,15,15,-2,-2,-9,-9,-9,7,7,7,17,17,17,2,2,-10,-10,6,6,6,33,33,33,-6,-6,-6,7,7,7,37,37,37,-25,-25,13,13,13,-52,-52,-52,-52,1,1,1,1,-10,-10,-10,11,11,9,9,-34,-34,10,10,10,26,26,26,26,-10,-10,-10,-10,-52,-52,-52,1,1,10,10,12,12,12,-28,-28,-28,-28,22,22,22,-8,-8,-8,10,10,-43,-43,-43,28,28,28,28,7,7,7,7,40,40,40,40,23,23,-31,-31,-3,-3,-2,-2,-2,-20,-20,-20,1,1,1,-24,-24,-24,-14,-14,6,6,6,11,11,11,11,45,45,45,45,13,13,13,13,47,47,47,47,47,4,4,4,13,13,13,8,8,8,8,-20,-20,-20,-20,7,7,14,14,13,13,13,4,4,4,4,20,20,20,106,106,106,63,63,42,42,29,29,29,17,17,17,1,1,1,1,23,23,23,23,26,26,0,0,-26,-26,-26,10,10,10,10,-28,-28,-28,-28,-28,30,30,30,30,-3,-3,9,9,40,40,40,25,25,25,25,25,25,25,25,38,38,38,-6,-6,-6,3,3,1,1,1,14,14,14,-24,-24,-24,-24,-19,-19,-19,-19,15,15,15,36,36,28,28,20,20,19,19,19,2,2,2,2,41,41,38,38,-4,-4,2,2,2,-5,-5,-5,-5,14,14,14,14,21,21,21,38,38,18,18,-1,-1,-23,-23,-23,10,10,10,-3,-3,-3,14,14,-13,-13,-5,-5,-5,-3,-3,-3,-26,-26,-26,-26,-20,-20,-20,-20,-23,-23,-23,13,13,13,13,13,5,5,5,5,-29,-29,-29,-29,10,10,10,15,15,14,14,-3,-3,-3,-13,-13,-13,16,16,20,20,17,5,5,0,0,15,15,6,6,6,-17,-17,9,9,7,7,2,2,0,0,0,-23,-23,-23,12,12,12,15,15,24,24,8,8,-19,-19,-13,-13,-13,8,8,8,6,6,6,3,3,-16,-16,-6,-6,9,9,9,-3,-3,-3,-34,-34,-34,-34,-34,-34,-34,-34,13,13,13,13,13,13,-14,-14,-14,-47,-47,-47,-37,-37,-37,-36,-36,-36,-20,-20,-20,13,13,13,27,27,27,24,24,24,19,19,19
194,34.37599999999999767,-33,13,-17,-17,-53,-53,-53,-28,-28,-28,-34,-34,-34,-34,22,22,22,22,-29,-29,-29,36,36,-9,-9,-9,-113,-113,-113,-113,-4,-4,-4,-11,-11,-32,-32,-18,-18,-24,-24,-24,-19,-19,-19,-19,-16,-16,-16,-47,-47,-23,-23,-21,-21,-9,-9,32,32,32,-47,-47,-47,-47,17,17,29,29,-24,-24,-2,-2,-9,-9,-9,-3,-3,15,15,-24,-24,11,11,-28,-28,-28,-42,-42,-42,-26,-26,-26,24,24,22,20,20,19,19,-3,-3,-20,-20,-29,-29,8,8,-10,-10,15,15,-21,-21,-14,-14,8,8,-14,-14,-44,-44,6,6,6,-27,-27,-27,4,4,4,6,6,-10,-10,25,25,25,9,9,9,-24,-24,-24,11,11,11,39,39,39,24,24,-2,-2,-2,-41,-41,-41,-41,-45,-45,-45,-45,22,22,22,-28,-28,6,6,-1,-1,-5,-5,-5,-10,-10,-10,-10,-4,-4,-4,-4,-41,-41,-41,-18,-18,-3,-3,-3,-3,-3,6,6,6,6,4,4,4,21,21,21,37,37,7,7,7,3,3,3,3,32,32,32,32,16,16,16,16,-10,-10,2,2,-21,-21,-37,-37,-37,-41,-41,-41,-31,-31,-31,-20,-20,-20,-13,-13,11,11,11,19,19,19,19,28,28,28,28,31,31,31,31,32,32,32,23,23,-10,-10,-10,-4,-4,-4,8,8,8,8,4,4,4,4,19,19,28,28,16,16,16,25,25,25,25,26,26,26,100,100,100,71,71,46,46,38,38,38,6,6,6,-59,-59,-59,-59,24,24,24,24,17,17,31,31,8,8,8,-34,-34,-34,-34,-57,-57,-57,-57,-57,6,6,6,6,-15,-15,-31,-31,33,33,33,26,26,26,26,-6,-6,-6,-6,7,7,7,32,32,32,10,10,10,10,10,19,19,19,22,22,22,22,-1,-1,-1,-1,11,11,11,26,26,24,24,34,34,12,12,12,16,16,16,16,19,19,39,39,10,10,43,43,43,11,11,11,11,12,12,12,12,41,41,41,67,67,2,2,7,7,26,26,26,-12,-12,-12,-11,-11,-11,-4,-4,20,20,6,6,6,-26,-26,-26,-24,-24,-24,-24,-6,-6,-6,-6,-10,-10,-10,-22,-22,15,15,15,-17,-17,-17,-17,-1,-1,-1,-1,0,0,0,-3,-3,36,36,-3,-3,-3,18,18,18,1,1,33,33,21,-10,-10,1,1,-1,-1,20,20,20,4,4,-4,-4,9,9,-1,-1,-9,-9,-9,8,8,8,2,2,2,14,14,24,24,7,7,22,22,15,15,15,12,12,12,18,18,18,17,17,8,8,4,4,10,10,10,-3,-3,-3,-12,-12,-12,-12,-41,-41,-41,-41,12,12,12,15,15,15,4,4,4,-11,-11,-11,-16,-16,-16,-29,-29,-29,-6,-6,-6,15,15,15,25,25,25,32,32,32,42,42,42
195,34.57600000000000051,-21,7,-64,-64,-29,-29,-29,-20,-20,-20,-71,-71,-71,-71,-7,-7,-7,-7,13,13,13,-49,-49,-70,-70,-70,-61,-61,-61,-61,25,25,25,-9,-9,-29,-29,-3,-3,-45,-45,-45,-3,-3,-3,-3,-37,-37,-37,-13,-13,-6,-6,-15,-15,-6,-6,-40,-40,-40,-47,-47,-47,-47,-14,-14,-50,-50,-37,-37,-32,-32,-25,-25,-25,-35,-35,-11,-11,-20,-20,15,15,-6,-6,-6,-32,-32,-32,-34,-34,-34,-18,-18,4,1,1,15,15,14,14,-10,-10,-30,-30,-27,-27,29,29,-4,-4,21,21,-38,-38,-34,-34,6,6,-24,-24,-20,-20,-20,-28,-28,-28,-16,-16,-16,-11,-11,18,18,-28,-28,-28,19,19,19,-8,-8,-8,-26,-26,-26,18,18,18,-8,-8,-28,-28,-28,-50,-50,-50,-50,-21,-21,-21,-21,1,1,1,-3,-3,-6,-6,14,14,5,5,5,35,35,35,35,11,11,11,11,-17,-17,-17,-24,-24,-15,-15,-33,-33,-33,-12,-12,-12,-12,-15,-15,-15,-28,-28,-28,22,22,14,14,14,-16,-16,-16,-16,35,35,35,35,-29,-29,-29,-29,-54,-54,-29,-29,-30,-30,-32,-32,-32,-37,-37,-37,-30,-30,-30,-29,-29,-29,-43,-43,-4,-4,-4,-8,-8,-8,-8,-11,-11,-11,-11,8,8,8,8,17,17,17,-15,-15,-25,-25,-25,21,21,21,-68,-68,-68,-68,10,10,10,10,-3,-3,-6,-6,-1,-1,-1,-5,-5,-5,-5,32,32,32,48,48,48,56,56,31,31,-8,-8,-8,15,15,15,-33,-33,-33,-33,-5,-5,-5,-5,-16,-16,11,11,-33,-33,-33,-30,-30,-30,-30,-11,-11,-11,-11,-11,-35,-35,-35,-35,-17,-17,-9,-9,7,7,7,22,22,22,22,5,5,5,5,-17,-17,-17,1,1,1,-3,-3,10,10,10,-11,-11,-11,-11,-11,-11,-11,-8,-8,-8,-8,-24,-24,-24,-4,-4,-5,-5,-4,-4,-5,-5,-5,6,6,6,6,-8,-8,19,19,25,25,29,29,29,-2,-2,-2,-2,10,10,10,10,16,16,16,9,9,16,16,-7,-7,-9,-9,-9,11,11,11,-9,-9,-9,-2,-2,15,15,3,3,3,5,5,5,-54,-54,-54,-54,-18,-18,-18,-18,-24,-24,-24,19,19,8,8,8,-13,-13,-13,-13,-6,-6,-6,-6,-13,-13,-13,-15,-15,-8,-8,9,9,9,-20,-20,-20,-20,-20,12,12,-28,-3,-3,-5,-5,0,0,14,14,14,-38,-38,-28,-28,-6,-6,-2,-2,-6,-6,-6,2,2,2,14,14,14,23,23,-1,-1,-7,-7,0,0,-26,-26,-26,7,7,7,-12,-12,-12,-9,-9,-18,-18,-4,-4,3,3,3,1,1,1,-12,-12,-12,-12,-27,-27,-27,-27,-16,-16,-16,-6,-6,-6,-3,-3,-3,-41,-41,-41,-38,-38,-38,-11,-11,-11,-16,-16,-16,27,27,27,41,41,41,53,53,53,40,40,40
196,34.77600000000000335,28,0,19,19,-26,-26,-26,-17,-17,-17,-19,-19,-19,-19,25,25,25,25,2,2,2,-1,-1,-20,-20,-20,-6,-6,-6,-6,18,18,18,-1,-1,-14,-14,-30,-30,8,8,8,27,27,27,27,-17,-17,-17,-6,-6,-37,-37,-17,-17,18,18,-3,-3,-3,-9,-9,-9,-9,34,34,-19,-19,-4,-4,26,26,-14,-14,-14,-66,-66,17,17,-5,-5,6,6,-22,-22,-22,-9,-9,-9,-27,-27,-27,5,5,16,-10,-10,32,32,-16,-16,-22,-22,-31,-31,-11,-11,29,29,32,32,8,8,29,29,-13,-13,-7,-7,-41,-41,-22,-22,-22,-19,-19,-19,11,11,11,-14,-14,-27,-27,-17,-17,-17,31,31,31,-18,-18,-18,25,25,25,6,6,6,-6,-6,-17,-17,-17,-7,-7,-7,-7,21,21,21,21,1,1,1,0,0,9,9,0,0,10,10,10,-3,-3,-3,-3,-34,-34,-34,-34,-23,-23,-23,-32,-32,-25,-25,-29,-29,-29,-25,-25,-25,-25,-32,-32,-32,-60,-60,-60,-2,-2,-6,-6,-6,3,3,3,3,0,0,0,0,-36,-36,-36,-36,-37,-37,-59,-59,-32,-32,-39,-39,-39,-30,-30,-30,-48,-48,-48,-43,-43,-43,-26,-26,4,4,4,-26,-26,-26,-26,-6,-6,-6,-6,-20,-20,-20,-20,23,23,23,-20,-20,-28,-28,-28,-6,-6,-6,-47,-47,-47,-47,-8,-8,-8,-8,-2,-2,-26,-26,-21,-21,-21,-16,-16,-16,-16,-8,-8,-8,16,16,16,16,16,-3,-3,-44,-44,-44,-29,-29,-29,-38,-38,-38,-38,-26,-26,-26,-26,-21,-21,2,2,-31,-31,-31,-2,-2,-2,-2,-29,-29,-29,-29,-29,-60,-60,-60,-60,-52,-52,-58,-58,-26,-26,-26,13,13,13,13,-63,-63,-63,-63,-59,-59,-59,-35,-35,-35,-14,-14,-24,-24,-24,-17,-17,-17,-12,-12,-12,-12,-11,-11,-11,-11,-47,-47,-47,-9,-9,4,4,2,2,-20,-20,-20,-13,-13,-13,-13,-39,-39,-5,-5,-33,-33,-31,-31,-31,-41,-41,-41,-41,-39,-39,-39,-39,28,28,28,35,35,10,10,-46,-46,-35,-35,-35,-8,-8,-8,-32,-32,-32,1,1,6,6,-6,-6,-6,-8,-8,-8,-10,-10,-10,-10,-33,-33,-33,-33,-52,-52,-52,-18,-18,-1,-1,-1,5,5,5,5,12,12,12,12,-19,-19,-19,-53,-53,-31,-31,-31,-31,-31,0,0,0,-41,-41,-28,-28,-24,-24,-24,-10,-10,-5,-5,3,3,3,-36,-36,-13,-13,-20,-20,-14,-14,-24,-24,-24,-33,-33,-33,-48,-48,-48,9,9,-34,-34,-17,-17,-5,-5,-29,-29,-29,-2,-2,-2,-34,-34,-34,-24,-24,-11,-11,-11,-11,-8,-8,-8,-5,-5,-5,-20,-20,-20,-20,5,5,5,5,-20,-20,-20,-23,-23,-23,-24,-24,-24,-26,-26,-26,-42,-42,-42,-27,-27,-27,-35,-35,-35,27,27,27,27,27,27,37,37,37,12,12,12
197,34.97599999999999909,58,14,23,23,26,26,26,40,40,40,31,31,31,31,-2,-2,-2,-2,-13,-13,-13,25,25,25,25,25,66,66,66,66,-11,-11,-11,22,22,46,46,-8,-8,-25,-25,-25,-64,-64,-64,-64,-26,-26,-26,7,7,-33,-33,20,20,-5,-5,-27,-27,-27,19,19,19,19,-26,-26,9,9,4,4,10,10,1,1,1,-21,-21,-25,-25,-11,-11,15,15,6,6,6,34,34,34,13,13,13,8,8,12,-7,-7,18,18,17,17,5,5,24,24,-6,-6,57,57,-31,-31,8,8,-23,-23,-11,-11,-4,-4,-21,-21,-14,-14,-14,6,6,6,16,16,16,6,6,-16,-16,10,10,10,18,18,18,4,4,4,9,9,9,6,6,6,3,3,-21,-21,-21,-6,-6,-6,-6,4,4,4,4,-5,-5,-5,6,6,27,27,14,14,12,12,12,-18,-18,-18,-18,-27,-27,-27,-27,-77,-77,-77,-29,-29,10,10,-6,-6,-6,-30,-30,-30,-30,-38,-38,-38,-10,-10,-10,-17,-17,34,34,34,-13,-13,-13,-13,14,14,14,14,-21,-21,-21,-21,-55,-55,-28,-28,-16,-16,-31,-31,-31,11,11,11,-18,-18,-18,-3,-3,-3,-14,-14,24,24,24,-3,-3,-3,-3,-29,-29,-29,-29,-15,-15,-15,-15,17,17,17,-15,-15,0,0,0,8,8,8,-39,-39,-39,-39,-20,-20,-20,-20,-2,-2,-24,-24,-2,-2,-2,-10,-10,-10,-10,4,4,4,-22,-22,-22,14,14,-3,-3,-30,-30,-30,-49,-49,-49,-31,-31,-31,-31,-28,-28,-28,-28,-41,-41,-32,-32,-23,-23,-23,4,4,4,4,-40,-40,-40,-40,-40,-55,-55,-55,-55,-25,-25,-24,-24,-37,-37,-37,33,33,33,33,-49,-49,-49,-49,-72,-72,-72,-21,-21,-21,-10,-10,-4,-4,-4,-17,-17,-17,-7,-7,-7,-7,-13,-13,-13,-13,-34,-34,-34,-16,-16,-26,-26,-14,-14,-18,-18,-18,-18,-18,-18,-18,-11,-11,-15,-15,-13,-13,-13,-13,-13,-34,-34,-34,-34,-64,-64,-64,-64,-4,-4,-4,14,14,-2,-2,-1,-1,-27,-27,-27,-15,-15,-15,-25,-25,-25,2,2,6,6,-6,-6,-6,-2,-2,-2,-7,-7,-7,-7,-19,-19,-19,-19,-7,-7,-7,-9,-9,-10,-10,-10,-4,-4,-4,-4,-8,-8,-8,-8,-24,-24,-24,-21,-21,-28,-28,-16,-16,-16,-45,-45,-45,-25,-25,-31,-31,-23,-29,-29,6,6,0,0,-9,-9,-9,-52,-52,-19,-19,-34,-34,-5,-5,-7,-7,-7,-32,-32,-32,-37,-37,-37,-40,-40,-30,-30,-13,-13,8,8,-25,-25,-25,-24,-24,-24,-28,-28,-28,-15,-15,-4,-4,-18,-18,-18,-18,-18,-30,-30,-30,-42,-42,-42,-42,-16,-16,-16,-16,-16,-16,-16,-24,-24,-24,-33,-33,-33,-53,-53,-53,-40,-40,-40,-35,-35,-35,-36,-36,-36,1,1,1,15,15,15,18,18,18,19,19,19
198,35.17600000000000193,50,2,58,58,-21,-21,-21,-21,-21,-21,49,49,49,49,-48,-48,-48,-48,1,1,1,50,50,62,62,62,57,57,57,57,51,51,51,15,15,44,44,21,21,15,15,15,39,39,39,39,2,2,2,-17,-17,-13,-13,0,0,-8,-8,55,55,55,6,6,6,6,50,50,-13,-13,17,17,49,49,-9,-9,-9,-17,-17,5,5,9,9,9,9,22,22,22,39,39,39,8,8,8,35,35,35,-5,-5,29,29,37,37,58,58,11,11,6,6,-4,-4,21,21,40,40,14,14,-12,-12,16,16,36,36,8,8,8,22,22,22,30,30,30,20,20,56,56,34,34,34,27,27,27,39,39,39,44,44,44,5,5,5,55,55,-2,-2,-2,39,39,39,39,23,23,23,23,-9,-9,-9,8,8,27,27,42,42,27,27,27,11,11,11,11,-6,-6,-6,-6,-5,-5,-5,35,35,37,37,6,6,6,17,17,17,17,-13,-13,-13,-2,-2,-2,33,33,43,43,43,36,36,36,36,15,15,15,15,-1,-1,-1,-1,0,0,11,11,0,0,3,3,3,39,39,39,24,24,24,49,49,49,41,41,55,55,55,24,24,24,24,-14,-14,-14,-14,23,23,23,23,46,46,46,41,41,41,41,41,33,33,33,0,0,0,0,30,30,30,30,29,29,4,4,40,40,40,19,19,19,19,21,21,21,-12,-12,-12,39,39,40,40,10,10,10,4,4,4,34,34,34,34,15,15,15,15,9,9,15,15,14,14,14,37,37,37,37,10,10,10,10,10,6,6,6,6,7,7,42,42,15,15,15,9,9,9,9,-18,-18,-18,-18,-31,-31,-31,6,6,6,21,21,19,19,19,1,1,1,21,21,21,21,14,14,14,14,-33,-33,-33,9,9,25,25,6,6,-3,-3,-3,-13,-13,-13,-13,8,8,19,19,32,32,-5,-5,-5,6,6,6,6,14,14,14,14,21,21,21,30,30,51,51,12,12,-26,-26,-26,40,40,40,-22,-22,-22,5,5,29,29,23,23,23,11,11,11,40,40,40,40,18,18,18,18,2,2,2,9,9,34,34,34,12,12,12,12,25,25,25,25,17,17,17,6,6,-10,-10,17,17,17,-5,-5,-5,-3,-3,-21,-21,-23,-17,-17,-26,-26,-13,-13,-10,-10,-10,-6,-6,-37,-37,9,9,9,9,6,6,6,-18,-18,-18,-13,-13,-13,-14,-14,11,11,8,8,-18,-18,-1,-1,-1,-10,-10,-10,-5,-5,-5,9,9,11,11,8,8,-5,-5,-5,-15,-15,-15,-20,-20,-20,-20,-1,-1,-1,-1,7,7,7,-17,-17,-17,-1,-1,-1,-10,-10,-10,-4,-4,-4,-19,-19,-19,-17,-17,-17,4,4,4,15,15,15,30,30,30,30,30,30
199,35.37599999999999767,58,17,87,87,55,55,55,19,19,19,40,40,40,40,-8,-8,-8,-8,19,19,19,11,11,-4,-4,-4,46,46,46,46,55,55,55,64,64,25,25,24,24,20,20,20,9,9,9,9,25,25,25,31,31,43,43,24,24,36,36,38,38,38,6,6,6,6,40,40,39,39,29,29,13,13,38,38,38,18,18,-36,-36,21,21,29,29,49,49,49,56,56,56,42,42,42,55,55,64,54,54,52,52,40,40,48,48,13,13,30,30,36,36,9,9,30,30,51,51,24,24,35,35,61,61,42,42,42,28,28,28,54,54,54,51,51,59,59,52,52,52,57,57,57,41,41,41,38,38,38,-4,-4,-4,45,45,25,25,25,66,66,66,66,39,39,39,39,1,1,1,18,18,55,55,34,34,45,45,45,4,4,4,4,17,17,17,17,-3,-3,-3,79,79,56,56,14,14,14,29,29,29,29,20,20,20,16,16,16,38,38,78,78,78,56,56,56,56,28,28,28,28,6,6,6,6,11,11,40,40,51,51,58,58,58,70,70,70,58,58,58,61,61,61,74,74,74,74,74,43,43,43,43,-17,-17,-17,-17,24,24,24,24,52,52,52,70,70,64,64,64,57,57,57,5,5,5,5,46,46,46,46,68,68,41,41,45,45,45,55,55,55,55,40,40,40,10,10,10,45,45,48,48,49,49,49,49,49,49,69,69,69,69,28,28,28,28,25,25,52,52,61,61,61,66,66,66,66,51,51,51,51,51,37,37,37,37,42,42,50,50,20,20,20,43,43,43,43,24,24,24,24,16,16,16,29,29,29,40,40,47,47,47,23,23,23,52,52,52,52,37,37,37,37,31,31,31,25,25,61,61,59,59,44,44,44,23,23,23,23,41,41,49,49,60,60,31,31,31,40,40,40,40,45,45,45,45,27,27,27,48,48,81,81,47,47,31,31,31,54,54,54,24,24,24,21,21,36,36,46,46,46,38,38,38,36,36,36,36,39,39,39,39,48,48,48,40,40,23,23,23,15,15,15,15,74,74,74,74,54,54,54,25,25,24,24,46,46,46,24,24,24,43,43,13,13,8,9,9,29,29,27,27,37,37,37,24,24,5,5,37,37,62,62,27,27,27,20,20,20,3,3,3,21,21,23,23,15,15,15,15,38,38,38,14,14,14,-11,-11,-11,12,12,24,24,34,34,-9,-9,-9,8,8,8,15,15,15,15,10,10,10,10,29,29,29,40,40,40,41,41,41,24,24,24,24,24,24,35,35,35,-15,-15,-15,38,38,38,49,49,49,43,43,43,41,41,41
200,35.57600000000000051,45,49,49,49,27,27,27,48,48,48,63,63,63,63,39,39,39,39,51,51,51,1,1,33,33,33,31,31,31,31,38,38,38,55,55,32,32,-5,-5,21,21,21,39,39,39,39,72,72,72,34,34,34,34,5,5,49,49,22,22,22,38,38,38,38,12,12,30,30,33,33,10,10,50,50,50,24,24,46,46,-3,-3,18,18,70,70,70,62,62,62,51,51,51,63,63,41,15,15,65,65,59,59,72,72,51,51,13,13,47,47,47,47,66,66,51,51,54,54,42,42,31,31,37,37,37,64,64,64,37,37,37,21,21,37,37,54,54,54,36,36,36,31,31,31,12,12,12,-3,-3,-3,40,40,54,54,54,31,31,31,31,47,47,47,47,-20,-20,-20,17,17,21,21,27,27,51,51,51,36,36,36,36,13,13,13,13,30,30,30,52,52,51,51,48,48,48,33,33,33,33,26,26,26,59,59,59,28,28,80,80,80,64,64,64,64,34,34,34,34,31,31,31,31,27,27,38,38,40,40,82,82,82,68,68,68,41,41,41,76,76,76,88,88,74,74,74,30,30,30,30,27,27,27,27,47,47,47,47,54,54,54,69,69,37,37,37,43,43,43,20,20,20,20,27,27,27,27,56,56,44,44,84,84,84,52,52,52,52,52,52,52,11,11,11,35,35,35,35,67,67,67,91,91,91,33,33,33,33,26,26,26,26,16,16,46,46,79,79,79,39,39,39,39,62,62,62,62,62,56,56,56,56,27,27,49,49,59,59,59,28,28,28,28,51,51,51,51,20,20,20,47,47,47,72,72,94,94,94,74,74,74,67,67,67,67,46,46,46,46,63,63,63,64,64,59,59,54,54,61,61,61,41,41,41,41,44,44,45,45,55,55,65,65,65,65,65,65,65,49,49,49,49,35,35,35,103,103,76,76,54,54,47,47,47,59,59,59,53,53,53,47,47,60,60,34,34,34,40,40,40,69,69,69,69,88,88,88,88,42,42,42,67,67,28,28,28,59,59,59,59,50,50,50,50,11,11,11,17,17,14,14,29,29,29,37,37,37,36,36,22,22,10,16,16,34,34,31,31,43,43,43,51,51,31,31,60,60,31,31,34,34,34,31,31,31,28,28,28,32,32,11,11,32,32,35,35,54,54,54,28,28,28,21,21,21,29,29,32,32,38,38,58,58,58,39,39,39,36,36,36,36,39,39,39,39,33,33,33,51,51,51,61,61,61,50,50,50,51,51,51,63,63,63,26,26,26,47,47,47,59,59,59,42,42,42,57,57,57
201,35.77600000000000335,46,-12,22,22,25,25,25,35,35,35,22,22,22,22,-18,-18,-18,-18,4,4,4,54,54,43,43,43,63,63,63,63,-3,-3,-3,5,5,59,59,-18,-18,49,49,49,58,58,58,58,41,41,41,25,25,1,1,-25,-25,8,8,2,2,2,16,16,16,16,37,37,74,74,22,22,45,45,45,45,45,16,16,19,19,30,30,51,51,38,38,38,25,25,25,60,60,60,28,28,15,-1,-1,25,25,16,16,0,0,37,37,10,10,8,8,-9,-9,22,22,50,50,55,55,24,24,22,22,45,45,45,33,33,33,24,24,24,48,48,-16,-16,35,35,35,8,8,8,9,9,9,-22,-22,-22,0,0,0,7,7,7,7,7,58,58,58,58,58,58,58,58,15,15,15,24,24,-24,-24,-9,-9,13,13,13,0,0,0,0,19,19,19,19,-5,-5,-5,48,48,31,31,46,46,46,21,21,21,21,35,35,35,31,31,31,43,43,37,37,37,38,38,38,38,5,5,5,5,39,39,39,39,90,90,32,32,53,53,60,60,60,89,89,89,72,72,72,47,47,47,36,36,48,48,48,8,8,8,8,39,39,39,39,39,39,39,39,38,38,38,22,22,33,33,33,37,37,37,5,5,5,5,41,41,41,41,56,56,40,40,35,35,35,40,40,40,40,34,34,34,4,4,4,21,21,25,25,49,49,49,47,47,47,54,54,54,54,34,34,34,34,9,9,-18,-18,41,41,41,34,34,34,34,31,31,31,31,31,27,27,27,27,5,5,35,35,45,45,45,42,42,42,42,57,57,57,57,17,17,17,25,25,25,11,11,39,39,39,35,35,35,52,52,52,52,56,56,56,56,64,64,64,50,50,58,58,52,52,52,52,52,31,31,31,31,15,15,29,29,42,42,54,54,54,36,36,36,36,71,71,71,71,92,92,92,43,43,13,13,60,60,52,52,52,47,47,47,21,21,21,38,38,13,13,22,22,22,20,20,20,37,37,37,37,55,55,55,55,69,69,69,48,48,25,25,25,35,35,35,35,35,35,35,35,4,4,4,18,18,8,8,43,43,43,34,34,34,40,40,21,21,14,17,17,51,51,49,49,57,57,57,60,60,7,7,30,30,20,20,57,57,57,50,50,50,17,17,17,10,10,2,2,6,6,35,35,25,25,25,33,33,33,23,23,23,30,30,44,44,26,26,29,29,29,15,15,15,54,54,54,54,43,43,43,43,46,46,46,8,8,8,36,36,36,63,63,63,70,70,70,48,48,48,34,34,34,25,25,25,45,45,45,34,34,34,54,54,54
202,35.97599999999999909,27,-7,-12,-12,17,17,17,25,25,25,11,11,11,11,7,7,7,7,-21,-21,-21,-31,-31,5,5,5,6,6,6,6,30,30,30,21,21,45,45,-19,-19,-29,-29,-29,28,28,28,28,16,16,16,134,134,-7,-7,24,24,0,0,-14,-14,-14,43,43,43,43,33,33,34,34,-29,-29,57,57,22,22,22,51,51,-10,-10,41,41,49,49,32,32,32,27,27,27,53,53,53,10,10,-40,23,23,17,17,19,19,-2,-2,20,20,-17,-17,20,20,14,14,1,1,54,54,20,20,21,21,35,35,34,34,34,42,42,42,33,33,33,2,2,10,10,11,11,11,17,17,17,45,45,45,8,8,8,-15,-15,-15,-5,-5,22,22,22,15,15,15,15,13,13,13,13,49,49,49,14,14,-31,-31,-3,-3,13,13,13,10,10,10,10,47,47,47,47,1,1,1,16,16,8,8,19,19,19,14,14,14,14,44,44,44,-5,-5,-5,-7,-7,-8,-8,-8,17,17,17,17,64,64,64,64,56,56,56,56,44,44,39,39,19,19,50,50,50,89,89,89,66,66,66,30,30,30,26,26,14,14,14,18,18,18,18,65,65,65,65,35,35,35,35,39,39,39,4,4,35,35,35,8,8,8,55,55,55,55,22,22,22,22,39,39,39,39,17,17,17,10,10,10,10,23,23,23,39,39,39,11,11,31,31,30,30,30,18,18,18,74,74,74,74,58,58,58,58,24,24,-17,-17,23,23,23,23,23,23,23,8,8,8,8,8,41,41,41,41,36,36,-1,-1,-7,-7,-7,28,28,28,28,77,77,77,77,21,21,21,23,23,23,23,23,31,31,31,-7,-7,-7,35,35,35,35,62,62,62,62,65,65,65,49,49,11,11,37,37,39,39,39,46,46,46,46,36,36,15,15,17,17,10,10,10,47,47,47,47,30,30,30,30,99,99,99,62,62,52,52,36,36,24,24,24,43,43,43,43,43,43,22,22,18,18,6,6,6,15,15,15,24,24,24,24,37,37,37,37,28,28,28,10,10,-3,-3,-3,5,5,5,5,5,5,5,5,39,39,39,11,11,-11,-11,41,41,41,39,39,39,41,41,21,21,13,14,14,30,30,59,59,45,45,45,54,54,47,47,16,16,33,33,34,34,34,18,18,18,13,13,13,26,26,12,12,6,6,15,15,19,19,19,33,33,33,20,20,20,32,32,12,12,1,1,36,36,36,35,35,35,54,54,54,54,43,43,43,43,43,43,43,17,17,17,22,22,22,43,43,43,52,52,52,29,29,29,-14,-14,-14,-8,-8,-8,42,42,42,31,31,31,42,42,42
203,36.17600000000000193,13,-41,-42,-42,2,2,2,53,53,53,6,6,6,6,-5,-5,-5,-5,63,63,63,40,40,22,22,22,-2,-2,-2,-2,-25,-25,-25,13,13,-5,-5,-6,-6,35,35,35,29,29,29,29,53,53,53,59,59,31,31,72,72,25,25,15,15,15,47,47,47,47,21,21,-3,-3,13,13,27,27,71,71,71,51,51,47,47,41,41,29,29,53,53,53,24,24,24,58,58,58,25,25,-2,-16,-16,26,26,16,16,6,6,-21,-21,20,20,25,25,59,59,67,67,41,41,25,25,14,14,56,56,39,39,39,53,53,53,22,22,22,30,30,14,14,8,8,8,4,4,4,-12,-12,-12,21,21,21,5,5,5,-8,-8,39,39,39,18,18,18,18,39,39,39,39,2,2,2,2,2,-5,-5,29,29,36,36,36,73,73,73,73,55,55,55,55,27,27,27,13,13,15,15,26,26,26,4,4,4,4,30,30,30,42,42,42,17,17,4,4,4,25,25,25,25,82,82,82,82,83,83,83,83,87,87,90,90,36,36,68,68,68,72,72,72,64,64,64,23,23,23,34,34,53,53,53,24,24,24,24,71,71,71,71,74,74,74,74,47,47,47,30,30,58,58,58,14,14,14,45,45,45,45,32,32,32,32,72,72,43,43,47,47,47,41,41,41,41,61,61,61,77,77,77,52,52,53,53,65,65,65,80,80,80,66,66,66,66,45,45,45,45,50,50,16,16,9,9,9,41,41,41,41,27,27,27,27,27,55,55,55,55,65,65,24,24,24,24,24,50,50,50,50,103,103,103,103,58,58,58,54,54,54,44,44,47,47,47,50,50,50,59,59,59,59,85,85,85,85,69,69,69,77,77,38,38,53,53,66,66,66,45,45,45,45,39,39,49,49,57,57,44,44,44,63,63,63,63,69,69,69,69,96,96,96,47,47,78,78,19,19,33,33,33,50,50,50,44,44,44,39,39,20,20,44,44,44,64,64,64,52,52,52,52,25,25,25,25,48,48,48,14,14,8,8,8,4,4,4,4,39,39,39,39,34,34,34,41,41,45,45,21,21,21,40,40,40,40,40,53,53,53,34,34,51,51,39,39,37,37,37,68,68,30,30,23,23,38,38,48,48,48,46,46,46,35,35,35,32,32,37,37,37,37,38,38,28,28,28,28,28,28,38,38,38,31,31,40,40,34,34,61,61,61,49,49,49,58,58,58,58,52,52,52,52,57,57,57,24,24,24,50,50,50,55,55,55,66,66,66,38,38,38,23,23,23,21,21,21,58,58,58,75,75,75,84,84,84
204,36.37599999999999767,22,-13,-15,-15,31,31,31,36,36,36,55,55,55,55,65,65,65,65,28,28,28,26,26,30,30,30,39,39,39,39,-7,-7,-7,24,24,57,57,6,6,47,47,47,31,31,31,31,38,38,38,7,7,66,66,42,42,-2,-2,27,27,27,19,19,19,19,11,11,71,71,13,13,54,54,16,16,16,36,36,22,22,61,61,34,34,42,42,42,6,6,6,37,37,37,49,49,-3,22,22,11,11,32,32,-5,-5,-1,-1,29,29,49,49,45,45,20,20,18,18,58,58,30,30,99,99,49,49,49,42,42,42,77,77,77,43,43,67,67,36,36,36,57,57,57,6,6,6,51,51,51,71,71,71,25,25,27,27,27,34,34,34,34,52,52,52,52,45,45,45,70,70,1,1,22,22,22,22,22,74,74,74,74,45,45,45,45,39,39,39,60,60,24,24,57,57,57,41,41,41,41,64,64,64,59,59,59,39,39,49,49,49,84,84,84,84,66,66,66,66,107,107,107,107,79,79,73,73,60,60,90,90,90,98,98,98,77,77,77,54,54,54,53,53,40,40,40,54,54,54,54,71,71,71,71,86,86,86,86,104,104,104,82,82,79,79,79,54,54,54,88,88,88,88,68,68,68,68,90,90,84,84,57,57,57,66,66,66,66,106,106,106,116,116,116,75,75,95,95,86,86,86,80,80,80,106,106,106,106,75,75,75,75,97,97,98,98,54,54,54,84,84,84,84,56,56,56,56,56,87,87,87,87,80,80,64,64,56,56,56,57,57,57,57,116,116,116,116,88,88,88,68,68,68,52,52,61,61,61,76,76,76,89,89,89,89,100,100,100,100,126,126,126,96,96,52,52,71,71,104,104,104,87,87,87,87,108,108,91,91,62,62,58,58,58,71,71,71,71,39,39,39,39,85,85,85,69,69,45,45,40,40,64,64,64,66,66,66,69,69,69,50,50,22,22,38,38,38,60,60,60,48,48,48,48,73,73,73,73,40,40,40,44,44,43,43,43,49,49,49,49,60,60,60,60,57,57,57,55,55,50,50,46,46,46,38,38,38,69,69,78,78,67,70,70,103,103,43,43,98,98,98,84,84,75,75,68,68,58,58,50,50,50,49,49,49,55,55,55,75,75,66,66,65,65,70,70,53,53,53,54,54,54,75,75,75,44,44,57,57,55,55,71,71,71,70,70,70,87,87,87,87,70,70,70,70,91,91,91,50,50,50,61,61,61,86,86,86,94,94,94,93,93,93,60,60,60,63,63,63,72,72,72,94,94,94,112,112,112
205,36.57600000000000051,1,-6,12,12,26,26,26,48,48,48,61,61,61,61,89,89,89,89,40,40,40,41,41,10,10,10,16,16,16,16,67,67,67,29,29,46,46,36,36,23,23,23,31,31,31,31,33,33,33,70,70,45,45,21,21,-4,-4,32,32,32,29,29,29,29,37,37,21,21,11,11,44,44,80,80,80,17,17,59,59,63,63,-3,-3,2,2,2,-2,-2,-2,15,15,15,29,29,11,-9,-9,-8,-8,26,26,21,21,1,1,19,19,39,39,37,37,19,19,16,16,35,35,19,19,70,70,42,42,42,31,31,31,42,42,42,60,60,57,57,28,28,28,67,67,67,46,46,46,49,49,49,89,89,89,57,57,11,11,11,37,37,37,37,67,67,67,67,20,20,20,54,54,42,42,35,35,13,13,13,48,48,48,48,64,64,64,64,53,53,53,50,50,29,29,48,48,48,74,74,74,74,59,59,59,80,80,80,82,82,24,24,24,54,54,54,54,88,88,88,88,118,118,118,118,86,86,85,85,57,57,50,50,50,42,42,42,41,41,41,31,31,31,61,61,35,35,35,42,42,42,42,50,50,50,50,90,90,90,90,60,60,60,76,76,48,48,48,56,56,56,89,89,89,89,91,91,91,91,96,96,88,88,63,63,63,65,65,65,65,85,85,85,127,127,127,69,69,92,92,74,74,74,94,94,94,121,121,121,121,87,87,87,87,104,104,102,102,80,80,80,81,81,81,81,59,59,59,59,59,55,55,55,55,83,83,76,76,85,85,85,84,84,84,84,109,109,109,109,97,97,97,63,63,63,63,63,67,67,67,76,76,76,113,113,113,113,81,81,81,81,122,122,122,96,96,73,73,78,78,109,109,109,73,73,73,73,100,100,42,42,39,39,76,76,76,86,86,86,86,115,115,115,115,113,113,113,100,100,34,34,26,26,62,62,62,70,70,70,91,91,91,51,51,61,61,68,68,68,45,45,45,60,60,60,60,38,38,38,38,64,64,64,51,51,39,39,39,39,39,39,39,76,76,76,76,40,40,40,50,50,55,55,48,48,48,32,32,32,68,68,72,72,106,77,77,75,75,85,85,89,89,89,74,74,80,80,83,83,62,62,71,71,71,74,74,74,90,90,90,71,71,67,67,65,65,63,63,71,71,71,54,54,54,82,82,82,46,46,65,65,51,51,65,65,65,74,74,74,90,90,90,90,72,72,72,72,72,72,72,71,71,71,94,94,94,103,103,103,82,82,82,108,108,108,92,92,92,79,79,79,90,90,90,89,89,89,99,99,99
206,36.77600000000000335,61,25,36,36,35,35,35,7,7,7,57,57,57,57,-6,-6,-6,-6,38,38,38,40,40,12,12,12,28,28,28,28,9,9,9,33,33,33,33,14,14,49,49,49,32,32,32,32,18,18,18,28,28,58,58,64,64,31,31,13,13,13,15,15,15,15,-1,-1,30,30,-16,-16,17,17,22,22,22,21,21,15,15,23,23,6,6,5,5,5,-5,-5,-5,12,12,12,30,30,-1,-27,-27,-31,-31,-17,-17,5,5,0,0,10,10,38,38,31,31,13,13,38,38,34,34,1,1,45,45,47,47,47,0,0,0,33,33,33,31,31,-8,-8,28,28,28,16,16,16,9,9,9,-3,-3,-3,48,48,48,38,38,40,40,40,3,3,3,3,27,27,27,27,40,40,40,18,18,29,29,9,9,21,21,21,33,33,33,33,22,22,22,22,36,36,36,50,50,21,21,27,27,27,62,62,62,62,38,38,38,49,49,49,42,42,23,23,23,47,47,47,47,61,61,61,61,100,100,100,100,89,89,47,47,28,28,31,31,31,19,19,19,16,16,16,7,7,7,-3,-3,10,10,10,33,33,33,33,39,39,39,39,52,52,52,52,43,43,43,29,29,13,13,13,43,43,43,36,36,36,36,57,57,57,57,64,64,44,44,49,49,49,25,25,25,25,77,77,77,88,88,88,51,51,26,26,45,45,45,55,55,55,54,54,54,54,31,31,31,31,60,60,37,37,31,31,31,51,51,51,51,76,76,76,76,76,64,64,64,64,72,72,20,20,26,26,26,51,51,51,51,63,63,63,63,70,70,70,43,43,43,34,34,14,14,14,66,66,66,87,87,87,87,56,56,56,56,108,108,108,74,74,84,84,70,70,86,86,86,80,80,80,80,89,89,36,36,19,19,44,44,44,60,60,60,60,59,59,59,59,90,90,90,59,59,46,46,49,49,57,57,57,54,54,54,63,63,63,38,38,28,28,24,24,24,12,12,12,22,22,22,22,17,17,17,17,16,16,16,14,14,30,30,30,26,26,26,26,51,51,51,51,31,31,31,25,25,37,37,47,47,47,28,28,28,68,68,48,48,84,79,79,56,56,70,70,85,85,85,77,77,52,52,49,49,42,42,49,49,49,22,22,22,94,94,94,35,35,32,32,40,40,13,13,23,23,23,61,61,61,63,63,63,53,53,24,24,40,40,57,57,57,50,50,50,52,52,52,52,50,50,50,50,61,61,61,54,54,54,58,58,58,60,60,60,107,107,107,77,77,77,78,78,78,48,48,48,58,58,58,64,64,64,72,72,72
207,36.97599999999999909,50,17,13,13,56,56,56,23,23,23,45,45,45,45,16,16,16,16,30,30,30,50,50,17,17,17,-5,-5,-5,-5,47,47,47,23,23,30,30,35,35,12,12,12,-11,-11,-11,-11,3,3,3,14,14,52,52,71,71,13,13,11,11,11,15,15,15,15,28,28,3,3,-30,-30,-6,-6,7,7,7,51,51,12,12,-12,-12,24,24,-8,-8,-8,-8,-8,-8,-10,-10,-10,-20,-20,-5,12,12,-38,-38,-70,-70,-34,-34,-39,-39,-9,-9,-14,-14,21,21,-7,-7,10,10,4,4,20,20,14,14,-4,-4,-4,29,29,29,2,2,2,22,22,-27,-27,12,12,12,44,44,44,1,1,1,-8,-8,-8,28,28,28,12,12,13,13,13,50,50,50,50,43,43,43,43,30,30,30,-1,-1,2,2,17,17,4,4,4,8,8,8,8,-6,-6,-6,-6,-8,-8,-8,52,52,2,2,-10,-10,-10,16,16,16,16,44,44,44,15,15,15,29,29,-18,-18,-18,9,9,9,9,66,66,66,66,43,43,43,43,32,32,-4,-4,3,3,-19,-19,-19,-33,-33,-33,6,6,6,-5,-5,-5,23,23,-21,-21,-21,-24,-24,-24,-24,-8,-8,-8,-8,42,42,42,42,28,28,28,6,6,2,2,2,20,20,20,36,36,36,36,49,49,49,49,46,46,46,46,23,23,23,10,10,10,10,48,48,48,70,70,70,45,45,-1,-1,8,8,8,13,13,13,43,43,43,43,4,4,4,4,45,45,-19,-19,-26,-26,-26,14,14,14,14,12,12,12,12,12,14,14,14,14,41,41,-9,-9,-18,-18,-18,11,11,11,11,41,41,41,41,27,27,27,10,10,10,5,5,9,9,9,-7,-7,-7,53,53,53,53,12,12,12,12,64,64,64,40,40,39,39,40,40,40,40,40,15,15,15,15,37,37,10,10,-6,-6,13,13,13,13,13,13,13,41,41,41,41,48,48,48,28,28,17,17,1,1,-12,-12,-12,25,25,25,55,55,55,6,6,-1,-1,8,8,8,-6,-6,-6,7,7,7,7,-36,-36,-36,-36,-14,-14,-14,0,0,-3,-3,-3,0,0,0,0,1,1,1,1,13,13,13,12,12,14,14,7,7,7,10,10,10,33,33,8,8,34,51,51,27,27,36,36,44,44,44,15,15,33,33,28,28,14,14,4,4,4,-10,-10,-10,12,12,12,18,18,7,7,1,1,-14,-14,3,3,3,30,30,30,29,29,29,34,34,20,20,21,21,18,18,18,11,11,11,28,28,28,28,28,28,28,28,0,0,0,4,4,4,27,27,27,27,27,27,50,50,50,32,32,32,26,26,26,15,15,15,21,21,21,55,55,55,38,38,38
208,37.17600000000000193,47,64,35,35,38,38,38,25,25,25,5,5,5,5,44,44,44,44,68,68,68,19,19,37,37,37,48,48,48,48,51,51,51,34,34,53,53,19,19,74,74,74,26,26,26,26,29,29,29,37,37,46,46,51,51,-7,-7,-31,-31,-31,-12,-12,-12,-12,12,12,22,22,20,20,19,19,38,38,38,31,31,6,6,22,22,-11,-11,4,4,4,-27,-27,-27,13,13,13,50,50,7,-12,-12,-26,-26,-12,-12,-42,-42,4,4,1,1,21,21,0,0,1,1,48,48,34,34,-17,-17,22,22,-30,-30,-30,15,15,15,47,47,47,28,28,18,18,27,27,27,22,22,22,7,7,7,7,7,7,0,0,0,27,27,10,10,10,57,57,57,57,37,37,37,37,20,20,20,24,24,24,24,20,20,21,21,21,26,26,26,26,42,42,42,42,13,13,13,28,28,25,25,31,31,31,14,14,14,14,26,26,26,17,17,17,8,8,-16,-16,-16,1,1,1,1,7,7,7,7,37,37,37,37,35,35,-5,-5,-9,-9,-37,-37,-37,-35,-35,-35,-22,-22,-22,-20,-20,-20,-7,-7,18,18,18,20,20,20,20,8,8,8,8,32,32,32,32,34,34,34,13,13,-4,-4,-4,33,33,33,33,33,33,33,23,23,23,23,38,38,26,26,29,29,29,52,52,52,52,51,51,51,26,26,26,2,2,-10,-10,7,7,7,21,21,21,27,27,27,27,11,11,11,11,28,28,-20,-20,-1,-1,-1,1,1,1,1,47,47,47,47,47,-7,-7,-7,-7,19,19,-40,-40,-20,-20,-20,22,22,22,22,13,13,13,13,19,19,19,-18,-18,-18,-10,-10,-16,-16,-16,16,16,16,12,12,12,12,11,11,11,11,32,32,32,-14,-14,3,3,-11,-11,36,36,36,22,22,22,22,39,39,14,14,-11,-11,-17,-17,-17,18,18,18,18,16,16,16,16,14,14,14,43,43,15,15,1,1,17,17,17,-5,-5,-5,3,3,3,3,3,9,9,9,9,9,-13,-13,-13,-4,-4,-4,-4,-14,-14,-14,-14,-41,-41,-41,6,6,-5,-5,-5,8,8,8,8,-7,-7,-7,-7,-10,-10,-10,-4,-4,-5,-5,5,5,5,29,29,29,10,10,23,23,28,29,29,4,4,19,19,8,8,8,-24,-24,5,5,35,35,13,13,-21,-21,-21,-26,-26,-26,8,8,8,-3,-3,1,1,-2,-2,-20,-20,-18,-18,-18,16,16,16,6,6,6,-3,-3,28,28,7,7,-5,-5,-5,-8,-8,-8,10,10,10,10,-2,-2,-2,-2,0,0,0,0,0,0,3,3,3,-1,-1,-1,4,4,4,14,14,14,-12,-12,-12,9,9,9,37,37,37,42,42,42,24,24,24
209,37.37599999999999767,41,66,62,62,22,22,22,8,8,8,31,31,31,31,84,84,84,84,-11,-11,-11,80,80,31,31,31,12,12,12,12,104,104,104,23,23,22,22,53,53,4,4,4,-15,-15,-15,-15,2,2,2,31,31,34,34,19,19,63,63,12,12,12,35,35,35,35,52,52,17,17,24,24,19,19,25,25,25,-19,-19,38,38,-24,-24,4,4,27,27,27,52,52,52,23,23,23,20,20,77,25,25,-4,-4,2,2,10,10,26,26,13,13,34,34,16,16,28,28,-7,-7,18,18,22,22,-2,-2,44,44,44,26,26,26,16,16,16,31,31,34,34,36,36,36,41,41,41,15,15,15,2,2,2,33,33,33,40,40,68,68,68,61,61,61,61,56,56,56,56,20,20,20,25,25,25,25,45,45,23,23,23,21,21,21,21,18,18,18,18,18,18,18,37,37,48,48,35,35,35,-7,-7,-7,-7,-4,-4,-4,33,33,33,27,27,27,27,27,8,8,8,8,-3,-3,-3,-3,26,26,26,26,21,21,-8,-8,-3,-3,-14,-14,-14,-52,-52,-52,-22,-22,-22,18,18,18,-9,-9,13,13,13,39,39,39,39,12,12,12,12,2,2,2,2,46,46,46,21,21,23,23,23,39,39,39,18,18,18,18,19,19,19,19,37,37,30,30,43,43,43,50,50,50,50,51,51,51,26,26,26,11,11,7,7,9,9,9,22,22,22,25,25,25,25,-1,-1,-1,-1,-2,-2,50,50,18,18,18,-2,-2,-2,-2,-2,-2,-2,-2,-2,-22,-22,-22,-22,-19,-19,23,23,-5,-5,-5,22,22,22,22,-6,-6,-6,-6,37,37,37,16,16,16,-25,-25,2,2,2,18,18,18,16,16,16,16,13,13,13,13,27,27,27,11,11,23,23,7,7,32,32,32,20,20,20,20,32,32,25,25,26,26,14,14,14,17,17,17,17,41,41,41,41,56,56,56,72,72,25,25,-10,-10,23,23,23,-30,-30,-30,-3,-3,-3,9,9,9,9,12,12,12,6,6,6,-7,-7,-7,-7,14,14,14,14,19,19,19,8,8,20,20,20,5,5,5,5,0,0,0,0,-12,-12,-12,14,14,-10,-10,1,1,1,-10,-10,-10,10,10,18,18,28,36,36,16,16,55,55,-2,-2,-2,-11,-11,1,1,10,10,36,36,-3,-3,-3,-28,-28,-28,17,17,17,13,13,3,3,23,23,27,27,2,2,2,34,34,34,-20,-20,-20,9,9,27,27,23,23,2,2,2,-4,-4,-4,7,7,7,7,23,23,23,23,-10,-10,-10,31,31,31,11,11,11,3,3,3,24,24,24,15,15,15,11,11,11,13,13,13,34,34,34,17,17,17,32,32,32
210,37.57600000000000051,45,84,100,100,87,87,87,46,46,46,55,55,55,55,66,66,66,66,65,65,65,65,65,55,55,55,31,31,31,31,28,28,28,26,26,74,74,31,31,76,76,76,55,55,55,55,19,19,19,-14,-14,4,4,61,61,56,56,27,27,27,46,46,46,46,-4,-4,43,43,17,17,27,27,11,11,11,61,61,27,27,37,37,39,39,59,59,59,27,27,27,25,25,25,54,54,27,51,51,49,49,34,34,-9,-9,36,36,33,33,25,25,50,50,39,39,14,14,39,39,38,38,2,2,59,59,59,22,22,22,23,23,23,47,47,68,68,64,64,64,53,53,53,37,37,37,22,22,22,38,38,38,57,57,52,52,52,42,42,42,42,-1,-1,-1,-1,18,18,18,44,44,45,45,46,46,25,25,25,-21,-21,-21,-21,8,8,8,8,8,8,8,51,51,32,32,48,48,48,25,25,25,25,20,20,20,17,17,17,21,21,45,45,45,25,25,25,25,23,23,23,23,10,10,10,10,6,6,39,39,24,24,8,8,8,8,8,8,-11,-11,-11,43,43,43,34,34,37,37,37,35,35,35,35,-22,-22,-22,-22,21,21,21,21,61,61,61,29,29,28,28,28,39,39,39,3,3,3,3,28,28,28,28,45,45,40,40,50,50,50,20,20,20,20,14,14,14,13,13,13,19,19,20,20,48,48,48,59,59,59,28,28,28,28,15,15,15,15,-4,-4,39,39,68,68,68,5,5,5,5,13,13,13,13,13,7,7,7,7,-4,-4,-3,-3,49,49,49,44,44,44,44,-4,-4,-4,-4,11,11,11,20,20,20,26,26,7,7,7,7,7,7,27,27,27,27,16,16,16,16,15,15,15,14,14,51,51,15,15,22,22,22,4,4,4,4,18,18,34,34,36,36,48,48,48,-6,-6,-6,-6,4,4,4,4,27,27,27,35,35,36,36,24,24,32,32,32,-15,-15,-15,-6,-6,-6,35,35,29,29,33,33,33,12,12,12,11,11,11,11,22,22,22,22,17,17,17,32,32,29,29,29,24,24,24,24,-8,-8,-8,-8,24,24,24,30,30,38,38,21,21,21,24,24,24,21,21,-7,-7,18,46,46,20,20,54,54,14,14,14,12,12,1,1,32,32,38,38,20,20,20,-5,-5,-5,34,34,34,14,14,30,30,22,22,17,17,2,2,2,23,23,23,17,17,17,29,29,35,35,23,23,11,11,11,22,22,22,29,29,29,29,3,3,3,3,8,8,8,27,27,27,31,31,31,10,10,10,11,11,11,25,25,25,16,16,16,36,36,36,47,47,47,32,32,32,20,20,20
211,37.77600000000000335,70,88,32,32,41,41,41,75,75,75,29,29,29,29,56,56,56,56,39,39,39,36,36,30,30,30,33,33,33,33,13,13,13,48,48,43,43,20,20,2,2,2,58,58,58,58,43,43,43,34,34,27,27,29,29,42,42,14,14,14,56,56,56,56,44,44,28,28,59,59,49,49,21,21,21,10,10,31,31,-1,-1,39,39,47,47,47,71,71,71,54,54,54,49,49,41,52,52,47,47,45,45,11,11,0,0,23,23,13,13,23,23,43,43,86,86,15,15,53,53,58,58,58,58,58,10,10,10,5,5,5,41,41,40,40,26,26,26,29,29,29,4,4,4,39,39,39,30,30,30,37,37,30,30,30,25,25,25,25,52,52,52,52,27,27,27,19,19,41,41,69,69,44,44,44,13,13,13,13,42,42,42,42,72,72,72,21,21,72,72,35,35,35,9,9,9,9,44,44,44,0,0,0,34,34,38,38,38,28,28,28,28,34,34,34,34,2,2,2,2,21,21,10,10,4,4,23,23,23,5,5,5,11,11,11,58,58,58,52,52,55,55,55,25,25,25,25,-1,-1,-1,-1,9,9,9,9,53,53,53,48,48,31,31,31,-12,-12,-12,5,5,5,5,10,10,10,10,28,28,39,39,36,36,36,24,24,24,24,-17,-17,-17,13,13,13,-13,-13,25,25,25,25,25,33,33,33,7,7,7,7,37,37,37,37,7,7,56,56,23,23,23,5,5,5,5,36,36,36,36,36,11,11,11,11,22,22,59,59,30,30,30,30,30,30,30,15,15,15,15,5,5,5,35,35,35,41,41,26,26,26,24,24,24,-3,-3,-3,-3,9,9,9,9,-3,-3,-3,13,13,47,47,30,30,8,8,8,-2,-2,-2,-2,31,31,44,44,29,29,33,33,33,-15,-15,-15,-15,11,11,11,11,35,35,35,32,32,54,54,36,36,38,38,38,28,28,28,18,18,18,63,63,28,28,18,18,18,37,37,37,16,16,16,16,40,40,40,40,40,40,40,25,25,53,53,53,34,34,34,34,26,26,26,26,19,19,19,13,13,39,39,14,14,14,22,22,22,23,23,29,29,18,25,25,34,34,33,33,9,9,9,16,16,44,44,42,42,41,41,38,38,38,34,34,34,16,16,16,11,11,19,19,29,29,27,27,37,37,37,-2,-2,-2,-20,-20,-20,14,14,26,26,40,40,5,5,5,-2,-2,-2,20,20,20,20,22,22,22,22,0,0,0,48,48,48,46,46,46,24,24,24,1,1,1,13,13,13,35,35,35,37,37,37,42,42,42,12,12,12,10,10,10
212,37.97599999999999909,17,47,33,33,-7,-7,-7,39,39,39,-4,-4,-4,-4,30,30,30,30,23,23,23,-19,-19,43,43,43,77,77,77,77,25,25,25,25,25,16,16,-15,-15,7,7,7,36,36,36,36,46,46,46,64,64,46,46,15,15,53,53,0,0,0,37,37,37,37,23,23,43,43,62,62,52,52,61,61,61,72,72,29,29,50,50,26,26,64,64,64,64,64,64,87,87,87,63,63,61,57,57,70,70,20,20,56,56,64,64,44,44,3,3,22,22,28,28,12,12,18,18,28,28,39,39,14,14,14,0,0,0,18,18,18,32,32,47,47,22,22,22,18,18,18,28,28,28,28,28,28,22,22,22,-13,-13,44,44,44,29,29,29,29,6,6,6,6,20,20,20,56,56,22,22,44,44,11,11,11,25,25,25,25,36,36,36,36,43,43,43,35,35,52,52,34,34,34,31,31,31,31,44,44,44,13,13,13,22,22,49,49,49,33,33,33,33,22,22,22,22,56,56,56,56,19,19,43,43,18,18,38,38,38,61,61,61,66,66,66,44,44,44,70,70,47,47,47,43,43,43,43,-35,-35,-35,-35,28,28,28,28,38,38,38,44,44,14,14,14,-23,-23,-23,28,28,28,28,14,14,14,14,21,21,3,3,36,36,36,11,11,11,11,4,4,4,-3,-3,-3,-2,-2,11,11,21,21,21,31,31,31,7,7,7,7,39,39,39,39,15,15,31,31,32,32,32,28,28,28,28,37,37,37,37,37,28,28,28,28,46,46,30,30,32,32,32,51,51,51,51,7,7,7,7,3,3,3,21,21,21,21,21,31,31,31,44,44,44,6,6,6,6,31,31,31,31,24,24,24,16,16,43,43,9,9,22,22,22,-6,-6,-6,-6,11,11,30,30,16,16,17,17,17,36,36,36,36,50,50,50,50,43,43,43,14,14,53,53,32,32,25,25,25,9,9,9,23,23,23,24,24,29,29,21,21,21,33,33,33,35,35,35,35,36,36,36,36,36,36,36,54,54,52,52,52,24,24,24,24,26,26,26,26,38,38,38,12,12,32,32,18,18,18,64,64,64,25,25,29,29,40,42,42,33,33,35,35,16,16,16,27,27,26,26,31,31,35,35,30,30,30,24,24,24,8,8,8,3,3,14,14,17,17,12,12,29,29,29,-21,-21,-21,-28,-28,-28,26,26,13,13,38,38,5,5,5,6,6,6,15,15,15,15,12,12,12,12,21,21,21,14,14,14,27,27,27,13,13,13,30,30,30,14,14,14,16,16,16,1,1,1,11,11,11,-6,-6,-6,1,1,1
213,38.17600000000000193,63,33,41,41,39,39,39,64,64,64,-2,-2,-2,-2,44,44,44,44,22,22,22,-21,-21,52,52,52,50,50,50,50,8,8,8,44,44,-6,-6,-4,-4,14,14,14,30,30,30,30,37,37,37,46,46,8,8,37,37,2,2,51,51,51,73,73,73,73,35,35,28,28,18,18,51,51,26,26,26,17,17,83,83,12,12,44,44,55,55,55,64,64,64,68,68,68,56,56,45,54,54,69,69,71,71,45,45,27,27,3,3,33,33,21,21,51,51,45,45,35,35,10,10,30,30,45,45,45,53,53,53,45,45,45,7,7,19,19,13,13,13,13,13,13,57,57,57,51,51,51,2,2,2,2,2,30,30,30,43,43,43,43,48,48,48,48,60,60,60,24,24,59,59,65,65,50,50,50,50,50,50,50,44,44,44,44,55,55,55,44,44,28,28,76,76,76,86,86,86,86,53,53,53,24,24,24,39,39,40,40,40,69,69,69,69,25,25,25,25,75,75,75,75,43,43,52,52,87,87,58,58,58,89,89,89,80,80,80,69,69,69,64,64,44,44,44,49,49,49,49,19,19,19,19,44,44,44,44,79,79,79,36,36,1,1,1,13,13,13,40,40,40,40,43,43,43,43,11,11,9,9,4,4,4,45,45,45,45,25,25,25,15,15,15,6,6,16,16,28,28,28,45,45,45,26,26,26,26,60,60,60,60,32,32,34,34,51,51,51,43,43,43,43,74,74,74,74,74,67,67,67,67,12,12,34,34,52,52,52,57,57,57,57,44,44,44,44,34,34,34,44,44,44,46,46,56,56,56,35,35,35,13,13,13,13,18,18,18,18,33,33,33,36,36,38,38,62,62,33,33,33,30,30,30,30,16,16,42,42,37,37,-4,-4,-4,38,38,38,38,59,59,59,59,52,52,52,61,61,74,74,32,32,47,47,47,53,53,53,32,32,32,50,50,48,48,55,55,55,40,40,40,64,64,64,64,47,47,47,47,75,75,75,45,45,54,54,54,28,28,28,28,53,53,53,53,49,49,49,44,44,41,41,34,34,34,39,39,39,30,30,53,53,39,49,49,40,40,74,74,37,37,37,19,19,53,53,48,48,33,33,24,24,24,43,43,43,7,7,7,33,33,2,2,22,22,12,12,43,43,43,19,19,19,20,20,20,30,30,17,17,31,31,1,1,1,15,15,15,17,17,17,17,6,6,6,6,44,44,44,26,26,26,41,41,41,10,10,10,-7,-7,-7,9,9,9,6,6,6,12,12,12,36,36,36,47,47,47,20,20,20
214,38.37599999999999767,42,10,40,40,48,48,48,35,35,35,-7,-7,-7,-7,16,16,16,16,34,34,34,20,20,82,82,82,43,43,43,43,5,5,5,38,38,21,21,-10,-10,40,40,40,58,58,58,58,35,35,35,55,55,35,35,15,15,10,10,40,40,40,54,54,54,54,76,76,63,63,-1,-1,39,39,53,53,53,40,40,34,34,36,36,45,45,34,34,34,48,48,48,104,104,104,76,76,62,70,70,59,59,64,64,7,7,16,16,36,36,60,60,28,28,42,42,53,53,21,21,27,27,35,35,61,61,61,57,57,57,21,21,21,31,31,44,44,48,48,48,51,51,51,47,47,47,41,41,41,12,12,12,15,15,35,35,35,54,54,54,54,12,12,12,12,46,46,46,54,54,53,53,40,40,36,36,36,18,18,18,18,46,46,46,46,43,43,43,37,37,42,42,32,32,32,77,77,77,77,62,62,62,29,29,29,42,42,36,36,36,59,59,59,59,76,76,76,76,68,68,68,68,82,82,64,64,81,81,105,105,105,120,120,120,91,91,91,53,53,53,57,57,17,17,17,74,74,74,74,47,47,47,47,75,75,75,75,93,93,93,71,71,38,38,38,63,63,63,77,77,77,77,76,76,76,76,59,59,31,31,51,51,51,61,61,61,61,70,70,70,35,35,35,33,33,27,27,48,48,48,61,61,61,71,71,71,71,96,96,96,96,43,43,69,69,67,67,67,56,56,56,56,39,39,39,39,39,61,61,61,61,27,27,29,29,74,74,74,103,103,103,103,83,83,83,83,61,61,61,50,50,50,71,71,67,67,67,66,66,66,53,53,53,53,28,28,28,28,37,37,37,61,61,49,49,54,54,76,76,76,49,49,49,49,69,69,59,59,54,54,40,40,40,36,36,36,36,108,108,108,108,89,89,89,81,81,81,81,53,53,49,49,49,37,37,37,50,50,50,63,63,61,61,58,58,58,78,78,78,52,52,52,52,84,84,84,84,84,84,84,45,45,63,63,63,64,64,64,64,47,47,47,47,83,83,83,67,67,41,41,46,46,46,35,35,35,46,46,44,44,60,41,41,53,53,38,38,43,43,43,83,83,59,59,44,44,20,20,49,49,49,44,44,44,8,8,8,25,25,23,23,52,52,57,57,44,44,44,10,10,10,39,39,39,48,48,30,30,38,38,37,37,37,48,48,48,41,41,41,41,38,38,38,38,67,67,67,51,51,51,31,31,31,22,22,22,36,36,36,45,45,45,49,49,49,51,51,51,80,80,80,51,51,51,53,53,53
215,38.57600000000000051,10,21,-18,-18,13,13,13,2,2,2,20,20,20,20,-14,-14,-14,-14,48,48,48,35,35,52,52,52,37,37,37,37,24,24,24,29,29,37,37,20,20,24,24,24,60,60,60,60,55,55,55,98,98,31,31,34,34,40,40,33,33,33,47,47,47,47,59,59,-28,-28,57,57,99,99,54,54,54,34,34,37,37,46,46,77,77,39,39,39,78,78,78,81,81,81,33,33,54,31,31,82,82,59,59,50,50,38,38,31,31,66,66,33,33,47,47,57,57,97,97,44,44,66,66,71,71,71,73,73,73,77,77,77,26,26,88,88,25,25,25,6,6,6,76,76,76,22,22,22,25,25,25,9,9,16,16,16,38,38,38,38,80,80,80,80,54,54,54,54,54,27,27,19,19,37,37,37,40,40,40,40,76,76,76,76,61,61,61,56,56,52,52,80,80,80,23,23,23,23,51,51,51,50,50,50,77,77,71,71,71,69,69,69,69,94,94,94,94,113,113,113,113,95,95,50,50,95,95,88,88,88,115,115,115,94,94,94,89,89,89,79,79,75,75,75,92,92,92,92,96,96,96,96,57,57,57,57,108,108,108,59,59,59,59,59,62,62,62,60,60,60,60,55,55,55,55,59,59,57,57,32,32,32,78,78,78,78,90,90,90,88,88,88,55,55,66,66,70,70,70,89,89,89,63,63,63,63,125,125,125,125,73,73,70,70,58,58,58,91,91,91,91,60,60,60,60,60,71,71,71,71,61,61,49,49,61,61,61,74,74,74,74,111,111,111,111,66,66,66,89,89,89,81,81,66,66,66,48,48,48,76,76,76,76,85,85,85,85,95,95,95,80,80,91,91,87,87,77,77,77,36,36,36,36,60,60,102,102,51,51,44,44,44,77,77,77,77,86,86,86,86,124,124,124,84,84,102,102,85,85,76,76,76,75,75,75,73,73,73,61,61,55,55,48,48,48,60,60,60,62,62,62,62,76,76,76,76,82,82,82,44,44,46,46,46,54,54,54,54,51,51,51,51,64,64,64,52,52,46,46,58,58,58,58,58,58,76,76,97,97,60,64,64,87,87,78,78,81,81,81,103,103,56,56,66,66,50,50,51,51,51,94,94,94,36,36,36,54,54,64,64,72,72,64,64,77,77,77,68,68,68,58,58,58,53,53,45,45,41,41,53,53,53,48,48,48,53,53,53,53,59,59,59,59,88,88,88,61,61,61,72,72,72,56,56,56,48,48,48,68,68,68,78,78,78,63,63,63,73,73,73,76,76,76,86,86,86
216,38.77600000000000335,68,12,39,39,6,6,6,5,5,5,48,48,48,48,24,24,24,24,23,23,23,18,18,-58,-58,-58,39,39,39,39,65,65,65,9,9,39,39,26,26,74,74,74,58,58,58,58,8,8,8,18,18,51,51,66,66,51,51,80,80,80,52,52,52,52,88,88,15,15,68,68,35,35,54,54,54,-6,-6,50,50,52,52,70,70,23,23,23,20,20,20,22,22,22,36,36,33,77,77,55,55,39,39,71,71,12,12,2,2,38,38,62,62,20,20,44,44,59,59,21,21,34,34,72,72,72,59,59,59,28,28,28,47,47,14,14,12,12,12,36,36,36,37,37,37,33,33,33,31,31,31,9,9,52,52,52,14,14,14,14,61,61,61,61,42,42,42,29,29,55,55,30,30,30,30,30,31,31,31,31,80,80,80,80,71,71,71,30,30,27,27,27,27,27,68,68,68,68,41,41,41,56,56,56,61,61,39,39,39,104,104,104,104,73,73,73,73,117,117,117,117,106,106,79,79,90,90,114,114,114,113,113,113,84,84,84,43,43,43,63,63,52,52,52,74,74,74,74,71,71,71,71,89,89,89,89,77,77,77,80,80,80,80,80,78,78,78,77,77,77,77,69,69,69,69,78,78,75,75,39,39,39,63,63,63,63,108,108,108,103,103,103,82,82,79,79,77,77,77,70,70,70,96,96,96,96,126,126,126,126,86,86,58,58,77,77,77,99,99,99,99,66,66,66,66,66,66,66,66,66,68,68,43,43,78,78,78,92,92,92,92,86,86,86,86,53,53,53,59,59,59,72,72,68,68,68,49,49,49,67,67,67,67,120,120,120,120,88,88,88,67,67,72,72,88,88,93,93,93,63,63,63,63,77,77,78,78,76,76,42,42,42,63,63,63,63,87,87,87,87,132,132,132,73,73,65,65,68,68,66,66,66,84,84,84,64,64,64,39,39,77,77,71,71,71,49,49,49,49,49,49,49,91,91,91,91,54,54,54,54,54,67,67,67,72,72,72,72,90,90,90,90,61,61,61,52,52,44,44,53,53,53,37,37,37,60,60,79,79,56,73,73,58,58,77,77,47,47,47,95,95,58,58,70,70,46,46,71,71,71,77,77,77,24,24,24,52,52,70,70,77,77,60,60,52,52,52,70,70,70,51,51,51,41,41,52,52,45,45,53,53,53,47,47,47,57,57,57,57,39,39,39,39,66,66,66,73,73,73,68,68,68,66,66,66,53,53,53,55,55,55,72,72,72,65,65,65,77,77,77,92,92,92,84,84,84
217,38.97599999999999909,26,-16,3,3,-6,-6,-6,15,15,15,42,42,42,42,-17,-17,-17,-17,-7,-7,-7,23,23,21,21,21,0,0,0,0,43,43,43,51,51,30,30,20,20,1,1,1,11,11,11,11,22,22,22,6,6,64,64,63,63,34,34,26,26,26,53,53,53,53,44,44,20,20,5,5,57,57,-9,-9,-9,34,34,-9,-9,60,60,16,16,-1,-1,-1,55,55,55,47,47,47,20,20,0,27,27,27,27,32,32,30,30,47,47,62,62,-42,-42,14,14,28,28,64,64,57,57,21,21,26,26,50,50,50,36,36,36,71,71,71,53,53,21,21,10,10,10,-7,-7,-7,11,11,11,10,10,10,37,37,37,-3,-3,28,28,28,7,7,7,7,68,68,68,68,43,43,43,13,13,30,30,27,27,27,27,27,58,58,58,58,38,38,38,38,10,10,10,34,34,28,28,33,33,33,31,31,31,31,25,25,25,15,15,15,51,51,46,46,46,47,47,47,47,125,125,125,125,103,103,103,103,88,88,34,34,75,75,65,65,65,70,70,70,64,64,64,25,25,25,53,53,35,35,35,33,33,33,33,69,69,69,69,27,27,27,27,71,71,71,70,70,45,45,45,56,56,56,84,84,84,84,72,72,72,72,85,85,71,71,36,36,36,59,59,59,59,93,93,93,100,100,100,62,62,55,55,70,70,70,72,72,72,63,63,63,63,105,105,105,105,62,62,83,83,51,51,51,108,108,108,108,51,51,51,51,51,41,41,41,41,53,53,40,40,38,38,38,67,67,67,67,97,97,97,97,64,64,64,41,41,41,76,76,54,54,54,25,25,25,76,76,76,76,92,92,92,92,94,94,94,85,85,100,100,94,94,107,107,107,59,59,59,59,73,73,73,73,51,51,50,50,50,35,35,35,35,48,48,48,48,104,104,104,51,51,48,48,102,102,91,91,91,59,59,59,79,79,79,65,65,34,34,42,42,42,53,53,53,24,24,24,24,53,53,53,53,42,42,42,35,35,56,56,56,80,80,80,80,72,72,72,72,30,30,30,39,39,30,30,37,37,37,15,15,15,60,60,55,55,71,71,71,60,60,73,73,39,39,39,84,84,53,53,45,45,40,40,49,49,49,54,54,54,43,43,43,42,42,49,49,33,33,43,43,57,57,57,39,39,39,37,37,37,30,30,34,34,32,32,46,46,46,39,39,39,43,43,43,43,30,30,30,30,65,65,65,42,42,42,55,55,55,27,27,27,24,24,24,48,48,48,55,55,55,39,39,39,75,75,75,88,88,88,117,117,117
218,39.17600000000000193,34,-11,-25,-25,-23,-23,-23,-34,-34,-34,7,7,7,7,21,21,21,21,-21,-21,-21,43,43,-56,-56,-56,45,45,45,45,-4,-4,-4,44,44,-10,-10,-10,-10,38,38,38,-18,-18,-18,-18,5,5,5,-8,-8,-37,-37,-24,-24,34,34,7,7,7,-10,-10,-10,-10,0,0,16,16,-24,-24,-46,-46,26,26,26,17,17,10,10,6,6,-38,-38,30,30,30,1,1,1,-33,-33,-33,-13,-13,-32,17,17,43,43,65,65,32,32,-15,-15,11,11,-10,-10,9,9,9,9,13,13,37,37,-44,-44,-56,-56,-20,-20,-20,31,31,31,15,15,15,0,0,-24,-24,10,10,10,21,21,21,8,8,8,7,7,7,3,3,3,-37,-37,9,9,9,6,6,6,6,40,40,40,40,7,7,7,53,53,41,41,22,22,7,7,7,-18,-18,-18,-18,1,1,1,1,3,3,3,-12,-12,15,15,49,49,49,59,59,59,59,-1,-1,-1,12,12,12,29,29,46,46,46,31,31,31,31,56,56,56,56,86,86,86,86,33,33,11,11,59,59,39,39,39,34,34,34,43,43,43,17,17,17,6,6,32,32,32,20,20,20,20,74,74,74,74,57,57,57,57,60,60,60,39,39,17,17,17,43,43,43,54,54,54,54,51,51,51,51,52,52,27,27,38,38,38,37,37,37,37,84,84,84,83,83,83,60,60,41,41,48,48,48,13,13,13,46,46,46,46,38,38,38,38,32,32,18,18,39,39,39,27,27,27,27,21,21,21,21,21,21,21,21,21,53,53,30,30,26,26,26,87,87,87,87,89,89,89,89,12,12,12,22,22,22,53,53,48,48,48,18,18,18,71,71,71,71,94,94,94,94,89,89,89,71,71,51,51,68,68,83,83,83,31,31,31,31,39,39,56,56,19,19,21,21,21,24,24,24,24,29,29,29,29,100,100,100,56,56,31,31,49,49,6,6,6,59,59,59,59,59,59,43,43,20,20,-3,-3,-3,43,43,43,29,29,29,29,53,53,53,53,20,20,20,33,33,37,37,37,38,38,38,38,34,34,34,34,7,7,7,7,7,8,8,41,41,41,22,22,22,38,38,56,56,52,66,66,60,60,44,44,25,25,25,60,60,39,39,39,39,27,27,40,40,40,41,41,41,30,30,30,26,26,9,9,22,22,10,10,40,40,40,25,25,25,51,51,51,3,3,11,11,13,13,15,15,15,30,30,30,19,19,19,19,-7,-7,-7,-7,13,13,13,27,27,27,13,13,13,11,11,11,28,28,28,17,17,17,-2,-2,-2,29,29,29,49,49,49,77,77,77,100,100,100
219,39.37600000000000477,28,0,-27,-27,18,18,18,-6,-6,-6,30,30,30,30,3,3,3,3,-8,-8,-8,-10,-10,50,50,50,-22,-22,-22,-22,42,42,42,0,0,-7,-7,8,8,24,24,24,4,4,4,4,14,14,14,-11,-11,-65,-65,21,21,-9,-9,-13,-13,-13,34,34,34,34,15,15,19,19,-2,-2,-15,-15,15,15,15,9,9,34,34,2,2,-1,-1,-23,-23,-23,-26,-26,-26,-36,-36,-36,-15,-15,-33,-26,-26,-6,-6,34,34,-1,-1,15,15,-15,-15,1,1,-4,-4,-21,-21,-2,-2,13,13,-25,-25,-23,-23,13,13,13,0,0,0,1,1,1,-33,-33,-31,-31,-17,-17,-17,15,15,15,-12,-12,-12,-2,-2,-2,-28,-28,-28,-8,-8,-8,-8,-8,-4,-4,-4,-4,31,31,31,31,-5,-5,-5,6,6,27,27,0,0,-14,-14,-14,-22,-22,-22,-22,-7,-7,-7,-7,14,14,14,23,23,13,13,13,13,13,59,59,59,59,10,10,10,-7,-7,-7,35,35,22,22,22,24,24,24,24,63,63,63,63,49,49,49,49,32,32,19,19,45,45,-12,-12,-12,1,1,1,-36,-36,-36,-1,-1,-1,29,29,26,26,26,-1,-1,-1,-1,27,27,27,27,25,25,25,25,25,25,25,32,32,-14,-14,-14,26,26,26,26,26,26,26,70,70,70,70,8,8,13,13,14,14,14,45,45,45,45,77,77,77,71,71,71,47,47,-2,-2,17,17,17,14,14,14,49,49,49,49,-8,-8,-8,-8,-11,-11,-2,-2,7,7,7,15,15,15,15,10,10,10,10,10,24,24,24,24,27,27,41,41,7,7,7,48,48,48,48,44,44,44,44,24,24,24,27,27,27,26,26,35,35,35,13,13,13,41,41,41,41,72,72,72,72,82,82,82,38,38,37,37,43,43,63,63,63,26,26,26,26,35,35,-4,-4,1,1,30,30,30,22,22,22,22,27,27,27,27,54,54,54,29,29,2,2,-5,-5,14,14,14,33,33,33,48,48,48,12,12,27,27,12,12,12,5,5,5,3,3,3,3,-3,-3,-3,-3,-14,-14,-14,20,20,15,15,15,26,26,26,26,11,11,11,11,-12,-12,-12,-7,-7,17,17,11,11,11,20,20,20,29,29,25,25,27,25,25,24,24,12,12,25,25,25,65,65,40,40,13,13,21,21,-5,-5,-5,11,11,11,8,8,8,2,2,4,4,-5,-5,-4,-4,-17,-17,-17,5,5,5,21,21,21,2,2,-20,-20,0,0,-16,-16,-16,-8,-8,-8,-34,-34,-34,-34,9,9,9,9,25,25,25,12,12,12,-27,-27,-27,-22,-22,-22,13,13,13,12,12,12,-1,-1,-1,21,21,21,27,27,27,30,30,30,63,63,63
220,39.57600000000000051,37,40,12,12,12,12,12,-20,-20,-20,-19,-19,-19,-19,5,5,5,5,12,12,12,4,4,26,26,26,34,34,34,34,13,13,13,-1,-1,23,23,16,16,-11,-11,-11,-26,-26,-26,-26,33,33,33,16,16,-7,-7,-10,-10,29,29,-6,-6,-6,-9,-9,-9,-9,-13,-13,-7,-7,12,12,5,5,24,24,24,8,8,-29,-29,7,7,-16,-16,-26,-26,-26,34,34,34,-76,-76,-76,7,7,-11,-23,-23,-18,-18,46,46,0,0,20,20,-8,-8,-1,-1,-1,-1,-9,-9,7,7,-18,-18,21,21,-20,-20,7,7,7,11,11,11,3,3,3,36,36,9,9,25,25,25,12,12,12,13,13,13,14,14,14,16,16,16,12,12,36,36,36,1,1,1,1,6,6,6,6,28,28,28,17,17,22,22,7,7,10,10,10,-21,-21,-21,-21,-17,-17,-17,-17,-17,-17,-17,21,21,14,14,32,32,32,26,26,26,26,13,13,13,-9,-9,-9,20,20,21,21,21,18,18,18,18,19,19,19,19,27,27,27,27,38,38,15,15,30,30,11,11,11,-38,-38,-38,0,0,0,-18,-18,-18,-12,-12,-11,-11,-11,-22,-22,-22,-22,-13,-13,-13,-13,28,28,28,28,33,33,33,25,25,0,0,0,12,12,12,23,23,23,23,43,43,43,43,17,17,18,18,33,33,33,30,30,30,30,82,82,82,38,38,38,21,21,30,30,8,8,8,42,42,42,40,40,40,40,-34,-34,-34,-34,-18,-18,-24,-24,-10,-10,-10,-30,-30,-30,-30,-40,-40,-40,-40,-40,-5,-5,-5,-5,34,34,-2,-2,-23,-23,-23,60,60,60,60,43,43,43,43,35,35,35,-6,-6,-6,6,6,-3,-3,-3,19,19,19,26,26,26,26,52,52,52,52,19,19,19,38,38,39,39,15,15,43,43,43,33,33,33,33,11,11,-28,-28,3,3,-22,-22,-22,24,24,24,24,3,3,3,3,45,45,45,41,41,-24,-24,-4,-4,19,19,19,2,2,2,13,13,13,-23,-23,-20,-20,11,11,11,41,41,41,25,25,25,25,9,9,9,9,-31,-31,-31,-3,-3,-8,-8,-8,7,7,7,7,9,9,9,9,-8,-8,-8,-8,-8,-1,-1,-1,-1,-1,29,29,29,12,12,29,29,3,24,24,30,30,12,12,15,15,15,5,5,8,8,6,6,1,1,8,8,8,-20,-20,-20,6,6,6,-22,-22,-14,-14,-2,-2,-10,-10,-11,-11,-11,10,10,10,12,12,12,-12,-12,-13,-13,10,10,-26,-26,-26,-1,-1,-1,6,6,6,6,-9,-9,-9,-9,-10,-10,-10,3,3,3,-8,-8,-8,-1,-1,-1,11,11,11,9,9,9,2,2,2,32,32,32,25,25,25,39,39,39,95,95,95
221,39.77600000000000335,19,33,13,13,10,10,10,35,35,35,51,51,51,51,25,25,25,25,-5,-5,-5,8,8,48,48,48,2,2,2,2,16,16,16,-18,-18,34,34,19,19,-2,-2,-2,-22,-22,-22,-22,14,14,14,57,57,94,94,31,31,24,24,-15,-15,-15,-33,-33,-33,-33,-9,-9,14,14,4,4,3,3,44,44,44,-24,-24,-8,-8,-10,-10,8,8,-69,-69,-69,-12,-12,-12,-32,-32,-32,-12,-12,-22,-2,-2,-39,-39,-17,-17,23,23,3,3,2,2,24,24,-15,-15,4,4,9,9,-23,-23,4,4,-10,-10,-32,-32,-32,-32,-32,-32,-20,-20,-20,23,23,46,46,7,7,7,-7,-7,-7,-13,-13,-13,-20,-20,-20,15,15,15,4,4,22,22,22,-6,-6,-6,-6,39,39,39,39,31,31,31,1,1,28,28,-11,-11,1,1,1,-9,-9,-9,-9,-13,-13,-13,-13,5,5,5,5,5,-9,-9,9,9,9,-22,-22,-22,-22,-1,-1,-1,21,21,21,30,30,30,30,30,16,16,16,16,39,39,39,39,-26,-26,-26,-26,3,3,-11,-11,12,12,-21,-21,-21,-44,-44,-44,-6,-6,-6,-33,-33,-33,-14,-14,-9,-9,-9,-11,-11,-11,-11,21,21,21,21,24,24,24,24,10,10,10,23,23,30,30,30,12,12,12,-30,-30,-30,-30,10,10,10,10,20,20,25,25,47,47,47,2,2,2,2,26,26,26,10,10,10,16,16,26,26,14,14,14,14,14,14,-8,-8,-8,-8,-41,-41,-41,-41,-20,-20,-14,-14,3,3,3,-55,-55,-55,-55,2,2,2,2,2,-6,-6,-6,-6,11,11,-2,-2,2,2,2,-27,-27,-27,-27,-11,-11,-11,-11,-21,-21,-21,22,22,22,-26,-26,-23,-23,-23,8,8,8,7,7,7,7,2,2,2,2,44,44,44,22,22,10,10,-26,-26,32,32,32,18,18,18,18,-8,-8,-4,-4,4,4,39,39,39,-10,-10,-10,-10,-4,-4,-4,-4,26,26,26,33,33,8,8,-12,-12,11,11,11,-32,-32,-32,8,8,8,-5,-5,-10,-10,-18,-18,-18,-8,-8,-8,20,20,20,20,-22,-22,-22,-22,-6,-6,-6,-34,-34,6,6,6,-24,-24,-24,-24,-2,-2,-2,-2,-15,-15,-15,-3,-3,2,2,4,4,4,25,25,25,11,11,3,3,-8,12,12,-15,-15,1,1,3,3,3,15,15,29,29,6,6,-1,-1,5,5,5,-9,-9,-9,-5,-5,-5,-34,-34,-22,-22,-16,-16,-15,-15,1,1,1,21,21,21,-11,-11,-11,-19,-19,-7,-7,-4,-4,-11,-11,-11,-13,-13,-13,3,3,3,3,-12,-12,-12,-12,-17,-17,-17,-13,-13,-13,-8,-8,-8,17,17,17,-4,-4,-4,-11,-11,-11,3,3,3,3,3,3,16,16,16,29,29,29,46,46,46
222,39.97599999999999909,-14,-14,-6,-6,23,23,23,-39,-39,-39,-38,-38,-38,-38,24,24,24,24,3,3,3,-10,-10,7,7,7,-46,-46,-46,-46,2,2,2,-4,-4,38,38,-19,-19,30,30,30,16,16,16,16,-9,-9,-9,-27,-27,-37,-37,-2,-2,50,50,-32,-32,-32,-50,-50,-50,-50,-2,-2,-29,-29,0,0,-34,-34,-36,-36,-36,-22,-22,-21,-21,-39,-39,-8,-8,-19,-19,-19,-51,-51,-51,-40,-40,-40,-31,-31,-11,-48,-48,-7,-7,-61,-61,-36,-36,-27,-27,-16,-16,-17,-17,-16,-16,8,8,-32,-32,-10,-10,6,6,6,6,9,9,9,9,9,9,-43,-43,-43,-20,-20,-9,-9,-5,-5,-5,-22,-22,-22,-11,-11,-11,-37,-37,-37,-20,-20,-20,13,13,23,23,23,-15,-15,-15,-15,-17,-17,-17,-17,-9,-9,-9,-6,-6,-2,-2,-1,-1,-39,-39,-39,-10,-10,-10,-10,-35,-35,-35,-35,-15,-15,-15,-5,-5,-1,-1,-45,-45,-45,-11,-11,-11,-11,-1,-1,-1,0,0,0,-7,-7,-6,-6,-6,-32,-32,-32,-32,-19,-19,-19,-19,-35,-35,-35,-35,-10,-10,-38,-38,-47,-47,-41,-41,-41,-32,-32,-32,-28,-28,-28,-21,-21,-21,-1,-1,-25,-25,-25,-29,-29,-29,-29,-36,-36,-36,-36,9,9,9,9,-14,-14,-14,-5,-5,-10,-10,-10,-33,-33,-33,-31,-31,-31,-31,-8,-8,-8,-8,9,9,-7,-7,-3,-3,-3,-7,-7,-7,-7,7,7,7,-2,-2,-2,-4,-4,15,15,-6,-6,-6,5,5,5,-40,-40,-40,-40,-16,-16,-16,-16,-25,-25,-35,-35,-25,-25,-25,-32,-32,-32,-32,-23,-23,-23,-23,-23,-13,-13,-13,-13,15,15,-7,-7,-2,-2,-2,6,6,6,6,-7,-7,-7,-7,-21,-21,-21,9,9,9,-13,-13,9,9,9,-5,-5,-5,-5,-5,-5,-5,-16,-16,-16,-16,9,9,9,-23,-23,5,5,0,0,-4,-4,-4,27,27,27,27,-1,-1,-7,-7,-3,-3,22,22,22,-2,-2,-2,-2,-9,-9,-9,-9,29,29,29,-24,-24,5,5,-16,-16,-32,-32,-32,-28,-28,-28,-28,-28,-28,30,30,-17,-17,-26,-26,-26,-25,-25,-25,-7,-7,-7,-7,-27,-27,-27,-27,-26,-26,-26,-18,-18,-13,-13,-13,-29,-29,-29,-29,-36,-36,-36,-36,-14,-14,-14,-19,-19,10,10,-3,-3,-3,0,0,0,-20,-20,-15,-15,-11,-2,-2,-25,-25,-11,-11,-17,-17,-17,-6,-6,-5,-5,-19,-19,-6,-6,-21,-21,-21,-18,-18,-18,-14,-14,-14,-19,-19,-31,-31,-10,-10,-18,-18,-15,-15,-15,-17,-17,-17,-33,-33,-33,-43,-43,-15,-15,-9,-9,-6,-6,-6,-6,-6,-6,-22,-22,-22,-22,-24,-24,-24,-24,-26,-26,-26,-42,-42,-42,-1,-1,-1,-7,-7,-7,-6,-6,-6,-13,-13,-13,3,3,3,-2,-2,-2,-1,-1,-1,-3,-3,-3,4,4,4
223,40.17600000000000193,10,-26,-39,-39,23,23,23,-1,-1,-1,-68,-68,-68,-68,-35,-35,-35,-35,-57,-57,-57,-29,-29,-105,-105,-105,12,12,12,12,-45,-45,-45,-38,-38,-38,-38,-35,-35,-38,-38,-38,-23,-23,-23,-23,3,3,3,-18,-18,-18,-18,-44,-44,-9,-9,-9,-9,-9,-17,-17,-17,-17,-66,-66,-37,-37,-40,-40,7,7,-51,-51,-51,-40,-40,-31,-31,-24,-24,-26,-26,-53,-53,-53,-39,-39,-39,-52,-52,-52,-39,-39,-22,-35,-35,-29,-29,-56,-56,-31,-31,-42,-42,-56,-56,-30,-30,-40,-40,-53,-53,18,18,-43,-43,-17,-17,-24,-24,-27,-27,-27,-19,-19,-19,-22,-22,-22,-29,-29,-29,-29,-28,-28,-28,-43,-43,-43,-45,-45,-45,-4,-4,-4,-36,-36,-36,-29,-29,-19,-19,-19,-21,-21,-21,-21,-28,-28,-28,-28,-29,-29,-29,-28,-28,-11,-11,-8,-8,-37,-37,-37,-28,-28,-28,-28,-45,-45,-45,-45,-26,-26,-26,-46,-46,-21,-21,-28,-28,-28,-53,-53,-53,-53,-6,-6,-6,-44,-44,-44,-61,-61,-27,-27,-27,-43,-43,-43,-43,-47,-47,-47,-47,-56,-56,-56,-56,-53,-53,-47,-47,-66,-66,-53,-53,-53,-51,-51,-51,-36,-36,-36,-34,-34,-34,-48,-48,-23,-23,-23,-35,-35,-35,-35,-56,-56,-56,-56,-13,-13,-13,-13,-45,-45,-45,-44,-44,-37,-37,-37,-57,-57,-57,-45,-45,-45,-45,-33,-33,-33,-33,-21,-21,-18,-18,-11,-11,-11,-51,-51,-51,-51,-30,-30,-30,-22,-22,-22,-19,-19,-30,-30,-12,-12,-12,-32,-32,-32,-56,-56,-56,-56,-42,-42,-42,-42,-32,-32,-31,-31,-21,-21,-21,-49,-49,-49,-49,-55,-55,-55,-55,-55,-15,-15,-15,-15,-43,-43,-32,-32,-24,-24,-24,-15,-15,-15,-15,-27,-27,-27,-27,-47,-47,-47,-11,-11,-11,-4,-4,-4,-4,-4,-20,-20,-20,-41,-41,-41,-41,-13,-13,-13,-13,-11,-11,-11,-30,-30,12,12,-20,-20,-36,-36,-36,4,4,4,4,-49,-49,-26,-26,-1,-1,-19,-19,-19,2,2,2,2,-17,-17,-17,-17,-13,-13,-13,-29,-29,3,3,-39,-39,-25,-25,-25,-16,-16,-16,-26,-26,-26,-5,-5,-6,-6,-8,-8,-8,-32,-32,-32,-24,-24,-24,-24,-38,-38,-38,-38,-28,-28,-28,1,1,-23,-23,-23,-19,-19,-19,-19,-36,-36,-36,-36,-25,-25,-25,-19,-19,2,2,-26,-26,-26,-13,-13,-13,-16,-16,-15,-15,-22,-27,-27,-16,-16,-7,-7,-14,-14,-14,-61,-61,-26,-26,-18,-18,-6,-6,-37,-37,-37,-31,-31,-31,-37,-37,-37,-33,-33,-28,-28,-44,-44,-26,-26,-19,-19,-19,-25,-25,-25,-32,-32,-32,-22,-22,-11,-11,-28,-28,4,4,4,-26,-26,-26,-19,-19,-19,-19,-30,-30,-30,-30,-39,-39,-39,-20,-20,-20,-14,-14,-14,-4,-4,-4,-30,-30,-30,-28,-28,-28,-25,-25,-25,-18,-18,-18,-20,-20,-20,-19,-19,-19,-27,-27,-27
224,40.37600000000000477,16,-30,-10,-10,-9,-9,-9,-1,-1,-1,-85,-85,-85,-85,-25,-25,-25,-25,-17,-17,-17,-34,-34,-81,-81,-81,-19,-19,-19,-19,-45,-45,-45,-20,-20,-52,-52,-51,-51,-22,-22,-22,12,12,12,12,-19,-19,-19,-29,-29,-78,-78,-8,-8,-6,-6,-22,-22,-22,-18,-18,-18,-18,-59,-59,-63,-63,-63,-63,-1,-1,-12,-12,-12,20,20,-38,-38,-37,-37,-28,-28,-44,-44,-44,-37,-37,-37,6,6,6,-55,-55,-8,-36,-36,-65,-65,-62,-62,-13,-13,-28,-28,10,10,-51,-51,-22,-22,-24,-24,-54,-54,-2,-2,-22,-22,-9,-9,-17,-17,-17,-23,-23,-23,-4,-4,-4,-22,-22,-46,-46,-22,-22,-22,-43,-43,-43,-34,-34,-34,-8,-8,-8,-30,-30,-30,-37,-37,-34,-34,-34,7,7,7,7,-34,-34,-34,-34,-23,-23,-23,-35,-35,-47,-47,-41,-41,-34,-34,-34,3,3,3,3,-62,-62,-62,-62,-62,-62,-62,-47,-47,-18,-18,-31,-31,-31,-34,-34,-34,-34,-18,-18,-18,-2,-2,-2,-44,-44,-45,-45,-45,-49,-49,-49,-49,-40,-40,-40,-40,-34,-34,-34,-34,-54,-54,-70,-70,-53,-53,-45,-45,-45,-25,-25,-25,-51,-51,-51,-3,-3,-3,-18,-18,-15,-15,-15,-62,-62,-62,-62,-32,-32,-32,-32,-10,-10,-10,-10,-40,-40,-40,-45,-45,-44,-44,-44,-39,-39,-39,-53,-53,-53,-53,-24,-24,-24,-24,-8,-8,-36,-36,-17,-17,-17,-46,-46,-46,-46,-51,-51,-51,-28,-28,-28,-22,-22,-38,-38,-37,-37,-37,-25,-25,-25,-37,-37,-37,-37,-30,-30,-30,-30,5,5,-3,-3,-20,-20,-20,-30,-30,-30,-30,-13,-13,-13,-13,-13,-3,-3,-3,-3,-33,-33,-30,-30,-14,-14,-14,-36,-36,-36,-36,-40,-40,-40,-40,-31,-31,-31,-3,-3,-3,-29,-29,-18,-18,-18,-34,-34,-34,-71,-71,-71,-71,-12,-12,-12,-12,-18,-18,-18,-24,-24,-33,-33,6,6,-45,-45,-45,-5,-5,-5,-5,-44,-44,2,2,-22,-22,-24,-24,-24,-49,-49,-49,-49,23,23,23,23,-25,-25,-25,-4,-4,-30,-30,-29,-29,-32,-32,-32,-31,-31,-31,-42,-42,-42,-2,-2,-26,-26,-25,-25,-25,-39,-39,-39,-24,-24,-24,-24,-9,-9,-9,-9,2,2,2,-16,-16,-30,-30,-30,-35,-35,-35,-35,-29,-29,-29,-29,-17,-17,-17,-20,-20,-24,-24,0,0,0,-36,-36,-36,-21,-21,-11,-11,-33,-16,-16,-18,-18,-19,-19,-21,-21,-21,-27,-27,-45,-45,-15,-15,-27,-27,-33,-33,-33,-9,-9,-9,-47,-47,-47,-21,-21,-25,-25,-37,-37,-35,-35,-46,-46,-46,-17,-17,-17,-33,-33,-33,-13,-13,-21,-21,-14,-14,-40,-40,-40,-14,-14,-14,-30,-30,-30,-30,-5,-5,-5,-5,-31,-31,-31,-46,-46,-46,-37,-37,-37,-7,-7,-7,-28,-28,-28,-23,-23,-23,-38,-38,-38,-32,-32,-32,-8,-8,-8,-22,-22,-22,-46,-46,-46
225,40.57600000000000051,6,9,6,6,28,28,28,11,11,11,-71,-71,-71,-71,20,20,20,20,25,25,25,9,9,6,6,6,-13,-13,-13,-13,-25,-25,-25,-11,-11,-28,-28,-8,-8,-17,-17,-17,-33,-33,-33,-33,-15,-15,-15,-35,-35,-11,-11,-49,-49,-34,-34,-6,-6,-6,-32,-32,-32,-32,15,15,-23,-23,-37,-37,25,25,-22,-22,-22,-27,-27,23,23,14,14,-11,-11,-31,-31,-31,-26,-26,-26,58,58,58,23,23,28,-22,-22,-16,-16,-39,-39,-34,-34,2,2,12,12,15,15,-10,-10,24,24,11,11,-16,-16,-3,-3,12,12,0,0,0,33,33,33,-3,-3,-3,-15,-15,17,17,3,3,3,0,0,0,34,34,34,10,10,10,-8,-8,-8,20,20,20,20,20,9,9,9,9,-31,-31,-31,-31,-15,-15,-15,20,20,-5,-5,-17,-17,25,25,25,16,16,16,16,30,30,30,30,26,26,26,11,11,7,7,-18,-18,-18,-35,-35,-35,-35,6,6,6,-3,-3,-3,-14,-14,-6,-6,-6,-26,-26,-26,-26,-48,-48,-48,-48,29,29,29,29,-34,-34,-18,-18,-8,-8,-4,-4,-4,7,7,7,-16,-16,-16,11,11,11,-1,-1,-1,-1,-1,33,33,33,33,11,11,11,11,10,10,10,10,4,4,4,12,12,-1,-1,-1,12,12,12,-7,-7,-7,-7,7,7,7,7,26,26,-15,-15,5,5,5,-29,-29,-29,-29,-16,-16,-16,-26,-26,-26,-6,-6,15,15,-9,-9,-9,-1,-1,-1,-1,-1,-1,-1,32,32,32,32,19,19,51,51,-3,-3,-3,19,19,19,19,3,3,3,3,3,-1,-1,-1,-1,-18,-18,21,21,-4,-4,-4,8,8,8,8,17,17,17,17,7,7,7,14,14,14,8,8,13,13,13,6,6,6,4,4,4,4,-10,-10,-10,-10,-4,-4,-4,-1,-1,-11,-11,5,5,-54,-54,-54,-11,-11,-11,-11,-16,-16,12,12,-2,-2,-5,-5,-5,-6,-6,-6,-6,-38,-38,-38,-38,-4,-4,-4,44,44,9,9,21,21,-17,-17,-17,-5,-5,-5,-19,-19,-19,29,29,5,5,-8,-8,-8,-3,-3,-3,-9,-9,-9,-9,-24,-24,-24,-24,-6,-6,-6,0,0,-6,-6,-6,-16,-16,-16,-16,3,3,3,3,-4,-4,-4,14,14,-15,-15,-4,-4,-4,-11,-11,-11,-1,-1,-23,-23,-5,-9,-9,-16,-16,-3,-3,-32,-32,-32,-14,-14,-39,-39,-15,-15,-14,-14,10,10,10,2,2,2,-20,-20,-20,-4,-4,-17,-17,-4,-4,-23,-23,-7,-7,-7,-13,-13,-13,-9,-9,-9,5,5,-4,-4,-5,-5,11,11,11,-18,-18,-18,0,0,0,0,-25,-25,-25,-25,6,6,6,-9,-9,-9,-15,-15,-15,2,2,2,-7,-7,-7,-19,-19,-19,-27,-27,-27,-3,-3,-3,2,2,2,-14,-14,-14,-16,-16,-16
226,40.77600000000000335,-10,7,52,52,21,21,21,36,36,36,57,57,57,57,-19,-19,-19,-19,24,24,24,18,18,10,10,10,-7,-7,-7,-7,11,11,11,12,12,7,7,31,31,-13,-13,-13,11,11,11,11,-33,-33,-33,-46,-46,28,28,-5,-5,7,7,40,40,40,28,28,28,28,58,58,4,4,15,15,26,26,46,46,46,14,14,44,44,-21,-21,14,14,32,32,32,4,4,4,29,29,29,70,70,46,35,35,-9,-9,1,1,6,6,9,9,22,22,34,34,45,45,6,6,34,34,41,41,9,9,63,63,32,32,32,19,19,19,21,21,21,28,28,20,20,11,11,11,68,68,68,47,47,47,32,32,32,36,36,36,44,44,2,2,2,35,35,35,35,10,10,10,10,-6,-6,-6,50,50,1,1,-8,-8,44,44,44,59,59,59,59,38,38,38,38,27,27,27,39,39,16,16,19,19,19,-22,-22,-22,-22,12,12,12,13,13,13,31,31,29,29,29,35,35,35,35,-4,-4,-4,-4,2,2,2,2,55,55,31,31,-13,-13,9,9,9,37,37,37,35,35,35,29,29,29,37,37,49,49,49,58,58,58,58,26,26,26,26,0,0,0,0,40,40,40,34,34,50,50,50,54,54,54,16,16,16,16,25,25,25,25,46,46,13,13,27,27,27,9,9,9,9,-2,-2,-2,27,27,27,24,24,25,25,29,29,29,39,39,39,47,47,47,47,76,76,76,76,34,34,51,51,57,57,57,24,24,24,24,-1,-1,-1,-1,-1,-12,-12,-12,-12,7,7,26,26,23,23,23,24,24,24,24,16,16,16,16,26,26,26,43,43,43,9,9,23,23,23,29,29,29,2,2,2,2,22,22,22,22,4,4,4,32,32,23,23,44,44,5,5,5,17,17,17,17,28,28,44,44,13,13,19,19,19,13,13,13,13,2,2,2,2,-1,-1,-1,27,27,20,20,27,27,10,10,10,3,3,3,39,39,39,6,6,24,24,26,26,26,25,25,25,6,6,6,6,22,22,22,22,17,17,17,4,4,-8,-8,-8,6,6,6,6,-13,-13,-13,-13,-3,-3,-3,3,3,30,30,4,4,4,2,2,2,0,0,0,0,30,9,9,-6,-6,37,37,18,18,18,9,9,4,4,18,18,14,14,33,33,33,5,5,5,3,3,3,26,26,31,31,16,16,20,20,27,27,27,12,12,12,27,27,27,13,13,35,35,21,21,37,37,37,17,17,17,9,9,9,9,24,24,24,24,9,9,9,12,12,12,21,21,21,-1,-1,-1,39,39,39,14,14,14,17,17,17,25,25,25,48,48,48,7,7,7,19,19,19
227,40.97599999999999909,8,31,34,34,32,32,32,-16,-16,-16,-5,-5,-5,-5,14,14,14,14,31,31,31,29,29,39,39,39,46,46,46,46,14,14,14,24,24,-21,-21,21,21,33,33,33,16,16,16,16,-24,-24,-24,-4,-4,79,79,30,30,17,17,28,28,28,20,20,20,20,22,22,38,38,58,58,35,35,-9,-9,-9,-36,-36,10,10,36,36,39,39,39,39,39,-6,-6,-6,79,79,79,49,49,44,21,21,44,44,20,20,-1,-1,-12,-12,74,74,46,46,37,37,77,77,20,20,23,23,27,27,84,84,29,29,29,27,27,27,54,54,54,13,13,30,30,14,14,14,37,37,37,5,5,5,15,15,15,23,23,23,46,46,18,18,18,34,34,34,34,-18,-18,-18,-18,25,25,25,-6,-6,7,7,3,3,28,28,28,16,16,16,16,52,52,52,52,-3,-3,-3,76,76,58,58,-3,-3,-3,18,18,18,18,4,4,4,14,14,14,14,14,16,16,16,14,14,14,14,9,9,9,9,15,15,15,15,16,16,22,22,15,15,17,17,17,35,35,35,32,32,32,34,34,34,2,2,6,6,6,46,46,46,46,27,27,27,27,57,57,57,57,65,65,65,65,65,61,61,61,22,22,22,24,24,24,24,23,23,23,23,43,43,18,18,19,19,19,20,20,20,20,36,36,36,43,43,43,24,24,41,41,35,35,35,46,46,46,72,72,72,72,28,28,28,28,54,54,51,51,17,17,17,48,48,48,48,37,37,37,37,37,1,1,1,1,5,5,39,39,37,37,37,28,28,28,28,1,1,1,1,10,10,10,22,22,22,41,41,25,25,25,21,21,21,36,36,36,36,-16,-16,-16,-16,17,17,17,55,55,50,50,38,38,35,35,35,45,45,45,45,15,15,63,63,9,9,34,34,34,43,43,43,43,22,22,22,22,28,28,28,32,32,55,55,46,46,58,58,58,19,19,19,29,29,29,46,46,1,1,37,37,37,23,23,23,14,14,14,14,4,4,4,4,13,13,13,27,27,24,24,24,-5,-5,-5,-5,2,2,2,2,25,25,25,6,6,7,7,26,26,26,37,37,37,28,28,38,38,30,11,11,8,8,41,41,-3,-3,-3,21,21,20,20,15,15,22,22,14,14,14,14,14,14,21,21,21,32,32,35,35,44,44,17,17,19,19,19,21,21,21,42,42,42,21,21,37,37,38,38,44,44,44,36,36,36,24,24,24,24,31,31,31,31,38,38,38,19,19,19,33,33,33,-15,-15,-15,26,26,26,16,16,16,11,11,11,28,28,28,43,43,43,29,29,29,43,43,43
228,41.17600000000000193,-12,-15,15,15,23,23,23,17,17,17,60,60,60,60,-41,-41,-41,-41,33,33,33,54,54,-1,-1,-1,-22,-22,-22,-22,33,33,33,19,19,-24,-24,38,38,1,1,1,72,72,72,72,9,9,9,43,43,60,60,28,28,11,11,51,51,51,50,50,50,50,29,29,-13,-13,15,15,49,49,33,33,33,2,2,19,19,4,4,8,8,-9,-9,-9,-14,-14,-14,59,59,59,73,73,39,30,30,22,22,10,10,9,9,11,11,2,2,26,26,7,7,8,8,22,22,-36,-36,-1,-1,48,48,5,5,5,-6,-6,-6,25,25,25,34,34,0,0,16,16,16,36,36,36,-10,-10,-10,6,6,6,37,37,37,15,15,2,2,2,12,12,12,12,0,0,0,0,-1,-1,-1,-18,-18,4,4,8,8,-18,-18,-18,-3,-3,-3,-3,34,34,34,34,3,3,3,3,3,5,5,-9,-9,-9,17,17,17,17,0,0,0,13,13,13,9,9,-10,-10,-10,-8,-8,-8,-8,-5,-5,-5,-5,32,32,32,32,4,4,-21,-21,-16,-16,25,25,25,42,42,42,35,35,35,24,24,24,28,28,-1,-1,-1,16,16,16,16,22,22,22,22,35,35,35,35,35,35,35,1,1,17,17,17,14,14,14,31,31,31,31,-4,-4,-4,-4,19,19,12,12,15,15,15,0,0,0,0,17,17,17,53,53,53,19,19,14,14,21,21,21,13,13,13,48,48,48,48,5,5,5,5,35,35,-13,-13,8,8,8,24,24,24,24,20,20,20,20,20,-5,-5,-5,-5,-9,-9,20,20,35,35,35,18,18,18,18,9,9,9,9,-1,-1,-1,9,9,9,9,9,23,23,23,15,15,15,52,52,52,52,31,31,31,31,16,16,16,16,16,20,20,34,34,50,50,50,6,6,6,6,32,32,45,45,33,33,-6,-6,-6,20,20,20,20,16,16,16,16,40,40,40,47,47,51,51,17,17,27,27,27,31,31,31,4,4,4,18,18,24,24,15,15,15,17,17,17,-10,-10,-10,-10,19,19,19,19,28,28,28,25,25,4,4,4,15,15,15,15,22,22,22,22,15,15,15,-12,-12,-11,-11,2,2,2,11,11,11,13,13,30,30,14,15,15,11,11,22,22,15,15,15,12,12,-8,-8,-4,-4,6,6,6,6,6,-6,-6,-6,24,24,24,30,30,47,47,28,28,29,29,24,24,24,23,23,23,19,19,19,17,17,38,38,14,14,22,22,22,11,11,11,19,19,19,19,-19,-19,-19,-19,25,25,25,22,22,22,32,32,32,21,21,21,-8,-8,-8,-25,-25,-25,-27,-27,-27,13,13,13,22,22,22,9,9,9,1,1,1
229,41.37600000000000477,-19,6,-14,-14,5,5,5,17,17,17,24,24,24,24,0,0,0,0,21,21,21,26,26,30,30,30,25,25,25,25,49,49,49,27,27,41,41,14,14,9,9,9,20,20,20,20,-8,-8,-8,24,24,-25,-25,36,36,33,33,-4,-4,-4,-35,-35,-35,-35,43,43,32,32,10,10,46,46,17,17,17,-8,-8,51,51,30,30,7,7,25,25,25,15,15,15,16,16,16,58,58,31,41,41,21,21,22,22,13,13,9,9,32,32,1,1,14,14,33,33,28,28,20,20,-3,-3,34,34,20,20,20,5,5,5,12,12,12,2,2,-2,-2,54,54,54,30,30,30,-9,-9,-9,2,2,2,29,29,29,-13,-13,-8,-8,-8,63,63,63,63,6,6,6,6,-19,-19,-19,8,8,-3,-3,14,14,14,14,14,-1,-1,-1,-1,-11,-11,-11,-11,-3,-3,-3,-9,-9,27,27,3,3,3,11,11,11,11,1,1,1,21,21,21,21,21,-13,-13,-13,9,9,9,9,27,27,27,27,4,4,4,4,2,2,13,13,26,26,30,30,30,27,27,27,15,15,15,3,3,3,20,20,5,5,5,22,22,22,22,-6,-6,-6,-6,41,41,41,41,48,48,48,4,4,4,4,4,41,41,41,22,22,22,22,32,32,32,32,4,4,-7,-7,16,16,16,23,23,23,23,10,10,10,27,27,27,21,21,25,25,33,33,33,-9,-9,-9,53,53,53,53,4,4,4,4,85,85,-10,-10,10,10,10,6,6,6,6,21,21,21,21,21,-8,-8,-8,-8,-11,-11,-3,-3,24,24,24,2,2,2,2,10,10,10,10,33,33,33,7,7,7,-7,-7,1,1,1,2,2,2,17,17,17,17,54,54,54,54,41,41,41,23,23,23,23,32,32,55,55,55,17,17,17,17,19,19,26,26,16,16,-4,-4,-4,35,35,35,35,45,45,45,45,42,42,42,32,32,27,27,0,0,3,3,3,10,10,10,8,8,8,30,30,38,38,15,15,15,4,4,4,29,29,29,29,13,13,13,13,14,14,14,27,27,-2,-2,-2,21,21,21,21,9,9,9,9,20,20,20,-1,-1,-17,-17,-21,-21,-21,6,6,6,12,12,22,22,31,23,23,33,33,6,6,18,18,18,-7,-7,24,24,9,9,4,4,10,10,10,-13,-13,-13,20,20,20,2,2,12,12,14,14,2,2,3,3,3,-1,-1,-1,27,27,27,-1,-1,16,16,12,12,8,8,8,-15,-15,-15,1,1,1,1,-14,-14,-14,-14,-1,-1,-1,7,7,7,17,17,17,-10,-10,-10,-5,-5,-5,-3,-3,-3,0,0,0,-6,-6,-6,19,19,19,-3,-3,-3,3,3,3
230,41.57600000000000051,16,35,54,54,52,52,52,37,37,37,68,68,68,68,27,27,27,27,23,23,23,56,56,82,82,82,32,32,32,32,42,42,42,56,56,20,20,-5,-5,38,38,38,57,57,57,57,21,21,21,66,66,1,1,62,62,35,35,35,35,35,61,61,61,61,31,31,24,24,2,2,53,53,39,39,39,35,35,37,37,35,35,50,50,44,44,44,70,70,70,85,85,85,44,44,34,49,49,48,48,23,23,2,2,15,15,53,53,52,52,65,65,66,66,37,37,10,10,8,8,48,48,25,25,25,60,60,60,27,27,27,48,48,38,38,40,40,40,47,47,47,-5,-5,-5,31,31,31,43,43,43,-3,-3,17,17,17,38,38,38,38,35,35,35,35,74,74,74,49,49,6,6,25,25,36,36,36,59,59,59,59,51,51,51,51,18,18,18,64,64,32,32,40,40,40,22,22,22,22,35,35,35,19,19,19,51,51,33,33,33,49,49,49,49,76,76,76,76,57,57,57,57,25,25,51,51,22,22,40,40,40,47,47,47,60,60,60,53,53,53,21,21,43,43,43,32,32,32,32,40,40,40,40,51,51,51,51,42,42,42,38,38,43,43,43,54,54,54,59,59,59,59,32,32,32,32,42,42,33,33,32,32,32,63,63,63,63,34,34,34,65,65,65,46,46,34,34,32,32,32,60,60,60,52,52,52,52,27,27,27,27,39,39,35,35,35,35,35,48,48,48,48,43,43,43,43,43,-16,-16,-16,-16,24,24,6,6,7,7,7,36,36,36,36,9,9,9,9,34,34,34,31,31,31,12,12,29,29,29,22,22,22,73,73,73,73,33,33,33,33,47,47,47,33,33,26,26,61,61,36,36,36,37,37,37,37,1,1,44,44,25,25,31,31,31,32,32,32,32,20,20,20,20,43,43,43,70,70,75,75,36,36,24,24,24,33,33,33,7,7,7,50,50,21,21,6,6,6,40,40,40,39,39,39,39,56,56,56,56,28,28,28,47,47,30,30,30,21,21,21,21,32,32,32,32,19,19,19,27,27,17,17,24,24,24,37,37,37,20,20,46,46,27,28,28,38,38,57,57,33,33,33,12,12,20,20,29,29,29,29,22,22,22,-7,-7,-7,13,13,13,23,23,15,15,21,21,32,32,14,14,14,28,28,28,38,38,38,30,30,23,23,27,27,19,19,19,-3,-3,-3,30,30,30,30,28,28,28,28,12,12,12,16,16,16,27,27,27,12,12,12,16,16,16,20,20,20,22,22,22,-2,-2,-2,40,40,40,16,16,16,17,17,17
231,41.77600000000000335,20,54,97,97,46,46,46,47,47,47,64,64,64,64,74,74,74,74,48,48,48,46,46,81,81,81,83,83,83,83,70,70,70,68,68,44,44,87,87,49,49,49,34,34,34,34,41,41,41,31,31,84,84,97,97,66,66,79,79,79,57,57,57,57,81,81,84,84,93,93,50,50,48,48,48,62,62,38,38,96,96,54,54,53,53,53,48,48,48,35,35,35,47,47,33,49,49,62,62,38,38,17,17,34,34,51,51,57,57,53,53,39,39,34,34,59,59,41,41,65,65,62,62,62,77,77,77,49,49,49,39,39,50,50,72,72,72,55,55,55,66,66,66,34,34,34,59,59,59,68,68,59,59,59,87,87,87,87,64,64,64,64,59,59,59,66,66,75,75,56,56,73,73,73,54,54,54,54,39,39,39,39,93,93,93,37,37,68,68,82,82,82,66,66,66,66,60,60,60,46,46,46,77,77,67,67,67,52,52,52,52,85,85,85,85,63,63,63,63,73,73,56,56,70,70,41,41,41,60,60,60,46,46,46,63,63,63,55,55,63,63,63,62,62,62,62,59,59,59,59,69,69,69,69,105,105,105,72,72,64,64,64,67,67,67,78,78,78,78,70,70,70,70,60,60,68,68,78,78,78,82,82,82,82,68,68,68,110,110,110,54,54,80,80,67,67,67,78,78,78,63,63,63,63,39,39,39,39,51,51,64,64,46,46,46,53,53,53,53,52,52,52,52,52,27,27,27,27,37,37,36,36,36,36,36,81,81,81,81,65,65,65,65,39,39,39,43,43,43,39,39,44,44,44,58,58,58,65,65,65,65,65,65,65,65,46,46,46,55,55,39,39,49,49,27,27,27,35,35,35,35,40,40,37,37,54,54,69,69,69,67,67,67,67,102,102,102,102,94,94,94,72,72,88,88,52,52,62,62,62,31,31,31,56,56,56,56,56,67,67,67,67,67,41,41,41,46,46,46,46,39,39,39,39,47,47,47,60,60,58,58,58,31,31,31,31,40,40,40,40,43,43,43,38,38,42,42,27,27,27,40,40,40,49,49,51,51,69,58,58,55,55,80,80,38,38,38,46,46,53,53,51,51,47,47,34,34,34,32,32,32,17,17,17,40,40,49,49,47,47,60,60,40,40,40,62,62,62,52,52,52,41,41,63,63,46,46,28,28,28,53,53,53,45,45,45,45,65,65,65,65,37,37,37,45,45,45,40,40,40,53,53,53,32,32,32,39,39,39,17,17,17,54,54,54,54,54,54,36,36,36,37,37,37
232,41.97599999999999909,69,46,93,93,92,92,92,52,52,52,69,69,69,69,66,66,66,66,48,48,48,99,99,81,81,81,4,4,4,4,65,65,65,79,79,68,68,43,43,71,71,71,15,15,15,15,27,27,27,83,83,92,92,94,94,56,56,61,61,61,76,76,76,76,89,89,39,39,63,63,22,22,49,49,49,64,64,24,24,56,56,33,33,87,87,87,54,54,54,7,7,7,37,37,63,47,47,56,56,56,56,46,46,61,61,52,52,43,43,60,60,51,51,99,99,86,86,75,75,36,36,57,57,57,79,79,79,91,91,91,78,78,35,35,56,56,56,14,14,14,22,22,22,41,41,41,69,69,69,48,48,67,67,67,72,72,72,72,73,73,73,73,48,48,48,63,63,73,73,86,86,58,58,58,30,30,30,30,53,53,53,53,26,26,26,77,77,76,76,71,71,71,63,63,63,63,51,51,51,54,54,54,89,89,65,65,65,89,89,89,89,91,91,91,91,44,44,44,44,54,54,55,55,75,75,35,35,35,53,53,53,72,72,72,68,68,68,77,77,77,77,77,70,70,70,70,65,65,65,65,83,83,83,83,74,74,74,62,62,85,85,85,63,63,63,70,70,70,70,64,64,64,64,65,65,76,76,88,88,88,73,73,73,73,115,115,115,95,95,95,74,74,63,63,94,94,94,61,61,61,71,71,71,71,63,63,63,63,73,73,56,56,60,60,60,52,52,52,52,44,44,44,44,44,33,33,33,33,50,50,66,66,63,63,63,68,68,68,68,55,55,55,55,36,36,36,50,50,50,33,33,39,39,39,66,66,66,83,83,83,83,71,71,71,71,74,74,74,68,68,58,58,68,68,87,87,87,82,82,82,82,68,68,68,68,54,54,84,84,84,56,56,56,56,57,57,57,57,98,98,98,68,68,38,38,68,68,74,74,74,58,58,58,62,62,62,67,67,47,47,31,31,31,35,35,35,68,68,68,68,34,34,34,34,23,23,23,49,49,53,53,53,30,30,30,30,39,39,39,39,48,48,48,35,35,50,50,51,51,51,55,55,55,69,69,67,67,64,41,41,58,58,53,53,42,42,42,57,57,60,60,83,83,59,59,59,59,59,36,36,36,34,34,34,40,40,41,41,39,39,59,59,75,75,75,80,80,80,53,53,53,50,50,46,46,52,52,53,53,53,76,76,76,61,61,61,61,63,63,63,63,43,43,43,71,71,71,62,62,62,62,62,62,57,57,57,43,43,43,45,45,45,64,64,64,65,65,65,60,60,60,56,56,56
233,42.17600000000000193,66,-8,52,52,71,71,71,36,36,36,43,43,43,43,44,44,44,44,74,74,74,20,20,88,88,88,70,70,70,70,46,46,46,50,50,43,43,43,43,65,65,65,42,42,42,42,79,79,79,27,27,97,97,100,100,66,66,65,65,65,25,25,25,25,29,29,25,25,51,51,58,58,-19,-19,-19,44,44,61,61,36,36,33,33,87,87,87,36,36,36,18,18,18,38,38,-1,32,32,48,48,13,13,47,47,48,48,13,13,39,39,17,17,1,1,-4,-4,36,36,14,14,52,52,11,11,11,0,0,0,64,64,64,56,56,43,43,29,29,29,13,13,13,37,37,37,40,40,40,16,16,16,45,45,64,64,64,35,35,35,35,8,8,8,8,10,10,10,45,45,64,64,25,25,46,46,46,29,29,29,29,56,56,56,56,21,21,21,59,59,39,39,77,77,77,37,37,37,37,34,34,34,35,35,35,46,46,55,55,55,35,35,35,35,29,29,29,29,54,54,54,54,51,51,61,61,68,68,39,39,39,47,47,47,28,28,28,59,59,59,56,56,53,53,53,44,44,44,44,43,43,43,43,83,83,83,83,69,69,69,80,80,49,49,49,37,37,37,68,68,68,68,47,47,47,47,70,70,39,39,54,54,54,72,72,72,72,70,70,70,70,70,70,85,85,63,63,80,80,80,65,65,65,39,39,39,39,34,34,34,34,69,69,44,44,24,24,24,48,48,48,48,34,34,34,34,34,47,47,47,47,46,46,42,42,20,20,20,54,54,54,54,59,59,59,59,19,19,19,31,31,31,39,39,39,39,39,33,33,33,59,59,59,59,75,75,75,75,56,56,56,66,66,69,69,57,57,66,66,66,70,70,70,70,32,32,45,45,72,72,80,80,80,53,53,53,53,52,52,52,52,96,96,96,67,67,50,50,68,68,57,57,57,47,47,47,49,49,49,64,64,54,54,44,44,44,17,17,17,42,42,42,42,40,40,40,40,40,40,40,59,59,47,47,47,32,32,32,32,41,41,41,41,50,50,50,35,35,37,37,35,35,35,47,47,47,58,58,68,68,53,51,51,64,64,84,84,63,63,63,50,50,41,41,58,58,56,56,47,47,47,49,49,49,48,48,48,34,34,33,33,36,36,46,46,46,46,46,45,45,45,27,27,27,47,47,50,50,43,43,53,53,53,53,53,53,34,34,34,34,54,54,54,54,44,44,44,65,65,65,79,79,79,56,56,56,54,54,54,40,40,40,44,44,44,53,53,53,62,62,62,64,64,64,56,56,56
234,42.37600000000000477,40,6,26,26,18,18,18,-21,-21,-21,30,30,30,30,60,60,60,60,1,1,1,17,17,26,26,26,65,65,65,65,23,23,23,35,35,21,21,-28,-28,13,13,13,40,40,40,40,43,43,43,21,21,33,33,30,30,64,64,6,6,6,49,49,49,49,-4,-4,9,9,7,7,15,15,16,16,16,15,15,47,47,19,19,20,20,0,0,0,7,7,7,48,48,48,-5,-5,-8,-36,-36,-4,-4,3,3,7,7,39,39,-24,-24,-11,-11,-2,-2,3,3,7,7,43,43,37,37,13,13,8,8,8,-9,-9,-9,-2,-2,-2,15,15,31,31,-7,-7,-7,16,16,16,17,17,17,6,6,6,13,13,13,2,2,22,22,22,10,10,10,10,5,5,5,5,45,45,45,19,19,3,3,0,0,16,16,16,29,29,29,29,43,43,43,43,5,5,5,-9,-9,66,66,34,34,34,-20,-20,-20,-20,40,40,40,11,11,11,12,12,13,13,13,41,41,41,41,48,48,48,48,22,22,22,22,20,20,41,41,42,42,37,37,37,33,33,33,30,30,30,9,9,9,20,20,27,27,27,10,10,10,10,30,30,30,30,39,39,39,39,31,31,31,30,30,23,23,23,59,59,59,34,34,34,34,69,69,69,69,47,47,42,42,43,43,43,37,37,37,37,55,55,55,59,59,59,26,26,43,43,48,48,48,44,44,44,41,41,41,41,0,0,0,0,49,49,17,17,20,20,20,33,33,33,33,39,39,39,39,39,51,51,51,51,34,34,49,49,32,32,32,37,37,37,37,57,57,57,57,8,8,8,32,32,32,20,20,39,39,39,26,26,26,36,36,36,36,36,36,36,36,49,49,49,25,25,41,41,64,64,59,59,59,59,59,59,59,26,26,29,29,41,41,46,46,46,33,33,33,33,22,22,22,22,96,96,96,76,76,50,50,19,19,18,18,18,37,37,37,8,8,8,38,38,17,17,23,23,23,13,13,13,33,33,33,33,48,48,48,48,36,36,36,40,40,18,18,18,35,35,35,35,8,8,8,8,32,32,32,26,26,38,38,32,32,32,36,36,36,56,56,36,36,45,39,39,68,68,86,86,64,64,64,71,71,23,23,35,35,36,36,4,4,4,51,51,51,8,8,8,23,23,20,20,32,32,41,41,30,30,30,35,35,35,21,21,21,39,39,41,41,14,14,49,49,49,35,35,35,33,33,33,33,18,18,18,18,14,14,14,37,37,37,50,50,50,44,44,44,39,39,39,37,37,37,34,34,34,21,21,21,32,32,32,61,61,61,48,48,48
235,42.57600000000000051,37,10,8,8,22,22,22,22,22,22,18,18,18,18,40,40,40,40,39,39,39,15,15,1,1,1,51,51,51,51,-17,-17,-17,6,6,1,1,-11,-11,5,5,5,37,37,37,37,29,29,29,-3,-3,-4,-4,24,24,13,13,7,7,7,-11,-11,-11,-11,-8,-8,-1,-1,-45,-45,-22,-22,-18,-18,-18,14,14,23,23,-11,-11,-26,-26,22,22,22,-16,-16,-16,41,41,41,-12,-12,-13,-8,-8,-13,-13,-1,-1,5,5,-3,-3,-2,-2,-10,-10,-9,-9,61,61,-20,-20,0,0,46,46,27,27,14,14,14,-10,-10,-10,18,18,18,-23,-23,-10,-10,1,1,1,-3,-3,-3,31,31,31,22,22,22,-10,-10,-10,12,12,20,20,20,3,3,3,3,19,19,19,19,23,23,23,13,13,10,10,-3,-3,10,10,10,11,11,11,11,26,26,26,26,-7,-7,-7,-2,-2,10,10,7,7,7,41,41,41,41,57,57,57,7,7,7,-21,-21,39,39,39,20,20,20,20,21,21,21,21,45,45,45,45,28,28,30,30,29,29,46,46,46,13,13,13,22,22,22,9,9,9,9,9,4,4,4,26,26,26,26,25,25,25,25,2,2,2,2,22,22,22,0,0,4,4,4,14,14,14,18,18,18,18,15,15,15,15,30,30,17,17,27,27,27,17,17,17,17,11,11,11,24,24,24,28,28,26,26,14,14,14,33,33,33,22,22,22,22,26,26,26,26,51,51,19,19,24,24,24,29,29,29,29,35,35,35,35,35,32,32,32,32,59,59,30,30,4,4,4,32,32,32,32,46,46,46,46,-22,-22,-22,35,35,35,40,40,35,35,35,25,25,25,56,56,56,56,34,34,34,34,29,29,29,21,21,32,32,50,50,-49,-49,-49,35,35,35,35,16,16,18,18,32,32,32,32,32,28,28,28,28,17,17,17,17,39,39,39,59,59,30,30,27,27,7,7,7,21,21,21,4,4,4,31,31,38,38,14,14,14,38,38,38,33,33,33,33,26,26,26,26,12,12,12,17,17,9,9,9,41,41,41,41,11,11,11,11,31,31,31,6,6,19,19,35,35,35,35,35,35,22,22,23,23,31,46,46,48,48,30,30,35,35,35,26,26,39,39,35,35,33,33,16,16,16,44,44,44,19,19,19,15,15,-4,-4,0,0,22,22,28,28,28,18,18,18,20,20,20,0,0,28,28,21,21,20,20,20,28,28,28,18,18,18,18,44,44,44,44,25,25,25,31,31,31,24,24,24,21,21,21,32,32,32,39,39,39,16,16,16,18,18,18,32,32,32,33,33,33,59,59,59
236,42.77600000000000335,31,-13,-15,-15,34,34,34,36,36,36,49,49,49,49,20,20,20,20,7,7,7,5,5,30,30,30,-25,-25,-25,-25,-27,-27,-27,19,19,-12,-12,13,13,6,6,6,43,43,43,43,-7,-7,-7,5,5,-25,-25,14,14,15,15,14,14,14,0,0,0,0,14,14,-23,-23,-3,-3,61,61,17,17,17,-49,-49,14,14,32,32,8,8,-16,-16,-16,7,7,7,37,37,37,7,7,-17,-26,-26,-4,-4,21,21,4,4,14,14,7,7,6,6,6,6,27,27,-10,-10,-2,-2,24,24,31,31,24,24,24,35,35,35,8,8,8,-3,-3,24,24,36,36,36,49,49,49,24,24,24,63,63,63,9,9,9,2,2,23,23,23,30,30,30,30,58,58,58,58,55,55,55,30,30,-7,-7,-3,-3,14,14,14,49,49,49,49,77,77,77,77,29,29,29,-4,-4,19,19,7,7,7,15,15,15,15,43,43,43,42,42,42,12,12,1,1,1,-2,-2,-2,-2,44,44,44,44,24,24,24,24,26,26,12,12,23,23,12,12,12,22,22,22,16,16,16,11,11,11,10,10,24,24,24,21,21,21,21,32,32,32,32,41,41,41,41,17,17,17,6,6,-2,-2,-2,38,38,38,32,32,32,32,37,37,37,37,38,38,4,4,17,17,17,28,28,28,28,35,35,35,7,7,7,2,2,16,16,9,9,9,40,40,40,12,12,12,12,32,32,32,32,38,38,46,46,25,25,25,28,28,28,28,52,52,52,52,52,20,20,20,20,52,52,26,26,15,15,15,1,1,1,1,41,41,41,41,51,51,51,12,12,12,19,19,40,40,40,15,15,15,16,16,16,16,21,21,21,21,21,21,21,25,25,27,27,41,41,48,48,48,32,32,32,32,13,13,30,30,33,33,15,15,15,7,7,7,7,38,38,38,38,41,41,41,42,42,39,39,61,61,65,65,65,42,42,42,27,27,27,20,20,16,16,7,7,7,31,31,31,18,18,18,18,31,31,31,31,11,11,11,6,6,2,2,2,34,34,34,34,37,37,37,37,11,11,11,29,29,29,29,29,29,29,33,33,33,16,16,37,37,22,19,19,22,22,24,24,34,34,34,27,27,18,18,33,33,15,15,32,32,32,52,52,52,21,21,21,6,6,15,15,19,19,13,13,-2,-2,-2,17,17,17,21,21,21,24,24,25,25,35,35,32,32,32,32,32,32,34,34,34,34,33,33,33,33,31,31,31,29,29,29,15,15,15,53,53,53,24,24,24,53,53,53,11,11,11,23,23,23,43,43,43,60,60,60,57,57,57
237,42.97599999999999909,30,27,25,25,-12,-12,-12,13,13,13,-21,-21,-21,-21,-21,-21,-21,-21,-13,-13,-13,16,16,-26,-26,-26,44,44,44,44,-25,-25,-25,36,36,20,20,0,0,9,9,9,67,67,67,67,21,21,21,-16,-16,45,45,45,45,4,4,-6,-6,-6,11,11,11,11,13,13,32,32,-11,-11,42,42,10,10,10,46,46,-5,-5,6,6,12,12,22,22,22,10,10,10,17,17,17,1,1,17,-10,-10,-6,-6,-18,-18,-18,-18,24,24,7,7,45,45,12,12,-5,-5,-39,-39,0,0,28,28,26,26,20,20,20,-1,-1,-1,7,7,7,-9,-9,22,22,36,36,36,38,38,38,4,4,4,14,14,14,10,10,10,31,31,8,8,8,4,4,4,4,41,41,41,41,55,55,55,31,31,7,7,-5,-5,-3,-3,-3,35,35,35,35,28,28,28,28,33,33,33,1,1,28,28,26,26,26,31,31,31,31,10,10,10,30,30,30,-3,-3,30,30,30,3,3,3,3,7,7,7,7,53,53,53,53,16,16,33,33,4,4,12,12,12,20,20,20,23,23,23,35,35,35,35,35,5,5,5,9,9,9,9,30,30,30,30,20,20,20,20,7,7,7,26,26,14,14,14,38,38,38,3,3,3,3,22,22,22,22,43,43,27,27,9,9,9,1,1,1,1,28,28,28,24,24,24,-3,-3,23,23,-9,-9,-9,37,37,37,62,62,62,62,34,34,34,34,44,44,48,48,31,31,31,49,49,49,49,80,80,80,80,80,43,43,43,43,74,74,49,49,4,4,4,39,39,39,39,40,40,40,40,35,35,35,47,47,47,23,23,4,4,4,31,31,31,26,26,26,26,29,29,29,29,56,56,56,49,49,38,38,52,52,23,23,23,24,24,24,24,32,32,43,43,21,21,12,12,12,21,21,21,21,43,43,43,43,34,34,34,45,45,0,0,40,40,46,46,46,19,19,19,9,9,9,13,13,29,29,18,18,18,12,12,12,73,73,73,73,34,34,34,34,13,13,13,-4,-4,3,3,3,43,43,43,43,37,37,37,37,7,7,7,11,11,11,11,46,46,46,51,51,51,23,23,18,18,23,42,42,32,32,34,34,43,43,43,33,33,17,17,22,22,18,18,33,33,33,53,53,53,21,21,21,23,23,22,22,13,13,21,21,12,12,12,28,28,28,21,21,21,24,24,17,17,20,20,33,33,33,25,25,25,22,22,22,22,29,29,29,29,45,45,45,33,33,33,30,30,30,40,40,40,65,65,65,68,68,68,38,38,38,46,46,46,44,44,44,58,58,58,50,50,50
238,43.17600000000000193,34,-13,-2,-2,-18,-18,-18,15,15,15,2,2,2,2,-33,-33,-33,-33,-17,-17,-17,4,4,9,9,9,-60,-60,-60,-60,-43,-43,-43,-11,-11,16,16,38,38,16,16,16,35,35,35,35,16,16,16,34,34,-13,-13,7,7,-27,-27,-11,-11,-11,-20,-20,-20,-20,39,39,1,1,3,3,17,17,13,13,13,2,2,34,34,-26,-26,24,24,-49,-49,-49,2,2,2,13,13,13,37,37,-11,15,15,5,5,-8,-8,17,17,9,9,15,15,31,31,30,30,25,25,-11,-11,27,27,57,57,26,26,-1,-1,-1,28,28,28,52,52,52,25,25,25,25,39,39,39,7,7,7,10,10,10,17,17,17,40,40,40,16,16,15,15,15,19,19,19,19,54,54,54,54,1,1,1,14,14,1,1,-9,-9,4,4,4,35,35,35,35,41,41,41,41,15,15,15,35,35,10,10,18,18,18,15,15,15,15,22,22,22,7,7,7,42,42,25,25,25,8,8,8,8,17,17,17,17,28,28,28,28,47,47,27,27,9,9,18,18,18,20,20,20,14,14,14,25,25,25,21,21,39,39,39,-10,-10,-10,-10,24,24,24,24,12,12,12,12,24,24,24,12,12,26,26,26,35,35,35,27,27,27,27,33,33,33,33,9,9,12,12,17,17,17,14,14,14,14,53,53,53,19,19,19,6,6,54,54,31,31,31,47,47,47,48,48,48,48,32,32,32,32,42,42,40,40,18,18,18,42,42,42,42,50,50,50,50,50,23,23,23,23,48,48,35,35,-2,-2,-2,32,32,32,32,29,29,29,29,52,52,52,46,46,46,28,28,27,27,27,18,18,18,56,56,56,56,26,26,26,26,31,31,31,41,41,44,44,43,43,59,59,59,53,53,53,53,41,41,62,62,19,19,17,17,17,42,42,42,42,51,51,51,51,55,55,55,19,19,30,30,39,39,12,12,12,23,23,23,11,11,11,4,4,43,43,25,25,25,20,20,20,9,9,9,9,29,29,29,29,20,20,20,38,38,2,2,2,6,6,6,6,50,50,50,50,10,10,10,4,4,35,35,46,46,46,32,32,32,6,6,31,31,9,27,27,24,24,29,29,32,32,32,19,19,31,31,27,27,-7,-7,43,43,43,36,36,36,33,33,33,42,42,15,15,18,18,16,16,30,30,30,30,30,30,23,23,23,12,12,22,22,26,26,19,19,19,29,29,29,25,25,25,25,24,24,24,24,36,36,36,2,2,2,32,32,32,25,25,25,18,18,18,29,29,29,22,22,22,18,18,18,39,39,39,21,21,21,49,49,49
239,43.37600000000000477,-5,3,-5,-5,-31,-31,-31,-11,-11,-11,-52,-52,-52,-52,-31,-31,-31,-31,2,2,2,-19,-19,-7,-7,-7,2,2,2,2,-24,-24,-24,3,3,23,23,0,0,7,7,7,38,38,38,38,0,0,0,44,44,-18,-18,-12,-12,4,4,29,29,29,41,41,41,41,27,27,-18,-18,-27,-27,26,26,32,32,32,2,2,33,33,14,14,21,21,10,10,10,-10,-10,-10,13,13,13,17,17,40,10,10,8,8,4,4,26,26,-5,-5,26,26,38,38,42,42,-12,-12,12,12,-5,-5,1,1,-4,-4,13,13,13,28,28,28,35,35,35,33,33,41,41,31,31,31,26,26,26,18,18,18,-12,-12,-12,42,42,42,30,30,-31,-31,-31,34,34,34,34,1,1,1,1,19,19,19,12,12,33,33,6,6,3,3,3,29,29,29,29,27,27,27,27,13,13,13,24,24,11,11,-2,-2,-2,21,21,21,21,16,16,16,33,33,33,24,24,31,31,31,53,53,53,53,23,23,23,23,34,34,34,34,6,6,15,15,14,14,23,23,23,39,39,39,22,22,22,30,30,30,9,9,4,4,4,25,25,25,25,9,9,9,9,13,13,13,13,15,15,15,20,20,29,29,29,22,22,22,8,8,8,8,27,27,27,27,18,18,49,49,11,11,11,22,22,22,22,57,57,57,46,46,46,3,3,21,21,31,31,31,35,35,35,39,39,39,39,52,52,52,52,40,40,15,15,30,30,30,41,41,41,41,29,29,29,29,29,49,49,49,49,9,9,25,25,20,20,20,26,26,26,26,-7,-7,-7,-7,51,51,51,12,12,12,12,12,28,28,28,8,8,8,43,43,43,43,55,55,55,55,11,11,11,44,44,26,26,49,49,64,64,64,32,32,32,32,50,50,43,43,33,33,34,34,34,17,17,17,17,37,37,37,37,36,36,36,32,32,37,37,4,4,37,37,37,15,15,15,7,7,7,19,19,17,17,21,21,21,17,17,17,30,30,30,30,50,50,50,50,43,43,43,18,18,18,18,18,20,20,20,20,33,33,33,33,16,16,16,9,9,8,8,10,10,10,0,0,0,28,28,15,15,4,14,14,12,12,62,62,52,52,52,21,21,19,19,18,18,-17,-17,20,20,20,4,4,4,17,17,17,31,31,31,31,30,30,15,15,32,32,32,35,35,35,24,24,24,16,16,25,25,24,24,9,9,9,1,1,1,9,9,9,9,4,4,4,4,18,18,18,10,10,10,23,23,23,15,15,15,29,29,29,27,27,27,30,30,30,29,29,29,47,47,47,48,48,48,49,49,49
240,43.57600000000000051,-13,2,-16,-16,-1,-1,-1,19,19,19,-5,-5,-5,-5,-17,-17,-17,-17,-18,-18,-18,-29,-29,-27,-27,-27,23,23,23,23,7,7,7,-18,-18,-7,-7,25,25,-20,-20,-20,30,30,30,30,-1,-1,-1,-15,-15,-8,-8,-33,-33,-4,-4,40,40,40,6,6,6,6,21,21,-13,-13,-16,-16,0,0,63,63,63,-13,-13,4,4,-27,-27,-37,-37,8,8,8,57,57,57,18,18,18,8,8,7,55,55,1,1,16,16,-10,-10,23,23,4,4,25,25,49,49,18,18,2,2,25,25,-27,-27,2,2,23,23,23,11,11,11,28,28,28,22,22,5,5,4,4,4,27,27,27,-32,-32,-32,-20,-20,-20,3,3,3,19,19,-13,-13,-13,15,15,15,15,20,20,20,20,-19,-19,-19,-13,-13,4,4,56,56,28,28,28,-7,-7,-7,-7,-8,-8,-8,-8,7,7,7,35,35,9,9,45,45,45,-29,-29,-29,-29,-39,-39,-39,38,38,38,-2,-2,27,27,27,-3,-3,-3,-3,43,43,43,43,-5,-5,-5,-5,26,26,3,3,12,12,-21,-21,-21,-6,-6,-6,10,10,10,-5,-5,-5,-8,-8,3,3,3,20,20,20,20,11,11,11,11,15,15,15,15,30,30,30,-16,-16,0,0,0,14,14,14,9,9,9,9,27,27,27,27,-4,-4,-7,-7,3,3,3,-8,-8,-8,-8,41,41,41,34,34,34,-2,-2,11,11,7,7,7,-33,-33,-33,30,30,30,30,42,42,42,42,-12,-12,-15,-15,13,13,13,26,26,26,26,34,34,34,34,34,37,37,37,37,-2,-2,12,12,-8,-8,-8,29,29,29,29,14,14,14,14,29,29,29,20,20,20,8,8,46,46,46,30,30,30,23,23,23,23,67,67,67,67,32,32,32,20,20,23,23,19,19,36,36,36,34,34,34,34,7,7,18,18,48,48,15,15,15,17,17,17,17,64,64,64,64,25,25,25,67,67,12,12,7,7,9,9,9,4,4,4,4,4,4,14,14,5,5,20,20,20,25,25,25,10,10,10,10,37,37,37,37,-1,-1,-1,4,4,12,12,12,-7,-7,-7,-7,10,10,10,10,-4,-4,-4,-3,-3,20,20,27,27,27,18,18,18,-8,-8,8,8,16,12,12,15,15,13,13,17,17,17,4,4,-7,-7,6,6,-7,-7,8,8,8,22,22,22,35,35,35,18,18,12,12,16,16,28,28,9,9,9,20,20,20,19,19,19,6,6,26,26,3,3,-1,-1,-1,18,18,18,14,14,14,14,14,14,14,14,11,11,11,-2,-2,-2,2,2,2,22,22,22,31,31,31,14,14,14,17,17,17,25,25,25,41,41,41,41,41,41,48,48,48
241,43.77600000000000335,-8,41,12,12,28,28,28,9,9,9,19,19,19,19,12,12,12,12,-5,-5,-5,16,16,-11,-11,-11,50,50,50,50,20,20,20,16,16,5,5,17,17,10,10,10,-12,-12,-12,-12,15,15,15,11,11,14,14,23,23,-27,-27,41,41,41,47,47,47,47,27,27,28,28,5,5,45,45,31,31,31,2,2,25,25,17,17,0,0,10,10,10,65,65,65,38,38,38,-1,-1,18,37,37,-7,-7,30,30,-17,-17,10,10,30,30,-6,-6,-14,-14,-15,-15,11,11,17,17,18,18,30,30,-16,-16,-16,35,35,35,22,22,22,2,2,7,7,16,16,16,8,8,8,-33,-33,-33,6,6,6,35,35,35,10,10,45,45,45,38,38,38,38,11,11,11,11,20,20,20,40,40,17,17,24,24,20,20,20,2,2,2,2,-1,-1,-1,-1,-2,-2,-2,29,29,11,11,26,26,26,32,32,32,32,11,11,11,34,34,34,7,7,11,11,11,24,24,24,24,13,13,13,13,14,14,14,14,36,36,-5,-5,1,1,8,8,8,36,36,36,4,4,4,20,20,20,4,4,6,6,6,14,14,14,14,-1,-1,-1,-1,26,26,26,26,42,42,42,-2,-2,2,2,2,-6,-6,-6,11,11,11,11,24,24,24,24,9,9,25,25,8,8,8,18,18,18,18,43,43,43,40,40,40,26,26,-1,-1,-1,-1,-1,19,19,19,10,10,10,10,-10,-10,-10,-10,7,7,-33,-33,20,20,20,0,0,0,0,25,25,25,25,25,18,18,18,18,7,7,-13,-13,-25,-25,-25,39,39,39,39,24,24,24,24,38,38,38,16,16,16,11,11,7,7,7,21,21,21,30,30,30,30,39,39,39,39,23,23,23,13,13,14,14,36,36,40,40,40,12,12,12,12,5,5,18,18,41,41,22,22,22,10,10,10,10,37,37,37,37,57,57,57,-35,-35,3,3,21,21,40,40,40,24,24,24,14,14,14,-20,-20,-12,-12,18,18,18,26,26,26,31,31,31,31,-24,-24,-24,-24,-4,-4,-4,19,19,8,8,8,3,3,3,3,-3,-3,-3,-3,-9,-9,-9,12,12,6,6,23,23,23,4,4,4,24,24,5,5,16,12,12,-2,-2,39,39,16,16,16,50,50,-7,-7,0,0,-13,-13,-11,-11,-11,3,3,3,6,6,6,-10,-10,-9,-9,7,7,20,20,7,7,7,13,13,13,14,14,14,-9,-9,5,5,-1,-1,1,1,1,-49,-49,-49,12,12,12,12,7,7,7,7,-7,-7,-7,-3,-3,-3,-5,-5,-5,9,9,9,1,1,1,26,26,26,10,10,10,27,27,27,30,30,30,47,47,47,55,55,55
242,43.97599999999999909,63,50,24,24,20,20,20,8,8,8,41,41,41,41,8,8,8,8,8,8,8,41,41,62,62,62,49,49,49,49,20,20,20,41,41,29,29,17,17,46,46,46,63,63,63,63,21,21,21,2,2,18,18,37,37,51,51,45,45,45,70,70,70,70,27,27,71,71,75,75,13,13,59,59,59,1,1,28,28,33,33,55,55,69,69,69,22,22,22,59,59,59,32,32,12,19,19,47,47,38,38,14,14,17,17,17,17,15,15,-10,-10,13,13,41,41,30,30,32,32,26,26,35,35,35,40,40,40,39,39,39,36,36,59,59,27,27,27,10,10,10,20,20,20,30,30,30,20,20,20,36,36,-12,-12,-12,6,6,6,6,50,50,50,50,60,60,60,34,34,30,30,17,17,26,26,26,1,1,1,1,-13,-13,-13,-13,30,30,30,33,33,41,41,46,46,46,3,3,3,3,69,69,69,-3,-3,-3,26,26,45,45,45,57,57,57,57,29,29,29,29,49,49,49,49,29,29,15,15,28,28,33,33,33,26,26,26,33,33,33,40,40,40,32,32,29,29,29,41,41,41,41,38,38,38,38,43,43,43,43,64,64,64,42,42,60,60,60,26,26,26,21,21,21,21,35,35,35,35,41,41,97,97,65,65,65,47,47,47,47,39,39,39,60,60,60,79,79,57,57,56,56,56,30,30,30,35,35,35,35,45,45,45,45,17,17,34,34,56,56,56,47,47,47,47,1,1,1,1,1,22,22,22,22,30,30,32,32,18,18,18,31,31,31,31,35,35,35,35,17,17,17,28,28,28,45,45,10,10,10,32,32,32,43,43,43,43,46,46,46,46,37,37,37,48,48,16,16,17,17,36,36,36,12,12,12,12,25,25,61,61,27,27,28,28,28,24,24,24,24,24,24,24,24,25,25,25,77,77,25,25,1,1,13,13,13,16,16,16,31,31,31,30,30,23,23,36,36,36,34,34,34,26,26,26,26,-4,-4,-4,-4,16,16,16,20,20,28,28,28,8,8,8,8,3,3,3,3,4,4,4,24,24,30,30,7,7,7,26,26,26,19,19,15,15,19,9,9,22,22,42,42,22,22,22,13,13,8,8,19,19,33,33,12,12,12,14,14,14,8,8,8,10,10,10,10,19,19,15,15,23,23,23,19,19,19,21,21,21,29,29,17,17,19,19,8,8,8,7,7,7,-18,-18,-18,-18,7,7,7,7,12,12,12,28,28,28,3,3,3,-11,-11,-11,25,25,25,7,7,7,12,12,12,9,9,9,32,32,32,42,42,42,48,48,48
243,44.17600000000000193,43,47,48,48,40,40,40,2,2,2,44,44,44,44,18,18,18,18,69,69,69,76,76,37,37,37,24,24,24,24,35,35,35,36,36,79,79,19,19,60,60,60,42,42,42,42,-3,-3,-3,13,13,45,45,55,55,35,35,27,27,27,11,11,11,11,34,34,56,56,55,55,-15,-15,8,8,8,73,73,22,22,39,39,54,54,62,62,62,13,13,13,60,60,60,14,14,12,32,32,35,35,2,2,44,44,13,13,32,32,13,13,26,26,75,75,50,50,56,56,58,58,14,14,11,11,11,42,42,42,4,4,4,42,42,43,43,16,16,16,0,0,0,10,10,10,50,50,50,19,19,19,49,49,19,19,19,10,10,10,10,0,0,0,0,38,38,38,46,46,37,37,28,28,59,59,59,20,20,20,20,-3,-3,-3,-3,10,10,10,46,46,37,37,24,24,24,20,20,20,20,22,22,22,13,13,13,30,30,59,59,59,30,30,30,30,22,22,22,22,52,52,52,52,6,6,34,34,70,70,30,30,30,61,61,61,45,45,45,72,72,72,65,65,51,51,51,49,49,49,49,24,24,24,24,61,61,61,61,95,95,95,76,76,53,53,53,26,26,26,49,49,49,49,46,46,46,46,65,65,46,46,63,63,63,30,30,30,30,41,41,41,72,72,72,68,68,70,70,48,48,48,52,52,52,27,27,27,27,22,22,22,22,43,43,43,43,49,49,49,36,36,36,36,-5,-5,-5,-5,-5,15,15,15,15,13,13,36,36,38,38,38,47,47,47,47,21,21,21,21,14,14,14,45,45,45,62,62,36,36,36,27,27,27,40,40,40,40,30,30,30,30,34,34,34,43,43,15,15,23,23,38,38,38,24,24,24,24,42,42,57,57,33,33,31,31,31,57,57,57,57,18,18,18,18,72,72,72,24,24,41,41,50,50,23,23,23,6,6,6,6,6,6,59,59,28,28,12,12,12,11,11,11,-19,-19,-19,-19,22,22,22,22,23,23,23,28,28,35,35,35,6,6,6,6,18,18,18,18,14,14,14,9,9,33,33,12,12,12,26,26,26,17,17,38,38,24,29,29,16,16,20,20,18,18,18,13,13,34,34,32,32,29,29,-12,-12,-12,4,4,4,2,2,2,13,13,26,26,2,2,13,13,20,20,20,-5,-5,-5,26,26,26,8,8,22,22,18,18,9,9,9,21,21,21,14,14,14,14,5,5,5,5,5,5,5,31,31,31,21,21,21,12,12,12,30,30,30,35,35,35,6,6,6,30,30,30,37,37,37,31,31,31,33,33,33
244,44.37600000000000477,38,39,28,28,55,55,55,40,40,40,75,75,75,75,29,29,29,29,-5,-5,-5,78,78,-21,-21,-21,-24,-24,-24,-24,23,23,23,31,31,42,42,-10,-10,40,40,40,27,27,27,27,24,24,24,42,42,71,71,113,113,71,71,38,38,38,12,12,12,12,33,33,26,26,51,51,-1,-1,-29,-29,-29,-14,-14,44,44,20,20,42,42,40,40,40,0,0,0,30,30,30,4,4,18,26,26,-6,-6,14,14,4,4,21,21,12,12,1,1,15,15,4,4,38,38,24,24,4,4,20,20,18,18,18,24,24,24,-2,-2,-2,-8,-8,21,21,21,21,21,-10,-10,-10,5,5,5,14,14,14,14,14,14,30,30,28,28,28,-4,-4,-4,-4,8,8,8,8,4,4,4,40,40,7,7,29,29,13,13,13,2,2,2,2,12,12,12,12,-11,-11,-11,7,7,42,42,29,29,29,12,12,12,12,37,37,37,16,16,16,18,18,45,45,45,5,5,5,5,5,5,5,5,19,19,19,19,6,6,34,34,51,51,48,48,48,35,35,35,29,29,29,37,37,37,25,25,27,27,27,20,20,20,20,14,14,14,14,48,48,48,48,54,54,54,66,66,54,54,54,17,17,17,20,20,20,20,40,40,40,40,55,55,29,29,33,33,33,20,20,20,20,43,43,43,25,25,25,62,62,59,59,39,39,39,34,34,34,17,17,17,17,39,39,39,39,58,58,42,42,40,40,40,19,19,19,19,2,2,2,2,2,38,38,38,38,10,10,29,29,31,31,31,10,10,10,10,20,20,20,20,2,2,2,18,18,18,37,37,26,26,26,22,22,22,11,11,11,11,11,11,11,11,28,28,28,49,49,37,37,51,51,24,24,24,1,1,1,1,6,6,41,41,46,46,37,37,37,25,25,25,25,11,11,11,11,44,44,44,46,46,18,18,26,26,27,27,27,15,15,15,21,21,21,26,26,20,20,28,28,28,16,16,16,32,32,32,32,-7,-7,-7,-7,36,36,36,49,49,49,49,49,-20,-20,-20,-20,18,18,18,18,5,5,5,30,30,34,34,3,3,3,7,7,7,29,29,44,44,42,35,35,30,30,33,33,32,32,32,17,17,14,14,46,46,38,38,18,18,18,18,18,18,-3,-3,-3,6,6,2,2,24,24,23,23,-2,-2,-2,1,1,1,-3,-3,-3,9,9,12,12,49,49,16,16,16,30,30,30,18,18,18,18,17,17,17,17,21,21,21,20,20,20,35,35,35,6,6,6,23,23,23,40,40,40,12,12,12,34,34,34,21,21,21,45,45,45,30,30,30
245,44.57600000000000051,65,38,39,39,5,5,5,36,36,36,32,32,32,32,25,25,25,25,46,46,46,-3,-3,27,27,27,13,13,13,13,29,29,29,4,4,-18,-18,-28,-28,13,13,13,-32,-32,-32,-32,17,17,17,60,60,42,42,4,4,19,19,-5,-5,-5,7,7,7,7,4,4,23,23,17,17,1,1,14,14,14,-33,-33,30,30,20,20,12,12,16,16,16,-14,-14,-14,-24,-24,-24,11,11,5,24,24,18,18,6,6,18,18,-21,-21,12,12,24,24,11,11,32,32,11,11,31,31,39,39,-31,-31,-3,-3,-3,14,14,14,9,9,9,-30,-30,-13,-13,5,5,5,4,4,4,-11,-11,-11,-4,-4,-4,-21,-21,-21,13,13,26,26,26,3,3,3,3,29,29,29,29,-4,-4,-4,32,32,27,27,29,29,-5,-5,-5,-6,-6,-6,-6,5,5,5,5,1,1,1,-17,-17,25,25,18,18,18,33,33,33,33,34,34,34,4,4,4,-17,-17,25,25,25,2,2,2,2,4,4,4,4,13,13,13,13,-13,-13,47,47,17,17,5,5,5,-9,-9,-9,13,13,13,17,17,17,12,12,7,7,7,12,12,12,12,-13,-13,-13,-13,12,12,12,12,52,52,52,19,19,0,0,0,-29,-29,-29,8,8,8,8,7,7,7,7,16,16,26,26,19,19,19,-7,-7,-7,-7,10,10,10,7,7,7,14,14,-13,-13,16,16,16,-12,-12,-12,-5,-5,-5,-5,33,33,33,33,-3,-3,20,20,25,25,25,20,20,20,20,-33,-33,-33,-33,-33,7,7,7,7,14,14,24,24,10,10,10,41,41,41,41,23,23,23,23,10,10,10,-4,-4,-4,13,13,-10,-10,-10,-10,-10,-10,-8,-8,-8,-8,-2,-2,-2,-2,27,27,27,10,10,16,16,7,7,12,12,12,15,15,15,15,28,28,6,6,6,6,13,13,13,1,1,1,1,-5,-5,-5,-5,29,29,29,69,69,10,10,4,4,-10,-10,-10,-9,-9,-9,41,41,41,9,9,6,6,-9,-9,-9,-2,-2,-2,-12,-12,-12,-12,25,25,25,25,23,23,23,7,7,19,19,19,2,2,2,2,-10,-10,-10,-10,47,47,47,19,19,19,19,-3,-3,-3,-24,-24,-24,-9,-9,23,23,25,41,41,7,7,36,36,21,21,21,25,25,24,24,29,29,20,20,20,20,20,-4,-4,-4,-29,-29,-29,17,17,-7,-7,7,7,-6,-6,3,3,3,-8,-8,-8,-15,-15,-15,3,3,13,13,-4,-4,19,19,19,38,38,38,7,7,7,7,34,34,34,34,19,19,19,8,8,8,27,27,27,27,27,27,11,11,11,6,6,6,-11,-11,-11,17,17,17,10,10,10,24,24,24,22,22,22
246,44.77600000000000335,68,43,43,43,30,30,30,31,31,31,33,33,33,33,59,59,59,59,22,22,22,46,46,39,39,39,12,12,12,12,40,40,40,8,8,-3,-3,-2,-2,0,0,0,11,11,11,11,-44,-44,-44,21,21,29,29,21,21,9,9,14,14,14,11,11,11,11,-3,-3,9,9,-1,-1,3,3,18,18,18,1,1,30,30,33,33,4,4,18,18,18,19,19,19,-2,-2,-2,-3,-3,20,-3,-3,1,1,-3,-3,-16,-16,-10,-10,-33,-33,14,14,-10,-10,11,11,28,28,55,55,-18,-18,-7,-7,-2,-2,-2,4,4,4,-20,-20,-20,2,2,-11,-11,-26,-26,-26,-6,-6,-6,8,8,8,1,1,1,-15,-15,-15,-36,-36,13,13,13,-10,-10,-10,-10,51,51,51,51,-21,-21,-21,26,26,21,21,-7,-7,10,10,10,8,8,8,8,33,33,33,33,5,5,5,-5,-5,6,6,5,5,5,20,20,20,20,30,30,30,-5,-5,-5,9,9,0,0,0,15,15,15,15,19,19,19,19,24,24,24,24,-5,-5,9,9,6,6,-7,-7,-7,-16,-16,-16,9,9,9,-12,-12,-12,9,9,-2,-2,-2,3,3,3,3,-15,-15,-15,-15,26,26,26,26,2,2,2,-10,-10,-19,-19,-19,-21,-21,-21,-20,-20,-20,-20,1,1,1,1,7,7,-33,-33,14,14,14,-17,-17,-17,-17,-20,-20,-20,-5,-5,-5,-2,-2,-17,-17,13,13,13,-16,-16,-16,-2,-2,-2,-2,9,9,9,9,-7,-7,8,8,9,9,9,-5,-5,-5,-5,-52,-52,-52,-52,-52,-6,-6,-6,-6,12,12,-5,-5,-10,-10,-10,-6,-6,-6,-6,-7,-7,-7,-7,0,0,0,12,12,12,-1,-1,17,17,17,-6,-6,-6,-9,-9,-9,-9,-5,-5,-5,-5,-6,-6,-6,9,9,4,4,1,1,2,2,2,8,8,8,8,1,1,-8,-8,-18,-18,-14,-14,-14,-8,-8,-8,-8,8,8,8,8,13,13,13,34,34,-8,-8,-9,-9,-4,-4,-4,11,11,11,-36,-36,-36,3,3,-8,-8,-15,-15,-15,-1,-1,-1,-26,-26,-26,-26,-10,-10,-10,-10,-2,-2,-2,12,12,12,12,12,8,8,8,8,10,10,10,10,11,11,11,-2,-2,-18,-18,-5,-5,-5,7,7,7,18,18,0,0,-6,36,36,33,33,11,11,17,17,17,20,20,19,19,8,8,17,17,-23,-23,-23,17,17,17,-13,-13,-13,-7,-7,-17,-17,-24,-24,-14,-14,-9,-9,-9,-10,-10,-10,4,4,4,-5,-5,-10,-10,-2,-2,5,5,5,6,6,6,-13,-13,-13,-13,15,15,15,15,12,12,12,18,18,18,1,1,1,-2,-2,-2,7,7,7,-8,-8,-8,5,5,5,2,2,2,6,6,6,34,34,34,18,18,18
247,44.97599999999999909,48,5,11,11,9,9,9,27,27,27,37,37,37,37,3,3,3,3,40,40,40,16,16,-2,-2,-2,10,10,10,10,-5,-5,-5,26,26,1,1,18,18,0,0,0,35,35,35,35,-2,-2,-2,-25,-25,32,32,25,25,-16,-16,-17,-17,-17,-15,-15,-15,-15,-20,-20,18,18,-19,-19,-17,-17,3,3,3,-14,-14,-51,-51,58,58,20,20,6,6,6,-30,-30,-30,-1,-1,-1,25,25,-11,-13,-13,4,4,19,19,-6,-6,56,56,16,16,15,15,10,10,18,18,33,33,19,19,19,19,-35,-35,16,16,16,15,15,15,21,21,21,8,8,8,8,-14,-14,-14,29,29,29,9,9,9,31,31,31,5,5,5,-5,-5,-12,-12,-12,20,20,20,20,25,25,25,25,9,9,9,16,16,-13,-13,-1,-1,4,4,4,4,4,4,4,38,38,38,38,2,2,2,24,24,7,7,15,15,15,12,12,12,12,34,34,34,43,43,43,-9,-9,-19,-19,-19,-7,-7,-7,-7,45,45,45,45,16,16,16,16,-15,-15,27,27,29,29,-2,-2,-2,5,5,5,7,7,7,4,4,4,12,12,-2,-2,-2,-2,-2,-2,-2,-11,-11,-11,-11,-9,-9,-9,-9,30,30,30,11,11,-14,-14,-14,15,15,15,17,17,17,17,-23,-23,-23,-23,-13,-13,4,4,9,9,9,-1,-1,-1,-1,-17,-17,-17,2,2,2,-6,-6,17,17,5,5,5,5,5,5,28,28,28,28,27,27,27,27,41,41,-3,-3,0,0,0,6,6,6,6,-11,-11,-11,-11,-11,3,3,3,3,11,11,-3,-3,11,11,11,22,22,22,22,6,6,6,6,5,5,5,5,5,5,-16,-16,15,15,15,8,8,8,-22,-22,-22,-22,3,3,3,3,-11,-11,-11,-12,-12,12,12,20,20,23,23,23,-10,-10,-10,-10,-8,-8,-1,-1,-34,-34,-25,-25,-25,17,17,17,17,-19,-19,-19,-19,26,26,26,35,35,-7,-7,-37,-37,-11,-11,-11,-7,-7,-7,1,1,1,-24,-24,0,0,-2,-2,-2,2,2,2,-24,-24,-24,-24,18,18,18,18,2,2,2,-3,-3,9,9,9,3,3,3,3,-3,-3,-3,-3,2,2,2,-19,-19,0,0,11,11,11,-7,-7,-7,21,21,18,18,11,2,2,18,18,11,11,17,17,17,29,29,34,34,17,17,-8,-8,-17,-17,-17,10,10,10,1,1,1,-6,-6,1,1,-9,-9,-29,-29,7,7,7,7,7,7,0,0,0,-3,-3,10,10,-4,-4,13,13,13,25,25,25,18,18,18,18,-18,-18,-18,-18,8,8,8,3,3,3,-3,-3,-3,-14,-14,-14,-5,-5,-5,-6,-6,-6,-7,-7,-7,-9,-9,-9,1,1,1,13,13,13,-4,-4,-4
248,45.17600000000000193,27,47,33,33,84,84,84,45,45,45,72,72,72,72,28,28,28,28,24,24,24,35,35,7,7,7,62,62,62,62,-14,-14,-14,10,10,14,14,28,28,16,16,16,-14,-14,-14,-14,21,21,21,24,24,14,14,35,35,18,18,12,12,12,-3,-3,-3,-3,11,11,34,34,-9,-9,22,22,1,1,1,23,23,35,35,46,46,35,35,21,21,21,-16,-16,-16,10,10,10,8,8,12,4,4,-12,-12,-9,-9,-10,-10,38,38,27,27,34,34,19,19,3,3,-2,-2,36,36,15,15,13,13,25,25,25,11,11,11,23,23,23,35,35,13,13,7,7,7,34,34,34,27,27,27,20,20,20,29,29,29,-2,-2,33,33,33,20,20,20,20,20,20,20,20,25,25,25,44,44,-2,-2,21,21,6,6,6,44,44,44,44,66,66,66,66,25,25,25,36,36,34,34,35,35,35,23,23,23,23,24,24,24,40,40,40,16,16,1,1,1,55,55,55,55,59,59,59,59,44,44,44,44,-8,-8,3,3,29,29,2,2,2,-17,-17,-17,17,17,17,32,32,32,16,16,1,1,1,20,20,20,20,31,31,31,31,31,31,31,31,34,34,34,10,10,11,11,11,65,65,65,13,13,13,13,28,28,28,28,28,28,29,29,11,11,11,-1,-1,-1,-1,8,8,8,10,10,10,-9,-9,15,15,37,37,37,33,33,33,65,65,65,65,52,52,52,52,21,21,34,34,7,7,7,19,19,19,19,18,18,18,18,18,14,14,14,14,16,16,15,15,-2,-2,-2,37,37,37,37,-13,-13,-13,-13,1,1,1,17,17,17,16,16,17,17,17,31,31,31,-1,-1,-1,-1,-3,-3,-3,-3,19,19,19,32,32,29,29,21,21,-8,-8,-8,42,42,42,42,42,42,14,14,16,16,19,19,19,18,18,18,18,16,16,16,16,36,36,36,-1,-1,8,8,14,14,18,18,18,-9,-9,-9,26,26,26,30,30,28,28,9,9,9,15,15,15,20,20,20,20,32,32,32,32,34,34,34,7,7,24,24,24,42,42,42,42,6,6,6,6,19,19,19,11,11,24,24,31,31,31,28,28,28,25,25,33,33,32,33,33,37,37,14,14,11,11,11,20,20,40,40,24,24,-1,-1,8,8,8,8,8,8,17,17,17,15,15,3,3,18,18,-3,-3,6,6,6,5,5,5,1,1,1,17,17,2,2,7,7,13,13,13,6,6,6,4,4,4,4,-10,-10,-10,-10,26,26,26,19,19,19,23,23,23,8,8,8,-7,-7,-7,-7,-7,-7,12,12,12,11,11,11,22,22,22,15,15,15,8,8,8
249,45.37600000000000477,29,-3,7,7,53,53,53,38,38,38,37,37,37,37,25,25,25,25,40,40,40,25,25,0,0,0,-32,-32,-32,-32,44,44,44,13,13,30,30,10,10,14,14,14,26,26,26,26,80,80,80,-44,-44,35,35,4,4,10,10,8,8,8,27,27,27,27,37,37,5,5,36,36,-18,-18,-14,-14,-14,71,71,47,47,38,38,26,26,2,2,2,42,42,42,23,23,23,9,9,38,29,29,20,20,26,26,9,9,-12,-12,51,51,0,0,42,42,27,27,37,37,22,22,13,13,19,19,-7,-7,-7,42,42,42,36,36,36,43,43,18,18,23,23,23,33,33,33,35,35,35,35,35,35,24,24,24,15,15,7,7,7,28,28,28,28,34,34,34,34,35,35,35,53,53,52,52,14,14,19,19,19,2,2,2,2,61,61,61,61,9,9,9,7,7,11,11,13,13,13,23,23,23,23,32,32,32,28,28,28,51,51,33,33,33,33,33,33,33,29,29,29,29,66,66,66,66,21,21,41,41,22,22,32,32,32,25,25,25,48,48,48,13,13,13,55,55,27,27,27,37,37,37,37,21,21,21,21,29,29,29,29,52,52,52,42,42,31,31,31,55,55,55,23,23,23,23,56,56,56,56,52,52,29,29,43,43,43,21,21,21,21,30,30,30,23,23,23,5,5,27,27,45,45,45,27,27,27,53,53,53,53,51,51,51,51,57,57,64,64,39,39,39,22,22,22,22,49,49,49,49,49,26,26,26,26,27,27,55,55,19,19,19,41,41,41,41,-3,-3,-3,-3,13,13,13,37,37,37,40,40,21,21,21,43,43,43,33,33,33,33,25,25,25,25,26,26,26,47,47,55,55,52,52,54,54,54,39,39,39,39,24,24,35,35,33,33,35,35,35,39,39,39,39,59,59,59,59,48,48,48,50,50,29,29,43,43,33,33,33,26,26,26,55,55,55,30,30,24,24,37,37,37,20,20,20,14,14,14,14,19,19,19,19,43,43,43,35,35,24,24,24,32,32,32,32,21,21,21,21,17,17,17,42,42,21,21,53,53,53,36,36,36,30,30,31,31,58,27,27,29,29,21,21,44,44,44,40,40,25,25,51,51,29,29,34,34,34,38,38,38,43,43,43,32,32,42,42,21,21,15,15,24,24,24,23,23,23,32,32,32,24,24,32,32,33,33,39,39,39,32,32,32,9,9,9,9,12,12,12,12,38,38,38,22,22,22,42,42,42,47,47,47,30,30,30,26,26,26,9,9,9,17,17,17,51,51,51,-1,-1,-1,4,4,4
250,45.57600000000000051,-12,-7,40,40,30,30,30,10,10,10,10,10,10,10,41,41,41,41,-2,-2,-2,32,32,23,23,23,-1,-1,-1,-1,28,28,28,49,49,2,2,-3,-3,5,5,5,43,43,43,43,49,49,49,18,18,45,45,-33,-33,30,30,3,3,3,29,29,29,29,36,36,29,29,13,13,33,33,18,18,18,13,13,2,2,6,6,5,5,-21,-21,-21,45,45,45,27,27,27,-13,-13,29,34,34,36,36,-25,-25,-10,-10,-27,-27,40,40,-16,-16,38,38,27,27,60,60,19,19,36,36,43,43,2,2,2,15,15,15,30,30,30,45,45,35,35,10,10,10,31,31,31,14,14,14,35,35,35,29,29,29,13,13,0,0,0,26,26,26,26,15,15,15,15,26,26,26,29,29,19,19,16,16,32,32,32,39,39,39,39,56,56,56,56,17,17,17,39,39,42,42,46,46,46,49,49,49,49,2,2,2,26,26,26,29,29,29,29,29,19,19,19,19,38,38,38,38,-4,-4,-4,-4,47,47,34,34,30,30,63,63,63,39,39,39,8,8,8,30,30,30,39,39,23,23,23,55,55,55,55,30,30,30,30,31,31,31,31,15,15,15,18,18,30,30,30,33,33,33,38,38,38,38,31,31,31,31,67,67,64,64,41,41,41,37,37,37,37,43,43,43,12,12,12,6,6,35,35,50,50,50,34,34,34,39,39,39,39,47,47,47,47,57,57,80,80,36,36,36,38,38,38,38,69,69,69,69,69,8,8,8,8,26,26,48,48,36,36,36,75,75,75,75,40,40,40,40,54,54,54,49,49,49,50,50,26,26,26,52,52,52,19,19,19,19,35,35,35,35,29,29,29,54,54,54,54,74,74,33,33,33,60,60,60,60,40,40,47,47,51,51,32,32,32,49,49,49,49,25,25,25,25,32,32,32,51,51,21,21,43,43,77,77,77,44,44,44,33,33,33,47,47,47,47,22,22,22,38,38,38,21,21,21,21,53,53,53,53,18,18,18,33,33,29,29,29,30,30,30,30,25,25,25,25,10,10,10,14,14,26,26,46,46,46,38,38,38,28,28,44,44,36,43,43,36,36,34,34,52,52,52,36,36,61,61,34,34,38,38,32,32,32,38,38,38,32,32,32,37,37,37,37,20,20,36,36,29,29,29,33,33,33,33,33,33,33,33,35,35,30,30,28,28,28,18,18,18,30,30,30,30,29,29,29,29,31,31,31,43,43,43,38,38,38,52,52,52,28,28,28,55,55,55,34,34,34,23,23,23,59,59,59,5,5,5,3,3,3
